period,provider_code,provider_name,specialty_code,specialty_name,total_waiting,waiting_0_18w,waiting_18_52w,waiting_52w_plus,pct_within_18w,pct_over_52w
Feb-2025,RYW,BIRMINGHAM COMMUNITY HEALTHCARE NHS FOUNDATION TRUST,C_140,Oral Surgery Service,6258.0,3590.0,2657.0,11.0,57.37,0.18
Feb-2025,RYW,BIRMINGHAM COMMUNITY HEALTHCARE NHS FOUNDATION TRUST,X05,Other - Surgical Services,5587.0,3617.0,1942.0,28.0,64.74,0.5
Feb-2025,ACG24,NEWMEDICA - TEESSIDE - NORTH ORMESBY,C_999,Total,863.0,859.0,4.0,0.0,99.54,0.0
Feb-2025,NT457,WOODLANDS HOSPITAL,C_130,Ophthalmology Service,360.0,299.0,60.0,1.0,83.06,0.28
Feb-2025,R0B,SOUTH TYNESIDE AND SUNDERLAND NHS FOUNDATION TRUST,C_340,Respiratory Medicine Service,2516.0,1996.0,520.0,0.0,79.33,0.0
Feb-2025,R0B,SOUTH TYNESIDE AND SUNDERLAND NHS FOUNDATION TRUST,C_120,Ear Nose and Throat Service,4809.0,3880.0,929.0,0.0,80.68,0.0
Feb-2025,NVC18,SPRINGFIELD HOSPITAL,C_110,Trauma and Orthopaedic Service,1693.0,1245.0,376.0,72.0,73.54,4.25
Feb-2025,RAJ,MID AND SOUTH ESSEX NHS FOUNDATION TRUST,C_320,Cardiology Service,10388.0,6717.0,3630.0,41.0,64.66,0.39
Feb-2025,NT434,SAXON CLINIC,C_999,Total,677.0,428.0,227.0,22.0,63.22,3.25
Feb-2025,RC9,BEDFORDSHIRE HOSPITALS NHS FOUNDATION TRUST,C_120,Ear Nose and Throat Service,7904.0,3897.0,3696.0,311.0,49.3,3.93
Feb-2025,RC9,BEDFORDSHIRE HOSPITALS NHS FOUNDATION TRUST,C_502,Gynaecology Service,9058.0,4589.0,4269.0,200.0,50.66,2.21
Feb-2025,RD8,MILTON KEYNES UNIVERSITY HOSPITAL NHS FOUNDATION TRUST,C_120,Ear Nose and Throat Service,3058.0,1422.0,1509.0,127.0,46.5,4.15
Feb-2025,M2Y6D,PRACTICE PLUS GROUP HOSPITAL BIRMINGHAM,C_999,Total,80.0,80.0,0.0,0.0,100.0,0.0
Feb-2025,NPG11,SPAMEDICA BIRMINGHAM,C_999,Total,301.0,290.0,11.0,0.0,96.35,0.0
Feb-2025,RRK,UNIVERSITY HOSPITALS BIRMINGHAM NHS FOUNDATION TRUST,X06,Other - Other Services,3134.0,1577.0,1342.0,215.0,50.32,6.86
Feb-2025,RXK,SANDWELL AND WEST BIRMINGHAM HOSPITALS NHS TRUST,C_301,Gastroenterology Service,2619.0,1670.0,946.0,3.0,63.76,0.11
Feb-2025,RXK,SANDWELL AND WEST BIRMINGHAM HOSPITALS NHS TRUST,C_430,Elderly Medicine Service,55.0,54.0,1.0,0.0,98.18,0.0
Feb-2025,RTD,THE NEWCASTLE UPON TYNE HOSPITALS NHS FOUNDATION TRUST,C_150,Neurosurgical Service,1074.0,788.0,271.0,15.0,73.37,1.4
Feb-2025,RTF,NORTHUMBRIA HEALTHCARE NHS FOUNDATION TRUST,C_502,Gynaecology Service,3386.0,2668.0,714.0,4.0,78.8,0.12
Feb-2025,RGR,WEST SUFFOLK NHS FOUNDATION TRUST,C_101,Urology Service,2129.0,1313.0,791.0,25.0,61.67,1.17
Feb-2025,ACG36,NEWMEDICA - EXETER - GLEN HOUSE,C_999,Total,229.0,215.0,14.0,0.0,93.89,0.0
Feb-2025,NVC08,MOUNT STUART HOSPITAL,C_110,Trauma and Orthopaedic Service,994.0,544.0,437.0,13.0,54.73,1.31
Feb-2025,NVC08,MOUNT STUART HOSPITAL,C_999,Total,2088.0,1316.0,741.0,31.0,63.03,1.48
Feb-2025,NVC0Y,EXETER MEDICAL,C_999,Total,266.0,237.0,29.0,0.0,89.1,0.0
Feb-2025,RA9,TORBAY AND SOUTH DEVON NHS FOUNDATION TRUST,C_301,Gastroenterology Service,1627.0,1338.0,287.0,2.0,82.24,0.12
Feb-2025,RH8,ROYAL DEVON UNIVERSITY HEALTHCARE NHS FOUNDATION TRUST,C_110,Trauma and Orthopaedic Service,10299.0,4875.0,5005.0,419.0,47.33,4.07
Feb-2025,RVW,NORTH TEES AND HARTLEPOOL NHS FOUNDATION TRUST,X06,Other - Other Services,2384.0,1262.0,1073.0,49.0,52.94,2.06
Feb-2025,RXP,COUNTY DURHAM AND DARLINGTON NHS FOUNDATION TRUST,C_330,Dermatology Service,3424.0,2395.0,1010.0,19.0,69.95,0.55
Feb-2025,RFS,CHESTERFIELD ROYAL HOSPITAL NHS FOUNDATION TRUST,C_301,Gastroenterology Service,1919.0,1228.0,653.0,38.0,63.99,1.98
Feb-2025,RTG,UNIVERSITY HOSPITALS OF DERBY AND BURTON NHS FOUNDATION TRUST,X04,Other - Paediatric Services,3293.0,1742.0,1509.0,42.0,52.9,1.28
Feb-2025,RTG,UNIVERSITY HOSPITALS OF DERBY AND BURTON NHS FOUNDATION TRUST,C_999,Total,109167.0,57196.0,48985.0,2986.0,52.39,2.74
Feb-2025,NQX01,PROVIDE WELLBEING @ TOLLGATE CLINIC,C_999,Total,88.0,88.0,0.0,0.0,100.0,0.0
Feb-2025,RDE,EAST SUFFOLK AND NORTH ESSEX NHS FOUNDATION TRUST,C_300,General Internal Medicine Service,364.0,302.0,62.0,0.0,82.97,0.0
Feb-2025,RDE,EAST SUFFOLK AND NORTH ESSEX NHS FOUNDATION TRUST,C_340,Respiratory Medicine Service,2113.0,1203.0,877.0,33.0,56.93,1.56
Feb-2025,N6Z0R,NEWMEDICA - LINCOLN,C_130,Ophthalmology Service,33.0,33.0,0.0,0.0,100.0,0.0
Feb-2025,RP7,LINCOLNSHIRE PARTNERSHIP NHS FOUNDATION TRUST,C_999,Total,19.0,19.0,0.0,0.0,100.0,0.0
Feb-2025,RWD,UNITED LINCOLNSHIRE TEACHING HOSPITALS NHS TRUST,C_130,Ophthalmology Service,6213.0,3511.0,2679.0,23.0,56.51,0.37
Feb-2025,RWD,UNITED LINCOLNSHIRE TEACHING HOSPITALS NHS TRUST,C_999,Total,71244.0,38270.0,31513.0,1461.0,53.72,2.05
Feb-2025,NT226,"NUFFIELD HEALTH, LEICESTER HOSPITAL",C_110,Trauma and Orthopaedic Service,483.0,418.0,63.0,2.0,86.54,0.41
Feb-2025,NT322,SPIRE LEICESTER HOSPITAL,C_100,General Surgery Service,15.0,13.0,2.0,0.0,86.67,0.0
Feb-2025,RWE,UNIVERSITY HOSPITALS OF LEICESTER NHS TRUST,C_110,Trauma and Orthopaedic Service,10382.0,3726.0,6141.0,515.0,35.89,4.96
Feb-2025,NT406,BLACKHEATH HOSPITAL,C_999,Total,1467.0,1094.0,361.0,12.0,74.57,0.82
Feb-2025,NT406,BLACKHEATH HOSPITAL,C_100,General Surgery Service,156.0,122.0,28.0,6.0,78.21,3.85
Feb-2025,NT409,CHELSFIELD PARK HOSPITAL,X06,Other - Other Services,110.0,96.0,13.0,1.0,87.27,0.91
Feb-2025,RJ1,GUY'S AND ST THOMAS' NHS FOUNDATION TRUST,X04,Other - Paediatric Services,10364.0,7459.0,2804.0,101.0,71.97,0.97
Feb-2025,RJ1,GUY'S AND ST THOMAS' NHS FOUNDATION TRUST,C_301,Gastroenterology Service,3151.0,2695.0,455.0,1.0,85.53,0.03
Feb-2025,RJ2,LEWISHAM AND GREENWICH NHS TRUST,C_320,Cardiology Service,3803.0,2219.0,1517.0,67.0,58.35,1.76
Feb-2025,A4M8P,BUCKSHAW HOSPITAL,X06,Other - Other Services,11.0,0.0,7.0,4.0,0.0,36.36
Feb-2025,A4M8P,BUCKSHAW HOSPITAL,C_140,Oral Surgery Service,1.0,0.0,1.0,0.0,0.0,0.0
Feb-2025,AAV,COMMUNITY HEALTH AND EYECARE LIMITED,C_130,Ophthalmology Service,3274.0,3122.0,117.0,35.0,95.36,1.07
Feb-2025,C3Y0A,SPAMEDICA BLACKPOOL,C_999,Total,91.0,88.0,3.0,0.0,96.7,0.0
Feb-2025,NPG13,SPAMEDICA SKELMERSDALE,C_999,Total,193.0,188.0,5.0,0.0,97.41,0.0
Feb-2025,NT347,SPIRE FYLDE COAST HOSPITAL,X05,Other - Surgical Services,24.0,23.0,1.0,0.0,95.83,0.0
Feb-2025,NT403,BEARDWOOD HOSPITAL,C_502,Gynaecology Service,466.0,332.0,133.0,1.0,71.24,0.21
Feb-2025,NT403,BEARDWOOD HOSPITAL,C_999,Total,2728.0,2001.0,725.0,2.0,73.35,0.07
Feb-2025,NT449,LANCASTER PRIVATE HOSPITAL,X06,Other - Other Services,1.0,1.0,0.0,0.0,100.0,0.0
Feb-2025,NVC05,EUXTON HALL HOSPITAL,C_101,Urology Service,5.0,4.0,1.0,0.0,80.0,0.0
Feb-2025,RXL,BLACKPOOL TEACHING HOSPITALS NHS FOUNDATION TRUST,C_140,Oral Surgery Service,2166.0,896.0,1132.0,138.0,41.37,6.37
Feb-2025,RXN,LANCASHIRE TEACHING HOSPITALS NHS FOUNDATION TRUST,C_430,Elderly Medicine Service,157.0,127.0,27.0,3.0,80.89,1.91
Feb-2025,RXR,EAST LANCASHIRE HOSPITALS NHS TRUST,C_140,Oral Surgery Service,5694.0,2229.0,2784.0,681.0,39.15,11.96
Feb-2025,NT440,THORNBURY HOSPITAL,C_140,Oral Surgery Service,1.0,1.0,0.0,0.0,100.0,0.0
Feb-2025,NTX,THE ONE HEALTH GROUP PLC,C_101,Urology Service,45.0,0.0,0.0,45.0,0.0,100.0
Feb-2025,RFF,BARNSLEY HOSPITAL NHS FOUNDATION TRUST,C_101,Urology Service,1367.0,919.0,446.0,2.0,67.23,0.15
Feb-2025,RFF,BARNSLEY HOSPITAL NHS FOUNDATION TRUST,C_110,Trauma and Orthopaedic Service,2942.0,1624.0,1265.0,53.0,55.2,1.8
Feb-2025,RFF,BARNSLEY HOSPITAL NHS FOUNDATION TRUST,X04,Other - Paediatric Services,777.0,683.0,94.0,0.0,87.9,0.0
Feb-2025,RFR,THE ROTHERHAM NHS FOUNDATION TRUST,C_120,Ear Nose and Throat Service,2367.0,1412.0,846.0,109.0,59.65,4.6
Feb-2025,RHQ,SHEFFIELD TEACHING HOSPITALS NHS FOUNDATION TRUST,C_430,Elderly Medicine Service,58.0,55.0,3.0,0.0,94.83,0.0
Feb-2025,RP5,DONCASTER AND BASSETLAW TEACHING HOSPITALS NHS FOUNDATION TRUST,C_100,General Surgery Service,3030.0,2369.0,660.0,1.0,78.18,0.03
Feb-2025,NT219,"NUFFIELD HEALTH, HEREFORD HOSPITAL",C_999,Total,222.0,179.0,40.0,3.0,80.63,1.35
Feb-2025,RLQ,WYE VALLEY NHS TRUST,C_330,Dermatology Service,985.0,658.0,324.0,3.0,66.8,0.3
Feb-2025,RLQ,WYE VALLEY NHS TRUST,C_410,Rheumatology Service,506.0,324.0,180.0,2.0,64.03,0.4
Feb-2025,NT313,SPIRE WELLESLEY HOSPITAL,C_110,Trauma and Orthopaedic Service,1127.0,625.0,499.0,3.0,55.46,0.27
Feb-2025,NT319,SPIRE HARTSWOOD HOSPITAL,C_100,General Surgery Service,200.0,133.0,67.0,0.0,66.5,0.0
Feb-2025,NT490,SOUTHEND PRIVATE HOSPITAL,C_110,Trauma and Orthopaedic Service,111.0,88.0,23.0,0.0,79.28,0.0
Feb-2025,DJH01,THE ROYAL BUCKINGHAMSHIRE HOSPITAL LTD,C_100,General Surgery Service,1.0,1.0,0.0,0.0,100.0,0.0
Feb-2025,NVC02,THE BERKSHIRE INDEPENDENT HOSPITAL,C_110,Trauma and Orthopaedic Service,644.0,453.0,190.0,1.0,70.34,0.16
Feb-2025,NVC25,THE CHERWELL HOSPITAL,C_999,Total,2482.0,1426.0,1041.0,15.0,57.45,0.6
Feb-2025,RHW,ROYAL BERKSHIRE NHS FOUNDATION TRUST,C_301,Gastroenterology Service,4215.0,3139.0,1076.0,0.0,74.47,0.0
Feb-2025,RHW,ROYAL BERKSHIRE NHS FOUNDATION TRUST,C_340,Respiratory Medicine Service,1815.0,1556.0,259.0,0.0,85.73,0.0
Feb-2025,RAS,THE HILLINGDON HOSPITALS NHS FOUNDATION TRUST,C_320,Cardiology Service,1301.0,742.0,550.0,9.0,57.03,0.69
Feb-2025,RAS,THE HILLINGDON HOSPITALS NHS FOUNDATION TRUST,C_410,Rheumatology Service,1086.0,263.0,798.0,25.0,24.22,2.3
Feb-2025,RAS,THE HILLINGDON HOSPITALS NHS FOUNDATION TRUST,C_502,Gynaecology Service,1745.0,1105.0,640.0,0.0,63.32,0.0
Feb-2025,RQM,CHELSEA AND WESTMINSTER HOSPITAL NHS FOUNDATION TRUST,X06,Other - Other Services,5922.0,3844.0,2047.0,31.0,64.91,0.52
Feb-2025,RQM,CHELSEA AND WESTMINSTER HOSPITAL NHS FOUNDATION TRUST,C_110,Trauma and Orthopaedic Service,4936.0,2577.0,2285.0,74.0,52.21,1.5
Feb-2025,RQM,CHELSEA AND WESTMINSTER HOSPITAL NHS FOUNDATION TRUST,C_300,General Internal Medicine Service,33.0,29.0,4.0,0.0,87.88,0.0
Feb-2025,RYJ,IMPERIAL COLLEGE HEALTHCARE NHS TRUST,C_320,Cardiology Service,7909.0,4641.0,3198.0,70.0,58.68,0.89
Feb-2025,NT238,"NUFFIELD HEALTH, TAUNTON HOSPITAL",C_120,Ear Nose and Throat Service,6.0,0.0,1.0,5.0,0.0,83.33
Feb-2025,NTPH1,PRACTICE PLUS GROUP HOSPITAL - SHEPTON MALLET,C_502,Gynaecology Service,135.0,91.0,44.0,0.0,67.41,0.0
Feb-2025,RH5,SOMERSET NHS FOUNDATION TRUST,C_130,Ophthalmology Service,4568.0,3021.0,1520.0,27.0,66.13,0.59
Feb-2025,RH5,SOMERSET NHS FOUNDATION TRUST,X02,Other - Medical Services,3426.0,2240.0,1181.0,5.0,65.38,0.15
Feb-2025,RH5,SOMERSET NHS FOUNDATION TRUST,X06,Other - Other Services,1337.0,940.0,386.0,11.0,70.31,0.82
Feb-2025,RK5,SHERWOOD FOREST HOSPITALS NHS FOUNDATION TRUST,C_130,Ophthalmology Service,3747.0,2283.0,1446.0,18.0,60.93,0.48
Feb-2025,RX1,NOTTINGHAM UNIVERSITY HOSPITALS NHS TRUST,C_101,Urology Service,5515.0,2956.0,2409.0,150.0,53.6,2.72
Feb-2025,RX1,NOTTINGHAM UNIVERSITY HOSPITALS NHS TRUST,X02,Other - Medical Services,10918.0,6784.0,3802.0,332.0,62.14,3.04
Feb-2025,REF,ROYAL CORNWALL HOSPITALS NHS TRUST,C_100,General Surgery Service,1733.0,1154.0,545.0,34.0,66.59,1.96
Feb-2025,REF,ROYAL CORNWALL HOSPITALS NHS TRUST,X05,Other - Surgical Services,2626.0,1769.0,811.0,46.0,67.36,1.75
Feb-2025,RXQ,BUCKINGHAMSHIRE HEALTHCARE NHS TRUST,C_110,Trauma and Orthopaedic Service,5050.0,2566.0,2251.0,233.0,50.81,4.61
Feb-2025,RXQ,BUCKINGHAMSHIRE HEALTHCARE NHS TRUST,C_100,General Surgery Service,2696.0,1601.0,1006.0,89.0,59.38,3.3
Feb-2025,RXQ,BUCKINGHAMSHIRE HEALTHCARE NHS TRUST,C_330,Dermatology Service,1679.0,746.0,845.0,88.0,44.43,5.24
Feb-2025,RXQ,BUCKINGHAMSHIRE HEALTHCARE NHS TRUST,C_400,Neurology Service,2727.0,1090.0,1433.0,204.0,39.97,7.48
Feb-2025,NYG,SUSSEX COMMUNITY DERMATOLOGY SERVICE,C_999,Total,10712.0,8772.0,1940.0,0.0,81.89,0.0
Feb-2025,RPC,QUEEN VICTORIA HOSPITAL NHS FOUNDATION TRUST,C_130,Ophthalmology Service,1943.0,1224.0,689.0,30.0,63.0,1.54
Feb-2025,RXC,EAST SUSSEX HEALTHCARE NHS TRUST,C_320,Cardiology Service,3630.0,2359.0,1258.0,13.0,64.99,0.36
Feb-2025,RXC,EAST SUSSEX HEALTHCARE NHS TRUST,C_300,General Internal Medicine Service,35.0,29.0,6.0,0.0,82.86,0.0
Feb-2025,RAL,ROYAL FREE LONDON NHS FOUNDATION TRUST,C_101,Urology Service,9248.0,4884.0,3913.0,451.0,52.81,4.88
Feb-2025,RAL,ROYAL FREE LONDON NHS FOUNDATION TRUST,C_330,Dermatology Service,12686.0,7039.0,5526.0,121.0,55.49,0.95
Feb-2025,RKE,WHITTINGTON HEALTH NHS TRUST,C_502,Gynaecology Service,2282.0,1615.0,651.0,16.0,70.77,0.7
Feb-2025,RKE,WHITTINGTON HEALTH NHS TRUST,C_301,Gastroenterology Service,1876.0,1516.0,360.0,0.0,80.81,0.0
Feb-2025,RRV,UNIVERSITY COLLEGE LONDON HOSPITALS NHS FOUNDATION TRUST,C_170,Cardiothoracic Surgery Service,116.0,99.0,17.0,0.0,85.34,0.0
Feb-2025,M3R0W,SPAMEDICA NORWICH,C_999,Total,119.0,111.0,8.0,0.0,93.28,0.0
Feb-2025,RCX,"THE QUEEN ELIZABETH HOSPITAL, KING'S LYNN, NHS FOUNDATION TRUST",C_120,Ear Nose and Throat Service,2299.0,1460.0,772.0,67.0,63.51,2.91
Feb-2025,RCX,"THE QUEEN ELIZABETH HOSPITAL, KING'S LYNN, NHS FOUNDATION TRUST",C_160,Plastic Surgery Service,110.0,56.0,43.0,11.0,50.91,10.0
Feb-2025,RCX,"THE QUEEN ELIZABETH HOSPITAL, KING'S LYNN, NHS FOUNDATION TRUST",C_300,General Internal Medicine Service,147.0,119.0,27.0,1.0,80.95,0.68
Feb-2025,RCX,"THE QUEEN ELIZABETH HOSPITAL, KING'S LYNN, NHS FOUNDATION TRUST",C_320,Cardiology Service,2064.0,935.0,1101.0,28.0,45.3,1.36
Feb-2025,RGP,JAMES PAGET UNIVERSITY HOSPITALS NHS FOUNDATION TRUST,C_101,Urology Service,2648.0,1119.0,1251.0,278.0,42.26,10.5
Feb-2025,RGP,JAMES PAGET UNIVERSITY HOSPITALS NHS FOUNDATION TRUST,C_410,Rheumatology Service,301.0,282.0,18.0,1.0,93.69,0.33
Feb-2025,RM1,NORFOLK AND NORWICH UNIVERSITY HOSPITALS NHS FOUNDATION TRUST,C_410,Rheumatology Service,784.0,654.0,129.0,1.0,83.42,0.13
Feb-2025,NVC0I,BEACON PARK HOSPITAL,C_110,Trauma and Orthopaedic Service,213.0,168.0,45.0,0.0,78.87,0.0
Feb-2025,NVC0I,BEACON PARK HOSPITAL,C_502,Gynaecology Service,161.0,105.0,54.0,2.0,65.22,1.24
Feb-2025,RJE,UNIVERSITY HOSPITALS OF NORTH MIDLANDS NHS TRUST,C_101,Urology Service,3320.0,2259.0,1052.0,9.0,68.04,0.27
Feb-2025,RJE,UNIVERSITY HOSPITALS OF NORTH MIDLANDS NHS TRUST,C_330,Dermatology Service,1803.0,1430.0,373.0,0.0,79.31,0.0
Feb-2025,RRE,MIDLANDS PARTNERSHIP UNIVERSITY NHS FOUNDATION TRUST,C_999,Total,5312.0,5064.0,248.0,0.0,95.33,0.0
Feb-2025,NT345,SPIRE CLARE PARK HOSPITAL,C_110,Trauma and Orthopaedic Service,126.0,103.0,23.0,0.0,81.75,0.0
Feb-2025,NT345,SPIRE CLARE PARK HOSPITAL,C_120,Ear Nose and Throat Service,5.0,4.0,1.0,0.0,80.0,0.0
Feb-2025,RDU,FRIMLEY HEALTH NHS FOUNDATION TRUST,C_160,Plastic Surgery Service,2620.0,1131.0,1351.0,138.0,43.17,5.27
Feb-2025,RDU,FRIMLEY HEALTH NHS FOUNDATION TRUST,C_340,Respiratory Medicine Service,2494.0,1576.0,905.0,13.0,63.19,0.52
Feb-2025,RDU,FRIMLEY HEALTH NHS FOUNDATION TRUST,C_150,Neurosurgical Service,1.0,0.0,1.0,0.0,0.0,0.0
Feb-2025,RWX,BERKSHIRE HEALTHCARE NHS FOUNDATION TRUST,X04,Other - Paediatric Services,101.0,100.0,1.0,0.0,99.01,0.0
Feb-2025,A1U4J,SPAMEDICA PORTSMOUTH,C_130,Ophthalmology Service,67.0,62.0,5.0,0.0,92.54,0.0
Feb-2025,GEC01,RAPID INVESTIGATION SERVICE,X06,Other - Other Services,84.0,84.0,0.0,0.0,100.0,0.0
Feb-2025,NTP11,PRACTICE PLUS GROUP HOSPITAL - SOUTHAMPTON,C_502,Gynaecology Service,768.0,486.0,277.0,5.0,63.28,0.65
Feb-2025,RHM,UNIVERSITY HOSPITAL SOUTHAMPTON NHS FOUNDATION TRUST,C_100,General Surgery Service,1060.0,549.0,436.0,75.0,51.79,7.08
Feb-2025,RHM,UNIVERSITY HOSPITAL SOUTHAMPTON NHS FOUNDATION TRUST,C_400,Neurology Service,4905.0,3107.0,1793.0,5.0,63.34,0.1
Feb-2025,RCB,YORK AND SCARBOROUGH TEACHING HOSPITALS NHS FOUNDATION TRUST,C_400,Neurology Service,1683.0,702.0,764.0,217.0,41.71,12.89
Feb-2025,RJL,NORTHERN LINCOLNSHIRE AND GOOLE NHS FOUNDATION TRUST,C_110,Trauma and Orthopaedic Service,3995.0,2013.0,1862.0,120.0,50.39,3.0
Feb-2025,RJL,NORTHERN LINCOLNSHIRE AND GOOLE NHS FOUNDATION TRUST,X06,Other - Other Services,506.0,403.0,99.0,4.0,79.64,0.79
Feb-2025,RJL,NORTHERN LINCOLNSHIRE AND GOOLE NHS FOUNDATION TRUST,C_160,Plastic Surgery Service,5.0,4.0,1.0,0.0,80.0,0.0
Feb-2025,RWA,HULL UNIVERSITY TEACHING HOSPITALS NHS TRUST,X05,Other - Surgical Services,1301.0,923.0,340.0,38.0,70.95,2.92
Feb-2025,DFY01,COTSWOLDS SURGICAL PARTNERS,C_999,Total,231.0,230.0,1.0,0.0,99.57,0.0
Feb-2025,NT402,BATH CLINIC,C_100,General Surgery Service,43.0,30.0,13.0,0.0,69.77,0.0
Feb-2025,NTPH3,PRACTICE PLUS GROUP SURGICAL CENTRE - DEVIZES,C_120,Ear Nose and Throat Service,138.0,124.0,14.0,0.0,89.86,0.0
Feb-2025,NVC09,NEW HALL HOSPITAL,C_100,General Surgery Service,120.0,91.0,29.0,0.0,75.83,0.0
Feb-2025,NVC09,NEW HALL HOSPITAL,C_301,Gastroenterology Service,74.0,50.0,23.0,1.0,67.57,1.35
Feb-2025,RD1,ROYAL UNITED HOSPITALS BATH NHS FOUNDATION TRUST,C_140,Oral Surgery Service,3818.0,2340.0,1453.0,25.0,61.29,0.65
Feb-2025,RN3,GREAT WESTERN HOSPITALS NHS FOUNDATION TRUST,C_100,General Surgery Service,4621.0,2905.0,1533.0,183.0,62.87,3.96
Feb-2025,RN3,GREAT WESTERN HOSPITALS NHS FOUNDATION TRUST,C_330,Dermatology Service,2377.0,1526.0,802.0,49.0,64.2,2.06
Feb-2025,RNZ,SALISBURY NHS FOUNDATION TRUST,C_502,Gynaecology Service,2365.0,1536.0,823.0,6.0,64.95,0.25
Feb-2025,RNZ,SALISBURY NHS FOUNDATION TRUST,X06,Other - Other Services,713.0,581.0,126.0,6.0,81.49,0.84
Feb-2025,NVC23,WOODLAND HOSPITAL,C_110,Trauma and Orthopaedic Service,3410.0,2108.0,1280.0,22.0,61.82,0.65
Feb-2025,RNQ,KETTERING GENERAL HOSPITAL NHS FOUNDATION TRUST,C_410,Rheumatology Service,966.0,742.0,223.0,1.0,76.81,0.1
Feb-2025,RNS,NORTHAMPTON GENERAL HOSPITAL NHS TRUST,C_101,Urology Service,2198.0,1347.0,810.0,41.0,61.28,1.87
Feb-2025,RNS,NORTHAMPTON GENERAL HOSPITAL NHS TRUST,X04,Other - Paediatric Services,544.0,419.0,123.0,2.0,77.02,0.37
Feb-2025,RNS,NORTHAMPTON GENERAL HOSPITAL NHS TRUST,C_170,Cardiothoracic Surgery Service,16.0,14.0,2.0,0.0,87.5,0.0
Feb-2025,AAH,TETBURY HOSPITAL TRUST LTD,X06,Other - Other Services,9.0,9.0,0.0,0.0,100.0,0.0
Feb-2025,NT211,"NUFFIELD HEALTH, CHELTENHAM HOSPITAL",C_999,Total,56.0,18.0,26.0,12.0,32.14,21.43
Feb-2025,NVC22,WINFIELD HOSPITAL,C_999,Total,1562.0,1036.0,516.0,10.0,66.33,0.64
Feb-2025,RTE,GLOUCESTERSHIRE HOSPITALS NHS FOUNDATION TRUST,C_340,Respiratory Medicine Service,1113.0,967.0,145.0,1.0,86.88,0.09
Feb-2025,RTE,GLOUCESTERSHIRE HOSPITALS NHS FOUNDATION TRUST,X06,Other - Other Services,771.0,740.0,31.0,0.0,95.98,0.0
Feb-2025,RTE,GLOUCESTERSHIRE HOSPITALS NHS FOUNDATION TRUST,C_430,Elderly Medicine Service,334.0,294.0,40.0,0.0,88.02,0.0
Feb-2025,RHU,PORTSMOUTH HOSPITALS UNIVERSITY NATIONAL HEALTH SERVICE TRUST,C_130,Ophthalmology Service,5341.0,3533.0,1790.0,18.0,66.15,0.34
Feb-2025,RHU,PORTSMOUTH HOSPITALS UNIVERSITY NATIONAL HEALTH SERVICE TRUST,X02,Other - Medical Services,3179.0,1913.0,1147.0,119.0,60.18,3.74
Feb-2025,RN5,HAMPSHIRE HOSPITALS NHS FOUNDATION TRUST,C_340,Respiratory Medicine Service,1582.0,1014.0,553.0,15.0,64.1,0.95
Feb-2025,RN5,HAMPSHIRE HOSPITALS NHS FOUNDATION TRUST,X06,Other - Other Services,46.0,26.0,19.0,1.0,56.52,2.17
Feb-2025,RW1,HAMPSHIRE AND ISLE OF WIGHT HEALTHCARE NHS FOUNDATION TRUST,C_300,General Internal Medicine Service,177.0,176.0,1.0,0.0,99.44,0.0
Feb-2025,RW1,HAMPSHIRE AND ISLE OF WIGHT HEALTHCARE NHS FOUNDATION TRUST,X05,Other - Surgical Services,85.0,84.0,1.0,0.0,98.82,0.0
Feb-2025,R1K,LONDON NORTH WEST UNIVERSITY HEALTHCARE NHS TRUST,C_320,Cardiology Service,10064.0,4257.0,5036.0,771.0,42.3,7.66
Feb-2025,I1H7K,SPAMEDICA SALE,C_999,Total,62.0,62.0,0.0,0.0,100.0,0.0
Feb-2025,NPG01,SPAMEDICA MANCHESTER,C_130,Ophthalmology Service,131.0,117.0,14.0,0.0,89.31,0.0
Feb-2025,NT404,BEAUMONT HOSPITAL,C_100,General Surgery Service,424.0,369.0,55.0,0.0,87.03,0.0
Feb-2025,NVC12,OAKLANDS HOSPITAL,C_999,Total,4305.0,2860.0,1423.0,22.0,66.43,0.51
Feb-2025,R0A,MANCHESTER UNIVERSITY NHS FOUNDATION TRUST,C_130,Ophthalmology Service,11474.0,6267.0,4624.0,583.0,54.62,5.08
Feb-2025,R0A,MANCHESTER UNIVERSITY NHS FOUNDATION TRUST,X04,Other - Paediatric Services,21331.0,9693.0,10461.0,1177.0,45.44,5.52
Feb-2025,R0A,MANCHESTER UNIVERSITY NHS FOUNDATION TRUST,C_400,Neurology Service,160.0,134.0,25.0,1.0,83.75,0.63
Feb-2025,RM3,NORTHERN CARE ALLIANCE NHS FOUNDATION TRUST,C_110,Trauma and Orthopaedic Service,14803.0,7544.0,6806.0,453.0,50.96,3.06
Feb-2025,RM3,NORTHERN CARE ALLIANCE NHS FOUNDATION TRUST,C_320,Cardiology Service,7450.0,3625.0,3673.0,152.0,48.66,2.04
Feb-2025,RMP,TAMESIDE AND GLOSSOP INTEGRATED CARE NHS FOUNDATION TRUST,X02,Other - Medical Services,1365.0,923.0,442.0,0.0,67.62,0.0
Feb-2025,RMP,TAMESIDE AND GLOSSOP INTEGRATED CARE NHS FOUNDATION TRUST,C_100,General Surgery Service,1258.0,860.0,398.0,0.0,68.36,0.0
Feb-2025,RRF,"WRIGHTINGTON, WIGAN AND LEIGH NHS FOUNDATION TRUST",C_101,Urology Service,2057.0,1195.0,763.0,99.0,58.09,4.81
Feb-2025,RRF,"WRIGHTINGTON, WIGAN AND LEIGH NHS FOUNDATION TRUST",C_330,Dermatology Service,3919.0,1607.0,1947.0,365.0,41.01,9.31
Feb-2025,RRF,"WRIGHTINGTON, WIGAN AND LEIGH NHS FOUNDATION TRUST",C_140,Oral Surgery Service,1330.0,850.0,424.0,56.0,63.91,4.21
Feb-2025,RRF,"WRIGHTINGTON, WIGAN AND LEIGH NHS FOUNDATION TRUST",X06,Other - Other Services,176.0,154.0,19.0,3.0,87.5,1.7
Feb-2025,RWJ,STOCKPORT NHS FOUNDATION TRUST,C_410,Rheumatology Service,1210.0,687.0,510.0,13.0,56.78,1.07
Feb-2025,RWJ,STOCKPORT NHS FOUNDATION TRUST,C_170,Cardiothoracic Surgery Service,7.0,6.0,1.0,0.0,85.71,0.0
Feb-2025,NT351,SPIRE HULL AND EAST RIDING HOSPITAL,C_120,Ear Nose and Throat Service,146.0,146.0,0.0,0.0,100.0,0.0
Feb-2025,NVC28,CLIFTON PARK HOSPITAL,C_999,Total,1683.0,934.0,730.0,19.0,55.5,1.13
Feb-2025,RCB,YORK AND SCARBOROUGH TEACHING HOSPITALS NHS FOUNDATION TRUST,C_160,Plastic Surgery Service,180.0,106.0,71.0,3.0,58.89,1.67
Feb-2025,NVM,EPSOMEDICAL GROUP,C_410,Rheumatology Service,47.0,43.0,3.0,1.0,91.49,2.13
Feb-2025,I2C7H,SPAMEDICA BRADFORD,C_999,Total,238.0,231.0,7.0,0.0,97.06,0.0
Feb-2025,NL8,LOCALA COMMUNITY PARTNERSHIPS CIC,C_330,Dermatology Service,945.0,872.0,73.0,0.0,92.28,0.0
Feb-2025,NT332,SPIRE LEEDS HOSPITAL,C_160,Plastic Surgery Service,156.0,107.0,49.0,0.0,68.59,0.0
Feb-2025,NT348,SPIRE ELLAND HOSPITAL,C_110,Trauma and Orthopaedic Service,514.0,413.0,100.0,1.0,80.35,0.19
Feb-2025,NT448,HUDDERSFIELD PRIVATE HOSPITAL,C_502,Gynaecology Service,217.0,205.0,12.0,0.0,94.47,0.0
Feb-2025,RAE,BRADFORD TEACHING HOSPITALS NHS FOUNDATION TRUST,C_301,Gastroenterology Service,1020.0,740.0,279.0,1.0,72.55,0.1
Feb-2025,RAE,BRADFORD TEACHING HOSPITALS NHS FOUNDATION TRUST,C_160,Plastic Surgery Service,935.0,538.0,389.0,8.0,57.54,0.86
Feb-2025,RAE,BRADFORD TEACHING HOSPITALS NHS FOUNDATION TRUST,C_140,Oral Surgery Service,1754.0,837.0,914.0,3.0,47.72,0.17
Feb-2025,RCF,AIREDALE NHS FOUNDATION TRUST,C_400,Neurology Service,1162.0,550.0,578.0,34.0,47.33,2.93
Feb-2025,RR8,LEEDS TEACHING HOSPITALS NHS TRUST,C_999,Total,87024.0,55984.0,28736.0,2304.0,64.33,2.65
Feb-2025,RWY,CALDERDALE AND HUDDERSFIELD NHS FOUNDATION TRUST,C_502,Gynaecology Service,2828.0,2024.0,804.0,0.0,71.57,0.0
Feb-2025,TAD,BRADFORD DISTRICT CARE NHS FOUNDATION TRUST,X02,Other - Medical Services,576.0,388.0,177.0,11.0,67.36,1.91
Feb-2025,NT224,"NUFFIELD HEALTH, WARWICKSHIRE HOSPITAL",C_101,Urology Service,6.0,6.0,0.0,0.0,100.0,0.0
Feb-2025,NT424,MERIDEN HOSPITAL,C_100,General Surgery Service,331.0,263.0,67.0,1.0,79.46,0.3
Feb-2025,RJC,SOUTH WARWICKSHIRE UNIVERSITY NHS FOUNDATION TRUST,C_300,General Internal Medicine Service,92.0,84.0,8.0,0.0,91.3,0.0
Feb-2025,RKB,UNIVERSITY HOSPITALS COVENTRY AND WARWICKSHIRE NHS TRUST,C_999,Total,85275.0,45202.0,38227.0,1846.0,53.01,2.16
Feb-2025,RLT,GEORGE ELIOT HOSPITAL NHS TRUST,C_120,Ear Nose and Throat Service,2653.0,785.0,1565.0,303.0,29.59,11.42
Feb-2025,RLT,GEORGE ELIOT HOSPITAL NHS TRUST,C_502,Gynaecology Service,2331.0,1090.0,1171.0,70.0,46.76,3.0
Feb-2025,NNE,DORKING HEALTHCARE LIMITED (DHC),C_101,Urology Service,146.0,135.0,11.0,0.0,92.47,0.0
Feb-2025,NNE,DORKING HEALTHCARE LIMITED (DHC),C_430,Elderly Medicine Service,31.0,30.0,1.0,0.0,96.77,0.0
Feb-2025,RTK,ASHFORD AND ST PETER'S HOSPITALS NHS FOUNDATION TRUST,C_999,Total,57129.0,33834.0,22797.0,498.0,59.22,0.87
Feb-2025,RTK,ASHFORD AND ST PETER'S HOSPITALS NHS FOUNDATION TRUST,C_100,General Surgery Service,288.0,171.0,112.0,5.0,59.38,1.74
Feb-2025,NT242,"NUFFIELD HEALTH, WOLVERHAMPTON HOSPITAL",C_130,Ophthalmology Service,178.0,159.0,19.0,0.0,89.33,0.0
Feb-2025,NVC21,WEST MIDLANDS HOSPITAL,C_100,General Surgery Service,113.0,39.0,73.0,1.0,34.51,0.88
Feb-2025,NVC21,WEST MIDLANDS HOSPITAL,C_301,Gastroenterology Service,5.0,0.0,5.0,0.0,0.0,0.0
Feb-2025,RL4,THE ROYAL WOLVERHAMPTON NHS TRUST,C_101,Urology Service,9473.0,4351.0,4897.0,225.0,45.93,2.38
Feb-2025,RL4,THE ROYAL WOLVERHAMPTON NHS TRUST,X05,Other - Surgical Services,2049.0,1196.0,821.0,32.0,58.37,1.56
Feb-2025,RNA,THE DUDLEY GROUP NHS FOUNDATION TRUST,C_120,Ear Nose and Throat Service,4477.0,2503.0,1941.0,33.0,55.91,0.74
Feb-2025,RNA,THE DUDLEY GROUP NHS FOUNDATION TRUST,C_140,Oral Surgery Service,1777.0,730.0,940.0,107.0,41.08,6.02
Feb-2025,NT317,SPIRE CAMBRIDGE LEA HOSPITAL,C_110,Trauma and Orthopaedic Service,298.0,188.0,94.0,16.0,63.09,5.37
Feb-2025,NVC06,FITZWILLIAM HOSPITAL,C_110,Trauma and Orthopaedic Service,4328.0,2022.0,2149.0,157.0,46.72,3.63
Feb-2025,RGN,NORTH WEST ANGLIA NHS FOUNDATION TRUST,C_130,Ophthalmology Service,8703.0,4325.0,3896.0,482.0,49.7,5.54
Feb-2025,RGN,NORTH WEST ANGLIA NHS FOUNDATION TRUST,C_300,General Internal Medicine Service,6.0,6.0,0.0,0.0,100.0,0.0
Feb-2025,RGT,CAMBRIDGE UNIVERSITY HOSPITALS NHS FOUNDATION TRUST,C_160,Plastic Surgery Service,2014.0,1034.0,880.0,100.0,51.34,4.97
Feb-2025,S3H9L,THE HAMPTONS HOSPITAL LTD,C_110,Trauma and Orthopaedic Service,213.0,140.0,73.0,0.0,65.73,0.0
Feb-2025,S3H9L,THE HAMPTONS HOSPITAL LTD,C_130,Ophthalmology Service,1.0,0.0,1.0,0.0,0.0,0.0
Feb-2025,NT206,"NUFFIELD HEALTH, BRISTOL HOSPITAL (CHESTERFIELD)",X06,Other - Other Services,82.0,55.0,27.0,0.0,67.07,0.0
Feb-2025,P1B7M,SPAMEDICA BRISTOL,C_999,Total,101.0,99.0,2.0,0.0,98.02,0.0
Feb-2025,RVJ,NORTH BRISTOL NHS TRUST,X02,Other - Medical Services,5299.0,3446.0,1849.0,4.0,65.03,0.08
Feb-2025,NT3X3,SPIRE ST ANTHONY'S HOSPITAL,C_100,General Surgery Service,317.0,227.0,86.0,4.0,71.61,1.26
Feb-2025,NT3X3,SPIRE ST ANTHONY'S HOSPITAL,C_999,Total,1113.0,941.0,164.0,8.0,84.55,0.72
Feb-2025,RAX,KINGSTON AND RICHMOND NHS FOUNDATION TRUST,X04,Other - Paediatric Services,1524.0,1108.0,416.0,0.0,72.7,0.0
Feb-2025,RAX,KINGSTON AND RICHMOND NHS FOUNDATION TRUST,C_101,Urology Service,1436.0,1231.0,203.0,2.0,85.72,0.14
Feb-2025,RJ2,LEWISHAM AND GREENWICH NHS TRUST,C_430,Elderly Medicine Service,209.0,201.0,8.0,0.0,96.17,0.0
Feb-2025,ADP02,KIMS HOSPITAL (NEWNHAM COURT),C_110,Trauma and Orthopaedic Service,796.0,658.0,137.0,1.0,82.66,0.13
Feb-2025,ADP02,KIMS HOSPITAL (NEWNHAM COURT),X02,Other - Medical Services,108.0,92.0,16.0,0.0,85.19,0.0
Feb-2025,NT239,"NUFFIELD HEALTH, TUNBRIDGE WELLS HOSPITAL",C_110,Trauma and Orthopaedic Service,91.0,48.0,43.0,0.0,52.75,0.0
Feb-2025,RN7,DARTFORD AND GRAVESHAM NHS TRUST,C_300,General Internal Medicine Service,1182.0,854.0,317.0,11.0,72.25,0.93
Feb-2025,RVV,EAST KENT HOSPITALS UNIVERSITY NHS FOUNDATION TRUST,C_340,Respiratory Medicine Service,4777.0,2266.0,2409.0,102.0,47.44,2.14
Feb-2025,RVV,EAST KENT HOSPITALS UNIVERSITY NHS FOUNDATION TRUST,X06,Other - Other Services,277.0,238.0,37.0,2.0,85.92,0.72
Feb-2025,RYY,KENT COMMUNITY HEALTH NHS FOUNDATION TRUST,C_110,Trauma and Orthopaedic Service,1722.0,1721.0,1.0,0.0,99.94,0.0
Feb-2025,RYY,KENT COMMUNITY HEALTH NHS FOUNDATION TRUST,C_999,Total,2132.0,2130.0,2.0,0.0,99.91,0.0
Feb-2025,NVC19,RIVERS HOSPITAL,C_110,Trauma and Orthopaedic Service,1613.0,1031.0,552.0,30.0,63.92,1.86
Feb-2025,NVC19,RIVERS HOSPITAL,X06,Other - Other Services,3.0,2.0,1.0,0.0,66.67,0.0
Feb-2025,RQW,THE PRINCESS ALEXANDRA HOSPITAL NHS TRUST,C_340,Respiratory Medicine Service,2077.0,996.0,989.0,92.0,47.95,4.43
Feb-2025,RQW,THE PRINCESS ALEXANDRA HOSPITAL NHS TRUST,C_120,Ear Nose and Throat Service,6068.0,2569.0,2967.0,532.0,42.34,8.77
Feb-2025,RWG,WEST HERTFORDSHIRE TEACHING HOSPITALS NHS TRUST,C_120,Ear Nose and Throat Service,3487.0,1485.0,1845.0,157.0,42.59,4.5
Feb-2025,RWG,WEST HERTFORDSHIRE TEACHING HOSPITALS NHS TRUST,C_330,Dermatology Service,3534.0,2327.0,1202.0,5.0,65.85,0.14
Feb-2025,RWH,EAST AND NORTH HERTFORDSHIRE NHS TRUST,C_999,Total,56516.0,35254.0,20342.0,920.0,62.38,1.63
Feb-2025,NTP15,PRACTICE PLUS GROUP HOSPITAL - ILFORD,C_110,Trauma and Orthopaedic Service,2552.0,1754.0,798.0,0.0,68.73,0.0
Feb-2025,R1H,BARTS HEALTH NHS TRUST,X05,Other - Surgical Services,14835.0,8473.0,5900.0,462.0,57.11,3.11
Feb-2025,R1H,BARTS HEALTH NHS TRUST,C_150,Neurosurgical Service,1240.0,816.0,415.0,9.0,65.81,0.73
Feb-2025,R1H,BARTS HEALTH NHS TRUST,C_301,Gastroenterology Service,7310.0,3732.0,3449.0,129.0,51.05,1.76
Feb-2025,R1H,BARTS HEALTH NHS TRUST,C_170,Cardiothoracic Surgery Service,4.0,4.0,0.0,0.0,100.0,0.0
Feb-2025,RF4,"BARKING, HAVERING AND REDBRIDGE UNIVERSITY HOSPITALS NHS TRUST",X04,Other - Paediatric Services,467.0,426.0,41.0,0.0,91.22,0.0
Feb-2025,NT451,CAVELL HOSPITAL,C_101,Urology Service,154.0,92.0,61.0,1.0,59.74,0.65
Feb-2025,RTP,SURREY AND SUSSEX HEALTHCARE NHS TRUST,C_101,Urology Service,2444.0,1649.0,771.0,24.0,67.47,0.98
Feb-2025,NCR,ISIGHT,C_999,Total,942.0,893.0,49.0,0.0,94.8,0.0
Feb-2025,RBN,MERSEY AND WEST LANCASHIRE TEACHING HOSPITALS NHS TRUST,C_430,Elderly Medicine Service,347.0,290.0,56.0,1.0,83.57,0.29
Feb-2025,RBT,MID CHESHIRE HOSPITALS NHS FOUNDATION TRUST,C_120,Ear Nose and Throat Service,5493.0,2344.0,2874.0,275.0,42.67,5.01
Feb-2025,RBT,MID CHESHIRE HOSPITALS NHS FOUNDATION TRUST,C_340,Respiratory Medicine Service,849.0,377.0,427.0,45.0,44.41,5.3
Feb-2025,RET,THE WALTON CENTRE NHS FOUNDATION TRUST,C_130,Ophthalmology Service,13.0,12.0,1.0,0.0,92.31,0.0
Feb-2025,RJN,EAST CHESHIRE NHS TRUST,C_320,Cardiology Service,879.0,397.0,474.0,8.0,45.16,0.91
Feb-2025,RJR,COUNTESS OF CHESTER HOSPITAL NHS FOUNDATION TRUST,C_340,Respiratory Medicine Service,1181.0,841.0,299.0,41.0,71.21,3.47
Feb-2025,RWW,WARRINGTON AND HALTON TEACHING HOSPITALS NHS FOUNDATION TRUST,C_999,Total,34422.0,19915.0,13055.0,1452.0,57.86,4.22
Feb-2025,RWW,WARRINGTON AND HALTON TEACHING HOSPITALS NHS FOUNDATION TRUST,C_101,Urology Service,2354.0,1429.0,841.0,84.0,60.71,3.57
Feb-2025,RWW,WARRINGTON AND HALTON TEACHING HOSPITALS NHS FOUNDATION TRUST,C_301,Gastroenterology Service,2453.0,1648.0,723.0,82.0,67.18,3.34
Feb-2025,RYW,BIRMINGHAM COMMUNITY HEALTHCARE NHS FOUNDATION TRUST,X02,Other - Medical Services,2545.0,2330.0,212.0,3.0,91.55,0.12
Feb-2025,S1Z4X,NEWMEDICA - BIRMINGHAM,C_130,Ophthalmology Service,579.0,568.0,11.0,0.0,98.1,0.0
Feb-2025,F0R0W,NEWMEDICA - DARLINGTON,C_999,Total,23.0,23.0,0.0,0.0,100.0,0.0
Feb-2025,NN4,TYNESIDE SURGICAL SERVICES LTD,C_100,General Surgery Service,65.0,45.0,20.0,0.0,69.23,0.0
Feb-2025,NT237,"NUFFIELD HEALTH, TEES HOSPITAL",C_110,Trauma and Orthopaedic Service,882.0,622.0,260.0,0.0,70.52,0.0
Feb-2025,NVC29,COBALT HOSPITAL,C_110,Trauma and Orthopaedic Service,454.0,287.0,133.0,34.0,63.22,7.49
Feb-2025,R0B,SOUTH TYNESIDE AND SUNDERLAND NHS FOUNDATION TRUST,C_410,Rheumatology Service,1356.0,979.0,377.0,0.0,72.2,0.0
Feb-2025,RAJ,MID AND SOUTH ESSEX NHS FOUNDATION TRUST,C_410,Rheumatology Service,2649.0,1644.0,951.0,54.0,62.06,2.04
Feb-2025,NPG19,SPAMEDICA BEDFORD,C_130,Ophthalmology Service,158.0,155.0,3.0,0.0,98.1,0.0
Feb-2025,NVC31,BLAKELANDS HOSPITAL,C_101,Urology Service,178.0,130.0,44.0,4.0,73.03,2.25
Feb-2025,RC9,BEDFORDSHIRE HOSPITALS NHS FOUNDATION TRUST,C_101,Urology Service,5177.0,2907.0,2193.0,77.0,56.15,1.49
Feb-2025,RRK,UNIVERSITY HOSPITALS BIRMINGHAM NHS FOUNDATION TRUST,C_400,Neurology Service,4342.0,1947.0,2343.0,52.0,44.84,1.2
Feb-2025,RXK,SANDWELL AND WEST BIRMINGHAM HOSPITALS NHS TRUST,X02,Other - Medical Services,2709.0,1601.0,1094.0,14.0,59.1,0.52
Feb-2025,RXK,SANDWELL AND WEST BIRMINGHAM HOSPITALS NHS TRUST,X06,Other - Other Services,467.0,303.0,140.0,24.0,64.88,5.14
Feb-2025,RXK,SANDWELL AND WEST BIRMINGHAM HOSPITALS NHS TRUST,C_160,Plastic Surgery Service,442.0,152.0,286.0,4.0,34.39,0.9
Feb-2025,RNN,NORTH CUMBRIA INTEGRATED CARE NHS FOUNDATION TRUST,C_301,Gastroenterology Service,1963.0,999.0,947.0,17.0,50.89,0.87
Feb-2025,RNN,NORTH CUMBRIA INTEGRATED CARE NHS FOUNDATION TRUST,X02,Other - Medical Services,1768.0,1133.0,632.0,3.0,64.08,0.17
Feb-2025,RR7,GATESHEAD HEALTH NHS FOUNDATION TRUST,X02,Other - Medical Services,1279.0,1126.0,153.0,0.0,88.04,0.0
Feb-2025,RTR,SOUTH TEES HOSPITALS NHS FOUNDATION TRUST,C_320,Cardiology Service,2051.0,1330.0,676.0,45.0,64.85,2.19
Feb-2025,RTR,SOUTH TEES HOSPITALS NHS FOUNDATION TRUST,C_400,Neurology Service,3625.0,1312.0,1815.0,498.0,36.19,13.74
Feb-2025,NR5,LIVEWELL SOUTHWEST,X02,Other - Medical Services,56.0,52.0,4.0,0.0,92.86,0.0
Feb-2025,NTPH5,PRACTICE PLUS GROUP HOSPITAL - PLYMOUTH,C_100,General Surgery Service,32.0,28.0,4.0,0.0,87.5,0.0
Feb-2025,NVC0Y,EXETER MEDICAL,C_101,Urology Service,153.0,148.0,5.0,0.0,96.73,0.0
Feb-2025,RA9,TORBAY AND SOUTH DEVON NHS FOUNDATION TRUST,C_120,Ear Nose and Throat Service,3329.0,1655.0,1471.0,203.0,49.71,6.1
Feb-2025,RVW,NORTH TEES AND HARTLEPOOL NHS FOUNDATION TRUST,C_502,Gynaecology Service,2671.0,1788.0,873.0,10.0,66.94,0.37
Feb-2025,RVW,NORTH TEES AND HARTLEPOOL NHS FOUNDATION TRUST,C_430,Elderly Medicine Service,156.0,146.0,10.0,0.0,93.59,0.0
Feb-2025,RXP,COUNTY DURHAM AND DARLINGTON NHS FOUNDATION TRUST,C_110,Trauma and Orthopaedic Service,7663.0,6218.0,1372.0,73.0,81.14,0.95
Feb-2025,NTP13,PRACTICE PLUS GROUP HOSPITAL - BARLBOROUGH,C_110,Trauma and Orthopaedic Service,1954.0,1243.0,701.0,10.0,63.61,0.51
Feb-2025,RFS,CHESTERFIELD ROYAL HOSPITAL NHS FOUNDATION TRUST,C_410,Rheumatology Service,957.0,486.0,446.0,25.0,50.78,2.61
Feb-2025,RFS,CHESTERFIELD ROYAL HOSPITAL NHS FOUNDATION TRUST,C_340,Respiratory Medicine Service,455.0,284.0,165.0,6.0,62.42,1.32
Feb-2025,RTG,UNIVERSITY HOSPITALS OF DERBY AND BURTON NHS FOUNDATION TRUST,C_430,Elderly Medicine Service,287.0,234.0,53.0,0.0,81.53,0.0
Feb-2025,RDE,EAST SUFFOLK AND NORTH ESSEX NHS FOUNDATION TRUST,X02,Other - Medical Services,3961.0,2836.0,1082.0,43.0,71.6,1.09
Feb-2025,RK9,UNIVERSITY HOSPITALS PLYMOUTH NHS TRUST,C_330,Dermatology Service,1937.0,1528.0,405.0,4.0,78.88,0.21
Feb-2025,RK9,UNIVERSITY HOSPITALS PLYMOUTH NHS TRUST,X04,Other - Paediatric Services,1703.0,878.0,736.0,89.0,51.56,5.23
Feb-2025,RWD,UNITED LINCOLNSHIRE TEACHING HOSPITALS NHS TRUST,C_300,General Internal Medicine Service,367.0,178.0,180.0,9.0,48.5,2.45
Feb-2025,RWD,UNITED LINCOLNSHIRE TEACHING HOSPITALS NHS TRUST,C_340,Respiratory Medicine Service,1663.0,1112.0,548.0,3.0,66.87,0.18
Feb-2025,RWD,UNITED LINCOLNSHIRE TEACHING HOSPITALS NHS TRUST,C_502,Gynaecology Service,6113.0,3016.0,2954.0,143.0,49.34,2.34
Feb-2025,RWD,UNITED LINCOLNSHIRE TEACHING HOSPITALS NHS TRUST,X06,Other - Other Services,328.0,295.0,32.0,1.0,89.94,0.3
Feb-2025,L9D3Z,SPAMEDICA LEICESTER,C_130,Ophthalmology Service,128.0,126.0,2.0,0.0,98.44,0.0
Feb-2025,RWE,UNIVERSITY HOSPITALS OF LEICESTER NHS TRUST,C_100,General Surgery Service,5560.0,2676.0,2700.0,184.0,48.13,3.31
Feb-2025,RWE,UNIVERSITY HOSPITALS OF LEICESTER NHS TRUST,C_301,Gastroenterology Service,7786.0,4775.0,2986.0,25.0,61.33,0.32
Feb-2025,NT409,CHELSFIELD PARK HOSPITAL,C_100,General Surgery Service,79.0,61.0,18.0,0.0,77.22,0.0
Feb-2025,NT437,SLOANE HOSPITAL,C_999,Total,757.0,588.0,152.0,17.0,77.68,2.25
Feb-2025,RJ2,LEWISHAM AND GREENWICH NHS TRUST,C_330,Dermatology Service,2997.0,2137.0,762.0,98.0,71.3,3.27
Feb-2025,A4M8P,BUCKSHAW HOSPITAL,C_502,Gynaecology Service,626.0,278.0,319.0,29.0,44.41,4.63
Feb-2025,NT403,BEARDWOOD HOSPITAL,C_100,General Surgery Service,333.0,265.0,68.0,0.0,79.58,0.0
Feb-2025,NT403,BEARDWOOD HOSPITAL,C_120,Ear Nose and Throat Service,167.0,146.0,21.0,0.0,87.43,0.0
Feb-2025,NVC16,RENACRES HOSPITAL,X06,Other - Other Services,4.0,1.0,3.0,0.0,25.0,0.0
Feb-2025,RTX,UNIVERSITY HOSPITALS OF MORECAMBE BAY NHS FOUNDATION TRUST,C_130,Ophthalmology Service,3022.0,2259.0,757.0,6.0,74.75,0.2
Feb-2025,RTX,UNIVERSITY HOSPITALS OF MORECAMBE BAY NHS FOUNDATION TRUST,X05,Other - Surgical Services,1396.0,1048.0,337.0,11.0,75.07,0.79
Feb-2025,RTX,UNIVERSITY HOSPITALS OF MORECAMBE BAY NHS FOUNDATION TRUST,C_170,Cardiothoracic Surgery Service,35.0,34.0,1.0,0.0,97.14,0.0
Feb-2025,RXN,LANCASHIRE TEACHING HOSPITALS NHS FOUNDATION TRUST,X02,Other - Medical Services,5768.0,2840.0,2726.0,202.0,49.24,3.5
Feb-2025,RXR,EAST LANCASHIRE HOSPITALS NHS TRUST,C_110,Trauma and Orthopaedic Service,6036.0,3933.0,1911.0,192.0,65.16,3.18
Feb-2025,NEY,PIONEER HEALTHCARE LIMITED,C_999,Total,2695.0,1494.0,1104.0,97.0,55.44,3.6
Feb-2025,NEY,PIONEER HEALTHCARE LIMITED,C_101,Urology Service,8.0,0.0,8.0,0.0,0.0,0.0
Feb-2025,RCU,SHEFFIELD CHILDREN'S NHS FOUNDATION TRUST,C_140,Oral Surgery Service,145.0,36.0,98.0,11.0,24.83,7.59
Feb-2025,RFF,BARNSLEY HOSPITAL NHS FOUNDATION TRUST,C_130,Ophthalmology Service,2371.0,2097.0,274.0,0.0,88.44,0.0
Feb-2025,RFR,THE ROTHERHAM NHS FOUNDATION TRUST,X05,Other - Surgical Services,1879.0,1453.0,403.0,23.0,77.33,1.22
Feb-2025,RFR,THE ROTHERHAM NHS FOUNDATION TRUST,X04,Other - Paediatric Services,867.0,778.0,89.0,0.0,89.73,0.0
Feb-2025,RP5,DONCASTER AND BASSETLAW TEACHING HOSPITALS NHS FOUNDATION TRUST,C_502,Gynaecology Service,4109.0,2969.0,1078.0,62.0,72.26,1.51
Feb-2025,RP5,DONCASTER AND BASSETLAW TEACHING HOSPITALS NHS FOUNDATION TRUST,X04,Other - Paediatric Services,230.0,199.0,31.0,0.0,86.52,0.0
Feb-2025,H2K1G,NEWMEDICA - BROMSGROVE,C_999,Total,89.0,89.0,0.0,0.0,100.0,0.0
Feb-2025,NT412,DROITWICH SPA HOSPITAL,C_120,Ear Nose and Throat Service,68.0,54.0,14.0,0.0,79.41,0.0
Feb-2025,RWP,WORCESTERSHIRE ACUTE HOSPITALS NHS TRUST,C_999,Total,56086.0,32622.0,22504.0,960.0,58.16,1.71
Feb-2025,RWP,WORCESTERSHIRE ACUTE HOSPITALS NHS TRUST,C_140,Oral Surgery Service,3511.0,1316.0,1974.0,221.0,37.48,6.29
Feb-2025,RWP,WORCESTERSHIRE ACUTE HOSPITALS NHS TRUST,C_430,Elderly Medicine Service,10.0,10.0,0.0,0.0,100.0,0.0
Feb-2025,NPG16,SPAMEDICA CHELMSFORD,C_999,Total,211.0,202.0,9.0,0.0,95.73,0.0
Feb-2025,NT313,SPIRE WELLESLEY HOSPITAL,C_999,Total,1426.0,828.0,593.0,5.0,58.06,0.35
Feb-2025,NT319,SPIRE HARTSWOOD HOSPITAL,C_999,Total,1304.0,933.0,366.0,5.0,71.55,0.38
Feb-2025,RJ8,CORNWALL PARTNERSHIP NHS FOUNDATION TRUST,X02,Other - Medical Services,284.0,279.0,5.0,0.0,98.24,0.0
Feb-2025,DJH01,THE ROYAL BUCKINGHAMSHIRE HOSPITAL LTD,C_999,Total,21.0,7.0,12.0,2.0,33.33,9.52
Feb-2025,NT343,SPIRE THAMES VALLEY HOSPITAL,C_110,Trauma and Orthopaedic Service,363.0,302.0,60.0,1.0,83.2,0.28
Feb-2025,NT344,SPIRE DUNEDIN HOSPITAL,X05,Other - Surgical Services,13.0,11.0,2.0,0.0,84.62,0.0
Feb-2025,NVC02,THE BERKSHIRE INDEPENDENT HOSPITAL,C_130,Ophthalmology Service,21.0,13.0,8.0,0.0,61.9,0.0
Feb-2025,RHW,ROYAL BERKSHIRE NHS FOUNDATION TRUST,C_101,Urology Service,2468.0,2006.0,460.0,2.0,81.28,0.08
Feb-2025,RHW,ROYAL BERKSHIRE NHS FOUNDATION TRUST,C_120,Ear Nose and Throat Service,3288.0,2456.0,824.0,8.0,74.7,0.24
Feb-2025,RHW,ROYAL BERKSHIRE NHS FOUNDATION TRUST,C_140,Oral Surgery Service,476.0,396.0,79.0,1.0,83.19,0.21
Feb-2025,RTH,OXFORD UNIVERSITY HOSPITALS NHS FOUNDATION TRUST,C_330,Dermatology Service,6108.0,2960.0,2985.0,163.0,48.46,2.67
Feb-2025,RTH,OXFORD UNIVERSITY HOSPITALS NHS FOUNDATION TRUST,X06,Other - Other Services,1405.0,824.0,499.0,82.0,58.65,5.84
Feb-2025,RTH,OXFORD UNIVERSITY HOSPITALS NHS FOUNDATION TRUST,C_999,Total,90367.0,51068.0,36295.0,3004.0,56.51,3.32
Feb-2025,RAS,THE HILLINGDON HOSPITALS NHS FOUNDATION TRUST,X04,Other - Paediatric Services,1020.0,724.0,295.0,1.0,70.98,0.1
Feb-2025,RAS,THE HILLINGDON HOSPITALS NHS FOUNDATION TRUST,C_300,General Internal Medicine Service,74.0,52.0,20.0,2.0,70.27,2.7
Feb-2025,RPY,THE ROYAL MARSDEN NHS FOUNDATION TRUST,C_101,Urology Service,87.0,82.0,5.0,0.0,94.25,0.0
Feb-2025,RQM,CHELSEA AND WESTMINSTER HOSPITAL NHS FOUNDATION TRUST,C_301,Gastroenterology Service,1417.0,1096.0,321.0,0.0,77.35,0.0
Feb-2025,RQM,CHELSEA AND WESTMINSTER HOSPITAL NHS FOUNDATION TRUST,C_410,Rheumatology Service,1119.0,835.0,284.0,0.0,74.62,0.0
Feb-2025,RYJ,IMPERIAL COLLEGE HEALTHCARE NHS TRUST,X02,Other - Medical Services,15875.0,9353.0,6330.0,192.0,58.92,1.21
Feb-2025,RYJ,IMPERIAL COLLEGE HEALTHCARE NHS TRUST,C_999,Total,88766.0,51607.0,34909.0,2250.0,58.14,2.53
Feb-2025,RYJ,IMPERIAL COLLEGE HEALTHCARE NHS TRUST,X05,Other - Surgical Services,9123.0,4880.0,3985.0,258.0,53.49,2.83
Feb-2025,RH5,SOMERSET NHS FOUNDATION TRUST,X04,Other - Paediatric Services,1597.0,1056.0,526.0,15.0,66.12,0.94
Feb-2025,RH5,SOMERSET NHS FOUNDATION TRUST,C_430,Elderly Medicine Service,554.0,406.0,146.0,2.0,73.29,0.36
Feb-2025,NT427,PARK HOSPITAL,C_502,Gynaecology Service,145.0,128.0,17.0,0.0,88.28,0.0
Feb-2025,NT427,PARK HOSPITAL,X06,Other - Other Services,5.0,5.0,0.0,0.0,100.0,0.0
Feb-2025,RK5,SHERWOOD FOREST HOSPITALS NHS FOUNDATION TRUST,C_502,Gynaecology Service,2664.0,1850.0,806.0,8.0,69.44,0.3
Feb-2025,RX1,NOTTINGHAM UNIVERSITY HOSPITALS NHS TRUST,C_502,Gynaecology Service,5046.0,2675.0,2212.0,159.0,53.01,3.15
Feb-2025,REF,ROYAL CORNWALL HOSPITALS NHS TRUST,C_400,Neurology Service,1860.0,962.0,883.0,15.0,51.72,0.81
Feb-2025,RXQ,BUCKINGHAMSHIRE HEALTHCARE NHS TRUST,C_101,Urology Service,3088.0,1992.0,1073.0,23.0,64.51,0.74
Feb-2025,NT364,SPIRE MONTEFIORE HOSPITAL,X05,Other - Surgical Services,4.0,1.0,3.0,0.0,25.0,0.0
Feb-2025,NT417,GORING HALL HOSPITAL,C_999,Total,1233.0,669.0,544.0,20.0,54.26,1.62
Feb-2025,RPC,QUEEN VICTORIA HOSPITAL NHS FOUNDATION TRUST,C_140,Oral Surgery Service,7010.0,3756.0,3126.0,128.0,53.58,1.83
Feb-2025,RPC,QUEEN VICTORIA HOSPITAL NHS FOUNDATION TRUST,C_410,Rheumatology Service,43.0,37.0,6.0,0.0,86.05,0.0
Feb-2025,RXC,EAST SUSSEX HEALTHCARE NHS TRUST,C_410,Rheumatology Service,653.0,620.0,33.0,0.0,94.95,0.0
Feb-2025,RKE,WHITTINGTON HEALTH NHS TRUST,X02,Other - Medical Services,2361.0,1951.0,410.0,0.0,82.63,0.0
Feb-2025,RKE,WHITTINGTON HEALTH NHS TRUST,C_110,Trauma and Orthopaedic Service,2238.0,1615.0,589.0,34.0,72.16,1.52
Feb-2025,RKE,WHITTINGTON HEALTH NHS TRUST,C_320,Cardiology Service,1302.0,869.0,433.0,0.0,66.74,0.0
Feb-2025,DFQ,NORWICH & NORFOLK SURGICAL LTD (N2S),C_110,Trauma and Orthopaedic Service,371.0,320.0,51.0,0.0,86.25,0.0
Feb-2025,RCX,"THE QUEEN ELIZABETH HOSPITAL, KING'S LYNN, NHS FOUNDATION TRUST",C_140,Oral Surgery Service,502.0,322.0,160.0,20.0,64.14,3.98
Feb-2025,RCX,"THE QUEEN ELIZABETH HOSPITAL, KING'S LYNN, NHS FOUNDATION TRUST",C_340,Respiratory Medicine Service,1053.0,426.0,582.0,45.0,40.46,4.27
Feb-2025,RCX,"THE QUEEN ELIZABETH HOSPITAL, KING'S LYNN, NHS FOUNDATION TRUST",C_502,Gynaecology Service,1655.0,941.0,648.0,66.0,56.86,3.99
Feb-2025,RCX,"THE QUEEN ELIZABETH HOSPITAL, KING'S LYNN, NHS FOUNDATION TRUST",X06,Other - Other Services,293.0,203.0,87.0,3.0,69.28,1.02
Feb-2025,RM1,NORFOLK AND NORWICH UNIVERSITY HOSPITALS NHS FOUNDATION TRUST,C_100,General Surgery Service,6527.0,3625.0,2583.0,319.0,55.54,4.89
Feb-2025,RM1,NORFOLK AND NORWICH UNIVERSITY HOSPITALS NHS FOUNDATION TRUST,C_110,Trauma and Orthopaedic Service,10845.0,4472.0,5446.0,927.0,41.24,8.55
Feb-2025,NT230,"NUFFIELD HEALTH, NORTH STAFFORDSHIRE HOSPITAL",C_100,General Surgery Service,14.0,11.0,3.0,0.0,78.57,0.0
Feb-2025,RJE,UNIVERSITY HOSPITALS OF NORTH MIDLANDS NHS TRUST,C_150,Neurosurgical Service,640.0,364.0,258.0,18.0,56.88,2.81
Feb-2025,RJE,UNIVERSITY HOSPITALS OF NORTH MIDLANDS NHS TRUST,C_320,Cardiology Service,4433.0,2917.0,1452.0,64.0,65.8,1.44
Feb-2025,RJE,UNIVERSITY HOSPITALS OF NORTH MIDLANDS NHS TRUST,X05,Other - Surgical Services,37.0,25.0,12.0,0.0,67.57,0.0
Feb-2025,RRE,MIDLANDS PARTNERSHIP UNIVERSITY NHS FOUNDATION TRUST,C_410,Rheumatology Service,3578.0,3397.0,181.0,0.0,94.94,0.0
Feb-2025,RDU,FRIMLEY HEALTH NHS FOUNDATION TRUST,X06,Other - Other Services,971.0,537.0,408.0,26.0,55.3,2.68
Feb-2025,RYR,UNIVERSITY HOSPITALS SUSSEX NHS FOUNDATION TRUST,C_140,Oral Surgery Service,6433.0,2720.0,3162.0,551.0,42.28,8.57
Feb-2025,NT214,"NUFFIELD HEALTH, WESSEX HOSPITAL",X06,Other - Other Services,65.0,15.0,50.0,0.0,23.08,0.0
Feb-2025,NT418,HAMPSHIRE CLINIC,C_101,Urology Service,27.0,21.0,6.0,0.0,77.78,0.0
Feb-2025,NTP11,PRACTICE PLUS GROUP HOSPITAL - SOUTHAMPTON,C_120,Ear Nose and Throat Service,817.0,321.0,491.0,5.0,39.29,0.61
Feb-2025,Q8X0X,SPAMEDICA ISLE OF WIGHT,C_999,Total,19.0,19.0,0.0,0.0,100.0,0.0
Feb-2025,RHM,UNIVERSITY HOSPITAL SOUTHAMPTON NHS FOUNDATION TRUST,C_300,General Internal Medicine Service,70.0,49.0,20.0,1.0,70.0,1.43
Feb-2025,RCB,YORK AND SCARBOROUGH TEACHING HOSPITALS NHS FOUNDATION TRUST,X05,Other - Surgical Services,5591.0,3734.0,1771.0,86.0,66.79,1.54
Feb-2025,RJL,NORTHERN LINCOLNSHIRE AND GOOLE NHS FOUNDATION TRUST,C_320,Cardiology Service,3356.0,2326.0,1026.0,4.0,69.31,0.12
Feb-2025,RWA,HULL UNIVERSITY TEACHING HOSPITALS NHS TRUST,C_130,Ophthalmology Service,8171.0,5231.0,2821.0,119.0,64.02,1.46
Feb-2025,RWA,HULL UNIVERSITY TEACHING HOSPITALS NHS TRUST,C_301,Gastroenterology Service,3648.0,1832.0,1742.0,74.0,50.22,2.03
Feb-2025,NT430,RIDGEWAY HOSPITAL,C_502,Gynaecology Service,1.0,1.0,0.0,0.0,100.0,0.0
Feb-2025,NTPH3,PRACTICE PLUS GROUP SURGICAL CENTRE - DEVIZES,C_140,Oral Surgery Service,1300.0,1101.0,199.0,0.0,84.69,0.0
Feb-2025,NTPH3,PRACTICE PLUS GROUP SURGICAL CENTRE - DEVIZES,C_999,Total,2935.0,2503.0,420.0,12.0,85.28,0.41
Feb-2025,NXP,INDEPENDENT HEALTH GROUP,C_100,General Surgery Service,399.0,393.0,6.0,0.0,98.5,0.0
Feb-2025,RD1,ROYAL UNITED HOSPITALS BATH NHS FOUNDATION TRUST,C_100,General Surgery Service,4338.0,2770.0,1510.0,58.0,63.85,1.34
Feb-2025,RN3,GREAT WESTERN HOSPITALS NHS FOUNDATION TRUST,C_340,Respiratory Medicine Service,824.0,411.0,385.0,28.0,49.88,3.4
Feb-2025,RN3,GREAT WESTERN HOSPITALS NHS FOUNDATION TRUST,C_502,Gynaecology Service,3237.0,1728.0,1388.0,121.0,53.38,3.74
Feb-2025,RN3,GREAT WESTERN HOSPITALS NHS FOUNDATION TRUST,X05,Other - Surgical Services,750.0,505.0,233.0,12.0,67.33,1.6
Feb-2025,RNZ,SALISBURY NHS FOUNDATION TRUST,C_130,Ophthalmology Service,2546.0,1535.0,993.0,18.0,60.29,0.71
Feb-2025,RNZ,SALISBURY NHS FOUNDATION TRUST,C_999,Total,28150.0,17066.0,10436.0,648.0,60.63,2.3
Feb-2025,M4C5R,NEWMEDICA - NORTHAMPTON,C_999,Total,870.0,852.0,18.0,0.0,97.93,0.0
Feb-2025,NT441,THREE SHIRES HOSPITAL,C_110,Trauma and Orthopaedic Service,1889.0,1090.0,795.0,4.0,57.7,0.21
Feb-2025,RNS,NORTHAMPTON GENERAL HOSPITAL NHS TRUST,C_130,Ophthalmology Service,2482.0,2196.0,286.0,0.0,88.48,0.0
Feb-2025,NVC22,WINFIELD HOSPITAL,C_110,Trauma and Orthopaedic Service,969.0,635.0,334.0,0.0,65.53,0.0
Feb-2025,RTE,GLOUCESTERSHIRE HOSPITALS NHS FOUNDATION TRUST,C_301,Gastroenterology Service,3823.0,3244.0,573.0,6.0,84.85,0.16
Feb-2025,RHU,PORTSMOUTH HOSPITALS UNIVERSITY NATIONAL HEALTH SERVICE TRUST,C_320,Cardiology Service,3211.0,1965.0,1227.0,19.0,61.2,0.59
Feb-2025,R1K,LONDON NORTH WEST UNIVERSITY HEALTHCARE NHS TRUST,C_502,Gynaecology Service,4244.0,2359.0,1801.0,84.0,55.58,1.98
Feb-2025,AHP,ST MICHAEL'S CLINIC LIMITED,C_330,Dermatology Service,1874.0,1045.0,817.0,12.0,55.76,0.64
Feb-2025,R1D,SHROPSHIRE COMMUNITY HEALTH NHS TRUST,C_340,Respiratory Medicine Service,95.0,35.0,59.0,1.0,36.84,1.05
Feb-2025,NN5,MANCHESTER SURGICAL SERVICES LTD,C_301,Gastroenterology Service,37.0,37.0,0.0,0.0,100.0,0.0
Feb-2025,R0A,MANCHESTER UNIVERSITY NHS FOUNDATION TRUST,C_410,Rheumatology Service,1536.0,902.0,632.0,2.0,58.72,0.13
Feb-2025,R0A,MANCHESTER UNIVERSITY NHS FOUNDATION TRUST,X05,Other - Surgical Services,15867.0,9558.0,5998.0,311.0,60.24,1.96
Feb-2025,RM3,NORTHERN CARE ALLIANCE NHS FOUNDATION TRUST,C_400,Neurology Service,18078.0,9876.0,6885.0,1317.0,54.63,7.29
Feb-2025,RM3,NORTHERN CARE ALLIANCE NHS FOUNDATION TRUST,X04,Other - Paediatric Services,6221.0,2518.0,3471.0,232.0,40.48,3.73
Feb-2025,RM3,NORTHERN CARE ALLIANCE NHS FOUNDATION TRUST,C_170,Cardiothoracic Surgery Service,3.0,3.0,0.0,0.0,100.0,0.0
Feb-2025,RMC,BOLTON NHS FOUNDATION TRUST,X02,Other - Medical Services,2359.0,1751.0,602.0,6.0,74.23,0.25
Feb-2025,RMC,BOLTON NHS FOUNDATION TRUST,C_170,Cardiothoracic Surgery Service,25.0,9.0,16.0,0.0,36.0,0.0
Feb-2025,RMP,TAMESIDE AND GLOSSOP INTEGRATED CARE NHS FOUNDATION TRUST,C_301,Gastroenterology Service,1390.0,1043.0,347.0,0.0,75.04,0.0
Feb-2025,RMP,TAMESIDE AND GLOSSOP INTEGRATED CARE NHS FOUNDATION TRUST,C_170,Cardiothoracic Surgery Service,2.0,2.0,0.0,0.0,100.0,0.0
Feb-2025,NT351,SPIRE HULL AND EAST RIDING HOSPITAL,C_150,Neurosurgical Service,251.0,251.0,0.0,0.0,100.0,0.0
Feb-2025,NT447,DUCHY HOSPITAL,C_400,Neurology Service,23.0,23.0,0.0,0.0,100.0,0.0
Feb-2025,NT216,"NUFFIELD HEALTH, GUILDFORD HOSPITAL",C_301,Gastroenterology Service,9.0,9.0,0.0,0.0,100.0,0.0
Feb-2025,NT431,RUNNYMEDE HOSPITAL,C_999,Total,101.0,83.0,16.0,2.0,82.18,1.98
Feb-2025,NT455,MOUNT ALVERNIA HOSPITAL,C_301,Gastroenterology Service,17.0,16.0,1.0,0.0,94.12,0.0
Feb-2025,NVC11,NORTH DOWNS HOSPITAL,C_100,General Surgery Service,207.0,106.0,93.0,8.0,51.21,3.86
Feb-2025,NVC11,NORTH DOWNS HOSPITAL,C_999,Total,1706.0,991.0,666.0,49.0,58.09,2.87
Feb-2025,NVC11,NORTH DOWNS HOSPITAL,X02,Other - Medical Services,98.0,56.0,42.0,0.0,57.14,0.0
Feb-2025,NVM,EPSOMEDICAL GROUP,C_320,Cardiology Service,56.0,52.0,3.0,1.0,92.86,1.79
Feb-2025,RA2,ROYAL SURREY COUNTY HOSPITAL NHS FOUNDATION TRUST,C_110,Trauma and Orthopaedic Service,5917.0,2714.0,2806.0,397.0,45.87,6.71
Feb-2025,RA2,ROYAL SURREY COUNTY HOSPITAL NHS FOUNDATION TRUST,C_120,Ear Nose and Throat Service,3297.0,1731.0,1465.0,101.0,52.5,3.06
Feb-2025,RVR,EPSOM AND ST HELIER UNIVERSITY HOSPITALS NHS TRUST,C_320,Cardiology Service,2333.0,1471.0,829.0,33.0,63.05,1.41
Feb-2025,RVR,EPSOM AND ST HELIER UNIVERSITY HOSPITALS NHS TRUST,C_101,Urology Service,2652.0,1732.0,910.0,10.0,65.31,0.38
Feb-2025,RVR,EPSOM AND ST HELIER UNIVERSITY HOSPITALS NHS TRUST,C_301,Gastroenterology Service,4299.0,2334.0,1907.0,58.0,54.29,1.35
Feb-2025,RAE,BRADFORD TEACHING HOSPITALS NHS FOUNDATION TRUST,C_999,Total,32200.0,19583.0,12436.0,181.0,60.82,0.56
Feb-2025,RCF,AIREDALE NHS FOUNDATION TRUST,C_101,Urology Service,1073.0,827.0,230.0,16.0,77.07,1.49
Feb-2025,RR8,LEEDS TEACHING HOSPITALS NHS TRUST,C_160,Plastic Surgery Service,2858.0,1297.0,1331.0,230.0,45.38,8.05
Feb-2025,RR8,LEEDS TEACHING HOSPITALS NHS TRUST,C_330,Dermatology Service,5837.0,3265.0,2269.0,303.0,55.94,5.19
Feb-2025,RR8,LEEDS TEACHING HOSPITALS NHS TRUST,C_502,Gynaecology Service,10612.0,6000.0,4396.0,216.0,56.54,2.04
Feb-2025,RR8,LEEDS TEACHING HOSPITALS NHS TRUST,C_100,General Surgery Service,1291.0,1117.0,170.0,4.0,86.52,0.31
Feb-2025,RWY,CALDERDALE AND HUDDERSFIELD NHS FOUNDATION TRUST,C_120,Ear Nose and Throat Service,5949.0,2845.0,3095.0,9.0,47.82,0.15
Feb-2025,RWY,CALDERDALE AND HUDDERSFIELD NHS FOUNDATION TRUST,C_101,Urology Service,1813.0,1409.0,404.0,0.0,77.72,0.0
Feb-2025,RXF,MID YORKSHIRE TEACHING NHS TRUST,X04,Other - Paediatric Services,469.0,336.0,128.0,5.0,71.64,1.07
Feb-2025,RJC,SOUTH WARWICKSHIRE UNIVERSITY NHS FOUNDATION TRUST,C_130,Ophthalmology Service,2437.0,2197.0,237.0,3.0,90.15,0.12
Feb-2025,RKB,UNIVERSITY HOSPITALS COVENTRY AND WARWICKSHIRE NHS TRUST,C_110,Trauma and Orthopaedic Service,9289.0,4352.0,4552.0,385.0,46.85,4.14
Feb-2025,RKB,UNIVERSITY HOSPITALS COVENTRY AND WARWICKSHIRE NHS TRUST,C_340,Respiratory Medicine Service,2534.0,1732.0,797.0,5.0,68.35,0.2
Feb-2025,RKB,UNIVERSITY HOSPITALS COVENTRY AND WARWICKSHIRE NHS TRUST,X06,Other - Other Services,363.0,203.0,159.0,1.0,55.92,0.28
Feb-2025,RLT,GEORGE ELIOT HOSPITAL NHS TRUST,X06,Other - Other Services,1529.0,857.0,662.0,10.0,56.05,0.65
Feb-2025,NDJ,FIRST COMMUNITY HEALTH AND CARE CIC,C_110,Trauma and Orthopaedic Service,606.0,604.0,2.0,0.0,99.67,0.0
Feb-2025,NNE,DORKING HEALTHCARE LIMITED (DHC),C_320,Cardiology Service,512.0,463.0,49.0,0.0,90.43,0.0
Feb-2025,NNE,DORKING HEALTHCARE LIMITED (DHC),C_330,Dermatology Service,871.0,797.0,74.0,0.0,91.5,0.0
Feb-2025,NNE,DORKING HEALTHCARE LIMITED (DHC),C_502,Gynaecology Service,730.0,552.0,178.0,0.0,75.62,0.0
Feb-2025,NNE,DORKING HEALTHCARE LIMITED (DHC),X03,Other - Mental Health Services,3.0,3.0,0.0,0.0,100.0,0.0
Feb-2025,NNE,DORKING HEALTHCARE LIMITED (DHC),X06,Other - Other Services,82.0,77.0,5.0,0.0,93.9,0.0
Feb-2025,RTK,ASHFORD AND ST PETER'S HOSPITALS NHS FOUNDATION TRUST,C_330,Dermatology Service,3937.0,2010.0,1919.0,8.0,51.05,0.2
Feb-2025,RTK,ASHFORD AND ST PETER'S HOSPITALS NHS FOUNDATION TRUST,C_120,Ear Nose and Throat Service,3300.0,1391.0,1851.0,58.0,42.15,1.76
Feb-2025,RTK,ASHFORD AND ST PETER'S HOSPITALS NHS FOUNDATION TRUST,C_340,Respiratory Medicine Service,953.0,530.0,417.0,6.0,55.61,0.63
Feb-2025,RTK,ASHFORD AND ST PETER'S HOSPITALS NHS FOUNDATION TRUST,X04,Other - Paediatric Services,2092.0,1198.0,890.0,4.0,57.27,0.19
Feb-2025,T8R5I,SPAMEDICA WOKINGHAM,C_130,Ophthalmology Service,145.0,141.0,4.0,0.0,97.24,0.0
Feb-2025,NVC21,WEST MIDLANDS HOSPITAL,C_110,Trauma and Orthopaedic Service,628.0,337.0,283.0,8.0,53.66,1.27
Feb-2025,NVC21,WEST MIDLANDS HOSPITAL,C_999,Total,970.0,466.0,475.0,29.0,48.04,2.99
Feb-2025,RBK,WALSALL HEALTHCARE NHS TRUST,C_120,Ear Nose and Throat Service,3451.0,1818.0,1587.0,46.0,52.68,1.33
Feb-2025,RL4,THE ROYAL WOLVERHAMPTON NHS TRUST,C_140,Oral Surgery Service,4879.0,1940.0,2759.0,180.0,39.76,3.69
Feb-2025,RNA,THE DUDLEY GROUP NHS FOUNDATION TRUST,C_100,General Surgery Service,2636.0,1381.0,1163.0,92.0,52.39,3.49
Feb-2025,RNA,THE DUDLEY GROUP NHS FOUNDATION TRUST,C_130,Ophthalmology Service,3464.0,2161.0,1224.0,79.0,62.38,2.28
Feb-2025,RNA,THE DUDLEY GROUP NHS FOUNDATION TRUST,C_410,Rheumatology Service,739.0,471.0,265.0,3.0,63.73,0.41
Feb-2025,RGN,NORTH WEST ANGLIA NHS FOUNDATION TRUST,C_320,Cardiology Service,6330.0,2599.0,3522.0,209.0,41.06,3.3
Feb-2025,S3H9L,THE HAMPTONS HOSPITAL LTD,C_301,Gastroenterology Service,195.0,164.0,31.0,0.0,84.1,0.0
Feb-2025,S3H9L,THE HAMPTONS HOSPITAL LTD,C_999,Total,1591.0,1258.0,314.0,19.0,79.07,1.19
Feb-2025,S3H9L,THE HAMPTONS HOSPITAL LTD,X06,Other - Other Services,4.0,1.0,3.0,0.0,25.0,0.0
Feb-2025,S3H9L,THE HAMPTONS HOSPITAL LTD,C_330,Dermatology Service,336.0,248.0,87.0,1.0,73.81,0.3
Feb-2025,H4J9P,NEWMEDICA AZTEC WEST,C_999,Total,649.0,630.0,19.0,0.0,97.07,0.0
Feb-2025,NFH,SOMERSET SURGICAL SERVICES HQ,C_999,Total,847.0,739.0,107.0,1.0,87.25,0.12
Feb-2025,NFH,SOMERSET SURGICAL SERVICES HQ,C_160,Plastic Surgery Service,137.0,127.0,10.0,0.0,92.7,0.0
Feb-2025,RVJ,NORTH BRISTOL NHS TRUST,C_160,Plastic Surgery Service,2421.0,1579.0,831.0,11.0,65.22,0.45
Feb-2025,RVJ,NORTH BRISTOL NHS TRUST,C_301,Gastroenterology Service,1043.0,596.0,445.0,2.0,57.14,0.19
Feb-2025,RVJ,NORTH BRISTOL NHS TRUST,C_400,Neurology Service,4422.0,2486.0,1936.0,0.0,56.22,0.0
Feb-2025,RVJ,NORTH BRISTOL NHS TRUST,X05,Other - Surgical Services,4996.0,3723.0,1260.0,13.0,74.52,0.26
Feb-2025,RVJ,NORTH BRISTOL NHS TRUST,C_430,Elderly Medicine Service,175.0,146.0,29.0,0.0,83.43,0.0
Feb-2025,R0F4N,NUFFIELD HEALTH PARKSIDE HOSPITAL,C_999,Total,1030.0,495.0,347.0,188.0,48.06,18.25
Feb-2025,RJ6,CROYDON HEALTH SERVICES NHS TRUST,X06,Other - Other Services,1.0,1.0,0.0,0.0,100.0,0.0
Feb-2025,RJZ,KING'S COLLEGE HOSPITAL NHS FOUNDATION TRUST,C_320,Cardiology Service,4694.0,3157.0,1512.0,25.0,67.26,0.53
Feb-2025,RJZ,KING'S COLLEGE HOSPITAL NHS FOUNDATION TRUST,C_502,Gynaecology Service,8061.0,4931.0,3045.0,85.0,61.17,1.05
Feb-2025,RJZ,KING'S COLLEGE HOSPITAL NHS FOUNDATION TRUST,C_100,General Surgery Service,3961.0,1837.0,1871.0,253.0,46.38,6.39
Feb-2025,ADP02,KIMS HOSPITAL (NEWNHAM COURT),C_999,Total,1181.0,1012.0,168.0,1.0,85.69,0.08
Feb-2025,NN8,SPENCER PRIVATE HOSPITALS LTD,C_101,Urology Service,152.0,116.0,34.0,2.0,76.32,1.32
Feb-2025,NTP16,PRACTICE PLUS GROUP SURGICAL CENTRE - GILLINGHAM,C_999,Total,896.0,640.0,171.0,85.0,71.43,9.49
Feb-2025,NWF01,BENENDEN HOSPITAL,C_502,Gynaecology Service,68.0,67.0,1.0,0.0,98.53,0.0
Feb-2025,NYR,HEALTHSHARE DIAGNOSTICS,C_101,Urology Service,283.0,192.0,85.0,6.0,67.84,2.12
Feb-2025,RN7,DARTFORD AND GRAVESHAM NHS TRUST,C_430,Elderly Medicine Service,581.0,386.0,192.0,3.0,66.44,0.52
Feb-2025,RPA,MEDWAY NHS FOUNDATION TRUST,C_430,Elderly Medicine Service,74.0,63.0,11.0,0.0,85.14,0.0
Feb-2025,RVV,EAST KENT HOSPITALS UNIVERSITY NHS FOUNDATION TRUST,C_130,Ophthalmology Service,6346.0,3537.0,2567.0,242.0,55.74,3.81
Feb-2025,NVC15,PINEHILL HOSPITAL,C_101,Urology Service,19.0,14.0,5.0,0.0,73.68,0.0
Feb-2025,NVC15,PINEHILL HOSPITAL,X06,Other - Other Services,38.0,17.0,21.0,0.0,44.74,0.0
Feb-2025,RWG,WEST HERTFORDSHIRE TEACHING HOSPITALS NHS TRUST,C_110,Trauma and Orthopaedic Service,3843.0,2072.0,1615.0,156.0,53.92,4.06
Feb-2025,RWG,WEST HERTFORDSHIRE TEACHING HOSPITALS NHS TRUST,C_100,General Surgery Service,3387.0,1900.0,1358.0,129.0,56.1,3.81
Feb-2025,RWG,WEST HERTFORDSHIRE TEACHING HOSPITALS NHS TRUST,X05,Other - Surgical Services,1124.0,809.0,308.0,7.0,71.98,0.62
Feb-2025,RWH,EAST AND NORTH HERTFORDSHIRE NHS TRUST,C_301,Gastroenterology Service,2407.0,1078.0,1287.0,42.0,44.79,1.74
Feb-2025,NTP15,PRACTICE PLUS GROUP HOSPITAL - ILFORD,C_100,General Surgery Service,946.0,674.0,272.0,0.0,71.25,0.0
Feb-2025,R1H,BARTS HEALTH NHS TRUST,C_340,Respiratory Medicine Service,6889.0,3515.0,3217.0,157.0,51.02,2.28
Feb-2025,NT421,KINGS OAK HOSPITAL,C_120,Ear Nose and Throat Service,38.0,11.0,27.0,0.0,28.95,0.0
Feb-2025,NT210,"NUFFIELD HEALTH, THE GROSVENOR HOSPITAL, CHESTER",C_301,Gastroenterology Service,1.0,0.0,1.0,0.0,0.0,0.0
Feb-2025,NT324,SPIRE CHESHIRE HOSPITAL,C_100,General Surgery Service,399.0,308.0,91.0,0.0,77.19,0.0
Feb-2025,NT337,SPIRE LIVERPOOL HOSPITAL,C_120,Ear Nose and Throat Service,433.0,427.0,6.0,0.0,98.61,0.0
Feb-2025,RBQ,LIVERPOOL HEART AND CHEST HOSPITAL NHS FOUNDATION TRUST,C_999,Total,5647.0,3904.0,1704.0,39.0,69.13,0.69
Feb-2025,REM,LIVERPOOL UNIVERSITY HOSPITALS NHS FOUNDATION TRUST,C_430,Elderly Medicine Service,794.0,728.0,66.0,0.0,91.69,0.0
Feb-2025,RJN,EAST CHESHIRE NHS TRUST,C_301,Gastroenterology Service,1430.0,770.0,632.0,28.0,53.85,1.96
Feb-2025,RJN,EAST CHESHIRE NHS TRUST,C_120,Ear Nose and Throat Service,1511.0,676.0,820.0,15.0,44.74,0.99
Feb-2025,RJN,EAST CHESHIRE NHS TRUST,X05,Other - Surgical Services,608.0,356.0,247.0,5.0,58.55,0.82
Feb-2025,RJN,EAST CHESHIRE NHS TRUST,C_160,Plastic Surgery Service,35.0,28.0,7.0,0.0,80.0,0.0
Feb-2025,RJR,COUNTESS OF CHESTER HOSPITAL NHS FOUNDATION TRUST,C_100,General Surgery Service,1111.0,469.0,567.0,75.0,42.21,6.75
Feb-2025,RJR,COUNTESS OF CHESTER HOSPITAL NHS FOUNDATION TRUST,C_120,Ear Nose and Throat Service,5028.0,1780.0,2898.0,350.0,35.4,6.96
Feb-2025,RJR,COUNTESS OF CHESTER HOSPITAL NHS FOUNDATION TRUST,C_301,Gastroenterology Service,1048.0,541.0,450.0,57.0,51.62,5.44
Feb-2025,RWW,WARRINGTON AND HALTON TEACHING HOSPITALS NHS FOUNDATION TRUST,C_340,Respiratory Medicine Service,1362.0,899.0,451.0,12.0,66.01,0.88
Feb-2025,RWW,WARRINGTON AND HALTON TEACHING HOSPITALS NHS FOUNDATION TRUST,X02,Other - Medical Services,3802.0,1663.0,1823.0,316.0,43.74,8.31
Feb-2025,NT333,SPIRE WASHINGTON HOSPITAL,X05,Other - Surgical Services,2.0,2.0,0.0,0.0,100.0,0.0
Feb-2025,NVC0R,TEES VALLEY HOSPITAL,C_110,Trauma and Orthopaedic Service,1141.0,844.0,294.0,3.0,73.97,0.26
Feb-2025,NVC0R,TEES VALLEY HOSPITAL,C_100,General Surgery Service,513.0,425.0,88.0,0.0,82.85,0.0
Feb-2025,R0B,SOUTH TYNESIDE AND SUNDERLAND NHS FOUNDATION TRUST,C_110,Trauma and Orthopaedic Service,7563.0,4480.0,3062.0,21.0,59.24,0.28
Feb-2025,R0B,SOUTH TYNESIDE AND SUNDERLAND NHS FOUNDATION TRUST,X02,Other - Medical Services,2295.0,1806.0,489.0,0.0,78.69,0.0
Feb-2025,RAJ,MID AND SOUTH ESSEX NHS FOUNDATION TRUST,C_130,Ophthalmology Service,13177.0,7404.0,5326.0,447.0,56.19,3.39
Feb-2025,RAJ,MID AND SOUTH ESSEX NHS FOUNDATION TRUST,C_140,Oral Surgery Service,5028.0,2164.0,2204.0,660.0,43.04,13.13
Feb-2025,NT434,SAXON CLINIC,C_301,Gastroenterology Service,51.0,49.0,2.0,0.0,96.08,0.0
Feb-2025,RC9,BEDFORDSHIRE HOSPITALS NHS FOUNDATION TRUST,C_130,Ophthalmology Service,8638.0,5029.0,3564.0,45.0,58.22,0.52
Feb-2025,RC9,BEDFORDSHIRE HOSPITALS NHS FOUNDATION TRUST,C_999,Total,97561.0,49940.0,45108.0,2513.0,51.19,2.58
Feb-2025,RD8,MILTON KEYNES UNIVERSITY HOSPITAL NHS FOUNDATION TRUST,C_410,Rheumatology Service,887.0,252.0,593.0,42.0,28.41,4.74
Feb-2025,NT429,PRIORY HOSPITAL,C_110,Trauma and Orthopaedic Service,977.0,760.0,217.0,0.0,77.79,0.0
Feb-2025,RQ3,BIRMINGHAM WOMEN'S AND CHILDREN'S NHS FOUNDATION TRUST,C_502,Gynaecology Service,7605.0,4154.0,3363.0,88.0,54.62,1.16
Feb-2025,RRK,UNIVERSITY HOSPITALS BIRMINGHAM NHS FOUNDATION TRUST,X03,Other - Mental Health Services,65.0,61.0,4.0,0.0,93.85,0.0
Feb-2025,RXK,SANDWELL AND WEST BIRMINGHAM HOSPITALS NHS TRUST,C_400,Neurology Service,1764.0,646.0,898.0,220.0,36.62,12.47
Feb-2025,RNN,NORTH CUMBRIA INTEGRATED CARE NHS FOUNDATION TRUST,C_100,General Surgery Service,988.0,506.0,475.0,7.0,51.21,0.71
Feb-2025,RTD,THE NEWCASTLE UPON TYNE HOSPITALS NHS FOUNDATION TRUST,C_430,Elderly Medicine Service,273.0,262.0,11.0,0.0,95.97,0.0
Feb-2025,RTF,NORTHUMBRIA HEALTHCARE NHS FOUNDATION TRUST,C_100,General Surgery Service,6588.0,5871.0,717.0,0.0,89.12,0.0
Feb-2025,RTR,SOUTH TEES HOSPITALS NHS FOUNDATION TRUST,C_140,Oral Surgery Service,92.0,34.0,48.0,10.0,36.96,10.87
Feb-2025,NT215,"NUFFIELD HEALTH, EXETER HOSPITAL",C_110,Trauma and Orthopaedic Service,267.0,56.0,175.0,36.0,20.97,13.48
Feb-2025,NT233,"NUFFIELD HEALTH, PLYMOUTH HOSPITAL",C_999,Total,1158.0,688.0,465.0,5.0,59.41,0.43
Feb-2025,RH8,ROYAL DEVON UNIVERSITY HEALTHCARE NHS FOUNDATION TRUST,C_410,Rheumatology Service,541.0,426.0,112.0,3.0,78.74,0.55
Feb-2025,RVW,NORTH TEES AND HARTLEPOOL NHS FOUNDATION TRUST,X04,Other - Paediatric Services,1236.0,915.0,319.0,2.0,74.03,0.16
Feb-2025,RXP,COUNTY DURHAM AND DARLINGTON NHS FOUNDATION TRUST,C_999,Total,39733.0,27301.0,12128.0,304.0,68.71,0.77
Feb-2025,RXP,COUNTY DURHAM AND DARLINGTON NHS FOUNDATION TRUST,C_410,Rheumatology Service,863.0,591.0,271.0,1.0,68.48,0.12
Feb-2025,RFS,CHESTERFIELD ROYAL HOSPITAL NHS FOUNDATION TRUST,X02,Other - Medical Services,1612.0,1062.0,532.0,18.0,65.88,1.12
Feb-2025,RTG,UNIVERSITY HOSPITALS OF DERBY AND BURTON NHS FOUNDATION TRUST,C_320,Cardiology Service,4765.0,2409.0,2099.0,257.0,50.56,5.39
Feb-2025,RTG,UNIVERSITY HOSPITALS OF DERBY AND BURTON NHS FOUNDATION TRUST,C_502,Gynaecology Service,10805.0,5223.0,5200.0,382.0,48.34,3.54
Feb-2025,RTG,UNIVERSITY HOSPITALS OF DERBY AND BURTON NHS FOUNDATION TRUST,X06,Other - Other Services,1078.0,751.0,298.0,29.0,69.67,2.69
Feb-2025,J2H6H,SPAMEDICA COLCHESTER,C_130,Ophthalmology Service,192.0,185.0,7.0,0.0,96.35,0.0
Feb-2025,NT446,ST EDMUNDS HOSPITAL,C_130,Ophthalmology Service,30.0,29.0,1.0,0.0,96.67,0.0
Feb-2025,NVC13,OAKS HOSPITAL,C_100,General Surgery Service,138.0,71.0,60.0,7.0,51.45,5.07
Feb-2025,RDE,EAST SUFFOLK AND NORTH ESSEX NHS FOUNDATION TRUST,C_160,Plastic Surgery Service,454.0,198.0,231.0,25.0,43.61,5.51
Feb-2025,RDE,EAST SUFFOLK AND NORTH ESSEX NHS FOUNDATION TRUST,C_410,Rheumatology Service,1319.0,1188.0,131.0,0.0,90.07,0.0
Feb-2025,RDE,EAST SUFFOLK AND NORTH ESSEX NHS FOUNDATION TRUST,C_170,Cardiothoracic Surgery Service,1.0,1.0,0.0,0.0,100.0,0.0
Feb-2025,RK9,UNIVERSITY HOSPITALS PLYMOUTH NHS TRUST,C_130,Ophthalmology Service,6211.0,3383.0,2480.0,348.0,54.47,5.6
Feb-2025,RK9,UNIVERSITY HOSPITALS PLYMOUTH NHS TRUST,C_400,Neurology Service,3382.0,1927.0,1231.0,224.0,56.98,6.62
Feb-2025,NT450,LINCOLN PRIVATE HOSPITAL,C_130,Ophthalmology Service,112.0,82.0,30.0,0.0,73.21,0.0
Feb-2025,NVC27,BOSTON WEST HOSPITAL,C_130,Ophthalmology Service,379.0,348.0,30.0,1.0,91.82,0.26
Feb-2025,RWD,UNITED LINCOLNSHIRE TEACHING HOSPITALS NHS TRUST,C_120,Ear Nose and Throat Service,10042.0,4033.0,5502.0,507.0,40.16,5.05
Feb-2025,RWD,UNITED LINCOLNSHIRE TEACHING HOSPITALS NHS TRUST,X02,Other - Medical Services,7306.0,4153.0,2891.0,262.0,56.84,3.59
Feb-2025,RWE,UNIVERSITY HOSPITALS OF LEICESTER NHS TRUST,X02,Other - Medical Services,13109.0,7610.0,5472.0,27.0,58.05,0.21
Feb-2025,NT409,CHELSFIELD PARK HOSPITAL,C_301,Gastroenterology Service,47.0,41.0,6.0,0.0,87.23,0.0
Feb-2025,RJ1,GUY'S AND ST THOMAS' NHS FOUNDATION TRUST,C_110,Trauma and Orthopaedic Service,4402.0,2755.0,1563.0,84.0,62.59,1.91
Feb-2025,RJ1,GUY'S AND ST THOMAS' NHS FOUNDATION TRUST,C_502,Gynaecology Service,5908.0,3336.0,2488.0,84.0,56.47,1.42
Feb-2025,RJ2,LEWISHAM AND GREENWICH NHS TRUST,C_999,Total,61772.0,35068.0,24179.0,2525.0,56.77,4.09
Feb-2025,RJ2,LEWISHAM AND GREENWICH NHS TRUST,X02,Other - Medical Services,2392.0,2044.0,340.0,8.0,85.45,0.33
Feb-2025,NPG13,SPAMEDICA SKELMERSDALE,C_130,Ophthalmology Service,193.0,188.0,5.0,0.0,97.41,0.0
Feb-2025,NPG17,SPAMEDICA PRESTON,C_999,Total,126.0,121.0,5.0,0.0,96.03,0.0
Feb-2025,NT347,SPIRE FYLDE COAST HOSPITAL,C_320,Cardiology Service,1.0,1.0,0.0,0.0,100.0,0.0
Feb-2025,NVC05,EUXTON HALL HOSPITAL,C_999,Total,3181.0,2110.0,1006.0,65.0,66.33,2.04
Feb-2025,NVC05,EUXTON HALL HOSPITAL,C_120,Ear Nose and Throat Service,5.0,3.0,2.0,0.0,60.0,0.0
Feb-2025,NVC07,FULWOOD HALL HOSPITAL,C_101,Urology Service,847.0,513.0,333.0,1.0,60.57,0.12
Feb-2025,RTX,UNIVERSITY HOSPITALS OF MORECAMBE BAY NHS FOUNDATION TRUST,C_410,Rheumatology Service,645.0,583.0,62.0,0.0,90.39,0.0
Feb-2025,RTX,UNIVERSITY HOSPITALS OF MORECAMBE BAY NHS FOUNDATION TRUST,C_160,Plastic Surgery Service,50.0,49.0,1.0,0.0,98.0,0.0
Feb-2025,RXL,BLACKPOOL TEACHING HOSPITALS NHS FOUNDATION TRUST,C_160,Plastic Surgery Service,46.0,43.0,3.0,0.0,93.48,0.0
Feb-2025,RXN,LANCASHIRE TEACHING HOSPITALS NHS FOUNDATION TRUST,C_320,Cardiology Service,3812.0,2257.0,1517.0,38.0,59.21,1.0
Feb-2025,RHQ,SHEFFIELD TEACHING HOSPITALS NHS FOUNDATION TRUST,C_100,General Surgery Service,1412.0,752.0,577.0,83.0,53.26,5.88
Feb-2025,RP5,DONCASTER AND BASSETLAW TEACHING HOSPITALS NHS FOUNDATION TRUST,C_140,Oral Surgery Service,2404.0,1616.0,783.0,5.0,67.22,0.21
Feb-2025,RLQ,WYE VALLEY NHS TRUST,C_101,Urology Service,1512.0,991.0,513.0,8.0,65.54,0.53
Feb-2025,RLQ,WYE VALLEY NHS TRUST,C_340,Respiratory Medicine Service,1003.0,639.0,344.0,20.0,63.71,1.99
Feb-2025,RWP,WORCESTERSHIRE ACUTE HOSPITALS NHS TRUST,X05,Other - Surgical Services,2945.0,2199.0,731.0,15.0,74.67,0.51
Feb-2025,NT344,SPIRE DUNEDIN HOSPITAL,C_100,General Surgery Service,59.0,42.0,17.0,0.0,71.19,0.0
Feb-2025,NT435,SHELBURNE HOSPITAL,C_100,General Surgery Service,4.0,3.0,1.0,0.0,75.0,0.0
Feb-2025,RHW,ROYAL BERKSHIRE NHS FOUNDATION TRUST,C_502,Gynaecology Service,2938.0,2319.0,618.0,1.0,78.93,0.03
Feb-2025,RHW,ROYAL BERKSHIRE NHS FOUNDATION TRUST,X06,Other - Other Services,518.0,387.0,131.0,0.0,74.71,0.0
Feb-2025,RAN,ROYAL NATIONAL ORTHOPAEDIC HOSPITAL NHS TRUST,X02,Other - Medical Services,1315.0,702.0,572.0,41.0,53.38,3.12
Feb-2025,RAN,ROYAL NATIONAL ORTHOPAEDIC HOSPITAL NHS TRUST,X03,Other - Mental Health Services,1.0,1.0,0.0,0.0,100.0,0.0
Feb-2025,RAS,THE HILLINGDON HOSPITALS NHS FOUNDATION TRUST,C_160,Plastic Surgery Service,6.0,3.0,3.0,0.0,50.0,0.0
Feb-2025,RQM,CHELSEA AND WESTMINSTER HOSPITAL NHS FOUNDATION TRUST,C_502,Gynaecology Service,5486.0,4061.0,1419.0,6.0,74.02,0.11
Feb-2025,RQM,CHELSEA AND WESTMINSTER HOSPITAL NHS FOUNDATION TRUST,C_999,Total,64924.0,39416.0,24971.0,537.0,60.71,0.83
Feb-2025,RQM,CHELSEA AND WESTMINSTER HOSPITAL NHS FOUNDATION TRUST,C_140,Oral Surgery Service,1389.0,849.0,532.0,8.0,61.12,0.58
Feb-2025,RQM,CHELSEA AND WESTMINSTER HOSPITAL NHS FOUNDATION TRUST,C_430,Elderly Medicine Service,210.0,183.0,27.0,0.0,87.14,0.0
Feb-2025,NTPH1,PRACTICE PLUS GROUP HOSPITAL - SHEPTON MALLET,C_130,Ophthalmology Service,357.0,293.0,64.0,0.0,82.07,0.0
Feb-2025,RH5,SOMERSET NHS FOUNDATION TRUST,C_340,Respiratory Medicine Service,1846.0,1215.0,619.0,12.0,65.82,0.65
Feb-2025,RH5,SOMERSET NHS FOUNDATION TRUST,C_140,Oral Surgery Service,2976.0,1649.0,1293.0,34.0,55.41,1.14
Feb-2025,NT427,PARK HOSPITAL,C_150,Neurosurgical Service,7.0,7.0,0.0,0.0,100.0,0.0
Feb-2025,RK5,SHERWOOD FOREST HOSPITALS NHS FOUNDATION TRUST,C_330,Dermatology Service,1800.0,1390.0,410.0,0.0,77.22,0.0
Feb-2025,RK5,SHERWOOD FOREST HOSPITALS NHS FOUNDATION TRUST,X04,Other - Paediatric Services,696.0,573.0,122.0,1.0,82.33,0.14
Feb-2025,RX1,NOTTINGHAM UNIVERSITY HOSPITALS NHS TRUST,C_100,General Surgery Service,1758.0,794.0,883.0,81.0,45.16,4.61
Feb-2025,RX1,NOTTINGHAM UNIVERSITY HOSPITALS NHS TRUST,C_110,Trauma and Orthopaedic Service,8444.0,4162.0,4164.0,118.0,49.29,1.4
Feb-2025,RX1,NOTTINGHAM UNIVERSITY HOSPITALS NHS TRUST,C_130,Ophthalmology Service,6047.0,3733.0,2235.0,79.0,61.73,1.31
Feb-2025,RX1,NOTTINGHAM UNIVERSITY HOSPITALS NHS TRUST,X04,Other - Paediatric Services,3100.0,2300.0,789.0,11.0,74.19,0.35
Feb-2025,REF,ROYAL CORNWALL HOSPITALS NHS TRUST,C_430,Elderly Medicine Service,470.0,373.0,96.0,1.0,79.36,0.21
Feb-2025,RTH,OXFORD UNIVERSITY HOSPITALS NHS FOUNDATION TRUST,C_140,Oral Surgery Service,3406.0,1286.0,1832.0,288.0,37.76,8.46
Feb-2025,NT417,GORING HALL HOSPITAL,C_301,Gastroenterology Service,46.0,24.0,19.0,3.0,52.17,6.52
Feb-2025,RXC,EAST SUSSEX HEALTHCARE NHS TRUST,C_340,Respiratory Medicine Service,3168.0,1513.0,1597.0,58.0,47.76,1.83
Feb-2025,RXC,EAST SUSSEX HEALTHCARE NHS TRUST,X05,Other - Surgical Services,4435.0,2262.0,2119.0,54.0,51.0,1.22
Feb-2025,RYR,UNIVERSITY HOSPITALS SUSSEX NHS FOUNDATION TRUST,C_320,Cardiology Service,8100.0,4255.0,3520.0,325.0,52.53,4.01
Feb-2025,RAL,ROYAL FREE LONDON NHS FOUNDATION TRUST,C_120,Ear Nose and Throat Service,11701.0,5819.0,5279.0,603.0,49.73,5.15
Feb-2025,RKE,WHITTINGTON HEALTH NHS TRUST,C_340,Respiratory Medicine Service,767.0,648.0,119.0,0.0,84.49,0.0
Feb-2025,RKE,WHITTINGTON HEALTH NHS TRUST,C_430,Elderly Medicine Service,132.0,129.0,3.0,0.0,97.73,0.0
Feb-2025,RRV,UNIVERSITY COLLEGE LONDON HOSPITALS NHS FOUNDATION TRUST,C_100,General Surgery Service,26.0,10.0,16.0,0.0,38.46,0.0
Feb-2025,RGP,JAMES PAGET UNIVERSITY HOSPITALS NHS FOUNDATION TRUST,C_120,Ear Nose and Throat Service,2842.0,1407.0,1304.0,131.0,49.51,4.61
Feb-2025,RM1,NORFOLK AND NORWICH UNIVERSITY HOSPITALS NHS FOUNDATION TRUST,C_400,Neurology Service,3636.0,1801.0,1800.0,35.0,49.53,0.96
Feb-2025,RM1,NORFOLK AND NORWICH UNIVERSITY HOSPITALS NHS FOUNDATION TRUST,C_502,Gynaecology Service,7379.0,3027.0,3472.0,880.0,41.02,11.93
Feb-2025,NT230,"NUFFIELD HEALTH, NORTH STAFFORDSHIRE HOSPITAL",C_110,Trauma and Orthopaedic Service,1276.0,882.0,386.0,8.0,69.12,0.63
Feb-2025,RJE,UNIVERSITY HOSPITALS OF NORTH MIDLANDS NHS TRUST,C_100,General Surgery Service,7579.0,4917.0,2514.0,148.0,64.88,1.95
Feb-2025,RJE,UNIVERSITY HOSPITALS OF NORTH MIDLANDS NHS TRUST,C_170,Cardiothoracic Surgery Service,310.0,226.0,83.0,1.0,72.9,0.32
Feb-2025,RJE,UNIVERSITY HOSPITALS OF NORTH MIDLANDS NHS TRUST,X04,Other - Paediatric Services,1599.0,1266.0,322.0,11.0,79.17,0.69
Feb-2025,RJE,UNIVERSITY HOSPITALS OF NORTH MIDLANDS NHS TRUST,C_999,Total,71549.0,42341.0,27416.0,1792.0,59.18,2.5
Feb-2025,NT428,PRINCESS MARGARET HOSPITAL,C_110,Trauma and Orthopaedic Service,54.0,38.0,15.0,1.0,70.37,1.85
Feb-2025,NT428,PRINCESS MARGARET HOSPITAL,C_301,Gastroenterology Service,39.0,34.0,5.0,0.0,87.18,0.0
Feb-2025,RDU,FRIMLEY HEALTH NHS FOUNDATION TRUST,C_120,Ear Nose and Throat Service,7082.0,3513.0,3294.0,275.0,49.6,3.88
Feb-2025,RDU,FRIMLEY HEALTH NHS FOUNDATION TRUST,C_301,Gastroenterology Service,2322.0,1410.0,843.0,69.0,60.72,2.97
Feb-2025,RYR,UNIVERSITY HOSPITALS SUSSEX NHS FOUNDATION TRUST,C_502,Gynaecology Service,8407.0,4175.0,3734.0,498.0,49.66,5.92
Feb-2025,A1U4J,SPAMEDICA PORTSMOUTH,C_999,Total,67.0,62.0,5.0,0.0,92.54,0.0
Feb-2025,NTP11,PRACTICE PLUS GROUP HOSPITAL - SOUTHAMPTON,C_999,Total,8474.0,5222.0,3209.0,43.0,61.62,0.51
Feb-2025,NTPAD,PRACTICE PLUS GROUP SURGICAL CENTRE - ST MARYS PORTSMOUTH,C_100,General Surgery Service,264.0,252.0,12.0,0.0,95.45,0.0
Feb-2025,R1F,ISLE OF WIGHT NHS TRUST,C_410,Rheumatology Service,385.0,327.0,58.0,0.0,84.94,0.0
Feb-2025,RCB,YORK AND SCARBOROUGH TEACHING HOSPITALS NHS FOUNDATION TRUST,C_130,Ophthalmology Service,4759.0,3057.0,1670.0,32.0,64.24,0.67
Feb-2025,RCD,HARROGATE AND DISTRICT NHS FOUNDATION TRUST,C_340,Respiratory Medicine Service,297.0,228.0,68.0,1.0,76.77,0.34
Feb-2025,RJL,NORTHERN LINCOLNSHIRE AND GOOLE NHS FOUNDATION TRUST,C_101,Urology Service,3529.0,2241.0,1158.0,130.0,63.5,3.68
Feb-2025,RJL,NORTHERN LINCOLNSHIRE AND GOOLE NHS FOUNDATION TRUST,C_430,Elderly Medicine Service,243.0,226.0,17.0,0.0,93.0,0.0
Feb-2025,RWA,HULL UNIVERSITY TEACHING HOSPITALS NHS TRUST,C_330,Dermatology Service,5874.0,2629.0,3072.0,173.0,44.76,2.95
Feb-2025,RWA,HULL UNIVERSITY TEACHING HOSPITALS NHS TRUST,C_410,Rheumatology Service,940.0,552.0,374.0,14.0,58.72,1.49
Feb-2025,NTPH3,PRACTICE PLUS GROUP SURGICAL CENTRE - DEVIZES,C_110,Trauma and Orthopaedic Service,351.0,314.0,35.0,2.0,89.46,0.57
Feb-2025,NVC09,NEW HALL HOSPITAL,C_502,Gynaecology Service,178.0,90.0,88.0,0.0,50.56,0.0
Feb-2025,NXP,INDEPENDENT HEALTH GROUP,C_999,Total,852.0,832.0,20.0,0.0,97.65,0.0
Feb-2025,RD1,ROYAL UNITED HOSPITALS BATH NHS FOUNDATION TRUST,X06,Other - Other Services,538.0,537.0,1.0,0.0,99.81,0.0
Feb-2025,RNZ,SALISBURY NHS FOUNDATION TRUST,X03,Other - Mental Health Services,65.0,50.0,15.0,0.0,76.92,0.0
Feb-2025,K8I4X,GLENDON WOOD HOSPITAL,X06,Other - Other Services,4.0,4.0,0.0,0.0,100.0,0.0
Feb-2025,RNQ,KETTERING GENERAL HOSPITAL NHS FOUNDATION TRUST,C_110,Trauma and Orthopaedic Service,1815.0,1057.0,738.0,20.0,58.24,1.1
Feb-2025,RNQ,KETTERING GENERAL HOSPITAL NHS FOUNDATION TRUST,C_160,Plastic Surgery Service,126.0,68.0,58.0,0.0,53.97,0.0
Feb-2025,RNS,NORTHAMPTON GENERAL HOSPITAL NHS TRUST,C_160,Plastic Surgery Service,173.0,62.0,100.0,11.0,35.84,6.36
Feb-2025,RNS,NORTHAMPTON GENERAL HOSPITAL NHS TRUST,C_301,Gastroenterology Service,2805.0,2284.0,520.0,1.0,81.43,0.04
Feb-2025,RNS,NORTHAMPTON GENERAL HOSPITAL NHS TRUST,X02,Other - Medical Services,3445.0,2188.0,1150.0,107.0,63.51,3.11
Feb-2025,L0D9W,NEWMEDICA - GLOUCESTER (BRIGHOUSE COURT),C_130,Ophthalmology Service,903.0,820.0,82.0,1.0,90.81,0.11
Feb-2025,RTE,GLOUCESTERSHIRE HOSPITALS NHS FOUNDATION TRUST,X05,Other - Surgical Services,6782.0,4869.0,1850.0,63.0,71.79,0.93
Feb-2025,RN5,HAMPSHIRE HOSPITALS NHS FOUNDATION TRUST,C_400,Neurology Service,1780.0,1046.0,714.0,20.0,58.76,1.12
Feb-2025,NT411,CLEMENTINE CHURCHILL HOSPITAL,C_400,Neurology Service,3.0,3.0,0.0,0.0,100.0,0.0
Feb-2025,R1K,LONDON NORTH WEST UNIVERSITY HEALTHCARE NHS TRUST,C_999,Total,91303.0,46252.0,41808.0,3243.0,50.66,3.55
Feb-2025,R1K,LONDON NORTH WEST UNIVERSITY HEALTHCARE NHS TRUST,X03,Other - Mental Health Services,33.0,19.0,13.0,1.0,57.58,3.03
Feb-2025,P5Y6K,NEWMEDICA - SHREWSBURY,C_999,Total,132.0,127.0,5.0,0.0,96.21,0.0
Feb-2025,R1D,SHROPSHIRE COMMUNITY HEALTH NHS TRUST,C_110,Trauma and Orthopaedic Service,9174.0,5293.0,3543.0,338.0,57.7,3.68
Feb-2025,R1D,SHROPSHIRE COMMUNITY HEALTH NHS TRUST,C_320,Cardiology Service,68.0,46.0,22.0,0.0,67.65,0.0
Feb-2025,RL1,THE ROBERT JONES AND AGNES HUNT ORTHOPAEDIC HOSPITAL NHS FOUNDATION TRUST,C_110,Trauma and Orthopaedic Service,11170.0,4496.0,5794.0,880.0,40.25,7.88
Feb-2025,RXW,THE SHREWSBURY AND TELFORD HOSPITAL NHS TRUST,C_300,General Internal Medicine Service,1686.0,947.0,727.0,12.0,56.17,0.71
Feb-2025,M9U8M,ENDOCARE DIAGNOSTICS LTD,C_301,Gastroenterology Service,79.0,79.0,0.0,0.0,100.0,0.0
Feb-2025,NN5,MANCHESTER SURGICAL SERVICES LTD,C_410,Rheumatology Service,57.0,57.0,0.0,0.0,100.0,0.0
Feb-2025,NN5,MANCHESTER SURGICAL SERVICES LTD,C_110,Trauma and Orthopaedic Service,93.0,79.0,14.0,0.0,84.95,0.0
Feb-2025,NT401,ALEXANDRA HOSPITAL,C_502,Gynaecology Service,1.0,0.0,1.0,0.0,0.0,0.0
Feb-2025,NT404,BEAUMONT HOSPITAL,C_120,Ear Nose and Throat Service,299.0,174.0,125.0,0.0,58.19,0.0
Feb-2025,NT420,HIGHFIELD HOSPITAL,C_110,Trauma and Orthopaedic Service,670.0,534.0,132.0,4.0,79.7,0.6
Feb-2025,NTPAE,PRACTICE PLUS GROUP OPHTHALMOLOGY - NORTH WEST,C_999,Total,1046.0,986.0,60.0,0.0,94.26,0.0
Feb-2025,R0A,MANCHESTER UNIVERSITY NHS FOUNDATION TRUST,C_300,General Internal Medicine Service,365.0,285.0,74.0,6.0,78.08,1.64
Feb-2025,RBV,THE CHRISTIE NHS FOUNDATION TRUST,X02,Other - Medical Services,2385.0,2316.0,69.0,0.0,97.11,0.0
Feb-2025,RM3,NORTHERN CARE ALLIANCE NHS FOUNDATION TRUST,C_150,Neurosurgical Service,4916.0,2840.0,2021.0,55.0,57.77,1.12
Feb-2025,RM3,NORTHERN CARE ALLIANCE NHS FOUNDATION TRUST,C_301,Gastroenterology Service,11533.0,7228.0,4228.0,77.0,62.67,0.67
Feb-2025,RRF,"WRIGHTINGTON, WIGAN AND LEIGH NHS FOUNDATION TRUST",C_502,Gynaecology Service,4093.0,2046.0,1804.0,243.0,49.99,5.94
Feb-2025,RRF,"WRIGHTINGTON, WIGAN AND LEIGH NHS FOUNDATION TRUST",C_300,General Internal Medicine Service,185.0,143.0,41.0,1.0,77.3,0.54
Feb-2025,RWJ,STOCKPORT NHS FOUNDATION TRUST,C_301,Gastroenterology Service,3422.0,1634.0,1597.0,191.0,47.75,5.58
Feb-2025,NT216,"NUFFIELD HEALTH, GUILDFORD HOSPITAL",X02,Other - Medical Services,83.0,24.0,45.0,14.0,28.92,16.87
Feb-2025,NT241,"NUFFIELD HEALTH, WOKING HOSPITAL",C_100,General Surgery Service,32.0,16.0,9.0,7.0,50.0,21.88
Feb-2025,RA2,ROYAL SURREY COUNTY HOSPITAL NHS FOUNDATION TRUST,C_140,Oral Surgery Service,4457.0,1640.0,2333.0,484.0,36.8,10.86
Feb-2025,RA2,ROYAL SURREY COUNTY HOSPITAL NHS FOUNDATION TRUST,C_100,General Surgery Service,2738.0,1971.0,688.0,79.0,71.99,2.89
Feb-2025,RA2,ROYAL SURREY COUNTY HOSPITAL NHS FOUNDATION TRUST,X06,Other - Other Services,1071.0,845.0,219.0,7.0,78.9,0.65
Feb-2025,RVR,EPSOM AND ST HELIER UNIVERSITY HOSPITALS NHS TRUST,C_400,Neurology Service,1503.0,1029.0,452.0,22.0,68.46,1.46
Feb-2025,RVR,EPSOM AND ST HELIER UNIVERSITY HOSPITALS NHS TRUST,X06,Other - Other Services,1103.0,958.0,145.0,0.0,86.85,0.0
Feb-2025,ACG40,NEWMEDICA - WAKEFIELD,C_130,Ophthalmology Service,424.0,421.0,3.0,0.0,99.29,0.0
Feb-2025,AJ8,THE GRANGE MEDICAL CENTRE HQ,C_301,Gastroenterology Service,72.0,72.0,0.0,0.0,100.0,0.0
Feb-2025,NEQ,PHOENIX HEALTH SOLUTIONS LIMITED HQ,C_301,Gastroenterology Service,333.0,324.0,9.0,0.0,97.3,0.0
Feb-2025,NQH,NOVUS HEALTH LTD,C_999,Total,807.0,784.0,23.0,0.0,97.15,0.0
Feb-2025,NT332,SPIRE LEEDS HOSPITAL,C_110,Trauma and Orthopaedic Service,552.0,417.0,131.0,4.0,75.54,0.72
Feb-2025,NVC20,THE YORKSHIRE CLINIC,C_340,Respiratory Medicine Service,359.0,354.0,5.0,0.0,98.61,0.0
Feb-2025,RAE,BRADFORD TEACHING HOSPITALS NHS FOUNDATION TRUST,X05,Other - Surgical Services,3147.0,2057.0,1087.0,3.0,65.36,0.1
Feb-2025,RCF,AIREDALE NHS FOUNDATION TRUST,X02,Other - Medical Services,1050.0,839.0,207.0,4.0,79.9,0.38
Feb-2025,RCF,AIREDALE NHS FOUNDATION TRUST,C_410,Rheumatology Service,315.0,269.0,46.0,0.0,85.4,0.0
Feb-2025,RCF,AIREDALE NHS FOUNDATION TRUST,C_110,Trauma and Orthopaedic Service,1458.0,893.0,497.0,68.0,61.25,4.66
Feb-2025,RCF,AIREDALE NHS FOUNDATION TRUST,X05,Other - Surgical Services,64.0,48.0,15.0,1.0,75.0,1.56
Feb-2025,RR8,LEEDS TEACHING HOSPITALS NHS TRUST,C_320,Cardiology Service,3464.0,3389.0,75.0,0.0,97.83,0.0
Feb-2025,RXF,MID YORKSHIRE TEACHING NHS TRUST,C_340,Respiratory Medicine Service,1666.0,852.0,808.0,6.0,51.14,0.36
Feb-2025,RY6,LEEDS COMMUNITY HEALTHCARE NHS TRUST,C_502,Gynaecology Service,78.0,41.0,35.0,2.0,52.56,2.56
Feb-2025,NT224,"NUFFIELD HEALTH, WARWICKSHIRE HOSPITAL",C_100,General Surgery Service,76.0,68.0,7.0,1.0,89.47,1.32
Feb-2025,NT224,"NUFFIELD HEALTH, WARWICKSHIRE HOSPITAL",C_160,Plastic Surgery Service,7.0,7.0,0.0,0.0,100.0,0.0
Feb-2025,NT424,MERIDEN HOSPITAL,C_150,Neurosurgical Service,236.0,213.0,23.0,0.0,90.25,0.0
Feb-2025,RKB,UNIVERSITY HOSPITALS COVENTRY AND WARWICKSHIRE NHS TRUST,C_120,Ear Nose and Throat Service,7181.0,3396.0,3605.0,180.0,47.29,2.51
Feb-2025,RKB,UNIVERSITY HOSPITALS COVENTRY AND WARWICKSHIRE NHS TRUST,C_400,Neurology Service,4040.0,2103.0,1846.0,91.0,52.05,2.25
Feb-2025,M7C9Q,SPAMEDICA EPSOM,C_999,Total,202.0,197.0,5.0,0.0,97.52,0.0
Feb-2025,RTK,ASHFORD AND ST PETER'S HOSPITALS NHS FOUNDATION TRUST,C_410,Rheumatology Service,278.0,265.0,13.0,0.0,95.32,0.0
Feb-2025,NT242,"NUFFIELD HEALTH, WOLVERHAMPTON HOSPITAL",C_999,Total,501.0,422.0,76.0,3.0,84.23,0.6
Feb-2025,RBK,WALSALL HEALTHCARE NHS TRUST,C_330,Dermatology Service,1103.0,721.0,380.0,2.0,65.37,0.18
Feb-2025,RBK,WALSALL HEALTHCARE NHS TRUST,X05,Other - Surgical Services,2521.0,1603.0,897.0,21.0,63.59,0.83
Feb-2025,RBK,WALSALL HEALTHCARE NHS TRUST,C_340,Respiratory Medicine Service,853.0,818.0,35.0,0.0,95.9,0.0
Feb-2025,RBK,WALSALL HEALTHCARE NHS TRUST,C_400,Neurology Service,914.0,775.0,139.0,0.0,84.79,0.0
Feb-2025,RL4,THE ROYAL WOLVERHAMPTON NHS TRUST,C_160,Plastic Surgery Service,191.0,102.0,82.0,7.0,53.4,3.66
Feb-2025,RL4,THE ROYAL WOLVERHAMPTON NHS TRUST,C_320,Cardiology Service,7755.0,3097.0,4159.0,499.0,39.94,6.43
Feb-2025,RL4,THE ROYAL WOLVERHAMPTON NHS TRUST,C_330,Dermatology Service,638.0,515.0,122.0,1.0,80.72,0.16
Feb-2025,RL4,THE ROYAL WOLVERHAMPTON NHS TRUST,X06,Other - Other Services,12.0,6.0,6.0,0.0,50.0,0.0
Feb-2025,RNA,THE DUDLEY GROUP NHS FOUNDATION TRUST,C_101,Urology Service,2087.0,1449.0,626.0,12.0,69.43,0.57
Feb-2025,B9J4U,SPAMEDICA PETERBOROUGH,C_999,Total,158.0,153.0,5.0,0.0,96.84,0.0
Feb-2025,RGN,NORTH WEST ANGLIA NHS FOUNDATION TRUST,C_110,Trauma and Orthopaedic Service,5954.0,3519.0,2328.0,107.0,59.1,1.8
Feb-2025,RGN,NORTH WEST ANGLIA NHS FOUNDATION TRUST,C_410,Rheumatology Service,1896.0,927.0,844.0,125.0,48.89,6.59
Feb-2025,RGT,CAMBRIDGE UNIVERSITY HOSPITALS NHS FOUNDATION TRUST,C_110,Trauma and Orthopaedic Service,4337.0,2259.0,1983.0,95.0,52.09,2.19
Feb-2025,RGT,CAMBRIDGE UNIVERSITY HOSPITALS NHS FOUNDATION TRUST,C_150,Neurosurgical Service,1581.0,1109.0,448.0,24.0,70.15,1.52
Feb-2025,S3H9L,THE HAMPTONS HOSPITAL LTD,C_340,Respiratory Medicine Service,62.0,62.0,0.0,0.0,100.0,0.0
Feb-2025,NT206,"NUFFIELD HEALTH, BRISTOL HOSPITAL (CHESTERFIELD)",C_100,General Surgery Service,29.0,18.0,11.0,0.0,62.07,0.0
Feb-2025,NT302,SPIRE BRISTOL HOSPITAL,C_999,Total,772.0,455.0,296.0,21.0,58.94,2.72
Feb-2025,RA7,UNIVERSITY HOSPITALS BRISTOL AND WESTON NHS FOUNDATION TRUST,C_300,General Internal Medicine Service,5.0,4.0,1.0,0.0,80.0,0.0
Feb-2025,RA7,UNIVERSITY HOSPITALS BRISTOL AND WESTON NHS FOUNDATION TRUST,C_330,Dermatology Service,2367.0,1737.0,627.0,3.0,73.38,0.13
Feb-2025,RVJ,NORTH BRISTOL NHS TRUST,C_300,General Internal Medicine Service,1.0,1.0,0.0,0.0,100.0,0.0
Feb-2025,NT202,"NUFFIELD HEALTH, BOURNEMOUTH HOSPITAL",C_502,Gynaecology Service,2.0,1.0,1.0,0.0,50.0,0.0
Feb-2025,NT443,WINTERBOURNE HOSPITAL,C_110,Trauma and Orthopaedic Service,245.0,199.0,44.0,2.0,81.22,0.82
Feb-2025,NT3X3,SPIRE ST ANTHONY'S HOSPITAL,C_110,Trauma and Orthopaedic Service,399.0,364.0,33.0,2.0,91.23,0.5
Feb-2025,RAX,KINGSTON AND RICHMOND NHS FOUNDATION TRUST,C_300,General Internal Medicine Service,661.0,265.0,376.0,20.0,40.09,3.03
Feb-2025,RJ6,CROYDON HEALTH SERVICES NHS TRUST,C_140,Oral Surgery Service,2170.0,1427.0,703.0,40.0,65.76,1.84
Feb-2025,RJ6,CROYDON HEALTH SERVICES NHS TRUST,C_120,Ear Nose and Throat Service,2831.0,1500.0,1231.0,100.0,52.98,3.53
Feb-2025,RJ6,CROYDON HEALTH SERVICES NHS TRUST,X02,Other - Medical Services,3063.0,2005.0,941.0,117.0,65.46,3.82
Feb-2025,RJ6,CROYDON HEALTH SERVICES NHS TRUST,C_400,Neurology Service,640.0,590.0,50.0,0.0,92.19,0.0
Feb-2025,RJZ,KING'S COLLEGE HOSPITAL NHS FOUNDATION TRUST,C_330,Dermatology Service,3017.0,1917.0,1052.0,48.0,63.54,1.59
Feb-2025,RJZ,KING'S COLLEGE HOSPITAL NHS FOUNDATION TRUST,C_301,Gastroenterology Service,2562.0,1622.0,923.0,17.0,63.31,0.66
Feb-2025,NN8,SPENCER PRIVATE HOSPITALS LTD,C_502,Gynaecology Service,959.0,543.0,375.0,41.0,56.62,4.28
Feb-2025,NT408,CHAUCER HOSPITAL,C_301,Gastroenterology Service,27.0,6.0,21.0,0.0,22.22,0.0
Feb-2025,NYR,HEALTHSHARE DIAGNOSTICS,C_330,Dermatology Service,643.0,341.0,301.0,1.0,53.03,0.16
Feb-2025,NYR,HEALTHSHARE DIAGNOSTICS,C_502,Gynaecology Service,438.0,326.0,105.0,7.0,74.43,1.6
Feb-2025,RN7,DARTFORD AND GRAVESHAM NHS TRUST,C_100,General Surgery Service,8084.0,4542.0,3165.0,377.0,56.19,4.66
Feb-2025,RN7,DARTFORD AND GRAVESHAM NHS TRUST,C_340,Respiratory Medicine Service,1482.0,970.0,504.0,8.0,65.45,0.54
Feb-2025,RPA,MEDWAY NHS FOUNDATION TRUST,C_400,Neurology Service,1645.0,676.0,959.0,10.0,41.09,0.61
Feb-2025,RVV,EAST KENT HOSPITALS UNIVERSITY NHS FOUNDATION TRUST,C_140,Oral Surgery Service,5752.0,2337.0,2960.0,455.0,40.63,7.91
Feb-2025,RVV,EAST KENT HOSPITALS UNIVERSITY NHS FOUNDATION TRUST,C_400,Neurology Service,1510.0,712.0,787.0,11.0,47.15,0.73
Feb-2025,RWF,MAIDSTONE AND TUNBRIDGE WELLS NHS TRUST,C_100,General Surgery Service,6069.0,4173.0,1896.0,0.0,68.76,0.0
Feb-2025,RWF,MAIDSTONE AND TUNBRIDGE WELLS NHS TRUST,C_120,Ear Nose and Throat Service,6043.0,3490.0,2553.0,0.0,57.75,0.0
Feb-2025,RWF,MAIDSTONE AND TUNBRIDGE WELLS NHS TRUST,C_130,Ophthalmology Service,5251.0,4125.0,1126.0,0.0,78.56,0.0
Feb-2025,RWF,MAIDSTONE AND TUNBRIDGE WELLS NHS TRUST,C_400,Neurology Service,1096.0,835.0,261.0,0.0,76.19,0.0
Feb-2025,H4I8B,NUFFIELD HEALTH THE HOLLY HOSPITAL,C_120,Ear Nose and Throat Service,365.0,344.0,20.0,1.0,94.25,0.27
Feb-2025,NT316,SPIRE HARPENDEN HOSPITAL,C_110,Trauma and Orthopaedic Service,322.0,307.0,15.0,0.0,95.34,0.0
Feb-2025,NVC15,PINEHILL HOSPITAL,C_130,Ophthalmology Service,129.0,112.0,17.0,0.0,86.82,0.0
Feb-2025,NVC19,RIVERS HOSPITAL,C_130,Ophthalmology Service,331.0,277.0,53.0,1.0,83.69,0.3
Feb-2025,RWG,WEST HERTFORDSHIRE TEACHING HOSPITALS NHS TRUST,C_410,Rheumatology Service,536.0,456.0,78.0,2.0,85.07,0.37
Feb-2025,NTP15,PRACTICE PLUS GROUP HOSPITAL - ILFORD,C_502,Gynaecology Service,1815.0,1640.0,167.0,8.0,90.36,0.44
Feb-2025,NTP15,PRACTICE PLUS GROUP HOSPITAL - ILFORD,C_120,Ear Nose and Throat Service,148.0,75.0,73.0,0.0,50.68,0.0
Feb-2025,RQX,HOMERTON HEALTHCARE NHS FOUNDATION TRUST,C_300,General Internal Medicine Service,516.0,121.0,351.0,44.0,23.45,8.53
Feb-2025,AY1,MEDEFER,X02,Other - Medical Services,913.0,705.0,206.0,2.0,77.22,0.22
Feb-2025,AY1,MEDEFER,C_999,Total,4011.0,3013.0,983.0,15.0,75.12,0.37
Feb-2025,AY1,MEDEFER,X05,Other - Surgical Services,192.0,128.0,64.0,0.0,66.67,0.0
Feb-2025,AY1,MEDEFER,C_502,Gynaecology Service,3.0,3.0,0.0,0.0,100.0,0.0
Feb-2025,G3Q3Z,NUFFIELD HEALTH HIGHGATE HOSPITAL,C_301,Gastroenterology Service,41.0,39.0,2.0,0.0,95.12,0.0
Feb-2025,NT416,HENDON HOSPITAL,X06,Other - Other Services,17.0,11.0,6.0,0.0,64.71,0.0
Feb-2025,NT325,SPIRE MURRAYFIELD HOSPITAL,C_999,Total,506.0,472.0,33.0,1.0,93.28,0.2
Feb-2025,NT337,SPIRE LIVERPOOL HOSPITAL,C_101,Urology Service,179.0,164.0,15.0,0.0,91.62,0.0
Feb-2025,NT337,SPIRE LIVERPOOL HOSPITAL,C_301,Gastroenterology Service,99.0,93.0,6.0,0.0,93.94,0.0
Feb-2025,RBL,WIRRAL UNIVERSITY TEACHING HOSPITAL NHS FOUNDATION TRUST,C_100,General Surgery Service,329.0,262.0,59.0,8.0,79.64,2.43
Feb-2025,RBN,MERSEY AND WEST LANCASHIRE TEACHING HOSPITALS NHS TRUST,C_140,Oral Surgery Service,1750.0,1427.0,323.0,0.0,81.54,0.0
Feb-2025,RBN,MERSEY AND WEST LANCASHIRE TEACHING HOSPITALS NHS TRUST,C_410,Rheumatology Service,1445.0,880.0,552.0,13.0,60.9,0.9
Feb-2025,RBQ,LIVERPOOL HEART AND CHEST HOSPITAL NHS FOUNDATION TRUST,C_170,Cardiothoracic Surgery Service,828.0,463.0,330.0,35.0,55.92,4.23
Feb-2025,RBT,MID CHESHIRE HOSPITALS NHS FOUNDATION TRUST,X06,Other - Other Services,694.0,621.0,68.0,5.0,89.48,0.72
Feb-2025,REM,LIVERPOOL UNIVERSITY HOSPITALS NHS FOUNDATION TRUST,C_320,Cardiology Service,2742.0,1998.0,742.0,2.0,72.87,0.07
Feb-2025,REM,LIVERPOOL UNIVERSITY HOSPITALS NHS FOUNDATION TRUST,X05,Other - Surgical Services,10273.0,5736.0,4418.0,119.0,55.84,1.16
Feb-2025,REM,LIVERPOOL UNIVERSITY HOSPITALS NHS FOUNDATION TRUST,X04,Other - Paediatric Services,927.0,388.0,525.0,14.0,41.86,1.51
Feb-2025,RJN,EAST CHESHIRE NHS TRUST,C_110,Trauma and Orthopaedic Service,1415.0,917.0,490.0,8.0,64.81,0.57
Feb-2025,RWW,WARRINGTON AND HALTON TEACHING HOSPITALS NHS FOUNDATION TRUST,C_100,General Surgery Service,768.0,496.0,258.0,14.0,64.58,1.82
Feb-2025,RWW,WARRINGTON AND HALTON TEACHING HOSPITALS NHS FOUNDATION TRUST,C_130,Ophthalmology Service,2609.0,2169.0,431.0,9.0,83.14,0.34
Feb-2025,NN4,TYNESIDE SURGICAL SERVICES LTD,C_160,Plastic Surgery Service,117.0,95.0,21.0,1.0,81.2,0.85
Feb-2025,NN4,TYNESIDE SURGICAL SERVICES LTD,X02,Other - Medical Services,183.0,171.0,12.0,0.0,93.44,0.0
Feb-2025,NPG22,SPAMEDICA STOCKTON-ON-TEES,C_999,Total,126.0,124.0,2.0,0.0,98.41,0.0
Feb-2025,NT237,"NUFFIELD HEALTH, TEES HOSPITAL",C_130,Ophthalmology Service,333.0,291.0,42.0,0.0,87.39,0.0
Feb-2025,NT333,SPIRE WASHINGTON HOSPITAL,C_100,General Surgery Service,127.0,105.0,22.0,0.0,82.68,0.0
Feb-2025,NVC0R,TEES VALLEY HOSPITAL,C_502,Gynaecology Service,267.0,174.0,92.0,1.0,65.17,0.37
Feb-2025,NVC0R,TEES VALLEY HOSPITAL,C_101,Urology Service,471.0,350.0,121.0,0.0,74.31,0.0
Feb-2025,R0B,SOUTH TYNESIDE AND SUNDERLAND NHS FOUNDATION TRUST,X06,Other - Other Services,4575.0,3912.0,662.0,1.0,85.51,0.02
Feb-2025,R0B,SOUTH TYNESIDE AND SUNDERLAND NHS FOUNDATION TRUST,X04,Other - Paediatric Services,2410.0,1807.0,602.0,1.0,74.98,0.04
Feb-2025,RAJ,MID AND SOUTH ESSEX NHS FOUNDATION TRUST,C_999,Total,170098.0,86641.0,73542.0,9915.0,50.94,5.83
Feb-2025,RAJ,MID AND SOUTH ESSEX NHS FOUNDATION TRUST,C_100,General Surgery Service,8653.0,4056.0,3866.0,731.0,46.87,8.45
Feb-2025,NT423,MANOR HOSPITAL,C_999,Total,899.0,574.0,317.0,8.0,63.85,0.89
Feb-2025,NVC44,THE WESTBOURNE CENTRE,C_140,Oral Surgery Service,2767.0,1835.0,930.0,2.0,66.32,0.07
Feb-2025,RRJ,THE ROYAL ORTHOPAEDIC HOSPITAL NHS FOUNDATION TRUST,C_300,General Internal Medicine Service,186.0,112.0,72.0,2.0,60.22,1.08
Feb-2025,RRK,UNIVERSITY HOSPITALS BIRMINGHAM NHS FOUNDATION TRUST,C_100,General Surgery Service,5849.0,2395.0,3144.0,310.0,40.95,5.3
Feb-2025,RRK,UNIVERSITY HOSPITALS BIRMINGHAM NHS FOUNDATION TRUST,C_320,Cardiology Service,5857.0,4005.0,1837.0,15.0,68.38,0.26
Feb-2025,RRK,UNIVERSITY HOSPITALS BIRMINGHAM NHS FOUNDATION TRUST,C_340,Respiratory Medicine Service,4904.0,2138.0,2460.0,306.0,43.6,6.24
Feb-2025,RRK,UNIVERSITY HOSPITALS BIRMINGHAM NHS FOUNDATION TRUST,X05,Other - Surgical Services,7570.0,4130.0,3082.0,358.0,54.56,4.73
Feb-2025,RRK,UNIVERSITY HOSPITALS BIRMINGHAM NHS FOUNDATION TRUST,C_999,Total,112137.0,57604.0,49825.0,4708.0,51.37,4.2
Feb-2025,RNN,NORTH CUMBRIA INTEGRATED CARE NHS FOUNDATION TRUST,C_410,Rheumatology Service,1175.0,648.0,506.0,21.0,55.15,1.79
Feb-2025,RR7,GATESHEAD HEALTH NHS FOUNDATION TRUST,C_410,Rheumatology Service,560.0,403.0,157.0,0.0,71.96,0.0
Feb-2025,RTD,THE NEWCASTLE UPON TYNE HOSPITALS NHS FOUNDATION TRUST,C_120,Ear Nose and Throat Service,10199.0,6573.0,3415.0,211.0,64.45,2.07
Feb-2025,RTD,THE NEWCASTLE UPON TYNE HOSPITALS NHS FOUNDATION TRUST,C_410,Rheumatology Service,1110.0,865.0,239.0,6.0,77.93,0.54
Feb-2025,RTF,NORTHUMBRIA HEALTHCARE NHS FOUNDATION TRUST,C_140,Oral Surgery Service,2302.0,1105.0,1193.0,4.0,48.0,0.17
Feb-2025,RTR,SOUTH TEES HOSPITALS NHS FOUNDATION TRUST,C_101,Urology Service,4471.0,2541.0,1843.0,87.0,56.83,1.95
Feb-2025,RGR,WEST SUFFOLK NHS FOUNDATION TRUST,C_110,Trauma and Orthopaedic Service,4237.0,1973.0,2061.0,203.0,46.57,4.79
Feb-2025,NT233,"NUFFIELD HEALTH, PLYMOUTH HOSPITAL",C_101,Urology Service,19.0,13.0,6.0,0.0,68.42,0.0
Feb-2025,NTPH5,PRACTICE PLUS GROUP HOSPITAL - PLYMOUTH,C_130,Ophthalmology Service,59.0,58.0,1.0,0.0,98.31,0.0
Feb-2025,RA9,TORBAY AND SOUTH DEVON NHS FOUNDATION TRUST,C_410,Rheumatology Service,699.0,579.0,120.0,0.0,82.83,0.0
Feb-2025,RH8,ROYAL DEVON UNIVERSITY HEALTHCARE NHS FOUNDATION TRUST,C_320,Cardiology Service,5750.0,3221.0,2186.0,343.0,56.02,5.97
Feb-2025,ACG26,NEWMEDICA - NORTH DERBYSHIRE - MIDLAND COURT,C_999,Total,1009.0,903.0,104.0,2.0,89.49,0.2
Feb-2025,RFS,CHESTERFIELD ROYAL HOSPITAL NHS FOUNDATION TRUST,C_140,Oral Surgery Service,1932.0,905.0,983.0,44.0,46.84,2.28
Feb-2025,NT446,ST EDMUNDS HOSPITAL,X06,Other - Other Services,1.0,0.0,1.0,0.0,0.0,0.0
Feb-2025,RK9,UNIVERSITY HOSPITALS PLYMOUTH NHS TRUST,X06,Other - Other Services,816.0,685.0,116.0,15.0,83.95,1.84
Feb-2025,NT450,LINCOLN PRIVATE HOSPITAL,C_100,General Surgery Service,18.0,15.0,3.0,0.0,83.33,0.0
Feb-2025,NT450,LINCOLN PRIVATE HOSPITAL,C_999,Total,1401.0,948.0,443.0,10.0,67.67,0.71
Feb-2025,NVC27,BOSTON WEST HOSPITAL,C_101,Urology Service,150.0,126.0,22.0,2.0,84.0,1.33
Feb-2025,RWD,UNITED LINCOLNSHIRE TEACHING HOSPITALS NHS TRUST,C_170,Cardiothoracic Surgery Service,44.0,19.0,25.0,0.0,43.18,0.0
Feb-2025,A4Q9X,NEWMEDICA LEICESTER,C_130,Ophthalmology Service,219.0,216.0,3.0,0.0,98.63,0.0
Feb-2025,A4Q9X,NEWMEDICA LEICESTER,C_999,Total,219.0,216.0,3.0,0.0,98.63,0.0
Feb-2025,RWE,UNIVERSITY HOSPITALS OF LEICESTER NHS TRUST,C_170,Cardiothoracic Surgery Service,631.0,432.0,197.0,2.0,68.46,0.32
Feb-2025,NT406,BLACKHEATH HOSPITAL,C_101,Urology Service,325.0,253.0,72.0,0.0,77.85,0.0
Feb-2025,NT409,CHELSFIELD PARK HOSPITAL,C_999,Total,590.0,483.0,104.0,3.0,81.86,0.51
Feb-2025,NT409,CHELSFIELD PARK HOSPITAL,C_120,Ear Nose and Throat Service,10.0,7.0,3.0,0.0,70.0,0.0
Feb-2025,RJ1,GUY'S AND ST THOMAS' NHS FOUNDATION TRUST,X02,Other - Medical Services,18793.0,12933.0,5728.0,132.0,68.82,0.7
Feb-2025,RJ1,GUY'S AND ST THOMAS' NHS FOUNDATION TRUST,C_330,Dermatology Service,8847.0,5137.0,3652.0,58.0,58.06,0.66
Feb-2025,RJ1,GUY'S AND ST THOMAS' NHS FOUNDATION TRUST,C_320,Cardiology Service,11969.0,6599.0,5249.0,121.0,55.13,1.01
Feb-2025,RJ2,LEWISHAM AND GREENWICH NHS TRUST,C_120,Ear Nose and Throat Service,8774.0,4146.0,4180.0,448.0,47.25,5.11
Feb-2025,NT347,SPIRE FYLDE COAST HOSPITAL,C_400,Neurology Service,1.0,1.0,0.0,0.0,100.0,0.0
Feb-2025,NT403,BEARDWOOD HOSPITAL,C_301,Gastroenterology Service,41.0,32.0,9.0,0.0,78.05,0.0
Feb-2025,R1G7E,SPAMEDICA KENDAL,C_999,Total,194.0,191.0,3.0,0.0,98.45,0.0
Feb-2025,RTX,UNIVERSITY HOSPITALS OF MORECAMBE BAY NHS FOUNDATION TRUST,C_101,Urology Service,2582.0,1708.0,845.0,29.0,66.15,1.12
Feb-2025,RTX,UNIVERSITY HOSPITALS OF MORECAMBE BAY NHS FOUNDATION TRUST,C_430,Elderly Medicine Service,178.0,167.0,11.0,0.0,93.82,0.0
Feb-2025,RW5,LANCASHIRE & SOUTH CUMBRIA NHS FOUNDATION TRUST,C_110,Trauma and Orthopaedic Service,2342.0,2313.0,29.0,0.0,98.76,0.0
Feb-2025,RXL,BLACKPOOL TEACHING HOSPITALS NHS FOUNDATION TRUST,C_110,Trauma and Orthopaedic Service,2905.0,1566.0,1274.0,65.0,53.91,2.24
Feb-2025,RXL,BLACKPOOL TEACHING HOSPITALS NHS FOUNDATION TRUST,C_170,Cardiothoracic Surgery Service,624.0,385.0,215.0,24.0,61.7,3.85
Feb-2025,RXL,BLACKPOOL TEACHING HOSPITALS NHS FOUNDATION TRUST,C_430,Elderly Medicine Service,54.0,53.0,1.0,0.0,98.15,0.0
Feb-2025,RXN,LANCASHIRE TEACHING HOSPITALS NHS FOUNDATION TRUST,C_330,Dermatology Service,1961.0,1071.0,875.0,15.0,54.61,0.76
Feb-2025,RXR,EAST LANCASHIRE HOSPITALS NHS TRUST,C_410,Rheumatology Service,997.0,644.0,351.0,2.0,64.59,0.2
Feb-2025,B3M1X,CLAREMONT PRIVATE HOSPITAL,C_999,Total,1950.0,1521.0,419.0,10.0,78.0,0.51
Feb-2025,B3M1X,CLAREMONT PRIVATE HOSPITAL,C_120,Ear Nose and Throat Service,173.0,154.0,19.0,0.0,89.02,0.0
Feb-2025,NT440,THORNBURY HOSPITAL,C_100,General Surgery Service,77.0,69.0,8.0,0.0,89.61,0.0
Feb-2025,RFF,BARNSLEY HOSPITAL NHS FOUNDATION TRUST,C_140,Oral Surgery Service,1639.0,939.0,680.0,20.0,57.29,1.22
Feb-2025,RHQ,SHEFFIELD TEACHING HOSPITALS NHS FOUNDATION TRUST,X02,Other - Medical Services,12326.0,8578.0,3652.0,96.0,69.59,0.78
Feb-2025,RHQ,SHEFFIELD TEACHING HOSPITALS NHS FOUNDATION TRUST,C_301,Gastroenterology Service,3597.0,2407.0,1184.0,6.0,66.92,0.17
Feb-2025,RP5,DONCASTER AND BASSETLAW TEACHING HOSPITALS NHS FOUNDATION TRUST,C_320,Cardiology Service,2832.0,1919.0,893.0,20.0,67.76,0.71
Feb-2025,RP5,DONCASTER AND BASSETLAW TEACHING HOSPITALS NHS FOUNDATION TRUST,C_999,Total,56377.0,34086.0,20614.0,1677.0,60.46,2.97
Feb-2025,RLQ,WYE VALLEY NHS TRUST,C_320,Cardiology Service,1569.0,756.0,740.0,73.0,48.18,4.65
Feb-2025,NT204,"NUFFIELD HEALTH, BRENTWOOD HOSPITAL",C_101,Urology Service,156.0,110.0,43.0,3.0,70.51,1.92
Feb-2025,F9Z4V,CIRCLE READING HOSPITAL,X06,Other - Other Services,33.0,30.0,3.0,0.0,90.91,0.0
Feb-2025,RHW,ROYAL BERKSHIRE NHS FOUNDATION TRUST,C_160,Plastic Surgery Service,311.0,243.0,67.0,1.0,78.14,0.32
Feb-2025,RTH,OXFORD UNIVERSITY HOSPITALS NHS FOUNDATION TRUST,C_301,Gastroenterology Service,5225.0,3331.0,1888.0,6.0,63.75,0.11
Feb-2025,RTH,OXFORD UNIVERSITY HOSPITALS NHS FOUNDATION TRUST,C_400,Neurology Service,3490.0,1886.0,1527.0,77.0,54.04,2.21
Feb-2025,RAS,THE HILLINGDON HOSPITALS NHS FOUNDATION TRUST,C_140,Oral Surgery Service,1725.0,934.0,781.0,10.0,54.14,0.58
Feb-2025,RPY,THE ROYAL MARSDEN NHS FOUNDATION TRUST,X02,Other - Medical Services,632.0,608.0,23.0,1.0,96.2,0.16
Feb-2025,RPY,THE ROYAL MARSDEN NHS FOUNDATION TRUST,X04,Other - Paediatric Services,6.0,5.0,1.0,0.0,83.33,0.0
Feb-2025,RQM,CHELSEA AND WESTMINSTER HOSPITAL NHS FOUNDATION TRUST,C_101,Urology Service,6917.0,3869.0,3011.0,37.0,55.93,0.53
Feb-2025,RYJ,IMPERIAL COLLEGE HEALTHCARE NHS TRUST,X06,Other - Other Services,277.0,253.0,24.0,0.0,91.34,0.0
Feb-2025,RYJ,IMPERIAL COLLEGE HEALTHCARE NHS TRUST,C_101,Urology Service,2867.0,1784.0,1044.0,39.0,62.23,1.36
Feb-2025,RYJ,IMPERIAL COLLEGE HEALTHCARE NHS TRUST,C_100,General Surgery Service,2364.0,1032.0,1185.0,147.0,43.65,6.22
Feb-2025,RH5,SOMERSET NHS FOUNDATION TRUST,C_110,Trauma and Orthopaedic Service,8221.0,4754.0,3049.0,418.0,57.83,5.08
Feb-2025,RH5,SOMERSET NHS FOUNDATION TRUST,C_999,Total,59283.0,36448.0,21429.0,1406.0,61.48,2.37
Feb-2025,NT30A,SPIRE NOTTINGHAM HOSPITAL,C_999,Total,541.0,431.0,110.0,0.0,79.67,0.0
Feb-2025,NT30A,SPIRE NOTTINGHAM HOSPITAL,C_101,Urology Service,50.0,46.0,4.0,0.0,92.0,0.0
Feb-2025,RK5,SHERWOOD FOREST HOSPITALS NHS FOUNDATION TRUST,C_301,Gastroenterology Service,3359.0,2156.0,1194.0,9.0,64.19,0.27
Feb-2025,RK5,SHERWOOD FOREST HOSPITALS NHS FOUNDATION TRUST,C_160,Plastic Surgery Service,132.0,107.0,25.0,0.0,81.06,0.0
Feb-2025,RX1,NOTTINGHAM UNIVERSITY HOSPITALS NHS TRUST,C_120,Ear Nose and Throat Service,7786.0,4014.0,3448.0,324.0,51.55,4.16
Feb-2025,REF,ROYAL CORNWALL HOSPITALS NHS TRUST,C_140,Oral Surgery Service,2646.0,1865.0,746.0,35.0,70.48,1.32
Feb-2025,RXQ,BUCKINGHAMSHIRE HEALTHCARE NHS TRUST,X06,Other - Other Services,501.0,398.0,102.0,1.0,79.44,0.2
Feb-2025,NT212,"NUFFIELD HEALTH, CHICHESTER HOSPITAL",C_140,Oral Surgery Service,5.0,2.0,2.0,1.0,40.0,20.0
Feb-2025,NT417,GORING HALL HOSPITAL,C_101,Urology Service,42.0,17.0,25.0,0.0,40.48,0.0
Feb-2025,RYR,UNIVERSITY HOSPITALS SUSSEX NHS FOUNDATION TRUST,X05,Other - Surgical Services,15553.0,7493.0,6982.0,1078.0,48.18,6.93
Feb-2025,RYR,UNIVERSITY HOSPITALS SUSSEX NHS FOUNDATION TRUST,X02,Other - Medical Services,7072.0,3410.0,3379.0,283.0,48.22,4.0
Feb-2025,RKE,WHITTINGTON HEALTH NHS TRUST,X04,Other - Paediatric Services,3.0,0.0,3.0,0.0,0.0,0.0
Feb-2025,RP4,GREAT ORMOND STREET HOSPITAL FOR CHILDREN NHS FOUNDATION TRUST,X02,Other - Medical Services,1628.0,1332.0,289.0,7.0,81.82,0.43
Feb-2025,RRV,UNIVERSITY COLLEGE LONDON HOSPITALS NHS FOUNDATION TRUST,C_999,Total,72963.0,42952.0,28723.0,1288.0,58.87,1.77
Feb-2025,NT318,SPIRE NORWICH HOSPITAL,C_110,Trauma and Orthopaedic Service,307.0,295.0,12.0,0.0,96.09,0.0
Feb-2025,RGP,JAMES PAGET UNIVERSITY HOSPITALS NHS FOUNDATION TRUST,C_502,Gynaecology Service,2706.0,1228.0,1302.0,176.0,45.38,6.5
Feb-2025,RGP,JAMES PAGET UNIVERSITY HOSPITALS NHS FOUNDATION TRUST,C_400,Neurology Service,1761.0,876.0,795.0,90.0,49.74,5.11
Feb-2025,RJE,UNIVERSITY HOSPITALS OF NORTH MIDLANDS NHS TRUST,C_160,Plastic Surgery Service,1316.0,763.0,532.0,21.0,57.98,1.6
Feb-2025,RJE,UNIVERSITY HOSPITALS OF NORTH MIDLANDS NHS TRUST,C_410,Rheumatology Service,5.0,4.0,1.0,0.0,80.0,0.0
Feb-2025,RRE,MIDLANDS PARTNERSHIP UNIVERSITY NHS FOUNDATION TRUST,C_400,Neurology Service,97.0,47.0,50.0,0.0,48.45,0.0
Feb-2025,C5Y9L,NEWMEDICA - BERKSHIRE - BRACKNELL,C_130,Ophthalmology Service,16.0,16.0,0.0,0.0,100.0,0.0
Feb-2025,NT345,SPIRE CLARE PARK HOSPITAL,X05,Other - Surgical Services,17.0,12.0,5.0,0.0,70.59,0.0
Feb-2025,RDU,FRIMLEY HEALTH NHS FOUNDATION TRUST,C_430,Elderly Medicine Service,29.0,27.0,2.0,0.0,93.1,0.0
Feb-2025,B9M3W,SPAMEDICA SOUTHAMPTON,C_130,Ophthalmology Service,127.0,126.0,1.0,0.0,99.21,0.0
Feb-2025,L4R3R,NEWMEDICA - HAMPSHIRE,C_130,Ophthalmology Service,589.0,525.0,64.0,0.0,89.13,0.0
Feb-2025,NTPAD,PRACTICE PLUS GROUP SURGICAL CENTRE - ST MARYS PORTSMOUTH,C_130,Ophthalmology Service,486.0,478.0,8.0,0.0,98.35,0.0
Feb-2025,NTPAD,PRACTICE PLUS GROUP SURGICAL CENTRE - ST MARYS PORTSMOUTH,C_320,Cardiology Service,20.0,20.0,0.0,0.0,100.0,0.0
Feb-2025,R1F,ISLE OF WIGHT NHS TRUST,C_100,General Surgery Service,796.0,404.0,388.0,4.0,50.75,0.5
Feb-2025,R1F,ISLE OF WIGHT NHS TRUST,C_300,General Internal Medicine Service,1.0,1.0,0.0,0.0,100.0,0.0
Feb-2025,R1F,ISLE OF WIGHT NHS TRUST,X03,Other - Mental Health Services,9.0,5.0,4.0,0.0,55.56,0.0
Feb-2025,RHM,UNIVERSITY HOSPITAL SOUTHAMPTON NHS FOUNDATION TRUST,C_410,Rheumatology Service,689.0,543.0,146.0,0.0,78.81,0.0
Feb-2025,RCD,HARROGATE AND DISTRICT NHS FOUNDATION TRUST,C_410,Rheumatology Service,362.0,307.0,54.0,1.0,84.81,0.28
Feb-2025,G3Z1Q,SULIS HOSPITAL BATH (FOXCOTE AVENUE),C_110,Trauma and Orthopaedic Service,1782.0,1336.0,441.0,5.0,74.97,0.28
Feb-2025,G3Z1Q,SULIS HOSPITAL BATH (FOXCOTE AVENUE),C_130,Ophthalmology Service,334.0,313.0,21.0,0.0,93.71,0.0
Feb-2025,NT402,BATH CLINIC,C_120,Ear Nose and Throat Service,1.0,1.0,0.0,0.0,100.0,0.0
Feb-2025,NTPH3,PRACTICE PLUS GROUP SURGICAL CENTRE - DEVIZES,C_100,General Surgery Service,115.0,90.0,24.0,1.0,78.26,0.87
Feb-2025,RD1,ROYAL UNITED HOSPITALS BATH NHS FOUNDATION TRUST,X04,Other - Paediatric Services,1157.0,908.0,243.0,6.0,78.48,0.52
Feb-2025,RN3,GREAT WESTERN HOSPITALS NHS FOUNDATION TRUST,C_301,Gastroenterology Service,3157.0,2029.0,1117.0,11.0,64.27,0.35
Feb-2025,RNZ,SALISBURY NHS FOUNDATION TRUST,C_140,Oral Surgery Service,2041.0,994.0,916.0,131.0,48.7,6.42
Feb-2025,K8I4X,GLENDON WOOD HOSPITAL,C_999,Total,1680.0,1204.0,462.0,14.0,71.67,0.83
Feb-2025,RNQ,KETTERING GENERAL HOSPITAL NHS FOUNDATION TRUST,C_101,Urology Service,1499.0,1071.0,427.0,1.0,71.45,0.07
Feb-2025,RNS,NORTHAMPTON GENERAL HOSPITAL NHS TRUST,C_999,Total,41253.0,25736.0,14793.0,724.0,62.39,1.76
Feb-2025,RNS,NORTHAMPTON GENERAL HOSPITAL NHS TRUST,C_400,Neurology Service,1304.0,898.0,406.0,0.0,68.87,0.0
Feb-2025,RNS,NORTHAMPTON GENERAL HOSPITAL NHS TRUST,C_430,Elderly Medicine Service,98.0,67.0,31.0,0.0,68.37,0.0
Feb-2025,AAH,TETBURY HOSPITAL TRUST LTD,C_502,Gynaecology Service,22.0,20.0,1.0,1.0,90.91,4.55
Feb-2025,ACG13,NEWMEDICA - GLOUCESTER (ASPEN MEDICAL CENTRE),C_999,Total,281.0,250.0,31.0,0.0,88.97,0.0
Feb-2025,NT211,"NUFFIELD HEALTH, CHELTENHAM HOSPITAL",C_101,Urology Service,12.0,1.0,2.0,9.0,8.33,75.0
Feb-2025,RTE,GLOUCESTERSHIRE HOSPITALS NHS FOUNDATION TRUST,C_170,Cardiothoracic Surgery Service,11.0,11.0,0.0,0.0,100.0,0.0
Feb-2025,RHU,PORTSMOUTH HOSPITALS UNIVERSITY NATIONAL HEALTH SERVICE TRUST,C_110,Trauma and Orthopaedic Service,5586.0,2711.0,2722.0,153.0,48.53,2.74
Feb-2025,RHU,PORTSMOUTH HOSPITALS UNIVERSITY NATIONAL HEALTH SERVICE TRUST,C_301,Gastroenterology Service,6698.0,2864.0,3582.0,252.0,42.76,3.76
Feb-2025,RHU,PORTSMOUTH HOSPITALS UNIVERSITY NATIONAL HEALTH SERVICE TRUST,X06,Other - Other Services,3388.0,1526.0,1473.0,389.0,45.04,11.48
Feb-2025,RN5,HAMPSHIRE HOSPITALS NHS FOUNDATION TRUST,C_110,Trauma and Orthopaedic Service,5849.0,3167.0,2485.0,197.0,54.15,3.37
Feb-2025,RN5,HAMPSHIRE HOSPITALS NHS FOUNDATION TRUST,C_301,Gastroenterology Service,4401.0,2694.0,1611.0,96.0,61.21,2.18
Feb-2025,RN5,HAMPSHIRE HOSPITALS NHS FOUNDATION TRUST,X04,Other - Paediatric Services,1820.0,1204.0,583.0,33.0,66.15,1.81
Feb-2025,RN5,HAMPSHIRE HOSPITALS NHS FOUNDATION TRUST,C_170,Cardiothoracic Surgery Service,1.0,0.0,1.0,0.0,0.0,0.0
Feb-2025,RW1,HAMPSHIRE AND ISLE OF WIGHT HEALTHCARE NHS FOUNDATION TRUST,C_120,Ear Nose and Throat Service,60.0,58.0,2.0,0.0,96.67,0.0
Feb-2025,NT411,CLEMENTINE CHURCHILL HOSPITAL,C_100,General Surgery Service,282.0,276.0,6.0,0.0,97.87,0.0
Feb-2025,R1K,LONDON NORTH WEST UNIVERSITY HEALTHCARE NHS TRUST,C_160,Plastic Surgery Service,69.0,38.0,29.0,2.0,55.07,2.9
Feb-2025,R1K,LONDON NORTH WEST UNIVERSITY HEALTHCARE NHS TRUST,C_430,Elderly Medicine Service,90.0,65.0,25.0,0.0,72.22,0.0
Feb-2025,RL1,THE ROBERT JONES AND AGNES HUNT ORTHOPAEDIC HOSPITAL NHS FOUNDATION TRUST,C_410,Rheumatology Service,1739.0,670.0,992.0,77.0,38.53,4.43
Feb-2025,RL1,THE ROBERT JONES AND AGNES HUNT ORTHOPAEDIC HOSPITAL NHS FOUNDATION TRUST,C_400,Neurology Service,412.0,271.0,140.0,1.0,65.78,0.24
Feb-2025,RL1,THE ROBERT JONES AND AGNES HUNT ORTHOPAEDIC HOSPITAL NHS FOUNDATION TRUST,C_300,General Internal Medicine Service,3294.0,2142.0,1140.0,12.0,65.03,0.36
Feb-2025,RXW,THE SHREWSBURY AND TELFORD HOSPITAL NHS TRUST,C_120,Ear Nose and Throat Service,5129.0,1857.0,2880.0,392.0,36.21,7.64
Feb-2025,RXW,THE SHREWSBURY AND TELFORD HOSPITAL NHS TRUST,C_330,Dermatology Service,4092.0,1945.0,1980.0,167.0,47.53,4.08
Feb-2025,RXW,THE SHREWSBURY AND TELFORD HOSPITAL NHS TRUST,X04,Other - Paediatric Services,1473.0,662.0,769.0,42.0,44.94,2.85
Feb-2025,V5F1D,SPAMEDICA TELFORD,C_130,Ophthalmology Service,92.0,91.0,1.0,0.0,98.91,0.0
Feb-2025,NPG08,SPAMEDICA BOLTON,C_130,Ophthalmology Service,180.0,177.0,3.0,0.0,98.33,0.0
Feb-2025,NRP,BEACON MEDICAL SERVICES GROUP LIMITED,C_301,Gastroenterology Service,157.0,157.0,0.0,0.0,100.0,0.0
Feb-2025,NT420,HIGHFIELD HOSPITAL,C_100,General Surgery Service,71.0,69.0,2.0,0.0,97.18,0.0
Feb-2025,R0A,MANCHESTER UNIVERSITY NHS FOUNDATION TRUST,C_110,Trauma and Orthopaedic Service,14530.0,6147.0,7541.0,842.0,42.31,5.79
Feb-2025,R0A,MANCHESTER UNIVERSITY NHS FOUNDATION TRUST,C_301,Gastroenterology Service,12239.0,7306.0,4655.0,278.0,59.69,2.27
Feb-2025,R0A,MANCHESTER UNIVERSITY NHS FOUNDATION TRUST,C_340,Respiratory Medicine Service,3618.0,2844.0,760.0,14.0,78.61,0.39
Feb-2025,RM3,NORTHERN CARE ALLIANCE NHS FOUNDATION TRUST,X05,Other - Surgical Services,7794.0,5054.0,2611.0,129.0,64.84,1.66
Feb-2025,RMC,BOLTON NHS FOUNDATION TRUST,C_320,Cardiology Service,3391.0,1546.0,1765.0,80.0,45.59,2.36
Feb-2025,RMC,BOLTON NHS FOUNDATION TRUST,C_502,Gynaecology Service,3781.0,1852.0,1787.0,142.0,48.98,3.76
Feb-2025,RWJ,STOCKPORT NHS FOUNDATION TRUST,C_101,Urology Service,2188.0,1415.0,701.0,72.0,64.67,3.29
Feb-2025,ACG12,NEWMEDICA COMMUNITY OPHTHALMOLOGY - NORTH EAST LINCOLNSHIRE - GRIMSBY,C_130,Ophthalmology Service,626.0,551.0,75.0,0.0,88.02,0.0
Feb-2025,ACG22,NEWMEDICA - BRIGG - RIVERSIDE SURGERY,C_130,Ophthalmology Service,708.0,667.0,41.0,0.0,94.21,0.0
Feb-2025,NTE02,ST HUGH'S HOSPITAL,C_130,Ophthalmology Service,46.0,32.0,14.0,0.0,69.57,0.0
Feb-2025,NTE02,ST HUGH'S HOSPITAL,C_502,Gynaecology Service,291.0,208.0,82.0,1.0,71.48,0.34
Feb-2025,RCB,YORK AND SCARBOROUGH TEACHING HOSPITALS NHS FOUNDATION TRUST,C_430,Elderly Medicine Service,131.0,128.0,3.0,0.0,97.71,0.0
Feb-2025,NT241,"NUFFIELD HEALTH, WOKING HOSPITAL",C_101,Urology Service,32.0,26.0,5.0,1.0,81.25,3.13
Feb-2025,NT455,MOUNT ALVERNIA HOSPITAL,C_110,Trauma and Orthopaedic Service,93.0,70.0,23.0,0.0,75.27,0.0
Feb-2025,NVC11,NORTH DOWNS HOSPITAL,C_301,Gastroenterology Service,25.0,15.0,7.0,3.0,60.0,12.0
Feb-2025,NVM,EPSOMEDICAL GROUP,X05,Other - Surgical Services,53.0,40.0,13.0,0.0,75.47,0.0
Feb-2025,NVM,EPSOMEDICAL GROUP,C_160,Plastic Surgery Service,320.0,241.0,78.0,1.0,75.31,0.31
Feb-2025,NVM,EPSOMEDICAL GROUP,C_120,Ear Nose and Throat Service,257.0,252.0,5.0,0.0,98.05,0.0
Feb-2025,NVM,EPSOMEDICAL GROUP,C_301,Gastroenterology Service,328.0,313.0,15.0,0.0,95.43,0.0
Feb-2025,RA2,ROYAL SURREY COUNTY HOSPITAL NHS FOUNDATION TRUST,C_430,Elderly Medicine Service,18.0,18.0,0.0,0.0,100.0,0.0
Feb-2025,RJ7,ST GEORGE'S UNIVERSITY HOSPITALS NHS FOUNDATION TRUST,C_170,Cardiothoracic Surgery Service,249.0,182.0,66.0,1.0,73.09,0.4
Feb-2025,RJ7,ST GEORGE'S UNIVERSITY HOSPITALS NHS FOUNDATION TRUST,C_330,Dermatology Service,4888.0,3249.0,1615.0,24.0,66.47,0.49
Feb-2025,RJ7,ST GEORGE'S UNIVERSITY HOSPITALS NHS FOUNDATION TRUST,C_340,Respiratory Medicine Service,3258.0,2229.0,1018.0,11.0,68.42,0.34
Feb-2025,RJ7,ST GEORGE'S UNIVERSITY HOSPITALS NHS FOUNDATION TRUST,C_999,Total,69715.0,42924.0,25708.0,1083.0,61.57,1.55
Feb-2025,RVR,EPSOM AND ST HELIER UNIVERSITY HOSPITALS NHS TRUST,C_300,General Internal Medicine Service,229.0,138.0,86.0,5.0,60.26,2.18
Feb-2025,ACG19,NEWMEDICA COMMUNITY OPHTHALMOLOGY - LEEDS,C_999,Total,627.0,618.0,9.0,0.0,98.56,0.0
Feb-2025,NT225,"NUFFIELD HEALTH, LEEDS HOSPITAL",C_101,Urology Service,1.0,0.0,1.0,0.0,0.0,0.0
Feb-2025,NT225,"NUFFIELD HEALTH, LEEDS HOSPITAL",X02,Other - Medical Services,1.0,0.0,0.0,1.0,0.0,100.0
Feb-2025,NT348,SPIRE ELLAND HOSPITAL,X05,Other - Surgical Services,202.0,171.0,30.0,1.0,84.65,0.5
Feb-2025,NT348,SPIRE ELLAND HOSPITAL,C_502,Gynaecology Service,81.0,74.0,7.0,0.0,91.36,0.0
Feb-2025,NT350,SPIRE METHLEY PARK HOSPITAL,X05,Other - Surgical Services,1.0,1.0,0.0,0.0,100.0,0.0
Feb-2025,NVC20,THE YORKSHIRE CLINIC,C_160,Plastic Surgery Service,235.0,103.0,128.0,4.0,43.83,1.7
Feb-2025,NVC20,THE YORKSHIRE CLINIC,X06,Other - Other Services,8.0,4.0,4.0,0.0,50.0,0.0
Feb-2025,P0C3F,SPAMEDICA LEEDS,C_999,Total,122.0,115.0,7.0,0.0,94.26,0.0
Feb-2025,RCF,AIREDALE NHS FOUNDATION TRUST,C_330,Dermatology Service,55.0,55.0,0.0,0.0,100.0,0.0
Feb-2025,RR8,LEEDS TEACHING HOSPITALS NHS TRUST,C_430,Elderly Medicine Service,21.0,21.0,0.0,0.0,100.0,0.0
Feb-2025,RWY,CALDERDALE AND HUDDERSFIELD NHS FOUNDATION TRUST,X04,Other - Paediatric Services,1340.0,1104.0,236.0,0.0,82.39,0.0
Feb-2025,RXF,MID YORKSHIRE TEACHING NHS TRUST,C_300,General Internal Medicine Service,31.0,30.0,1.0,0.0,96.77,0.0
Feb-2025,RJC,SOUTH WARWICKSHIRE UNIVERSITY NHS FOUNDATION TRUST,C_340,Respiratory Medicine Service,952.0,530.0,421.0,1.0,55.67,0.11
Feb-2025,RKB,UNIVERSITY HOSPITALS COVENTRY AND WARWICKSHIRE NHS TRUST,C_430,Elderly Medicine Service,108.0,106.0,2.0,0.0,98.15,0.0
Feb-2025,RLT,GEORGE ELIOT HOSPITAL NHS TRUST,C_160,Plastic Surgery Service,264.0,128.0,112.0,24.0,48.48,9.09
Feb-2025,M7C9Q,SPAMEDICA EPSOM,C_130,Ophthalmology Service,202.0,197.0,5.0,0.0,97.52,0.0
Feb-2025,NNE,DORKING HEALTHCARE LIMITED (DHC),C_400,Neurology Service,451.0,408.0,43.0,0.0,90.47,0.0
Feb-2025,RBK,WALSALL HEALTHCARE NHS TRUST,C_110,Trauma and Orthopaedic Service,3686.0,2225.0,1376.0,85.0,60.36,2.31
Feb-2025,RL4,THE ROYAL WOLVERHAMPTON NHS TRUST,C_502,Gynaecology Service,6865.0,2987.0,3627.0,251.0,43.51,3.66
Feb-2025,RNA,THE DUDLEY GROUP NHS FOUNDATION TRUST,C_502,Gynaecology Service,3960.0,2006.0,1753.0,201.0,50.66,5.08
Feb-2025,RNA,THE DUDLEY GROUP NHS FOUNDATION TRUST,X02,Other - Medical Services,3090.0,2039.0,1038.0,13.0,65.99,0.42
Feb-2025,NVC06,FITZWILLIAM HOSPITAL,C_130,Ophthalmology Service,196.0,132.0,64.0,0.0,67.35,0.0
Feb-2025,NVC06,FITZWILLIAM HOSPITAL,C_410,Rheumatology Service,16.0,5.0,11.0,0.0,31.25,0.0
Feb-2025,RGN,NORTH WEST ANGLIA NHS FOUNDATION TRUST,X04,Other - Paediatric Services,1038.0,678.0,359.0,1.0,65.32,0.1
Feb-2025,RGT,CAMBRIDGE UNIVERSITY HOSPITALS NHS FOUNDATION TRUST,C_320,Cardiology Service,3302.0,1731.0,1434.0,137.0,52.42,4.15
Feb-2025,RT1,CAMBRIDGESHIRE AND PETERBOROUGH NHS FOUNDATION TRUST,X06,Other - Other Services,315.0,116.0,120.0,79.0,36.83,25.08
Feb-2025,S3H9L,THE HAMPTONS HOSPITAL LTD,C_320,Cardiology Service,118.0,117.0,1.0,0.0,99.15,0.0
Feb-2025,S3H9L,THE HAMPTONS HOSPITAL LTD,X02,Other - Medical Services,10.0,4.0,6.0,0.0,40.0,0.0
Feb-2025,NFH,SOMERSET SURGICAL SERVICES HQ,C_130,Ophthalmology Service,275.0,256.0,19.0,0.0,93.09,0.0
Feb-2025,NTPH2,PRACTICE PLUS GROUP HOSPITAL - EMERSONS GREEN,C_502,Gynaecology Service,393.0,336.0,57.0,0.0,85.5,0.0
Feb-2025,NWV01,GP CARE UK,C_101,Urology Service,572.0,572.0,0.0,0.0,100.0,0.0
Feb-2025,R0D,UNIVERSITY HOSPITALS DORSET NHS FOUNDATION TRUST,C_330,Dermatology Service,3314.0,2184.0,1061.0,69.0,65.9,2.08
Feb-2025,NT3X3,SPIRE ST ANTHONY'S HOSPITAL,C_101,Urology Service,4.0,4.0,0.0,0.0,100.0,0.0
Feb-2025,NT436,SHIRLEY OAKS HOSPITAL,X06,Other - Other Services,76.0,59.0,16.0,1.0,77.63,1.32
Feb-2025,R0F4N,NUFFIELD HEALTH PARKSIDE HOSPITAL,C_120,Ear Nose and Throat Service,125.0,91.0,30.0,4.0,72.8,3.2
Feb-2025,R0F4N,NUFFIELD HEALTH PARKSIDE HOSPITAL,C_100,General Surgery Service,14.0,12.0,2.0,0.0,85.71,0.0
Feb-2025,RAX,KINGSTON AND RICHMOND NHS FOUNDATION TRUST,C_340,Respiratory Medicine Service,1008.0,481.0,527.0,0.0,47.72,0.0
Feb-2025,RJ6,CROYDON HEALTH SERVICES NHS TRUST,C_502,Gynaecology Service,3466.0,1941.0,1473.0,52.0,56.0,1.5
Feb-2025,ADP02,KIMS HOSPITAL (NEWNHAM COURT),C_101,Urology Service,30.0,28.0,2.0,0.0,93.33,0.0
Feb-2025,ADP02,KIMS HOSPITAL (NEWNHAM COURT),C_502,Gynaecology Service,139.0,126.0,13.0,0.0,90.65,0.0
Feb-2025,NT239,"NUFFIELD HEALTH, TUNBRIDGE WELLS HOSPITAL",C_101,Urology Service,40.0,5.0,33.0,2.0,12.5,5.0
Feb-2025,NT312,SPIRE ALEXANDRA HOSPITAL,C_101,Urology Service,1.0,1.0,0.0,0.0,100.0,0.0
Feb-2025,NT312,SPIRE ALEXANDRA HOSPITAL,C_160,Plastic Surgery Service,10.0,10.0,0.0,0.0,100.0,0.0
Feb-2025,NT408,CHAUCER HOSPITAL,C_101,Urology Service,3.0,0.0,3.0,0.0,0.0,0.0
Feb-2025,NWF01,BENENDEN HOSPITAL,C_301,Gastroenterology Service,225.0,130.0,46.0,49.0,57.78,21.78
Feb-2025,RPA,MEDWAY NHS FOUNDATION TRUST,C_301,Gastroenterology Service,3403.0,1914.0,1467.0,22.0,56.24,0.65
Feb-2025,RPA,MEDWAY NHS FOUNDATION TRUST,C_340,Respiratory Medicine Service,1289.0,684.0,603.0,2.0,53.06,0.16
Feb-2025,RWF,MAIDSTONE AND TUNBRIDGE WELLS NHS TRUST,C_301,Gastroenterology Service,2366.0,1670.0,696.0,0.0,70.58,0.0
Feb-2025,NVC19,RIVERS HOSPITAL,C_999,Total,4318.0,3073.0,1152.0,93.0,71.17,2.15
Feb-2025,RWG,WEST HERTFORDSHIRE TEACHING HOSPITALS NHS TRUST,C_300,General Internal Medicine Service,225.0,218.0,7.0,0.0,96.89,0.0
Feb-2025,RWH,EAST AND NORTH HERTFORDSHIRE NHS TRUST,C_110,Trauma and Orthopaedic Service,5048.0,2216.0,2571.0,261.0,43.9,5.17
Feb-2025,NT422,LONDON INDEPENDENT HOSPITAL,C_101,Urology Service,181.0,55.0,107.0,19.0,30.39,10.5
Feb-2025,NT422,LONDON INDEPENDENT HOSPITAL,C_110,Trauma and Orthopaedic Service,1537.0,1029.0,488.0,20.0,66.95,1.3
Feb-2025,RF4,"BARKING, HAVERING AND REDBRIDGE UNIVERSITY HOSPITALS NHS TRUST",C_999,Total,54584.0,37646.0,16233.0,705.0,68.97,1.29
Feb-2025,RF4,"BARKING, HAVERING AND REDBRIDGE UNIVERSITY HOSPITALS NHS TRUST",C_110,Trauma and Orthopaedic Service,4895.0,3197.0,1646.0,52.0,65.31,1.06
Feb-2025,RF4,"BARKING, HAVERING AND REDBRIDGE UNIVERSITY HOSPITALS NHS TRUST",C_340,Respiratory Medicine Service,2969.0,1961.0,998.0,10.0,66.05,0.34
Feb-2025,RQX,HOMERTON HEALTHCARE NHS FOUNDATION TRUST,C_301,Gastroenterology Service,936.0,822.0,114.0,0.0,87.82,0.0
Feb-2025,RTP,SURREY AND SUSSEX HEALTHCARE NHS TRUST,C_130,Ophthalmology Service,3329.0,2251.0,1058.0,20.0,67.62,0.6
Feb-2025,AQK,VERNOVA HEALTHCARE COMMUNITY INTEREST COMPANY,X05,Other - Surgical Services,38.0,38.0,0.0,0.0,100.0,0.0
Feb-2025,DTT,PHOENIX PUBLIC HEALTH LTD,X05,Other - Surgical Services,350.0,183.0,146.0,21.0,52.29,6.0
Feb-2025,NPG02,SPAMEDICA WIRRAL,C_130,Ophthalmology Service,150.0,149.0,1.0,0.0,99.33,0.0
Feb-2025,NT210,"NUFFIELD HEALTH, THE GROSVENOR HOSPITAL, CHESTER",C_110,Trauma and Orthopaedic Service,265.0,200.0,62.0,3.0,75.47,1.13
Feb-2025,NT324,SPIRE CHESHIRE HOSPITAL,C_999,Total,1170.0,891.0,274.0,5.0,76.15,0.43
Feb-2025,NVG01,FAIRFIELD HOSPITAL,C_120,Ear Nose and Throat Service,129.0,125.0,4.0,0.0,96.9,0.0
Feb-2025,RBL,WIRRAL UNIVERSITY TEACHING HOSPITAL NHS FOUNDATION TRUST,C_140,Oral Surgery Service,2588.0,1384.0,1080.0,124.0,53.48,4.79
Feb-2025,RBN,MERSEY AND WEST LANCASHIRE TEACHING HOSPITALS NHS TRUST,X06,Other - Other Services,247.0,208.0,36.0,3.0,84.21,1.21
Feb-2025,RBT,MID CHESHIRE HOSPITALS NHS FOUNDATION TRUST,X05,Other - Surgical Services,3627.0,2275.0,1273.0,79.0,62.72,2.18
Feb-2025,REM,LIVERPOOL UNIVERSITY HOSPITALS NHS FOUNDATION TRUST,C_110,Trauma and Orthopaedic Service,5197.0,2633.0,2350.0,214.0,50.66,4.12
Feb-2025,REN,THE CLATTERBRIDGE CANCER CENTRE NHS FOUNDATION TRUST,X02,Other - Medical Services,455.0,441.0,14.0,0.0,96.92,0.0
Feb-2025,RJN,EAST CHESHIRE NHS TRUST,X04,Other - Paediatric Services,86.0,48.0,38.0,0.0,55.81,0.0
Feb-2025,RJR,COUNTESS OF CHESTER HOSPITAL NHS FOUNDATION TRUST,X02,Other - Medical Services,2755.0,1733.0,979.0,43.0,62.9,1.56
Feb-2025,RJR,COUNTESS OF CHESTER HOSPITAL NHS FOUNDATION TRUST,X05,Other - Surgical Services,6835.0,3124.0,3192.0,519.0,45.71,7.59
Feb-2025,RJR,COUNTESS OF CHESTER HOSPITAL NHS FOUNDATION TRUST,X06,Other - Other Services,228.0,154.0,73.0,1.0,67.54,0.44
Feb-2025,RWW,WARRINGTON AND HALTON TEACHING HOSPITALS NHS FOUNDATION TRUST,C_430,Elderly Medicine Service,111.0,78.0,28.0,5.0,70.27,4.5
Feb-2025,NPG22,SPAMEDICA STOCKTON-ON-TEES,C_130,Ophthalmology Service,126.0,124.0,2.0,0.0,98.41,0.0
Feb-2025,NT457,WOODLANDS HOSPITAL,C_110,Trauma and Orthopaedic Service,871.0,614.0,252.0,5.0,70.49,0.57
Feb-2025,NT457,WOODLANDS HOSPITAL,C_999,Total,2182.0,1611.0,564.0,7.0,73.83,0.32
Feb-2025,R0B,SOUTH TYNESIDE AND SUNDERLAND NHS FOUNDATION TRUST,C_430,Elderly Medicine Service,1106.0,948.0,158.0,0.0,85.71,0.0
Feb-2025,NVC18,SPRINGFIELD HOSPITAL,C_160,Plastic Surgery Service,5.0,1.0,3.0,1.0,20.0,20.0
Feb-2025,RAJ,MID AND SOUTH ESSEX NHS FOUNDATION TRUST,C_101,Urology Service,10341.0,5390.0,4285.0,666.0,52.12,6.44
Feb-2025,RC9,BEDFORDSHIRE HOSPITALS NHS FOUNDATION TRUST,C_100,General Surgery Service,4191.0,2004.0,2046.0,141.0,47.82,3.36
Feb-2025,RD8,MILTON KEYNES UNIVERSITY HOSPITAL NHS FOUNDATION TRUST,C_330,Dermatology Service,827.0,764.0,63.0,0.0,92.38,0.0
Feb-2025,NT320,SPIRE PARKWAY HOSPITAL,C_502,Gynaecology Service,199.0,150.0,28.0,21.0,75.38,10.55
Feb-2025,NT320,SPIRE PARKWAY HOSPITAL,C_999,Total,1416.0,1132.0,252.0,32.0,79.94,2.26
Feb-2025,NT429,PRIORY HOSPITAL,X06,Other - Other Services,4.0,4.0,0.0,0.0,100.0,0.0
Feb-2025,NVC44,THE WESTBOURNE CENTRE,C_999,Total,3118.0,2142.0,974.0,2.0,68.7,0.06
Feb-2025,NVC44,THE WESTBOURNE CENTRE,C_110,Trauma and Orthopaedic Service,208.0,178.0,30.0,0.0,85.58,0.0
Feb-2025,RQ3,BIRMINGHAM WOMEN'S AND CHILDREN'S NHS FOUNDATION TRUST,X06,Other - Other Services,5754.0,3660.0,1999.0,95.0,63.61,1.65
Feb-2025,RRK,UNIVERSITY HOSPITALS BIRMINGHAM NHS FOUNDATION TRUST,C_120,Ear Nose and Throat Service,14910.0,5372.0,8583.0,955.0,36.03,6.41
Feb-2025,RRK,UNIVERSITY HOSPITALS BIRMINGHAM NHS FOUNDATION TRUST,X04,Other - Paediatric Services,3377.0,1418.0,1661.0,298.0,41.99,8.82
Feb-2025,RXK,SANDWELL AND WEST BIRMINGHAM HOSPITALS NHS TRUST,C_502,Gynaecology Service,4969.0,2153.0,2700.0,116.0,43.33,2.33
Feb-2025,RNN,NORTH CUMBRIA INTEGRATED CARE NHS FOUNDATION TRUST,X06,Other - Other Services,1951.0,1617.0,332.0,2.0,82.88,0.1
Feb-2025,RNN,NORTH CUMBRIA INTEGRATED CARE NHS FOUNDATION TRUST,C_101,Urology Service,2360.0,1459.0,875.0,26.0,61.82,1.1
Feb-2025,RTD,THE NEWCASTLE UPON TYNE HOSPITALS NHS FOUNDATION TRUST,C_130,Ophthalmology Service,9074.0,6990.0,1938.0,146.0,77.03,1.61
Feb-2025,RTD,THE NEWCASTLE UPON TYNE HOSPITALS NHS FOUNDATION TRUST,C_110,Trauma and Orthopaedic Service,8084.0,5019.0,2654.0,411.0,62.09,5.08
Feb-2025,RTF,NORTHUMBRIA HEALTHCARE NHS FOUNDATION TRUST,C_430,Elderly Medicine Service,481.0,478.0,3.0,0.0,99.38,0.0
Feb-2025,RTR,SOUTH TEES HOSPITALS NHS FOUNDATION TRUST,C_110,Trauma and Orthopaedic Service,5567.0,3018.0,2276.0,273.0,54.21,4.9
Feb-2025,RGR,WEST SUFFOLK NHS FOUNDATION TRUST,C_320,Cardiology Service,929.0,825.0,104.0,0.0,88.81,0.0
Feb-2025,RA9,TORBAY AND SOUTH DEVON NHS FOUNDATION TRUST,C_130,Ophthalmology Service,3402.0,2592.0,795.0,15.0,76.19,0.44
Feb-2025,RH8,ROYAL DEVON UNIVERSITY HEALTHCARE NHS FOUNDATION TRUST,C_140,Oral Surgery Service,2965.0,1859.0,1072.0,34.0,62.7,1.15
Feb-2025,RH8,ROYAL DEVON UNIVERSITY HEALTHCARE NHS FOUNDATION TRUST,C_502,Gynaecology Service,3940.0,2426.0,1378.0,136.0,61.57,3.45
Feb-2025,RH8,ROYAL DEVON UNIVERSITY HEALTHCARE NHS FOUNDATION TRUST,X05,Other - Surgical Services,7260.0,4346.0,2654.0,260.0,59.86,3.58
Feb-2025,RXP,COUNTY DURHAM AND DARLINGTON NHS FOUNDATION TRUST,X04,Other - Paediatric Services,3522.0,2578.0,909.0,35.0,73.2,0.99
Feb-2025,NTP13,PRACTICE PLUS GROUP HOSPITAL - BARLBOROUGH,C_130,Ophthalmology Service,173.0,158.0,15.0,0.0,91.33,0.0
Feb-2025,RFS,CHESTERFIELD ROYAL HOSPITAL NHS FOUNDATION TRUST,C_110,Trauma and Orthopaedic Service,2647.0,1246.0,1258.0,143.0,47.07,5.4
Feb-2025,RFS,CHESTERFIELD ROYAL HOSPITAL NHS FOUNDATION TRUST,C_120,Ear Nose and Throat Service,2977.0,1511.0,1418.0,48.0,50.76,1.61
Feb-2025,RTG,UNIVERSITY HOSPITALS OF DERBY AND BURTON NHS FOUNDATION TRUST,C_140,Oral Surgery Service,2195.0,1384.0,791.0,20.0,63.05,0.91
Feb-2025,RTG,UNIVERSITY HOSPITALS OF DERBY AND BURTON NHS FOUNDATION TRUST,X05,Other - Surgical Services,8086.0,4451.0,3413.0,222.0,55.05,2.75
Feb-2025,ACG37,NEWMEDICA - IPSWICH,C_999,Total,502.0,497.0,5.0,0.0,99.0,0.0
Feb-2025,G4H0I,NEWMEDICA SUFFOLK - BURY ST EDMUNDS - CLARITY HOUSE,C_130,Ophthalmology Service,347.0,347.0,0.0,0.0,100.0,0.0
Feb-2025,NVC13,OAKS HOSPITAL,C_130,Ophthalmology Service,10.0,5.0,5.0,0.0,50.0,0.0
Feb-2025,RDE,EAST SUFFOLK AND NORTH ESSEX NHS FOUNDATION TRUST,X05,Other - Surgical Services,89.0,85.0,2.0,2.0,95.51,2.25
Feb-2025,RK9,UNIVERSITY HOSPITALS PLYMOUTH NHS TRUST,C_320,Cardiology Service,3098.0,1577.0,1393.0,128.0,50.9,4.13
Feb-2025,RWD,UNITED LINCOLNSHIRE TEACHING HOSPITALS NHS TRUST,X05,Other - Surgical Services,3723.0,2115.0,1534.0,74.0,56.81,1.99
Feb-2025,RWE,UNIVERSITY HOSPITALS OF LEICESTER NHS TRUST,C_120,Ear Nose and Throat Service,7253.0,3407.0,3507.0,339.0,46.97,4.67
Feb-2025,RWE,UNIVERSITY HOSPITALS OF LEICESTER NHS TRUST,C_430,Elderly Medicine Service,302.0,271.0,31.0,0.0,89.74,0.0
Feb-2025,NT409,CHELSFIELD PARK HOSPITAL,C_502,Gynaecology Service,1.0,0.0,0.0,1.0,0.0,100.0
Feb-2025,RJ1,GUY'S AND ST THOMAS' NHS FOUNDATION TRUST,C_100,General Surgery Service,811.0,567.0,232.0,12.0,69.91,1.48
Feb-2025,RJ1,GUY'S AND ST THOMAS' NHS FOUNDATION TRUST,C_410,Rheumatology Service,365.0,361.0,4.0,0.0,98.9,0.0
Feb-2025,RJ2,LEWISHAM AND GREENWICH NHS TRUST,C_110,Trauma and Orthopaedic Service,6736.0,3581.0,2819.0,336.0,53.16,4.99
Feb-2025,RJ2,LEWISHAM AND GREENWICH NHS TRUST,C_301,Gastroenterology Service,5684.0,3020.0,2235.0,429.0,53.13,7.55
Feb-2025,RJ2,LEWISHAM AND GREENWICH NHS TRUST,C_410,Rheumatology Service,957.0,752.0,199.0,6.0,78.58,0.63
Feb-2025,RJ2,LEWISHAM AND GREENWICH NHS TRUST,C_300,General Internal Medicine Service,1129.0,986.0,143.0,0.0,87.33,0.0
Feb-2025,A4M8P,BUCKSHAW HOSPITAL,X02,Other - Medical Services,77.0,43.0,33.0,1.0,55.84,1.3
Feb-2025,NVC05,EUXTON HALL HOSPITAL,C_502,Gynaecology Service,294.0,115.0,162.0,17.0,39.12,5.78
Feb-2025,NVC07,FULWOOD HALL HOSPITAL,C_502,Gynaecology Service,781.0,327.0,427.0,27.0,41.87,3.46
Feb-2025,NVC07,FULWOOD HALL HOSPITAL,C_160,Plastic Surgery Service,5.0,2.0,3.0,0.0,40.0,0.0
Feb-2025,RTX,UNIVERSITY HOSPITALS OF MORECAMBE BAY NHS FOUNDATION TRUST,C_999,Total,32902.0,22384.0,10199.0,319.0,68.03,0.97
Feb-2025,RTX,UNIVERSITY HOSPITALS OF MORECAMBE BAY NHS FOUNDATION TRUST,C_110,Trauma and Orthopaedic Service,5353.0,3313.0,1973.0,67.0,61.89,1.25
Feb-2025,RTX,UNIVERSITY HOSPITALS OF MORECAMBE BAY NHS FOUNDATION TRUST,C_320,Cardiology Service,1252.0,946.0,305.0,1.0,75.56,0.08
Feb-2025,RTX,UNIVERSITY HOSPITALS OF MORECAMBE BAY NHS FOUNDATION TRUST,C_330,Dermatology Service,553.0,477.0,76.0,0.0,86.26,0.0
Feb-2025,RXL,BLACKPOOL TEACHING HOSPITALS NHS FOUNDATION TRUST,C_410,Rheumatology Service,792.0,450.0,342.0,0.0,56.82,0.0
Feb-2025,RXR,EAST LANCASHIRE HOSPITALS NHS TRUST,X05,Other - Surgical Services,2710.0,2147.0,550.0,13.0,79.23,0.48
Feb-2025,NEY,PIONEER HEALTHCARE LIMITED,C_130,Ophthalmology Service,136.0,112.0,23.0,1.0,82.35,0.74
Feb-2025,NEY,PIONEER HEALTHCARE LIMITED,X04,Other - Paediatric Services,3.0,0.0,3.0,0.0,0.0,0.0
Feb-2025,NPG10,SPAMEDICA SHEFFIELD,C_999,Total,123.0,120.0,3.0,0.0,97.56,0.0
Feb-2025,NVC14,PARK HILL HOSPITAL,C_110,Trauma and Orthopaedic Service,818.0,589.0,225.0,4.0,72.0,0.49
Feb-2025,RFF,BARNSLEY HOSPITAL NHS FOUNDATION TRUST,C_100,General Surgery Service,1658.0,1301.0,353.0,4.0,78.47,0.24
Feb-2025,RHQ,SHEFFIELD TEACHING HOSPITALS NHS FOUNDATION TRUST,C_340,Respiratory Medicine Service,1859.0,1238.0,620.0,1.0,66.59,0.05
Feb-2025,RP5,DONCASTER AND BASSETLAW TEACHING HOSPITALS NHS FOUNDATION TRUST,C_340,Respiratory Medicine Service,1919.0,1015.0,897.0,7.0,52.89,0.36
Feb-2025,RP5,DONCASTER AND BASSETLAW TEACHING HOSPITALS NHS FOUNDATION TRUST,C_330,Dermatology Service,3152.0,2279.0,869.0,4.0,72.3,0.13
Feb-2025,NT301,SPIRE SOUTH BANK HOSPITAL,C_301,Gastroenterology Service,23.0,20.0,3.0,0.0,86.96,0.0
Feb-2025,NT412,DROITWICH SPA HOSPITAL,C_999,Total,2182.0,1484.0,698.0,0.0,68.01,0.0
Feb-2025,NT412,DROITWICH SPA HOSPITAL,X06,Other - Other Services,13.0,11.0,2.0,0.0,84.62,0.0
Feb-2025,R1A,HEREFORDSHIRE AND WORCESTERSHIRE HEALTH AND CARE NHS TRUST,C_110,Trauma and Orthopaedic Service,59.0,57.0,2.0,0.0,96.61,0.0
Feb-2025,RLQ,WYE VALLEY NHS TRUST,C_130,Ophthalmology Service,2897.0,1669.0,1179.0,49.0,57.61,1.69
Feb-2025,RLQ,WYE VALLEY NHS TRUST,C_502,Gynaecology Service,1896.0,947.0,912.0,37.0,49.95,1.95
Feb-2025,RWP,WORCESTERSHIRE ACUTE HOSPITALS NHS TRUST,C_410,Rheumatology Service,699.0,518.0,179.0,2.0,74.11,0.29
Feb-2025,RWP,WORCESTERSHIRE ACUTE HOSPITALS NHS TRUST,C_160,Plastic Surgery Service,10.0,6.0,3.0,1.0,60.0,10.0
Feb-2025,NT490,SOUTHEND PRIVATE HOSPITAL,C_330,Dermatology Service,11.0,11.0,0.0,0.0,100.0,0.0
Feb-2025,NT344,SPIRE DUNEDIN HOSPITAL,C_110,Trauma and Orthopaedic Service,179.0,115.0,63.0,1.0,64.25,0.56
Feb-2025,NT410,CHILTERN HOSPITAL,C_101,Urology Service,40.0,23.0,17.0,0.0,57.5,0.0
Feb-2025,RHW,ROYAL BERKSHIRE NHS FOUNDATION TRUST,C_330,Dermatology Service,2435.0,1832.0,600.0,3.0,75.24,0.12
Feb-2025,RHW,ROYAL BERKSHIRE NHS FOUNDATION TRUST,X05,Other - Surgical Services,26.0,20.0,6.0,0.0,76.92,0.0
Feb-2025,RTH,OXFORD UNIVERSITY HOSPITALS NHS FOUNDATION TRUST,C_101,Urology Service,5173.0,2770.0,2109.0,294.0,53.55,5.68
Feb-2025,RTH,OXFORD UNIVERSITY HOSPITALS NHS FOUNDATION TRUST,C_340,Respiratory Medicine Service,1510.0,1190.0,320.0,0.0,78.81,0.0
Feb-2025,RAN,ROYAL NATIONAL ORTHOPAEDIC HOSPITAL NHS TRUST,C_301,Gastroenterology Service,12.0,8.0,4.0,0.0,66.67,0.0
Feb-2025,RAS,THE HILLINGDON HOSPITALS NHS FOUNDATION TRUST,C_100,General Surgery Service,1224.0,686.0,527.0,11.0,56.05,0.9
Feb-2025,RAS,THE HILLINGDON HOSPITALS NHS FOUNDATION TRUST,C_330,Dermatology Service,1167.0,876.0,289.0,2.0,75.06,0.17
Feb-2025,RPY,THE ROYAL MARSDEN NHS FOUNDATION TRUST,X05,Other - Surgical Services,573.0,541.0,32.0,0.0,94.42,0.0
Feb-2025,RQM,CHELSEA AND WESTMINSTER HOSPITAL NHS FOUNDATION TRUST,C_100,General Surgery Service,4305.0,2318.0,1918.0,69.0,53.84,1.6
Feb-2025,RYJ,IMPERIAL COLLEGE HEALTHCARE NHS TRUST,C_400,Neurology Service,5881.0,2457.0,2854.0,570.0,41.78,9.69
Feb-2025,RYJ,IMPERIAL COLLEGE HEALTHCARE NHS TRUST,C_330,Dermatology Service,3262.0,1888.0,1374.0,0.0,57.88,0.0
Feb-2025,RYJ,IMPERIAL COLLEGE HEALTHCARE NHS TRUST,X04,Other - Paediatric Services,4763.0,3381.0,1358.0,24.0,70.98,0.5
Feb-2025,RYJ,IMPERIAL COLLEGE HEALTHCARE NHS TRUST,C_430,Elderly Medicine Service,283.0,206.0,77.0,0.0,72.79,0.0
Feb-2025,ADN,PRIMARY INTEGRATED COMMUNITY SERVICES LTD,C_502,Gynaecology Service,3398.0,1573.0,1701.0,124.0,46.29,3.65
Feb-2025,RX1,NOTTINGHAM UNIVERSITY HOSPITALS NHS TRUST,C_140,Oral Surgery Service,2889.0,951.0,1629.0,309.0,32.92,10.7
Feb-2025,RX1,NOTTINGHAM UNIVERSITY HOSPITALS NHS TRUST,C_301,Gastroenterology Service,6346.0,3016.0,3305.0,25.0,47.53,0.39
Feb-2025,RX1,NOTTINGHAM UNIVERSITY HOSPITALS NHS TRUST,C_320,Cardiology Service,3117.0,1876.0,1107.0,134.0,60.19,4.3
Feb-2025,NVC04,DUCHY HOSPITAL,C_999,Total,1912.0,1039.0,855.0,18.0,54.34,0.94
Feb-2025,REF,ROYAL CORNWALL HOSPITALS NHS TRUST,C_130,Ophthalmology Service,4396.0,3232.0,1127.0,37.0,73.52,0.84
Feb-2025,REF,ROYAL CORNWALL HOSPITALS NHS TRUST,X02,Other - Medical Services,5733.0,4249.0,1448.0,36.0,74.11,0.63
Feb-2025,REF,ROYAL CORNWALL HOSPITALS NHS TRUST,C_999,Total,41054.0,28349.0,12226.0,479.0,69.05,1.17
Feb-2025,RXQ,BUCKINGHAMSHIRE HEALTHCARE NHS TRUST,C_160,Plastic Surgery Service,1218.0,805.0,402.0,11.0,66.09,0.9
Feb-2025,RXQ,BUCKINGHAMSHIRE HEALTHCARE NHS TRUST,X04,Other - Paediatric Services,827.0,448.0,344.0,35.0,54.17,4.23
Feb-2025,NT364,SPIRE MONTEFIORE HOSPITAL,C_100,General Surgery Service,312.0,154.0,106.0,52.0,49.36,16.67
Feb-2025,RPC,QUEEN VICTORIA HOSPITAL NHS FOUNDATION TRUST,X06,Other - Other Services,3349.0,2256.0,1091.0,2.0,67.36,0.06
Feb-2025,RXC,EAST SUSSEX HEALTHCARE NHS TRUST,C_999,Total,57365.0,31831.0,24325.0,1209.0,55.49,2.11
Feb-2025,RAL,ROYAL FREE LONDON NHS FOUNDATION TRUST,C_130,Ophthalmology Service,7259.0,5180.0,2043.0,36.0,71.36,0.5
Feb-2025,RKE,WHITTINGTON HEALTH NHS TRUST,C_100,General Surgery Service,5282.0,2978.0,2200.0,104.0,56.38,1.97
Feb-2025,RKE,WHITTINGTON HEALTH NHS TRUST,C_160,Plastic Surgery Service,226.0,97.0,129.0,0.0,42.92,0.0
Feb-2025,RP6,MOORFIELDS EYE HOSPITAL NHS FOUNDATION TRUST,C_130,Ophthalmology Service,33406.0,27557.0,5837.0,12.0,82.49,0.04
Feb-2025,RRV,UNIVERSITY COLLEGE LONDON HOSPITALS NHS FOUNDATION TRUST,X06,Other - Other Services,1110.0,849.0,258.0,3.0,76.49,0.27
Feb-2025,DFQ,NORWICH & NORFOLK SURGICAL LTD (N2S),C_130,Ophthalmology Service,249.0,245.0,4.0,0.0,98.39,0.0
Feb-2025,M3R0W,SPAMEDICA NORWICH,C_130,Ophthalmology Service,119.0,111.0,8.0,0.0,93.28,0.0
Feb-2025,NT318,SPIRE NORWICH HOSPITAL,C_999,Total,307.0,295.0,12.0,0.0,96.09,0.0
Feb-2025,RCX,"THE QUEEN ELIZABETH HOSPITAL, KING'S LYNN, NHS FOUNDATION TRUST",X05,Other - Surgical Services,2078.0,1404.0,662.0,12.0,67.56,0.58
Feb-2025,N8R1N,NEWMEDICA - BERKSHIRE,C_130,Ophthalmology Service,411.0,393.0,18.0,0.0,95.62,0.0
Feb-2025,NT214,"NUFFIELD HEALTH, WESSEX HOSPITAL",X05,Other - Surgical Services,2.0,1.0,1.0,0.0,50.0,0.0
Feb-2025,NT433,SARUM ROAD HOSPITAL,C_100,General Surgery Service,18.0,6.0,12.0,0.0,33.33,0.0
Feb-2025,NTP11,PRACTICE PLUS GROUP HOSPITAL - SOUTHAMPTON,C_301,Gastroenterology Service,276.0,268.0,8.0,0.0,97.1,0.0
Feb-2025,NTPAD,PRACTICE PLUS GROUP SURGICAL CENTRE - ST MARYS PORTSMOUTH,C_110,Trauma and Orthopaedic Service,464.0,424.0,40.0,0.0,91.38,0.0
Feb-2025,NTPAD,PRACTICE PLUS GROUP SURGICAL CENTRE - ST MARYS PORTSMOUTH,C_120,Ear Nose and Throat Service,121.0,118.0,3.0,0.0,97.52,0.0
Feb-2025,RHM,UNIVERSITY HOSPITAL SOUTHAMPTON NHS FOUNDATION TRUST,X02,Other - Medical Services,8392.0,5276.0,3065.0,51.0,62.87,0.61
Feb-2025,RCB,YORK AND SCARBOROUGH TEACHING HOSPITALS NHS FOUNDATION TRUST,C_502,Gynaecology Service,2503.0,1403.0,1017.0,83.0,56.05,3.32
Feb-2025,RCB,YORK AND SCARBOROUGH TEACHING HOSPITALS NHS FOUNDATION TRUST,C_301,Gastroenterology Service,1429.0,749.0,614.0,66.0,52.41,4.62
Feb-2025,RCD,HARROGATE AND DISTRICT NHS FOUNDATION TRUST,C_320,Cardiology Service,955.0,668.0,286.0,1.0,69.95,0.1
Feb-2025,RWA,HULL UNIVERSITY TEACHING HOSPITALS NHS TRUST,X03,Other - Mental Health Services,23.0,21.0,2.0,0.0,91.3,0.0
Feb-2025,NT430,RIDGEWAY HOSPITAL,C_999,Total,402.0,286.0,114.0,2.0,71.14,0.5
Feb-2025,RD1,ROYAL UNITED HOSPITALS BATH NHS FOUNDATION TRUST,C_320,Cardiology Service,4081.0,2121.0,1923.0,37.0,51.97,0.91
Feb-2025,RD1,ROYAL UNITED HOSPITALS BATH NHS FOUNDATION TRUST,X02,Other - Medical Services,1085.0,730.0,347.0,8.0,67.28,0.74
Feb-2025,RN3,GREAT WESTERN HOSPITALS NHS FOUNDATION TRUST,C_140,Oral Surgery Service,2776.0,1364.0,1360.0,52.0,49.14,1.87
Feb-2025,RN3,GREAT WESTERN HOSPITALS NHS FOUNDATION TRUST,C_430,Elderly Medicine Service,187.0,129.0,57.0,1.0,68.98,0.53
Feb-2025,RNZ,SALISBURY NHS FOUNDATION TRUST,C_120,Ear Nose and Throat Service,2101.0,1503.0,585.0,13.0,71.54,0.62
Feb-2025,RNZ,SALISBURY NHS FOUNDATION TRUST,X05,Other - Surgical Services,1559.0,1096.0,457.0,6.0,70.3,0.38
Feb-2025,RNQ,KETTERING GENERAL HOSPITAL NHS FOUNDATION TRUST,C_340,Respiratory Medicine Service,974.0,551.0,420.0,3.0,56.57,0.31
Feb-2025,RNS,NORTHAMPTON GENERAL HOSPITAL NHS TRUST,C_330,Dermatology Service,3395.0,2105.0,1290.0,0.0,62.0,0.0
Feb-2025,RNS,NORTHAMPTON GENERAL HOSPITAL NHS TRUST,C_502,Gynaecology Service,3210.0,1796.0,1372.0,42.0,55.95,1.31
Feb-2025,AAH,TETBURY HOSPITAL TRUST LTD,C_999,Total,310.0,287.0,21.0,2.0,92.58,0.65
Feb-2025,NT211,"NUFFIELD HEALTH, CHELTENHAM HOSPITAL",C_100,General Surgery Service,1.0,1.0,0.0,0.0,100.0,0.0
Feb-2025,RHU,PORTSMOUTH HOSPITALS UNIVERSITY NATIONAL HEALTH SERVICE TRUST,C_160,Plastic Surgery Service,635.0,321.0,286.0,28.0,50.55,4.41
Feb-2025,RN5,HAMPSHIRE HOSPITALS NHS FOUNDATION TRUST,X02,Other - Medical Services,3935.0,2321.0,1498.0,116.0,58.98,2.95
Feb-2025,RW1,HAMPSHIRE AND ISLE OF WIGHT HEALTHCARE NHS FOUNDATION TRUST,C_999,Total,3505.0,3177.0,328.0,0.0,90.64,0.0
Feb-2025,RW1,HAMPSHIRE AND ISLE OF WIGHT HEALTHCARE NHS FOUNDATION TRUST,C_301,Gastroenterology Service,199.0,190.0,9.0,0.0,95.48,0.0
Feb-2025,NT405,BISHOPS WOOD HOSPITAL,C_101,Urology Service,129.0,98.0,30.0,1.0,75.97,0.78
Feb-2025,R1K,LONDON NORTH WEST UNIVERSITY HEALTHCARE NHS TRUST,X06,Other - Other Services,21.0,18.0,3.0,0.0,85.71,0.0
Feb-2025,NT235,"NUFFIELD HEALTH, SHREWSBURY HOSPITAL",C_110,Trauma and Orthopaedic Service,107.0,45.0,61.0,1.0,42.06,0.93
Feb-2025,RL1,THE ROBERT JONES AND AGNES HUNT ORTHOPAEDIC HOSPITAL NHS FOUNDATION TRUST,X06,Other - Other Services,330.0,214.0,109.0,7.0,64.85,2.12
Feb-2025,RXW,THE SHREWSBURY AND TELFORD HOSPITAL NHS TRUST,C_110,Trauma and Orthopaedic Service,1292.0,575.0,649.0,68.0,44.5,5.26
Feb-2025,RXW,THE SHREWSBURY AND TELFORD HOSPITAL NHS TRUST,C_430,Elderly Medicine Service,96.0,96.0,0.0,0.0,100.0,0.0
Feb-2025,I1H7K,SPAMEDICA SALE,C_130,Ophthalmology Service,62.0,62.0,0.0,0.0,100.0,0.0
Feb-2025,M9U8M,ENDOCARE DIAGNOSTICS LTD,C_999,Total,79.0,79.0,0.0,0.0,100.0,0.0
Feb-2025,NT401,ALEXANDRA HOSPITAL,C_110,Trauma and Orthopaedic Service,400.0,347.0,53.0,0.0,86.75,0.0
Feb-2025,NT404,BEAUMONT HOSPITAL,C_101,Urology Service,384.0,298.0,86.0,0.0,77.6,0.0
Feb-2025,NVC12,OAKLANDS HOSPITAL,C_130,Ophthalmology Service,1.0,0.0,1.0,0.0,0.0,0.0
Feb-2025,O1P6X,SPAMEDICA OLDHAM,C_130,Ophthalmology Service,209.0,201.0,8.0,0.0,96.17,0.0
Feb-2025,R0A,MANCHESTER UNIVERSITY NHS FOUNDATION TRUST,C_100,General Surgery Service,6889.0,3308.0,3210.0,371.0,48.02,5.39
Feb-2025,RM3,NORTHERN CARE ALLIANCE NHS FOUNDATION TRUST,C_101,Urology Service,7830.0,3722.0,3759.0,349.0,47.54,4.46
Feb-2025,RM3,NORTHERN CARE ALLIANCE NHS FOUNDATION TRUST,C_130,Ophthalmology Service,6747.0,3454.0,3064.0,229.0,51.19,3.39
Feb-2025,RM3,NORTHERN CARE ALLIANCE NHS FOUNDATION TRUST,C_410,Rheumatology Service,2248.0,1317.0,899.0,32.0,58.59,1.42
Feb-2025,RMC,BOLTON NHS FOUNDATION TRUST,C_301,Gastroenterology Service,1492.0,1161.0,330.0,1.0,77.82,0.07
Feb-2025,RMP,TAMESIDE AND GLOSSOP INTEGRATED CARE NHS FOUNDATION TRUST,C_320,Cardiology Service,951.0,797.0,154.0,0.0,83.81,0.0
Feb-2025,RMP,TAMESIDE AND GLOSSOP INTEGRATED CARE NHS FOUNDATION TRUST,X04,Other - Paediatric Services,1377.0,1152.0,225.0,0.0,83.66,0.0
Feb-2025,RMP,TAMESIDE AND GLOSSOP INTEGRATED CARE NHS FOUNDATION TRUST,C_120,Ear Nose and Throat Service,1741.0,1231.0,510.0,0.0,70.71,0.0
Feb-2025,RMP,TAMESIDE AND GLOSSOP INTEGRATED CARE NHS FOUNDATION TRUST,C_410,Rheumatology Service,306.0,290.0,16.0,0.0,94.77,0.0
Feb-2025,RRF,"WRIGHTINGTON, WIGAN AND LEIGH NHS FOUNDATION TRUST",C_130,Ophthalmology Service,1665.0,1223.0,415.0,27.0,73.45,1.62
Feb-2025,RRF,"WRIGHTINGTON, WIGAN AND LEIGH NHS FOUNDATION TRUST",C_150,Neurosurgical Service,11.0,7.0,4.0,0.0,63.64,0.0
Feb-2025,RWJ,STOCKPORT NHS FOUNDATION TRUST,C_999,Total,35824.0,19444.0,14743.0,1637.0,54.28,4.57
Feb-2025,RWJ,STOCKPORT NHS FOUNDATION TRUST,C_110,Trauma and Orthopaedic Service,6207.0,3119.0,2858.0,230.0,50.25,3.71
Feb-2025,RWJ,STOCKPORT NHS FOUNDATION TRUST,C_140,Oral Surgery Service,27.0,22.0,3.0,2.0,81.48,7.41
Feb-2025,NPG18,SPAMEDICA HULL,C_130,Ophthalmology Service,226.0,224.0,2.0,0.0,99.12,0.0
Feb-2025,NT245,"NUFFIELD HEALTH, YORK HOSPITAL",C_110,Trauma and Orthopaedic Service,555.0,442.0,112.0,1.0,79.64,0.18
Feb-2025,NT351,SPIRE HULL AND EAST RIDING HOSPITAL,C_400,Neurology Service,161.0,161.0,0.0,0.0,100.0,0.0
Feb-2025,NVC28,CLIFTON PARK HOSPITAL,X06,Other - Other Services,1.0,1.0,0.0,0.0,100.0,0.0
Feb-2025,RCB,YORK AND SCARBOROUGH TEACHING HOSPITALS NHS FOUNDATION TRUST,X06,Other - Other Services,91.0,76.0,15.0,0.0,83.52,0.0
Feb-2025,NT216,"NUFFIELD HEALTH, GUILDFORD HOSPITAL",C_100,General Surgery Service,124.0,18.0,30.0,76.0,14.52,61.29
Feb-2025,NT455,MOUNT ALVERNIA HOSPITAL,C_100,General Surgery Service,39.0,32.0,7.0,0.0,82.05,0.0
Feb-2025,NT455,MOUNT ALVERNIA HOSPITAL,C_999,Total,197.0,160.0,37.0,0.0,81.22,0.0
Feb-2025,NVM,EPSOMEDICAL GROUP,C_101,Urology Service,80.0,73.0,7.0,0.0,91.25,0.0
Feb-2025,RA2,ROYAL SURREY COUNTY HOSPITAL NHS FOUNDATION TRUST,C_130,Ophthalmology Service,2147.0,1512.0,631.0,4.0,70.42,0.19
Feb-2025,RJ7,ST GEORGE'S UNIVERSITY HOSPITALS NHS FOUNDATION TRUST,C_120,Ear Nose and Throat Service,4599.0,2786.0,1808.0,5.0,60.58,0.11
Feb-2025,RVR,EPSOM AND ST HELIER UNIVERSITY HOSPITALS NHS TRUST,C_410,Rheumatology Service,464.0,368.0,90.0,6.0,79.31,1.29
Feb-2025,NEQ,PHOENIX HEALTH SOLUTIONS LIMITED HQ,X02,Other - Medical Services,39.0,39.0,0.0,0.0,100.0,0.0
Feb-2025,NPG07,SPAMEDICA EYE HOSPITAL (WAKEFIELD),C_999,Total,197.0,193.0,4.0,0.0,97.97,0.0
Feb-2025,NT225,"NUFFIELD HEALTH, LEEDS HOSPITAL",C_502,Gynaecology Service,39.0,1.0,3.0,35.0,2.56,89.74
Feb-2025,RAE,BRADFORD TEACHING HOSPITALS NHS FOUNDATION TRUST,C_120,Ear Nose and Throat Service,4049.0,2100.0,1919.0,30.0,51.86,0.74
Feb-2025,RCF,AIREDALE NHS FOUNDATION TRUST,C_502,Gynaecology Service,1623.0,974.0,611.0,38.0,60.01,2.34
Feb-2025,RR8,LEEDS TEACHING HOSPITALS NHS TRUST,C_120,Ear Nose and Throat Service,3730.0,2048.0,1560.0,122.0,54.91,3.27
Feb-2025,RR8,LEEDS TEACHING HOSPITALS NHS TRUST,C_400,Neurology Service,2056.0,1917.0,139.0,0.0,93.24,0.0
Feb-2025,RR8,LEEDS TEACHING HOSPITALS NHS TRUST,C_140,Oral Surgery Service,2167.0,1684.0,476.0,7.0,77.71,0.32
Feb-2025,RR8,LEEDS TEACHING HOSPITALS NHS TRUST,C_301,Gastroenterology Service,1909.0,1700.0,206.0,3.0,89.05,0.16
Feb-2025,RXF,MID YORKSHIRE TEACHING NHS TRUST,C_101,Urology Service,3600.0,2224.0,1274.0,102.0,61.78,2.83
Feb-2025,RXF,MID YORKSHIRE TEACHING NHS TRUST,C_120,Ear Nose and Throat Service,6323.0,3650.0,2597.0,76.0,57.73,1.2
Feb-2025,RXF,MID YORKSHIRE TEACHING NHS TRUST,C_502,Gynaecology Service,5338.0,3382.0,1785.0,171.0,63.36,3.2
Feb-2025,RKB,UNIVERSITY HOSPITALS COVENTRY AND WARWICKSHIRE NHS TRUST,X04,Other - Paediatric Services,1838.0,984.0,799.0,55.0,53.54,2.99
Feb-2025,RKB,UNIVERSITY HOSPITALS COVENTRY AND WARWICKSHIRE NHS TRUST,C_410,Rheumatology Service,880.0,669.0,210.0,1.0,76.02,0.11
Feb-2025,RLT,GEORGE ELIOT HOSPITAL NHS TRUST,C_130,Ophthalmology Service,1471.0,753.0,709.0,9.0,51.19,0.61
Feb-2025,RLT,GEORGE ELIOT HOSPITAL NHS TRUST,C_410,Rheumatology Service,281.0,267.0,14.0,0.0,95.02,0.0
Feb-2025,RLT,GEORGE ELIOT HOSPITAL NHS TRUST,X04,Other - Paediatric Services,251.0,232.0,19.0,0.0,92.43,0.0
Feb-2025,NNE,DORKING HEALTHCARE LIMITED (DHC),X05,Other - Surgical Services,344.0,247.0,97.0,0.0,71.8,0.0
Feb-2025,NVC1H,STOURSIDE HOSPITAL,C_101,Urology Service,243.0,154.0,83.0,6.0,63.37,2.47
Feb-2025,NVC1H,STOURSIDE HOSPITAL,X02,Other - Medical Services,120.0,52.0,65.0,3.0,43.33,2.5
Feb-2025,NVC21,WEST MIDLANDS HOSPITAL,C_502,Gynaecology Service,105.0,50.0,48.0,7.0,47.62,6.67
Feb-2025,RBK,WALSALL HEALTHCARE NHS TRUST,C_160,Plastic Surgery Service,110.0,62.0,47.0,1.0,56.36,0.91
Feb-2025,RBK,WALSALL HEALTHCARE NHS TRUST,C_410,Rheumatology Service,826.0,579.0,243.0,4.0,70.1,0.48
Feb-2025,O6X7Z,SPAMEDICA CAMBRIDGE,C_130,Ophthalmology Service,17.0,17.0,0.0,0.0,100.0,0.0
Feb-2025,RT1,CAMBRIDGESHIRE AND PETERBOROUGH NHS FOUNDATION TRUST,C_999,Total,315.0,116.0,120.0,79.0,36.83,25.08
Feb-2025,NT206,"NUFFIELD HEALTH, BRISTOL HOSPITAL (CHESTERFIELD)",C_110,Trauma and Orthopaedic Service,211.0,177.0,34.0,0.0,83.89,0.0
Feb-2025,NTPH2,PRACTICE PLUS GROUP HOSPITAL - EMERSONS GREEN,C_301,Gastroenterology Service,543.0,543.0,0.0,0.0,100.0,0.0
Feb-2025,RA7,UNIVERSITY HOSPITALS BRISTOL AND WESTON NHS FOUNDATION TRUST,X05,Other - Surgical Services,5737.0,3468.0,2150.0,119.0,60.45,2.07
Feb-2025,RA7,UNIVERSITY HOSPITALS BRISTOL AND WESTON NHS FOUNDATION TRUST,C_999,Total,54000.0,34666.0,18510.0,824.0,64.2,1.53
Feb-2025,RA7,UNIVERSITY HOSPITALS BRISTOL AND WESTON NHS FOUNDATION TRUST,X04,Other - Paediatric Services,9580.0,5086.0,4246.0,248.0,53.09,2.59
Feb-2025,R0D,UNIVERSITY HOSPITALS DORSET NHS FOUNDATION TRUST,C_400,Neurology Service,3213.0,1495.0,1552.0,166.0,46.53,5.17
Feb-2025,RBD,DORSET COUNTY HOSPITAL NHS FOUNDATION TRUST,C_120,Ear Nose and Throat Service,2911.0,1612.0,1254.0,45.0,55.38,1.55
Feb-2025,RBD,DORSET COUNTY HOSPITAL NHS FOUNDATION TRUST,C_130,Ophthalmology Service,2644.0,1729.0,879.0,36.0,65.39,1.36
Feb-2025,RBD,DORSET COUNTY HOSPITAL NHS FOUNDATION TRUST,C_300,General Internal Medicine Service,12.0,2.0,10.0,0.0,16.67,0.0
Feb-2025,NT3X3,SPIRE ST ANTHONY'S HOSPITAL,C_320,Cardiology Service,6.0,6.0,0.0,0.0,100.0,0.0
Feb-2025,NT436,SHIRLEY OAKS HOSPITAL,C_999,Total,1015.0,696.0,310.0,9.0,68.57,0.89
Feb-2025,RAX,KINGSTON AND RICHMOND NHS FOUNDATION TRUST,C_110,Trauma and Orthopaedic Service,2954.0,1524.0,1407.0,23.0,51.59,0.78
Feb-2025,RJZ,KING'S COLLEGE HOSPITAL NHS FOUNDATION TRUST,C_150,Neurosurgical Service,3218.0,1841.0,1277.0,100.0,57.21,3.11
Feb-2025,NT408,CHAUCER HOSPITAL,C_100,General Surgery Service,116.0,70.0,46.0,0.0,60.34,0.0
Feb-2025,NTP16,PRACTICE PLUS GROUP SURGICAL CENTRE - GILLINGHAM,C_100,General Surgery Service,245.0,217.0,27.0,1.0,88.57,0.41
Feb-2025,NTP16,PRACTICE PLUS GROUP SURGICAL CENTRE - GILLINGHAM,C_110,Trauma and Orthopaedic Service,208.0,74.0,122.0,12.0,35.58,5.77
Feb-2025,NWF01,BENENDEN HOSPITAL,C_110,Trauma and Orthopaedic Service,537.0,386.0,151.0,0.0,71.88,0.0
Feb-2025,NYR,HEALTHSHARE DIAGNOSTICS,C_130,Ophthalmology Service,132.0,46.0,77.0,9.0,34.85,6.82
Feb-2025,RN7,DARTFORD AND GRAVESHAM NHS TRUST,C_301,Gastroenterology Service,3068.0,1522.0,1464.0,82.0,49.61,2.67
Feb-2025,RPA,MEDWAY NHS FOUNDATION TRUST,C_101,Urology Service,2372.0,1782.0,590.0,0.0,75.13,0.0
Feb-2025,RPA,MEDWAY NHS FOUNDATION TRUST,C_410,Rheumatology Service,3113.0,1112.0,1755.0,246.0,35.72,7.9
Feb-2025,RPA,MEDWAY NHS FOUNDATION TRUST,X04,Other - Paediatric Services,20.0,19.0,1.0,0.0,95.0,0.0
Feb-2025,RVV,EAST KENT HOSPITALS UNIVERSITY NHS FOUNDATION TRUST,C_330,Dermatology Service,5211.0,3176.0,2003.0,32.0,60.95,0.61
Feb-2025,RVV,EAST KENT HOSPITALS UNIVERSITY NHS FOUNDATION TRUST,X05,Other - Surgical Services,4323.0,2035.0,2147.0,141.0,47.07,3.26
Feb-2025,RVV,EAST KENT HOSPITALS UNIVERSITY NHS FOUNDATION TRUST,C_100,General Surgery Service,9014.0,4926.0,3599.0,489.0,54.65,5.42
Feb-2025,RWF,MAIDSTONE AND TUNBRIDGE WELLS NHS TRUST,X02,Other - Medical Services,4067.0,3455.0,612.0,0.0,84.95,0.0
Feb-2025,RWF,MAIDSTONE AND TUNBRIDGE WELLS NHS TRUST,C_999,Total,44209.0,32025.0,12184.0,0.0,72.44,0.0
Feb-2025,RWF,MAIDSTONE AND TUNBRIDGE WELLS NHS TRUST,C_300,General Internal Medicine Service,1.0,1.0,0.0,0.0,100.0,0.0
Feb-2025,NT315,SPIRE BUSHEY HOSPITAL,X05,Other - Surgical Services,84.0,84.0,0.0,0.0,100.0,0.0
Feb-2025,NT315,SPIRE BUSHEY HOSPITAL,C_502,Gynaecology Service,1.0,1.0,0.0,0.0,100.0,0.0
Feb-2025,NVC19,RIVERS HOSPITAL,C_120,Ear Nose and Throat Service,163.0,101.0,62.0,0.0,61.96,0.0
Feb-2025,Q1W6P,SPAMEDICA WATFORD,C_130,Ophthalmology Service,170.0,163.0,7.0,0.0,95.88,0.0
Feb-2025,RQW,THE PRINCESS ALEXANDRA HOSPITAL NHS TRUST,C_130,Ophthalmology Service,3101.0,2220.0,767.0,114.0,71.59,3.68
Feb-2025,RQW,THE PRINCESS ALEXANDRA HOSPITAL NHS TRUST,X04,Other - Paediatric Services,1186.0,944.0,236.0,6.0,79.6,0.51
Feb-2025,RQW,THE PRINCESS ALEXANDRA HOSPITAL NHS TRUST,C_300,General Internal Medicine Service,2.0,2.0,0.0,0.0,100.0,0.0
Feb-2025,RWG,WEST HERTFORDSHIRE TEACHING HOSPITALS NHS TRUST,X02,Other - Medical Services,5128.0,3187.0,1816.0,125.0,62.15,2.44
Feb-2025,RWG,WEST HERTFORDSHIRE TEACHING HOSPITALS NHS TRUST,X06,Other - Other Services,238.0,236.0,2.0,0.0,99.16,0.0
Feb-2025,NT314,SPIRE LONDON EAST,C_999,Total,1889.0,1345.0,540.0,4.0,71.2,0.21
Feb-2025,R1H,BARTS HEALTH NHS TRUST,C_400,Neurology Service,2542.0,1150.0,1349.0,43.0,45.24,1.69
Feb-2025,R1H,BARTS HEALTH NHS TRUST,C_140,Oral Surgery Service,6042.0,2855.0,2812.0,375.0,47.25,6.21
Feb-2025,R1H,BARTS HEALTH NHS TRUST,C_300,General Internal Medicine Service,33.0,18.0,15.0,0.0,54.55,0.0
Feb-2025,RF4,"BARKING, HAVERING AND REDBRIDGE UNIVERSITY HOSPITALS NHS TRUST",C_101,Urology Service,2236.0,1881.0,352.0,3.0,84.12,0.13
Feb-2025,RF4,"BARKING, HAVERING AND REDBRIDGE UNIVERSITY HOSPITALS NHS TRUST",X05,Other - Surgical Services,2678.0,1838.0,810.0,30.0,68.63,1.12
Feb-2025,RF4,"BARKING, HAVERING AND REDBRIDGE UNIVERSITY HOSPITALS NHS TRUST",C_430,Elderly Medicine Service,175.0,156.0,19.0,0.0,89.14,0.0
Feb-2025,RQX,HOMERTON HEALTHCARE NHS FOUNDATION TRUST,C_160,Plastic Surgery Service,560.0,242.0,317.0,1.0,43.21,0.18
Feb-2025,RQX,HOMERTON HEALTHCARE NHS FOUNDATION TRUST,X04,Other - Paediatric Services,3159.0,1890.0,1259.0,10.0,59.83,0.32
Feb-2025,RQX,HOMERTON HEALTHCARE NHS FOUNDATION TRUST,C_340,Respiratory Medicine Service,741.0,678.0,63.0,0.0,91.5,0.0
Feb-2025,RQX,HOMERTON HEALTHCARE NHS FOUNDATION TRUST,X06,Other - Other Services,239.0,73.0,166.0,0.0,30.54,0.0
Feb-2025,V8N5R,SPAMEDICA DALSTON,C_130,Ophthalmology Service,223.0,209.0,14.0,0.0,93.72,0.0
Feb-2025,AY1,MEDEFER,C_410,Rheumatology Service,443.0,314.0,129.0,0.0,70.88,0.0
Feb-2025,AY1,MEDEFER,C_100,General Surgery Service,155.0,119.0,36.0,0.0,76.77,0.0
Feb-2025,NT421,KINGS OAK HOSPITAL,C_110,Trauma and Orthopaedic Service,472.0,386.0,85.0,1.0,81.78,0.21
Feb-2025,NPG14,SPAMEDICA WIDNES,C_130,Ophthalmology Service,88.0,86.0,2.0,0.0,97.73,0.0
Feb-2025,NT339,SPIRE REGENCY HOSPITAL,C_110,Trauma and Orthopaedic Service,793.0,786.0,7.0,0.0,99.12,0.0
Feb-2025,RBL,WIRRAL UNIVERSITY TEACHING HOSPITAL NHS FOUNDATION TRUST,C_101,Urology Service,1971.0,1351.0,613.0,7.0,68.54,0.36
Feb-2025,RBL,WIRRAL UNIVERSITY TEACHING HOSPITAL NHS FOUNDATION TRUST,X02,Other - Medical Services,3419.0,2523.0,878.0,18.0,73.79,0.53
Feb-2025,RBN,MERSEY AND WEST LANCASHIRE TEACHING HOSPITALS NHS TRUST,C_999,Total,75376.0,47597.0,25758.0,2021.0,63.15,2.68
Feb-2025,RBT,MID CHESHIRE HOSPITALS NHS FOUNDATION TRUST,X02,Other - Medical Services,1433.0,1168.0,265.0,0.0,81.51,0.0
Feb-2025,RBT,MID CHESHIRE HOSPITALS NHS FOUNDATION TRUST,C_300,General Internal Medicine Service,117.0,52.0,64.0,1.0,44.44,0.85
Feb-2025,REM,LIVERPOOL UNIVERSITY HOSPITALS NHS FOUNDATION TRUST,C_101,Urology Service,3944.0,2259.0,1625.0,60.0,57.28,1.52
Feb-2025,REM,LIVERPOOL UNIVERSITY HOSPITALS NHS FOUNDATION TRUST,C_130,Ophthalmology Service,8163.0,4635.0,3463.0,65.0,56.78,0.8
Feb-2025,RET,THE WALTON CENTRE NHS FOUNDATION TRUST,X05,Other - Surgical Services,594.0,268.0,299.0,27.0,45.12,4.55
Feb-2025,RET,THE WALTON CENTRE NHS FOUNDATION TRUST,C_999,Total,15009.0,8990.0,5922.0,97.0,59.9,0.65
Feb-2025,Z5J5V,SPAMEDICA HAYDOCK,C_999,Total,203.0,198.0,5.0,0.0,97.54,0.0
Feb-2025,NN4,TYNESIDE SURGICAL SERVICES LTD,C_999,Total,1333.0,1158.0,173.0,2.0,86.87,0.15
Feb-2025,NT237,"NUFFIELD HEALTH, TEES HOSPITAL",C_100,General Surgery Service,165.0,123.0,42.0,0.0,74.55,0.0
Feb-2025,NVC0R,TEES VALLEY HOSPITAL,C_160,Plastic Surgery Service,331.0,313.0,18.0,0.0,94.56,0.0
Feb-2025,RAJ,MID AND SOUTH ESSEX NHS FOUNDATION TRUST,X05,Other - Surgical Services,6869.0,4574.0,2076.0,219.0,66.59,3.19
Feb-2025,NPG19,SPAMEDICA BEDFORD,C_999,Total,158.0,155.0,3.0,0.0,98.1,0.0
Feb-2025,NT423,MANOR HOSPITAL,C_101,Urology Service,2.0,0.0,0.0,2.0,0.0,100.0
Feb-2025,NT434,SAXON CLINIC,C_110,Trauma and Orthopaedic Service,486.0,286.0,178.0,22.0,58.85,4.53
Feb-2025,NT434,SAXON CLINIC,C_100,General Surgery Service,140.0,93.0,47.0,0.0,66.43,0.0
Feb-2025,NVC31,BLAKELANDS HOSPITAL,C_110,Trauma and Orthopaedic Service,1017.0,669.0,344.0,4.0,65.78,0.39
Feb-2025,RD8,MILTON KEYNES UNIVERSITY HOSPITAL NHS FOUNDATION TRUST,C_140,Oral Surgery Service,1938.0,542.0,1221.0,175.0,27.97,9.03
Feb-2025,RD8,MILTON KEYNES UNIVERSITY HOSPITAL NHS FOUNDATION TRUST,C_340,Respiratory Medicine Service,1980.0,804.0,1090.0,86.0,40.61,4.34
Feb-2025,NPG11,SPAMEDICA BIRMINGHAM,C_130,Ophthalmology Service,301.0,290.0,11.0,0.0,96.35,0.0
Feb-2025,RQ3,BIRMINGHAM WOMEN'S AND CHILDREN'S NHS FOUNDATION TRUST,C_999,Total,26087.0,15259.0,10489.0,339.0,58.49,1.3
Feb-2025,RRK,UNIVERSITY HOSPITALS BIRMINGHAM NHS FOUNDATION TRUST,C_130,Ophthalmology Service,11561.0,5251.0,5385.0,925.0,45.42,8.0
Feb-2025,RRK,UNIVERSITY HOSPITALS BIRMINGHAM NHS FOUNDATION TRUST,X02,Other - Medical Services,15215.0,8076.0,6768.0,371.0,53.08,2.44
Feb-2025,RNN,NORTH CUMBRIA INTEGRATED CARE NHS FOUNDATION TRUST,C_330,Dermatology Service,3472.0,1605.0,1621.0,246.0,46.23,7.09
Feb-2025,RR7,GATESHEAD HEALTH NHS FOUNDATION TRUST,C_301,Gastroenterology Service,1376.0,1153.0,223.0,0.0,83.79,0.0
Feb-2025,RR7,GATESHEAD HEALTH NHS FOUNDATION TRUST,C_502,Gynaecology Service,2187.0,1269.0,911.0,7.0,58.02,0.32
Feb-2025,RTD,THE NEWCASTLE UPON TYNE HOSPITALS NHS FOUNDATION TRUST,C_100,General Surgery Service,1004.0,734.0,248.0,22.0,73.11,2.19
Feb-2025,RTD,THE NEWCASTLE UPON TYNE HOSPITALS NHS FOUNDATION TRUST,C_101,Urology Service,3237.0,2338.0,890.0,9.0,72.23,0.28
Feb-2025,RTD,THE NEWCASTLE UPON TYNE HOSPITALS NHS FOUNDATION TRUST,C_502,Gynaecology Service,5612.0,3291.0,2138.0,183.0,58.64,3.26
Feb-2025,RTF,NORTHUMBRIA HEALTHCARE NHS FOUNDATION TRUST,C_400,Neurology Service,1.0,1.0,0.0,0.0,100.0,0.0
Feb-2025,RTR,SOUTH TEES HOSPITALS NHS FOUNDATION TRUST,C_150,Neurosurgical Service,1386.0,994.0,382.0,10.0,71.72,0.72
Feb-2025,RTR,SOUTH TEES HOSPITALS NHS FOUNDATION TRUST,X05,Other - Surgical Services,6643.0,3792.0,2632.0,219.0,57.08,3.3
Feb-2025,RGR,WEST SUFFOLK NHS FOUNDATION TRUST,C_430,Elderly Medicine Service,9.0,7.0,2.0,0.0,77.78,0.0
Feb-2025,M5E1S,SPAMEDICA EXETER,C_130,Ophthalmology Service,124.0,121.0,3.0,0.0,97.58,0.0
Feb-2025,NT215,"NUFFIELD HEALTH, EXETER HOSPITAL",C_320,Cardiology Service,79.0,6.0,45.0,28.0,7.59,35.44
Feb-2025,NT233,"NUFFIELD HEALTH, PLYMOUTH HOSPITAL",C_100,General Surgery Service,108.0,69.0,39.0,0.0,63.89,0.0
Feb-2025,RA9,TORBAY AND SOUTH DEVON NHS FOUNDATION TRUST,C_110,Trauma and Orthopaedic Service,2977.0,1587.0,1202.0,188.0,53.31,6.32
Feb-2025,RA9,TORBAY AND SOUTH DEVON NHS FOUNDATION TRUST,C_502,Gynaecology Service,3033.0,1617.0,1162.0,254.0,53.31,8.37
Feb-2025,RA9,TORBAY AND SOUTH DEVON NHS FOUNDATION TRUST,C_300,General Internal Medicine Service,64.0,42.0,18.0,4.0,65.63,6.25
Feb-2025,RH8,ROYAL DEVON UNIVERSITY HEALTHCARE NHS FOUNDATION TRUST,X04,Other - Paediatric Services,1292.0,763.0,500.0,29.0,59.06,2.24
Feb-2025,RXP,COUNTY DURHAM AND DARLINGTON NHS FOUNDATION TRUST,C_100,General Surgery Service,4409.0,2859.0,1529.0,21.0,64.84,0.48
Feb-2025,RXP,COUNTY DURHAM AND DARLINGTON NHS FOUNDATION TRUST,C_301,Gastroenterology Service,2843.0,1849.0,992.0,2.0,65.04,0.07
Feb-2025,RTG,UNIVERSITY HOSPITALS OF DERBY AND BURTON NHS FOUNDATION TRUST,C_100,General Surgery Service,5120.0,2677.0,2331.0,112.0,52.29,2.19
Feb-2025,RTG,UNIVERSITY HOSPITALS OF DERBY AND BURTON NHS FOUNDATION TRUST,C_110,Trauma and Orthopaedic Service,16670.0,8093.0,7912.0,665.0,48.55,3.99
Feb-2025,RTG,UNIVERSITY HOSPITALS OF DERBY AND BURTON NHS FOUNDATION TRUST,C_120,Ear Nose and Throat Service,8371.0,4011.0,4189.0,171.0,47.92,2.04
Feb-2025,RTG,UNIVERSITY HOSPITALS OF DERBY AND BURTON NHS FOUNDATION TRUST,C_301,Gastroenterology Service,4709.0,2919.0,1752.0,38.0,61.99,0.81
Feb-2025,RDE,EAST SUFFOLK AND NORTH ESSEX NHS FOUNDATION TRUST,C_301,Gastroenterology Service,3557.0,2423.0,1086.0,48.0,68.12,1.35
Feb-2025,RK9,UNIVERSITY HOSPITALS PLYMOUTH NHS TRUST,C_170,Cardiothoracic Surgery Service,571.0,254.0,280.0,37.0,44.48,6.48
Feb-2025,NVC27,BOSTON WEST HOSPITAL,X02,Other - Medical Services,1.0,0.0,1.0,0.0,0.0,0.0
Feb-2025,NT437,SLOANE HOSPITAL,C_120,Ear Nose and Throat Service,5.0,0.0,2.0,3.0,0.0,60.0
Feb-2025,NT449,LANCASTER PRIVATE HOSPITAL,C_999,Total,434.0,306.0,124.0,4.0,70.51,0.92
Feb-2025,NVC05,EUXTON HALL HOSPITAL,X02,Other - Medical Services,262.0,159.0,100.0,3.0,60.69,1.15
Feb-2025,NVC16,RENACRES HOSPITAL,X02,Other - Medical Services,927.0,716.0,211.0,0.0,77.24,0.0
Feb-2025,RTX,UNIVERSITY HOSPITALS OF MORECAMBE BAY NHS FOUNDATION TRUST,C_100,General Surgery Service,2481.0,1260.0,1195.0,26.0,50.79,1.05
Feb-2025,RXL,BLACKPOOL TEACHING HOSPITALS NHS FOUNDATION TRUST,C_130,Ophthalmology Service,2805.0,1654.0,1093.0,58.0,58.97,2.07
Feb-2025,RXN,LANCASHIRE TEACHING HOSPITALS NHS FOUNDATION TRUST,C_110,Trauma and Orthopaedic Service,4114.0,2420.0,1657.0,37.0,58.82,0.9
Feb-2025,RXN,LANCASHIRE TEACHING HOSPITALS NHS FOUNDATION TRUST,C_150,Neurosurgical Service,2942.0,1774.0,1144.0,24.0,60.3,0.82
Feb-2025,RXN,LANCASHIRE TEACHING HOSPITALS NHS FOUNDATION TRUST,C_101,Urology Service,1850.0,1143.0,659.0,48.0,61.78,2.59
Feb-2025,B3M1X,CLAREMONT PRIVATE HOSPITAL,C_100,General Surgery Service,203.0,182.0,21.0,0.0,89.66,0.0
Feb-2025,B3M1X,CLAREMONT PRIVATE HOSPITAL,C_101,Urology Service,80.0,59.0,21.0,0.0,73.75,0.0
Feb-2025,NEY,PIONEER HEALTHCARE LIMITED,C_110,Trauma and Orthopaedic Service,191.0,115.0,51.0,25.0,60.21,13.09
Feb-2025,NEY,PIONEER HEALTHCARE LIMITED,C_502,Gynaecology Service,869.0,384.0,462.0,23.0,44.19,2.65
Feb-2025,NT440,THORNBURY HOSPITAL,X06,Other - Other Services,2.0,2.0,0.0,0.0,100.0,0.0
Feb-2025,RFF,BARNSLEY HOSPITAL NHS FOUNDATION TRUST,C_340,Respiratory Medicine Service,549.0,524.0,25.0,0.0,95.45,0.0
Feb-2025,RFR,THE ROTHERHAM NHS FOUNDATION TRUST,C_330,Dermatology Service,2181.0,1610.0,571.0,0.0,73.82,0.0
Feb-2025,RFR,THE ROTHERHAM NHS FOUNDATION TRUST,C_340,Respiratory Medicine Service,1321.0,1226.0,95.0,0.0,92.81,0.0
Feb-2025,RP5,DONCASTER AND BASSETLAW TEACHING HOSPITALS NHS FOUNDATION TRUST,C_120,Ear Nose and Throat Service,7676.0,3194.0,3849.0,633.0,41.61,8.25
Feb-2025,RP5,DONCASTER AND BASSETLAW TEACHING HOSPITALS NHS FOUNDATION TRUST,C_300,General Internal Medicine Service,88.0,78.0,9.0,1.0,88.64,1.14
Feb-2025,RLQ,WYE VALLEY NHS TRUST,C_110,Trauma and Orthopaedic Service,3165.0,1595.0,1416.0,154.0,50.39,4.87
Feb-2025,RLQ,WYE VALLEY NHS TRUST,C_100,General Surgery Service,645.0,431.0,213.0,1.0,66.82,0.16
Feb-2025,RWP,WORCESTERSHIRE ACUTE HOSPITALS NHS TRUST,C_330,Dermatology Service,2773.0,1545.0,1205.0,23.0,55.72,0.83
Feb-2025,RWP,WORCESTERSHIRE ACUTE HOSPITALS NHS TRUST,C_300,General Internal Medicine Service,241.0,167.0,74.0,0.0,69.29,0.0
Feb-2025,NT313,SPIRE WELLESLEY HOSPITAL,X05,Other - Surgical Services,92.0,91.0,1.0,0.0,98.91,0.0
Feb-2025,NT313,SPIRE WELLESLEY HOSPITAL,C_301,Gastroenterology Service,1.0,1.0,0.0,0.0,100.0,0.0
Feb-2025,NT490,SOUTHEND PRIVATE HOSPITAL,C_100,General Surgery Service,4.0,3.0,1.0,0.0,75.0,0.0
Feb-2025,J3J8Z,NEWMEDICA - OXFORDSHIRE,C_999,Total,404.0,399.0,5.0,0.0,98.76,0.0
Feb-2025,NVC25,THE CHERWELL HOSPITAL,X06,Other - Other Services,2.0,0.0,2.0,0.0,0.0,0.0
Feb-2025,RTH,OXFORD UNIVERSITY HOSPITALS NHS FOUNDATION TRUST,C_150,Neurosurgical Service,1017.0,631.0,368.0,18.0,62.05,1.77
Feb-2025,RTH,OXFORD UNIVERSITY HOSPITALS NHS FOUNDATION TRUST,C_320,Cardiology Service,4059.0,2943.0,1089.0,27.0,72.51,0.67
Feb-2025,G6S7A,SPAMEDICA TAUNTON,C_999,Total,92.0,91.0,1.0,0.0,98.91,0.0
Feb-2025,RH5,SOMERSET NHS FOUNDATION TRUST,C_160,Plastic Surgery Service,147.0,90.0,55.0,2.0,61.22,1.36
Feb-2025,RH5,SOMERSET NHS FOUNDATION TRUST,C_170,Cardiothoracic Surgery Service,40.0,24.0,16.0,0.0,60.0,0.0
Feb-2025,NT427,PARK HOSPITAL,C_999,Total,1054.0,820.0,218.0,16.0,77.8,1.52
Feb-2025,RX1,NOTTINGHAM UNIVERSITY HOSPITALS NHS TRUST,C_160,Plastic Surgery Service,1417.0,708.0,702.0,7.0,49.96,0.49
Feb-2025,NAM01,PROBUS SURGICAL CENTRE,C_999,Total,967.0,900.0,66.0,1.0,93.07,0.1
Feb-2025,NT212,"NUFFIELD HEALTH, CHICHESTER HOSPITAL",X02,Other - Medical Services,94.0,50.0,30.0,14.0,53.19,14.89
Feb-2025,NT364,SPIRE MONTEFIORE HOSPITAL,C_150,Neurosurgical Service,2.0,0.0,1.0,1.0,0.0,50.0
Feb-2025,RYR,UNIVERSITY HOSPITALS SUSSEX NHS FOUNDATION TRUST,C_101,Urology Service,6061.0,3245.0,2607.0,209.0,53.54,3.45
Feb-2025,RYR,UNIVERSITY HOSPITALS SUSSEX NHS FOUNDATION TRUST,C_170,Cardiothoracic Surgery Service,106.0,100.0,6.0,0.0,94.34,0.0
Feb-2025,RAL,ROYAL FREE LONDON NHS FOUNDATION TRUST,X02,Other - Medical Services,19811.0,12745.0,6835.0,231.0,64.33,1.17
Feb-2025,RKE,WHITTINGTON HEALTH NHS TRUST,C_999,Total,26280.0,16500.0,9490.0,290.0,62.79,1.1
Feb-2025,RV3,CENTRAL AND NORTH WEST LONDON NHS FOUNDATION TRUST,C_999,Total,1987.0,744.0,692.0,551.0,37.44,27.73
Feb-2025,RCX,"THE QUEEN ELIZABETH HOSPITAL, KING'S LYNN, NHS FOUNDATION TRUST",C_100,General Surgery Service,1436.0,758.0,625.0,53.0,52.79,3.69
Feb-2025,RCX,"THE QUEEN ELIZABETH HOSPITAL, KING'S LYNN, NHS FOUNDATION TRUST",C_101,Urology Service,1330.0,855.0,460.0,15.0,64.29,1.13
Feb-2025,RCX,"THE QUEEN ELIZABETH HOSPITAL, KING'S LYNN, NHS FOUNDATION TRUST",X02,Other - Medical Services,1611.0,850.0,747.0,14.0,52.76,0.87
Feb-2025,RCX,"THE QUEEN ELIZABETH HOSPITAL, KING'S LYNN, NHS FOUNDATION TRUST",C_999,Total,25318.0,14736.0,9975.0,607.0,58.2,2.4
Feb-2025,RGP,JAMES PAGET UNIVERSITY HOSPITALS NHS FOUNDATION TRUST,C_100,General Surgery Service,3901.0,2035.0,1736.0,130.0,52.17,3.33
Feb-2025,RM1,NORFOLK AND NORWICH UNIVERSITY HOSPITALS NHS FOUNDATION TRUST,X06,Other - Other Services,744.0,579.0,131.0,34.0,77.82,4.57
Feb-2025,RM1,NORFOLK AND NORWICH UNIVERSITY HOSPITALS NHS FOUNDATION TRUST,C_999,Total,82333.0,43069.0,35264.0,4000.0,52.31,4.86
Feb-2025,NVC17,ROWLEY HALL HOSPITAL,C_110,Trauma and Orthopaedic Service,1970.0,1313.0,647.0,10.0,66.65,0.51
Feb-2025,RJE,UNIVERSITY HOSPITALS OF NORTH MIDLANDS NHS TRUST,C_301,Gastroenterology Service,6272.0,3447.0,2808.0,17.0,54.96,0.27
Feb-2025,RJE,UNIVERSITY HOSPITALS OF NORTH MIDLANDS NHS TRUST,X06,Other - Other Services,340.0,241.0,96.0,3.0,70.88,0.88
Feb-2025,NT345,SPIRE CLARE PARK HOSPITAL,C_100,General Surgery Service,94.0,83.0,11.0,0.0,88.3,0.0
Feb-2025,NT428,PRINCESS MARGARET HOSPITAL,C_999,Total,119.0,89.0,29.0,1.0,74.79,0.84
Feb-2025,RDU,FRIMLEY HEALTH NHS FOUNDATION TRUST,C_140,Oral Surgery Service,2991.0,780.0,1703.0,508.0,26.08,16.98
Feb-2025,NT304,SPIRE SOUTHAMPTON HOSPITAL,C_110,Trauma and Orthopaedic Service,441.0,307.0,133.0,1.0,69.61,0.23
Feb-2025,NTP11,PRACTICE PLUS GROUP HOSPITAL - SOUTHAMPTON,C_130,Ophthalmology Service,205.0,162.0,41.0,2.0,79.02,0.98
Feb-2025,R1F,ISLE OF WIGHT NHS TRUST,C_430,Elderly Medicine Service,30.0,29.0,1.0,0.0,96.67,0.0
Feb-2025,RHM,UNIVERSITY HOSPITAL SOUTHAMPTON NHS FOUNDATION TRUST,C_999,Total,61328.0,37715.0,22412.0,1201.0,61.5,1.96
Feb-2025,RHM,UNIVERSITY HOSPITAL SOUTHAMPTON NHS FOUNDATION TRUST,C_140,Oral Surgery Service,3303.0,1409.0,1695.0,199.0,42.66,6.02
Feb-2025,RHM,UNIVERSITY HOSPITAL SOUTHAMPTON NHS FOUNDATION TRUST,C_430,Elderly Medicine Service,131.0,111.0,20.0,0.0,84.73,0.0
Feb-2025,RCB,YORK AND SCARBOROUGH TEACHING HOSPITALS NHS FOUNDATION TRUST,C_330,Dermatology Service,2139.0,854.0,1273.0,12.0,39.93,0.56
Feb-2025,RCD,HARROGATE AND DISTRICT NHS FOUNDATION TRUST,C_400,Neurology Service,815.0,479.0,334.0,2.0,58.77,0.25
Feb-2025,RCD,HARROGATE AND DISTRICT NHS FOUNDATION TRUST,C_140,Oral Surgery Service,786.0,524.0,240.0,22.0,66.67,2.8
Feb-2025,ACG39,NEWMEDICA - SWINDON,C_130,Ophthalmology Service,195.0,181.0,14.0,0.0,92.82,0.0
Feb-2025,DFY01,COTSWOLDS SURGICAL PARTNERS,C_330,Dermatology Service,43.0,43.0,0.0,0.0,100.0,0.0
Feb-2025,G3Z1Q,SULIS HOSPITAL BATH (FOXCOTE AVENUE),C_120,Ear Nose and Throat Service,339.0,184.0,125.0,30.0,54.28,8.85
Feb-2025,NVC09,NEW HALL HOSPITAL,C_410,Rheumatology Service,1.0,1.0,0.0,0.0,100.0,0.0
Feb-2025,RN3,GREAT WESTERN HOSPITALS NHS FOUNDATION TRUST,C_999,Total,38642.0,21986.0,15461.0,1195.0,56.9,3.09
Feb-2025,RNZ,SALISBURY NHS FOUNDATION TRUST,X04,Other - Paediatric Services,185.0,115.0,65.0,5.0,62.16,2.7
Feb-2025,NT441,THREE SHIRES HOSPITAL,X06,Other - Other Services,15.0,15.0,0.0,0.0,100.0,0.0
Feb-2025,RNS,NORTHAMPTON GENERAL HOSPITAL NHS TRUST,X05,Other - Surgical Services,850.0,521.0,312.0,17.0,61.29,2.0
Feb-2025,AAH,TETBURY HOSPITAL TRUST LTD,C_101,Urology Service,33.0,29.0,4.0,0.0,87.88,0.0
Feb-2025,RTE,GLOUCESTERSHIRE HOSPITALS NHS FOUNDATION TRUST,X02,Other - Medical Services,8260.0,7049.0,1206.0,5.0,85.34,0.06
Feb-2025,RN5,HAMPSHIRE HOSPITALS NHS FOUNDATION TRUST,C_120,Ear Nose and Throat Service,4557.0,2409.0,1918.0,230.0,52.86,5.05
Feb-2025,RN5,HAMPSHIRE HOSPITALS NHS FOUNDATION TRUST,C_320,Cardiology Service,3393.0,1938.0,1430.0,25.0,57.12,0.74
Feb-2025,RW1,HAMPSHIRE AND ISLE OF WIGHT HEALTHCARE NHS FOUNDATION TRUST,C_410,Rheumatology Service,52.0,52.0,0.0,0.0,100.0,0.0
Feb-2025,RW1,HAMPSHIRE AND ISLE OF WIGHT HEALTHCARE NHS FOUNDATION TRUST,C_430,Elderly Medicine Service,20.0,20.0,0.0,0.0,100.0,0.0
Feb-2025,RW1,HAMPSHIRE AND ISLE OF WIGHT HEALTHCARE NHS FOUNDATION TRUST,X04,Other - Paediatric Services,3.0,3.0,0.0,0.0,100.0,0.0
Feb-2025,NT405,BISHOPS WOOD HOSPITAL,C_502,Gynaecology Service,68.0,46.0,22.0,0.0,67.65,0.0
Feb-2025,NT405,BISHOPS WOOD HOSPITAL,C_130,Ophthalmology Service,36.0,31.0,5.0,0.0,86.11,0.0
Feb-2025,NT405,BISHOPS WOOD HOSPITAL,X06,Other - Other Services,2.0,2.0,0.0,0.0,100.0,0.0
Feb-2025,RL1,THE ROBERT JONES AND AGNES HUNT ORTHOPAEDIC HOSPITAL NHS FOUNDATION TRUST,C_430,Elderly Medicine Service,23.0,23.0,0.0,0.0,100.0,0.0
Feb-2025,DXV,OMNES HEALTHCARE LTD,C_999,Total,7938.0,6742.0,1180.0,16.0,84.93,0.2
Feb-2025,NN5,MANCHESTER SURGICAL SERVICES LTD,C_999,Total,288.0,274.0,14.0,0.0,95.14,0.0
Feb-2025,RM3,NORTHERN CARE ALLIANCE NHS FOUNDATION TRUST,C_120,Ear Nose and Throat Service,11486.0,4903.0,5983.0,600.0,42.69,5.22
Feb-2025,RM3,NORTHERN CARE ALLIANCE NHS FOUNDATION TRUST,C_140,Oral Surgery Service,1750.0,752.0,967.0,31.0,42.97,1.77
Feb-2025,RMC,BOLTON NHS FOUNDATION TRUST,C_340,Respiratory Medicine Service,1383.0,896.0,485.0,2.0,64.79,0.14
Feb-2025,RMP,TAMESIDE AND GLOSSOP INTEGRATED CARE NHS FOUNDATION TRUST,C_110,Trauma and Orthopaedic Service,2883.0,1844.0,1039.0,0.0,63.96,0.0
Feb-2025,RMP,TAMESIDE AND GLOSSOP INTEGRATED CARE NHS FOUNDATION TRUST,C_300,General Internal Medicine Service,20.0,14.0,6.0,0.0,70.0,0.0
Feb-2025,RMP,TAMESIDE AND GLOSSOP INTEGRATED CARE NHS FOUNDATION TRUST,C_430,Elderly Medicine Service,10.0,9.0,1.0,0.0,90.0,0.0
Feb-2025,RRF,"WRIGHTINGTON, WIGAN AND LEIGH NHS FOUNDATION TRUST",C_999,Total,50098.0,27329.0,20640.0,2129.0,54.55,4.25
Feb-2025,RRF,"WRIGHTINGTON, WIGAN AND LEIGH NHS FOUNDATION TRUST",C_301,Gastroenterology Service,4815.0,2581.0,2095.0,139.0,53.6,2.89
Feb-2025,RRF,"WRIGHTINGTON, WIGAN AND LEIGH NHS FOUNDATION TRUST",X04,Other - Paediatric Services,2906.0,1606.0,1151.0,149.0,55.26,5.13
Feb-2025,ACG22,NEWMEDICA - BRIGG - RIVERSIDE SURGERY,C_999,Total,708.0,667.0,41.0,0.0,94.21,0.0
Feb-2025,NT447,DUCHY HOSPITAL,C_999,Total,515.0,333.0,177.0,5.0,64.66,0.97
Feb-2025,NTE02,ST HUGH'S HOSPITAL,C_150,Neurosurgical Service,1.0,1.0,0.0,0.0,100.0,0.0
Feb-2025,NTE02,ST HUGH'S HOSPITAL,C_301,Gastroenterology Service,537.0,146.0,340.0,51.0,27.19,9.5
Feb-2025,NT216,"NUFFIELD HEALTH, GUILDFORD HOSPITAL",X06,Other - Other Services,1.0,0.0,0.0,1.0,0.0,100.0
Feb-2025,NT241,"NUFFIELD HEALTH, WOKING HOSPITAL",C_110,Trauma and Orthopaedic Service,432.0,355.0,64.0,13.0,82.18,3.01
Feb-2025,NT431,RUNNYMEDE HOSPITAL,C_301,Gastroenterology Service,25.0,24.0,1.0,0.0,96.0,0.0
Feb-2025,RA2,ROYAL SURREY COUNTY HOSPITAL NHS FOUNDATION TRUST,C_320,Cardiology Service,1338.0,746.0,548.0,44.0,55.75,3.29
Feb-2025,RJ7,ST GEORGE'S UNIVERSITY HOSPITALS NHS FOUNDATION TRUST,C_110,Trauma and Orthopaedic Service,4009.0,2628.0,1356.0,25.0,65.55,0.62
Feb-2025,RJ7,ST GEORGE'S UNIVERSITY HOSPITALS NHS FOUNDATION TRUST,C_300,General Internal Medicine Service,92.0,63.0,29.0,0.0,68.48,0.0
Feb-2025,NL8,LOCALA COMMUNITY PARTNERSHIPS CIC,X05,Other - Surgical Services,303.0,266.0,37.0,0.0,87.79,0.0
Feb-2025,NT225,"NUFFIELD HEALTH, LEEDS HOSPITAL",C_110,Trauma and Orthopaedic Service,1243.0,573.0,447.0,223.0,46.1,17.94
Feb-2025,NT332,SPIRE LEEDS HOSPITAL,C_100,General Surgery Service,153.0,130.0,22.0,1.0,84.97,0.65
Feb-2025,NT348,SPIRE ELLAND HOSPITAL,C_999,Total,1086.0,921.0,163.0,2.0,84.81,0.18
Feb-2025,NT350,SPIRE METHLEY PARK HOSPITAL,C_101,Urology Service,60.0,55.0,5.0,0.0,91.67,0.0
Feb-2025,NT448,HUDDERSFIELD PRIVATE HOSPITAL,C_101,Urology Service,98.0,92.0,6.0,0.0,93.88,0.0
Feb-2025,NVC20,THE YORKSHIRE CLINIC,C_999,Total,8322.0,5564.0,2675.0,83.0,66.86,1.0
Feb-2025,NVC20,THE YORKSHIRE CLINIC,X02,Other - Medical Services,1039.0,660.0,377.0,2.0,63.52,0.19
Feb-2025,RAE,BRADFORD TEACHING HOSPITALS NHS FOUNDATION TRUST,C_340,Respiratory Medicine Service,1254.0,614.0,636.0,4.0,48.96,0.32
Feb-2025,RAE,BRADFORD TEACHING HOSPITALS NHS FOUNDATION TRUST,C_130,Ophthalmology Service,2630.0,1731.0,887.0,12.0,65.82,0.46
Feb-2025,RCF,AIREDALE NHS FOUNDATION TRUST,X04,Other - Paediatric Services,590.0,414.0,169.0,7.0,70.17,1.19
Feb-2025,RR8,LEEDS TEACHING HOSPITALS NHS TRUST,C_340,Respiratory Medicine Service,1464.0,982.0,482.0,0.0,67.08,0.0
Feb-2025,RXF,MID YORKSHIRE TEACHING NHS TRUST,X02,Other - Medical Services,7223.0,4353.0,2824.0,46.0,60.27,0.64
Feb-2025,RXF,MID YORKSHIRE TEACHING NHS TRUST,C_410,Rheumatology Service,871.0,491.0,379.0,1.0,56.37,0.11
Feb-2025,RKB,UNIVERSITY HOSPITALS COVENTRY AND WARWICKSHIRE NHS TRUST,X02,Other - Medical Services,9905.0,5026.0,4784.0,95.0,50.74,0.96
Feb-2025,RKB,UNIVERSITY HOSPITALS COVENTRY AND WARWICKSHIRE NHS TRUST,C_130,Ophthalmology Service,6269.0,3072.0,2961.0,236.0,49.0,3.76
Feb-2025,RKB,UNIVERSITY HOSPITALS COVENTRY AND WARWICKSHIRE NHS TRUST,C_300,General Internal Medicine Service,1221.0,727.0,493.0,1.0,59.54,0.08
Feb-2025,NNE,DORKING HEALTHCARE LIMITED (DHC),C_100,General Surgery Service,106.0,89.0,17.0,0.0,83.96,0.0
Feb-2025,NNE,DORKING HEALTHCARE LIMITED (DHC),C_410,Rheumatology Service,250.0,212.0,38.0,0.0,84.8,0.0
Feb-2025,RTK,ASHFORD AND ST PETER'S HOSPITALS NHS FOUNDATION TRUST,C_502,Gynaecology Service,3446.0,1891.0,1523.0,32.0,54.88,0.93
Feb-2025,RTK,ASHFORD AND ST PETER'S HOSPITALS NHS FOUNDATION TRUST,C_430,Elderly Medicine Service,150.0,139.0,11.0,0.0,92.67,0.0
Feb-2025,NPG20,SPAMEDICA WOLVERHAMPTON,C_130,Ophthalmology Service,230.0,226.0,4.0,0.0,98.26,0.0
Feb-2025,NVC1H,STOURSIDE HOSPITAL,C_301,Gastroenterology Service,20.0,9.0,10.0,1.0,45.0,5.0
Feb-2025,NVC1H,STOURSIDE HOSPITAL,C_502,Gynaecology Service,301.0,196.0,101.0,4.0,65.12,1.33
Feb-2025,RBK,WALSALL HEALTHCARE NHS TRUST,C_100,General Surgery Service,1256.0,819.0,420.0,17.0,65.21,1.35
Feb-2025,RL4,THE ROYAL WOLVERHAMPTON NHS TRUST,C_400,Neurology Service,2696.0,1800.0,896.0,0.0,66.77,0.0
Feb-2025,RL4,THE ROYAL WOLVERHAMPTON NHS TRUST,X02,Other - Medical Services,7049.0,4180.0,2790.0,79.0,59.3,1.12
Feb-2025,NT209,"NUFFIELD HEALTH, CAMBRIDGE HOSPITAL",C_100,General Surgery Service,1.0,0.0,1.0,0.0,0.0,0.0
Feb-2025,NVC06,FITZWILLIAM HOSPITAL,C_999,Total,6457.0,3448.0,2840.0,169.0,53.4,2.62
Feb-2025,NVC06,FITZWILLIAM HOSPITAL,X02,Other - Medical Services,559.0,357.0,202.0,0.0,63.86,0.0
Feb-2025,RGM,ROYAL PAPWORTH HOSPITAL NHS FOUNDATION TRUST,C_170,Cardiothoracic Surgery Service,605.0,409.0,184.0,12.0,67.6,1.98
Feb-2025,RGN,NORTH WEST ANGLIA NHS FOUNDATION TRUST,C_160,Plastic Surgery Service,1324.0,823.0,500.0,1.0,62.16,0.08
Feb-2025,RGN,NORTH WEST ANGLIA NHS FOUNDATION TRUST,X06,Other - Other Services,730.0,353.0,370.0,7.0,48.36,0.96
Feb-2025,RGN,NORTH WEST ANGLIA NHS FOUNDATION TRUST,C_140,Oral Surgery Service,2774.0,1246.0,1469.0,59.0,44.92,2.13
Feb-2025,RGT,CAMBRIDGE UNIVERSITY HOSPITALS NHS FOUNDATION TRUST,C_300,General Internal Medicine Service,657.0,270.0,315.0,72.0,41.1,10.96
Feb-2025,RGT,CAMBRIDGE UNIVERSITY HOSPITALS NHS FOUNDATION TRUST,X04,Other - Paediatric Services,4811.0,2840.0,1794.0,177.0,59.03,3.68
Feb-2025,RGT,CAMBRIDGE UNIVERSITY HOSPITALS NHS FOUNDATION TRUST,C_999,Total,65248.0,38211.0,24954.0,2083.0,58.56,3.19
Feb-2025,H4J9P,NEWMEDICA AZTEC WEST,C_130,Ophthalmology Service,649.0,630.0,19.0,0.0,97.07,0.0
Feb-2025,P1B7M,SPAMEDICA BRISTOL,C_130,Ophthalmology Service,101.0,99.0,2.0,0.0,98.02,0.0
Feb-2025,RA7,UNIVERSITY HOSPITALS BRISTOL AND WESTON NHS FOUNDATION TRUST,X06,Other - Other Services,851.0,641.0,207.0,3.0,75.32,0.35
Feb-2025,RA7,UNIVERSITY HOSPITALS BRISTOL AND WESTON NHS FOUNDATION TRUST,C_110,Trauma and Orthopaedic Service,1552.0,969.0,581.0,2.0,62.44,0.13
Feb-2025,RA7,UNIVERSITY HOSPITALS BRISTOL AND WESTON NHS FOUNDATION TRUST,C_410,Rheumatology Service,781.0,546.0,230.0,5.0,69.91,0.64
Feb-2025,RVJ,NORTH BRISTOL NHS TRUST,C_170,Cardiothoracic Surgery Service,21.0,21.0,0.0,0.0,100.0,0.0
Feb-2025,NT443,WINTERBOURNE HOSPITAL,C_100,General Surgery Service,41.0,40.0,1.0,0.0,97.56,0.0
Feb-2025,RBD,DORSET COUNTY HOSPITAL NHS FOUNDATION TRUST,C_100,General Surgery Service,1076.0,505.0,534.0,37.0,46.93,3.44
Feb-2025,NT3X3,SPIRE ST ANTHONY'S HOSPITAL,C_120,Ear Nose and Throat Service,25.0,22.0,3.0,0.0,88.0,0.0
Feb-2025,NT436,SHIRLEY OAKS HOSPITAL,C_110,Trauma and Orthopaedic Service,353.0,229.0,121.0,3.0,64.87,0.85
Feb-2025,NT436,SHIRLEY OAKS HOSPITAL,C_301,Gastroenterology Service,210.0,155.0,53.0,2.0,73.81,0.95
Feb-2025,RAX,KINGSTON AND RICHMOND NHS FOUNDATION TRUST,C_160,Plastic Surgery Service,394.0,295.0,99.0,0.0,74.87,0.0
Feb-2025,RJ6,CROYDON HEALTH SERVICES NHS TRUST,C_301,Gastroenterology Service,2545.0,1961.0,579.0,5.0,77.05,0.2
Feb-2025,RJZ,KING'S COLLEGE HOSPITAL NHS FOUNDATION TRUST,C_430,Elderly Medicine Service,448.0,404.0,42.0,2.0,90.18,0.45
Feb-2025,RJZ,KING'S COLLEGE HOSPITAL NHS FOUNDATION TRUST,X03,Other - Mental Health Services,12.0,10.0,2.0,0.0,83.33,0.0
Feb-2025,ADP02,KIMS HOSPITAL (NEWNHAM COURT),C_130,Ophthalmology Service,12.0,12.0,0.0,0.0,100.0,0.0
Feb-2025,NT408,CHAUCER HOSPITAL,C_130,Ophthalmology Service,38.0,38.0,0.0,0.0,100.0,0.0
Feb-2025,NWF01,BENENDEN HOSPITAL,C_100,General Surgery Service,175.0,94.0,59.0,22.0,53.71,12.57
Feb-2025,NYR,HEALTHSHARE DIAGNOSTICS,C_999,Total,2234.0,1210.0,969.0,55.0,54.16,2.46
Feb-2025,RN7,DARTFORD AND GRAVESHAM NHS TRUST,C_110,Trauma and Orthopaedic Service,4776.0,2677.0,2044.0,55.0,56.05,1.15
Feb-2025,RN7,DARTFORD AND GRAVESHAM NHS TRUST,C_999,Total,31953.0,20050.0,11319.0,584.0,62.75,1.83
Feb-2025,RN7,DARTFORD AND GRAVESHAM NHS TRUST,C_101,Urology Service,2845.0,1849.0,983.0,13.0,64.99,0.46
Feb-2025,RVV,EAST KENT HOSPITALS UNIVERSITY NHS FOUNDATION TRUST,C_301,Gastroenterology Service,6123.0,2622.0,3244.0,257.0,42.82,4.2
Feb-2025,NVC15,PINEHILL HOSPITAL,X02,Other - Medical Services,187.0,120.0,67.0,0.0,64.17,0.0
Feb-2025,RQW,THE PRINCESS ALEXANDRA HOSPITAL NHS TRUST,C_502,Gynaecology Service,3882.0,1419.0,2259.0,204.0,36.55,5.26
Feb-2025,NT314,SPIRE LONDON EAST,C_100,General Surgery Service,509.0,376.0,132.0,1.0,73.87,0.2
Feb-2025,NT314,SPIRE LONDON EAST,C_110,Trauma and Orthopaedic Service,756.0,565.0,190.0,1.0,74.74,0.13
Feb-2025,NT422,LONDON INDEPENDENT HOSPITAL,C_150,Neurosurgical Service,17.0,16.0,1.0,0.0,94.12,0.0
Feb-2025,NTP15,PRACTICE PLUS GROUP HOSPITAL - ILFORD,C_999,Total,6148.0,4794.0,1345.0,9.0,77.98,0.15
Feb-2025,R1H,BARTS HEALTH NHS TRUST,X02,Other - Medical Services,18997.0,11066.0,7503.0,428.0,58.25,2.25
Feb-2025,R1H,BARTS HEALTH NHS TRUST,C_410,Rheumatology Service,1368.0,1041.0,326.0,1.0,76.1,0.07
Feb-2025,RQX,HOMERTON HEALTHCARE NHS FOUNDATION TRUST,C_999,Total,35278.0,22173.0,12901.0,204.0,62.85,0.58
Feb-2025,RQX,HOMERTON HEALTHCARE NHS FOUNDATION TRUST,C_330,Dermatology Service,1872.0,925.0,945.0,2.0,49.41,0.11
Feb-2025,DX1,THE NEW FOSCOTE HOSPITAL LTD,C_999,Total,440.0,375.0,62.0,3.0,85.23,0.68
Feb-2025,DX1,THE NEW FOSCOTE HOSPITAL LTD,X05,Other - Surgical Services,10.0,5.0,5.0,0.0,50.0,0.0
Feb-2025,NT451,CAVELL HOSPITAL,C_320,Cardiology Service,1.0,0.0,1.0,0.0,0.0,0.0
Feb-2025,RTP,SURREY AND SUSSEX HEALTHCARE NHS TRUST,C_300,General Internal Medicine Service,78.0,31.0,47.0,0.0,39.74,0.0
Feb-2025,NT337,SPIRE LIVERPOOL HOSPITAL,C_999,Total,3017.0,2823.0,194.0,0.0,93.57,0.0
Feb-2025,NT339,SPIRE REGENCY HOSPITAL,C_100,General Surgery Service,361.0,361.0,0.0,0.0,100.0,0.0
Feb-2025,NT339,SPIRE REGENCY HOSPITAL,X05,Other - Surgical Services,410.0,410.0,0.0,0.0,100.0,0.0
Feb-2025,NVG01,FAIRFIELD HOSPITAL,C_100,General Surgery Service,419.0,286.0,133.0,0.0,68.26,0.0
Feb-2025,RBN,MERSEY AND WEST LANCASHIRE TEACHING HOSPITALS NHS TRUST,X04,Other - Paediatric Services,2368.0,1724.0,624.0,20.0,72.8,0.84
Feb-2025,RBN,MERSEY AND WEST LANCASHIRE TEACHING HOSPITALS NHS TRUST,C_340,Respiratory Medicine Service,1250.0,883.0,367.0,0.0,70.64,0.0
Feb-2025,RBS,ALDER HEY CHILDREN'S NHS FOUNDATION TRUST,X04,Other - Paediatric Services,21276.0,12101.0,8871.0,304.0,56.88,1.43
Feb-2025,RBT,MID CHESHIRE HOSPITALS NHS FOUNDATION TRUST,C_301,Gastroenterology Service,996.0,802.0,191.0,3.0,80.52,0.3
Feb-2025,RBT,MID CHESHIRE HOSPITALS NHS FOUNDATION TRUST,C_430,Elderly Medicine Service,21.0,19.0,2.0,0.0,90.48,0.0
Feb-2025,REM,LIVERPOOL UNIVERSITY HOSPITALS NHS FOUNDATION TRUST,C_120,Ear Nose and Throat Service,7163.0,2591.0,3651.0,921.0,36.17,12.86
Feb-2025,REM,LIVERPOOL UNIVERSITY HOSPITALS NHS FOUNDATION TRUST,C_410,Rheumatology Service,557.0,440.0,117.0,0.0,78.99,0.0
Feb-2025,REN,THE CLATTERBRIDGE CANCER CENTRE NHS FOUNDATION TRUST,C_999,Total,900.0,874.0,26.0,0.0,97.11,0.0
Feb-2025,REP,LIVERPOOL WOMEN'S NHS FOUNDATION TRUST,C_999,Total,16436.0,8402.0,7598.0,436.0,51.12,2.65
Feb-2025,RET,THE WALTON CENTRE NHS FOUNDATION TRUST,X03,Other - Mental Health Services,16.0,16.0,0.0,0.0,100.0,0.0
Feb-2025,RJN,EAST CHESHIRE NHS TRUST,C_300,General Internal Medicine Service,21.0,9.0,12.0,0.0,42.86,0.0
Feb-2025,RJR,COUNTESS OF CHESTER HOSPITAL NHS FOUNDATION TRUST,C_999,Total,34282.0,16501.0,15743.0,2038.0,48.13,5.94
Feb-2025,RJR,COUNTESS OF CHESTER HOSPITAL NHS FOUNDATION TRUST,C_410,Rheumatology Service,661.0,301.0,340.0,20.0,45.54,3.03
Feb-2025,RW4,MERSEY CARE NHS FOUNDATION TRUST,C_999,Total,57.0,54.0,1.0,2.0,94.74,3.51
Feb-2025,RWW,WARRINGTON AND HALTON TEACHING HOSPITALS NHS FOUNDATION TRUST,C_300,General Internal Medicine Service,59.0,56.0,3.0,0.0,94.92,0.0
Feb-2025,NMG,CONNECT HEALTH LIMITED,C_999,Total,11253.0,10251.0,1002.0,0.0,91.1,0.0
Feb-2025,NT457,WOODLANDS HOSPITAL,C_120,Ear Nose and Throat Service,139.0,118.0,21.0,0.0,84.89,0.0
Feb-2025,NVC29,COBALT HOSPITAL,C_301,Gastroenterology Service,813.0,568.0,242.0,3.0,69.86,0.37
Feb-2025,R0B,SOUTH TYNESIDE AND SUNDERLAND NHS FOUNDATION TRUST,C_320,Cardiology Service,2048.0,1620.0,428.0,0.0,79.1,0.0
Feb-2025,NVC18,SPRINGFIELD HOSPITAL,C_100,General Surgery Service,613.0,451.0,160.0,2.0,73.57,0.33
Feb-2025,NT423,MANOR HOSPITAL,C_100,General Surgery Service,84.0,41.0,41.0,2.0,48.81,2.38
Feb-2025,RD8,MILTON KEYNES UNIVERSITY HOSPITAL NHS FOUNDATION TRUST,C_320,Cardiology Service,1543.0,898.0,630.0,15.0,58.2,0.97
Feb-2025,RD8,MILTON KEYNES UNIVERSITY HOSPITAL NHS FOUNDATION TRUST,X04,Other - Paediatric Services,550.0,249.0,248.0,53.0,45.27,9.64
Feb-2025,RD8,MILTON KEYNES UNIVERSITY HOSPITAL NHS FOUNDATION TRUST,X06,Other - Other Services,130.0,129.0,1.0,0.0,99.23,0.0
Feb-2025,J7V1N,SPAMEDICA SOLIHULL,C_999,Total,176.0,171.0,5.0,0.0,97.16,0.0
Feb-2025,NT445,EDGBASTON HOSPITAL,C_999,Total,1.0,1.0,0.0,0.0,100.0,0.0
Feb-2025,RRK,UNIVERSITY HOSPITALS BIRMINGHAM NHS FOUNDATION TRUST,C_300,General Internal Medicine Service,1725.0,1651.0,72.0,2.0,95.71,0.12
Feb-2025,RRK,UNIVERSITY HOSPITALS BIRMINGHAM NHS FOUNDATION TRUST,C_410,Rheumatology Service,669.0,580.0,88.0,1.0,86.7,0.15
Feb-2025,RNN,NORTH CUMBRIA INTEGRATED CARE NHS FOUNDATION TRUST,C_130,Ophthalmology Service,2837.0,1836.0,975.0,26.0,64.72,0.92
Feb-2025,RNN,NORTH CUMBRIA INTEGRATED CARE NHS FOUNDATION TRUST,C_400,Neurology Service,2589.0,1038.0,1441.0,110.0,40.09,4.25
Feb-2025,RR7,GATESHEAD HEALTH NHS FOUNDATION TRUST,X05,Other - Surgical Services,16.0,12.0,4.0,0.0,75.0,0.0
Feb-2025,RTD,THE NEWCASTLE UPON TYNE HOSPITALS NHS FOUNDATION TRUST,X05,Other - Surgical Services,10294.0,6803.0,3333.0,158.0,66.09,1.53
Feb-2025,RTD,THE NEWCASTLE UPON TYNE HOSPITALS NHS FOUNDATION TRUST,C_330,Dermatology Service,8105.0,5281.0,2680.0,144.0,65.16,1.78
Feb-2025,RTF,NORTHUMBRIA HEALTHCARE NHS FOUNDATION TRUST,C_410,Rheumatology Service,802.0,726.0,76.0,0.0,90.52,0.0
Feb-2025,RGR,WEST SUFFOLK NHS FOUNDATION TRUST,C_130,Ophthalmology Service,2720.0,1570.0,1024.0,126.0,57.72,4.63
Feb-2025,RGR,WEST SUFFOLK NHS FOUNDATION TRUST,X03,Other - Mental Health Services,8.0,1.0,7.0,0.0,12.5,0.0
Feb-2025,ACG36,NEWMEDICA - EXETER - GLEN HOUSE,C_130,Ophthalmology Service,229.0,215.0,14.0,0.0,93.89,0.0
Feb-2025,D3O0Z,PLYMOUTH NEWMEDICA LTD,C_999,Total,367.0,348.0,19.0,0.0,94.82,0.0
Feb-2025,NTPH5,PRACTICE PLUS GROUP HOSPITAL - PLYMOUTH,C_999,Total,1588.0,1164.0,380.0,44.0,73.3,2.77
Feb-2025,RA9,TORBAY AND SOUTH DEVON NHS FOUNDATION TRUST,C_160,Plastic Surgery Service,171.0,121.0,46.0,4.0,70.76,2.34
Feb-2025,RA9,TORBAY AND SOUTH DEVON NHS FOUNDATION TRUST,C_320,Cardiology Service,3811.0,2382.0,1324.0,105.0,62.5,2.76
Feb-2025,RH8,ROYAL DEVON UNIVERSITY HEALTHCARE NHS FOUNDATION TRUST,C_101,Urology Service,3285.0,2180.0,1027.0,78.0,66.36,2.37
Feb-2025,RVW,NORTH TEES AND HARTLEPOOL NHS FOUNDATION TRUST,C_999,Total,20122.0,14978.0,4973.0,171.0,74.44,0.85
Feb-2025,RVW,NORTH TEES AND HARTLEPOOL NHS FOUNDATION TRUST,C_410,Rheumatology Service,533.0,407.0,125.0,1.0,76.36,0.19
Feb-2025,ACG26,NEWMEDICA - NORTH DERBYSHIRE - MIDLAND COURT,C_130,Ophthalmology Service,1009.0,903.0,104.0,2.0,89.49,0.2
Feb-2025,ADF01,NORTHWEST DIAGNOSTIC & TREATMENT SERVICES (MANOR HOUSE SURGERY),C_999,Total,17.0,17.0,0.0,0.0,100.0,0.0
Feb-2025,NT213,"NUFFIELD HEALTH, DERBY HOSPITAL",C_100,General Surgery Service,81.0,44.0,37.0,0.0,54.32,0.0
Feb-2025,RTG,UNIVERSITY HOSPITALS OF DERBY AND BURTON NHS FOUNDATION TRUST,X03,Other - Mental Health Services,1.0,1.0,0.0,0.0,100.0,0.0
Feb-2025,NQX01,PROVIDE WELLBEING @ TOLLGATE CLINIC,C_110,Trauma and Orthopaedic Service,88.0,88.0,0.0,0.0,100.0,0.0
Feb-2025,RDE,EAST SUFFOLK AND NORTH ESSEX NHS FOUNDATION TRUST,X06,Other - Other Services,180.0,139.0,28.0,13.0,77.22,7.22
Feb-2025,RK9,UNIVERSITY HOSPITALS PLYMOUTH NHS TRUST,C_120,Ear Nose and Throat Service,3992.0,2296.0,1600.0,96.0,57.52,2.4
Feb-2025,RK9,UNIVERSITY HOSPITALS PLYMOUTH NHS TRUST,C_502,Gynaecology Service,3775.0,1810.0,1828.0,137.0,47.95,3.63
Feb-2025,RK9,UNIVERSITY HOSPITALS PLYMOUTH NHS TRUST,X05,Other - Surgical Services,6029.0,3815.0,2040.0,174.0,63.28,2.89
Feb-2025,NT450,LINCOLN PRIVATE HOSPITAL,C_502,Gynaecology Service,16.0,0.0,15.0,1.0,0.0,6.25
Feb-2025,NVC27,BOSTON WEST HOSPITAL,C_110,Trauma and Orthopaedic Service,832.0,480.0,346.0,6.0,57.69,0.72
Feb-2025,RP7,LINCOLNSHIRE PARTNERSHIP NHS FOUNDATION TRUST,X03,Other - Mental Health Services,19.0,19.0,0.0,0.0,100.0,0.0
Feb-2025,RWD,UNITED LINCOLNSHIRE TEACHING HOSPITALS NHS TRUST,C_110,Trauma and Orthopaedic Service,5868.0,3379.0,2455.0,34.0,57.58,0.58
Feb-2025,NT226,"NUFFIELD HEALTH, LEICESTER HOSPITAL",C_120,Ear Nose and Throat Service,3.0,1.0,2.0,0.0,33.33,0.0
Feb-2025,RWE,UNIVERSITY HOSPITALS OF LEICESTER NHS TRUST,X05,Other - Surgical Services,3125.0,2407.0,691.0,27.0,77.02,0.86
Feb-2025,RWE,UNIVERSITY HOSPITALS OF LEICESTER NHS TRUST,C_140,Oral Surgery Service,7530.0,2937.0,4268.0,325.0,39.0,4.32
Feb-2025,NT406,BLACKHEATH HOSPITAL,C_150,Neurosurgical Service,3.0,1.0,2.0,0.0,33.33,0.0
Feb-2025,NT409,CHELSFIELD PARK HOSPITAL,C_101,Urology Service,41.0,35.0,6.0,0.0,85.37,0.0
Feb-2025,NT409,CHELSFIELD PARK HOSPITAL,C_150,Neurosurgical Service,2.0,2.0,0.0,0.0,100.0,0.0
Feb-2025,NT437,SLOANE HOSPITAL,C_150,Neurosurgical Service,2.0,2.0,0.0,0.0,100.0,0.0
Feb-2025,RJ2,LEWISHAM AND GREENWICH NHS TRUST,C_340,Respiratory Medicine Service,1849.0,1332.0,487.0,30.0,72.04,1.62
Feb-2025,A4M8P,BUCKSHAW HOSPITAL,C_100,General Surgery Service,983.0,703.0,275.0,5.0,71.52,0.51
Feb-2025,NT347,SPIRE FYLDE COAST HOSPITAL,C_120,Ear Nose and Throat Service,112.0,96.0,16.0,0.0,85.71,0.0
Feb-2025,NT449,LANCASTER PRIVATE HOSPITAL,C_502,Gynaecology Service,1.0,0.0,1.0,0.0,0.0,0.0
Feb-2025,NT449,LANCASTER PRIVATE HOSPITAL,C_150,Neurosurgical Service,3.0,3.0,0.0,0.0,100.0,0.0
Feb-2025,NT449,LANCASTER PRIVATE HOSPITAL,C_301,Gastroenterology Service,12.0,2.0,10.0,0.0,16.67,0.0
Feb-2025,NVC05,EUXTON HALL HOSPITAL,C_160,Plastic Surgery Service,2.0,2.0,0.0,0.0,100.0,0.0
Feb-2025,NVC07,FULWOOD HALL HOSPITAL,C_110,Trauma and Orthopaedic Service,2687.0,1603.0,1062.0,22.0,59.66,0.82
Feb-2025,NVC07,FULWOOD HALL HOSPITAL,X06,Other - Other Services,3.0,2.0,1.0,0.0,66.67,0.0
Feb-2025,NVC16,RENACRES HOSPITAL,C_101,Urology Service,230.0,200.0,30.0,0.0,86.96,0.0
Feb-2025,RTX,UNIVERSITY HOSPITALS OF MORECAMBE BAY NHS FOUNDATION TRUST,X04,Other - Paediatric Services,1610.0,1120.0,472.0,18.0,69.57,1.12
Feb-2025,RTX,UNIVERSITY HOSPITALS OF MORECAMBE BAY NHS FOUNDATION TRUST,C_340,Respiratory Medicine Service,439.0,369.0,68.0,2.0,84.05,0.46
Feb-2025,RXL,BLACKPOOL TEACHING HOSPITALS NHS FOUNDATION TRUST,X02,Other - Medical Services,3273.0,1699.0,1252.0,322.0,51.91,9.84
Feb-2025,RXL,BLACKPOOL TEACHING HOSPITALS NHS FOUNDATION TRUST,X05,Other - Surgical Services,1493.0,1274.0,208.0,11.0,85.33,0.74
Feb-2025,RXR,EAST LANCASHIRE HOSPITALS NHS TRUST,C_430,Elderly Medicine Service,48.0,48.0,0.0,0.0,100.0,0.0
Feb-2025,NVC14,PARK HILL HOSPITAL,C_502,Gynaecology Service,1.0,0.0,1.0,0.0,0.0,0.0
Feb-2025,RHQ,SHEFFIELD TEACHING HOSPITALS NHS FOUNDATION TRUST,C_160,Plastic Surgery Service,3361.0,1770.0,1504.0,87.0,52.66,2.59
Feb-2025,RP5,DONCASTER AND BASSETLAW TEACHING HOSPITALS NHS FOUNDATION TRUST,X05,Other - Surgical Services,1795.0,1346.0,447.0,2.0,74.99,0.11
Feb-2025,RWP,WORCESTERSHIRE ACUTE HOSPITALS NHS TRUST,C_502,Gynaecology Service,4948.0,2924.0,2022.0,2.0,59.09,0.04
Feb-2025,NT204,"NUFFIELD HEALTH, BRENTWOOD HOSPITAL",C_110,Trauma and Orthopaedic Service,379.0,271.0,90.0,18.0,71.5,4.75
Feb-2025,NT319,SPIRE HARTSWOOD HOSPITAL,C_110,Trauma and Orthopaedic Service,1104.0,800.0,299.0,5.0,72.46,0.45
Feb-2025,NVC18,SPRINGFIELD HOSPITAL,X06,Other - Other Services,1.0,0.0,1.0,0.0,0.0,0.0
Feb-2025,NV1,INHEALTH LIMITED,C_120,Ear Nose and Throat Service,570.0,564.0,6.0,0.0,98.95,0.0
Feb-2025,RTH,OXFORD UNIVERSITY HOSPITALS NHS FOUNDATION TRUST,C_110,Trauma and Orthopaedic Service,8189.0,3935.0,3776.0,478.0,48.05,5.84
Feb-2025,RTH,OXFORD UNIVERSITY HOSPITALS NHS FOUNDATION TRUST,C_120,Ear Nose and Throat Service,6959.0,3252.0,3250.0,457.0,46.73,6.57
Feb-2025,RTH,OXFORD UNIVERSITY HOSPITALS NHS FOUNDATION TRUST,X04,Other - Paediatric Services,7232.0,4126.0,2867.0,239.0,57.05,3.3
Feb-2025,RAS,THE HILLINGDON HOSPITALS NHS FOUNDATION TRUST,C_999,Total,28473.0,15136.0,13054.0,283.0,53.16,0.99
Feb-2025,RQM,CHELSEA AND WESTMINSTER HOSPITAL NHS FOUNDATION TRUST,C_130,Ophthalmology Service,1835.0,1093.0,725.0,17.0,59.56,0.93
Feb-2025,RYJ,IMPERIAL COLLEGE HEALTHCARE NHS TRUST,C_150,Neurosurgical Service,4900.0,2414.0,2120.0,366.0,49.27,7.47
Feb-2025,NT30A,SPIRE NOTTINGHAM HOSPITAL,C_110,Trauma and Orthopaedic Service,426.0,325.0,101.0,0.0,76.29,0.0
Feb-2025,NT427,PARK HOSPITAL,C_110,Trauma and Orthopaedic Service,641.0,480.0,146.0,15.0,74.88,2.34
Feb-2025,RX1,NOTTINGHAM UNIVERSITY HOSPITALS NHS TRUST,C_150,Neurosurgical Service,920.0,712.0,206.0,2.0,77.39,0.22
Feb-2025,RX1,NOTTINGHAM UNIVERSITY HOSPITALS NHS TRUST,X05,Other - Surgical Services,7694.0,4380.0,3112.0,202.0,56.93,2.63
Feb-2025,RXQ,BUCKINGHAMSHIRE HEALTHCARE NHS TRUST,C_301,Gastroenterology Service,3043.0,2079.0,927.0,37.0,68.32,1.22
Feb-2025,RXQ,BUCKINGHAMSHIRE HEALTHCARE NHS TRUST,C_502,Gynaecology Service,3622.0,1590.0,1895.0,137.0,43.9,3.78
Feb-2025,NT212,"NUFFIELD HEALTH, CHICHESTER HOSPITAL",C_101,Urology Service,3.0,0.0,0.0,3.0,0.0,100.0
Feb-2025,NT218,"NUFFIELD HEALTH, HAYWARDS HEATH HOSPITAL",C_130,Ophthalmology Service,10.0,1.0,9.0,0.0,10.0,0.0
Feb-2025,NT364,SPIRE MONTEFIORE HOSPITAL,C_301,Gastroenterology Service,1.0,1.0,0.0,0.0,100.0,0.0
Feb-2025,NT417,GORING HALL HOSPITAL,X06,Other - Other Services,2.0,2.0,0.0,0.0,100.0,0.0
Feb-2025,RXC,EAST SUSSEX HEALTHCARE NHS TRUST,C_120,Ear Nose and Throat Service,8195.0,3278.0,4480.0,437.0,40.0,5.33
Feb-2025,RXC,EAST SUSSEX HEALTHCARE NHS TRUST,C_400,Neurology Service,1965.0,1167.0,779.0,19.0,59.39,0.97
Feb-2025,RYR,UNIVERSITY HOSPITALS SUSSEX NHS FOUNDATION TRUST,C_410,Rheumatology Service,2000.0,868.0,1011.0,121.0,43.4,6.05
Feb-2025,RYR,UNIVERSITY HOSPITALS SUSSEX NHS FOUNDATION TRUST,C_120,Ear Nose and Throat Service,7495.0,3579.0,3164.0,752.0,47.75,10.03
Feb-2025,RYR,UNIVERSITY HOSPITALS SUSSEX NHS FOUNDATION TRUST,X04,Other - Paediatric Services,8038.0,3482.0,3793.0,763.0,43.32,9.49
Feb-2025,RAL,ROYAL FREE LONDON NHS FOUNDATION TRUST,X03,Other - Mental Health Services,1.0,0.0,1.0,0.0,0.0,0.0
Feb-2025,RRV,UNIVERSITY COLLEGE LONDON HOSPITALS NHS FOUNDATION TRUST,C_301,Gastroenterology Service,2970.0,2275.0,693.0,2.0,76.6,0.07
Feb-2025,DFQ,NORWICH & NORFOLK SURGICAL LTD (N2S),C_160,Plastic Surgery Service,4.0,1.0,3.0,0.0,25.0,0.0
Feb-2025,RCX,"THE QUEEN ELIZABETH HOSPITAL, KING'S LYNN, NHS FOUNDATION TRUST",C_130,Ophthalmology Service,1801.0,1391.0,368.0,42.0,77.23,2.33
Feb-2025,RCX,"THE QUEEN ELIZABETH HOSPITAL, KING'S LYNN, NHS FOUNDATION TRUST",C_430,Elderly Medicine Service,90.0,83.0,7.0,0.0,92.22,0.0
Feb-2025,RM1,NORFOLK AND NORWICH UNIVERSITY HOSPITALS NHS FOUNDATION TRUST,C_330,Dermatology Service,4792.0,2568.0,2121.0,103.0,53.59,2.15
Feb-2025,RM1,NORFOLK AND NORWICH UNIVERSITY HOSPITALS NHS FOUNDATION TRUST,C_430,Elderly Medicine Service,46.0,44.0,1.0,1.0,95.65,2.17
Feb-2025,NPG15,SPAMEDICA NEWCASTLE-UNDER-LYME,C_999,Total,199.0,197.0,2.0,0.0,98.99,0.0
Feb-2025,NT321,SPIRE LITTLE ASTON HOSPITAL,C_999,Total,1624.0,1333.0,282.0,9.0,82.08,0.55
Feb-2025,NT321,SPIRE LITTLE ASTON HOSPITAL,C_110,Trauma and Orthopaedic Service,1258.0,1032.0,217.0,9.0,82.03,0.72
Feb-2025,NT321,SPIRE LITTLE ASTON HOSPITAL,X05,Other - Surgical Services,3.0,3.0,0.0,0.0,100.0,0.0
Feb-2025,NVC0I,BEACON PARK HOSPITAL,C_301,Gastroenterology Service,141.0,122.0,19.0,0.0,86.52,0.0
Feb-2025,C5Y9L,NEWMEDICA - BERKSHIRE - BRACKNELL,C_999,Total,16.0,16.0,0.0,0.0,100.0,0.0
Feb-2025,NT345,SPIRE CLARE PARK HOSPITAL,C_101,Urology Service,9.0,9.0,0.0,0.0,100.0,0.0
Feb-2025,RDU,FRIMLEY HEALTH NHS FOUNDATION TRUST,C_410,Rheumatology Service,693.0,559.0,132.0,2.0,80.66,0.29
Feb-2025,RDU,FRIMLEY HEALTH NHS FOUNDATION TRUST,X02,Other - Medical Services,6673.0,3426.0,2951.0,296.0,51.34,4.44
Feb-2025,RDU,FRIMLEY HEALTH NHS FOUNDATION TRUST,X05,Other - Surgical Services,8017.0,4120.0,3559.0,338.0,51.39,4.22
Feb-2025,RDU,FRIMLEY HEALTH NHS FOUNDATION TRUST,X03,Other - Mental Health Services,3.0,1.0,2.0,0.0,33.33,0.0
Feb-2025,D5P5H,SPAMEDICA BEXHILL,C_130,Ophthalmology Service,147.0,142.0,5.0,0.0,96.6,0.0
Feb-2025,RYR,UNIVERSITY HOSPITALS SUSSEX NHS FOUNDATION TRUST,C_430,Elderly Medicine Service,221.0,143.0,78.0,0.0,64.71,0.0
Feb-2025,B9M3W,SPAMEDICA SOUTHAMPTON,C_999,Total,127.0,126.0,1.0,0.0,99.21,0.0
Feb-2025,NT214,"NUFFIELD HEALTH, WESSEX HOSPITAL",C_110,Trauma and Orthopaedic Service,504.0,264.0,235.0,5.0,52.38,0.99
Feb-2025,RHM,UNIVERSITY HOSPITAL SOUTHAMPTON NHS FOUNDATION TRUST,C_130,Ophthalmology Service,5895.0,4151.0,1666.0,78.0,70.42,1.32
Feb-2025,RCB,YORK AND SCARBOROUGH TEACHING HOSPITALS NHS FOUNDATION TRUST,C_999,Total,44320.0,23739.0,19400.0,1181.0,53.56,2.66
Feb-2025,RCD,HARROGATE AND DISTRICT NHS FOUNDATION TRUST,C_330,Dermatology Service,2023.0,1703.0,320.0,0.0,84.18,0.0
Feb-2025,RJL,NORTHERN LINCOLNSHIRE AND GOOLE NHS FOUNDATION TRUST,C_150,Neurosurgical Service,1.0,1.0,0.0,0.0,100.0,0.0
Feb-2025,RJL,NORTHERN LINCOLNSHIRE AND GOOLE NHS FOUNDATION TRUST,C_170,Cardiothoracic Surgery Service,2.0,2.0,0.0,0.0,100.0,0.0
Feb-2025,RJL,NORTHERN LINCOLNSHIRE AND GOOLE NHS FOUNDATION TRUST,C_410,Rheumatology Service,867.0,478.0,389.0,0.0,55.13,0.0
Feb-2025,RJL,NORTHERN LINCOLNSHIRE AND GOOLE NHS FOUNDATION TRUST,X03,Other - Mental Health Services,1.0,1.0,0.0,0.0,100.0,0.0
Feb-2025,RWA,HULL UNIVERSITY TEACHING HOSPITALS NHS TRUST,C_140,Oral Surgery Service,3666.0,1790.0,1803.0,73.0,48.83,1.99
Feb-2025,RWA,HULL UNIVERSITY TEACHING HOSPITALS NHS TRUST,C_430,Elderly Medicine Service,105.0,79.0,26.0,0.0,75.24,0.0
Feb-2025,RWA,HULL UNIVERSITY TEACHING HOSPITALS NHS TRUST,X04,Other - Paediatric Services,1154.0,945.0,207.0,2.0,81.89,0.17
Feb-2025,DFY01,COTSWOLDS SURGICAL PARTNERS,C_160,Plastic Surgery Service,188.0,187.0,1.0,0.0,99.47,0.0
Feb-2025,NT402,BATH CLINIC,C_999,Total,835.0,667.0,168.0,0.0,79.88,0.0
Feb-2025,RD1,ROYAL UNITED HOSPITALS BATH NHS FOUNDATION TRUST,X05,Other - Surgical Services,1299.0,874.0,422.0,3.0,67.28,0.23
Feb-2025,RNZ,SALISBURY NHS FOUNDATION TRUST,X02,Other - Medical Services,3043.0,2106.0,905.0,32.0,69.21,1.05
Feb-2025,RNS,NORTHAMPTON GENERAL HOSPITAL NHS TRUST,C_140,Oral Surgery Service,2370.0,1087.0,1214.0,69.0,45.86,2.91
Feb-2025,RNS,NORTHAMPTON GENERAL HOSPITAL NHS TRUST,C_320,Cardiology Service,4141.0,2409.0,1680.0,52.0,58.17,1.26
Feb-2025,RNS,NORTHAMPTON GENERAL HOSPITAL NHS TRUST,C_150,Neurosurgical Service,1.0,1.0,0.0,0.0,100.0,0.0
Feb-2025,AAH,TETBURY HOSPITAL TRUST LTD,C_100,General Surgery Service,66.0,61.0,5.0,0.0,92.42,0.0
Feb-2025,AAH,TETBURY HOSPITAL TRUST LTD,C_140,Oral Surgery Service,27.0,26.0,1.0,0.0,96.3,0.0
Feb-2025,NVC22,WINFIELD HOSPITAL,C_100,General Surgery Service,240.0,152.0,78.0,10.0,63.33,4.17
Feb-2025,NVC22,WINFIELD HOSPITAL,C_301,Gastroenterology Service,192.0,173.0,19.0,0.0,90.1,0.0
Feb-2025,RTE,GLOUCESTERSHIRE HOSPITALS NHS FOUNDATION TRUST,C_140,Oral Surgery Service,3370.0,1929.0,1398.0,43.0,57.24,1.28
Feb-2025,RTE,GLOUCESTERSHIRE HOSPITALS NHS FOUNDATION TRUST,C_410,Rheumatology Service,1149.0,785.0,358.0,6.0,68.32,0.52
Feb-2025,RW1,HAMPSHIRE AND ISLE OF WIGHT HEALTHCARE NHS FOUNDATION TRUST,C_100,General Surgery Service,1.0,1.0,0.0,0.0,100.0,0.0
Feb-2025,RW1,HAMPSHIRE AND ISLE OF WIGHT HEALTHCARE NHS FOUNDATION TRUST,C_340,Respiratory Medicine Service,36.0,36.0,0.0,0.0,100.0,0.0
Feb-2025,NT411,CLEMENTINE CHURCHILL HOSPITAL,C_110,Trauma and Orthopaedic Service,584.0,576.0,8.0,0.0,98.63,0.0
Feb-2025,NT411,CLEMENTINE CHURCHILL HOSPITAL,C_502,Gynaecology Service,249.0,235.0,14.0,0.0,94.38,0.0
Feb-2025,NT411,CLEMENTINE CHURCHILL HOSPITAL,C_999,Total,1873.0,1802.0,71.0,0.0,96.21,0.0
Feb-2025,R1D,SHROPSHIRE COMMUNITY HEALTH NHS TRUST,C_999,Total,10372.0,5959.0,4072.0,341.0,57.45,3.29
Feb-2025,R1D,SHROPSHIRE COMMUNITY HEALTH NHS TRUST,C_502,Gynaecology Service,145.0,104.0,41.0,0.0,71.72,0.0
Feb-2025,R3I5E,NEWMEDICA -TELFORD,C_130,Ophthalmology Service,3.0,3.0,0.0,0.0,100.0,0.0
Feb-2025,RL1,THE ROBERT JONES AND AGNES HUNT ORTHOPAEDIC HOSPITAL NHS FOUNDATION TRUST,X02,Other - Medical Services,48.0,32.0,16.0,0.0,66.67,0.0
Feb-2025,RXW,THE SHREWSBURY AND TELFORD HOSPITAL NHS TRUST,C_100,General Surgery Service,5955.0,2815.0,2873.0,267.0,47.27,4.48
Feb-2025,RXW,THE SHREWSBURY AND TELFORD HOSPITAL NHS TRUST,C_340,Respiratory Medicine Service,2263.0,909.0,1236.0,118.0,40.17,5.21
Feb-2025,NN5,MANCHESTER SURGICAL SERVICES LTD,C_100,General Surgery Service,101.0,101.0,0.0,0.0,100.0,0.0
Feb-2025,NPG01,SPAMEDICA MANCHESTER,C_999,Total,131.0,117.0,14.0,0.0,89.31,0.0
Feb-2025,NT404,BEAUMONT HOSPITAL,X06,Other - Other Services,148.0,116.0,32.0,0.0,78.38,0.0
Feb-2025,NVC12,OAKLANDS HOSPITAL,C_110,Trauma and Orthopaedic Service,2981.0,1910.0,1054.0,17.0,64.07,0.57
Feb-2025,R0A,MANCHESTER UNIVERSITY NHS FOUNDATION TRUST,C_160,Plastic Surgery Service,3989.0,1642.0,2086.0,261.0,41.16,6.54
Feb-2025,R0A,MANCHESTER UNIVERSITY NHS FOUNDATION TRUST,C_170,Cardiothoracic Surgery Service,972.0,573.0,375.0,24.0,58.95,2.47
Feb-2025,R0A,MANCHESTER UNIVERSITY NHS FOUNDATION TRUST,C_430,Elderly Medicine Service,909.0,591.0,315.0,3.0,65.02,0.33
Feb-2025,R0A,MANCHESTER UNIVERSITY NHS FOUNDATION TRUST,C_502,Gynaecology Service,19371.0,8668.0,9627.0,1076.0,44.75,5.55
Feb-2025,R0A,MANCHESTER UNIVERSITY NHS FOUNDATION TRUST,X06,Other - Other Services,2821.0,2046.0,720.0,55.0,72.53,1.95
Feb-2025,RBV,THE CHRISTIE NHS FOUNDATION TRUST,C_502,Gynaecology Service,45.0,44.0,1.0,0.0,97.78,0.0
Feb-2025,RMP,TAMESIDE AND GLOSSOP INTEGRATED CARE NHS FOUNDATION TRUST,X05,Other - Surgical Services,1447.0,1085.0,362.0,0.0,74.98,0.0
Feb-2025,RWJ,STOCKPORT NHS FOUNDATION TRUST,X02,Other - Medical Services,2752.0,1895.0,792.0,65.0,68.86,2.36
Feb-2025,NT351,SPIRE HULL AND EAST RIDING HOSPITAL,C_110,Trauma and Orthopaedic Service,984.0,984.0,0.0,0.0,100.0,0.0
Feb-2025,NTE02,ST HUGH'S HOSPITAL,C_100,General Surgery Service,174.0,125.0,48.0,1.0,71.84,0.57
Feb-2025,NT216,"NUFFIELD HEALTH, GUILDFORD HOSPITAL",C_140,Oral Surgery Service,4.0,0.0,0.0,4.0,0.0,100.0
Feb-2025,NT308,SPIRE GATWICK PARK HOSPITAL,C_110,Trauma and Orthopaedic Service,641.0,304.0,321.0,16.0,47.43,2.5
Feb-2025,NVC01,ASHTEAD HOSPITAL,C_330,Dermatology Service,5.0,5.0,0.0,0.0,100.0,0.0
Feb-2025,NVM,EPSOMEDICAL GROUP,C_502,Gynaecology Service,315.0,220.0,93.0,2.0,69.84,0.63
Feb-2025,RJ7,ST GEORGE'S UNIVERSITY HOSPITALS NHS FOUNDATION TRUST,C_150,Neurosurgical Service,4284.0,1941.0,2052.0,291.0,45.31,6.79
Feb-2025,RJ7,ST GEORGE'S UNIVERSITY HOSPITALS NHS FOUNDATION TRUST,X05,Other - Surgical Services,6463.0,3406.0,2802.0,255.0,52.7,3.95
Feb-2025,RVR,EPSOM AND ST HELIER UNIVERSITY HOSPITALS NHS TRUST,X05,Other - Surgical Services,602.0,371.0,211.0,20.0,61.63,3.32
Feb-2025,RVR,EPSOM AND ST HELIER UNIVERSITY HOSPITALS NHS TRUST,C_160,Plastic Surgery Service,25.0,21.0,3.0,1.0,84.0,4.0
Feb-2025,NT348,SPIRE ELLAND HOSPITAL,C_100,General Surgery Service,243.0,217.0,26.0,0.0,89.3,0.0
Feb-2025,RAE,BRADFORD TEACHING HOSPITALS NHS FOUNDATION TRUST,C_101,Urology Service,1989.0,1205.0,780.0,4.0,60.58,0.2
Feb-2025,RAE,BRADFORD TEACHING HOSPITALS NHS FOUNDATION TRUST,X04,Other - Paediatric Services,1559.0,918.0,636.0,5.0,58.88,0.32
Feb-2025,RAE,BRADFORD TEACHING HOSPITALS NHS FOUNDATION TRUST,C_300,General Internal Medicine Service,58.0,45.0,13.0,0.0,77.59,0.0
Feb-2025,RCF,AIREDALE NHS FOUNDATION TRUST,C_130,Ophthalmology Service,660.0,611.0,49.0,0.0,92.58,0.0
Feb-2025,RCF,AIREDALE NHS FOUNDATION TRUST,C_140,Oral Surgery Service,189.0,170.0,19.0,0.0,89.95,0.0
Feb-2025,RR8,LEEDS TEACHING HOSPITALS NHS TRUST,C_410,Rheumatology Service,2530.0,1839.0,691.0,0.0,72.69,0.0
Feb-2025,RR8,LEEDS TEACHING HOSPITALS NHS TRUST,C_170,Cardiothoracic Surgery Service,455.0,359.0,95.0,1.0,78.9,0.22
Feb-2025,RWY,CALDERDALE AND HUDDERSFIELD NHS FOUNDATION TRUST,C_140,Oral Surgery Service,1861.0,1042.0,815.0,4.0,55.99,0.21
Feb-2025,RXG,SOUTH WEST YORKSHIRE PARTNERSHIP NHS FOUNDATION TRUST,X06,Other - Other Services,4133.0,3995.0,138.0,0.0,96.66,0.0
Feb-2025,ACG08,NEWMEDICA OPHTHALMOLOGY - NUNEATON - CAMP HILL - GP LED HEALTH CENTRE,C_999,Total,28.0,27.0,1.0,0.0,96.43,0.0
Feb-2025,RJC,SOUTH WARWICKSHIRE UNIVERSITY NHS FOUNDATION TRUST,C_160,Plastic Surgery Service,303.0,175.0,122.0,6.0,57.76,1.98
Feb-2025,RKB,UNIVERSITY HOSPITALS COVENTRY AND WARWICKSHIRE NHS TRUST,C_100,General Surgery Service,9744.0,5063.0,4413.0,268.0,51.96,2.75
Feb-2025,RLT,GEORGE ELIOT HOSPITAL NHS TRUST,X05,Other - Surgical Services,480.0,409.0,66.0,5.0,85.21,1.04
Feb-2025,NNE,DORKING HEALTHCARE LIMITED (DHC),X02,Other - Medical Services,241.0,201.0,40.0,0.0,83.4,0.0
Feb-2025,RTK,ASHFORD AND ST PETER'S HOSPITALS NHS FOUNDATION TRUST,C_110,Trauma and Orthopaedic Service,7905.0,5110.0,2684.0,111.0,64.64,1.4
Feb-2025,RTK,ASHFORD AND ST PETER'S HOSPITALS NHS FOUNDATION TRUST,C_101,Urology Service,2143.0,1270.0,873.0,0.0,59.26,0.0
Feb-2025,RTK,ASHFORD AND ST PETER'S HOSPITALS NHS FOUNDATION TRUST,C_160,Plastic Surgery Service,23.0,23.0,0.0,0.0,100.0,0.0
Feb-2025,RL4,THE ROYAL WOLVERHAMPTON NHS TRUST,C_110,Trauma and Orthopaedic Service,7771.0,4537.0,3174.0,60.0,58.38,0.77
Feb-2025,RL4,THE ROYAL WOLVERHAMPTON NHS TRUST,C_430,Elderly Medicine Service,64.0,63.0,1.0,0.0,98.44,0.0
Feb-2025,RNA,THE DUDLEY GROUP NHS FOUNDATION TRUST,C_340,Respiratory Medicine Service,835.0,627.0,204.0,4.0,75.09,0.48
Feb-2025,NT317,SPIRE CAMBRIDGE LEA HOSPITAL,C_999,Total,337.0,220.0,99.0,18.0,65.28,5.34
Feb-2025,NVC06,FITZWILLIAM HOSPITAL,X06,Other - Other Services,7.0,5.0,2.0,0.0,71.43,0.0
Feb-2025,RGT,CAMBRIDGE UNIVERSITY HOSPITALS NHS FOUNDATION TRUST,C_100,General Surgery Service,1310.0,659.0,598.0,53.0,50.31,4.05
Feb-2025,RGT,CAMBRIDGE UNIVERSITY HOSPITALS NHS FOUNDATION TRUST,C_430,Elderly Medicine Service,65.0,58.0,7.0,0.0,89.23,0.0
Feb-2025,ACG38,NEWMEDICA - LANGFORD,C_130,Ophthalmology Service,323.0,316.0,7.0,0.0,97.83,0.0
Feb-2025,NLX,SIRONA CARE & HEALTH,C_999,Total,6731.0,5360.0,1371.0,0.0,79.63,0.0
Feb-2025,RA7,UNIVERSITY HOSPITALS BRISTOL AND WESTON NHS FOUNDATION TRUST,C_502,Gynaecology Service,3685.0,2503.0,1130.0,52.0,67.92,1.41
Feb-2025,RA7,UNIVERSITY HOSPITALS BRISTOL AND WESTON NHS FOUNDATION TRUST,C_170,Cardiothoracic Surgery Service,316.0,217.0,97.0,2.0,68.67,0.63
Feb-2025,RA7,UNIVERSITY HOSPITALS BRISTOL AND WESTON NHS FOUNDATION TRUST,C_400,Neurology Service,602.0,402.0,196.0,4.0,66.78,0.66
Feb-2025,RVJ,NORTH BRISTOL NHS TRUST,X06,Other - Other Services,104.0,102.0,2.0,0.0,98.08,0.0
Feb-2025,R0D,UNIVERSITY HOSPITALS DORSET NHS FOUNDATION TRUST,X02,Other - Medical Services,3837.0,2826.0,996.0,15.0,73.65,0.39
Feb-2025,RBD,DORSET COUNTY HOSPITAL NHS FOUNDATION TRUST,C_502,Gynaecology Service,1606.0,977.0,611.0,18.0,60.83,1.12
Feb-2025,NLG,COMMUNITAS CLINICS,C_999,Total,6341.0,4828.0,1512.0,1.0,76.14,0.02
Feb-2025,R0F4N,NUFFIELD HEALTH PARKSIDE HOSPITAL,C_160,Plastic Surgery Service,189.0,45.0,93.0,51.0,23.81,26.98
Feb-2025,R0F4N,NUFFIELD HEALTH PARKSIDE HOSPITAL,C_110,Trauma and Orthopaedic Service,308.0,250.0,45.0,13.0,81.17,4.22
Feb-2025,RJ6,CROYDON HEALTH SERVICES NHS TRUST,C_330,Dermatology Service,2444.0,1213.0,1077.0,154.0,49.63,6.3
Feb-2025,RJ6,CROYDON HEALTH SERVICES NHS TRUST,X04,Other - Paediatric Services,565.0,439.0,125.0,1.0,77.7,0.18
Feb-2025,RJ6,CROYDON HEALTH SERVICES NHS TRUST,C_160,Plastic Surgery Service,49.0,30.0,16.0,3.0,61.22,6.12
Feb-2025,RJZ,KING'S COLLEGE HOSPITAL NHS FOUNDATION TRUST,C_170,Cardiothoracic Surgery Service,137.0,100.0,37.0,0.0,72.99,0.0
Feb-2025,RJZ,KING'S COLLEGE HOSPITAL NHS FOUNDATION TRUST,C_120,Ear Nose and Throat Service,465.0,406.0,59.0,0.0,87.31,0.0
Feb-2025,NN8,SPENCER PRIVATE HOSPITALS LTD,C_120,Ear Nose and Throat Service,256.0,156.0,91.0,9.0,60.94,3.52
Feb-2025,NT239,"NUFFIELD HEALTH, TUNBRIDGE WELLS HOSPITAL",C_400,Neurology Service,7.0,5.0,2.0,0.0,71.43,0.0
Feb-2025,RN7,DARTFORD AND GRAVESHAM NHS TRUST,C_400,Neurology Service,951.0,615.0,324.0,12.0,64.67,1.26
Feb-2025,RPA,MEDWAY NHS FOUNDATION TRUST,C_110,Trauma and Orthopaedic Service,2548.0,1487.0,1037.0,24.0,58.36,0.94
Feb-2025,RVV,EAST KENT HOSPITALS UNIVERSITY NHS FOUNDATION TRUST,C_101,Urology Service,4482.0,3316.0,1142.0,24.0,73.98,0.54
Feb-2025,RVV,EAST KENT HOSPITALS UNIVERSITY NHS FOUNDATION TRUST,C_120,Ear Nose and Throat Service,8692.0,4259.0,4004.0,429.0,49.0,4.94
Feb-2025,RVV,EAST KENT HOSPITALS UNIVERSITY NHS FOUNDATION TRUST,C_502,Gynaecology Service,5424.0,3225.0,2123.0,76.0,59.46,1.4
Feb-2025,RVV,EAST KENT HOSPITALS UNIVERSITY NHS FOUNDATION TRUST,X04,Other - Paediatric Services,711.0,647.0,62.0,2.0,91.0,0.28
Feb-2025,RVV,EAST KENT HOSPITALS UNIVERSITY NHS FOUNDATION TRUST,C_430,Elderly Medicine Service,201.0,174.0,27.0,0.0,86.57,0.0
Feb-2025,RWF,MAIDSTONE AND TUNBRIDGE WELLS NHS TRUST,C_410,Rheumatology Service,554.0,438.0,116.0,0.0,79.06,0.0
Feb-2025,H4I8B,NUFFIELD HEALTH THE HOLLY HOSPITAL,C_130,Ophthalmology Service,63.0,61.0,2.0,0.0,96.83,0.0
Feb-2025,NVC19,RIVERS HOSPITAL,C_100,General Surgery Service,680.0,501.0,155.0,24.0,73.68,3.53
Feb-2025,RQW,THE PRINCESS ALEXANDRA HOSPITAL NHS TRUST,C_101,Urology Service,3488.0,1482.0,1810.0,196.0,42.49,5.62
Feb-2025,RQW,THE PRINCESS ALEXANDRA HOSPITAL NHS TRUST,C_330,Dermatology Service,1891.0,950.0,901.0,40.0,50.24,2.12
Feb-2025,RWH,EAST AND NORTH HERTFORDSHIRE NHS TRUST,C_130,Ophthalmology Service,3178.0,2395.0,771.0,12.0,75.36,0.38
Feb-2025,RWH,EAST AND NORTH HERTFORDSHIRE NHS TRUST,C_502,Gynaecology Service,4065.0,2637.0,1422.0,6.0,64.87,0.15
Feb-2025,R1H,BARTS HEALTH NHS TRUST,C_110,Trauma and Orthopaedic Service,7885.0,3993.0,3682.0,210.0,50.64,2.66
Feb-2025,RF4,"BARKING, HAVERING AND REDBRIDGE UNIVERSITY HOSPITALS NHS TRUST",C_320,Cardiology Service,3522.0,2857.0,665.0,0.0,81.12,0.0
Feb-2025,NT421,KINGS OAK HOSPITAL,C_100,General Surgery Service,112.0,76.0,36.0,0.0,67.86,0.0
Feb-2025,NT451,CAVELL HOSPITAL,C_999,Total,1263.0,794.0,465.0,4.0,62.87,0.32
Feb-2025,NT451,CAVELL HOSPITAL,C_110,Trauma and Orthopaedic Service,226.0,160.0,65.0,1.0,70.8,0.44
Feb-2025,NT451,CAVELL HOSPITAL,C_502,Gynaecology Service,192.0,107.0,85.0,0.0,55.73,0.0
Feb-2025,ACM,EYE CARE MEDICAL LTD,C_130,Ophthalmology Service,4.0,4.0,0.0,0.0,100.0,0.0
Feb-2025,NT324,SPIRE CHESHIRE HOSPITAL,C_120,Ear Nose and Throat Service,99.0,98.0,1.0,0.0,98.99,0.0
Feb-2025,NVG01,FAIRFIELD HOSPITAL,C_110,Trauma and Orthopaedic Service,1040.0,690.0,350.0,0.0,66.35,0.0
Feb-2025,RBL,WIRRAL UNIVERSITY TEACHING HOSPITAL NHS FOUNDATION TRUST,X05,Other - Surgical Services,5046.0,2888.0,1999.0,159.0,57.23,3.15
Feb-2025,RBN,MERSEY AND WEST LANCASHIRE TEACHING HOSPITALS NHS TRUST,C_130,Ophthalmology Service,3665.0,2470.0,1151.0,44.0,67.39,1.2
Feb-2025,RBT,MID CHESHIRE HOSPITALS NHS FOUNDATION TRUST,C_320,Cardiology Service,3388.0,1604.0,1537.0,247.0,47.34,7.29
Feb-2025,RBT,MID CHESHIRE HOSPITALS NHS FOUNDATION TRUST,C_130,Ophthalmology Service,3287.0,2357.0,891.0,39.0,71.71,1.19
Feb-2025,REM,LIVERPOOL UNIVERSITY HOSPITALS NHS FOUNDATION TRUST,C_330,Dermatology Service,3941.0,1975.0,1951.0,15.0,50.11,0.38
Feb-2025,REM,LIVERPOOL UNIVERSITY HOSPITALS NHS FOUNDATION TRUST,C_160,Plastic Surgery Service,236.0,76.0,160.0,0.0,32.2,0.0
Feb-2025,RJN,EAST CHESHIRE NHS TRUST,X06,Other - Other Services,1.0,1.0,0.0,0.0,100.0,0.0
Feb-2025,RJR,COUNTESS OF CHESTER HOSPITAL NHS FOUNDATION TRUST,C_502,Gynaecology Service,2004.0,1029.0,860.0,115.0,51.35,5.74
Feb-2025,RW4,MERSEY CARE NHS FOUNDATION TRUST,X03,Other - Mental Health Services,57.0,54.0,1.0,2.0,94.74,3.51
Feb-2025,Z5J5V,SPAMEDICA HAYDOCK,C_130,Ophthalmology Service,203.0,198.0,5.0,0.0,97.54,0.0
Feb-2025,RYW,BIRMINGHAM COMMUNITY HEALTHCARE NHS FOUNDATION TRUST,C_110,Trauma and Orthopaedic Service,277.0,193.0,84.0,0.0,69.68,0.0
Feb-2025,E1U4T,SPAMEDICA CARLISLE,C_999,Total,176.0,173.0,3.0,0.0,98.3,0.0
Feb-2025,NT333,SPIRE WASHINGTON HOSPITAL,C_110,Trauma and Orthopaedic Service,1288.0,1072.0,191.0,25.0,83.23,1.94
Feb-2025,NT333,SPIRE WASHINGTON HOSPITAL,C_150,Neurosurgical Service,68.0,54.0,14.0,0.0,79.41,0.0
Feb-2025,NVC0R,TEES VALLEY HOSPITAL,C_330,Dermatology Service,429.0,397.0,32.0,0.0,92.54,0.0
Feb-2025,NVC0R,TEES VALLEY HOSPITAL,C_140,Oral Surgery Service,280.0,275.0,5.0,0.0,98.21,0.0
Feb-2025,NVC18,SPRINGFIELD HOSPITAL,C_101,Urology Service,1043.0,695.0,344.0,4.0,66.63,0.38
Feb-2025,NVC18,SPRINGFIELD HOSPITAL,C_999,Total,4969.0,3535.0,1351.0,83.0,71.14,1.67
Feb-2025,RAJ,MID AND SOUTH ESSEX NHS FOUNDATION TRUST,C_400,Neurology Service,5979.0,2954.0,2673.0,352.0,49.41,5.89
Feb-2025,RAJ,MID AND SOUTH ESSEX NHS FOUNDATION TRUST,C_170,Cardiothoracic Surgery Service,1.0,0.0,1.0,0.0,0.0,0.0
Feb-2025,RAJ,MID AND SOUTH ESSEX NHS FOUNDATION TRUST,C_301,Gastroenterology Service,10380.0,5289.0,4509.0,582.0,50.95,5.61
Feb-2025,RC9,BEDFORDSHIRE HOSPITALS NHS FOUNDATION TRUST,C_110,Trauma and Orthopaedic Service,6582.0,2674.0,3501.0,407.0,40.63,6.18
Feb-2025,RC9,BEDFORDSHIRE HOSPITALS NHS FOUNDATION TRUST,C_160,Plastic Surgery Service,1789.0,847.0,891.0,51.0,47.34,2.85
Feb-2025,RC9,BEDFORDSHIRE HOSPITALS NHS FOUNDATION TRUST,C_300,General Internal Medicine Service,3631.0,1735.0,1882.0,14.0,47.78,0.39
Feb-2025,RC9,BEDFORDSHIRE HOSPITALS NHS FOUNDATION TRUST,C_330,Dermatology Service,5680.0,3262.0,2366.0,52.0,57.43,0.92
Feb-2025,RC9,BEDFORDSHIRE HOSPITALS NHS FOUNDATION TRUST,X05,Other - Surgical Services,8027.0,3929.0,3918.0,180.0,48.95,2.24
Feb-2025,RD8,MILTON KEYNES UNIVERSITY HOSPITAL NHS FOUNDATION TRUST,C_101,Urology Service,2345.0,1270.0,958.0,117.0,54.16,4.99
Feb-2025,RD8,MILTON KEYNES UNIVERSITY HOSPITAL NHS FOUNDATION TRUST,C_301,Gastroenterology Service,1188.0,616.0,564.0,8.0,51.85,0.67
Feb-2025,RD8,MILTON KEYNES UNIVERSITY HOSPITAL NHS FOUNDATION TRUST,C_400,Neurology Service,341.0,257.0,74.0,10.0,75.37,2.93
Feb-2025,RRJ,THE ROYAL ORTHOPAEDIC HOSPITAL NHS FOUNDATION TRUST,C_110,Trauma and Orthopaedic Service,11377.0,5699.0,5013.0,665.0,50.09,5.85
Feb-2025,RRK,UNIVERSITY HOSPITALS BIRMINGHAM NHS FOUNDATION TRUST,C_101,Urology Service,7150.0,3815.0,2851.0,484.0,53.36,6.77
Feb-2025,RRK,UNIVERSITY HOSPITALS BIRMINGHAM NHS FOUNDATION TRUST,C_160,Plastic Surgery Service,730.0,373.0,313.0,44.0,51.1,6.03
Feb-2025,RRK,UNIVERSITY HOSPITALS BIRMINGHAM NHS FOUNDATION TRUST,C_430,Elderly Medicine Service,235.0,226.0,9.0,0.0,96.17,0.0
Feb-2025,RXK,SANDWELL AND WEST BIRMINGHAM HOSPITALS NHS TRUST,C_101,Urology Service,3970.0,1965.0,1924.0,81.0,49.5,2.04
Feb-2025,RXK,SANDWELL AND WEST BIRMINGHAM HOSPITALS NHS TRUST,C_320,Cardiology Service,5330.0,2564.0,2719.0,47.0,48.11,0.88
Feb-2025,RNN,NORTH CUMBRIA INTEGRATED CARE NHS FOUNDATION TRUST,C_110,Trauma and Orthopaedic Service,3305.0,1574.0,1585.0,146.0,47.62,4.42
Feb-2025,RNN,NORTH CUMBRIA INTEGRATED CARE NHS FOUNDATION TRUST,C_502,Gynaecology Service,2999.0,1746.0,1116.0,137.0,58.22,4.57
Feb-2025,RNN,NORTH CUMBRIA INTEGRATED CARE NHS FOUNDATION TRUST,X05,Other - Surgical Services,4445.0,2975.0,1422.0,48.0,66.93,1.08
Feb-2025,RR7,GATESHEAD HEALTH NHS FOUNDATION TRUST,C_430,Elderly Medicine Service,452.0,331.0,121.0,0.0,73.23,0.0
Feb-2025,RTD,THE NEWCASTLE UPON TYNE HOSPITALS NHS FOUNDATION TRUST,C_300,General Internal Medicine Service,1138.0,705.0,431.0,2.0,61.95,0.18
Feb-2025,RTR,SOUTH TEES HOSPITALS NHS FOUNDATION TRUST,C_120,Ear Nose and Throat Service,6852.0,3394.0,3267.0,191.0,49.53,2.79
Feb-2025,RTR,SOUTH TEES HOSPITALS NHS FOUNDATION TRUST,C_160,Plastic Surgery Service,2215.0,1185.0,985.0,45.0,53.5,2.03
Feb-2025,RTR,SOUTH TEES HOSPITALS NHS FOUNDATION TRUST,C_410,Rheumatology Service,1463.0,883.0,555.0,25.0,60.36,1.71
Feb-2025,RTR,SOUTH TEES HOSPITALS NHS FOUNDATION TRUST,C_170,Cardiothoracic Surgery Service,267.0,212.0,53.0,2.0,79.4,0.75
Feb-2025,RGR,WEST SUFFOLK NHS FOUNDATION TRUST,C_300,General Internal Medicine Service,686.0,463.0,223.0,0.0,67.49,0.0
Feb-2025,RGR,WEST SUFFOLK NHS FOUNDATION TRUST,C_301,Gastroenterology Service,996.0,583.0,406.0,7.0,58.53,0.7
Feb-2025,D3O0Z,PLYMOUTH NEWMEDICA LTD,C_130,Ophthalmology Service,367.0,348.0,19.0,0.0,94.82,0.0
Feb-2025,NR5,LIVEWELL SOUTHWEST,C_430,Elderly Medicine Service,23.0,23.0,0.0,0.0,100.0,0.0
Feb-2025,NVC08,MOUNT STUART HOSPITAL,C_160,Plastic Surgery Service,43.0,20.0,22.0,1.0,46.51,2.33
Feb-2025,NVC0Y,EXETER MEDICAL,C_160,Plastic Surgery Service,52.0,34.0,18.0,0.0,65.38,0.0
Feb-2025,RH8,ROYAL DEVON UNIVERSITY HEALTHCARE NHS FOUNDATION TRUST,C_430,Elderly Medicine Service,210.0,180.0,28.0,2.0,85.71,0.95
Feb-2025,RVW,NORTH TEES AND HARTLEPOOL NHS FOUNDATION TRUST,C_340,Respiratory Medicine Service,830.0,575.0,253.0,2.0,69.28,0.24
Feb-2025,RXP,COUNTY DURHAM AND DARLINGTON NHS FOUNDATION TRUST,X03,Other - Mental Health Services,601.0,450.0,151.0,0.0,74.88,0.0
Feb-2025,NT213,"NUFFIELD HEALTH, DERBY HOSPITAL",C_999,Total,1427.0,663.0,733.0,31.0,46.46,2.17
Feb-2025,RFS,CHESTERFIELD ROYAL HOSPITAL NHS FOUNDATION TRUST,X04,Other - Paediatric Services,2064.0,1184.0,837.0,43.0,57.36,2.08
Feb-2025,RTG,UNIVERSITY HOSPITALS OF DERBY AND BURTON NHS FOUNDATION TRUST,C_101,Urology Service,4981.0,2530.0,2246.0,205.0,50.79,4.12
Feb-2025,RTG,UNIVERSITY HOSPITALS OF DERBY AND BURTON NHS FOUNDATION TRUST,X02,Other - Medical Services,11345.0,6571.0,4393.0,381.0,57.92,3.36
Feb-2025,T4I8V,SPAMEDICA CHESTERFIELD,C_999,Total,285.0,275.0,10.0,0.0,96.49,0.0
Feb-2025,J2H6H,SPAMEDICA COLCHESTER,C_999,Total,192.0,185.0,7.0,0.0,96.35,0.0
Feb-2025,NDL01,SUFFOLK GP FEDERATION,X06,Other - Other Services,66.0,65.0,1.0,0.0,98.48,0.0
Feb-2025,NT446,ST EDMUNDS HOSPITAL,C_999,Total,606.0,392.0,208.0,6.0,64.69,0.99
Feb-2025,NT446,ST EDMUNDS HOSPITAL,C_110,Trauma and Orthopaedic Service,438.0,253.0,179.0,6.0,57.76,1.37
Feb-2025,NVC13,OAKS HOSPITAL,C_999,Total,736.0,364.0,338.0,34.0,49.46,4.62
Feb-2025,RK9,UNIVERSITY HOSPITALS PLYMOUTH NHS TRUST,C_110,Trauma and Orthopaedic Service,3509.0,1741.0,1574.0,194.0,49.62,5.53
Feb-2025,RK9,UNIVERSITY HOSPITALS PLYMOUTH NHS TRUST,C_999,Total,48343.0,28756.0,17852.0,1735.0,59.48,3.59
Feb-2025,RK9,UNIVERSITY HOSPITALS PLYMOUTH NHS TRUST,C_150,Neurosurgical Service,1445.0,825.0,554.0,66.0,57.09,4.57
Feb-2025,RK9,UNIVERSITY HOSPITALS PLYMOUTH NHS TRUST,C_300,General Internal Medicine Service,34.0,31.0,2.0,1.0,91.18,2.94
Feb-2025,NVC27,BOSTON WEST HOSPITAL,C_502,Gynaecology Service,199.0,130.0,67.0,2.0,65.33,1.01
Feb-2025,NVC27,BOSTON WEST HOSPITAL,X06,Other - Other Services,3.0,1.0,2.0,0.0,33.33,0.0
Feb-2025,NT226,"NUFFIELD HEALTH, LEICESTER HOSPITAL",C_100,General Surgery Service,2.0,2.0,0.0,0.0,100.0,0.0
Feb-2025,RWE,UNIVERSITY HOSPITALS OF LEICESTER NHS TRUST,C_340,Respiratory Medicine Service,2048.0,1689.0,358.0,1.0,82.47,0.05
Feb-2025,NT437,SLOANE HOSPITAL,C_100,General Surgery Service,59.0,42.0,17.0,0.0,71.19,0.0
Feb-2025,NT437,SLOANE HOSPITAL,X06,Other - Other Services,209.0,171.0,27.0,11.0,81.82,5.26
Feb-2025,RJ1,GUY'S AND ST THOMAS' NHS FOUNDATION TRUST,C_400,Neurology Service,2233.0,873.0,1339.0,21.0,39.1,0.94
Feb-2025,AAV,COMMUNITY HEALTH AND EYECARE LIMITED,C_999,Total,3811.0,3657.0,119.0,35.0,95.96,0.92
Feb-2025,NT347,SPIRE FYLDE COAST HOSPITAL,C_502,Gynaecology Service,273.0,183.0,88.0,2.0,67.03,0.73
Feb-2025,NT403,BEARDWOOD HOSPITAL,C_110,Trauma and Orthopaedic Service,1430.0,1016.0,414.0,0.0,71.05,0.0
Feb-2025,RTX,UNIVERSITY HOSPITALS OF MORECAMBE BAY NHS FOUNDATION TRUST,C_502,Gynaecology Service,2296.0,1461.0,814.0,21.0,63.63,0.91
Feb-2025,RTX,UNIVERSITY HOSPITALS OF MORECAMBE BAY NHS FOUNDATION TRUST,C_120,Ear Nose and Throat Service,3684.0,2252.0,1406.0,26.0,61.13,0.71
Feb-2025,RXR,EAST LANCASHIRE HOSPITALS NHS TRUST,X04,Other - Paediatric Services,3090.0,1779.0,1147.0,164.0,57.57,5.31
Feb-2025,B3M1X,CLAREMONT PRIVATE HOSPITAL,C_110,Trauma and Orthopaedic Service,953.0,726.0,222.0,5.0,76.18,0.52
Feb-2025,NEY,PIONEER HEALTHCARE LIMITED,C_150,Neurosurgical Service,82.0,53.0,19.0,10.0,64.63,12.2
Feb-2025,NEY,PIONEER HEALTHCARE LIMITED,C_120,Ear Nose and Throat Service,259.0,221.0,35.0,3.0,85.33,1.16
Feb-2025,NT440,THORNBURY HOSPITAL,C_400,Neurology Service,4.0,4.0,0.0,0.0,100.0,0.0
Feb-2025,RFF,BARNSLEY HOSPITAL NHS FOUNDATION TRUST,C_999,Total,22767.0,16448.0,6219.0,100.0,72.24,0.44
Feb-2025,RFR,THE ROTHERHAM NHS FOUNDATION TRUST,C_101,Urology Service,2207.0,1382.0,810.0,15.0,62.62,0.68
Feb-2025,RFR,THE ROTHERHAM NHS FOUNDATION TRUST,C_140,Oral Surgery Service,3233.0,1441.0,1577.0,215.0,44.57,6.65
Feb-2025,RHQ,SHEFFIELD TEACHING HOSPITALS NHS FOUNDATION TRUST,C_330,Dermatology Service,4226.0,2016.0,2105.0,105.0,47.7,2.48
Feb-2025,ACG31,NEWMEDICA - WORCESTER,C_999,Total,409.0,404.0,4.0,1.0,98.78,0.24
Feb-2025,NT301,SPIRE SOUTH BANK HOSPITAL,C_100,General Surgery Service,171.0,137.0,33.0,1.0,80.12,0.58
Feb-2025,NT301,SPIRE SOUTH BANK HOSPITAL,X05,Other - Surgical Services,1.0,1.0,0.0,0.0,100.0,0.0
Feb-2025,R1A,HEREFORDSHIRE AND WORCESTERSHIRE HEALTH AND CARE NHS TRUST,C_999,Total,59.0,57.0,2.0,0.0,96.61,0.0
Feb-2025,RLQ,WYE VALLEY NHS TRUST,C_170,Cardiothoracic Surgery Service,27.0,14.0,11.0,2.0,51.85,7.41
Feb-2025,RLQ,WYE VALLEY NHS TRUST,C_301,Gastroenterology Service,1166.0,634.0,510.0,22.0,54.37,1.89
Feb-2025,RWP,WORCESTERSHIRE ACUTE HOSPITALS NHS TRUST,C_101,Urology Service,4638.0,2941.0,1673.0,24.0,63.41,0.52
Feb-2025,RWP,WORCESTERSHIRE ACUTE HOSPITALS NHS TRUST,C_400,Neurology Service,1676.0,1127.0,549.0,0.0,67.24,0.0
Feb-2025,NT204,"NUFFIELD HEALTH, BRENTWOOD HOSPITAL",C_120,Ear Nose and Throat Service,214.0,136.0,50.0,28.0,63.55,13.08
Feb-2025,NT204,"NUFFIELD HEALTH, BRENTWOOD HOSPITAL",C_502,Gynaecology Service,439.0,329.0,94.0,16.0,74.94,3.64
Feb-2025,F9Z4V,CIRCLE READING HOSPITAL,C_120,Ear Nose and Throat Service,55.0,46.0,8.0,1.0,83.64,1.82
Feb-2025,RTH,OXFORD UNIVERSITY HOSPITALS NHS FOUNDATION TRUST,C_100,General Surgery Service,1814.0,1094.0,695.0,25.0,60.31,1.38
Feb-2025,RAN,ROYAL NATIONAL ORTHOPAEDIC HOSPITAL NHS TRUST,C_999,Total,8090.0,5629.0,2374.0,87.0,69.58,1.08
Feb-2025,RAS,THE HILLINGDON HOSPITALS NHS FOUNDATION TRUST,X05,Other - Surgical Services,2198.0,1232.0,942.0,24.0,56.05,1.09
Feb-2025,RPY,THE ROYAL MARSDEN NHS FOUNDATION TRUST,C_301,Gastroenterology Service,49.0,45.0,4.0,0.0,91.84,0.0
Feb-2025,RQM,CHELSEA AND WESTMINSTER HOSPITAL NHS FOUNDATION TRUST,X04,Other - Paediatric Services,7298.0,4624.0,2619.0,55.0,63.36,0.75
Feb-2025,RQM,CHELSEA AND WESTMINSTER HOSPITAL NHS FOUNDATION TRUST,X02,Other - Medical Services,1059.0,881.0,178.0,0.0,83.19,0.0
Feb-2025,RH5,SOMERSET NHS FOUNDATION TRUST,C_320,Cardiology Service,3712.0,2698.0,1009.0,5.0,72.68,0.13
Feb-2025,RH5,SOMERSET NHS FOUNDATION TRUST,X05,Other - Surgical Services,6493.0,4038.0,2182.0,273.0,62.19,4.2
Feb-2025,NT30A,SPIRE NOTTINGHAM HOSPITAL,C_100,General Surgery Service,65.0,60.0,5.0,0.0,92.31,0.0
Feb-2025,NVC40,WOODTHORPE HOSPITAL,C_301,Gastroenterology Service,145.0,102.0,42.0,1.0,70.34,0.69
Feb-2025,NVC40,WOODTHORPE HOSPITAL,C_502,Gynaecology Service,256.0,170.0,86.0,0.0,66.41,0.0
Feb-2025,NVC40,WOODTHORPE HOSPITAL,C_130,Ophthalmology Service,394.0,366.0,28.0,0.0,92.89,0.0
Feb-2025,RK5,SHERWOOD FOREST HOSPITALS NHS FOUNDATION TRUST,C_101,Urology Service,2453.0,1677.0,747.0,29.0,68.37,1.18
Feb-2025,RK5,SHERWOOD FOREST HOSPITALS NHS FOUNDATION TRUST,C_110,Trauma and Orthopaedic Service,3534.0,1969.0,1468.0,97.0,55.72,2.74
Feb-2025,RK5,SHERWOOD FOREST HOSPITALS NHS FOUNDATION TRUST,X05,Other - Surgical Services,170.0,126.0,44.0,0.0,74.12,0.0
Feb-2025,REF,ROYAL CORNWALL HOSPITALS NHS TRUST,C_101,Urology Service,1897.0,1209.0,688.0,0.0,63.73,0.0
Feb-2025,RTH,OXFORD UNIVERSITY HOSPITALS NHS FOUNDATION TRUST,C_430,Elderly Medicine Service,263.0,247.0,16.0,0.0,93.92,0.0
Feb-2025,RXQ,BUCKINGHAMSHIRE HEALTHCARE NHS TRUST,C_999,Total,45631.0,26583.0,17859.0,1189.0,58.26,2.61
Feb-2025,RXQ,BUCKINGHAMSHIRE HEALTHCARE NHS TRUST,C_120,Ear Nose and Throat Service,4245.0,2651.0,1544.0,50.0,62.45,1.18
Feb-2025,RXQ,BUCKINGHAMSHIRE HEALTHCARE NHS TRUST,X02,Other - Medical Services,4823.0,3025.0,1748.0,50.0,62.72,1.04
Feb-2025,RPC,QUEEN VICTORIA HOSPITAL NHS FOUNDATION TRUST,C_320,Cardiology Service,204.0,122.0,77.0,5.0,59.8,2.45
Feb-2025,RXC,EAST SUSSEX HEALTHCARE NHS TRUST,C_101,Urology Service,4825.0,2463.0,2266.0,96.0,51.05,1.99
Feb-2025,RXC,EAST SUSSEX HEALTHCARE NHS TRUST,X06,Other - Other Services,1438.0,680.0,677.0,81.0,47.29,5.63
Feb-2025,RYR,UNIVERSITY HOSPITALS SUSSEX NHS FOUNDATION TRUST,C_100,General Surgery Service,2771.0,1014.0,1428.0,329.0,36.59,11.87
Feb-2025,RAL,ROYAL FREE LONDON NHS FOUNDATION TRUST,X04,Other - Paediatric Services,6547.0,3810.0,2446.0,291.0,58.19,4.44
Feb-2025,RAL,ROYAL FREE LONDON NHS FOUNDATION TRUST,C_100,General Surgery Service,3374.0,1427.0,1761.0,186.0,42.29,5.51
Feb-2025,RAL,ROYAL FREE LONDON NHS FOUNDATION TRUST,C_400,Neurology Service,4902.0,2529.0,2262.0,111.0,51.59,2.26
Feb-2025,RAL,ROYAL FREE LONDON NHS FOUNDATION TRUST,C_410,Rheumatology Service,3424.0,2049.0,1373.0,2.0,59.84,0.06
Feb-2025,RKE,WHITTINGTON HEALTH NHS TRUST,C_300,General Internal Medicine Service,278.0,96.0,136.0,46.0,34.53,16.55
Feb-2025,RKE,WHITTINGTON HEALTH NHS TRUST,C_120,Ear Nose and Throat Service,1018.0,486.0,529.0,3.0,47.74,0.29
Feb-2025,RKE,WHITTINGTON HEALTH NHS TRUST,C_140,Oral Surgery Service,342.0,98.0,223.0,21.0,28.65,6.14
Feb-2025,RRV,UNIVERSITY COLLEGE LONDON HOSPITALS NHS FOUNDATION TRUST,C_101,Urology Service,5048.0,2671.0,2253.0,124.0,52.91,2.46
Feb-2025,B5M7B,NEWMEDICA - NORWICH,C_999,Total,783.0,778.0,5.0,0.0,99.36,0.0
Feb-2025,RCX,"THE QUEEN ELIZABETH HOSPITAL, KING'S LYNN, NHS FOUNDATION TRUST",C_110,Trauma and Orthopaedic Service,1908.0,1152.0,700.0,56.0,60.38,2.94
Feb-2025,RCX,"THE QUEEN ELIZABETH HOSPITAL, KING'S LYNN, NHS FOUNDATION TRUST",C_330,Dermatology Service,2104.0,1177.0,888.0,39.0,55.94,1.85
Feb-2025,RGP,JAMES PAGET UNIVERSITY HOSPITALS NHS FOUNDATION TRUST,X04,Other - Paediatric Services,2408.0,1502.0,812.0,94.0,62.38,3.9
Feb-2025,RGP,JAMES PAGET UNIVERSITY HOSPITALS NHS FOUNDATION TRUST,C_300,General Internal Medicine Service,203.0,122.0,81.0,0.0,60.1,0.0
Feb-2025,RGP,JAMES PAGET UNIVERSITY HOSPITALS NHS FOUNDATION TRUST,X05,Other - Surgical Services,1802.0,1241.0,533.0,28.0,68.87,1.55
Feb-2025,RGP,JAMES PAGET UNIVERSITY HOSPITALS NHS FOUNDATION TRUST,C_140,Oral Surgery Service,893.0,445.0,429.0,19.0,49.83,2.13
Feb-2025,RGP,JAMES PAGET UNIVERSITY HOSPITALS NHS FOUNDATION TRUST,C_430,Elderly Medicine Service,55.0,44.0,11.0,0.0,80.0,0.0
Feb-2025,RM1,NORFOLK AND NORWICH UNIVERSITY HOSPITALS NHS FOUNDATION TRUST,C_130,Ophthalmology Service,4852.0,3096.0,1635.0,121.0,63.81,2.49
Feb-2025,NT321,SPIRE LITTLE ASTON HOSPITAL,C_502,Gynaecology Service,171.0,157.0,14.0,0.0,91.81,0.0
Feb-2025,NVC17,ROWLEY HALL HOSPITAL,X02,Other - Medical Services,150.0,89.0,60.0,1.0,59.33,0.67
Feb-2025,NVC17,ROWLEY HALL HOSPITAL,C_999,Total,2950.0,1910.0,1028.0,12.0,64.75,0.41
Feb-2025,RRE,MIDLANDS PARTNERSHIP UNIVERSITY NHS FOUNDATION TRUST,C_430,Elderly Medicine Service,14.0,10.0,4.0,0.0,71.43,0.0
Feb-2025,RDU,FRIMLEY HEALTH NHS FOUNDATION TRUST,C_999,Total,77641.0,39589.0,34333.0,3719.0,50.99,4.79
Feb-2025,NT305,SPIRE PORTSMOUTH HOSPITAL,C_110,Trauma and Orthopaedic Service,441.0,309.0,127.0,5.0,70.07,1.13
Feb-2025,R1F,ISLE OF WIGHT NHS TRUST,C_120,Ear Nose and Throat Service,1534.0,687.0,840.0,7.0,44.78,0.46
Feb-2025,RHM,UNIVERSITY HOSPITAL SOUTHAMPTON NHS FOUNDATION TRUST,C_340,Respiratory Medicine Service,1121.0,866.0,254.0,1.0,77.25,0.09
Feb-2025,RCB,YORK AND SCARBOROUGH TEACHING HOSPITALS NHS FOUNDATION TRUST,C_320,Cardiology Service,2267.0,960.0,1236.0,71.0,42.35,3.13
Feb-2025,RCD,HARROGATE AND DISTRICT NHS FOUNDATION TRUST,C_301,Gastroenterology Service,830.0,537.0,293.0,0.0,64.7,0.0
Feb-2025,RJL,NORTHERN LINCOLNSHIRE AND GOOLE NHS FOUNDATION TRUST,C_140,Oral Surgery Service,1871.0,1120.0,723.0,28.0,59.86,1.5
Feb-2025,RJL,NORTHERN LINCOLNSHIRE AND GOOLE NHS FOUNDATION TRUST,C_120,Ear Nose and Throat Service,6551.0,3118.0,3160.0,273.0,47.6,4.17
Feb-2025,RWA,HULL UNIVERSITY TEACHING HOSPITALS NHS TRUST,C_110,Trauma and Orthopaedic Service,4199.0,2387.0,1685.0,127.0,56.85,3.02
Feb-2025,RWA,HULL UNIVERSITY TEACHING HOSPITALS NHS TRUST,C_150,Neurosurgical Service,2852.0,1892.0,884.0,76.0,66.34,2.66
Feb-2025,NT402,BATH CLINIC,C_301,Gastroenterology Service,9.0,7.0,2.0,0.0,77.78,0.0
Feb-2025,NT430,RIDGEWAY HOSPITAL,C_110,Trauma and Orthopaedic Service,14.0,14.0,0.0,0.0,100.0,0.0
Feb-2025,NTPH3,PRACTICE PLUS GROUP SURGICAL CENTRE - DEVIZES,C_301,Gastroenterology Service,251.0,251.0,0.0,0.0,100.0,0.0
Feb-2025,RD1,ROYAL UNITED HOSPITALS BATH NHS FOUNDATION TRUST,C_430,Elderly Medicine Service,216.0,167.0,49.0,0.0,77.31,0.0
Feb-2025,RN3,GREAT WESTERN HOSPITALS NHS FOUNDATION TRUST,X02,Other - Medical Services,1783.0,1056.0,702.0,25.0,59.23,1.4
Feb-2025,RN3,GREAT WESTERN HOSPITALS NHS FOUNDATION TRUST,X04,Other - Paediatric Services,1597.0,746.0,789.0,62.0,46.71,3.88
Feb-2025,RN3,GREAT WESTERN HOSPITALS NHS FOUNDATION TRUST,C_410,Rheumatology Service,260.0,213.0,47.0,0.0,81.92,0.0
Feb-2025,RNZ,SALISBURY NHS FOUNDATION TRUST,C_100,General Surgery Service,1074.0,547.0,441.0,86.0,50.93,8.01
Feb-2025,RNZ,SALISBURY NHS FOUNDATION TRUST,C_301,Gastroenterology Service,1072.0,781.0,290.0,1.0,72.85,0.09
Feb-2025,RNZ,SALISBURY NHS FOUNDATION TRUST,C_340,Respiratory Medicine Service,1135.0,622.0,431.0,82.0,54.8,7.22
Feb-2025,K8I4X,GLENDON WOOD HOSPITAL,C_100,General Surgery Service,207.0,164.0,43.0,0.0,79.23,0.0
Feb-2025,NT441,THREE SHIRES HOSPITAL,C_999,Total,3230.0,1916.0,1309.0,5.0,59.32,0.15
Feb-2025,NVC23,WOODLAND HOSPITAL,C_100,General Surgery Service,234.0,164.0,61.0,9.0,70.09,3.85
Feb-2025,RNQ,KETTERING GENERAL HOSPITAL NHS FOUNDATION TRUST,C_502,Gynaecology Service,1975.0,1406.0,567.0,2.0,71.19,0.1
Feb-2025,RNQ,KETTERING GENERAL HOSPITAL NHS FOUNDATION TRUST,C_300,General Internal Medicine Service,1.0,1.0,0.0,0.0,100.0,0.0
Feb-2025,L0D9W,NEWMEDICA - GLOUCESTER (BRIGHOUSE COURT),C_999,Total,903.0,820.0,82.0,1.0,90.81,0.11
Feb-2025,NVC22,WINFIELD HOSPITAL,C_101,Urology Service,62.0,40.0,22.0,0.0,64.52,0.0
Feb-2025,RN5,HAMPSHIRE HOSPITALS NHS FOUNDATION TRUST,C_502,Gynaecology Service,3968.0,2490.0,1420.0,58.0,62.75,1.46
Feb-2025,RN5,HAMPSHIRE HOSPITALS NHS FOUNDATION TRUST,X05,Other - Surgical Services,4811.0,2436.0,2204.0,171.0,50.63,3.55
Feb-2025,RW1,HAMPSHIRE AND ISLE OF WIGHT HEALTHCARE NHS FOUNDATION TRUST,X03,Other - Mental Health Services,265.0,248.0,17.0,0.0,93.58,0.0
Feb-2025,RW1,HAMPSHIRE AND ISLE OF WIGHT HEALTHCARE NHS FOUNDATION TRUST,C_320,Cardiology Service,247.0,237.0,10.0,0.0,95.95,0.0
Feb-2025,NT235,"NUFFIELD HEALTH, SHREWSBURY HOSPITAL",C_130,Ophthalmology Service,107.0,95.0,12.0,0.0,88.79,0.0
Feb-2025,R1D,SHROPSHIRE COMMUNITY HEALTH NHS TRUST,C_120,Ear Nose and Throat Service,594.0,282.0,310.0,2.0,47.47,0.34
Feb-2025,RXW,THE SHREWSBURY AND TELFORD HOSPITAL NHS TRUST,C_140,Oral Surgery Service,2464.0,1054.0,1217.0,193.0,42.78,7.83
Feb-2025,RXW,THE SHREWSBURY AND TELFORD HOSPITAL NHS TRUST,C_301,Gastroenterology Service,3899.0,2236.0,1569.0,94.0,57.35,2.41
Feb-2025,DXV,OMNES HEALTHCARE LTD,C_330,Dermatology Service,4373.0,3600.0,759.0,14.0,82.32,0.32
Feb-2025,NLE01,LANCASTER HOUSE CONSULTING DIAGNOSTICS SURGICAL LTD HQ,C_101,Urology Service,300.0,298.0,2.0,0.0,99.33,0.0
Feb-2025,R0A,MANCHESTER UNIVERSITY NHS FOUNDATION TRUST,C_140,Oral Surgery Service,19722.0,7871.0,10442.0,1409.0,39.91,7.14
Feb-2025,RM3,NORTHERN CARE ALLIANCE NHS FOUNDATION TRUST,C_100,General Surgery Service,5217.0,2453.0,2394.0,370.0,47.02,7.09
Feb-2025,RMC,BOLTON NHS FOUNDATION TRUST,C_130,Ophthalmology Service,3814.0,2811.0,911.0,92.0,73.7,2.41
Feb-2025,Z2L9B,NEWMEDICA - MANCHESTER WEST,C_130,Ophthalmology Service,295.0,280.0,15.0,0.0,94.92,0.0
Feb-2025,NTE02,ST HUGH'S HOSPITAL,C_999,Total,2883.0,1943.0,874.0,66.0,67.4,2.29
Feb-2025,NT216,"NUFFIELD HEALTH, GUILDFORD HOSPITAL",C_110,Trauma and Orthopaedic Service,148.0,36.0,65.0,47.0,24.32,31.76
Feb-2025,NT216,"NUFFIELD HEALTH, GUILDFORD HOSPITAL",C_502,Gynaecology Service,81.0,71.0,9.0,1.0,87.65,1.23
Feb-2025,NT308,SPIRE GATWICK PARK HOSPITAL,C_100,General Surgery Service,29.0,13.0,16.0,0.0,44.83,0.0
Feb-2025,NVC01,ASHTEAD HOSPITAL,C_100,General Surgery Service,220.0,153.0,63.0,4.0,69.55,1.82
Feb-2025,NVC11,NORTH DOWNS HOSPITAL,C_502,Gynaecology Service,186.0,111.0,67.0,8.0,59.68,4.3
Feb-2025,RA2,ROYAL SURREY COUNTY HOSPITAL NHS FOUNDATION TRUST,C_160,Plastic Surgery Service,131.0,120.0,11.0,0.0,91.6,0.0
Feb-2025,RVR,EPSOM AND ST HELIER UNIVERSITY HOSPITALS NHS TRUST,C_330,Dermatology Service,3842.0,1696.0,2003.0,143.0,44.14,3.72
Feb-2025,RVR,EPSOM AND ST HELIER UNIVERSITY HOSPITALS NHS TRUST,C_340,Respiratory Medicine Service,1385.0,858.0,482.0,45.0,61.95,3.25
Feb-2025,NT332,SPIRE LEEDS HOSPITAL,C_999,Total,861.0,654.0,202.0,5.0,75.96,0.58
Feb-2025,NT350,SPIRE METHLEY PARK HOSPITAL,C_110,Trauma and Orthopaedic Service,792.0,617.0,174.0,1.0,77.9,0.13
Feb-2025,NVC20,THE YORKSHIRE CLINIC,C_301,Gastroenterology Service,472.0,293.0,177.0,2.0,62.08,0.42
Feb-2025,RAE,BRADFORD TEACHING HOSPITALS NHS FOUNDATION TRUST,X06,Other - Other Services,487.0,404.0,83.0,0.0,82.96,0.0
Feb-2025,RCF,AIREDALE NHS FOUNDATION TRUST,C_160,Plastic Surgery Service,120.0,82.0,33.0,5.0,68.33,4.17
Feb-2025,RR8,LEEDS TEACHING HOSPITALS NHS TRUST,X02,Other - Medical Services,13029.0,8845.0,3981.0,203.0,67.89,1.56
Feb-2025,RR8,LEEDS TEACHING HOSPITALS NHS TRUST,C_150,Neurosurgical Service,531.0,364.0,152.0,15.0,68.55,2.82
Feb-2025,RWY,CALDERDALE AND HUDDERSFIELD NHS FOUNDATION TRUST,C_330,Dermatology Service,1252.0,989.0,263.0,0.0,78.99,0.0
Feb-2025,RXF,MID YORKSHIRE TEACHING NHS TRUST,C_140,Oral Surgery Service,2705.0,1836.0,866.0,3.0,67.87,0.11
Feb-2025,RXF,MID YORKSHIRE TEACHING NHS TRUST,C_160,Plastic Surgery Service,2051.0,1240.0,806.0,5.0,60.46,0.24
Feb-2025,NPG21,SPAMEDICA COVENTRY,C_999,Total,231.0,224.0,7.0,0.0,96.97,0.0
Feb-2025,NT424,MERIDEN HOSPITAL,C_999,Total,1691.0,1432.0,256.0,3.0,84.68,0.18
Feb-2025,RJC,SOUTH WARWICKSHIRE UNIVERSITY NHS FOUNDATION TRUST,C_101,Urology Service,2278.0,1430.0,810.0,38.0,62.77,1.67
Feb-2025,RKB,UNIVERSITY HOSPITALS COVENTRY AND WARWICKSHIRE NHS TRUST,C_160,Plastic Surgery Service,887.0,446.0,397.0,44.0,50.28,4.96
Feb-2025,RLT,GEORGE ELIOT HOSPITAL NHS TRUST,C_100,General Surgery Service,3202.0,1774.0,1312.0,116.0,55.4,3.62
Feb-2025,RLT,GEORGE ELIOT HOSPITAL NHS TRUST,C_999,Total,19922.0,11668.0,7693.0,561.0,58.57,2.82
Feb-2025,RLT,GEORGE ELIOT HOSPITAL NHS TRUST,C_301,Gastroenterology Service,225.0,192.0,33.0,0.0,85.33,0.0
Feb-2025,RTK,ASHFORD AND ST PETER'S HOSPITALS NHS FOUNDATION TRUST,C_301,Gastroenterology Service,3739.0,1583.0,2031.0,125.0,42.34,3.34
Feb-2025,RTK,ASHFORD AND ST PETER'S HOSPITALS NHS FOUNDATION TRUST,C_300,General Internal Medicine Service,124.0,86.0,38.0,0.0,69.35,0.0
Feb-2025,RTK,ASHFORD AND ST PETER'S HOSPITALS NHS FOUNDATION TRUST,X02,Other - Medical Services,2520.0,1679.0,829.0,12.0,66.63,0.48
Feb-2025,NT242,"NUFFIELD HEALTH, WOLVERHAMPTON HOSPITAL",C_100,General Surgery Service,48.0,43.0,5.0,0.0,89.58,0.0
Feb-2025,NVC1H,STOURSIDE HOSPITAL,C_999,Total,3023.0,2081.0,914.0,28.0,68.84,0.93
Feb-2025,RL4,THE ROYAL WOLVERHAMPTON NHS TRUST,X04,Other - Paediatric Services,2051.0,1109.0,940.0,2.0,54.07,0.1
Feb-2025,RGM,ROYAL PAPWORTH HOSPITAL NHS FOUNDATION TRUST,C_999,Total,7263.0,4488.0,2712.0,63.0,61.79,0.87
Feb-2025,RGT,CAMBRIDGE UNIVERSITY HOSPITALS NHS FOUNDATION TRUST,X02,Other - Medical Services,8265.0,6498.0,1758.0,9.0,78.62,0.11
Feb-2025,RGT,CAMBRIDGE UNIVERSITY HOSPITALS NHS FOUNDATION TRUST,C_410,Rheumatology Service,1872.0,1531.0,340.0,1.0,81.78,0.05
Feb-2025,NTPH2,PRACTICE PLUS GROUP HOSPITAL - EMERSONS GREEN,C_100,General Surgery Service,419.0,347.0,68.0,4.0,82.82,0.95
Feb-2025,NWV01,GP CARE UK,C_999,Total,572.0,572.0,0.0,0.0,100.0,0.0
Feb-2025,RA7,UNIVERSITY HOSPITALS BRISTOL AND WESTON NHS FOUNDATION TRUST,C_120,Ear Nose and Throat Service,5134.0,3573.0,1498.0,63.0,69.59,1.23
Feb-2025,RA7,UNIVERSITY HOSPITALS BRISTOL AND WESTON NHS FOUNDATION TRUST,X02,Other - Medical Services,6132.0,4208.0,1907.0,17.0,68.62,0.28
Feb-2025,RA7,UNIVERSITY HOSPITALS BRISTOL AND WESTON NHS FOUNDATION TRUST,C_100,General Surgery Service,22.0,13.0,9.0,0.0,59.09,0.0
Feb-2025,RVJ,NORTH BRISTOL NHS TRUST,C_320,Cardiology Service,1687.0,1225.0,461.0,1.0,72.61,0.06
Feb-2025,RVJ,NORTH BRISTOL NHS TRUST,X04,Other - Paediatric Services,8.0,8.0,0.0,0.0,100.0,0.0
Feb-2025,NT202,"NUFFIELD HEALTH, BOURNEMOUTH HOSPITAL",C_101,Urology Service,16.0,15.0,1.0,0.0,93.75,0.0
Feb-2025,R0D,UNIVERSITY HOSPITALS DORSET NHS FOUNDATION TRUST,C_100,General Surgery Service,933.0,741.0,186.0,6.0,79.42,0.64
Feb-2025,R0D,UNIVERSITY HOSPITALS DORSET NHS FOUNDATION TRUST,C_300,General Internal Medicine Service,84.0,52.0,32.0,0.0,61.9,0.0
Feb-2025,RAX,KINGSTON AND RICHMOND NHS FOUNDATION TRUST,C_100,General Surgery Service,1016.0,546.0,469.0,1.0,53.74,0.1
Feb-2025,RJ6,CROYDON HEALTH SERVICES NHS TRUST,C_340,Respiratory Medicine Service,1060.0,1031.0,29.0,0.0,97.26,0.0
Feb-2025,RJZ,KING'S COLLEGE HOSPITAL NHS FOUNDATION TRUST,C_410,Rheumatology Service,1231.0,1006.0,225.0,0.0,81.72,0.0
Feb-2025,NT312,SPIRE ALEXANDRA HOSPITAL,C_999,Total,1226.0,1015.0,210.0,1.0,82.79,0.08
Feb-2025,NT408,CHAUCER HOSPITAL,C_999,Total,600.0,391.0,209.0,0.0,65.17,0.0
Feb-2025,RVV,EAST KENT HOSPITALS UNIVERSITY NHS FOUNDATION TRUST,C_320,Cardiology Service,5446.0,2627.0,2644.0,175.0,48.24,3.21
Feb-2025,H4I8B,NUFFIELD HEALTH THE HOLLY HOSPITAL,C_999,Total,3283.0,2607.0,665.0,11.0,79.41,0.34
Feb-2025,NVC15,PINEHILL HOSPITAL,C_999,Total,1589.0,1087.0,497.0,5.0,68.41,0.31
Feb-2025,NVC19,RIVERS HOSPITAL,C_101,Urology Service,448.0,373.0,68.0,7.0,83.26,1.56
Feb-2025,NVC19,RIVERS HOSPITAL,X02,Other - Medical Services,47.0,23.0,20.0,4.0,48.94,8.51
Feb-2025,RWG,WEST HERTFORDSHIRE TEACHING HOSPITALS NHS TRUST,C_400,Neurology Service,2424.0,1158.0,1219.0,47.0,47.77,1.94
Feb-2025,RWH,EAST AND NORTH HERTFORDSHIRE NHS TRUST,C_320,Cardiology Service,4618.0,3700.0,917.0,1.0,80.12,0.02
Feb-2025,RWH,EAST AND NORTH HERTFORDSHIRE NHS TRUST,C_410,Rheumatology Service,1047.0,577.0,464.0,6.0,55.11,0.57
Feb-2025,NT314,SPIRE LONDON EAST,C_150,Neurosurgical Service,250.0,121.0,129.0,0.0,48.4,0.0
Feb-2025,NT422,LONDON INDEPENDENT HOSPITAL,C_502,Gynaecology Service,699.0,263.0,420.0,16.0,37.63,2.29
Feb-2025,NT422,LONDON INDEPENDENT HOSPITAL,C_301,Gastroenterology Service,142.0,120.0,22.0,0.0,84.51,0.0
Feb-2025,NT422,LONDON INDEPENDENT HOSPITAL,C_320,Cardiology Service,1.0,1.0,0.0,0.0,100.0,0.0
Feb-2025,R1H,BARTS HEALTH NHS TRUST,C_999,Total,125996.0,68423.0,54097.0,3476.0,54.31,2.76
Feb-2025,R1H,BARTS HEALTH NHS TRUST,C_502,Gynaecology Service,10267.0,4831.0,5061.0,375.0,47.05,3.65
Feb-2025,RF4,"BARKING, HAVERING AND REDBRIDGE UNIVERSITY HOSPITALS NHS TRUST",C_410,Rheumatology Service,339.0,313.0,26.0,0.0,92.33,0.0
Feb-2025,RQX,HOMERTON HEALTHCARE NHS FOUNDATION TRUST,C_130,Ophthalmology Service,22.0,22.0,0.0,0.0,100.0,0.0
Feb-2025,RQX,HOMERTON HEALTHCARE NHS FOUNDATION TRUST,C_410,Rheumatology Service,141.0,140.0,1.0,0.0,99.29,0.0
Feb-2025,V8N5R,SPAMEDICA DALSTON,C_999,Total,223.0,209.0,14.0,0.0,93.72,0.0
Feb-2025,G3Q3Z,NUFFIELD HEALTH HIGHGATE HOSPITAL,C_100,General Surgery Service,169.0,133.0,36.0,0.0,78.7,0.0
Feb-2025,NT416,HENDON HOSPITAL,C_130,Ophthalmology Service,143.0,108.0,35.0,0.0,75.52,0.0
Feb-2025,NT416,HENDON HOSPITAL,C_110,Trauma and Orthopaedic Service,257.0,181.0,76.0,0.0,70.43,0.0
Feb-2025,RTP,SURREY AND SUSSEX HEALTHCARE NHS TRUST,C_400,Neurology Service,1902.0,911.0,971.0,20.0,47.9,1.05
Feb-2025,RTP,SURREY AND SUSSEX HEALTHCARE NHS TRUST,X05,Other - Surgical Services,7253.0,4168.0,3008.0,77.0,57.47,1.06
Feb-2025,NCR,ISIGHT,C_130,Ophthalmology Service,942.0,893.0,49.0,0.0,94.8,0.0
Feb-2025,NPG14,SPAMEDICA WIDNES,C_999,Total,88.0,86.0,2.0,0.0,97.73,0.0
Feb-2025,NT210,"NUFFIELD HEALTH, THE GROSVENOR HOSPITAL, CHESTER",C_999,Total,311.0,244.0,64.0,3.0,78.46,0.96
Feb-2025,NT324,SPIRE CHESHIRE HOSPITAL,C_110,Trauma and Orthopaedic Service,570.0,409.0,156.0,5.0,71.75,0.88
Feb-2025,NVG01,FAIRFIELD HOSPITAL,C_101,Urology Service,228.0,163.0,65.0,0.0,71.49,0.0
Feb-2025,NVG01,FAIRFIELD HOSPITAL,C_301,Gastroenterology Service,155.0,121.0,34.0,0.0,78.06,0.0
Feb-2025,RBL,WIRRAL UNIVERSITY TEACHING HOSPITAL NHS FOUNDATION TRUST,C_502,Gynaecology Service,3873.0,1871.0,1783.0,219.0,48.31,5.65
Feb-2025,RBL,WIRRAL UNIVERSITY TEACHING HOSPITAL NHS FOUNDATION TRUST,X04,Other - Paediatric Services,2445.0,1543.0,894.0,8.0,63.11,0.33
Feb-2025,RBL,WIRRAL UNIVERSITY TEACHING HOSPITAL NHS FOUNDATION TRUST,C_130,Ophthalmology Service,3287.0,1729.0,1449.0,109.0,52.6,3.32
Feb-2025,RBN,MERSEY AND WEST LANCASHIRE TEACHING HOSPITALS NHS TRUST,C_300,General Internal Medicine Service,420.0,381.0,37.0,2.0,90.71,0.48
Feb-2025,RBN,MERSEY AND WEST LANCASHIRE TEACHING HOSPITALS NHS TRUST,C_150,Neurosurgical Service,46.0,25.0,20.0,1.0,54.35,2.17
Feb-2025,REM,LIVERPOOL UNIVERSITY HOSPITALS NHS FOUNDATION TRUST,C_100,General Surgery Service,2708.0,885.0,1711.0,112.0,32.68,4.14
Feb-2025,RJR,COUNTESS OF CHESTER HOSPITAL NHS FOUNDATION TRUST,C_320,Cardiology Service,1508.0,758.0,641.0,109.0,50.27,7.23
Feb-2025,RJR,COUNTESS OF CHESTER HOSPITAL NHS FOUNDATION TRUST,C_430,Elderly Medicine Service,207.0,153.0,54.0,0.0,73.91,0.0
Feb-2025,RWW,WARRINGTON AND HALTON TEACHING HOSPITALS NHS FOUNDATION TRUST,X04,Other - Paediatric Services,1299.0,973.0,325.0,1.0,74.9,0.08
Feb-2025,RWW,WARRINGTON AND HALTON TEACHING HOSPITALS NHS FOUNDATION TRUST,C_110,Trauma and Orthopaedic Service,3571.0,1601.0,1762.0,208.0,44.83,5.82
Feb-2025,NN4,TYNESIDE SURGICAL SERVICES LTD,C_502,Gynaecology Service,130.0,115.0,15.0,0.0,88.46,0.0
Feb-2025,NT457,WOODLANDS HOSPITAL,C_101,Urology Service,173.0,123.0,50.0,0.0,71.1,0.0
Feb-2025,NT457,WOODLANDS HOSPITAL,C_502,Gynaecology Service,240.0,144.0,96.0,0.0,60.0,0.0
Feb-2025,NVC0R,TEES VALLEY HOSPITAL,C_999,Total,3681.0,3010.0,666.0,5.0,81.77,0.14
Feb-2025,R0B,SOUTH TYNESIDE AND SUNDERLAND NHS FOUNDATION TRUST,C_999,Total,58012.0,43609.0,14346.0,57.0,75.17,0.1
Feb-2025,RAJ,MID AND SOUTH ESSEX NHS FOUNDATION TRUST,C_110,Trauma and Orthopaedic Service,18317.0,7064.0,9673.0,1580.0,38.57,8.63
Feb-2025,NVC31,BLAKELANDS HOSPITAL,C_999,Total,2193.0,1613.0,566.0,14.0,73.55,0.64
Feb-2025,RC9,BEDFORDSHIRE HOSPITALS NHS FOUNDATION TRUST,C_301,Gastroenterology Service,3736.0,2086.0,1589.0,61.0,55.84,1.63
Feb-2025,RC9,BEDFORDSHIRE HOSPITALS NHS FOUNDATION TRUST,C_400,Neurology Service,3980.0,1540.0,2191.0,249.0,38.69,6.26
Feb-2025,RC9,BEDFORDSHIRE HOSPITALS NHS FOUNDATION TRUST,X02,Other - Medical Services,2905.0,1804.0,1060.0,41.0,62.1,1.41
Feb-2025,RC9,BEDFORDSHIRE HOSPITALS NHS FOUNDATION TRUST,X06,Other - Other Services,1197.0,683.0,496.0,18.0,57.06,1.5
Feb-2025,RD8,MILTON KEYNES UNIVERSITY HOSPITAL NHS FOUNDATION TRUST,X05,Other - Surgical Services,1926.0,1089.0,760.0,77.0,56.54,4.0
Feb-2025,RD8,MILTON KEYNES UNIVERSITY HOSPITAL NHS FOUNDATION TRUST,C_430,Elderly Medicine Service,7.0,6.0,1.0,0.0,85.71,0.0
Feb-2025,RRK,UNIVERSITY HOSPITALS BIRMINGHAM NHS FOUNDATION TRUST,C_140,Oral Surgery Service,2164.0,1008.0,1069.0,87.0,46.58,4.02
Feb-2025,RXK,SANDWELL AND WEST BIRMINGHAM HOSPITALS NHS TRUST,C_330,Dermatology Service,2706.0,1367.0,1228.0,111.0,50.52,4.1
Feb-2025,R7W2O,NEWCASTLE NEWMEDICA LTD,C_999,Total,284.0,283.0,1.0,0.0,99.65,0.0
Feb-2025,RNN,NORTH CUMBRIA INTEGRATED CARE NHS FOUNDATION TRUST,C_120,Ear Nose and Throat Service,4835.0,2085.0,2509.0,241.0,43.12,4.98
Feb-2025,RNN,NORTH CUMBRIA INTEGRATED CARE NHS FOUNDATION TRUST,C_320,Cardiology Service,2344.0,1464.0,872.0,8.0,62.46,0.34
Feb-2025,RR7,GATESHEAD HEALTH NHS FOUNDATION TRUST,C_100,General Surgery Service,1942.0,1662.0,280.0,0.0,85.58,0.0
Feb-2025,RR7,GATESHEAD HEALTH NHS FOUNDATION TRUST,C_110,Trauma and Orthopaedic Service,1554.0,797.0,698.0,59.0,51.29,3.8
Feb-2025,RTD,THE NEWCASTLE UPON TYNE HOSPITALS NHS FOUNDATION TRUST,X03,Other - Mental Health Services,16.0,16.0,0.0,0.0,100.0,0.0
Feb-2025,RTR,SOUTH TEES HOSPITALS NHS FOUNDATION TRUST,C_300,General Internal Medicine Service,116.0,114.0,2.0,0.0,98.28,0.0
Feb-2025,RTR,SOUTH TEES HOSPITALS NHS FOUNDATION TRUST,C_999,Total,57444.0,34416.0,21367.0,1661.0,59.91,2.89
Feb-2025,RGR,WEST SUFFOLK NHS FOUNDATION TRUST,C_330,Dermatology Service,4141.0,1922.0,2080.0,139.0,46.41,3.36
Feb-2025,RGR,WEST SUFFOLK NHS FOUNDATION TRUST,X06,Other - Other Services,150.0,46.0,93.0,11.0,30.67,7.33
Feb-2025,NTPH5,PRACTICE PLUS GROUP HOSPITAL - PLYMOUTH,C_110,Trauma and Orthopaedic Service,1351.0,939.0,368.0,44.0,69.5,3.26
Feb-2025,RA9,TORBAY AND SOUTH DEVON NHS FOUNDATION TRUST,C_340,Respiratory Medicine Service,926.0,662.0,264.0,0.0,71.49,0.0
Feb-2025,RA9,TORBAY AND SOUTH DEVON NHS FOUNDATION TRUST,X04,Other - Paediatric Services,853.0,543.0,299.0,11.0,63.66,1.29
Feb-2025,RH8,ROYAL DEVON UNIVERSITY HEALTHCARE NHS FOUNDATION TRUST,C_160,Plastic Surgery Service,1195.0,774.0,399.0,22.0,64.77,1.84
Feb-2025,RH8,ROYAL DEVON UNIVERSITY HEALTHCARE NHS FOUNDATION TRUST,C_400,Neurology Service,1828.0,1036.0,768.0,24.0,56.67,1.31
Feb-2025,RH8,ROYAL DEVON UNIVERSITY HEALTHCARE NHS FOUNDATION TRUST,C_120,Ear Nose and Throat Service,4177.0,2465.0,1630.0,82.0,59.01,1.96
Feb-2025,RXP,COUNTY DURHAM AND DARLINGTON NHS FOUNDATION TRUST,C_430,Elderly Medicine Service,320.0,309.0,11.0,0.0,96.56,0.0
Feb-2025,Z9Z1G,SPAMEDICA GATESHEAD,C_130,Ophthalmology Service,124.0,122.0,2.0,0.0,98.39,0.0
Feb-2025,RFS,CHESTERFIELD ROYAL HOSPITAL NHS FOUNDATION TRUST,C_999,Total,28883.0,15971.0,11887.0,1025.0,55.3,3.55
Feb-2025,RFS,CHESTERFIELD ROYAL HOSPITAL NHS FOUNDATION TRUST,C_130,Ophthalmology Service,1786.0,1240.0,546.0,0.0,69.43,0.0
Feb-2025,RTG,UNIVERSITY HOSPITALS OF DERBY AND BURTON NHS FOUNDATION TRUST,C_160,Plastic Surgery Service,353.0,249.0,101.0,3.0,70.54,0.85
Feb-2025,RTG,UNIVERSITY HOSPITALS OF DERBY AND BURTON NHS FOUNDATION TRUST,C_410,Rheumatology Service,2452.0,1301.0,1092.0,59.0,53.06,2.41
Feb-2025,Q1S8W,NEWMEDICA - BURY ST EDMUNDS,C_130,Ophthalmology Service,5.0,4.0,1.0,0.0,80.0,0.0
Feb-2025,RDE,EAST SUFFOLK AND NORTH ESSEX NHS FOUNDATION TRUST,C_120,Ear Nose and Throat Service,10860.0,5033.0,5545.0,282.0,46.34,2.6
Feb-2025,RDE,EAST SUFFOLK AND NORTH ESSEX NHS FOUNDATION TRUST,C_502,Gynaecology Service,9354.0,4464.0,4439.0,451.0,47.72,4.82
Feb-2025,N6Z0R,NEWMEDICA - LINCOLN,C_999,Total,33.0,33.0,0.0,0.0,100.0,0.0
Feb-2025,NVC27,BOSTON WEST HOSPITAL,C_100,General Surgery Service,138.0,101.0,37.0,0.0,73.19,0.0
Feb-2025,NVC27,BOSTON WEST HOSPITAL,C_300,General Internal Medicine Service,1.0,1.0,0.0,0.0,100.0,0.0
Feb-2025,RWD,UNITED LINCOLNSHIRE TEACHING HOSPITALS NHS TRUST,C_100,General Surgery Service,4106.0,2818.0,1249.0,39.0,68.63,0.95
Feb-2025,RWD,UNITED LINCOLNSHIRE TEACHING HOSPITALS NHS TRUST,C_101,Urology Service,4246.0,2280.0,1845.0,121.0,53.7,2.85
Feb-2025,NT226,"NUFFIELD HEALTH, LEICESTER HOSPITAL",C_160,Plastic Surgery Service,24.0,23.0,1.0,0.0,95.83,0.0
Feb-2025,RWE,UNIVERSITY HOSPITALS OF LEICESTER NHS TRUST,C_320,Cardiology Service,6707.0,3574.0,3085.0,48.0,53.29,0.72
Feb-2025,NT406,BLACKHEATH HOSPITAL,X06,Other - Other Services,108.0,88.0,20.0,0.0,81.48,0.0
Feb-2025,NT409,CHELSFIELD PARK HOSPITAL,C_110,Trauma and Orthopaedic Service,300.0,241.0,58.0,1.0,80.33,0.33
Feb-2025,NT437,SLOANE HOSPITAL,C_101,Urology Service,98.0,83.0,15.0,0.0,84.69,0.0
Feb-2025,RJ1,GUY'S AND ST THOMAS' NHS FOUNDATION TRUST,C_170,Cardiothoracic Surgery Service,61.0,45.0,16.0,0.0,73.77,0.0
Feb-2025,A4M8P,BUCKSHAW HOSPITAL,C_120,Ear Nose and Throat Service,518.0,351.0,155.0,12.0,67.76,2.32
Feb-2025,A4M8P,BUCKSHAW HOSPITAL,C_101,Urology Service,798.0,522.0,267.0,9.0,65.41,1.13
Feb-2025,C3Y0A,SPAMEDICA BLACKPOOL,C_130,Ophthalmology Service,91.0,88.0,3.0,0.0,96.7,0.0
Feb-2025,NT347,SPIRE FYLDE COAST HOSPITAL,C_101,Urology Service,291.0,211.0,74.0,6.0,72.51,2.06
Feb-2025,NVC16,RENACRES HOSPITAL,C_400,Neurology Service,1.0,1.0,0.0,0.0,100.0,0.0
Feb-2025,RXN,LANCASHIRE TEACHING HOSPITALS NHS FOUNDATION TRUST,X05,Other - Surgical Services,7372.0,4161.0,2981.0,230.0,56.44,3.12
Feb-2025,RFF,BARNSLEY HOSPITAL NHS FOUNDATION TRUST,C_410,Rheumatology Service,271.0,251.0,20.0,0.0,92.62,0.0
Feb-2025,RHQ,SHEFFIELD TEACHING HOSPITALS NHS FOUNDATION TRUST,C_101,Urology Service,5459.0,2644.0,2454.0,361.0,48.43,6.61
Feb-2025,RHQ,SHEFFIELD TEACHING HOSPITALS NHS FOUNDATION TRUST,C_400,Neurology Service,7537.0,3689.0,3505.0,343.0,48.95,4.55
Feb-2025,RHQ,SHEFFIELD TEACHING HOSPITALS NHS FOUNDATION TRUST,X06,Other - Other Services,4601.0,3912.0,669.0,20.0,85.02,0.43
Feb-2025,RP5,DONCASTER AND BASSETLAW TEACHING HOSPITALS NHS FOUNDATION TRUST,C_301,Gastroenterology Service,3984.0,2487.0,1390.0,107.0,62.42,2.69
Feb-2025,T8V3L,SPAMEDICA DONCASTER,C_999,Total,92.0,87.0,5.0,0.0,94.57,0.0
Feb-2025,NT219,"NUFFIELD HEALTH, HEREFORD HOSPITAL",C_110,Trauma and Orthopaedic Service,188.0,150.0,35.0,3.0,79.79,1.6
Feb-2025,NT412,DROITWICH SPA HOSPITAL,C_100,General Surgery Service,1022.0,672.0,350.0,0.0,65.75,0.0
Feb-2025,RLQ,WYE VALLEY NHS TRUST,C_300,General Internal Medicine Service,44.0,18.0,25.0,1.0,40.91,2.27
Feb-2025,RWP,WORCESTERSHIRE ACUTE HOSPITALS NHS TRUST,C_120,Ear Nose and Throat Service,7617.0,3074.0,4203.0,340.0,40.36,4.46
Feb-2025,RWP,WORCESTERSHIRE ACUTE HOSPITALS NHS TRUST,C_130,Ophthalmology Service,4955.0,3476.0,1411.0,68.0,70.15,1.37
Feb-2025,RWP,WORCESTERSHIRE ACUTE HOSPITALS NHS TRUST,X06,Other - Other Services,2117.0,1640.0,477.0,0.0,77.47,0.0
Feb-2025,NT490,SOUTHEND PRIVATE HOSPITAL,C_130,Ophthalmology Service,496.0,423.0,73.0,0.0,85.28,0.0
Feb-2025,NVC18,SPRINGFIELD HOSPITAL,C_400,Neurology Service,3.0,3.0,0.0,0.0,100.0,0.0
Feb-2025,RJ8,CORNWALL PARTNERSHIP NHS FOUNDATION TRUST,C_110,Trauma and Orthopaedic Service,91.0,90.0,1.0,0.0,98.9,0.0
Feb-2025,F9Z4V,CIRCLE READING HOSPITAL,C_130,Ophthalmology Service,180.0,152.0,28.0,0.0,84.44,0.0
Feb-2025,F9Z4V,CIRCLE READING HOSPITAL,C_100,General Surgery Service,120.0,107.0,13.0,0.0,89.17,0.0
Feb-2025,NT410,CHILTERN HOSPITAL,C_120,Ear Nose and Throat Service,1.0,0.0,1.0,0.0,0.0,0.0
Feb-2025,NT435,SHELBURNE HOSPITAL,C_110,Trauma and Orthopaedic Service,118.0,76.0,42.0,0.0,64.41,0.0
Feb-2025,NVC02,THE BERKSHIRE INDEPENDENT HOSPITAL,C_101,Urology Service,175.0,125.0,50.0,0.0,71.43,0.0
Feb-2025,NVC02,THE BERKSHIRE INDEPENDENT HOSPITAL,C_301,Gastroenterology Service,59.0,58.0,1.0,0.0,98.31,0.0
Feb-2025,O5Y9D,SPAMEDICA OXFORD,C_999,Total,82.0,80.0,2.0,0.0,97.56,0.0
Feb-2025,RHW,ROYAL BERKSHIRE NHS FOUNDATION TRUST,C_999,Total,37447.0,29479.0,7946.0,22.0,78.72,0.06
Feb-2025,RHW,ROYAL BERKSHIRE NHS FOUNDATION TRUST,C_100,General Surgery Service,2576.0,2031.0,544.0,1.0,78.84,0.04
Feb-2025,RHW,ROYAL BERKSHIRE NHS FOUNDATION TRUST,C_130,Ophthalmology Service,6368.0,5096.0,1269.0,3.0,80.03,0.05
Feb-2025,RHW,ROYAL BERKSHIRE NHS FOUNDATION TRUST,C_320,Cardiology Service,3225.0,2396.0,829.0,0.0,74.29,0.0
Feb-2025,RHW,ROYAL BERKSHIRE NHS FOUNDATION TRUST,X02,Other - Medical Services,1299.0,1044.0,255.0,0.0,80.37,0.0
Feb-2025,RTH,OXFORD UNIVERSITY HOSPITALS NHS FOUNDATION TRUST,C_130,Ophthalmology Service,5700.0,2856.0,2699.0,145.0,50.11,2.54
Feb-2025,RTH,OXFORD UNIVERSITY HOSPITALS NHS FOUNDATION TRUST,C_300,General Internal Medicine Service,155.0,68.0,86.0,1.0,43.87,0.65
Feb-2025,RAN,ROYAL NATIONAL ORTHOPAEDIC HOSPITAL NHS TRUST,C_110,Trauma and Orthopaedic Service,6041.0,4344.0,1653.0,44.0,71.91,0.73
Feb-2025,RAN,ROYAL NATIONAL ORTHOPAEDIC HOSPITAL NHS TRUST,C_160,Plastic Surgery Service,6.0,6.0,0.0,0.0,100.0,0.0
Feb-2025,RAS,THE HILLINGDON HOSPITALS NHS FOUNDATION TRUST,C_301,Gastroenterology Service,802.0,521.0,266.0,15.0,64.96,1.87
Feb-2025,RAS,THE HILLINGDON HOSPITALS NHS FOUNDATION TRUST,C_400,Neurology Service,1370.0,302.0,1003.0,65.0,22.04,4.74
Feb-2025,RPY,THE ROYAL MARSDEN NHS FOUNDATION TRUST,C_160,Plastic Surgery Service,48.0,40.0,7.0,1.0,83.33,2.08
Feb-2025,RQM,CHELSEA AND WESTMINSTER HOSPITAL NHS FOUNDATION TRUST,C_330,Dermatology Service,3245.0,2658.0,582.0,5.0,81.91,0.15
Feb-2025,RYJ,IMPERIAL COLLEGE HEALTHCARE NHS TRUST,C_140,Oral Surgery Service,196.0,182.0,14.0,0.0,92.86,0.0
Feb-2025,G6S7A,SPAMEDICA TAUNTON,C_130,Ophthalmology Service,92.0,91.0,1.0,0.0,98.91,0.0
Feb-2025,NPR01,ABOUT HEALTH HQ,C_999,Total,1547.0,1368.0,179.0,0.0,88.43,0.0
Feb-2025,NTPH1,PRACTICE PLUS GROUP HOSPITAL - SHEPTON MALLET,C_999,Total,2650.0,1982.0,662.0,6.0,74.79,0.23
Feb-2025,RH5,SOMERSET NHS FOUNDATION TRUST,C_100,General Surgery Service,1982.0,1417.0,522.0,43.0,71.49,2.17
Feb-2025,RK5,SHERWOOD FOREST HOSPITALS NHS FOUNDATION TRUST,C_100,General Surgery Service,4061.0,2506.0,1449.0,106.0,61.71,2.61
Feb-2025,RK5,SHERWOOD FOREST HOSPITALS NHS FOUNDATION TRUST,C_999,Total,34437.0,21875.0,12009.0,553.0,63.52,1.61
Feb-2025,RX1,NOTTINGHAM UNIVERSITY HOSPITALS NHS TRUST,C_400,Neurology Service,1351.0,1159.0,192.0,0.0,85.79,0.0
Feb-2025,RX1,NOTTINGHAM UNIVERSITY HOSPITALS NHS TRUST,C_170,Cardiothoracic Surgery Service,313.0,261.0,49.0,3.0,83.39,0.96
Feb-2025,E3D4A,SPAMEDICA TRURO,C_999,Total,177.0,172.0,5.0,0.0,97.18,0.0
Feb-2025,NAM01,PROBUS SURGICAL CENTRE,C_101,Urology Service,41.0,40.0,1.0,0.0,97.56,0.0
Feb-2025,NVC04,DUCHY HOSPITAL,C_100,General Surgery Service,371.0,252.0,119.0,0.0,67.92,0.0
Feb-2025,RXQ,BUCKINGHAMSHIRE HEALTHCARE NHS TRUST,X05,Other - Surgical Services,1183.0,916.0,252.0,15.0,77.43,1.27
Feb-2025,NT218,"NUFFIELD HEALTH, HAYWARDS HEATH HOSPITAL",C_110,Trauma and Orthopaedic Service,413.0,239.0,172.0,2.0,57.87,0.48
Feb-2025,NT417,GORING HALL HOSPITAL,C_100,General Surgery Service,107.0,58.0,47.0,2.0,54.21,1.87
Feb-2025,NT417,GORING HALL HOSPITAL,C_150,Neurosurgical Service,1.0,0.0,1.0,0.0,0.0,0.0
Feb-2025,RDR,SUSSEX COMMUNITY NHS FOUNDATION TRUST,X05,Other - Surgical Services,136.0,115.0,21.0,0.0,84.56,0.0
Feb-2025,RPC,QUEEN VICTORIA HOSPITAL NHS FOUNDATION TRUST,C_160,Plastic Surgery Service,5933.0,3053.0,2603.0,277.0,51.46,4.67
Feb-2025,RXC,EAST SUSSEX HEALTHCARE NHS TRUST,C_130,Ophthalmology Service,4268.0,3057.0,1191.0,20.0,71.63,0.47
Feb-2025,RXC,EAST SUSSEX HEALTHCARE NHS TRUST,C_110,Trauma and Orthopaedic Service,3429.0,1948.0,1415.0,66.0,56.81,1.92
Feb-2025,RXC,EAST SUSSEX HEALTHCARE NHS TRUST,C_430,Elderly Medicine Service,123.0,117.0,6.0,0.0,95.12,0.0
Feb-2025,RYR,UNIVERSITY HOSPITALS SUSSEX NHS FOUNDATION TRUST,C_301,Gastroenterology Service,6011.0,3140.0,2649.0,222.0,52.24,3.69
Feb-2025,RKE,WHITTINGTON HEALTH NHS TRUST,C_400,Neurology Service,1293.0,650.0,642.0,1.0,50.27,0.08
Feb-2025,RP4,GREAT ORMOND STREET HOSPITAL FOR CHILDREN NHS FOUNDATION TRUST,X04,Other - Paediatric Services,6379.0,4181.0,2014.0,184.0,65.54,2.88
Feb-2025,RRV,UNIVERSITY COLLEGE LONDON HOSPITALS NHS FOUNDATION TRUST,C_110,Trauma and Orthopaedic Service,3691.0,2467.0,1198.0,26.0,66.84,0.7
Feb-2025,RRV,UNIVERSITY COLLEGE LONDON HOSPITALS NHS FOUNDATION TRUST,C_330,Dermatology Service,2198.0,1267.0,891.0,40.0,57.64,1.82
Feb-2025,DFQ,NORWICH & NORFOLK SURGICAL LTD (N2S),C_100,General Surgery Service,272.0,230.0,42.0,0.0,84.56,0.0
Feb-2025,RGP,JAMES PAGET UNIVERSITY HOSPITALS NHS FOUNDATION TRUST,C_110,Trauma and Orthopaedic Service,2989.0,1251.0,1468.0,270.0,41.85,9.03
Feb-2025,RM1,NORFOLK AND NORWICH UNIVERSITY HOSPITALS NHS FOUNDATION TRUST,C_160,Plastic Surgery Service,1504.0,739.0,691.0,74.0,49.14,4.92
Feb-2025,NVC0I,BEACON PARK HOSPITAL,C_101,Urology Service,171.0,133.0,38.0,0.0,77.78,0.0
Feb-2025,NVC0I,BEACON PARK HOSPITAL,C_130,Ophthalmology Service,171.0,159.0,12.0,0.0,92.98,0.0
Feb-2025,NVC0I,BEACON PARK HOSPITAL,X02,Other - Medical Services,68.0,58.0,10.0,0.0,85.29,0.0
Feb-2025,NVC17,ROWLEY HALL HOSPITAL,C_100,General Surgery Service,171.0,109.0,61.0,1.0,63.74,0.58
Feb-2025,NVC17,ROWLEY HALL HOSPITAL,X06,Other - Other Services,4.0,1.0,3.0,0.0,25.0,0.0
Feb-2025,RJE,UNIVERSITY HOSPITALS OF NORTH MIDLANDS NHS TRUST,C_130,Ophthalmology Service,5240.0,2804.0,2305.0,131.0,53.51,2.5
Feb-2025,RJE,UNIVERSITY HOSPITALS OF NORTH MIDLANDS NHS TRUST,C_140,Oral Surgery Service,3382.0,1837.0,1474.0,71.0,54.32,2.1
Feb-2025,RJE,UNIVERSITY HOSPITALS OF NORTH MIDLANDS NHS TRUST,C_430,Elderly Medicine Service,33.0,33.0,0.0,0.0,100.0,0.0
Feb-2025,NT418,HAMPSHIRE CLINIC,C_502,Gynaecology Service,105.0,84.0,20.0,1.0,80.0,0.95
Feb-2025,NT418,HAMPSHIRE CLINIC,C_110,Trauma and Orthopaedic Service,157.0,92.0,62.0,3.0,58.6,1.91
Feb-2025,NT433,SARUM ROAD HOSPITAL,X06,Other - Other Services,64.0,48.0,16.0,0.0,75.0,0.0
Feb-2025,R1F,ISLE OF WIGHT NHS TRUST,C_110,Trauma and Orthopaedic Service,2342.0,1111.0,1202.0,29.0,47.44,1.24
Feb-2025,R1F,ISLE OF WIGHT NHS TRUST,X05,Other - Surgical Services,1089.0,843.0,243.0,3.0,77.41,0.28
Feb-2025,R1F,ISLE OF WIGHT NHS TRUST,C_140,Oral Surgery Service,721.0,352.0,353.0,16.0,48.82,2.22
Feb-2025,RHM,UNIVERSITY HOSPITAL SOUTHAMPTON NHS FOUNDATION TRUST,C_120,Ear Nose and Throat Service,1521.0,833.0,607.0,81.0,54.77,5.33
Feb-2025,RHM,UNIVERSITY HOSPITAL SOUTHAMPTON NHS FOUNDATION TRUST,X05,Other - Surgical Services,4753.0,3048.0,1590.0,115.0,64.13,2.42
Feb-2025,RCB,YORK AND SCARBOROUGH TEACHING HOSPITALS NHS FOUNDATION TRUST,C_140,Oral Surgery Service,3397.0,1319.0,1858.0,220.0,38.83,6.48
Feb-2025,RCD,HARROGATE AND DISTRICT NHS FOUNDATION TRUST,C_430,Elderly Medicine Service,60.0,53.0,7.0,0.0,88.33,0.0
Feb-2025,RWA,HULL UNIVERSITY TEACHING HOSPITALS NHS TRUST,X06,Other - Other Services,2966.0,2048.0,830.0,88.0,69.05,2.97
Feb-2025,NVC09,NEW HALL HOSPITAL,C_999,Total,3494.0,2283.0,1183.0,28.0,65.34,0.8
Feb-2025,NVC09,NEW HALL HOSPITAL,C_400,Neurology Service,17.0,10.0,7.0,0.0,58.82,0.0
Feb-2025,RD1,ROYAL UNITED HOSPITALS BATH NHS FOUNDATION TRUST,C_110,Trauma and Orthopaedic Service,2748.0,1604.0,1054.0,90.0,58.37,3.28
Feb-2025,RD1,ROYAL UNITED HOSPITALS BATH NHS FOUNDATION TRUST,C_130,Ophthalmology Service,2908.0,2215.0,669.0,24.0,76.17,0.83
Feb-2025,RD1,ROYAL UNITED HOSPITALS BATH NHS FOUNDATION TRUST,C_999,Total,39673.0,24161.0,14866.0,646.0,60.9,1.63
Feb-2025,RD1,ROYAL UNITED HOSPITALS BATH NHS FOUNDATION TRUST,C_300,General Internal Medicine Service,87.0,87.0,0.0,0.0,100.0,0.0
Feb-2025,RN3,GREAT WESTERN HOSPITALS NHS FOUNDATION TRUST,C_101,Urology Service,2668.0,1331.0,1142.0,195.0,49.89,7.31
Feb-2025,RNZ,SALISBURY NHS FOUNDATION TRUST,C_160,Plastic Surgery Service,1882.0,1048.0,739.0,95.0,55.69,5.05
Feb-2025,RNZ,SALISBURY NHS FOUNDATION TRUST,C_300,General Internal Medicine Service,18.0,15.0,3.0,0.0,83.33,0.0
Feb-2025,NVC23,WOODLAND HOSPITAL,C_502,Gynaecology Service,704.0,343.0,340.0,21.0,48.72,2.98
Feb-2025,NVC23,WOODLAND HOSPITAL,C_120,Ear Nose and Throat Service,4.0,1.0,2.0,1.0,25.0,25.0
Feb-2025,RNQ,KETTERING GENERAL HOSPITAL NHS FOUNDATION TRUST,X04,Other - Paediatric Services,298.0,223.0,75.0,0.0,74.83,0.0
Feb-2025,AAH,TETBURY HOSPITAL TRUST LTD,C_110,Trauma and Orthopaedic Service,29.0,26.0,3.0,0.0,89.66,0.0
Feb-2025,NT211,"NUFFIELD HEALTH, CHELTENHAM HOSPITAL",X02,Other - Medical Services,17.0,11.0,6.0,0.0,64.71,0.0
Feb-2025,RHU,PORTSMOUTH HOSPITALS UNIVERSITY NATIONAL HEALTH SERVICE TRUST,C_100,General Surgery Service,5339.0,3319.0,1908.0,112.0,62.17,2.1
Feb-2025,RHU,PORTSMOUTH HOSPITALS UNIVERSITY NATIONAL HEALTH SERVICE TRUST,C_502,Gynaecology Service,5819.0,2668.0,2944.0,207.0,45.85,3.56
Feb-2025,RN5,HAMPSHIRE HOSPITALS NHS FOUNDATION TRUST,C_130,Ophthalmology Service,2582.0,1937.0,626.0,19.0,75.02,0.74
Feb-2025,R1K,LONDON NORTH WEST UNIVERSITY HEALTHCARE NHS TRUST,X05,Other - Surgical Services,8768.0,4965.0,3694.0,109.0,56.63,1.24
Feb-2025,R1D,SHROPSHIRE COMMUNITY HEALTH NHS TRUST,C_140,Oral Surgery Service,230.0,148.0,82.0,0.0,64.35,0.0
Feb-2025,RXW,THE SHREWSBURY AND TELFORD HOSPITAL NHS TRUST,X05,Other - Surgical Services,356.0,99.0,194.0,63.0,27.81,17.7
Feb-2025,NT327,SPIRE MANCHESTER HOSPITAL,C_110,Trauma and Orthopaedic Service,659.0,534.0,125.0,0.0,81.03,0.0
Feb-2025,NT401,ALEXANDRA HOSPITAL,C_999,Total,733.0,633.0,100.0,0.0,86.36,0.0
Feb-2025,NT401,ALEXANDRA HOSPITAL,C_301,Gastroenterology Service,55.0,50.0,5.0,0.0,90.91,0.0
Feb-2025,NT404,BEAUMONT HOSPITAL,C_110,Trauma and Orthopaedic Service,1145.0,866.0,278.0,1.0,75.63,0.09
Feb-2025,NTPAE,PRACTICE PLUS GROUP OPHTHALMOLOGY - NORTH WEST,C_130,Ophthalmology Service,1046.0,986.0,60.0,0.0,94.26,0.0
Feb-2025,NVC12,OAKLANDS HOSPITAL,C_301,Gastroenterology Service,40.0,35.0,5.0,0.0,87.5,0.0
Feb-2025,NVC12,OAKLANDS HOSPITAL,C_120,Ear Nose and Throat Service,5.0,0.0,4.0,1.0,0.0,20.0
Feb-2025,R0A,MANCHESTER UNIVERSITY NHS FOUNDATION TRUST,C_320,Cardiology Service,9912.0,5352.0,4212.0,348.0,54.0,3.51
Feb-2025,R0A,MANCHESTER UNIVERSITY NHS FOUNDATION TRUST,C_330,Dermatology Service,2234.0,1157.0,996.0,81.0,51.79,3.63
Feb-2025,RM3,NORTHERN CARE ALLIANCE NHS FOUNDATION TRUST,C_999,Total,136673.0,71105.0,60638.0,4930.0,52.03,3.61
Feb-2025,RMC,BOLTON NHS FOUNDATION TRUST,C_160,Plastic Surgery Service,629.0,240.0,333.0,56.0,38.16,8.9
Feb-2025,RMP,TAMESIDE AND GLOSSOP INTEGRATED CARE NHS FOUNDATION TRUST,C_340,Respiratory Medicine Service,656.0,494.0,162.0,0.0,75.3,0.0
Feb-2025,RRF,"WRIGHTINGTON, WIGAN AND LEIGH NHS FOUNDATION TRUST",C_100,General Surgery Service,1796.0,796.0,846.0,154.0,44.32,8.57
Feb-2025,RRF,"WRIGHTINGTON, WIGAN AND LEIGH NHS FOUNDATION TRUST",C_120,Ear Nose and Throat Service,4899.0,2530.0,2125.0,244.0,51.64,4.98
Feb-2025,RRF,"WRIGHTINGTON, WIGAN AND LEIGH NHS FOUNDATION TRUST",X05,Other - Surgical Services,5246.0,2888.0,2127.0,231.0,55.05,4.4
Feb-2025,RRF,"WRIGHTINGTON, WIGAN AND LEIGH NHS FOUNDATION TRUST",C_430,Elderly Medicine Service,541.0,333.0,207.0,1.0,61.55,0.18
Feb-2025,Z2L9B,NEWMEDICA - MANCHESTER WEST,C_999,Total,295.0,280.0,15.0,0.0,94.92,0.0
Feb-2025,NT351,SPIRE HULL AND EAST RIDING HOSPITAL,C_330,Dermatology Service,264.0,264.0,0.0,0.0,100.0,0.0
Feb-2025,NT351,SPIRE HULL AND EAST RIDING HOSPITAL,X05,Other - Surgical Services,547.0,547.0,0.0,0.0,100.0,0.0
Feb-2025,NT351,SPIRE HULL AND EAST RIDING HOSPITAL,C_101,Urology Service,52.0,51.0,1.0,0.0,98.08,0.0
Feb-2025,NT216,"NUFFIELD HEALTH, GUILDFORD HOSPITAL",C_120,Ear Nose and Throat Service,11.0,0.0,1.0,10.0,0.0,90.91
Feb-2025,NT241,"NUFFIELD HEALTH, WOKING HOSPITAL",C_502,Gynaecology Service,100.0,54.0,36.0,10.0,54.0,10.0
Feb-2025,NT431,RUNNYMEDE HOSPITAL,C_100,General Surgery Service,34.0,22.0,10.0,2.0,64.71,5.88
Feb-2025,NVC01,ASHTEAD HOSPITAL,C_101,Urology Service,82.0,55.0,27.0,0.0,67.07,0.0
Feb-2025,NVC01,ASHTEAD HOSPITAL,C_301,Gastroenterology Service,114.0,81.0,33.0,0.0,71.05,0.0
Feb-2025,NVC11,NORTH DOWNS HOSPITAL,C_130,Ophthalmology Service,122.0,76.0,44.0,2.0,62.3,1.64
Feb-2025,RA2,ROYAL SURREY COUNTY HOSPITAL NHS FOUNDATION TRUST,C_101,Urology Service,1496.0,1212.0,279.0,5.0,81.02,0.33
Feb-2025,RA2,ROYAL SURREY COUNTY HOSPITAL NHS FOUNDATION TRUST,C_301,Gastroenterology Service,1075.0,718.0,339.0,18.0,66.79,1.67
Feb-2025,RJ7,ST GEORGE'S UNIVERSITY HOSPITALS NHS FOUNDATION TRUST,C_400,Neurology Service,4088.0,2442.0,1644.0,2.0,59.74,0.05
Feb-2025,RVR,EPSOM AND ST HELIER UNIVERSITY HOSPITALS NHS TRUST,C_110,Trauma and Orthopaedic Service,6135.0,3701.0,2387.0,47.0,60.33,0.77
Feb-2025,ACG40,NEWMEDICA - WAKEFIELD,C_999,Total,424.0,421.0,3.0,0.0,99.29,0.0
Feb-2025,I2C7H,SPAMEDICA BRADFORD,C_130,Ophthalmology Service,238.0,231.0,7.0,0.0,97.06,0.0
Feb-2025,NPG07,SPAMEDICA EYE HOSPITAL (WAKEFIELD),C_130,Ophthalmology Service,197.0,193.0,4.0,0.0,97.97,0.0
Feb-2025,RCF,AIREDALE NHS FOUNDATION TRUST,C_430,Elderly Medicine Service,35.0,31.0,4.0,0.0,88.57,0.0
Feb-2025,RR8,LEEDS TEACHING HOSPITALS NHS TRUST,C_110,Trauma and Orthopaedic Service,7956.0,3625.0,3837.0,494.0,45.56,6.21
Feb-2025,RR8,LEEDS TEACHING HOSPITALS NHS TRUST,C_300,General Internal Medicine Service,3.0,1.0,2.0,0.0,33.33,0.0
Feb-2025,RWY,CALDERDALE AND HUDDERSFIELD NHS FOUNDATION TRUST,C_110,Trauma and Orthopaedic Service,2901.0,2192.0,709.0,0.0,75.56,0.0
Feb-2025,RWY,CALDERDALE AND HUDDERSFIELD NHS FOUNDATION TRUST,C_160,Plastic Surgery Service,686.0,344.0,342.0,0.0,50.15,0.0
Feb-2025,RXF,MID YORKSHIRE TEACHING NHS TRUST,C_320,Cardiology Service,1044.0,771.0,273.0,0.0,73.85,0.0
Feb-2025,NT424,MERIDEN HOSPITAL,X06,Other - Other Services,10.0,10.0,0.0,0.0,100.0,0.0
Feb-2025,RJC,SOUTH WARWICKSHIRE UNIVERSITY NHS FOUNDATION TRUST,C_120,Ear Nose and Throat Service,4332.0,2089.0,2119.0,124.0,48.22,2.86
Feb-2025,RJC,SOUTH WARWICKSHIRE UNIVERSITY NHS FOUNDATION TRUST,X05,Other - Surgical Services,2602.0,2000.0,521.0,81.0,76.86,3.11
Feb-2025,RJC,SOUTH WARWICKSHIRE UNIVERSITY NHS FOUNDATION TRUST,X06,Other - Other Services,575.0,557.0,18.0,0.0,96.87,0.0
Feb-2025,RKB,UNIVERSITY HOSPITALS COVENTRY AND WARWICKSHIRE NHS TRUST,C_301,Gastroenterology Service,3032.0,2003.0,1014.0,15.0,66.06,0.49
Feb-2025,NNE,DORKING HEALTHCARE LIMITED (DHC),C_300,General Internal Medicine Service,60.0,51.0,9.0,0.0,85.0,0.0
Feb-2025,NNH,OPTEGRA UK,C_130,Ophthalmology Service,5756.0,5558.0,176.0,22.0,96.56,0.38
Feb-2025,RTK,ASHFORD AND ST PETER'S HOSPITALS NHS FOUNDATION TRUST,X06,Other - Other Services,6333.0,5531.0,796.0,6.0,87.34,0.09
Feb-2025,NT242,"NUFFIELD HEALTH, WOLVERHAMPTON HOSPITAL",C_110,Trauma and Orthopaedic Service,275.0,220.0,52.0,3.0,80.0,1.09
Feb-2025,NVC1H,STOURSIDE HOSPITAL,X06,Other - Other Services,8.0,3.0,5.0,0.0,37.5,0.0
Feb-2025,RBK,WALSALL HEALTHCARE NHS TRUST,C_301,Gastroenterology Service,1950.0,1493.0,457.0,0.0,76.56,0.0
Feb-2025,RBK,WALSALL HEALTHCARE NHS TRUST,X02,Other - Medical Services,2553.0,1589.0,954.0,10.0,62.24,0.39
Feb-2025,RL4,THE ROYAL WOLVERHAMPTON NHS TRUST,C_100,General Surgery Service,8057.0,3800.0,4073.0,184.0,47.16,2.28
Feb-2025,RNA,THE DUDLEY GROUP NHS FOUNDATION TRUST,C_160,Plastic Surgery Service,1519.0,946.0,552.0,21.0,62.28,1.38
Feb-2025,RNA,THE DUDLEY GROUP NHS FOUNDATION TRUST,C_300,General Internal Medicine Service,1.0,1.0,0.0,0.0,100.0,0.0
Feb-2025,NT209,"NUFFIELD HEALTH, CAMBRIDGE HOSPITAL",C_999,Total,392.0,229.0,159.0,4.0,58.42,1.02
Feb-2025,NVC06,FITZWILLIAM HOSPITAL,C_100,General Surgery Service,386.0,239.0,142.0,5.0,61.92,1.3
Feb-2025,NVC06,FITZWILLIAM HOSPITAL,C_502,Gynaecology Service,557.0,382.0,171.0,4.0,68.58,0.72
Feb-2025,O6X7Z,SPAMEDICA CAMBRIDGE,C_999,Total,17.0,17.0,0.0,0.0,100.0,0.0
Feb-2025,RGN,NORTH WEST ANGLIA NHS FOUNDATION TRUST,C_101,Urology Service,6662.0,2848.0,3338.0,476.0,42.75,7.15
Feb-2025,RGT,CAMBRIDGE UNIVERSITY HOSPITALS NHS FOUNDATION TRUST,C_120,Ear Nose and Throat Service,5382.0,2321.0,2809.0,252.0,43.13,4.68
Feb-2025,RGT,CAMBRIDGE UNIVERSITY HOSPITALS NHS FOUNDATION TRUST,C_301,Gastroenterology Service,2548.0,2034.0,506.0,8.0,79.83,0.31
Feb-2025,RGT,CAMBRIDGE UNIVERSITY HOSPITALS NHS FOUNDATION TRUST,C_400,Neurology Service,1341.0,992.0,348.0,1.0,73.97,0.07
Feb-2025,ACG38,NEWMEDICA - LANGFORD,C_999,Total,323.0,316.0,7.0,0.0,97.83,0.0
Feb-2025,NFH,SOMERSET SURGICAL SERVICES HQ,C_110,Trauma and Orthopaedic Service,114.0,60.0,53.0,1.0,52.63,0.88
Feb-2025,NFH,SOMERSET SURGICAL SERVICES HQ,C_140,Oral Surgery Service,303.0,287.0,16.0,0.0,94.72,0.0
Feb-2025,NT206,"NUFFIELD HEALTH, BRISTOL HOSPITAL (CHESTERFIELD)",C_999,Total,322.0,250.0,72.0,0.0,77.64,0.0
Feb-2025,NT302,SPIRE BRISTOL HOSPITAL,C_110,Trauma and Orthopaedic Service,771.0,454.0,296.0,21.0,58.88,2.72
Feb-2025,NTPH2,PRACTICE PLUS GROUP HOSPITAL - EMERSONS GREEN,C_999,Total,4841.0,4134.0,699.0,8.0,85.4,0.17
Feb-2025,NT202,"NUFFIELD HEALTH, BOURNEMOUTH HOSPITAL",C_110,Trauma and Orthopaedic Service,434.0,211.0,203.0,20.0,48.62,4.61
Feb-2025,NT419,HARBOUR HOSPITAL,C_999,Total,160.0,123.0,37.0,0.0,76.88,0.0
Feb-2025,R0D,UNIVERSITY HOSPITALS DORSET NHS FOUNDATION TRUST,C_120,Ear Nose and Throat Service,5665.0,3147.0,2373.0,145.0,55.55,2.56
Feb-2025,RBD,DORSET COUNTY HOSPITAL NHS FOUNDATION TRUST,C_301,Gastroenterology Service,1094.0,697.0,351.0,46.0,63.71,4.2
Feb-2025,RBD,DORSET COUNTY HOSPITAL NHS FOUNDATION TRUST,X02,Other - Medical Services,1125.0,924.0,197.0,4.0,82.13,0.36
Feb-2025,RBD,DORSET COUNTY HOSPITAL NHS FOUNDATION TRUST,C_999,Total,20757.0,12495.0,7877.0,385.0,60.2,1.85
Feb-2025,R0F4N,NUFFIELD HEALTH PARKSIDE HOSPITAL,X06,Other - Other Services,1.0,0.0,1.0,0.0,0.0,0.0
Feb-2025,RAX,KINGSTON AND RICHMOND NHS FOUNDATION TRUST,C_502,Gynaecology Service,4149.0,2493.0,1618.0,38.0,60.09,0.92
Feb-2025,RJ6,CROYDON HEALTH SERVICES NHS TRUST,C_100,General Surgery Service,2150.0,1474.0,643.0,33.0,68.56,1.53
Feb-2025,RJ6,CROYDON HEALTH SERVICES NHS TRUST,X05,Other - Surgical Services,3695.0,2975.0,693.0,27.0,80.51,0.73
Feb-2025,RJ6,CROYDON HEALTH SERVICES NHS TRUST,C_410,Rheumatology Service,973.0,627.0,346.0,0.0,64.44,0.0
Feb-2025,RJZ,KING'S COLLEGE HOSPITAL NHS FOUNDATION TRUST,C_999,Total,90333.0,57946.0,30787.0,1600.0,64.15,1.77
Feb-2025,NT239,"NUFFIELD HEALTH, TUNBRIDGE WELLS HOSPITAL",C_100,General Surgery Service,79.0,33.0,31.0,15.0,41.77,18.99
Feb-2025,NT239,"NUFFIELD HEALTH, TUNBRIDGE WELLS HOSPITAL",C_120,Ear Nose and Throat Service,25.0,14.0,11.0,0.0,56.0,0.0
Feb-2025,RVV,EAST KENT HOSPITALS UNIVERSITY NHS FOUNDATION TRUST,C_110,Trauma and Orthopaedic Service,7135.0,3856.0,3185.0,94.0,54.04,1.32
Feb-2025,H4I8B,NUFFIELD HEALTH THE HOLLY HOSPITAL,C_320,Cardiology Service,60.0,58.0,2.0,0.0,96.67,0.0
Feb-2025,RQW,THE PRINCESS ALEXANDRA HOSPITAL NHS TRUST,C_410,Rheumatology Service,1381.0,696.0,642.0,43.0,50.4,3.11
Feb-2025,RQW,THE PRINCESS ALEXANDRA HOSPITAL NHS TRUST,C_430,Elderly Medicine Service,38.0,26.0,12.0,0.0,68.42,0.0
Feb-2025,RWH,EAST AND NORTH HERTFORDSHIRE NHS TRUST,C_120,Ear Nose and Throat Service,6017.0,3816.0,2178.0,23.0,63.42,0.38
Feb-2025,RWH,EAST AND NORTH HERTFORDSHIRE NHS TRUST,C_101,Urology Service,4471.0,2558.0,1761.0,152.0,57.21,3.4
Feb-2025,R1H,BARTS HEALTH NHS TRUST,X04,Other - Paediatric Services,9041.0,4690.0,4037.0,314.0,51.87,3.47
Feb-2025,R1H,BARTS HEALTH NHS TRUST,C_430,Elderly Medicine Service,471.0,338.0,131.0,2.0,71.76,0.42
Feb-2025,RF4,"BARKING, HAVERING AND REDBRIDGE UNIVERSITY HOSPITALS NHS TRUST",C_140,Oral Surgery Service,1416.0,1008.0,402.0,6.0,71.19,0.42
Feb-2025,RF4,"BARKING, HAVERING AND REDBRIDGE UNIVERSITY HOSPITALS NHS TRUST",C_330,Dermatology Service,2692.0,1934.0,755.0,3.0,71.84,0.11
Feb-2025,RQX,HOMERTON HEALTHCARE NHS FOUNDATION TRUST,C_120,Ear Nose and Throat Service,3208.0,2080.0,1061.0,67.0,64.84,2.09
Feb-2025,G3Q3Z,NUFFIELD HEALTH HIGHGATE HOSPITAL,C_999,Total,947.0,755.0,190.0,2.0,79.73,0.21
Feb-2025,G3Q3Z,NUFFIELD HEALTH HIGHGATE HOSPITAL,C_110,Trauma and Orthopaedic Service,314.0,225.0,88.0,1.0,71.66,0.32
Feb-2025,RTP,SURREY AND SUSSEX HEALTHCARE NHS TRUST,C_502,Gynaecology Service,3625.0,2222.0,1395.0,8.0,61.3,0.22
Feb-2025,RTP,SURREY AND SUSSEX HEALTHCARE NHS TRUST,X06,Other - Other Services,347.0,245.0,99.0,3.0,70.61,0.86
Feb-2025,NPG06,SPAMEDICA LIVERPOOL,C_130,Ophthalmology Service,236.0,227.0,9.0,0.0,96.19,0.0
Feb-2025,NT324,SPIRE CHESHIRE HOSPITAL,C_101,Urology Service,8.0,6.0,2.0,0.0,75.0,0.0
Feb-2025,NVG01,FAIRFIELD HOSPITAL,C_130,Ophthalmology Service,53.0,40.0,13.0,0.0,75.47,0.0
Feb-2025,RBL,WIRRAL UNIVERSITY TEACHING HOSPITAL NHS FOUNDATION TRUST,C_999,Total,47438.0,26817.0,19425.0,1196.0,56.53,2.52
Feb-2025,RBL,WIRRAL UNIVERSITY TEACHING HOSPITAL NHS FOUNDATION TRUST,C_110,Trauma and Orthopaedic Service,1906.0,1093.0,747.0,66.0,57.35,3.46
Feb-2025,RBL,WIRRAL UNIVERSITY TEACHING HOSPITAL NHS FOUNDATION TRUST,C_120,Ear Nose and Throat Service,4559.0,2073.0,2189.0,297.0,45.47,6.51
Feb-2025,RBL,WIRRAL UNIVERSITY TEACHING HOSPITAL NHS FOUNDATION TRUST,C_300,General Internal Medicine Service,75.0,45.0,30.0,0.0,60.0,0.0
Feb-2025,RBN,MERSEY AND WEST LANCASHIRE TEACHING HOSPITALS NHS TRUST,C_100,General Surgery Service,6387.0,4133.0,2078.0,176.0,64.71,2.76
Feb-2025,RBN,MERSEY AND WEST LANCASHIRE TEACHING HOSPITALS NHS TRUST,C_101,Urology Service,5938.0,3557.0,2034.0,347.0,59.9,5.84
Feb-2025,RBN,MERSEY AND WEST LANCASHIRE TEACHING HOSPITALS NHS TRUST,C_160,Plastic Surgery Service,6589.0,3004.0,3084.0,501.0,45.59,7.6
Feb-2025,RBN,MERSEY AND WEST LANCASHIRE TEACHING HOSPITALS NHS TRUST,C_502,Gynaecology Service,5579.0,3331.0,2079.0,169.0,59.71,3.03
Feb-2025,RBN,MERSEY AND WEST LANCASHIRE TEACHING HOSPITALS NHS TRUST,C_330,Dermatology Service,7294.0,4128.0,3074.0,92.0,56.59,1.26
Feb-2025,REM,LIVERPOOL UNIVERSITY HOSPITALS NHS FOUNDATION TRUST,X06,Other - Other Services,2297.0,1594.0,697.0,6.0,69.39,0.26
Feb-2025,REM,LIVERPOOL UNIVERSITY HOSPITALS NHS FOUNDATION TRUST,C_999,Total,70213.0,37392.0,30462.0,2359.0,53.26,3.36
Feb-2025,REM,LIVERPOOL UNIVERSITY HOSPITALS NHS FOUNDATION TRUST,C_140,Oral Surgery Service,6193.0,2560.0,3048.0,585.0,41.34,9.45
Feb-2025,RJN,EAST CHESHIRE NHS TRUST,C_101,Urology Service,1001.0,590.0,397.0,14.0,58.94,1.4
Feb-2025,RJR,COUNTESS OF CHESTER HOSPITAL NHS FOUNDATION TRUST,C_101,Urology Service,1749.0,727.0,897.0,125.0,41.57,7.15
Feb-2025,RWW,WARRINGTON AND HALTON TEACHING HOSPITALS NHS FOUNDATION TRUST,C_320,Cardiology Service,2144.0,1368.0,742.0,34.0,63.81,1.59
Feb-2025,RWW,WARRINGTON AND HALTON TEACHING HOSPITALS NHS FOUNDATION TRUST,C_410,Rheumatology Service,747.0,451.0,295.0,1.0,60.37,0.13
Feb-2025,RYW,BIRMINGHAM COMMUNITY HEALTHCARE NHS FOUNDATION TRUST,X03,Other - Mental Health Services,700.0,533.0,167.0,0.0,76.14,0.0
Feb-2025,RYW,BIRMINGHAM COMMUNITY HEALTHCARE NHS FOUNDATION TRUST,C_999,Total,15367.0,10263.0,5062.0,42.0,66.79,0.27
Feb-2025,S4E3I,MIDLAND EYE (EYE-DOCS LTD),C_999,Total,819.0,754.0,65.0,0.0,92.06,0.0
Feb-2025,ACG24,NEWMEDICA - TEESSIDE - NORTH ORMESBY,C_130,Ophthalmology Service,863.0,859.0,4.0,0.0,99.54,0.0
Feb-2025,F0R0W,NEWMEDICA - DARLINGTON,C_130,Ophthalmology Service,23.0,23.0,0.0,0.0,100.0,0.0
Feb-2025,NMG,CONNECT HEALTH LIMITED,X06,Other - Other Services,10810.0,9856.0,954.0,0.0,91.17,0.0
Feb-2025,NN4,TYNESIDE SURGICAL SERVICES LTD,C_101,Urology Service,36.0,29.0,7.0,0.0,80.56,0.0
Feb-2025,NT237,"NUFFIELD HEALTH, TEES HOSPITAL",C_999,Total,1380.0,1036.0,344.0,0.0,75.07,0.0
Feb-2025,NVC29,COBALT HOSPITAL,C_999,Total,2267.0,1447.0,761.0,59.0,63.83,2.6
Feb-2025,R0B,SOUTH TYNESIDE AND SUNDERLAND NHS FOUNDATION TRUST,C_101,Urology Service,5816.0,4130.0,1686.0,0.0,71.01,0.0
Feb-2025,R0B,SOUTH TYNESIDE AND SUNDERLAND NHS FOUNDATION TRUST,C_301,Gastroenterology Service,1186.0,1145.0,41.0,0.0,96.54,0.0
Feb-2025,RAJ,MID AND SOUTH ESSEX NHS FOUNDATION TRUST,C_300,General Internal Medicine Service,2560.0,1728.0,822.0,10.0,67.5,0.39
Feb-2025,RC9,BEDFORDSHIRE HOSPITALS NHS FOUNDATION TRUST,C_410,Rheumatology Service,1094.0,702.0,386.0,6.0,64.17,0.55
Feb-2025,NT320,SPIRE PARKWAY HOSPITAL,C_100,General Surgery Service,145.0,105.0,29.0,11.0,72.41,7.59
Feb-2025,RRJ,THE ROYAL ORTHOPAEDIC HOSPITAL NHS FOUNDATION TRUST,X02,Other - Medical Services,923.0,585.0,336.0,2.0,63.38,0.22
Feb-2025,RRJ,THE ROYAL ORTHOPAEDIC HOSPITAL NHS FOUNDATION TRUST,C_999,Total,13277.0,7114.0,5494.0,669.0,53.58,5.04
Feb-2025,RRK,UNIVERSITY HOSPITALS BIRMINGHAM NHS FOUNDATION TRUST,C_301,Gastroenterology Service,6534.0,4360.0,2137.0,37.0,66.73,0.57
Feb-2025,RRK,UNIVERSITY HOSPITALS BIRMINGHAM NHS FOUNDATION TRUST,C_330,Dermatology Service,4770.0,2798.0,1881.0,91.0,58.66,1.91
Feb-2025,RXK,SANDWELL AND WEST BIRMINGHAM HOSPITALS NHS TRUST,X05,Other - Surgical Services,4851.0,3117.0,1731.0,3.0,64.25,0.06
Feb-2025,RXK,SANDWELL AND WEST BIRMINGHAM HOSPITALS NHS TRUST,C_170,Cardiothoracic Surgery Service,15.0,12.0,3.0,0.0,80.0,0.0
Feb-2025,RR7,GATESHEAD HEALTH NHS FOUNDATION TRUST,C_320,Cardiology Service,1198.0,834.0,364.0,0.0,69.62,0.0
Feb-2025,RTR,SOUTH TEES HOSPITALS NHS FOUNDATION TRUST,X06,Other - Other Services,537.0,425.0,112.0,0.0,79.14,0.0
Feb-2025,RGR,WEST SUFFOLK NHS FOUNDATION TRUST,C_502,Gynaecology Service,2649.0,1547.0,1008.0,94.0,58.4,3.55
Feb-2025,NTPH5,PRACTICE PLUS GROUP HOSPITAL - PLYMOUTH,C_301,Gastroenterology Service,146.0,139.0,7.0,0.0,95.21,0.0
Feb-2025,NVC08,MOUNT STUART HOSPITAL,C_130,Ophthalmology Service,191.0,136.0,53.0,2.0,71.2,1.05
Feb-2025,NVC08,MOUNT STUART HOSPITAL,C_502,Gynaecology Service,342.0,266.0,74.0,2.0,77.78,0.58
Feb-2025,RH8,ROYAL DEVON UNIVERSITY HEALTHCARE NHS FOUNDATION TRUST,C_130,Ophthalmology Service,8283.0,4746.0,3232.0,305.0,57.3,3.68
Feb-2025,RH8,ROYAL DEVON UNIVERSITY HEALTHCARE NHS FOUNDATION TRUST,C_170,Cardiothoracic Surgery Service,1.0,1.0,0.0,0.0,100.0,0.0
Feb-2025,RVW,NORTH TEES AND HARTLEPOOL NHS FOUNDATION TRUST,C_101,Urology Service,1885.0,1321.0,540.0,24.0,70.08,1.27
Feb-2025,RVW,NORTH TEES AND HARTLEPOOL NHS FOUNDATION TRUST,C_320,Cardiology Service,668.0,591.0,77.0,0.0,88.47,0.0
Feb-2025,RVW,NORTH TEES AND HARTLEPOOL NHS FOUNDATION TRUST,C_300,General Internal Medicine Service,219.0,200.0,19.0,0.0,91.32,0.0
Feb-2025,NPG23,SPAMEDICA DERBY,C_130,Ophthalmology Service,174.0,170.0,4.0,0.0,97.7,0.0
Feb-2025,RFS,CHESTERFIELD ROYAL HOSPITAL NHS FOUNDATION TRUST,C_330,Dermatology Service,3157.0,1271.0,1670.0,216.0,40.26,6.84
Feb-2025,RFS,CHESTERFIELD ROYAL HOSPITAL NHS FOUNDATION TRUST,C_101,Urology Service,1819.0,1204.0,583.0,32.0,66.19,1.76
Feb-2025,RFS,CHESTERFIELD ROYAL HOSPITAL NHS FOUNDATION TRUST,C_320,Cardiology Service,1188.0,472.0,643.0,73.0,39.73,6.14
Feb-2025,T4I8V,SPAMEDICA CHESTERFIELD,C_130,Ophthalmology Service,285.0,275.0,10.0,0.0,96.49,0.0
Feb-2025,ACG37,NEWMEDICA - IPSWICH,C_130,Ophthalmology Service,502.0,497.0,5.0,0.0,99.0,0.0
Feb-2025,NVC13,OAKS HOSPITAL,C_110,Trauma and Orthopaedic Service,325.0,137.0,169.0,19.0,42.15,5.85
Feb-2025,NVC13,OAKS HOSPITAL,C_502,Gynaecology Service,134.0,82.0,45.0,7.0,61.19,5.22
Feb-2025,RK9,UNIVERSITY HOSPITALS PLYMOUTH NHS TRUST,C_430,Elderly Medicine Service,64.0,28.0,30.0,6.0,43.75,9.38
Feb-2025,NT450,LINCOLN PRIVATE HOSPITAL,C_101,Urology Service,180.0,131.0,48.0,1.0,72.78,0.56
Feb-2025,RWD,UNITED LINCOLNSHIRE TEACHING HOSPITALS NHS TRUST,C_320,Cardiology Service,2279.0,1379.0,888.0,12.0,60.51,0.53
Feb-2025,L9D3Z,SPAMEDICA LEICESTER,C_999,Total,128.0,126.0,2.0,0.0,98.44,0.0
Feb-2025,NT226,"NUFFIELD HEALTH, LEICESTER HOSPITAL",C_999,Total,512.0,444.0,66.0,2.0,86.72,0.39
Feb-2025,RWE,UNIVERSITY HOSPITALS OF LEICESTER NHS TRUST,C_160,Plastic Surgery Service,1268.0,792.0,458.0,18.0,62.46,1.42
Feb-2025,NT406,BLACKHEATH HOSPITAL,C_130,Ophthalmology Service,95.0,62.0,33.0,0.0,65.26,0.0
Feb-2025,NT437,SLOANE HOSPITAL,C_110,Trauma and Orthopaedic Service,346.0,262.0,82.0,2.0,75.72,0.58
Feb-2025,RJ1,GUY'S AND ST THOMAS' NHS FOUNDATION TRUST,X05,Other - Surgical Services,11815.0,7512.0,4050.0,253.0,63.58,2.14
Feb-2025,RJ1,GUY'S AND ST THOMAS' NHS FOUNDATION TRUST,X03,Other - Mental Health Services,28.0,14.0,13.0,1.0,50.0,3.57
Feb-2025,RJ1,GUY'S AND ST THOMAS' NHS FOUNDATION TRUST,C_430,Elderly Medicine Service,604.0,531.0,73.0,0.0,87.91,0.0
Feb-2025,RJ2,LEWISHAM AND GREENWICH NHS TRUST,C_100,General Surgery Service,8488.0,4705.0,3492.0,291.0,55.43,3.43
Feb-2025,A4M8P,BUCKSHAW HOSPITAL,C_110,Trauma and Orthopaedic Service,157.0,59.0,85.0,13.0,37.58,8.28
Feb-2025,A4M8P,BUCKSHAW HOSPITAL,C_301,Gastroenterology Service,4.0,3.0,1.0,0.0,75.0,0.0
Feb-2025,NVC16,RENACRES HOSPITAL,C_301,Gastroenterology Service,427.0,376.0,51.0,0.0,88.06,0.0
Feb-2025,RTX,UNIVERSITY HOSPITALS OF MORECAMBE BAY NHS FOUNDATION TRUST,C_301,Gastroenterology Service,1633.0,1418.0,215.0,0.0,86.83,0.0
Feb-2025,RTX,UNIVERSITY HOSPITALS OF MORECAMBE BAY NHS FOUNDATION TRUST,X06,Other - Other Services,527.0,479.0,46.0,2.0,90.89,0.38
Feb-2025,RXL,BLACKPOOL TEACHING HOSPITALS NHS FOUNDATION TRUST,C_120,Ear Nose and Throat Service,3187.0,1903.0,1224.0,60.0,59.71,1.88
Feb-2025,RXL,BLACKPOOL TEACHING HOSPITALS NHS FOUNDATION TRUST,C_999,Total,33560.0,19312.0,12715.0,1533.0,57.54,4.57
Feb-2025,RXN,LANCASHIRE TEACHING HOSPITALS NHS FOUNDATION TRUST,C_300,General Internal Medicine Service,1974.0,1337.0,623.0,14.0,67.73,0.71
Feb-2025,RXR,EAST LANCASHIRE HOSPITALS NHS TRUST,C_101,Urology Service,2898.0,2188.0,703.0,7.0,75.5,0.24
Feb-2025,NTX,THE ONE HEALTH GROUP PLC,C_150,Neurosurgical Service,1760.0,1390.0,365.0,5.0,78.98,0.28
Feb-2025,RFF,BARNSLEY HOSPITAL NHS FOUNDATION TRUST,X02,Other - Medical Services,1094.0,767.0,327.0,0.0,70.11,0.0
Feb-2025,RFR,THE ROTHERHAM NHS FOUNDATION TRUST,C_502,Gynaecology Service,3835.0,2059.0,1629.0,147.0,53.69,3.83
Feb-2025,RFR,THE ROTHERHAM NHS FOUNDATION TRUST,C_130,Ophthalmology Service,1301.0,1119.0,171.0,11.0,86.01,0.85
Feb-2025,RFR,THE ROTHERHAM NHS FOUNDATION TRUST,C_430,Elderly Medicine Service,62.0,62.0,0.0,0.0,100.0,0.0
Feb-2025,RHQ,SHEFFIELD TEACHING HOSPITALS NHS FOUNDATION TRUST,C_110,Trauma and Orthopaedic Service,9684.0,5922.0,3708.0,54.0,61.15,0.56
Feb-2025,RHQ,SHEFFIELD TEACHING HOSPITALS NHS FOUNDATION TRUST,C_999,Total,93524.0,58274.0,33278.0,1972.0,62.31,2.11
Feb-2025,RP5,DONCASTER AND BASSETLAW TEACHING HOSPITALS NHS FOUNDATION TRUST,X02,Other - Medical Services,5046.0,3240.0,1787.0,19.0,64.21,0.38
Feb-2025,RP5,DONCASTER AND BASSETLAW TEACHING HOSPITALS NHS FOUNDATION TRUST,C_430,Elderly Medicine Service,253.0,218.0,35.0,0.0,86.17,0.0
Feb-2025,H2K1G,NEWMEDICA - BROMSGROVE,C_130,Ophthalmology Service,89.0,89.0,0.0,0.0,100.0,0.0
Feb-2025,RLQ,WYE VALLEY NHS TRUST,X05,Other - Surgical Services,1642.0,1184.0,454.0,4.0,72.11,0.24
Feb-2025,NT204,"NUFFIELD HEALTH, BRENTWOOD HOSPITAL",C_100,General Surgery Service,132.0,96.0,34.0,2.0,72.73,1.52
Feb-2025,J3J8Z,NEWMEDICA - OXFORDSHIRE,C_130,Ophthalmology Service,404.0,399.0,5.0,0.0,98.76,0.0
Feb-2025,NT410,CHILTERN HOSPITAL,C_110,Trauma and Orthopaedic Service,437.0,362.0,75.0,0.0,82.84,0.0
Feb-2025,NT410,CHILTERN HOSPITAL,C_330,Dermatology Service,1.0,0.0,1.0,0.0,0.0,0.0
Feb-2025,NT410,CHILTERN HOSPITAL,X06,Other - Other Services,3.0,3.0,0.0,0.0,100.0,0.0
Feb-2025,NT435,SHELBURNE HOSPITAL,C_999,Total,166.0,104.0,62.0,0.0,62.65,0.0
Feb-2025,NVC02,THE BERKSHIRE INDEPENDENT HOSPITAL,C_100,General Surgery Service,165.0,134.0,31.0,0.0,81.21,0.0
Feb-2025,NVC02,THE BERKSHIRE INDEPENDENT HOSPITAL,C_502,Gynaecology Service,106.0,59.0,47.0,0.0,55.66,0.0
Feb-2025,RTH,OXFORD UNIVERSITY HOSPITALS NHS FOUNDATION TRUST,C_502,Gynaecology Service,5927.0,3586.0,2130.0,211.0,60.5,3.56
Feb-2025,RTH,OXFORD UNIVERSITY HOSPITALS NHS FOUNDATION TRUST,X03,Other - Mental Health Services,3.0,1.0,2.0,0.0,33.33,0.0
Feb-2025,RPY,THE ROYAL MARSDEN NHS FOUNDATION TRUST,C_320,Cardiology Service,1.0,1.0,0.0,0.0,100.0,0.0
Feb-2025,RQM,CHELSEA AND WESTMINSTER HOSPITAL NHS FOUNDATION TRUST,C_160,Plastic Surgery Service,2966.0,1319.0,1591.0,56.0,44.47,1.89
Feb-2025,RYJ,IMPERIAL COLLEGE HEALTHCARE NHS TRUST,C_502,Gynaecology Service,7288.0,3975.0,3157.0,156.0,54.54,2.14
Feb-2025,RYJ,IMPERIAL COLLEGE HEALTHCARE NHS TRUST,C_301,Gastroenterology Service,2874.0,2473.0,399.0,2.0,86.05,0.07
Feb-2025,NPR01,ABOUT HEALTH HQ,C_330,Dermatology Service,1547.0,1368.0,179.0,0.0,88.43,0.0
Feb-2025,ACG30,NEWMEDICA - WORKSOP - DUKERIES,C_130,Ophthalmology Service,153.0,140.0,13.0,0.0,91.5,0.0
Feb-2025,G3O5P,SPAMEDICA NEWARK,C_130,Ophthalmology Service,222.0,219.0,3.0,0.0,98.65,0.0
Feb-2025,NVC40,WOODTHORPE HOSPITAL,C_100,General Surgery Service,220.0,129.0,89.0,2.0,58.64,0.91
Feb-2025,NVC40,WOODTHORPE HOSPITAL,C_101,Urology Service,176.0,113.0,63.0,0.0,64.2,0.0
Feb-2025,RK5,SHERWOOD FOREST HOSPITALS NHS FOUNDATION TRUST,C_120,Ear Nose and Throat Service,3938.0,2125.0,1626.0,187.0,53.96,4.75
Feb-2025,NAM01,PROBUS SURGICAL CENTRE,C_110,Trauma and Orthopaedic Service,158.0,146.0,12.0,0.0,92.41,0.0
Feb-2025,REF,ROYAL CORNWALL HOSPITALS NHS TRUST,C_110,Trauma and Orthopaedic Service,4748.0,2261.0,2280.0,207.0,47.62,4.36
Feb-2025,REF,ROYAL CORNWALL HOSPITALS NHS TRUST,C_340,Respiratory Medicine Service,718.0,436.0,272.0,10.0,60.72,1.39
Feb-2025,RXC,EAST SUSSEX HEALTHCARE NHS TRUST,C_301,Gastroenterology Service,2644.0,1854.0,775.0,15.0,70.12,0.57
Feb-2025,RXC,EAST SUSSEX HEALTHCARE NHS TRUST,C_140,Oral Surgery Service,1972.0,972.0,983.0,17.0,49.29,0.86
Feb-2025,RP4,GREAT ORMOND STREET HOSPITAL FOR CHILDREN NHS FOUNDATION TRUST,X03,Other - Mental Health Services,149.0,99.0,50.0,0.0,66.44,0.0
Feb-2025,RRV,UNIVERSITY COLLEGE LONDON HOSPITALS NHS FOUNDATION TRUST,C_300,General Internal Medicine Service,3924.0,2817.0,1107.0,0.0,71.79,0.0
Feb-2025,RRV,UNIVERSITY COLLEGE LONDON HOSPITALS NHS FOUNDATION TRUST,X02,Other - Medical Services,11192.0,6422.0,4657.0,113.0,57.38,1.01
Feb-2025,RCX,"THE QUEEN ELIZABETH HOSPITAL, KING'S LYNN, NHS FOUNDATION TRUST",X04,Other - Paediatric Services,800.0,689.0,111.0,0.0,86.13,0.0
Feb-2025,RGP,JAMES PAGET UNIVERSITY HOSPITALS NHS FOUNDATION TRUST,C_160,Plastic Surgery Service,202.0,85.0,94.0,23.0,42.08,11.39
Feb-2025,RM1,NORFOLK AND NORWICH UNIVERSITY HOSPITALS NHS FOUNDATION TRUST,C_101,Urology Service,4732.0,2885.0,1674.0,173.0,60.97,3.66
Feb-2025,RM1,NORFOLK AND NORWICH UNIVERSITY HOSPITALS NHS FOUNDATION TRUST,C_301,Gastroenterology Service,5309.0,3600.0,1685.0,24.0,67.81,0.45
Feb-2025,RM1,NORFOLK AND NORWICH UNIVERSITY HOSPITALS NHS FOUNDATION TRUST,X02,Other - Medical Services,7992.0,3955.0,3621.0,416.0,49.49,5.21
Feb-2025,RM1,NORFOLK AND NORWICH UNIVERSITY HOSPITALS NHS FOUNDATION TRUST,X03,Other - Mental Health Services,1.0,1.0,0.0,0.0,100.0,0.0
Feb-2025,NVC0I,BEACON PARK HOSPITAL,C_999,Total,948.0,758.0,188.0,2.0,79.96,0.21
Feb-2025,RJE,UNIVERSITY HOSPITALS OF NORTH MIDLANDS NHS TRUST,C_340,Respiratory Medicine Service,6795.0,3677.0,2902.0,216.0,54.11,3.18
Feb-2025,RJE,UNIVERSITY HOSPITALS OF NORTH MIDLANDS NHS TRUST,X02,Other - Medical Services,9010.0,5618.0,3148.0,244.0,62.35,2.71
Feb-2025,RJE,UNIVERSITY HOSPITALS OF NORTH MIDLANDS NHS TRUST,C_400,Neurology Service,3491.0,2114.0,1340.0,37.0,60.56,1.06
Feb-2025,RRE,MIDLANDS PARTNERSHIP UNIVERSITY NHS FOUNDATION TRUST,X06,Other - Other Services,1578.0,1572.0,6.0,0.0,99.62,0.0
Feb-2025,RRE,MIDLANDS PARTNERSHIP UNIVERSITY NHS FOUNDATION TRUST,X02,Other - Medical Services,45.0,38.0,7.0,0.0,84.44,0.0
Feb-2025,NT428,PRINCESS MARGARET HOSPITAL,X06,Other - Other Services,2.0,2.0,0.0,0.0,100.0,0.0
Feb-2025,RDU,FRIMLEY HEALTH NHS FOUNDATION TRUST,C_130,Ophthalmology Service,4210.0,3055.0,1101.0,54.0,72.57,1.28
Feb-2025,I9A4A,SPAMEDICA BRIGHTON,C_130,Ophthalmology Service,259.0,254.0,5.0,0.0,98.07,0.0
Feb-2025,GEC01,RAPID INVESTIGATION SERVICE,C_999,Total,84.0,84.0,0.0,0.0,100.0,0.0
Feb-2025,NTPAD,PRACTICE PLUS GROUP SURGICAL CENTRE - ST MARYS PORTSMOUTH,C_999,Total,1799.0,1726.0,73.0,0.0,95.94,0.0
Feb-2025,RHM,UNIVERSITY HOSPITAL SOUTHAMPTON NHS FOUNDATION TRUST,C_502,Gynaecology Service,4395.0,2309.0,1886.0,200.0,52.54,4.55
Feb-2025,RHM,UNIVERSITY HOSPITAL SOUTHAMPTON NHS FOUNDATION TRUST,C_150,Neurosurgical Service,1114.0,759.0,337.0,18.0,68.13,1.62
Feb-2025,RCB,YORK AND SCARBOROUGH TEACHING HOSPITALS NHS FOUNDATION TRUST,C_410,Rheumatology Service,331.0,254.0,74.0,3.0,76.74,0.91
Feb-2025,RCD,HARROGATE AND DISTRICT NHS FOUNDATION TRUST,C_110,Trauma and Orthopaedic Service,3357.0,2037.0,1283.0,37.0,60.68,1.1
Feb-2025,RJL,NORTHERN LINCOLNSHIRE AND GOOLE NHS FOUNDATION TRUST,C_999,Total,42948.0,26258.0,15896.0,794.0,61.14,1.85
Feb-2025,RJL,NORTHERN LINCOLNSHIRE AND GOOLE NHS FOUNDATION TRUST,C_130,Ophthalmology Service,4610.0,2925.0,1662.0,23.0,63.45,0.5
Feb-2025,RJL,NORTHERN LINCOLNSHIRE AND GOOLE NHS FOUNDATION TRUST,C_340,Respiratory Medicine Service,1955.0,1167.0,787.0,1.0,59.69,0.05
Feb-2025,RJL,NORTHERN LINCOLNSHIRE AND GOOLE NHS FOUNDATION TRUST,C_502,Gynaecology Service,3776.0,2416.0,1250.0,110.0,63.98,2.91
Feb-2025,RJL,NORTHERN LINCOLNSHIRE AND GOOLE NHS FOUNDATION TRUST,X04,Other - Paediatric Services,679.0,323.0,355.0,1.0,47.57,0.15
Feb-2025,RJL,NORTHERN LINCOLNSHIRE AND GOOLE NHS FOUNDATION TRUST,X05,Other - Surgical Services,767.0,665.0,99.0,3.0,86.7,0.39
Feb-2025,G3Z1Q,SULIS HOSPITAL BATH (FOXCOTE AVENUE),C_301,Gastroenterology Service,46.0,45.0,1.0,0.0,97.83,0.0
Feb-2025,NTPH3,PRACTICE PLUS GROUP SURGICAL CENTRE - DEVIZES,C_502,Gynaecology Service,208.0,126.0,78.0,4.0,60.58,1.92
Feb-2025,NTPH3,PRACTICE PLUS GROUP SURGICAL CENTRE - DEVIZES,C_130,Ophthalmology Service,420.0,369.0,46.0,5.0,87.86,1.19
Feb-2025,NVC09,NEW HALL HOSPITAL,C_130,Ophthalmology Service,142.0,137.0,5.0,0.0,96.48,0.0
Feb-2025,RD1,ROYAL UNITED HOSPITALS BATH NHS FOUNDATION TRUST,C_330,Dermatology Service,1932.0,991.0,932.0,9.0,51.29,0.47
Feb-2025,RN3,GREAT WESTERN HOSPITALS NHS FOUNDATION TRUST,C_110,Trauma and Orthopaedic Service,4718.0,2593.0,1991.0,134.0,54.96,2.84
Feb-2025,RN3,GREAT WESTERN HOSPITALS NHS FOUNDATION TRUST,C_160,Plastic Surgery Service,266.0,166.0,81.0,19.0,62.41,7.14
Feb-2025,RN3,GREAT WESTERN HOSPITALS NHS FOUNDATION TRUST,C_320,Cardiology Service,1357.0,863.0,466.0,28.0,63.6,2.06
Feb-2025,NT441,THREE SHIRES HOSPITAL,C_301,Gastroenterology Service,2.0,2.0,0.0,0.0,100.0,0.0
Feb-2025,NVC23,WOODLAND HOSPITAL,C_101,Urology Service,443.0,318.0,124.0,1.0,71.78,0.23
Feb-2025,RNQ,KETTERING GENERAL HOSPITAL NHS FOUNDATION TRUST,X05,Other - Surgical Services,1457.0,893.0,511.0,53.0,61.29,3.64
Feb-2025,AAH,TETBURY HOSPITAL TRUST LTD,C_130,Ophthalmology Service,114.0,111.0,2.0,1.0,97.37,0.88
Feb-2025,RTE,GLOUCESTERSHIRE HOSPITALS NHS FOUNDATION TRUST,C_300,General Internal Medicine Service,283.0,238.0,45.0,0.0,84.1,0.0
Feb-2025,RTE,GLOUCESTERSHIRE HOSPITALS NHS FOUNDATION TRUST,C_320,Cardiology Service,7136.0,5547.0,1561.0,28.0,77.73,0.39
Feb-2025,RTE,GLOUCESTERSHIRE HOSPITALS NHS FOUNDATION TRUST,C_999,Total,70013.0,48096.0,21335.0,582.0,68.7,0.83
Feb-2025,RN5,HAMPSHIRE HOSPITALS NHS FOUNDATION TRUST,C_410,Rheumatology Service,1871.0,1035.0,785.0,51.0,55.32,2.73
Feb-2025,RN5,HAMPSHIRE HOSPITALS NHS FOUNDATION TRUST,C_140,Oral Surgery Service,2300.0,956.0,1196.0,148.0,41.57,6.43
Feb-2025,NT405,BISHOPS WOOD HOSPITAL,C_301,Gastroenterology Service,16.0,14.0,2.0,0.0,87.5,0.0
Feb-2025,NT411,CLEMENTINE CHURCHILL HOSPITAL,C_150,Neurosurgical Service,2.0,2.0,0.0,0.0,100.0,0.0
Feb-2025,RXW,THE SHREWSBURY AND TELFORD HOSPITAL NHS TRUST,C_101,Urology Service,2666.0,1744.0,867.0,55.0,65.42,2.06
Feb-2025,RXW,THE SHREWSBURY AND TELFORD HOSPITAL NHS TRUST,C_170,Cardiothoracic Surgery Service,31.0,21.0,9.0,1.0,67.74,3.23
Feb-2025,NPG08,SPAMEDICA BOLTON,C_999,Total,180.0,177.0,3.0,0.0,98.33,0.0
Feb-2025,NT420,HIGHFIELD HOSPITAL,C_999,Total,964.0,810.0,150.0,4.0,84.02,0.41
Feb-2025,R0A,MANCHESTER UNIVERSITY NHS FOUNDATION TRUST,C_999,Total,197034.0,99341.0,88701.0,8992.0,50.42,4.56
Feb-2025,RM3,NORTHERN CARE ALLIANCE NHS FOUNDATION TRUST,C_330,Dermatology Service,12820.0,5076.0,7276.0,468.0,39.59,3.65
Feb-2025,RM3,NORTHERN CARE ALLIANCE NHS FOUNDATION TRUST,C_300,General Internal Medicine Service,38.0,25.0,13.0,0.0,65.79,0.0
Feb-2025,RMC,BOLTON NHS FOUNDATION TRUST,C_110,Trauma and Orthopaedic Service,5031.0,2359.0,2415.0,257.0,46.89,5.11
Feb-2025,RMC,BOLTON NHS FOUNDATION TRUST,C_100,General Surgery Service,3248.0,2049.0,1131.0,68.0,63.08,2.09
Feb-2025,RMC,BOLTON NHS FOUNDATION TRUST,X05,Other - Surgical Services,628.0,293.0,283.0,52.0,46.66,8.28
Feb-2025,RMC,BOLTON NHS FOUNDATION TRUST,C_400,Neurology Service,64.0,51.0,13.0,0.0,79.69,0.0
Feb-2025,RRF,"WRIGHTINGTON, WIGAN AND LEIGH NHS FOUNDATION TRUST",C_340,Respiratory Medicine Service,2205.0,1434.0,746.0,25.0,65.03,1.13
Feb-2025,RWJ,STOCKPORT NHS FOUNDATION TRUST,C_120,Ear Nose and Throat Service,4454.0,2444.0,1727.0,283.0,54.87,6.35
Feb-2025,RWJ,STOCKPORT NHS FOUNDATION TRUST,C_130,Ophthalmology Service,1753.0,1411.0,340.0,2.0,80.49,0.11
Feb-2025,RWJ,STOCKPORT NHS FOUNDATION TRUST,C_320,Cardiology Service,4262.0,1962.0,2038.0,262.0,46.03,6.15
Feb-2025,NT351,SPIRE HULL AND EAST RIDING HOSPITAL,C_999,Total,3101.0,3100.0,1.0,0.0,99.97,0.0
Feb-2025,NT351,SPIRE HULL AND EAST RIDING HOSPITAL,C_100,General Surgery Service,348.0,348.0,0.0,0.0,100.0,0.0
Feb-2025,NT351,SPIRE HULL AND EAST RIDING HOSPITAL,C_320,Cardiology Service,50.0,50.0,0.0,0.0,100.0,0.0
Feb-2025,NT447,DUCHY HOSPITAL,C_110,Trauma and Orthopaedic Service,225.0,155.0,66.0,4.0,68.89,1.78
Feb-2025,NT447,DUCHY HOSPITAL,C_150,Neurosurgical Service,3.0,3.0,0.0,0.0,100.0,0.0
Feb-2025,NVC28,CLIFTON PARK HOSPITAL,C_110,Trauma and Orthopaedic Service,1682.0,933.0,730.0,19.0,55.47,1.13
Feb-2025,NT241,"NUFFIELD HEALTH, WOKING HOSPITAL",X02,Other - Medical Services,16.0,2.0,14.0,0.0,12.5,0.0
Feb-2025,NVC01,ASHTEAD HOSPITAL,C_999,Total,916.0,667.0,243.0,6.0,72.82,0.66
Feb-2025,NVC11,NORTH DOWNS HOSPITAL,C_101,Urology Service,129.0,59.0,67.0,3.0,45.74,2.33
Feb-2025,NVM,EPSOMEDICAL GROUP,C_999,Total,2755.0,2417.0,332.0,6.0,87.73,0.22
Feb-2025,RA2,ROYAL SURREY COUNTY HOSPITAL NHS FOUNDATION TRUST,X04,Other - Paediatric Services,794.0,546.0,248.0,0.0,68.77,0.0
Feb-2025,RJ7,ST GEORGE'S UNIVERSITY HOSPITALS NHS FOUNDATION TRUST,C_100,General Surgery Service,1048.0,468.0,476.0,104.0,44.66,9.92
Feb-2025,RJ7,ST GEORGE'S UNIVERSITY HOSPITALS NHS FOUNDATION TRUST,C_101,Urology Service,3021.0,2136.0,877.0,8.0,70.71,0.26
Feb-2025,RJ7,ST GEORGE'S UNIVERSITY HOSPITALS NHS FOUNDATION TRUST,C_301,Gastroenterology Service,2576.0,1731.0,826.0,19.0,67.2,0.74
Feb-2025,RJ7,ST GEORGE'S UNIVERSITY HOSPITALS NHS FOUNDATION TRUST,C_320,Cardiology Service,5453.0,3576.0,1823.0,54.0,65.58,0.99
Feb-2025,RVR,EPSOM AND ST HELIER UNIVERSITY HOSPITALS NHS TRUST,C_502,Gynaecology Service,5303.0,3374.0,1828.0,101.0,63.62,1.9
Feb-2025,NEQ,PHOENIX HEALTH SOLUTIONS LIMITED HQ,C_999,Total,623.0,613.0,10.0,0.0,98.39,0.0
Feb-2025,NL8,LOCALA COMMUNITY PARTNERSHIPS CIC,C_110,Trauma and Orthopaedic Service,1031.0,913.0,118.0,0.0,88.55,0.0
Feb-2025,NT448,HUDDERSFIELD PRIVATE HOSPITAL,C_999,Total,739.0,698.0,41.0,0.0,94.45,0.0
Feb-2025,RAE,BRADFORD TEACHING HOSPITALS NHS FOUNDATION TRUST,C_410,Rheumatology Service,494.0,443.0,51.0,0.0,89.68,0.0
Feb-2025,RAE,BRADFORD TEACHING HOSPITALS NHS FOUNDATION TRUST,C_320,Cardiology Service,1278.0,772.0,506.0,0.0,60.41,0.0
Feb-2025,RAE,BRADFORD TEACHING HOSPITALS NHS FOUNDATION TRUST,C_502,Gynaecology Service,2839.0,1804.0,1017.0,18.0,63.54,0.63
Feb-2025,RWY,CALDERDALE AND HUDDERSFIELD NHS FOUNDATION TRUST,C_300,General Internal Medicine Service,59.0,39.0,20.0,0.0,66.1,0.0
Feb-2025,ACG08,NEWMEDICA OPHTHALMOLOGY - NUNEATON - CAMP HILL - GP LED HEALTH CENTRE,C_130,Ophthalmology Service,28.0,27.0,1.0,0.0,96.43,0.0
Feb-2025,NT424,MERIDEN HOSPITAL,C_400,Neurology Service,4.0,4.0,0.0,0.0,100.0,0.0
Feb-2025,RJC,SOUTH WARWICKSHIRE UNIVERSITY NHS FOUNDATION TRUST,C_502,Gynaecology Service,3158.0,1781.0,1344.0,33.0,56.4,1.04
Feb-2025,RJC,SOUTH WARWICKSHIRE UNIVERSITY NHS FOUNDATION TRUST,C_999,Total,31906.0,20493.0,10941.0,472.0,64.23,1.48
Feb-2025,NNE,DORKING HEALTHCARE LIMITED (DHC),C_110,Trauma and Orthopaedic Service,561.0,488.0,73.0,0.0,86.99,0.0
Feb-2025,NNE,DORKING HEALTHCARE LIMITED (DHC),C_999,Total,5587.0,4793.0,794.0,0.0,85.79,0.0
Feb-2025,NNH,OPTEGRA UK,C_999,Total,5756.0,5558.0,176.0,22.0,96.56,0.38
Feb-2025,RTK,ASHFORD AND ST PETER'S HOSPITALS NHS FOUNDATION TRUST,C_400,Neurology Service,1226.0,720.0,504.0,2.0,58.73,0.16
Feb-2025,NPG20,SPAMEDICA WOLVERHAMPTON,C_999,Total,230.0,226.0,4.0,0.0,98.26,0.0
Feb-2025,NVC21,WEST MIDLANDS HOSPITAL,X02,Other - Medical Services,16.0,6.0,8.0,2.0,37.5,12.5
Feb-2025,RBK,WALSALL HEALTHCARE NHS TRUST,C_430,Elderly Medicine Service,141.0,139.0,2.0,0.0,98.58,0.0
Feb-2025,NT317,SPIRE CAMBRIDGE LEA HOSPITAL,C_100,General Surgery Service,13.0,10.0,3.0,0.0,76.92,0.0
Feb-2025,RGN,NORTH WEST ANGLIA NHS FOUNDATION TRUST,C_301,Gastroenterology Service,4804.0,2802.0,1964.0,38.0,58.33,0.79
Feb-2025,RGN,NORTH WEST ANGLIA NHS FOUNDATION TRUST,C_340,Respiratory Medicine Service,1612.0,1119.0,492.0,1.0,69.42,0.06
Feb-2025,RGN,NORTH WEST ANGLIA NHS FOUNDATION TRUST,C_400,Neurology Service,1304.0,851.0,452.0,1.0,65.26,0.08
Feb-2025,RGT,CAMBRIDGE UNIVERSITY HOSPITALS NHS FOUNDATION TRUST,X03,Other - Mental Health Services,27.0,14.0,11.0,2.0,51.85,7.41
Feb-2025,NTPH2,PRACTICE PLUS GROUP HOSPITAL - EMERSONS GREEN,C_120,Ear Nose and Throat Service,358.0,303.0,55.0,0.0,84.64,0.0
Feb-2025,RA7,UNIVERSITY HOSPITALS BRISTOL AND WESTON NHS FOUNDATION TRUST,C_140,Oral Surgery Service,3444.0,1646.0,1690.0,108.0,47.79,3.14
Feb-2025,RA7,UNIVERSITY HOSPITALS BRISTOL AND WESTON NHS FOUNDATION TRUST,C_301,Gastroenterology Service,1438.0,1065.0,360.0,13.0,74.06,0.9
Feb-2025,RA7,UNIVERSITY HOSPITALS BRISTOL AND WESTON NHS FOUNDATION TRUST,C_430,Elderly Medicine Service,157.0,136.0,21.0,0.0,86.62,0.0
Feb-2025,RVJ,NORTH BRISTOL NHS TRUST,C_330,Dermatology Service,1919.0,1148.0,768.0,3.0,59.82,0.16
Feb-2025,NT202,"NUFFIELD HEALTH, BOURNEMOUTH HOSPITAL",C_100,General Surgery Service,85.0,51.0,31.0,3.0,60.0,3.53
Feb-2025,R0D,UNIVERSITY HOSPITALS DORSET NHS FOUNDATION TRUST,C_320,Cardiology Service,4327.0,3124.0,1171.0,32.0,72.2,0.74
Feb-2025,R0D,UNIVERSITY HOSPITALS DORSET NHS FOUNDATION TRUST,X05,Other - Surgical Services,8881.0,5205.0,3329.0,347.0,58.61,3.91
Feb-2025,RAX,KINGSTON AND RICHMOND NHS FOUNDATION TRUST,C_999,Total,38518.0,24351.0,13974.0,193.0,63.22,0.5
Feb-2025,RAX,KINGSTON AND RICHMOND NHS FOUNDATION TRUST,C_301,Gastroenterology Service,2618.0,882.0,1644.0,92.0,33.69,3.51
Feb-2025,RAX,KINGSTON AND RICHMOND NHS FOUNDATION TRUST,C_130,Ophthalmology Service,4393.0,3297.0,1093.0,3.0,75.05,0.07
Feb-2025,RJ6,CROYDON HEALTH SERVICES NHS TRUST,C_320,Cardiology Service,824.0,773.0,51.0,0.0,93.81,0.0
Feb-2025,RJ6,CROYDON HEALTH SERVICES NHS TRUST,C_300,General Internal Medicine Service,22.0,22.0,0.0,0.0,100.0,0.0
Feb-2025,RJZ,KING'S COLLEGE HOSPITAL NHS FOUNDATION TRUST,X05,Other - Surgical Services,10850.0,6391.0,4154.0,305.0,58.9,2.81
Feb-2025,RJZ,KING'S COLLEGE HOSPITAL NHS FOUNDATION TRUST,C_110,Trauma and Orthopaedic Service,4463.0,2541.0,1816.0,106.0,56.93,2.38
Feb-2025,NN8,SPENCER PRIVATE HOSPITALS LTD,C_100,General Surgery Service,326.0,220.0,100.0,6.0,67.48,1.84
Feb-2025,NN8,SPENCER PRIVATE HOSPITALS LTD,X02,Other - Medical Services,110.0,58.0,48.0,4.0,52.73,3.64
Feb-2025,NT312,SPIRE ALEXANDRA HOSPITAL,C_502,Gynaecology Service,172.0,153.0,18.0,1.0,88.95,0.58
Feb-2025,NTP16,PRACTICE PLUS GROUP SURGICAL CENTRE - GILLINGHAM,C_130,Ophthalmology Service,269.0,243.0,20.0,6.0,90.33,2.23
Feb-2025,NTP16,PRACTICE PLUS GROUP SURGICAL CENTRE - GILLINGHAM,C_301,Gastroenterology Service,174.0,106.0,2.0,66.0,60.92,37.93
Feb-2025,NWF01,BENENDEN HOSPITAL,C_101,Urology Service,49.0,46.0,3.0,0.0,93.88,0.0
Feb-2025,NYR,HEALTHSHARE DIAGNOSTICS,C_110,Trauma and Orthopaedic Service,375.0,178.0,170.0,27.0,47.47,7.2
Feb-2025,NYR,HEALTHSHARE DIAGNOSTICS,C_160,Plastic Surgery Service,298.0,92.0,205.0,1.0,30.87,0.34
Feb-2025,H4I8B,NUFFIELD HEALTH THE HOLLY HOSPITAL,C_110,Trauma and Orthopaedic Service,1753.0,1344.0,405.0,4.0,76.67,0.23
Feb-2025,H4I8B,NUFFIELD HEALTH THE HOLLY HOSPITAL,C_100,General Surgery Service,413.0,241.0,167.0,5.0,58.35,1.21
Feb-2025,NT316,SPIRE HARPENDEN HOSPITAL,C_120,Ear Nose and Throat Service,68.0,68.0,0.0,0.0,100.0,0.0
Feb-2025,NT316,SPIRE HARPENDEN HOSPITAL,X05,Other - Surgical Services,2.0,2.0,0.0,0.0,100.0,0.0
Feb-2025,RQW,THE PRINCESS ALEXANDRA HOSPITAL NHS TRUST,X05,Other - Surgical Services,1345.0,520.0,760.0,65.0,38.66,4.83
Feb-2025,RQW,THE PRINCESS ALEXANDRA HOSPITAL NHS TRUST,C_110,Trauma and Orthopaedic Service,6834.0,2410.0,4084.0,340.0,35.26,4.98
Feb-2025,RWG,WEST HERTFORDSHIRE TEACHING HOSPITALS NHS TRUST,C_101,Urology Service,2430.0,1555.0,785.0,90.0,63.99,3.7
Feb-2025,RWG,WEST HERTFORDSHIRE TEACHING HOSPITALS NHS TRUST,C_340,Respiratory Medicine Service,2928.0,1591.0,1314.0,23.0,54.34,0.79
Feb-2025,RWG,WEST HERTFORDSHIRE TEACHING HOSPITALS NHS TRUST,C_999,Total,46047.0,28121.0,16993.0,933.0,61.07,2.03
Feb-2025,RWH,EAST AND NORTH HERTFORDSHIRE NHS TRUST,C_170,Cardiothoracic Surgery Service,168.0,142.0,26.0,0.0,84.52,0.0
Feb-2025,RWH,EAST AND NORTH HERTFORDSHIRE NHS TRUST,C_300,General Internal Medicine Service,417.0,414.0,3.0,0.0,99.28,0.0
Feb-2025,RWH,EAST AND NORTH HERTFORDSHIRE NHS TRUST,C_140,Oral Surgery Service,3602.0,1752.0,1661.0,189.0,48.64,5.25
Feb-2025,NT314,SPIRE LONDON EAST,C_160,Plastic Surgery Service,10.0,10.0,0.0,0.0,100.0,0.0
Feb-2025,NT422,LONDON INDEPENDENT HOSPITAL,C_100,General Surgery Service,1086.0,662.0,412.0,12.0,60.96,1.1
Feb-2025,R1H,BARTS HEALTH NHS TRUST,C_101,Urology Service,5641.0,2842.0,2631.0,168.0,50.38,2.98
Feb-2025,RF4,"BARKING, HAVERING AND REDBRIDGE UNIVERSITY HOSPITALS NHS TRUST",C_150,Neurosurgical Service,3499.0,1969.0,1503.0,27.0,56.27,0.77
Feb-2025,RF4,"BARKING, HAVERING AND REDBRIDGE UNIVERSITY HOSPITALS NHS TRUST",C_502,Gynaecology Service,6754.0,3777.0,2553.0,424.0,55.92,6.28
Feb-2025,RQX,HOMERTON HEALTHCARE NHS FOUNDATION TRUST,C_320,Cardiology Service,1147.0,851.0,296.0,0.0,74.19,0.0
Feb-2025,RQX,HOMERTON HEALTHCARE NHS FOUNDATION TRUST,C_110,Trauma and Orthopaedic Service,2849.0,1484.0,1355.0,10.0,52.09,0.35
Feb-2025,RQX,HOMERTON HEALTHCARE NHS FOUNDATION TRUST,C_140,Oral Surgery Service,3794.0,2585.0,1199.0,10.0,68.13,0.26
Feb-2025,G3Q3Z,NUFFIELD HEALTH HIGHGATE HOSPITAL,X05,Other - Surgical Services,196.0,177.0,19.0,0.0,90.31,0.0
Feb-2025,NT416,HENDON HOSPITAL,C_502,Gynaecology Service,67.0,37.0,30.0,0.0,55.22,0.0
Feb-2025,RTP,SURREY AND SUSSEX HEALTHCARE NHS TRUST,C_301,Gastroenterology Service,3957.0,2202.0,1737.0,18.0,55.65,0.45
Feb-2025,DTT,PHOENIX PUBLIC HEALTH LTD,C_999,Total,350.0,183.0,146.0,21.0,52.29,6.0
Feb-2025,NT325,SPIRE MURRAYFIELD HOSPITAL,C_110,Trauma and Orthopaedic Service,288.0,275.0,12.0,1.0,95.49,0.35
Feb-2025,NT339,SPIRE REGENCY HOSPITAL,C_101,Urology Service,93.0,93.0,0.0,0.0,100.0,0.0
Feb-2025,RBL,WIRRAL UNIVERSITY TEACHING HOSPITAL NHS FOUNDATION TRUST,C_320,Cardiology Service,2419.0,1151.0,1251.0,17.0,47.58,0.7
Feb-2025,RBL,WIRRAL UNIVERSITY TEACHING HOSPITAL NHS FOUNDATION TRUST,C_301,Gastroenterology Service,3396.0,1840.0,1547.0,9.0,54.18,0.27
Feb-2025,RBN,MERSEY AND WEST LANCASHIRE TEACHING HOSPITALS NHS TRUST,X02,Other - Medical Services,7409.0,4470.0,2758.0,181.0,60.33,2.44
Feb-2025,RBN,MERSEY AND WEST LANCASHIRE TEACHING HOSPITALS NHS TRUST,C_320,Cardiology Service,2732.0,1949.0,777.0,6.0,71.34,0.22
Feb-2025,RBQ,LIVERPOOL HEART AND CHEST HOSPITAL NHS FOUNDATION TRUST,C_320,Cardiology Service,3788.0,2586.0,1198.0,4.0,68.27,0.11
Feb-2025,RBT,MID CHESHIRE HOSPITALS NHS FOUNDATION TRUST,C_999,Total,37285.0,20334.0,15319.0,1632.0,54.54,4.38
Feb-2025,REM,LIVERPOOL UNIVERSITY HOSPITALS NHS FOUNDATION TRUST,X02,Other - Medical Services,6342.0,3635.0,2637.0,70.0,57.32,1.1
Feb-2025,RET,THE WALTON CENTRE NHS FOUNDATION TRUST,X02,Other - Medical Services,2742.0,2000.0,726.0,16.0,72.94,0.58
Feb-2025,RJN,EAST CHESHIRE NHS TRUST,C_100,General Surgery Service,1240.0,724.0,471.0,45.0,58.39,3.63
Feb-2025,S4E3I,MIDLAND EYE (EYE-DOCS LTD),C_130,Ophthalmology Service,819.0,754.0,65.0,0.0,92.06,0.0
Feb-2025,NT229,"NUFFIELD HEALTH, NEWCASTLE UPON TYNE HOSPITAL",C_160,Plastic Surgery Service,20.0,13.0,7.0,0.0,65.0,0.0
Feb-2025,NT457,WOODLANDS HOSPITAL,X06,Other - Other Services,82.0,69.0,13.0,0.0,84.15,0.0
Feb-2025,NVC0R,TEES VALLEY HOSPITAL,C_301,Gastroenterology Service,248.0,232.0,15.0,1.0,93.55,0.4
Feb-2025,NVC29,COBALT HOSPITAL,C_100,General Surgery Service,432.0,225.0,193.0,14.0,52.08,3.24
Feb-2025,R0B,SOUTH TYNESIDE AND SUNDERLAND NHS FOUNDATION TRUST,C_100,General Surgery Service,5094.0,4047.0,1047.0,0.0,79.45,0.0
Feb-2025,R0B,SOUTH TYNESIDE AND SUNDERLAND NHS FOUNDATION TRUST,C_400,Neurology Service,1165.0,1050.0,115.0,0.0,90.13,0.0
Feb-2025,NVC18,SPRINGFIELD HOSPITAL,C_502,Gynaecology Service,338.0,293.0,45.0,0.0,86.69,0.0
Feb-2025,NVC18,SPRINGFIELD HOSPITAL,C_300,General Internal Medicine Service,1.0,1.0,0.0,0.0,100.0,0.0
Feb-2025,RAJ,MID AND SOUTH ESSEX NHS FOUNDATION TRUST,C_330,Dermatology Service,13629.0,6389.0,6215.0,1025.0,46.88,7.52
Feb-2025,RAJ,MID AND SOUTH ESSEX NHS FOUNDATION TRUST,C_150,Neurosurgical Service,88.0,29.0,53.0,6.0,32.95,6.82
Feb-2025,K9J3O,SPAMEDICA LUTON,C_130,Ophthalmology Service,95.0,93.0,2.0,0.0,97.89,0.0
Feb-2025,K9J3O,SPAMEDICA LUTON,C_999,Total,95.0,93.0,2.0,0.0,97.89,0.0
Feb-2025,NT423,MANOR HOSPITAL,C_502,Gynaecology Service,424.0,249.0,175.0,0.0,58.73,0.0
Feb-2025,NVC31,BLAKELANDS HOSPITAL,X02,Other - Medical Services,19.0,19.0,0.0,0.0,100.0,0.0
Feb-2025,NVC31,BLAKELANDS HOSPITAL,X06,Other - Other Services,1.0,0.0,1.0,0.0,0.0,0.0
Feb-2025,RC9,BEDFORDSHIRE HOSPITALS NHS FOUNDATION TRUST,C_140,Oral Surgery Service,5958.0,2569.0,3114.0,275.0,43.12,4.62
Feb-2025,RD8,MILTON KEYNES UNIVERSITY HOSPITAL NHS FOUNDATION TRUST,C_502,Gynaecology Service,3792.0,970.0,2435.0,387.0,25.58,10.21
Feb-2025,RD8,MILTON KEYNES UNIVERSITY HOSPITAL NHS FOUNDATION TRUST,C_100,General Surgery Service,1210.0,507.0,646.0,57.0,41.9,4.71
Feb-2025,M2Y6D,PRACTICE PLUS GROUP HOSPITAL BIRMINGHAM,C_110,Trauma and Orthopaedic Service,55.0,55.0,0.0,0.0,100.0,0.0
Feb-2025,NT429,PRIORY HOSPITAL,C_100,General Surgery Service,1.0,1.0,0.0,0.0,100.0,0.0
Feb-2025,NVC44,THE WESTBOURNE CENTRE,C_100,General Surgery Service,134.0,121.0,13.0,0.0,90.3,0.0
Feb-2025,RRK,UNIVERSITY HOSPITALS BIRMINGHAM NHS FOUNDATION TRUST,C_110,Trauma and Orthopaedic Service,3147.0,2252.0,820.0,75.0,71.56,2.38
Feb-2025,RRK,UNIVERSITY HOSPITALS BIRMINGHAM NHS FOUNDATION TRUST,C_150,Neurosurgical Service,1944.0,1146.0,776.0,22.0,58.95,1.13
Feb-2025,RXK,SANDWELL AND WEST BIRMINGHAM HOSPITALS NHS TRUST,C_999,Total,67015.0,35881.0,29111.0,2023.0,53.54,3.02
Feb-2025,RXK,SANDWELL AND WEST BIRMINGHAM HOSPITALS NHS TRUST,C_120,Ear Nose and Throat Service,6373.0,2542.0,3511.0,320.0,39.89,5.02
Feb-2025,RR7,GATESHEAD HEALTH NHS FOUNDATION TRUST,C_300,General Internal Medicine Service,51.0,43.0,8.0,0.0,84.31,0.0
Feb-2025,RTD,THE NEWCASTLE UPON TYNE HOSPITALS NHS FOUNDATION TRUST,C_999,Total,96089.0,67816.0,26572.0,1701.0,70.58,1.77
Feb-2025,RTD,THE NEWCASTLE UPON TYNE HOSPITALS NHS FOUNDATION TRUST,C_160,Plastic Surgery Service,1953.0,1325.0,592.0,36.0,67.84,1.84
Feb-2025,RTD,THE NEWCASTLE UPON TYNE HOSPITALS NHS FOUNDATION TRUST,C_301,Gastroenterology Service,1221.0,831.0,386.0,4.0,68.06,0.33
Feb-2025,RTD,THE NEWCASTLE UPON TYNE HOSPITALS NHS FOUNDATION TRUST,X04,Other - Paediatric Services,7500.0,6166.0,1279.0,55.0,82.21,0.73
Feb-2025,RTF,NORTHUMBRIA HEALTHCARE NHS FOUNDATION TRUST,C_300,General Internal Medicine Service,1450.0,1292.0,158.0,0.0,89.1,0.0
Feb-2025,RTR,SOUTH TEES HOSPITALS NHS FOUNDATION TRUST,C_301,Gastroenterology Service,1679.0,1496.0,177.0,6.0,89.1,0.36
Feb-2025,RTR,SOUTH TEES HOSPITALS NHS FOUNDATION TRUST,C_502,Gynaecology Service,3514.0,2216.0,1257.0,41.0,63.06,1.17
Feb-2025,RGR,WEST SUFFOLK NHS FOUNDATION TRUST,X02,Other - Medical Services,2479.0,1347.0,1047.0,85.0,54.34,3.43
Feb-2025,NT215,"NUFFIELD HEALTH, EXETER HOSPITAL",C_999,Total,383.0,99.0,220.0,64.0,25.85,16.71
Feb-2025,RA9,TORBAY AND SOUTH DEVON NHS FOUNDATION TRUST,X02,Other - Medical Services,2241.0,1388.0,835.0,18.0,61.94,0.8
Feb-2025,RH8,ROYAL DEVON UNIVERSITY HEALTHCARE NHS FOUNDATION TRUST,X02,Other - Medical Services,6175.0,4196.0,1888.0,91.0,67.95,1.47
Feb-2025,RVW,NORTH TEES AND HARTLEPOOL NHS FOUNDATION TRUST,C_100,General Surgery Service,2025.0,1557.0,453.0,15.0,76.89,0.74
Feb-2025,RX4,"CUMBRIA, NORTHUMBERLAND, TYNE AND WEAR NHS FOUNDATION TRUST",X06,Other - Other Services,195.0,192.0,3.0,0.0,98.46,0.0
Feb-2025,RXP,COUNTY DURHAM AND DARLINGTON NHS FOUNDATION TRUST,C_300,General Internal Medicine Service,1196.0,817.0,379.0,0.0,68.31,0.0
Feb-2025,ADF01,NORTHWEST DIAGNOSTIC & TREATMENT SERVICES (MANOR HOUSE SURGERY),C_330,Dermatology Service,17.0,17.0,0.0,0.0,100.0,0.0
Feb-2025,RFS,CHESTERFIELD ROYAL HOSPITAL NHS FOUNDATION TRUST,C_100,General Surgery Service,1658.0,822.0,638.0,198.0,49.58,11.94
Feb-2025,RTG,UNIVERSITY HOSPITALS OF DERBY AND BURTON NHS FOUNDATION TRUST,C_330,Dermatology Service,7272.0,3674.0,3480.0,118.0,50.52,1.62
Feb-2025,RTG,UNIVERSITY HOSPITALS OF DERBY AND BURTON NHS FOUNDATION TRUST,C_340,Respiratory Medicine Service,1942.0,1254.0,687.0,1.0,64.57,0.05
Feb-2025,RTG,UNIVERSITY HOSPITALS OF DERBY AND BURTON NHS FOUNDATION TRUST,C_170,Cardiothoracic Surgery Service,38.0,22.0,16.0,0.0,57.89,0.0
Feb-2025,NT446,ST EDMUNDS HOSPITAL,C_120,Ear Nose and Throat Service,1.0,1.0,0.0,0.0,100.0,0.0
Feb-2025,RDE,EAST SUFFOLK AND NORTH ESSEX NHS FOUNDATION TRUST,C_100,General Surgery Service,13036.0,6589.0,5787.0,660.0,50.54,5.06
Feb-2025,RDE,EAST SUFFOLK AND NORTH ESSEX NHS FOUNDATION TRUST,C_330,Dermatology Service,6359.0,4031.0,2271.0,57.0,63.39,0.9
Feb-2025,RDE,EAST SUFFOLK AND NORTH ESSEX NHS FOUNDATION TRUST,C_140,Oral Surgery Service,3293.0,1919.0,1326.0,48.0,58.28,1.46
Feb-2025,RK9,UNIVERSITY HOSPITALS PLYMOUTH NHS TRUST,C_301,Gastroenterology Service,1276.0,945.0,321.0,10.0,74.06,0.78
Feb-2025,RK9,UNIVERSITY HOSPITALS PLYMOUTH NHS TRUST,C_160,Plastic Surgery Service,1147.0,925.0,210.0,12.0,80.65,1.05
Feb-2025,NVC27,BOSTON WEST HOSPITAL,C_301,Gastroenterology Service,155.0,119.0,36.0,0.0,76.77,0.0
Feb-2025,RWE,UNIVERSITY HOSPITALS OF LEICESTER NHS TRUST,C_502,Gynaecology Service,7270.0,3544.0,3612.0,114.0,48.75,1.57
Feb-2025,RWE,UNIVERSITY HOSPITALS OF LEICESTER NHS TRUST,X04,Other - Paediatric Services,7417.0,4516.0,2719.0,182.0,60.89,2.45
Feb-2025,NT406,BLACKHEATH HOSPITAL,C_110,Trauma and Orthopaedic Service,550.0,403.0,142.0,5.0,73.27,0.91
Feb-2025,RJ1,GUY'S AND ST THOMAS' NHS FOUNDATION TRUST,C_160,Plastic Surgery Service,3185.0,1600.0,1446.0,139.0,50.24,4.36
Feb-2025,RJ1,GUY'S AND ST THOMAS' NHS FOUNDATION TRUST,C_340,Respiratory Medicine Service,10154.0,6010.0,3960.0,184.0,59.19,1.81
Feb-2025,RJ1,GUY'S AND ST THOMAS' NHS FOUNDATION TRUST,C_101,Urology Service,7364.0,3167.0,3439.0,758.0,43.01,10.29
Feb-2025,RJ1,GUY'S AND ST THOMAS' NHS FOUNDATION TRUST,C_130,Ophthalmology Service,4353.0,2999.0,1341.0,13.0,68.9,0.3
Feb-2025,RJ1,GUY'S AND ST THOMAS' NHS FOUNDATION TRUST,X06,Other - Other Services,881.0,460.0,407.0,14.0,52.21,1.59
Feb-2025,NT449,LANCASTER PRIVATE HOSPITAL,C_100,General Surgery Service,96.0,62.0,34.0,0.0,64.58,0.0
Feb-2025,NVC05,EUXTON HALL HOSPITAL,C_110,Trauma and Orthopaedic Service,1761.0,1190.0,533.0,38.0,67.58,2.16
Feb-2025,NVC07,FULWOOD HALL HOSPITAL,C_100,General Surgery Service,614.0,424.0,190.0,0.0,69.06,0.0
Feb-2025,NVC07,FULWOOD HALL HOSPITAL,C_400,Neurology Service,41.0,30.0,11.0,0.0,73.17,0.0
Feb-2025,NVC07,FULWOOD HALL HOSPITAL,X05,Other - Surgical Services,62.0,56.0,6.0,0.0,90.32,0.0
Feb-2025,NVC16,RENACRES HOSPITAL,C_120,Ear Nose and Throat Service,104.0,98.0,6.0,0.0,94.23,0.0
Feb-2025,NVC16,RENACRES HOSPITAL,C_100,General Surgery Service,335.0,224.0,110.0,1.0,66.87,0.3
Feb-2025,RTX,UNIVERSITY HOSPITALS OF MORECAMBE BAY NHS FOUNDATION TRUST,C_300,General Internal Medicine Service,92.0,83.0,9.0,0.0,90.22,0.0
Feb-2025,RXL,BLACKPOOL TEACHING HOSPITALS NHS FOUNDATION TRUST,C_330,Dermatology Service,908.0,894.0,13.0,1.0,98.46,0.11
Feb-2025,RXN,LANCASHIRE TEACHING HOSPITALS NHS FOUNDATION TRUST,C_502,Gynaecology Service,2595.0,1633.0,934.0,28.0,62.93,1.08
Feb-2025,RXR,EAST LANCASHIRE HOSPITALS NHS TRUST,C_301,Gastroenterology Service,5157.0,2238.0,2390.0,529.0,43.4,10.26
Feb-2025,RXR,EAST LANCASHIRE HOSPITALS NHS TRUST,C_330,Dermatology Service,2609.0,1258.0,1317.0,34.0,48.22,1.3
Feb-2025,B3M1X,CLAREMONT PRIVATE HOSPITAL,C_150,Neurosurgical Service,360.0,246.0,109.0,5.0,68.33,1.39
Feb-2025,B3M1X,CLAREMONT PRIVATE HOSPITAL,C_130,Ophthalmology Service,11.0,9.0,2.0,0.0,81.82,0.0
Feb-2025,NEY,PIONEER HEALTHCARE LIMITED,X06,Other - Other Services,54.0,13.0,41.0,0.0,24.07,0.0
Feb-2025,NPG10,SPAMEDICA SHEFFIELD,C_130,Ophthalmology Service,123.0,120.0,3.0,0.0,97.56,0.0
Feb-2025,NTX,THE ONE HEALTH GROUP PLC,C_110,Trauma and Orthopaedic Service,1280.0,993.0,252.0,35.0,77.58,2.73
Feb-2025,RFF,BARNSLEY HOSPITAL NHS FOUNDATION TRUST,C_300,General Internal Medicine Service,43.0,39.0,4.0,0.0,90.7,0.0
Feb-2025,RHQ,SHEFFIELD TEACHING HOSPITALS NHS FOUNDATION TRUST,X05,Other - Surgical Services,10496.0,6998.0,3353.0,145.0,66.67,1.38
Feb-2025,T8V3L,SPAMEDICA DONCASTER,C_130,Ophthalmology Service,92.0,87.0,5.0,0.0,94.57,0.0
Feb-2025,J3X4C,SPAMEDICA WORCESTER,C_130,Ophthalmology Service,85.0,83.0,2.0,0.0,97.65,0.0
Feb-2025,NT219,"NUFFIELD HEALTH, HEREFORD HOSPITAL",C_100,General Surgery Service,34.0,29.0,5.0,0.0,85.29,0.0
Feb-2025,RLQ,WYE VALLEY NHS TRUST,C_999,Total,23221.0,13089.0,9563.0,569.0,56.37,2.45
Feb-2025,RWP,WORCESTERSHIRE ACUTE HOSPITALS NHS TRUST,X02,Other - Medical Services,4267.0,2605.0,1639.0,23.0,61.05,0.54
Feb-2025,RWP,WORCESTERSHIRE ACUTE HOSPITALS NHS TRUST,C_301,Gastroenterology Service,3386.0,2378.0,1007.0,1.0,70.23,0.03
Feb-2025,NT204,"NUFFIELD HEALTH, BRENTWOOD HOSPITAL",X06,Other - Other Services,2.0,2.0,0.0,0.0,100.0,0.0
Feb-2025,NT490,SOUTHEND PRIVATE HOSPITAL,C_999,Total,696.0,591.0,105.0,0.0,84.91,0.0
Feb-2025,F9Z4V,CIRCLE READING HOSPITAL,C_301,Gastroenterology Service,11.0,11.0,0.0,0.0,100.0,0.0
Feb-2025,NT343,SPIRE THAMES VALLEY HOSPITAL,C_100,General Surgery Service,36.0,23.0,13.0,0.0,63.89,0.0
Feb-2025,NT435,SHELBURNE HOSPITAL,C_101,Urology Service,11.0,6.0,5.0,0.0,54.55,0.0
Feb-2025,RHW,ROYAL BERKSHIRE NHS FOUNDATION TRUST,C_110,Trauma and Orthopaedic Service,2197.0,1852.0,343.0,2.0,84.3,0.09
Feb-2025,RAN,ROYAL NATIONAL ORTHOPAEDIC HOSPITAL NHS TRUST,C_101,Urology Service,85.0,52.0,33.0,0.0,61.18,0.0
Feb-2025,RAS,THE HILLINGDON HOSPITALS NHS FOUNDATION TRUST,C_101,Urology Service,2376.0,1239.0,1097.0,40.0,52.15,1.68
Feb-2025,RAS,THE HILLINGDON HOSPITALS NHS FOUNDATION TRUST,C_110,Trauma and Orthopaedic Service,3994.0,1523.0,2421.0,50.0,38.13,1.25
Feb-2025,RPY,THE ROYAL MARSDEN NHS FOUNDATION TRUST,C_140,Oral Surgery Service,122.0,109.0,13.0,0.0,89.34,0.0
Feb-2025,RYJ,IMPERIAL COLLEGE HEALTHCARE NHS TRUST,C_300,General Internal Medicine Service,161.0,99.0,62.0,0.0,61.49,0.0
Feb-2025,NT238,"NUFFIELD HEALTH, TAUNTON HOSPITAL",C_101,Urology Service,7.0,1.0,5.0,1.0,14.29,14.29
Feb-2025,RH5,SOMERSET NHS FOUNDATION TRUST,C_101,Urology Service,3689.0,2032.0,1464.0,193.0,55.08,5.23
Feb-2025,RH5,SOMERSET NHS FOUNDATION TRUST,C_410,Rheumatology Service,833.0,565.0,263.0,5.0,67.83,0.6
Feb-2025,RK5,SHERWOOD FOREST HOSPITALS NHS FOUNDATION TRUST,C_320,Cardiology Service,2485.0,1379.0,1063.0,43.0,55.49,1.73
Feb-2025,RK5,SHERWOOD FOREST HOSPITALS NHS FOUNDATION TRUST,C_410,Rheumatology Service,279.0,264.0,15.0,0.0,94.62,0.0
Feb-2025,NAM01,PROBUS SURGICAL CENTRE,C_100,General Surgery Service,175.0,160.0,14.0,1.0,91.43,0.57
Feb-2025,NVC04,DUCHY HOSPITAL,C_110,Trauma and Orthopaedic Service,1285.0,637.0,632.0,16.0,49.57,1.25
Feb-2025,RTH,OXFORD UNIVERSITY HOSPITALS NHS FOUNDATION TRUST,C_170,Cardiothoracic Surgery Service,2.0,2.0,0.0,0.0,100.0,0.0
Feb-2025,RXQ,BUCKINGHAMSHIRE HEALTHCARE NHS TRUST,C_430,Elderly Medicine Service,130.0,130.0,0.0,0.0,100.0,0.0
Feb-2025,NT212,"NUFFIELD HEALTH, CHICHESTER HOSPITAL",C_999,Total,1239.0,481.0,681.0,77.0,38.82,6.21
Feb-2025,NT417,GORING HALL HOSPITAL,C_110,Trauma and Orthopaedic Service,874.0,486.0,373.0,15.0,55.61,1.72
Feb-2025,NYG,SUSSEX COMMUNITY DERMATOLOGY SERVICE,C_330,Dermatology Service,10712.0,8772.0,1940.0,0.0,81.89,0.0
Feb-2025,RPC,QUEEN VICTORIA HOSPITAL NHS FOUNDATION TRUST,C_120,Ear Nose and Throat Service,135.0,99.0,34.0,2.0,73.33,1.48
Feb-2025,RYR,UNIVERSITY HOSPITALS SUSSEX NHS FOUNDATION TRUST,C_150,Neurosurgical Service,552.0,266.0,254.0,32.0,48.19,5.8
Feb-2025,RAL,ROYAL FREE LONDON NHS FOUNDATION TRUST,C_301,Gastroenterology Service,7488.0,4437.0,2915.0,136.0,59.25,1.82
Feb-2025,RRV,UNIVERSITY COLLEGE LONDON HOSPITALS NHS FOUNDATION TRUST,C_150,Neurosurgical Service,3782.0,2020.0,1629.0,133.0,53.41,3.52
Feb-2025,RCX,"THE QUEEN ELIZABETH HOSPITAL, KING'S LYNN, NHS FOUNDATION TRUST",C_170,Cardiothoracic Surgery Service,2.0,2.0,0.0,0.0,100.0,0.0
Feb-2025,RGP,JAMES PAGET UNIVERSITY HOSPITALS NHS FOUNDATION TRUST,C_999,Total,32103.0,17598.0,13017.0,1488.0,54.82,4.64
Feb-2025,RGP,JAMES PAGET UNIVERSITY HOSPITALS NHS FOUNDATION TRUST,C_340,Respiratory Medicine Service,1052.0,723.0,328.0,1.0,68.73,0.1
Feb-2025,RM1,NORFOLK AND NORWICH UNIVERSITY HOSPITALS NHS FOUNDATION TRUST,C_340,Respiratory Medicine Service,2136.0,1022.0,954.0,160.0,47.85,7.49
Feb-2025,NVC17,ROWLEY HALL HOSPITAL,C_301,Gastroenterology Service,183.0,146.0,37.0,0.0,79.78,0.0
Feb-2025,RDU,FRIMLEY HEALTH NHS FOUNDATION TRUST,C_110,Trauma and Orthopaedic Service,12619.0,6059.0,6231.0,329.0,48.01,2.61
Feb-2025,RDU,FRIMLEY HEALTH NHS FOUNDATION TRUST,C_320,Cardiology Service,4827.0,3002.0,1795.0,30.0,62.19,0.62
Feb-2025,RDU,FRIMLEY HEALTH NHS FOUNDATION TRUST,C_330,Dermatology Service,6998.0,2385.0,3625.0,988.0,34.08,14.12
Feb-2025,RDU,FRIMLEY HEALTH NHS FOUNDATION TRUST,C_400,Neurology Service,3415.0,1514.0,1866.0,35.0,44.33,1.02
Feb-2025,RWX,BERKSHIRE HEALTHCARE NHS FOUNDATION TRUST,C_999,Total,101.0,100.0,1.0,0.0,99.01,0.0
Feb-2025,R1F,ISLE OF WIGHT NHS TRUST,X02,Other - Medical Services,484.0,382.0,102.0,0.0,78.93,0.0
Feb-2025,RHM,UNIVERSITY HOSPITAL SOUTHAMPTON NHS FOUNDATION TRUST,C_170,Cardiothoracic Surgery Service,928.0,542.0,384.0,2.0,58.41,0.22
Feb-2025,RJL,NORTHERN LINCOLNSHIRE AND GOOLE NHS FOUNDATION TRUST,C_100,General Surgery Service,4160.0,2917.0,1217.0,26.0,70.12,0.63
Feb-2025,G3Z1Q,SULIS HOSPITAL BATH (FOXCOTE AVENUE),C_999,Total,3091.0,2324.0,729.0,38.0,75.19,1.23
Feb-2025,NVC09,NEW HALL HOSPITAL,C_110,Trauma and Orthopaedic Service,2728.0,1791.0,913.0,24.0,65.65,0.88
Feb-2025,NXP,INDEPENDENT HEALTH GROUP,C_110,Trauma and Orthopaedic Service,237.0,226.0,11.0,0.0,95.36,0.0
Feb-2025,RD1,ROYAL UNITED HOSPITALS BATH NHS FOUNDATION TRUST,C_120,Ear Nose and Throat Service,3750.0,1692.0,1934.0,124.0,45.12,3.31
Feb-2025,RD1,ROYAL UNITED HOSPITALS BATH NHS FOUNDATION TRUST,C_301,Gastroenterology Service,3956.0,2025.0,1721.0,210.0,51.19,5.31
Feb-2025,RD1,ROYAL UNITED HOSPITALS BATH NHS FOUNDATION TRUST,C_400,Neurology Service,1127.0,725.0,402.0,0.0,64.33,0.0
Feb-2025,RNZ,SALISBURY NHS FOUNDATION TRUST,C_110,Trauma and Orthopaedic Service,2350.0,1273.0,1035.0,42.0,54.17,1.79
Feb-2025,K8I4X,GLENDON WOOD HOSPITAL,C_301,Gastroenterology Service,269.0,208.0,61.0,0.0,77.32,0.0
Feb-2025,NT441,THREE SHIRES HOSPITAL,C_150,Neurosurgical Service,126.0,118.0,8.0,0.0,93.65,0.0
Feb-2025,RNQ,KETTERING GENERAL HOSPITAL NHS FOUNDATION TRUST,C_100,General Surgery Service,1199.0,912.0,272.0,15.0,76.06,1.25
Feb-2025,RNS,NORTHAMPTON GENERAL HOSPITAL NHS TRUST,C_120,Ear Nose and Throat Service,4856.0,2531.0,2274.0,51.0,52.12,1.05
Feb-2025,RNS,NORTHAMPTON GENERAL HOSPITAL NHS TRUST,C_300,General Internal Medicine Service,476.0,413.0,63.0,0.0,86.76,0.0
Feb-2025,RHU,PORTSMOUTH HOSPITALS UNIVERSITY NATIONAL HEALTH SERVICE TRUST,C_330,Dermatology Service,3221.0,2253.0,962.0,6.0,69.95,0.19
Feb-2025,RHU,PORTSMOUTH HOSPITALS UNIVERSITY NATIONAL HEALTH SERVICE TRUST,C_999,Total,60301.0,32086.0,26198.0,2017.0,53.21,3.34
Feb-2025,RN5,HAMPSHIRE HOSPITALS NHS FOUNDATION TRUST,C_330,Dermatology Service,2498.0,1783.0,695.0,20.0,71.38,0.8
Feb-2025,RN5,HAMPSHIRE HOSPITALS NHS FOUNDATION TRUST,C_999,Total,51422.0,29988.0,20023.0,1411.0,58.32,2.74
Feb-2025,RN5,HAMPSHIRE HOSPITALS NHS FOUNDATION TRUST,C_300,General Internal Medicine Service,251.0,219.0,32.0,0.0,87.25,0.0
Feb-2025,NT411,CLEMENTINE CHURCHILL HOSPITAL,C_120,Ear Nose and Throat Service,491.0,470.0,21.0,0.0,95.72,0.0
Feb-2025,R1K,LONDON NORTH WEST UNIVERSITY HEALTHCARE NHS TRUST,C_400,Neurology Service,2892.0,1348.0,1534.0,10.0,46.61,0.35
Feb-2025,R1K,LONDON NORTH WEST UNIVERSITY HEALTHCARE NHS TRUST,C_100,General Surgery Service,2698.0,1594.0,1015.0,89.0,59.08,3.3
Feb-2025,RXW,THE SHREWSBURY AND TELFORD HOSPITAL NHS TRUST,C_999,Total,43218.0,21146.0,20085.0,1987.0,48.93,4.6
Feb-2025,NLE01,LANCASTER HOUSE CONSULTING DIAGNOSTICS SURGICAL LTD HQ,C_999,Total,599.0,594.0,5.0,0.0,99.17,0.0
Feb-2025,NT404,BEAUMONT HOSPITAL,C_999,Total,2535.0,1878.0,655.0,2.0,74.08,0.08
Feb-2025,NT404,BEAUMONT HOSPITAL,C_301,Gastroenterology Service,9.0,9.0,0.0,0.0,100.0,0.0
Feb-2025,NT420,HIGHFIELD HOSPITAL,C_301,Gastroenterology Service,183.0,168.0,15.0,0.0,91.8,0.0
Feb-2025,NT420,HIGHFIELD HOSPITAL,X06,Other - Other Services,39.0,38.0,1.0,0.0,97.44,0.0
Feb-2025,NVL,DMC DERMATOLOGY,C_330,Dermatology Service,206.0,206.0,0.0,0.0,100.0,0.0
Feb-2025,RBV,THE CHRISTIE NHS FOUNDATION TRUST,C_999,Total,2998.0,2887.0,111.0,0.0,96.3,0.0
Feb-2025,RBV,THE CHRISTIE NHS FOUNDATION TRUST,C_160,Plastic Surgery Service,236.0,223.0,13.0,0.0,94.49,0.0
Feb-2025,RM3,NORTHERN CARE ALLIANCE NHS FOUNDATION TRUST,X06,Other - Other Services,75.0,41.0,34.0,0.0,54.67,0.0
Feb-2025,RMC,BOLTON NHS FOUNDATION TRUST,C_120,Ear Nose and Throat Service,4354.0,2199.0,1932.0,223.0,50.51,5.12
Feb-2025,RMP,TAMESIDE AND GLOSSOP INTEGRATED CARE NHS FOUNDATION TRUST,C_999,Total,17448.0,12414.0,5034.0,0.0,71.15,0.0
Feb-2025,RMP,TAMESIDE AND GLOSSOP INTEGRATED CARE NHS FOUNDATION TRUST,C_330,Dermatology Service,209.0,190.0,19.0,0.0,90.91,0.0
Feb-2025,RRF,"WRIGHTINGTON, WIGAN AND LEIGH NHS FOUNDATION TRUST",C_410,Rheumatology Service,1139.0,719.0,417.0,3.0,63.13,0.26
Feb-2025,RRF,"WRIGHTINGTON, WIGAN AND LEIGH NHS FOUNDATION TRUST",C_170,Cardiothoracic Surgery Service,42.0,19.0,23.0,0.0,45.24,0.0
Feb-2025,RWJ,STOCKPORT NHS FOUNDATION TRUST,C_502,Gynaecology Service,3648.0,1754.0,1694.0,200.0,48.08,5.48
Feb-2025,RWJ,STOCKPORT NHS FOUNDATION TRUST,X06,Other - Other Services,466.0,193.0,213.0,60.0,41.42,12.88
Feb-2025,RWJ,STOCKPORT NHS FOUNDATION TRUST,C_300,General Internal Medicine Service,7.0,3.0,4.0,0.0,42.86,0.0
Feb-2025,NL3,CARE PLUS GROUP,C_320,Cardiology Service,218.0,195.0,22.0,1.0,89.45,0.46
Feb-2025,NL3,CARE PLUS GROUP,C_999,Total,218.0,195.0,22.0,1.0,89.45,0.46
Feb-2025,NT447,DUCHY HOSPITAL,C_301,Gastroenterology Service,11.0,8.0,3.0,0.0,72.73,0.0
Feb-2025,RCB,YORK AND SCARBOROUGH TEACHING HOSPITALS NHS FOUNDATION TRUST,C_300,General Internal Medicine Service,7.0,7.0,0.0,0.0,100.0,0.0
Feb-2025,NT455,MOUNT ALVERNIA HOSPITAL,C_101,Urology Service,24.0,22.0,2.0,0.0,91.67,0.0
Feb-2025,NT455,MOUNT ALVERNIA HOSPITAL,X06,Other - Other Services,24.0,20.0,4.0,0.0,83.33,0.0
Feb-2025,NVM,EPSOMEDICAL GROUP,C_100,General Surgery Service,185.0,160.0,25.0,0.0,86.49,0.0
Feb-2025,RA2,ROYAL SURREY COUNTY HOSPITAL NHS FOUNDATION TRUST,C_400,Neurology Service,1086.0,409.0,618.0,59.0,37.66,5.43
Feb-2025,RA2,ROYAL SURREY COUNTY HOSPITAL NHS FOUNDATION TRUST,C_410,Rheumatology Service,212.0,196.0,16.0,0.0,92.45,0.0
Feb-2025,RJ7,ST GEORGE'S UNIVERSITY HOSPITALS NHS FOUNDATION TRUST,C_502,Gynaecology Service,4453.0,2408.0,1925.0,120.0,54.08,2.69
Feb-2025,RVR,EPSOM AND ST HELIER UNIVERSITY HOSPITALS NHS TRUST,C_430,Elderly Medicine Service,108.0,67.0,40.0,1.0,62.04,0.93
Feb-2025,RVR,EPSOM AND ST HELIER UNIVERSITY HOSPITALS NHS TRUST,C_140,Oral Surgery Service,1635.0,1212.0,419.0,4.0,74.13,0.24
Feb-2025,NEQ,PHOENIX HEALTH SOLUTIONS LIMITED HQ,X06,Other - Other Services,77.0,77.0,0.0,0.0,100.0,0.0
Feb-2025,NT448,HUDDERSFIELD PRIVATE HOSPITAL,C_100,General Surgery Service,187.0,176.0,11.0,0.0,94.12,0.0
Feb-2025,NVC20,THE YORKSHIRE CLINIC,C_110,Trauma and Orthopaedic Service,1767.0,1008.0,712.0,47.0,57.05,2.66
Feb-2025,NVC20,THE YORKSHIRE CLINIC,C_300,General Internal Medicine Service,1.0,1.0,0.0,0.0,100.0,0.0
Feb-2025,RAE,BRADFORD TEACHING HOSPITALS NHS FOUNDATION TRUST,C_430,Elderly Medicine Service,68.0,64.0,4.0,0.0,94.12,0.0
Feb-2025,RCF,AIREDALE NHS FOUNDATION TRUST,C_301,Gastroenterology Service,876.0,589.0,281.0,6.0,67.24,0.68
Feb-2025,RR8,LEEDS TEACHING HOSPITALS NHS TRUST,X05,Other - Surgical Services,9520.0,5676.0,3618.0,226.0,59.62,2.37
Feb-2025,RWY,CALDERDALE AND HUDDERSFIELD NHS FOUNDATION TRUST,C_999,Total,36148.0,24879.0,11246.0,23.0,68.83,0.06
Feb-2025,RWY,CALDERDALE AND HUDDERSFIELD NHS FOUNDATION TRUST,C_320,Cardiology Service,1853.0,1460.0,390.0,3.0,78.79,0.16
Feb-2025,RWY,CALDERDALE AND HUDDERSFIELD NHS FOUNDATION TRUST,C_410,Rheumatology Service,1112.0,647.0,465.0,0.0,58.18,0.0
Feb-2025,RXF,MID YORKSHIRE TEACHING NHS TRUST,C_330,Dermatology Service,772.0,632.0,140.0,0.0,81.87,0.0
Feb-2025,RXF,MID YORKSHIRE TEACHING NHS TRUST,C_999,Total,53201.0,31954.0,20522.0,725.0,60.06,1.36
Feb-2025,RJC,SOUTH WARWICKSHIRE UNIVERSITY NHS FOUNDATION TRUST,C_110,Trauma and Orthopaedic Service,4049.0,2981.0,1066.0,2.0,73.62,0.05
Feb-2025,RKB,UNIVERSITY HOSPITALS COVENTRY AND WARWICKSHIRE NHS TRUST,C_320,Cardiology Service,3122.0,2184.0,937.0,1.0,69.96,0.03
Feb-2025,RKB,UNIVERSITY HOSPITALS COVENTRY AND WARWICKSHIRE NHS TRUST,C_140,Oral Surgery Service,4131.0,2278.0,1755.0,98.0,55.14,2.37
Feb-2025,RLT,GEORGE ELIOT HOSPITAL NHS TRUST,C_101,Urology Service,1187.0,852.0,331.0,4.0,71.78,0.34
Feb-2025,RLT,GEORGE ELIOT HOSPITAL NHS TRUST,C_140,Oral Surgery Service,14.0,13.0,1.0,0.0,92.86,0.0
Feb-2025,RLT,GEORGE ELIOT HOSPITAL NHS TRUST,C_340,Respiratory Medicine Service,1.0,1.0,0.0,0.0,100.0,0.0
Feb-2025,RTK,ASHFORD AND ST PETER'S HOSPITALS NHS FOUNDATION TRUST,C_140,Oral Surgery Service,4276.0,2289.0,1930.0,57.0,53.53,1.33
Feb-2025,NVC1H,STOURSIDE HOSPITAL,C_100,General Surgery Service,547.0,403.0,138.0,6.0,73.67,1.1
Feb-2025,NVC21,WEST MIDLANDS HOSPITAL,C_130,Ophthalmology Service,2.0,2.0,0.0,0.0,100.0,0.0
Feb-2025,NVC21,WEST MIDLANDS HOSPITAL,X06,Other - Other Services,7.0,2.0,5.0,0.0,28.57,0.0
Feb-2025,RBK,WALSALL HEALTHCARE NHS TRUST,C_140,Oral Surgery Service,1330.0,809.0,515.0,6.0,60.83,0.45
Feb-2025,RL4,THE ROYAL WOLVERHAMPTON NHS TRUST,C_999,Total,88210.0,44923.0,41331.0,1956.0,50.93,2.22
Feb-2025,RNA,THE DUDLEY GROUP NHS FOUNDATION TRUST,C_320,Cardiology Service,1496.0,1276.0,213.0,7.0,85.29,0.47
Feb-2025,NQM01,ORTHOPAEDICS & SPINE SPECIALIST HOSPITAL SITE,C_999,Total,183.0,158.0,25.0,0.0,86.34,0.0
Feb-2025,NT209,"NUFFIELD HEALTH, CAMBRIDGE HOSPITAL",C_150,Neurosurgical Service,63.0,39.0,23.0,1.0,61.9,1.59
Feb-2025,RGM,ROYAL PAPWORTH HOSPITAL NHS FOUNDATION TRUST,C_320,Cardiology Service,2130.0,1275.0,815.0,40.0,59.86,1.88
Feb-2025,RGM,ROYAL PAPWORTH HOSPITAL NHS FOUNDATION TRUST,C_340,Respiratory Medicine Service,4528.0,2804.0,1713.0,11.0,61.93,0.24
Feb-2025,RGN,NORTH WEST ANGLIA NHS FOUNDATION TRUST,C_999,Total,77028.0,40741.0,33790.0,2497.0,52.89,3.24
Feb-2025,RGN,NORTH WEST ANGLIA NHS FOUNDATION TRUST,C_430,Elderly Medicine Service,336.0,246.0,89.0,1.0,73.21,0.3
Feb-2025,NTPH2,PRACTICE PLUS GROUP HOSPITAL - EMERSONS GREEN,C_110,Trauma and Orthopaedic Service,702.0,546.0,153.0,3.0,77.78,0.43
Feb-2025,RVJ,NORTH BRISTOL NHS TRUST,C_340,Respiratory Medicine Service,751.0,686.0,65.0,0.0,91.34,0.0
Feb-2025,RVJ,NORTH BRISTOL NHS TRUST,C_502,Gynaecology Service,4796.0,3072.0,1569.0,155.0,64.05,3.23
Feb-2025,NT443,WINTERBOURNE HOSPITAL,C_999,Total,286.0,239.0,45.0,2.0,83.57,0.7
Feb-2025,R0D,UNIVERSITY HOSPITALS DORSET NHS FOUNDATION TRUST,C_301,Gastroenterology Service,5725.0,3663.0,1995.0,67.0,63.98,1.17
Feb-2025,R0D,UNIVERSITY HOSPITALS DORSET NHS FOUNDATION TRUST,X04,Other - Paediatric Services,2190.0,1405.0,749.0,36.0,64.16,1.64
Feb-2025,R0D,UNIVERSITY HOSPITALS DORSET NHS FOUNDATION TRUST,C_999,Total,67704.0,40551.0,24940.0,2213.0,59.89,3.27
Feb-2025,RBD,DORSET COUNTY HOSPITAL NHS FOUNDATION TRUST,C_430,Elderly Medicine Service,60.0,41.0,19.0,0.0,68.33,0.0
Feb-2025,RAX,KINGSTON AND RICHMOND NHS FOUNDATION TRUST,C_140,Oral Surgery Service,1155.0,1001.0,154.0,0.0,86.67,0.0
Feb-2025,RJZ,KING'S COLLEGE HOSPITAL NHS FOUNDATION TRUST,C_130,Ophthalmology Service,12398.0,7363.0,4698.0,337.0,59.39,2.72
Feb-2025,RJZ,KING'S COLLEGE HOSPITAL NHS FOUNDATION TRUST,X04,Other - Paediatric Services,3489.0,2675.0,774.0,40.0,76.67,1.15
Feb-2025,RJZ,KING'S COLLEGE HOSPITAL NHS FOUNDATION TRUST,C_101,Urology Service,3888.0,2528.0,1282.0,78.0,65.02,2.01
Feb-2025,NN8,SPENCER PRIVATE HOSPITALS LTD,X04,Other - Paediatric Services,7.0,7.0,0.0,0.0,100.0,0.0
Feb-2025,RPA,MEDWAY NHS FOUNDATION TRUST,C_100,General Surgery Service,817.0,566.0,242.0,9.0,69.28,1.1
Feb-2025,RPA,MEDWAY NHS FOUNDATION TRUST,C_999,Total,39959.0,20597.0,17595.0,1767.0,51.55,4.42
Feb-2025,RWF,MAIDSTONE AND TUNBRIDGE WELLS NHS TRUST,C_320,Cardiology Service,2812.0,1773.0,1039.0,0.0,63.05,0.0
Feb-2025,RWF,MAIDSTONE AND TUNBRIDGE WELLS NHS TRUST,C_430,Elderly Medicine Service,108.0,106.0,2.0,0.0,98.15,0.0
Feb-2025,RWF,MAIDSTONE AND TUNBRIDGE WELLS NHS TRUST,X05,Other - Surgical Services,1194.0,1137.0,57.0,0.0,95.23,0.0
Feb-2025,RWF,MAIDSTONE AND TUNBRIDGE WELLS NHS TRUST,C_170,Cardiothoracic Surgery Service,23.0,21.0,2.0,0.0,91.3,0.0
Feb-2025,H4I8B,NUFFIELD HEALTH THE HOLLY HOSPITAL,X02,Other - Medical Services,13.0,9.0,4.0,0.0,69.23,0.0
Feb-2025,NVC15,PINEHILL HOSPITAL,C_100,General Surgery Service,288.0,199.0,88.0,1.0,69.1,0.35
Feb-2025,NVC15,PINEHILL HOSPITAL,C_301,Gastroenterology Service,76.0,61.0,15.0,0.0,80.26,0.0
Feb-2025,RQW,THE PRINCESS ALEXANDRA HOSPITAL NHS TRUST,X06,Other - Other Services,1777.0,1186.0,513.0,78.0,66.74,4.39
Feb-2025,RWG,WEST HERTFORDSHIRE TEACHING HOSPITALS NHS TRUST,X04,Other - Paediatric Services,1305.0,788.0,516.0,1.0,60.38,0.08
Feb-2025,RWG,WEST HERTFORDSHIRE TEACHING HOSPITALS NHS TRUST,C_150,Neurosurgical Service,1.0,1.0,0.0,0.0,100.0,0.0
Feb-2025,RWG,WEST HERTFORDSHIRE TEACHING HOSPITALS NHS TRUST,X03,Other - Mental Health Services,4.0,4.0,0.0,0.0,100.0,0.0
Feb-2025,RWH,EAST AND NORTH HERTFORDSHIRE NHS TRUST,C_160,Plastic Surgery Service,1921.0,1336.0,571.0,14.0,69.55,0.73
Feb-2025,NT314,SPIRE LONDON EAST,X05,Other - Surgical Services,290.0,200.0,88.0,2.0,68.97,0.69
Feb-2025,NT422,LONDON INDEPENDENT HOSPITAL,C_999,Total,3985.0,2282.0,1627.0,76.0,57.26,1.91
Feb-2025,R1H,BARTS HEALTH NHS TRUST,C_130,Ophthalmology Service,4675.0,3333.0,1323.0,19.0,71.29,0.41
Feb-2025,R1H,BARTS HEALTH NHS TRUST,C_160,Plastic Surgery Service,1257.0,636.0,583.0,38.0,50.6,3.02
Feb-2025,RQX,HOMERTON HEALTHCARE NHS FOUNDATION TRUST,C_101,Urology Service,3181.0,1850.0,1327.0,4.0,58.16,0.13
Feb-2025,DX1,THE NEW FOSCOTE HOSPITAL LTD,C_110,Trauma and Orthopaedic Service,144.0,137.0,7.0,0.0,95.14,0.0
Feb-2025,NT416,HENDON HOSPITAL,C_301,Gastroenterology Service,84.0,64.0,20.0,0.0,76.19,0.0
Feb-2025,NT421,KINGS OAK HOSPITAL,C_999,Total,918.0,724.0,191.0,3.0,78.87,0.33
Feb-2025,NT421,KINGS OAK HOSPITAL,C_101,Urology Service,265.0,229.0,34.0,2.0,86.42,0.75
Feb-2025,NT451,CAVELL HOSPITAL,X06,Other - Other Services,29.0,26.0,3.0,0.0,89.66,0.0
Feb-2025,RTP,SURREY AND SUSSEX HEALTHCARE NHS TRUST,C_999,Total,52756.0,29568.0,22575.0,613.0,56.05,1.16
Feb-2025,RTP,SURREY AND SUSSEX HEALTHCARE NHS TRUST,C_110,Trauma and Orthopaedic Service,3118.0,1727.0,1339.0,52.0,55.39,1.67
Feb-2025,RTP,SURREY AND SUSSEX HEALTHCARE NHS TRUST,C_100,General Surgery Service,1459.0,619.0,786.0,54.0,42.43,3.7
Feb-2025,AQK,VERNOVA HEALTHCARE COMMUNITY INTEREST COMPANY,X02,Other - Medical Services,190.0,173.0,17.0,0.0,91.05,0.0
Feb-2025,NT324,SPIRE CHESHIRE HOSPITAL,C_301,Gastroenterology Service,8.0,5.0,3.0,0.0,62.5,0.0
Feb-2025,NT339,SPIRE REGENCY HOSPITAL,C_120,Ear Nose and Throat Service,150.0,150.0,0.0,0.0,100.0,0.0
Feb-2025,NT339,SPIRE REGENCY HOSPITAL,C_999,Total,1821.0,1814.0,7.0,0.0,99.62,0.0
Feb-2025,RBN,MERSEY AND WEST LANCASHIRE TEACHING HOSPITALS NHS TRUST,X05,Other - Surgical Services,2359.0,1314.0,941.0,104.0,55.7,4.41
Feb-2025,RBS,ALDER HEY CHILDREN'S NHS FOUNDATION TRUST,C_999,Total,21276.0,12101.0,8871.0,304.0,56.88,1.43
Feb-2025,RBT,MID CHESHIRE HOSPITALS NHS FOUNDATION TRUST,C_410,Rheumatology Service,1280.0,463.0,686.0,131.0,36.17,10.23
Feb-2025,RBT,MID CHESHIRE HOSPITALS NHS FOUNDATION TRUST,C_330,Dermatology Service,5997.0,2946.0,2949.0,102.0,49.12,1.7
Feb-2025,RBT,MID CHESHIRE HOSPITALS NHS FOUNDATION TRUST,C_101,Urology Service,1965.0,1539.0,416.0,10.0,78.32,0.51
Feb-2025,RJN,EAST CHESHIRE NHS TRUST,X02,Other - Medical Services,572.0,428.0,143.0,1.0,74.83,0.17
Feb-2025,RJN,EAST CHESHIRE NHS TRUST,C_130,Ophthalmology Service,1512.0,1205.0,306.0,1.0,79.7,0.07
Feb-2025,RJR,COUNTESS OF CHESTER HOSPITAL NHS FOUNDATION TRUST,C_160,Plastic Surgery Service,1208.0,646.0,520.0,42.0,53.48,3.48
Feb-2025,G5X2Q,SPAMEDICA NORTH TYNESIDE,C_130,Ophthalmology Service,94.0,93.0,1.0,0.0,98.94,0.0
Feb-2025,NT229,"NUFFIELD HEALTH, NEWCASTLE UPON TYNE HOSPITAL",C_110,Trauma and Orthopaedic Service,542.0,346.0,187.0,9.0,63.84,1.66
Feb-2025,R0B,SOUTH TYNESIDE AND SUNDERLAND NHS FOUNDATION TRUST,C_140,Oral Surgery Service,4314.0,2775.0,1538.0,1.0,64.33,0.02
Feb-2025,R0B,SOUTH TYNESIDE AND SUNDERLAND NHS FOUNDATION TRUST,C_502,Gynaecology Service,3357.0,2703.0,654.0,0.0,80.52,0.0
Feb-2025,RAJ,MID AND SOUTH ESSEX NHS FOUNDATION TRUST,C_160,Plastic Surgery Service,5419.0,2832.0,2325.0,262.0,52.26,4.83
Feb-2025,RAJ,MID AND SOUTH ESSEX NHS FOUNDATION TRUST,X06,Other - Other Services,3093.0,1878.0,1121.0,94.0,60.72,3.04
Feb-2025,NVC31,BLAKELANDS HOSPITAL,C_100,General Surgery Service,362.0,293.0,69.0,0.0,80.94,0.0
Feb-2025,NT429,PRIORY HOSPITAL,C_502,Gynaecology Service,2.0,2.0,0.0,0.0,100.0,0.0
Feb-2025,NVC44,THE WESTBOURNE CENTRE,C_130,Ophthalmology Service,9.0,8.0,1.0,0.0,88.89,0.0
Feb-2025,RQ3,BIRMINGHAM WOMEN'S AND CHILDREN'S NHS FOUNDATION TRUST,X04,Other - Paediatric Services,12728.0,7445.0,5127.0,156.0,58.49,1.23
Feb-2025,RRK,UNIVERSITY HOSPITALS BIRMINGHAM NHS FOUNDATION TRUST,C_502,Gynaecology Service,6091.0,2878.0,3153.0,60.0,47.25,0.99
Feb-2025,RXK,SANDWELL AND WEST BIRMINGHAM HOSPITALS NHS TRUST,C_100,General Surgery Service,5504.0,2994.0,2442.0,68.0,54.4,1.24
Feb-2025,RXK,SANDWELL AND WEST BIRMINGHAM HOSPITALS NHS TRUST,C_130,Ophthalmology Service,8504.0,6312.0,2169.0,23.0,74.22,0.27
Feb-2025,RXK,SANDWELL AND WEST BIRMINGHAM HOSPITALS NHS TRUST,C_340,Respiratory Medicine Service,1315.0,1211.0,104.0,0.0,92.09,0.0
Feb-2025,RNN,NORTH CUMBRIA INTEGRATED CARE NHS FOUNDATION TRUST,C_999,Total,39669.0,22353.0,16265.0,1051.0,56.35,2.65
Feb-2025,RNN,NORTH CUMBRIA INTEGRATED CARE NHS FOUNDATION TRUST,C_430,Elderly Medicine Service,429.0,214.0,213.0,2.0,49.88,0.47
Feb-2025,RTF,NORTHUMBRIA HEALTHCARE NHS FOUNDATION TRUST,C_160,Plastic Surgery Service,1378.0,842.0,534.0,2.0,61.1,0.15
Feb-2025,RTF,NORTHUMBRIA HEALTHCARE NHS FOUNDATION TRUST,C_301,Gastroenterology Service,1478.0,1421.0,57.0,0.0,96.14,0.0
Feb-2025,RTF,NORTHUMBRIA HEALTHCARE NHS FOUNDATION TRUST,C_320,Cardiology Service,2002.0,1804.0,198.0,0.0,90.11,0.0
Feb-2025,RTR,SOUTH TEES HOSPITALS NHS FOUNDATION TRUST,C_330,Dermatology Service,2566.0,1542.0,1007.0,17.0,60.09,0.66
Feb-2025,RGR,WEST SUFFOLK NHS FOUNDATION TRUST,C_120,Ear Nose and Throat Service,3098.0,1780.0,1191.0,127.0,57.46,4.1
Feb-2025,RGR,WEST SUFFOLK NHS FOUNDATION TRUST,C_999,Total,35015.0,19785.0,14065.0,1165.0,56.5,3.33
Feb-2025,RGR,WEST SUFFOLK NHS FOUNDATION TRUST,C_410,Rheumatology Service,245.0,213.0,32.0,0.0,86.94,0.0
Feb-2025,RGR,WEST SUFFOLK NHS FOUNDATION TRUST,X04,Other - Paediatric Services,1408.0,844.0,528.0,36.0,59.94,2.56
Feb-2025,NT233,"NUFFIELD HEALTH, PLYMOUTH HOSPITAL",C_160,Plastic Surgery Service,65.0,41.0,24.0,0.0,63.08,0.0
Feb-2025,NT233,"NUFFIELD HEALTH, PLYMOUTH HOSPITAL",X06,Other - Other Services,42.0,21.0,21.0,0.0,50.0,0.0
Feb-2025,NVC08,MOUNT STUART HOSPITAL,C_101,Urology Service,198.0,85.0,103.0,10.0,42.93,5.05
Feb-2025,NVC0Y,EXETER MEDICAL,C_110,Trauma and Orthopaedic Service,42.0,36.0,6.0,0.0,85.71,0.0
Feb-2025,NVC0Y,EXETER MEDICAL,C_330,Dermatology Service,19.0,19.0,0.0,0.0,100.0,0.0
Feb-2025,RA9,TORBAY AND SOUTH DEVON NHS FOUNDATION TRUST,C_140,Oral Surgery Service,2737.0,1173.0,1310.0,254.0,42.86,9.28
Feb-2025,RA9,TORBAY AND SOUTH DEVON NHS FOUNDATION TRUST,X06,Other - Other Services,377.0,305.0,71.0,1.0,80.9,0.27
Feb-2025,RH8,ROYAL DEVON UNIVERSITY HEALTHCARE NHS FOUNDATION TRUST,C_340,Respiratory Medicine Service,2323.0,1418.0,864.0,41.0,61.04,1.76
Feb-2025,RH8,ROYAL DEVON UNIVERSITY HEALTHCARE NHS FOUNDATION TRUST,C_301,Gastroenterology Service,2795.0,2095.0,683.0,17.0,74.96,0.61
Feb-2025,RXP,COUNTY DURHAM AND DARLINGTON NHS FOUNDATION TRUST,C_120,Ear Nose and Throat Service,2881.0,1489.0,1392.0,0.0,51.68,0.0
Feb-2025,RXP,COUNTY DURHAM AND DARLINGTON NHS FOUNDATION TRUST,C_320,Cardiology Service,1579.0,1268.0,310.0,1.0,80.3,0.06
Feb-2025,Z9Z1G,SPAMEDICA GATESHEAD,C_999,Total,124.0,122.0,2.0,0.0,98.39,0.0
Feb-2025,RFS,CHESTERFIELD ROYAL HOSPITAL NHS FOUNDATION TRUST,C_502,Gynaecology Service,2418.0,1392.0,922.0,104.0,57.57,4.3
Feb-2025,RFS,CHESTERFIELD ROYAL HOSPITAL NHS FOUNDATION TRUST,X05,Other - Surgical Services,1945.0,1426.0,484.0,35.0,73.32,1.8
Feb-2025,NVC13,OAKS HOSPITAL,C_120,Ear Nose and Throat Service,44.0,23.0,21.0,0.0,52.27,0.0
Feb-2025,Q1S8W,NEWMEDICA - BURY ST EDMUNDS,C_999,Total,5.0,4.0,1.0,0.0,80.0,0.0
Feb-2025,RDE,EAST SUFFOLK AND NORTH ESSEX NHS FOUNDATION TRUST,C_101,Urology Service,7688.0,3743.0,3441.0,504.0,48.69,6.56
Feb-2025,RDE,EAST SUFFOLK AND NORTH ESSEX NHS FOUNDATION TRUST,C_430,Elderly Medicine Service,171.0,166.0,5.0,0.0,97.08,0.0
Feb-2025,RWD,UNITED LINCOLNSHIRE TEACHING HOSPITALS NHS TRUST,C_301,Gastroenterology Service,5773.0,3140.0,2566.0,67.0,54.39,1.16
Feb-2025,RWD,UNITED LINCOLNSHIRE TEACHING HOSPITALS NHS TRUST,C_410,Rheumatology Service,1749.0,784.0,913.0,52.0,44.83,2.97
Feb-2025,RWD,UNITED LINCOLNSHIRE TEACHING HOSPITALS NHS TRUST,C_430,Elderly Medicine Service,296.0,239.0,56.0,1.0,80.74,0.34
Feb-2025,RWE,UNIVERSITY HOSPITALS OF LEICESTER NHS TRUST,C_130,Ophthalmology Service,11913.0,6565.0,5208.0,140.0,55.11,1.18
Feb-2025,RWE,UNIVERSITY HOSPITALS OF LEICESTER NHS TRUST,C_400,Neurology Service,1800.0,1463.0,336.0,1.0,81.28,0.06
Feb-2025,NCN,DMC HEALTHCARE,C_999,Total,1903.0,1829.0,72.0,2.0,96.11,0.11
Feb-2025,A4M8P,BUCKSHAW HOSPITAL,C_999,Total,3175.0,1959.0,1143.0,73.0,61.7,2.3
Feb-2025,NT403,BEARDWOOD HOSPITAL,C_320,Cardiology Service,2.0,0.0,2.0,0.0,0.0,0.0
Feb-2025,NT449,LANCASTER PRIVATE HOSPITAL,C_110,Trauma and Orthopaedic Service,321.0,238.0,79.0,4.0,74.14,1.25
Feb-2025,NVC05,EUXTON HALL HOSPITAL,C_100,General Surgery Service,845.0,634.0,204.0,7.0,75.03,0.83
Feb-2025,NVC07,FULWOOD HALL HOSPITAL,C_130,Ophthalmology Service,251.0,205.0,46.0,0.0,81.67,0.0
Feb-2025,RXL,BLACKPOOL TEACHING HOSPITALS NHS FOUNDATION TRUST,C_100,General Surgery Service,1159.0,665.0,450.0,44.0,57.38,3.8
Feb-2025,RXN,LANCASHIRE TEACHING HOSPITALS NHS FOUNDATION TRUST,C_999,Total,60720.0,33726.0,25426.0,1568.0,55.54,2.58
Feb-2025,RXN,LANCASHIRE TEACHING HOSPITALS NHS FOUNDATION TRUST,C_301,Gastroenterology Service,1971.0,945.0,992.0,34.0,47.95,1.73
Feb-2025,RXN,LANCASHIRE TEACHING HOSPITALS NHS FOUNDATION TRUST,C_130,Ophthalmology Service,3954.0,2591.0,1317.0,46.0,65.53,1.16
Feb-2025,RXR,EAST LANCASHIRE HOSPITALS NHS TRUST,C_120,Ear Nose and Throat Service,6391.0,4049.0,2232.0,110.0,63.35,1.72
Feb-2025,RXR,EAST LANCASHIRE HOSPITALS NHS TRUST,C_320,Cardiology Service,4676.0,2041.0,2488.0,147.0,43.65,3.14
Feb-2025,NEY,PIONEER HEALTHCARE LIMITED,C_100,General Surgery Service,424.0,242.0,160.0,22.0,57.08,5.19
Feb-2025,RFF,BARNSLEY HOSPITAL NHS FOUNDATION TRUST,C_330,Dermatology Service,1957.0,1185.0,772.0,0.0,60.55,0.0
Feb-2025,RP5,DONCASTER AND BASSETLAW TEACHING HOSPITALS NHS FOUNDATION TRUST,C_101,Urology Service,3519.0,2234.0,1243.0,42.0,63.48,1.19
Feb-2025,NT301,SPIRE SOUTH BANK HOSPITAL,C_101,Urology Service,13.0,13.0,0.0,0.0,100.0,0.0
Feb-2025,NT412,DROITWICH SPA HOSPITAL,C_301,Gastroenterology Service,91.0,66.0,25.0,0.0,72.53,0.0
Feb-2025,RLQ,WYE VALLEY NHS TRUST,X02,Other - Medical Services,1743.0,1081.0,660.0,2.0,62.02,0.11
Feb-2025,RLQ,WYE VALLEY NHS TRUST,C_400,Neurology Service,296.0,206.0,90.0,0.0,69.59,0.0
Feb-2025,F9Z4V,CIRCLE READING HOSPITAL,C_502,Gynaecology Service,89.0,76.0,13.0,0.0,85.39,0.0
Feb-2025,NT435,SHELBURNE HOSPITAL,X06,Other - Other Services,20.0,13.0,7.0,0.0,65.0,0.0
Feb-2025,RTH,OXFORD UNIVERSITY HOSPITALS NHS FOUNDATION TRUST,C_160,Plastic Surgery Service,1682.0,865.0,754.0,63.0,51.43,3.75
Feb-2025,RAN,ROYAL NATIONAL ORTHOPAEDIC HOSPITAL NHS TRUST,C_410,Rheumatology Service,127.0,113.0,13.0,1.0,88.98,0.79
Feb-2025,RPY,THE ROYAL MARSDEN NHS FOUNDATION TRUST,C_330,Dermatology Service,15.0,13.0,2.0,0.0,86.67,0.0
Feb-2025,RYJ,IMPERIAL COLLEGE HEALTHCARE NHS TRUST,C_120,Ear Nose and Throat Service,6376.0,4026.0,2110.0,240.0,63.14,3.76
Feb-2025,NT238,"NUFFIELD HEALTH, TAUNTON HOSPITAL",C_110,Trauma and Orthopaedic Service,227.0,120.0,102.0,5.0,52.86,2.2
Feb-2025,NTPH1,PRACTICE PLUS GROUP HOSPITAL - SHEPTON MALLET,C_120,Ear Nose and Throat Service,320.0,212.0,108.0,0.0,66.25,0.0
Feb-2025,NTPH1,PRACTICE PLUS GROUP HOSPITAL - SHEPTON MALLET,C_301,Gastroenterology Service,185.0,185.0,0.0,0.0,100.0,0.0
Feb-2025,RH5,SOMERSET NHS FOUNDATION TRUST,C_330,Dermatology Service,3068.0,2093.0,958.0,17.0,68.22,0.55
Feb-2025,NT427,PARK HOSPITAL,C_100,General Surgery Service,139.0,88.0,50.0,1.0,63.31,0.72
Feb-2025,NT427,PARK HOSPITAL,C_301,Gastroenterology Service,67.0,66.0,1.0,0.0,98.51,0.0
Feb-2025,NT205,"NUFFIELD HEALTH, BRIGHTON HOSPITAL",C_100,General Surgery Service,174.0,110.0,48.0,16.0,63.22,9.2
Feb-2025,NT212,"NUFFIELD HEALTH, CHICHESTER HOSPITAL",C_502,Gynaecology Service,194.0,67.0,119.0,8.0,34.54,4.12
Feb-2025,NT218,"NUFFIELD HEALTH, HAYWARDS HEATH HOSPITAL",C_999,Total,434.0,240.0,188.0,6.0,55.3,1.38
Feb-2025,RDR,SUSSEX COMMUNITY NHS FOUNDATION TRUST,C_999,Total,10553.0,7712.0,2841.0,0.0,73.08,0.0
Feb-2025,RDR,SUSSEX COMMUNITY NHS FOUNDATION TRUST,C_410,Rheumatology Service,354.0,327.0,27.0,0.0,92.37,0.0
Feb-2025,RPC,QUEEN VICTORIA HOSPITAL NHS FOUNDATION TRUST,X05,Other - Surgical Services,1.0,1.0,0.0,0.0,100.0,0.0
Feb-2025,RYR,UNIVERSITY HOSPITALS SUSSEX NHS FOUNDATION TRUST,C_130,Ophthalmology Service,12959.0,6517.0,5866.0,576.0,50.29,4.44
Feb-2025,RAL,ROYAL FREE LONDON NHS FOUNDATION TRUST,C_502,Gynaecology Service,9091.0,4996.0,3861.0,234.0,54.96,2.57
Feb-2025,RAL,ROYAL FREE LONDON NHS FOUNDATION TRUST,C_999,Total,145412.0,83578.0,58286.0,3548.0,57.48,2.44
Feb-2025,RKE,WHITTINGTON HEALTH NHS TRUST,C_410,Rheumatology Service,326.0,303.0,23.0,0.0,92.94,0.0
Feb-2025,RP4,GREAT ORMOND STREET HOSPITAL FOR CHILDREN NHS FOUNDATION TRUST,X05,Other - Surgical Services,50.0,26.0,23.0,1.0,52.0,2.0
Feb-2025,RRV,UNIVERSITY COLLEGE LONDON HOSPITALS NHS FOUNDATION TRUST,C_502,Gynaecology Service,5611.0,2461.0,2778.0,372.0,43.86,6.63
Feb-2025,RRV,UNIVERSITY COLLEGE LONDON HOSPITALS NHS FOUNDATION TRUST,X05,Other - Surgical Services,8229.0,4775.0,3400.0,54.0,58.03,0.66
Feb-2025,RRV,UNIVERSITY COLLEGE LONDON HOSPITALS NHS FOUNDATION TRUST,C_430,Elderly Medicine Service,50.0,45.0,5.0,0.0,90.0,0.0
Feb-2025,RM1,NORFOLK AND NORWICH UNIVERSITY HOSPITALS NHS FOUNDATION TRUST,C_140,Oral Surgery Service,1952.0,1225.0,582.0,145.0,62.76,7.43
Feb-2025,NT230,"NUFFIELD HEALTH, NORTH STAFFORDSHIRE HOSPITAL",C_999,Total,1311.0,913.0,390.0,8.0,69.64,0.61
Feb-2025,NT321,SPIRE LITTLE ASTON HOSPITAL,C_100,General Surgery Service,192.0,141.0,51.0,0.0,73.44,0.0
Feb-2025,RJE,UNIVERSITY HOSPITALS OF NORTH MIDLANDS NHS TRUST,C_502,Gynaecology Service,5123.0,2502.0,2323.0,298.0,48.84,5.82
Feb-2025,RDU,FRIMLEY HEALTH NHS FOUNDATION TRUST,C_502,Gynaecology Service,4613.0,2863.0,1557.0,193.0,62.06,4.18
Feb-2025,NT214,"NUFFIELD HEALTH, WESSEX HOSPITAL",C_999,Total,571.0,280.0,286.0,5.0,49.04,0.88
Feb-2025,R1F,ISLE OF WIGHT NHS TRUST,C_101,Urology Service,720.0,489.0,231.0,0.0,67.92,0.0
Feb-2025,R1F,ISLE OF WIGHT NHS TRUST,C_130,Ophthalmology Service,2201.0,1395.0,794.0,12.0,63.38,0.55
Feb-2025,R1F,ISLE OF WIGHT NHS TRUST,C_320,Cardiology Service,837.0,333.0,494.0,10.0,39.78,1.19
Feb-2025,RHM,UNIVERSITY HOSPITAL SOUTHAMPTON NHS FOUNDATION TRUST,C_330,Dermatology Service,3712.0,2352.0,1356.0,4.0,63.36,0.11
Feb-2025,RCB,YORK AND SCARBOROUGH TEACHING HOSPITALS NHS FOUNDATION TRUST,C_110,Trauma and Orthopaedic Service,4276.0,2376.0,1806.0,94.0,55.57,2.2
Feb-2025,RCD,HARROGATE AND DISTRICT NHS FOUNDATION TRUST,C_101,Urology Service,1006.0,796.0,205.0,5.0,79.13,0.5
Feb-2025,RCD,HARROGATE AND DISTRICT NHS FOUNDATION TRUST,C_130,Ophthalmology Service,1847.0,1279.0,515.0,53.0,69.25,2.87
Feb-2025,RCD,HARROGATE AND DISTRICT NHS FOUNDATION TRUST,X02,Other - Medical Services,1007.0,821.0,185.0,1.0,81.53,0.1
Feb-2025,RWA,HULL UNIVERSITY TEACHING HOSPITALS NHS TRUST,C_502,Gynaecology Service,4104.0,2493.0,1491.0,120.0,60.75,2.92
Feb-2025,RWA,HULL UNIVERSITY TEACHING HOSPITALS NHS TRUST,C_400,Neurology Service,3590.0,2311.0,1163.0,116.0,64.37,3.23
Feb-2025,RWA,HULL UNIVERSITY TEACHING HOSPITALS NHS TRUST,C_170,Cardiothoracic Surgery Service,313.0,224.0,83.0,6.0,71.57,1.92
Feb-2025,NXP,INDEPENDENT HEALTH GROUP,C_101,Urology Service,60.0,57.0,3.0,0.0,95.0,0.0
Feb-2025,RD1,ROYAL UNITED HOSPITALS BATH NHS FOUNDATION TRUST,C_502,Gynaecology Service,2793.0,1597.0,1180.0,16.0,57.18,0.57
Feb-2025,RN3,GREAT WESTERN HOSPITALS NHS FOUNDATION TRUST,C_120,Ear Nose and Throat Service,3723.0,1902.0,1755.0,66.0,51.09,1.77
Feb-2025,RN3,GREAT WESTERN HOSPITALS NHS FOUNDATION TRUST,C_400,Neurology Service,1467.0,572.0,715.0,180.0,38.99,12.27
Feb-2025,RNZ,SALISBURY NHS FOUNDATION TRUST,C_430,Elderly Medicine Service,238.0,176.0,61.0,1.0,73.95,0.42
Feb-2025,K8I4X,GLENDON WOOD HOSPITAL,X02,Other - Medical Services,32.0,21.0,8.0,3.0,65.63,9.38
Feb-2025,RNQ,KETTERING GENERAL HOSPITAL NHS FOUNDATION TRUST,C_320,Cardiology Service,1277.0,1054.0,223.0,0.0,82.54,0.0
Feb-2025,RNQ,KETTERING GENERAL HOSPITAL NHS FOUNDATION TRUST,C_130,Ophthalmology Service,1904.0,1341.0,560.0,3.0,70.43,0.16
Feb-2025,RNQ,KETTERING GENERAL HOSPITAL NHS FOUNDATION TRUST,C_400,Neurology Service,549.0,407.0,139.0,3.0,74.13,0.55
Feb-2025,RNQ,KETTERING GENERAL HOSPITAL NHS FOUNDATION TRUST,X02,Other - Medical Services,3292.0,2229.0,1055.0,8.0,67.71,0.24
Feb-2025,RNS,NORTHAMPTON GENERAL HOSPITAL NHS TRUST,C_100,General Surgery Service,2824.0,1506.0,1188.0,130.0,53.33,4.6
Feb-2025,RNS,NORTHAMPTON GENERAL HOSPITAL NHS TRUST,X06,Other - Other Services,317.0,257.0,60.0,0.0,81.07,0.0
Feb-2025,AAH,TETBURY HOSPITAL TRUST LTD,C_120,Ear Nose and Throat Service,10.0,5.0,5.0,0.0,50.0,0.0
Feb-2025,ACG13,NEWMEDICA - GLOUCESTER (ASPEN MEDICAL CENTRE),C_130,Ophthalmology Service,281.0,250.0,31.0,0.0,88.97,0.0
Feb-2025,RTE,GLOUCESTERSHIRE HOSPITALS NHS FOUNDATION TRUST,C_120,Ear Nose and Throat Service,6696.0,3471.0,3068.0,157.0,51.84,2.34
Feb-2025,RTE,GLOUCESTERSHIRE HOSPITALS NHS FOUNDATION TRUST,C_130,Ophthalmology Service,4748.0,3177.0,1557.0,14.0,66.91,0.29
Feb-2025,RTE,GLOUCESTERSHIRE HOSPITALS NHS FOUNDATION TRUST,X04,Other - Paediatric Services,1386.0,894.0,485.0,7.0,64.5,0.51
Feb-2025,RHU,PORTSMOUTH HOSPITALS UNIVERSITY NATIONAL HEALTH SERVICE TRUST,C_101,Urology Service,3462.0,1992.0,1448.0,22.0,57.54,0.64
Feb-2025,RHU,PORTSMOUTH HOSPITALS UNIVERSITY NATIONAL HEALTH SERVICE TRUST,C_410,Rheumatology Service,274.0,272.0,2.0,0.0,99.27,0.0
Feb-2025,RHU,PORTSMOUTH HOSPITALS UNIVERSITY NATIONAL HEALTH SERVICE TRUST,X04,Other - Paediatric Services,565.0,514.0,51.0,0.0,90.97,0.0
Feb-2025,RN5,HAMPSHIRE HOSPITALS NHS FOUNDATION TRUST,C_101,Urology Service,2848.0,1940.0,834.0,74.0,68.12,2.6
Feb-2025,RW1,HAMPSHIRE AND ISLE OF WIGHT HEALTHCARE NHS FOUNDATION TRUST,X02,Other - Medical Services,150.0,147.0,3.0,0.0,98.0,0.0
Feb-2025,NT405,BISHOPS WOOD HOSPITAL,C_100,General Surgery Service,76.0,67.0,8.0,1.0,88.16,1.32
Feb-2025,R1K,LONDON NORTH WEST UNIVERSITY HEALTHCARE NHS TRUST,C_110,Trauma and Orthopaedic Service,7284.0,3000.0,3807.0,477.0,41.19,6.55
Feb-2025,R1D,SHROPSHIRE COMMUNITY HEALTH NHS TRUST,X04,Other - Paediatric Services,17.0,16.0,1.0,0.0,94.12,0.0
Feb-2025,RL1,THE ROBERT JONES AND AGNES HUNT ORTHOPAEDIC HOSPITAL NHS FOUNDATION TRUST,C_999,Total,17016.0,7848.0,8191.0,977.0,46.12,5.74
Feb-2025,RXW,THE SHREWSBURY AND TELFORD HOSPITAL NHS TRUST,C_502,Gynaecology Service,4020.0,2175.0,1592.0,253.0,54.1,6.29
Feb-2025,RXW,THE SHREWSBURY AND TELFORD HOSPITAL NHS TRUST,X02,Other - Medical Services,270.0,173.0,90.0,7.0,64.07,2.59
Feb-2025,RXW,THE SHREWSBURY AND TELFORD HOSPITAL NHS TRUST,X06,Other - Other Services,601.0,344.0,216.0,41.0,57.24,6.82
Feb-2025,NT404,BEAUMONT HOSPITAL,C_400,Neurology Service,4.0,4.0,0.0,0.0,100.0,0.0
Feb-2025,NT420,HIGHFIELD HOSPITAL,C_150,Neurosurgical Service,1.0,1.0,0.0,0.0,100.0,0.0
Feb-2025,O1P6X,SPAMEDICA OLDHAM,C_999,Total,209.0,201.0,8.0,0.0,96.17,0.0
Feb-2025,RBV,THE CHRISTIE NHS FOUNDATION TRUST,X05,Other - Surgical Services,161.0,152.0,9.0,0.0,94.41,0.0
Feb-2025,RM3,NORTHERN CARE ALLIANCE NHS FOUNDATION TRUST,C_160,Plastic Surgery Service,1028.0,659.0,358.0,11.0,64.11,1.07
Feb-2025,RM3,NORTHERN CARE ALLIANCE NHS FOUNDATION TRUST,C_340,Respiratory Medicine Service,2310.0,1391.0,906.0,13.0,60.22,0.56
Feb-2025,RM3,NORTHERN CARE ALLIANCE NHS FOUNDATION TRUST,C_502,Gynaecology Service,7599.0,4011.0,3187.0,401.0,52.78,5.28
Feb-2025,RM3,NORTHERN CARE ALLIANCE NHS FOUNDATION TRUST,C_430,Elderly Medicine Service,340.0,301.0,39.0,0.0,88.53,0.0
Feb-2025,RMC,BOLTON NHS FOUNDATION TRUST,X04,Other - Paediatric Services,395.0,167.0,190.0,38.0,42.28,9.62
Feb-2025,RMP,TAMESIDE AND GLOSSOP INTEGRATED CARE NHS FOUNDATION TRUST,C_101,Urology Service,463.0,450.0,13.0,0.0,97.19,0.0
Feb-2025,RWJ,STOCKPORT NHS FOUNDATION TRUST,C_100,General Surgery Service,3760.0,1967.0,1631.0,162.0,52.31,4.31
Feb-2025,RWJ,STOCKPORT NHS FOUNDATION TRUST,C_430,Elderly Medicine Service,115.0,115.0,0.0,0.0,100.0,0.0
Feb-2025,NTE02,ST HUGH'S HOSPITAL,C_101,Urology Service,223.0,135.0,88.0,0.0,60.54,0.0
Feb-2025,NVC11,NORTH DOWNS HOSPITAL,C_110,Trauma and Orthopaedic Service,924.0,556.0,344.0,24.0,60.17,2.6
Feb-2025,NVC11,NORTH DOWNS HOSPITAL,C_160,Plastic Surgery Service,15.0,12.0,2.0,1.0,80.0,6.67
Feb-2025,NVM,EPSOMEDICAL GROUP,C_130,Ophthalmology Service,287.0,280.0,7.0,0.0,97.56,0.0
Feb-2025,NVM,EPSOMEDICAL GROUP,C_340,Respiratory Medicine Service,52.0,30.0,21.0,1.0,57.69,1.92
Feb-2025,RA2,ROYAL SURREY COUNTY HOSPITAL NHS FOUNDATION TRUST,C_502,Gynaecology Service,1662.0,1192.0,457.0,13.0,71.72,0.78
Feb-2025,RJ7,ST GEORGE'S UNIVERSITY HOSPITALS NHS FOUNDATION TRUST,X02,Other - Medical Services,11114.0,7440.0,3615.0,59.0,66.94,0.53
Feb-2025,RJ7,ST GEORGE'S UNIVERSITY HOSPITALS NHS FOUNDATION TRUST,C_430,Elderly Medicine Service,46.0,42.0,3.0,1.0,91.3,2.17
Feb-2025,C9A7J,NEWMEDICA - BRADFORD & HUDDERSFIELD,C_999,Total,82.0,82.0,0.0,0.0,100.0,0.0
Feb-2025,NL8,LOCALA COMMUNITY PARTNERSHIPS CIC,C_999,Total,2279.0,2051.0,228.0,0.0,90.0,0.0
Feb-2025,NQH,NOVUS HEALTH LTD,C_330,Dermatology Service,807.0,784.0,23.0,0.0,97.15,0.0
Feb-2025,NT350,SPIRE METHLEY PARK HOSPITAL,C_999,Total,1225.0,991.0,233.0,1.0,80.9,0.08
Feb-2025,NVC20,THE YORKSHIRE CLINIC,C_100,General Surgery Service,1826.0,1274.0,531.0,21.0,69.77,1.15
Feb-2025,NVC20,THE YORKSHIRE CLINIC,C_101,Urology Service,801.0,591.0,207.0,3.0,73.78,0.37
Feb-2025,NVC20,THE YORKSHIRE CLINIC,C_120,Ear Nose and Throat Service,783.0,528.0,254.0,1.0,67.43,0.13
Feb-2025,RCF,AIREDALE NHS FOUNDATION TRUST,C_300,General Internal Medicine Service,6.0,3.0,3.0,0.0,50.0,0.0
Feb-2025,RR8,LEEDS TEACHING HOSPITALS NHS TRUST,C_101,Urology Service,2902.0,2202.0,676.0,24.0,75.88,0.83
Feb-2025,RR8,LEEDS TEACHING HOSPITALS NHS TRUST,X06,Other - Other Services,1183.0,1097.0,79.0,7.0,92.73,0.59
Feb-2025,RXG,SOUTH WEST YORKSHIRE PARTNERSHIP NHS FOUNDATION TRUST,C_999,Total,4133.0,3995.0,138.0,0.0,96.66,0.0
Feb-2025,TAD,BRADFORD DISTRICT CARE NHS FOUNDATION TRUST,C_999,Total,576.0,388.0,177.0,11.0,67.36,1.91
Feb-2025,NT424,MERIDEN HOSPITAL,C_110,Trauma and Orthopaedic Service,967.0,829.0,137.0,1.0,85.73,0.1
Feb-2025,RJC,SOUTH WARWICKSHIRE UNIVERSITY NHS FOUNDATION TRUST,C_320,Cardiology Service,549.0,399.0,150.0,0.0,72.68,0.0
Feb-2025,RJC,SOUTH WARWICKSHIRE UNIVERSITY NHS FOUNDATION TRUST,X02,Other - Medical Services,1740.0,1461.0,272.0,7.0,83.97,0.4
Feb-2025,RJC,SOUTH WARWICKSHIRE UNIVERSITY NHS FOUNDATION TRUST,X04,Other - Paediatric Services,434.0,275.0,138.0,21.0,63.36,4.84
Feb-2025,RJC,SOUTH WARWICKSHIRE UNIVERSITY NHS FOUNDATION TRUST,C_430,Elderly Medicine Service,96.0,94.0,2.0,0.0,97.92,0.0
Feb-2025,NNE,DORKING HEALTHCARE LIMITED (DHC),C_301,Gastroenterology Service,197.0,143.0,54.0,0.0,72.59,0.0
Feb-2025,RTK,ASHFORD AND ST PETER'S HOSPITALS NHS FOUNDATION TRUST,C_130,Ophthalmology Service,6128.0,3361.0,2734.0,33.0,54.85,0.54
Feb-2025,NVC1H,STOURSIDE HOSPITAL,C_130,Ophthalmology Service,207.0,166.0,39.0,2.0,80.19,0.97
Feb-2025,RBK,WALSALL HEALTHCARE NHS TRUST,C_320,Cardiology Service,1594.0,1518.0,76.0,0.0,95.23,0.0
Feb-2025,RBK,WALSALL HEALTHCARE NHS TRUST,X04,Other - Paediatric Services,2512.0,1868.0,638.0,6.0,74.36,0.24
Feb-2025,RL4,THE ROYAL WOLVERHAMPTON NHS TRUST,C_301,Gastroenterology Service,4479.0,2526.0,1946.0,7.0,56.4,0.16
Feb-2025,RL4,THE ROYAL WOLVERHAMPTON NHS TRUST,C_340,Respiratory Medicine Service,2185.0,1451.0,733.0,1.0,66.41,0.05
Feb-2025,RNA,THE DUDLEY GROUP NHS FOUNDATION TRUST,C_430,Elderly Medicine Service,138.0,134.0,4.0,0.0,97.1,0.0
Feb-2025,B9J4U,SPAMEDICA PETERBOROUGH,C_130,Ophthalmology Service,158.0,153.0,5.0,0.0,96.84,0.0
Feb-2025,RGN,NORTH WEST ANGLIA NHS FOUNDATION TRUST,C_330,Dermatology Service,3433.0,2029.0,1398.0,6.0,59.1,0.17
Feb-2025,RGN,NORTH WEST ANGLIA NHS FOUNDATION TRUST,C_502,Gynaecology Service,7059.0,3884.0,2942.0,233.0,55.02,3.3
Feb-2025,RGN,NORTH WEST ANGLIA NHS FOUNDATION TRUST,X02,Other - Medical Services,6810.0,4373.0,2346.0,91.0,64.21,1.34
Feb-2025,RGN,NORTH WEST ANGLIA NHS FOUNDATION TRUST,X05,Other - Surgical Services,463.0,448.0,14.0,1.0,96.76,0.22
Feb-2025,RGN,NORTH WEST ANGLIA NHS FOUNDATION TRUST,X03,Other - Mental Health Services,11.0,11.0,0.0,0.0,100.0,0.0
Feb-2025,RGT,CAMBRIDGE UNIVERSITY HOSPITALS NHS FOUNDATION TRUST,C_140,Oral Surgery Service,3927.0,1519.0,2046.0,362.0,38.68,9.22
Feb-2025,RGT,CAMBRIDGE UNIVERSITY HOSPITALS NHS FOUNDATION TRUST,C_340,Respiratory Medicine Service,812.0,700.0,112.0,0.0,86.21,0.0
Feb-2025,RGT,CAMBRIDGE UNIVERSITY HOSPITALS NHS FOUNDATION TRUST,X05,Other - Surgical Services,4105.0,3001.0,1036.0,68.0,73.11,1.66
Feb-2025,S3H9L,THE HAMPTONS HOSPITAL LTD,C_502,Gynaecology Service,24.0,24.0,0.0,0.0,100.0,0.0
Feb-2025,NTPH2,PRACTICE PLUS GROUP HOSPITAL - EMERSONS GREEN,C_101,Urology Service,151.0,139.0,12.0,0.0,92.05,0.0
Feb-2025,NTPH2,PRACTICE PLUS GROUP HOSPITAL - EMERSONS GREEN,C_130,Ophthalmology Service,439.0,418.0,21.0,0.0,95.22,0.0
Feb-2025,RA7,UNIVERSITY HOSPITALS BRISTOL AND WESTON NHS FOUNDATION TRUST,C_320,Cardiology Service,4357.0,2485.0,1758.0,114.0,57.03,2.62
Feb-2025,RA7,UNIVERSITY HOSPITALS BRISTOL AND WESTON NHS FOUNDATION TRUST,X03,Other - Mental Health Services,28.0,25.0,3.0,0.0,89.29,0.0
Feb-2025,RVJ,NORTH BRISTOL NHS TRUST,C_101,Urology Service,6854.0,4514.0,2266.0,74.0,65.86,1.08
Feb-2025,L6O7H,SPAMEDICA POOLE,C_130,Ophthalmology Service,230.0,228.0,2.0,0.0,99.13,0.0
Feb-2025,R0D,UNIVERSITY HOSPITALS DORSET NHS FOUNDATION TRUST,C_502,Gynaecology Service,6561.0,3159.0,2897.0,505.0,48.15,7.7
Feb-2025,R0D,UNIVERSITY HOSPITALS DORSET NHS FOUNDATION TRUST,X06,Other - Other Services,917.0,888.0,29.0,0.0,96.84,0.0
Feb-2025,R0D,UNIVERSITY HOSPITALS DORSET NHS FOUNDATION TRUST,C_140,Oral Surgery Service,3535.0,1671.0,1642.0,222.0,47.27,6.28
Feb-2025,RBD,DORSET COUNTY HOSPITAL NHS FOUNDATION TRUST,C_330,Dermatology Service,1215.0,719.0,478.0,18.0,59.18,1.48
Feb-2025,RBD,DORSET COUNTY HOSPITAL NHS FOUNDATION TRUST,X06,Other - Other Services,1.0,1.0,0.0,0.0,100.0,0.0
Feb-2025,NT436,SHIRLEY OAKS HOSPITAL,C_101,Urology Service,206.0,139.0,65.0,2.0,67.48,0.97
Feb-2025,NT436,SHIRLEY OAKS HOSPITAL,C_130,Ophthalmology Service,72.0,59.0,13.0,0.0,81.94,0.0
Feb-2025,R0F4N,NUFFIELD HEALTH PARKSIDE HOSPITAL,C_101,Urology Service,355.0,68.0,172.0,115.0,19.15,32.39
Feb-2025,RPG,OXLEAS NHS FOUNDATION TRUST,C_999,Total,1641.0,841.0,570.0,230.0,51.25,14.02
Feb-2025,NN8,SPENCER PRIVATE HOSPITALS LTD,C_110,Trauma and Orthopaedic Service,1150.0,733.0,378.0,39.0,63.74,3.39
Feb-2025,NT312,SPIRE ALEXANDRA HOSPITAL,C_110,Trauma and Orthopaedic Service,247.0,217.0,30.0,0.0,87.85,0.0
Feb-2025,RN7,DARTFORD AND GRAVESHAM NHS TRUST,C_320,Cardiology Service,2377.0,1564.0,808.0,5.0,65.8,0.21
Feb-2025,RN7,DARTFORD AND GRAVESHAM NHS TRUST,X05,Other - Surgical Services,825.0,660.0,164.0,1.0,80.0,0.12
Feb-2025,RPA,MEDWAY NHS FOUNDATION TRUST,C_320,Cardiology Service,3627.0,1447.0,1701.0,479.0,39.9,13.21
Feb-2025,RPA,MEDWAY NHS FOUNDATION TRUST,C_502,Gynaecology Service,3745.0,2328.0,1417.0,0.0,62.16,0.0
Feb-2025,RPA,MEDWAY NHS FOUNDATION TRUST,C_300,General Internal Medicine Service,160.0,107.0,53.0,0.0,66.88,0.0
Feb-2025,RVV,EAST KENT HOSPITALS UNIVERSITY NHS FOUNDATION TRUST,X02,Other - Medical Services,2753.0,1802.0,916.0,35.0,65.46,1.27
Feb-2025,RVV,EAST KENT HOSPITALS UNIVERSITY NHS FOUNDATION TRUST,C_170,Cardiothoracic Surgery Service,18.0,16.0,2.0,0.0,88.89,0.0
Feb-2025,H4I8B,NUFFIELD HEALTH THE HOLLY HOSPITAL,X05,Other - Surgical Services,540.0,498.0,41.0,1.0,92.22,0.19
Feb-2025,H4I8B,NUFFIELD HEALTH THE HOLLY HOSPITAL,X06,Other - Other Services,9.0,5.0,4.0,0.0,55.56,0.0
Feb-2025,NT315,SPIRE BUSHEY HOSPITAL,C_999,Total,576.0,566.0,10.0,0.0,98.26,0.0
Feb-2025,NT315,SPIRE BUSHEY HOSPITAL,C_101,Urology Service,1.0,1.0,0.0,0.0,100.0,0.0
Feb-2025,NT316,SPIRE HARPENDEN HOSPITAL,C_100,General Surgery Service,110.0,109.0,1.0,0.0,99.09,0.0
Feb-2025,NT316,SPIRE HARPENDEN HOSPITAL,C_999,Total,502.0,486.0,16.0,0.0,96.81,0.0
Feb-2025,NVC15,PINEHILL HOSPITAL,C_400,Neurology Service,2.0,0.0,2.0,0.0,0.0,0.0
Feb-2025,NVC19,RIVERS HOSPITAL,C_502,Gynaecology Service,485.0,344.0,118.0,23.0,70.93,4.74
Feb-2025,Q1W6P,SPAMEDICA WATFORD,C_999,Total,170.0,163.0,7.0,0.0,95.88,0.0
Feb-2025,RQW,THE PRINCESS ALEXANDRA HOSPITAL NHS TRUST,C_999,Total,54245.0,24131.0,27567.0,2547.0,44.49,4.7
Feb-2025,RWG,WEST HERTFORDSHIRE TEACHING HOSPITALS NHS TRUST,C_130,Ophthalmology Service,2070.0,1400.0,645.0,25.0,67.63,1.21
Feb-2025,RWH,EAST AND NORTH HERTFORDSHIRE NHS TRUST,C_400,Neurology Service,506.0,479.0,27.0,0.0,94.66,0.0
Feb-2025,NTP15,PRACTICE PLUS GROUP HOSPITAL - ILFORD,C_101,Urology Service,338.0,302.0,35.0,1.0,89.35,0.3
Feb-2025,R1H,BARTS HEALTH NHS TRUST,C_120,Ear Nose and Throat Service,7177.0,3359.0,3310.0,508.0,46.8,7.08
Feb-2025,RF4,"BARKING, HAVERING AND REDBRIDGE UNIVERSITY HOSPITALS NHS TRUST",C_400,Neurology Service,3152.0,1833.0,1309.0,10.0,58.15,0.32
Feb-2025,RF4,"BARKING, HAVERING AND REDBRIDGE UNIVERSITY HOSPITALS NHS TRUST",C_301,Gastroenterology Service,1603.0,1478.0,124.0,1.0,92.2,0.06
Feb-2025,AY1,MEDEFER,C_301,Gastroenterology Service,2249.0,1699.0,537.0,13.0,75.54,0.58
Feb-2025,G3Q3Z,NUFFIELD HEALTH HIGHGATE HOSPITAL,C_160,Plastic Surgery Service,1.0,0.0,1.0,0.0,0.0,0.0
Feb-2025,NT451,CAVELL HOSPITAL,C_100,General Surgery Service,264.0,179.0,85.0,0.0,67.8,0.0
Feb-2025,RTP,SURREY AND SUSSEX HEALTHCARE NHS TRUST,C_120,Ear Nose and Throat Service,6135.0,3191.0,2788.0,156.0,52.01,2.54
Feb-2025,NT325,SPIRE MURRAYFIELD HOSPITAL,C_101,Urology Service,23.0,23.0,0.0,0.0,100.0,0.0
Feb-2025,REM,LIVERPOOL UNIVERSITY HOSPITALS NHS FOUNDATION TRUST,C_300,General Internal Medicine Service,488.0,344.0,144.0,0.0,70.49,0.0
Feb-2025,REM,LIVERPOOL UNIVERSITY HOSPITALS NHS FOUNDATION TRUST,C_340,Respiratory Medicine Service,1339.0,1105.0,234.0,0.0,82.52,0.0
Feb-2025,REP,LIVERPOOL WOMEN'S NHS FOUNDATION TRUST,C_502,Gynaecology Service,15110.0,7449.0,7228.0,433.0,49.3,2.87
Feb-2025,RET,THE WALTON CENTRE NHS FOUNDATION TRUST,C_150,Neurosurgical Service,4362.0,2932.0,1386.0,44.0,67.22,1.01
Feb-2025,RJN,EAST CHESHIRE NHS TRUST,C_502,Gynaecology Service,1842.0,1063.0,746.0,33.0,57.71,1.79
Feb-2025,RJN,EAST CHESHIRE NHS TRUST,C_430,Elderly Medicine Service,97.0,37.0,57.0,3.0,38.14,3.09
Feb-2025,RJR,COUNTESS OF CHESTER HOSPITAL NHS FOUNDATION TRUST,C_330,Dermatology Service,2814.0,1151.0,1391.0,272.0,40.9,9.67
Feb-2025,RWW,WARRINGTON AND HALTON TEACHING HOSPITALS NHS FOUNDATION TRUST,X05,Other - Surgical Services,6014.0,3142.0,2506.0,366.0,52.24,6.09
Feb-2025,RWW,WARRINGTON AND HALTON TEACHING HOSPITALS NHS FOUNDATION TRUST,C_502,Gynaecology Service,3172.0,1899.0,1052.0,221.0,59.87,6.97
Feb-2025,RWW,WARRINGTON AND HALTON TEACHING HOSPITALS NHS FOUNDATION TRUST,X06,Other - Other Services,668.0,320.0,340.0,8.0,47.9,1.2
Feb-2025,S1Z4X,NEWMEDICA - BIRMINGHAM,C_999,Total,579.0,568.0,11.0,0.0,98.1,0.0
Feb-2025,E1U4T,SPAMEDICA CARLISLE,C_130,Ophthalmology Service,176.0,173.0,3.0,0.0,98.3,0.0
Feb-2025,NN4,TYNESIDE SURGICAL SERVICES LTD,X06,Other - Other Services,21.0,21.0,0.0,0.0,100.0,0.0
Feb-2025,NT229,"NUFFIELD HEALTH, NEWCASTLE UPON TYNE HOSPITAL",C_100,General Surgery Service,11.0,11.0,0.0,0.0,100.0,0.0
Feb-2025,NVC0R,TEES VALLEY HOSPITAL,X06,Other - Other Services,1.0,0.0,1.0,0.0,0.0,0.0
Feb-2025,R0B,SOUTH TYNESIDE AND SUNDERLAND NHS FOUNDATION TRUST,C_130,Ophthalmology Service,8263.0,6239.0,1991.0,33.0,75.51,0.4
Feb-2025,NVC18,SPRINGFIELD HOSPITAL,C_301,Gastroenterology Service,329.0,193.0,136.0,0.0,58.66,0.0
Feb-2025,RAJ,MID AND SOUTH ESSEX NHS FOUNDATION TRUST,X04,Other - Paediatric Services,3785.0,1729.0,1735.0,321.0,45.68,8.48
Feb-2025,RAJ,MID AND SOUTH ESSEX NHS FOUNDATION TRUST,C_502,Gynaecology Service,13627.0,6860.0,6350.0,417.0,50.34,3.06
Feb-2025,RC9,BEDFORDSHIRE HOSPITALS NHS FOUNDATION TRUST,X04,Other - Paediatric Services,6055.0,3330.0,2666.0,59.0,55.0,0.97
Feb-2025,RD8,MILTON KEYNES UNIVERSITY HOSPITAL NHS FOUNDATION TRUST,C_300,General Internal Medicine Service,248.0,243.0,4.0,1.0,97.98,0.4
Feb-2025,J7V1N,SPAMEDICA SOLIHULL,C_130,Ophthalmology Service,176.0,171.0,5.0,0.0,97.16,0.0
Feb-2025,M2Y6D,PRACTICE PLUS GROUP HOSPITAL BIRMINGHAM,C_100,General Surgery Service,24.0,24.0,0.0,0.0,100.0,0.0
Feb-2025,NT445,EDGBASTON HOSPITAL,X06,Other - Other Services,1.0,1.0,0.0,0.0,100.0,0.0
Feb-2025,RR7,GATESHEAD HEALTH NHS FOUNDATION TRUST,C_999,Total,13096.0,9343.0,3687.0,66.0,71.34,0.5
Feb-2025,RTD,THE NEWCASTLE UPON TYNE HOSPITALS NHS FOUNDATION TRUST,X02,Other - Medical Services,11725.0,8305.0,3193.0,227.0,70.83,1.94
Feb-2025,RTD,THE NEWCASTLE UPON TYNE HOSPITALS NHS FOUNDATION TRUST,C_170,Cardiothoracic Surgery Service,89.0,65.0,24.0,0.0,73.03,0.0
Feb-2025,RTF,NORTHUMBRIA HEALTHCARE NHS FOUNDATION TRUST,C_101,Urology Service,3307.0,2292.0,1009.0,6.0,69.31,0.18
Feb-2025,RTF,NORTHUMBRIA HEALTHCARE NHS FOUNDATION TRUST,C_999,Total,35826.0,28493.0,7309.0,24.0,79.53,0.07
Feb-2025,RTR,SOUTH TEES HOSPITALS NHS FOUNDATION TRUST,C_100,General Surgery Service,2026.0,1400.0,603.0,23.0,69.1,1.14
Feb-2025,RGR,WEST SUFFOLK NHS FOUNDATION TRUST,C_100,General Surgery Service,2395.0,1182.0,1126.0,87.0,49.35,3.63
Feb-2025,RGR,WEST SUFFOLK NHS FOUNDATION TRUST,C_160,Plastic Surgery Service,1147.0,460.0,558.0,129.0,40.1,11.25
Feb-2025,M5E1S,SPAMEDICA EXETER,C_999,Total,124.0,121.0,3.0,0.0,97.58,0.0
Feb-2025,NR5,LIVEWELL SOUTHWEST,C_999,Total,79.0,75.0,4.0,0.0,94.94,0.0
Feb-2025,NT233,"NUFFIELD HEALTH, PLYMOUTH HOSPITAL",C_150,Neurosurgical Service,128.0,85.0,43.0,0.0,66.41,0.0
Feb-2025,NVC08,MOUNT STUART HOSPITAL,C_301,Gastroenterology Service,31.0,29.0,2.0,0.0,93.55,0.0
Feb-2025,RA9,TORBAY AND SOUTH DEVON NHS FOUNDATION TRUST,C_400,Neurology Service,1046.0,586.0,458.0,2.0,56.02,0.19
Feb-2025,RA9,TORBAY AND SOUTH DEVON NHS FOUNDATION TRUST,X05,Other - Surgical Services,2901.0,1798.0,988.0,115.0,61.98,3.96
Feb-2025,RXP,COUNTY DURHAM AND DARLINGTON NHS FOUNDATION TRUST,C_170,Cardiothoracic Surgery Service,2.0,0.0,2.0,0.0,0.0,0.0
Feb-2025,RTG,UNIVERSITY HOSPITALS OF DERBY AND BURTON NHS FOUNDATION TRUST,C_130,Ophthalmology Service,11346.0,5803.0,5341.0,202.0,51.15,1.78
Feb-2025,G4H0I,NEWMEDICA SUFFOLK - BURY ST EDMUNDS - CLARITY HOUSE,C_999,Total,347.0,347.0,0.0,0.0,100.0,0.0
Feb-2025,NVC13,OAKS HOSPITAL,X02,Other - Medical Services,32.0,17.0,15.0,0.0,53.13,0.0
Feb-2025,RDE,EAST SUFFOLK AND NORTH ESSEX NHS FOUNDATION TRUST,C_400,Neurology Service,2985.0,1672.0,1285.0,28.0,56.01,0.94
Feb-2025,RDE,EAST SUFFOLK AND NORTH ESSEX NHS FOUNDATION TRUST,C_999,Total,90288.0,49710.0,37450.0,3128.0,55.06,3.46
Feb-2025,RDE,EAST SUFFOLK AND NORTH ESSEX NHS FOUNDATION TRUST,X04,Other - Paediatric Services,490.0,355.0,123.0,12.0,72.45,2.45
Feb-2025,RWD,UNITED LINCOLNSHIRE TEACHING HOSPITALS NHS TRUST,C_140,Oral Surgery Service,2611.0,1280.0,1299.0,32.0,49.02,1.23
Feb-2025,RWE,UNIVERSITY HOSPITALS OF LEICESTER NHS TRUST,X06,Other - Other Services,4454.0,2364.0,1914.0,176.0,53.08,3.95
Feb-2025,RWE,UNIVERSITY HOSPITALS OF LEICESTER NHS TRUST,C_999,Total,110898.0,60732.0,47991.0,2175.0,54.76,1.96
Feb-2025,RWE,UNIVERSITY HOSPITALS OF LEICESTER NHS TRUST,C_150,Neurosurgical Service,61.0,59.0,2.0,0.0,96.72,0.0
Feb-2025,RWE,UNIVERSITY HOSPITALS OF LEICESTER NHS TRUST,C_300,General Internal Medicine Service,197.0,176.0,21.0,0.0,89.34,0.0
Feb-2025,NT437,SLOANE HOSPITAL,C_301,Gastroenterology Service,34.0,27.0,7.0,0.0,79.41,0.0
Feb-2025,RJ1,GUY'S AND ST THOMAS' NHS FOUNDATION TRUST,C_999,Total,120759.0,72828.0,45277.0,2654.0,60.31,2.2
Feb-2025,RJ1,GUY'S AND ST THOMAS' NHS FOUNDATION TRUST,C_300,General Internal Medicine Service,291.0,233.0,58.0,0.0,80.07,0.0
Feb-2025,RJ2,LEWISHAM AND GREENWICH NHS TRUST,X04,Other - Paediatric Services,2199.0,1674.0,519.0,6.0,76.13,0.27
Feb-2025,NPG17,SPAMEDICA PRESTON,C_130,Ophthalmology Service,126.0,121.0,5.0,0.0,96.03,0.0
Feb-2025,NT347,SPIRE FYLDE COAST HOSPITAL,C_999,Total,2994.0,2382.0,590.0,22.0,79.56,0.73
Feb-2025,NT347,SPIRE FYLDE COAST HOSPITAL,C_160,Plastic Surgery Service,1.0,1.0,0.0,0.0,100.0,0.0
Feb-2025,NT403,BEARDWOOD HOSPITAL,C_150,Neurosurgical Service,37.0,24.0,13.0,0.0,64.86,0.0
Feb-2025,NVC07,FULWOOD HALL HOSPITAL,C_300,General Internal Medicine Service,1.0,0.0,1.0,0.0,0.0,0.0
Feb-2025,RXL,BLACKPOOL TEACHING HOSPITALS NHS FOUNDATION TRUST,C_320,Cardiology Service,4122.0,2392.0,1643.0,87.0,58.03,2.11
Feb-2025,RXL,BLACKPOOL TEACHING HOSPITALS NHS FOUNDATION TRUST,C_502,Gynaecology Service,3520.0,1281.0,1618.0,621.0,36.39,17.64
Feb-2025,RXL,BLACKPOOL TEACHING HOSPITALS NHS FOUNDATION TRUST,C_340,Respiratory Medicine Service,685.0,587.0,98.0,0.0,85.69,0.0
Feb-2025,RXL,BLACKPOOL TEACHING HOSPITALS NHS FOUNDATION TRUST,X04,Other - Paediatric Services,644.0,500.0,141.0,3.0,77.64,0.47
Feb-2025,RXR,EAST LANCASHIRE HOSPITALS NHS TRUST,C_999,Total,61599.0,35306.0,23761.0,2532.0,57.32,4.11
Feb-2025,RXR,EAST LANCASHIRE HOSPITALS NHS TRUST,C_100,General Surgery Service,4376.0,2330.0,1911.0,135.0,53.24,3.09
Feb-2025,RXR,EAST LANCASHIRE HOSPITALS NHS TRUST,C_502,Gynaecology Service,6485.0,3316.0,2992.0,177.0,51.13,2.73
Feb-2025,B3M1X,CLAREMONT PRIVATE HOSPITAL,C_502,Gynaecology Service,170.0,145.0,25.0,0.0,85.29,0.0
Feb-2025,RFF,BARNSLEY HOSPITAL NHS FOUNDATION TRUST,C_120,Ear Nose and Throat Service,2423.0,2008.0,413.0,2.0,82.87,0.08
Feb-2025,RFF,BARNSLEY HOSPITAL NHS FOUNDATION TRUST,C_301,Gastroenterology Service,1483.0,1163.0,320.0,0.0,78.42,0.0
Feb-2025,RFF,BARNSLEY HOSPITAL NHS FOUNDATION TRUST,C_430,Elderly Medicine Service,172.0,165.0,7.0,0.0,95.93,0.0
Feb-2025,RFR,THE ROTHERHAM NHS FOUNDATION TRUST,X02,Other - Medical Services,884.0,740.0,144.0,0.0,83.71,0.0
Feb-2025,RFR,THE ROTHERHAM NHS FOUNDATION TRUST,C_300,General Internal Medicine Service,29.0,29.0,0.0,0.0,100.0,0.0
Feb-2025,RHQ,SHEFFIELD TEACHING HOSPITALS NHS FOUNDATION TRUST,C_120,Ear Nose and Throat Service,4439.0,2356.0,1958.0,125.0,53.08,2.82
Feb-2025,RHQ,SHEFFIELD TEACHING HOSPITALS NHS FOUNDATION TRUST,C_140,Oral Surgery Service,4480.0,2262.0,2196.0,22.0,50.49,0.49
Feb-2025,RHQ,SHEFFIELD TEACHING HOSPITALS NHS FOUNDATION TRUST,C_170,Cardiothoracic Surgery Service,530.0,467.0,63.0,0.0,88.11,0.0
Feb-2025,NT412,DROITWICH SPA HOSPITAL,C_320,Cardiology Service,3.0,3.0,0.0,0.0,100.0,0.0
Feb-2025,RLQ,WYE VALLEY NHS TRUST,C_140,Oral Surgery Service,629.0,305.0,269.0,55.0,48.49,8.74
Feb-2025,RLQ,WYE VALLEY NHS TRUST,C_430,Elderly Medicine Service,83.0,48.0,35.0,0.0,57.83,0.0
Feb-2025,RWP,WORCESTERSHIRE ACUTE HOSPITALS NHS TRUST,C_100,General Surgery Service,3317.0,1654.0,1523.0,140.0,49.86,4.22
Feb-2025,NPG16,SPAMEDICA CHELMSFORD,C_130,Ophthalmology Service,211.0,202.0,9.0,0.0,95.73,0.0
Feb-2025,NT313,SPIRE WELLESLEY HOSPITAL,C_160,Plastic Surgery Service,95.0,54.0,39.0,2.0,56.84,2.11
Feb-2025,NT410,CHILTERN HOSPITAL,C_140,Oral Surgery Service,1.0,1.0,0.0,0.0,100.0,0.0
Feb-2025,NV1,INHEALTH LIMITED,C_999,Total,570.0,564.0,6.0,0.0,98.95,0.0
Feb-2025,NVC25,THE CHERWELL HOSPITAL,C_110,Trauma and Orthopaedic Service,2479.0,1426.0,1039.0,14.0,57.52,0.56
Feb-2025,O5Y9D,SPAMEDICA OXFORD,C_130,Ophthalmology Service,82.0,80.0,2.0,0.0,97.56,0.0
Feb-2025,RHW,ROYAL BERKSHIRE NHS FOUNDATION TRUST,X04,Other - Paediatric Services,1949.0,1648.0,301.0,0.0,84.56,0.0
Feb-2025,RHW,ROYAL BERKSHIRE NHS FOUNDATION TRUST,C_410,Rheumatology Service,226.0,194.0,32.0,0.0,85.84,0.0
Feb-2025,RAN,ROYAL NATIONAL ORTHOPAEDIC HOSPITAL NHS TRUST,X06,Other - Other Services,30.0,29.0,1.0,0.0,96.67,0.0
Feb-2025,RAS,THE HILLINGDON HOSPITALS NHS FOUNDATION TRUST,C_120,Ear Nose and Throat Service,1521.0,430.0,1087.0,4.0,28.27,0.26
Feb-2025,RAS,THE HILLINGDON HOSPITALS NHS FOUNDATION TRUST,C_340,Respiratory Medicine Service,1048.0,494.0,550.0,4.0,47.14,0.38
Feb-2025,RAS,THE HILLINGDON HOSPITALS NHS FOUNDATION TRUST,X02,Other - Medical Services,2869.0,1988.0,867.0,14.0,69.29,0.49
Feb-2025,RPY,THE ROYAL MARSDEN NHS FOUNDATION TRUST,X06,Other - Other Services,363.0,332.0,30.0,1.0,91.46,0.28
Feb-2025,RQM,CHELSEA AND WESTMINSTER HOSPITAL NHS FOUNDATION TRUST,X05,Other - Surgical Services,6005.0,2996.0,2877.0,132.0,49.89,2.2
Feb-2025,RYJ,IMPERIAL COLLEGE HEALTHCARE NHS TRUST,C_340,Respiratory Medicine Service,2815.0,1857.0,958.0,0.0,65.97,0.0
Feb-2025,RYJ,IMPERIAL COLLEGE HEALTHCARE NHS TRUST,C_170,Cardiothoracic Surgery Service,404.0,276.0,125.0,3.0,68.32,0.74
Feb-2025,RYJ,IMPERIAL COLLEGE HEALTHCARE NHS TRUST,C_410,Rheumatology Service,972.0,587.0,383.0,2.0,60.39,0.21
Feb-2025,NT238,"NUFFIELD HEALTH, TAUNTON HOSPITAL",C_999,Total,240.0,121.0,108.0,11.0,50.42,4.58
Feb-2025,NTPH1,PRACTICE PLUS GROUP HOSPITAL - SHEPTON MALLET,C_100,General Surgery Service,153.0,141.0,12.0,0.0,92.16,0.0
Feb-2025,ADN,PRIMARY INTEGRATED COMMUNITY SERVICES LTD,C_999,Total,3398.0,1573.0,1701.0,124.0,46.29,3.65
Feb-2025,RX1,NOTTINGHAM UNIVERSITY HOSPITALS NHS TRUST,X06,Other - Other Services,2953.0,2421.0,512.0,20.0,81.98,0.68
Feb-2025,RX1,NOTTINGHAM UNIVERSITY HOSPITALS NHS TRUST,C_430,Elderly Medicine Service,772.0,430.0,340.0,2.0,55.7,0.26
Feb-2025,E3D4A,SPAMEDICA TRURO,C_130,Ophthalmology Service,177.0,172.0,5.0,0.0,97.18,0.0
Feb-2025,REF,ROYAL CORNWALL HOSPITALS NHS TRUST,C_120,Ear Nose and Throat Service,2741.0,2093.0,628.0,20.0,76.36,0.73
Feb-2025,REF,ROYAL CORNWALL HOSPITALS NHS TRUST,C_301,Gastroenterology Service,1477.0,1315.0,162.0,0.0,89.03,0.0
Feb-2025,REF,ROYAL CORNWALL HOSPITALS NHS TRUST,C_330,Dermatology Service,3099.0,2372.0,723.0,4.0,76.54,0.13
Feb-2025,REF,ROYAL CORNWALL HOSPITALS NHS TRUST,C_410,Rheumatology Service,660.0,637.0,23.0,0.0,96.52,0.0
Feb-2025,RXQ,BUCKINGHAMSHIRE HEALTHCARE NHS TRUST,C_140,Oral Surgery Service,965.0,620.0,340.0,5.0,64.25,0.52
Feb-2025,RXQ,BUCKINGHAMSHIRE HEALTHCARE NHS TRUST,C_320,Cardiology Service,1954.0,1036.0,831.0,87.0,53.02,4.45
Feb-2025,RXQ,BUCKINGHAMSHIRE HEALTHCARE NHS TRUST,C_130,Ophthalmology Service,5584.0,3564.0,1983.0,37.0,63.83,0.66
Feb-2025,NT205,"NUFFIELD HEALTH, BRIGHTON HOSPITAL",C_999,Total,880.0,334.0,470.0,76.0,37.95,8.64
Feb-2025,NT364,SPIRE MONTEFIORE HOSPITAL,C_110,Trauma and Orthopaedic Service,1226.0,750.0,406.0,70.0,61.17,5.71
Feb-2025,NT364,SPIRE MONTEFIORE HOSPITAL,C_999,Total,1545.0,906.0,516.0,123.0,58.64,7.96
Feb-2025,RXC,EAST SUSSEX HEALTHCARE NHS TRUST,C_100,General Surgery Service,5566.0,3014.0,2395.0,157.0,54.15,2.82
Feb-2025,RXC,EAST SUSSEX HEALTHCARE NHS TRUST,X02,Other - Medical Services,3986.0,2647.0,1315.0,24.0,66.41,0.6
Feb-2025,RYR,UNIVERSITY HOSPITALS SUSSEX NHS FOUNDATION TRUST,C_999,Total,114841.0,55092.0,52313.0,7436.0,47.97,6.48
Feb-2025,RYR,UNIVERSITY HOSPITALS SUSSEX NHS FOUNDATION TRUST,C_330,Dermatology Service,8001.0,3740.0,3560.0,701.0,46.74,8.76
Feb-2025,RAL,ROYAL FREE LONDON NHS FOUNDATION TRUST,C_160,Plastic Surgery Service,2941.0,1495.0,1230.0,216.0,50.83,7.34
Feb-2025,RKE,WHITTINGTON HEALTH NHS TRUST,C_101,Urology Service,3172.0,1588.0,1530.0,54.0,50.06,1.7
Feb-2025,RP4,GREAT ORMOND STREET HOSPITAL FOR CHILDREN NHS FOUNDATION TRUST,X06,Other - Other Services,62.0,46.0,16.0,0.0,74.19,0.0
Feb-2025,RRV,UNIVERSITY COLLEGE LONDON HOSPITALS NHS FOUNDATION TRUST,C_120,Ear Nose and Throat Service,6928.0,3590.0,3124.0,214.0,51.82,3.09
Feb-2025,RRV,UNIVERSITY COLLEGE LONDON HOSPITALS NHS FOUNDATION TRUST,C_400,Neurology Service,5258.0,3055.0,2188.0,15.0,58.1,0.29
Feb-2025,DFQ,NORWICH & NORFOLK SURGICAL LTD (N2S),C_999,Total,896.0,796.0,100.0,0.0,88.84,0.0
Feb-2025,RCX,"THE QUEEN ELIZABETH HOSPITAL, KING'S LYNN, NHS FOUNDATION TRUST",C_301,Gastroenterology Service,1649.0,916.0,729.0,4.0,55.55,0.24
Feb-2025,RCX,"THE QUEEN ELIZABETH HOSPITAL, KING'S LYNN, NHS FOUNDATION TRUST",C_400,Neurology Service,1495.0,599.0,782.0,114.0,40.07,7.63
Feb-2025,RGP,JAMES PAGET UNIVERSITY HOSPITALS NHS FOUNDATION TRUST,C_301,Gastroenterology Service,1359.0,802.0,544.0,13.0,59.01,0.96
Feb-2025,NT230,"NUFFIELD HEALTH, NORTH STAFFORDSHIRE HOSPITAL",C_130,Ophthalmology Service,21.0,20.0,1.0,0.0,95.24,0.0
Feb-2025,NVC0I,BEACON PARK HOSPITAL,C_100,General Surgery Service,23.0,13.0,10.0,0.0,56.52,0.0
Feb-2025,RDU,FRIMLEY HEALTH NHS FOUNDATION TRUST,X04,Other - Paediatric Services,217.0,60.0,140.0,17.0,27.65,7.83
Feb-2025,D5P5H,SPAMEDICA BEXHILL,C_999,Total,147.0,142.0,5.0,0.0,96.6,0.0
Feb-2025,NT304,SPIRE SOUTHAMPTON HOSPITAL,C_999,Total,441.0,307.0,133.0,1.0,69.61,0.23
Feb-2025,NT418,HAMPSHIRE CLINIC,C_301,Gastroenterology Service,43.0,37.0,5.0,1.0,86.05,2.33
Feb-2025,NT433,SARUM ROAD HOSPITAL,C_999,Total,348.0,273.0,74.0,1.0,78.45,0.29
Feb-2025,NTP11,PRACTICE PLUS GROUP HOSPITAL - SOUTHAMPTON,C_100,General Surgery Service,923.0,606.0,307.0,10.0,65.66,1.08
Feb-2025,NTP11,PRACTICE PLUS GROUP HOSPITAL - SOUTHAMPTON,C_110,Trauma and Orthopaedic Service,1325.0,930.0,390.0,5.0,70.19,0.38
Feb-2025,Q8X0X,SPAMEDICA ISLE OF WIGHT,C_130,Ophthalmology Service,19.0,19.0,0.0,0.0,100.0,0.0
Feb-2025,R1F,ISLE OF WIGHT NHS TRUST,C_301,Gastroenterology Service,743.0,486.0,257.0,0.0,65.41,0.0
Feb-2025,RHM,UNIVERSITY HOSPITAL SOUTHAMPTON NHS FOUNDATION TRUST,X04,Other - Paediatric Services,6879.0,4425.0,2389.0,65.0,64.33,0.94
Feb-2025,RCD,HARROGATE AND DISTRICT NHS FOUNDATION TRUST,X04,Other - Paediatric Services,763.0,597.0,165.0,1.0,78.24,0.13
Feb-2025,RJL,NORTHERN LINCOLNSHIRE AND GOOLE NHS FOUNDATION TRUST,X02,Other - Medical Services,3397.0,2145.0,1186.0,66.0,63.14,1.94
Feb-2025,RWA,HULL UNIVERSITY TEACHING HOSPITALS NHS TRUST,C_100,General Surgery Service,7164.0,4047.0,2844.0,273.0,56.49,3.81
Feb-2025,RWA,HULL UNIVERSITY TEACHING HOSPITALS NHS TRUST,X02,Other - Medical Services,5324.0,3769.0,1520.0,35.0,70.79,0.66
Feb-2025,ACG39,NEWMEDICA - SWINDON,C_999,Total,195.0,181.0,14.0,0.0,92.82,0.0
Feb-2025,H1T2P,SPAMEDICA SWINDON,C_999,Total,50.0,50.0,0.0,0.0,100.0,0.0
Feb-2025,NT430,RIDGEWAY HOSPITAL,C_100,General Surgery Service,62.0,62.0,0.0,0.0,100.0,0.0
Feb-2025,NTPH3,PRACTICE PLUS GROUP SURGICAL CENTRE - DEVIZES,C_101,Urology Service,152.0,128.0,24.0,0.0,84.21,0.0
Feb-2025,NVC09,NEW HALL HOSPITAL,X06,Other - Other Services,2.0,0.0,2.0,0.0,0.0,0.0
Feb-2025,RD1,ROYAL UNITED HOSPITALS BATH NHS FOUNDATION TRUST,C_101,Urology Service,2042.0,1396.0,610.0,36.0,68.36,1.76
Feb-2025,RNZ,SALISBURY NHS FOUNDATION TRUST,C_410,Rheumatology Service,872.0,375.0,491.0,6.0,43.0,0.69
Feb-2025,K8I4X,GLENDON WOOD HOSPITAL,C_502,Gynaecology Service,5.0,2.0,3.0,0.0,40.0,0.0
Feb-2025,NVC23,WOODLAND HOSPITAL,C_999,Total,4945.0,3052.0,1838.0,55.0,61.72,1.11
Feb-2025,NVC23,WOODLAND HOSPITAL,X02,Other - Medical Services,4.0,0.0,3.0,1.0,0.0,25.0
Feb-2025,RNQ,KETTERING GENERAL HOSPITAL NHS FOUNDATION TRUST,C_999,Total,24500.0,16069.0,8139.0,292.0,65.59,1.19
Feb-2025,RNQ,KETTERING GENERAL HOSPITAL NHS FOUNDATION TRUST,C_430,Elderly Medicine Service,171.0,163.0,8.0,0.0,95.32,0.0
Feb-2025,NVC22,WINFIELD HOSPITAL,C_120,Ear Nose and Throat Service,58.0,32.0,26.0,0.0,55.17,0.0
Feb-2025,RTE,GLOUCESTERSHIRE HOSPITALS NHS FOUNDATION TRUST,C_110,Trauma and Orthopaedic Service,9072.0,4956.0,3965.0,151.0,54.63,1.66
Feb-2025,RTE,GLOUCESTERSHIRE HOSPITALS NHS FOUNDATION TRUST,C_502,Gynaecology Service,3537.0,2525.0,1010.0,2.0,71.39,0.06
Feb-2025,RTE,GLOUCESTERSHIRE HOSPITALS NHS FOUNDATION TRUST,C_100,General Surgery Service,19.0,15.0,4.0,0.0,78.95,0.0
Feb-2025,RHU,PORTSMOUTH HOSPITALS UNIVERSITY NATIONAL HEALTH SERVICE TRUST,C_340,Respiratory Medicine Service,707.0,678.0,29.0,0.0,95.9,0.0
Feb-2025,RHU,PORTSMOUTH HOSPITALS UNIVERSITY NATIONAL HEALTH SERVICE TRUST,C_430,Elderly Medicine Service,61.0,58.0,3.0,0.0,95.08,0.0
Feb-2025,RW1,HAMPSHIRE AND ISLE OF WIGHT HEALTHCARE NHS FOUNDATION TRUST,C_110,Trauma and Orthopaedic Service,2210.0,1925.0,285.0,0.0,87.1,0.0
Feb-2025,NT411,CLEMENTINE CHURCHILL HOSPITAL,C_301,Gastroenterology Service,168.0,167.0,1.0,0.0,99.4,0.0
Feb-2025,NT411,CLEMENTINE CHURCHILL HOSPITAL,C_130,Ophthalmology Service,42.0,42.0,0.0,0.0,100.0,0.0
Feb-2025,R1K,LONDON NORTH WEST UNIVERSITY HEALTHCARE NHS TRUST,C_330,Dermatology Service,5252.0,1989.0,3018.0,245.0,37.87,4.66
Feb-2025,R1K,LONDON NORTH WEST UNIVERSITY HEALTHCARE NHS TRUST,C_340,Respiratory Medicine Service,4141.0,2015.0,1956.0,170.0,48.66,4.11
Feb-2025,R1K,LONDON NORTH WEST UNIVERSITY HEALTHCARE NHS TRUST,C_300,General Internal Medicine Service,17.0,10.0,6.0,1.0,58.82,5.88
Feb-2025,P5Y6K,NEWMEDICA - SHREWSBURY,C_130,Ophthalmology Service,132.0,127.0,5.0,0.0,96.21,0.0
Feb-2025,R3I5E,NEWMEDICA -TELFORD,C_999,Total,3.0,3.0,0.0,0.0,100.0,0.0
Feb-2025,V5F1D,SPAMEDICA TELFORD,C_999,Total,92.0,91.0,1.0,0.0,98.91,0.0
Feb-2025,NRP,BEACON MEDICAL SERVICES GROUP LIMITED,C_120,Ear Nose and Throat Service,176.0,168.0,8.0,0.0,95.45,0.0
Feb-2025,NT327,SPIRE MANCHESTER HOSPITAL,X05,Other - Surgical Services,2.0,1.0,1.0,0.0,50.0,0.0
Feb-2025,NVC12,OAKLANDS HOSPITAL,C_320,Cardiology Service,13.0,13.0,0.0,0.0,100.0,0.0
Feb-2025,NVC12,OAKLANDS HOSPITAL,X06,Other - Other Services,1.0,1.0,0.0,0.0,100.0,0.0
Feb-2025,RM3,NORTHERN CARE ALLIANCE NHS FOUNDATION TRUST,X02,Other - Medical Services,6387.0,4312.0,2064.0,11.0,67.51,0.17
Feb-2025,RMC,BOLTON NHS FOUNDATION TRUST,C_330,Dermatology Service,2936.0,1449.0,1467.0,20.0,49.35,0.68
Feb-2025,RMC,BOLTON NHS FOUNDATION TRUST,C_300,General Internal Medicine Service,63.0,43.0,20.0,0.0,68.25,0.0
Feb-2025,RMC,BOLTON NHS FOUNDATION TRUST,C_410,Rheumatology Service,637.0,373.0,264.0,0.0,58.56,0.0
Feb-2025,RMC,BOLTON NHS FOUNDATION TRUST,X06,Other - Other Services,14.0,4.0,10.0,0.0,28.57,0.0
Feb-2025,RWJ,STOCKPORT NHS FOUNDATION TRUST,X04,Other - Paediatric Services,199.0,167.0,32.0,0.0,83.92,0.0
Feb-2025,NT447,DUCHY HOSPITAL,C_502,Gynaecology Service,1.0,1.0,0.0,0.0,100.0,0.0
Feb-2025,RCB,YORK AND SCARBOROUGH TEACHING HOSPITALS NHS FOUNDATION TRUST,C_101,Urology Service,3372.0,1858.0,1416.0,98.0,55.1,2.91
Feb-2025,RCB,YORK AND SCARBOROUGH TEACHING HOSPITALS NHS FOUNDATION TRUST,C_100,General Surgery Service,75.0,70.0,5.0,0.0,93.33,0.0
Feb-2025,NT216,"NUFFIELD HEALTH, GUILDFORD HOSPITAL",C_999,Total,480.0,171.0,153.0,156.0,35.63,32.5
Feb-2025,NT431,RUNNYMEDE HOSPITAL,C_110,Trauma and Orthopaedic Service,40.0,35.0,5.0,0.0,87.5,0.0
Feb-2025,NT431,RUNNYMEDE HOSPITAL,C_130,Ophthalmology Service,1.0,1.0,0.0,0.0,100.0,0.0
Feb-2025,NVC01,ASHTEAD HOSPITAL,C_130,Ophthalmology Service,115.0,107.0,7.0,1.0,93.04,0.87
Feb-2025,RA2,ROYAL SURREY COUNTY HOSPITAL NHS FOUNDATION TRUST,X02,Other - Medical Services,3096.0,2097.0,975.0,24.0,67.73,0.78
Feb-2025,RA2,ROYAL SURREY COUNTY HOSPITAL NHS FOUNDATION TRUST,X05,Other - Surgical Services,1092.0,785.0,297.0,10.0,71.89,0.92
Feb-2025,RJ7,ST GEORGE'S UNIVERSITY HOSPITALS NHS FOUNDATION TRUST,C_160,Plastic Surgery Service,1472.0,1009.0,445.0,18.0,68.55,1.22
Feb-2025,RJ7,ST GEORGE'S UNIVERSITY HOSPITALS NHS FOUNDATION TRUST,C_410,Rheumatology Service,1177.0,878.0,290.0,9.0,74.6,0.76
Feb-2025,RVR,EPSOM AND ST HELIER UNIVERSITY HOSPITALS NHS TRUST,X04,Other - Paediatric Services,3640.0,2593.0,1012.0,35.0,71.24,0.96
Feb-2025,C9A7J,NEWMEDICA - BRADFORD & HUDDERSFIELD,C_130,Ophthalmology Service,82.0,82.0,0.0,0.0,100.0,0.0
Feb-2025,NT225,"NUFFIELD HEALTH, LEEDS HOSPITAL",C_160,Plastic Surgery Service,1.0,1.0,0.0,0.0,100.0,0.0
Feb-2025,NT348,SPIRE ELLAND HOSPITAL,C_101,Urology Service,46.0,46.0,0.0,0.0,100.0,0.0
Feb-2025,NT350,SPIRE METHLEY PARK HOSPITAL,C_150,Neurosurgical Service,49.0,46.0,3.0,0.0,93.88,0.0
Feb-2025,NT350,SPIRE METHLEY PARK HOSPITAL,C_160,Plastic Surgery Service,31.0,30.0,1.0,0.0,96.77,0.0
Feb-2025,RCF,AIREDALE NHS FOUNDATION TRUST,C_999,Total,14087.0,9854.0,4018.0,215.0,69.95,1.53
Feb-2025,RCF,AIREDALE NHS FOUNDATION TRUST,C_340,Respiratory Medicine Service,631.0,447.0,181.0,3.0,70.84,0.48
Feb-2025,RR8,LEEDS TEACHING HOSPITALS NHS TRUST,X04,Other - Paediatric Services,9174.0,5282.0,3457.0,435.0,57.58,4.74
Feb-2025,RWY,CALDERDALE AND HUDDERSFIELD NHS FOUNDATION TRUST,C_130,Ophthalmology Service,2246.0,1943.0,299.0,4.0,86.51,0.18
Feb-2025,RWY,CALDERDALE AND HUDDERSFIELD NHS FOUNDATION TRUST,C_340,Respiratory Medicine Service,828.0,652.0,175.0,1.0,78.74,0.12
Feb-2025,RWY,CALDERDALE AND HUDDERSFIELD NHS FOUNDATION TRUST,X05,Other - Surgical Services,520.0,350.0,170.0,0.0,67.31,0.0
Feb-2025,RWY,CALDERDALE AND HUDDERSFIELD NHS FOUNDATION TRUST,C_400,Neurology Service,1338.0,847.0,491.0,0.0,63.3,0.0
Feb-2025,RXF,MID YORKSHIRE TEACHING NHS TRUST,C_100,General Surgery Service,1899.0,825.0,1022.0,52.0,43.44,2.74
Feb-2025,NPG21,SPAMEDICA COVENTRY,C_130,Ophthalmology Service,231.0,224.0,7.0,0.0,96.97,0.0
Feb-2025,NT224,"NUFFIELD HEALTH, WARWICKSHIRE HOSPITAL",C_110,Trauma and Orthopaedic Service,168.0,129.0,35.0,4.0,76.79,2.38
Feb-2025,NT224,"NUFFIELD HEALTH, WARWICKSHIRE HOSPITAL",C_999,Total,257.0,210.0,42.0,5.0,81.71,1.95
Feb-2025,RJC,SOUTH WARWICKSHIRE UNIVERSITY NHS FOUNDATION TRUST,C_330,Dermatology Service,3157.0,1485.0,1596.0,76.0,47.04,2.41
Feb-2025,RJC,SOUTH WARWICKSHIRE UNIVERSITY NHS FOUNDATION TRUST,C_140,Oral Surgery Service,1069.0,524.0,535.0,10.0,49.02,0.94
Feb-2025,RKB,UNIVERSITY HOSPITALS COVENTRY AND WARWICKSHIRE NHS TRUST,C_330,Dermatology Service,5103.0,2676.0,2415.0,12.0,52.44,0.24
Feb-2025,RKB,UNIVERSITY HOSPITALS COVENTRY AND WARWICKSHIRE NHS TRUST,C_101,Urology Service,4040.0,2170.0,1784.0,86.0,53.71,2.13
Feb-2025,RLT,GEORGE ELIOT HOSPITAL NHS TRUST,X02,Other - Medical Services,949.0,727.0,222.0,0.0,76.61,0.0
Feb-2025,RTK,ASHFORD AND ST PETER'S HOSPITALS NHS FOUNDATION TRUST,C_320,Cardiology Service,1795.0,1150.0,638.0,7.0,64.07,0.39
Feb-2025,RBK,WALSALL HEALTHCARE NHS TRUST,C_130,Ophthalmology Service,1061.0,885.0,176.0,0.0,83.41,0.0
Feb-2025,RNA,THE DUDLEY GROUP NHS FOUNDATION TRUST,C_999,Total,44511.0,26225.0,17416.0,870.0,58.92,1.95
Feb-2025,NT209,"NUFFIELD HEALTH, CAMBRIDGE HOSPITAL",X06,Other - Other Services,1.0,0.0,0.0,1.0,0.0,100.0
Feb-2025,NVC06,FITZWILLIAM HOSPITAL,C_101,Urology Service,262.0,215.0,44.0,3.0,82.06,1.15
Feb-2025,NVC06,FITZWILLIAM HOSPITAL,C_300,General Internal Medicine Service,45.0,17.0,28.0,0.0,37.78,0.0
Feb-2025,RGT,CAMBRIDGE UNIVERSITY HOSPITALS NHS FOUNDATION TRUST,C_502,Gynaecology Service,3695.0,1877.0,1664.0,154.0,50.8,4.17
Feb-2025,S3H9L,THE HAMPTONS HOSPITAL LTD,C_120,Ear Nose and Throat Service,433.0,334.0,82.0,17.0,77.14,3.93
Feb-2025,S3H9L,THE HAMPTONS HOSPITAL LTD,X05,Other - Surgical Services,19.0,0.0,19.0,0.0,0.0,0.0
Feb-2025,ACG20,NEWMEDICA - BRISTOL - LITFIELD HOUSE,C_999,Total,226.0,222.0,4.0,0.0,98.23,0.0
Feb-2025,NLX,SIRONA CARE & HEALTH,C_110,Trauma and Orthopaedic Service,6731.0,5360.0,1371.0,0.0,79.63,0.0
Feb-2025,NT302,SPIRE BRISTOL HOSPITAL,C_150,Neurosurgical Service,1.0,1.0,0.0,0.0,100.0,0.0
Feb-2025,NTPH2,PRACTICE PLUS GROUP HOSPITAL - EMERSONS GREEN,C_140,Oral Surgery Service,1836.0,1502.0,333.0,1.0,81.81,0.05
Feb-2025,RVJ,NORTH BRISTOL NHS TRUST,C_999,Total,42732.0,27961.0,14426.0,345.0,65.43,0.81
Feb-2025,L6O7H,SPAMEDICA POOLE,C_999,Total,230.0,228.0,2.0,0.0,99.13,0.0
Feb-2025,NT419,HARBOUR HOSPITAL,C_110,Trauma and Orthopaedic Service,160.0,123.0,37.0,0.0,76.88,0.0
Feb-2025,R0D,UNIVERSITY HOSPITALS DORSET NHS FOUNDATION TRUST,C_110,Trauma and Orthopaedic Service,7360.0,3471.0,3483.0,406.0,47.16,5.52
Feb-2025,RBD,DORSET COUNTY HOSPITAL NHS FOUNDATION TRUST,C_101,Urology Service,1120.0,808.0,311.0,1.0,72.14,0.09
Feb-2025,RBD,DORSET COUNTY HOSPITAL NHS FOUNDATION TRUST,C_140,Oral Surgery Service,1968.0,857.0,1047.0,64.0,43.55,3.25
Feb-2025,RBD,DORSET COUNTY HOSPITAL NHS FOUNDATION TRUST,X04,Other - Paediatric Services,177.0,112.0,61.0,4.0,63.28,2.26
Feb-2025,NT3X3,SPIRE ST ANTHONY'S HOSPITAL,C_301,Gastroenterology Service,15.0,13.0,2.0,0.0,86.67,0.0
Feb-2025,RJ6,CROYDON HEALTH SERVICES NHS TRUST,C_430,Elderly Medicine Service,186.0,174.0,12.0,0.0,93.55,0.0
Feb-2025,RJZ,KING'S COLLEGE HOSPITAL NHS FOUNDATION TRUST,C_340,Respiratory Medicine Service,3077.0,2045.0,1031.0,1.0,66.46,0.03
Feb-2025,RJZ,KING'S COLLEGE HOSPITAL NHS FOUNDATION TRUST,C_140,Oral Surgery Service,11446.0,6793.0,4519.0,134.0,59.35,1.17
Feb-2025,RJZ,KING'S COLLEGE HOSPITAL NHS FOUNDATION TRUST,C_300,General Internal Medicine Service,364.0,322.0,41.0,1.0,88.46,0.27
Feb-2025,RPG,OXLEAS NHS FOUNDATION TRUST,X06,Other - Other Services,1641.0,841.0,570.0,230.0,51.25,14.02
Feb-2025,M0N7E,SPAMEDICA SITTINGBOURNE,C_130,Ophthalmology Service,275.0,241.0,34.0,0.0,87.64,0.0
Feb-2025,RN7,DARTFORD AND GRAVESHAM NHS TRUST,C_502,Gynaecology Service,4575.0,3344.0,1214.0,17.0,73.09,0.37
Feb-2025,RWF,MAIDSTONE AND TUNBRIDGE WELLS NHS TRUST,C_101,Urology Service,2699.0,2217.0,482.0,0.0,82.14,0.0
Feb-2025,RWF,MAIDSTONE AND TUNBRIDGE WELLS NHS TRUST,C_110,Trauma and Orthopaedic Service,3888.0,2822.0,1066.0,0.0,72.58,0.0
Feb-2025,NVC15,PINEHILL HOSPITAL,C_110,Trauma and Orthopaedic Service,850.0,564.0,282.0,4.0,66.35,0.47
Feb-2025,RQW,THE PRINCESS ALEXANDRA HOSPITAL NHS TRUST,C_100,General Surgery Service,6267.0,2427.0,3497.0,343.0,38.73,5.47
Feb-2025,RWG,WEST HERTFORDSHIRE TEACHING HOSPITALS NHS TRUST,C_140,Oral Surgery Service,2762.0,1540.0,1114.0,108.0,55.76,3.91
Feb-2025,RWH,EAST AND NORTH HERTFORDSHIRE NHS TRUST,C_430,Elderly Medicine Service,106.0,95.0,11.0,0.0,89.62,0.0
Feb-2025,B4N1U,SPAMEDICA ROMFORD,C_130,Ophthalmology Service,313.0,298.0,15.0,0.0,95.21,0.0
Feb-2025,RF4,"BARKING, HAVERING AND REDBRIDGE UNIVERSITY HOSPITALS NHS TRUST",C_100,General Surgery Service,4181.0,2671.0,1465.0,45.0,63.88,1.08
Feb-2025,RF4,"BARKING, HAVERING AND REDBRIDGE UNIVERSITY HOSPITALS NHS TRUST",X06,Other - Other Services,513.0,404.0,76.0,33.0,78.75,6.43
Feb-2025,RQX,HOMERTON HEALTHCARE NHS FOUNDATION TRUST,C_502,Gynaecology Service,4256.0,2788.0,1446.0,22.0,65.51,0.52
Feb-2025,AY1,MEDEFER,C_330,Dermatology Service,56.0,45.0,11.0,0.0,80.36,0.0
Feb-2025,DX1,THE NEW FOSCOTE HOSPITAL LTD,C_100,General Surgery Service,286.0,233.0,50.0,3.0,81.47,1.05
Feb-2025,G3Q3Z,NUFFIELD HEALTH HIGHGATE HOSPITAL,X02,Other - Medical Services,17.0,6.0,11.0,0.0,35.29,0.0
Feb-2025,NT416,HENDON HOSPITAL,C_100,General Surgery Service,258.0,169.0,89.0,0.0,65.5,0.0
Feb-2025,RTP,SURREY AND SUSSEX HEALTHCARE NHS TRUST,C_430,Elderly Medicine Service,249.0,192.0,57.0,0.0,77.11,0.0
Feb-2025,F1Y1H,NEWMEDICA - CHESHIRE OAKS,C_130,Ophthalmology Service,136.0,136.0,0.0,0.0,100.0,0.0
Feb-2025,NPG06,SPAMEDICA LIVERPOOL,C_999,Total,236.0,227.0,9.0,0.0,96.19,0.0
Feb-2025,NT324,SPIRE CHESHIRE HOSPITAL,X05,Other - Surgical Services,1.0,1.0,0.0,0.0,100.0,0.0
Feb-2025,RBL,WIRRAL UNIVERSITY TEACHING HOSPITAL NHS FOUNDATION TRUST,X06,Other - Other Services,3435.0,2880.0,473.0,82.0,83.84,2.39
Feb-2025,RBL,WIRRAL UNIVERSITY TEACHING HOSPITAL NHS FOUNDATION TRUST,C_430,Elderly Medicine Service,127.0,101.0,26.0,0.0,79.53,0.0
Feb-2025,RBN,MERSEY AND WEST LANCASHIRE TEACHING HOSPITALS NHS TRUST,C_110,Trauma and Orthopaedic Service,6792.0,4600.0,2019.0,173.0,67.73,2.55
Feb-2025,REP,LIVERPOOL WOMEN'S NHS FOUNDATION TRUST,X06,Other - Other Services,1326.0,953.0,370.0,3.0,71.87,0.23
Feb-2025,RJN,EAST CHESHIRE NHS TRUST,C_340,Respiratory Medicine Service,716.0,405.0,303.0,8.0,56.56,1.12
Feb-2025,RJR,COUNTESS OF CHESTER HOSPITAL NHS FOUNDATION TRUST,C_130,Ophthalmology Service,2198.0,1224.0,928.0,46.0,55.69,2.09
Feb-2025,V4U1Y,SPAMEDICA CHESTER,C_130,Ophthalmology Service,105.0,104.0,1.0,0.0,99.05,0.0
Feb-2025,V4U1Y,SPAMEDICA CHESTER,C_999,Total,105.0,104.0,1.0,0.0,99.05,0.0
Feb-2025,NMG,CONNECT HEALTH LIMITED,C_410,Rheumatology Service,443.0,395.0,48.0,0.0,89.16,0.0
Feb-2025,NN4,TYNESIDE SURGICAL SERVICES LTD,C_110,Trauma and Orthopaedic Service,508.0,424.0,83.0,1.0,83.46,0.2
Feb-2025,NN4,TYNESIDE SURGICAL SERVICES LTD,C_301,Gastroenterology Service,273.0,258.0,15.0,0.0,94.51,0.0
Feb-2025,NT457,WOODLANDS HOSPITAL,C_100,General Surgery Service,317.0,244.0,72.0,1.0,76.97,0.32
Feb-2025,NVC18,SPRINGFIELD HOSPITAL,C_120,Ear Nose and Throat Service,943.0,653.0,286.0,4.0,69.25,0.42
Feb-2025,NT423,MANOR HOSPITAL,C_110,Trauma and Orthopaedic Service,354.0,264.0,87.0,3.0,74.58,0.85
Feb-2025,RD8,MILTON KEYNES UNIVERSITY HOSPITAL NHS FOUNDATION TRUST,C_110,Trauma and Orthopaedic Service,3613.0,1384.0,1970.0,259.0,38.31,7.17
Feb-2025,RD8,MILTON KEYNES UNIVERSITY HOSPITAL NHS FOUNDATION TRUST,C_999,Total,31846.0,14651.0,15433.0,1762.0,46.01,5.53
Feb-2025,RD8,MILTON KEYNES UNIVERSITY HOSPITAL NHS FOUNDATION TRUST,C_130,Ophthalmology Service,3328.0,1300.0,1799.0,229.0,39.06,6.88
Feb-2025,NT429,PRIORY HOSPITAL,C_999,Total,984.0,767.0,217.0,0.0,77.95,0.0
Feb-2025,RXK,SANDWELL AND WEST BIRMINGHAM HOSPITALS NHS TRUST,X04,Other - Paediatric Services,5905.0,3421.0,2346.0,138.0,57.93,2.34
Feb-2025,RXK,SANDWELL AND WEST BIRMINGHAM HOSPITALS NHS TRUST,C_410,Rheumatology Service,489.0,435.0,50.0,4.0,88.96,0.82
Feb-2025,RR7,GATESHEAD HEALTH NHS FOUNDATION TRUST,C_340,Respiratory Medicine Service,526.0,437.0,89.0,0.0,83.08,0.0
Feb-2025,RTD,THE NEWCASTLE UPON TYNE HOSPITALS NHS FOUNDATION TRUST,C_140,Oral Surgery Service,1354.0,1068.0,286.0,0.0,78.88,0.0
Feb-2025,RTF,NORTHUMBRIA HEALTHCARE NHS FOUNDATION TRUST,C_110,Trauma and Orthopaedic Service,8618.0,6123.0,2487.0,8.0,71.05,0.09
Feb-2025,RTR,SOUTH TEES HOSPITALS NHS FOUNDATION TRUST,C_130,Ophthalmology Service,3913.0,2937.0,973.0,3.0,75.06,0.08
Feb-2025,RTR,SOUTH TEES HOSPITALS NHS FOUNDATION TRUST,C_430,Elderly Medicine Service,49.0,46.0,3.0,0.0,93.88,0.0
Feb-2025,RGR,WEST SUFFOLK NHS FOUNDATION TRUST,C_340,Respiratory Medicine Service,1024.0,609.0,382.0,33.0,59.47,3.22
Feb-2025,RA9,TORBAY AND SOUTH DEVON NHS FOUNDATION TRUST,C_430,Elderly Medicine Service,376.0,203.0,173.0,0.0,53.99,0.0
Feb-2025,RH8,ROYAL DEVON UNIVERSITY HEALTHCARE NHS FOUNDATION TRUST,X06,Other - Other Services,2120.0,1766.0,347.0,7.0,83.3,0.33
Feb-2025,RX4,"CUMBRIA, NORTHUMBERLAND, TYNE AND WEAR NHS FOUNDATION TRUST",C_999,Total,195.0,192.0,3.0,0.0,98.46,0.0
Feb-2025,RXP,COUNTY DURHAM AND DARLINGTON NHS FOUNDATION TRUST,X02,Other - Medical Services,128.0,115.0,13.0,0.0,89.84,0.0
Feb-2025,NT213,"NUFFIELD HEALTH, DERBY HOSPITAL",C_110,Trauma and Orthopaedic Service,1336.0,615.0,690.0,31.0,46.03,2.32
Feb-2025,NTP13,PRACTICE PLUS GROUP HOSPITAL - BARLBOROUGH,C_999,Total,2153.0,1420.0,723.0,10.0,65.95,0.46
Feb-2025,RFS,CHESTERFIELD ROYAL HOSPITAL NHS FOUNDATION TRUST,C_300,General Internal Medicine Service,349.0,238.0,109.0,2.0,68.19,0.57
Feb-2025,RTG,UNIVERSITY HOSPITALS OF DERBY AND BURTON NHS FOUNDATION TRUST,C_400,Neurology Service,3826.0,1790.0,1964.0,72.0,46.79,1.88
Feb-2025,NDL01,SUFFOLK GP FEDERATION,C_999,Total,66.0,65.0,1.0,0.0,98.48,0.0
Feb-2025,NVC13,OAKS HOSPITAL,C_101,Urology Service,40.0,18.0,21.0,1.0,45.0,2.5
Feb-2025,RK9,UNIVERSITY HOSPITALS PLYMOUTH NHS TRUST,C_100,General Surgery Service,26.0,26.0,0.0,0.0,100.0,0.0
Feb-2025,NT322,SPIRE LEICESTER HOSPITAL,C_110,Trauma and Orthopaedic Service,442.0,269.0,164.0,9.0,60.86,2.04
Feb-2025,NT322,SPIRE LEICESTER HOSPITAL,C_999,Total,457.0,282.0,166.0,9.0,61.71,1.97
Feb-2025,RWE,UNIVERSITY HOSPITALS OF LEICESTER NHS TRUST,C_330,Dermatology Service,3196.0,2314.0,882.0,0.0,72.4,0.0
Feb-2025,NT406,BLACKHEATH HOSPITAL,C_301,Gastroenterology Service,228.0,164.0,63.0,1.0,71.93,0.44
Feb-2025,NT406,BLACKHEATH HOSPITAL,C_502,Gynaecology Service,2.0,1.0,1.0,0.0,50.0,0.0
Feb-2025,RJ1,GUY'S AND ST THOMAS' NHS FOUNDATION TRUST,C_150,Neurosurgical Service,12.0,0.0,9.0,3.0,0.0,25.0
Feb-2025,RJ2,LEWISHAM AND GREENWICH NHS TRUST,C_400,Neurology Service,3393.0,1495.0,1635.0,263.0,44.06,7.75
Feb-2025,RJ2,LEWISHAM AND GREENWICH NHS TRUST,C_160,Plastic Surgery Service,15.0,9.0,6.0,0.0,60.0,0.0
Feb-2025,NT347,SPIRE FYLDE COAST HOSPITAL,C_150,Neurosurgical Service,181.0,162.0,16.0,3.0,89.5,1.66
Feb-2025,NT347,SPIRE FYLDE COAST HOSPITAL,C_301,Gastroenterology Service,7.0,5.0,2.0,0.0,71.43,0.0
Feb-2025,NVC05,EUXTON HALL HOSPITAL,C_301,Gastroenterology Service,2.0,1.0,1.0,0.0,50.0,0.0
Feb-2025,NVC05,EUXTON HALL HOSPITAL,X06,Other - Other Services,3.0,1.0,2.0,0.0,33.33,0.0
Feb-2025,NVC16,RENACRES HOSPITAL,C_110,Trauma and Orthopaedic Service,2384.0,1593.0,789.0,2.0,66.82,0.08
Feb-2025,R1G7E,SPAMEDICA KENDAL,C_130,Ophthalmology Service,194.0,191.0,3.0,0.0,98.45,0.0
Feb-2025,RXL,BLACKPOOL TEACHING HOSPITALS NHS FOUNDATION TRUST,C_301,Gastroenterology Service,3311.0,1897.0,1355.0,59.0,57.29,1.78
Feb-2025,RXN,LANCASHIRE TEACHING HOSPITALS NHS FOUNDATION TRUST,C_160,Plastic Surgery Service,3285.0,1823.0,1382.0,80.0,55.49,2.44
Feb-2025,RXR,EAST LANCASHIRE HOSPITALS NHS TRUST,X02,Other - Medical Services,4663.0,2752.0,1637.0,274.0,59.02,5.88
Feb-2025,RXR,EAST LANCASHIRE HOSPITALS NHS TRUST,X06,Other - Other Services,26.0,24.0,2.0,0.0,92.31,0.0
Feb-2025,RXR,EAST LANCASHIRE HOSPITALS NHS TRUST,C_300,General Internal Medicine Service,3.0,3.0,0.0,0.0,100.0,0.0
Feb-2025,NTX,THE ONE HEALTH GROUP PLC,C_999,Total,4209.0,3153.0,930.0,126.0,74.91,2.99
Feb-2025,RFF,BARNSLEY HOSPITAL NHS FOUNDATION TRUST,C_320,Cardiology Service,1071.0,969.0,102.0,0.0,90.48,0.0
Feb-2025,RFR,THE ROTHERHAM NHS FOUNDATION TRUST,C_999,Total,31022.0,19719.0,10490.0,813.0,63.56,2.62
Feb-2025,RHQ,SHEFFIELD TEACHING HOSPITALS NHS FOUNDATION TRUST,C_320,Cardiology Service,5159.0,3178.0,1841.0,140.0,61.6,2.71
Feb-2025,RHQ,SHEFFIELD TEACHING HOSPITALS NHS FOUNDATION TRUST,C_410,Rheumatology Service,1355.0,1054.0,295.0,6.0,77.79,0.44
Feb-2025,RP5,DONCASTER AND BASSETLAW TEACHING HOSPITALS NHS FOUNDATION TRUST,C_110,Trauma and Orthopaedic Service,11034.0,5827.0,4475.0,732.0,52.81,6.63
Feb-2025,RP5,DONCASTER AND BASSETLAW TEACHING HOSPITALS NHS FOUNDATION TRUST,C_130,Ophthalmology Service,3896.0,2288.0,1574.0,34.0,58.73,0.87
Feb-2025,ACG31,NEWMEDICA - WORCESTER,C_130,Ophthalmology Service,409.0,404.0,4.0,1.0,98.78,0.24
Feb-2025,J3X4C,SPAMEDICA WORCESTER,C_999,Total,85.0,83.0,2.0,0.0,97.65,0.0
Feb-2025,NT301,SPIRE SOUTH BANK HOSPITAL,C_110,Trauma and Orthopaedic Service,607.0,444.0,154.0,9.0,73.15,1.48
Feb-2025,RLQ,WYE VALLEY NHS TRUST,C_160,Plastic Surgery Service,430.0,202.0,228.0,0.0,46.98,0.0
Feb-2025,RWP,WORCESTERSHIRE ACUTE HOSPITALS NHS TRUST,C_110,Trauma and Orthopaedic Service,5112.0,2167.0,2846.0,99.0,42.39,1.94
Feb-2025,RWP,WORCESTERSHIRE ACUTE HOSPITALS NHS TRUST,C_320,Cardiology Service,2196.0,1769.0,427.0,0.0,80.56,0.0
Feb-2025,NT204,"NUFFIELD HEALTH, BRENTWOOD HOSPITAL",C_150,Neurosurgical Service,84.0,62.0,22.0,0.0,73.81,0.0
Feb-2025,NT313,SPIRE WELLESLEY HOSPITAL,C_100,General Surgery Service,111.0,57.0,54.0,0.0,51.35,0.0
Feb-2025,NT410,CHILTERN HOSPITAL,C_999,Total,535.0,432.0,103.0,0.0,80.75,0.0
Feb-2025,NT410,CHILTERN HOSPITAL,C_100,General Surgery Service,25.0,22.0,3.0,0.0,88.0,0.0
Feb-2025,NVC25,THE CHERWELL HOSPITAL,C_130,Ophthalmology Service,1.0,0.0,0.0,1.0,0.0,100.0
Feb-2025,RTH,OXFORD UNIVERSITY HOSPITALS NHS FOUNDATION TRUST,C_410,Rheumatology Service,1815.0,1131.0,675.0,9.0,62.31,0.5
Feb-2025,RTH,OXFORD UNIVERSITY HOSPITALS NHS FOUNDATION TRUST,X02,Other - Medical Services,14147.0,8980.0,4927.0,240.0,63.48,1.7
Feb-2025,RPY,THE ROYAL MARSDEN NHS FOUNDATION TRUST,C_999,Total,2025.0,1888.0,133.0,4.0,93.23,0.2
Feb-2025,RPY,THE ROYAL MARSDEN NHS FOUNDATION TRUST,C_100,General Surgery Service,129.0,112.0,16.0,1.0,86.82,0.78
Feb-2025,RQM,CHELSEA AND WESTMINSTER HOSPITAL NHS FOUNDATION TRUST,C_340,Respiratory Medicine Service,1539.0,1129.0,410.0,0.0,73.36,0.0
Feb-2025,RYJ,IMPERIAL COLLEGE HEALTHCARE NHS TRUST,C_110,Trauma and Orthopaedic Service,3009.0,1628.0,1290.0,91.0,54.1,3.02
Feb-2025,RYJ,IMPERIAL COLLEGE HEALTHCARE NHS TRUST,C_130,Ophthalmology Service,5250.0,3402.0,1818.0,30.0,64.8,0.57
Feb-2025,RH5,SOMERSET NHS FOUNDATION TRUST,C_120,Ear Nose and Throat Service,5185.0,2770.0,2241.0,174.0,53.42,3.36
Feb-2025,RH5,SOMERSET NHS FOUNDATION TRUST,C_301,Gastroenterology Service,2813.0,1644.0,1125.0,44.0,58.44,1.56
Feb-2025,ACG30,NEWMEDICA - WORKSOP - DUKERIES,C_999,Total,153.0,140.0,13.0,0.0,91.5,0.0
Feb-2025,B1A5K,NEWMEDICA - NOTTINGHAM,C_999,Total,622.0,577.0,45.0,0.0,92.77,0.0
Feb-2025,NT427,PARK HOSPITAL,C_101,Urology Service,49.0,45.0,4.0,0.0,91.84,0.0
Feb-2025,NT427,PARK HOSPITAL,C_320,Cardiology Service,1.0,1.0,0.0,0.0,100.0,0.0
Feb-2025,NVC40,WOODTHORPE HOSPITAL,C_110,Trauma and Orthopaedic Service,2448.0,1381.0,1049.0,18.0,56.41,0.74
Feb-2025,NVC40,WOODTHORPE HOSPITAL,C_999,Total,3708.0,2306.0,1381.0,21.0,62.19,0.57
Feb-2025,RK5,SHERWOOD FOREST HOSPITALS NHS FOUNDATION TRUST,X02,Other - Medical Services,2411.0,1501.0,907.0,3.0,62.26,0.12
Feb-2025,RK5,SHERWOOD FOREST HOSPITALS NHS FOUNDATION TRUST,C_140,Oral Surgery Service,911.0,503.0,357.0,51.0,55.21,5.6
Feb-2025,RX1,NOTTINGHAM UNIVERSITY HOSPITALS NHS TRUST,C_999,Total,85389.0,48511.0,34820.0,2058.0,56.81,2.41
Feb-2025,NVC04,DUCHY HOSPITAL,C_320,Cardiology Service,256.0,150.0,104.0,2.0,58.59,0.78
Feb-2025,NT205,"NUFFIELD HEALTH, BRIGHTON HOSPITAL",C_160,Plastic Surgery Service,111.0,2.0,102.0,7.0,1.8,6.31
Feb-2025,NT218,"NUFFIELD HEALTH, HAYWARDS HEATH HOSPITAL",C_100,General Surgery Service,11.0,0.0,7.0,4.0,0.0,36.36
Feb-2025,NT417,GORING HALL HOSPITAL,C_502,Gynaecology Service,97.0,40.0,57.0,0.0,41.24,0.0
Feb-2025,RPC,QUEEN VICTORIA HOSPITAL NHS FOUNDATION TRUST,C_999,Total,18804.0,10666.0,7694.0,444.0,56.72,2.36
Feb-2025,RPC,QUEEN VICTORIA HOSPITAL NHS FOUNDATION TRUST,X02,Other - Medical Services,26.0,24.0,2.0,0.0,92.31,0.0
Feb-2025,RXC,EAST SUSSEX HEALTHCARE NHS TRUST,C_502,Gynaecology Service,5618.0,2627.0,2841.0,150.0,46.76,2.67
Feb-2025,RXC,EAST SUSSEX HEALTHCARE NHS TRUST,X04,Other - Paediatric Services,334.0,249.0,83.0,2.0,74.55,0.6
Feb-2025,RYR,UNIVERSITY HOSPITALS SUSSEX NHS FOUNDATION TRUST,C_340,Respiratory Medicine Service,1669.0,1108.0,543.0,18.0,66.39,1.08
Feb-2025,RYR,UNIVERSITY HOSPITALS SUSSEX NHS FOUNDATION TRUST,C_400,Neurology Service,4498.0,1911.0,2301.0,286.0,42.49,6.36
Feb-2025,RAL,ROYAL FREE LONDON NHS FOUNDATION TRUST,C_320,Cardiology Service,8427.0,5222.0,3198.0,7.0,61.97,0.08
Feb-2025,RKE,WHITTINGTON HEALTH NHS TRUST,C_130,Ophthalmology Service,1272.0,954.0,309.0,9.0,75.0,0.71
Feb-2025,RKE,WHITTINGTON HEALTH NHS TRUST,C_330,Dermatology Service,2110.0,907.0,1201.0,2.0,42.99,0.09
Feb-2025,RRV,UNIVERSITY COLLEGE LONDON HOSPITALS NHS FOUNDATION TRUST,X04,Other - Paediatric Services,5496.0,3082.0,2285.0,129.0,56.08,2.35
Feb-2025,RRV,UNIVERSITY COLLEGE LONDON HOSPITALS NHS FOUNDATION TRUST,X03,Other - Mental Health Services,610.0,387.0,221.0,2.0,63.44,0.33
Feb-2025,B5M7B,NEWMEDICA - NORWICH,C_130,Ophthalmology Service,783.0,778.0,5.0,0.0,99.36,0.0
Feb-2025,RCX,"THE QUEEN ELIZABETH HOSPITAL, KING'S LYNN, NHS FOUNDATION TRUST",C_410,Rheumatology Service,891.0,398.0,476.0,17.0,44.67,1.91
Feb-2025,RGP,JAMES PAGET UNIVERSITY HOSPITALS NHS FOUNDATION TRUST,X02,Other - Medical Services,607.0,495.0,110.0,2.0,81.55,0.33
Feb-2025,RGP,JAMES PAGET UNIVERSITY HOSPITALS NHS FOUNDATION TRUST,C_130,Ophthalmology Service,3249.0,1997.0,1188.0,64.0,61.47,1.97
Feb-2025,RGP,JAMES PAGET UNIVERSITY HOSPITALS NHS FOUNDATION TRUST,C_330,Dermatology Service,1074.0,1014.0,58.0,2.0,94.41,0.19
Feb-2025,RM1,NORFOLK AND NORWICH UNIVERSITY HOSPITALS NHS FOUNDATION TRUST,C_120,Ear Nose and Throat Service,8658.0,3799.0,4551.0,308.0,43.88,3.56
Feb-2025,NVC17,ROWLEY HALL HOSPITAL,C_101,Urology Service,2.0,2.0,0.0,0.0,100.0,0.0
Feb-2025,NVC17,ROWLEY HALL HOSPITAL,C_502,Gynaecology Service,470.0,250.0,220.0,0.0,53.19,0.0
Feb-2025,RJE,UNIVERSITY HOSPITALS OF NORTH MIDLANDS NHS TRUST,C_110,Trauma and Orthopaedic Service,6395.0,3625.0,2435.0,335.0,56.68,5.24
Feb-2025,N8R1N,NEWMEDICA - BERKSHIRE,C_999,Total,411.0,393.0,18.0,0.0,95.62,0.0
Feb-2025,NT428,PRINCESS MARGARET HOSPITAL,C_100,General Surgery Service,24.0,15.0,9.0,0.0,62.5,0.0
Feb-2025,RDU,FRIMLEY HEALTH NHS FOUNDATION TRUST,C_100,General Surgery Service,1620.0,929.0,598.0,93.0,57.35,5.74
Feb-2025,RDU,FRIMLEY HEALTH NHS FOUNDATION TRUST,C_101,Urology Service,5188.0,2608.0,2265.0,315.0,50.27,6.07
Feb-2025,I9A4A,SPAMEDICA BRIGHTON,C_999,Total,259.0,254.0,5.0,0.0,98.07,0.0
Feb-2025,NTP11,PRACTICE PLUS GROUP HOSPITAL - SOUTHAMPTON,C_140,Oral Surgery Service,3732.0,2242.0,1488.0,2.0,60.08,0.05
Feb-2025,NTPAD,PRACTICE PLUS GROUP SURGICAL CENTRE - ST MARYS PORTSMOUTH,C_301,Gastroenterology Service,312.0,312.0,0.0,0.0,100.0,0.0
Feb-2025,R1F,ISLE OF WIGHT NHS TRUST,X06,Other - Other Services,69.0,33.0,36.0,0.0,47.83,0.0
Feb-2025,R1F,ISLE OF WIGHT NHS TRUST,C_340,Respiratory Medicine Service,313.0,194.0,119.0,0.0,61.98,0.0
Feb-2025,R1F,ISLE OF WIGHT NHS TRUST,C_502,Gynaecology Service,1077.0,631.0,436.0,10.0,58.59,0.93
Feb-2025,RCB,YORK AND SCARBOROUGH TEACHING HOSPITALS NHS FOUNDATION TRUST,C_120,Ear Nose and Throat Service,6007.0,2692.0,3199.0,116.0,44.81,1.93
Feb-2025,RCD,HARROGATE AND DISTRICT NHS FOUNDATION TRUST,C_100,General Surgery Service,2133.0,1413.0,706.0,14.0,66.24,0.66
Feb-2025,RCD,HARROGATE AND DISTRICT NHS FOUNDATION TRUST,C_120,Ear Nose and Throat Service,2598.0,1666.0,919.0,13.0,64.13,0.5
Feb-2025,RCD,HARROGATE AND DISTRICT NHS FOUNDATION TRUST,X05,Other - Surgical Services,735.0,494.0,231.0,10.0,67.21,1.36
Feb-2025,RCD,HARROGATE AND DISTRICT NHS FOUNDATION TRUST,C_300,General Internal Medicine Service,4.0,4.0,0.0,0.0,100.0,0.0
Feb-2025,RCD,HARROGATE AND DISTRICT NHS FOUNDATION TRUST,X06,Other - Other Services,137.0,66.0,71.0,0.0,48.18,0.0
Feb-2025,G3Z1Q,SULIS HOSPITAL BATH (FOXCOTE AVENUE),C_101,Urology Service,126.0,96.0,28.0,2.0,76.19,1.59
Feb-2025,NT402,BATH CLINIC,C_110,Trauma and Orthopaedic Service,462.0,366.0,96.0,0.0,79.22,0.0
Feb-2025,NT402,BATH CLINIC,C_130,Ophthalmology Service,314.0,257.0,57.0,0.0,81.85,0.0
Feb-2025,NT402,BATH CLINIC,X06,Other - Other Services,6.0,6.0,0.0,0.0,100.0,0.0
Feb-2025,NT430,RIDGEWAY HOSPITAL,C_130,Ophthalmology Service,252.0,139.0,111.0,2.0,55.16,0.79
Feb-2025,NVC09,NEW HALL HOSPITAL,C_101,Urology Service,232.0,113.0,116.0,3.0,48.71,1.29
Feb-2025,RN3,GREAT WESTERN HOSPITALS NHS FOUNDATION TRUST,C_130,Ophthalmology Service,2034.0,1302.0,711.0,21.0,64.01,1.03
Feb-2025,K8I4X,GLENDON WOOD HOSPITAL,C_110,Trauma and Orthopaedic Service,394.0,242.0,144.0,8.0,61.42,2.03
Feb-2025,K8I4X,GLENDON WOOD HOSPITAL,C_120,Ear Nose and Throat Service,12.0,9.0,3.0,0.0,75.0,0.0
Feb-2025,NT441,THREE SHIRES HOSPITAL,C_502,Gynaecology Service,602.0,343.0,259.0,0.0,56.98,0.0
Feb-2025,NVC23,WOODLAND HOSPITAL,C_130,Ophthalmology Service,1.0,0.0,1.0,0.0,0.0,0.0
Feb-2025,RNQ,KETTERING GENERAL HOSPITAL NHS FOUNDATION TRUST,C_330,Dermatology Service,1149.0,730.0,418.0,1.0,63.53,0.09
Feb-2025,RNQ,KETTERING GENERAL HOSPITAL NHS FOUNDATION TRUST,X06,Other - Other Services,22.0,18.0,4.0,0.0,81.82,0.0
Feb-2025,A0C5S,SPAMEDICA GLOUCESTER,C_130,Ophthalmology Service,86.0,83.0,3.0,0.0,96.51,0.0
Feb-2025,NVC22,WINFIELD HOSPITAL,C_160,Plastic Surgery Service,41.0,4.0,37.0,0.0,9.76,0.0
Feb-2025,RTE,GLOUCESTERSHIRE HOSPITALS NHS FOUNDATION TRUST,C_400,Neurology Service,2456.0,1421.0,1025.0,10.0,57.86,0.41
Feb-2025,RHU,PORTSMOUTH HOSPITALS UNIVERSITY NATIONAL HEALTH SERVICE TRUST,C_140,Oral Surgery Service,3830.0,1705.0,1931.0,194.0,44.52,5.07
Feb-2025,RN5,HAMPSHIRE HOSPITALS NHS FOUNDATION TRUST,C_100,General Surgery Service,2796.0,1253.0,1407.0,136.0,44.81,4.86
Feb-2025,RN5,HAMPSHIRE HOSPITALS NHS FOUNDATION TRUST,C_430,Elderly Medicine Service,133.0,120.0,12.0,1.0,90.23,0.75
Feb-2025,NT405,BISHOPS WOOD HOSPITAL,C_110,Trauma and Orthopaedic Service,297.0,210.0,85.0,2.0,70.71,0.67
Feb-2025,NT405,BISHOPS WOOD HOSPITAL,C_999,Total,625.0,468.0,153.0,4.0,74.88,0.64
Feb-2025,NT405,BISHOPS WOOD HOSPITAL,C_120,Ear Nose and Throat Service,1.0,0.0,1.0,0.0,0.0,0.0
Feb-2025,NT411,CLEMENTINE CHURCHILL HOSPITAL,C_101,Urology Service,50.0,29.0,21.0,0.0,58.0,0.0
Feb-2025,R1K,LONDON NORTH WEST UNIVERSITY HEALTHCARE NHS TRUST,C_140,Oral Surgery Service,6671.0,3412.0,3072.0,187.0,51.15,2.8
Feb-2025,R1K,LONDON NORTH WEST UNIVERSITY HEALTHCARE NHS TRUST,C_130,Ophthalmology Service,2255.0,1227.0,1015.0,13.0,54.41,0.58
Feb-2025,NT235,"NUFFIELD HEALTH, SHREWSBURY HOSPITAL",C_999,Total,214.0,140.0,73.0,1.0,65.42,0.47
Feb-2025,DXV,OMNES HEALTHCARE LTD,C_120,Ear Nose and Throat Service,3565.0,3142.0,421.0,2.0,88.13,0.06
Feb-2025,NT401,ALEXANDRA HOSPITAL,C_100,General Surgery Service,277.0,236.0,41.0,0.0,85.2,0.0
Feb-2025,NVC12,OAKLANDS HOSPITAL,C_100,General Surgery Service,970.0,687.0,281.0,2.0,70.82,0.21
Feb-2025,R0A,MANCHESTER UNIVERSITY NHS FOUNDATION TRUST,X03,Other - Mental Health Services,49.0,33.0,16.0,0.0,67.35,0.0
Feb-2025,RBV,THE CHRISTIE NHS FOUNDATION TRUST,C_101,Urology Service,171.0,152.0,19.0,0.0,88.89,0.0
Feb-2025,RMC,BOLTON NHS FOUNDATION TRUST,C_430,Elderly Medicine Service,259.0,255.0,4.0,0.0,98.46,0.0
Feb-2025,RMC,BOLTON NHS FOUNDATION TRUST,C_140,Oral Surgery Service,3207.0,1257.0,1760.0,190.0,39.2,5.92
Feb-2025,RMP,TAMESIDE AND GLOSSOP INTEGRATED CARE NHS FOUNDATION TRUST,C_502,Gynaecology Service,2265.0,1460.0,805.0,0.0,64.46,0.0
Feb-2025,RRF,"WRIGHTINGTON, WIGAN AND LEIGH NHS FOUNDATION TRUST",C_110,Trauma and Orthopaedic Service,8712.0,5065.0,3461.0,186.0,58.14,2.13
Feb-2025,RRF,"WRIGHTINGTON, WIGAN AND LEIGH NHS FOUNDATION TRUST",C_160,Plastic Surgery Service,1035.0,346.0,640.0,49.0,33.43,4.73
Feb-2025,RRF,"WRIGHTINGTON, WIGAN AND LEIGH NHS FOUNDATION TRUST",C_320,Cardiology Service,1797.0,1056.0,688.0,53.0,58.76,2.95
Feb-2025,RWJ,STOCKPORT NHS FOUNDATION TRUST,C_340,Respiratory Medicine Service,976.0,522.0,414.0,40.0,53.48,4.1
Feb-2025,ACG12,NEWMEDICA COMMUNITY OPHTHALMOLOGY - NORTH EAST LINCOLNSHIRE - GRIMSBY,C_999,Total,626.0,551.0,75.0,0.0,88.02,0.0
Feb-2025,RCB,YORK AND SCARBOROUGH TEACHING HOSPITALS NHS FOUNDATION TRUST,C_340,Respiratory Medicine Service,1182.0,577.0,586.0,19.0,48.82,1.61
Feb-2025,NT308,SPIRE GATWICK PARK HOSPITAL,C_999,Total,1102.0,678.0,403.0,21.0,61.52,1.91
Feb-2025,RA2,ROYAL SURREY COUNTY HOSPITAL NHS FOUNDATION TRUST,C_340,Respiratory Medicine Service,1041.0,513.0,489.0,39.0,49.28,3.75
Feb-2025,RJ7,ST GEORGE'S UNIVERSITY HOSPITALS NHS FOUNDATION TRUST,X06,Other - Other Services,3245.0,1491.0,1723.0,31.0,45.95,0.96
Feb-2025,RJ7,ST GEORGE'S UNIVERSITY HOSPITALS NHS FOUNDATION TRUST,C_130,Ophthalmology Service,65.0,42.0,23.0,0.0,64.62,0.0
Feb-2025,RVR,EPSOM AND ST HELIER UNIVERSITY HOSPITALS NHS TRUST,C_999,Total,49557.0,32355.0,16543.0,659.0,65.29,1.33
Feb-2025,RVR,EPSOM AND ST HELIER UNIVERSITY HOSPITALS NHS TRUST,C_120,Ear Nose and Throat Service,2361.0,1570.0,762.0,29.0,66.5,1.23
Feb-2025,RVR,EPSOM AND ST HELIER UNIVERSITY HOSPITALS NHS TRUST,C_130,Ophthalmology Service,2118.0,2004.0,114.0,0.0,94.62,0.0
Feb-2025,NT225,"NUFFIELD HEALTH, LEEDS HOSPITAL",C_120,Ear Nose and Throat Service,48.0,19.0,12.0,17.0,39.58,35.42
Feb-2025,NT350,SPIRE METHLEY PARK HOSPITAL,C_100,General Surgery Service,292.0,242.0,50.0,0.0,82.88,0.0
Feb-2025,NVC20,THE YORKSHIRE CLINIC,C_502,Gynaecology Service,273.0,187.0,84.0,2.0,68.5,0.73
Feb-2025,RAE,BRADFORD TEACHING HOSPITALS NHS FOUNDATION TRUST,C_110,Trauma and Orthopaedic Service,2235.0,1037.0,1108.0,90.0,46.4,4.03
Feb-2025,RAE,BRADFORD TEACHING HOSPITALS NHS FOUNDATION TRUST,X02,Other - Medical Services,3830.0,2453.0,1375.0,2.0,64.05,0.05
Feb-2025,RAE,BRADFORD TEACHING HOSPITALS NHS FOUNDATION TRUST,C_100,General Surgery Service,603.0,336.0,267.0,0.0,55.72,0.0
Feb-2025,RWY,CALDERDALE AND HUDDERSFIELD NHS FOUNDATION TRUST,C_301,Gastroenterology Service,2689.0,1955.0,734.0,0.0,72.7,0.0
Feb-2025,RXF,MID YORKSHIRE TEACHING NHS TRUST,C_301,Gastroenterology Service,2578.0,1910.0,660.0,8.0,74.09,0.31
Feb-2025,RY6,LEEDS COMMUNITY HEALTHCARE NHS TRUST,C_999,Total,78.0,41.0,35.0,2.0,52.56,2.56
Feb-2025,NT424,MERIDEN HOSPITAL,C_301,Gastroenterology Service,143.0,113.0,29.0,1.0,79.02,0.7
Feb-2025,RJC,SOUTH WARWICKSHIRE UNIVERSITY NHS FOUNDATION TRUST,C_100,General Surgery Service,1590.0,850.0,705.0,35.0,53.46,2.2
Feb-2025,RLT,GEORGE ELIOT HOSPITAL NHS TRUST,C_300,General Internal Medicine Service,2652.0,2108.0,544.0,0.0,79.49,0.0
Feb-2025,RLT,GEORGE ELIOT HOSPITAL NHS TRUST,C_320,Cardiology Service,247.0,216.0,31.0,0.0,87.45,0.0
Feb-2025,RLT,GEORGE ELIOT HOSPITAL NHS TRUST,C_430,Elderly Medicine Service,68.0,62.0,6.0,0.0,91.18,0.0
Feb-2025,NNE,DORKING HEALTHCARE LIMITED (DHC),C_120,Ear Nose and Throat Service,637.0,573.0,64.0,0.0,89.95,0.0
Feb-2025,NNE,DORKING HEALTHCARE LIMITED (DHC),C_340,Respiratory Medicine Service,145.0,128.0,17.0,0.0,88.28,0.0
Feb-2025,RBK,WALSALL HEALTHCARE NHS TRUST,C_999,Total,28375.0,19674.0,8503.0,198.0,69.34,0.7
Feb-2025,RBK,WALSALL HEALTHCARE NHS TRUST,X06,Other - Other Services,332.0,238.0,94.0,0.0,71.69,0.0
Feb-2025,RL4,THE ROYAL WOLVERHAMPTON NHS TRUST,C_130,Ophthalmology Service,10622.0,6409.0,4043.0,170.0,60.34,1.6
Feb-2025,RL4,THE ROYAL WOLVERHAMPTON NHS TRUST,C_300,General Internal Medicine Service,76.0,40.0,35.0,1.0,52.63,1.32
Feb-2025,RNA,THE DUDLEY GROUP NHS FOUNDATION TRUST,C_330,Dermatology Service,3280.0,1888.0,1345.0,47.0,57.56,1.43
Feb-2025,RNA,THE DUDLEY GROUP NHS FOUNDATION TRUST,X05,Other - Surgical Services,2286.0,1555.0,705.0,26.0,68.02,1.14
Feb-2025,RNA,THE DUDLEY GROUP NHS FOUNDATION TRUST,X06,Other - Other Services,2757.0,1623.0,1127.0,7.0,58.87,0.25
Feb-2025,NQM01,ORTHOPAEDICS & SPINE SPECIALIST HOSPITAL SITE,C_110,Trauma and Orthopaedic Service,183.0,158.0,25.0,0.0,86.34,0.0
Feb-2025,RGN,NORTH WEST ANGLIA NHS FOUNDATION TRUST,C_120,Ear Nose and Throat Service,8841.0,3844.0,4556.0,441.0,43.48,4.99
Feb-2025,RGT,CAMBRIDGE UNIVERSITY HOSPITALS NHS FOUNDATION TRUST,C_330,Dermatology Service,4263.0,2109.0,2009.0,145.0,49.47,3.4
Feb-2025,ACG20,NEWMEDICA - BRISTOL - LITFIELD HOUSE,C_130,Ophthalmology Service,226.0,222.0,4.0,0.0,98.23,0.0
Feb-2025,RVJ,NORTH BRISTOL NHS TRUST,C_100,General Surgery Service,803.0,434.0,352.0,17.0,54.05,2.12
Feb-2025,NT202,"NUFFIELD HEALTH, BOURNEMOUTH HOSPITAL",C_999,Total,537.0,278.0,236.0,23.0,51.77,4.28
Feb-2025,R0D,UNIVERSITY HOSPITALS DORSET NHS FOUNDATION TRUST,C_410,Rheumatology Service,1331.0,945.0,376.0,10.0,71.0,0.75
Feb-2025,R0D,UNIVERSITY HOSPITALS DORSET NHS FOUNDATION TRUST,C_430,Elderly Medicine Service,395.0,364.0,31.0,0.0,92.15,0.0
Feb-2025,RBD,DORSET COUNTY HOSPITAL NHS FOUNDATION TRUST,C_110,Trauma and Orthopaedic Service,3238.0,1539.0,1593.0,106.0,47.53,3.27
Feb-2025,RBD,DORSET COUNTY HOSPITAL NHS FOUNDATION TRUST,X05,Other - Surgical Services,1175.0,971.0,199.0,5.0,82.64,0.43
Feb-2025,RBD,DORSET COUNTY HOSPITAL NHS FOUNDATION TRUST,C_340,Respiratory Medicine Service,344.0,257.0,87.0,0.0,74.71,0.0
Feb-2025,NT436,SHIRLEY OAKS HOSPITAL,C_100,General Surgery Service,73.0,55.0,18.0,0.0,75.34,0.0
Feb-2025,NT436,SHIRLEY OAKS HOSPITAL,C_502,Gynaecology Service,25.0,0.0,24.0,1.0,0.0,4.0
Feb-2025,R0F4N,NUFFIELD HEALTH PARKSIDE HOSPITAL,X05,Other - Surgical Services,38.0,29.0,4.0,5.0,76.32,13.16
Feb-2025,RAX,KINGSTON AND RICHMOND NHS FOUNDATION TRUST,C_330,Dermatology Service,2771.0,1861.0,907.0,3.0,67.16,0.11
Feb-2025,RAX,KINGSTON AND RICHMOND NHS FOUNDATION TRUST,C_120,Ear Nose and Throat Service,4843.0,2895.0,1945.0,3.0,59.78,0.06
Feb-2025,RAX,KINGSTON AND RICHMOND NHS FOUNDATION TRUST,C_400,Neurology Service,799.0,609.0,190.0,0.0,76.22,0.0
Feb-2025,RAX,KINGSTON AND RICHMOND NHS FOUNDATION TRUST,C_320,Cardiology Service,1238.0,1026.0,212.0,0.0,82.88,0.0
Feb-2025,RAX,KINGSTON AND RICHMOND NHS FOUNDATION TRUST,C_410,Rheumatology Service,556.0,534.0,22.0,0.0,96.04,0.0
Feb-2025,RAX,KINGSTON AND RICHMOND NHS FOUNDATION TRUST,C_430,Elderly Medicine Service,12.0,10.0,2.0,0.0,83.33,0.0
Feb-2025,RJ6,CROYDON HEALTH SERVICES NHS TRUST,C_101,Urology Service,1879.0,1587.0,288.0,4.0,84.46,0.21
Feb-2025,RJZ,KING'S COLLEGE HOSPITAL NHS FOUNDATION TRUST,X06,Other - Other Services,491.0,324.0,161.0,6.0,65.99,1.22
Feb-2025,ADP02,KIMS HOSPITAL (NEWNHAM COURT),C_100,General Surgery Service,96.0,96.0,0.0,0.0,100.0,0.0
Feb-2025,NN8,SPENCER PRIVATE HOSPITALS LTD,C_999,Total,2960.0,1833.0,1026.0,101.0,61.93,3.41
Feb-2025,NT239,"NUFFIELD HEALTH, TUNBRIDGE WELLS HOSPITAL",C_999,Total,242.0,105.0,120.0,17.0,43.39,7.02
Feb-2025,NT312,SPIRE ALEXANDRA HOSPITAL,X05,Other - Surgical Services,744.0,588.0,156.0,0.0,79.03,0.0
Feb-2025,NT312,SPIRE ALEXANDRA HOSPITAL,C_100,General Surgery Service,52.0,46.0,6.0,0.0,88.46,0.0
Feb-2025,NT408,CHAUCER HOSPITAL,C_110,Trauma and Orthopaedic Service,416.0,277.0,139.0,0.0,66.59,0.0
Feb-2025,NWF01,BENENDEN HOSPITAL,C_999,Total,1427.0,876.0,467.0,84.0,61.39,5.89
Feb-2025,NYR,HEALTHSHARE DIAGNOSTICS,C_410,Rheumatology Service,65.0,35.0,26.0,4.0,53.85,6.15
Feb-2025,RVV,EAST KENT HOSPITALS UNIVERSITY NHS FOUNDATION TRUST,C_410,Rheumatology Service,3131.0,1150.0,1927.0,54.0,36.73,1.72
Feb-2025,RVV,EAST KENT HOSPITALS UNIVERSITY NHS FOUNDATION TRUST,C_999,Total,81335.0,42926.0,35789.0,2620.0,52.78,3.22
Feb-2025,RVV,EAST KENT HOSPITALS UNIVERSITY NHS FOUNDATION TRUST,C_300,General Internal Medicine Service,9.0,5.0,4.0,0.0,55.56,0.0
Feb-2025,RWF,MAIDSTONE AND TUNBRIDGE WELLS NHS TRUST,C_340,Respiratory Medicine Service,902.0,817.0,85.0,0.0,90.58,0.0
Feb-2025,RWF,MAIDSTONE AND TUNBRIDGE WELLS NHS TRUST,X04,Other - Paediatric Services,3517.0,2112.0,1405.0,0.0,60.05,0.0
Feb-2025,RWF,MAIDSTONE AND TUNBRIDGE WELLS NHS TRUST,C_502,Gynaecology Service,3619.0,2833.0,786.0,0.0,78.28,0.0
Feb-2025,RYY,KENT COMMUNITY HEALTH NHS FOUNDATION TRUST,X02,Other - Medical Services,410.0,409.0,1.0,0.0,99.76,0.0
Feb-2025,RQW,THE PRINCESS ALEXANDRA HOSPITAL NHS TRUST,C_320,Cardiology Service,5670.0,2358.0,3120.0,192.0,41.59,3.39
Feb-2025,RQW,THE PRINCESS ALEXANDRA HOSPITAL NHS TRUST,X02,Other - Medical Services,1454.0,630.0,763.0,61.0,43.33,4.2
Feb-2025,RWG,WEST HERTFORDSHIRE TEACHING HOSPITALS NHS TRUST,C_430,Elderly Medicine Service,47.0,45.0,2.0,0.0,95.74,0.0
Feb-2025,RWH,EAST AND NORTH HERTFORDSHIRE NHS TRUST,X06,Other - Other Services,14248.0,9016.0,5039.0,193.0,63.28,1.35
Feb-2025,RWH,EAST AND NORTH HERTFORDSHIRE NHS TRUST,C_330,Dermatology Service,1267.0,757.0,509.0,1.0,59.75,0.08
Feb-2025,RWH,EAST AND NORTH HERTFORDSHIRE NHS TRUST,C_100,General Surgery Service,1935.0,1166.0,750.0,19.0,60.26,0.98
Feb-2025,NT314,SPIRE LONDON EAST,C_502,Gynaecology Service,74.0,73.0,1.0,0.0,98.65,0.0
Feb-2025,NTP15,PRACTICE PLUS GROUP HOSPITAL - ILFORD,C_301,Gastroenterology Service,279.0,279.0,0.0,0.0,100.0,0.0
Feb-2025,R1H,BARTS HEALTH NHS TRUST,C_320,Cardiology Service,9351.0,6025.0,3312.0,14.0,64.43,0.15
Feb-2025,R1H,BARTS HEALTH NHS TRUST,C_330,Dermatology Service,6114.0,3078.0,2977.0,59.0,50.34,0.96
Feb-2025,RF4,"BARKING, HAVERING AND REDBRIDGE UNIVERSITY HOSPITALS NHS TRUST",C_120,Ear Nose and Throat Service,4787.0,3189.0,1562.0,36.0,66.62,0.75
Feb-2025,RF4,"BARKING, HAVERING AND REDBRIDGE UNIVERSITY HOSPITALS NHS TRUST",C_130,Ophthalmology Service,3946.0,3098.0,848.0,0.0,78.51,0.0
Feb-2025,NT416,HENDON HOSPITAL,C_999,Total,826.0,570.0,256.0,0.0,69.01,0.0
Feb-2025,NT421,KINGS OAK HOSPITAL,C_502,Gynaecology Service,9.0,4.0,5.0,0.0,44.44,0.0
Feb-2025,NT451,CAVELL HOSPITAL,C_301,Gastroenterology Service,338.0,216.0,122.0,0.0,63.91,0.0
Feb-2025,RTP,SURREY AND SUSSEX HEALTHCARE NHS TRUST,C_330,Dermatology Service,3300.0,1754.0,1430.0,116.0,53.15,3.52
Feb-2025,RTP,SURREY AND SUSSEX HEALTHCARE NHS TRUST,C_320,Cardiology Service,5681.0,2647.0,3028.0,6.0,46.59,0.11
Feb-2025,RTP,SURREY AND SUSSEX HEALTHCARE NHS TRUST,C_410,Rheumatology Service,858.0,560.0,297.0,1.0,65.27,0.12
Feb-2025,ACM,EYE CARE MEDICAL LTD,C_999,Total,4.0,4.0,0.0,0.0,100.0,0.0
Feb-2025,AQK,VERNOVA HEALTHCARE COMMUNITY INTEREST COMPANY,C_999,Total,228.0,211.0,17.0,0.0,92.54,0.0
Feb-2025,NT210,"NUFFIELD HEALTH, THE GROSVENOR HOSPITAL, CHESTER",C_100,General Surgery Service,31.0,30.0,1.0,0.0,96.77,0.0
Feb-2025,NT324,SPIRE CHESHIRE HOSPITAL,C_160,Plastic Surgery Service,85.0,64.0,21.0,0.0,75.29,0.0
Feb-2025,NT325,SPIRE MURRAYFIELD HOSPITAL,X05,Other - Surgical Services,51.0,48.0,3.0,0.0,94.12,0.0
Feb-2025,NVG01,FAIRFIELD HOSPITAL,C_999,Total,2024.0,1425.0,599.0,0.0,70.41,0.0
Feb-2025,RBL,WIRRAL UNIVERSITY TEACHING HOSPITAL NHS FOUNDATION TRUST,C_410,Rheumatology Service,1124.0,477.0,609.0,38.0,42.44,3.38
Feb-2025,RBN,MERSEY AND WEST LANCASHIRE TEACHING HOSPITALS NHS TRUST,C_301,Gastroenterology Service,5351.0,4614.0,721.0,16.0,86.23,0.3
Feb-2025,RBT,MID CHESHIRE HOSPITALS NHS FOUNDATION TRUST,C_100,General Surgery Service,1312.0,615.0,611.0,86.0,46.88,6.55
Feb-2025,RBT,MID CHESHIRE HOSPITALS NHS FOUNDATION TRUST,C_110,Trauma and Orthopaedic Service,4606.0,1813.0,2237.0,556.0,39.36,12.07
Feb-2025,REM,LIVERPOOL UNIVERSITY HOSPITALS NHS FOUNDATION TRUST,C_301,Gastroenterology Service,6909.0,3810.0,2923.0,176.0,55.15,2.55
Feb-2025,REN,THE CLATTERBRIDGE CANCER CENTRE NHS FOUNDATION TRUST,X06,Other - Other Services,445.0,433.0,12.0,0.0,97.3,0.0
Feb-2025,RJR,COUNTESS OF CHESTER HOSPITAL NHS FOUNDATION TRUST,C_140,Oral Surgery Service,1622.0,762.0,726.0,134.0,46.98,8.26
Feb-2025,RJR,COUNTESS OF CHESTER HOSPITAL NHS FOUNDATION TRUST,C_300,General Internal Medicine Service,54.0,52.0,2.0,0.0,96.3,0.0
Feb-2025,NVC29,COBALT HOSPITAL,C_160,Plastic Surgery Service,568.0,367.0,193.0,8.0,64.61,1.41
Feb-2025,R0B,SOUTH TYNESIDE AND SUNDERLAND NHS FOUNDATION TRUST,X05,Other - Surgical Services,139.0,92.0,47.0,0.0,66.19,0.0
Feb-2025,RAJ,MID AND SOUTH ESSEX NHS FOUNDATION TRUST,C_120,Ear Nose and Throat Service,17083.0,5854.0,9216.0,2013.0,34.27,11.78
Feb-2025,RAJ,MID AND SOUTH ESSEX NHS FOUNDATION TRUST,X02,Other - Medical Services,13536.0,8776.0,4371.0,389.0,64.83,2.87
Feb-2025,RAJ,MID AND SOUTH ESSEX NHS FOUNDATION TRUST,C_340,Respiratory Medicine Service,4730.0,2655.0,2029.0,46.0,56.13,0.97
Feb-2025,RAJ,MID AND SOUTH ESSEX NHS FOUNDATION TRUST,C_430,Elderly Medicine Service,766.0,655.0,111.0,0.0,85.51,0.0
Feb-2025,NT423,MANOR HOSPITAL,X06,Other - Other Services,35.0,20.0,14.0,1.0,57.14,2.86
Feb-2025,NVC31,BLAKELANDS HOSPITAL,C_301,Gastroenterology Service,280.0,237.0,43.0,0.0,84.64,0.0
Feb-2025,RC9,BEDFORDSHIRE HOSPITALS NHS FOUNDATION TRUST,C_320,Cardiology Service,7605.0,3765.0,3587.0,253.0,49.51,3.33
Feb-2025,RC9,BEDFORDSHIRE HOSPITALS NHS FOUNDATION TRUST,C_430,Elderly Medicine Service,365.0,241.0,123.0,1.0,66.03,0.27
Feb-2025,RD8,MILTON KEYNES UNIVERSITY HOSPITAL NHS FOUNDATION TRUST,X02,Other - Medical Services,2935.0,1949.0,867.0,119.0,66.41,4.05
Feb-2025,M2Y6D,PRACTICE PLUS GROUP HOSPITAL BIRMINGHAM,C_130,Ophthalmology Service,1.0,1.0,0.0,0.0,100.0,0.0
Feb-2025,RRK,UNIVERSITY HOSPITALS BIRMINGHAM NHS FOUNDATION TRUST,C_170,Cardiothoracic Surgery Service,194.0,147.0,47.0,0.0,75.77,0.0
Feb-2025,RXK,SANDWELL AND WEST BIRMINGHAM HOSPITALS NHS TRUST,C_140,Oral Surgery Service,3100.0,517.0,1949.0,634.0,16.68,20.45
Feb-2025,RNN,NORTH CUMBRIA INTEGRATED CARE NHS FOUNDATION TRUST,C_300,General Internal Medicine Service,136.0,89.0,45.0,2.0,65.44,1.47
Feb-2025,RNN,NORTH CUMBRIA INTEGRATED CARE NHS FOUNDATION TRUST,C_340,Respiratory Medicine Service,836.0,470.0,366.0,0.0,56.22,0.0
Feb-2025,RR7,GATESHEAD HEALTH NHS FOUNDATION TRUST,X06,Other - Other Services,775.0,555.0,220.0,0.0,71.61,0.0
Feb-2025,RR7,GATESHEAD HEALTH NHS FOUNDATION TRUST,X03,Other - Mental Health Services,159.0,157.0,2.0,0.0,98.74,0.0
Feb-2025,RTD,THE NEWCASTLE UPON TYNE HOSPITALS NHS FOUNDATION TRUST,C_320,Cardiology Service,5235.0,4502.0,730.0,3.0,86.0,0.06
Feb-2025,RTF,NORTHUMBRIA HEALTHCARE NHS FOUNDATION TRUST,C_340,Respiratory Medicine Service,2116.0,2076.0,40.0,0.0,98.11,0.0
Feb-2025,RTR,SOUTH TEES HOSPITALS NHS FOUNDATION TRUST,X04,Other - Paediatric Services,1937.0,1132.0,764.0,41.0,58.44,2.12
Feb-2025,RGR,WEST SUFFOLK NHS FOUNDATION TRUST,X05,Other - Surgical Services,3511.0,2421.0,1036.0,54.0,68.95,1.54
Feb-2025,NT233,"NUFFIELD HEALTH, PLYMOUTH HOSPITAL",C_110,Trauma and Orthopaedic Service,791.0,454.0,332.0,5.0,57.4,0.63
Feb-2025,NT233,"NUFFIELD HEALTH, PLYMOUTH HOSPITAL",C_301,Gastroenterology Service,5.0,5.0,0.0,0.0,100.0,0.0
Feb-2025,RA9,TORBAY AND SOUTH DEVON NHS FOUNDATION TRUST,C_101,Urology Service,2117.0,1503.0,583.0,31.0,71.0,1.46
Feb-2025,RA9,TORBAY AND SOUTH DEVON NHS FOUNDATION TRUST,C_330,Dermatology Service,1674.0,1313.0,359.0,2.0,78.43,0.12
Feb-2025,RH8,ROYAL DEVON UNIVERSITY HEALTHCARE NHS FOUNDATION TRUST,C_999,Total,70391.0,42147.0,26141.0,2103.0,59.88,2.99
Feb-2025,RVW,NORTH TEES AND HARTLEPOOL NHS FOUNDATION TRUST,C_110,Trauma and Orthopaedic Service,5281.0,4395.0,847.0,39.0,83.22,0.74
Feb-2025,RVW,NORTH TEES AND HARTLEPOOL NHS FOUNDATION TRUST,C_301,Gastroenterology Service,1107.0,991.0,109.0,7.0,89.52,0.63
Feb-2025,RVW,NORTH TEES AND HARTLEPOOL NHS FOUNDATION TRUST,X05,Other - Surgical Services,1127.0,830.0,275.0,22.0,73.65,1.95
Feb-2025,RXP,COUNTY DURHAM AND DARLINGTON NHS FOUNDATION TRUST,C_340,Respiratory Medicine Service,1271.0,805.0,466.0,0.0,63.34,0.0
Feb-2025,RXP,COUNTY DURHAM AND DARLINGTON NHS FOUNDATION TRUST,C_502,Gynaecology Service,4170.0,2565.0,1516.0,89.0,61.51,2.13
Feb-2025,RXP,COUNTY DURHAM AND DARLINGTON NHS FOUNDATION TRUST,C_130,Ophthalmology Service,2632.0,1792.0,814.0,26.0,68.09,0.99
Feb-2025,NTP13,PRACTICE PLUS GROUP HOSPITAL - BARLBOROUGH,C_100,General Surgery Service,26.0,19.0,7.0,0.0,73.08,0.0
Feb-2025,NT446,ST EDMUNDS HOSPITAL,C_100,General Surgery Service,65.0,58.0,7.0,0.0,89.23,0.0
Feb-2025,NT446,ST EDMUNDS HOSPITAL,C_301,Gastroenterology Service,5.0,5.0,0.0,0.0,100.0,0.0
Feb-2025,RDE,EAST SUFFOLK AND NORTH ESSEX NHS FOUNDATION TRUST,C_320,Cardiology Service,2756.0,2140.0,610.0,6.0,77.65,0.22
Feb-2025,RK9,UNIVERSITY HOSPITALS PLYMOUTH NHS TRUST,C_340,Respiratory Medicine Service,1575.0,771.0,748.0,56.0,48.95,3.56
Feb-2025,NT450,LINCOLN PRIVATE HOSPITAL,C_110,Trauma and Orthopaedic Service,1071.0,716.0,347.0,8.0,66.85,0.75
Feb-2025,RWD,UNITED LINCOLNSHIRE TEACHING HOSPITALS NHS TRUST,C_330,Dermatology Service,3608.0,2366.0,1240.0,2.0,65.58,0.06
Feb-2025,RWD,UNITED LINCOLNSHIRE TEACHING HOSPITALS NHS TRUST,C_400,Neurology Service,3264.0,1354.0,1838.0,72.0,41.48,2.21
Feb-2025,RWD,UNITED LINCOLNSHIRE TEACHING HOSPITALS NHS TRUST,X04,Other - Paediatric Services,1645.0,819.0,819.0,7.0,49.79,0.43
Feb-2025,RJ1,GUY'S AND ST THOMAS' NHS FOUNDATION TRUST,C_140,Oral Surgery Service,5654.0,4101.0,1545.0,8.0,72.53,0.14
Feb-2025,RJ2,LEWISHAM AND GREENWICH NHS TRUST,C_502,Gynaecology Service,7874.0,3946.0,3538.0,390.0,50.11,4.95
Feb-2025,RJ2,LEWISHAM AND GREENWICH NHS TRUST,X05,Other - Surgical Services,2003.0,953.0,983.0,67.0,47.58,3.34
Feb-2025,NT403,BEARDWOOD HOSPITAL,C_400,Neurology Service,1.0,0.0,1.0,0.0,0.0,0.0
Feb-2025,NT403,BEARDWOOD HOSPITAL,X06,Other - Other Services,15.0,8.0,7.0,0.0,53.33,0.0
Feb-2025,NVC07,FULWOOD HALL HOSPITAL,C_301,Gastroenterology Service,6.0,0.0,6.0,0.0,0.0,0.0
Feb-2025,RTX,UNIVERSITY HOSPITALS OF MORECAMBE BAY NHS FOUNDATION TRUST,X02,Other - Medical Services,3201.0,2038.0,1069.0,94.0,63.67,2.94
Feb-2025,RTX,UNIVERSITY HOSPITALS OF MORECAMBE BAY NHS FOUNDATION TRUST,C_140,Oral Surgery Service,1873.0,1320.0,537.0,16.0,70.48,0.85
Feb-2025,RXL,BLACKPOOL TEACHING HOSPITALS NHS FOUNDATION TRUST,C_101,Urology Service,1866.0,1173.0,653.0,40.0,62.86,2.14
Feb-2025,RXN,LANCASHIRE TEACHING HOSPITALS NHS FOUNDATION TRUST,C_400,Neurology Service,7791.0,3579.0,3910.0,302.0,45.94,3.88
Feb-2025,RXN,LANCASHIRE TEACHING HOSPITALS NHS FOUNDATION TRUST,C_100,General Surgery Service,190.0,93.0,87.0,10.0,48.95,5.26
Feb-2025,RXN,LANCASHIRE TEACHING HOSPITALS NHS FOUNDATION TRUST,C_120,Ear Nose and Throat Service,3140.0,1894.0,1164.0,82.0,60.32,2.61
Feb-2025,RXN,LANCASHIRE TEACHING HOSPITALS NHS FOUNDATION TRUST,X06,Other - Other Services,515.0,425.0,90.0,0.0,82.52,0.0
Feb-2025,RXN,LANCASHIRE TEACHING HOSPITALS NHS FOUNDATION TRUST,X04,Other - Paediatric Services,2806.0,1406.0,1269.0,131.0,50.11,4.67
Feb-2025,RXR,EAST LANCASHIRE HOSPITALS NHS TRUST,C_130,Ophthalmology Service,4657.0,3396.0,1194.0,67.0,72.92,1.44
Feb-2025,NEY,PIONEER HEALTHCARE LIMITED,C_400,Neurology Service,336.0,93.0,232.0,11.0,27.68,3.27
Feb-2025,NT440,THORNBURY HOSPITAL,C_110,Trauma and Orthopaedic Service,252.0,164.0,84.0,4.0,65.08,1.59
Feb-2025,NT440,THORNBURY HOSPITAL,C_502,Gynaecology Service,237.0,165.0,71.0,1.0,69.62,0.42
Feb-2025,RFF,BARNSLEY HOSPITAL NHS FOUNDATION TRUST,C_502,Gynaecology Service,2757.0,1628.0,1110.0,19.0,59.05,0.69
Feb-2025,RFR,THE ROTHERHAM NHS FOUNDATION TRUST,C_301,Gastroenterology Service,1663.0,1177.0,486.0,0.0,70.78,0.0
Feb-2025,RFR,THE ROTHERHAM NHS FOUNDATION TRUST,C_100,General Surgery Service,1681.0,885.0,737.0,59.0,52.65,3.51
Feb-2025,RHQ,SHEFFIELD TEACHING HOSPITALS NHS FOUNDATION TRUST,C_502,Gynaecology Service,6418.0,3834.0,2264.0,320.0,59.74,4.99
Feb-2025,RP5,DONCASTER AND BASSETLAW TEACHING HOSPITALS NHS FOUNDATION TRUST,C_410,Rheumatology Service,1118.0,640.0,478.0,0.0,57.25,0.0
Feb-2025,RP5,DONCASTER AND BASSETLAW TEACHING HOSPITALS NHS FOUNDATION TRUST,X03,Other - Mental Health Services,1.0,0.0,1.0,0.0,0.0,0.0
Feb-2025,RP5,DONCASTER AND BASSETLAW TEACHING HOSPITALS NHS FOUNDATION TRUST,X06,Other - Other Services,291.0,168.0,115.0,8.0,57.73,2.75
Feb-2025,RLQ,WYE VALLEY NHS TRUST,C_120,Ear Nose and Throat Service,2794.0,1247.0,1411.0,136.0,44.63,4.87
Feb-2025,RLQ,WYE VALLEY NHS TRUST,X04,Other - Paediatric Services,189.0,140.0,49.0,0.0,74.07,0.0
Feb-2025,RWP,WORCESTERSHIRE ACUTE HOSPITALS NHS TRUST,X04,Other - Paediatric Services,107.0,86.0,20.0,1.0,80.37,0.93
Feb-2025,NT204,"NUFFIELD HEALTH, BRENTWOOD HOSPITAL",C_999,Total,1406.0,1006.0,333.0,67.0,71.55,4.77
Feb-2025,DJH01,THE ROYAL BUCKINGHAMSHIRE HOSPITAL LTD,X05,Other - Surgical Services,20.0,6.0,12.0,2.0,30.0,10.0
Feb-2025,F9Z4V,CIRCLE READING HOSPITAL,C_110,Trauma and Orthopaedic Service,1065.0,714.0,347.0,4.0,67.04,0.38
Feb-2025,F9Z4V,CIRCLE READING HOSPITAL,C_999,Total,1553.0,1136.0,412.0,5.0,73.15,0.32
Feb-2025,NT343,SPIRE THAMES VALLEY HOSPITAL,C_999,Total,424.0,347.0,76.0,1.0,81.84,0.24
Feb-2025,NT344,SPIRE DUNEDIN HOSPITAL,C_999,Total,251.0,168.0,82.0,1.0,66.93,0.4
Feb-2025,NT410,CHILTERN HOSPITAL,C_301,Gastroenterology Service,26.0,20.0,6.0,0.0,76.92,0.0
Feb-2025,NT435,SHELBURNE HOSPITAL,C_502,Gynaecology Service,13.0,6.0,7.0,0.0,46.15,0.0
Feb-2025,NVC02,THE BERKSHIRE INDEPENDENT HOSPITAL,C_999,Total,1170.0,842.0,327.0,1.0,71.97,0.09
Feb-2025,RHW,ROYAL BERKSHIRE NHS FOUNDATION TRUST,C_400,Neurology Service,1117.0,864.0,253.0,0.0,77.35,0.0
Feb-2025,RAN,ROYAL NATIONAL ORTHOPAEDIC HOSPITAL NHS TRUST,X04,Other - Paediatric Services,473.0,374.0,98.0,1.0,79.07,0.21
Feb-2025,RQM,CHELSEA AND WESTMINSTER HOSPITAL NHS FOUNDATION TRUST,C_320,Cardiology Service,1079.0,921.0,158.0,0.0,85.36,0.0
Feb-2025,RYJ,IMPERIAL COLLEGE HEALTHCARE NHS TRUST,C_160,Plastic Surgery Service,1917.0,813.0,1044.0,60.0,42.41,3.13
Feb-2025,NTPH1,PRACTICE PLUS GROUP HOSPITAL - SHEPTON MALLET,C_110,Trauma and Orthopaedic Service,1377.0,978.0,396.0,3.0,71.02,0.22
Feb-2025,RH5,SOMERSET NHS FOUNDATION TRUST,C_502,Gynaecology Service,4789.0,2688.0,1998.0,103.0,56.13,2.15
Feb-2025,RH5,SOMERSET NHS FOUNDATION TRUST,C_300,General Internal Medicine Service,67.0,36.0,31.0,0.0,53.73,0.0
Feb-2025,G3O5P,SPAMEDICA NEWARK,C_999,Total,222.0,219.0,3.0,0.0,98.65,0.0
Feb-2025,RK5,SHERWOOD FOREST HOSPITALS NHS FOUNDATION TRUST,C_430,Elderly Medicine Service,103.0,98.0,5.0,0.0,95.15,0.0
Feb-2025,RX1,NOTTINGHAM UNIVERSITY HOSPITALS NHS TRUST,C_330,Dermatology Service,6328.0,3376.0,2862.0,90.0,53.35,1.42
Feb-2025,RX1,NOTTINGHAM UNIVERSITY HOSPITALS NHS TRUST,C_300,General Internal Medicine Service,2.0,0.0,1.0,1.0,0.0,50.0
Feb-2025,NAM01,PROBUS SURGICAL CENTRE,C_130,Ophthalmology Service,593.0,554.0,39.0,0.0,93.42,0.0
Feb-2025,REF,ROYAL CORNWALL HOSPITALS NHS TRUST,C_502,Gynaecology Service,2759.0,1693.0,1035.0,31.0,61.36,1.12
Feb-2025,NT205,"NUFFIELD HEALTH, BRIGHTON HOSPITAL",C_110,Trauma and Orthopaedic Service,399.0,210.0,176.0,13.0,52.63,3.26
Feb-2025,NT212,"NUFFIELD HEALTH, CHICHESTER HOSPITAL",C_110,Trauma and Orthopaedic Service,877.0,348.0,490.0,39.0,39.68,4.45
Feb-2025,NXM01,THE HORDER CENTRE - ST JOHNS ROAD,C_110,Trauma and Orthopaedic Service,1209.0,830.0,367.0,12.0,68.65,0.99
Feb-2025,RYR,UNIVERSITY HOSPITALS SUSSEX NHS FOUNDATION TRUST,C_110,Trauma and Orthopaedic Service,7677.0,3368.0,3733.0,576.0,43.87,7.5
Feb-2025,RAL,ROYAL FREE LONDON NHS FOUNDATION TRUST,C_340,Respiratory Medicine Service,6462.0,3927.0,2377.0,158.0,60.77,2.45
Feb-2025,RAL,ROYAL FREE LONDON NHS FOUNDATION TRUST,C_430,Elderly Medicine Service,129.0,90.0,37.0,2.0,69.77,1.55
Feb-2025,RP4,GREAT ORMOND STREET HOSPITAL FOR CHILDREN NHS FOUNDATION TRUST,C_999,Total,8268.0,5684.0,2392.0,192.0,68.75,2.32
Feb-2025,RRV,UNIVERSITY COLLEGE LONDON HOSPITALS NHS FOUNDATION TRUST,C_340,Respiratory Medicine Service,804.0,620.0,179.0,5.0,77.11,0.62
Feb-2025,RRV,UNIVERSITY COLLEGE LONDON HOSPITALS NHS FOUNDATION TRUST,C_140,Oral Surgery Service,3456.0,2642.0,795.0,19.0,76.45,0.55
Feb-2025,RRV,UNIVERSITY COLLEGE LONDON HOSPITALS NHS FOUNDATION TRUST,C_410,Rheumatology Service,1389.0,761.0,593.0,35.0,54.79,2.52
Feb-2025,RRV,UNIVERSITY COLLEGE LONDON HOSPITALS NHS FOUNDATION TRUST,C_320,Cardiology Service,1075.0,637.0,436.0,2.0,59.26,0.19
Feb-2025,RV3,CENTRAL AND NORTH WEST LONDON NHS FOUNDATION TRUST,X04,Other - Paediatric Services,1987.0,744.0,692.0,551.0,37.44,27.73
Feb-2025,RGP,JAMES PAGET UNIVERSITY HOSPITALS NHS FOUNDATION TRUST,C_320,Cardiology Service,2051.0,930.0,955.0,166.0,45.34,8.09
Feb-2025,RM1,NORFOLK AND NORWICH UNIVERSITY HOSPITALS NHS FOUNDATION TRUST,X04,Other - Paediatric Services,5166.0,2757.0,2205.0,204.0,53.37,3.95
Feb-2025,RJE,UNIVERSITY HOSPITALS OF NORTH MIDLANDS NHS TRUST,C_120,Ear Nose and Throat Service,4426.0,2272.0,1986.0,168.0,51.33,3.8
Feb-2025,NT345,SPIRE CLARE PARK HOSPITAL,C_999,Total,251.0,211.0,40.0,0.0,84.06,0.0
Feb-2025,RYR,UNIVERSITY HOSPITALS SUSSEX NHS FOUNDATION TRUST,C_300,General Internal Medicine Service,10.0,9.0,1.0,0.0,90.0,0.0
Feb-2025,L4R3R,NEWMEDICA - HAMPSHIRE,C_999,Total,589.0,525.0,64.0,0.0,89.13,0.0
Feb-2025,NT433,SARUM ROAD HOSPITAL,C_110,Trauma and Orthopaedic Service,266.0,219.0,46.0,1.0,82.33,0.38
Feb-2025,NTP11,PRACTICE PLUS GROUP HOSPITAL - SOUTHAMPTON,C_101,Urology Service,428.0,207.0,207.0,14.0,48.36,3.27
Feb-2025,RHM,UNIVERSITY HOSPITAL SOUTHAMPTON NHS FOUNDATION TRUST,C_320,Cardiology Service,3287.0,1938.0,1334.0,15.0,58.96,0.46
Feb-2025,RHM,UNIVERSITY HOSPITAL SOUTHAMPTON NHS FOUNDATION TRUST,X06,Other - Other Services,475.0,420.0,50.0,5.0,88.42,1.05
Feb-2025,RCB,YORK AND SCARBOROUGH TEACHING HOSPITALS NHS FOUNDATION TRUST,X02,Other - Medical Services,4900.0,2817.0,2022.0,61.0,57.49,1.24
Feb-2025,RCD,HARROGATE AND DISTRICT NHS FOUNDATION TRUST,C_999,Total,21543.0,14787.0,6573.0,183.0,68.64,0.85
Feb-2025,RCD,HARROGATE AND DISTRICT NHS FOUNDATION TRUST,C_502,Gynaecology Service,1828.0,1115.0,691.0,22.0,61.0,1.2
Feb-2025,RWA,HULL UNIVERSITY TEACHING HOSPITALS NHS TRUST,C_120,Ear Nose and Throat Service,8267.0,3142.0,4240.0,885.0,38.01,10.71
Feb-2025,RWA,HULL UNIVERSITY TEACHING HOSPITALS NHS TRUST,C_160,Plastic Surgery Service,3275.0,1550.0,1586.0,139.0,47.33,4.24
Feb-2025,RWA,HULL UNIVERSITY TEACHING HOSPITALS NHS TRUST,C_340,Respiratory Medicine Service,3675.0,2579.0,1041.0,55.0,70.18,1.5
Feb-2025,RWA,HULL UNIVERSITY TEACHING HOSPITALS NHS TRUST,C_999,Total,79910.0,45621.0,31353.0,2936.0,57.09,3.67
Feb-2025,G3Z1Q,SULIS HOSPITAL BATH (FOXCOTE AVENUE),C_100,General Surgery Service,240.0,178.0,61.0,1.0,74.17,0.42
Feb-2025,H1T2P,SPAMEDICA SWINDON,C_130,Ophthalmology Service,50.0,50.0,0.0,0.0,100.0,0.0
Feb-2025,RD1,ROYAL UNITED HOSPITALS BATH NHS FOUNDATION TRUST,C_410,Rheumatology Service,1341.0,939.0,402.0,0.0,70.02,0.0
Feb-2025,RN3,GREAT WESTERN HOSPITALS NHS FOUNDATION TRUST,X06,Other - Other Services,839.0,644.0,187.0,8.0,76.76,0.95
Feb-2025,RN3,GREAT WESTERN HOSPITALS NHS FOUNDATION TRUST,C_300,General Internal Medicine Service,1.0,1.0,0.0,0.0,100.0,0.0
Feb-2025,RNZ,SALISBURY NHS FOUNDATION TRUST,C_330,Dermatology Service,794.0,56.0,675.0,63.0,7.05,7.93
Feb-2025,K8I4X,GLENDON WOOD HOSPITAL,C_101,Urology Service,61.0,25.0,36.0,0.0,40.98,0.0
Feb-2025,NT441,THREE SHIRES HOSPITAL,C_100,General Surgery Service,595.0,348.0,246.0,1.0,58.49,0.17
Feb-2025,NVC23,WOODLAND HOSPITAL,C_330,Dermatology Service,34.0,25.0,9.0,0.0,73.53,0.0
Feb-2025,RNS,NORTHAMPTON GENERAL HOSPITAL NHS TRUST,C_110,Trauma and Orthopaedic Service,2735.0,1238.0,1296.0,201.0,45.27,7.35
Feb-2025,RNS,NORTHAMPTON GENERAL HOSPITAL NHS TRUST,C_340,Respiratory Medicine Service,2640.0,2051.0,589.0,0.0,77.69,0.0
Feb-2025,RNS,NORTHAMPTON GENERAL HOSPITAL NHS TRUST,C_410,Rheumatology Service,373.0,346.0,27.0,0.0,92.76,0.0
Feb-2025,RTE,GLOUCESTERSHIRE HOSPITALS NHS FOUNDATION TRUST,C_330,Dermatology Service,4923.0,2795.0,2122.0,6.0,56.77,0.12
Feb-2025,R1K,LONDON NORTH WEST UNIVERSITY HEALTHCARE NHS TRUST,X02,Other - Medical Services,11122.0,7155.0,3878.0,89.0,64.33,0.8
Feb-2025,R1K,LONDON NORTH WEST UNIVERSITY HEALTHCARE NHS TRUST,X04,Other - Paediatric Services,3159.0,1888.0,1203.0,68.0,59.77,2.15
Feb-2025,R1K,LONDON NORTH WEST UNIVERSITY HEALTHCARE NHS TRUST,C_410,Rheumatology Service,741.0,617.0,124.0,0.0,83.27,0.0
Feb-2025,R1D,SHROPSHIRE COMMUNITY HEALTH NHS TRUST,C_100,General Surgery Service,47.0,33.0,14.0,0.0,70.21,0.0
Feb-2025,R1D,SHROPSHIRE COMMUNITY HEALTH NHS TRUST,C_410,Rheumatology Service,2.0,2.0,0.0,0.0,100.0,0.0
Feb-2025,RXW,THE SHREWSBURY AND TELFORD HOSPITAL NHS TRUST,C_320,Cardiology Service,2328.0,1474.0,841.0,13.0,63.32,0.56
Feb-2025,NLE01,LANCASTER HOUSE CONSULTING DIAGNOSTICS SURGICAL LTD HQ,C_502,Gynaecology Service,299.0,296.0,3.0,0.0,99.0,0.0
Feb-2025,NT327,SPIRE MANCHESTER HOSPITAL,C_999,Total,819.0,665.0,154.0,0.0,81.2,0.0
Feb-2025,NT327,SPIRE MANCHESTER HOSPITAL,C_320,Cardiology Service,2.0,2.0,0.0,0.0,100.0,0.0
Feb-2025,NT327,SPIRE MANCHESTER HOSPITAL,C_100,General Surgery Service,156.0,128.0,28.0,0.0,82.05,0.0
Feb-2025,R0A,MANCHESTER UNIVERSITY NHS FOUNDATION TRUST,C_101,Urology Service,8296.0,3898.0,3707.0,691.0,46.99,8.33
Feb-2025,R0A,MANCHESTER UNIVERSITY NHS FOUNDATION TRUST,C_120,Ear Nose and Throat Service,12708.0,5845.0,6142.0,721.0,45.99,5.67
Feb-2025,RMP,TAMESIDE AND GLOSSOP INTEGRATED CARE NHS FOUNDATION TRUST,C_130,Ophthalmology Service,33.0,33.0,0.0,0.0,100.0,0.0
Feb-2025,RRF,"WRIGHTINGTON, WIGAN AND LEIGH NHS FOUNDATION TRUST",X02,Other - Medical Services,1529.0,731.0,697.0,101.0,47.81,6.61
Feb-2025,NPG18,SPAMEDICA HULL,C_999,Total,226.0,224.0,2.0,0.0,99.12,0.0
Feb-2025,NT447,DUCHY HOSPITAL,C_100,General Surgery Service,170.0,91.0,79.0,0.0,53.53,0.0
Feb-2025,NTE02,ST HUGH'S HOSPITAL,C_110,Trauma and Orthopaedic Service,1610.0,1295.0,302.0,13.0,80.43,0.81
Feb-2025,NTE02,ST HUGH'S HOSPITAL,X06,Other - Other Services,1.0,1.0,0.0,0.0,100.0,0.0
Feb-2025,NT241,"NUFFIELD HEALTH, WOKING HOSPITAL",C_999,Total,612.0,453.0,128.0,31.0,74.02,5.07
Feb-2025,NT308,SPIRE GATWICK PARK HOSPITAL,X05,Other - Surgical Services,432.0,361.0,66.0,5.0,83.56,1.16
Feb-2025,NVM,EPSOMEDICAL GROUP,C_330,Dermatology Service,689.0,643.0,46.0,0.0,93.32,0.0
Feb-2025,RVR,EPSOM AND ST HELIER UNIVERSITY HOSPITALS NHS TRUST,C_100,General Surgery Service,4425.0,2767.0,1590.0,68.0,62.53,1.54
Feb-2025,ACG19,NEWMEDICA COMMUNITY OPHTHALMOLOGY - LEEDS,C_130,Ophthalmology Service,627.0,618.0,9.0,0.0,98.56,0.0
Feb-2025,NVC20,THE YORKSHIRE CLINIC,C_130,Ophthalmology Service,543.0,502.0,41.0,0.0,92.45,0.0
Feb-2025,P0C3F,SPAMEDICA LEEDS,C_130,Ophthalmology Service,122.0,115.0,7.0,0.0,94.26,0.0
Feb-2025,RAE,BRADFORD TEACHING HOSPITALS NHS FOUNDATION TRUST,C_400,Neurology Service,923.0,528.0,394.0,1.0,57.2,0.11
Feb-2025,RXF,MID YORKSHIRE TEACHING NHS TRUST,X05,Other - Surgical Services,5445.0,3268.0,2110.0,67.0,60.02,1.23
Feb-2025,RXF,MID YORKSHIRE TEACHING NHS TRUST,C_430,Elderly Medicine Service,166.0,114.0,52.0,0.0,68.67,0.0
Feb-2025,RKB,UNIVERSITY HOSPITALS COVENTRY AND WARWICKSHIRE NHS TRUST,C_150,Neurosurgical Service,3908.0,1775.0,2013.0,120.0,45.42,3.07
Feb-2025,RLT,GEORGE ELIOT HOSPITAL NHS TRUST,C_110,Trauma and Orthopaedic Service,2117.0,1202.0,895.0,20.0,56.78,0.94
Feb-2025,NNE,DORKING HEALTHCARE LIMITED (DHC),C_130,Ophthalmology Service,143.0,136.0,7.0,0.0,95.1,0.0
Feb-2025,NNE,DORKING HEALTHCARE LIMITED (DHC),C_150,Neurosurgical Service,77.0,60.0,17.0,0.0,77.92,0.0
Feb-2025,RTK,ASHFORD AND ST PETER'S HOSPITALS NHS FOUNDATION TRUST,X05,Other - Surgical Services,6470.0,3436.0,3002.0,32.0,53.11,0.49
Feb-2025,RTK,ASHFORD AND ST PETER'S HOSPITALS NHS FOUNDATION TRUST,C_170,Cardiothoracic Surgery Service,1.0,1.0,0.0,0.0,100.0,0.0
Feb-2025,RTK,ASHFORD AND ST PETER'S HOSPITALS NHS FOUNDATION TRUST,X03,Other - Mental Health Services,2.0,0.0,2.0,0.0,0.0,0.0
Feb-2025,NVC1H,STOURSIDE HOSPITAL,C_110,Trauma and Orthopaedic Service,1577.0,1098.0,473.0,6.0,69.63,0.38
Feb-2025,RL4,THE ROYAL WOLVERHAMPTON NHS TRUST,C_410,Rheumatology Service,2971.0,1367.0,1604.0,0.0,46.01,0.0
Feb-2025,RNA,THE DUDLEY GROUP NHS FOUNDATION TRUST,C_110,Trauma and Orthopaedic Service,4426.0,2462.0,1860.0,104.0,55.63,2.35
Feb-2025,RNA,THE DUDLEY GROUP NHS FOUNDATION TRUST,C_400,Neurology Service,1758.0,676.0,993.0,89.0,38.45,5.06
Feb-2025,RNA,THE DUDLEY GROUP NHS FOUNDATION TRUST,X04,Other - Paediatric Services,1680.0,1031.0,642.0,7.0,61.37,0.42
Feb-2025,NT317,SPIRE CAMBRIDGE LEA HOSPITAL,C_150,Neurosurgical Service,26.0,22.0,2.0,2.0,84.62,7.69
Feb-2025,RGN,NORTH WEST ANGLIA NHS FOUNDATION TRUST,C_100,General Surgery Service,6938.0,3810.0,2911.0,217.0,54.91,3.13
Feb-2025,RGT,CAMBRIDGE UNIVERSITY HOSPITALS NHS FOUNDATION TRUST,C_130,Ophthalmology Service,6083.0,3239.0,2701.0,143.0,53.25,2.35
Feb-2025,S3H9L,THE HAMPTONS HOSPITAL LTD,C_100,General Surgery Service,29.0,28.0,1.0,0.0,96.55,0.0
Feb-2025,RVJ,NORTH BRISTOL NHS TRUST,C_110,Trauma and Orthopaedic Service,5352.0,3153.0,2134.0,65.0,58.91,1.21
Feb-2025,RVJ,NORTH BRISTOL NHS TRUST,C_410,Rheumatology Service,739.0,616.0,123.0,0.0,83.36,0.0
Feb-2025,RVJ,NORTH BRISTOL NHS TRUST,C_150,Neurosurgical Service,1341.0,1005.0,336.0,0.0,74.94,0.0
Feb-2025,R0D,UNIVERSITY HOSPITALS DORSET NHS FOUNDATION TRUST,C_101,Urology Service,3693.0,2099.0,1456.0,138.0,56.84,3.74
Feb-2025,R0D,UNIVERSITY HOSPITALS DORSET NHS FOUNDATION TRUST,C_340,Respiratory Medicine Service,1565.0,847.0,694.0,24.0,54.12,1.53
Feb-2025,NLG,COMMUNITAS CLINICS,C_120,Ear Nose and Throat Service,6341.0,4828.0,1512.0,1.0,76.14,0.02
Feb-2025,NT3X3,SPIRE ST ANTHONY'S HOSPITAL,X05,Other - Surgical Services,234.0,225.0,9.0,0.0,96.15,0.0
Feb-2025,NT3X3,SPIRE ST ANTHONY'S HOSPITAL,C_150,Neurosurgical Service,31.0,21.0,9.0,1.0,67.74,3.23
Feb-2025,NT3X3,SPIRE ST ANTHONY'S HOSPITAL,C_502,Gynaecology Service,82.0,59.0,22.0,1.0,71.95,1.22
Feb-2025,RAX,KINGSTON AND RICHMOND NHS FOUNDATION TRUST,X02,Other - Medical Services,940.0,875.0,65.0,0.0,93.09,0.0
Feb-2025,RJ6,CROYDON HEALTH SERVICES NHS TRUST,C_999,Total,33694.0,23468.0,9627.0,599.0,69.65,1.78
Feb-2025,RJZ,KING'S COLLEGE HOSPITAL NHS FOUNDATION TRUST,X02,Other - Medical Services,9232.0,7776.0,1406.0,50.0,84.23,0.54
Feb-2025,M0N7E,SPAMEDICA SITTINGBOURNE,C_999,Total,275.0,241.0,34.0,0.0,87.64,0.0
Feb-2025,RN7,DARTFORD AND GRAVESHAM NHS TRUST,X02,Other - Medical Services,404.0,321.0,83.0,0.0,79.46,0.0
Feb-2025,RPA,MEDWAY NHS FOUNDATION TRUST,C_120,Ear Nose and Throat Service,6921.0,2311.0,3726.0,884.0,33.39,12.77
Feb-2025,RPA,MEDWAY NHS FOUNDATION TRUST,X02,Other - Medical Services,6312.0,3361.0,2908.0,43.0,53.25,0.68
Feb-2025,NT315,SPIRE BUSHEY HOSPITAL,C_100,General Surgery Service,104.0,100.0,4.0,0.0,96.15,0.0
Feb-2025,NT315,SPIRE BUSHEY HOSPITAL,C_110,Trauma and Orthopaedic Service,302.0,296.0,6.0,0.0,98.01,0.0
Feb-2025,NVC19,RIVERS HOSPITAL,C_301,Gastroenterology Service,548.0,421.0,123.0,4.0,76.82,0.73
Feb-2025,RWG,WEST HERTFORDSHIRE TEACHING HOSPITALS NHS TRUST,C_502,Gynaecology Service,2261.0,1499.0,730.0,32.0,66.3,1.42
Feb-2025,NT422,LONDON INDEPENDENT HOSPITAL,C_130,Ophthalmology Service,20.0,14.0,6.0,0.0,70.0,0.0
Feb-2025,NTP15,PRACTICE PLUS GROUP HOSPITAL - ILFORD,C_130,Ophthalmology Service,70.0,70.0,0.0,0.0,100.0,0.0
Feb-2025,R1H,BARTS HEALTH NHS TRUST,X06,Other - Other Services,714.0,489.0,218.0,7.0,68.49,0.98
Feb-2025,RF4,"BARKING, HAVERING AND REDBRIDGE UNIVERSITY HOSPITALS NHS TRUST",C_300,General Internal Medicine Service,3.0,3.0,0.0,0.0,100.0,0.0
Feb-2025,RQX,HOMERTON HEALTHCARE NHS FOUNDATION TRUST,X02,Other - Medical Services,1955.0,1439.0,512.0,4.0,73.61,0.2
Feb-2025,RQX,HOMERTON HEALTHCARE NHS FOUNDATION TRUST,X05,Other - Surgical Services,328.0,327.0,1.0,0.0,99.7,0.0
Feb-2025,RTP,SURREY AND SUSSEX HEALTHCARE NHS TRUST,X02,Other - Medical Services,4029.0,2076.0,1922.0,31.0,51.53,0.77
Feb-2025,RTP,SURREY AND SUSSEX HEALTHCARE NHS TRUST,C_140,Oral Surgery Service,1584.0,881.0,677.0,26.0,55.62,1.64
Feb-2025,F1Y1H,NEWMEDICA - CHESHIRE OAKS,C_999,Total,136.0,136.0,0.0,0.0,100.0,0.0
Feb-2025,NT210,"NUFFIELD HEALTH, THE GROSVENOR HOSPITAL, CHESTER",X06,Other - Other Services,14.0,14.0,0.0,0.0,100.0,0.0
Feb-2025,NT337,SPIRE LIVERPOOL HOSPITAL,C_110,Trauma and Orthopaedic Service,1469.0,1383.0,86.0,0.0,94.15,0.0
Feb-2025,NT337,SPIRE LIVERPOOL HOSPITAL,C_100,General Surgery Service,707.0,628.0,79.0,0.0,88.83,0.0
Feb-2025,RBL,WIRRAL UNIVERSITY TEACHING HOSPITAL NHS FOUNDATION TRUST,C_340,Respiratory Medicine Service,3702.0,1836.0,1854.0,12.0,49.59,0.32
Feb-2025,RBL,WIRRAL UNIVERSITY TEACHING HOSPITAL NHS FOUNDATION TRUST,C_330,Dermatology Service,3737.0,1770.0,1944.0,23.0,47.36,0.62
Feb-2025,RBN,MERSEY AND WEST LANCASHIRE TEACHING HOSPITALS NHS TRUST,C_120,Ear Nose and Throat Service,7408.0,4209.0,3027.0,172.0,56.82,2.32
Feb-2025,RBQ,LIVERPOOL HEART AND CHEST HOSPITAL NHS FOUNDATION TRUST,C_340,Respiratory Medicine Service,1031.0,855.0,176.0,0.0,82.93,0.0
Feb-2025,RJN,EAST CHESHIRE NHS TRUST,C_999,Total,12966.0,7654.0,5143.0,169.0,59.03,1.3
Feb-2025,RWW,WARRINGTON AND HALTON TEACHING HOSPITALS NHS FOUNDATION TRUST,C_120,Ear Nose and Throat Service,3289.0,1723.0,1475.0,91.0,52.39,2.77
Feb-2025,G5X2Q,SPAMEDICA NORTH TYNESIDE,C_999,Total,94.0,93.0,1.0,0.0,98.94,0.0
Feb-2025,NT229,"NUFFIELD HEALTH, NEWCASTLE UPON TYNE HOSPITAL",C_999,Total,573.0,370.0,194.0,9.0,64.57,1.57
Feb-2025,NT333,SPIRE WASHINGTON HOSPITAL,C_999,Total,1485.0,1233.0,227.0,25.0,83.03,1.68
Feb-2025,NVC31,BLAKELANDS HOSPITAL,C_130,Ophthalmology Service,336.0,265.0,65.0,6.0,78.87,1.79
Feb-2025,RC9,BEDFORDSHIRE HOSPITALS NHS FOUNDATION TRUST,C_340,Respiratory Medicine Service,3989.0,2347.0,1570.0,72.0,58.84,1.8
Feb-2025,NT320,SPIRE PARKWAY HOSPITAL,C_110,Trauma and Orthopaedic Service,1072.0,877.0,195.0,0.0,81.81,0.0
Feb-2025,RRJ,THE ROYAL ORTHOPAEDIC HOSPITAL NHS FOUNDATION TRUST,X06,Other - Other Services,791.0,718.0,73.0,0.0,90.77,0.0
Feb-2025,RXK,SANDWELL AND WEST BIRMINGHAM HOSPITALS NHS TRUST,C_110,Trauma and Orthopaedic Service,5928.0,2845.0,2870.0,213.0,47.99,3.59
Feb-2025,R7W2O,NEWCASTLE NEWMEDICA LTD,C_130,Ophthalmology Service,284.0,283.0,1.0,0.0,99.65,0.0
Feb-2025,RNN,NORTH CUMBRIA INTEGRATED CARE NHS FOUNDATION TRUST,C_140,Oral Surgery Service,973.0,651.0,314.0,8.0,66.91,0.82
Feb-2025,RNN,NORTH CUMBRIA INTEGRATED CARE NHS FOUNDATION TRUST,X04,Other - Paediatric Services,264.0,244.0,19.0,1.0,92.42,0.38
Feb-2025,RR7,GATESHEAD HEALTH NHS FOUNDATION TRUST,C_101,Urology Service,1021.0,564.0,457.0,0.0,55.24,0.0
Feb-2025,RTD,THE NEWCASTLE UPON TYNE HOSPITALS NHS FOUNDATION TRUST,C_400,Neurology Service,1897.0,1738.0,159.0,0.0,91.62,0.0
Feb-2025,RTD,THE NEWCASTLE UPON TYNE HOSPITALS NHS FOUNDATION TRUST,X06,Other - Other Services,4439.0,3029.0,1343.0,67.0,68.24,1.51
Feb-2025,RTD,THE NEWCASTLE UPON TYNE HOSPITALS NHS FOUNDATION TRUST,C_340,Respiratory Medicine Service,1456.0,1122.0,332.0,2.0,77.06,0.14
Feb-2025,RTF,NORTHUMBRIA HEALTHCARE NHS FOUNDATION TRUST,X06,Other - Other Services,1917.0,1794.0,123.0,0.0,93.58,0.0
Feb-2025,RTR,SOUTH TEES HOSPITALS NHS FOUNDATION TRUST,C_340,Respiratory Medicine Service,1146.0,906.0,239.0,1.0,79.06,0.09
Feb-2025,RTR,SOUTH TEES HOSPITALS NHS FOUNDATION TRUST,X02,Other - Medical Services,5329.0,3507.0,1698.0,124.0,65.81,2.33
Feb-2025,RGR,WEST SUFFOLK NHS FOUNDATION TRUST,C_400,Neurology Service,1054.0,679.0,366.0,9.0,64.42,0.85
Feb-2025,NT215,"NUFFIELD HEALTH, EXETER HOSPITAL",C_100,General Surgery Service,37.0,37.0,0.0,0.0,100.0,0.0
Feb-2025,NVC08,MOUNT STUART HOSPITAL,C_100,General Surgery Service,289.0,236.0,50.0,3.0,81.66,1.04
Feb-2025,RA9,TORBAY AND SOUTH DEVON NHS FOUNDATION TRUST,C_999,Total,34367.0,21393.0,11765.0,1209.0,62.25,3.52
Feb-2025,RA9,TORBAY AND SOUTH DEVON NHS FOUNDATION TRUST,C_170,Cardiothoracic Surgery Service,6.0,6.0,0.0,0.0,100.0,0.0
Feb-2025,RH8,ROYAL DEVON UNIVERSITY HEALTHCARE NHS FOUNDATION TRUST,C_330,Dermatology Service,4421.0,2693.0,1612.0,116.0,60.91,2.62
Feb-2025,RH8,ROYAL DEVON UNIVERSITY HEALTHCARE NHS FOUNDATION TRUST,C_100,General Surgery Service,1315.0,528.0,696.0,91.0,40.15,6.92
Feb-2025,RH8,ROYAL DEVON UNIVERSITY HEALTHCARE NHS FOUNDATION TRUST,C_300,General Internal Medicine Service,216.0,153.0,60.0,3.0,70.83,1.39
Feb-2025,RXP,COUNTY DURHAM AND DARLINGTON NHS FOUNDATION TRUST,C_160,Plastic Surgery Service,1559.0,863.0,659.0,37.0,55.36,2.37
Feb-2025,RXP,COUNTY DURHAM AND DARLINGTON NHS FOUNDATION TRUST,C_140,Oral Surgery Service,670.0,338.0,332.0,0.0,50.45,0.0
Feb-2025,NPG23,SPAMEDICA DERBY,C_999,Total,174.0,170.0,4.0,0.0,97.7,0.0
Feb-2025,NT213,"NUFFIELD HEALTH, DERBY HOSPITAL",X02,Other - Medical Services,10.0,4.0,6.0,0.0,40.0,0.0
Feb-2025,RTG,UNIVERSITY HOSPITALS OF DERBY AND BURTON NHS FOUNDATION TRUST,C_150,Neurosurgical Service,229.0,104.0,118.0,7.0,45.41,3.06
Feb-2025,RTG,UNIVERSITY HOSPITALS OF DERBY AND BURTON NHS FOUNDATION TRUST,C_300,General Internal Medicine Service,3.0,3.0,0.0,0.0,100.0,0.0
Feb-2025,NT446,ST EDMUNDS HOSPITAL,C_101,Urology Service,66.0,46.0,20.0,0.0,69.7,0.0
Feb-2025,NVC13,OAKS HOSPITAL,C_301,Gastroenterology Service,13.0,11.0,2.0,0.0,84.62,0.0
Feb-2025,RDE,EAST SUFFOLK AND NORTH ESSEX NHS FOUNDATION TRUST,C_110,Trauma and Orthopaedic Service,13158.0,5541.0,6819.0,798.0,42.11,6.06
Feb-2025,RDE,EAST SUFFOLK AND NORTH ESSEX NHS FOUNDATION TRUST,C_130,Ophthalmology Service,8097.0,5680.0,2299.0,118.0,70.15,1.46
Feb-2025,RDE,EAST SUFFOLK AND NORTH ESSEX NHS FOUNDATION TRUST,X03,Other - Mental Health Services,3.0,2.0,1.0,0.0,66.67,0.0
Feb-2025,RK9,UNIVERSITY HOSPITALS PLYMOUTH NHS TRUST,C_101,Urology Service,2690.0,1824.0,793.0,73.0,67.81,2.71
Feb-2025,RK9,UNIVERSITY HOSPITALS PLYMOUTH NHS TRUST,C_410,Rheumatology Service,576.0,476.0,87.0,13.0,82.64,2.26
Feb-2025,RK9,UNIVERSITY HOSPITALS PLYMOUTH NHS TRUST,X02,Other - Medical Services,4487.0,3011.0,1424.0,52.0,67.1,1.16
Feb-2025,NT450,LINCOLN PRIVATE HOSPITAL,X06,Other - Other Services,4.0,4.0,0.0,0.0,100.0,0.0
Feb-2025,NVC27,BOSTON WEST HOSPITAL,C_999,Total,1858.0,1306.0,541.0,11.0,70.29,0.59
Feb-2025,RWE,UNIVERSITY HOSPITALS OF LEICESTER NHS TRUST,C_101,Urology Service,4820.0,2914.0,1889.0,17.0,60.46,0.35
Feb-2025,RWE,UNIVERSITY HOSPITALS OF LEICESTER NHS TRUST,C_410,Rheumatology Service,4069.0,2521.0,1514.0,34.0,61.96,0.84
Feb-2025,NCN,DMC HEALTHCARE,C_330,Dermatology Service,1903.0,1829.0,72.0,2.0,96.11,0.11
Feb-2025,NT437,SLOANE HOSPITAL,C_502,Gynaecology Service,4.0,1.0,2.0,1.0,25.0,25.0
Feb-2025,RJ1,GUY'S AND ST THOMAS' NHS FOUNDATION TRUST,C_120,Ear Nose and Throat Service,9514.0,3441.0,5406.0,667.0,36.17,7.01
Feb-2025,RJ2,LEWISHAM AND GREENWICH NHS TRUST,C_101,Urology Service,3240.0,1840.0,1314.0,86.0,56.79,2.65
Feb-2025,AAV,COMMUNITY HEALTH AND EYECARE LIMITED,C_301,Gastroenterology Service,537.0,535.0,2.0,0.0,99.63,0.0
Feb-2025,NT347,SPIRE FYLDE COAST HOSPITAL,C_100,General Surgery Service,512.0,375.0,135.0,2.0,73.24,0.39
Feb-2025,NT347,SPIRE FYLDE COAST HOSPITAL,C_110,Trauma and Orthopaedic Service,1591.0,1324.0,258.0,9.0,83.22,0.57
Feb-2025,NT403,BEARDWOOD HOSPITAL,C_101,Urology Service,236.0,178.0,57.0,1.0,75.42,0.42
Feb-2025,NVC05,EUXTON HALL HOSPITAL,X05,Other - Surgical Services,2.0,1.0,1.0,0.0,50.0,0.0
Feb-2025,NVC07,FULWOOD HALL HOSPITAL,C_999,Total,6225.0,3911.0,2264.0,50.0,62.83,0.8
Feb-2025,NVC07,FULWOOD HALL HOSPITAL,X02,Other - Medical Services,927.0,749.0,178.0,0.0,80.8,0.0
Feb-2025,NVC16,RENACRES HOSPITAL,C_999,Total,4412.0,3209.0,1200.0,3.0,72.73,0.07
Feb-2025,RW5,LANCASHIRE & SOUTH CUMBRIA NHS FOUNDATION TRUST,C_410,Rheumatology Service,354.0,312.0,42.0,0.0,88.14,0.0
Feb-2025,RW5,LANCASHIRE & SOUTH CUMBRIA NHS FOUNDATION TRUST,C_999,Total,2696.0,2625.0,71.0,0.0,97.37,0.0
Feb-2025,RXN,LANCASHIRE TEACHING HOSPITALS NHS FOUNDATION TRUST,C_140,Oral Surgery Service,4523.0,2207.0,2072.0,244.0,48.8,5.39
Feb-2025,RXR,EAST LANCASHIRE HOSPITALS NHS TRUST,C_340,Respiratory Medicine Service,1083.0,931.0,152.0,0.0,85.96,0.0
Feb-2025,NEY,PIONEER HEALTHCARE LIMITED,X02,Other - Medical Services,69.0,44.0,25.0,0.0,63.77,0.0
Feb-2025,NEY,PIONEER HEALTHCARE LIMITED,X05,Other - Surgical Services,264.0,217.0,45.0,2.0,82.2,0.76
Feb-2025,NT440,THORNBURY HOSPITAL,C_999,Total,579.0,411.0,163.0,5.0,70.98,0.86
Feb-2025,NT440,THORNBURY HOSPITAL,C_301,Gastroenterology Service,6.0,6.0,0.0,0.0,100.0,0.0
Feb-2025,NTX,THE ONE HEALTH GROUP PLC,C_502,Gynaecology Service,467.0,302.0,148.0,17.0,64.67,3.64
Feb-2025,NTX,THE ONE HEALTH GROUP PLC,C_100,General Surgery Service,657.0,468.0,165.0,24.0,71.23,3.65
Feb-2025,NVC14,PARK HILL HOSPITAL,C_999,Total,819.0,589.0,226.0,4.0,71.92,0.49
Feb-2025,RCU,SHEFFIELD CHILDREN'S NHS FOUNDATION TRUST,X04,Other - Paediatric Services,12108.0,8006.0,3800.0,302.0,66.12,2.49
Feb-2025,RCU,SHEFFIELD CHILDREN'S NHS FOUNDATION TRUST,C_999,Total,12253.0,8042.0,3898.0,313.0,65.63,2.55
Feb-2025,RFF,BARNSLEY HOSPITAL NHS FOUNDATION TRUST,X06,Other - Other Services,193.0,186.0,7.0,0.0,96.37,0.0
Feb-2025,RFR,THE ROTHERHAM NHS FOUNDATION TRUST,C_110,Trauma and Orthopaedic Service,4800.0,2283.0,2288.0,229.0,47.56,4.77
Feb-2025,RFR,THE ROTHERHAM NHS FOUNDATION TRUST,C_410,Rheumatology Service,866.0,702.0,164.0,0.0,81.06,0.0
Feb-2025,RFR,THE ROTHERHAM NHS FOUNDATION TRUST,C_320,Cardiology Service,1846.0,1361.0,480.0,5.0,73.73,0.27
Feb-2025,RHQ,SHEFFIELD TEACHING HOSPITALS NHS FOUNDATION TRUST,C_150,Neurosurgical Service,1594.0,1067.0,516.0,11.0,66.94,0.69
Feb-2025,RHQ,SHEFFIELD TEACHING HOSPITALS NHS FOUNDATION TRUST,C_130,Ophthalmology Service,4933.0,4075.0,811.0,47.0,82.61,0.95
Feb-2025,NT301,SPIRE SOUTH BANK HOSPITAL,C_999,Total,815.0,615.0,190.0,10.0,75.46,1.23
Feb-2025,NT412,DROITWICH SPA HOSPITAL,C_110,Trauma and Orthopaedic Service,977.0,672.0,305.0,0.0,68.78,0.0
Feb-2025,NT412,DROITWICH SPA HOSPITAL,C_130,Ophthalmology Service,8.0,6.0,2.0,0.0,75.0,0.0
Feb-2025,RWP,WORCESTERSHIRE ACUTE HOSPITALS NHS TRUST,C_340,Respiratory Medicine Service,1561.0,1020.0,541.0,0.0,65.34,0.0
Feb-2025,NT490,SOUTHEND PRIVATE HOSPITAL,X06,Other - Other Services,74.0,66.0,8.0,0.0,89.19,0.0
Feb-2025,RJ8,CORNWALL PARTNERSHIP NHS FOUNDATION TRUST,C_999,Total,375.0,369.0,6.0,0.0,98.4,0.0
Feb-2025,NT343,SPIRE THAMES VALLEY HOSPITAL,C_160,Plastic Surgery Service,21.0,21.0,0.0,0.0,100.0,0.0
Feb-2025,NT343,SPIRE THAMES VALLEY HOSPITAL,X05,Other - Surgical Services,4.0,1.0,3.0,0.0,25.0,0.0
Feb-2025,NT410,CHILTERN HOSPITAL,C_502,Gynaecology Service,1.0,1.0,0.0,0.0,100.0,0.0
Feb-2025,RTH,OXFORD UNIVERSITY HOSPITALS NHS FOUNDATION TRUST,X05,Other - Surgical Services,5086.0,3104.0,1801.0,181.0,61.03,3.56
Feb-2025,RAS,THE HILLINGDON HOSPITALS NHS FOUNDATION TRUST,C_130,Ophthalmology Service,1914.0,1324.0,589.0,1.0,69.17,0.05
Feb-2025,RAS,THE HILLINGDON HOSPITALS NHS FOUNDATION TRUST,X06,Other - Other Services,779.0,526.0,248.0,5.0,67.52,0.64
Feb-2025,RAS,THE HILLINGDON HOSPITALS NHS FOUNDATION TRUST,C_430,Elderly Medicine Service,254.0,172.0,81.0,1.0,67.72,0.39
Feb-2025,RQM,CHELSEA AND WESTMINSTER HOSPITAL NHS FOUNDATION TRUST,C_120,Ear Nose and Throat Service,5238.0,2513.0,2678.0,47.0,47.98,0.9
Feb-2025,RQM,CHELSEA AND WESTMINSTER HOSPITAL NHS FOUNDATION TRUST,C_400,Neurology Service,2926.0,1621.0,1305.0,0.0,55.4,0.0
Feb-2025,NTPH1,PRACTICE PLUS GROUP HOSPITAL - SHEPTON MALLET,C_101,Urology Service,123.0,82.0,38.0,3.0,66.67,2.44
Feb-2025,RH5,SOMERSET NHS FOUNDATION TRUST,C_400,Neurology Service,1940.0,1072.0,845.0,23.0,55.26,1.19
Feb-2025,B1A5K,NEWMEDICA - NOTTINGHAM,C_130,Ophthalmology Service,622.0,577.0,45.0,0.0,92.77,0.0
Feb-2025,NVC40,WOODTHORPE HOSPITAL,X02,Other - Medical Services,69.0,45.0,24.0,0.0,65.22,0.0
Feb-2025,RK5,SHERWOOD FOREST HOSPITALS NHS FOUNDATION TRUST,C_340,Respiratory Medicine Service,1694.0,1368.0,325.0,1.0,80.76,0.06
Feb-2025,RX1,NOTTINGHAM UNIVERSITY HOSPITALS NHS TRUST,C_340,Respiratory Medicine Service,1927.0,1299.0,619.0,9.0,67.41,0.47
Feb-2025,RX1,NOTTINGHAM UNIVERSITY HOSPITALS NHS TRUST,C_410,Rheumatology Service,746.0,504.0,242.0,0.0,67.56,0.0
Feb-2025,REF,ROYAL CORNWALL HOSPITALS NHS TRUST,C_320,Cardiology Service,1958.0,1431.0,525.0,2.0,73.08,0.1
Feb-2025,REF,ROYAL CORNWALL HOSPITALS NHS TRUST,X06,Other - Other Services,933.0,809.0,123.0,1.0,86.71,0.11
Feb-2025,REF,ROYAL CORNWALL HOSPITALS NHS TRUST,X04,Other - Paediatric Services,600.0,489.0,111.0,0.0,81.5,0.0
Feb-2025,RXQ,BUCKINGHAMSHIRE HEALTHCARE NHS TRUST,C_340,Respiratory Medicine Service,1230.0,824.0,384.0,22.0,66.99,1.79
Feb-2025,RXQ,BUCKINGHAMSHIRE HEALTHCARE NHS TRUST,C_410,Rheumatology Service,1066.0,502.0,499.0,65.0,47.09,6.1
Feb-2025,NT205,"NUFFIELD HEALTH, BRIGHTON HOSPITAL",C_101,Urology Service,170.0,11.0,119.0,40.0,6.47,23.53
Feb-2025,NT205,"NUFFIELD HEALTH, BRIGHTON HOSPITAL",C_130,Ophthalmology Service,26.0,1.0,25.0,0.0,3.85,0.0
Feb-2025,NT212,"NUFFIELD HEALTH, CHICHESTER HOSPITAL",C_100,General Surgery Service,66.0,14.0,40.0,12.0,21.21,18.18
Feb-2025,NT417,GORING HALL HOSPITAL,C_130,Ophthalmology Service,64.0,42.0,22.0,0.0,65.63,0.0
Feb-2025,NXM01,THE HORDER CENTRE - ST JOHNS ROAD,C_999,Total,1209.0,830.0,367.0,12.0,68.65,0.99
Feb-2025,RDR,SUSSEX COMMUNITY NHS FOUNDATION TRUST,C_110,Trauma and Orthopaedic Service,10063.0,7270.0,2793.0,0.0,72.24,0.0
Feb-2025,RPC,QUEEN VICTORIA HOSPITAL NHS FOUNDATION TRUST,X04,Other - Paediatric Services,104.0,60.0,44.0,0.0,57.69,0.0
Feb-2025,RPC,QUEEN VICTORIA HOSPITAL NHS FOUNDATION TRUST,C_340,Respiratory Medicine Service,56.0,34.0,22.0,0.0,60.71,0.0
Feb-2025,RXC,EAST SUSSEX HEALTHCARE NHS TRUST,C_330,Dermatology Service,1081.0,975.0,106.0,0.0,90.19,0.0
Feb-2025,RYR,UNIVERSITY HOSPITALS SUSSEX NHS FOUNDATION TRUST,X06,Other - Other Services,1207.0,549.0,542.0,116.0,45.48,9.61
Feb-2025,RAL,ROYAL FREE LONDON NHS FOUNDATION TRUST,C_110,Trauma and Orthopaedic Service,10406.0,5857.0,4364.0,185.0,56.28,1.78
Feb-2025,RAL,ROYAL FREE LONDON NHS FOUNDATION TRUST,X05,Other - Surgical Services,19407.0,10913.0,7992.0,502.0,56.23,2.59
Feb-2025,RAL,ROYAL FREE LONDON NHS FOUNDATION TRUST,X06,Other - Other Services,1879.0,995.0,808.0,76.0,52.95,4.04
Feb-2025,RAL,ROYAL FREE LONDON NHS FOUNDATION TRUST,C_300,General Internal Medicine Service,227.0,163.0,64.0,0.0,71.81,0.0
Feb-2025,RAL,ROYAL FREE LONDON NHS FOUNDATION TRUST,C_140,Oral Surgery Service,2.0,1.0,1.0,0.0,50.0,0.0
Feb-2025,RP6,MOORFIELDS EYE HOSPITAL NHS FOUNDATION TRUST,C_999,Total,33406.0,27557.0,5837.0,12.0,82.49,0.04
Feb-2025,RM1,NORFOLK AND NORWICH UNIVERSITY HOSPITALS NHS FOUNDATION TRUST,C_320,Cardiology Service,4069.0,2452.0,1558.0,59.0,60.26,1.45
Feb-2025,RM1,NORFOLK AND NORWICH UNIVERSITY HOSPITALS NHS FOUNDATION TRUST,X05,Other - Surgical Services,1209.0,768.0,425.0,16.0,63.52,1.32
Feb-2025,NPG15,SPAMEDICA NEWCASTLE-UNDER-LYME,C_130,Ophthalmology Service,199.0,197.0,2.0,0.0,98.99,0.0
Feb-2025,RDU,FRIMLEY HEALTH NHS FOUNDATION TRUST,C_300,General Internal Medicine Service,38.0,34.0,4.0,0.0,89.47,0.0
Feb-2025,NT305,SPIRE PORTSMOUTH HOSPITAL,C_999,Total,441.0,309.0,127.0,5.0,70.07,1.13
Feb-2025,NT418,HAMPSHIRE CLINIC,C_100,General Surgery Service,34.0,29.0,4.0,1.0,85.29,2.94
Feb-2025,NT418,HAMPSHIRE CLINIC,C_999,Total,366.0,263.0,97.0,6.0,71.86,1.64
Feb-2025,NTPAD,PRACTICE PLUS GROUP SURGICAL CENTRE - ST MARYS PORTSMOUTH,C_101,Urology Service,132.0,122.0,10.0,0.0,92.42,0.0
Feb-2025,R1F,ISLE OF WIGHT NHS TRUST,C_999,Total,13351.0,7702.0,5558.0,91.0,57.69,0.68
Feb-2025,RHM,UNIVERSITY HOSPITAL SOUTHAMPTON NHS FOUNDATION TRUST,C_101,Urology Service,3132.0,1769.0,1233.0,130.0,56.48,4.15
Feb-2025,RHM,UNIVERSITY HOSPITAL SOUTHAMPTON NHS FOUNDATION TRUST,C_110,Trauma and Orthopaedic Service,4099.0,2168.0,1777.0,154.0,52.89,3.76
Feb-2025,RHM,UNIVERSITY HOSPITAL SOUTHAMPTON NHS FOUNDATION TRUST,C_301,Gastroenterology Service,1467.0,1091.0,374.0,2.0,74.37,0.14
Feb-2025,RJL,NORTHERN LINCOLNSHIRE AND GOOLE NHS FOUNDATION TRUST,C_300,General Internal Medicine Service,95.0,75.0,20.0,0.0,78.95,0.0
Feb-2025,RJL,NORTHERN LINCOLNSHIRE AND GOOLE NHS FOUNDATION TRUST,C_301,Gastroenterology Service,2582.0,1692.0,885.0,5.0,65.53,0.19
Feb-2025,RWA,HULL UNIVERSITY TEACHING HOSPITALS NHS TRUST,C_101,Urology Service,3678.0,2384.0,1227.0,67.0,64.82,1.82
Feb-2025,RWA,HULL UNIVERSITY TEACHING HOSPITALS NHS TRUST,C_320,Cardiology Service,5238.0,2485.0,2297.0,456.0,47.44,8.71
Feb-2025,RWA,HULL UNIVERSITY TEACHING HOSPITALS NHS TRUST,C_300,General Internal Medicine Service,383.0,308.0,75.0,0.0,80.42,0.0
Feb-2025,G3Z1Q,SULIS HOSPITAL BATH (FOXCOTE AVENUE),C_502,Gynaecology Service,224.0,172.0,52.0,0.0,76.79,0.0
Feb-2025,NT430,RIDGEWAY HOSPITAL,C_301,Gastroenterology Service,73.0,70.0,3.0,0.0,95.89,0.0
Feb-2025,NXP,INDEPENDENT HEALTH GROUP,C_130,Ophthalmology Service,156.0,156.0,0.0,0.0,100.0,0.0
Feb-2025,RD1,ROYAL UNITED HOSPITALS BATH NHS FOUNDATION TRUST,C_340,Respiratory Medicine Service,457.0,443.0,14.0,0.0,96.94,0.0
Feb-2025,RNZ,SALISBURY NHS FOUNDATION TRUST,C_101,Urology Service,1923.0,1335.0,539.0,49.0,69.42,2.55
Feb-2025,RNZ,SALISBURY NHS FOUNDATION TRUST,C_320,Cardiology Service,2174.0,1322.0,846.0,6.0,60.81,0.28
Feb-2025,K8I4X,GLENDON WOOD HOSPITAL,C_130,Ophthalmology Service,696.0,529.0,164.0,3.0,76.01,0.43
Feb-2025,M4C5R,NEWMEDICA - NORTHAMPTON,C_130,Ophthalmology Service,870.0,852.0,18.0,0.0,97.93,0.0
Feb-2025,NT441,THREE SHIRES HOSPITAL,C_130,Ophthalmology Service,1.0,0.0,1.0,0.0,0.0,0.0
Feb-2025,NVC23,WOODLAND HOSPITAL,C_160,Plastic Surgery Service,12.0,2.0,10.0,0.0,16.67,0.0
Feb-2025,NVC23,WOODLAND HOSPITAL,C_301,Gastroenterology Service,99.0,91.0,8.0,0.0,91.92,0.0
Feb-2025,RNQ,KETTERING GENERAL HOSPITAL NHS FOUNDATION TRUST,C_120,Ear Nose and Throat Service,2310.0,1672.0,627.0,11.0,72.38,0.48
Feb-2025,RNQ,KETTERING GENERAL HOSPITAL NHS FOUNDATION TRUST,C_140,Oral Surgery Service,2703.0,1014.0,1520.0,169.0,37.51,6.25
Feb-2025,RNQ,KETTERING GENERAL HOSPITAL NHS FOUNDATION TRUST,C_301,Gastroenterology Service,813.0,517.0,294.0,2.0,63.59,0.25
Feb-2025,A0C5S,SPAMEDICA GLOUCESTER,C_999,Total,86.0,83.0,3.0,0.0,96.51,0.0
Feb-2025,NT211,"NUFFIELD HEALTH, CHELTENHAM HOSPITAL",C_110,Trauma and Orthopaedic Service,26.0,5.0,18.0,3.0,19.23,11.54
Feb-2025,RTE,GLOUCESTERSHIRE HOSPITALS NHS FOUNDATION TRUST,C_101,Urology Service,4144.0,3169.0,892.0,83.0,76.47,2.0
Feb-2025,RHU,PORTSMOUTH HOSPITALS UNIVERSITY NATIONAL HEALTH SERVICE TRUST,C_120,Ear Nose and Throat Service,8148.0,3529.0,4181.0,438.0,43.31,5.38
Feb-2025,RHU,PORTSMOUTH HOSPITALS UNIVERSITY NATIONAL HEALTH SERVICE TRUST,X05,Other - Surgical Services,837.0,265.0,512.0,60.0,31.66,7.17
Feb-2025,NT411,CLEMENTINE CHURCHILL HOSPITAL,X06,Other - Other Services,2.0,2.0,0.0,0.0,100.0,0.0
Feb-2025,R1K,LONDON NORTH WEST UNIVERSITY HEALTHCARE NHS TRUST,C_120,Ear Nose and Throat Service,7626.0,2606.0,4495.0,525.0,34.17,6.88
Feb-2025,R1K,LONDON NORTH WEST UNIVERSITY HEALTHCARE NHS TRUST,C_301,Gastroenterology Service,9989.0,5275.0,4393.0,321.0,52.81,3.21
Feb-2025,R1K,LONDON NORTH WEST UNIVERSITY HEALTHCARE NHS TRUST,C_101,Urology Service,4167.0,2395.0,1691.0,81.0,57.48,1.94
Feb-2025,AHP,ST MICHAEL'S CLINIC LIMITED,C_999,Total,1874.0,1045.0,817.0,12.0,55.76,0.64
Feb-2025,RXW,THE SHREWSBURY AND TELFORD HOSPITAL NHS TRUST,C_130,Ophthalmology Service,4597.0,2020.0,2376.0,201.0,43.94,4.37
Feb-2025,NRP,BEACON MEDICAL SERVICES GROUP LIMITED,C_999,Total,333.0,325.0,8.0,0.0,97.6,0.0
Feb-2025,NT404,BEAUMONT HOSPITAL,C_502,Gynaecology Service,122.0,42.0,79.0,1.0,34.43,0.82
Feb-2025,NVC12,OAKLANDS HOSPITAL,C_101,Urology Service,287.0,211.0,74.0,2.0,73.52,0.7
Feb-2025,NVC12,OAKLANDS HOSPITAL,C_502,Gynaecology Service,7.0,3.0,4.0,0.0,42.86,0.0
Feb-2025,NVL,DMC DERMATOLOGY,C_999,Total,206.0,206.0,0.0,0.0,100.0,0.0
Feb-2025,R0A,MANCHESTER UNIVERSITY NHS FOUNDATION TRUST,X02,Other - Medical Services,28042.0,15221.0,12083.0,738.0,54.28,2.63
Feb-2025,RMC,BOLTON NHS FOUNDATION TRUST,C_999,Total,39987.0,21898.0,16766.0,1323.0,54.76,3.31
Feb-2025,RMC,BOLTON NHS FOUNDATION TRUST,C_101,Urology Service,2277.0,1133.0,1048.0,96.0,49.76,4.22
Feb-2025,RMP,TAMESIDE AND GLOSSOP INTEGRATED CARE NHS FOUNDATION TRUST,C_140,Oral Surgery Service,1072.0,537.0,535.0,0.0,50.09,0.0
Feb-2025,RWJ,STOCKPORT NHS FOUNDATION TRUST,X05,Other - Surgical Services,371.0,128.0,188.0,55.0,34.5,14.82
Feb-2025,NT245,"NUFFIELD HEALTH, YORK HOSPITAL",C_999,Total,555.0,442.0,112.0,1.0,79.64,0.18
Feb-2025,NT351,SPIRE HULL AND EAST RIDING HOSPITAL,C_160,Plastic Surgery Service,168.0,168.0,0.0,0.0,100.0,0.0
Feb-2025,NT351,SPIRE HULL AND EAST RIDING HOSPITAL,C_502,Gynaecology Service,130.0,130.0,0.0,0.0,100.0,0.0
Feb-2025,NT447,DUCHY HOSPITAL,C_101,Urology Service,82.0,52.0,29.0,1.0,63.41,1.22
Feb-2025,NT216,"NUFFIELD HEALTH, GUILDFORD HOSPITAL",C_101,Urology Service,19.0,13.0,3.0,3.0,68.42,15.79
Feb-2025,NT431,RUNNYMEDE HOSPITAL,X06,Other - Other Services,1.0,1.0,0.0,0.0,100.0,0.0
Feb-2025,NVC01,ASHTEAD HOSPITAL,C_110,Trauma and Orthopaedic Service,369.0,258.0,110.0,1.0,69.92,0.27
Feb-2025,NVC01,ASHTEAD HOSPITAL,C_160,Plastic Surgery Service,11.0,8.0,3.0,0.0,72.73,0.0
Feb-2025,NVM,EPSOMEDICAL GROUP,C_110,Trauma and Orthopaedic Service,86.0,70.0,16.0,0.0,81.4,0.0
Feb-2025,RA2,ROYAL SURREY COUNTY HOSPITAL NHS FOUNDATION TRUST,C_999,Total,32668.0,18965.0,12419.0,1284.0,58.05,3.93
Feb-2025,RJ7,ST GEORGE'S UNIVERSITY HOSPITALS NHS FOUNDATION TRUST,C_140,Oral Surgery Service,1628.0,990.0,595.0,43.0,60.81,2.64
Feb-2025,RJ7,ST GEORGE'S UNIVERSITY HOSPITALS NHS FOUNDATION TRUST,X04,Other - Paediatric Services,2487.0,1787.0,697.0,3.0,71.85,0.12
Feb-2025,RVR,EPSOM AND ST HELIER UNIVERSITY HOSPITALS NHS TRUST,X02,Other - Medical Services,5395.0,4091.0,1273.0,31.0,75.83,0.57
Feb-2025,AJ8,THE GRANGE MEDICAL CENTRE HQ,C_999,Total,72.0,72.0,0.0,0.0,100.0,0.0
Feb-2025,NEQ,PHOENIX HEALTH SOLUTIONS LIMITED HQ,C_130,Ophthalmology Service,174.0,173.0,1.0,0.0,99.43,0.0
Feb-2025,NT225,"NUFFIELD HEALTH, LEEDS HOSPITAL",C_999,Total,1645.0,748.0,552.0,345.0,45.47,20.97
Feb-2025,NT225,"NUFFIELD HEALTH, LEEDS HOSPITAL",C_100,General Surgery Service,309.0,152.0,88.0,69.0,49.19,22.33
Feb-2025,NT225,"NUFFIELD HEALTH, LEEDS HOSPITAL",C_150,Neurosurgical Service,3.0,2.0,1.0,0.0,66.67,0.0
Feb-2025,NT448,HUDDERSFIELD PRIVATE HOSPITAL,C_110,Trauma and Orthopaedic Service,235.0,223.0,12.0,0.0,94.89,0.0
Feb-2025,NT448,HUDDERSFIELD PRIVATE HOSPITAL,X06,Other - Other Services,2.0,2.0,0.0,0.0,100.0,0.0
Feb-2025,NVC20,THE YORKSHIRE CLINIC,C_400,Neurology Service,215.0,59.0,155.0,1.0,27.44,0.47
Feb-2025,RAE,BRADFORD TEACHING HOSPITALS NHS FOUNDATION TRUST,C_330,Dermatology Service,1048.0,957.0,91.0,0.0,91.32,0.0
Feb-2025,RCF,AIREDALE NHS FOUNDATION TRUST,C_100,General Surgery Service,1893.0,1318.0,559.0,16.0,69.62,0.85
Feb-2025,RCF,AIREDALE NHS FOUNDATION TRUST,C_120,Ear Nose and Throat Service,955.0,709.0,238.0,8.0,74.24,0.84
Feb-2025,RCF,AIREDALE NHS FOUNDATION TRUST,C_320,Cardiology Service,1332.0,1025.0,298.0,9.0,76.95,0.68
Feb-2025,RR8,LEEDS TEACHING HOSPITALS NHS TRUST,C_130,Ophthalmology Service,4332.0,3274.0,1044.0,14.0,75.58,0.32
Feb-2025,RWY,CALDERDALE AND HUDDERSFIELD NHS FOUNDATION TRUST,C_100,General Surgery Service,5069.0,3626.0,1442.0,1.0,71.53,0.02
Feb-2025,RWY,CALDERDALE AND HUDDERSFIELD NHS FOUNDATION TRUST,X02,Other - Medical Services,1508.0,1141.0,366.0,1.0,75.66,0.07
Feb-2025,RWY,CALDERDALE AND HUDDERSFIELD NHS FOUNDATION TRUST,C_430,Elderly Medicine Service,96.0,80.0,16.0,0.0,83.33,0.0
Feb-2025,RWY,CALDERDALE AND HUDDERSFIELD NHS FOUNDATION TRUST,X06,Other - Other Services,200.0,190.0,10.0,0.0,95.0,0.0
Feb-2025,RXF,MID YORKSHIRE TEACHING NHS TRUST,C_110,Trauma and Orthopaedic Service,4426.0,2291.0,2072.0,63.0,51.76,1.42
Feb-2025,RXF,MID YORKSHIRE TEACHING NHS TRUST,C_130,Ophthalmology Service,4866.0,2769.0,2042.0,55.0,56.91,1.13
Feb-2025,RXF,MID YORKSHIRE TEACHING NHS TRUST,C_400,Neurology Service,1456.0,794.0,602.0,60.0,54.53,4.12
Feb-2025,RXF,MID YORKSHIRE TEACHING NHS TRUST,X06,Other - Other Services,272.0,186.0,81.0,5.0,68.38,1.84
Feb-2025,RJC,SOUTH WARWICKSHIRE UNIVERSITY NHS FOUNDATION TRUST,C_301,Gastroenterology Service,1996.0,1153.0,811.0,32.0,57.77,1.6
Feb-2025,RJC,SOUTH WARWICKSHIRE UNIVERSITY NHS FOUNDATION TRUST,C_410,Rheumatology Service,497.0,428.0,66.0,3.0,86.12,0.6
Feb-2025,RKB,UNIVERSITY HOSPITALS COVENTRY AND WARWICKSHIRE NHS TRUST,C_502,Gynaecology Service,7186.0,3893.0,3153.0,140.0,54.17,1.95
Feb-2025,RKB,UNIVERSITY HOSPITALS COVENTRY AND WARWICKSHIRE NHS TRUST,C_170,Cardiothoracic Surgery Service,494.0,344.0,138.0,12.0,69.64,2.43
Feb-2025,NDJ,FIRST COMMUNITY HEALTH AND CARE CIC,C_999,Total,606.0,604.0,2.0,0.0,99.67,0.0
Feb-2025,T8R5I,SPAMEDICA WOKINGHAM,C_999,Total,145.0,141.0,4.0,0.0,97.24,0.0
Feb-2025,NVC21,WEST MIDLANDS HOSPITAL,C_101,Urology Service,94.0,30.0,53.0,11.0,31.91,11.7
Feb-2025,RBK,WALSALL HEALTHCARE NHS TRUST,C_502,Gynaecology Service,2182.0,1715.0,467.0,0.0,78.6,0.0
Feb-2025,RL4,THE ROYAL WOLVERHAMPTON NHS TRUST,C_120,Ear Nose and Throat Service,8327.0,3447.0,4623.0,257.0,41.4,3.09
Feb-2025,RNA,THE DUDLEY GROUP NHS FOUNDATION TRUST,C_301,Gastroenterology Service,2105.0,1266.0,821.0,18.0,60.14,0.86
Feb-2025,NT209,"NUFFIELD HEALTH, CAMBRIDGE HOSPITAL",C_110,Trauma and Orthopaedic Service,303.0,167.0,134.0,2.0,55.12,0.66
Feb-2025,NT209,"NUFFIELD HEALTH, CAMBRIDGE HOSPITAL",C_301,Gastroenterology Service,24.0,23.0,1.0,0.0,95.83,0.0
Feb-2025,NVC06,FITZWILLIAM HOSPITAL,C_301,Gastroenterology Service,101.0,74.0,27.0,0.0,73.27,0.0
Feb-2025,RGT,CAMBRIDGE UNIVERSITY HOSPITALS NHS FOUNDATION TRUST,C_101,Urology Service,4075.0,1869.0,1936.0,270.0,45.87,6.63
Feb-2025,RGT,CAMBRIDGE UNIVERSITY HOSPITALS NHS FOUNDATION TRUST,X06,Other - Other Services,776.0,547.0,219.0,10.0,70.49,1.29
Feb-2025,S3H9L,THE HAMPTONS HOSPITAL LTD,C_101,Urology Service,147.0,136.0,10.0,1.0,92.52,0.68
Feb-2025,NFH,SOMERSET SURGICAL SERVICES HQ,X05,Other - Surgical Services,18.0,9.0,9.0,0.0,50.0,0.0
Feb-2025,RA7,UNIVERSITY HOSPITALS BRISTOL AND WESTON NHS FOUNDATION TRUST,C_130,Ophthalmology Service,6829.0,5214.0,1547.0,68.0,76.35,1.0
Feb-2025,RA7,UNIVERSITY HOSPITALS BRISTOL AND WESTON NHS FOUNDATION TRUST,C_340,Respiratory Medicine Service,983.0,728.0,252.0,3.0,74.06,0.31
Feb-2025,R0D,UNIVERSITY HOSPITALS DORSET NHS FOUNDATION TRUST,C_130,Ophthalmology Service,4178.0,3265.0,888.0,25.0,78.15,0.6
Feb-2025,RBD,DORSET COUNTY HOSPITAL NHS FOUNDATION TRUST,C_320,Cardiology Service,991.0,744.0,246.0,1.0,75.08,0.1
Feb-2025,RAX,KINGSTON AND RICHMOND NHS FOUNDATION TRUST,X05,Other - Surgical Services,5954.0,3362.0,2584.0,8.0,56.47,0.13
Feb-2025,RAX,KINGSTON AND RICHMOND NHS FOUNDATION TRUST,X06,Other - Other Services,97.0,56.0,41.0,0.0,57.73,0.0
Feb-2025,RJ6,CROYDON HEALTH SERVICES NHS TRUST,C_110,Trauma and Orthopaedic Service,5131.0,3698.0,1370.0,63.0,72.07,1.23
Feb-2025,RJ2,LEWISHAM AND GREENWICH NHS TRUST,X06,Other - Other Services,30.0,28.0,2.0,0.0,93.33,0.0
Feb-2025,RJZ,KING'S COLLEGE HOSPITAL NHS FOUNDATION TRUST,C_400,Neurology Service,2779.0,1935.0,835.0,9.0,69.63,0.32
Feb-2025,RJZ,KING'S COLLEGE HOSPITAL NHS FOUNDATION TRUST,C_160,Plastic Surgery Service,50.0,22.0,25.0,3.0,44.0,6.0
Feb-2025,Y8L9S,SPAMEDICA BROMLEY,C_130,Ophthalmology Service,330.0,321.0,9.0,0.0,97.27,0.0
Feb-2025,Y8L9S,SPAMEDICA BROMLEY,C_999,Total,330.0,321.0,9.0,0.0,97.27,0.0
Feb-2025,NWF01,BENENDEN HOSPITAL,C_120,Ear Nose and Throat Service,158.0,89.0,68.0,1.0,56.33,0.63
Feb-2025,NWF01,BENENDEN HOSPITAL,C_130,Ophthalmology Service,215.0,64.0,139.0,12.0,29.77,5.58
Feb-2025,RN7,DARTFORD AND GRAVESHAM NHS TRUST,X04,Other - Paediatric Services,735.0,683.0,52.0,0.0,92.93,0.0
Feb-2025,RN7,DARTFORD AND GRAVESHAM NHS TRUST,X06,Other - Other Services,68.0,63.0,5.0,0.0,92.65,0.0
Feb-2025,RPA,MEDWAY NHS FOUNDATION TRUST,X05,Other - Surgical Services,3754.0,2587.0,1119.0,48.0,68.91,1.28
Feb-2025,RPA,MEDWAY NHS FOUNDATION TRUST,X06,Other - Other Services,159.0,153.0,6.0,0.0,96.23,0.0
Feb-2025,H4I8B,NUFFIELD HEALTH THE HOLLY HOSPITAL,C_410,Rheumatology Service,67.0,47.0,20.0,0.0,70.15,0.0
Feb-2025,NT315,SPIRE BUSHEY HOSPITAL,C_120,Ear Nose and Throat Service,84.0,84.0,0.0,0.0,100.0,0.0
Feb-2025,RQW,THE PRINCESS ALEXANDRA HOSPITAL NHS TRUST,C_400,Neurology Service,1981.0,893.0,1012.0,76.0,45.08,3.84
Feb-2025,RQW,THE PRINCESS ALEXANDRA HOSPITAL NHS TRUST,C_140,Oral Surgery Service,2231.0,1094.0,1050.0,87.0,49.04,3.9
Feb-2025,RQW,THE PRINCESS ALEXANDRA HOSPITAL NHS TRUST,C_301,Gastroenterology Service,3572.0,1309.0,2185.0,78.0,36.65,2.18
Feb-2025,RWG,WEST HERTFORDSHIRE TEACHING HOSPITALS NHS TRUST,C_301,Gastroenterology Service,4115.0,3138.0,970.0,7.0,76.26,0.17
Feb-2025,RWG,WEST HERTFORDSHIRE TEACHING HOSPITALS NHS TRUST,C_320,Cardiology Service,4198.0,2712.0,1467.0,19.0,64.6,0.45
Feb-2025,RWH,EAST AND NORTH HERTFORDSHIRE NHS TRUST,C_340,Respiratory Medicine Service,1495.0,1120.0,374.0,1.0,74.92,0.07
Feb-2025,B4N1U,SPAMEDICA ROMFORD,C_999,Total,313.0,298.0,15.0,0.0,95.21,0.0
Feb-2025,NT422,LONDON INDEPENDENT HOSPITAL,X06,Other - Other Services,302.0,122.0,171.0,9.0,40.4,2.98
Feb-2025,R1H,BARTS HEALTH NHS TRUST,C_100,General Surgery Service,4143.0,2139.0,1846.0,158.0,51.63,3.81
Feb-2025,RF4,"BARKING, HAVERING AND REDBRIDGE UNIVERSITY HOSPITALS NHS TRUST",X02,Other - Medical Services,4757.0,3653.0,1079.0,25.0,76.79,0.53
Feb-2025,RQX,HOMERTON HEALTHCARE NHS FOUNDATION TRUST,C_100,General Surgery Service,5573.0,3109.0,2434.0,30.0,55.79,0.54
Feb-2025,RQX,HOMERTON HEALTHCARE NHS FOUNDATION TRUST,C_400,Neurology Service,615.0,575.0,40.0,0.0,93.5,0.0
Feb-2025,RQX,HOMERTON HEALTHCARE NHS FOUNDATION TRUST,C_430,Elderly Medicine Service,186.0,172.0,14.0,0.0,92.47,0.0
Feb-2025,G3Q3Z,NUFFIELD HEALTH HIGHGATE HOSPITAL,C_120,Ear Nose and Throat Service,209.0,175.0,33.0,1.0,83.73,0.48
Feb-2025,NT421,KINGS OAK HOSPITAL,C_301,Gastroenterology Service,14.0,10.0,4.0,0.0,71.43,0.0
Feb-2025,NT421,KINGS OAK HOSPITAL,X06,Other - Other Services,8.0,8.0,0.0,0.0,100.0,0.0
Feb-2025,NT451,CAVELL HOSPITAL,C_120,Ear Nose and Throat Service,59.0,14.0,43.0,2.0,23.73,3.39
Feb-2025,RTP,SURREY AND SUSSEX HEALTHCARE NHS TRUST,C_340,Respiratory Medicine Service,1277.0,886.0,391.0,0.0,69.38,0.0
Feb-2025,RTP,SURREY AND SUSSEX HEALTHCARE NHS TRUST,X04,Other - Paediatric Services,2131.0,1356.0,774.0,1.0,63.63,0.05
Feb-2025,NPG02,SPAMEDICA WIRRAL,C_999,Total,150.0,149.0,1.0,0.0,99.33,0.0
Feb-2025,NT325,SPIRE MURRAYFIELD HOSPITAL,C_100,General Surgery Service,144.0,126.0,18.0,0.0,87.5,0.0
Feb-2025,NT337,SPIRE LIVERPOOL HOSPITAL,X05,Other - Surgical Services,130.0,128.0,2.0,0.0,98.46,0.0
Feb-2025,NT339,SPIRE REGENCY HOSPITAL,C_150,Neurosurgical Service,14.0,14.0,0.0,0.0,100.0,0.0
Feb-2025,RBT,MID CHESHIRE HOSPITALS NHS FOUNDATION TRUST,C_502,Gynaecology Service,2220.0,1339.0,828.0,53.0,60.32,2.39
Feb-2025,RET,THE WALTON CENTRE NHS FOUNDATION TRUST,C_400,Neurology Service,7282.0,3762.0,3510.0,10.0,51.66,0.14
Feb-2025,RJR,COUNTESS OF CHESTER HOSPITAL NHS FOUNDATION TRUST,C_110,Trauma and Orthopaedic Service,2071.0,1056.0,926.0,89.0,50.99,4.3
Apr-2026,NT204,"NUFFIELD HEALTH, BRENTWOOD HOSPITAL",C_150,Neurosurgical Service,149.0,79.0,70.0,0.0,53.02,0.0
Apr-2026,NVC18,SPRINGFIELD HOSPITAL,C_101,Urology Service,721.0,490.0,159.0,72.0,67.96,9.99
Apr-2026,RDE,EAST SUFFOLK AND NORTH ESSEX NHS FOUNDATION TRUST,X05,Other - Surgical Services,6469.0,4305.0,2159.0,5.0,66.55,0.08
Apr-2026,NT347,SPIRE FYLDE COAST HOSPITAL,C_999,Total,3362.0,2804.0,558.0,0.0,83.4,0.0
Apr-2026,NT347,SPIRE FYLDE COAST HOSPITAL,C_120,Ear Nose and Throat Service,82.0,74.0,8.0,0.0,90.24,0.0
Apr-2026,NVC05,EUXTON HALL HOSPITAL,C_301,Gastroenterology Service,3.0,3.0,0.0,0.0,100.0,0.0
Apr-2026,NVC16,RENACRES HOSPITAL,X05,Other - Surgical Services,1.0,0.0,1.0,0.0,0.0,0.0
Apr-2026,RTX,UNIVERSITY HOSPITALS OF MORECAMBE BAY NHS FOUNDATION TRUST,C_160,Plastic Surgery Service,71.0,66.0,4.0,1.0,92.96,1.41
Apr-2026,RXN,LANCASHIRE TEACHING HOSPITALS NHS FOUNDATION TRUST,C_160,Plastic Surgery Service,4103.0,2153.0,1861.0,89.0,52.47,2.17
Apr-2026,NT440,THORNBURY HOSPITAL,C_502,Gynaecology Service,201.0,155.0,43.0,3.0,77.11,1.49
Apr-2026,Q6V1S,OPTEGRA EYE HOSPITAL SHEFFIELD,C_130,Ophthalmology Service,310.0,292.0,18.0,0.0,94.19,0.0
Apr-2026,RCU,SHEFFIELD CHILDREN'S NHS FOUNDATION TRUST,C_140,Oral Surgery Service,38.0,9.0,27.0,2.0,23.68,5.26
Apr-2026,RFR,THE ROTHERHAM NHS FOUNDATION TRUST,C_110,Trauma and Orthopaedic Service,4455.0,2273.0,2137.0,45.0,51.02,1.01
Apr-2026,RFR,THE ROTHERHAM NHS FOUNDATION TRUST,X02,Other - Medical Services,752.0,694.0,58.0,0.0,92.29,0.0
Apr-2026,RLQ,WYE VALLEY NHS TRUST,C_999,Total,21725.0,14614.0,6979.0,132.0,67.27,0.61
Apr-2026,R1H,BARTS HEALTH NHS TRUST,C_502,Gynaecology Service,8789.0,6071.0,2700.0,18.0,69.07,0.2
Apr-2026,RQX,HOMERTON HEALTHCARE NHS FOUNDATION TRUST,C_301,Gastroenterology Service,913.0,845.0,68.0,0.0,92.55,0.0
Apr-2026,RQX,HOMERTON HEALTHCARE NHS FOUNDATION TRUST,X04,Other - Paediatric Services,2291.0,1893.0,391.0,7.0,82.63,0.31
Apr-2026,RQX,HOMERTON HEALTHCARE NHS FOUNDATION TRUST,C_330,Dermatology Service,1178.0,1008.0,170.0,0.0,85.57,0.0
Apr-2026,NT230,"NUFFIELD HEALTH, NORTH STAFFORDSHIRE HOSPITAL",C_130,Ophthalmology Service,169.0,89.0,75.0,5.0,52.66,2.96
Apr-2026,NVC17,ROWLEY HALL HOSPITAL,C_100,General Surgery Service,131.0,73.0,58.0,0.0,55.73,0.0
Apr-2026,RJE,UNIVERSITY HOSPITALS OF NORTH MIDLANDS NHS TRUST,C_150,Neurosurgical Service,539.0,350.0,182.0,7.0,64.94,1.3
Apr-2026,R1D,SHROPSHIRE COMMUNITY HEALTH NHS TRUST,C_120,Ear Nose and Throat Service,311.0,227.0,84.0,0.0,72.99,0.0
Apr-2026,RL1,THE ROBERT JONES AND AGNES HUNT ORTHOPAEDIC HOSPITAL NHS FOUNDATION TRUST,X02,Other - Medical Services,361.0,286.0,69.0,6.0,79.22,1.66
Apr-2026,RL1,THE ROBERT JONES AND AGNES HUNT ORTHOPAEDIC HOSPITAL NHS FOUNDATION TRUST,C_430,Elderly Medicine Service,22.0,22.0,0.0,0.0,100.0,0.0
Apr-2026,RXW,THE SHREWSBURY AND TELFORD HOSPITAL NHS TRUST,C_140,Oral Surgery Service,1900.0,1159.0,741.0,0.0,61.0,0.0
Apr-2026,V5F1D,SPAMEDICA TELFORD,C_130,Ophthalmology Service,465.0,415.0,49.0,1.0,89.25,0.22
Apr-2026,NNH04,OPTEGRA (MANCHESTER EYE HOSPITAL),C_999,Total,794.0,767.0,27.0,0.0,96.6,0.0
Apr-2026,RBV,THE CHRISTIE NHS FOUNDATION TRUST,C_999,Total,3028.0,2937.0,91.0,0.0,96.99,0.0
Apr-2026,RM3,NORTHERN CARE ALLIANCE NHS FOUNDATION TRUST,X05,Other - Surgical Services,8439.0,5265.0,2863.0,311.0,62.39,3.69
Apr-2026,NT233,"NUFFIELD HEALTH, PLYMOUTH HOSPITAL",C_101,Urology Service,8.0,5.0,3.0,0.0,62.5,0.0
Apr-2026,RH8,ROYAL DEVON UNIVERSITY HEALTHCARE NHS FOUNDATION TRUST,C_430,Elderly Medicine Service,355.0,294.0,61.0,0.0,82.82,0.0
Apr-2026,RK9,UNIVERSITY HOSPITALS PLYMOUTH NHS TRUST,C_160,Plastic Surgery Service,1266.0,837.0,425.0,4.0,66.11,0.32
Apr-2026,RK9,UNIVERSITY HOSPITALS PLYMOUTH NHS TRUST,C_300,General Internal Medicine Service,61.0,45.0,16.0,0.0,73.77,0.0
Apr-2026,RK9,UNIVERSITY HOSPITALS PLYMOUTH NHS TRUST,C_400,Neurology Service,2216.0,1560.0,636.0,20.0,70.4,0.9
Apr-2026,RK9,UNIVERSITY HOSPITALS PLYMOUTH NHS TRUST,C_502,Gynaecology Service,3277.0,1853.0,1326.0,98.0,56.55,2.99
Apr-2026,NT312,SPIRE ALEXANDRA HOSPITAL,C_502,Gynaecology Service,65.0,58.0,7.0,0.0,89.23,0.0
Apr-2026,NTP16,PRACTICE PLUS GROUP SURGICAL CENTRE - GILLINGHAM,C_301,Gastroenterology Service,184.0,183.0,0.0,1.0,99.46,0.54
Apr-2026,NTP16,PRACTICE PLUS GROUP SURGICAL CENTRE - GILLINGHAM,C_999,Total,1032.0,919.0,107.0,6.0,89.05,0.58
Apr-2026,RP7,LINCOLNSHIRE PARTNERSHIP NHS FOUNDATION TRUST,C_999,Total,10.0,9.0,1.0,0.0,90.0,0.0
Apr-2026,RWE,UNIVERSITY HOSPITALS OF LEICESTER NHS TRUST,C_999,Total,114975.0,66656.0,45892.0,2427.0,57.97,2.11
Apr-2026,RWE,UNIVERSITY HOSPITALS OF LEICESTER NHS TRUST,C_160,Plastic Surgery Service,1142.0,590.0,491.0,61.0,51.66,5.34
Apr-2026,NCN,DMC HEALTHCARE,C_330,Dermatology Service,2326.0,2181.0,104.0,41.0,93.77,1.76
Apr-2026,RJ1,GUY'S AND ST THOMAS' NHS FOUNDATION TRUST,C_320,Cardiology Service,10205.0,6184.0,3916.0,105.0,60.6,1.03
Apr-2026,RJ2,LEWISHAM AND GREENWICH NHS TRUST,X06,Other - Other Services,13.0,13.0,0.0,0.0,100.0,0.0
Apr-2026,RJZ,KING'S COLLEGE HOSPITAL NHS FOUNDATION TRUST,C_110,Trauma and Orthopaedic Service,3836.0,2132.0,1648.0,56.0,55.58,1.46
Apr-2026,RJZ,KING'S COLLEGE HOSPITAL NHS FOUNDATION TRUST,C_410,Rheumatology Service,1166.0,1019.0,146.0,1.0,87.39,0.09
Apr-2026,RJZ,KING'S COLLEGE HOSPITAL NHS FOUNDATION TRUST,C_101,Urology Service,4268.0,3115.0,1126.0,27.0,72.99,0.63
Apr-2026,RJZ,KING'S COLLEGE HOSPITAL NHS FOUNDATION TRUST,C_120,Ear Nose and Throat Service,493.0,421.0,71.0,1.0,85.4,0.2
Apr-2026,RPA,MEDWAY NHS FOUNDATION TRUST,C_410,Rheumatology Service,3344.0,1077.0,2026.0,241.0,32.21,7.21
Apr-2026,RPA,MEDWAY NHS FOUNDATION TRUST,C_430,Elderly Medicine Service,68.0,65.0,3.0,0.0,95.59,0.0
Apr-2026,RVV,EAST KENT HOSPITALS UNIVERSITY NHS FOUNDATION TRUST,C_110,Trauma and Orthopaedic Service,8045.0,3688.0,4176.0,181.0,45.84,2.25
Apr-2026,RVV,EAST KENT HOSPITALS UNIVERSITY NHS FOUNDATION TRUST,C_410,Rheumatology Service,3148.0,1331.0,1780.0,37.0,42.28,1.18
Apr-2026,RWF,MAIDSTONE AND TUNBRIDGE WELLS NHS TRUST,C_110,Trauma and Orthopaedic Service,3994.0,2902.0,1082.0,10.0,72.66,0.25
Apr-2026,U0K8N,CES MEDICAL,C_130,Ophthalmology Service,56.0,49.0,7.0,0.0,87.5,0.0
Apr-2026,NT314,SPIRE LONDON EAST,C_150,Neurosurgical Service,423.0,208.0,211.0,4.0,49.17,0.95
Apr-2026,NT422,LONDON INDEPENDENT HOSPITAL,C_101,Urology Service,564.0,423.0,141.0,0.0,75.0,0.0
Apr-2026,S1Z4X,NEWMEDICA - BIRMINGHAM,C_999,Total,936.0,884.0,52.0,0.0,94.44,0.0
Apr-2026,NMG,CORA HEALTH MSK (FORMERLY CONNECT HEALTH LTD),X06,Other - Other Services,18494.0,16916.0,1574.0,4.0,91.47,0.02
Apr-2026,R0B,SOUTH TYNESIDE AND SUNDERLAND NHS FOUNDATION TRUST,C_999,Total,58740.0,44716.0,14022.0,2.0,76.13,0.0
Apr-2026,RLQ,WYE VALLEY NHS TRUST,X06,Other - Other Services,1.0,0.0,1.0,0.0,0.0,0.0
Apr-2026,RWP,WORCESTERSHIRE ACUTE HOSPITALS NHS TRUST,C_101,Urology Service,4875.0,2859.0,1948.0,68.0,58.65,1.39
Apr-2026,NT320,SPIRE PARKWAY HOSPITAL,C_100,General Surgery Service,323.0,250.0,71.0,2.0,77.4,0.62
Apr-2026,RRK,UNIVERSITY HOSPITALS BIRMINGHAM NHS FOUNDATION TRUST,C_301,Gastroenterology Service,6595.0,4245.0,2350.0,0.0,64.37,0.0
Apr-2026,RRK,UNIVERSITY HOSPITALS BIRMINGHAM NHS FOUNDATION TRUST,C_430,Elderly Medicine Service,326.0,288.0,38.0,0.0,88.34,0.0
Apr-2026,R6B6E,ACES DARLINGTON,C_999,Total,1.0,1.0,0.0,0.0,100.0,0.0
Apr-2026,R7W2O,NEWCASTLE NEWMEDICA LTD,C_130,Ophthalmology Service,948.0,914.0,34.0,0.0,96.41,0.0
Apr-2026,RNN,NORTH CUMBRIA INTEGRATED CARE NHS FOUNDATION TRUST,C_330,Dermatology Service,1780.0,1215.0,563.0,2.0,68.26,0.11
Apr-2026,RTF,NORTHUMBRIA HEALTHCARE NHS FOUNDATION TRUST,C_100,General Surgery Service,6344.0,5854.0,490.0,0.0,92.28,0.0
Apr-2026,RTR,SOUTH TEES HOSPITALS NHS FOUNDATION TRUST,C_100,General Surgery Service,1870.0,1202.0,642.0,26.0,64.28,1.39
Apr-2026,RTR,SOUTH TEES HOSPITALS NHS FOUNDATION TRUST,C_110,Trauma and Orthopaedic Service,5277.0,3627.0,1633.0,17.0,68.73,0.32
Apr-2026,RTR,SOUTH TEES HOSPITALS NHS FOUNDATION TRUST,C_120,Ear Nose and Throat Service,6662.0,3740.0,2890.0,32.0,56.14,0.48
Apr-2026,RTR,SOUTH TEES HOSPITALS NHS FOUNDATION TRUST,C_410,Rheumatology Service,1500.0,825.0,664.0,11.0,55.0,0.73
Apr-2026,RTR,SOUTH TEES HOSPITALS NHS FOUNDATION TRUST,X04,Other - Paediatric Services,1783.0,1222.0,553.0,8.0,68.54,0.45
Apr-2026,RFS,CHESTERFIELD ROYAL HOSPITAL NHS FOUNDATION TRUST,X05,Other - Surgical Services,2844.0,1702.0,1083.0,59.0,59.85,2.07
Apr-2026,RTG,UNIVERSITY HOSPITALS OF DERBY AND BURTON NHS FOUNDATION TRUST,X02,Other - Medical Services,9221.0,6521.0,2687.0,13.0,70.72,0.14
Apr-2026,RTG,UNIVERSITY HOSPITALS OF DERBY AND BURTON NHS FOUNDATION TRUST,C_999,Total,94758.0,57779.0,35453.0,1526.0,60.98,1.61
Apr-2026,RTG,UNIVERSITY HOSPITALS OF DERBY AND BURTON NHS FOUNDATION TRUST,C_170,Cardiothoracic Surgery Service,42.0,37.0,5.0,0.0,88.1,0.0
Apr-2026,NT214,"NUFFIELD HEALTH, WESSEX HOSPITAL",C_999,Total,583.0,173.0,408.0,2.0,29.67,0.34
Apr-2026,NT304,SPIRE SOUTHAMPTON HOSPITAL,C_100,General Surgery Service,29.0,21.0,8.0,0.0,72.41,0.0
Apr-2026,NT305,SPIRE PORTSMOUTH HOSPITAL,C_999,Total,473.0,268.0,203.0,2.0,56.66,0.42
Apr-2026,R1F,ISLE OF WIGHT NHS TRUST,C_340,Respiratory Medicine Service,303.0,201.0,102.0,0.0,66.34,0.0
Apr-2026,RHM,UNIVERSITY HOSPITAL SOUTHAMPTON NHS FOUNDATION TRUST,C_400,Neurology Service,5694.0,3134.0,2515.0,45.0,55.04,0.79
Apr-2026,REF,ROYAL CORNWALL HOSPITALS NHS TRUST,C_410,Rheumatology Service,650.0,610.0,40.0,0.0,93.85,0.0
Apr-2026,NVC1H,STOURSIDE HOSPITAL,C_999,Total,2961.0,2112.0,830.0,19.0,71.33,0.64
Apr-2026,RBK,WALSALL HEALTHCARE NHS TRUST,C_100,General Surgery Service,1767.0,933.0,834.0,0.0,52.8,0.0
Apr-2026,RBK,WALSALL HEALTHCARE NHS TRUST,C_999,Total,27972.0,20193.0,7775.0,4.0,72.19,0.01
Apr-2026,RHU,PORTSMOUTH HOSPITALS UNIVERSITY NHS TRUST,C_502,Gynaecology Service,5016.0,2536.0,2289.0,191.0,50.56,3.81
Apr-2026,RH5,SOMERSET NHS FOUNDATION TRUST,C_340,Respiratory Medicine Service,1614.0,1431.0,183.0,0.0,88.66,0.0
Apr-2026,RH5,SOMERSET NHS FOUNDATION TRUST,X05,Other - Surgical Services,5808.0,3474.0,2095.0,239.0,59.81,4.12
Apr-2026,NVC40,WOODTHORPE HOSPITAL,C_130,Ophthalmology Service,373.0,350.0,23.0,0.0,93.83,0.0
Apr-2026,RK5,SHERWOOD FOREST HOSPITALS NHS FOUNDATION TRUST,C_999,Total,33261.0,21181.0,11732.0,348.0,63.68,1.05
Apr-2026,RX1,NOTTINGHAM UNIVERSITY HOSPITALS NHS TRUST,C_320,Cardiology Service,1508.0,1220.0,285.0,3.0,80.9,0.2
Apr-2026,RX1,NOTTINGHAM UNIVERSITY HOSPITALS NHS TRUST,X04,Other - Paediatric Services,3030.0,2446.0,562.0,22.0,80.73,0.73
Apr-2026,RX1,NOTTINGHAM UNIVERSITY HOSPITALS NHS TRUST,C_160,Plastic Surgery Service,964.0,537.0,416.0,11.0,55.71,1.14
Apr-2026,RXK,SANDWELL AND WEST BIRMINGHAM HOSPITALS NHS TRUST,C_400,Neurology Service,1600.0,677.0,923.0,0.0,42.31,0.0
Apr-2026,RXK,SANDWELL AND WEST BIRMINGHAM HOSPITALS NHS TRUST,X04,Other - Paediatric Services,5950.0,4127.0,1789.0,34.0,69.36,0.57
Apr-2026,RXK,SANDWELL AND WEST BIRMINGHAM HOSPITALS NHS TRUST,C_410,Rheumatology Service,507.0,462.0,45.0,0.0,91.12,0.0
Apr-2026,RA7,UNIVERSITY HOSPITALS BRISTOL AND WESTON NHS FOUNDATION TRUST,C_300,General Internal Medicine Service,1.0,1.0,0.0,0.0,100.0,0.0
Apr-2026,RVJ,NORTH BRISTOL NHS TRUST,C_999,Total,40068.0,28281.0,11758.0,29.0,70.58,0.07
Apr-2026,NT202,"NUFFIELD HEALTH, BOURNEMOUTH HOSPITAL",C_100,General Surgery Service,43.0,38.0,5.0,0.0,88.37,0.0
Apr-2026,NT443,WINTERBOURNE HOSPITAL,C_100,General Surgery Service,36.0,33.0,3.0,0.0,91.67,0.0
Apr-2026,K8I4X,GLENDON WOOD HOSPITAL,C_100,General Surgery Service,208.0,133.0,75.0,0.0,63.94,0.0
Apr-2026,K8I4X,GLENDON WOOD HOSPITAL,C_130,Ophthalmology Service,509.0,455.0,54.0,0.0,89.39,0.0
Apr-2026,NVC23,WOODLAND HOSPITAL,C_110,Trauma and Orthopaedic Service,3446.0,2208.0,1238.0,0.0,64.07,0.0
Apr-2026,NVC23,WOODLAND HOSPITAL,C_101,Urology Service,495.0,330.0,165.0,0.0,66.67,0.0
Apr-2026,NVC23,WOODLAND HOSPITAL,X02,Other - Medical Services,4.0,4.0,0.0,0.0,100.0,0.0
Apr-2026,RNS,NORTHAMPTON GENERAL HOSPITAL NHS TRUST,C_120,Ear Nose and Throat Service,5182.0,2786.0,2141.0,255.0,53.76,4.92
Apr-2026,L0D9W,NEWMEDICA - GLOUCESTER (BRIGHOUSE COURT),C_999,Total,1330.0,1091.0,239.0,0.0,82.03,0.0
Apr-2026,RMC,BOLTON NHS FOUNDATION TRUST,C_100,General Surgery Service,3814.0,2459.0,1334.0,21.0,64.47,0.55
Apr-2026,RRF,"WRIGHTINGTON, WIGAN AND LEIGH TEACHING HOSPITALS NHS FOUNDATION TRUST",C_330,Dermatology Service,2594.0,1596.0,984.0,14.0,61.53,0.54
Apr-2026,RWJ,STOCKPORT NHS FOUNDATION TRUST,C_130,Ophthalmology Service,3919.0,2648.0,1257.0,14.0,67.57,0.36
Apr-2026,NT351,SPIRE HULL AND EAST RIDING HOSPITAL,C_110,Trauma and Orthopaedic Service,1304.0,754.0,550.0,0.0,57.82,0.0
Apr-2026,RCB,YORK AND SCARBOROUGH TEACHING HOSPITALS NHS FOUNDATION TRUST,C_340,Respiratory Medicine Service,2704.0,1463.0,1225.0,16.0,54.11,0.59
Apr-2026,RCB,YORK AND SCARBOROUGH TEACHING HOSPITALS NHS FOUNDATION TRUST,C_410,Rheumatology Service,667.0,548.0,119.0,0.0,82.16,0.0
Apr-2026,RWA,HULL UNIVERSITY TEACHING HOSPITALS NHS TRUST,C_110,Trauma and Orthopaedic Service,4580.0,2675.0,1763.0,142.0,58.41,3.1
Apr-2026,RWA,HULL UNIVERSITY TEACHING HOSPITALS NHS TRUST,C_301,Gastroenterology Service,3241.0,1628.0,1511.0,102.0,50.23,3.15
Apr-2026,NT402,BATH CLINIC,C_110,Trauma and Orthopaedic Service,424.0,340.0,84.0,0.0,80.19,0.0
Apr-2026,NT402,BATH CLINIC,C_130,Ophthalmology Service,211.0,132.0,79.0,0.0,62.56,0.0
Apr-2026,NT430,RIDGEWAY HOSPITAL,C_999,Total,430.0,311.0,119.0,0.0,72.33,0.0
Apr-2026,NTPH3,PRACTICE PLUS GROUP SURGICAL CENTRE - DEVIZES,C_120,Ear Nose and Throat Service,140.0,82.0,58.0,0.0,58.57,0.0
Apr-2026,NTPH3,PRACTICE PLUS GROUP SURGICAL CENTRE - DEVIZES,C_999,Total,3157.0,2511.0,645.0,1.0,79.54,0.03
Apr-2026,NVC09,NEW HALL HOSPITAL,C_301,Gastroenterology Service,36.0,26.0,10.0,0.0,72.22,0.0
Apr-2026,RD1,ROYAL UNITED HOSPITALS BATH NHS FOUNDATION TRUST,C_301,Gastroenterology Service,1982.0,1745.0,233.0,4.0,88.04,0.2
Apr-2026,RD1,ROYAL UNITED HOSPITALS BATH NHS FOUNDATION TRUST,C_300,General Internal Medicine Service,46.0,46.0,0.0,0.0,100.0,0.0
Apr-2026,RN3,GREAT WESTERN HOSPITALS NHS FOUNDATION TRUST,C_330,Dermatology Service,3206.0,1937.0,1253.0,16.0,60.42,0.5
Apr-2026,RNZ,SALISBURY NHS FOUNDATION TRUST,C_160,Plastic Surgery Service,1961.0,1440.0,515.0,6.0,73.43,0.31
Apr-2026,RNZ,SALISBURY NHS FOUNDATION TRUST,C_330,Dermatology Service,599.0,112.0,485.0,2.0,18.7,0.33
Apr-2026,RNZ,SALISBURY NHS FOUNDATION TRUST,C_430,Elderly Medicine Service,239.0,167.0,72.0,0.0,69.87,0.0
Apr-2026,NT211,"NUFFIELD HEALTH, CHELTENHAM HOSPITAL",X02,Other - Medical Services,1.0,0.0,1.0,0.0,0.0,0.0
Apr-2026,NT244,NUFFIELD HOSPITAL OXFORD (THE MANOR),C_999,Total,82.0,71.0,11.0,0.0,86.59,0.0
Apr-2026,NVC02,THE BERKSHIRE INDEPENDENT HOSPITAL,C_160,Plastic Surgery Service,2.0,2.0,0.0,0.0,100.0,0.0
Apr-2026,O5Y9D,SPAMEDICA OXFORD,C_130,Ophthalmology Service,200.0,186.0,14.0,0.0,93.0,0.0
Apr-2026,NT325,SPIRE MURRAYFIELD HOSPITAL,C_999,Total,749.0,562.0,184.0,3.0,75.03,0.4
Apr-2026,RBL,WIRRAL UNIVERSITY TEACHING HOSPITAL NHS FOUNDATION TRUST,C_140,Oral Surgery Service,2776.0,1344.0,1416.0,16.0,48.41,0.58
Apr-2026,RBQ,LIVERPOOL HEART AND CHEST HOSPITAL NHS FOUNDATION TRUST,C_320,Cardiology Service,2828.0,2281.0,547.0,0.0,80.66,0.0
Apr-2026,RBQ,LIVERPOOL HEART AND CHEST HOSPITAL NHS FOUNDATION TRUST,X02,Other - Medical Services,716.0,621.0,95.0,0.0,86.73,0.0
Apr-2026,RBT,MID CHESHIRE HOSPITALS NHS FOUNDATION TRUST,C_999,Total,30398.0,19360.0,10706.0,332.0,63.69,1.09
Apr-2026,RBT,MID CHESHIRE HOSPITALS NHS FOUNDATION TRUST,C_320,Cardiology Service,1320.0,970.0,349.0,1.0,73.48,0.08
Apr-2026,REN,THE CLATTERBRIDGE CANCER CENTRE NHS FOUNDATION TRUST,C_999,Total,841.0,807.0,34.0,0.0,95.96,0.0
Apr-2026,REP,LIVERPOOL WOMEN'S NHS FOUNDATION TRUST,X06,Other - Other Services,1279.0,966.0,313.0,0.0,75.53,0.0
Apr-2026,REP,LIVERPOOL WOMEN'S NHS FOUNDATION TRUST,C_502,Gynaecology Service,10327.0,6111.0,3928.0,288.0,59.17,2.79
Apr-2026,RJN,EAST CHESHIRE NHS TRUST,C_120,Ear Nose and Throat Service,1644.0,1012.0,590.0,42.0,61.56,2.55
Apr-2026,RJN,EAST CHESHIRE NHS TRUST,X02,Other - Medical Services,810.0,575.0,227.0,8.0,70.99,0.99
Apr-2026,RJN,EAST CHESHIRE NHS TRUST,C_130,Ophthalmology Service,2351.0,1473.0,865.0,13.0,62.65,0.55
Apr-2026,RJR,COUNTESS OF CHESTER HOSPITAL NHS FOUNDATION TRUST,C_340,Respiratory Medicine Service,942.0,785.0,157.0,0.0,83.33,0.0
Apr-2026,RTH,OXFORD UNIVERSITY HOSPITALS NHS FOUNDATION TRUST,C_301,Gastroenterology Service,3713.0,2433.0,1260.0,20.0,65.53,0.54
Apr-2026,AWR,ONE STOP DOCTORS LIMITED,C_101,Urology Service,15.0,5.0,10.0,0.0,33.33,0.0
Apr-2026,K3V9U,SPAMEDICA STEVENAGE COMMUNITY DIAGNOSTIC & TREATMENT CENTRE,C_130,Ophthalmology Service,7.0,7.0,0.0,0.0,100.0,0.0
Apr-2026,K3V9U,SPAMEDICA STEVENAGE COMMUNITY DIAGNOSTIC & TREATMENT CENTRE,C_999,Total,7.0,7.0,0.0,0.0,100.0,0.0
Apr-2026,NVC15,PINEHILL HOSPITAL,C_100,General Surgery Service,369.0,250.0,118.0,1.0,67.75,0.27
Apr-2026,RGP,JAMES PAGET UNIVERSITY HOSPITALS NHS FOUNDATION TRUST,C_101,Urology Service,2162.0,980.0,1023.0,159.0,45.33,7.35
Apr-2026,RGP,JAMES PAGET UNIVERSITY HOSPITALS NHS FOUNDATION TRUST,C_400,Neurology Service,2409.0,922.0,1349.0,138.0,38.27,5.73
Apr-2026,RM1,NORFOLK AND NORWICH UNIVERSITY HOSPITALS NHS FOUNDATION TRUST,X05,Other - Surgical Services,2058.0,1548.0,505.0,5.0,75.22,0.24
Apr-2026,I7Q4A,OPTEGRA EYE HOSPITAL WEST LONDON,C_999,Total,638.0,564.0,74.0,0.0,88.4,0.0
Apr-2026,NNH07,OPTEGRA LONDON EYE HOSPITAL,C_999,Total,876.0,809.0,67.0,0.0,92.35,0.0
Apr-2026,NT405,BISHOPS WOOD HOSPITAL,C_999,Total,543.0,465.0,78.0,0.0,85.64,0.0
Apr-2026,NT451,CAVELL HOSPITAL,C_999,Total,1334.0,958.0,370.0,6.0,71.81,0.45
Apr-2026,R1K,LONDON NORTH WEST UNIVERSITY HEALTHCARE NHS TRUST,C_300,General Internal Medicine Service,2.0,2.0,0.0,0.0,100.0,0.0
Apr-2026,RAL,ROYAL FREE LONDON NHS FOUNDATION TRUST,C_160,Plastic Surgery Service,2950.0,1793.0,1126.0,31.0,60.78,1.05
Apr-2026,RAL,ROYAL FREE LONDON NHS FOUNDATION TRUST,C_320,Cardiology Service,8643.0,5647.0,2989.0,7.0,65.34,0.08
Apr-2026,RAN,ROYAL NATIONAL ORTHOPAEDIC HOSPITAL NHS TRUST,C_301,Gastroenterology Service,1.0,1.0,0.0,0.0,100.0,0.0
Apr-2026,RAN,ROYAL NATIONAL ORTHOPAEDIC HOSPITAL NHS TRUST,X03,Other - Mental Health Services,6.0,5.0,1.0,0.0,83.33,0.0
Apr-2026,RAS,THE HILLINGDON HOSPITALS NHS FOUNDATION TRUST,C_140,Oral Surgery Service,2274.0,1287.0,987.0,0.0,56.6,0.0
Apr-2026,RKE,WHITTINGTON HEALTH NHS TRUST,C_330,Dermatology Service,1799.0,805.0,992.0,2.0,44.75,0.11
Apr-2026,RPY,THE ROYAL MARSDEN NHS FOUNDATION TRUST,X02,Other - Medical Services,463.0,449.0,14.0,0.0,96.98,0.0
Apr-2026,RQM,CHELSEA AND WESTMINSTER HOSPITAL NHS FOUNDATION TRUST,C_502,Gynaecology Service,6895.0,6008.0,887.0,0.0,87.14,0.0
Apr-2026,RQM,CHELSEA AND WESTMINSTER HOSPITAL NHS FOUNDATION TRUST,C_300,General Internal Medicine Service,57.0,55.0,2.0,0.0,96.49,0.0
Apr-2026,NLG,COMMUNITAS CLINICS,C_999,Total,4440.0,3111.0,1302.0,27.0,70.07,0.61
Apr-2026,NT436,SHIRLEY OAKS HOSPITAL,C_301,Gastroenterology Service,186.0,153.0,33.0,0.0,82.26,0.0
Apr-2026,R0F4N,NUFFIELD HEALTH PARKSIDE HOSPITAL,X02,Other - Medical Services,5.0,4.0,1.0,0.0,80.0,0.0
Apr-2026,RAX,KINGSTON AND RICHMOND NHS FOUNDATION TRUST,C_320,Cardiology Service,2217.0,1437.0,780.0,0.0,64.82,0.0
Apr-2026,NPG07,SPAMEDICA EYE HOSPITAL (WAKEFIELD),C_130,Ophthalmology Service,660.0,622.0,38.0,0.0,94.24,0.0
Apr-2026,NQH,NOVUS HEALTH LTD,C_330,Dermatology Service,883.0,860.0,23.0,0.0,97.4,0.0
Apr-2026,NT348,SPIRE ELLAND HOSPITAL,C_110,Trauma and Orthopaedic Service,739.0,514.0,223.0,2.0,69.55,0.27
Apr-2026,NVC20,THE YORKSHIRE CLINIC,X02,Other - Medical Services,1037.0,738.0,291.0,8.0,71.17,0.77
Apr-2026,RAE,BRADFORD TEACHING HOSPITALS NHS FOUNDATION TRUST,X06,Other - Other Services,482.0,420.0,62.0,0.0,87.14,0.0
Apr-2026,RJ7,ST GEORGE'S UNIVERSITY HOSPITALS NHS FOUNDATION TRUST,C_330,Dermatology Service,5046.0,2935.0,2082.0,29.0,58.16,0.57
Apr-2026,RVR,EPSOM AND ST HELIER UNIVERSITY HOSPITALS NHS TRUST,X03,Other - Mental Health Services,71.0,37.0,33.0,1.0,52.11,1.41
Apr-2026,RR8,LEEDS TEACHING HOSPITALS NHS TRUST,C_400,Neurology Service,2782.0,2075.0,707.0,0.0,74.59,0.0
Apr-2026,RWY,CALDERDALE AND HUDDERSFIELD NHS FOUNDATION TRUST,C_100,General Surgery Service,5413.0,4000.0,1413.0,0.0,73.9,0.0
Apr-2026,RXF,MID YORKSHIRE TEACHING NHS TRUST,C_400,Neurology Service,1979.0,1179.0,800.0,0.0,59.58,0.0
Apr-2026,ACG08,NEWMEDICA OPHTHALMOLOGY - NUNEATON - CAMP HILL - GP LED HEALTH CENTRE,C_999,Total,18.0,18.0,0.0,0.0,100.0,0.0
Apr-2026,RJC,SOUTH WARWICKSHIRE UNIVERSITY NHS FOUNDATION TRUST,C_999,Total,31157.0,21396.0,9568.0,193.0,68.67,0.62
Apr-2026,RKB,UNIVERSITY HOSPITALS COVENTRY AND WARWICKSHIRE NHS TRUST,C_120,Ear Nose and Throat Service,8711.0,3702.0,4688.0,321.0,42.5,3.68
Apr-2026,RKB,UNIVERSITY HOSPITALS COVENTRY AND WARWICKSHIRE NHS TRUST,C_101,Urology Service,3500.0,1774.0,1608.0,118.0,50.69,3.37
Apr-2026,RKB,UNIVERSITY HOSPITALS COVENTRY AND WARWICKSHIRE NHS TRUST,C_430,Elderly Medicine Service,100.0,97.0,3.0,0.0,97.0,0.0
Apr-2026,RLT,GEORGE ELIOT HOSPITAL NHS TRUST,C_320,Cardiology Service,1296.0,1005.0,287.0,4.0,77.55,0.31
Apr-2026,RLT,GEORGE ELIOT HOSPITAL NHS TRUST,X05,Other - Surgical Services,1070.0,854.0,214.0,2.0,79.81,0.19
Apr-2026,NPG06,SPAMEDICA LIVERPOOL,C_130,Ophthalmology Service,418.0,381.0,37.0,0.0,91.15,0.0
Apr-2026,D9E5L,OPTEGRA EYE HOSPITAL BRIGHTON,C_999,Total,661.0,660.0,0.0,1.0,99.85,0.15
Apr-2026,NNE,DORKING HEALTHCARE LIMITED (DHC),C_400,Neurology Service,534.0,383.0,151.0,0.0,71.72,0.0
Apr-2026,NT218,"NUFFIELD HEALTH, HAYWARDS HEATH HOSPITAL",C_999,Total,444.0,251.0,182.0,11.0,56.53,2.48
Apr-2026,NT218,"NUFFIELD HEALTH, HAYWARDS HEATH HOSPITAL",C_130,Ophthalmology Service,21.0,14.0,7.0,0.0,66.67,0.0
Apr-2026,NVC11,NORTH DOWNS HOSPITAL,C_999,Total,1469.0,1005.0,452.0,12.0,68.41,0.82
Apr-2026,NVC19,RIVERS HOSPITAL,X02,Other - Medical Services,6.0,6.0,0.0,0.0,100.0,0.0
Apr-2026,NVC31,BLAKELANDS HOSPITAL,C_301,Gastroenterology Service,223.0,201.0,22.0,0.0,90.13,0.0
Apr-2026,RD8,MILTON KEYNES UNIVERSITY HOSPITAL NHS FOUNDATION TRUST,C_101,Urology Service,2288.0,1512.0,741.0,35.0,66.08,1.53
Apr-2026,RD8,MILTON KEYNES UNIVERSITY HOSPITAL NHS FOUNDATION TRUST,C_320,Cardiology Service,2055.0,1619.0,435.0,1.0,78.78,0.05
Apr-2026,RD8,MILTON KEYNES UNIVERSITY HOSPITAL NHS FOUNDATION TRUST,C_400,Neurology Service,988.0,719.0,268.0,1.0,72.77,0.1
Apr-2026,RD8,MILTON KEYNES UNIVERSITY HOSPITAL NHS FOUNDATION TRUST,C_300,General Internal Medicine Service,34.0,32.0,2.0,0.0,94.12,0.0
Apr-2026,RGN,NORTH WEST ANGLIA NHS FOUNDATION TRUST,C_301,Gastroenterology Service,5934.0,3650.0,2283.0,1.0,61.51,0.02
Apr-2026,RGN,NORTH WEST ANGLIA NHS FOUNDATION TRUST,X06,Other - Other Services,624.0,326.0,297.0,1.0,52.24,0.16
Apr-2026,RGT,CAMBRIDGE UNIVERSITY HOSPITALS NHS FOUNDATION TRUST,X04,Other - Paediatric Services,4687.0,3045.0,1553.0,89.0,64.97,1.9
Apr-2026,RWG,WEST HERTFORDSHIRE TEACHING HOSPITALS NHS TRUST,C_340,Respiratory Medicine Service,1701.0,1327.0,374.0,0.0,78.01,0.0
Apr-2026,RWH,EAST AND NORTH HERTFORDSHIRE TEACHING NHS TRUST,C_502,Gynaecology Service,4233.0,3013.0,1219.0,1.0,71.18,0.02
Apr-2026,RA2,ROYAL SURREY NHS FOUNDATION TRUST,C_301,Gastroenterology Service,1263.0,675.0,540.0,48.0,53.44,3.8
Apr-2026,RDU,FRIMLEY HEALTH NHS FOUNDATION TRUST,C_110,Trauma and Orthopaedic Service,11708.0,6024.0,5506.0,178.0,51.45,1.52
Apr-2026,RDU,FRIMLEY HEALTH NHS FOUNDATION TRUST,C_410,Rheumatology Service,522.0,475.0,47.0,0.0,91.0,0.0
Apr-2026,RTK,ASHFORD AND ST PETER'S HOSPITALS NHS FOUNDATION TRUST,C_130,Ophthalmology Service,5134.0,3251.0,1875.0,8.0,63.32,0.16
Apr-2026,RYR,UNIVERSITY HOSPITALS SUSSEX NHS FOUNDATION TRUST,C_110,Trauma and Orthopaedic Service,7314.0,3381.0,3628.0,305.0,46.23,4.17
Apr-2026,RYR,UNIVERSITY HOSPITALS SUSSEX NHS FOUNDATION TRUST,C_130,Ophthalmology Service,12607.0,6914.0,5448.0,245.0,54.84,1.94
Apr-2026,RYR,UNIVERSITY HOSPITALS SUSSEX NHS FOUNDATION TRUST,C_300,General Internal Medicine Service,9.0,3.0,6.0,0.0,33.33,0.0
Apr-2026,NT446,ST EDMUNDS HOSPITAL,C_999,Total,521.0,269.0,251.0,1.0,51.63,0.19
Apr-2026,NX507,ANGLIA COMMUNITY EYE SERVICE - THETFORD HEALTHY LIVING CENTRE,C_999,Total,185.0,168.0,17.0,0.0,90.81,0.0
Apr-2026,M2O7D,OPTEGRA EYE HOSPITAL COLCHESTER,C_130,Ophthalmology Service,272.0,245.0,27.0,0.0,90.07,0.0
Apr-2026,NT204,"NUFFIELD HEALTH, BRENTWOOD HOSPITAL",C_100,General Surgery Service,145.0,78.0,48.0,19.0,53.79,13.1
Apr-2026,NT313,SPIRE WELLESLEY HOSPITAL,X05,Other - Surgical Services,14.0,8.0,6.0,0.0,57.14,0.0
Apr-2026,NVC13,OAKS HOSPITAL,C_301,Gastroenterology Service,12.0,11.0,1.0,0.0,91.67,0.0
Apr-2026,RDE,EAST SUFFOLK AND NORTH ESSEX NHS FOUNDATION TRUST,C_502,Gynaecology Service,8483.0,4836.0,3576.0,71.0,57.01,0.84
Apr-2026,RQW,THE PRINCESS ALEXANDRA HOSPITAL NHS TRUST,X06,Other - Other Services,1397.0,1288.0,107.0,2.0,92.2,0.14
Apr-2026,A4M8P,BUCKSHAW HOSPITAL,C_101,Urology Service,532.0,422.0,110.0,0.0,79.32,0.0
Apr-2026,A4M8P,BUCKSHAW HOSPITAL,C_999,Total,3060.0,2170.0,883.0,7.0,70.92,0.23
Apr-2026,AAV,COMMUNITY HEALTH AND EYECARE LIMITED,C_130,Ophthalmology Service,4580.0,4078.0,502.0,0.0,89.04,0.0
Apr-2026,C3Y0A,SPAMEDICA BLACKPOOL,C_999,Total,190.0,165.0,25.0,0.0,86.84,0.0
Apr-2026,NPG17,SPAMEDICA PRESTON,C_999,Total,365.0,344.0,21.0,0.0,94.25,0.0
Apr-2026,NT347,SPIRE FYLDE COAST HOSPITAL,C_100,General Surgery Service,449.0,367.0,82.0,0.0,81.74,0.0
Apr-2026,NT347,SPIRE FYLDE COAST HOSPITAL,C_101,Urology Service,142.0,133.0,9.0,0.0,93.66,0.0
Apr-2026,NT403,BEARDWOOD HOSPITAL,C_100,General Surgery Service,240.0,177.0,63.0,0.0,73.75,0.0
Apr-2026,NT403,BEARDWOOD HOSPITAL,C_150,Neurosurgical Service,72.0,64.0,8.0,0.0,88.89,0.0
Apr-2026,NVC05,EUXTON HALL HOSPITAL,C_100,General Surgery Service,883.0,644.0,239.0,0.0,72.93,0.0
Apr-2026,NVC05,EUXTON HALL HOSPITAL,X05,Other - Surgical Services,1.0,0.0,1.0,0.0,0.0,0.0
Apr-2026,NVC16,RENACRES HOSPITAL,C_110,Trauma and Orthopaedic Service,2586.0,1214.0,1334.0,38.0,46.95,1.47
Apr-2026,R1G7E,SPAMEDICA KENDAL,C_999,Total,454.0,431.0,23.0,0.0,94.93,0.0
Apr-2026,RTX,UNIVERSITY HOSPITALS OF MORECAMBE BAY NHS FOUNDATION TRUST,C_300,General Internal Medicine Service,88.0,68.0,20.0,0.0,77.27,0.0
Apr-2026,RXL,BLACKPOOL TEACHING HOSPITALS NHS FOUNDATION TRUST,C_100,General Surgery Service,1108.0,665.0,438.0,5.0,60.02,0.45
Apr-2026,RXN,LANCASHIRE TEACHING HOSPITALS NHS FOUNDATION TRUST,X05,Other - Surgical Services,7501.0,4401.0,2902.0,198.0,58.67,2.64
Apr-2026,B3M1X,CLAREMONT PRIVATE HOSPITAL,C_120,Ear Nose and Throat Service,253.0,154.0,98.0,1.0,60.87,0.4
Apr-2026,B3M1X,CLAREMONT PRIVATE HOSPITAL,C_999,Total,2935.0,1719.0,1199.0,17.0,58.57,0.58
Apr-2026,NVC14,PARK HILL HOSPITAL,C_999,Total,722.0,544.0,178.0,0.0,75.35,0.0
Apr-2026,Q6V1S,OPTEGRA EYE HOSPITAL SHEFFIELD,C_999,Total,310.0,292.0,18.0,0.0,94.19,0.0
Apr-2026,RFF,BARNSLEY HOSPITAL NHS FOUNDATION TRUST,X06,Other - Other Services,38.0,30.0,6.0,2.0,78.95,5.26
Apr-2026,RFR,THE ROTHERHAM NHS FOUNDATION TRUST,X05,Other - Surgical Services,1905.0,1523.0,374.0,8.0,79.95,0.42
Apr-2026,RFR,THE ROTHERHAM NHS FOUNDATION TRUST,C_301,Gastroenterology Service,1856.0,1320.0,536.0,0.0,71.12,0.0
Apr-2026,RP5,DONCASTER AND BASSETLAW TEACHING HOSPITALS NHS FOUNDATION TRUST,X02,Other - Medical Services,4553.0,3262.0,1275.0,16.0,71.65,0.35
Apr-2026,NT301,SPIRE SOUTH BANK HOSPITAL,X05,Other - Surgical Services,2.0,2.0,0.0,0.0,100.0,0.0
Apr-2026,RRV,UNIVERSITY COLLEGE LONDON HOSPITALS NHS FOUNDATION TRUST,C_330,Dermatology Service,2725.0,1734.0,979.0,12.0,63.63,0.44
Apr-2026,RYJ,IMPERIAL COLLEGE HEALTHCARE NHS TRUST,C_300,General Internal Medicine Service,129.0,97.0,32.0,0.0,75.19,0.0
Apr-2026,U6A5N,ACES CHISWICK,C_130,Ophthalmology Service,6.0,4.0,2.0,0.0,66.67,0.0
Apr-2026,RF4,"BARKING, HAVERING AND REDBRIDGE UNIVERSITY HOSPITALS NHS TRUST",C_120,Ear Nose and Throat Service,5762.0,3753.0,1944.0,65.0,65.13,1.13
Apr-2026,RF4,"BARKING, HAVERING AND REDBRIDGE UNIVERSITY HOSPITALS NHS TRUST",C_130,Ophthalmology Service,3988.0,3383.0,605.0,0.0,84.83,0.0
Apr-2026,RF4,"BARKING, HAVERING AND REDBRIDGE UNIVERSITY HOSPITALS NHS TRUST",C_150,Neurosurgical Service,2505.0,1906.0,591.0,8.0,76.09,0.32
Apr-2026,RQX,HOMERTON HEALTHCARE NHS FOUNDATION TRUST,C_140,Oral Surgery Service,2292.0,1645.0,624.0,23.0,71.77,1.0
Apr-2026,B6Z0N,OPTEGRA EYE HOSPITAL UTTOXETER,C_130,Ophthalmology Service,315.0,275.0,40.0,0.0,87.3,0.0
Apr-2026,NVC17,ROWLEY HALL HOSPITAL,C_999,Total,2552.0,1515.0,1036.0,1.0,59.37,0.04
Apr-2026,RJE,UNIVERSITY HOSPITALS OF NORTH MIDLANDS NHS TRUST,C_120,Ear Nose and Throat Service,4047.0,2430.0,1449.0,168.0,60.04,4.15
Apr-2026,RJE,UNIVERSITY HOSPITALS OF NORTH MIDLANDS NHS TRUST,X02,Other - Medical Services,7193.0,5409.0,1757.0,27.0,75.2,0.38
Apr-2026,RJE,UNIVERSITY HOSPITALS OF NORTH MIDLANDS NHS TRUST,C_170,Cardiothoracic Surgery Service,254.0,213.0,40.0,1.0,83.86,0.39
Apr-2026,RJE,UNIVERSITY HOSPITALS OF NORTH MIDLANDS NHS TRUST,X05,Other - Surgical Services,38.0,32.0,6.0,0.0,84.21,0.0
Apr-2026,RJE,UNIVERSITY HOSPITALS OF NORTH MIDLANDS NHS TRUST,C_410,Rheumatology Service,3.0,3.0,0.0,0.0,100.0,0.0
Apr-2026,R1D,SHROPSHIRE COMMUNITY HEALTH NHS TRUST,C_502,Gynaecology Service,103.0,74.0,29.0,0.0,71.84,0.0
Apr-2026,RXW,THE SHREWSBURY AND TELFORD HOSPITAL NHS TRUST,C_999,Total,35084.0,24231.0,10853.0,0.0,69.07,0.0
Apr-2026,RXW,THE SHREWSBURY AND TELFORD HOSPITAL NHS TRUST,C_300,General Internal Medicine Service,1530.0,1112.0,418.0,0.0,72.68,0.0
Apr-2026,RXW,THE SHREWSBURY AND TELFORD HOSPITAL NHS TRUST,X05,Other - Surgical Services,157.0,89.0,68.0,0.0,56.69,0.0
Apr-2026,I1H7K,SPAMEDICA SALE,C_999,Total,260.0,245.0,15.0,0.0,94.23,0.0
Apr-2026,NN5,MANCHESTER SURGICAL SERVICES LTD,C_110,Trauma and Orthopaedic Service,111.0,85.0,26.0,0.0,76.58,0.0
Apr-2026,NT404,BEAUMONT HOSPITAL,C_301,Gastroenterology Service,27.0,24.0,3.0,0.0,88.89,0.0
Apr-2026,NTPAE,PRACTICE PLUS GROUP OPHTHALMOLOGY - NORTH WEST,C_130,Ophthalmology Service,1748.0,1566.0,182.0,0.0,89.59,0.0
Apr-2026,R0A,MANCHESTER UNIVERSITY NHS FOUNDATION TRUST,X02,Other - Medical Services,23563.0,16726.0,6822.0,15.0,70.98,0.06
Apr-2026,R0A,MANCHESTER UNIVERSITY NHS FOUNDATION TRUST,C_100,General Surgery Service,5256.0,3135.0,2097.0,24.0,59.65,0.46
Apr-2026,RBV,THE CHRISTIE NHS FOUNDATION TRUST,X02,Other - Medical Services,2452.0,2404.0,48.0,0.0,98.04,0.0
Apr-2026,RM3,NORTHERN CARE ALLIANCE NHS FOUNDATION TRUST,C_400,Neurology Service,17529.0,10502.0,6714.0,313.0,59.91,1.79
Apr-2026,RM3,NORTHERN CARE ALLIANCE NHS FOUNDATION TRUST,C_410,Rheumatology Service,2221.0,1271.0,945.0,5.0,57.23,0.23
Apr-2026,NR5,LIVEWELL SOUTHWEST,X02,Other - Medical Services,45.0,43.0,2.0,0.0,95.56,0.0
Apr-2026,NT215,"NUFFIELD HEALTH, EXETER HOSPITAL",X06,Other - Other Services,3.0,2.0,1.0,0.0,66.67,0.0
Apr-2026,NT233,"NUFFIELD HEALTH, PLYMOUTH HOSPITAL",C_999,Total,946.0,608.0,329.0,9.0,64.27,0.95
Apr-2026,NVC08,MOUNT STUART HOSPITAL,C_101,Urology Service,166.0,95.0,68.0,3.0,57.23,1.81
Apr-2026,RH8,ROYAL DEVON UNIVERSITY HEALTHCARE NHS FOUNDATION TRUST,C_300,General Internal Medicine Service,119.0,80.0,38.0,1.0,67.23,0.84
Apr-2026,RK9,UNIVERSITY HOSPITALS PLYMOUTH NHS TRUST,C_301,Gastroenterology Service,1310.0,900.0,408.0,2.0,68.7,0.15
Apr-2026,RK9,UNIVERSITY HOSPITALS PLYMOUTH NHS TRUST,C_999,Total,46284.0,30519.0,15151.0,614.0,65.94,1.33
Apr-2026,RK9,UNIVERSITY HOSPITALS PLYMOUTH NHS TRUST,C_100,General Surgery Service,37.0,34.0,3.0,0.0,91.89,0.0
Apr-2026,N6Z0R,NEWMEDICA - LINCOLN,C_130,Ophthalmology Service,32.0,28.0,4.0,0.0,87.5,0.0
Apr-2026,Y8L9S,SPAMEDICA BROMLEY,C_130,Ophthalmology Service,621.0,559.0,62.0,0.0,90.02,0.0
Apr-2026,G3E7R,OPTEGRA EYE HOSPITAL MAIDSTONE,C_999,Total,435.0,435.0,0.0,0.0,100.0,0.0
Apr-2026,NT239,"NUFFIELD HEALTH, TUNBRIDGE WELLS HOSPITAL",C_110,Trauma and Orthopaedic Service,51.0,37.0,14.0,0.0,72.55,0.0
Apr-2026,NT312,SPIRE ALEXANDRA HOSPITAL,C_999,Total,995.0,758.0,234.0,3.0,76.18,0.3
Apr-2026,NT312,SPIRE ALEXANDRA HOSPITAL,C_100,General Surgery Service,129.0,117.0,12.0,0.0,90.7,0.0
Apr-2026,NT408,CHAUCER HOSPITAL,C_101,Urology Service,5.0,4.0,1.0,0.0,80.0,0.0
Apr-2026,NWF01,BENENDEN HOSPITAL,C_301,Gastroenterology Service,100.0,79.0,21.0,0.0,79.0,0.0
Apr-2026,NWF01,BENENDEN HOSPITAL,C_999,Total,1415.0,1140.0,272.0,3.0,80.57,0.21
Apr-2026,RN7,DARTFORD AND GRAVESHAM NHS TRUST,C_110,Trauma and Orthopaedic Service,4994.0,2533.0,2272.0,189.0,50.72,3.78
Apr-2026,RWD,UNITED LINCOLNSHIRE TEACHING HOSPITALS NHS TRUST,X02,Other - Medical Services,5338.0,3846.0,1448.0,44.0,72.05,0.82
Apr-2026,L9D3Z,SPAMEDICA LEICESTER,C_130,Ophthalmology Service,362.0,347.0,15.0,0.0,95.86,0.0
Apr-2026,RWE,UNIVERSITY HOSPITALS OF LEICESTER NHS TRUST,X02,Other - Medical Services,15205.0,9349.0,5684.0,172.0,61.49,1.13
Apr-2026,NT437,SLOANE HOSPITAL,C_100,General Surgery Service,113.0,85.0,28.0,0.0,75.22,0.0
Apr-2026,NT437,SLOANE HOSPITAL,C_150,Neurosurgical Service,2.0,2.0,0.0,0.0,100.0,0.0
Apr-2026,RJ2,LEWISHAM AND GREENWICH NHS TRUST,C_410,Rheumatology Service,770.0,650.0,120.0,0.0,84.42,0.0
Apr-2026,RJ2,LEWISHAM AND GREENWICH NHS TRUST,C_502,Gynaecology Service,7856.0,4531.0,3239.0,86.0,57.68,1.09
Apr-2026,RJZ,KING'S COLLEGE HOSPITAL NHS FOUNDATION TRUST,C_301,Gastroenterology Service,2643.0,1958.0,678.0,7.0,74.08,0.26
Apr-2026,RJZ,KING'S COLLEGE HOSPITAL NHS FOUNDATION TRUST,C_430,Elderly Medicine Service,470.0,445.0,25.0,0.0,94.68,0.0
Apr-2026,RPA,MEDWAY NHS FOUNDATION TRUST,C_100,General Surgery Service,876.0,590.0,285.0,1.0,67.35,0.11
Apr-2026,RPA,MEDWAY NHS FOUNDATION TRUST,C_301,Gastroenterology Service,2838.0,1604.0,1234.0,0.0,56.52,0.0
Apr-2026,RVV,EAST KENT HOSPITALS UNIVERSITY NHS FOUNDATION TRUST,C_340,Respiratory Medicine Service,4717.0,2364.0,2296.0,57.0,50.12,1.21
Apr-2026,RWF,MAIDSTONE AND TUNBRIDGE WELLS NHS TRUST,C_400,Neurology Service,1680.0,1172.0,508.0,0.0,69.76,0.0
Apr-2026,RWF,MAIDSTONE AND TUNBRIDGE WELLS NHS TRUST,X04,Other - Paediatric Services,4342.0,2726.0,1615.0,1.0,62.78,0.02
Apr-2026,RWF,MAIDSTONE AND TUNBRIDGE WELLS NHS TRUST,X05,Other - Surgical Services,1197.0,1088.0,109.0,0.0,90.89,0.0
Apr-2026,G5X2Q,SPAMEDICA NORTH TYNESIDE,C_999,Total,464.0,447.0,17.0,0.0,96.34,0.0
Apr-2026,NN4,TYNESIDE SURGICAL SERVICES LTD,C_999,Total,1391.0,1155.0,234.0,2.0,83.03,0.14
Apr-2026,NN4,TYNESIDE SURGICAL SERVICES LTD,X02,Other - Medical Services,172.0,155.0,17.0,0.0,90.12,0.0
Apr-2026,NT237,"NUFFIELD HEALTH, TEES HOSPITAL",C_130,Ophthalmology Service,478.0,407.0,71.0,0.0,85.15,0.0
Apr-2026,NT333,SPIRE WASHINGTON HOSPITAL,C_110,Trauma and Orthopaedic Service,1539.0,1176.0,342.0,21.0,76.41,1.36
Apr-2026,NVC29,COBALT HOSPITAL,C_301,Gastroenterology Service,304.0,291.0,13.0,0.0,95.72,0.0
Apr-2026,R0B,SOUTH TYNESIDE AND SUNDERLAND NHS FOUNDATION TRUST,C_130,Ophthalmology Service,8587.0,7130.0,1455.0,2.0,83.03,0.02
Apr-2026,RWP,WORCESTERSHIRE ACUTE HOSPITALS NHS TRUST,C_100,General Surgery Service,4468.0,2672.0,1787.0,9.0,59.8,0.2
Apr-2026,RWP,WORCESTERSHIRE ACUTE HOSPITALS NHS TRUST,C_130,Ophthalmology Service,6108.0,4279.0,1827.0,2.0,70.06,0.03
Apr-2026,RWP,WORCESTERSHIRE ACUTE HOSPITALS NHS TRUST,C_320,Cardiology Service,1974.0,1649.0,325.0,0.0,83.54,0.0
Apr-2026,RWP,WORCESTERSHIRE ACUTE HOSPITALS NHS TRUST,C_140,Oral Surgery Service,4011.0,1519.0,2236.0,256.0,37.87,6.38
Apr-2026,NNH05,OPTEGRA (BIRMINGHAM EYE HOSPITAL),C_130,Ophthalmology Service,700.0,678.0,22.0,0.0,96.86,0.0
Apr-2026,NNH05,OPTEGRA (BIRMINGHAM EYE HOSPITAL),C_999,Total,700.0,678.0,22.0,0.0,96.86,0.0
Apr-2026,NT429,PRIORY HOSPITAL,C_502,Gynaecology Service,1.0,0.0,1.0,0.0,0.0,0.0
Apr-2026,RQ3,BIRMINGHAM WOMEN'S AND CHILDREN'S NHS FOUNDATION TRUST,C_999,Total,21616.0,13415.0,8072.0,129.0,62.06,0.6
Apr-2026,RQ3,BIRMINGHAM WOMEN'S AND CHILDREN'S NHS FOUNDATION TRUST,C_120,Ear Nose and Throat Service,6.0,0.0,6.0,0.0,0.0,0.0
Apr-2026,RRJ,THE ROYAL ORTHOPAEDIC HOSPITAL NHS FOUNDATION TRUST,X06,Other - Other Services,753.0,671.0,82.0,0.0,89.11,0.0
Apr-2026,RRK,UNIVERSITY HOSPITALS BIRMINGHAM NHS FOUNDATION TRUST,C_502,Gynaecology Service,8325.0,5384.0,2941.0,0.0,64.67,0.0
Apr-2026,RTD,THE NEWCASTLE UPON TYNE HOSPITALS NHS FOUNDATION TRUST,C_999,Total,83074.0,60053.0,22406.0,615.0,72.29,0.74
Apr-2026,RTD,THE NEWCASTLE UPON TYNE HOSPITALS NHS FOUNDATION TRUST,C_101,Urology Service,3136.0,2024.0,1107.0,5.0,64.54,0.16
Apr-2026,RTF,NORTHUMBRIA HEALTHCARE NHS FOUNDATION TRUST,C_110,Trauma and Orthopaedic Service,9608.0,6424.0,3184.0,0.0,66.86,0.0
Apr-2026,RTR,SOUTH TEES HOSPITALS NHS FOUNDATION TRUST,C_301,Gastroenterology Service,1570.0,1492.0,76.0,2.0,95.03,0.13
Apr-2026,RVW,NORTH TEES AND HARTLEPOOL NHS FOUNDATION TRUST,C_301,Gastroenterology Service,1223.0,1050.0,173.0,0.0,85.85,0.0
Apr-2026,RVW,NORTH TEES AND HARTLEPOOL NHS FOUNDATION TRUST,X05,Other - Surgical Services,1552.0,1260.0,256.0,36.0,81.19,2.32
Apr-2026,RVW,NORTH TEES AND HARTLEPOOL NHS FOUNDATION TRUST,C_430,Elderly Medicine Service,184.0,170.0,14.0,0.0,92.39,0.0
Apr-2026,RX4,"CUMBRIA, NORTHUMBERLAND, TYNE AND WEAR NHS FOUNDATION TRUST",C_999,Total,139.0,139.0,0.0,0.0,100.0,0.0
Apr-2026,RXP,COUNTY DURHAM AND DARLINGTON NHS FOUNDATION TRUST,X04,Other - Paediatric Services,4746.0,3200.0,1482.0,64.0,67.43,1.35
Apr-2026,NPG23,SPAMEDICA DERBY,C_130,Ophthalmology Service,540.0,512.0,28.0,0.0,94.81,0.0
Apr-2026,RTG,UNIVERSITY HOSPITALS OF DERBY AND BURTON NHS FOUNDATION TRUST,C_330,Dermatology Service,5800.0,3696.0,2095.0,9.0,63.72,0.16
Apr-2026,RTG,UNIVERSITY HOSPITALS OF DERBY AND BURTON NHS FOUNDATION TRUST,C_340,Respiratory Medicine Service,1584.0,1268.0,314.0,2.0,80.05,0.13
Apr-2026,RTG,UNIVERSITY HOSPITALS OF DERBY AND BURTON NHS FOUNDATION TRUST,C_160,Plastic Surgery Service,416.0,314.0,99.0,3.0,75.48,0.72
Apr-2026,RTE,GLOUCESTERSHIRE HOSPITALS NHS FOUNDATION TRUST,X05,Other - Surgical Services,6678.0,5215.0,1456.0,7.0,78.09,0.1
Apr-2026,NT418,HAMPSHIRE CLINIC,X06,Other - Other Services,3.0,2.0,1.0,0.0,66.67,0.0
Apr-2026,NT433,SARUM ROAD HOSPITAL,X06,Other - Other Services,1.0,1.0,0.0,0.0,100.0,0.0
Apr-2026,RHM,UNIVERSITY HOSPITAL SOUTHAMPTON NHS FOUNDATION TRUST,C_120,Ear Nose and Throat Service,1616.0,988.0,575.0,53.0,61.14,3.28
Apr-2026,RHM,UNIVERSITY HOSPITAL SOUTHAMPTON NHS FOUNDATION TRUST,C_320,Cardiology Service,3181.0,2272.0,890.0,19.0,71.42,0.6
Apr-2026,RHM,UNIVERSITY HOSPITAL SOUTHAMPTON NHS FOUNDATION TRUST,C_340,Respiratory Medicine Service,828.0,683.0,144.0,1.0,82.49,0.12
Apr-2026,NVC21,WEST MIDLANDS HOSPITAL,C_130,Ophthalmology Service,1.0,1.0,0.0,0.0,100.0,0.0
Apr-2026,RBK,WALSALL HEALTHCARE NHS TRUST,C_340,Respiratory Medicine Service,758.0,729.0,29.0,0.0,96.17,0.0
Apr-2026,RHU,PORTSMOUTH HOSPITALS UNIVERSITY NHS TRUST,C_101,Urology Service,2477.0,1824.0,611.0,42.0,73.64,1.7
Apr-2026,RN5,HAMPSHIRE HOSPITALS NHS FOUNDATION TRUST,C_400,Neurology Service,1664.0,1125.0,504.0,35.0,67.61,2.1
Apr-2026,NTPH1,PRACTICE PLUS GROUP HOSPITAL - SHEPTON MALLET,C_120,Ear Nose and Throat Service,246.0,132.0,112.0,2.0,53.66,0.81
Apr-2026,NT427,PARK HOSPITAL,C_502,Gynaecology Service,454.0,220.0,209.0,25.0,48.46,5.51
Apr-2026,NVC40,WOODTHORPE HOSPITAL,C_999,Total,3672.0,2584.0,1078.0,10.0,70.37,0.27
Apr-2026,RL4,THE ROYAL WOLVERHAMPTON NHS TRUST,C_430,Elderly Medicine Service,62.0,60.0,2.0,0.0,96.77,0.0
Apr-2026,RNA,THE DUDLEY GROUP NHS FOUNDATION TRUST,C_320,Cardiology Service,1910.0,1665.0,245.0,0.0,87.17,0.0
Apr-2026,NT206,"NUFFIELD HEALTH, BRISTOL HOSPITAL (CHESTERFIELD)",C_110,Trauma and Orthopaedic Service,498.0,285.0,213.0,0.0,57.23,0.0
Apr-2026,P1B7M,SPAMEDICA BRISTOL,C_130,Ophthalmology Service,208.0,193.0,15.0,0.0,92.79,0.0
Apr-2026,RA7,UNIVERSITY HOSPITALS BRISTOL AND WESTON NHS FOUNDATION TRUST,X02,Other - Medical Services,4950.0,3859.0,1089.0,2.0,77.96,0.04
Apr-2026,RA7,UNIVERSITY HOSPITALS BRISTOL AND WESTON NHS FOUNDATION TRUST,X04,Other - Paediatric Services,9284.0,5383.0,3637.0,264.0,57.98,2.84
Apr-2026,NT202,"NUFFIELD HEALTH, BOURNEMOUTH HOSPITAL",C_101,Urology Service,33.0,24.0,9.0,0.0,72.73,0.0
Apr-2026,NT419,HARBOUR HOSPITAL,C_999,Total,189.0,128.0,61.0,0.0,67.72,0.0
Apr-2026,R0D,UNIVERSITY HOSPITALS DORSET NHS FOUNDATION TRUST,C_320,Cardiology Service,3704.0,2930.0,772.0,2.0,79.1,0.05
Apr-2026,R0D,UNIVERSITY HOSPITALS DORSET NHS FOUNDATION TRUST,C_502,Gynaecology Service,6549.0,3456.0,3012.0,81.0,52.77,1.24
Apr-2026,NT441,THREE SHIRES HOSPITAL,C_150,Neurosurgical Service,95.0,84.0,11.0,0.0,88.42,0.0
Apr-2026,NVC23,WOODLAND HOSPITAL,C_400,Neurology Service,1.0,0.0,1.0,0.0,0.0,0.0
Apr-2026,RNQ,KETTERING GENERAL HOSPITAL NHS FOUNDATION TRUST,C_301,Gastroenterology Service,720.0,459.0,255.0,6.0,63.75,0.83
Apr-2026,RNQ,KETTERING GENERAL HOSPITAL NHS FOUNDATION TRUST,C_330,Dermatology Service,1053.0,883.0,170.0,0.0,83.86,0.0
Apr-2026,RNQ,KETTERING GENERAL HOSPITAL NHS FOUNDATION TRUST,C_140,Oral Surgery Service,1628.0,572.0,1026.0,30.0,35.14,1.84
Apr-2026,RNS,NORTHAMPTON GENERAL HOSPITAL NHS TRUST,C_999,Total,40833.0,24877.0,15543.0,413.0,60.92,1.01
Apr-2026,RMP,TAMESIDE AND GLOSSOP INTEGRATED CARE NHS FOUNDATION TRUST,X05,Other - Surgical Services,1300.0,1127.0,173.0,0.0,86.69,0.0
Apr-2026,RMP,TAMESIDE AND GLOSSOP INTEGRATED CARE NHS FOUNDATION TRUST,C_320,Cardiology Service,1020.0,946.0,74.0,0.0,92.75,0.0
Apr-2026,RMP,TAMESIDE AND GLOSSOP INTEGRATED CARE NHS FOUNDATION TRUST,C_100,General Surgery Service,1292.0,956.0,336.0,0.0,73.99,0.0
Apr-2026,RMP,TAMESIDE AND GLOSSOP INTEGRATED CARE NHS FOUNDATION TRUST,C_101,Urology Service,584.0,576.0,8.0,0.0,98.63,0.0
Apr-2026,RMP,TAMESIDE AND GLOSSOP INTEGRATED CARE NHS FOUNDATION TRUST,C_340,Respiratory Medicine Service,578.0,520.0,58.0,0.0,89.97,0.0
Apr-2026,W7J4C,ACES MANCHESTER,C_130,Ophthalmology Service,74.0,44.0,30.0,0.0,59.46,0.0
Apr-2026,A1S9E,OPTEGRA EYE HOSPITAL YORK,C_999,Total,584.0,561.0,23.0,0.0,96.06,0.0
Apr-2026,NT351,SPIRE HULL AND EAST RIDING HOSPITAL,C_999,Total,2570.0,1525.0,1045.0,0.0,59.34,0.0
Apr-2026,NT351,SPIRE HULL AND EAST RIDING HOSPITAL,C_150,Neurosurgical Service,111.0,70.0,41.0,0.0,63.06,0.0
Apr-2026,RCB,YORK AND SCARBOROUGH TEACHING HOSPITALS NHS FOUNDATION TRUST,C_330,Dermatology Service,3038.0,1628.0,1408.0,2.0,53.59,0.07
Apr-2026,RJL,NORTHERN LINCOLNSHIRE AND GOOLE NHS FOUNDATION TRUST,C_340,Respiratory Medicine Service,1326.0,900.0,386.0,40.0,67.87,3.02
Apr-2026,RWA,HULL UNIVERSITY TEACHING HOSPITALS NHS TRUST,X02,Other - Medical Services,6829.0,4165.0,2614.0,50.0,60.99,0.73
Apr-2026,DFY01,COTSWOLDS SURGICAL PARTNERS,C_999,Total,275.0,272.0,3.0,0.0,98.91,0.0
Apr-2026,G3Z1Q,SULIS HOSPITAL BATH (FOXCOTE AVENUE),C_101,Urology Service,288.0,179.0,109.0,0.0,62.15,0.0
Apr-2026,G3Z1Q,SULIS HOSPITAL BATH (FOXCOTE AVENUE),C_110,Trauma and Orthopaedic Service,1911.0,1413.0,496.0,2.0,73.94,0.1
Apr-2026,NQT5K,ST MARTINS HOSPITAL,C_110,Trauma and Orthopaedic Service,71.0,44.0,26.0,1.0,61.97,1.41
Apr-2026,NTPH3,PRACTICE PLUS GROUP SURGICAL CENTRE - DEVIZES,C_140,Oral Surgery Service,1606.0,1318.0,288.0,0.0,82.07,0.0
Apr-2026,NVC09,NEW HALL HOSPITAL,C_502,Gynaecology Service,139.0,74.0,47.0,18.0,53.24,12.95
Apr-2026,RN3,GREAT WESTERN HOSPITALS NHS FOUNDATION TRUST,C_120,Ear Nose and Throat Service,3703.0,2074.0,1497.0,132.0,56.01,3.56
Apr-2026,RNZ,SALISBURY NHS FOUNDATION TRUST,C_120,Ear Nose and Throat Service,2916.0,1869.0,1045.0,2.0,64.09,0.07
Apr-2026,NT211,"NUFFIELD HEALTH, CHELTENHAM HOSPITAL",C_999,Total,47.0,18.0,24.0,5.0,38.3,10.64
Apr-2026,NVC22,WINFIELD HOSPITAL,C_101,Urology Service,55.0,45.0,10.0,0.0,81.82,0.0
Apr-2026,C5Y9L,NEWMEDICA - BERKSHIRE - BRACKNELL,C_130,Ophthalmology Service,171.0,126.0,44.0,1.0,73.68,0.58
Apr-2026,DJH01,THE ROYAL BUCKINGHAMSHIRE HOSPITAL LTD,C_100,General Surgery Service,31.0,27.0,4.0,0.0,87.1,0.0
Apr-2026,NT344,SPIRE DUNEDIN HOSPITAL,C_110,Trauma and Orthopaedic Service,181.0,136.0,44.0,1.0,75.14,0.55
Apr-2026,NT344,SPIRE DUNEDIN HOSPITAL,C_999,Total,284.0,226.0,57.0,1.0,79.58,0.35
Apr-2026,NT428,PRINCESS MARGARET HOSPITAL,C_110,Trauma and Orthopaedic Service,48.0,41.0,7.0,0.0,85.42,0.0
Apr-2026,RHW,ROYAL BERKSHIRE NHS FOUNDATION TRUST,C_110,Trauma and Orthopaedic Service,2081.0,1740.0,337.0,4.0,83.61,0.19
Apr-2026,RBL,WIRRAL UNIVERSITY TEACHING HOSPITAL NHS FOUNDATION TRUST,C_340,Respiratory Medicine Service,3568.0,2296.0,1269.0,3.0,64.35,0.08
Apr-2026,RBN,MERSEY AND WEST LANCASHIRE TEACHING HOSPITALS NHS TRUST,C_140,Oral Surgery Service,1994.0,1187.0,768.0,39.0,59.53,1.96
Apr-2026,RBN,MERSEY AND WEST LANCASHIRE TEACHING HOSPITALS NHS TRUST,C_430,Elderly Medicine Service,366.0,308.0,58.0,0.0,84.15,0.0
Apr-2026,RBT,MID CHESHIRE HOSPITALS NHS FOUNDATION TRUST,C_430,Elderly Medicine Service,20.0,20.0,0.0,0.0,100.0,0.0
Apr-2026,REM,LIVERPOOL UNIVERSITY HOSPITALS NHS FOUNDATION TRUST,C_130,Ophthalmology Service,7014.0,5273.0,1741.0,0.0,75.18,0.0
Apr-2026,RJN,EAST CHESHIRE NHS TRUST,C_101,Urology Service,1248.0,811.0,410.0,27.0,64.98,2.16
Apr-2026,RJR,COUNTESS OF CHESTER HOSPITAL NHS FOUNDATION TRUST,C_130,Ophthalmology Service,2736.0,1768.0,951.0,17.0,64.62,0.62
Apr-2026,RWW,NORTH CHESHIRE AND MERSEY NHS FOUNDATION TRUST,C_130,Ophthalmology Service,2165.0,1962.0,203.0,0.0,90.62,0.0
Apr-2026,V4U1Y,SPAMEDICA CHESTER,C_999,Total,247.0,229.0,18.0,0.0,92.71,0.0
Apr-2026,RXQ,BUCKINGHAMSHIRE HEALTHCARE NHS TRUST,C_320,Cardiology Service,2903.0,1465.0,1438.0,0.0,50.47,0.0
Apr-2026,AWR,ONE STOP DOCTORS LIMITED,C_999,Total,647.0,486.0,159.0,2.0,75.12,0.31
Apr-2026,NT317,SPIRE CAMBRIDGE LEA HOSPITAL,C_110,Trauma and Orthopaedic Service,233.0,132.0,99.0,2.0,56.65,0.86
Apr-2026,NT423,MANOR HOSPITAL,C_100,General Surgery Service,104.0,63.0,41.0,0.0,60.58,0.0
Apr-2026,NT434,SAXON CLINIC,C_110,Trauma and Orthopaedic Service,560.0,248.0,305.0,7.0,44.29,1.25
Apr-2026,NVC06,FITZWILLIAM HOSPITAL,C_100,General Surgery Service,467.0,246.0,218.0,3.0,52.68,0.64
Apr-2026,NVC06,FITZWILLIAM HOSPITAL,C_110,Trauma and Orthopaedic Service,4255.0,1886.0,2286.0,83.0,44.32,1.95
Apr-2026,NVC06,FITZWILLIAM HOSPITAL,C_130,Ophthalmology Service,207.0,164.0,43.0,0.0,79.23,0.0
Apr-2026,NVC15,PINEHILL HOSPITAL,C_110,Trauma and Orthopaedic Service,970.0,596.0,371.0,3.0,61.44,0.31
Apr-2026,RCX,"THE QUEEN ELIZABETH HOSPITAL, KING'S LYNN, NHS FOUNDATION TRUST",C_410,Rheumatology Service,676.0,455.0,221.0,0.0,67.31,0.0
Apr-2026,RGP,JAMES PAGET UNIVERSITY HOSPITALS NHS FOUNDATION TRUST,C_320,Cardiology Service,1877.0,899.0,907.0,71.0,47.9,3.78
Apr-2026,RM1,NORFOLK AND NORWICH UNIVERSITY HOSPITALS NHS FOUNDATION TRUST,C_340,Respiratory Medicine Service,1497.0,992.0,502.0,3.0,66.27,0.2
Apr-2026,A9P5F,ACES WHITE CITY,C_130,Ophthalmology Service,110.0,86.0,24.0,0.0,78.18,0.0
Apr-2026,F2C9F,ACES HARLEY STREET,C_130,Ophthalmology Service,1.0,0.0,1.0,0.0,0.0,0.0
Apr-2026,NT416,HENDON HOSPITAL,X06,Other - Other Services,22.0,18.0,4.0,0.0,81.82,0.0
Apr-2026,RAS,THE HILLINGDON HOSPITALS NHS FOUNDATION TRUST,C_100,General Surgery Service,1343.0,810.0,532.0,1.0,60.31,0.07
Apr-2026,RAS,THE HILLINGDON HOSPITALS NHS FOUNDATION TRUST,C_999,Total,33464.0,20998.0,12356.0,110.0,62.75,0.33
Apr-2026,RAS,THE HILLINGDON HOSPITALS NHS FOUNDATION TRUST,C_160,Plastic Surgery Service,24.0,21.0,3.0,0.0,87.5,0.0
Apr-2026,RKE,WHITTINGTON HEALTH NHS TRUST,C_110,Trauma and Orthopaedic Service,2248.0,1682.0,566.0,0.0,74.82,0.0
Apr-2026,RKE,WHITTINGTON HEALTH NHS TRUST,C_320,Cardiology Service,788.0,588.0,200.0,0.0,74.62,0.0
Apr-2026,RPY,THE ROYAL MARSDEN NHS FOUNDATION TRUST,C_100,General Surgery Service,121.0,112.0,9.0,0.0,92.56,0.0
Apr-2026,RPY,THE ROYAL MARSDEN NHS FOUNDATION TRUST,C_160,Plastic Surgery Service,38.0,35.0,3.0,0.0,92.11,0.0
Apr-2026,RBD,DORSET COUNTY HOSPITAL NHS FOUNDATION TRUST,C_340,Respiratory Medicine Service,316.0,264.0,52.0,0.0,83.54,0.0
Apr-2026,RBD,DORSET COUNTY HOSPITAL NHS FOUNDATION TRUST,C_502,Gynaecology Service,1292.0,840.0,439.0,13.0,65.02,1.01
Apr-2026,NT3X3,SPIRE ST ANTHONY'S HOSPITAL,C_110,Trauma and Orthopaedic Service,92.0,75.0,15.0,2.0,81.52,2.17
Apr-2026,R0F4N,NUFFIELD HEALTH PARKSIDE HOSPITAL,C_100,General Surgery Service,24.0,23.0,1.0,0.0,95.83,0.0
Apr-2026,NID,THE LIVING CARE GROUP,C_301,Gastroenterology Service,152.0,152.0,0.0,0.0,100.0,0.0
Apr-2026,NT348,SPIRE ELLAND HOSPITAL,C_160,Plastic Surgery Service,15.0,15.0,0.0,0.0,100.0,0.0
Apr-2026,NT448,HUDDERSFIELD PRIVATE HOSPITAL,C_110,Trauma and Orthopaedic Service,532.0,483.0,45.0,4.0,90.79,0.75
Apr-2026,NVC20,THE YORKSHIRE CLINIC,C_120,Ear Nose and Throat Service,608.0,415.0,193.0,0.0,68.26,0.0
Apr-2026,NVC20,THE YORKSHIRE CLINIC,C_999,Total,7488.0,5617.0,1850.0,21.0,75.01,0.28
Apr-2026,NVC20,THE YORKSHIRE CLINIC,C_340,Respiratory Medicine Service,722.0,711.0,11.0,0.0,98.48,0.0
Apr-2026,NVC20,THE YORKSHIRE CLINIC,C_101,Urology Service,443.0,317.0,126.0,0.0,71.56,0.0
Apr-2026,NVC20,THE YORKSHIRE CLINIC,C_400,Neurology Service,1.0,0.0,1.0,0.0,0.0,0.0
Apr-2026,RJ7,ST GEORGE'S UNIVERSITY HOSPITALS NHS FOUNDATION TRUST,C_110,Trauma and Orthopaedic Service,4032.0,2567.0,1462.0,3.0,63.67,0.07
Apr-2026,RJ7,ST GEORGE'S UNIVERSITY HOSPITALS NHS FOUNDATION TRUST,C_150,Neurosurgical Service,3759.0,2011.0,1732.0,16.0,53.5,0.43
Apr-2026,RJ7,ST GEORGE'S UNIVERSITY HOSPITALS NHS FOUNDATION TRUST,C_400,Neurology Service,4328.0,2614.0,1710.0,4.0,60.4,0.09
Apr-2026,RJ7,ST GEORGE'S UNIVERSITY HOSPITALS NHS FOUNDATION TRUST,C_160,Plastic Surgery Service,1546.0,1027.0,510.0,9.0,66.43,0.58
Apr-2026,RJ7,ST GEORGE'S UNIVERSITY HOSPITALS NHS FOUNDATION TRUST,C_410,Rheumatology Service,1311.0,909.0,399.0,3.0,69.34,0.23
Apr-2026,RJ7,ST GEORGE'S UNIVERSITY HOSPITALS NHS FOUNDATION TRUST,C_502,Gynaecology Service,4270.0,2287.0,1920.0,63.0,53.56,1.48
Apr-2026,RJ7,ST GEORGE'S UNIVERSITY HOSPITALS NHS FOUNDATION TRUST,C_130,Ophthalmology Service,91.0,48.0,43.0,0.0,52.75,0.0
Apr-2026,RVR,EPSOM AND ST HELIER UNIVERSITY HOSPITALS NHS TRUST,C_130,Ophthalmology Service,2473.0,2303.0,170.0,0.0,93.13,0.0
Apr-2026,RCF,AIREDALE NHS FOUNDATION TRUST,C_400,Neurology Service,887.0,693.0,194.0,0.0,78.13,0.0
Apr-2026,RCF,AIREDALE NHS FOUNDATION TRUST,C_101,Urology Service,974.0,774.0,198.0,2.0,79.47,0.21
Apr-2026,RR8,LEEDS TEACHING HOSPITALS NHS TRUST,C_120,Ear Nose and Throat Service,3972.0,1854.0,1736.0,382.0,46.68,9.62
Apr-2026,RR8,LEEDS TEACHING HOSPITALS NHS TRUST,C_160,Plastic Surgery Service,2415.0,1401.0,893.0,121.0,58.01,5.01
Apr-2026,RR8,LEEDS TEACHING HOSPITALS NHS TRUST,C_410,Rheumatology Service,2167.0,1403.0,764.0,0.0,64.74,0.0
Apr-2026,RWY,CALDERDALE AND HUDDERSFIELD NHS FOUNDATION TRUST,C_340,Respiratory Medicine Service,926.0,736.0,190.0,0.0,79.48,0.0
Apr-2026,RWY,CALDERDALE AND HUDDERSFIELD NHS FOUNDATION TRUST,C_130,Ophthalmology Service,2485.0,2228.0,257.0,0.0,89.66,0.0
Apr-2026,RWY,CALDERDALE AND HUDDERSFIELD NHS FOUNDATION TRUST,X05,Other - Surgical Services,376.0,311.0,65.0,0.0,82.71,0.0
Apr-2026,ACG08,NEWMEDICA OPHTHALMOLOGY - NUNEATON - CAMP HILL - GP LED HEALTH CENTRE,C_130,Ophthalmology Service,18.0,18.0,0.0,0.0,100.0,0.0
Apr-2026,RKB,UNIVERSITY HOSPITALS COVENTRY AND WARWICKSHIRE NHS TRUST,C_320,Cardiology Service,2384.0,1694.0,689.0,1.0,71.06,0.04
Apr-2026,RKB,UNIVERSITY HOSPITALS COVENTRY AND WARWICKSHIRE NHS TRUST,C_340,Respiratory Medicine Service,2417.0,1783.0,634.0,0.0,73.77,0.0
Apr-2026,RLT,GEORGE ELIOT HOSPITAL NHS TRUST,C_140,Oral Surgery Service,1136.0,577.0,556.0,3.0,50.79,0.26
Apr-2026,RLT,GEORGE ELIOT HOSPITAL NHS TRUST,C_502,Gynaecology Service,1749.0,1113.0,623.0,13.0,63.64,0.74
Apr-2026,RLT,GEORGE ELIOT HOSPITAL NHS TRUST,X04,Other - Paediatric Services,494.0,393.0,100.0,1.0,79.55,0.2
Apr-2026,RLT,GEORGE ELIOT HOSPITAL NHS TRUST,C_410,Rheumatology Service,293.0,273.0,20.0,0.0,93.17,0.0
Apr-2026,DTT,PHOENIX PUBLIC HEALTH LTD,X05,Other - Surgical Services,158.0,143.0,15.0,0.0,90.51,0.0
Apr-2026,NPG14,SPAMEDICA WIDNES,C_999,Total,290.0,269.0,21.0,0.0,92.76,0.0
Apr-2026,F4B0R,SPAMEDICA GUILDFORD,C_130,Ophthalmology Service,27.0,26.0,1.0,0.0,96.3,0.0
Apr-2026,F4B0R,SPAMEDICA GUILDFORD,C_999,Total,27.0,26.0,1.0,0.0,96.3,0.0
Apr-2026,NDJ,FIRST COMMUNITY HEALTH AND CARE CIC,C_999,Total,846.0,816.0,30.0,0.0,96.45,0.0
Apr-2026,NNE,DORKING HEALTHCARE LIMITED (DHC),C_120,Ear Nose and Throat Service,849.0,562.0,286.0,1.0,66.2,0.12
Apr-2026,NNE,DORKING HEALTHCARE LIMITED (DHC),X02,Other - Medical Services,286.0,225.0,61.0,0.0,78.67,0.0
Apr-2026,NT212,"NUFFIELD HEALTH, CHICHESTER HOSPITAL",C_502,Gynaecology Service,7.0,7.0,0.0,0.0,100.0,0.0
Apr-2026,NT455,MOUNT ALVERNIA HOSPITAL,C_301,Gastroenterology Service,21.0,20.0,1.0,0.0,95.24,0.0
Apr-2026,NVC01,ASHTEAD HOSPITAL,C_400,Neurology Service,1.0,1.0,0.0,0.0,100.0,0.0
Apr-2026,O9Q4E,ANGLIA COMMUNITY EYE SERVICE - PETERBOROUGH,C_130,Ophthalmology Service,359.0,274.0,84.0,1.0,76.32,0.28
Apr-2026,RC9,BEDFORDSHIRE HOSPITALS NHS FOUNDATION TRUST,C_999,Total,79577.0,49090.0,29962.0,525.0,61.69,0.66
Apr-2026,RGN,NORTH WEST ANGLIA NHS FOUNDATION TRUST,X02,Other - Medical Services,8069.0,5099.0,2949.0,21.0,63.19,0.26
Apr-2026,RWH,EAST AND NORTH HERTFORDSHIRE TEACHING NHS TRUST,C_100,General Surgery Service,1932.0,1434.0,497.0,1.0,74.22,0.05
Apr-2026,RPC,QUEEN VICTORIA HOSPITAL NHS FOUNDATION TRUST,C_999,Total,21360.0,13110.0,8020.0,230.0,61.38,1.08
Apr-2026,RTK,ASHFORD AND ST PETER'S HOSPITALS NHS FOUNDATION TRUST,C_120,Ear Nose and Throat Service,4085.0,2389.0,1582.0,114.0,58.48,2.79
Apr-2026,RTK,ASHFORD AND ST PETER'S HOSPITALS NHS FOUNDATION TRUST,C_320,Cardiology Service,2151.0,1536.0,615.0,0.0,71.41,0.0
Apr-2026,RTP,SURREY AND SUSSEX HEALTHCARE NHS TRUST,C_120,Ear Nose and Throat Service,5587.0,3356.0,2104.0,127.0,60.07,2.27
Apr-2026,RTP,SURREY AND SUSSEX HEALTHCARE NHS TRUST,X02,Other - Medical Services,3841.0,2148.0,1601.0,92.0,55.92,2.4
Apr-2026,RYR,UNIVERSITY HOSPITALS SUSSEX NHS FOUNDATION TRUST,C_120,Ear Nose and Throat Service,7440.0,3765.0,3505.0,170.0,50.6,2.28
Apr-2026,RYR,UNIVERSITY HOSPITALS SUSSEX NHS FOUNDATION TRUST,C_340,Respiratory Medicine Service,1750.0,1327.0,414.0,9.0,75.83,0.51
Apr-2026,B5M7B,NEWMEDICA - NORWICH,C_130,Ophthalmology Service,1675.0,1487.0,188.0,0.0,88.78,0.0
Apr-2026,NT446,ST EDMUNDS HOSPITAL,C_100,General Surgery Service,73.0,66.0,7.0,0.0,90.41,0.0
Apr-2026,NX504,ANGLIA COMMUNITY EYE SERVICES FAKENHAM,C_999,Total,233.0,217.0,16.0,0.0,93.13,0.0
Apr-2026,H4I8B,NUFFIELD HEALTH THE HOLLY HOSPITAL,C_410,Rheumatology Service,104.0,71.0,33.0,0.0,68.27,0.0
Apr-2026,H4I8B,NUFFIELD HEALTH THE HOLLY HOSPITAL,X02,Other - Medical Services,3.0,2.0,1.0,0.0,66.67,0.0
Apr-2026,NT490,SOUTHEND PRIVATE HOSPITAL,C_130,Ophthalmology Service,1144.0,1014.0,130.0,0.0,88.64,0.0
Apr-2026,NVC13,OAKS HOSPITAL,C_101,Urology Service,25.0,2.0,22.0,1.0,8.0,4.0
Apr-2026,RAJ,MID AND SOUTH ESSEX NHS FOUNDATION TRUST,X04,Other - Paediatric Services,4924.0,1973.0,2414.0,537.0,40.07,10.91
Apr-2026,RAJ,MID AND SOUTH ESSEX NHS FOUNDATION TRUST,C_140,Oral Surgery Service,7003.0,2464.0,3462.0,1077.0,35.18,15.38
Apr-2026,RQW,THE PRINCESS ALEXANDRA HOSPITAL NHS TRUST,C_101,Urology Service,2731.0,1880.0,851.0,0.0,68.84,0.0
Apr-2026,RQW,THE PRINCESS ALEXANDRA HOSPITAL NHS TRUST,X02,Other - Medical Services,656.0,498.0,152.0,6.0,75.91,0.91
Apr-2026,NPG13,SPAMEDICA SKELMERSDALE,C_999,Total,118.0,107.0,11.0,0.0,90.68,0.0
Apr-2026,NT403,BEARDWOOD HOSPITAL,C_120,Ear Nose and Throat Service,111.0,104.0,7.0,0.0,93.69,0.0
Apr-2026,NT403,BEARDWOOD HOSPITAL,C_301,Gastroenterology Service,52.0,43.0,9.0,0.0,82.69,0.0
Apr-2026,NT449,LANCASTER PRIVATE HOSPITAL,C_100,General Surgery Service,23.0,15.0,8.0,0.0,65.22,0.0
Apr-2026,NVC05,EUXTON HALL HOSPITAL,C_120,Ear Nose and Throat Service,25.0,22.0,3.0,0.0,88.0,0.0
Apr-2026,NVC05,EUXTON HALL HOSPITAL,X02,Other - Medical Services,79.0,59.0,20.0,0.0,74.68,0.0
Apr-2026,RTX,UNIVERSITY HOSPITALS OF MORECAMBE BAY NHS FOUNDATION TRUST,X02,Other - Medical Services,3414.0,2288.0,1090.0,36.0,67.02,1.05
Apr-2026,RXL,BLACKPOOL TEACHING HOSPITALS NHS FOUNDATION TRUST,C_110,Trauma and Orthopaedic Service,2705.0,1564.0,1141.0,0.0,57.82,0.0
Apr-2026,RXN,LANCASHIRE TEACHING HOSPITALS NHS FOUNDATION TRUST,C_130,Ophthalmology Service,3671.0,2656.0,1013.0,2.0,72.35,0.05
Apr-2026,NTX,THE ONE HEALTH GROUP PLC,C_110,Trauma and Orthopaedic Service,1658.0,1204.0,447.0,7.0,72.62,0.42
Apr-2026,NVC14,PARK HILL HOSPITAL,C_110,Trauma and Orthopaedic Service,721.0,543.0,178.0,0.0,75.31,0.0
Apr-2026,RFF,BARNSLEY HOSPITAL NHS FOUNDATION TRUST,C_140,Oral Surgery Service,1591.0,872.0,708.0,11.0,54.81,0.69
Apr-2026,RFF,BARNSLEY HOSPITAL NHS FOUNDATION TRUST,C_301,Gastroenterology Service,1212.0,1140.0,72.0,0.0,94.06,0.0
Apr-2026,RFF,BARNSLEY HOSPITAL NHS FOUNDATION TRUST,C_340,Respiratory Medicine Service,346.0,334.0,12.0,0.0,96.53,0.0
Apr-2026,NT301,SPIRE SOUTH BANK HOSPITAL,C_100,General Surgery Service,201.0,180.0,21.0,0.0,89.55,0.0
Apr-2026,NT412,DROITWICH SPA HOSPITAL,X06,Other - Other Services,26.0,18.0,8.0,0.0,69.23,0.0
Apr-2026,R5J3Z,BORDER HEALTH ALLIANCE LIMITED,C_999,Total,654.0,469.0,185.0,0.0,71.71,0.0
Apr-2026,RLQ,WYE VALLEY NHS TRUST,C_502,Gynaecology Service,1985.0,1182.0,796.0,7.0,59.55,0.35
Apr-2026,RRV,UNIVERSITY COLLEGE LONDON HOSPITALS NHS FOUNDATION TRUST,C_320,Cardiology Service,889.0,600.0,289.0,0.0,67.49,0.0
Apr-2026,RYJ,IMPERIAL COLLEGE HEALTHCARE NHS TRUST,C_101,Urology Service,3518.0,2226.0,1288.0,4.0,63.27,0.11
Apr-2026,R1H,BARTS HEALTH NHS TRUST,C_101,Urology Service,6444.0,3715.0,2682.0,47.0,57.65,0.73
Apr-2026,R1H,BARTS HEALTH NHS TRUST,C_999,Total,121731.0,76528.0,44011.0,1192.0,62.87,0.98
Apr-2026,RF4,"BARKING, HAVERING AND REDBRIDGE UNIVERSITY HOSPITALS NHS TRUST",X05,Other - Surgical Services,3576.0,2379.0,1193.0,4.0,66.53,0.11
Apr-2026,RQX,HOMERTON HEALTHCARE NHS FOUNDATION TRUST,X02,Other - Medical Services,2532.0,2317.0,214.0,1.0,91.51,0.04
Apr-2026,RQX,HOMERTON HEALTHCARE NHS FOUNDATION TRUST,C_160,Plastic Surgery Service,258.0,148.0,106.0,4.0,57.36,1.55
Apr-2026,NVC17,ROWLEY HALL HOSPITAL,X02,Other - Medical Services,191.0,109.0,82.0,0.0,57.07,0.0
Apr-2026,RJE,UNIVERSITY HOSPITALS OF NORTH MIDLANDS NHS TRUST,C_430,Elderly Medicine Service,44.0,41.0,3.0,0.0,93.18,0.0
Apr-2026,R1D,SHROPSHIRE COMMUNITY HEALTH NHS TRUST,C_410,Rheumatology Service,24.0,16.0,8.0,0.0,66.67,0.0
Apr-2026,RXW,THE SHREWSBURY AND TELFORD HOSPITAL NHS TRUST,X06,Other - Other Services,437.0,398.0,39.0,0.0,91.08,0.0
Apr-2026,RXW,THE SHREWSBURY AND TELFORD HOSPITAL NHS TRUST,X04,Other - Paediatric Services,1138.0,843.0,295.0,0.0,74.08,0.0
Apr-2026,RXW,THE SHREWSBURY AND TELFORD HOSPITAL NHS TRUST,C_430,Elderly Medicine Service,202.0,202.0,0.0,0.0,100.0,0.0
Apr-2026,NT404,BEAUMONT HOSPITAL,C_100,General Surgery Service,590.0,375.0,215.0,0.0,63.56,0.0
Apr-2026,NT404,BEAUMONT HOSPITAL,C_999,Total,3194.0,2000.0,1193.0,1.0,62.62,0.03
Apr-2026,RM3,NORTHERN CARE ALLIANCE NHS FOUNDATION TRUST,X04,Other - Paediatric Services,4874.0,2854.0,1936.0,84.0,58.56,1.72
Apr-2026,NVC08,MOUNT STUART HOSPITAL,C_100,General Surgery Service,302.0,268.0,34.0,0.0,88.74,0.0
Apr-2026,RH8,ROYAL DEVON UNIVERSITY HEALTHCARE NHS FOUNDATION TRUST,X05,Other - Surgical Services,6731.0,4349.0,2232.0,150.0,64.61,2.23
Apr-2026,RH8,ROYAL DEVON UNIVERSITY HEALTHCARE NHS FOUNDATION TRUST,X06,Other - Other Services,1863.0,1393.0,455.0,15.0,74.77,0.81
Apr-2026,RK9,UNIVERSITY HOSPITALS PLYMOUTH NHS TRUST,X05,Other - Surgical Services,6304.0,3974.0,2218.0,112.0,63.04,1.78
Apr-2026,AVQ01,ONE ASHFORD HOSPITAL,C_101,Urology Service,63.0,63.0,0.0,0.0,100.0,0.0
Apr-2026,AVQ01,ONE ASHFORD HOSPITAL,C_110,Trauma and Orthopaedic Service,762.0,614.0,147.0,1.0,80.58,0.13
Apr-2026,AVQ01,ONE ASHFORD HOSPITAL,C_999,Total,980.0,802.0,177.0,1.0,81.84,0.1
Apr-2026,NN8,SPENCER PRIVATE HOSPITALS LTD,C_120,Ear Nose and Throat Service,293.0,190.0,102.0,1.0,64.85,0.34
Apr-2026,NT239,"NUFFIELD HEALTH, TUNBRIDGE WELLS HOSPITAL",C_999,Total,79.0,61.0,17.0,1.0,77.22,1.27
Apr-2026,NT312,SPIRE ALEXANDRA HOSPITAL,X05,Other - Surgical Services,559.0,381.0,175.0,3.0,68.16,0.54
Apr-2026,NWF01,BENENDEN HOSPITAL,C_120,Ear Nose and Throat Service,109.0,90.0,19.0,0.0,82.57,0.0
Apr-2026,NWF01,BENENDEN HOSPITAL,C_100,General Surgery Service,137.0,118.0,19.0,0.0,86.13,0.0
Apr-2026,RN7,DARTFORD AND GRAVESHAM NHS TRUST,C_999,Total,30534.0,18685.0,11436.0,413.0,61.19,1.35
Apr-2026,RN7,DARTFORD AND GRAVESHAM NHS TRUST,C_340,Respiratory Medicine Service,984.0,673.0,311.0,0.0,68.39,0.0
Apr-2026,RN7,DARTFORD AND GRAVESHAM NHS TRUST,C_301,Gastroenterology Service,2650.0,1815.0,834.0,1.0,68.49,0.04
Apr-2026,RN7,DARTFORD AND GRAVESHAM NHS TRUST,X02,Other - Medical Services,728.0,556.0,172.0,0.0,76.37,0.0
Apr-2026,NT450,LINCOLN PRIVATE HOSPITAL,X06,Other - Other Services,3.0,3.0,0.0,0.0,100.0,0.0
Apr-2026,NVC27,BOSTON WEST HOSPITAL,C_110,Trauma and Orthopaedic Service,970.0,461.0,502.0,7.0,47.53,0.72
Apr-2026,RWD,UNITED LINCOLNSHIRE TEACHING HOSPITALS NHS TRUST,C_502,Gynaecology Service,6119.0,3308.0,2778.0,33.0,54.06,0.54
Apr-2026,NT226,"NUFFIELD HEALTH, LEICESTER HOSPITAL",C_999,Total,469.0,379.0,75.0,15.0,80.81,3.2
Apr-2026,RWE,UNIVERSITY HOSPITALS OF LEICESTER NHS TRUST,C_320,Cardiology Service,5997.0,3895.0,2085.0,17.0,64.95,0.28
Apr-2026,RWE,UNIVERSITY HOSPITALS OF LEICESTER NHS TRUST,C_502,Gynaecology Service,9217.0,5368.0,3677.0,172.0,58.24,1.87
Apr-2026,NCN,DMC HEALTHCARE,C_999,Total,2326.0,2181.0,104.0,41.0,93.77,1.76
Apr-2026,NT437,SLOANE HOSPITAL,C_101,Urology Service,78.0,60.0,18.0,0.0,76.92,0.0
Apr-2026,RJ1,GUY'S AND ST THOMAS' NHS FOUNDATION TRUST,C_999,Total,109709.0,75004.0,34016.0,689.0,68.37,0.63
Apr-2026,RJ1,GUY'S AND ST THOMAS' NHS FOUNDATION TRUST,C_301,Gastroenterology Service,3065.0,2393.0,671.0,1.0,78.08,0.03
Apr-2026,RJZ,KING'S COLLEGE HOSPITAL NHS FOUNDATION TRUST,C_320,Cardiology Service,4726.0,3296.0,1407.0,23.0,69.74,0.49
Apr-2026,RVV,EAST KENT HOSPITALS UNIVERSITY NHS FOUNDATION TRUST,C_140,Oral Surgery Service,5243.0,2065.0,2928.0,250.0,39.39,4.77
Apr-2026,RVV,EAST KENT HOSPITALS UNIVERSITY NHS FOUNDATION TRUST,C_400,Neurology Service,1603.0,1252.0,349.0,2.0,78.1,0.12
Apr-2026,NTP15,PRACTICE PLUS GROUP HOSPITAL - ILFORD,C_130,Ophthalmology Service,14.0,14.0,0.0,0.0,100.0,0.0
Apr-2026,NTP15,PRACTICE PLUS GROUP HOSPITAL - ILFORD,C_301,Gastroenterology Service,139.0,105.0,6.0,28.0,75.54,20.14
Apr-2026,NT229,"NUFFIELD HEALTH, NEWCASTLE UPON TYNE HOSPITAL",C_110,Trauma and Orthopaedic Service,459.0,209.0,227.0,23.0,45.53,5.01
Apr-2026,NT333,SPIRE WASHINGTON HOSPITAL,C_999,Total,1795.0,1389.0,385.0,21.0,77.38,1.17
Apr-2026,NT457,WOODLANDS HOSPITAL,C_130,Ophthalmology Service,624.0,561.0,63.0,0.0,89.9,0.0
Apr-2026,NT457,WOODLANDS HOSPITAL,C_150,Neurosurgical Service,2.0,1.0,1.0,0.0,50.0,0.0
Apr-2026,R0B,SOUTH TYNESIDE AND SUNDERLAND NHS FOUNDATION TRUST,X02,Other - Medical Services,1627.0,1427.0,200.0,0.0,87.71,0.0
Apr-2026,RLQ,WYE VALLEY NHS TRUST,C_301,Gastroenterology Service,1139.0,709.0,408.0,22.0,62.25,1.93
Apr-2026,RLQ,WYE VALLEY NHS TRUST,C_410,Rheumatology Service,338.0,281.0,57.0,0.0,83.14,0.0
Apr-2026,RWP,WORCESTERSHIRE ACUTE HOSPITALS NHS TRUST,C_120,Ear Nose and Throat Service,7625.0,3876.0,3501.0,248.0,50.83,3.25
Apr-2026,RWP,WORCESTERSHIRE ACUTE HOSPITALS NHS TRUST,X05,Other - Surgical Services,2468.0,1859.0,597.0,12.0,75.32,0.49
Apr-2026,M2Y6D,PRACTICE PLUS GROUP HOSPITAL BIRMINGHAM,C_110,Trauma and Orthopaedic Service,1192.0,899.0,289.0,4.0,75.42,0.34
Apr-2026,NVC44,THE WESTBOURNE CENTRE,C_140,Oral Surgery Service,2829.0,1503.0,1305.0,21.0,53.13,0.74
Apr-2026,RRK,UNIVERSITY HOSPITALS BIRMINGHAM NHS FOUNDATION TRUST,C_110,Trauma and Orthopaedic Service,3644.0,2700.0,944.0,0.0,74.09,0.0
Apr-2026,RRK,UNIVERSITY HOSPITALS BIRMINGHAM NHS FOUNDATION TRUST,C_130,Ophthalmology Service,9352.0,5816.0,3457.0,79.0,62.19,0.84
Apr-2026,RRK,UNIVERSITY HOSPITALS BIRMINGHAM NHS FOUNDATION TRUST,C_999,Total,90728.0,62017.0,28408.0,303.0,68.35,0.33
Apr-2026,RNN,NORTH CUMBRIA INTEGRATED CARE NHS FOUNDATION TRUST,C_340,Respiratory Medicine Service,682.0,391.0,291.0,0.0,57.33,0.0
Apr-2026,RR7,GATESHEAD HEALTH NHS FOUNDATION TRUST,C_110,Trauma and Orthopaedic Service,1695.0,1026.0,666.0,3.0,60.53,0.18
Apr-2026,RR7,GATESHEAD HEALTH NHS FOUNDATION TRUST,C_430,Elderly Medicine Service,197.0,186.0,11.0,0.0,94.42,0.0
Apr-2026,RTF,NORTHUMBRIA HEALTHCARE NHS FOUNDATION TRUST,C_400,Neurology Service,2.0,2.0,0.0,0.0,100.0,0.0
Apr-2026,RTF,NORTHUMBRIA HEALTHCARE NHS FOUNDATION TRUST,X06,Other - Other Services,323.0,320.0,3.0,0.0,99.07,0.0
Apr-2026,RVW,NORTH TEES AND HARTLEPOOL NHS FOUNDATION TRUST,C_410,Rheumatology Service,497.0,420.0,77.0,0.0,84.51,0.0
Apr-2026,RXP,COUNTY DURHAM AND DARLINGTON NHS FOUNDATION TRUST,C_130,Ophthalmology Service,3044.0,2131.0,906.0,7.0,70.01,0.23
Apr-2026,RXP,COUNTY DURHAM AND DARLINGTON NHS FOUNDATION TRUST,C_340,Respiratory Medicine Service,1650.0,1081.0,569.0,0.0,65.52,0.0
Apr-2026,Z9Z1G,SPAMEDICA GATESHEAD,C_999,Total,579.0,558.0,21.0,0.0,96.37,0.0
Apr-2026,RTE,GLOUCESTERSHIRE HOSPITALS NHS FOUNDATION TRUST,C_301,Gastroenterology Service,4840.0,4347.0,493.0,0.0,89.81,0.0
Apr-2026,D0Y2J,OPTEGRA AT HAVANT HEALTH CENTRE (HAVANT),C_999,Total,20.0,20.0,0.0,0.0,100.0,0.0
Apr-2026,NNH06,OPTEGRA (SOLENT EYE HOSPITAL),C_130,Ophthalmology Service,695.0,691.0,4.0,0.0,99.42,0.0
Apr-2026,NT418,HAMPSHIRE CLINIC,C_110,Trauma and Orthopaedic Service,127.0,64.0,62.0,1.0,50.39,0.79
Apr-2026,NT433,SARUM ROAD HOSPITAL,C_999,Total,284.0,137.0,145.0,2.0,48.24,0.7
Apr-2026,NTPAD,PRACTICE PLUS GROUP SURGICAL CENTRE - ST MARYS PORTSMOUTH,C_999,Total,1756.0,1692.0,64.0,0.0,96.36,0.0
Apr-2026,Q4W9A,ACES SOUTHAMPTON,C_999,Total,43.0,38.0,5.0,0.0,88.37,0.0
Apr-2026,R1F,ISLE OF WIGHT NHS TRUST,C_301,Gastroenterology Service,800.0,573.0,227.0,0.0,71.63,0.0
Apr-2026,R1F,ISLE OF WIGHT NHS TRUST,C_400,Neurology Service,1.0,1.0,0.0,0.0,100.0,0.0
Apr-2026,RHM,UNIVERSITY HOSPITAL SOUTHAMPTON NHS FOUNDATION TRUST,C_150,Neurosurgical Service,1152.0,808.0,342.0,2.0,70.14,0.17
Apr-2026,NAM01,PROBUS SURGICAL CENTRE,C_101,Urology Service,56.0,52.0,4.0,0.0,92.86,0.0
Apr-2026,REF,ROYAL CORNWALL HOSPITALS NHS TRUST,C_101,Urology Service,1709.0,1086.0,623.0,0.0,63.55,0.0
Apr-2026,REF,ROYAL CORNWALL HOSPITALS NHS TRUST,C_130,Ophthalmology Service,4185.0,3263.0,918.0,4.0,77.97,0.1
Apr-2026,REF,ROYAL CORNWALL HOSPITALS NHS TRUST,C_430,Elderly Medicine Service,332.0,271.0,61.0,0.0,81.63,0.0
Apr-2026,REF,ROYAL CORNWALL HOSPITALS NHS TRUST,C_340,Respiratory Medicine Service,507.0,415.0,92.0,0.0,81.85,0.0
Apr-2026,DXN,MODALITY LLP,C_330,Dermatology Service,244.0,156.0,88.0,0.0,63.93,0.0
Apr-2026,NVC1H,STOURSIDE HOSPITAL,X02,Other - Medical Services,261.0,181.0,78.0,2.0,69.35,0.77
Apr-2026,RHU,PORTSMOUTH HOSPITALS UNIVERSITY NHS TRUST,C_130,Ophthalmology Service,6744.0,4008.0,2578.0,158.0,59.43,2.34
Apr-2026,RHU,PORTSMOUTH HOSPITALS UNIVERSITY NHS TRUST,C_160,Plastic Surgery Service,454.0,237.0,198.0,19.0,52.2,4.19
Apr-2026,RW1,HAMPSHIRE AND ISLE OF WIGHT HEALTHCARE NHS FOUNDATION TRUST,X02,Other - Medical Services,173.0,170.0,3.0,0.0,98.27,0.0
Apr-2026,RH5,SOMERSET NHS FOUNDATION TRUST,C_300,General Internal Medicine Service,51.0,39.0,12.0,0.0,76.47,0.0
Apr-2026,RK5,SHERWOOD FOREST HOSPITALS NHS FOUNDATION TRUST,C_100,General Surgery Service,4076.0,2413.0,1628.0,35.0,59.2,0.86
Apr-2026,RK5,SHERWOOD FOREST HOSPITALS NHS FOUNDATION TRUST,C_301,Gastroenterology Service,3268.0,2005.0,1225.0,38.0,61.35,1.16
Apr-2026,RX1,NOTTINGHAM UNIVERSITY HOSPITALS NHS TRUST,C_120,Ear Nose and Throat Service,7460.0,4309.0,2959.0,192.0,57.76,2.57
Apr-2026,RX1,NOTTINGHAM UNIVERSITY HOSPITALS NHS TRUST,C_150,Neurosurgical Service,1002.0,755.0,245.0,2.0,75.35,0.2
Apr-2026,RL4,THE ROYAL WOLVERHAMPTON NHS TRUST,C_999,Total,73591.0,44326.0,27364.0,1901.0,60.23,2.58
Apr-2026,RL4,THE ROYAL WOLVERHAMPTON NHS TRUST,C_300,General Internal Medicine Service,9.0,6.0,3.0,0.0,66.67,0.0
Apr-2026,RXK,SANDWELL AND WEST BIRMINGHAM HOSPITALS NHS TRUST,X05,Other - Surgical Services,5247.0,3461.0,1786.0,0.0,65.96,0.0
Apr-2026,RXK,SANDWELL AND WEST BIRMINGHAM HOSPITALS NHS TRUST,C_999,Total,65630.0,40862.0,24449.0,319.0,62.26,0.49
Apr-2026,RXK,SANDWELL AND WEST BIRMINGHAM HOSPITALS NHS TRUST,X06,Other - Other Services,643.0,112.0,523.0,8.0,17.42,1.24
Apr-2026,ACG20,NEWMEDICA - BRISTOL - LITFIELD HOUSE,C_999,Total,428.0,336.0,90.0,2.0,78.5,0.47
Apr-2026,H4J9P,NEWMEDICA AZTEC WEST,C_999,Total,894.0,581.0,311.0,2.0,64.99,0.22
Apr-2026,NFH,SOMERSET SURGICAL SERVICES HQ,C_160,Plastic Surgery Service,127.0,124.0,3.0,0.0,97.64,0.0
Apr-2026,NT302,SPIRE BRISTOL HOSPITAL,C_110,Trauma and Orthopaedic Service,715.0,383.0,325.0,7.0,53.57,0.98
Apr-2026,RVJ,NORTH BRISTOL NHS TRUST,C_170,Cardiothoracic Surgery Service,13.0,13.0,0.0,0.0,100.0,0.0
Apr-2026,R0D,UNIVERSITY HOSPITALS DORSET NHS FOUNDATION TRUST,C_140,Oral Surgery Service,3266.0,1915.0,1338.0,13.0,58.63,0.4
Apr-2026,R0D,UNIVERSITY HOSPITALS DORSET NHS FOUNDATION TRUST,C_300,General Internal Medicine Service,237.0,236.0,1.0,0.0,99.58,0.0
Apr-2026,K8I4X,GLENDON WOOD HOSPITAL,C_999,Total,1327.0,1033.0,294.0,0.0,77.84,0.0
Apr-2026,K8I4X,GLENDON WOOD HOSPITAL,C_101,Urology Service,23.0,1.0,22.0,0.0,4.35,0.0
Apr-2026,K8I4X,GLENDON WOOD HOSPITAL,C_120,Ear Nose and Throat Service,1.0,1.0,0.0,0.0,100.0,0.0
Apr-2026,K8I4X,GLENDON WOOD HOSPITAL,C_502,Gynaecology Service,1.0,1.0,0.0,0.0,100.0,0.0
Apr-2026,M4C5R,NEWMEDICA - NORTHAMPTON,C_999,Total,1500.0,1252.0,247.0,1.0,83.47,0.07
Apr-2026,NT441,THREE SHIRES HOSPITAL,C_110,Trauma and Orthopaedic Service,2149.0,1190.0,942.0,17.0,55.37,0.79
Apr-2026,RNQ,KETTERING GENERAL HOSPITAL NHS FOUNDATION TRUST,C_340,Respiratory Medicine Service,739.0,565.0,173.0,1.0,76.45,0.14
Apr-2026,AAH,TETBURY HOSPITAL TRUST LTD,C_120,Ear Nose and Throat Service,3.0,3.0,0.0,0.0,100.0,0.0
Apr-2026,ACG13,NEWMEDICA - GLOUCESTER (ASPEN MEDICAL CENTRE),C_130,Ophthalmology Service,475.0,344.0,130.0,1.0,72.42,0.21
Apr-2026,RMC,BOLTON NHS FOUNDATION TRUST,C_300,General Internal Medicine Service,27.0,25.0,2.0,0.0,92.59,0.0
Apr-2026,S8O6A,ACES MANCHESTER TRAFFORD,C_130,Ophthalmology Service,2.0,2.0,0.0,0.0,100.0,0.0
Apr-2026,A1S9E,OPTEGRA EYE HOSPITAL YORK,C_130,Ophthalmology Service,584.0,561.0,23.0,0.0,96.06,0.0
Apr-2026,NT447,DUCHY HOSPITAL,C_100,General Surgery Service,41.0,37.0,4.0,0.0,90.24,0.0
Apr-2026,NT447,DUCHY HOSPITAL,C_101,Urology Service,21.0,21.0,0.0,0.0,100.0,0.0
Apr-2026,NVC28,CLIFTON PARK HOSPITAL,X02,Other - Medical Services,4.0,2.0,2.0,0.0,50.0,0.0
Apr-2026,RCB,YORK AND SCARBOROUGH TEACHING HOSPITALS NHS FOUNDATION TRUST,C_120,Ear Nose and Throat Service,7460.0,3934.0,3386.0,140.0,52.73,1.88
Apr-2026,RCB,YORK AND SCARBOROUGH TEACHING HOSPITALS NHS FOUNDATION TRUST,X05,Other - Surgical Services,7899.0,4540.0,3153.0,206.0,57.48,2.61
Apr-2026,RCB,YORK AND SCARBOROUGH TEACHING HOSPITALS NHS FOUNDATION TRUST,C_400,Neurology Service,1173.0,824.0,348.0,1.0,70.25,0.09
Apr-2026,RCD,HARROGATE AND DISTRICT NHS FOUNDATION TRUST,C_301,Gastroenterology Service,777.0,690.0,87.0,0.0,88.8,0.0
Apr-2026,RJL,NORTHERN LINCOLNSHIRE AND GOOLE NHS FOUNDATION TRUST,C_999,Total,40793.0,25049.0,14829.0,915.0,61.41,2.24
Apr-2026,RJL,NORTHERN LINCOLNSHIRE AND GOOLE NHS FOUNDATION TRUST,C_120,Ear Nose and Throat Service,5361.0,3386.0,1837.0,138.0,63.16,2.57
Apr-2026,RJL,NORTHERN LINCOLNSHIRE AND GOOLE NHS FOUNDATION TRUST,C_140,Oral Surgery Service,968.0,635.0,294.0,39.0,65.6,4.03
Apr-2026,RWA,HULL UNIVERSITY TEACHING HOSPITALS NHS TRUST,C_330,Dermatology Service,4054.0,1782.0,2105.0,167.0,43.96,4.12
Apr-2026,NXP,INDEPENDENT HEALTH GROUP,C_100,General Surgery Service,359.0,353.0,6.0,0.0,98.33,0.0
Apr-2026,RD1,ROYAL UNITED HOSPITALS BATH NHS FOUNDATION TRUST,C_101,Urology Service,2164.0,1577.0,572.0,15.0,72.87,0.69
Apr-2026,RD1,ROYAL UNITED HOSPITALS BATH NHS FOUNDATION TRUST,X06,Other - Other Services,773.0,716.0,57.0,0.0,92.63,0.0
Apr-2026,RNZ,SALISBURY NHS FOUNDATION TRUST,C_502,Gynaecology Service,2583.0,1698.0,882.0,3.0,65.74,0.12
Apr-2026,RNZ,SALISBURY NHS FOUNDATION TRUST,X03,Other - Mental Health Services,92.0,83.0,9.0,0.0,90.22,0.0
Apr-2026,NT410,CHILTERN HOSPITAL,C_301,Gastroenterology Service,27.0,24.0,3.0,0.0,88.89,0.0
Apr-2026,NT428,PRINCESS MARGARET HOSPITAL,C_301,Gastroenterology Service,13.0,13.0,0.0,0.0,100.0,0.0
Apr-2026,RHW,ROYAL BERKSHIRE NHS FOUNDATION TRUST,X06,Other - Other Services,430.0,322.0,106.0,2.0,74.88,0.47
Apr-2026,NT324,SPIRE CHESHIRE HOSPITAL,C_110,Trauma and Orthopaedic Service,600.0,468.0,132.0,0.0,78.0,0.0
Apr-2026,NT325,SPIRE MURRAYFIELD HOSPITAL,C_100,General Surgery Service,246.0,192.0,52.0,2.0,78.05,0.81
Apr-2026,NT337,SPIRE LIVERPOOL HOSPITAL,C_999,Total,2223.0,1708.0,506.0,9.0,76.83,0.4
Apr-2026,RBN,MERSEY AND WEST LANCASHIRE TEACHING HOSPITALS NHS TRUST,C_100,General Surgery Service,6234.0,4066.0,2041.0,127.0,65.22,2.04
Apr-2026,RBN,MERSEY AND WEST LANCASHIRE TEACHING HOSPITALS NHS TRUST,C_160,Plastic Surgery Service,7375.0,3993.0,3246.0,136.0,54.14,1.84
Apr-2026,RBN,MERSEY AND WEST LANCASHIRE TEACHING HOSPITALS NHS TRUST,C_150,Neurosurgical Service,56.0,38.0,18.0,0.0,67.86,0.0
Apr-2026,RBT,MID CHESHIRE HOSPITALS NHS FOUNDATION TRUST,X05,Other - Surgical Services,2920.0,1842.0,1002.0,76.0,63.08,2.6
Apr-2026,RJR,COUNTESS OF CHESTER HOSPITAL NHS FOUNDATION TRUST,C_110,Trauma and Orthopaedic Service,2024.0,1306.0,717.0,1.0,64.53,0.05
Apr-2026,RWW,NORTH CHESHIRE AND MERSEY NHS FOUNDATION TRUST,C_120,Ear Nose and Throat Service,3214.0,1855.0,1347.0,12.0,57.72,0.37
Apr-2026,RWW,NORTH CHESHIRE AND MERSEY NHS FOUNDATION TRUST,X04,Other - Paediatric Services,1928.0,1436.0,488.0,4.0,74.48,0.21
Apr-2026,RTH,OXFORD UNIVERSITY HOSPITALS NHS FOUNDATION TRUST,C_502,Gynaecology Service,7237.0,3997.0,2951.0,289.0,55.23,3.99
Apr-2026,RXQ,BUCKINGHAMSHIRE HEALTHCARE NHS TRUST,X02,Other - Medical Services,4282.0,2681.0,1599.0,2.0,62.61,0.05
Apr-2026,RXQ,BUCKINGHAMSHIRE HEALTHCARE NHS TRUST,C_300,General Internal Medicine Service,1.0,1.0,0.0,0.0,100.0,0.0
Apr-2026,AVQ03,ONE HATFIELD HOSPITAL,C_999,Total,598.0,364.0,221.0,13.0,60.87,2.17
Apr-2026,AWR,ONE STOP DOCTORS LIMITED,C_502,Gynaecology Service,4.0,1.0,3.0,0.0,25.0,0.0
Apr-2026,NVC06,FITZWILLIAM HOSPITAL,X02,Other - Medical Services,684.0,335.0,342.0,7.0,48.98,1.02
Apr-2026,RCX,"THE QUEEN ELIZABETH HOSPITAL, KING'S LYNN, NHS FOUNDATION TRUST",C_160,Plastic Surgery Service,67.0,34.0,29.0,4.0,50.75,5.97
Apr-2026,RCX,"THE QUEEN ELIZABETH HOSPITAL, KING'S LYNN, NHS FOUNDATION TRUST",X02,Other - Medical Services,1178.0,801.0,375.0,2.0,68.0,0.17
Apr-2026,RGP,JAMES PAGET UNIVERSITY HOSPITALS NHS FOUNDATION TRUST,C_100,General Surgery Service,3276.0,1903.0,1349.0,24.0,58.09,0.73
Apr-2026,RGP,JAMES PAGET UNIVERSITY HOSPITALS NHS FOUNDATION TRUST,X05,Other - Surgical Services,1988.0,1429.0,550.0,9.0,71.88,0.45
Apr-2026,RGR,WEST SUFFOLK NHS FOUNDATION TRUST,C_999,Total,31001.0,20242.0,10337.0,422.0,65.29,1.36
Apr-2026,RM1,NORFOLK AND NORWICH UNIVERSITY HOSPITALS NHS FOUNDATION TRUST,C_160,Plastic Surgery Service,1590.0,705.0,813.0,72.0,44.34,4.53
Apr-2026,DX1,THE NEW FOSCOTE HOSPITAL LTD,C_100,General Surgery Service,264.0,246.0,17.0,1.0,93.18,0.38
Apr-2026,DX1,THE NEW FOSCOTE HOSPITAL LTD,C_110,Trauma and Orthopaedic Service,111.0,103.0,8.0,0.0,92.79,0.0
Apr-2026,G3Q3Z,NUFFIELD HEALTH HIGHGATE HOSPITAL,C_110,Trauma and Orthopaedic Service,419.0,361.0,56.0,2.0,86.16,0.48
Apr-2026,NT411,CLEMENTINE CHURCHILL HOSPITAL,C_110,Trauma and Orthopaedic Service,780.0,769.0,11.0,0.0,98.59,0.0
Apr-2026,NT411,CLEMENTINE CHURCHILL HOSPITAL,C_502,Gynaecology Service,188.0,187.0,1.0,0.0,99.47,0.0
Apr-2026,RAL,ROYAL FREE LONDON NHS FOUNDATION TRUST,C_100,General Surgery Service,4255.0,1765.0,2322.0,168.0,41.48,3.95
Apr-2026,RKE,WHITTINGTON HEALTH NHS TRUST,C_502,Gynaecology Service,2999.0,1836.0,1149.0,14.0,61.22,0.47
Apr-2026,RP4,GREAT ORMOND STREET HOSPITAL FOR CHILDREN NHS FOUNDATION TRUST,X06,Other - Other Services,75.0,51.0,24.0,0.0,68.0,0.0
Apr-2026,RQM,CHELSEA AND WESTMINSTER HOSPITAL NHS FOUNDATION TRUST,X02,Other - Medical Services,1305.0,1174.0,131.0,0.0,89.96,0.0
Apr-2026,RBD,DORSET COUNTY HOSPITAL NHS FOUNDATION TRUST,C_300,General Internal Medicine Service,13.0,13.0,0.0,0.0,100.0,0.0
Apr-2026,NT3X3,SPIRE ST ANTHONY'S HOSPITAL,C_502,Gynaecology Service,37.0,33.0,4.0,0.0,89.19,0.0
Apr-2026,NT436,SHIRLEY OAKS HOSPITAL,C_400,Neurology Service,1.0,0.0,1.0,0.0,0.0,0.0
Apr-2026,NEQ,PHOENIX HEALTH SOLUTIONS LIMITED HQ,X02,Other - Medical Services,13.0,13.0,0.0,0.0,100.0,0.0
Apr-2026,NT332,SPIRE LEEDS HOSPITAL,C_110,Trauma and Orthopaedic Service,463.0,362.0,101.0,0.0,78.19,0.0
Apr-2026,NT448,HUDDERSFIELD PRIVATE HOSPITAL,C_502,Gynaecology Service,192.0,183.0,9.0,0.0,95.31,0.0
Apr-2026,NVC20,THE YORKSHIRE CLINIC,X06,Other - Other Services,6.0,4.0,2.0,0.0,66.67,0.0
Apr-2026,RAE,BRADFORD TEACHING HOSPITALS NHS FOUNDATION TRUST,C_160,Plastic Surgery Service,1041.0,570.0,470.0,1.0,54.76,0.1
Apr-2026,RAE,BRADFORD TEACHING HOSPITALS NHS FOUNDATION TRUST,C_999,Total,31090.0,20743.0,10274.0,73.0,66.72,0.23
Apr-2026,RAE,BRADFORD TEACHING HOSPITALS NHS FOUNDATION TRUST,C_140,Oral Surgery Service,1762.0,879.0,882.0,1.0,49.89,0.06
Apr-2026,RJ6,CROYDON HEALTH SERVICES NHS TRUST,C_502,Gynaecology Service,2977.0,2063.0,875.0,39.0,69.3,1.31
Apr-2026,RJ7,ST GEORGE'S UNIVERSITY HOSPITALS NHS FOUNDATION TRUST,C_340,Respiratory Medicine Service,3363.0,2106.0,1251.0,6.0,62.62,0.18
Apr-2026,RJ7,ST GEORGE'S UNIVERSITY HOSPITALS NHS FOUNDATION TRUST,C_430,Elderly Medicine Service,42.0,42.0,0.0,0.0,100.0,0.0
Apr-2026,RVR,EPSOM AND ST HELIER UNIVERSITY HOSPITALS NHS TRUST,C_101,Urology Service,2084.0,1415.0,654.0,15.0,67.9,0.72
Apr-2026,RVR,EPSOM AND ST HELIER UNIVERSITY HOSPITALS NHS TRUST,C_410,Rheumatology Service,593.0,434.0,155.0,4.0,73.19,0.67
Apr-2026,RCF,AIREDALE NHS FOUNDATION TRUST,C_999,Total,14344.0,10375.0,3931.0,38.0,72.33,0.26
Apr-2026,RCF,AIREDALE NHS FOUNDATION TRUST,C_502,Gynaecology Service,1762.0,1051.0,710.0,1.0,59.65,0.06
Apr-2026,RWY,CALDERDALE AND HUDDERSFIELD NHS FOUNDATION TRUST,C_140,Oral Surgery Service,1913.0,1018.0,895.0,0.0,53.21,0.0
Apr-2026,RXF,MID YORKSHIRE TEACHING NHS TRUST,C_999,Total,55239.0,36514.0,18477.0,248.0,66.1,0.45
Apr-2026,NT224,"NUFFIELD HEALTH, WARWICKSHIRE HOSPITAL",C_999,Total,403.0,311.0,85.0,7.0,77.17,1.74
Apr-2026,RJC,SOUTH WARWICKSHIRE UNIVERSITY NHS FOUNDATION TRUST,C_430,Elderly Medicine Service,174.0,168.0,6.0,0.0,96.55,0.0
Apr-2026,RJC,SOUTH WARWICKSHIRE UNIVERSITY NHS FOUNDATION TRUST,C_502,Gynaecology Service,2680.0,1680.0,994.0,6.0,62.69,0.22
Apr-2026,RKB,UNIVERSITY HOSPITALS COVENTRY AND WARWICKSHIRE NHS TRUST,C_110,Trauma and Orthopaedic Service,5567.0,3122.0,2304.0,141.0,56.08,2.53
Apr-2026,RKB,UNIVERSITY HOSPITALS COVENTRY AND WARWICKSHIRE NHS TRUST,C_100,General Surgery Service,8364.0,5094.0,3042.0,228.0,60.9,2.73
Apr-2026,RLT,GEORGE ELIOT HOSPITAL NHS TRUST,X06,Other - Other Services,1977.0,839.0,1125.0,13.0,42.44,0.66
Apr-2026,RWH,EAST AND NORTH HERTFORDSHIRE TEACHING NHS TRUST,C_140,Oral Surgery Service,1263.0,523.0,644.0,96.0,41.41,7.6
Apr-2026,M7C9Q,SPAMEDICA EPSOM,C_130,Ophthalmology Service,423.0,407.0,16.0,0.0,96.22,0.0
Apr-2026,NNE,DORKING HEALTHCARE LIMITED (DHC),C_100,General Surgery Service,91.0,84.0,7.0,0.0,92.31,0.0
Apr-2026,NNE,DORKING HEALTHCARE LIMITED (DHC),C_301,Gastroenterology Service,331.0,203.0,128.0,0.0,61.33,0.0
Apr-2026,NNE,DORKING HEALTHCARE LIMITED (DHC),C_320,Cardiology Service,627.0,518.0,109.0,0.0,82.62,0.0
Apr-2026,NNH03,OPTEGRA (SURREY EYE HOSPITAL),C_130,Ophthalmology Service,741.0,740.0,1.0,0.0,99.87,0.0
Apr-2026,NT216,"NUFFIELD HEALTH, GUILDFORD HOSPITAL",C_110,Trauma and Orthopaedic Service,34.0,25.0,8.0,1.0,73.53,2.94
Apr-2026,NT216,"NUFFIELD HEALTH, GUILDFORD HOSPITAL",C_101,Urology Service,5.0,4.0,1.0,0.0,80.0,0.0
Apr-2026,NT431,RUNNYMEDE HOSPITAL,C_999,Total,224.0,174.0,48.0,2.0,77.68,0.89
Apr-2026,NVC01,ASHTEAD HOSPITAL,C_101,Urology Service,97.0,82.0,13.0,2.0,84.54,2.06
Apr-2026,NVC01,ASHTEAD HOSPITAL,X02,Other - Medical Services,41.0,16.0,25.0,0.0,39.02,0.0
Apr-2026,NVC31,BLAKELANDS HOSPITAL,C_100,General Surgery Service,338.0,265.0,73.0,0.0,78.4,0.0
Apr-2026,O6X7Z,SPAMEDICA CAMBRIDGE,C_999,Total,484.0,435.0,49.0,0.0,89.88,0.0
Apr-2026,RC9,BEDFORDSHIRE HOSPITALS NHS FOUNDATION TRUST,C_130,Ophthalmology Service,3355.0,2447.0,908.0,0.0,72.94,0.0
Apr-2026,RD8,MILTON KEYNES UNIVERSITY HOSPITAL NHS FOUNDATION TRUST,C_301,Gastroenterology Service,1045.0,988.0,56.0,1.0,94.55,0.1
Apr-2026,RGN,NORTH WEST ANGLIA NHS FOUNDATION TRUST,C_101,Urology Service,5814.0,3718.0,2074.0,22.0,63.95,0.38
Apr-2026,RGN,NORTH WEST ANGLIA NHS FOUNDATION TRUST,C_400,Neurology Service,1568.0,774.0,792.0,2.0,49.36,0.13
Apr-2026,RGN,NORTH WEST ANGLIA NHS FOUNDATION TRUST,C_502,Gynaecology Service,6456.0,3532.0,2860.0,64.0,54.71,0.99
Apr-2026,RGT,CAMBRIDGE UNIVERSITY HOSPITALS NHS FOUNDATION TRUST,C_101,Urology Service,2283.0,1497.0,771.0,15.0,65.57,0.66
Apr-2026,RGT,CAMBRIDGE UNIVERSITY HOSPITALS NHS FOUNDATION TRUST,C_330,Dermatology Service,3363.0,2029.0,1331.0,3.0,60.33,0.09
Apr-2026,RDU,FRIMLEY HEALTH NHS FOUNDATION TRUST,X02,Other - Medical Services,5725.0,3640.0,2083.0,2.0,63.58,0.03
Apr-2026,RXC,EAST SUSSEX HEALTHCARE NHS TRUST,C_999,Total,57384.0,38142.0,18818.0,424.0,66.47,0.74
Apr-2026,RXC,EAST SUSSEX HEALTHCARE NHS TRUST,C_330,Dermatology Service,1578.0,1409.0,169.0,0.0,89.29,0.0
Apr-2026,RYR,UNIVERSITY HOSPITALS SUSSEX NHS FOUNDATION TRUST,C_170,Cardiothoracic Surgery Service,135.0,98.0,36.0,1.0,72.59,0.74
Apr-2026,RYR,UNIVERSITY HOSPITALS SUSSEX NHS FOUNDATION TRUST,C_320,Cardiology Service,8588.0,5093.0,3489.0,6.0,59.3,0.07
Apr-2026,RYR,UNIVERSITY HOSPITALS SUSSEX NHS FOUNDATION TRUST,C_160,Plastic Surgery Service,2.0,2.0,0.0,0.0,100.0,0.0
Apr-2026,NT318,SPIRE NORWICH HOSPITAL,C_999,Total,974.0,746.0,226.0,2.0,76.59,0.21
Apr-2026,NVC18,SPRINGFIELD HOSPITAL,C_400,Neurology Service,1.0,1.0,0.0,0.0,100.0,0.0
Apr-2026,RDE,EAST SUFFOLK AND NORTH ESSEX NHS FOUNDATION TRUST,C_320,Cardiology Service,3090.0,2327.0,763.0,0.0,75.31,0.0
Apr-2026,RDE,EAST SUFFOLK AND NORTH ESSEX NHS FOUNDATION TRUST,C_330,Dermatology Service,9493.0,6895.0,2597.0,1.0,72.63,0.01
Apr-2026,RQW,THE PRINCESS ALEXANDRA HOSPITAL NHS TRUST,C_100,General Surgery Service,3721.0,2518.0,1159.0,44.0,67.67,1.18
Apr-2026,R1G7E,SPAMEDICA KENDAL,C_130,Ophthalmology Service,454.0,431.0,23.0,0.0,94.93,0.0
Apr-2026,RTX,UNIVERSITY HOSPITALS OF MORECAMBE BAY NHS FOUNDATION TRUST,C_110,Trauma and Orthopaedic Service,5902.0,3679.0,1998.0,225.0,62.33,3.81
Apr-2026,RXL,BLACKPOOL TEACHING HOSPITALS NHS FOUNDATION TRUST,C_101,Urology Service,2554.0,1396.0,1110.0,48.0,54.66,1.88
Apr-2026,RXN,LANCASHIRE TEACHING HOSPITALS NHS FOUNDATION TRUST,C_301,Gastroenterology Service,2016.0,908.0,1052.0,56.0,45.04,2.78
Apr-2026,RXN,LANCASHIRE TEACHING HOSPITALS NHS FOUNDATION TRUST,X04,Other - Paediatric Services,2018.0,1115.0,903.0,0.0,55.25,0.0
Apr-2026,RXR,EAST LANCASHIRE HOSPITALS NHS TRUST,C_101,Urology Service,2315.0,1901.0,414.0,0.0,82.12,0.0
Apr-2026,NPG10,SPAMEDICA SHEFFIELD,C_130,Ophthalmology Service,448.0,418.0,30.0,0.0,93.3,0.0
Apr-2026,RFR,THE ROTHERHAM NHS FOUNDATION TRUST,C_300,General Internal Medicine Service,25.0,25.0,0.0,0.0,100.0,0.0
Apr-2026,NT301,SPIRE SOUTH BANK HOSPITAL,C_110,Trauma and Orthopaedic Service,546.0,336.0,209.0,1.0,61.54,0.18
Apr-2026,NT412,DROITWICH SPA HOSPITAL,C_100,General Surgery Service,339.0,219.0,120.0,0.0,64.6,0.0
Apr-2026,RLQ,WYE VALLEY NHS TRUST,C_120,Ear Nose and Throat Service,2269.0,1415.0,842.0,12.0,62.36,0.53
Apr-2026,RRV,UNIVERSITY COLLEGE LONDON HOSPITALS NHS FOUNDATION TRUST,C_140,Oral Surgery Service,6728.0,4613.0,2110.0,5.0,68.56,0.07
Apr-2026,RRV,UNIVERSITY COLLEGE LONDON HOSPITALS NHS FOUNDATION TRUST,C_340,Respiratory Medicine Service,788.0,710.0,78.0,0.0,90.1,0.0
Apr-2026,RRV,UNIVERSITY COLLEGE LONDON HOSPITALS NHS FOUNDATION TRUST,X04,Other - Paediatric Services,4915.0,3072.0,1760.0,83.0,62.5,1.69
Apr-2026,RYJ,IMPERIAL COLLEGE HEALTHCARE NHS TRUST,C_160,Plastic Surgery Service,1938.0,1039.0,898.0,1.0,53.61,0.05
Apr-2026,RYJ,IMPERIAL COLLEGE HEALTHCARE NHS TRUST,C_130,Ophthalmology Service,5230.0,4024.0,1202.0,4.0,76.94,0.08
Apr-2026,R1H,BARTS HEALTH NHS TRUST,C_140,Oral Surgery Service,3618.0,2084.0,1467.0,67.0,57.6,1.85
Apr-2026,R1H,BARTS HEALTH NHS TRUST,C_410,Rheumatology Service,1109.0,942.0,165.0,2.0,84.94,0.18
Apr-2026,RQX,HOMERTON HEALTHCARE NHS FOUNDATION TRUST,C_100,General Surgery Service,3185.0,2091.0,1061.0,33.0,65.65,1.04
Apr-2026,RQX,HOMERTON HEALTHCARE NHS FOUNDATION TRUST,C_300,General Internal Medicine Service,84.0,58.0,26.0,0.0,69.05,0.0
Apr-2026,RJE,UNIVERSITY HOSPITALS OF NORTH MIDLANDS NHS TRUST,C_301,Gastroenterology Service,4775.0,3099.0,1672.0,4.0,64.9,0.08
Apr-2026,RJE,UNIVERSITY HOSPITALS OF NORTH MIDLANDS NHS TRUST,C_502,Gynaecology Service,4831.0,2978.0,1630.0,223.0,61.64,4.62
Apr-2026,RRE,MIDLANDS PARTNERSHIP UNIVERSITY NHS FOUNDATION TRUST,C_410,Rheumatology Service,4228.0,3579.0,649.0,0.0,84.65,0.0
Apr-2026,R1D,SHROPSHIRE COMMUNITY HEALTH NHS TRUST,C_110,Trauma and Orthopaedic Service,6890.0,5713.0,1177.0,0.0,82.92,0.0
Apr-2026,RL1,THE ROBERT JONES AND AGNES HUNT ORTHOPAEDIC HOSPITAL NHS FOUNDATION TRUST,X04,Other - Paediatric Services,343.0,262.0,79.0,2.0,76.38,0.58
Apr-2026,RXW,THE SHREWSBURY AND TELFORD HOSPITAL NHS TRUST,C_340,Respiratory Medicine Service,1870.0,1299.0,571.0,0.0,69.47,0.0
Apr-2026,M9U8M,ENDOCARE DIAGNOSTICS LTD,C_301,Gastroenterology Service,78.0,78.0,0.0,0.0,100.0,0.0
Apr-2026,NNH04,OPTEGRA (MANCHESTER EYE HOSPITAL),C_130,Ophthalmology Service,794.0,767.0,27.0,0.0,96.6,0.0
Apr-2026,NRP,BEACON MEDICAL SERVICES GROUP LIMITED,C_120,Ear Nose and Throat Service,2668.0,2658.0,10.0,0.0,99.63,0.0
Apr-2026,NT327,SPIRE MANCHESTER HOSPITAL,C_100,General Surgery Service,118.0,104.0,14.0,0.0,88.14,0.0
Apr-2026,NT401,ALEXANDRA HOSPITAL,C_100,General Surgery Service,234.0,114.0,120.0,0.0,48.72,0.0
Apr-2026,NT420,HIGHFIELD HOSPITAL,C_110,Trauma and Orthopaedic Service,687.0,438.0,249.0,0.0,63.76,0.0
Apr-2026,R0A,MANCHESTER UNIVERSITY NHS FOUNDATION TRUST,C_160,Plastic Surgery Service,4741.0,2359.0,2260.0,122.0,49.76,2.57
Apr-2026,R0A,MANCHESTER UNIVERSITY NHS FOUNDATION TRUST,C_400,Neurology Service,217.0,147.0,70.0,0.0,67.74,0.0
Apr-2026,RBV,THE CHRISTIE NHS FOUNDATION TRUST,C_502,Gynaecology Service,37.0,36.0,1.0,0.0,97.3,0.0
Apr-2026,RM3,NORTHERN CARE ALLIANCE NHS FOUNDATION TRUST,C_320,Cardiology Service,5479.0,3792.0,1669.0,18.0,69.21,0.33
Apr-2026,RH8,ROYAL DEVON UNIVERSITY HEALTHCARE NHS FOUNDATION TRUST,C_400,Neurology Service,1705.0,1028.0,668.0,9.0,60.29,0.53
Apr-2026,RH8,ROYAL DEVON UNIVERSITY HEALTHCARE NHS FOUNDATION TRUST,C_100,General Surgery Service,1000.0,532.0,433.0,35.0,53.2,3.5
Apr-2026,RK9,UNIVERSITY HOSPITALS PLYMOUTH NHS TRUST,C_101,Urology Service,2764.0,1752.0,963.0,49.0,63.39,1.77
Apr-2026,RK9,UNIVERSITY HOSPITALS PLYMOUTH NHS TRUST,C_150,Neurosurgical Service,1272.0,617.0,583.0,72.0,48.51,5.66
Apr-2026,NT408,CHAUCER HOSPITAL,C_100,General Surgery Service,98.0,66.0,32.0,0.0,67.35,0.0
Apr-2026,RN7,DARTFORD AND GRAVESHAM NHS TRUST,X04,Other - Paediatric Services,803.0,791.0,12.0,0.0,98.51,0.0
Apr-2026,T1I9W,ACES LINCOLN,C_999,Total,10.0,8.0,1.0,1.0,80.0,10.0
Apr-2026,RWE,UNIVERSITY HOSPITALS OF LEICESTER NHS TRUST,X06,Other - Other Services,3737.0,2351.0,1382.0,4.0,62.91,0.11
Apr-2026,RWE,UNIVERSITY HOSPITALS OF LEICESTER NHS TRUST,C_170,Cardiothoracic Surgery Service,477.0,384.0,92.0,1.0,80.5,0.21
Apr-2026,NT406,BLACKHEATH HOSPITAL,C_101,Urology Service,237.0,182.0,55.0,0.0,76.79,0.0
Apr-2026,NT409,CHELSFIELD PARK HOSPITAL,C_110,Trauma and Orthopaedic Service,332.0,262.0,70.0,0.0,78.92,0.0
Apr-2026,RJ1,GUY'S AND ST THOMAS' NHS FOUNDATION TRUST,X03,Other - Mental Health Services,24.0,15.0,9.0,0.0,62.5,0.0
Apr-2026,RJ2,LEWISHAM AND GREENWICH NHS TRUST,C_110,Trauma and Orthopaedic Service,5811.0,3395.0,2189.0,227.0,58.42,3.91
Apr-2026,RJZ,KING'S COLLEGE HOSPITAL NHS FOUNDATION TRUST,C_140,Oral Surgery Service,9077.0,4957.0,4007.0,113.0,54.61,1.24
Apr-2026,RVV,EAST KENT HOSPITALS UNIVERSITY NHS FOUNDATION TRUST,C_301,Gastroenterology Service,5072.0,3166.0,1860.0,46.0,62.42,0.91
Apr-2026,RVV,EAST KENT HOSPITALS UNIVERSITY NHS FOUNDATION TRUST,C_330,Dermatology Service,4978.0,3664.0,1309.0,5.0,73.6,0.1
Apr-2026,RVV,EAST KENT HOSPITALS UNIVERSITY NHS FOUNDATION TRUST,X06,Other - Other Services,153.0,90.0,58.0,5.0,58.82,3.27
Apr-2026,G5X2Q,SPAMEDICA NORTH TYNESIDE,C_130,Ophthalmology Service,464.0,447.0,17.0,0.0,96.34,0.0
Apr-2026,I7G8X,ACES NEWCASTLE,C_130,Ophthalmology Service,29.0,23.0,6.0,0.0,79.31,0.0
Apr-2026,NN4,TYNESIDE SURGICAL SERVICES LTD,C_502,Gynaecology Service,84.0,64.0,20.0,0.0,76.19,0.0
Apr-2026,NVC0R,TEES VALLEY HOSPITAL,C_140,Oral Surgery Service,371.0,348.0,23.0,0.0,93.8,0.0
Apr-2026,R0B,SOUTH TYNESIDE AND SUNDERLAND NHS FOUNDATION TRUST,X04,Other - Paediatric Services,3101.0,2356.0,745.0,0.0,75.98,0.0
Apr-2026,RWP,WORCESTERSHIRE ACUTE HOSPITALS NHS TRUST,C_999,Total,57215.0,35628.0,20769.0,818.0,62.27,1.43
Apr-2026,M2Y6D,PRACTICE PLUS GROUP HOSPITAL BIRMINGHAM,C_130,Ophthalmology Service,5.0,3.0,2.0,0.0,60.0,0.0
Apr-2026,NPG11,SPAMEDICA BIRMINGHAM,C_999,Total,793.0,681.0,112.0,0.0,85.88,0.0
Apr-2026,RQ3,BIRMINGHAM WOMEN'S AND CHILDREN'S NHS FOUNDATION TRUST,X04,Other - Paediatric Services,9121.0,5810.0,3253.0,58.0,63.7,0.64
Apr-2026,RQ3,BIRMINGHAM WOMEN'S AND CHILDREN'S NHS FOUNDATION TRUST,C_110,Trauma and Orthopaedic Service,1.0,1.0,0.0,0.0,100.0,0.0
Apr-2026,RRK,UNIVERSITY HOSPITALS BIRMINGHAM NHS FOUNDATION TRUST,C_320,Cardiology Service,4956.0,4417.0,538.0,1.0,89.12,0.02
Apr-2026,RRK,UNIVERSITY HOSPITALS BIRMINGHAM NHS FOUNDATION TRUST,C_340,Respiratory Medicine Service,2672.0,1835.0,836.0,1.0,68.68,0.04
Apr-2026,RRK,UNIVERSITY HOSPITALS BIRMINGHAM NHS FOUNDATION TRUST,X02,Other - Medical Services,11357.0,8315.0,2994.0,48.0,73.21,0.42
Apr-2026,R6B6E,ACES DARLINGTON,C_130,Ophthalmology Service,1.0,1.0,0.0,0.0,100.0,0.0
Apr-2026,RNN,NORTH CUMBRIA INTEGRATED CARE NHS FOUNDATION TRUST,C_101,Urology Service,2210.0,1521.0,680.0,9.0,68.82,0.41
Apr-2026,RTD,THE NEWCASTLE UPON TYNE HOSPITALS NHS FOUNDATION TRUST,C_130,Ophthalmology Service,8956.0,7136.0,1737.0,83.0,79.68,0.93
Apr-2026,RTD,THE NEWCASTLE UPON TYNE HOSPITALS NHS FOUNDATION TRUST,C_110,Trauma and Orthopaedic Service,7475.0,4374.0,2888.0,213.0,58.52,2.85
Apr-2026,NPG23,SPAMEDICA DERBY,C_999,Total,540.0,512.0,28.0,0.0,94.81,0.0
Apr-2026,NT213,"NUFFIELD HEALTH, DERBY HOSPITAL",C_100,General Surgery Service,66.0,47.0,19.0,0.0,71.21,0.0
Apr-2026,RFS,CHESTERFIELD ROYAL HOSPITAL NHS FOUNDATION TRUST,C_410,Rheumatology Service,383.0,273.0,92.0,18.0,71.28,4.7
Apr-2026,RTG,UNIVERSITY HOSPITALS OF DERBY AND BURTON NHS FOUNDATION TRUST,C_110,Trauma and Orthopaedic Service,17362.0,8221.0,8334.0,807.0,47.35,4.65
Apr-2026,RTG,UNIVERSITY HOSPITALS OF DERBY AND BURTON NHS FOUNDATION TRUST,C_320,Cardiology Service,2799.0,2190.0,588.0,21.0,78.24,0.75
Apr-2026,RTG,UNIVERSITY HOSPITALS OF DERBY AND BURTON NHS FOUNDATION TRUST,C_150,Neurosurgical Service,183.0,103.0,80.0,0.0,56.28,0.0
Apr-2026,RTG,UNIVERSITY HOSPITALS OF DERBY AND BURTON NHS FOUNDATION TRUST,C_430,Elderly Medicine Service,261.0,231.0,30.0,0.0,88.51,0.0
Apr-2026,D3O0Z,PLYMOUTH NEWMEDICA LTD,C_130,Ophthalmology Service,650.0,606.0,43.0,1.0,93.23,0.15
Apr-2026,RTE,GLOUCESTERSHIRE HOSPITALS NHS FOUNDATION TRUST,C_130,Ophthalmology Service,3473.0,2955.0,518.0,0.0,85.08,0.0
Apr-2026,RTE,GLOUCESTERSHIRE HOSPITALS NHS FOUNDATION TRUST,C_110,Trauma and Orthopaedic Service,9596.0,5456.0,4130.0,10.0,56.86,0.1
Apr-2026,NRF,UNIVERSITY OF SOUTHAMPTON AUDITORY IMPLANT SERVICE,C_999,Total,180.0,117.0,56.0,7.0,65.0,3.89
Apr-2026,NT345,SPIRE CLARE PARK HOSPITAL,C_101,Urology Service,15.0,11.0,4.0,0.0,73.33,0.0
Apr-2026,NT433,SARUM ROAD HOSPITAL,C_100,General Surgery Service,7.0,0.0,7.0,0.0,0.0,0.0
Apr-2026,NTP11,PRACTICE PLUS GROUP HOSPITAL - SOUTHAMPTON,C_999,Total,10899.0,6912.0,3975.0,12.0,63.42,0.11
Apr-2026,Q4W9A,ACES SOUTHAMPTON,C_130,Ophthalmology Service,43.0,38.0,5.0,0.0,88.37,0.0
Apr-2026,R1F,ISLE OF WIGHT NHS TRUST,X06,Other - Other Services,60.0,55.0,5.0,0.0,91.67,0.0
Apr-2026,RHM,UNIVERSITY HOSPITAL SOUTHAMPTON NHS FOUNDATION TRUST,C_101,Urology Service,2617.0,1574.0,878.0,165.0,60.15,6.3
Apr-2026,RHM,UNIVERSITY HOSPITAL SOUTHAMPTON NHS FOUNDATION TRUST,C_100,General Surgery Service,742.0,415.0,295.0,32.0,55.93,4.31
Apr-2026,REF,ROYAL CORNWALL HOSPITALS NHS TRUST,C_502,Gynaecology Service,3210.0,2117.0,1070.0,23.0,65.95,0.72
Apr-2026,REF,ROYAL CORNWALL HOSPITALS NHS TRUST,X02,Other - Medical Services,5173.0,4516.0,657.0,0.0,87.3,0.0
Apr-2026,NVC21,WEST MIDLANDS HOSPITAL,C_110,Trauma and Orthopaedic Service,393.0,260.0,126.0,7.0,66.16,1.78
Apr-2026,NVC21,WEST MIDLANDS HOSPITAL,C_502,Gynaecology Service,44.0,26.0,17.0,1.0,59.09,2.27
Apr-2026,RN5,HAMPSHIRE HOSPITALS NHS FOUNDATION TRUST,X06,Other - Other Services,27.0,22.0,5.0,0.0,81.48,0.0
Apr-2026,RW1,HAMPSHIRE AND ISLE OF WIGHT HEALTHCARE NHS FOUNDATION TRUST,C_430,Elderly Medicine Service,21.0,21.0,0.0,0.0,100.0,0.0
Apr-2026,NT238,"NUFFIELD HEALTH, TAUNTON HOSPITAL",C_999,Total,533.0,311.0,219.0,3.0,58.35,0.56
Apr-2026,NTPH1,PRACTICE PLUS GROUP HOSPITAL - SHEPTON MALLET,C_130,Ophthalmology Service,712.0,637.0,72.0,3.0,89.47,0.42
Apr-2026,NT30A,SPIRE NOTTINGHAM HOSPITAL,C_110,Trauma and Orthopaedic Service,424.0,329.0,95.0,0.0,77.59,0.0
Apr-2026,NT427,PARK HOSPITAL,C_301,Gastroenterology Service,93.0,81.0,12.0,0.0,87.1,0.0
Apr-2026,NT427,PARK HOSPITAL,C_999,Total,2104.0,1364.0,708.0,32.0,64.83,1.52
Apr-2026,RX1,NOTTINGHAM UNIVERSITY HOSPITALS NHS TRUST,X05,Other - Surgical Services,5361.0,3898.0,1387.0,76.0,72.71,1.42
Apr-2026,RL4,THE ROYAL WOLVERHAMPTON NHS TRUST,X04,Other - Paediatric Services,1456.0,732.0,723.0,1.0,50.27,0.07
Apr-2026,RNA,THE DUDLEY GROUP NHS FOUNDATION TRUST,X02,Other - Medical Services,3786.0,2556.0,1229.0,1.0,67.51,0.03
Apr-2026,RNA,THE DUDLEY GROUP NHS FOUNDATION TRUST,C_100,General Surgery Service,3225.0,1718.0,1507.0,0.0,53.27,0.0
Apr-2026,RNA,THE DUDLEY GROUP NHS FOUNDATION TRUST,C_120,Ear Nose and Throat Service,4667.0,2870.0,1797.0,0.0,61.5,0.0
Apr-2026,RNA,THE DUDLEY GROUP NHS FOUNDATION TRUST,X04,Other - Paediatric Services,1877.0,1256.0,621.0,0.0,66.92,0.0
Apr-2026,RXK,SANDWELL AND WEST BIRMINGHAM HOSPITALS NHS TRUST,C_130,Ophthalmology Service,7859.0,6028.0,1828.0,3.0,76.7,0.04
Apr-2026,RXK,SANDWELL AND WEST BIRMINGHAM HOSPITALS NHS TRUST,C_140,Oral Surgery Service,1390.0,956.0,434.0,0.0,68.78,0.0
Apr-2026,H4J9P,NEWMEDICA AZTEC WEST,C_130,Ophthalmology Service,894.0,581.0,311.0,2.0,64.99,0.22
Apr-2026,NT206,"NUFFIELD HEALTH, BRISTOL HOSPITAL (CHESTERFIELD)",X02,Other - Medical Services,10.0,10.0,0.0,0.0,100.0,0.0
Apr-2026,P1B7M,SPAMEDICA BRISTOL,C_999,Total,208.0,193.0,15.0,0.0,92.79,0.0
Apr-2026,RA7,UNIVERSITY HOSPITALS BRISTOL AND WESTON NHS FOUNDATION TRUST,C_140,Oral Surgery Service,2599.0,1898.0,701.0,0.0,73.03,0.0
Apr-2026,RVJ,NORTH BRISTOL NHS TRUST,C_150,Neurosurgical Service,1288.0,965.0,323.0,0.0,74.92,0.0
Apr-2026,RVJ,NORTH BRISTOL NHS TRUST,C_160,Plastic Surgery Service,2531.0,1579.0,939.0,13.0,62.39,0.51
Apr-2026,RVJ,NORTH BRISTOL NHS TRUST,C_340,Respiratory Medicine Service,673.0,662.0,11.0,0.0,98.37,0.0
Apr-2026,NT443,WINTERBOURNE HOSPITAL,X06,Other - Other Services,2.0,2.0,0.0,0.0,100.0,0.0
Apr-2026,R0D,UNIVERSITY HOSPITALS DORSET NHS FOUNDATION TRUST,X05,Other - Surgical Services,9268.0,5592.0,3525.0,151.0,60.34,1.63
Apr-2026,NT441,THREE SHIRES HOSPITAL,C_100,General Surgery Service,581.0,334.0,246.0,1.0,57.49,0.17
Apr-2026,NVC23,WOODLAND HOSPITAL,C_330,Dermatology Service,20.0,12.0,8.0,0.0,60.0,0.0
Apr-2026,NVC23,WOODLAND HOSPITAL,C_130,Ophthalmology Service,1.0,1.0,0.0,0.0,100.0,0.0
Apr-2026,RNS,NORTHAMPTON GENERAL HOSPITAL NHS TRUST,C_410,Rheumatology Service,513.0,379.0,134.0,0.0,73.88,0.0
Apr-2026,RRF,"WRIGHTINGTON, WIGAN AND LEIGH TEACHING HOSPITALS NHS FOUNDATION TRUST",X04,Other - Paediatric Services,2637.0,1674.0,915.0,48.0,63.48,1.82
Apr-2026,RRF,"WRIGHTINGTON, WIGAN AND LEIGH TEACHING HOSPITALS NHS FOUNDATION TRUST",X05,Other - Surgical Services,2.0,0.0,2.0,0.0,0.0,0.0
Apr-2026,RWJ,STOCKPORT NHS FOUNDATION TRUST,C_301,Gastroenterology Service,2886.0,1871.0,1009.0,6.0,64.83,0.21
Apr-2026,RWJ,STOCKPORT NHS FOUNDATION TRUST,X04,Other - Paediatric Services,139.0,121.0,18.0,0.0,87.05,0.0
Apr-2026,NPG18,SPAMEDICA HULL,C_999,Total,493.0,474.0,19.0,0.0,96.15,0.0
Apr-2026,NT447,DUCHY HOSPITAL,C_150,Neurosurgical Service,7.0,7.0,0.0,0.0,100.0,0.0
Apr-2026,RCB,YORK AND SCARBOROUGH TEACHING HOSPITALS NHS FOUNDATION TRUST,C_160,Plastic Surgery Service,251.0,156.0,95.0,0.0,62.15,0.0
Apr-2026,RCB,YORK AND SCARBOROUGH TEACHING HOSPITALS NHS FOUNDATION TRUST,X02,Other - Medical Services,6737.0,3796.0,2697.0,244.0,56.35,3.62
Apr-2026,RCB,YORK AND SCARBOROUGH TEACHING HOSPITALS NHS FOUNDATION TRUST,X06,Other - Other Services,133.0,93.0,40.0,0.0,69.92,0.0
Apr-2026,RJL,NORTHERN LINCOLNSHIRE AND GOOLE NHS FOUNDATION TRUST,C_502,Gynaecology Service,4665.0,2758.0,1778.0,129.0,59.12,2.77
Apr-2026,RJL,NORTHERN LINCOLNSHIRE AND GOOLE NHS FOUNDATION TRUST,X02,Other - Medical Services,4176.0,2365.0,1716.0,95.0,56.63,2.27
Apr-2026,RWA,HULL UNIVERSITY TEACHING HOSPITALS NHS TRUST,X06,Other - Other Services,3457.0,2198.0,1087.0,172.0,63.58,4.98
Apr-2026,RWA,HULL UNIVERSITY TEACHING HOSPITALS NHS TRUST,X05,Other - Surgical Services,1228.0,778.0,356.0,94.0,63.36,7.65
Apr-2026,RWA,HULL UNIVERSITY TEACHING HOSPITALS NHS TRUST,X04,Other - Paediatric Services,1518.0,1127.0,388.0,3.0,74.24,0.2
Apr-2026,G3Z1Q,SULIS HOSPITAL BATH (FOXCOTE AVENUE),C_130,Ophthalmology Service,410.0,373.0,37.0,0.0,90.98,0.0
Apr-2026,NT430,RIDGEWAY HOSPITAL,C_100,General Surgery Service,59.0,53.0,6.0,0.0,89.83,0.0
Apr-2026,NVC09,NEW HALL HOSPITAL,C_160,Plastic Surgery Service,1.0,1.0,0.0,0.0,100.0,0.0
Apr-2026,NVC09,NEW HALL HOSPITAL,C_130,Ophthalmology Service,233.0,192.0,41.0,0.0,82.4,0.0
Apr-2026,NXP,INDEPENDENT HEALTH GROUP,C_999,Total,1121.0,1071.0,50.0,0.0,95.54,0.0
Apr-2026,RD1,ROYAL UNITED HOSPITALS BATH NHS FOUNDATION TRUST,C_340,Respiratory Medicine Service,510.0,490.0,20.0,0.0,96.08,0.0
Apr-2026,RN3,GREAT WESTERN HOSPITALS NHS FOUNDATION TRUST,C_301,Gastroenterology Service,4313.0,2505.0,1755.0,53.0,58.08,1.23
Apr-2026,RN3,GREAT WESTERN HOSPITALS NHS FOUNDATION TRUST,X06,Other - Other Services,1148.0,835.0,308.0,5.0,72.74,0.44
Apr-2026,RN3,GREAT WESTERN HOSPITALS NHS FOUNDATION TRUST,C_140,Oral Surgery Service,3111.0,1376.0,1651.0,84.0,44.23,2.7
Apr-2026,RNZ,SALISBURY NHS FOUNDATION TRUST,X06,Other - Other Services,988.0,905.0,81.0,2.0,91.6,0.2
Apr-2026,F9Z4V,CIRCLE READING HOSPITAL,C_120,Ear Nose and Throat Service,26.0,13.0,13.0,0.0,50.0,0.0
Apr-2026,NT410,CHILTERN HOSPITAL,C_100,General Surgery Service,40.0,37.0,3.0,0.0,92.5,0.0
Apr-2026,NVC02,THE BERKSHIRE INDEPENDENT HOSPITAL,C_130,Ophthalmology Service,37.0,36.0,1.0,0.0,97.3,0.0
Apr-2026,RHW,ROYAL BERKSHIRE NHS FOUNDATION TRUST,C_140,Oral Surgery Service,426.0,354.0,72.0,0.0,83.1,0.0
Apr-2026,NT325,SPIRE MURRAYFIELD HOSPITAL,C_110,Trauma and Orthopaedic Service,395.0,294.0,101.0,0.0,74.43,0.0
Apr-2026,RBL,WIRRAL UNIVERSITY TEACHING HOSPITAL NHS FOUNDATION TRUST,C_300,General Internal Medicine Service,50.0,44.0,6.0,0.0,88.0,0.0
Apr-2026,RBN,MERSEY AND WEST LANCASHIRE TEACHING HOSPITALS NHS TRUST,C_120,Ear Nose and Throat Service,6461.0,4293.0,2078.0,90.0,66.44,1.39
Apr-2026,REM,LIVERPOOL UNIVERSITY HOSPITALS NHS FOUNDATION TRUST,C_999,Total,58725.0,35642.0,22425.0,658.0,60.69,1.12
Apr-2026,RET,THE WALTON CENTRE NHS FOUNDATION TRUST,C_999,Total,12184.0,8210.0,3898.0,76.0,67.38,0.62
Apr-2026,RJN,EAST CHESHIRE NHS TRUST,C_999,Total,16874.0,9932.0,6530.0,412.0,58.86,2.44
Apr-2026,RJN,EAST CHESHIRE NHS TRUST,C_430,Elderly Medicine Service,87.0,53.0,34.0,0.0,60.92,0.0
Apr-2026,RJR,COUNTESS OF CHESTER HOSPITAL NHS FOUNDATION TRUST,C_330,Dermatology Service,2233.0,1533.0,690.0,10.0,68.65,0.45
Apr-2026,RWW,NORTH CHESHIRE AND MERSEY NHS FOUNDATION TRUST,C_100,General Surgery Service,694.0,542.0,149.0,3.0,78.1,0.43
Apr-2026,RWW,NORTH CHESHIRE AND MERSEY NHS FOUNDATION TRUST,X02,Other - Medical Services,3443.0,1915.0,1525.0,3.0,55.62,0.09
Apr-2026,V4U1Y,SPAMEDICA CHESTER,C_130,Ophthalmology Service,247.0,229.0,18.0,0.0,92.71,0.0
Apr-2026,RTH,OXFORD UNIVERSITY HOSPITALS NHS FOUNDATION TRUST,C_320,Cardiology Service,4024.0,2804.0,1219.0,1.0,69.68,0.02
Apr-2026,RXQ,BUCKINGHAMSHIRE HEALTHCARE NHS TRUST,C_110,Trauma and Orthopaedic Service,4807.0,2423.0,2348.0,36.0,50.41,0.75
Apr-2026,RXQ,BUCKINGHAMSHIRE HEALTHCARE NHS TRUST,C_400,Neurology Service,2827.0,1383.0,1444.0,0.0,48.92,0.0
Apr-2026,RXQ,BUCKINGHAMSHIRE HEALTHCARE NHS TRUST,C_999,Total,46352.0,28686.0,17597.0,69.0,61.89,0.15
Apr-2026,RXQ,BUCKINGHAMSHIRE HEALTHCARE NHS TRUST,C_410,Rheumatology Service,414.0,349.0,65.0,0.0,84.3,0.0
Apr-2026,RXQ,BUCKINGHAMSHIRE HEALTHCARE NHS TRUST,C_430,Elderly Medicine Service,249.0,244.0,5.0,0.0,97.99,0.0
Apr-2026,T8R5I,SPAMEDICA WOKINGHAM,C_130,Ophthalmology Service,225.0,198.0,26.0,1.0,88.0,0.44
Apr-2026,AVQ03,ONE HATFIELD HOSPITAL,C_320,Cardiology Service,1.0,0.0,0.0,1.0,0.0,100.0
Apr-2026,NT434,SAXON CLINIC,C_301,Gastroenterology Service,58.0,38.0,20.0,0.0,65.52,0.0
Apr-2026,NVC06,FITZWILLIAM HOSPITAL,C_300,General Internal Medicine Service,20.0,7.0,12.0,1.0,35.0,5.0
Apr-2026,NVC06,FITZWILLIAM HOSPITAL,C_999,Total,6612.0,3183.0,3326.0,103.0,48.14,1.56
Apr-2026,NVC19,RIVERS HOSPITAL,C_100,General Surgery Service,710.0,496.0,210.0,4.0,69.86,0.56
Apr-2026,RCX,"THE QUEEN ELIZABETH HOSPITAL, KING'S LYNN, NHS FOUNDATION TRUST",C_300,General Internal Medicine Service,82.0,69.0,13.0,0.0,84.15,0.0
Apr-2026,RCX,"THE QUEEN ELIZABETH HOSPITAL, KING'S LYNN, NHS FOUNDATION TRUST",X05,Other - Surgical Services,2329.0,1297.0,1007.0,25.0,55.69,1.07
Apr-2026,RGP,JAMES PAGET UNIVERSITY HOSPITALS NHS FOUNDATION TRUST,C_340,Respiratory Medicine Service,935.0,741.0,193.0,1.0,79.25,0.11
Apr-2026,RGP,JAMES PAGET UNIVERSITY HOSPITALS NHS FOUNDATION TRUST,C_999,Total,32908.0,18348.0,13232.0,1328.0,55.76,4.04
Apr-2026,RGP,JAMES PAGET UNIVERSITY HOSPITALS NHS FOUNDATION TRUST,X02,Other - Medical Services,686.0,581.0,99.0,6.0,84.69,0.87
Apr-2026,RGP,JAMES PAGET UNIVERSITY HOSPITALS NHS FOUNDATION TRUST,C_330,Dermatology Service,1664.0,1168.0,493.0,3.0,70.19,0.18
Apr-2026,A1D1B,SPAMEDICA WEMBLEY,C_130,Ophthalmology Service,420.0,375.0,45.0,0.0,89.29,0.0
Apr-2026,AY1,MEDEFER,C_410,Rheumatology Service,106.0,96.0,10.0,0.0,90.57,0.0
Apr-2026,NT405,BISHOPS WOOD HOSPITAL,C_502,Gynaecology Service,61.0,52.0,9.0,0.0,85.25,0.0
Apr-2026,NT411,CLEMENTINE CHURCHILL HOSPITAL,C_120,Ear Nose and Throat Service,566.0,541.0,25.0,0.0,95.58,0.0
Apr-2026,NT421,KINGS OAK HOSPITAL,C_110,Trauma and Orthopaedic Service,627.0,469.0,158.0,0.0,74.8,0.0
Apr-2026,R1K,LONDON NORTH WEST UNIVERSITY HEALTHCARE NHS TRUST,C_110,Trauma and Orthopaedic Service,6605.0,3553.0,2941.0,111.0,53.79,1.68
Apr-2026,RAL,ROYAL FREE LONDON NHS FOUNDATION TRUST,C_110,Trauma and Orthopaedic Service,10641.0,5169.0,5013.0,459.0,48.58,4.31
Apr-2026,RAS,THE HILLINGDON HOSPITALS NHS FOUNDATION TRUST,C_130,Ophthalmology Service,2801.0,2105.0,696.0,0.0,75.15,0.0
Apr-2026,RQM,CHELSEA AND WESTMINSTER HOSPITAL NHS FOUNDATION TRUST,C_340,Respiratory Medicine Service,1496.0,1266.0,230.0,0.0,84.63,0.0
Apr-2026,RQM,CHELSEA AND WESTMINSTER HOSPITAL NHS FOUNDATION TRUST,X04,Other - Paediatric Services,9714.0,6565.0,3060.0,89.0,67.58,0.92
Apr-2026,NT3X3,SPIRE ST ANTHONY'S HOSPITAL,C_150,Neurosurgical Service,35.0,29.0,6.0,0.0,82.86,0.0
Apr-2026,NT436,SHIRLEY OAKS HOSPITAL,C_410,Rheumatology Service,1.0,0.0,1.0,0.0,0.0,0.0
Apr-2026,ACG40,NEWMEDICA - WAKEFIELD,C_999,Total,557.0,471.0,86.0,0.0,84.56,0.0
Apr-2026,NQH,NOVUS HEALTH LTD,C_999,Total,883.0,860.0,23.0,0.0,97.4,0.0
Apr-2026,NVC20,THE YORKSHIRE CLINIC,C_160,Plastic Surgery Service,79.0,56.0,22.0,1.0,70.89,1.27
Apr-2026,RJ6,CROYDON HEALTH SERVICES NHS TRUST,C_999,Total,34194.0,24059.0,9716.0,419.0,70.36,1.23
Apr-2026,RJ6,CROYDON HEALTH SERVICES NHS TRUST,C_110,Trauma and Orthopaedic Service,3538.0,2683.0,845.0,10.0,75.83,0.28
Apr-2026,RJ6,CROYDON HEALTH SERVICES NHS TRUST,C_301,Gastroenterology Service,2785.0,2160.0,603.0,22.0,77.56,0.79
Apr-2026,RCF,AIREDALE NHS FOUNDATION TRUST,C_140,Oral Surgery Service,444.0,324.0,120.0,0.0,72.97,0.0
Apr-2026,RR8,LEEDS TEACHING HOSPITALS NHS TRUST,C_300,General Internal Medicine Service,63.0,58.0,3.0,2.0,92.06,3.17
Apr-2026,RWY,CALDERDALE AND HUDDERSFIELD NHS FOUNDATION TRUST,C_120,Ear Nose and Throat Service,5294.0,3211.0,2083.0,0.0,60.65,0.0
Apr-2026,RWY,CALDERDALE AND HUDDERSFIELD NHS FOUNDATION TRUST,C_101,Urology Service,1933.0,1535.0,398.0,0.0,79.41,0.0
Apr-2026,RWY,CALDERDALE AND HUDDERSFIELD NHS FOUNDATION TRUST,C_320,Cardiology Service,1778.0,1448.0,330.0,0.0,81.44,0.0
Apr-2026,RXF,MID YORKSHIRE TEACHING NHS TRUST,C_110,Trauma and Orthopaedic Service,4818.0,2541.0,2209.0,68.0,52.74,1.41
Apr-2026,RXG,SOUTH WEST YORKSHIRE PARTNERSHIP NHS FOUNDATION TRUST,X06,Other - Other Services,4385.0,4273.0,112.0,0.0,97.45,0.0
Apr-2026,NT224,"NUFFIELD HEALTH, WARWICKSHIRE HOSPITAL",X06,Other - Other Services,1.0,1.0,0.0,0.0,100.0,0.0
Apr-2026,RJC,SOUTH WARWICKSHIRE UNIVERSITY NHS FOUNDATION TRUST,C_160,Plastic Surgery Service,452.0,215.0,220.0,17.0,47.57,3.76
Apr-2026,RKB,UNIVERSITY HOSPITALS COVENTRY AND WARWICKSHIRE NHS TRUST,C_999,Total,73164.0,42737.0,28703.0,1724.0,58.41,2.36
Apr-2026,RKB,UNIVERSITY HOSPITALS COVENTRY AND WARWICKSHIRE NHS TRUST,C_301,Gastroenterology Service,1919.0,1472.0,443.0,4.0,76.71,0.21
Apr-2026,RKB,UNIVERSITY HOSPITALS COVENTRY AND WARWICKSHIRE NHS TRUST,C_502,Gynaecology Service,6808.0,3528.0,3068.0,212.0,51.82,3.11
Apr-2026,RKB,UNIVERSITY HOSPITALS COVENTRY AND WARWICKSHIRE NHS TRUST,C_160,Plastic Surgery Service,531.0,316.0,214.0,1.0,59.51,0.19
Apr-2026,RKB,UNIVERSITY HOSPITALS COVENTRY AND WARWICKSHIRE NHS TRUST,C_170,Cardiothoracic Surgery Service,307.0,260.0,46.0,1.0,84.69,0.33
Apr-2026,RLT,GEORGE ELIOT HOSPITAL NHS TRUST,C_101,Urology Service,1825.0,1186.0,632.0,7.0,64.99,0.38
Apr-2026,RLT,GEORGE ELIOT HOSPITAL NHS TRUST,C_340,Respiratory Medicine Service,627.0,480.0,147.0,0.0,76.56,0.0
Apr-2026,D5P5H,SPAMEDICA BEXHILL,C_130,Ophthalmology Service,231.0,215.0,16.0,0.0,93.07,0.0
Apr-2026,NT241,"NUFFIELD HEALTH, WOKING HOSPITAL",C_502,Gynaecology Service,94.0,90.0,4.0,0.0,95.74,0.0
Apr-2026,NT417,GORING HALL HOSPITAL,C_100,General Surgery Service,26.0,17.0,9.0,0.0,65.38,0.0
Apr-2026,NT417,GORING HALL HOSPITAL,C_301,Gastroenterology Service,9.0,6.0,3.0,0.0,66.67,0.0
Apr-2026,NT455,MOUNT ALVERNIA HOSPITAL,X06,Other - Other Services,23.0,20.0,3.0,0.0,86.96,0.0
Apr-2026,NVM,EPSOMEDICAL GROUP,C_999,Total,3210.0,2580.0,591.0,39.0,80.37,1.21
Apr-2026,NVC31,BLAKELANDS HOSPITAL,C_999,Total,2257.0,1584.0,667.0,6.0,70.18,0.27
Apr-2026,NVC31,BLAKELANDS HOSPITAL,C_101,Urology Service,99.0,83.0,15.0,1.0,83.84,1.01
Apr-2026,O6X7Z,SPAMEDICA CAMBRIDGE,C_130,Ophthalmology Service,484.0,435.0,49.0,0.0,89.88,0.0
Apr-2026,RC9,BEDFORDSHIRE HOSPITALS NHS FOUNDATION TRUST,C_101,Urology Service,4396.0,2907.0,1488.0,1.0,66.13,0.02
Apr-2026,RC9,BEDFORDSHIRE HOSPITALS NHS FOUNDATION TRUST,C_300,General Internal Medicine Service,844.0,803.0,41.0,0.0,95.14,0.0
Apr-2026,RD8,MILTON KEYNES UNIVERSITY HOSPITAL NHS FOUNDATION TRUST,C_110,Trauma and Orthopaedic Service,3077.0,1525.0,1403.0,149.0,49.56,4.84
Apr-2026,RGN,NORTH WEST ANGLIA NHS FOUNDATION TRUST,C_110,Trauma and Orthopaedic Service,7035.0,3842.0,3141.0,52.0,54.61,0.74
Apr-2026,RGN,NORTH WEST ANGLIA NHS FOUNDATION TRUST,C_340,Respiratory Medicine Service,1382.0,1070.0,310.0,2.0,77.42,0.14
Apr-2026,RGN,NORTH WEST ANGLIA NHS FOUNDATION TRUST,X03,Other - Mental Health Services,1.0,1.0,0.0,0.0,100.0,0.0
Apr-2026,RGT,CAMBRIDGE UNIVERSITY HOSPITALS NHS FOUNDATION TRUST,C_110,Trauma and Orthopaedic Service,4486.0,2397.0,2075.0,14.0,53.43,0.31
Apr-2026,RGT,CAMBRIDGE UNIVERSITY HOSPITALS NHS FOUNDATION TRUST,C_150,Neurosurgical Service,1952.0,1325.0,590.0,37.0,67.88,1.9
Apr-2026,RGT,CAMBRIDGE UNIVERSITY HOSPITALS NHS FOUNDATION TRUST,C_400,Neurology Service,1487.0,1043.0,441.0,3.0,70.14,0.2
Apr-2026,RWG,WEST HERTFORDSHIRE TEACHING HOSPITALS NHS TRUST,C_101,Urology Service,2994.0,2145.0,847.0,2.0,71.64,0.07
Apr-2026,RWG,WEST HERTFORDSHIRE TEACHING HOSPITALS NHS TRUST,C_301,Gastroenterology Service,3576.0,3123.0,453.0,0.0,87.33,0.0
Apr-2026,RWG,WEST HERTFORDSHIRE TEACHING HOSPITALS NHS TRUST,X02,Other - Medical Services,3696.0,2792.0,878.0,26.0,75.54,0.7
Apr-2026,RWG,WEST HERTFORDSHIRE TEACHING HOSPITALS NHS TRUST,X05,Other - Surgical Services,1196.0,1009.0,184.0,3.0,84.36,0.25
Apr-2026,RTK,ASHFORD AND ST PETER'S HOSPITALS NHS FOUNDATION TRUST,C_101,Urology Service,1985.0,1160.0,803.0,22.0,58.44,1.11
Apr-2026,RTP,SURREY AND SUSSEX HEALTHCARE NHS TRUST,C_999,Total,47331.0,31366.0,15274.0,691.0,66.27,1.46
Apr-2026,RTP,SURREY AND SUSSEX HEALTHCARE NHS TRUST,C_410,Rheumatology Service,778.0,597.0,181.0,0.0,76.74,0.0
Apr-2026,RXC,EAST SUSSEX HEALTHCARE NHS TRUST,C_301,Gastroenterology Service,2572.0,1973.0,598.0,1.0,76.71,0.04
Apr-2026,RXC,EAST SUSSEX HEALTHCARE NHS TRUST,C_320,Cardiology Service,4112.0,2605.0,1489.0,18.0,63.35,0.44
Apr-2026,H4I8B,NUFFIELD HEALTH THE HOLLY HOSPITAL,C_502,Gynaecology Service,225.0,172.0,53.0,0.0,76.44,0.0
Apr-2026,NT319,SPIRE HARTSWOOD HOSPITAL,X05,Other - Surgical Services,1.0,1.0,0.0,0.0,100.0,0.0
Apr-2026,NVC13,OAKS HOSPITAL,C_110,Trauma and Orthopaedic Service,390.0,245.0,144.0,1.0,62.82,0.26
Apr-2026,RDE,EAST SUFFOLK AND NORTH ESSEX NHS FOUNDATION TRUST,C_340,Respiratory Medicine Service,1348.0,976.0,372.0,0.0,72.4,0.0
Apr-2026,RQW,THE PRINCESS ALEXANDRA HOSPITAL NHS TRUST,C_330,Dermatology Service,1330.0,1217.0,113.0,0.0,91.5,0.0
Apr-2026,RQW,THE PRINCESS ALEXANDRA HOSPITAL NHS TRUST,C_410,Rheumatology Service,1381.0,893.0,475.0,13.0,64.66,0.94
Apr-2026,A4M8P,BUCKSHAW HOSPITAL,C_120,Ear Nose and Throat Service,724.0,614.0,110.0,0.0,84.81,0.0
Apr-2026,AAV,COMMUNITY HEALTH AND EYECARE LIMITED,C_999,Total,5261.0,4734.0,527.0,0.0,89.98,0.0
Apr-2026,NT347,SPIRE FYLDE COAST HOSPITAL,X05,Other - Surgical Services,437.0,437.0,0.0,0.0,100.0,0.0
Apr-2026,NT403,BEARDWOOD HOSPITAL,X06,Other - Other Services,7.0,5.0,2.0,0.0,71.43,0.0
Apr-2026,NVC07,FULWOOD HALL HOSPITAL,C_100,General Surgery Service,574.0,455.0,119.0,0.0,79.27,0.0
Apr-2026,NVC07,FULWOOD HALL HOSPITAL,C_110,Trauma and Orthopaedic Service,2396.0,1662.0,726.0,8.0,69.37,0.33
Apr-2026,NVC07,FULWOOD HALL HOSPITAL,C_502,Gynaecology Service,593.0,310.0,279.0,4.0,52.28,0.67
Apr-2026,NVC16,RENACRES HOSPITAL,C_301,Gastroenterology Service,268.0,162.0,104.0,2.0,60.45,0.75
Apr-2026,RTX,UNIVERSITY HOSPITALS OF MORECAMBE BAY NHS FOUNDATION TRUST,C_100,General Surgery Service,2195.0,1111.0,1034.0,50.0,50.62,2.28
Apr-2026,RTX,UNIVERSITY HOSPITALS OF MORECAMBE BAY NHS FOUNDATION TRUST,C_330,Dermatology Service,1104.0,1073.0,31.0,0.0,97.19,0.0
Apr-2026,RTX,UNIVERSITY HOSPITALS OF MORECAMBE BAY NHS FOUNDATION TRUST,X04,Other - Paediatric Services,2115.0,1550.0,521.0,44.0,73.29,2.08
Apr-2026,RW5,LANCASHIRE & SOUTH CUMBRIA NHS FOUNDATION TRUST,C_999,Total,3816.0,3605.0,211.0,0.0,94.47,0.0
Apr-2026,RXL,BLACKPOOL TEACHING HOSPITALS NHS FOUNDATION TRUST,C_140,Oral Surgery Service,1949.0,924.0,1013.0,12.0,47.41,0.62
Apr-2026,RXL,BLACKPOOL TEACHING HOSPITALS NHS FOUNDATION TRUST,X02,Other - Medical Services,3000.0,2211.0,788.0,1.0,73.7,0.03
Apr-2026,RXN,LANCASHIRE TEACHING HOSPITALS NHS FOUNDATION TRUST,C_150,Neurosurgical Service,3654.0,2176.0,1476.0,2.0,59.55,0.05
Apr-2026,RXN,LANCASHIRE TEACHING HOSPITALS NHS FOUNDATION TRUST,X06,Other - Other Services,543.0,496.0,45.0,2.0,91.34,0.37
Apr-2026,B3M1X,CLAREMONT PRIVATE HOSPITAL,C_101,Urology Service,138.0,80.0,58.0,0.0,57.97,0.0
Apr-2026,NVC14,PARK HILL HOSPITAL,C_100,General Surgery Service,1.0,1.0,0.0,0.0,100.0,0.0
Apr-2026,RFF,BARNSLEY HOSPITAL NHS FOUNDATION TRUST,C_101,Urology Service,1180.0,787.0,379.0,14.0,66.69,1.19
Apr-2026,RFF,BARNSLEY HOSPITAL NHS FOUNDATION TRUST,C_330,Dermatology Service,1596.0,1280.0,316.0,0.0,80.2,0.0
Apr-2026,RFF,BARNSLEY HOSPITAL NHS FOUNDATION TRUST,C_502,Gynaecology Service,2161.0,1481.0,663.0,17.0,68.53,0.79
Apr-2026,RFR,THE ROTHERHAM NHS FOUNDATION TRUST,C_100,General Surgery Service,1781.0,1021.0,733.0,27.0,57.33,1.52
Apr-2026,RP5,DONCASTER AND BASSETLAW TEACHING HOSPITALS NHS FOUNDATION TRUST,C_340,Respiratory Medicine Service,2320.0,1282.0,1038.0,0.0,55.26,0.0
Apr-2026,ACG31,NEWMEDICA - WORCESTER,C_130,Ophthalmology Service,868.0,763.0,105.0,0.0,87.9,0.0
Apr-2026,J3X4C,SPAMEDICA WORCESTER,C_130,Ophthalmology Service,433.0,375.0,58.0,0.0,86.61,0.0
Apr-2026,NT219,"NUFFIELD HEALTH, HEREFORD HOSPITAL",C_100,General Surgery Service,91.0,63.0,28.0,0.0,69.23,0.0
Apr-2026,NT219,"NUFFIELD HEALTH, HEREFORD HOSPITAL",C_110,Trauma and Orthopaedic Service,365.0,256.0,109.0,0.0,70.14,0.0
Apr-2026,NT412,DROITWICH SPA HOSPITAL,C_101,Urology Service,1.0,0.0,1.0,0.0,0.0,0.0
Apr-2026,RRV,UNIVERSITY COLLEGE LONDON HOSPITALS NHS FOUNDATION TRUST,C_150,Neurosurgical Service,3577.0,2176.0,1306.0,95.0,60.83,2.66
Apr-2026,RRV,UNIVERSITY COLLEGE LONDON HOSPITALS NHS FOUNDATION TRUST,C_502,Gynaecology Service,5878.0,2890.0,2574.0,414.0,49.17,7.04
Apr-2026,RYJ,IMPERIAL COLLEGE HEALTHCARE NHS TRUST,C_150,Neurosurgical Service,3029.0,1865.0,1155.0,9.0,61.57,0.3
Apr-2026,RYJ,IMPERIAL COLLEGE HEALTHCARE NHS TRUST,C_170,Cardiothoracic Surgery Service,522.0,411.0,111.0,0.0,78.74,0.0
Apr-2026,R1H,BARTS HEALTH NHS TRUST,C_130,Ophthalmology Service,5701.0,3874.0,1822.0,5.0,67.95,0.09
Apr-2026,R1H,BARTS HEALTH NHS TRUST,C_150,Neurosurgical Service,1549.0,839.0,689.0,21.0,54.16,1.36
Apr-2026,R1H,BARTS HEALTH NHS TRUST,C_300,General Internal Medicine Service,74.0,48.0,26.0,0.0,64.86,0.0
Apr-2026,R1H,BARTS HEALTH NHS TRUST,C_301,Gastroenterology Service,7689.0,5023.0,2654.0,12.0,65.33,0.16
Apr-2026,R1H,BARTS HEALTH NHS TRUST,X02,Other - Medical Services,19099.0,12954.0,6129.0,16.0,67.83,0.08
Apr-2026,RF4,"BARKING, HAVERING AND REDBRIDGE UNIVERSITY HOSPITALS NHS TRUST",C_999,Total,72238.0,49127.0,22194.0,917.0,68.01,1.27
Apr-2026,NVC0I,BEACON PARK HOSPITAL,C_502,Gynaecology Service,171.0,112.0,59.0,0.0,65.5,0.0
Apr-2026,RJE,UNIVERSITY HOSPITALS OF NORTH MIDLANDS NHS TRUST,C_110,Trauma and Orthopaedic Service,5381.0,2970.0,2249.0,162.0,55.19,3.01
Apr-2026,RRE,MIDLANDS PARTNERSHIP UNIVERSITY NHS FOUNDATION TRUST,X06,Other - Other Services,4985.0,4972.0,13.0,0.0,99.74,0.0
Apr-2026,RXW,THE SHREWSBURY AND TELFORD HOSPITAL NHS TRUST,C_120,Ear Nose and Throat Service,4171.0,2786.0,1385.0,0.0,66.79,0.0
Apr-2026,NT404,BEAUMONT HOSPITAL,C_110,Trauma and Orthopaedic Service,1218.0,685.0,533.0,0.0,56.24,0.0
Apr-2026,NT420,HIGHFIELD HOSPITAL,C_100,General Surgery Service,124.0,94.0,30.0,0.0,75.81,0.0
Apr-2026,O1P6X,SPAMEDICA OLDHAM,C_130,Ophthalmology Service,746.0,684.0,62.0,0.0,91.69,0.0
Apr-2026,O1P6X,SPAMEDICA OLDHAM,C_999,Total,746.0,684.0,62.0,0.0,91.69,0.0
Apr-2026,R0A,MANCHESTER UNIVERSITY NHS FOUNDATION TRUST,C_101,Urology Service,6535.0,3662.0,2736.0,137.0,56.04,2.1
Apr-2026,RM3,NORTHERN CARE ALLIANCE NHS FOUNDATION TRUST,C_100,General Surgery Service,5587.0,2820.0,2382.0,385.0,50.47,6.89
Apr-2026,RM3,NORTHERN CARE ALLIANCE NHS FOUNDATION TRUST,C_120,Ear Nose and Throat Service,8875.0,5118.0,3397.0,360.0,57.67,4.06
Apr-2026,M5E1S,SPAMEDICA EXETER,C_130,Ophthalmology Service,347.0,304.0,43.0,0.0,87.61,0.0
Apr-2026,NT215,"NUFFIELD HEALTH, EXETER HOSPITAL",C_110,Trauma and Orthopaedic Service,203.0,113.0,81.0,9.0,55.67,4.43
Apr-2026,NT233,"NUFFIELD HEALTH, PLYMOUTH HOSPITAL",C_100,General Surgery Service,127.0,94.0,33.0,0.0,74.02,0.0
Apr-2026,NTPH5,PRACTICE PLUS GROUP HOSPITAL - PLYMOUTH,C_301,Gastroenterology Service,151.0,146.0,5.0,0.0,96.69,0.0
Apr-2026,NVC08,MOUNT STUART HOSPITAL,C_301,Gastroenterology Service,22.0,15.0,6.0,1.0,68.18,4.55
Apr-2026,NVC0Y,EXETER MEDICAL,C_110,Trauma and Orthopaedic Service,49.0,42.0,6.0,1.0,85.71,2.04
Apr-2026,RH8,ROYAL DEVON UNIVERSITY HEALTHCARE NHS FOUNDATION TRUST,X02,Other - Medical Services,6889.0,5043.0,1794.0,52.0,73.2,0.75
Apr-2026,RH8,ROYAL DEVON UNIVERSITY HEALTHCARE NHS FOUNDATION TRUST,C_999,Total,73702.0,45926.0,26475.0,1301.0,62.31,1.77
Apr-2026,RH8,ROYAL DEVON UNIVERSITY HEALTHCARE NHS FOUNDATION TRUST,C_340,Respiratory Medicine Service,2040.0,1329.0,696.0,15.0,65.15,0.74
Apr-2026,NYR,CORA HEALTH DIAGNOSTICS (FORMERLY HEALTHSHARE DIAGNOSTICS),C_110,Trauma and Orthopaedic Service,353.0,233.0,119.0,1.0,66.01,0.28
Apr-2026,RN7,DARTFORD AND GRAVESHAM NHS TRUST,C_502,Gynaecology Service,4525.0,2583.0,1895.0,47.0,57.08,1.04
Apr-2026,RN7,DARTFORD AND GRAVESHAM NHS TRUST,C_100,General Surgery Service,6550.0,3462.0,2919.0,169.0,52.85,2.58
Apr-2026,RN7,DARTFORD AND GRAVESHAM NHS TRUST,C_400,Neurology Service,1294.0,933.0,361.0,0.0,72.1,0.0
Apr-2026,NT450,LINCOLN PRIVATE HOSPITAL,C_101,Urology Service,94.0,56.0,38.0,0.0,59.57,0.0
Apr-2026,NVC27,BOSTON WEST HOSPITAL,C_100,General Surgery Service,173.0,128.0,45.0,0.0,73.99,0.0
Apr-2026,RWD,UNITED LINCOLNSHIRE TEACHING HOSPITALS NHS TRUST,C_130,Ophthalmology Service,5914.0,4280.0,1633.0,1.0,72.37,0.02
Apr-2026,RWD,UNITED LINCOLNSHIRE TEACHING HOSPITALS NHS TRUST,C_300,General Internal Medicine Service,922.0,819.0,101.0,2.0,88.83,0.22
Apr-2026,T1I9W,ACES LINCOLN,C_130,Ophthalmology Service,10.0,8.0,1.0,1.0,80.0,10.0
Apr-2026,NT226,"NUFFIELD HEALTH, LEICESTER HOSPITAL",C_100,General Surgery Service,2.0,2.0,0.0,0.0,100.0,0.0
Apr-2026,RWE,UNIVERSITY HOSPITALS OF LEICESTER NHS TRUST,C_400,Neurology Service,4163.0,1572.0,2580.0,11.0,37.76,0.26
Apr-2026,Q2Y5H,OVIVA UK LTD,X02,Other - Medical Services,7478.0,4743.0,2540.0,195.0,63.43,2.61
Apr-2026,RJ1,GUY'S AND ST THOMAS' NHS FOUNDATION TRUST,C_330,Dermatology Service,7415.0,5721.0,1690.0,4.0,77.15,0.05
Apr-2026,RJ1,GUY'S AND ST THOMAS' NHS FOUNDATION TRUST,C_400,Neurology Service,1050.0,872.0,177.0,1.0,83.05,0.1
Apr-2026,RJ1,GUY'S AND ST THOMAS' NHS FOUNDATION TRUST,C_410,Rheumatology Service,473.0,457.0,16.0,0.0,96.62,0.0
Apr-2026,RJ2,LEWISHAM AND GREENWICH NHS TRUST,X04,Other - Paediatric Services,2020.0,1775.0,243.0,2.0,87.87,0.1
Apr-2026,RJZ,KING'S COLLEGE HOSPITAL NHS FOUNDATION TRUST,X04,Other - Paediatric Services,3915.0,2970.0,921.0,24.0,75.86,0.61
Apr-2026,RJZ,KING'S COLLEGE HOSPITAL NHS FOUNDATION TRUST,C_300,General Internal Medicine Service,550.0,507.0,43.0,0.0,92.18,0.0
Apr-2026,RJZ,KING'S COLLEGE HOSPITAL NHS FOUNDATION TRUST,X03,Other - Mental Health Services,15.0,14.0,1.0,0.0,93.33,0.0
Apr-2026,RPA,MEDWAY NHS FOUNDATION TRUST,C_999,Total,34086.0,20996.0,12722.0,368.0,61.6,1.08
Apr-2026,RVV,EAST KENT HOSPITALS UNIVERSITY NHS FOUNDATION TRUST,X05,Other - Surgical Services,5550.0,2935.0,2553.0,62.0,52.88,1.12
Apr-2026,RWF,MAIDSTONE AND TUNBRIDGE WELLS NHS TRUST,C_120,Ear Nose and Throat Service,5512.0,3568.0,1944.0,0.0,64.73,0.0
Apr-2026,NT422,LONDON INDEPENDENT HOSPITAL,C_410,Rheumatology Service,1.0,1.0,0.0,0.0,100.0,0.0
Apr-2026,NMG,CORA HEALTH MSK (FORMERLY CONNECT HEALTH LTD),C_410,Rheumatology Service,696.0,620.0,76.0,0.0,89.08,0.0
Apr-2026,NT237,"NUFFIELD HEALTH, TEES HOSPITAL",C_110,Trauma and Orthopaedic Service,990.0,681.0,309.0,0.0,68.79,0.0
Apr-2026,NT457,WOODLANDS HOSPITAL,X06,Other - Other Services,155.0,119.0,36.0,0.0,76.77,0.0
Apr-2026,NVC0R,TEES VALLEY HOSPITAL,C_100,General Surgery Service,652.0,513.0,139.0,0.0,78.68,0.0
Apr-2026,NVC29,COBALT HOSPITAL,C_160,Plastic Surgery Service,853.0,499.0,354.0,0.0,58.5,0.0
Apr-2026,R0B,SOUTH TYNESIDE AND SUNDERLAND NHS FOUNDATION TRUST,C_430,Elderly Medicine Service,1313.0,1045.0,268.0,0.0,79.59,0.0
Apr-2026,RLQ,WYE VALLEY NHS TRUST,C_330,Dermatology Service,893.0,646.0,247.0,0.0,72.34,0.0
Apr-2026,RWP,WORCESTERSHIRE ACUTE HOSPITALS NHS TRUST,X06,Other - Other Services,1942.0,1604.0,338.0,0.0,82.6,0.0
Apr-2026,NT429,PRIORY HOSPITAL,C_999,Total,625.0,455.0,170.0,0.0,72.8,0.0
Apr-2026,NVC44,THE WESTBOURNE CENTRE,C_110,Trauma and Orthopaedic Service,275.0,181.0,94.0,0.0,65.82,0.0
Apr-2026,RQ3,BIRMINGHAM WOMEN'S AND CHILDREN'S NHS FOUNDATION TRUST,X06,Other - Other Services,340.0,281.0,59.0,0.0,82.65,0.0
Apr-2026,RRK,UNIVERSITY HOSPITALS BIRMINGHAM NHS FOUNDATION TRUST,C_330,Dermatology Service,5070.0,3815.0,1255.0,0.0,75.25,0.0
Apr-2026,RRK,UNIVERSITY HOSPITALS BIRMINGHAM NHS FOUNDATION TRUST,X04,Other - Paediatric Services,2110.0,1463.0,640.0,7.0,69.34,0.33
Apr-2026,RNN,NORTH CUMBRIA INTEGRATED CARE NHS FOUNDATION TRUST,X06,Other - Other Services,1652.0,1497.0,155.0,0.0,90.62,0.0
Apr-2026,RR7,GATESHEAD HEALTH NHS FOUNDATION TRUST,C_300,General Internal Medicine Service,23.0,12.0,11.0,0.0,52.17,0.0
Apr-2026,RR7,GATESHEAD HEALTH NHS FOUNDATION TRUST,X05,Other - Surgical Services,19.0,14.0,5.0,0.0,73.68,0.0
Apr-2026,RTD,THE NEWCASTLE UPON TYNE HOSPITALS NHS FOUNDATION TRUST,C_160,Plastic Surgery Service,1680.0,1024.0,635.0,21.0,60.95,1.25
Apr-2026,RTD,THE NEWCASTLE UPON TYNE HOSPITALS NHS FOUNDATION TRUST,C_170,Cardiothoracic Surgery Service,90.0,44.0,43.0,3.0,48.89,3.33
Apr-2026,RTF,NORTHUMBRIA HEALTHCARE NHS FOUNDATION TRUST,C_101,Urology Service,2783.0,2582.0,201.0,0.0,92.78,0.0
Apr-2026,RTR,SOUTH TEES HOSPITALS NHS FOUNDATION TRUST,C_502,Gynaecology Service,2896.0,1879.0,992.0,25.0,64.88,0.86
Apr-2026,RTR,SOUTH TEES HOSPITALS NHS FOUNDATION TRUST,X05,Other - Surgical Services,6845.0,4013.0,2759.0,73.0,58.63,1.07
Apr-2026,RTR,SOUTH TEES HOSPITALS NHS FOUNDATION TRUST,C_170,Cardiothoracic Surgery Service,333.0,239.0,93.0,1.0,71.77,0.3
Apr-2026,RVW,NORTH TEES AND HARTLEPOOL NHS FOUNDATION TRUST,C_300,General Internal Medicine Service,222.0,217.0,5.0,0.0,97.75,0.0
Apr-2026,RX4,"CUMBRIA, NORTHUMBERLAND, TYNE AND WEAR NHS FOUNDATION TRUST",X06,Other - Other Services,139.0,139.0,0.0,0.0,100.0,0.0
Apr-2026,NTP13,PRACTICE PLUS GROUP HOSPITAL - BARLBOROUGH,C_100,General Surgery Service,41.0,30.0,11.0,0.0,73.17,0.0
Apr-2026,NT345,SPIRE CLARE PARK HOSPITAL,C_120,Ear Nose and Throat Service,15.0,12.0,3.0,0.0,80.0,0.0
Apr-2026,NTP11,PRACTICE PLUS GROUP HOSPITAL - SOUTHAMPTON,C_301,Gastroenterology Service,456.0,456.0,0.0,0.0,100.0,0.0
Apr-2026,Q8X0X,SPAMEDICA ISLE OF WIGHT COMMUNITY DIAGNOSTIC & TREATMENT CENTRE,C_130,Ophthalmology Service,27.0,26.0,1.0,0.0,96.3,0.0
Apr-2026,Q8X0X,SPAMEDICA ISLE OF WIGHT COMMUNITY DIAGNOSTIC & TREATMENT CENTRE,C_999,Total,27.0,26.0,1.0,0.0,96.3,0.0
Apr-2026,R1F,ISLE OF WIGHT NHS TRUST,C_320,Cardiology Service,929.0,478.0,451.0,0.0,51.45,0.0
Apr-2026,R1F,ISLE OF WIGHT NHS TRUST,X05,Other - Surgical Services,1080.0,792.0,287.0,1.0,73.33,0.09
Apr-2026,RHM,UNIVERSITY HOSPITAL SOUTHAMPTON NHS FOUNDATION TRUST,C_430,Elderly Medicine Service,216.0,206.0,10.0,0.0,95.37,0.0
Apr-2026,E3D4A,SPAMEDICA TRURO,C_130,Ophthalmology Service,337.0,318.0,19.0,0.0,94.36,0.0
Apr-2026,NAM01,PROBUS SURGICAL CENTRE,C_999,Total,867.0,837.0,30.0,0.0,96.54,0.0
Apr-2026,NVC04,DUCHY HOSPITAL,C_110,Trauma and Orthopaedic Service,1215.0,629.0,576.0,10.0,51.77,0.82
Apr-2026,REF,ROYAL CORNWALL HOSPITALS NHS TRUST,X06,Other - Other Services,1019.0,922.0,96.0,1.0,90.48,0.1
Apr-2026,NPG20,SPAMEDICA WOLVERHAMPTON,C_999,Total,831.0,769.0,62.0,0.0,92.54,0.0
Apr-2026,NVC1H,STOURSIDE HOSPITAL,C_502,Gynaecology Service,417.0,277.0,139.0,1.0,66.43,0.24
Apr-2026,RBK,WALSALL HEALTHCARE NHS TRUST,X04,Other - Paediatric Services,3147.0,2701.0,446.0,0.0,85.83,0.0
Apr-2026,RN5,HAMPSHIRE HOSPITALS NHS FOUNDATION TRUST,C_100,General Surgery Service,2997.0,1303.0,1513.0,181.0,43.48,6.04
Apr-2026,RN5,HAMPSHIRE HOSPITALS NHS FOUNDATION TRUST,C_110,Trauma and Orthopaedic Service,5704.0,3432.0,2209.0,63.0,60.17,1.1
Apr-2026,RN5,HAMPSHIRE HOSPITALS NHS FOUNDATION TRUST,C_410,Rheumatology Service,1387.0,746.0,628.0,13.0,53.79,0.94
Apr-2026,RW1,HAMPSHIRE AND ISLE OF WIGHT HEALTHCARE NHS FOUNDATION TRUST,C_110,Trauma and Orthopaedic Service,3236.0,2800.0,436.0,0.0,86.53,0.0
Apr-2026,NPR01,ABOUT HEALTH HQ,C_999,Total,1396.0,1396.0,0.0,0.0,100.0,0.0
Apr-2026,RH5,SOMERSET NHS FOUNDATION TRUST,C_320,Cardiology Service,3302.0,2275.0,1015.0,12.0,68.9,0.36
Apr-2026,RH5,SOMERSET NHS FOUNDATION TRUST,X02,Other - Medical Services,3785.0,2763.0,1010.0,12.0,73.0,0.32
Apr-2026,RH5,SOMERSET NHS FOUNDATION TRUST,X06,Other - Other Services,242.0,239.0,3.0,0.0,98.76,0.0
Apr-2026,NVC40,WOODTHORPE HOSPITAL,C_110,Trauma and Orthopaedic Service,1954.0,1383.0,569.0,2.0,70.78,0.1
Apr-2026,RK5,SHERWOOD FOREST HOSPITALS NHS FOUNDATION TRUST,C_340,Respiratory Medicine Service,1598.0,1414.0,184.0,0.0,88.49,0.0
Apr-2026,RL4,THE ROYAL WOLVERHAMPTON NHS TRUST,C_301,Gastroenterology Service,4408.0,2939.0,1446.0,23.0,66.67,0.52
Apr-2026,RL4,THE ROYAL WOLVERHAMPTON NHS TRUST,C_400,Neurology Service,2148.0,1608.0,540.0,0.0,74.86,0.0
Apr-2026,RNA,THE DUDLEY GROUP NHS FOUNDATION TRUST,C_101,Urology Service,1741.0,1302.0,439.0,0.0,74.78,0.0
Apr-2026,RXK,SANDWELL AND WEST BIRMINGHAM HOSPITALS NHS TRUST,C_502,Gynaecology Service,5069.0,3020.0,2022.0,27.0,59.58,0.53
Apr-2026,NFH,SOMERSET SURGICAL SERVICES HQ,C_110,Trauma and Orthopaedic Service,171.0,92.0,77.0,2.0,53.8,1.17
Apr-2026,NTPH2,PRACTICE PLUS GROUP HOSPITAL - EMERSONS GREEN,C_120,Ear Nose and Throat Service,311.0,252.0,59.0,0.0,81.03,0.0
Apr-2026,NTPH2,PRACTICE PLUS GROUP HOSPITAL - EMERSONS GREEN,C_999,Total,5770.0,4492.0,1278.0,0.0,77.85,0.0
Apr-2026,RA7,UNIVERSITY HOSPITALS BRISTOL AND WESTON NHS FOUNDATION TRUST,C_330,Dermatology Service,2063.0,1773.0,290.0,0.0,85.94,0.0
Apr-2026,RVJ,NORTH BRISTOL NHS TRUST,X05,Other - Surgical Services,5501.0,4149.0,1346.0,6.0,75.42,0.11
Apr-2026,RVJ,NORTH BRISTOL NHS TRUST,C_320,Cardiology Service,2201.0,1583.0,618.0,0.0,71.92,0.0
Apr-2026,RVJ,NORTH BRISTOL NHS TRUST,C_410,Rheumatology Service,1167.0,696.0,471.0,0.0,59.64,0.0
Apr-2026,H4Y7F,SPAMEDICA DORCHESTER,C_130,Ophthalmology Service,554.0,534.0,20.0,0.0,96.39,0.0
Apr-2026,NVC23,WOODLAND HOSPITAL,C_502,Gynaecology Service,431.0,148.0,282.0,1.0,34.34,0.23
Apr-2026,NVC23,WOODLAND HOSPITAL,C_160,Plastic Surgery Service,2.0,2.0,0.0,0.0,100.0,0.0
Apr-2026,RNQ,KETTERING GENERAL HOSPITAL NHS FOUNDATION TRUST,C_160,Plastic Surgery Service,87.0,69.0,18.0,0.0,79.31,0.0
Apr-2026,RNS,NORTHAMPTON GENERAL HOSPITAL NHS TRUST,X02,Other - Medical Services,2630.0,1563.0,1063.0,4.0,59.43,0.15
Apr-2026,RNS,NORTHAMPTON GENERAL HOSPITAL NHS TRUST,C_430,Elderly Medicine Service,107.0,101.0,6.0,0.0,94.39,0.0
Apr-2026,AAH,TETBURY HOSPITAL TRUST LTD,C_502,Gynaecology Service,65.0,61.0,3.0,1.0,93.85,1.54
Apr-2026,RMC,BOLTON NHS FOUNDATION TRUST,C_101,Urology Service,2807.0,1608.0,1150.0,49.0,57.29,1.75
Apr-2026,RRF,"WRIGHTINGTON, WIGAN AND LEIGH TEACHING HOSPITALS NHS FOUNDATION TRUST",C_340,Respiratory Medicine Service,1878.0,1361.0,517.0,0.0,72.47,0.0
Apr-2026,RRF,"WRIGHTINGTON, WIGAN AND LEIGH TEACHING HOSPITALS NHS FOUNDATION TRUST",X06,Other - Other Services,5119.0,2729.0,2202.0,188.0,53.31,3.67
Apr-2026,RWJ,STOCKPORT NHS FOUNDATION TRUST,C_410,Rheumatology Service,1221.0,751.0,461.0,9.0,61.51,0.74
Apr-2026,RWJ,STOCKPORT NHS FOUNDATION TRUST,X06,Other - Other Services,250.0,117.0,126.0,7.0,46.8,2.8
Apr-2026,RWJ,STOCKPORT NHS FOUNDATION TRUST,C_140,Oral Surgery Service,11.0,11.0,0.0,0.0,100.0,0.0
Apr-2026,NPG18,SPAMEDICA HULL,C_130,Ophthalmology Service,493.0,474.0,19.0,0.0,96.15,0.0
Apr-2026,NT245,"NUFFIELD HEALTH, YORK HOSPITAL",C_999,Total,1193.0,877.0,315.0,1.0,73.51,0.08
Apr-2026,NT351,SPIRE HULL AND EAST RIDING HOSPITAL,C_400,Neurology Service,56.0,29.0,27.0,0.0,51.79,0.0
Apr-2026,NT447,DUCHY HOSPITAL,C_400,Neurology Service,8.0,8.0,0.0,0.0,100.0,0.0
Apr-2026,NTE02,ST HUGH'S HOSPITAL,C_502,Gynaecology Service,232.0,210.0,22.0,0.0,90.52,0.0
Apr-2026,RCB,YORK AND SCARBOROUGH TEACHING HOSPITALS NHS FOUNDATION TRUST,C_101,Urology Service,3180.0,1855.0,1236.0,89.0,58.33,2.8
Apr-2026,RCB,YORK AND SCARBOROUGH TEACHING HOSPITALS NHS FOUNDATION TRUST,C_300,General Internal Medicine Service,1.0,1.0,0.0,0.0,100.0,0.0
Apr-2026,RCD,HARROGATE AND DISTRICT NHS FOUNDATION TRUST,C_400,Neurology Service,956.0,524.0,432.0,0.0,54.81,0.0
Apr-2026,RCD,HARROGATE AND DISTRICT NHS FOUNDATION TRUST,X02,Other - Medical Services,915.0,825.0,90.0,0.0,90.16,0.0
Apr-2026,RCD,HARROGATE AND DISTRICT NHS FOUNDATION TRUST,C_410,Rheumatology Service,298.0,280.0,18.0,0.0,93.96,0.0
Apr-2026,RWA,HULL UNIVERSITY TEACHING HOSPITALS NHS TRUST,C_300,General Internal Medicine Service,612.0,455.0,157.0,0.0,74.35,0.0
Apr-2026,NQT5K,ST MARTINS HOSPITAL,C_999,Total,110.0,82.0,26.0,2.0,74.55,1.82
Apr-2026,NT430,RIDGEWAY HOSPITAL,C_110,Trauma and Orthopaedic Service,19.0,14.0,5.0,0.0,73.68,0.0
Apr-2026,NVC09,NEW HALL HOSPITAL,C_101,Urology Service,101.0,66.0,34.0,1.0,65.35,0.99
Apr-2026,RD1,ROYAL UNITED HOSPITALS BATH NHS FOUNDATION TRUST,C_140,Oral Surgery Service,3203.0,1845.0,1348.0,10.0,57.6,0.31
Apr-2026,RN3,GREAT WESTERN HOSPITALS NHS FOUNDATION TRUST,C_400,Neurology Service,781.0,686.0,95.0,0.0,87.84,0.0
Apr-2026,RN3,GREAT WESTERN HOSPITALS NHS FOUNDATION TRUST,C_430,Elderly Medicine Service,208.0,175.0,33.0,0.0,84.13,0.0
Apr-2026,N8R1N,NEWMEDICA - BERKSHIRE,C_130,Ophthalmology Service,1552.0,974.0,564.0,14.0,62.76,0.9
Apr-2026,NT344,SPIRE DUNEDIN HOSPITAL,C_100,General Surgery Service,73.0,68.0,5.0,0.0,93.15,0.0
Apr-2026,NT210,"NUFFIELD HEALTH, THE GROSVENOR HOSPITAL, CHESTER",C_100,General Surgery Service,49.0,25.0,24.0,0.0,51.02,0.0
Apr-2026,NT324,SPIRE CHESHIRE HOSPITAL,C_160,Plastic Surgery Service,66.0,51.0,15.0,0.0,77.27,0.0
Apr-2026,RBL,WIRRAL UNIVERSITY TEACHING HOSPITAL NHS FOUNDATION TRUST,C_320,Cardiology Service,1458.0,983.0,467.0,8.0,67.42,0.55
Apr-2026,RBN,MERSEY AND WEST LANCASHIRE TEACHING HOSPITALS NHS TRUST,C_330,Dermatology Service,7256.0,3687.0,3228.0,341.0,50.81,4.7
Apr-2026,RBT,MID CHESHIRE HOSPITALS NHS FOUNDATION TRUST,C_120,Ear Nose and Throat Service,4583.0,2856.0,1710.0,17.0,62.32,0.37
Apr-2026,RBT,MID CHESHIRE HOSPITALS NHS FOUNDATION TRUST,C_110,Trauma and Orthopaedic Service,3267.0,1749.0,1486.0,32.0,53.54,0.98
Apr-2026,RET,THE WALTON CENTRE NHS FOUNDATION TRUST,X03,Other - Mental Health Services,21.0,21.0,0.0,0.0,100.0,0.0
Apr-2026,RJN,EAST CHESHIRE NHS TRUST,X06,Other - Other Services,79.0,52.0,27.0,0.0,65.82,0.0
Apr-2026,RJR,COUNTESS OF CHESTER HOSPITAL NHS FOUNDATION TRUST,C_999,Total,28907.0,19138.0,9538.0,231.0,66.21,0.8
Apr-2026,RJR,COUNTESS OF CHESTER HOSPITAL NHS FOUNDATION TRUST,X02,Other - Medical Services,2856.0,1911.0,944.0,1.0,66.91,0.04
Apr-2026,RJR,COUNTESS OF CHESTER HOSPITAL NHS FOUNDATION TRUST,C_430,Elderly Medicine Service,252.0,230.0,22.0,0.0,91.27,0.0
Apr-2026,RWW,NORTH CHESHIRE AND MERSEY NHS FOUNDATION TRUST,C_340,Respiratory Medicine Service,1171.0,874.0,297.0,0.0,74.64,0.0
Apr-2026,Y9S1N,FAIRFIELD INDEPENDENT HOSPITAL,C_999,Total,1694.0,1133.0,531.0,30.0,66.88,1.77
Apr-2026,RTH,OXFORD UNIVERSITY HOSPITALS NHS FOUNDATION TRUST,C_120,Ear Nose and Throat Service,6777.0,3926.0,2695.0,156.0,57.93,2.3
Apr-2026,T8R5I,SPAMEDICA WOKINGHAM,C_999,Total,225.0,198.0,26.0,1.0,88.0,0.44
Apr-2026,AVQ03,ONE HATFIELD HOSPITAL,C_110,Trauma and Orthopaedic Service,546.0,321.0,213.0,12.0,58.79,2.2
Apr-2026,F7F6D,NEWMEDICA - HERTFORSHIRE - WELWYN GARDEN CITY,C_130,Ophthalmology Service,946.0,832.0,114.0,0.0,87.95,0.0
Apr-2026,NT423,MANOR HOSPITAL,C_502,Gynaecology Service,184.0,113.0,69.0,2.0,61.41,1.09
Apr-2026,NT434,SAXON CLINIC,C_100,General Surgery Service,165.0,106.0,58.0,1.0,64.24,0.61
Apr-2026,NVC15,PINEHILL HOSPITAL,C_130,Ophthalmology Service,134.0,95.0,39.0,0.0,70.9,0.0
Apr-2026,NVC19,RIVERS HOSPITAL,C_101,Urology Service,438.0,343.0,95.0,0.0,78.31,0.0
Apr-2026,RGP,JAMES PAGET UNIVERSITY HOSPITALS NHS FOUNDATION TRUST,X04,Other - Paediatric Services,2380.0,1375.0,890.0,115.0,57.77,4.83
Apr-2026,RM1,NORFOLK AND NORWICH UNIVERSITY HOSPITALS NHS FOUNDATION TRUST,X02,Other - Medical Services,6811.0,4384.0,2387.0,40.0,64.37,0.59
Apr-2026,RM1,NORFOLK AND NORWICH UNIVERSITY HOSPITALS NHS FOUNDATION TRUST,C_502,Gynaecology Service,5477.0,3109.0,2045.0,323.0,56.76,5.9
Apr-2026,AY1,MEDEFER,C_301,Gastroenterology Service,123.0,106.0,17.0,0.0,86.18,0.0
Apr-2026,G3Q3Z,NUFFIELD HEALTH HIGHGATE HOSPITAL,C_999,Total,998.0,885.0,107.0,6.0,88.68,0.6
Apr-2026,NT416,HENDON HOSPITAL,C_301,Gastroenterology Service,127.0,90.0,36.0,1.0,70.87,0.79
Apr-2026,R1K,LONDON NORTH WEST UNIVERSITY HEALTHCARE NHS TRUST,X06,Other - Other Services,24.0,22.0,2.0,0.0,91.67,0.0
Apr-2026,R1K,LONDON NORTH WEST UNIVERSITY HEALTHCARE NHS TRUST,C_150,Neurosurgical Service,2.0,1.0,1.0,0.0,50.0,0.0
Apr-2026,RAL,ROYAL FREE LONDON NHS FOUNDATION TRUST,X02,Other - Medical Services,16944.0,12435.0,4391.0,118.0,73.39,0.7
Apr-2026,RAS,THE HILLINGDON HOSPITALS NHS FOUNDATION TRUST,C_410,Rheumatology Service,652.0,453.0,199.0,0.0,69.48,0.0
Apr-2026,RAS,THE HILLINGDON HOSPITALS NHS FOUNDATION TRUST,C_430,Elderly Medicine Service,71.0,57.0,14.0,0.0,80.28,0.0
Apr-2026,RKE,WHITTINGTON HEALTH NHS TRUST,C_301,Gastroenterology Service,1395.0,1146.0,249.0,0.0,82.15,0.0
Apr-2026,RKE,WHITTINGTON HEALTH NHS TRUST,C_430,Elderly Medicine Service,80.0,79.0,1.0,0.0,98.75,0.0
Apr-2026,RP4,GREAT ORMOND STREET HOSPITAL FOR CHILDREN NHS FOUNDATION TRUST,C_999,Total,8324.0,5996.0,2119.0,209.0,72.03,2.51
Apr-2026,RP6,MOORFIELDS EYE HOSPITAL NHS FOUNDATION TRUST,C_999,Total,36163.0,30531.0,5625.0,7.0,84.43,0.02
Apr-2026,RPY,THE ROYAL MARSDEN NHS FOUNDATION TRUST,C_140,Oral Surgery Service,146.0,136.0,10.0,0.0,93.15,0.0
Apr-2026,RPY,THE ROYAL MARSDEN NHS FOUNDATION TRUST,C_999,Total,1804.0,1710.0,94.0,0.0,94.79,0.0
Apr-2026,RQM,CHELSEA AND WESTMINSTER HOSPITAL NHS FOUNDATION TRUST,C_400,Neurology Service,2033.0,1252.0,781.0,0.0,61.58,0.0
Apr-2026,RQM,CHELSEA AND WESTMINSTER HOSPITAL NHS FOUNDATION TRUST,X06,Other - Other Services,6202.0,4533.0,1661.0,8.0,73.09,0.13
Apr-2026,RQM,CHELSEA AND WESTMINSTER HOSPITAL NHS FOUNDATION TRUST,C_320,Cardiology Service,1724.0,1650.0,74.0,0.0,95.71,0.0
Apr-2026,RBD,DORSET COUNTY HOSPITAL NHS FOUNDATION TRUST,X05,Other - Surgical Services,1489.0,1154.0,329.0,6.0,77.5,0.4
Apr-2026,RBD,DORSET COUNTY HOSPITAL NHS FOUNDATION TRUST,X04,Other - Paediatric Services,253.0,143.0,107.0,3.0,56.52,1.19
Apr-2026,NT436,SHIRLEY OAKS HOSPITAL,C_110,Trauma and Orthopaedic Service,452.0,330.0,119.0,3.0,73.01,0.66
Apr-2026,NT436,SHIRLEY OAKS HOSPITAL,C_502,Gynaecology Service,16.0,4.0,12.0,0.0,25.0,0.0
Apr-2026,R0F4N,NUFFIELD HEALTH PARKSIDE HOSPITAL,C_110,Trauma and Orthopaedic Service,379.0,326.0,48.0,5.0,86.02,1.32
Apr-2026,NID,THE LIVING CARE GROUP,C_999,Total,152.0,152.0,0.0,0.0,100.0,0.0
Apr-2026,NVC20,THE YORKSHIRE CLINIC,C_301,Gastroenterology Service,1319.0,911.0,407.0,1.0,69.07,0.08
Apr-2026,RJ6,CROYDON HEALTH SERVICES NHS TRUST,C_100,General Surgery Service,2209.0,1565.0,626.0,18.0,70.85,0.81
Apr-2026,RJ7,ST GEORGE'S UNIVERSITY HOSPITALS NHS FOUNDATION TRUST,C_100,General Surgery Service,1251.0,593.0,596.0,62.0,47.4,4.96
Apr-2026,RJ7,ST GEORGE'S UNIVERSITY HOSPITALS NHS FOUNDATION TRUST,X06,Other - Other Services,2003.0,1163.0,838.0,2.0,58.06,0.1
Apr-2026,RVR,EPSOM AND ST HELIER UNIVERSITY HOSPITALS NHS TRUST,C_120,Ear Nose and Throat Service,2353.0,1661.0,681.0,11.0,70.59,0.47
Apr-2026,RCF,AIREDALE NHS FOUNDATION TRUST,X02,Other - Medical Services,971.0,906.0,65.0,0.0,93.31,0.0
Apr-2026,RR8,LEEDS TEACHING HOSPITALS NHS TRUST,C_340,Respiratory Medicine Service,938.0,809.0,128.0,1.0,86.25,0.11
Apr-2026,RR8,LEEDS TEACHING HOSPITALS NHS TRUST,C_170,Cardiothoracic Surgery Service,484.0,377.0,107.0,0.0,77.89,0.0
Apr-2026,NT224,"NUFFIELD HEALTH, WARWICKSHIRE HOSPITAL",C_100,General Surgery Service,198.0,152.0,42.0,4.0,76.77,2.02
Apr-2026,NT424,MERIDEN HOSPITAL,C_110,Trauma and Orthopaedic Service,1147.0,928.0,219.0,0.0,80.91,0.0
Apr-2026,RJC,SOUTH WARWICKSHIRE UNIVERSITY NHS FOUNDATION TRUST,C_140,Oral Surgery Service,1367.0,635.0,718.0,14.0,46.45,1.02
Apr-2026,RLT,GEORGE ELIOT HOSPITAL NHS TRUST,C_130,Ophthalmology Service,961.0,715.0,238.0,8.0,74.4,0.83
Apr-2026,RLT,GEORGE ELIOT HOSPITAL NHS TRUST,C_301,Gastroenterology Service,1228.0,951.0,277.0,0.0,77.44,0.0
Apr-2026,AQK,VERNOVA HEALTHCARE COMMUNITY INTEREST COMPANY,C_999,Total,281.0,228.0,49.0,4.0,81.14,1.42
Apr-2026,NCR,ISIGHT,C_130,Ophthalmology Service,1348.0,1183.0,165.0,0.0,87.76,0.0
Apr-2026,S3H9L,THE HAMPTONS HOSPITAL LTD,C_100,General Surgery Service,49.0,16.0,27.0,6.0,32.65,12.24
Apr-2026,NT205,"NUFFIELD HEALTH, BRIGHTON HOSPITAL",C_101,Urology Service,256.0,94.0,101.0,61.0,36.72,23.83
Apr-2026,NT205,"NUFFIELD HEALTH, BRIGHTON HOSPITAL",C_100,General Surgery Service,77.0,65.0,12.0,0.0,84.42,0.0
Apr-2026,NT216,"NUFFIELD HEALTH, GUILDFORD HOSPITAL",C_502,Gynaecology Service,23.0,6.0,17.0,0.0,26.09,0.0
Apr-2026,NT417,GORING HALL HOSPITAL,C_999,Total,784.0,441.0,343.0,0.0,56.25,0.0
Apr-2026,NVC11,NORTH DOWNS HOSPITAL,X02,Other - Medical Services,121.0,74.0,47.0,0.0,61.16,0.0
Apr-2026,NVC11,NORTH DOWNS HOSPITAL,X06,Other - Other Services,1.0,0.0,0.0,1.0,0.0,100.0
Apr-2026,NVM,EPSOMEDICAL GROUP,C_320,Cardiology Service,28.0,23.0,5.0,0.0,82.14,0.0
Apr-2026,NVC31,BLAKELANDS HOSPITAL,C_130,Ophthalmology Service,315.0,252.0,62.0,1.0,80.0,0.32
Apr-2026,RC9,BEDFORDSHIRE HOSPITALS NHS FOUNDATION TRUST,C_120,Ear Nose and Throat Service,7053.0,4201.0,2797.0,55.0,59.56,0.78
Apr-2026,RC9,BEDFORDSHIRE HOSPITALS NHS FOUNDATION TRUST,C_400,Neurology Service,2566.0,1556.0,1010.0,0.0,60.64,0.0
Apr-2026,RD8,MILTON KEYNES UNIVERSITY HOSPITAL NHS FOUNDATION TRUST,C_130,Ophthalmology Service,4446.0,2328.0,1898.0,220.0,52.36,4.95
Apr-2026,RD8,MILTON KEYNES UNIVERSITY HOSPITAL NHS FOUNDATION TRUST,X05,Other - Surgical Services,2346.0,1380.0,910.0,56.0,58.82,2.39
Apr-2026,RD8,MILTON KEYNES UNIVERSITY HOSPITAL NHS FOUNDATION TRUST,C_120,Ear Nose and Throat Service,4325.0,2584.0,1631.0,110.0,59.75,2.54
Apr-2026,RGN,NORTH WEST ANGLIA NHS FOUNDATION TRUST,C_330,Dermatology Service,4616.0,2804.0,1800.0,12.0,60.75,0.26
Apr-2026,RGT,CAMBRIDGE UNIVERSITY HOSPITALS NHS FOUNDATION TRUST,X05,Other - Surgical Services,4293.0,3136.0,1134.0,23.0,73.05,0.54
Apr-2026,RGT,CAMBRIDGE UNIVERSITY HOSPITALS NHS FOUNDATION TRUST,C_430,Elderly Medicine Service,65.0,65.0,0.0,0.0,100.0,0.0
Apr-2026,RWG,WEST HERTFORDSHIRE TEACHING HOSPITALS NHS TRUST,X03,Other - Mental Health Services,2.0,2.0,0.0,0.0,100.0,0.0
Apr-2026,RWH,EAST AND NORTH HERTFORDSHIRE TEACHING NHS TRUST,C_130,Ophthalmology Service,2691.0,1966.0,711.0,14.0,73.06,0.52
Apr-2026,RWH,EAST AND NORTH HERTFORDSHIRE TEACHING NHS TRUST,C_170,Cardiothoracic Surgery Service,150.0,130.0,20.0,0.0,86.67,0.0
Apr-2026,NYG,SUSSEX COMMUNITY DERMATOLOGY SERVICE,C_330,Dermatology Service,13907.0,11135.0,2745.0,27.0,80.07,0.19
Apr-2026,RA2,ROYAL SURREY NHS FOUNDATION TRUST,C_120,Ear Nose and Throat Service,3262.0,1922.0,1302.0,38.0,58.92,1.16
Apr-2026,RA2,ROYAL SURREY NHS FOUNDATION TRUST,C_320,Cardiology Service,1127.0,741.0,386.0,0.0,65.75,0.0
Apr-2026,RA2,ROYAL SURREY NHS FOUNDATION TRUST,C_340,Respiratory Medicine Service,536.0,420.0,116.0,0.0,78.36,0.0
Apr-2026,RDU,FRIMLEY HEALTH NHS FOUNDATION TRUST,X04,Other - Paediatric Services,776.0,407.0,351.0,18.0,52.45,2.32
Apr-2026,RDU,FRIMLEY HEALTH NHS FOUNDATION TRUST,X05,Other - Surgical Services,8039.0,4985.0,3001.0,53.0,62.01,0.66
Apr-2026,RDU,FRIMLEY HEALTH NHS FOUNDATION TRUST,C_430,Elderly Medicine Service,56.0,51.0,5.0,0.0,91.07,0.0
Apr-2026,RPC,QUEEN VICTORIA HOSPITAL NHS FOUNDATION TRUST,C_320,Cardiology Service,239.0,167.0,72.0,0.0,69.87,0.0
Apr-2026,RTK,ASHFORD AND ST PETER'S HOSPITALS NHS FOUNDATION TRUST,C_300,General Internal Medicine Service,111.0,110.0,1.0,0.0,99.1,0.0
Apr-2026,RTK,ASHFORD AND ST PETER'S HOSPITALS NHS FOUNDATION TRUST,X04,Other - Paediatric Services,2117.0,1518.0,593.0,6.0,71.71,0.28
Apr-2026,RTK,ASHFORD AND ST PETER'S HOSPITALS NHS FOUNDATION TRUST,C_160,Plastic Surgery Service,18.0,18.0,0.0,0.0,100.0,0.0
Apr-2026,RTP,SURREY AND SUSSEX HEALTHCARE NHS TRUST,X05,Other - Surgical Services,6478.0,4531.0,1832.0,115.0,69.94,1.78
Apr-2026,RXC,EAST SUSSEX HEALTHCARE NHS TRUST,C_300,General Internal Medicine Service,20.0,18.0,2.0,0.0,90.0,0.0
Apr-2026,NT446,ST EDMUNDS HOSPITAL,C_101,Urology Service,54.0,34.0,20.0,0.0,62.96,0.0
Apr-2026,NT446,ST EDMUNDS HOSPITAL,C_110,Trauma and Orthopaedic Service,349.0,139.0,209.0,1.0,39.83,0.29
Apr-2026,H4I8B,NUFFIELD HEALTH THE HOLLY HOSPITAL,C_999,Total,4237.0,3314.0,899.0,24.0,78.22,0.57
Apr-2026,H4I8B,NUFFIELD HEALTH THE HOLLY HOSPITAL,C_100,General Surgery Service,435.0,297.0,136.0,2.0,68.28,0.46
Apr-2026,H4I8B,NUFFIELD HEALTH THE HOLLY HOSPITAL,C_130,Ophthalmology Service,186.0,148.0,38.0,0.0,79.57,0.0
Apr-2026,NPG16,SPAMEDICA CHELMSFORD,C_130,Ophthalmology Service,931.0,864.0,67.0,0.0,92.8,0.0
Apr-2026,NPG16,SPAMEDICA CHELMSFORD,C_999,Total,931.0,864.0,67.0,0.0,92.8,0.0
Apr-2026,NT319,SPIRE HARTSWOOD HOSPITAL,C_100,General Surgery Service,202.0,159.0,43.0,0.0,78.71,0.0
Apr-2026,RAJ,MID AND SOUTH ESSEX NHS FOUNDATION TRUST,C_120,Ear Nose and Throat Service,16708.0,6107.0,8269.0,2332.0,36.55,13.96
Apr-2026,RAJ,MID AND SOUTH ESSEX NHS FOUNDATION TRUST,C_502,Gynaecology Service,14529.0,7136.0,6848.0,545.0,49.12,3.75
Apr-2026,RQW,THE PRINCESS ALEXANDRA HOSPITAL NHS TRUST,C_400,Neurology Service,1145.0,797.0,347.0,1.0,69.61,0.09
Apr-2026,RQW,THE PRINCESS ALEXANDRA HOSPITAL NHS TRUST,C_502,Gynaecology Service,3201.0,2133.0,967.0,101.0,66.64,3.16
Apr-2026,RQW,THE PRINCESS ALEXANDRA HOSPITAL NHS TRUST,X04,Other - Paediatric Services,628.0,558.0,69.0,1.0,88.85,0.16
Apr-2026,A5E1F,OPTEGRA EYE HOSPITAL PRESTON,C_130,Ophthalmology Service,234.0,228.0,6.0,0.0,97.44,0.0
Apr-2026,NT347,SPIRE FYLDE COAST HOSPITAL,C_110,Trauma and Orthopaedic Service,1853.0,1458.0,395.0,0.0,78.68,0.0
Apr-2026,NVC05,EUXTON HALL HOSPITAL,C_502,Gynaecology Service,212.0,91.0,118.0,3.0,42.92,1.42
Apr-2026,RTX,UNIVERSITY HOSPITALS OF MORECAMBE BAY NHS FOUNDATION TRUST,C_340,Respiratory Medicine Service,466.0,431.0,35.0,0.0,92.49,0.0
Apr-2026,RXL,BLACKPOOL TEACHING HOSPITALS NHS FOUNDATION TRUST,C_301,Gastroenterology Service,3852.0,2317.0,1419.0,116.0,60.15,3.01
Apr-2026,RXL,BLACKPOOL TEACHING HOSPITALS NHS FOUNDATION TRUST,C_502,Gynaecology Service,2950.0,1344.0,1279.0,327.0,45.56,11.08
Apr-2026,RXL,BLACKPOOL TEACHING HOSPITALS NHS FOUNDATION TRUST,C_160,Plastic Surgery Service,205.0,154.0,51.0,0.0,75.12,0.0
Apr-2026,RXL,BLACKPOOL TEACHING HOSPITALS NHS FOUNDATION TRUST,C_410,Rheumatology Service,1117.0,756.0,360.0,1.0,67.68,0.09
Apr-2026,RXN,LANCASHIRE TEACHING HOSPITALS NHS FOUNDATION TRUST,C_320,Cardiology Service,2916.0,1923.0,992.0,1.0,65.95,0.03
Apr-2026,B3M1X,CLAREMONT PRIVATE HOSPITAL,C_100,General Surgery Service,349.0,179.0,168.0,2.0,51.29,0.57
Apr-2026,RFF,BARNSLEY HOSPITAL NHS FOUNDATION TRUST,C_999,Total,21858.0,15731.0,6018.0,109.0,71.97,0.5
Apr-2026,RFR,THE ROTHERHAM NHS FOUNDATION TRUST,C_130,Ophthalmology Service,1736.0,1500.0,236.0,0.0,86.41,0.0
Apr-2026,RFR,THE ROTHERHAM NHS FOUNDATION TRUST,C_410,Rheumatology Service,694.0,650.0,44.0,0.0,93.66,0.0
Apr-2026,RFR,THE ROTHERHAM NHS FOUNDATION TRUST,X04,Other - Paediatric Services,1196.0,1035.0,161.0,0.0,86.54,0.0
Apr-2026,RP5,DONCASTER AND BASSETLAW TEACHING HOSPITALS NHS FOUNDATION TRUST,C_300,General Internal Medicine Service,4.0,2.0,2.0,0.0,50.0,0.0
Apr-2026,H2K1G,NEWMEDICA - BROMSGROVE,C_130,Ophthalmology Service,434.0,371.0,63.0,0.0,85.48,0.0
Apr-2026,NT412,DROITWICH SPA HOSPITAL,C_130,Ophthalmology Service,14.0,12.0,2.0,0.0,85.71,0.0
Apr-2026,RLQ,WYE VALLEY NHS TRUST,C_130,Ophthalmology Service,2109.0,1645.0,458.0,6.0,78.0,0.28
Apr-2026,RRV,UNIVERSITY COLLEGE LONDON HOSPITALS NHS FOUNDATION TRUST,C_410,Rheumatology Service,974.0,570.0,378.0,26.0,58.52,2.67
Apr-2026,RYJ,IMPERIAL COLLEGE HEALTHCARE NHS TRUST,C_100,General Surgery Service,2131.0,1235.0,896.0,0.0,57.95,0.0
Apr-2026,RYJ,IMPERIAL COLLEGE HEALTHCARE NHS TRUST,C_502,Gynaecology Service,6437.0,4580.0,1855.0,2.0,71.15,0.03
Apr-2026,RYJ,IMPERIAL COLLEGE HEALTHCARE NHS TRUST,C_410,Rheumatology Service,619.0,538.0,81.0,0.0,86.91,0.0
Apr-2026,R1H,BARTS HEALTH NHS TRUST,C_400,Neurology Service,2883.0,1586.0,1283.0,14.0,55.01,0.49
Apr-2026,NT230,"NUFFIELD HEALTH, NORTH STAFFORDSHIRE HOSPITAL",C_100,General Surgery Service,42.0,24.0,16.0,2.0,57.14,4.76
Apr-2026,NVC17,ROWLEY HALL HOSPITAL,C_502,Gynaecology Service,275.0,171.0,104.0,0.0,62.18,0.0
Apr-2026,NVC17,ROWLEY HALL HOSPITAL,C_400,Neurology Service,1.0,0.0,1.0,0.0,0.0,0.0
Apr-2026,NT235,"NUFFIELD HEALTH, SHREWSBURY HOSPITAL",C_110,Trauma and Orthopaedic Service,254.0,202.0,52.0,0.0,79.53,0.0
Apr-2026,RL1,THE ROBERT JONES AND AGNES HUNT ORTHOPAEDIC HOSPITAL NHS FOUNDATION TRUST,C_320,Cardiology Service,1.0,1.0,0.0,0.0,100.0,0.0
Apr-2026,NLE01,LANCASTER HOUSE CONSULTING DIAGNOSTICS SURGICAL LTD HQ,C_999,Total,1311.0,1109.0,202.0,0.0,84.59,0.0
Apr-2026,NT404,BEAUMONT HOSPITAL,C_101,Urology Service,244.0,153.0,90.0,1.0,62.7,0.41
Apr-2026,NVC12,OAKLANDS HOSPITAL,C_301,Gastroenterology Service,35.0,29.0,6.0,0.0,82.86,0.0
Apr-2026,R0A,MANCHESTER UNIVERSITY NHS FOUNDATION TRUST,C_140,Oral Surgery Service,16149.0,8901.0,6852.0,396.0,55.12,2.45
Apr-2026,R0A,MANCHESTER UNIVERSITY NHS FOUNDATION TRUST,X05,Other - Surgical Services,13844.0,10313.0,3509.0,22.0,74.49,0.16
Apr-2026,R0A,MANCHESTER UNIVERSITY NHS FOUNDATION TRUST,C_170,Cardiothoracic Surgery Service,753.0,615.0,136.0,2.0,81.67,0.27
Apr-2026,RM3,NORTHERN CARE ALLIANCE NHS FOUNDATION TRUST,C_140,Oral Surgery Service,1860.0,858.0,904.0,98.0,46.13,5.27
Apr-2026,RM3,NORTHERN CARE ALLIANCE NHS FOUNDATION TRUST,C_430,Elderly Medicine Service,306.0,288.0,18.0,0.0,94.12,0.0
Apr-2026,RM3,NORTHERN CARE ALLIANCE NHS FOUNDATION TRUST,C_300,General Internal Medicine Service,145.0,105.0,40.0,0.0,72.41,0.0
Apr-2026,N1M9Z,ACES EXETER,C_130,Ophthalmology Service,49.0,38.0,11.0,0.0,77.55,0.0
Apr-2026,NT215,"NUFFIELD HEALTH, EXETER HOSPITAL",C_999,Total,381.0,187.0,164.0,30.0,49.08,7.87
Apr-2026,NT233,"NUFFIELD HEALTH, PLYMOUTH HOSPITAL",C_301,Gastroenterology Service,15.0,15.0,0.0,0.0,100.0,0.0
Apr-2026,RH8,ROYAL DEVON UNIVERSITY HEALTHCARE NHS FOUNDATION TRUST,X04,Other - Paediatric Services,1336.0,909.0,407.0,20.0,68.04,1.5
Apr-2026,RH8,ROYAL DEVON UNIVERSITY HEALTHCARE NHS FOUNDATION TRUST,C_330,Dermatology Service,5111.0,3336.0,1769.0,6.0,65.27,0.12
Apr-2026,RH8,ROYAL DEVON UNIVERSITY HEALTHCARE NHS FOUNDATION TRUST,C_140,Oral Surgery Service,3001.0,1840.0,1149.0,12.0,61.31,0.4
Apr-2026,RK9,UNIVERSITY HOSPITALS PLYMOUTH NHS TRUST,C_330,Dermatology Service,2086.0,1736.0,350.0,0.0,83.22,0.0
Apr-2026,NT450,LINCOLN PRIVATE HOSPITAL,C_100,General Surgery Service,30.0,10.0,20.0,0.0,33.33,0.0
Apr-2026,ADP02,KIMS HOSPITAL (NEWNHAM COURT),C_120,Ear Nose and Throat Service,23.0,21.0,2.0,0.0,91.3,0.0
Apr-2026,NT450,LINCOLN PRIVATE HOSPITAL,C_110,Trauma and Orthopaedic Service,864.0,518.0,346.0,0.0,59.95,0.0
Apr-2026,RWE,UNIVERSITY HOSPITALS OF LEICESTER NHS TRUST,X05,Other - Surgical Services,6651.0,3821.0,2729.0,101.0,57.45,1.52
Apr-2026,Q2Y5H,OVIVA UK LTD,C_999,Total,7478.0,4743.0,2540.0,195.0,63.43,2.61
Apr-2026,RJ2,LEWISHAM AND GREENWICH NHS TRUST,X05,Other - Surgical Services,1646.0,952.0,684.0,10.0,57.84,0.61
Apr-2026,RJ2,LEWISHAM AND GREENWICH NHS TRUST,C_400,Neurology Service,1830.0,1428.0,402.0,0.0,78.03,0.0
Apr-2026,RJZ,KING'S COLLEGE HOSPITAL NHS FOUNDATION TRUST,C_100,General Surgery Service,4554.0,1738.0,2606.0,210.0,38.16,4.61
Apr-2026,RPA,MEDWAY NHS FOUNDATION TRUST,C_300,General Internal Medicine Service,79.0,73.0,6.0,0.0,92.41,0.0
Apr-2026,RWF,MAIDSTONE AND TUNBRIDGE WELLS NHS TRUST,C_170,Cardiothoracic Surgery Service,25.0,23.0,2.0,0.0,92.0,0.0
Apr-2026,RWF,MAIDSTONE AND TUNBRIDGE WELLS NHS TRUST,C_410,Rheumatology Service,341.0,340.0,1.0,0.0,99.71,0.0
Apr-2026,NT314,SPIRE LONDON EAST,C_160,Plastic Surgery Service,43.0,25.0,18.0,0.0,58.14,0.0
Apr-2026,NT422,LONDON INDEPENDENT HOSPITAL,X06,Other - Other Services,221.0,140.0,81.0,0.0,63.35,0.0
Apr-2026,S0L9O,ACES BIRMINGHAM,C_130,Ophthalmology Service,18.0,13.0,5.0,0.0,72.22,0.0
Apr-2026,S4E3I,MIDLAND EYE (EYE-DOCS LTD),C_130,Ophthalmology Service,659.0,641.0,18.0,0.0,97.27,0.0
Apr-2026,NT237,"NUFFIELD HEALTH, TEES HOSPITAL",C_999,Total,1652.0,1216.0,436.0,0.0,73.61,0.0
Apr-2026,NT457,WOODLANDS HOSPITAL,C_301,Gastroenterology Service,101.0,92.0,9.0,0.0,91.09,0.0
Apr-2026,NVC0R,TEES VALLEY HOSPITAL,C_502,Gynaecology Service,476.0,272.0,204.0,0.0,57.14,0.0
Apr-2026,NVC0R,TEES VALLEY HOSPITAL,C_999,Total,4297.0,3249.0,1048.0,0.0,75.61,0.0
Apr-2026,NVC29,COBALT HOSPITAL,C_100,General Surgery Service,313.0,163.0,150.0,0.0,52.08,0.0
Apr-2026,R0B,SOUTH TYNESIDE AND SUNDERLAND NHS FOUNDATION TRUST,C_320,Cardiology Service,2317.0,1964.0,353.0,0.0,84.76,0.0
Apr-2026,RLQ,WYE VALLEY NHS TRUST,X05,Other - Surgical Services,1733.0,1310.0,421.0,2.0,75.59,0.12
Apr-2026,NVC44,THE WESTBOURNE CENTRE,C_100,General Surgery Service,297.0,233.0,64.0,0.0,78.45,0.0
Apr-2026,RQ3,BIRMINGHAM WOMEN'S AND CHILDREN'S NHS FOUNDATION TRUST,X03,Other - Mental Health Services,1.0,1.0,0.0,0.0,100.0,0.0
Apr-2026,RRK,UNIVERSITY HOSPITALS BIRMINGHAM NHS FOUNDATION TRUST,C_150,Neurosurgical Service,1819.0,1178.0,641.0,0.0,64.76,0.0
Apr-2026,RNN,NORTH CUMBRIA INTEGRATED CARE NHS FOUNDATION TRUST,C_130,Ophthalmology Service,2079.0,1603.0,475.0,1.0,77.1,0.05
Apr-2026,RTD,THE NEWCASTLE UPON TYNE HOSPITALS NHS FOUNDATION TRUST,C_300,General Internal Medicine Service,872.0,724.0,146.0,2.0,83.03,0.23
Apr-2026,RTF,NORTHUMBRIA HEALTHCARE NHS FOUNDATION TRUST,X04,Other - Paediatric Services,1282.0,1200.0,82.0,0.0,93.6,0.0
Apr-2026,RTR,SOUTH TEES HOSPITALS NHS FOUNDATION TRUST,C_150,Neurosurgical Service,1065.0,856.0,202.0,7.0,80.38,0.66
Apr-2026,RTR,SOUTH TEES HOSPITALS NHS FOUNDATION TRUST,C_999,Total,55452.0,36374.0,18381.0,697.0,65.6,1.26
Apr-2026,RVW,NORTH TEES AND HARTLEPOOL NHS FOUNDATION TRUST,X06,Other - Other Services,2091.0,1261.0,817.0,13.0,60.31,0.62
Apr-2026,RXP,COUNTY DURHAM AND DARLINGTON NHS FOUNDATION TRUST,C_999,Total,52770.0,35277.0,16792.0,701.0,66.85,1.33
Apr-2026,RXP,COUNTY DURHAM AND DARLINGTON NHS FOUNDATION TRUST,X02,Other - Medical Services,750.0,687.0,63.0,0.0,91.6,0.0
Apr-2026,RFS,CHESTERFIELD ROYAL HOSPITAL NHS FOUNDATION TRUST,C_101,Urology Service,1865.0,1141.0,665.0,59.0,61.18,3.16
Apr-2026,RTG,UNIVERSITY HOSPITALS OF DERBY AND BURTON NHS FOUNDATION TRUST,C_130,Ophthalmology Service,9106.0,5879.0,3186.0,41.0,64.56,0.45
Apr-2026,RTE,GLOUCESTERSHIRE HOSPITALS NHS FOUNDATION TRUST,C_140,Oral Surgery Service,3402.0,2233.0,1169.0,0.0,65.64,0.0
Apr-2026,RTE,GLOUCESTERSHIRE HOSPITALS NHS FOUNDATION TRUST,C_430,Elderly Medicine Service,293.0,261.0,32.0,0.0,89.08,0.0
Apr-2026,B9M3W,SPAMEDICA SOUTHAMPTON,C_130,Ophthalmology Service,386.0,261.0,51.0,74.0,67.62,19.17
Apr-2026,NT214,"NUFFIELD HEALTH, WESSEX HOSPITAL",C_110,Trauma and Orthopaedic Service,582.0,172.0,408.0,2.0,29.55,0.34
Apr-2026,NT304,SPIRE SOUTHAMPTON HOSPITAL,X05,Other - Surgical Services,1.0,0.0,1.0,0.0,0.0,0.0
Apr-2026,R1F,ISLE OF WIGHT NHS TRUST,C_100,General Surgery Service,708.0,363.0,343.0,2.0,51.27,0.28
Apr-2026,R1F,ISLE OF WIGHT NHS TRUST,C_110,Trauma and Orthopaedic Service,2127.0,961.0,1107.0,59.0,45.18,2.77
Apr-2026,R1F,ISLE OF WIGHT NHS TRUST,C_120,Ear Nose and Throat Service,1081.0,593.0,488.0,0.0,54.86,0.0
Apr-2026,RHM,UNIVERSITY HOSPITAL SOUTHAMPTON NHS FOUNDATION TRUST,C_301,Gastroenterology Service,1278.0,1024.0,253.0,1.0,80.13,0.08
Apr-2026,RHM,UNIVERSITY HOSPITAL SOUTHAMPTON NHS FOUNDATION TRUST,C_502,Gynaecology Service,4159.0,2111.0,1768.0,280.0,50.76,6.73
Apr-2026,RHM,UNIVERSITY HOSPITAL SOUTHAMPTON NHS FOUNDATION TRUST,C_140,Oral Surgery Service,2577.0,1267.0,1130.0,180.0,49.17,6.98
Apr-2026,REF,ROYAL CORNWALL HOSPITALS NHS TRUST,C_100,General Surgery Service,2007.0,1225.0,776.0,6.0,61.04,0.3
Apr-2026,REF,ROYAL CORNWALL HOSPITALS NHS TRUST,C_140,Oral Surgery Service,2413.0,1737.0,669.0,7.0,71.99,0.29
Apr-2026,DXN,MODALITY LLP,C_120,Ear Nose and Throat Service,935.0,0.0,932.0,3.0,0.0,0.32
Apr-2026,NVC1H,STOURSIDE HOSPITAL,C_130,Ophthalmology Service,319.0,293.0,26.0,0.0,91.85,0.0
Apr-2026,NVC1H,STOURSIDE HOSPITAL,C_301,Gastroenterology Service,4.0,0.0,3.0,1.0,0.0,25.0
Apr-2026,RBK,WALSALL HEALTHCARE NHS TRUST,C_502,Gynaecology Service,2388.0,1811.0,577.0,0.0,75.84,0.0
Apr-2026,RBK,WALSALL HEALTHCARE NHS TRUST,X06,Other - Other Services,181.0,178.0,3.0,0.0,98.34,0.0
Apr-2026,RN5,HAMPSHIRE HOSPITALS NHS FOUNDATION TRUST,C_430,Elderly Medicine Service,150.0,137.0,13.0,0.0,91.33,0.0
Apr-2026,RW1,HAMPSHIRE AND ISLE OF WIGHT HEALTHCARE NHS FOUNDATION TRUST,X04,Other - Paediatric Services,9.0,9.0,0.0,0.0,100.0,0.0
Apr-2026,NTPH1,PRACTICE PLUS GROUP HOSPITAL - SHEPTON MALLET,C_100,General Surgery Service,255.0,202.0,53.0,0.0,79.22,0.0
Apr-2026,RH5,SOMERSET NHS FOUNDATION TRUST,C_502,Gynaecology Service,3745.0,2126.0,1546.0,73.0,56.77,1.95
Apr-2026,RH5,SOMERSET NHS FOUNDATION TRUST,C_170,Cardiothoracic Surgery Service,21.0,20.0,1.0,0.0,95.24,0.0
Apr-2026,NT427,PARK HOSPITAL,X06,Other - Other Services,60.0,58.0,2.0,0.0,96.67,0.0
Apr-2026,NVC40,WOODTHORPE HOSPITAL,C_101,Urology Service,181.0,150.0,31.0,0.0,82.87,0.0
Apr-2026,NVC40,WOODTHORPE HOSPITAL,C_301,Gastroenterology Service,169.0,139.0,30.0,0.0,82.25,0.0
Apr-2026,NVC40,WOODTHORPE HOSPITAL,C_502,Gynaecology Service,750.0,390.0,359.0,1.0,52.0,0.13
Apr-2026,RK5,SHERWOOD FOREST HOSPITALS NHS FOUNDATION TRUST,C_130,Ophthalmology Service,3282.0,2010.0,1265.0,7.0,61.24,0.21
Apr-2026,RK5,SHERWOOD FOREST HOSPITALS NHS FOUNDATION TRUST,C_160,Plastic Surgery Service,143.0,65.0,78.0,0.0,45.45,0.0
Apr-2026,RX1,NOTTINGHAM UNIVERSITY HOSPITALS NHS TRUST,C_101,Urology Service,3202.0,1984.0,1166.0,52.0,61.96,1.62
Apr-2026,RL4,THE ROYAL WOLVERHAMPTON NHS TRUST,C_100,General Surgery Service,1614.0,883.0,675.0,56.0,54.71,3.47
Apr-2026,RL4,THE ROYAL WOLVERHAMPTON NHS TRUST,C_502,Gynaecology Service,5742.0,3148.0,2314.0,280.0,54.82,4.88
Apr-2026,RNA,THE DUDLEY GROUP NHS FOUNDATION TRUST,C_340,Respiratory Medicine Service,1018.0,903.0,115.0,0.0,88.7,0.0
Apr-2026,RXK,SANDWELL AND WEST BIRMINGHAM HOSPITALS NHS TRUST,C_110,Trauma and Orthopaedic Service,5412.0,3383.0,2022.0,7.0,62.51,0.13
Apr-2026,NT206,"NUFFIELD HEALTH, BRISTOL HOSPITAL (CHESTERFIELD)",C_100,General Surgery Service,29.0,16.0,13.0,0.0,55.17,0.0
Apr-2026,NTPH2,PRACTICE PLUS GROUP HOSPITAL - EMERSONS GREEN,C_502,Gynaecology Service,313.0,238.0,75.0,0.0,76.04,0.0
Apr-2026,H4Y7F,SPAMEDICA DORCHESTER,C_999,Total,554.0,534.0,20.0,0.0,96.39,0.0
Apr-2026,R0D,UNIVERSITY HOSPITALS DORSET NHS FOUNDATION TRUST,C_120,Ear Nose and Throat Service,5810.0,3367.0,2438.0,5.0,57.95,0.09
Apr-2026,R0D,UNIVERSITY HOSPITALS DORSET NHS FOUNDATION TRUST,C_340,Respiratory Medicine Service,1477.0,953.0,522.0,2.0,64.52,0.14
Apr-2026,R0D,UNIVERSITY HOSPITALS DORSET NHS FOUNDATION TRUST,C_400,Neurology Service,1948.0,1490.0,457.0,1.0,76.49,0.05
Apr-2026,R0D,UNIVERSITY HOSPITALS DORSET NHS FOUNDATION TRUST,X02,Other - Medical Services,3307.0,2787.0,516.0,4.0,84.28,0.12
Apr-2026,R0D,UNIVERSITY HOSPITALS DORSET NHS FOUNDATION TRUST,C_100,General Surgery Service,1143.0,1042.0,99.0,2.0,91.16,0.17
Apr-2026,K8I4X,GLENDON WOOD HOSPITAL,C_301,Gastroenterology Service,165.0,143.0,22.0,0.0,86.67,0.0
Apr-2026,RNQ,KETTERING GENERAL HOSPITAL NHS FOUNDATION TRUST,C_430,Elderly Medicine Service,222.0,157.0,65.0,0.0,70.72,0.0
Apr-2026,RNQ,KETTERING GENERAL HOSPITAL NHS FOUNDATION TRUST,C_300,General Internal Medicine Service,3.0,3.0,0.0,0.0,100.0,0.0
Apr-2026,RMC,BOLTON NHS FOUNDATION TRUST,C_301,Gastroenterology Service,1478.0,1188.0,290.0,0.0,80.38,0.0
Apr-2026,RMC,BOLTON NHS FOUNDATION TRUST,C_140,Oral Surgery Service,2385.0,1232.0,1101.0,52.0,51.66,2.18
Apr-2026,RMC,BOLTON NHS FOUNDATION TRUST,C_410,Rheumatology Service,536.0,463.0,73.0,0.0,86.38,0.0
Apr-2026,RMP,TAMESIDE AND GLOSSOP INTEGRATED CARE NHS FOUNDATION TRUST,C_300,General Internal Medicine Service,35.0,31.0,4.0,0.0,88.57,0.0
Apr-2026,RRF,"WRIGHTINGTON, WIGAN AND LEIGH TEACHING HOSPITALS NHS FOUNDATION TRUST",C_301,Gastroenterology Service,4474.0,2571.0,1838.0,65.0,57.47,1.45
Apr-2026,NL3,CARE PLUS GROUP,C_320,Cardiology Service,182.0,156.0,25.0,1.0,85.71,0.55
Apr-2026,NT351,SPIRE HULL AND EAST RIDING HOSPITAL,C_100,General Surgery Service,698.0,446.0,252.0,0.0,63.9,0.0
Apr-2026,NTE02,ST HUGH'S HOSPITAL,C_100,General Surgery Service,197.0,152.0,44.0,1.0,77.16,0.51
Apr-2026,RCD,HARROGATE AND DISTRICT NHS FOUNDATION TRUST,C_999,Total,21420.0,16339.0,5077.0,4.0,76.28,0.02
Apr-2026,RCD,HARROGATE AND DISTRICT NHS FOUNDATION TRUST,C_130,Ophthalmology Service,1610.0,1229.0,381.0,0.0,76.34,0.0
Apr-2026,RCD,HARROGATE AND DISTRICT NHS FOUNDATION TRUST,X06,Other - Other Services,187.0,142.0,45.0,0.0,75.94,0.0
Apr-2026,RJL,NORTHERN LINCOLNSHIRE AND GOOLE NHS FOUNDATION TRUST,X06,Other - Other Services,341.0,132.0,188.0,21.0,38.71,6.16
Apr-2026,RJL,NORTHERN LINCOLNSHIRE AND GOOLE NHS FOUNDATION TRUST,C_330,Dermatology Service,1.0,1.0,0.0,0.0,100.0,0.0
Apr-2026,RWA,HULL UNIVERSITY TEACHING HOSPITALS NHS TRUST,C_999,Total,83615.0,47106.0,33621.0,2888.0,56.34,3.45
Apr-2026,G3Z1Q,SULIS HOSPITAL BATH (FOXCOTE AVENUE),X02,Other - Medical Services,2.0,2.0,0.0,0.0,100.0,0.0
Apr-2026,NT430,RIDGEWAY HOSPITAL,C_301,Gastroenterology Service,40.0,36.0,4.0,0.0,90.0,0.0
Apr-2026,RD1,ROYAL UNITED HOSPITALS BATH NHS FOUNDATION TRUST,X02,Other - Medical Services,3962.0,3015.0,896.0,51.0,76.1,1.29
Apr-2026,NVC22,WINFIELD HOSPITAL,C_120,Ear Nose and Throat Service,6.0,0.0,6.0,0.0,0.0,0.0
Apr-2026,RTE,GLOUCESTERSHIRE HOSPITALS NHS FOUNDATION TRUST,C_300,General Internal Medicine Service,266.0,245.0,21.0,0.0,92.11,0.0
Apr-2026,C5Y9L,NEWMEDICA - BERKSHIRE - BRACKNELL,C_999,Total,171.0,126.0,44.0,1.0,73.68,0.58
Apr-2026,NT324,SPIRE CHESHIRE HOSPITAL,C_101,Urology Service,3.0,3.0,0.0,0.0,100.0,0.0
Apr-2026,NT337,SPIRE LIVERPOOL HOSPITAL,C_101,Urology Service,205.0,171.0,34.0,0.0,83.41,0.0
Apr-2026,RBL,WIRRAL UNIVERSITY TEACHING HOSPITAL NHS FOUNDATION TRUST,C_502,Gynaecology Service,2837.0,1708.0,1119.0,10.0,60.2,0.35
Apr-2026,RBL,WIRRAL UNIVERSITY TEACHING HOSPITAL NHS FOUNDATION TRUST,C_130,Ophthalmology Service,3187.0,1915.0,1255.0,17.0,60.09,0.53
Apr-2026,RBL,WIRRAL UNIVERSITY TEACHING HOSPITAL NHS FOUNDATION TRUST,X06,Other - Other Services,3883.0,3508.0,369.0,6.0,90.34,0.15
Apr-2026,RBL,WIRRAL UNIVERSITY TEACHING HOSPITAL NHS FOUNDATION TRUST,C_430,Elderly Medicine Service,154.0,148.0,6.0,0.0,96.1,0.0
Apr-2026,RBN,MERSEY AND WEST LANCASHIRE TEACHING HOSPITALS NHS TRUST,C_101,Urology Service,5841.0,3988.0,1786.0,67.0,68.28,1.15
Apr-2026,RBN,MERSEY AND WEST LANCASHIRE TEACHING HOSPITALS NHS TRUST,C_320,Cardiology Service,2653.0,1971.0,681.0,1.0,74.29,0.04
Apr-2026,RBN,MERSEY AND WEST LANCASHIRE TEACHING HOSPITALS NHS TRUST,C_410,Rheumatology Service,1393.0,907.0,443.0,43.0,65.11,3.09
Apr-2026,RBT,MID CHESHIRE HOSPITALS NHS FOUNDATION TRUST,C_100,General Surgery Service,1423.0,607.0,768.0,48.0,42.66,3.37
Apr-2026,RET,THE WALTON CENTRE NHS FOUNDATION TRUST,X02,Other - Medical Services,2921.0,1843.0,1071.0,7.0,63.09,0.24
Apr-2026,RJN,EAST CHESHIRE NHS TRUST,X05,Other - Surgical Services,916.0,793.0,122.0,1.0,86.57,0.11
Apr-2026,RJN,EAST CHESHIRE NHS TRUST,C_320,Cardiology Service,1344.0,723.0,596.0,25.0,53.79,1.86
Apr-2026,RJN,EAST CHESHIRE NHS TRUST,X04,Other - Paediatric Services,319.0,212.0,105.0,2.0,66.46,0.63
Apr-2026,RJN,EAST CHESHIRE NHS TRUST,C_160,Plastic Surgery Service,18.0,17.0,1.0,0.0,94.44,0.0
Apr-2026,RJR,COUNTESS OF CHESTER HOSPITAL NHS FOUNDATION TRUST,C_140,Oral Surgery Service,1958.0,913.0,1014.0,31.0,46.63,1.58
Apr-2026,RJR,COUNTESS OF CHESTER HOSPITAL NHS FOUNDATION TRUST,C_502,Gynaecology Service,2526.0,1480.0,945.0,101.0,58.59,4.0
Apr-2026,X7Y2H,ACES WILMSLOW,C_999,Total,5.0,5.0,0.0,0.0,100.0,0.0
Apr-2026,Y9S1N,FAIRFIELD INDEPENDENT HOSPITAL,C_100,General Surgery Service,428.0,344.0,79.0,5.0,80.37,1.17
Apr-2026,RTH,OXFORD UNIVERSITY HOSPITALS NHS FOUNDATION TRUST,C_330,Dermatology Service,6427.0,3207.0,3083.0,137.0,49.9,2.13
Apr-2026,RXQ,BUCKINGHAMSHIRE HEALTHCARE NHS TRUST,C_130,Ophthalmology Service,5211.0,3674.0,1537.0,0.0,70.5,0.0
Apr-2026,H7X1I,ANGLIA COMMUNITY EYE SERVICE - CAMBRIDGE,C_130,Ophthalmology Service,224.0,184.0,38.0,2.0,82.14,0.89
Apr-2026,H7X1I,ANGLIA COMMUNITY EYE SERVICE - CAMBRIDGE,C_999,Total,224.0,184.0,38.0,2.0,82.14,0.89
Apr-2026,NT316,SPIRE HARPENDEN HOSPITAL,C_110,Trauma and Orthopaedic Service,467.0,365.0,102.0,0.0,78.16,0.0
Apr-2026,NVC15,PINEHILL HOSPITAL,C_101,Urology Service,39.0,16.0,23.0,0.0,41.03,0.0
Apr-2026,RCX,"THE QUEEN ELIZABETH HOSPITAL, KING'S LYNN, NHS FOUNDATION TRUST",X06,Other - Other Services,457.0,321.0,135.0,1.0,70.24,0.22
Apr-2026,RCX,"THE QUEEN ELIZABETH HOSPITAL, KING'S LYNN, NHS FOUNDATION TRUST",C_140,Oral Surgery Service,391.0,278.0,100.0,13.0,71.1,3.32
Apr-2026,RGP,JAMES PAGET UNIVERSITY HOSPITALS NHS FOUNDATION TRUST,C_130,Ophthalmology Service,3370.0,2055.0,1241.0,74.0,60.98,2.2
Apr-2026,RGR,WEST SUFFOLK NHS FOUNDATION TRUST,C_130,Ophthalmology Service,2312.0,1671.0,636.0,5.0,72.28,0.22
Apr-2026,RGR,WEST SUFFOLK NHS FOUNDATION TRUST,C_330,Dermatology Service,2027.0,1782.0,232.0,13.0,87.91,0.64
Apr-2026,RGR,WEST SUFFOLK NHS FOUNDATION TRUST,X05,Other - Surgical Services,3559.0,2426.0,1060.0,73.0,68.17,2.05
Apr-2026,RGR,WEST SUFFOLK NHS FOUNDATION TRUST,X04,Other - Paediatric Services,1467.0,919.0,509.0,39.0,62.64,2.66
Apr-2026,RM1,NORFOLK AND NORWICH UNIVERSITY HOSPITALS NHS FOUNDATION TRUST,C_400,Neurology Service,2201.0,1694.0,497.0,10.0,76.97,0.45
Apr-2026,RM1,NORFOLK AND NORWICH UNIVERSITY HOSPITALS NHS FOUNDATION TRUST,X04,Other - Paediatric Services,4573.0,3026.0,1470.0,77.0,66.17,1.68
Apr-2026,NNH07,OPTEGRA LONDON EYE HOSPITAL,C_130,Ophthalmology Service,876.0,809.0,67.0,0.0,92.35,0.0
Apr-2026,NT405,BISHOPS WOOD HOSPITAL,C_100,General Surgery Service,46.0,41.0,5.0,0.0,89.13,0.0
Apr-2026,NT411,CLEMENTINE CHURCHILL HOSPITAL,C_301,Gastroenterology Service,215.0,214.0,1.0,0.0,99.53,0.0
Apr-2026,NT411,CLEMENTINE CHURCHILL HOSPITAL,C_130,Ophthalmology Service,38.0,38.0,0.0,0.0,100.0,0.0
Apr-2026,NT451,CAVELL HOSPITAL,C_301,Gastroenterology Service,338.0,256.0,82.0,0.0,75.74,0.0
Apr-2026,R1K,LONDON NORTH WEST UNIVERSITY HEALTHCARE NHS TRUST,C_410,Rheumatology Service,748.0,707.0,41.0,0.0,94.52,0.0
Apr-2026,R1K,LONDON NORTH WEST UNIVERSITY HEALTHCARE NHS TRUST,C_430,Elderly Medicine Service,108.0,103.0,5.0,0.0,95.37,0.0
Apr-2026,RAL,ROYAL FREE LONDON NHS FOUNDATION TRUST,C_999,Total,136889.0,86387.0,48751.0,1751.0,63.11,1.28
Apr-2026,RAL,ROYAL FREE LONDON NHS FOUNDATION TRUST,C_502,Gynaecology Service,8514.0,5407.0,2943.0,164.0,63.51,1.93
Apr-2026,RAN,ROYAL NATIONAL ORTHOPAEDIC HOSPITAL NHS TRUST,C_110,Trauma and Orthopaedic Service,4436.0,3086.0,1346.0,4.0,69.57,0.09
Apr-2026,RAS,THE HILLINGDON HOSPITALS NHS FOUNDATION TRUST,C_300,General Internal Medicine Service,3.0,1.0,2.0,0.0,33.33,0.0
Apr-2026,RP4,GREAT ORMOND STREET HOSPITAL FOR CHILDREN NHS FOUNDATION TRUST,X04,Other - Paediatric Services,6026.0,4058.0,1766.0,202.0,67.34,3.35
Apr-2026,RQM,CHELSEA AND WESTMINSTER HOSPITAL NHS FOUNDATION TRUST,C_100,General Surgery Service,4635.0,2556.0,1968.0,111.0,55.15,2.39
Apr-2026,RQM,CHELSEA AND WESTMINSTER HOSPITAL NHS FOUNDATION TRUST,C_120,Ear Nose and Throat Service,5604.0,3112.0,2341.0,151.0,55.53,2.69
Apr-2026,RBD,DORSET COUNTY HOSPITAL NHS FOUNDATION TRUST,C_101,Urology Service,1307.0,857.0,450.0,0.0,65.57,0.0
Apr-2026,RBD,DORSET COUNTY HOSPITAL NHS FOUNDATION TRUST,C_320,Cardiology Service,1689.0,1018.0,670.0,1.0,60.27,0.06
Apr-2026,N1N0Y,SPAMEDICA CROYDON,C_130,Ophthalmology Service,153.0,141.0,12.0,0.0,92.16,0.0
Apr-2026,N1N0Y,SPAMEDICA CROYDON,C_999,Total,153.0,141.0,12.0,0.0,92.16,0.0
Apr-2026,R0F4N,NUFFIELD HEALTH PARKSIDE HOSPITAL,X05,Other - Surgical Services,4.0,0.0,2.0,2.0,0.0,50.0
Apr-2026,RAX,KINGSTON AND RICHMOND NHS FOUNDATION TRUST,C_502,Gynaecology Service,4118.0,2961.0,1122.0,35.0,71.9,0.85
Apr-2026,RAX,KINGSTON AND RICHMOND NHS FOUNDATION TRUST,C_301,Gastroenterology Service,3214.0,1987.0,1227.0,0.0,61.82,0.0
Apr-2026,RAX,KINGSTON AND RICHMOND NHS FOUNDATION TRUST,X02,Other - Medical Services,1264.0,934.0,330.0,0.0,73.89,0.0
Apr-2026,ACG19,NEWMEDICA COMMUNITY OPHTHALMOLOGY - LEEDS,C_130,Ophthalmology Service,585.0,523.0,62.0,0.0,89.4,0.0
Apr-2026,NEQ,PHOENIX HEALTH SOLUTIONS LIMITED HQ,C_130,Ophthalmology Service,180.0,179.0,1.0,0.0,99.44,0.0
Apr-2026,NNH02,OPTEGRA YORKSHIRE EYE HOSPITAL,C_999,Total,842.0,675.0,167.0,0.0,80.17,0.0
Apr-2026,NT332,SPIRE LEEDS HOSPITAL,C_160,Plastic Surgery Service,111.0,70.0,41.0,0.0,63.06,0.0
Apr-2026,NT448,HUDDERSFIELD PRIVATE HOSPITAL,C_101,Urology Service,86.0,79.0,7.0,0.0,91.86,0.0
Apr-2026,NVC20,THE YORKSHIRE CLINIC,C_110,Trauma and Orthopaedic Service,1407.0,958.0,445.0,4.0,68.09,0.28
Apr-2026,RJ6,CROYDON HEALTH SERVICES NHS TRUST,X02,Other - Medical Services,3740.0,3164.0,571.0,5.0,84.6,0.13
Apr-2026,RJ7,ST GEORGE'S UNIVERSITY HOSPITALS NHS FOUNDATION TRUST,X02,Other - Medical Services,10265.0,7164.0,3073.0,28.0,69.79,0.27
Apr-2026,RVR,EPSOM AND ST HELIER UNIVERSITY HOSPITALS NHS TRUST,C_430,Elderly Medicine Service,182.0,121.0,60.0,1.0,66.48,0.55
Apr-2026,RCF,AIREDALE NHS FOUNDATION TRUST,C_120,Ear Nose and Throat Service,1229.0,827.0,400.0,2.0,67.29,0.16
Apr-2026,RCF,AIREDALE NHS FOUNDATION TRUST,C_100,General Surgery Service,1731.0,1221.0,495.0,15.0,70.54,0.87
Apr-2026,RCF,AIREDALE NHS FOUNDATION TRUST,C_130,Ophthalmology Service,601.0,500.0,101.0,0.0,83.19,0.0
Apr-2026,RR8,LEEDS TEACHING HOSPITALS NHS TRUST,C_110,Trauma and Orthopaedic Service,5864.0,3282.0,2320.0,262.0,55.97,4.47
Apr-2026,RR8,LEEDS TEACHING HOSPITALS NHS TRUST,C_999,Total,86702.0,58527.0,26871.0,1304.0,67.5,1.5
Apr-2026,RR8,LEEDS TEACHING HOSPITALS NHS TRUST,C_130,Ophthalmology Service,4897.0,4101.0,796.0,0.0,83.75,0.0
Apr-2026,RR8,LEEDS TEACHING HOSPITALS NHS TRUST,C_301,Gastroenterology Service,3132.0,2304.0,827.0,1.0,73.56,0.03
Apr-2026,RWY,CALDERDALE AND HUDDERSFIELD NHS FOUNDATION TRUST,C_410,Rheumatology Service,1116.0,850.0,265.0,1.0,76.16,0.09
Apr-2026,RWY,CALDERDALE AND HUDDERSFIELD NHS FOUNDATION TRUST,X06,Other - Other Services,224.0,216.0,8.0,0.0,96.43,0.0
Apr-2026,NT424,MERIDEN HOSPITAL,C_999,Total,1877.0,1546.0,331.0,0.0,82.37,0.0
Apr-2026,NT424,MERIDEN HOSPITAL,C_301,Gastroenterology Service,173.0,151.0,22.0,0.0,87.28,0.0
Apr-2026,RJC,SOUTH WARWICKSHIRE UNIVERSITY NHS FOUNDATION TRUST,X06,Other - Other Services,763.0,751.0,12.0,0.0,98.43,0.0
Apr-2026,RKB,UNIVERSITY HOSPITALS COVENTRY AND WARWICKSHIRE NHS TRUST,C_130,Ophthalmology Service,6703.0,3620.0,2842.0,241.0,54.01,3.6
Apr-2026,RLT,GEORGE ELIOT HOSPITAL NHS TRUST,X02,Other - Medical Services,847.0,722.0,125.0,0.0,85.24,0.0
Apr-2026,NPG14,SPAMEDICA WIDNES,C_130,Ophthalmology Service,290.0,269.0,21.0,0.0,92.76,0.0
Apr-2026,S3H9L,THE HAMPTONS HOSPITAL LTD,C_110,Trauma and Orthopaedic Service,49.0,16.0,21.0,12.0,32.65,24.49
Apr-2026,S3H9L,THE HAMPTONS HOSPITAL LTD,C_999,Total,735.0,344.0,361.0,30.0,46.8,4.08
Apr-2026,NNE,DORKING HEALTHCARE LIMITED (DHC),C_101,Urology Service,177.0,146.0,31.0,0.0,82.49,0.0
Apr-2026,NNE,DORKING HEALTHCARE LIMITED (DHC),X03,Other - Mental Health Services,2.0,2.0,0.0,0.0,100.0,0.0
Apr-2026,NT212,"NUFFIELD HEALTH, CHICHESTER HOSPITAL",C_999,Total,436.0,329.0,105.0,2.0,75.46,0.46
Apr-2026,NT364,SPIRE MONTEFIORE HOSPITAL,X05,Other - Surgical Services,2.0,2.0,0.0,0.0,100.0,0.0
Apr-2026,NT431,RUNNYMEDE HOSPITAL,C_301,Gastroenterology Service,33.0,26.0,7.0,0.0,78.79,0.0
Apr-2026,NVC01,ASHTEAD HOSPITAL,C_160,Plastic Surgery Service,7.0,5.0,2.0,0.0,71.43,0.0
Apr-2026,NVM,EPSOMEDICAL GROUP,C_101,Urology Service,121.0,101.0,13.0,7.0,83.47,5.79
Apr-2026,NVC31,BLAKELANDS HOSPITAL,C_110,Trauma and Orthopaedic Service,1074.0,643.0,427.0,4.0,59.87,0.37
Apr-2026,Q1W6P,SPAMEDICA WATFORD,C_130,Ophthalmology Service,451.0,427.0,24.0,0.0,94.68,0.0
Apr-2026,RC9,BEDFORDSHIRE HOSPITALS NHS FOUNDATION TRUST,C_301,Gastroenterology Service,3373.0,2155.0,1216.0,2.0,63.89,0.06
Apr-2026,RGT,CAMBRIDGE UNIVERSITY HOSPITALS NHS FOUNDATION TRUST,C_140,Oral Surgery Service,3816.0,1650.0,2052.0,114.0,43.24,2.99
Apr-2026,RGT,CAMBRIDGE UNIVERSITY HOSPITALS NHS FOUNDATION TRUST,X03,Other - Mental Health Services,7.0,2.0,5.0,0.0,28.57,0.0
Apr-2026,RWG,WEST HERTFORDSHIRE TEACHING HOSPITALS NHS TRUST,C_110,Trauma and Orthopaedic Service,4566.0,2614.0,1891.0,61.0,57.25,1.34
Apr-2026,RA2,ROYAL SURREY NHS FOUNDATION TRUST,C_999,Total,30954.0,19633.0,10905.0,416.0,63.43,1.34
Apr-2026,RA2,ROYAL SURREY NHS FOUNDATION TRUST,C_160,Plastic Surgery Service,135.0,109.0,26.0,0.0,80.74,0.0
Apr-2026,RDU,FRIMLEY HEALTH NHS FOUNDATION TRUST,C_301,Gastroenterology Service,1839.0,1274.0,562.0,3.0,69.28,0.16
Apr-2026,RPC,QUEEN VICTORIA HOSPITAL NHS FOUNDATION TRUST,C_160,Plastic Surgery Service,5592.0,3101.0,2324.0,167.0,55.45,2.99
Apr-2026,RTP,SURREY AND SUSSEX HEALTHCARE NHS TRUST,C_101,Urology Service,2650.0,1858.0,759.0,33.0,70.11,1.25
Apr-2026,RXC,EAST SUSSEX HEALTHCARE NHS TRUST,X02,Other - Medical Services,4078.0,2472.0,1583.0,23.0,60.62,0.56
Apr-2026,RXC,EAST SUSSEX HEALTHCARE NHS TRUST,C_120,Ear Nose and Throat Service,5696.0,3392.0,2297.0,7.0,59.55,0.12
Apr-2026,RYR,UNIVERSITY HOSPITALS SUSSEX NHS FOUNDATION TRUST,C_330,Dermatology Service,8768.0,5096.0,2988.0,684.0,58.12,7.8
Apr-2026,RYR,UNIVERSITY HOSPITALS SUSSEX NHS FOUNDATION TRUST,C_140,Oral Surgery Service,8195.0,3533.0,4142.0,520.0,43.11,6.35
Apr-2026,B5M7B,NEWMEDICA - NORWICH,C_999,Total,1675.0,1487.0,188.0,0.0,88.78,0.0
Apr-2026,K7J9E,ANGLIA COMMUNITY EYE SERVICE - NORWICH,C_999,Total,12.0,9.0,3.0,0.0,75.0,0.0
Apr-2026,NVC18,SPRINGFIELD HOSPITAL,C_999,Total,4671.0,3269.0,1299.0,103.0,69.99,2.21
Apr-2026,NVC18,SPRINGFIELD HOSPITAL,C_160,Plastic Surgery Service,4.0,2.0,2.0,0.0,50.0,0.0
Apr-2026,RAJ,MID AND SOUTH ESSEX NHS FOUNDATION TRUST,C_160,Plastic Surgery Service,6431.0,2669.0,3250.0,512.0,41.5,7.96
Apr-2026,RAJ,MID AND SOUTH ESSEX NHS FOUNDATION TRUST,X05,Other - Surgical Services,7193.0,4150.0,2692.0,351.0,57.69,4.88
Apr-2026,RQW,THE PRINCESS ALEXANDRA HOSPITAL NHS TRUST,C_320,Cardiology Service,4144.0,2727.0,1409.0,8.0,65.81,0.19
Apr-2026,NVC07,FULWOOD HALL HOSPITAL,C_101,Urology Service,475.0,354.0,121.0,0.0,74.53,0.0
Apr-2026,NVC16,RENACRES HOSPITAL,X02,Other - Medical Services,1421.0,605.0,800.0,16.0,42.58,1.13
Apr-2026,RTX,UNIVERSITY HOSPITALS OF MORECAMBE BAY NHS FOUNDATION TRUST,C_130,Ophthalmology Service,2556.0,2139.0,374.0,43.0,83.69,1.68
Apr-2026,RXN,LANCASHIRE TEACHING HOSPITALS NHS FOUNDATION TRUST,C_999,Total,61323.0,35183.0,25300.0,840.0,57.37,1.37
Apr-2026,RXN,LANCASHIRE TEACHING HOSPITALS NHS FOUNDATION TRUST,C_140,Oral Surgery Service,4362.0,2279.0,2046.0,37.0,52.25,0.85
Apr-2026,B3M1X,CLAREMONT PRIVATE HOSPITAL,C_301,Gastroenterology Service,1.0,0.0,1.0,0.0,0.0,0.0
Apr-2026,RFR,THE ROTHERHAM NHS FOUNDATION TRUST,C_140,Oral Surgery Service,2584.0,1171.0,1324.0,89.0,45.32,3.44
Apr-2026,RP5,DONCASTER AND BASSETLAW TEACHING HOSPITALS NHS FOUNDATION TRUST,C_320,Cardiology Service,2478.0,2028.0,450.0,0.0,81.84,0.0
Apr-2026,J0M7P,SPAMEDICA HEREFORD DIAGNOSTIC AND TREATMENT CENTRE,C_130,Ophthalmology Service,42.0,39.0,3.0,0.0,92.86,0.0
Apr-2026,NT412,DROITWICH SPA HOSPITAL,C_999,Total,1465.0,922.0,540.0,3.0,62.94,0.2
Apr-2026,RRV,UNIVERSITY COLLEGE LONDON HOSPITALS NHS FOUNDATION TRUST,C_120,Ear Nose and Throat Service,6889.0,3948.0,2834.0,107.0,57.31,1.55
Apr-2026,RYJ,IMPERIAL COLLEGE HEALTHCARE NHS TRUST,C_120,Ear Nose and Throat Service,8145.0,4800.0,3331.0,14.0,58.93,0.17
Apr-2026,RYJ,IMPERIAL COLLEGE HEALTHCARE NHS TRUST,X02,Other - Medical Services,12584.0,9711.0,2872.0,1.0,77.17,0.01
Apr-2026,RYJ,IMPERIAL COLLEGE HEALTHCARE NHS TRUST,C_999,Total,83754.0,58051.0,25649.0,54.0,69.31,0.06
Apr-2026,U6A5N,ACES CHISWICK,C_999,Total,6.0,4.0,2.0,0.0,66.67,0.0
Apr-2026,R1H,BARTS HEALTH NHS TRUST,C_430,Elderly Medicine Service,173.0,158.0,15.0,0.0,91.33,0.0
Apr-2026,RF4,"BARKING, HAVERING AND REDBRIDGE UNIVERSITY HOSPITALS NHS TRUST",C_100,General Surgery Service,7338.0,3940.0,3259.0,139.0,53.69,1.89
Apr-2026,RF4,"BARKING, HAVERING AND REDBRIDGE UNIVERSITY HOSPITALS NHS TRUST",C_301,Gastroenterology Service,4310.0,3213.0,1093.0,4.0,74.55,0.09
Apr-2026,RF4,"BARKING, HAVERING AND REDBRIDGE UNIVERSITY HOSPITALS NHS TRUST",C_410,Rheumatology Service,1100.0,926.0,173.0,1.0,84.18,0.09
Apr-2026,RF4,"BARKING, HAVERING AND REDBRIDGE UNIVERSITY HOSPITALS NHS TRUST",C_430,Elderly Medicine Service,575.0,547.0,26.0,2.0,95.13,0.35
Apr-2026,RF4,"BARKING, HAVERING AND REDBRIDGE UNIVERSITY HOSPITALS NHS TRUST",C_502,Gynaecology Service,6321.0,3089.0,2864.0,368.0,48.87,5.82
Apr-2026,RQX,HOMERTON HEALTHCARE NHS FOUNDATION TRUST,C_502,Gynaecology Service,4130.0,3251.0,859.0,20.0,78.72,0.48
Apr-2026,RQX,HOMERTON HEALTHCARE NHS FOUNDATION TRUST,X06,Other - Other Services,9.0,9.0,0.0,0.0,100.0,0.0
Apr-2026,B6Z0N,OPTEGRA EYE HOSPITAL UTTOXETER,C_999,Total,315.0,275.0,40.0,0.0,87.3,0.0
Apr-2026,NVC17,ROWLEY HALL HOSPITAL,C_110,Trauma and Orthopaedic Service,1842.0,1102.0,739.0,1.0,59.83,0.05
Apr-2026,RXW,THE SHREWSBURY AND TELFORD HOSPITAL NHS TRUST,C_130,Ophthalmology Service,3382.0,2649.0,733.0,0.0,78.33,0.0
Apr-2026,RXW,THE SHREWSBURY AND TELFORD HOSPITAL NHS TRUST,C_170,Cardiothoracic Surgery Service,65.0,62.0,3.0,0.0,95.38,0.0
Apr-2026,NLE01,LANCASTER HOUSE CONSULTING DIAGNOSTICS SURGICAL LTD HQ,C_502,Gynaecology Service,553.0,487.0,66.0,0.0,88.07,0.0
Apr-2026,NT420,HIGHFIELD HOSPITAL,C_999,Total,941.0,639.0,302.0,0.0,67.91,0.0
Apr-2026,R0A,MANCHESTER UNIVERSITY NHS FOUNDATION TRUST,C_120,Ear Nose and Throat Service,9148.0,5266.0,3785.0,97.0,57.56,1.06
Apr-2026,R0A,MANCHESTER UNIVERSITY NHS FOUNDATION TRUST,X03,Other - Mental Health Services,27.0,26.0,1.0,0.0,96.3,0.0
Apr-2026,RM3,NORTHERN CARE ALLIANCE NHS FOUNDATION TRUST,C_330,Dermatology Service,13686.0,7176.0,6345.0,165.0,52.43,1.21
Apr-2026,RM3,NORTHERN CARE ALLIANCE NHS FOUNDATION TRUST,X06,Other - Other Services,92.0,61.0,28.0,3.0,66.3,3.26
Apr-2026,NR5,LIVEWELL SOUTHWEST,C_430,Elderly Medicine Service,19.0,19.0,0.0,0.0,100.0,0.0
Apr-2026,NTPH5,PRACTICE PLUS GROUP HOSPITAL - PLYMOUTH,C_130,Ophthalmology Service,40.0,39.0,1.0,0.0,97.5,0.0
Apr-2026,NVC0Y,EXETER MEDICAL,C_330,Dermatology Service,21.0,12.0,8.0,1.0,57.14,4.76
Apr-2026,RH8,ROYAL DEVON UNIVERSITY HEALTHCARE NHS FOUNDATION TRUST,C_410,Rheumatology Service,720.0,616.0,104.0,0.0,85.56,0.0
Apr-2026,RK9,UNIVERSITY HOSPITALS PLYMOUTH NHS TRUST,C_340,Respiratory Medicine Service,1702.0,1221.0,477.0,4.0,71.74,0.24
Apr-2026,ADP02,KIMS HOSPITAL (NEWNHAM COURT),C_110,Trauma and Orthopaedic Service,839.0,705.0,134.0,0.0,84.03,0.0
Apr-2026,NTP16,PRACTICE PLUS GROUP SURGICAL CENTRE - GILLINGHAM,C_100,General Surgery Service,264.0,239.0,25.0,0.0,90.53,0.0
Apr-2026,NWF01,BENENDEN HOSPITAL,C_502,Gynaecology Service,246.0,198.0,48.0,0.0,80.49,0.0
Apr-2026,RN7,DARTFORD AND GRAVESHAM NHS TRUST,C_101,Urology Service,2770.0,1898.0,867.0,5.0,68.52,0.18
Apr-2026,RN7,DARTFORD AND GRAVESHAM NHS TRUST,C_430,Elderly Medicine Service,371.0,316.0,55.0,0.0,85.18,0.0
Apr-2026,RN7,DARTFORD AND GRAVESHAM NHS TRUST,X06,Other - Other Services,355.0,299.0,56.0,0.0,84.23,0.0
Apr-2026,DPK,THE STONEYGATE EYE HOSPITAL,C_130,Ophthalmology Service,752.0,658.0,94.0,0.0,87.5,0.0
Apr-2026,NT322,SPIRE LEICESTER HOSPITAL,X05,Other - Surgical Services,1.0,0.0,0.0,1.0,0.0,100.0
Apr-2026,RWE,UNIVERSITY HOSPITALS OF LEICESTER NHS TRUST,C_101,Urology Service,3632.0,2803.0,826.0,3.0,77.18,0.08
Apr-2026,RWE,UNIVERSITY HOSPITALS OF LEICESTER NHS TRUST,C_130,Ophthalmology Service,9193.0,6220.0,2956.0,17.0,67.66,0.18
Apr-2026,RWE,UNIVERSITY HOSPITALS OF LEICESTER NHS TRUST,C_340,Respiratory Medicine Service,2400.0,1904.0,496.0,0.0,79.33,0.0
Apr-2026,NT409,CHELSFIELD PARK HOSPITAL,C_999,Total,754.0,624.0,130.0,0.0,82.76,0.0
Apr-2026,NT409,CHELSFIELD PARK HOSPITAL,X06,Other - Other Services,214.0,189.0,25.0,0.0,88.32,0.0
Apr-2026,NT437,SLOANE HOSPITAL,X06,Other - Other Services,236.0,204.0,31.0,1.0,86.44,0.42
Apr-2026,NT437,SLOANE HOSPITAL,C_301,Gastroenterology Service,32.0,24.0,8.0,0.0,75.0,0.0
Apr-2026,RJ2,LEWISHAM AND GREENWICH NHS TRUST,X02,Other - Medical Services,2118.0,1841.0,274.0,3.0,86.92,0.14
Apr-2026,RPA,MEDWAY NHS FOUNDATION TRUST,C_340,Respiratory Medicine Service,994.0,596.0,398.0,0.0,59.96,0.0
Apr-2026,RPA,MEDWAY NHS FOUNDATION TRUST,C_502,Gynaecology Service,3991.0,2374.0,1617.0,0.0,59.48,0.0
Apr-2026,RVV,EAST KENT HOSPITALS UNIVERSITY NHS FOUNDATION TRUST,C_100,General Surgery Service,8211.0,4809.0,3001.0,401.0,58.57,4.88
Apr-2026,RWF,MAIDSTONE AND TUNBRIDGE WELLS NHS TRUST,C_100,General Surgery Service,5417.0,3960.0,1457.0,0.0,73.1,0.0
Apr-2026,RWF,MAIDSTONE AND TUNBRIDGE WELLS NHS TRUST,C_502,Gynaecology Service,4872.0,3498.0,1374.0,0.0,71.8,0.0
Apr-2026,NT314,SPIRE LONDON EAST,C_100,General Surgery Service,671.0,493.0,171.0,7.0,73.47,1.04
Apr-2026,NT422,LONDON INDEPENDENT HOSPITAL,C_110,Trauma and Orthopaedic Service,2019.0,1622.0,394.0,3.0,80.34,0.15
Apr-2026,NTP15,PRACTICE PLUS GROUP HOSPITAL - ILFORD,C_101,Urology Service,262.0,207.0,55.0,0.0,79.01,0.0
Apr-2026,F0R0W,NEWMEDICA - DARLINGTON,C_999,Total,65.0,64.0,1.0,0.0,98.46,0.0
Apr-2026,NN4,TYNESIDE SURGICAL SERVICES LTD,C_100,General Surgery Service,79.0,55.0,24.0,0.0,69.62,0.0
Apr-2026,NT457,WOODLANDS HOSPITAL,C_100,General Surgery Service,337.0,252.0,85.0,0.0,74.78,0.0
Apr-2026,NT457,WOODLANDS HOSPITAL,C_502,Gynaecology Service,382.0,272.0,108.0,2.0,71.2,0.52
Apr-2026,NT457,WOODLANDS HOSPITAL,C_999,Total,2757.0,2172.0,578.0,7.0,78.78,0.25
Apr-2026,RLQ,WYE VALLEY NHS TRUST,C_140,Oral Surgery Service,709.0,416.0,293.0,0.0,58.67,0.0
Apr-2026,RLQ,WYE VALLEY NHS TRUST,C_340,Respiratory Medicine Service,1273.0,1017.0,245.0,11.0,79.89,0.86
Apr-2026,RWP,WORCESTERSHIRE ACUTE HOSPITALS NHS TRUST,C_110,Trauma and Orthopaedic Service,5096.0,2395.0,2495.0,206.0,47.0,4.04
Apr-2026,RWP,WORCESTERSHIRE ACUTE HOSPITALS NHS TRUST,C_340,Respiratory Medicine Service,1497.0,1154.0,343.0,0.0,77.09,0.0
Apr-2026,M2Y6D,PRACTICE PLUS GROUP HOSPITAL BIRMINGHAM,C_999,Total,1494.0,1185.0,305.0,4.0,79.32,0.27
Apr-2026,NT445,EDGBASTON HOSPITAL,X06,Other - Other Services,1.0,1.0,0.0,0.0,100.0,0.0
Apr-2026,RRK,UNIVERSITY HOSPITALS BIRMINGHAM NHS FOUNDATION TRUST,C_170,Cardiothoracic Surgery Service,171.0,152.0,19.0,0.0,88.89,0.0
Apr-2026,RYW,BIRMINGHAM COMMUNITY HEALTHCARE NHS FOUNDATION TRUST,C_999,Total,14412.0,11220.0,3191.0,1.0,77.85,0.01
Apr-2026,RNN,NORTH CUMBRIA INTEGRATED CARE NHS FOUNDATION TRUST,C_100,General Surgery Service,1268.0,675.0,554.0,39.0,53.23,3.08
Apr-2026,RNN,NORTH CUMBRIA INTEGRATED CARE NHS FOUNDATION TRUST,C_430,Elderly Medicine Service,252.0,185.0,67.0,0.0,73.41,0.0
Apr-2026,RR7,GATESHEAD HEALTH NHS FOUNDATION TRUST,C_100,General Surgery Service,2291.0,2114.0,177.0,0.0,92.27,0.0
Apr-2026,RR7,GATESHEAD HEALTH NHS FOUNDATION TRUST,C_320,Cardiology Service,845.0,608.0,237.0,0.0,71.95,0.0
Apr-2026,RR7,GATESHEAD HEALTH NHS FOUNDATION TRUST,C_101,Urology Service,796.0,478.0,312.0,6.0,60.05,0.75
Apr-2026,RR7,GATESHEAD HEALTH NHS FOUNDATION TRUST,C_502,Gynaecology Service,2005.0,1267.0,738.0,0.0,63.19,0.0
Apr-2026,RTD,THE NEWCASTLE UPON TYNE HOSPITALS NHS FOUNDATION TRUST,C_330,Dermatology Service,8054.0,5185.0,2869.0,0.0,64.38,0.0
Apr-2026,RTF,NORTHUMBRIA HEALTHCARE NHS FOUNDATION TRUST,X03,Other - Mental Health Services,248.0,239.0,9.0,0.0,96.37,0.0
Apr-2026,RTR,SOUTH TEES HOSPITALS NHS FOUNDATION TRUST,C_320,Cardiology Service,2221.0,1580.0,614.0,27.0,71.14,1.22
Apr-2026,RVW,NORTH TEES AND HARTLEPOOL NHS FOUNDATION TRUST,C_999,Total,22572.0,16334.0,6026.0,212.0,72.36,0.94
Apr-2026,RVW,NORTH TEES AND HARTLEPOOL NHS FOUNDATION TRUST,C_101,Urology Service,1943.0,1354.0,549.0,40.0,69.69,2.06
Apr-2026,RXP,COUNTY DURHAM AND DARLINGTON NHS FOUNDATION TRUST,C_160,Plastic Surgery Service,1539.0,951.0,555.0,33.0,61.79,2.14
Apr-2026,RXP,COUNTY DURHAM AND DARLINGTON NHS FOUNDATION TRUST,C_300,General Internal Medicine Service,1535.0,985.0,550.0,0.0,64.17,0.0
Apr-2026,NT213,"NUFFIELD HEALTH, DERBY HOSPITAL",C_999,Total,1193.0,675.0,502.0,16.0,56.58,1.34
Apr-2026,RTG,UNIVERSITY HOSPITALS OF DERBY AND BURTON NHS FOUNDATION TRUST,X04,Other - Paediatric Services,3231.0,1887.0,1334.0,10.0,58.4,0.31
Apr-2026,ACG36,NEWMEDICA - EXETER - GLEN HOUSE,C_130,Ophthalmology Service,482.0,446.0,36.0,0.0,92.53,0.0
Apr-2026,RTE,GLOUCESTERSHIRE HOSPITALS NHS FOUNDATION TRUST,X06,Other - Other Services,751.0,732.0,19.0,0.0,97.47,0.0
Apr-2026,NNH06,OPTEGRA (SOLENT EYE HOSPITAL),C_999,Total,695.0,691.0,4.0,0.0,99.42,0.0
Apr-2026,NT214,"NUFFIELD HEALTH, WESSEX HOSPITAL",X05,Other - Surgical Services,1.0,1.0,0.0,0.0,100.0,0.0
Apr-2026,NT345,SPIRE CLARE PARK HOSPITAL,C_110,Trauma and Orthopaedic Service,200.0,110.0,89.0,1.0,55.0,0.5
Apr-2026,NTP11,PRACTICE PLUS GROUP HOSPITAL - SOUTHAMPTON,C_502,Gynaecology Service,747.0,556.0,191.0,0.0,74.43,0.0
Apr-2026,NTPAD,PRACTICE PLUS GROUP SURGICAL CENTRE - ST MARYS PORTSMOUTH,C_110,Trauma and Orthopaedic Service,349.0,339.0,10.0,0.0,97.13,0.0
Apr-2026,NTPAD,PRACTICE PLUS GROUP SURGICAL CENTRE - ST MARYS PORTSMOUTH,C_120,Ear Nose and Throat Service,168.0,152.0,16.0,0.0,90.48,0.0
Apr-2026,RHM,UNIVERSITY HOSPITAL SOUTHAMPTON NHS FOUNDATION TRUST,X05,Other - Surgical Services,4146.0,2970.0,1063.0,113.0,71.64,2.73
Apr-2026,RHM,UNIVERSITY HOSPITAL SOUTHAMPTON NHS FOUNDATION TRUST,C_999,Total,61231.0,39373.0,20659.0,1199.0,64.3,1.96
Apr-2026,REF,ROYAL CORNWALL HOSPITALS NHS TRUST,C_400,Neurology Service,766.0,622.0,143.0,1.0,81.2,0.13
Apr-2026,NT242,"NUFFIELD HEALTH, WOLVERHAMPTON HOSPITAL",C_100,General Surgery Service,45.0,34.0,11.0,0.0,75.56,0.0
Apr-2026,NVC21,WEST MIDLANDS HOSPITAL,X02,Other - Medical Services,18.0,13.0,5.0,0.0,72.22,0.0
Apr-2026,NVC21,WEST MIDLANDS HOSPITAL,X06,Other - Other Services,5.0,1.0,4.0,0.0,20.0,0.0
Apr-2026,RBK,WALSALL HEALTHCARE NHS TRUST,C_120,Ear Nose and Throat Service,2814.0,1806.0,1007.0,1.0,64.18,0.04
Apr-2026,RHU,PORTSMOUTH HOSPITALS UNIVERSITY NHS TRUST,C_320,Cardiology Service,3107.0,2214.0,885.0,8.0,71.26,0.26
Apr-2026,RHU,PORTSMOUTH HOSPITALS UNIVERSITY NHS TRUST,X05,Other - Surgical Services,536.0,184.0,339.0,13.0,34.33,2.43
Apr-2026,RN5,HAMPSHIRE HOSPITALS NHS FOUNDATION TRUST,C_502,Gynaecology Service,3910.0,2647.0,1191.0,72.0,67.7,1.84
Apr-2026,RN5,HAMPSHIRE HOSPITALS NHS FOUNDATION TRUST,X05,Other - Surgical Services,4276.0,2538.0,1529.0,209.0,59.35,4.89
Apr-2026,G6S7A,SPAMEDICA TAUNTON,C_999,Total,768.0,562.0,206.0,0.0,73.18,0.0
Apr-2026,A6U7U,OPTEGRA EYE HOSPITAL NOTTINGHAM,C_130,Ophthalmology Service,114.0,114.0,0.0,0.0,100.0,0.0
Apr-2026,ACG30,NEWMEDICA - WORKSOP - DUKERIES,C_130,Ophthalmology Service,173.0,162.0,11.0,0.0,93.64,0.0
Apr-2026,G3O5P,SPAMEDICA NEWARK,C_130,Ophthalmology Service,573.0,535.0,32.0,6.0,93.37,1.05
Apr-2026,M6L9D,NEWMEDICA - NOTTINGHAM - KEYWORTH,C_999,Total,23.0,23.0,0.0,0.0,100.0,0.0
Apr-2026,NT427,PARK HOSPITAL,C_110,Trauma and Orthopaedic Service,1187.0,749.0,431.0,7.0,63.1,0.59
Apr-2026,RK5,SHERWOOD FOREST HOSPITALS NHS FOUNDATION TRUST,C_101,Urology Service,2354.0,1583.0,763.0,8.0,67.25,0.34
Apr-2026,RX1,NOTTINGHAM UNIVERSITY HOSPITALS NHS TRUST,C_430,Elderly Medicine Service,1314.0,593.0,589.0,132.0,45.13,10.05
Apr-2026,RL4,THE ROYAL WOLVERHAMPTON NHS TRUST,C_330,Dermatology Service,909.0,714.0,193.0,2.0,78.55,0.22
Apr-2026,RNA,THE DUDLEY GROUP NHS FOUNDATION TRUST,C_999,Total,46627.0,30349.0,16272.0,6.0,65.09,0.01
Apr-2026,RNA,THE DUDLEY GROUP NHS FOUNDATION TRUST,C_400,Neurology Service,1427.0,774.0,653.0,0.0,54.24,0.0
Apr-2026,NT206,"NUFFIELD HEALTH, BRISTOL HOSPITAL (CHESTERFIELD)",C_999,Total,681.0,385.0,295.0,1.0,56.53,0.15
Apr-2026,RA7,UNIVERSITY HOSPITALS BRISTOL AND WESTON NHS FOUNDATION TRUST,C_120,Ear Nose and Throat Service,5191.0,3454.0,1734.0,3.0,66.54,0.06
Apr-2026,RA7,UNIVERSITY HOSPITALS BRISTOL AND WESTON NHS FOUNDATION TRUST,C_999,Total,50201.0,34415.0,15418.0,368.0,68.55,0.73
Apr-2026,RA7,UNIVERSITY HOSPITALS BRISTOL AND WESTON NHS FOUNDATION TRUST,C_301,Gastroenterology Service,1043.0,631.0,411.0,1.0,60.5,0.1
Apr-2026,RA7,UNIVERSITY HOSPITALS BRISTOL AND WESTON NHS FOUNDATION TRUST,C_340,Respiratory Medicine Service,1187.0,839.0,348.0,0.0,70.68,0.0
Apr-2026,L6O7H,SPAMEDICA POOLE,C_130,Ophthalmology Service,1000.0,935.0,65.0,0.0,93.5,0.0
Apr-2026,NT443,WINTERBOURNE HOSPITAL,C_110,Trauma and Orthopaedic Service,379.0,277.0,102.0,0.0,73.09,0.0
Apr-2026,R0D,UNIVERSITY HOSPITALS DORSET NHS FOUNDATION TRUST,C_110,Trauma and Orthopaedic Service,8121.0,4027.0,3787.0,307.0,49.59,3.78
Apr-2026,R0D,UNIVERSITY HOSPITALS DORSET NHS FOUNDATION TRUST,C_130,Ophthalmology Service,5288.0,3744.0,1544.0,0.0,70.8,0.0
Apr-2026,K8I4X,GLENDON WOOD HOSPITAL,X02,Other - Medical Services,17.0,14.0,3.0,0.0,82.35,0.0
Apr-2026,RNS,NORTHAMPTON GENERAL HOSPITAL NHS TRUST,C_110,Trauma and Orthopaedic Service,2866.0,1540.0,1302.0,24.0,53.73,0.84
Apr-2026,RMC,BOLTON NHS FOUNDATION TRUST,C_320,Cardiology Service,3132.0,1503.0,1613.0,16.0,47.99,0.51
Apr-2026,RMC,BOLTON NHS FOUNDATION TRUST,C_430,Elderly Medicine Service,301.0,247.0,54.0,0.0,82.06,0.0
Apr-2026,RMC,BOLTON NHS FOUNDATION TRUST,C_330,Dermatology Service,2291.0,1797.0,488.0,6.0,78.44,0.26
Apr-2026,RMP,TAMESIDE AND GLOSSOP INTEGRATED CARE NHS FOUNDATION TRUST,C_120,Ear Nose and Throat Service,1799.0,1263.0,536.0,0.0,70.21,0.0
Apr-2026,RRF,"WRIGHTINGTON, WIGAN AND LEIGH TEACHING HOSPITALS NHS FOUNDATION TRUST",C_140,Oral Surgery Service,1491.0,864.0,603.0,24.0,57.95,1.61
Apr-2026,RRF,"WRIGHTINGTON, WIGAN AND LEIGH TEACHING HOSPITALS NHS FOUNDATION TRUST",C_130,Ophthalmology Service,1568.0,1381.0,182.0,5.0,88.07,0.32
Apr-2026,ACG12,NEWMEDICA COMMUNITY OPHTHALMOLOGY - NORTH EAST LINCOLNSHIRE - GRIMSBY,C_999,Total,1019.0,784.0,235.0,0.0,76.94,0.0
Apr-2026,ACG22,NEWMEDICA - BRIGG - RIVERSIDE SURGERY,C_130,Ophthalmology Service,735.0,591.0,144.0,0.0,80.41,0.0
Apr-2026,NT351,SPIRE HULL AND EAST RIDING HOSPITAL,X05,Other - Surgical Services,218.0,148.0,70.0,0.0,67.89,0.0
Apr-2026,RCB,YORK AND SCARBOROUGH TEACHING HOSPITALS NHS FOUNDATION TRUST,C_130,Ophthalmology Service,5624.0,3645.0,1918.0,61.0,64.81,1.08
Apr-2026,RCD,HARROGATE AND DISTRICT NHS FOUNDATION TRUST,C_100,General Surgery Service,2497.0,1922.0,575.0,0.0,76.97,0.0
Apr-2026,RCD,HARROGATE AND DISTRICT NHS FOUNDATION TRUST,C_101,Urology Service,1199.0,1040.0,159.0,0.0,86.74,0.0
Apr-2026,RCD,HARROGATE AND DISTRICT NHS FOUNDATION TRUST,C_502,Gynaecology Service,1402.0,1078.0,324.0,0.0,76.89,0.0
Apr-2026,RJL,NORTHERN LINCOLNSHIRE AND GOOLE NHS FOUNDATION TRUST,C_300,General Internal Medicine Service,75.0,61.0,13.0,1.0,81.33,1.33
Apr-2026,RJL,NORTHERN LINCOLNSHIRE AND GOOLE NHS FOUNDATION TRUST,C_400,Neurology Service,4.0,1.0,3.0,0.0,25.0,0.0
Apr-2026,RWA,HULL UNIVERSITY TEACHING HOSPITALS NHS TRUST,C_100,General Surgery Service,7500.0,4272.0,2986.0,242.0,56.96,3.23
Apr-2026,NTPH3,PRACTICE PLUS GROUP SURGICAL CENTRE - DEVIZES,C_100,General Surgery Service,171.0,107.0,63.0,1.0,62.57,0.58
Apr-2026,RN3,GREAT WESTERN HOSPITALS NHS FOUNDATION TRUST,C_101,Urology Service,3173.0,1612.0,1392.0,169.0,50.8,5.33
Apr-2026,RN3,GREAT WESTERN HOSPITALS NHS FOUNDATION TRUST,C_320,Cardiology Service,1368.0,957.0,408.0,3.0,69.96,0.22
Apr-2026,RN3,GREAT WESTERN HOSPITALS NHS FOUNDATION TRUST,X05,Other - Surgical Services,708.0,602.0,99.0,7.0,85.03,0.99
Apr-2026,RNZ,SALISBURY NHS FOUNDATION TRUST,C_300,General Internal Medicine Service,10.0,10.0,0.0,0.0,100.0,0.0
Apr-2026,NT211,"NUFFIELD HEALTH, CHELTENHAM HOSPITAL",X06,Other - Other Services,1.0,1.0,0.0,0.0,100.0,0.0
Apr-2026,DJH01,THE ROYAL BUCKINGHAMSHIRE HOSPITAL LTD,C_999,Total,32.0,28.0,4.0,0.0,87.5,0.0
Apr-2026,J3J8Z,NEWMEDICA - OXFORDSHIRE,C_130,Ophthalmology Service,958.0,900.0,58.0,0.0,93.95,0.0
Apr-2026,J3J8Z,NEWMEDICA - OXFORDSHIRE,C_999,Total,958.0,900.0,58.0,0.0,93.95,0.0
Apr-2026,RHW,ROYAL BERKSHIRE NHS FOUNDATION TRUST,C_400,Neurology Service,796.0,687.0,109.0,0.0,86.31,0.0
Apr-2026,RHW,ROYAL BERKSHIRE NHS FOUNDATION TRUST,C_410,Rheumatology Service,508.0,419.0,88.0,1.0,82.48,0.2
Apr-2026,RHW,ROYAL BERKSHIRE NHS FOUNDATION TRUST,C_330,Dermatology Service,2296.0,1867.0,427.0,2.0,81.32,0.09
Apr-2026,NT325,SPIRE MURRAYFIELD HOSPITAL,C_101,Urology Service,46.0,36.0,10.0,0.0,78.26,0.0
Apr-2026,NT337,SPIRE LIVERPOOL HOSPITAL,C_120,Ear Nose and Throat Service,280.0,271.0,9.0,0.0,96.79,0.0
Apr-2026,NT337,SPIRE LIVERPOOL HOSPITAL,X05,Other - Surgical Services,50.0,33.0,17.0,0.0,66.0,0.0
Apr-2026,RBL,WIRRAL UNIVERSITY TEACHING HOSPITAL NHS FOUNDATION TRUST,C_330,Dermatology Service,2913.0,1666.0,1199.0,48.0,57.19,1.65
Apr-2026,RBL,WIRRAL UNIVERSITY TEACHING HOSPITAL NHS FOUNDATION TRUST,X05,Other - Surgical Services,3859.0,2480.0,1342.0,37.0,64.27,0.96
Apr-2026,RBL,WIRRAL UNIVERSITY TEACHING HOSPITAL NHS FOUNDATION TRUST,C_301,Gastroenterology Service,3040.0,1964.0,1059.0,17.0,64.61,0.56
Apr-2026,RBT,MID CHESHIRE HOSPITALS NHS FOUNDATION TRUST,C_130,Ophthalmology Service,2697.0,2076.0,619.0,2.0,76.97,0.07
Apr-2026,RBT,MID CHESHIRE HOSPITALS NHS FOUNDATION TRUST,C_301,Gastroenterology Service,1603.0,651.0,905.0,47.0,40.61,2.93
Apr-2026,RBT,MID CHESHIRE HOSPITALS NHS FOUNDATION TRUST,C_340,Respiratory Medicine Service,424.0,282.0,142.0,0.0,66.51,0.0
Apr-2026,REM,LIVERPOOL UNIVERSITY HOSPITALS NHS FOUNDATION TRUST,C_410,Rheumatology Service,516.0,444.0,72.0,0.0,86.05,0.0
Apr-2026,REM,LIVERPOOL UNIVERSITY HOSPITALS NHS FOUNDATION TRUST,C_430,Elderly Medicine Service,1070.0,673.0,397.0,0.0,62.9,0.0
Apr-2026,RWW,NORTH CHESHIRE AND MERSEY NHS FOUNDATION TRUST,C_999,Total,33645.0,21748.0,11649.0,248.0,64.64,0.74
Apr-2026,RWW,NORTH CHESHIRE AND MERSEY NHS FOUNDATION TRUST,C_320,Cardiology Service,1775.0,1234.0,536.0,5.0,69.52,0.28
Apr-2026,RWW,NORTH CHESHIRE AND MERSEY NHS FOUNDATION TRUST,C_502,Gynaecology Service,3397.0,2264.0,1110.0,23.0,66.65,0.68
Apr-2026,RWW,NORTH CHESHIRE AND MERSEY NHS FOUNDATION TRUST,X06,Other - Other Services,611.0,270.0,338.0,3.0,44.19,0.49
Apr-2026,Y9S1N,FAIRFIELD INDEPENDENT HOSPITAL,C_101,Urology Service,238.0,147.0,87.0,4.0,61.76,1.68
Apr-2026,RTH,OXFORD UNIVERSITY HOSPITALS NHS FOUNDATION TRUST,C_100,General Surgery Service,1545.0,1072.0,461.0,12.0,69.39,0.78
Apr-2026,RTH,OXFORD UNIVERSITY HOSPITALS NHS FOUNDATION TRUST,C_400,Neurology Service,3344.0,1992.0,1350.0,2.0,59.57,0.06
Apr-2026,RTH,OXFORD UNIVERSITY HOSPITALS NHS FOUNDATION TRUST,C_430,Elderly Medicine Service,660.0,586.0,74.0,0.0,88.79,0.0
Apr-2026,RXQ,BUCKINGHAMSHIRE HEALTHCARE NHS TRUST,C_101,Urology Service,2779.0,1769.0,1000.0,10.0,63.66,0.36
Apr-2026,NVC06,FITZWILLIAM HOSPITAL,C_502,Gynaecology Service,642.0,324.0,309.0,9.0,50.47,1.4
Apr-2026,NVC19,RIVERS HOSPITAL,X06,Other - Other Services,13.0,7.0,6.0,0.0,53.85,0.0
Apr-2026,RCX,"THE QUEEN ELIZABETH HOSPITAL, KING'S LYNN, NHS FOUNDATION TRUST",C_130,Ophthalmology Service,1930.0,1291.0,619.0,20.0,66.89,1.04
Apr-2026,RCX,"THE QUEEN ELIZABETH HOSPITAL, KING'S LYNN, NHS FOUNDATION TRUST",C_170,Cardiothoracic Surgery Service,9.0,9.0,0.0,0.0,100.0,0.0
Apr-2026,RGP,JAMES PAGET UNIVERSITY HOSPITALS NHS FOUNDATION TRUST,C_502,Gynaecology Service,2199.0,1287.0,818.0,94.0,58.53,4.27
Apr-2026,RGR,WEST SUFFOLK NHS FOUNDATION TRUST,C_320,Cardiology Service,1110.0,844.0,265.0,1.0,76.04,0.09
Apr-2026,RGR,WEST SUFFOLK NHS FOUNDATION TRUST,X02,Other - Medical Services,2058.0,1286.0,760.0,12.0,62.49,0.58
Apr-2026,RGR,WEST SUFFOLK NHS FOUNDATION TRUST,X06,Other - Other Services,123.0,68.0,51.0,4.0,55.28,3.25
Apr-2026,RM1,NORFOLK AND NORWICH UNIVERSITY HOSPITALS NHS FOUNDATION TRUST,C_410,Rheumatology Service,1279.0,928.0,351.0,0.0,72.56,0.0
Apr-2026,RM1,NORFOLK AND NORWICH UNIVERSITY HOSPITALS NHS FOUNDATION TRUST,C_140,Oral Surgery Service,1741.0,1224.0,495.0,22.0,70.3,1.26
Apr-2026,RM1,NORFOLK AND NORWICH UNIVERSITY HOSPITALS NHS FOUNDATION TRUST,X03,Other - Mental Health Services,1.0,1.0,0.0,0.0,100.0,0.0
Apr-2026,NT405,BISHOPS WOOD HOSPITAL,X06,Other - Other Services,5.0,5.0,0.0,0.0,100.0,0.0
Apr-2026,NT411,CLEMENTINE CHURCHILL HOSPITAL,C_999,Total,2114.0,2075.0,39.0,0.0,98.16,0.0
Apr-2026,NT421,KINGS OAK HOSPITAL,C_100,General Surgery Service,201.0,138.0,62.0,1.0,68.66,0.5
Apr-2026,NT421,KINGS OAK HOSPITAL,C_101,Urology Service,347.0,245.0,101.0,1.0,70.61,0.29
Apr-2026,NT451,CAVELL HOSPITAL,C_110,Trauma and Orthopaedic Service,508.0,378.0,128.0,2.0,74.41,0.39
Apr-2026,R1K,LONDON NORTH WEST UNIVERSITY HEALTHCARE NHS TRUST,C_140,Oral Surgery Service,8657.0,4842.0,3802.0,13.0,55.93,0.15
Apr-2026,R1K,LONDON NORTH WEST UNIVERSITY HEALTHCARE NHS TRUST,C_400,Neurology Service,1428.0,1176.0,252.0,0.0,82.35,0.0
Apr-2026,R1K,LONDON NORTH WEST UNIVERSITY HEALTHCARE NHS TRUST,C_160,Plastic Surgery Service,21.0,19.0,2.0,0.0,90.48,0.0
Apr-2026,RAL,ROYAL FREE LONDON NHS FOUNDATION TRUST,C_130,Ophthalmology Service,6955.0,4523.0,2431.0,1.0,65.03,0.01
Apr-2026,RAL,ROYAL FREE LONDON NHS FOUNDATION TRUST,C_150,Neurosurgical Service,1.0,0.0,1.0,0.0,0.0,0.0
Apr-2026,RAN,ROYAL NATIONAL ORTHOPAEDIC HOSPITAL NHS TRUST,X04,Other - Paediatric Services,542.0,470.0,72.0,0.0,86.72,0.0
Apr-2026,RAN,ROYAL NATIONAL ORTHOPAEDIC HOSPITAL NHS TRUST,C_160,Plastic Surgery Service,2.0,2.0,0.0,0.0,100.0,0.0
Apr-2026,RAS,THE HILLINGDON HOSPITALS NHS FOUNDATION TRUST,X02,Other - Medical Services,4055.0,2639.0,1414.0,2.0,65.08,0.05
Apr-2026,RKE,WHITTINGTON HEALTH NHS TRUST,X02,Other - Medical Services,2054.0,1657.0,393.0,4.0,80.67,0.19
Apr-2026,RKE,WHITTINGTON HEALTH NHS TRUST,C_140,Oral Surgery Service,145.0,89.0,55.0,1.0,61.38,0.69
Apr-2026,RBD,DORSET COUNTY HOSPITAL NHS FOUNDATION TRUST,C_430,Elderly Medicine Service,91.0,67.0,24.0,0.0,73.63,0.0
Apr-2026,NT3X3,SPIRE ST ANTHONY'S HOSPITAL,C_320,Cardiology Service,4.0,4.0,0.0,0.0,100.0,0.0
Apr-2026,RAX,KINGSTON AND RICHMOND NHS FOUNDATION TRUST,C_120,Ear Nose and Throat Service,3971.0,2344.0,1466.0,161.0,59.03,4.05
Apr-2026,RAX,KINGSTON AND RICHMOND NHS FOUNDATION TRUST,C_340,Respiratory Medicine Service,716.0,507.0,209.0,0.0,70.81,0.0
Apr-2026,AJ8,THE GRANGE MEDICAL CENTRE HQ,C_301,Gastroenterology Service,216.0,216.0,0.0,0.0,100.0,0.0
Apr-2026,NEQ,PHOENIX HEALTH SOLUTIONS LIMITED HQ,C_999,Total,561.0,542.0,19.0,0.0,96.61,0.0
Apr-2026,NL8,LOCALA COMMUNITY PARTNERSHIPS CIC,X05,Other - Surgical Services,103.0,92.0,11.0,0.0,89.32,0.0
Apr-2026,NT348,SPIRE ELLAND HOSPITAL,X05,Other - Surgical Services,135.0,93.0,42.0,0.0,68.89,0.0
Apr-2026,NT350,SPIRE METHLEY PARK HOSPITAL,C_999,Total,827.0,685.0,141.0,1.0,82.83,0.12
Apr-2026,NT350,SPIRE METHLEY PARK HOSPITAL,C_150,Neurosurgical Service,12.0,10.0,2.0,0.0,83.33,0.0
Apr-2026,RAE,BRADFORD TEACHING HOSPITALS NHS FOUNDATION TRUST,C_502,Gynaecology Service,2784.0,2042.0,741.0,1.0,73.35,0.04
Apr-2026,RJ6,CROYDON HEALTH SERVICES NHS TRUST,C_320,Cardiology Service,1323.0,1133.0,190.0,0.0,85.64,0.0
Apr-2026,RJ6,CROYDON HEALTH SERVICES NHS TRUST,C_410,Rheumatology Service,1159.0,697.0,462.0,0.0,60.14,0.0
Apr-2026,RVR,EPSOM AND ST HELIER UNIVERSITY HOSPITALS NHS TRUST,C_330,Dermatology Service,3572.0,1930.0,1632.0,10.0,54.03,0.28
Apr-2026,RCF,AIREDALE NHS FOUNDATION TRUST,C_410,Rheumatology Service,445.0,321.0,124.0,0.0,72.13,0.0
Apr-2026,RCF,AIREDALE NHS FOUNDATION TRUST,C_110,Trauma and Orthopaedic Service,1469.0,903.0,558.0,8.0,61.47,0.54
Apr-2026,RR8,LEEDS TEACHING HOSPITALS NHS TRUST,C_330,Dermatology Service,5766.0,3555.0,2137.0,74.0,61.65,1.28
Apr-2026,RWY,CALDERDALE AND HUDDERSFIELD NHS FOUNDATION TRUST,C_999,Total,35985.0,26688.0,9287.0,10.0,74.16,0.03
Apr-2026,RWY,CALDERDALE AND HUDDERSFIELD NHS FOUNDATION TRUST,C_301,Gastroenterology Service,2732.0,1951.0,772.0,9.0,71.41,0.33
Apr-2026,RWY,CALDERDALE AND HUDDERSFIELD NHS FOUNDATION TRUST,X04,Other - Paediatric Services,1563.0,1314.0,249.0,0.0,84.07,0.0
Apr-2026,RWY,CALDERDALE AND HUDDERSFIELD NHS FOUNDATION TRUST,C_430,Elderly Medicine Service,161.0,132.0,29.0,0.0,81.99,0.0
Apr-2026,RXF,MID YORKSHIRE TEACHING NHS TRUST,C_330,Dermatology Service,1376.0,1260.0,116.0,0.0,91.57,0.0
Apr-2026,X0R3Y,ACES LEEDS KING STREET,C_999,Total,11.0,7.0,3.0,1.0,63.64,9.09
Apr-2026,NT424,MERIDEN HOSPITAL,C_150,Neurosurgical Service,209.0,197.0,12.0,0.0,94.26,0.0
Apr-2026,RJC,SOUTH WARWICKSHIRE UNIVERSITY NHS FOUNDATION TRUST,C_330,Dermatology Service,1658.0,1389.0,268.0,1.0,83.78,0.06
Apr-2026,RJC,SOUTH WARWICKSHIRE UNIVERSITY NHS FOUNDATION TRUST,X05,Other - Surgical Services,2644.0,1800.0,823.0,21.0,68.08,0.79
Apr-2026,RKB,UNIVERSITY HOSPITALS COVENTRY AND WARWICKSHIRE NHS TRUST,C_400,Neurology Service,3977.0,2172.0,1722.0,83.0,54.61,2.09
Apr-2026,RKB,UNIVERSITY HOSPITALS COVENTRY AND WARWICKSHIRE NHS TRUST,X06,Other - Other Services,298.0,245.0,49.0,4.0,82.21,1.34
Apr-2026,RLT,GEORGE ELIOT HOSPITAL NHS TRUST,C_160,Plastic Surgery Service,107.0,97.0,9.0,1.0,90.65,0.93
Apr-2026,NPG02,SPAMEDICA WIRRAL,C_999,Total,392.0,370.0,22.0,0.0,94.39,0.0
Apr-2026,NPG06,SPAMEDICA LIVERPOOL,C_999,Total,418.0,381.0,37.0,0.0,91.15,0.0
Apr-2026,NT212,"NUFFIELD HEALTH, CHICHESTER HOSPITAL",X02,Other - Medical Services,60.0,59.0,1.0,0.0,98.33,0.0
Apr-2026,NT212,"NUFFIELD HEALTH, CHICHESTER HOSPITAL",C_100,General Surgery Service,18.0,15.0,3.0,0.0,83.33,0.0
Apr-2026,NT216,"NUFFIELD HEALTH, GUILDFORD HOSPITAL",C_999,Total,72.0,38.0,33.0,1.0,52.78,1.39
Apr-2026,NT455,MOUNT ALVERNIA HOSPITAL,C_100,General Surgery Service,28.0,25.0,2.0,1.0,89.29,3.57
Apr-2026,NT455,MOUNT ALVERNIA HOSPITAL,C_999,Total,229.0,157.0,69.0,3.0,68.56,1.31
Apr-2026,NVC01,ASHTEAD HOSPITAL,C_110,Trauma and Orthopaedic Service,465.0,323.0,141.0,1.0,69.46,0.22
Apr-2026,NVC11,NORTH DOWNS HOSPITAL,C_502,Gynaecology Service,184.0,142.0,42.0,0.0,77.17,0.0
Apr-2026,NVC11,NORTH DOWNS HOSPITAL,C_110,Trauma and Orthopaedic Service,733.0,474.0,253.0,6.0,64.67,0.82
Apr-2026,NVM,EPSOMEDICAL GROUP,C_330,Dermatology Service,807.0,692.0,110.0,5.0,85.75,0.62
Apr-2026,NVM,EPSOMEDICAL GROUP,C_160,Plastic Surgery Service,340.0,216.0,118.0,6.0,63.53,1.76
Apr-2026,RC9,BEDFORDSHIRE HOSPITALS NHS FOUNDATION TRUST,X04,Other - Paediatric Services,5207.0,3319.0,1877.0,11.0,63.74,0.21
Apr-2026,RD8,MILTON KEYNES UNIVERSITY HOSPITAL NHS FOUNDATION TRUST,X04,Other - Paediatric Services,911.0,416.0,472.0,23.0,45.66,2.52
Apr-2026,RD8,MILTON KEYNES UNIVERSITY HOSPITAL NHS FOUNDATION TRUST,C_340,Respiratory Medicine Service,1199.0,1106.0,90.0,3.0,92.24,0.25
Apr-2026,RD8,MILTON KEYNES UNIVERSITY HOSPITAL NHS FOUNDATION TRUST,C_170,Cardiothoracic Surgery Service,73.0,1.0,72.0,0.0,1.37,0.0
Apr-2026,RGN,NORTH WEST ANGLIA NHS FOUNDATION TRUST,C_100,General Surgery Service,5671.0,3536.0,2084.0,51.0,62.35,0.9
Apr-2026,RGN,NORTH WEST ANGLIA NHS FOUNDATION TRUST,C_160,Plastic Surgery Service,1506.0,889.0,611.0,6.0,59.03,0.4
Apr-2026,RGT,CAMBRIDGE UNIVERSITY HOSPITALS NHS FOUNDATION TRUST,C_130,Ophthalmology Service,4231.0,2854.0,1338.0,39.0,67.45,0.92
Apr-2026,RT1,CAMBRIDGESHIRE AND PETERBOROUGH NHS FOUNDATION TRUST,X06,Other - Other Services,153.0,61.0,86.0,6.0,39.87,3.92
Apr-2026,RWG,WEST HERTFORDSHIRE TEACHING HOSPITALS NHS TRUST,C_130,Ophthalmology Service,3384.0,2177.0,1180.0,27.0,64.33,0.8
Apr-2026,RWG,WEST HERTFORDSHIRE TEACHING HOSPITALS NHS TRUST,C_330,Dermatology Service,3837.0,3184.0,653.0,0.0,82.98,0.0
Apr-2026,RWH,EAST AND NORTH HERTFORDSHIRE TEACHING NHS TRUST,C_101,Urology Service,4204.0,2634.0,1553.0,17.0,62.65,0.4
Apr-2026,RWH,EAST AND NORTH HERTFORDSHIRE TEACHING NHS TRUST,C_999,Total,54845.0,36738.0,17750.0,357.0,66.99,0.65
Apr-2026,NXM01,THE HORDER CENTRE - ST JOHNS ROAD,C_999,Total,1242.0,640.0,595.0,7.0,51.53,0.56
Apr-2026,RA2,ROYAL SURREY NHS FOUNDATION TRUST,X02,Other - Medical Services,3182.0,2151.0,998.0,33.0,67.6,1.04
Apr-2026,RDU,FRIMLEY HEALTH NHS FOUNDATION TRUST,C_330,Dermatology Service,3726.0,2536.0,1189.0,1.0,68.06,0.03
Apr-2026,RPC,QUEEN VICTORIA HOSPITAL NHS FOUNDATION TRUST,C_130,Ophthalmology Service,2313.0,1653.0,660.0,0.0,71.47,0.0
Apr-2026,RTK,ASHFORD AND ST PETER'S HOSPITALS NHS FOUNDATION TRUST,C_140,Oral Surgery Service,4297.0,2277.0,1909.0,111.0,52.99,2.58
Apr-2026,RTK,ASHFORD AND ST PETER'S HOSPITALS NHS FOUNDATION TRUST,C_170,Cardiothoracic Surgery Service,5.0,5.0,0.0,0.0,100.0,0.0
Apr-2026,RTP,SURREY AND SUSSEX HEALTHCARE NHS TRUST,C_301,Gastroenterology Service,4034.0,2867.0,1120.0,47.0,71.07,1.17
Apr-2026,RXC,EAST SUSSEX HEALTHCARE NHS TRUST,X05,Other - Surgical Services,2347.0,1811.0,519.0,17.0,77.16,0.72
Apr-2026,RYR,UNIVERSITY HOSPITALS SUSSEX NHS FOUNDATION TRUST,C_100,General Surgery Service,2795.0,989.0,1581.0,225.0,35.38,8.05
Apr-2026,RYR,UNIVERSITY HOSPITALS SUSSEX NHS FOUNDATION TRUST,X02,Other - Medical Services,7300.0,4085.0,3076.0,139.0,55.96,1.9
Apr-2026,RYR,UNIVERSITY HOSPITALS SUSSEX NHS FOUNDATION TRUST,C_150,Neurosurgical Service,599.0,341.0,255.0,3.0,56.93,0.5
Apr-2026,NT446,ST EDMUNDS HOSPITAL,C_301,Gastroenterology Service,20.0,14.0,6.0,0.0,70.0,0.0
Apr-2026,NT446,ST EDMUNDS HOSPITAL,X06,Other - Other Services,2.0,0.0,2.0,0.0,0.0,0.0
Apr-2026,NX507,ANGLIA COMMUNITY EYE SERVICE - THETFORD HEALTHY LIVING CENTRE,C_130,Ophthalmology Service,185.0,168.0,17.0,0.0,90.81,0.0
Apr-2026,H4I8B,NUFFIELD HEALTH THE HOLLY HOSPITAL,C_120,Ear Nose and Throat Service,512.0,495.0,16.0,1.0,96.68,0.2
Apr-2026,NT204,"NUFFIELD HEALTH, BRENTWOOD HOSPITAL",X06,Other - Other Services,34.0,13.0,21.0,0.0,38.24,0.0
Apr-2026,NT204,"NUFFIELD HEALTH, BRENTWOOD HOSPITAL",C_101,Urology Service,159.0,94.0,65.0,0.0,59.12,0.0
Apr-2026,NT204,"NUFFIELD HEALTH, BRENTWOOD HOSPITAL",C_502,Gynaecology Service,805.0,409.0,308.0,88.0,50.81,10.93
Apr-2026,NT313,SPIRE WELLESLEY HOSPITAL,C_999,Total,1179.0,761.0,404.0,14.0,64.55,1.19
Apr-2026,RAJ,MID AND SOUTH ESSEX NHS FOUNDATION TRUST,C_110,Trauma and Orthopaedic Service,16125.0,5320.0,8228.0,2577.0,32.99,15.98
Apr-2026,RAJ,MID AND SOUTH ESSEX NHS FOUNDATION TRUST,C_330,Dermatology Service,10901.0,4399.0,5567.0,935.0,40.35,8.58
Apr-2026,RQW,THE PRINCESS ALEXANDRA HOSPITAL NHS TRUST,C_110,Trauma and Orthopaedic Service,5337.0,2953.0,2346.0,38.0,55.33,0.71
Apr-2026,X7M7U,ACES LAKESIDE,C_130,Ophthalmology Service,11.0,11.0,0.0,0.0,100.0,0.0
Apr-2026,C3Y0A,SPAMEDICA BLACKPOOL,C_130,Ophthalmology Service,190.0,165.0,25.0,0.0,86.84,0.0
Apr-2026,NT403,BEARDWOOD HOSPITAL,C_999,Total,2233.0,1672.0,561.0,0.0,74.88,0.0
Apr-2026,NT449,LANCASTER PRIVATE HOSPITAL,C_101,Urology Service,1.0,1.0,0.0,0.0,100.0,0.0
Apr-2026,RTX,UNIVERSITY HOSPITALS OF MORECAMBE BAY NHS FOUNDATION TRUST,C_120,Ear Nose and Throat Service,3766.0,2711.0,1010.0,45.0,71.99,1.19
Apr-2026,RTX,UNIVERSITY HOSPITALS OF MORECAMBE BAY NHS FOUNDATION TRUST,C_101,Urology Service,1970.0,1419.0,531.0,20.0,72.03,1.02
Apr-2026,RTX,UNIVERSITY HOSPITALS OF MORECAMBE BAY NHS FOUNDATION TRUST,C_410,Rheumatology Service,979.0,732.0,244.0,3.0,74.77,0.31
Apr-2026,RW5,LANCASHIRE & SOUTH CUMBRIA NHS FOUNDATION TRUST,C_410,Rheumatology Service,455.0,427.0,28.0,0.0,93.85,0.0
Apr-2026,RXL,BLACKPOOL TEACHING HOSPITALS NHS FOUNDATION TRUST,X05,Other - Surgical Services,1947.0,1576.0,368.0,3.0,80.95,0.15
Apr-2026,RXL,BLACKPOOL TEACHING HOSPITALS NHS FOUNDATION TRUST,C_170,Cardiothoracic Surgery Service,952.0,433.0,435.0,84.0,45.48,8.82
Apr-2026,RXN,LANCASHIRE TEACHING HOSPITALS NHS FOUNDATION TRUST,C_400,Neurology Service,8458.0,3957.0,4179.0,322.0,46.78,3.81
Apr-2026,RXR,EAST LANCASHIRE HOSPITALS NHS TRUST,C_140,Oral Surgery Service,4284.0,2355.0,1841.0,88.0,54.97,2.05
Apr-2026,NTX,THE ONE HEALTH GROUP PLC,C_999,Total,5314.0,3945.0,1349.0,20.0,74.24,0.38
Apr-2026,RFF,BARNSLEY HOSPITAL NHS FOUNDATION TRUST,C_120,Ear Nose and Throat Service,3206.0,2200.0,1002.0,4.0,68.62,0.12
Apr-2026,RFF,BARNSLEY HOSPITAL NHS FOUNDATION TRUST,C_100,General Surgery Service,2057.0,1459.0,589.0,9.0,70.93,0.44
Apr-2026,RFF,BARNSLEY HOSPITAL NHS FOUNDATION TRUST,C_110,Trauma and Orthopaedic Service,2794.0,1558.0,1185.0,51.0,55.76,1.83
Apr-2026,RP5,DONCASTER AND BASSETLAW TEACHING HOSPITALS NHS FOUNDATION TRUST,C_999,Total,53487.0,32932.0,19390.0,1165.0,61.57,2.18
Apr-2026,R1A,HEREFORDSHIRE AND WORCESTERSHIRE HEALTH AND CARE NHS TRUST,C_110,Trauma and Orthopaedic Service,31.0,28.0,3.0,0.0,90.32,0.0
Apr-2026,R1A,HEREFORDSHIRE AND WORCESTERSHIRE HEALTH AND CARE NHS TRUST,C_999,Total,31.0,28.0,3.0,0.0,90.32,0.0
Apr-2026,RYJ,IMPERIAL COLLEGE HEALTHCARE NHS TRUST,C_430,Elderly Medicine Service,300.0,192.0,108.0,0.0,64.0,0.0
Apr-2026,RYJ,IMPERIAL COLLEGE HEALTHCARE NHS TRUST,C_140,Oral Surgery Service,427.0,374.0,53.0,0.0,87.59,0.0
Apr-2026,R1H,BARTS HEALTH NHS TRUST,X06,Other - Other Services,1156.0,819.0,336.0,1.0,70.85,0.09
Apr-2026,RF4,"BARKING, HAVERING AND REDBRIDGE UNIVERSITY HOSPITALS NHS TRUST",X04,Other - Paediatric Services,428.0,259.0,169.0,0.0,60.51,0.0
Apr-2026,NT321,SPIRE LITTLE ASTON HOSPITAL,C_502,Gynaecology Service,76.0,49.0,27.0,0.0,64.47,0.0
Apr-2026,NVC0I,BEACON PARK HOSPITAL,C_999,Total,1403.0,806.0,596.0,1.0,57.45,0.07
Apr-2026,RRE,MIDLANDS PARTNERSHIP UNIVERSITY NHS FOUNDATION TRUST,C_999,Total,9277.0,8599.0,678.0,0.0,92.69,0.0
Apr-2026,RRE,MIDLANDS PARTNERSHIP UNIVERSITY NHS FOUNDATION TRUST,C_430,Elderly Medicine Service,3.0,3.0,0.0,0.0,100.0,0.0
Apr-2026,RRE,MIDLANDS PARTNERSHIP UNIVERSITY NHS FOUNDATION TRUST,X02,Other - Medical Services,31.0,25.0,6.0,0.0,80.65,0.0
Apr-2026,AHP,ST MICHAEL'S CLINIC LIMITED,C_330,Dermatology Service,1691.0,1091.0,576.0,24.0,64.52,1.42
Apr-2026,R1D,SHROPSHIRE COMMUNITY HEALTH NHS TRUST,C_340,Respiratory Medicine Service,54.0,33.0,21.0,0.0,61.11,0.0
Apr-2026,R1D,SHROPSHIRE COMMUNITY HEALTH NHS TRUST,X04,Other - Paediatric Services,44.0,25.0,19.0,0.0,56.82,0.0
Apr-2026,RXW,THE SHREWSBURY AND TELFORD HOSPITAL NHS TRUST,C_502,Gynaecology Service,4444.0,2745.0,1699.0,0.0,61.77,0.0
Apr-2026,RXW,THE SHREWSBURY AND TELFORD HOSPITAL NHS TRUST,C_110,Trauma and Orthopaedic Service,2193.0,1093.0,1100.0,0.0,49.84,0.0
Apr-2026,NRL,HEART NETWORKS,C_320,Cardiology Service,932.0,913.0,19.0,0.0,97.96,0.0
Apr-2026,NVC12,OAKLANDS HOSPITAL,C_101,Urology Service,102.0,67.0,35.0,0.0,65.69,0.0
Apr-2026,N8Z8E,ACES TORQUAY,C_130,Ophthalmology Service,3.0,1.0,2.0,0.0,33.33,0.0
Apr-2026,NT233,"NUFFIELD HEALTH, PLYMOUTH HOSPITAL",C_150,Neurosurgical Service,147.0,81.0,65.0,1.0,55.1,0.68
Apr-2026,NTPH5,PRACTICE PLUS GROUP HOSPITAL - PLYMOUTH,C_110,Trauma and Orthopaedic Service,1338.0,1108.0,228.0,2.0,82.81,0.15
Apr-2026,NVC08,MOUNT STUART HOSPITAL,C_110,Trauma and Orthopaedic Service,1074.0,475.0,578.0,21.0,44.23,1.96
Apr-2026,RK9,UNIVERSITY HOSPITALS PLYMOUTH NHS TRUST,C_110,Trauma and Orthopaedic Service,3283.0,1700.0,1444.0,139.0,51.78,4.23
Apr-2026,ADP02,KIMS HOSPITAL (NEWNHAM COURT),C_101,Urology Service,22.0,19.0,3.0,0.0,86.36,0.0
Apr-2026,M0N7E,SPAMEDICA SITTINGBOURNE,C_999,Total,192.0,175.0,17.0,0.0,91.15,0.0
Apr-2026,NT408,CHAUCER HOSPITAL,X06,Other - Other Services,4.0,4.0,0.0,0.0,100.0,0.0
Apr-2026,NWF01,BENENDEN HOSPITAL,C_110,Trauma and Orthopaedic Service,690.0,538.0,149.0,3.0,77.97,0.43
Apr-2026,NVC27,BOSTON WEST HOSPITAL,C_502,Gynaecology Service,292.0,133.0,157.0,2.0,45.55,0.68
Apr-2026,RP7,LINCOLNSHIRE PARTNERSHIP NHS FOUNDATION TRUST,X03,Other - Mental Health Services,10.0,9.0,1.0,0.0,90.0,0.0
Apr-2026,RWD,UNITED LINCOLNSHIRE TEACHING HOSPITALS NHS TRUST,C_110,Trauma and Orthopaedic Service,6599.0,3873.0,2698.0,28.0,58.69,0.42
Apr-2026,RWD,UNITED LINCOLNSHIRE TEACHING HOSPITALS NHS TRUST,C_301,Gastroenterology Service,5219.0,3120.0,2068.0,31.0,59.78,0.59
Apr-2026,A4Q9X,NEWMEDICA LEICESTER,C_130,Ophthalmology Service,880.0,803.0,77.0,0.0,91.25,0.0
Apr-2026,A4Q9X,NEWMEDICA LEICESTER,C_999,Total,880.0,803.0,77.0,0.0,91.25,0.0
Apr-2026,NT406,BLACKHEATH HOSPITAL,C_130,Ophthalmology Service,122.0,82.0,40.0,0.0,67.21,0.0
Apr-2026,NT409,CHELSFIELD PARK HOSPITAL,C_101,Urology Service,40.0,34.0,6.0,0.0,85.0,0.0
Apr-2026,NT409,CHELSFIELD PARK HOSPITAL,C_100,General Surgery Service,111.0,89.0,22.0,0.0,80.18,0.0
Apr-2026,NT409,CHELSFIELD PARK HOSPITAL,C_120,Ear Nose and Throat Service,3.0,0.0,3.0,0.0,0.0,0.0
Apr-2026,NT409,CHELSFIELD PARK HOSPITAL,C_301,Gastroenterology Service,51.0,47.0,4.0,0.0,92.16,0.0
Apr-2026,RJ1,GUY'S AND ST THOMAS' NHS FOUNDATION TRUST,C_120,Ear Nose and Throat Service,5643.0,3112.0,2455.0,76.0,55.15,1.35
Apr-2026,RJ1,GUY'S AND ST THOMAS' NHS FOUNDATION TRUST,C_130,Ophthalmology Service,3542.0,2863.0,679.0,0.0,80.83,0.0
Apr-2026,RJ1,GUY'S AND ST THOMAS' NHS FOUNDATION TRUST,X04,Other - Paediatric Services,8544.0,6941.0,1597.0,6.0,81.24,0.07
Apr-2026,RJ1,GUY'S AND ST THOMAS' NHS FOUNDATION TRUST,C_300,General Internal Medicine Service,319.0,296.0,23.0,0.0,92.79,0.0
Apr-2026,RJ2,LEWISHAM AND GREENWICH NHS TRUST,C_101,Urology Service,3692.0,1929.0,1662.0,101.0,52.25,2.74
Apr-2026,RJZ,KING'S COLLEGE HOSPITAL NHS FOUNDATION TRUST,C_330,Dermatology Service,2552.0,1861.0,688.0,3.0,72.92,0.12
Apr-2026,RPA,MEDWAY NHS FOUNDATION TRUST,C_110,Trauma and Orthopaedic Service,2599.0,1544.0,1052.0,3.0,59.41,0.12
Apr-2026,RPA,MEDWAY NHS FOUNDATION TRUST,X02,Other - Medical Services,5498.0,3470.0,2025.0,3.0,63.11,0.05
Apr-2026,RVV,EAST KENT HOSPITALS UNIVERSITY NHS FOUNDATION TRUST,C_120,Ear Nose and Throat Service,8937.0,4416.0,4352.0,169.0,49.41,1.89
Apr-2026,RVV,EAST KENT HOSPITALS UNIVERSITY NHS FOUNDATION TRUST,X04,Other - Paediatric Services,662.0,650.0,12.0,0.0,98.19,0.0
Apr-2026,RWF,MAIDSTONE AND TUNBRIDGE WELLS NHS TRUST,C_340,Respiratory Medicine Service,1196.0,918.0,278.0,0.0,76.76,0.0
Apr-2026,X1M4L,ACES MAIDSTONE,C_999,Total,2.0,0.0,2.0,0.0,0.0,0.0
Apr-2026,NT314,SPIRE LONDON EAST,C_502,Gynaecology Service,770.0,326.0,423.0,21.0,42.34,2.73
Apr-2026,NT314,SPIRE LONDON EAST,C_999,Total,3436.0,2170.0,1219.0,47.0,63.15,1.37
Apr-2026,NT229,"NUFFIELD HEALTH, NEWCASTLE UPON TYNE HOSPITAL",C_160,Plastic Surgery Service,25.0,15.0,8.0,2.0,60.0,8.0
Apr-2026,NVC0R,TEES VALLEY HOSPITAL,C_160,Plastic Surgery Service,411.0,395.0,16.0,0.0,96.11,0.0
Apr-2026,R0B,SOUTH TYNESIDE AND SUNDERLAND NHS FOUNDATION TRUST,C_100,General Surgery Service,4497.0,3644.0,853.0,0.0,81.03,0.0
Apr-2026,RLQ,WYE VALLEY NHS TRUST,C_101,Urology Service,1337.0,881.0,455.0,1.0,65.89,0.07
Apr-2026,RWP,WORCESTERSHIRE ACUTE HOSPITALS NHS TRUST,X02,Other - Medical Services,4888.0,3285.0,1603.0,0.0,67.21,0.0
Apr-2026,RYW,BIRMINGHAM COMMUNITY HEALTHCARE NHS FOUNDATION TRUST,X03,Other - Mental Health Services,987.0,869.0,118.0,0.0,88.04,0.0
Apr-2026,RNN,NORTH CUMBRIA INTEGRATED CARE NHS FOUNDATION TRUST,C_301,Gastroenterology Service,1876.0,1195.0,649.0,32.0,63.7,1.71
Apr-2026,RR7,GATESHEAD HEALTH NHS FOUNDATION TRUST,C_410,Rheumatology Service,395.0,316.0,79.0,0.0,80.0,0.0
Apr-2026,RTD,THE NEWCASTLE UPON TYNE HOSPITALS NHS FOUNDATION TRUST,C_140,Oral Surgery Service,2233.0,1539.0,694.0,0.0,68.92,0.0
Apr-2026,RTD,THE NEWCASTLE UPON TYNE HOSPITALS NHS FOUNDATION TRUST,C_430,Elderly Medicine Service,253.0,250.0,3.0,0.0,98.81,0.0
Apr-2026,RTR,SOUTH TEES HOSPITALS NHS FOUNDATION TRUST,C_130,Ophthalmology Service,3823.0,3121.0,699.0,3.0,81.64,0.08
Apr-2026,RXP,COUNTY DURHAM AND DARLINGTON NHS FOUNDATION TRUST,C_120,Ear Nose and Throat Service,3955.0,2892.0,1063.0,0.0,73.12,0.0
Apr-2026,RXP,COUNTY DURHAM AND DARLINGTON NHS FOUNDATION TRUST,C_410,Rheumatology Service,1807.0,927.0,864.0,16.0,51.3,0.89
Apr-2026,RXP,COUNTY DURHAM AND DARLINGTON NHS FOUNDATION TRUST,X03,Other - Mental Health Services,486.0,314.0,172.0,0.0,64.61,0.0
Apr-2026,RFS,CHESTERFIELD ROYAL HOSPITAL NHS FOUNDATION TRUST,C_130,Ophthalmology Service,2015.0,1400.0,606.0,9.0,69.48,0.45
Apr-2026,RFS,CHESTERFIELD ROYAL HOSPITAL NHS FOUNDATION TRUST,C_300,General Internal Medicine Service,467.0,359.0,108.0,0.0,76.87,0.0
Apr-2026,RFS,CHESTERFIELD ROYAL HOSPITAL NHS FOUNDATION TRUST,C_301,Gastroenterology Service,1540.0,950.0,571.0,19.0,61.69,1.23
Apr-2026,RTG,UNIVERSITY HOSPITALS OF DERBY AND BURTON NHS FOUNDATION TRUST,X06,Other - Other Services,982.0,797.0,176.0,9.0,81.16,0.92
Apr-2026,RTE,GLOUCESTERSHIRE HOSPITALS NHS FOUNDATION TRUST,C_120,Ear Nose and Throat Service,5375.0,3239.0,2136.0,0.0,60.26,0.0
Apr-2026,NEY,PIONEER HEALTHCARE LIMITED,C_999,Total,101.0,61.0,30.0,10.0,60.4,9.9
Apr-2026,R1F,ISLE OF WIGHT NHS TRUST,C_140,Oral Surgery Service,548.0,258.0,288.0,2.0,47.08,0.36
Apr-2026,RHM,UNIVERSITY HOSPITAL SOUTHAMPTON NHS FOUNDATION TRUST,C_410,Rheumatology Service,796.0,666.0,129.0,1.0,83.67,0.13
Apr-2026,RHM,UNIVERSITY HOSPITAL SOUTHAMPTON NHS FOUNDATION TRUST,X02,Other - Medical Services,8773.0,5645.0,3093.0,35.0,64.35,0.4
Apr-2026,NAM01,PROBUS SURGICAL CENTRE,C_100,General Surgery Service,179.0,174.0,5.0,0.0,97.21,0.0
Apr-2026,RJ8,CORNWALL PARTNERSHIP NHS FOUNDATION TRUST,C_999,Total,703.0,687.0,16.0,0.0,97.72,0.0
Apr-2026,DXN,MODALITY LLP,C_999,Total,2665.0,158.0,2453.0,54.0,5.93,2.03
Apr-2026,DXN,MODALITY LLP,C_410,Rheumatology Service,19.0,2.0,17.0,0.0,10.53,0.0
Apr-2026,NPG20,SPAMEDICA WOLVERHAMPTON,C_130,Ophthalmology Service,831.0,769.0,62.0,0.0,92.54,0.0
Apr-2026,RHU,PORTSMOUTH HOSPITALS UNIVERSITY NHS TRUST,C_330,Dermatology Service,3985.0,2353.0,1573.0,59.0,59.05,1.48
Apr-2026,RN5,HAMPSHIRE HOSPITALS NHS FOUNDATION TRUST,C_101,Urology Service,3377.0,1940.0,1275.0,162.0,57.45,4.8
Apr-2026,RN5,HAMPSHIRE HOSPITALS NHS FOUNDATION TRUST,C_300,General Internal Medicine Service,27.0,27.0,0.0,0.0,100.0,0.0
Apr-2026,RW1,HAMPSHIRE AND ISLE OF WIGHT HEALTHCARE NHS FOUNDATION TRUST,C_320,Cardiology Service,297.0,285.0,12.0,0.0,95.96,0.0
Apr-2026,NTPH1,PRACTICE PLUS GROUP HOSPITAL - SHEPTON MALLET,C_502,Gynaecology Service,92.0,71.0,19.0,2.0,77.17,2.17
Apr-2026,RH5,SOMERSET NHS FOUNDATION TRUST,C_130,Ophthalmology Service,3054.0,2419.0,624.0,11.0,79.21,0.36
Apr-2026,RH5,SOMERSET NHS FOUNDATION TRUST,C_140,Oral Surgery Service,3501.0,1810.0,1582.0,109.0,51.7,3.11
Apr-2026,A4Y8X,ACES NOTTINGHAM,C_999,Total,26.0,20.0,6.0,0.0,76.92,0.0
Apr-2026,B1A5K,NEWMEDICA - NOTTINGHAM,C_130,Ophthalmology Service,619.0,606.0,13.0,0.0,97.9,0.0
Apr-2026,NT30A,SPIRE NOTTINGHAM HOSPITAL,C_100,General Surgery Service,162.0,150.0,12.0,0.0,92.59,0.0
Apr-2026,RK5,SHERWOOD FOREST HOSPITALS NHS FOUNDATION TRUST,C_320,Cardiology Service,1930.0,1227.0,687.0,16.0,63.58,0.83
Apr-2026,RX1,NOTTINGHAM UNIVERSITY HOSPITALS NHS TRUST,C_130,Ophthalmology Service,6614.0,4334.0,2186.0,94.0,65.53,1.42
Apr-2026,RX1,NOTTINGHAM UNIVERSITY HOSPITALS NHS TRUST,C_340,Respiratory Medicine Service,2085.0,1747.0,331.0,7.0,83.79,0.34
Apr-2026,NFH,SOMERSET SURGICAL SERVICES HQ,C_999,Total,1574.0,1290.0,282.0,2.0,81.96,0.13
Apr-2026,RA7,UNIVERSITY HOSPITALS BRISTOL AND WESTON NHS FOUNDATION TRUST,X05,Other - Surgical Services,4384.0,2940.0,1414.0,30.0,67.06,0.68
Apr-2026,RVJ,NORTH BRISTOL NHS TRUST,C_430,Elderly Medicine Service,92.0,92.0,0.0,0.0,100.0,0.0
Apr-2026,R0D,UNIVERSITY HOSPITALS DORSET NHS FOUNDATION TRUST,C_101,Urology Service,2666.0,1869.0,756.0,41.0,70.11,1.54
Apr-2026,R0D,UNIVERSITY HOSPITALS DORSET NHS FOUNDATION TRUST,C_410,Rheumatology Service,1255.0,1068.0,187.0,0.0,85.1,0.0
Apr-2026,K8I4X,GLENDON WOOD HOSPITAL,X06,Other - Other Services,3.0,2.0,1.0,0.0,66.67,0.0
Apr-2026,M4C5R,NEWMEDICA - NORTHAMPTON,C_130,Ophthalmology Service,1500.0,1252.0,247.0,1.0,83.47,0.07
Apr-2026,NT441,THREE SHIRES HOSPITAL,X06,Other - Other Services,10.0,8.0,2.0,0.0,80.0,0.0
Apr-2026,NVC23,WOODLAND HOSPITAL,C_301,Gastroenterology Service,155.0,117.0,37.0,1.0,75.48,0.65
Apr-2026,RNQ,KETTERING GENERAL HOSPITAL NHS FOUNDATION TRUST,C_502,Gynaecology Service,2581.0,1647.0,932.0,2.0,63.81,0.08
Apr-2026,RNQ,KETTERING GENERAL HOSPITAL NHS FOUNDATION TRUST,C_400,Neurology Service,994.0,590.0,401.0,3.0,59.36,0.3
Apr-2026,RNS,NORTHAMPTON GENERAL HOSPITAL NHS TRUST,C_130,Ophthalmology Service,4017.0,3158.0,859.0,0.0,78.62,0.0
Apr-2026,RRF,"WRIGHTINGTON, WIGAN AND LEIGH TEACHING HOSPITALS NHS FOUNDATION TRUST",C_120,Ear Nose and Throat Service,4986.0,2483.0,2297.0,206.0,49.8,4.13
Apr-2026,RWJ,STOCKPORT NHS FOUNDATION TRUST,C_999,Total,34315.0,21182.0,12933.0,200.0,61.73,0.58
Apr-2026,Z2L9B,NEWMEDICA - MANCHESTER WEST,C_130,Ophthalmology Service,317.0,250.0,67.0,0.0,78.86,0.0
Apr-2026,ACG22,NEWMEDICA - BRIGG - RIVERSIDE SURGERY,C_999,Total,735.0,591.0,144.0,0.0,80.41,0.0
Apr-2026,NT351,SPIRE HULL AND EAST RIDING HOSPITAL,C_502,Gynaecology Service,1.0,1.0,0.0,0.0,100.0,0.0
Apr-2026,NT447,DUCHY HOSPITAL,X06,Other - Other Services,1.0,1.0,0.0,0.0,100.0,0.0
Apr-2026,NTE02,ST HUGH'S HOSPITAL,C_999,Total,2063.0,1657.0,395.0,11.0,80.32,0.53
Apr-2026,RJL,NORTHERN LINCOLNSHIRE AND GOOLE NHS FOUNDATION TRUST,C_301,Gastroenterology Service,3966.0,1479.0,2153.0,334.0,37.29,8.42
Apr-2026,RJL,NORTHERN LINCOLNSHIRE AND GOOLE NHS FOUNDATION TRUST,C_100,General Surgery Service,5922.0,3728.0,2142.0,52.0,62.95,0.88
Apr-2026,RJL,NORTHERN LINCOLNSHIRE AND GOOLE NHS FOUNDATION TRUST,C_410,Rheumatology Service,994.0,505.0,489.0,0.0,50.8,0.0
Apr-2026,RWA,HULL UNIVERSITY TEACHING HOSPITALS NHS TRUST,C_400,Neurology Service,4569.0,2662.0,1858.0,49.0,58.26,1.07
Apr-2026,H1T2P,SPAMEDICA SWINDON,C_999,Total,109.0,105.0,4.0,0.0,96.33,0.0
Apr-2026,NVC09,NEW HALL HOSPITAL,C_110,Trauma and Orthopaedic Service,2850.0,2008.0,832.0,10.0,70.46,0.35
Apr-2026,RD1,ROYAL UNITED HOSPITALS BATH NHS FOUNDATION TRUST,C_100,General Surgery Service,4006.0,2521.0,1449.0,36.0,62.93,0.9
Apr-2026,RD1,ROYAL UNITED HOSPITALS BATH NHS FOUNDATION TRUST,C_110,Trauma and Orthopaedic Service,1962.0,1218.0,730.0,14.0,62.08,0.71
Apr-2026,RD1,ROYAL UNITED HOSPITALS BATH NHS FOUNDATION TRUST,C_320,Cardiology Service,3761.0,2660.0,1081.0,20.0,70.73,0.53
Apr-2026,RD1,ROYAL UNITED HOSPITALS BATH NHS FOUNDATION TRUST,C_330,Dermatology Service,1884.0,1346.0,536.0,2.0,71.44,0.11
Apr-2026,RN3,GREAT WESTERN HOSPITALS NHS FOUNDATION TRUST,C_999,Total,44170.0,25059.0,18110.0,1001.0,56.73,2.27
Apr-2026,RN3,GREAT WESTERN HOSPITALS NHS FOUNDATION TRUST,C_410,Rheumatology Service,356.0,333.0,23.0,0.0,93.54,0.0
Apr-2026,RNZ,SALISBURY NHS FOUNDATION TRUST,X02,Other - Medical Services,3375.0,2615.0,757.0,3.0,77.48,0.09
Apr-2026,NVC22,WINFIELD HOSPITAL,C_160,Plastic Surgery Service,5.0,5.0,0.0,0.0,100.0,0.0
Apr-2026,NT343,SPIRE THAMES VALLEY HOSPITAL,C_110,Trauma and Orthopaedic Service,259.0,100.0,154.0,5.0,38.61,1.93
Apr-2026,NT343,SPIRE THAMES VALLEY HOSPITAL,C_999,Total,448.0,197.0,243.0,8.0,43.97,1.79
Apr-2026,NT343,SPIRE THAMES VALLEY HOSPITAL,C_100,General Surgery Service,81.0,32.0,46.0,3.0,39.51,3.7
Apr-2026,NT410,CHILTERN HOSPITAL,C_101,Urology Service,36.0,28.0,8.0,0.0,77.78,0.0
Apr-2026,NT410,CHILTERN HOSPITAL,X06,Other - Other Services,8.0,7.0,1.0,0.0,87.5,0.0
Apr-2026,NV1,INHEALTH LIMITED,C_120,Ear Nose and Throat Service,1063.0,856.0,207.0,0.0,80.53,0.0
Apr-2026,NVC25,THE CHERWELL HOSPITAL,C_110,Trauma and Orthopaedic Service,2033.0,1394.0,633.0,6.0,68.57,0.3
Apr-2026,NVC25,THE CHERWELL HOSPITAL,C_999,Total,2034.0,1394.0,634.0,6.0,68.53,0.29
Apr-2026,RHW,ROYAL BERKSHIRE NHS FOUNDATION TRUST,C_160,Plastic Surgery Service,366.0,287.0,78.0,1.0,78.42,0.27
Apr-2026,NT210,"NUFFIELD HEALTH, THE GROSVENOR HOSPITAL, CHESTER",X06,Other - Other Services,30.0,1.0,29.0,0.0,3.33,0.0
Apr-2026,NT337,SPIRE LIVERPOOL HOSPITAL,C_301,Gastroenterology Service,69.0,67.0,2.0,0.0,97.1,0.0
Apr-2026,NT339,SPIRE REGENCY HOSPITAL,C_150,Neurosurgical Service,25.0,23.0,2.0,0.0,92.0,0.0
Apr-2026,RBT,MID CHESHIRE HOSPITALS NHS FOUNDATION TRUST,C_101,Urology Service,1718.0,1365.0,352.0,1.0,79.45,0.06
Apr-2026,REM,LIVERPOOL UNIVERSITY HOSPITALS NHS FOUNDATION TRUST,X05,Other - Surgical Services,8780.0,4849.0,3787.0,144.0,55.23,1.64
Apr-2026,REN,THE CLATTERBRIDGE CANCER CENTRE NHS FOUNDATION TRUST,X02,Other - Medical Services,427.0,410.0,17.0,0.0,96.02,0.0
Apr-2026,RJN,EAST CHESHIRE NHS TRUST,C_110,Trauma and Orthopaedic Service,1414.0,763.0,628.0,23.0,53.96,1.63
Apr-2026,RJN,EAST CHESHIRE NHS TRUST,C_340,Respiratory Medicine Service,1156.0,550.0,511.0,95.0,47.58,8.22
Apr-2026,RJR,COUNTESS OF CHESTER HOSPITAL NHS FOUNDATION TRUST,C_410,Rheumatology Service,379.0,347.0,32.0,0.0,91.56,0.0
Apr-2026,RJR,COUNTESS OF CHESTER HOSPITAL NHS FOUNDATION TRUST,X06,Other - Other Services,369.0,341.0,28.0,0.0,92.41,0.0
Apr-2026,Y9S1N,FAIRFIELD INDEPENDENT HOSPITAL,C_110,Trauma and Orthopaedic Service,640.0,327.0,294.0,19.0,51.09,2.97
Apr-2026,RTH,OXFORD UNIVERSITY HOSPITALS NHS FOUNDATION TRUST,X03,Other - Mental Health Services,44.0,42.0,2.0,0.0,95.45,0.0
Apr-2026,RWX,BERKSHIRE HEALTHCARE NHS FOUNDATION TRUST,X04,Other - Paediatric Services,99.0,99.0,0.0,0.0,100.0,0.0
Apr-2026,RWX,BERKSHIRE HEALTHCARE NHS FOUNDATION TRUST,C_999,Total,99.0,99.0,0.0,0.0,100.0,0.0
Apr-2026,F7F6D,NEWMEDICA - HERTFORSHIRE - WELWYN GARDEN CITY,C_999,Total,946.0,832.0,114.0,0.0,87.95,0.0
Apr-2026,NT317,SPIRE CAMBRIDGE LEA HOSPITAL,C_120,Ear Nose and Throat Service,1.0,1.0,0.0,0.0,100.0,0.0
Apr-2026,NT423,MANOR HOSPITAL,C_999,Total,671.0,315.0,350.0,6.0,46.94,0.89
Apr-2026,NVC06,FITZWILLIAM HOSPITAL,C_301,Gastroenterology Service,135.0,87.0,48.0,0.0,64.44,0.0
Apr-2026,NVC15,PINEHILL HOSPITAL,C_999,Total,1818.0,1133.0,679.0,6.0,62.32,0.33
Apr-2026,NVC15,PINEHILL HOSPITAL,C_301,Gastroenterology Service,39.0,38.0,1.0,0.0,97.44,0.0
Apr-2026,NVC19,RIVERS HOSPITAL,C_110,Trauma and Orthopaedic Service,1551.0,983.0,561.0,7.0,63.38,0.45
Apr-2026,RCX,"THE QUEEN ELIZABETH HOSPITAL, KING'S LYNN, NHS FOUNDATION TRUST",C_320,Cardiology Service,1540.0,1077.0,463.0,0.0,69.94,0.0
Apr-2026,RGP,JAMES PAGET UNIVERSITY HOSPITALS NHS FOUNDATION TRUST,C_140,Oral Surgery Service,878.0,418.0,434.0,26.0,47.61,2.96
Apr-2026,RGR,WEST SUFFOLK NHS FOUNDATION TRUST,C_430,Elderly Medicine Service,14.0,12.0,2.0,0.0,85.71,0.0
Apr-2026,RM1,NORFOLK AND NORWICH UNIVERSITY HOSPITALS NHS FOUNDATION TRUST,C_101,Urology Service,4900.0,2840.0,1921.0,139.0,57.96,2.84
Apr-2026,G3Q3Z,NUFFIELD HEALTH HIGHGATE HOSPITAL,X05,Other - Surgical Services,138.0,125.0,10.0,3.0,90.58,2.17
Apr-2026,I7Q4A,OPTEGRA EYE HOSPITAL WEST LONDON,C_130,Ophthalmology Service,638.0,564.0,74.0,0.0,88.4,0.0
Apr-2026,R1K,LONDON NORTH WEST UNIVERSITY HEALTHCARE NHS TRUST,C_101,Urology Service,4317.0,3017.0,1266.0,34.0,69.89,0.79
Apr-2026,RAL,ROYAL FREE LONDON NHS FOUNDATION TRUST,C_140,Oral Surgery Service,4712.0,2852.0,1827.0,33.0,60.53,0.7
Apr-2026,RAS,THE HILLINGDON HOSPITALS NHS FOUNDATION TRUST,X05,Other - Surgical Services,2084.0,1125.0,958.0,1.0,53.98,0.05
Apr-2026,RKE,WHITTINGTON HEALTH NHS TRUST,C_160,Plastic Surgery Service,129.0,65.0,61.0,3.0,50.39,2.33
Apr-2026,RQM,CHELSEA AND WESTMINSTER HOSPITAL NHS FOUNDATION TRUST,C_301,Gastroenterology Service,2041.0,1733.0,308.0,0.0,84.91,0.0
Apr-2026,RQM,CHELSEA AND WESTMINSTER HOSPITAL NHS FOUNDATION TRUST,C_140,Oral Surgery Service,2154.0,865.0,1215.0,74.0,40.16,3.44
Apr-2026,RAX,KINGSTON AND RICHMOND NHS FOUNDATION TRUST,C_160,Plastic Surgery Service,273.0,220.0,53.0,0.0,80.59,0.0
Apr-2026,RAX,KINGSTON AND RICHMOND NHS FOUNDATION TRUST,C_430,Elderly Medicine Service,13.0,11.0,2.0,0.0,84.62,0.0
Apr-2026,ACG40,NEWMEDICA - WAKEFIELD,C_130,Ophthalmology Service,557.0,471.0,86.0,0.0,84.56,0.0
Apr-2026,E6F9I,ACES BRADFORD,C_130,Ophthalmology Service,1.0,1.0,0.0,0.0,100.0,0.0
Apr-2026,P1G3N,ACES LEEDS WHITE ROSE,C_130,Ophthalmology Service,5.0,2.0,3.0,0.0,40.0,0.0
Apr-2026,RAE,BRADFORD TEACHING HOSPITALS NHS FOUNDATION TRUST,C_130,Ophthalmology Service,2209.0,1634.0,575.0,0.0,73.97,0.0
Apr-2026,RAE,BRADFORD TEACHING HOSPITALS NHS FOUNDATION TRUST,C_320,Cardiology Service,870.0,680.0,190.0,0.0,78.16,0.0
Apr-2026,RJ7,ST GEORGE'S UNIVERSITY HOSPITALS NHS FOUNDATION TRUST,C_140,Oral Surgery Service,1602.0,1015.0,539.0,48.0,63.36,3.0
Apr-2026,RVR,EPSOM AND ST HELIER UNIVERSITY HOSPITALS NHS TRUST,C_140,Oral Surgery Service,2146.0,1473.0,665.0,8.0,68.64,0.37
Apr-2026,RR8,LEEDS TEACHING HOSPITALS NHS TRUST,C_502,Gynaecology Service,9673.0,6132.0,3522.0,19.0,63.39,0.2
Apr-2026,RWY,CALDERDALE AND HUDDERSFIELD NHS FOUNDATION TRUST,C_110,Trauma and Orthopaedic Service,2586.0,1890.0,696.0,0.0,73.09,0.0
Apr-2026,RWY,CALDERDALE AND HUDDERSFIELD NHS FOUNDATION TRUST,C_160,Plastic Surgery Service,604.0,351.0,253.0,0.0,58.11,0.0
Apr-2026,RXG,SOUTH WEST YORKSHIRE PARTNERSHIP NHS FOUNDATION TRUST,C_999,Total,4385.0,4273.0,112.0,0.0,97.45,0.0
Apr-2026,NT224,"NUFFIELD HEALTH, WARWICKSHIRE HOSPITAL",C_110,Trauma and Orthopaedic Service,169.0,131.0,35.0,3.0,77.51,1.78
Apr-2026,RJC,SOUTH WARWICKSHIRE UNIVERSITY NHS FOUNDATION TRUST,C_100,General Surgery Service,788.0,410.0,368.0,10.0,52.03,1.27
Apr-2026,RJC,SOUTH WARWICKSHIRE UNIVERSITY NHS FOUNDATION TRUST,C_110,Trauma and Orthopaedic Service,3675.0,3006.0,668.0,1.0,81.8,0.03
Apr-2026,RJC,SOUTH WARWICKSHIRE UNIVERSITY NHS FOUNDATION TRUST,X02,Other - Medical Services,1460.0,1273.0,179.0,8.0,87.19,0.55
Apr-2026,RKB,UNIVERSITY HOSPITALS COVENTRY AND WARWICKSHIRE NHS TRUST,C_300,General Internal Medicine Service,874.0,776.0,98.0,0.0,88.79,0.0
Apr-2026,S3H9L,THE HAMPTONS HOSPITAL LTD,C_502,Gynaecology Service,1.0,0.0,1.0,0.0,0.0,0.0
Apr-2026,NNE,DORKING HEALTHCARE LIMITED (DHC),C_430,Elderly Medicine Service,31.0,31.0,0.0,0.0,100.0,0.0
Apr-2026,NNH03,OPTEGRA (SURREY EYE HOSPITAL),C_999,Total,741.0,740.0,1.0,0.0,99.87,0.0
Apr-2026,NT205,"NUFFIELD HEALTH, BRIGHTON HOSPITAL",C_999,Total,810.0,412.0,303.0,95.0,50.86,11.73
Apr-2026,NT216,"NUFFIELD HEALTH, GUILDFORD HOSPITAL",X02,Other - Medical Services,1.0,0.0,1.0,0.0,0.0,0.0
Apr-2026,NT455,MOUNT ALVERNIA HOSPITAL,C_101,Urology Service,37.0,29.0,8.0,0.0,78.38,0.0
Apr-2026,NVC01,ASHTEAD HOSPITAL,C_999,Total,1028.0,767.0,256.0,5.0,74.61,0.49
Apr-2026,NVC11,NORTH DOWNS HOSPITAL,C_100,General Surgery Service,169.0,126.0,42.0,1.0,74.56,0.59
Apr-2026,NVM,EPSOMEDICAL GROUP,C_130,Ophthalmology Service,401.0,395.0,6.0,0.0,98.5,0.0
Apr-2026,RC9,BEDFORDSHIRE HOSPITALS NHS FOUNDATION TRUST,X02,Other - Medical Services,2600.0,2046.0,554.0,0.0,78.69,0.0
Apr-2026,RGN,NORTH WEST ANGLIA NHS FOUNDATION TRUST,C_320,Cardiology Service,9213.0,5990.0,3129.0,94.0,65.02,1.02
Apr-2026,RGT,CAMBRIDGE UNIVERSITY HOSPITALS NHS FOUNDATION TRUST,C_410,Rheumatology Service,1838.0,1551.0,287.0,0.0,84.39,0.0
Apr-2026,RWG,WEST HERTFORDSHIRE TEACHING HOSPITALS NHS TRUST,C_999,Total,45979.0,31434.0,14066.0,479.0,68.37,1.04
Apr-2026,RWG,WEST HERTFORDSHIRE TEACHING HOSPITALS NHS TRUST,X06,Other - Other Services,204.0,204.0,0.0,0.0,100.0,0.0
Apr-2026,RWH,EAST AND NORTH HERTFORDSHIRE TEACHING NHS TRUST,C_340,Respiratory Medicine Service,1009.0,925.0,84.0,0.0,91.67,0.0
Apr-2026,RA2,ROYAL SURREY NHS FOUNDATION TRUST,C_130,Ophthalmology Service,2191.0,1358.0,833.0,0.0,61.98,0.0
Apr-2026,RA2,ROYAL SURREY NHS FOUNDATION TRUST,C_100,General Surgery Service,2822.0,2188.0,630.0,4.0,77.53,0.14
Apr-2026,RDU,FRIMLEY HEALTH NHS FOUNDATION TRUST,C_140,Oral Surgery Service,2716.0,1062.0,1547.0,107.0,39.1,3.94
Apr-2026,RXC,EAST SUSSEX HEALTHCARE NHS TRUST,C_340,Respiratory Medicine Service,2295.0,1512.0,770.0,13.0,65.88,0.57
Apr-2026,RXC,EAST SUSSEX HEALTHCARE NHS TRUST,X04,Other - Paediatric Services,288.0,217.0,71.0,0.0,75.35,0.0
Apr-2026,RYR,UNIVERSITY HOSPITALS SUSSEX NHS FOUNDATION TRUST,C_301,Gastroenterology Service,4939.0,2875.0,1949.0,115.0,58.21,2.33
Apr-2026,RYR,UNIVERSITY HOSPITALS SUSSEX NHS FOUNDATION TRUST,C_502,Gynaecology Service,10488.0,5569.0,4455.0,464.0,53.1,4.42
Apr-2026,NT318,SPIRE NORWICH HOSPITAL,C_100,General Surgery Service,132.0,104.0,28.0,0.0,78.79,0.0
Apr-2026,NT204,"NUFFIELD HEALTH, BRENTWOOD HOSPITAL",C_120,Ear Nose and Throat Service,331.0,137.0,89.0,105.0,41.39,31.72
Apr-2026,NT490,SOUTHEND PRIVATE HOSPITAL,C_100,General Surgery Service,71.0,68.0,3.0,0.0,95.77,0.0
Apr-2026,NT490,SOUTHEND PRIVATE HOSPITAL,X06,Other - Other Services,19.0,15.0,4.0,0.0,78.95,0.0
Apr-2026,NVC13,OAKS HOSPITAL,C_502,Gynaecology Service,177.0,105.0,72.0,0.0,59.32,0.0
Apr-2026,NVC13,OAKS HOSPITAL,C_999,Total,1122.0,648.0,470.0,4.0,57.75,0.36
Apr-2026,RAJ,MID AND SOUTH ESSEX NHS FOUNDATION TRUST,C_999,Total,174353.0,85915.0,76155.0,12283.0,49.28,7.04
Apr-2026,RAJ,MID AND SOUTH ESSEX NHS FOUNDATION TRUST,C_130,Ophthalmology Service,13362.0,7886.0,4990.0,486.0,59.02,3.64
Apr-2026,RAJ,MID AND SOUTH ESSEX NHS FOUNDATION TRUST,C_101,Urology Service,10977.0,5606.0,4584.0,787.0,51.07,7.17
Apr-2026,RAJ,MID AND SOUTH ESSEX NHS FOUNDATION TRUST,C_340,Respiratory Medicine Service,4182.0,2720.0,1446.0,16.0,65.04,0.38
Apr-2026,RAJ,MID AND SOUTH ESSEX NHS FOUNDATION TRUST,X02,Other - Medical Services,16136.0,9580.0,6037.0,519.0,59.37,3.22
Apr-2026,RAJ,MID AND SOUTH ESSEX NHS FOUNDATION TRUST,X03,Other - Mental Health Services,1.0,0.0,1.0,0.0,0.0,0.0
Apr-2026,RDE,EAST SUFFOLK AND NORTH ESSEX NHS FOUNDATION TRUST,C_100,General Surgery Service,5949.0,3014.0,2882.0,53.0,50.66,0.89
Apr-2026,RDE,EAST SUFFOLK AND NORTH ESSEX NHS FOUNDATION TRUST,C_101,Urology Service,5955.0,3536.0,2419.0,0.0,59.38,0.0
Apr-2026,RDE,EAST SUFFOLK AND NORTH ESSEX NHS FOUNDATION TRUST,C_130,Ophthalmology Service,8216.0,5699.0,2514.0,3.0,69.36,0.04
Apr-2026,RDE,EAST SUFFOLK AND NORTH ESSEX NHS FOUNDATION TRUST,C_300,General Internal Medicine Service,807.0,458.0,349.0,0.0,56.75,0.0
Apr-2026,RDE,EAST SUFFOLK AND NORTH ESSEX NHS FOUNDATION TRUST,C_430,Elderly Medicine Service,210.0,205.0,5.0,0.0,97.62,0.0
Apr-2026,RQW,THE PRINCESS ALEXANDRA HOSPITAL NHS TRUST,C_140,Oral Surgery Service,1802.0,908.0,842.0,52.0,50.39,2.89
Apr-2026,RQW,THE PRINCESS ALEXANDRA HOSPITAL NHS TRUST,C_301,Gastroenterology Service,2827.0,1748.0,1053.0,26.0,61.83,0.92
Apr-2026,A4M8P,BUCKSHAW HOSPITAL,C_100,General Surgery Service,948.0,668.0,279.0,1.0,70.46,0.11
Apr-2026,A5E1F,OPTEGRA EYE HOSPITAL PRESTON,C_999,Total,234.0,228.0,6.0,0.0,97.44,0.0
Apr-2026,NP9,BESPOKE HEALTHCARE LTD,C_400,Neurology Service,614.0,467.0,147.0,0.0,76.06,0.0
Apr-2026,NT347,SPIRE FYLDE COAST HOSPITAL,C_502,Gynaecology Service,300.0,247.0,53.0,0.0,82.33,0.0
Apr-2026,NT449,LANCASTER PRIVATE HOSPITAL,C_999,Total,299.0,253.0,45.0,1.0,84.62,0.33
Apr-2026,NT449,LANCASTER PRIVATE HOSPITAL,X06,Other - Other Services,1.0,0.0,1.0,0.0,0.0,0.0
Apr-2026,NVC07,FULWOOD HALL HOSPITAL,C_999,Total,4419.0,3108.0,1299.0,12.0,70.33,0.27
Apr-2026,RTX,UNIVERSITY HOSPITALS OF MORECAMBE BAY NHS FOUNDATION TRUST,X06,Other - Other Services,410.0,331.0,73.0,6.0,80.73,1.46
Apr-2026,RW5,LANCASHIRE & SOUTH CUMBRIA NHS FOUNDATION TRUST,C_110,Trauma and Orthopaedic Service,3361.0,3178.0,183.0,0.0,94.56,0.0
Apr-2026,RXN,LANCASHIRE TEACHING HOSPITALS NHS FOUNDATION TRUST,C_330,Dermatology Service,1965.0,1188.0,770.0,7.0,60.46,0.36
Apr-2026,RXN,LANCASHIRE TEACHING HOSPITALS NHS FOUNDATION TRUST,C_430,Elderly Medicine Service,159.0,137.0,14.0,8.0,86.16,5.03
Apr-2026,RXR,EAST LANCASHIRE HOSPITALS NHS TRUST,C_130,Ophthalmology Service,4384.0,2955.0,1392.0,37.0,67.4,0.84
Apr-2026,RXR,EAST LANCASHIRE HOSPITALS NHS TRUST,C_301,Gastroenterology Service,2407.0,2043.0,364.0,0.0,84.88,0.0
Apr-2026,RXR,EAST LANCASHIRE HOSPITALS NHS TRUST,C_502,Gynaecology Service,6738.0,3880.0,2684.0,174.0,57.58,2.58
Apr-2026,NT440,THORNBURY HOSPITAL,C_150,Neurosurgical Service,5.0,5.0,0.0,0.0,100.0,0.0
Apr-2026,NTX,THE ONE HEALTH GROUP PLC,C_150,Neurosurgical Service,2263.0,1709.0,549.0,5.0,75.52,0.22
Apr-2026,NTX,THE ONE HEALTH GROUP PLC,C_502,Gynaecology Service,602.0,437.0,164.0,1.0,72.59,0.17
Apr-2026,RFF,BARNSLEY HOSPITAL NHS FOUNDATION TRUST,C_320,Cardiology Service,694.0,650.0,44.0,0.0,93.66,0.0
Apr-2026,RFR,THE ROTHERHAM NHS FOUNDATION TRUST,C_120,Ear Nose and Throat Service,2176.0,1555.0,527.0,94.0,71.46,4.32
Apr-2026,RFR,THE ROTHERHAM NHS FOUNDATION TRUST,C_502,Gynaecology Service,3532.0,2260.0,1184.0,88.0,63.99,2.49
Apr-2026,RP5,DONCASTER AND BASSETLAW TEACHING HOSPITALS NHS FOUNDATION TRUST,C_100,General Surgery Service,3935.0,2671.0,1258.0,6.0,67.88,0.15
Apr-2026,V8A3H,SPAMEDICA SHEFFIELD COMMUNITY DIAGNOSTIC & TREATMENT CENTRE,C_130,Ophthalmology Service,38.0,38.0,0.0,0.0,100.0,0.0
Apr-2026,NT219,"NUFFIELD HEALTH, HEREFORD HOSPITAL",X06,Other - Other Services,6.0,6.0,0.0,0.0,100.0,0.0
Apr-2026,NT301,SPIRE SOUTH BANK HOSPITAL,C_301,Gastroenterology Service,12.0,11.0,1.0,0.0,91.67,0.0
Apr-2026,NT301,SPIRE SOUTH BANK HOSPITAL,C_999,Total,761.0,529.0,231.0,1.0,69.51,0.13
Apr-2026,NT412,DROITWICH SPA HOSPITAL,C_120,Ear Nose and Throat Service,29.0,25.0,4.0,0.0,86.21,0.0
Apr-2026,RYJ,IMPERIAL COLLEGE HEALTHCARE NHS TRUST,X05,Other - Surgical Services,9494.0,6049.0,3443.0,2.0,63.71,0.02
Apr-2026,R1H,BARTS HEALTH NHS TRUST,C_120,Ear Nose and Throat Service,6301.0,2898.0,3256.0,147.0,45.99,2.33
Apr-2026,R1H,BARTS HEALTH NHS TRUST,C_170,Cardiothoracic Surgery Service,10.0,10.0,0.0,0.0,100.0,0.0
Apr-2026,RF4,"BARKING, HAVERING AND REDBRIDGE UNIVERSITY HOSPITALS NHS TRUST",C_140,Oral Surgery Service,2233.0,1730.0,495.0,8.0,77.47,0.36
Apr-2026,RQX,HOMERTON HEALTHCARE NHS FOUNDATION TRUST,C_430,Elderly Medicine Service,179.0,164.0,15.0,0.0,91.62,0.0
Apr-2026,V8N5R,SPAMEDICA DALSTON,C_130,Ophthalmology Service,522.0,469.0,53.0,0.0,89.85,0.0
Apr-2026,NVC17,ROWLEY HALL HOSPITAL,C_101,Urology Service,2.0,1.0,1.0,0.0,50.0,0.0
Apr-2026,RJE,UNIVERSITY HOSPITALS OF NORTH MIDLANDS NHS TRUST,C_330,Dermatology Service,1254.0,995.0,258.0,1.0,79.35,0.08
Apr-2026,RJE,UNIVERSITY HOSPITALS OF NORTH MIDLANDS NHS TRUST,X06,Other - Other Services,278.0,252.0,25.0,1.0,90.65,0.36
Apr-2026,AHP,ST MICHAEL'S CLINIC LIMITED,C_999,Total,1691.0,1091.0,576.0,24.0,64.52,1.42
Apr-2026,RXW,THE SHREWSBURY AND TELFORD HOSPITAL NHS TRUST,C_330,Dermatology Service,2833.0,2171.0,662.0,0.0,76.63,0.0
Apr-2026,NLE01,LANCASTER HOUSE CONSULTING DIAGNOSTICS SURGICAL LTD HQ,C_101,Urology Service,758.0,622.0,136.0,0.0,82.06,0.0
Apr-2026,NT420,HIGHFIELD HOSPITAL,X06,Other - Other Services,73.0,65.0,8.0,0.0,89.04,0.0
Apr-2026,R0A,MANCHESTER UNIVERSITY NHS FOUNDATION TRUST,C_410,Rheumatology Service,1022.0,904.0,118.0,0.0,88.45,0.0
Apr-2026,R0A,MANCHESTER UNIVERSITY NHS FOUNDATION TRUST,C_430,Elderly Medicine Service,728.0,440.0,288.0,0.0,60.44,0.0
Apr-2026,R0A,MANCHESTER UNIVERSITY NHS FOUNDATION TRUST,X04,Other - Paediatric Services,18447.0,10496.0,7886.0,65.0,56.9,0.35
Apr-2026,RM3,NORTHERN CARE ALLIANCE NHS FOUNDATION TRUST,C_999,Total,132806.0,77480.0,51539.0,3787.0,58.34,2.85
Apr-2026,RM3,NORTHERN CARE ALLIANCE NHS FOUNDATION TRUST,C_110,Trauma and Orthopaedic Service,13457.0,7845.0,5138.0,474.0,58.3,3.52
Apr-2026,RM3,NORTHERN CARE ALLIANCE NHS FOUNDATION TRUST,C_150,Neurosurgical Service,4550.0,2455.0,1924.0,171.0,53.96,3.76
Apr-2026,NT233,"NUFFIELD HEALTH, PLYMOUTH HOSPITAL",X06,Other - Other Services,54.0,38.0,16.0,0.0,70.37,0.0
Apr-2026,NVC0Y,EXETER MEDICAL,C_999,Total,272.0,228.0,42.0,2.0,83.82,0.74
Apr-2026,RH8,ROYAL DEVON UNIVERSITY HEALTHCARE NHS FOUNDATION TRUST,C_130,Ophthalmology Service,9086.0,5502.0,3456.0,128.0,60.55,1.41
Apr-2026,RK9,UNIVERSITY HOSPITALS PLYMOUTH NHS TRUST,C_320,Cardiology Service,3086.0,1864.0,1188.0,34.0,60.4,1.1
Apr-2026,RK9,UNIVERSITY HOSPITALS PLYMOUTH NHS TRUST,X04,Other - Paediatric Services,1501.0,883.0,612.0,6.0,58.83,0.4
Apr-2026,RK9,UNIVERSITY HOSPITALS PLYMOUTH NHS TRUST,C_430,Elderly Medicine Service,23.0,15.0,7.0,1.0,65.22,4.35
Apr-2026,RPG,OXLEAS NHS FOUNDATION TRUST,C_999,Total,1590.0,1016.0,346.0,228.0,63.9,14.34
Apr-2026,ADP02,KIMS HOSPITAL (NEWNHAM COURT),C_301,Gastroenterology Service,3.0,3.0,0.0,0.0,100.0,0.0
Apr-2026,AVQ01,ONE ASHFORD HOSPITAL,C_100,General Surgery Service,155.0,125.0,30.0,0.0,80.65,0.0
Apr-2026,NT408,CHAUCER HOSPITAL,C_130,Ophthalmology Service,187.0,175.0,12.0,0.0,93.58,0.0
Apr-2026,NYR,CORA HEALTH DIAGNOSTICS (FORMERLY HEALTHSHARE DIAGNOSTICS),C_130,Ophthalmology Service,28.0,15.0,8.0,5.0,53.57,17.86
Apr-2026,NYR,CORA HEALTH DIAGNOSTICS (FORMERLY HEALTHSHARE DIAGNOSTICS),C_999,Total,1803.0,1086.0,678.0,39.0,60.23,2.16
Apr-2026,RWD,UNITED LINCOLNSHIRE TEACHING HOSPITALS NHS TRUST,C_400,Neurology Service,2775.0,1452.0,1284.0,39.0,52.32,1.41
Apr-2026,A8L1O,OPTEGRA EYE HOSPITAL LEICESTER,C_999,Total,190.0,175.0,15.0,0.0,92.11,0.0
Apr-2026,DPK,THE STONEYGATE EYE HOSPITAL,C_999,Total,752.0,658.0,94.0,0.0,87.5,0.0
Apr-2026,RWE,UNIVERSITY HOSPITALS OF LEICESTER NHS TRUST,C_100,General Surgery Service,6791.0,4401.0,2246.0,144.0,64.81,2.12
Apr-2026,RWE,UNIVERSITY HOSPITALS OF LEICESTER NHS TRUST,C_300,General Internal Medicine Service,107.0,106.0,1.0,0.0,99.07,0.0
Apr-2026,NT406,BLACKHEATH HOSPITAL,C_110,Trauma and Orthopaedic Service,641.0,407.0,224.0,10.0,63.49,1.56
Apr-2026,NT406,BLACKHEATH HOSPITAL,C_502,Gynaecology Service,1.0,1.0,0.0,0.0,100.0,0.0
Apr-2026,RJ1,GUY'S AND ST THOMAS' NHS FOUNDATION TRUST,C_340,Respiratory Medicine Service,9996.0,6233.0,3711.0,52.0,62.35,0.52
Apr-2026,RJ1,GUY'S AND ST THOMAS' NHS FOUNDATION TRUST,C_430,Elderly Medicine Service,742.0,637.0,105.0,0.0,85.85,0.0
Apr-2026,RJ2,LEWISHAM AND GREENWICH NHS TRUST,C_320,Cardiology Service,3075.0,2080.0,994.0,1.0,67.64,0.03
Apr-2026,RJZ,KING'S COLLEGE HOSPITAL NHS FOUNDATION TRUST,C_130,Ophthalmology Service,12454.0,8017.0,4094.0,343.0,64.37,2.75
Apr-2026,RJZ,KING'S COLLEGE HOSPITAL NHS FOUNDATION TRUST,C_340,Respiratory Medicine Service,3046.0,2353.0,692.0,1.0,77.25,0.03
Apr-2026,RPA,MEDWAY NHS FOUNDATION TRUST,C_320,Cardiology Service,2989.0,1582.0,1404.0,3.0,52.93,0.1
Apr-2026,RVV,EAST KENT HOSPITALS UNIVERSITY NHS FOUNDATION TRUST,C_999,Total,80656.0,45724.0,32941.0,1991.0,56.69,2.47
Apr-2026,RWF,MAIDSTONE AND TUNBRIDGE WELLS NHS TRUST,C_430,Elderly Medicine Service,147.0,144.0,3.0,0.0,97.96,0.0
Apr-2026,Z4F8Y,ACES DARTFORD,C_999,Total,369.0,316.0,53.0,0.0,85.64,0.0
Apr-2026,NTP15,PRACTICE PLUS GROUP HOSPITAL - ILFORD,C_110,Trauma and Orthopaedic Service,2246.0,1556.0,690.0,0.0,69.28,0.0
Apr-2026,S1Z4X,NEWMEDICA - BIRMINGHAM,C_130,Ophthalmology Service,936.0,884.0,52.0,0.0,94.44,0.0
Apr-2026,NVC29,COBALT HOSPITAL,C_110,Trauma and Orthopaedic Service,446.0,235.0,207.0,4.0,52.69,0.9
Apr-2026,RWP,WORCESTERSHIRE ACUTE HOSPITALS NHS TRUST,C_400,Neurology Service,830.0,774.0,56.0,0.0,93.25,0.0
Apr-2026,RWP,WORCESTERSHIRE ACUTE HOSPITALS NHS TRUST,C_300,General Internal Medicine Service,59.0,49.0,10.0,0.0,83.05,0.0
Apr-2026,NPG11,SPAMEDICA BIRMINGHAM,C_130,Ophthalmology Service,793.0,681.0,112.0,0.0,85.88,0.0
Apr-2026,NT320,SPIRE PARKWAY HOSPITAL,C_999,Total,1371.0,1002.0,350.0,19.0,73.09,1.39
Apr-2026,RRK,UNIVERSITY HOSPITALS BIRMINGHAM NHS FOUNDATION TRUST,C_120,Ear Nose and Throat Service,7928.0,5049.0,2754.0,125.0,63.69,1.58
Apr-2026,RRK,UNIVERSITY HOSPITALS BIRMINGHAM NHS FOUNDATION TRUST,C_400,Neurology Service,3922.0,2220.0,1702.0,0.0,56.6,0.0
Apr-2026,RYW,BIRMINGHAM COMMUNITY HEALTHCARE NHS FOUNDATION TRUST,C_110,Trauma and Orthopaedic Service,73.0,73.0,0.0,0.0,100.0,0.0
Apr-2026,RNN,NORTH CUMBRIA INTEGRATED CARE NHS FOUNDATION TRUST,C_320,Cardiology Service,2679.0,1552.0,1073.0,54.0,57.93,2.02
Apr-2026,RTD,THE NEWCASTLE UPON TYNE HOSPITALS NHS FOUNDATION TRUST,C_340,Respiratory Medicine Service,901.0,809.0,92.0,0.0,89.79,0.0
Apr-2026,RTR,SOUTH TEES HOSPITALS NHS FOUNDATION TRUST,C_330,Dermatology Service,2723.0,1718.0,1005.0,0.0,63.09,0.0
Apr-2026,RVW,NORTH TEES AND HARTLEPOOL NHS FOUNDATION TRUST,C_502,Gynaecology Service,2900.0,1628.0,1197.0,75.0,56.14,2.59
Apr-2026,RVW,NORTH TEES AND HARTLEPOOL NHS FOUNDATION TRUST,C_320,Cardiology Service,630.0,531.0,99.0,0.0,84.29,0.0
Apr-2026,Z9Z1G,SPAMEDICA GATESHEAD,C_130,Ophthalmology Service,579.0,558.0,21.0,0.0,96.37,0.0
Apr-2026,RFS,CHESTERFIELD ROYAL HOSPITAL NHS FOUNDATION TRUST,X02,Other - Medical Services,2119.0,1298.0,807.0,14.0,61.26,0.66
Apr-2026,RTG,UNIVERSITY HOSPITALS OF DERBY AND BURTON NHS FOUNDATION TRUST,C_140,Oral Surgery Service,2072.0,1547.0,503.0,22.0,74.66,1.06
Apr-2026,D0Y2J,OPTEGRA AT HAVANT HEALTH CENTRE (HAVANT),C_130,Ophthalmology Service,20.0,20.0,0.0,0.0,100.0,0.0
Apr-2026,NT304,SPIRE SOUTHAMPTON HOSPITAL,C_150,Neurosurgical Service,5.0,5.0,0.0,0.0,100.0,0.0
Apr-2026,NT418,HAMPSHIRE CLINIC,C_100,General Surgery Service,37.0,16.0,21.0,0.0,43.24,0.0
Apr-2026,NT433,SARUM ROAD HOSPITAL,C_330,Dermatology Service,1.0,0.0,1.0,0.0,0.0,0.0
Apr-2026,NTPAD,PRACTICE PLUS GROUP SURGICAL CENTRE - ST MARYS PORTSMOUTH,C_130,Ophthalmology Service,428.0,426.0,2.0,0.0,99.53,0.0
Apr-2026,R1F,ISLE OF WIGHT NHS TRUST,X02,Other - Medical Services,885.0,800.0,85.0,0.0,90.4,0.0
Apr-2026,NAM01,PROBUS SURGICAL CENTRE,C_130,Ophthalmology Service,533.0,517.0,16.0,0.0,97.0,0.0
Apr-2026,REF,ROYAL CORNWALL HOSPITALS NHS TRUST,C_120,Ear Nose and Throat Service,3138.0,2435.0,701.0,2.0,77.6,0.06
Apr-2026,NVC1H,STOURSIDE HOSPITAL,C_101,Urology Service,233.0,122.0,107.0,4.0,52.36,1.72
Apr-2026,NVC21,WEST MIDLANDS HOSPITAL,C_301,Gastroenterology Service,1.0,0.0,1.0,0.0,0.0,0.0
Apr-2026,RBK,WALSALL HEALTHCARE NHS TRUST,C_140,Oral Surgery Service,2059.0,1182.0,877.0,0.0,57.41,0.0
Apr-2026,RBK,WALSALL HEALTHCARE NHS TRUST,X02,Other - Medical Services,2646.0,1578.0,1066.0,2.0,59.64,0.08
Apr-2026,RBK,WALSALL HEALTHCARE NHS TRUST,X05,Other - Surgical Services,1846.0,1345.0,501.0,0.0,72.86,0.0
Apr-2026,RHU,PORTSMOUTH HOSPITALS UNIVERSITY NHS TRUST,C_430,Elderly Medicine Service,62.0,58.0,4.0,0.0,93.55,0.0
Apr-2026,RHU,PORTSMOUTH HOSPITALS UNIVERSITY NHS TRUST,X04,Other - Paediatric Services,824.0,796.0,28.0,0.0,96.6,0.0
Apr-2026,RHU,PORTSMOUTH HOSPITALS UNIVERSITY NHS TRUST,C_140,Oral Surgery Service,4115.0,1846.0,1915.0,354.0,44.86,8.6
Apr-2026,RW1,HAMPSHIRE AND ISLE OF WIGHT HEALTHCARE NHS FOUNDATION TRUST,C_100,General Surgery Service,1.0,1.0,0.0,0.0,100.0,0.0
Apr-2026,RW1,HAMPSHIRE AND ISLE OF WIGHT HEALTHCARE NHS FOUNDATION TRUST,C_410,Rheumatology Service,79.0,79.0,0.0,0.0,100.0,0.0
Apr-2026,NPR01,ABOUT HEALTH HQ,C_330,Dermatology Service,1396.0,1396.0,0.0,0.0,100.0,0.0
Apr-2026,NTPH1,PRACTICE PLUS GROUP HOSPITAL - SHEPTON MALLET,C_110,Trauma and Orthopaedic Service,1353.0,881.0,446.0,26.0,65.11,1.92
Apr-2026,RH5,SOMERSET NHS FOUNDATION TRUST,C_301,Gastroenterology Service,2125.0,1634.0,487.0,4.0,76.89,0.19
Apr-2026,A6U7U,OPTEGRA EYE HOSPITAL NOTTINGHAM,C_999,Total,114.0,114.0,0.0,0.0,100.0,0.0
Apr-2026,RK5,SHERWOOD FOREST HOSPITALS NHS FOUNDATION TRUST,C_502,Gynaecology Service,3163.0,1860.0,1208.0,95.0,58.8,3.0
Apr-2026,RK5,SHERWOOD FOREST HOSPITALS NHS FOUNDATION TRUST,X02,Other - Medical Services,2330.0,1332.0,988.0,10.0,57.17,0.43
Apr-2026,RX1,NOTTINGHAM UNIVERSITY HOSPITALS NHS TRUST,C_999,Total,85166.0,53483.0,29781.0,1902.0,62.8,2.23
Apr-2026,RX1,NOTTINGHAM UNIVERSITY HOSPITALS NHS TRUST,X02,Other - Medical Services,12990.0,8175.0,4512.0,303.0,62.93,2.33
Apr-2026,RX1,NOTTINGHAM UNIVERSITY HOSPITALS NHS TRUST,C_410,Rheumatology Service,691.0,600.0,91.0,0.0,86.83,0.0
Apr-2026,RL4,THE ROYAL WOLVERHAMPTON NHS TRUST,C_120,Ear Nose and Throat Service,6357.0,3295.0,2918.0,144.0,51.83,2.27
Apr-2026,RL4,THE ROYAL WOLVERHAMPTON NHS TRUST,C_160,Plastic Surgery Service,220.0,156.0,64.0,0.0,70.91,0.0
Apr-2026,RNA,THE DUDLEY GROUP NHS FOUNDATION TRUST,C_140,Oral Surgery Service,2277.0,1266.0,1011.0,0.0,55.6,0.0
Apr-2026,RNA,THE DUDLEY GROUP NHS FOUNDATION TRUST,X06,Other - Other Services,2014.0,994.0,1020.0,0.0,49.35,0.0
Apr-2026,RNA,THE DUDLEY GROUP NHS FOUNDATION TRUST,C_300,General Internal Medicine Service,3.0,3.0,0.0,0.0,100.0,0.0
Apr-2026,NFH,SOMERSET SURGICAL SERVICES HQ,C_130,Ophthalmology Service,377.0,330.0,47.0,0.0,87.53,0.0
Apr-2026,NWV01,COHESE HEALTHCARE,C_999,Total,954.0,953.0,1.0,0.0,99.9,0.0
Apr-2026,RVJ,NORTH BRISTOL NHS TRUST,C_101,Urology Service,5207.0,3827.0,1380.0,0.0,73.5,0.0
Apr-2026,RVJ,NORTH BRISTOL NHS TRUST,C_301,Gastroenterology Service,400.0,332.0,67.0,1.0,83.0,0.25
Apr-2026,RVJ,NORTH BRISTOL NHS TRUST,C_330,Dermatology Service,2080.0,1687.0,393.0,0.0,81.11,0.0
Apr-2026,RVJ,NORTH BRISTOL NHS TRUST,X04,Other - Paediatric Services,7.0,7.0,0.0,0.0,100.0,0.0
Apr-2026,NT441,THREE SHIRES HOSPITAL,C_999,Total,3666.0,2212.0,1430.0,24.0,60.34,0.65
Apr-2026,NVC23,WOODLAND HOSPITAL,C_999,Total,4941.0,3104.0,1835.0,2.0,62.82,0.04
Apr-2026,NVC23,WOODLAND HOSPITAL,C_100,General Surgery Service,386.0,282.0,104.0,0.0,73.06,0.0
Apr-2026,RNQ,KETTERING GENERAL HOSPITAL NHS FOUNDATION TRUST,C_999,Total,25455.0,16060.0,9284.0,111.0,63.09,0.44
Apr-2026,RNQ,KETTERING GENERAL HOSPITAL NHS FOUNDATION TRUST,C_130,Ophthalmology Service,2476.0,1848.0,628.0,0.0,74.64,0.0
Apr-2026,RNS,NORTHAMPTON GENERAL HOSPITAL NHS TRUST,C_301,Gastroenterology Service,3111.0,2055.0,1056.0,0.0,66.06,0.0
Apr-2026,A0C5S,SPAMEDICA GLOUCESTER,C_130,Ophthalmology Service,108.0,101.0,7.0,0.0,93.52,0.0
Apr-2026,A0C5S,SPAMEDICA GLOUCESTER,C_999,Total,108.0,101.0,7.0,0.0,93.52,0.0
Apr-2026,AAH,TETBURY HOSPITAL TRUST LTD,C_110,Trauma and Orthopaedic Service,30.0,22.0,7.0,1.0,73.33,3.33
Apr-2026,RMC,BOLTON NHS FOUNDATION TRUST,C_400,Neurology Service,120.0,38.0,82.0,0.0,31.67,0.0
Apr-2026,RMC,BOLTON NHS FOUNDATION TRUST,X05,Other - Surgical Services,537.0,276.0,255.0,6.0,51.4,1.12
Apr-2026,RMC,BOLTON NHS FOUNDATION TRUST,X06,Other - Other Services,26.0,9.0,17.0,0.0,34.62,0.0
Apr-2026,RMP,TAMESIDE AND GLOSSOP INTEGRATED CARE NHS FOUNDATION TRUST,X04,Other - Paediatric Services,1034.0,842.0,192.0,0.0,81.43,0.0
Apr-2026,RMP,TAMESIDE AND GLOSSOP INTEGRATED CARE NHS FOUNDATION TRUST,C_330,Dermatology Service,187.0,187.0,0.0,0.0,100.0,0.0
Apr-2026,RWJ,STOCKPORT NHS FOUNDATION TRUST,C_502,Gynaecology Service,2999.0,1740.0,1217.0,42.0,58.02,1.4
Apr-2026,RWJ,STOCKPORT NHS FOUNDATION TRUST,C_430,Elderly Medicine Service,115.0,113.0,2.0,0.0,98.26,0.0
Apr-2026,NL3,CARE PLUS GROUP,C_999,Total,182.0,156.0,25.0,1.0,85.71,0.55
Apr-2026,NT245,"NUFFIELD HEALTH, YORK HOSPITAL",C_110,Trauma and Orthopaedic Service,1151.0,843.0,307.0,1.0,73.24,0.09
Apr-2026,NT351,SPIRE HULL AND EAST RIDING HOSPITAL,C_120,Ear Nose and Throat Service,62.0,28.0,34.0,0.0,45.16,0.0
Apr-2026,RCD,HARROGATE AND DISTRICT NHS FOUNDATION TRUST,C_140,Oral Surgery Service,842.0,579.0,263.0,0.0,68.76,0.0
Apr-2026,RJL,NORTHERN LINCOLNSHIRE AND GOOLE NHS FOUNDATION TRUST,C_320,Cardiology Service,2422.0,1814.0,607.0,1.0,74.9,0.04
Apr-2026,RWA,HULL UNIVERSITY TEACHING HOSPITALS NHS TRUST,C_130,Ophthalmology Service,9122.0,5855.0,3035.0,232.0,64.19,2.54
Apr-2026,RWA,HULL UNIVERSITY TEACHING HOSPITALS NHS TRUST,C_410,Rheumatology Service,1083.0,732.0,350.0,1.0,67.59,0.09
Apr-2026,NT430,RIDGEWAY HOSPITAL,C_502,Gynaecology Service,61.0,10.0,51.0,0.0,16.39,0.0
Apr-2026,NT430,RIDGEWAY HOSPITAL,C_130,Ophthalmology Service,251.0,198.0,53.0,0.0,78.88,0.0
Apr-2026,NTPH3,PRACTICE PLUS GROUP SURGICAL CENTRE - DEVIZES,C_130,Ophthalmology Service,411.0,323.0,88.0,0.0,78.59,0.0
Apr-2026,NXP,INDEPENDENT HEALTH GROUP,C_110,Trauma and Orthopaedic Service,272.0,229.0,43.0,0.0,84.19,0.0
Apr-2026,NXP,INDEPENDENT HEALTH GROUP,C_130,Ophthalmology Service,263.0,263.0,0.0,0.0,100.0,0.0
Apr-2026,RD1,ROYAL UNITED HOSPITALS BATH NHS FOUNDATION TRUST,C_130,Ophthalmology Service,2678.0,2350.0,328.0,0.0,87.75,0.0
Apr-2026,RD1,ROYAL UNITED HOSPITALS BATH NHS FOUNDATION TRUST,C_999,Total,39208.0,27554.0,11472.0,182.0,70.28,0.46
Apr-2026,RN3,GREAT WESTERN HOSPITALS NHS FOUNDATION TRUST,C_130,Ophthalmology Service,2864.0,1609.0,1211.0,44.0,56.18,1.54
Apr-2026,RN3,GREAT WESTERN HOSPITALS NHS FOUNDATION TRUST,C_340,Respiratory Medicine Service,796.0,445.0,350.0,1.0,55.9,0.13
Apr-2026,RNZ,SALISBURY NHS FOUNDATION TRUST,C_100,General Surgery Service,1087.0,762.0,324.0,1.0,70.1,0.09
Apr-2026,RNZ,SALISBURY NHS FOUNDATION TRUST,C_340,Respiratory Medicine Service,976.0,695.0,281.0,0.0,71.21,0.0
Apr-2026,NVC22,WINFIELD HOSPITAL,C_301,Gastroenterology Service,150.0,146.0,4.0,0.0,97.33,0.0
Apr-2026,RTE,GLOUCESTERSHIRE HOSPITALS NHS FOUNDATION TRUST,C_410,Rheumatology Service,1084.0,683.0,400.0,1.0,63.01,0.09
Apr-2026,Z5J5V,SPAMEDICA HAYDOCK,C_999,Total,324.0,298.0,25.0,1.0,91.98,0.31
Apr-2026,NT343,SPIRE THAMES VALLEY HOSPITAL,X05,Other - Surgical Services,2.0,1.0,1.0,0.0,50.0,0.0
Apr-2026,NT343,SPIRE THAMES VALLEY HOSPITAL,C_160,Plastic Surgery Service,106.0,64.0,42.0,0.0,60.38,0.0
Apr-2026,NT428,PRINCESS MARGARET HOSPITAL,C_100,General Surgery Service,1.0,1.0,0.0,0.0,100.0,0.0
Apr-2026,NT435,SHELBURNE HOSPITAL,C_999,Total,149.0,107.0,42.0,0.0,71.81,0.0
Apr-2026,RHW,ROYAL BERKSHIRE NHS FOUNDATION TRUST,C_999,Total,35323.0,29460.0,5825.0,38.0,83.4,0.11
Apr-2026,RHW,ROYAL BERKSHIRE NHS FOUNDATION TRUST,C_120,Ear Nose and Throat Service,3657.0,2997.0,647.0,13.0,81.95,0.36
Apr-2026,NT324,SPIRE CHESHIRE HOSPITAL,C_120,Ear Nose and Throat Service,60.0,58.0,2.0,0.0,96.67,0.0
Apr-2026,NT339,SPIRE REGENCY HOSPITAL,C_999,Total,2004.0,1888.0,116.0,0.0,94.21,0.0
Apr-2026,NT339,SPIRE REGENCY HOSPITAL,C_110,Trauma and Orthopaedic Service,790.0,716.0,74.0,0.0,90.63,0.0
Apr-2026,RBL,WIRRAL UNIVERSITY TEACHING HOSPITAL NHS FOUNDATION TRUST,C_999,Total,43867.0,28698.0,14886.0,283.0,65.42,0.65
Apr-2026,RBL,WIRRAL UNIVERSITY TEACHING HOSPITAL NHS FOUNDATION TRUST,C_120,Ear Nose and Throat Service,3932.0,2275.0,1608.0,49.0,57.86,1.25
Apr-2026,RBL,WIRRAL UNIVERSITY TEACHING HOSPITAL NHS FOUNDATION TRUST,C_410,Rheumatology Service,1235.0,645.0,539.0,51.0,52.23,4.13
Apr-2026,REM,LIVERPOOL UNIVERSITY HOSPITALS NHS FOUNDATION TRUST,C_101,Urology Service,3300.0,1738.0,1539.0,23.0,52.67,0.7
Apr-2026,RJR,COUNTESS OF CHESTER HOSPITAL NHS FOUNDATION TRUST,X05,Other - Surgical Services,5261.0,3337.0,1893.0,31.0,63.43,0.59
Apr-2026,RJR,COUNTESS OF CHESTER HOSPITAL NHS FOUNDATION TRUST,C_301,Gastroenterology Service,686.0,625.0,61.0,0.0,91.11,0.0
Apr-2026,RWW,NORTH CHESHIRE AND MERSEY NHS FOUNDATION TRUST,C_110,Trauma and Orthopaedic Service,3423.0,1653.0,1668.0,102.0,48.29,2.98
Apr-2026,RWW,NORTH CHESHIRE AND MERSEY NHS FOUNDATION TRUST,C_301,Gastroenterology Service,2679.0,2076.0,592.0,11.0,77.49,0.41
Apr-2026,RTH,OXFORD UNIVERSITY HOSPITALS NHS FOUNDATION TRUST,X02,Other - Medical Services,15657.0,11066.0,4518.0,73.0,70.68,0.47
Apr-2026,RXQ,BUCKINGHAMSHIRE HEALTHCARE NHS TRUST,C_330,Dermatology Service,2753.0,1893.0,860.0,0.0,68.76,0.0
Apr-2026,AVQ03,ONE HATFIELD HOSPITAL,C_100,General Surgery Service,51.0,43.0,8.0,0.0,84.31,0.0
Apr-2026,AWR,ONE STOP DOCTORS LIMITED,C_301,Gastroenterology Service,16.0,11.0,5.0,0.0,68.75,0.0
Apr-2026,K9J3O,SPAMEDICA LUTON,C_130,Ophthalmology Service,203.0,176.0,27.0,0.0,86.7,0.0
Apr-2026,NQM01,ORTHOPAEDICS & SPINE SPECIALIST HOSPITAL SITE,C_110,Trauma and Orthopaedic Service,152.0,124.0,28.0,0.0,81.58,0.0
Apr-2026,NT209,"NUFFIELD HEALTH, CAMBRIDGE HOSPITAL",C_999,Total,192.0,97.0,94.0,1.0,50.52,0.52
Apr-2026,NT209,"NUFFIELD HEALTH, CAMBRIDGE HOSPITAL",C_110,Trauma and Orthopaedic Service,165.0,83.0,81.0,1.0,50.3,0.61
Apr-2026,NT315,SPIRE BUSHEY HOSPITAL,X05,Other - Surgical Services,238.0,238.0,0.0,0.0,100.0,0.0
Apr-2026,NVC06,FITZWILLIAM HOSPITAL,C_101,Urology Service,174.0,123.0,51.0,0.0,70.69,0.0
Apr-2026,NVC19,RIVERS HOSPITAL,C_999,Total,4499.0,3113.0,1357.0,29.0,69.19,0.64
Apr-2026,RGR,WEST SUFFOLK NHS FOUNDATION TRUST,C_100,General Surgery Service,2041.0,1122.0,887.0,32.0,54.97,1.57
Apr-2026,RGR,WEST SUFFOLK NHS FOUNDATION TRUST,C_101,Urology Service,1905.0,1334.0,570.0,1.0,70.03,0.05
Apr-2026,RGR,WEST SUFFOLK NHS FOUNDATION TRUST,C_160,Plastic Surgery Service,825.0,393.0,403.0,29.0,47.64,3.52
Apr-2026,RGR,WEST SUFFOLK NHS FOUNDATION TRUST,C_410,Rheumatology Service,642.0,592.0,47.0,3.0,92.21,0.47
Apr-2026,RM1,NORFOLK AND NORWICH UNIVERSITY HOSPITALS NHS FOUNDATION TRUST,C_120,Ear Nose and Throat Service,5281.0,3738.0,1439.0,104.0,70.78,1.97
Apr-2026,A1D1B,SPAMEDICA WEMBLEY,C_999,Total,420.0,375.0,45.0,0.0,89.29,0.0
Apr-2026,NT405,BISHOPS WOOD HOSPITAL,C_301,Gastroenterology Service,13.0,11.0,2.0,0.0,84.62,0.0
Apr-2026,NT411,CLEMENTINE CHURCHILL HOSPITAL,C_320,Cardiology Service,1.0,1.0,0.0,0.0,100.0,0.0
Apr-2026,NT411,CLEMENTINE CHURCHILL HOSPITAL,X06,Other - Other Services,8.0,7.0,1.0,0.0,87.5,0.0
Apr-2026,NT416,HENDON HOSPITAL,C_502,Gynaecology Service,153.0,98.0,55.0,0.0,64.05,0.0
Apr-2026,R1K,LONDON NORTH WEST UNIVERSITY HEALTHCARE NHS TRUST,X04,Other - Paediatric Services,1543.0,1207.0,336.0,0.0,78.22,0.0
Apr-2026,RAL,ROYAL FREE LONDON NHS FOUNDATION TRUST,C_400,Neurology Service,5595.0,3268.0,2315.0,12.0,58.41,0.21
Apr-2026,RAN,ROYAL NATIONAL ORTHOPAEDIC HOSPITAL NHS TRUST,X05,Other - Surgical Services,2140.0,1397.0,740.0,3.0,65.28,0.14
Apr-2026,RAS,THE HILLINGDON HOSPITALS NHS FOUNDATION TRUST,C_101,Urology Service,2315.0,1346.0,967.0,2.0,58.14,0.09
Apr-2026,RAS,THE HILLINGDON HOSPITALS NHS FOUNDATION TRUST,C_301,Gastroenterology Service,1177.0,771.0,406.0,0.0,65.51,0.0
Apr-2026,RP4,GREAT ORMOND STREET HOSPITAL FOR CHILDREN NHS FOUNDATION TRUST,X02,Other - Medical Services,2023.0,1798.0,224.0,1.0,88.88,0.05
Apr-2026,NT436,SHIRLEY OAKS HOSPITAL,C_130,Ophthalmology Service,51.0,35.0,16.0,0.0,68.63,0.0
Apr-2026,RAX,KINGSTON AND RICHMOND NHS FOUNDATION TRUST,C_400,Neurology Service,834.0,681.0,153.0,0.0,81.65,0.0
Apr-2026,NT348,SPIRE ELLAND HOSPITAL,C_999,Total,1286.0,950.0,334.0,2.0,73.87,0.16
Apr-2026,NT350,SPIRE METHLEY PARK HOSPITAL,C_100,General Surgery Service,215.0,173.0,42.0,0.0,80.47,0.0
Apr-2026,RAE,BRADFORD TEACHING HOSPITALS NHS FOUNDATION TRUST,C_340,Respiratory Medicine Service,962.0,567.0,394.0,1.0,58.94,0.1
Apr-2026,RAE,BRADFORD TEACHING HOSPITALS NHS FOUNDATION TRUST,X04,Other - Paediatric Services,1787.0,1293.0,494.0,0.0,72.36,0.0
Apr-2026,RAE,BRADFORD TEACHING HOSPITALS NHS FOUNDATION TRUST,X05,Other - Surgical Services,3366.0,2440.0,926.0,0.0,72.49,0.0
Apr-2026,RJ6,CROYDON HEALTH SERVICES NHS TRUST,C_400,Neurology Service,766.0,693.0,73.0,0.0,90.47,0.0
Apr-2026,RJ7,ST GEORGE'S UNIVERSITY HOSPITALS NHS FOUNDATION TRUST,C_999,Total,68123.0,42904.0,24748.0,471.0,62.98,0.69
Apr-2026,RJ7,ST GEORGE'S UNIVERSITY HOSPITALS NHS FOUNDATION TRUST,C_301,Gastroenterology Service,2512.0,1813.0,693.0,6.0,72.17,0.24
Apr-2026,RVR,EPSOM AND ST HELIER UNIVERSITY HOSPITALS NHS TRUST,X06,Other - Other Services,919.0,571.0,344.0,4.0,62.13,0.44
Apr-2026,RCF,AIREDALE NHS FOUNDATION TRUST,C_330,Dermatology Service,35.0,35.0,0.0,0.0,100.0,0.0
Apr-2026,RR8,LEEDS TEACHING HOSPITALS NHS TRUST,C_140,Oral Surgery Service,2184.0,1521.0,634.0,29.0,69.64,1.33
Apr-2026,RXF,MID YORKSHIRE TEACHING NHS TRUST,C_340,Respiratory Medicine Service,1298.0,986.0,312.0,0.0,75.96,0.0
Apr-2026,RJC,SOUTH WARWICKSHIRE UNIVERSITY NHS FOUNDATION TRUST,C_410,Rheumatology Service,422.0,404.0,18.0,0.0,95.73,0.0
Apr-2026,RLT,GEORGE ELIOT HOSPITAL NHS TRUST,C_100,General Surgery Service,1386.0,750.0,632.0,4.0,54.11,0.29
Apr-2026,AQK,VERNOVA HEALTHCARE COMMUNITY INTEREST COMPANY,X05,Other - Surgical Services,106.0,86.0,18.0,2.0,81.13,1.89
Apr-2026,D2L5T,ACES LIVERPOOL,C_130,Ophthalmology Service,60.0,50.0,10.0,0.0,83.33,0.0
Apr-2026,S3H9L,THE HAMPTONS HOSPITAL LTD,C_320,Cardiology Service,98.0,36.0,58.0,4.0,36.73,4.08
Apr-2026,NNE,DORKING HEALTHCARE LIMITED (DHC),C_300,General Internal Medicine Service,75.0,69.0,6.0,0.0,92.0,0.0
Apr-2026,NNE,DORKING HEALTHCARE LIMITED (DHC),C_340,Respiratory Medicine Service,155.0,139.0,16.0,0.0,89.68,0.0
Apr-2026,NT216,"NUFFIELD HEALTH, GUILDFORD HOSPITAL",C_100,General Surgery Service,9.0,3.0,6.0,0.0,33.33,0.0
Apr-2026,NT241,"NUFFIELD HEALTH, WOKING HOSPITAL",C_999,Total,261.0,221.0,30.0,10.0,84.67,3.83
Apr-2026,NT417,GORING HALL HOSPITAL,C_130,Ophthalmology Service,97.0,88.0,9.0,0.0,90.72,0.0
Apr-2026,NVC01,ASHTEAD HOSPITAL,C_301,Gastroenterology Service,106.0,82.0,24.0,0.0,77.36,0.0
Apr-2026,NVC11,NORTH DOWNS HOSPITAL,C_301,Gastroenterology Service,36.0,31.0,5.0,0.0,86.11,0.0
Apr-2026,NVM,EPSOMEDICAL GROUP,C_502,Gynaecology Service,226.0,198.0,27.0,1.0,87.61,0.44
Apr-2026,RD8,MILTON KEYNES UNIVERSITY HOSPITAL NHS FOUNDATION TRUST,C_100,General Surgery Service,1925.0,869.0,999.0,57.0,45.14,2.96
Apr-2026,RD8,MILTON KEYNES UNIVERSITY HOSPITAL NHS FOUNDATION TRUST,C_410,Rheumatology Service,1403.0,602.0,737.0,64.0,42.91,4.56
Apr-2026,RD8,MILTON KEYNES UNIVERSITY HOSPITAL NHS FOUNDATION TRUST,C_330,Dermatology Service,930.0,880.0,50.0,0.0,94.62,0.0
Apr-2026,RD8,MILTON KEYNES UNIVERSITY HOSPITAL NHS FOUNDATION TRUST,C_502,Gynaecology Service,3735.0,2054.0,1533.0,148.0,54.99,3.96
Apr-2026,RD8,MILTON KEYNES UNIVERSITY HOSPITAL NHS FOUNDATION TRUST,X06,Other - Other Services,73.0,51.0,22.0,0.0,69.86,0.0
Apr-2026,RGM,ROYAL PAPWORTH HOSPITAL NHS FOUNDATION TRUST,C_320,Cardiology Service,2150.0,1274.0,852.0,24.0,59.26,1.12
Apr-2026,RGM,ROYAL PAPWORTH HOSPITAL NHS FOUNDATION TRUST,C_340,Respiratory Medicine Service,2615.0,2461.0,154.0,0.0,94.11,0.0
Apr-2026,RWH,EAST AND NORTH HERTFORDSHIRE TEACHING NHS TRUST,C_410,Rheumatology Service,1268.0,751.0,517.0,0.0,59.23,0.0
Apr-2026,NVM,EPSOMEDICAL GROUP,C_340,Respiratory Medicine Service,51.0,30.0,21.0,0.0,58.82,0.0
Apr-2026,NXM01,THE HORDER CENTRE - ST JOHNS ROAD,C_110,Trauma and Orthopaedic Service,1242.0,640.0,595.0,7.0,51.53,0.56
Apr-2026,RDU,FRIMLEY HEALTH NHS FOUNDATION TRUST,C_120,Ear Nose and Throat Service,5270.0,3488.0,1721.0,61.0,66.19,1.16
Apr-2026,RTK,ASHFORD AND ST PETER'S HOSPITALS NHS FOUNDATION TRUST,C_330,Dermatology Service,4421.0,2832.0,1586.0,3.0,64.06,0.07
Apr-2026,RTK,ASHFORD AND ST PETER'S HOSPITALS NHS FOUNDATION TRUST,C_999,Total,51389.0,31940.0,18839.0,610.0,62.15,1.19
Apr-2026,RTK,ASHFORD AND ST PETER'S HOSPITALS NHS FOUNDATION TRUST,C_100,General Surgery Service,614.0,445.0,162.0,7.0,72.48,1.14
Apr-2026,RTK,ASHFORD AND ST PETER'S HOSPITALS NHS FOUNDATION TRUST,C_301,Gastroenterology Service,1805.0,1202.0,582.0,21.0,66.59,1.16
Apr-2026,RTK,ASHFORD AND ST PETER'S HOSPITALS NHS FOUNDATION TRUST,C_400,Neurology Service,1028.0,542.0,486.0,0.0,52.72,0.0
Apr-2026,RTP,SURREY AND SUSSEX HEALTHCARE NHS TRUST,C_140,Oral Surgery Service,1729.0,903.0,797.0,29.0,52.23,1.68
Apr-2026,RXC,EAST SUSSEX HEALTHCARE NHS TRUST,C_410,Rheumatology Service,868.0,729.0,138.0,1.0,83.99,0.12
Apr-2026,RYR,UNIVERSITY HOSPITALS SUSSEX NHS FOUNDATION TRUST,X06,Other - Other Services,650.0,434.0,200.0,16.0,66.77,2.46
Apr-2026,DFQ,NORWICH & NORFOLK SURGICAL LTD (N2S),C_160,Plastic Surgery Service,4.0,1.0,3.0,0.0,25.0,0.0
Apr-2026,G4H0I,NEWMEDICA SUFFOLK - BURY ST EDMUNDS - CLARITY HOUSE,C_999,Total,673.0,625.0,48.0,0.0,92.87,0.0
Apr-2026,K7J9E,ANGLIA COMMUNITY EYE SERVICE - NORWICH,C_130,Ophthalmology Service,12.0,9.0,3.0,0.0,75.0,0.0
Apr-2026,NT313,SPIRE WELLESLEY HOSPITAL,C_100,General Surgery Service,210.0,134.0,74.0,2.0,63.81,0.95
Apr-2026,NT313,SPIRE WELLESLEY HOSPITAL,C_110,Trauma and Orthopaedic Service,955.0,619.0,324.0,12.0,64.82,1.26
Apr-2026,NT490,SOUTHEND PRIVATE HOSPITAL,C_110,Trauma and Orthopaedic Service,18.0,13.0,5.0,0.0,72.22,0.0
Apr-2026,NVC13,OAKS HOSPITAL,X06,Other - Other Services,1.0,0.0,1.0,0.0,0.0,0.0
Apr-2026,RDE,EAST SUFFOLK AND NORTH ESSEX NHS FOUNDATION TRUST,C_110,Trauma and Orthopaedic Service,10153.0,4883.0,5250.0,20.0,48.09,0.2
Apr-2026,RDE,EAST SUFFOLK AND NORTH ESSEX NHS FOUNDATION TRUST,C_160,Plastic Surgery Service,272.0,162.0,110.0,0.0,59.56,0.0
Apr-2026,RQW,THE PRINCESS ALEXANDRA HOSPITAL NHS TRUST,C_999,Total,38611.0,25219.0,12938.0,454.0,65.32,1.18
Apr-2026,RQW,THE PRINCESS ALEXANDRA HOSPITAL NHS TRUST,C_300,General Internal Medicine Service,31.0,31.0,0.0,0.0,100.0,0.0
Apr-2026,RQW,THE PRINCESS ALEXANDRA HOSPITAL NHS TRUST,C_430,Elderly Medicine Service,25.0,22.0,3.0,0.0,88.0,0.0
Apr-2026,NT403,BEARDWOOD HOSPITAL,C_101,Urology Service,159.0,125.0,34.0,0.0,78.62,0.0
Apr-2026,NVC05,EUXTON HALL HOSPITAL,C_160,Plastic Surgery Service,1.0,1.0,0.0,0.0,100.0,0.0
Apr-2026,NVC16,RENACRES HOSPITAL,C_120,Ear Nose and Throat Service,94.0,44.0,50.0,0.0,46.81,0.0
Apr-2026,RTX,UNIVERSITY HOSPITALS OF MORECAMBE BAY NHS FOUNDATION TRUST,C_140,Oral Surgery Service,2199.0,1486.0,688.0,25.0,67.58,1.14
Apr-2026,RTX,UNIVERSITY HOSPITALS OF MORECAMBE BAY NHS FOUNDATION TRUST,C_170,Cardiothoracic Surgery Service,25.0,25.0,0.0,0.0,100.0,0.0
Apr-2026,RXN,LANCASHIRE TEACHING HOSPITALS NHS FOUNDATION TRUST,C_110,Trauma and Orthopaedic Service,4527.0,2443.0,2070.0,14.0,53.97,0.31
Apr-2026,RXR,EAST LANCASHIRE HOSPITALS NHS TRUST,C_410,Rheumatology Service,878.0,567.0,310.0,1.0,64.58,0.11
Apr-2026,NT440,THORNBURY HOSPITAL,C_100,General Surgery Service,86.0,68.0,18.0,0.0,79.07,0.0
Apr-2026,NT440,THORNBURY HOSPITAL,C_999,Total,677.0,489.0,184.0,4.0,72.23,0.59
Apr-2026,NTX,THE ONE HEALTH GROUP PLC,C_101,Urology Service,232.0,122.0,106.0,4.0,52.59,1.72
Apr-2026,RCU,SHEFFIELD CHILDREN'S NHS FOUNDATION TRUST,C_999,Total,11308.0,8204.0,2944.0,160.0,72.55,1.41
Apr-2026,RP5,DONCASTER AND BASSETLAW TEACHING HOSPITALS NHS FOUNDATION TRUST,C_502,Gynaecology Service,2589.0,1820.0,769.0,0.0,70.3,0.0
Apr-2026,T8V3L,SPAMEDICA DONCASTER,C_130,Ophthalmology Service,404.0,389.0,15.0,0.0,96.29,0.0
Apr-2026,RRV,UNIVERSITY COLLEGE LONDON HOSPITALS NHS FOUNDATION TRUST,C_301,Gastroenterology Service,3503.0,2776.0,726.0,1.0,79.25,0.03
Apr-2026,RYJ,IMPERIAL COLLEGE HEALTHCARE NHS TRUST,X06,Other - Other Services,349.0,336.0,13.0,0.0,96.28,0.0
Apr-2026,R1H,BARTS HEALTH NHS TRUST,C_100,General Surgery Service,4716.0,2870.0,1788.0,58.0,60.86,1.23
Apr-2026,R1H,BARTS HEALTH NHS TRUST,C_160,Plastic Surgery Service,1197.0,606.0,534.0,57.0,50.63,4.76
Apr-2026,RF4,"BARKING, HAVERING AND REDBRIDGE UNIVERSITY HOSPITALS NHS TRUST",C_340,Respiratory Medicine Service,2992.0,2817.0,175.0,0.0,94.15,0.0
Apr-2026,RF4,"BARKING, HAVERING AND REDBRIDGE UNIVERSITY HOSPITALS NHS TRUST",X06,Other - Other Services,611.0,534.0,76.0,1.0,87.4,0.16
Apr-2026,RQX,HOMERTON HEALTHCARE NHS FOUNDATION TRUST,C_110,Trauma and Orthopaedic Service,2555.0,1542.0,986.0,27.0,60.35,1.06
Apr-2026,NVC17,ROWLEY HALL HOSPITAL,C_130,Ophthalmology Service,1.0,1.0,0.0,0.0,100.0,0.0
Apr-2026,RJE,UNIVERSITY HOSPITALS OF NORTH MIDLANDS NHS TRUST,C_999,Total,68324.0,43776.0,23268.0,1280.0,64.07,1.87
Apr-2026,P5Y6K,NEWMEDICA - SHREWSBURY,C_130,Ophthalmology Service,495.0,489.0,5.0,1.0,98.79,0.2
Apr-2026,R1D,SHROPSHIRE COMMUNITY HEALTH NHS TRUST,C_100,General Surgery Service,44.0,33.0,11.0,0.0,75.0,0.0
Apr-2026,RL1,THE ROBERT JONES AND AGNES HUNT ORTHOPAEDIC HOSPITAL NHS FOUNDATION TRUST,C_999,Total,13697.0,8708.0,4761.0,228.0,63.58,1.66
Apr-2026,RXW,THE SHREWSBURY AND TELFORD HOSPITAL NHS TRUST,C_100,General Surgery Service,4372.0,2932.0,1440.0,0.0,67.06,0.0
Apr-2026,DXV,OMNES HEALTHCARE LTD,C_999,Total,13304.0,7841.0,5258.0,205.0,58.94,1.54
Apr-2026,NRL,HEART NETWORKS,C_999,Total,932.0,913.0,19.0,0.0,97.96,0.0
Apr-2026,NT404,BEAUMONT HOSPITAL,X06,Other - Other Services,207.0,141.0,66.0,0.0,68.12,0.0
Apr-2026,NVC12,OAKLANDS HOSPITAL,C_100,General Surgery Service,803.0,555.0,248.0,0.0,69.12,0.0
Apr-2026,R0A,MANCHESTER UNIVERSITY NHS FOUNDATION TRUST,C_110,Trauma and Orthopaedic Service,12417.0,7006.0,5055.0,356.0,56.42,2.87
Apr-2026,RBV,THE CHRISTIE NHS FOUNDATION TRUST,C_101,Urology Service,158.0,137.0,21.0,0.0,86.71,0.0
Apr-2026,NT215,"NUFFIELD HEALTH, EXETER HOSPITAL",C_100,General Surgery Service,148.0,71.0,76.0,1.0,47.97,0.68
Apr-2026,NT233,"NUFFIELD HEALTH, PLYMOUTH HOSPITAL",C_160,Plastic Surgery Service,35.0,21.0,14.0,0.0,60.0,0.0
Apr-2026,NTPH5,PRACTICE PLUS GROUP HOSPITAL - PLYMOUTH,C_100,General Surgery Service,63.0,50.0,11.0,2.0,79.37,3.17
Apr-2026,RH8,ROYAL DEVON UNIVERSITY HEALTHCARE NHS FOUNDATION TRUST,C_101,Urology Service,3482.0,2280.0,1104.0,98.0,65.48,2.81
Apr-2026,RK9,UNIVERSITY HOSPITALS PLYMOUTH NHS TRUST,C_130,Ophthalmology Service,5473.0,3932.0,1512.0,29.0,71.84,0.53
Apr-2026,N6Z0R,NEWMEDICA - LINCOLN,C_999,Total,32.0,28.0,4.0,0.0,87.5,0.0
Apr-2026,RPG,OXLEAS NHS FOUNDATION TRUST,X06,Other - Other Services,1590.0,1016.0,346.0,228.0,63.9,14.34
Apr-2026,ADP02,KIMS HOSPITAL (NEWNHAM COURT),X02,Other - Medical Services,283.0,221.0,61.0,1.0,78.09,0.35
Apr-2026,G3E7R,OPTEGRA EYE HOSPITAL MAIDSTONE,C_130,Ophthalmology Service,435.0,435.0,0.0,0.0,100.0,0.0
Apr-2026,NN8,SPENCER PRIVATE HOSPITALS LTD,C_100,General Surgery Service,368.0,213.0,153.0,2.0,57.88,0.54
Apr-2026,NN8,SPENCER PRIVATE HOSPITALS LTD,C_101,Urology Service,191.0,145.0,45.0,1.0,75.92,0.52
Apr-2026,NWF01,BENENDEN HOSPITAL,C_101,Urology Service,63.0,54.0,9.0,0.0,85.71,0.0
Apr-2026,RN7,DARTFORD AND GRAVESHAM NHS TRUST,X05,Other - Surgical Services,1105.0,849.0,256.0,0.0,76.83,0.0
Apr-2026,NT450,LINCOLN PRIVATE HOSPITAL,C_301,Gastroenterology Service,23.0,7.0,16.0,0.0,30.43,0.0
Apr-2026,RWD,UNITED LINCOLNSHIRE TEACHING HOSPITALS NHS TRUST,C_410,Rheumatology Service,1763.0,834.0,823.0,106.0,47.31,6.01
Apr-2026,L9D3Z,SPAMEDICA LEICESTER,C_999,Total,362.0,347.0,15.0,0.0,95.86,0.0
Apr-2026,RWE,UNIVERSITY HOSPITALS OF LEICESTER NHS TRUST,C_120,Ear Nose and Throat Service,7031.0,3554.0,3226.0,251.0,50.55,3.57
Apr-2026,RWE,UNIVERSITY HOSPITALS OF LEICESTER NHS TRUST,X04,Other - Paediatric Services,8042.0,5107.0,2774.0,161.0,63.5,2.0
Apr-2026,NT406,BLACKHEATH HOSPITAL,C_999,Total,1485.0,1037.0,435.0,13.0,69.83,0.88
Apr-2026,RJ1,GUY'S AND ST THOMAS' NHS FOUNDATION TRUST,X02,Other - Medical Services,15976.0,12853.0,3112.0,11.0,80.45,0.07
Apr-2026,RJ2,LEWISHAM AND GREENWICH NHS TRUST,C_100,General Surgery Service,6492.0,4472.0,1934.0,86.0,68.88,1.32
Apr-2026,RJ2,LEWISHAM AND GREENWICH NHS TRUST,C_301,Gastroenterology Service,6042.0,3565.0,2432.0,45.0,59.0,0.74
Apr-2026,RJ2,LEWISHAM AND GREENWICH NHS TRUST,C_430,Elderly Medicine Service,299.0,292.0,7.0,0.0,97.66,0.0
Apr-2026,RJZ,KING'S COLLEGE HOSPITAL NHS FOUNDATION TRUST,C_400,Neurology Service,2358.0,1864.0,492.0,2.0,79.05,0.08
Apr-2026,RJZ,KING'S COLLEGE HOSPITAL NHS FOUNDATION TRUST,X02,Other - Medical Services,7622.0,6401.0,1199.0,22.0,83.98,0.29
Apr-2026,RPA,MEDWAY NHS FOUNDATION TRUST,C_120,Ear Nose and Throat Service,4162.0,3469.0,693.0,0.0,83.35,0.0
Apr-2026,RPA,MEDWAY NHS FOUNDATION TRUST,X04,Other - Paediatric Services,170.0,131.0,39.0,0.0,77.06,0.0
Apr-2026,RPA,MEDWAY NHS FOUNDATION TRUST,X06,Other - Other Services,139.0,133.0,6.0,0.0,95.68,0.0
Apr-2026,RWF,MAIDSTONE AND TUNBRIDGE WELLS NHS TRUST,X02,Other - Medical Services,5540.0,4659.0,881.0,0.0,84.1,0.0
Apr-2026,RYY,KENT COMMUNITY HEALTH NHS FOUNDATION TRUST,C_999,Total,4825.0,4818.0,7.0,0.0,99.85,0.0
Apr-2026,B4N1U,SPAMEDICA ROMFORD,C_999,Total,984.0,901.0,83.0,0.0,91.57,0.0
Apr-2026,NT422,LONDON INDEPENDENT HOSPITAL,C_999,Total,3991.0,3213.0,771.0,7.0,80.51,0.18
Apr-2026,NTP15,PRACTICE PLUS GROUP HOSPITAL - ILFORD,C_120,Ear Nose and Throat Service,240.0,173.0,67.0,0.0,72.08,0.0
Apr-2026,S0L9O,ACES BIRMINGHAM,C_999,Total,18.0,13.0,5.0,0.0,72.22,0.0
Apr-2026,F0R0W,NEWMEDICA - DARLINGTON,C_130,Ophthalmology Service,65.0,64.0,1.0,0.0,98.46,0.0
Apr-2026,NMG,CORA HEALTH MSK (FORMERLY CONNECT HEALTH LTD),C_999,Total,19190.0,17536.0,1650.0,4.0,91.38,0.02
Apr-2026,NN4,TYNESIDE SURGICAL SERVICES LTD,C_101,Urology Service,41.0,37.0,4.0,0.0,90.24,0.0
Apr-2026,NT237,"NUFFIELD HEALTH, TEES HOSPITAL",C_100,General Surgery Service,156.0,101.0,55.0,0.0,64.74,0.0
Apr-2026,NT457,WOODLANDS HOSPITAL,C_120,Ear Nose and Throat Service,214.0,177.0,37.0,0.0,82.71,0.0
Apr-2026,R0B,SOUTH TYNESIDE AND SUNDERLAND NHS FOUNDATION TRUST,C_110,Trauma and Orthopaedic Service,8290.0,4664.0,3626.0,0.0,56.26,0.0
Apr-2026,RLQ,WYE VALLEY NHS TRUST,C_400,Neurology Service,423.0,304.0,118.0,1.0,71.87,0.24
Apr-2026,RLQ,WYE VALLEY NHS TRUST,C_430,Elderly Medicine Service,117.0,91.0,25.0,1.0,77.78,0.85
Apr-2026,NT320,SPIRE PARKWAY HOSPITAL,C_110,Trauma and Orthopaedic Service,905.0,647.0,247.0,11.0,71.49,1.22
Apr-2026,RQ3,BIRMINGHAM WOMEN'S AND CHILDREN'S NHS FOUNDATION TRUST,X02,Other - Medical Services,6001.0,4076.0,1867.0,58.0,67.92,0.97
Apr-2026,RRK,UNIVERSITY HOSPITALS BIRMINGHAM NHS FOUNDATION TRUST,C_101,Urology Service,5914.0,3897.0,2014.0,3.0,65.89,0.05
Apr-2026,RYW,BIRMINGHAM COMMUNITY HEALTHCARE NHS FOUNDATION TRUST,C_140,Oral Surgery Service,6319.0,4493.0,1825.0,1.0,71.1,0.02
Apr-2026,RNN,NORTH CUMBRIA INTEGRATED CARE NHS FOUNDATION TRUST,C_999,Total,34977.0,22672.0,11820.0,485.0,64.82,1.39
Apr-2026,RNN,NORTH CUMBRIA INTEGRATED CARE NHS FOUNDATION TRUST,X04,Other - Paediatric Services,540.0,506.0,34.0,0.0,93.7,0.0
Apr-2026,RNN,NORTH CUMBRIA INTEGRATED CARE NHS FOUNDATION TRUST,X02,Other - Medical Services,925.0,651.0,273.0,1.0,70.38,0.11
Apr-2026,RNN,NORTH CUMBRIA INTEGRATED CARE NHS FOUNDATION TRUST,C_400,Neurology Service,1357.0,895.0,459.0,3.0,65.95,0.22
Apr-2026,RTD,THE NEWCASTLE UPON TYNE HOSPITALS NHS FOUNDATION TRUST,C_502,Gynaecology Service,3438.0,2980.0,424.0,34.0,86.68,0.99
Apr-2026,RTD,THE NEWCASTLE UPON TYNE HOSPITALS NHS FOUNDATION TRUST,X04,Other - Paediatric Services,7966.0,5921.0,1979.0,66.0,74.33,0.83
Apr-2026,RTF,NORTHUMBRIA HEALTHCARE NHS FOUNDATION TRUST,C_410,Rheumatology Service,1030.0,826.0,204.0,0.0,80.19,0.0
Apr-2026,RTF,NORTHUMBRIA HEALTHCARE NHS FOUNDATION TRUST,C_140,Oral Surgery Service,1666.0,890.0,776.0,0.0,53.42,0.0
Apr-2026,RTR,SOUTH TEES HOSPITALS NHS FOUNDATION TRUST,C_300,General Internal Medicine Service,100.0,99.0,1.0,0.0,99.0,0.0
Apr-2026,RXP,COUNTY DURHAM AND DARLINGTON NHS FOUNDATION TRUST,C_301,Gastroenterology Service,3672.0,2279.0,1389.0,4.0,62.06,0.11
Apr-2026,RXP,COUNTY DURHAM AND DARLINGTON NHS FOUNDATION TRUST,C_140,Oral Surgery Service,713.0,471.0,242.0,0.0,66.06,0.0
Apr-2026,NT213,"NUFFIELD HEALTH, DERBY HOSPITAL",C_110,Trauma and Orthopaedic Service,1114.0,623.0,475.0,16.0,55.92,1.44
Apr-2026,NT213,"NUFFIELD HEALTH, DERBY HOSPITAL",X02,Other - Medical Services,13.0,5.0,8.0,0.0,38.46,0.0
Apr-2026,NTP13,PRACTICE PLUS GROUP HOSPITAL - BARLBOROUGH,C_110,Trauma and Orthopaedic Service,1688.0,1270.0,416.0,2.0,75.24,0.12
Apr-2026,RFS,CHESTERFIELD ROYAL HOSPITAL NHS FOUNDATION TRUST,C_999,Total,27425.0,16870.0,9887.0,668.0,61.51,2.44
Apr-2026,RFS,CHESTERFIELD ROYAL HOSPITAL NHS FOUNDATION TRUST,X04,Other - Paediatric Services,2272.0,1474.0,771.0,27.0,64.88,1.19
Apr-2026,RFS,CHESTERFIELD ROYAL HOSPITAL NHS FOUNDATION TRUST,C_100,General Surgery Service,1428.0,670.0,593.0,165.0,46.92,11.55
Apr-2026,RFS,CHESTERFIELD ROYAL HOSPITAL NHS FOUNDATION TRUST,C_320,Cardiology Service,1090.0,741.0,347.0,2.0,67.98,0.18
Apr-2026,RTG,UNIVERSITY HOSPITALS OF DERBY AND BURTON NHS FOUNDATION TRUST,C_502,Gynaecology Service,8072.0,4494.0,3382.0,196.0,55.67,2.43
Apr-2026,RTG,UNIVERSITY HOSPITALS OF DERBY AND BURTON NHS FOUNDATION TRUST,C_400,Neurology Service,3582.0,1740.0,1774.0,68.0,48.58,1.9
Apr-2026,T4I8V,SPAMEDICA CHESTERFIELD,C_999,Total,226.0,212.0,14.0,0.0,93.81,0.0
Apr-2026,ACG36,NEWMEDICA - EXETER - GLEN HOUSE,C_999,Total,482.0,446.0,36.0,0.0,92.53,0.0
Apr-2026,RTE,GLOUCESTERSHIRE HOSPITALS NHS FOUNDATION TRUST,C_502,Gynaecology Service,4144.0,2834.0,1310.0,0.0,68.39,0.0
Apr-2026,NRF,UNIVERSITY OF SOUTHAMPTON AUDITORY IMPLANT SERVICE,C_120,Ear Nose and Throat Service,180.0,117.0,56.0,7.0,65.0,3.89
Apr-2026,NT345,SPIRE CLARE PARK HOSPITAL,X05,Other - Surgical Services,48.0,19.0,29.0,0.0,39.58,0.0
Apr-2026,NTP11,PRACTICE PLUS GROUP HOSPITAL - SOUTHAMPTON,C_130,Ophthalmology Service,165.0,156.0,9.0,0.0,94.55,0.0
Apr-2026,NTPAD,PRACTICE PLUS GROUP SURGICAL CENTRE - ST MARYS PORTSMOUTH,C_100,General Surgery Service,328.0,296.0,32.0,0.0,90.24,0.0
Apr-2026,NTPAD,PRACTICE PLUS GROUP SURGICAL CENTRE - ST MARYS PORTSMOUTH,C_301,Gastroenterology Service,388.0,387.0,1.0,0.0,99.74,0.0
Apr-2026,R1F,ISLE OF WIGHT NHS TRUST,C_130,Ophthalmology Service,2246.0,1333.0,913.0,0.0,59.35,0.0
Apr-2026,RHM,UNIVERSITY HOSPITAL SOUTHAMPTON NHS FOUNDATION TRUST,C_330,Dermatology Service,5141.0,3243.0,1805.0,93.0,63.08,1.81
Apr-2026,RX1,NOTTINGHAM UNIVERSITY HOSPITALS NHS TRUST,C_300,General Internal Medicine Service,2.0,0.0,1.0,1.0,0.0,50.0
Apr-2026,REF,ROYAL CORNWALL HOSPITALS NHS TRUST,C_999,Total,42098.0,30964.0,10837.0,297.0,73.55,0.71
Apr-2026,RJ8,CORNWALL PARTNERSHIP NHS FOUNDATION TRUST,C_110,Trauma and Orthopaedic Service,100.0,97.0,3.0,0.0,97.0,0.0
Apr-2026,DXN,MODALITY LLP,C_100,General Surgery Service,62.0,0.0,62.0,0.0,0.0,0.0
Apr-2026,NVC1H,STOURSIDE HOSPITAL,C_100,General Surgery Service,433.0,350.0,80.0,3.0,80.83,0.69
Apr-2026,NVC21,WEST MIDLANDS HOSPITAL,C_100,General Surgery Service,20.0,14.0,6.0,0.0,70.0,0.0
Apr-2026,RN5,HAMPSHIRE HOSPITALS NHS FOUNDATION TRUST,C_320,Cardiology Service,3453.0,2094.0,1286.0,73.0,60.64,2.11
Apr-2026,Y7W8F,ACES SOUTHAMPTON - EAST ST,C_130,Ophthalmology Service,15.0,14.0,1.0,0.0,93.33,0.0
Apr-2026,NTPH1,PRACTICE PLUS GROUP HOSPITAL - SHEPTON MALLET,C_999,Total,2857.0,2114.0,710.0,33.0,73.99,1.16
Apr-2026,RH5,SOMERSET NHS FOUNDATION TRUST,C_100,General Surgery Service,2817.0,1907.0,876.0,34.0,67.7,1.21
Apr-2026,RH5,SOMERSET NHS FOUNDATION TRUST,C_120,Ear Nose and Throat Service,5125.0,3045.0,1858.0,222.0,59.41,4.33
Apr-2026,RH5,SOMERSET NHS FOUNDATION TRUST,C_400,Neurology Service,1274.0,778.0,488.0,8.0,61.07,0.63
Apr-2026,RH5,SOMERSET NHS FOUNDATION TRUST,X04,Other - Paediatric Services,1165.0,857.0,294.0,14.0,73.56,1.2
Apr-2026,G3O5P,SPAMEDICA NEWARK,C_999,Total,573.0,535.0,32.0,6.0,93.37,1.05
Apr-2026,RK5,SHERWOOD FOREST HOSPITALS NHS FOUNDATION TRUST,C_330,Dermatology Service,1934.0,1371.0,562.0,1.0,70.89,0.05
Apr-2026,RL4,THE ROYAL WOLVERHAMPTON NHS TRUST,C_140,Oral Surgery Service,4672.0,1841.0,2373.0,458.0,39.4,9.8
Apr-2026,RNA,THE DUDLEY GROUP NHS FOUNDATION TRUST,C_130,Ophthalmology Service,4275.0,2725.0,1549.0,1.0,63.74,0.02
Apr-2026,RNA,THE DUDLEY GROUP NHS FOUNDATION TRUST,C_410,Rheumatology Service,875.0,773.0,102.0,0.0,88.34,0.0
Apr-2026,RXK,SANDWELL AND WEST BIRMINGHAM HOSPITALS NHS TRUST,C_120,Ear Nose and Throat Service,7013.0,3214.0,3707.0,92.0,45.83,1.31
Apr-2026,RXK,SANDWELL AND WEST BIRMINGHAM HOSPITALS NHS TRUST,C_301,Gastroenterology Service,2663.0,1373.0,1259.0,31.0,51.56,1.16
Apr-2026,ACG38,NEWMEDICA - LANGFORD,C_999,Total,471.0,364.0,106.0,1.0,77.28,0.21
Apr-2026,NTPH2,PRACTICE PLUS GROUP HOSPITAL - EMERSONS GREEN,C_140,Oral Surgery Service,3198.0,2278.0,920.0,0.0,71.23,0.0
Apr-2026,NTPH2,PRACTICE PLUS GROUP HOSPITAL - EMERSONS GREEN,C_101,Urology Service,92.0,79.0,13.0,0.0,85.87,0.0
Apr-2026,RA7,UNIVERSITY HOSPITALS BRISTOL AND WESTON NHS FOUNDATION TRUST,C_400,Neurology Service,570.0,455.0,115.0,0.0,79.82,0.0
Apr-2026,RA7,UNIVERSITY HOSPITALS BRISTOL AND WESTON NHS FOUNDATION TRUST,C_410,Rheumatology Service,638.0,524.0,114.0,0.0,82.13,0.0
Apr-2026,R0D,UNIVERSITY HOSPITALS DORSET NHS FOUNDATION TRUST,C_999,Total,67778.0,45046.0,22113.0,619.0,66.46,0.91
Apr-2026,R0D,UNIVERSITY HOSPITALS DORSET NHS FOUNDATION TRUST,C_430,Elderly Medicine Service,736.0,618.0,118.0,0.0,83.97,0.0
Apr-2026,NT441,THREE SHIRES HOSPITAL,C_301,Gastroenterology Service,3.0,0.0,3.0,0.0,0.0,0.0
Apr-2026,NT441,THREE SHIRES HOSPITAL,C_320,Cardiology Service,1.0,1.0,0.0,0.0,100.0,0.0
Apr-2026,RNQ,KETTERING GENERAL HOSPITAL NHS FOUNDATION TRUST,C_120,Ear Nose and Throat Service,2059.0,1077.0,974.0,8.0,52.31,0.39
Apr-2026,RNQ,KETTERING GENERAL HOSPITAL NHS FOUNDATION TRUST,X04,Other - Paediatric Services,222.0,174.0,48.0,0.0,78.38,0.0
Apr-2026,RNS,NORTHAMPTON GENERAL HOSPITAL NHS TRUST,C_330,Dermatology Service,3796.0,2009.0,1726.0,61.0,52.92,1.61
Apr-2026,AAH,TETBURY HOSPITAL TRUST LTD,C_100,General Surgery Service,72.0,58.0,14.0,0.0,80.56,0.0
Apr-2026,RMC,BOLTON NHS FOUNDATION TRUST,C_340,Respiratory Medicine Service,1133.0,788.0,338.0,7.0,69.55,0.62
Apr-2026,RWJ,STOCKPORT NHS FOUNDATION TRUST,C_101,Urology Service,2077.0,1327.0,739.0,11.0,63.89,0.53
Apr-2026,RWJ,STOCKPORT NHS FOUNDATION TRUST,C_320,Cardiology Service,3250.0,1817.0,1410.0,23.0,55.91,0.71
Apr-2026,W7J4C,ACES MANCHESTER,C_999,Total,74.0,44.0,30.0,0.0,59.46,0.0
Apr-2026,NT351,SPIRE HULL AND EAST RIDING HOSPITAL,C_330,Dermatology Service,72.0,19.0,53.0,0.0,26.39,0.0
Apr-2026,NT351,SPIRE HULL AND EAST RIDING HOSPITAL,C_320,Cardiology Service,39.0,23.0,16.0,0.0,58.97,0.0
Apr-2026,RCB,YORK AND SCARBOROUGH TEACHING HOSPITALS NHS FOUNDATION TRUST,C_100,General Surgery Service,31.0,21.0,10.0,0.0,67.74,0.0
Apr-2026,RCB,YORK AND SCARBOROUGH TEACHING HOSPITALS NHS FOUNDATION TRUST,C_430,Elderly Medicine Service,203.0,189.0,14.0,0.0,93.1,0.0
Apr-2026,RCD,HARROGATE AND DISTRICT NHS FOUNDATION TRUST,C_320,Cardiology Service,1171.0,894.0,277.0,0.0,76.35,0.0
Apr-2026,RJL,NORTHERN LINCOLNSHIRE AND GOOLE NHS FOUNDATION TRUST,X05,Other - Surgical Services,609.0,533.0,75.0,1.0,87.52,0.16
Apr-2026,RJL,NORTHERN LINCOLNSHIRE AND GOOLE NHS FOUNDATION TRUST,X04,Other - Paediatric Services,700.0,342.0,355.0,3.0,48.86,0.43
Apr-2026,RWA,HULL UNIVERSITY TEACHING HOSPITALS NHS TRUST,C_101,Urology Service,4151.0,2343.0,1616.0,192.0,56.44,4.63
Apr-2026,RWA,HULL UNIVERSITY TEACHING HOSPITALS NHS TRUST,C_320,Cardiology Service,4881.0,2599.0,2176.0,106.0,53.25,2.17
Apr-2026,D0V5X,NEWMEDICA - SWINDON MURDOCK ROAD,C_999,Total,168.0,134.0,34.0,0.0,79.76,0.0
Apr-2026,RNZ,SALISBURY NHS FOUNDATION TRUST,C_130,Ophthalmology Service,1903.0,1584.0,319.0,0.0,83.24,0.0
Apr-2026,RNZ,SALISBURY NHS FOUNDATION TRUST,X04,Other - Paediatric Services,179.0,108.0,71.0,0.0,60.34,0.0
Apr-2026,NT435,SHELBURNE HOSPITAL,C_101,Urology Service,12.0,9.0,3.0,0.0,75.0,0.0
Apr-2026,RHW,ROYAL BERKSHIRE NHS FOUNDATION TRUST,X02,Other - Medical Services,1064.0,883.0,181.0,0.0,82.99,0.0
Apr-2026,NT337,SPIRE LIVERPOOL HOSPITAL,C_160,Plastic Surgery Service,5.0,0.0,5.0,0.0,0.0,0.0
Apr-2026,RBL,WIRRAL UNIVERSITY TEACHING HOSPITAL NHS FOUNDATION TRUST,C_100,General Surgery Service,482.0,386.0,96.0,0.0,80.08,0.0
Apr-2026,RJR,COUNTESS OF CHESTER HOSPITAL NHS FOUNDATION TRUST,C_100,General Surgery Service,865.0,579.0,280.0,6.0,66.94,0.69
Apr-2026,RWW,NORTH CHESHIRE AND MERSEY NHS FOUNDATION TRUST,X05,Other - Surgical Services,5485.0,3337.0,2080.0,68.0,60.84,1.24
Apr-2026,X7Y2H,ACES WILMSLOW,C_130,Ophthalmology Service,5.0,5.0,0.0,0.0,100.0,0.0
Apr-2026,Y9S1N,FAIRFIELD INDEPENDENT HOSPITAL,C_120,Ear Nose and Throat Service,216.0,174.0,41.0,1.0,80.56,0.46
Apr-2026,RTH,OXFORD UNIVERSITY HOSPITALS NHS FOUNDATION TRUST,X05,Other - Surgical Services,5908.0,3960.0,1877.0,71.0,67.03,1.2
Apr-2026,AWR,ONE STOP DOCTORS LIMITED,C_100,General Surgery Service,63.0,45.0,18.0,0.0,71.43,0.0
Apr-2026,NT209,"NUFFIELD HEALTH, CAMBRIDGE HOSPITAL",C_301,Gastroenterology Service,1.0,0.0,1.0,0.0,0.0,0.0
Apr-2026,NT434,SAXON CLINIC,C_999,Total,785.0,393.0,384.0,8.0,50.06,1.02
Apr-2026,RCX,"THE QUEEN ELIZABETH HOSPITAL, KING'S LYNN, NHS FOUNDATION TRUST",C_120,Ear Nose and Throat Service,3224.0,1619.0,1529.0,76.0,50.22,2.36
Apr-2026,RGP,JAMES PAGET UNIVERSITY HOSPITALS NHS FOUNDATION TRUST,C_160,Plastic Surgery Service,154.0,87.0,66.0,1.0,56.49,0.65
Apr-2026,RGR,WEST SUFFOLK NHS FOUNDATION TRUST,C_300,General Internal Medicine Service,565.0,428.0,136.0,1.0,75.75,0.18
Apr-2026,RM1,NORFOLK AND NORWICH UNIVERSITY HOSPITALS NHS FOUNDATION TRUST,C_110,Trauma and Orthopaedic Service,8694.0,4090.0,3766.0,838.0,47.04,9.64
Apr-2026,RM1,NORFOLK AND NORWICH UNIVERSITY HOSPITALS NHS FOUNDATION TRUST,C_330,Dermatology Service,4004.0,2522.0,1430.0,52.0,62.99,1.3
Apr-2026,F2C9F,ACES HARLEY STREET,C_999,Total,1.0,0.0,1.0,0.0,0.0,0.0
Apr-2026,G3Q3Z,NUFFIELD HEALTH HIGHGATE HOSPITAL,C_160,Plastic Surgery Service,1.0,0.0,0.0,1.0,0.0,100.0
Apr-2026,G3Q3Z,NUFFIELD HEALTH HIGHGATE HOSPITAL,C_300,General Internal Medicine Service,1.0,1.0,0.0,0.0,100.0,0.0
Apr-2026,NT405,BISHOPS WOOD HOSPITAL,C_101,Urology Service,144.0,102.0,42.0,0.0,70.83,0.0
Apr-2026,NT405,BISHOPS WOOD HOSPITAL,C_130,Ophthalmology Service,14.0,11.0,3.0,0.0,78.57,0.0
Apr-2026,NT416,HENDON HOSPITAL,C_999,Total,1190.0,799.0,375.0,16.0,67.14,1.34
Apr-2026,NT416,HENDON HOSPITAL,C_130,Ophthalmology Service,159.0,103.0,51.0,5.0,64.78,3.14
Apr-2026,NT451,CAVELL HOSPITAL,X06,Other - Other Services,55.0,51.0,4.0,0.0,92.73,0.0
Apr-2026,R1K,LONDON NORTH WEST UNIVERSITY HEALTHCARE NHS TRUST,C_100,General Surgery Service,3239.0,1889.0,1341.0,9.0,58.32,0.28
Apr-2026,R1K,LONDON NORTH WEST UNIVERSITY HEALTHCARE NHS TRUST,C_320,Cardiology Service,5120.0,2930.0,2164.0,26.0,57.23,0.51
Apr-2026,R1K,LONDON NORTH WEST UNIVERSITY HEALTHCARE NHS TRUST,C_301,Gastroenterology Service,7325.0,5140.0,2167.0,18.0,70.17,0.25
Apr-2026,R1K,LONDON NORTH WEST UNIVERSITY HEALTHCARE NHS TRUST,X03,Other - Mental Health Services,11.0,7.0,4.0,0.0,63.64,0.0
Apr-2026,RKE,WHITTINGTON HEALTH NHS TRUST,C_100,General Surgery Service,3956.0,2546.0,1342.0,68.0,64.36,1.72
Apr-2026,RKE,WHITTINGTON HEALTH NHS TRUST,C_999,Total,22421.0,15856.0,6470.0,95.0,70.72,0.42
Apr-2026,RQM,CHELSEA AND WESTMINSTER HOSPITAL NHS FOUNDATION TRUST,X05,Other - Surgical Services,6596.0,4224.0,2308.0,64.0,64.04,0.97
Apr-2026,RBD,DORSET COUNTY HOSPITAL NHS FOUNDATION TRUST,C_330,Dermatology Service,1371.0,789.0,571.0,11.0,57.55,0.8
Apr-2026,NT3X3,SPIRE ST ANTHONY'S HOSPITAL,X05,Other - Surgical Services,376.0,376.0,0.0,0.0,100.0,0.0
Apr-2026,NT436,SHIRLEY OAKS HOSPITAL,X06,Other - Other Services,125.0,81.0,44.0,0.0,64.8,0.0
Apr-2026,RAE,BRADFORD TEACHING HOSPITALS NHS FOUNDATION TRUST,C_101,Urology Service,2103.0,1297.0,804.0,2.0,61.67,0.1
Apr-2026,RAE,BRADFORD TEACHING HOSPITALS NHS FOUNDATION TRUST,C_301,Gastroenterology Service,1241.0,982.0,259.0,0.0,79.13,0.0
Apr-2026,RAE,BRADFORD TEACHING HOSPITALS NHS FOUNDATION TRUST,C_330,Dermatology Service,880.0,791.0,89.0,0.0,89.89,0.0
Apr-2026,RAE,BRADFORD TEACHING HOSPITALS NHS FOUNDATION TRUST,C_410,Rheumatology Service,440.0,370.0,70.0,0.0,84.09,0.0
Apr-2026,RJ6,CROYDON HEALTH SERVICES NHS TRUST,X05,Other - Surgical Services,3777.0,3110.0,657.0,10.0,82.34,0.26
Apr-2026,RJ7,ST GEORGE'S UNIVERSITY HOSPITALS NHS FOUNDATION TRUST,C_170,Cardiothoracic Surgery Service,249.0,235.0,14.0,0.0,94.38,0.0
Apr-2026,RVR,EPSOM AND ST HELIER UNIVERSITY HOSPITALS NHS TRUST,C_301,Gastroenterology Service,3572.0,2203.0,1307.0,62.0,61.67,1.74
Apr-2026,RVR,EPSOM AND ST HELIER UNIVERSITY HOSPITALS NHS TRUST,X05,Other - Surgical Services,2116.0,1432.0,667.0,17.0,67.67,0.8
Apr-2026,RCF,AIREDALE NHS FOUNDATION TRUST,C_430,Elderly Medicine Service,44.0,38.0,6.0,0.0,86.36,0.0
Apr-2026,RR8,LEEDS TEACHING HOSPITALS NHS TRUST,X02,Other - Medical Services,13631.0,9813.0,3727.0,91.0,71.99,0.67
Apr-2026,RR8,LEEDS TEACHING HOSPITALS NHS TRUST,C_100,General Surgery Service,1516.0,1157.0,358.0,1.0,76.32,0.07
Apr-2026,RWY,CALDERDALE AND HUDDERSFIELD NHS FOUNDATION TRUST,C_330,Dermatology Service,1311.0,1165.0,146.0,0.0,88.86,0.0
Apr-2026,RWY,CALDERDALE AND HUDDERSFIELD NHS FOUNDATION TRUST,X02,Other - Medical Services,1554.0,1262.0,292.0,0.0,81.21,0.0
Apr-2026,RXF,MID YORKSHIRE TEACHING NHS TRUST,C_502,Gynaecology Service,5714.0,3450.0,2157.0,107.0,60.38,1.87
Apr-2026,RXF,MID YORKSHIRE TEACHING NHS TRUST,X04,Other - Paediatric Services,702.0,451.0,248.0,3.0,64.25,0.43
Apr-2026,NPG21,SPAMEDICA COVENTRY,C_130,Ophthalmology Service,662.0,612.0,50.0,0.0,92.45,0.0
Apr-2026,RJC,SOUTH WARWICKSHIRE UNIVERSITY NHS FOUNDATION TRUST,C_101,Urology Service,2736.0,1584.0,1135.0,17.0,57.89,0.62
Apr-2026,ACM,EYE CARE MEDICAL LTD,C_130,Ophthalmology Service,8.0,8.0,0.0,0.0,100.0,0.0
Apr-2026,ACM,EYE CARE MEDICAL LTD,C_999,Total,8.0,8.0,0.0,0.0,100.0,0.0
Apr-2026,M7C9Q,SPAMEDICA EPSOM,C_999,Total,423.0,407.0,16.0,0.0,96.22,0.0
Apr-2026,NNE,DORKING HEALTHCARE LIMITED (DHC),X05,Other - Surgical Services,398.0,242.0,156.0,0.0,60.8,0.0
Apr-2026,NNE,DORKING HEALTHCARE LIMITED (DHC),C_999,Total,6438.0,4946.0,1491.0,1.0,76.83,0.02
Apr-2026,NT205,"NUFFIELD HEALTH, BRIGHTON HOSPITAL",C_160,Plastic Surgery Service,203.0,48.0,121.0,34.0,23.65,16.75
Apr-2026,NT431,RUNNYMEDE HOSPITAL,C_110,Trauma and Orthopaedic Service,139.0,109.0,28.0,2.0,78.42,1.44
Apr-2026,NVC01,ASHTEAD HOSPITAL,C_100,General Surgery Service,229.0,187.0,40.0,2.0,81.66,0.87
Apr-2026,NVC11,NORTH DOWNS HOSPITAL,C_101,Urology Service,86.0,52.0,32.0,2.0,60.47,2.33
Apr-2026,Q1W6P,SPAMEDICA WATFORD,C_999,Total,451.0,427.0,24.0,0.0,94.68,0.0
Apr-2026,RC9,BEDFORDSHIRE HOSPITALS NHS FOUNDATION TRUST,C_320,Cardiology Service,6444.0,4081.0,2361.0,2.0,63.33,0.03
Apr-2026,RC9,BEDFORDSHIRE HOSPITALS NHS FOUNDATION TRUST,C_160,Plastic Surgery Service,1543.0,841.0,701.0,1.0,54.5,0.06
Apr-2026,RD8,MILTON KEYNES UNIVERSITY HOSPITAL NHS FOUNDATION TRUST,C_999,Total,35611.0,21840.0,12819.0,952.0,61.33,2.67
Apr-2026,RGN,NORTH WEST ANGLIA NHS FOUNDATION TRUST,C_410,Rheumatology Service,1151.0,822.0,329.0,0.0,71.42,0.0
Apr-2026,RGN,NORTH WEST ANGLIA NHS FOUNDATION TRUST,C_430,Elderly Medicine Service,316.0,227.0,89.0,0.0,71.84,0.0
Apr-2026,RGT,CAMBRIDGE UNIVERSITY HOSPITALS NHS FOUNDATION TRUST,C_502,Gynaecology Service,4462.0,2113.0,2136.0,213.0,47.36,4.77
Apr-2026,RGT,CAMBRIDGE UNIVERSITY HOSPITALS NHS FOUNDATION TRUST,X02,Other - Medical Services,8273.0,6721.0,1544.0,8.0,81.24,0.1
Apr-2026,RGT,CAMBRIDGE UNIVERSITY HOSPITALS NHS FOUNDATION TRUST,X06,Other - Other Services,917.0,654.0,254.0,9.0,71.32,0.98
Apr-2026,RWG,WEST HERTFORDSHIRE TEACHING HOSPITALS NHS TRUST,C_502,Gynaecology Service,2372.0,1597.0,734.0,41.0,67.33,1.73
Apr-2026,RWH,EAST AND NORTH HERTFORDSHIRE TEACHING NHS TRUST,C_160,Plastic Surgery Service,2889.0,2122.0,744.0,23.0,73.45,0.8
Apr-2026,RWH,EAST AND NORTH HERTFORDSHIRE TEACHING NHS TRUST,C_330,Dermatology Service,1429.0,782.0,638.0,9.0,54.72,0.63
Apr-2026,RWH,EAST AND NORTH HERTFORDSHIRE TEACHING NHS TRUST,C_320,Cardiology Service,3616.0,3366.0,250.0,0.0,93.09,0.0
Apr-2026,RWH,EAST AND NORTH HERTFORDSHIRE TEACHING NHS TRUST,C_400,Neurology Service,722.0,671.0,51.0,0.0,92.94,0.0
Apr-2026,NYG,SUSSEX COMMUNITY DERMATOLOGY SERVICE,C_999,Total,13907.0,11135.0,2745.0,27.0,80.07,0.19
Apr-2026,RPC,QUEEN VICTORIA HOSPITAL NHS FOUNDATION TRUST,X06,Other - Other Services,4893.0,3322.0,1571.0,0.0,67.89,0.0
Apr-2026,RPC,QUEEN VICTORIA HOSPITAL NHS FOUNDATION TRUST,C_340,Respiratory Medicine Service,27.0,20.0,7.0,0.0,74.07,0.0
Apr-2026,RPC,QUEEN VICTORIA HOSPITAL NHS FOUNDATION TRUST,X02,Other - Medical Services,16.0,14.0,2.0,0.0,87.5,0.0
Apr-2026,RTK,ASHFORD AND ST PETER'S HOSPITALS NHS FOUNDATION TRUST,C_340,Respiratory Medicine Service,1109.0,791.0,316.0,2.0,71.33,0.18
Apr-2026,RTP,SURREY AND SUSSEX HEALTHCARE NHS TRUST,C_130,Ophthalmology Service,2805.0,2334.0,471.0,0.0,83.21,0.0
Apr-2026,RTP,SURREY AND SUSSEX HEALTHCARE NHS TRUST,C_100,General Surgery Service,940.0,496.0,379.0,65.0,52.77,6.91
Apr-2026,DFQ,NORWICH & NORFOLK SURGICAL LTD (N2S),C_110,Trauma and Orthopaedic Service,435.0,313.0,122.0,0.0,71.95,0.0
Apr-2026,F7B2B,ANGLIA COMMUNITY EYE SERVICE - BURY ST EDMUNDS,C_130,Ophthalmology Service,13.0,10.0,3.0,0.0,76.92,0.0
Apr-2026,M3R0W,SPAMEDICA NORWICH,C_999,Total,351.0,295.0,56.0,0.0,84.05,0.0
Apr-2026,NT446,ST EDMUNDS HOSPITAL,C_130,Ophthalmology Service,23.0,16.0,7.0,0.0,69.57,0.0
Apr-2026,J2H6H,SPAMEDICA COLCHESTER,C_999,Total,184.0,172.0,12.0,0.0,93.48,0.0
Apr-2026,NVC13,OAKS HOSPITAL,C_130,Ophthalmology Service,23.0,16.0,7.0,0.0,69.57,0.0
Apr-2026,RAJ,MID AND SOUTH ESSEX NHS FOUNDATION TRUST,C_300,General Internal Medicine Service,2586.0,1700.0,809.0,77.0,65.74,2.98
Apr-2026,RAJ,MID AND SOUTH ESSEX NHS FOUNDATION TRUST,C_301,Gastroenterology Service,10461.0,5351.0,4666.0,444.0,51.15,4.24
Apr-2026,RAJ,MID AND SOUTH ESSEX NHS FOUNDATION TRUST,C_400,Neurology Service,6125.0,2740.0,3300.0,85.0,44.73,1.39
Apr-2026,RAJ,MID AND SOUTH ESSEX NHS FOUNDATION TRUST,C_410,Rheumatology Service,2596.0,1443.0,947.0,206.0,55.59,7.94
Apr-2026,RDE,EAST SUFFOLK AND NORTH ESSEX NHS FOUNDATION TRUST,C_400,Neurology Service,3628.0,1870.0,1758.0,0.0,51.54,0.0
Apr-2026,RDE,EAST SUFFOLK AND NORTH ESSEX NHS FOUNDATION TRUST,X03,Other - Mental Health Services,3.0,3.0,0.0,0.0,100.0,0.0
Apr-2026,RQW,THE PRINCESS ALEXANDRA HOSPITAL NHS TRUST,C_120,Ear Nose and Throat Service,3180.0,1754.0,1342.0,84.0,55.16,2.64
Apr-2026,A4M8P,BUCKSHAW HOSPITAL,X02,Other - Medical Services,45.0,25.0,20.0,0.0,55.56,0.0
Apr-2026,NT449,LANCASTER PRIVATE HOSPITAL,C_110,Trauma and Orthopaedic Service,243.0,207.0,35.0,1.0,85.19,0.41
Apr-2026,NT449,LANCASTER PRIVATE HOSPITAL,C_320,Cardiology Service,1.0,0.0,1.0,0.0,0.0,0.0
Apr-2026,NVC05,EUXTON HALL HOSPITAL,X06,Other - Other Services,1.0,0.0,1.0,0.0,0.0,0.0
Apr-2026,RTX,UNIVERSITY HOSPITALS OF MORECAMBE BAY NHS FOUNDATION TRUST,C_430,Elderly Medicine Service,157.0,146.0,11.0,0.0,92.99,0.0
Apr-2026,RXL,BLACKPOOL TEACHING HOSPITALS NHS FOUNDATION TRUST,C_300,General Internal Medicine Service,1.0,1.0,0.0,0.0,100.0,0.0
Apr-2026,RXN,LANCASHIRE TEACHING HOSPITALS NHS FOUNDATION TRUST,X02,Other - Medical Services,6343.0,3655.0,2666.0,22.0,57.62,0.35
Apr-2026,RXR,EAST LANCASHIRE HOSPITALS NHS TRUST,C_120,Ear Nose and Throat Service,3704.0,2902.0,802.0,0.0,78.35,0.0
Apr-2026,RXR,EAST LANCASHIRE HOSPITALS NHS TRUST,X04,Other - Paediatric Services,1521.0,1293.0,226.0,2.0,85.01,0.13
Apr-2026,RXR,EAST LANCASHIRE HOSPITALS NHS TRUST,X05,Other - Surgical Services,2552.0,1879.0,673.0,0.0,73.63,0.0
Apr-2026,NT440,THORNBURY HOSPITAL,X06,Other - Other Services,7.0,6.0,1.0,0.0,85.71,0.0
Apr-2026,RFF,BARNSLEY HOSPITAL NHS FOUNDATION TRUST,C_410,Rheumatology Service,182.0,180.0,2.0,0.0,98.9,0.0
Apr-2026,RFF,BARNSLEY HOSPITAL NHS FOUNDATION TRUST,C_300,General Internal Medicine Service,41.0,39.0,2.0,0.0,95.12,0.0
Apr-2026,RFF,BARNSLEY HOSPITAL NHS FOUNDATION TRUST,X04,Other - Paediatric Services,887.0,743.0,144.0,0.0,83.77,0.0
Apr-2026,RP5,DONCASTER AND BASSETLAW TEACHING HOSPITALS NHS FOUNDATION TRUST,C_101,Urology Service,3013.0,1917.0,1095.0,1.0,63.62,0.03
Apr-2026,NT219,"NUFFIELD HEALTH, HEREFORD HOSPITAL",C_999,Total,462.0,325.0,137.0,0.0,70.35,0.0
Apr-2026,NT412,DROITWICH SPA HOSPITAL,C_320,Cardiology Service,9.0,4.0,5.0,0.0,44.44,0.0
Apr-2026,RRV,UNIVERSITY COLLEGE LONDON HOSPITALS NHS FOUNDATION TRUST,X02,Other - Medical Services,10403.0,6267.0,3961.0,175.0,60.24,1.68
Apr-2026,RYJ,IMPERIAL COLLEGE HEALTHCARE NHS TRUST,C_400,Neurology Service,4262.0,2518.0,1744.0,0.0,59.08,0.0
Apr-2026,RYJ,IMPERIAL COLLEGE HEALTHCARE NHS TRUST,C_301,Gastroenterology Service,3471.0,3261.0,210.0,0.0,93.95,0.0
Apr-2026,RF4,"BARKING, HAVERING AND REDBRIDGE UNIVERSITY HOSPITALS NHS TRUST",X02,Other - Medical Services,8281.0,6101.0,2048.0,132.0,73.67,1.59
Apr-2026,RF4,"BARKING, HAVERING AND REDBRIDGE UNIVERSITY HOSPITALS NHS TRUST",C_170,Cardiothoracic Surgery Service,1.0,0.0,1.0,0.0,0.0,0.0
Apr-2026,RQX,HOMERTON HEALTHCARE NHS FOUNDATION TRUST,C_120,Ear Nose and Throat Service,2883.0,2088.0,758.0,37.0,72.42,1.28
Apr-2026,RQX,HOMERTON HEALTHCARE NHS FOUNDATION TRUST,C_400,Neurology Service,257.0,249.0,8.0,0.0,96.89,0.0
Apr-2026,NPG15,SPAMEDICA NEWCASTLE-UNDER-LYME,C_130,Ophthalmology Service,390.0,383.0,7.0,0.0,98.21,0.0
Apr-2026,NT321,SPIRE LITTLE ASTON HOSPITAL,C_999,Total,1185.0,804.0,374.0,7.0,67.85,0.59
Apr-2026,NVC0I,BEACON PARK HOSPITAL,C_101,Urology Service,162.0,95.0,67.0,0.0,58.64,0.0
Apr-2026,NVC0I,BEACON PARK HOSPITAL,C_110,Trauma and Orthopaedic Service,310.0,201.0,109.0,0.0,64.84,0.0
Apr-2026,NVC0I,BEACON PARK HOSPITAL,X02,Other - Medical Services,239.0,88.0,150.0,1.0,36.82,0.42
Apr-2026,NVC17,ROWLEY HALL HOSPITAL,C_301,Gastroenterology Service,108.0,58.0,50.0,0.0,53.7,0.0
Apr-2026,NT235,"NUFFIELD HEALTH, SHREWSBURY HOSPITAL",C_130,Ophthalmology Service,276.0,238.0,38.0,0.0,86.23,0.0
Apr-2026,R1D,SHROPSHIRE COMMUNITY HEALTH NHS TRUST,C_999,Total,7890.0,6365.0,1525.0,0.0,80.67,0.0
Apr-2026,NPG01,SPAMEDICA MANCHESTER,C_130,Ophthalmology Service,364.0,318.0,46.0,0.0,87.36,0.0
Apr-2026,NRP,BEACON MEDICAL SERVICES GROUP LIMITED,C_999,Total,4686.0,4406.0,280.0,0.0,94.02,0.0
Apr-2026,NT327,SPIRE MANCHESTER HOSPITAL,X05,Other - Surgical Services,10.0,10.0,0.0,0.0,100.0,0.0
Apr-2026,RM3,NORTHERN CARE ALLIANCE NHS FOUNDATION TRUST,C_101,Urology Service,7551.0,4717.0,2683.0,151.0,62.47,2.0
Apr-2026,RM3,NORTHERN CARE ALLIANCE NHS FOUNDATION TRUST,C_340,Respiratory Medicine Service,1025.0,919.0,106.0,0.0,89.66,0.0
Apr-2026,NR5,LIVEWELL SOUTHWEST,C_999,Total,64.0,62.0,2.0,0.0,96.88,0.0
Apr-2026,NVC08,MOUNT STUART HOSPITAL,C_502,Gynaecology Service,433.0,309.0,124.0,0.0,71.36,0.0
Apr-2026,RH8,ROYAL DEVON UNIVERSITY HEALTHCARE NHS FOUNDATION TRUST,C_301,Gastroenterology Service,2608.0,2247.0,360.0,1.0,86.16,0.04
Apr-2026,RH8,ROYAL DEVON UNIVERSITY HEALTHCARE NHS FOUNDATION TRUST,C_160,Plastic Surgery Service,1107.0,708.0,396.0,3.0,63.96,0.27
Apr-2026,RK9,UNIVERSITY HOSPITALS PLYMOUTH NHS TRUST,X02,Other - Medical Services,4750.0,3304.0,1432.0,14.0,69.56,0.29
Apr-2026,RK9,UNIVERSITY HOSPITALS PLYMOUTH NHS TRUST,C_170,Cardiothoracic Surgery Service,546.0,285.0,247.0,14.0,52.2,2.56
Apr-2026,ADP02,KIMS HOSPITAL (NEWNHAM COURT),C_100,General Surgery Service,30.0,27.0,2.0,1.0,90.0,3.33
Apr-2026,NN8,SPENCER PRIVATE HOSPITALS LTD,C_502,Gynaecology Service,1044.0,643.0,398.0,3.0,61.59,0.29
Apr-2026,NT239,"NUFFIELD HEALTH, TUNBRIDGE WELLS HOSPITAL",C_100,General Surgery Service,11.0,9.0,1.0,1.0,81.82,9.09
Apr-2026,NT312,SPIRE ALEXANDRA HOSPITAL,C_110,Trauma and Orthopaedic Service,234.0,199.0,35.0,0.0,85.04,0.0
Apr-2026,NT408,CHAUCER HOSPITAL,C_110,Trauma and Orthopaedic Service,552.0,418.0,133.0,1.0,75.72,0.18
Apr-2026,NTP16,PRACTICE PLUS GROUP SURGICAL CENTRE - GILLINGHAM,C_130,Ophthalmology Service,462.0,426.0,32.0,4.0,92.21,0.87
Apr-2026,NTP16,PRACTICE PLUS GROUP SURGICAL CENTRE - GILLINGHAM,C_110,Trauma and Orthopaedic Service,122.0,71.0,50.0,1.0,58.2,0.82
Apr-2026,RWD,UNITED LINCOLNSHIRE TEACHING HOSPITALS NHS TRUST,C_120,Ear Nose and Throat Service,9464.0,4635.0,4748.0,81.0,48.98,0.86
Apr-2026,RWD,UNITED LINCOLNSHIRE TEACHING HOSPITALS NHS TRUST,X04,Other - Paediatric Services,1489.0,783.0,700.0,6.0,52.59,0.4
Apr-2026,RWD,UNITED LINCOLNSHIRE TEACHING HOSPITALS NHS TRUST,X06,Other - Other Services,294.0,265.0,28.0,1.0,90.14,0.34
Apr-2026,A8L1O,OPTEGRA EYE HOSPITAL LEICESTER,C_130,Ophthalmology Service,190.0,175.0,15.0,0.0,92.11,0.0
Apr-2026,NT322,SPIRE LEICESTER HOSPITAL,C_100,General Surgery Service,92.0,51.0,41.0,0.0,55.43,0.0
Apr-2026,RJ1,GUY'S AND ST THOMAS' NHS FOUNDATION TRUST,X05,Other - Surgical Services,13126.0,8681.0,4327.0,118.0,66.14,0.9
Apr-2026,RJ1,GUY'S AND ST THOMAS' NHS FOUNDATION TRUST,C_101,Urology Service,5619.0,2998.0,2511.0,110.0,53.35,1.96
Apr-2026,RJ2,LEWISHAM AND GREENWICH NHS TRUST,C_340,Respiratory Medicine Service,2096.0,1725.0,371.0,0.0,82.3,0.0
Apr-2026,RJZ,KING'S COLLEGE HOSPITAL NHS FOUNDATION TRUST,C_170,Cardiothoracic Surgery Service,98.0,85.0,13.0,0.0,86.73,0.0
Apr-2026,RVV,EAST KENT HOSPITALS UNIVERSITY NHS FOUNDATION TRUST,C_502,Gynaecology Service,6202.0,3720.0,2463.0,19.0,59.98,0.31
Apr-2026,X1M4L,ACES MAIDSTONE,C_130,Ophthalmology Service,2.0,0.0,2.0,0.0,0.0,0.0
Apr-2026,ACG24,NEWMEDICA - TEESSIDE - NORTH ORMESBY,C_999,Total,1387.0,1337.0,50.0,0.0,96.4,0.0
Apr-2026,NPG22,SPAMEDICA STOCKTON-ON-TEES,C_130,Ophthalmology Service,499.0,464.0,35.0,0.0,92.99,0.0
Apr-2026,NT237,"NUFFIELD HEALTH, TEES HOSPITAL",C_101,Urology Service,1.0,0.0,1.0,0.0,0.0,0.0
Apr-2026,NT457,WOODLANDS HOSPITAL,C_110,Trauma and Orthopaedic Service,760.0,556.0,199.0,5.0,73.16,0.66
Apr-2026,RLQ,WYE VALLEY NHS TRUST,C_160,Plastic Surgery Service,290.0,187.0,103.0,0.0,64.48,0.0
Apr-2026,NT429,PRIORY HOSPITAL,C_110,Trauma and Orthopaedic Service,624.0,455.0,169.0,0.0,72.92,0.0
Apr-2026,NVC44,THE WESTBOURNE CENTRE,C_999,Total,3422.0,1934.0,1467.0,21.0,56.52,0.61
Apr-2026,RYW,BIRMINGHAM COMMUNITY HEALTHCARE NHS FOUNDATION TRUST,X05,Other - Surgical Services,3567.0,2646.0,921.0,0.0,74.18,0.0
Apr-2026,RNN,NORTH CUMBRIA INTEGRATED CARE NHS FOUNDATION TRUST,C_120,Ear Nose and Throat Service,3635.0,2445.0,1170.0,20.0,67.26,0.55
Apr-2026,RR7,GATESHEAD HEALTH NHS FOUNDATION TRUST,X02,Other - Medical Services,1483.0,1310.0,173.0,0.0,88.33,0.0
Apr-2026,RTD,THE NEWCASTLE UPON TYNE HOSPITALS NHS FOUNDATION TRUST,X06,Other - Other Services,2374.0,1824.0,521.0,29.0,76.83,1.22
Apr-2026,RTF,NORTHUMBRIA HEALTHCARE NHS FOUNDATION TRUST,C_320,Cardiology Service,1690.0,1646.0,44.0,0.0,97.4,0.0
Apr-2026,RTF,NORTHUMBRIA HEALTHCARE NHS FOUNDATION TRUST,C_340,Respiratory Medicine Service,2493.0,2389.0,104.0,0.0,95.83,0.0
Apr-2026,RTF,NORTHUMBRIA HEALTHCARE NHS FOUNDATION TRUST,C_502,Gynaecology Service,3928.0,2939.0,989.0,0.0,74.82,0.0
Apr-2026,RVW,NORTH TEES AND HARTLEPOOL NHS FOUNDATION TRUST,C_340,Respiratory Medicine Service,781.0,562.0,215.0,4.0,71.96,0.51
Apr-2026,RXP,COUNTY DURHAM AND DARLINGTON NHS FOUNDATION TRUST,C_502,Gynaecology Service,4582.0,2987.0,1500.0,95.0,65.19,2.07
Apr-2026,NTP13,PRACTICE PLUS GROUP HOSPITAL - BARLBOROUGH,C_130,Ophthalmology Service,138.0,130.0,8.0,0.0,94.2,0.0
Apr-2026,RTG,UNIVERSITY HOSPITALS OF DERBY AND BURTON NHS FOUNDATION TRUST,C_100,General Surgery Service,4408.0,2517.0,1795.0,96.0,57.1,2.18
Apr-2026,RTG,UNIVERSITY HOSPITALS OF DERBY AND BURTON NHS FOUNDATION TRUST,X03,Other - Mental Health Services,1.0,1.0,0.0,0.0,100.0,0.0
Apr-2026,RTG,UNIVERSITY HOSPITALS OF DERBY AND BURTON NHS FOUNDATION TRUST,C_300,General Internal Medicine Service,2.0,2.0,0.0,0.0,100.0,0.0
Apr-2026,RTE,GLOUCESTERSHIRE HOSPITALS NHS FOUNDATION TRUST,C_330,Dermatology Service,4551.0,3107.0,1444.0,0.0,68.27,0.0
Apr-2026,RTE,GLOUCESTERSHIRE HOSPITALS NHS FOUNDATION TRUST,C_999,Total,68685.0,50819.0,17846.0,20.0,73.99,0.03
Apr-2026,RTE,GLOUCESTERSHIRE HOSPITALS NHS FOUNDATION TRUST,X02,Other - Medical Services,9076.0,7680.0,1395.0,1.0,84.62,0.01
Apr-2026,A1U4J,SPAMEDICA PORTSMOUTH,C_999,Total,206.0,181.0,25.0,0.0,87.86,0.0
Apr-2026,B9M3W,SPAMEDICA SOUTHAMPTON,C_999,Total,386.0,261.0,51.0,74.0,67.62,19.17
Apr-2026,GEC01,RAPID INVESTIGATION SERVICE,X06,Other - Other Services,99.0,99.0,0.0,0.0,100.0,0.0
Apr-2026,NT345,SPIRE CLARE PARK HOSPITAL,C_999,Total,352.0,193.0,158.0,1.0,54.83,0.28
Apr-2026,NTP11,PRACTICE PLUS GROUP HOSPITAL - SOUTHAMPTON,C_140,Oral Surgery Service,5333.0,2842.0,2486.0,5.0,53.29,0.09
Apr-2026,RHM,UNIVERSITY HOSPITAL SOUTHAMPTON NHS FOUNDATION TRUST,X04,Other - Paediatric Services,6305.0,4341.0,1891.0,73.0,68.85,1.16
Apr-2026,REF,ROYAL CORNWALL HOSPITALS NHS TRUST,C_320,Cardiology Service,2385.0,1492.0,887.0,6.0,62.56,0.25
Apr-2026,REF,ROYAL CORNWALL HOSPITALS NHS TRUST,X04,Other - Paediatric Services,779.0,667.0,112.0,0.0,85.62,0.0
Apr-2026,RJ8,CORNWALL PARTNERSHIP NHS FOUNDATION TRUST,X02,Other - Medical Services,603.0,590.0,13.0,0.0,97.84,0.0
Apr-2026,DXN,MODALITY LLP,C_502,Gynaecology Service,307.0,0.0,304.0,3.0,0.0,0.98
Apr-2026,NVC1H,STOURSIDE HOSPITAL,X06,Other - Other Services,28.0,11.0,17.0,0.0,39.29,0.0
Apr-2026,NVC21,WEST MIDLANDS HOSPITAL,C_101,Urology Service,15.0,9.0,6.0,0.0,60.0,0.0
Apr-2026,RN5,HAMPSHIRE HOSPITALS NHS FOUNDATION TRUST,C_130,Ophthalmology Service,2823.0,2399.0,416.0,8.0,84.98,0.28
Apr-2026,RN5,HAMPSHIRE HOSPITALS NHS FOUNDATION TRUST,C_170,Cardiothoracic Surgery Service,1.0,0.0,1.0,0.0,0.0,0.0
Apr-2026,RW1,HAMPSHIRE AND ISLE OF WIGHT HEALTHCARE NHS FOUNDATION TRUST,C_301,Gastroenterology Service,154.0,143.0,11.0,0.0,92.86,0.0
Apr-2026,G6S7A,SPAMEDICA TAUNTON,C_130,Ophthalmology Service,768.0,562.0,206.0,0.0,73.18,0.0
Apr-2026,RH5,SOMERSET NHS FOUNDATION TRUST,C_101,Urology Service,3088.0,1671.0,1323.0,94.0,54.11,3.04
Apr-2026,RH5,SOMERSET NHS FOUNDATION TRUST,C_999,Total,53871.0,35428.0,17308.0,1135.0,65.76,2.11
Apr-2026,M6L9D,NEWMEDICA - NOTTINGHAM - KEYWORTH,C_130,Ophthalmology Service,23.0,23.0,0.0,0.0,100.0,0.0
Apr-2026,NVC40,WOODTHORPE HOSPITAL,C_300,General Internal Medicine Service,1.0,0.0,1.0,0.0,0.0,0.0
Apr-2026,RK5,SHERWOOD FOREST HOSPITALS NHS FOUNDATION TRUST,C_110,Trauma and Orthopaedic Service,3059.0,1804.0,1233.0,22.0,58.97,0.72
Apr-2026,RK5,SHERWOOD FOREST HOSPITALS NHS FOUNDATION TRUST,C_410,Rheumatology Service,130.0,129.0,1.0,0.0,99.23,0.0
Apr-2026,RX1,NOTTINGHAM UNIVERSITY HOSPITALS NHS TRUST,C_110,Trauma and Orthopaedic Service,7829.0,4112.0,3493.0,224.0,52.52,2.86
Apr-2026,RL4,THE ROYAL WOLVERHAMPTON NHS TRUST,C_320,Cardiology Service,5996.0,3564.0,2238.0,194.0,59.44,3.24
Apr-2026,RL4,THE ROYAL WOLVERHAMPTON NHS TRUST,C_340,Respiratory Medicine Service,1708.0,1517.0,190.0,1.0,88.82,0.06
Apr-2026,RNA,THE DUDLEY GROUP NHS FOUNDATION TRUST,C_330,Dermatology Service,3507.0,2491.0,1016.0,0.0,71.03,0.0
Apr-2026,RNA,THE DUDLEY GROUP NHS FOUNDATION TRUST,C_430,Elderly Medicine Service,198.0,184.0,14.0,0.0,92.93,0.0
Apr-2026,RXK,SANDWELL AND WEST BIRMINGHAM HOSPITALS NHS TRUST,C_330,Dermatology Service,3311.0,1987.0,1322.0,2.0,60.01,0.06
Apr-2026,RXK,SANDWELL AND WEST BIRMINGHAM HOSPITALS NHS TRUST,C_170,Cardiothoracic Surgery Service,13.0,13.0,0.0,0.0,100.0,0.0
Apr-2026,NFH,SOMERSET SURGICAL SERVICES HQ,C_140,Oral Surgery Service,899.0,744.0,155.0,0.0,82.76,0.0
Apr-2026,NT206,"NUFFIELD HEALTH, BRISTOL HOSPITAL (CHESTERFIELD)",X06,Other - Other Services,143.0,73.0,69.0,1.0,51.05,0.7
Apr-2026,NT302,SPIRE BRISTOL HOSPITAL,C_100,General Surgery Service,18.0,13.0,5.0,0.0,72.22,0.0
Apr-2026,NTPH2,PRACTICE PLUS GROUP HOSPITAL - EMERSONS GREEN,C_130,Ophthalmology Service,421.0,356.0,65.0,0.0,84.56,0.0
Apr-2026,T1T4S,ACES BRISTOL,C_130,Ophthalmology Service,68.0,59.0,9.0,0.0,86.76,0.0
Apr-2026,RNQ,KETTERING GENERAL HOSPITAL NHS FOUNDATION TRUST,C_101,Urology Service,1621.0,1112.0,508.0,1.0,68.6,0.06
Apr-2026,RNQ,KETTERING GENERAL HOSPITAL NHS FOUNDATION TRUST,C_110,Trauma and Orthopaedic Service,1816.0,1140.0,676.0,0.0,62.78,0.0
Apr-2026,RNQ,KETTERING GENERAL HOSPITAL NHS FOUNDATION TRUST,C_410,Rheumatology Service,1075.0,717.0,356.0,2.0,66.7,0.19
Apr-2026,RNS,NORTHAMPTON GENERAL HOSPITAL NHS TRUST,C_400,Neurology Service,1607.0,837.0,770.0,0.0,52.08,0.0
Apr-2026,RNS,NORTHAMPTON GENERAL HOSPITAL NHS TRUST,X05,Other - Surgical Services,590.0,310.0,278.0,2.0,52.54,0.34
Apr-2026,RNS,NORTHAMPTON GENERAL HOSPITAL NHS TRUST,X06,Other - Other Services,334.0,314.0,20.0,0.0,94.01,0.0
Apr-2026,AAH,TETBURY HOSPITAL TRUST LTD,C_101,Urology Service,41.0,38.0,3.0,0.0,92.68,0.0
Apr-2026,AAH,TETBURY HOSPITAL TRUST LTD,C_999,Total,354.0,318.0,34.0,2.0,89.83,0.56
Apr-2026,L0D9W,NEWMEDICA - GLOUCESTER (BRIGHOUSE COURT),C_130,Ophthalmology Service,1330.0,1091.0,239.0,0.0,82.03,0.0
Apr-2026,S8O6A,ACES MANCHESTER TRAFFORD,C_999,Total,2.0,2.0,0.0,0.0,100.0,0.0
Apr-2026,NT447,DUCHY HOSPITAL,C_999,Total,323.0,267.0,56.0,0.0,82.66,0.0
Apr-2026,NTE02,ST HUGH'S HOSPITAL,C_130,Ophthalmology Service,112.0,94.0,18.0,0.0,83.93,0.0
Apr-2026,RCD,HARROGATE AND DISTRICT NHS FOUNDATION TRUST,C_110,Trauma and Orthopaedic Service,3531.0,2180.0,1347.0,4.0,61.74,0.11
Apr-2026,RCD,HARROGATE AND DISTRICT NHS FOUNDATION TRUST,X05,Other - Surgical Services,815.0,560.0,255.0,0.0,68.71,0.0
Apr-2026,RCD,HARROGATE AND DISTRICT NHS FOUNDATION TRUST,C_340,Respiratory Medicine Service,302.0,282.0,20.0,0.0,93.38,0.0
Apr-2026,RWA,HULL UNIVERSITY TEACHING HOSPITALS NHS TRUST,C_340,Respiratory Medicine Service,2979.0,1977.0,990.0,12.0,66.36,0.4
Apr-2026,RWA,HULL UNIVERSITY TEACHING HOSPITALS NHS TRUST,C_430,Elderly Medicine Service,86.0,63.0,22.0,1.0,73.26,1.16
Apr-2026,DFY01,COTSWOLDS SURGICAL PARTNERS,C_160,Plastic Surgery Service,184.0,182.0,2.0,0.0,98.91,0.0
Apr-2026,G3Z1Q,SULIS HOSPITAL BATH (FOXCOTE AVENUE),C_120,Ear Nose and Throat Service,595.0,394.0,201.0,0.0,66.22,0.0
Apr-2026,NT402,BATH CLINIC,C_301,Gastroenterology Service,5.0,3.0,2.0,0.0,60.0,0.0
Apr-2026,NTPH3,PRACTICE PLUS GROUP SURGICAL CENTRE - DEVIZES,C_110,Trauma and Orthopaedic Service,369.0,279.0,90.0,0.0,75.61,0.0
Apr-2026,NVC09,NEW HALL HOSPITAL,C_100,General Surgery Service,107.0,87.0,20.0,0.0,81.31,0.0
Apr-2026,NVC09,NEW HALL HOSPITAL,C_999,Total,3471.0,2458.0,984.0,29.0,70.82,0.84
Apr-2026,RD1,ROYAL UNITED HOSPITALS BATH NHS FOUNDATION TRUST,C_400,Neurology Service,1654.0,786.0,867.0,1.0,47.52,0.06
Apr-2026,RD1,ROYAL UNITED HOSPITALS BATH NHS FOUNDATION TRUST,C_502,Gynaecology Service,2723.0,2081.0,640.0,2.0,76.42,0.07
Apr-2026,RN3,GREAT WESTERN HOSPITALS NHS FOUNDATION TRUST,C_100,General Surgery Service,5291.0,3209.0,1893.0,189.0,60.65,3.57
Apr-2026,RN3,GREAT WESTERN HOSPITALS NHS FOUNDATION TRUST,X02,Other - Medical Services,2012.0,1091.0,885.0,36.0,54.22,1.79
Apr-2026,NVC22,WINFIELD HOSPITAL,C_110,Trauma and Orthopaedic Service,817.0,600.0,217.0,0.0,73.44,0.0
Apr-2026,NVC22,WINFIELD HOSPITAL,C_100,General Surgery Service,162.0,101.0,61.0,0.0,62.35,0.0
Apr-2026,Z5J5V,SPAMEDICA HAYDOCK,C_130,Ophthalmology Service,324.0,298.0,25.0,1.0,91.98,0.31
Apr-2026,F9Z4V,CIRCLE READING HOSPITAL,C_110,Trauma and Orthopaedic Service,1158.0,877.0,276.0,5.0,75.73,0.43
Apr-2026,F9Z4V,CIRCLE READING HOSPITAL,X06,Other - Other Services,45.0,37.0,8.0,0.0,82.22,0.0
Apr-2026,N8R1N,NEWMEDICA - BERKSHIRE,C_999,Total,1552.0,974.0,564.0,14.0,62.76,0.9
Apr-2026,NT428,PRINCESS MARGARET HOSPITAL,X06,Other - Other Services,2.0,2.0,0.0,0.0,100.0,0.0
Apr-2026,NVC02,THE BERKSHIRE INDEPENDENT HOSPITAL,C_100,General Surgery Service,162.0,143.0,19.0,0.0,88.27,0.0
Apr-2026,RHW,ROYAL BERKSHIRE NHS FOUNDATION TRUST,C_340,Respiratory Medicine Service,1382.0,1240.0,142.0,0.0,89.73,0.0
Apr-2026,RHW,ROYAL BERKSHIRE NHS FOUNDATION TRUST,C_502,Gynaecology Service,2769.0,2217.0,546.0,6.0,80.07,0.22
Apr-2026,NT324,SPIRE CHESHIRE HOSPITAL,C_999,Total,1071.0,848.0,223.0,0.0,79.18,0.0
Apr-2026,RBN,MERSEY AND WEST LANCASHIRE TEACHING HOSPITALS NHS TRUST,C_110,Trauma and Orthopaedic Service,7349.0,4926.0,2346.0,77.0,67.03,1.05
Apr-2026,RBN,MERSEY AND WEST LANCASHIRE TEACHING HOSPITALS NHS TRUST,C_301,Gastroenterology Service,7824.0,6212.0,1593.0,19.0,79.4,0.24
Apr-2026,RBN,MERSEY AND WEST LANCASHIRE TEACHING HOSPITALS NHS TRUST,X04,Other - Paediatric Services,2916.0,2613.0,303.0,0.0,89.61,0.0
Apr-2026,RBN,MERSEY AND WEST LANCASHIRE TEACHING HOSPITALS NHS TRUST,C_130,Ophthalmology Service,3509.0,2541.0,959.0,9.0,72.41,0.26
Apr-2026,RBN,MERSEY AND WEST LANCASHIRE TEACHING HOSPITALS NHS TRUST,C_300,General Internal Medicine Service,364.0,307.0,56.0,1.0,84.34,0.27
Apr-2026,RBT,MID CHESHIRE HOSPITALS NHS FOUNDATION TRUST,X02,Other - Medical Services,1366.0,1156.0,208.0,2.0,84.63,0.15
Apr-2026,REM,LIVERPOOL UNIVERSITY HOSPITALS NHS FOUNDATION TRUST,C_320,Cardiology Service,3013.0,2301.0,701.0,11.0,76.37,0.37
Apr-2026,REM,LIVERPOOL UNIVERSITY HOSPITALS NHS FOUNDATION TRUST,C_140,Oral Surgery Service,4194.0,2003.0,2075.0,116.0,47.76,2.77
Apr-2026,REP,LIVERPOOL WOMEN'S NHS FOUNDATION TRUST,C_999,Total,11606.0,7077.0,4241.0,288.0,60.98,2.48
Apr-2026,RET,THE WALTON CENTRE NHS FOUNDATION TRUST,C_400,Neurology Service,5357.0,3815.0,1542.0,0.0,71.22,0.0
Apr-2026,RET,THE WALTON CENTRE NHS FOUNDATION TRUST,X05,Other - Surgical Services,383.0,167.0,201.0,15.0,43.6,3.92
Apr-2026,RJR,COUNTESS OF CHESTER HOSPITAL NHS FOUNDATION TRUST,C_120,Ear Nose and Throat Service,3054.0,2005.0,1035.0,14.0,65.65,0.46
Apr-2026,RTH,OXFORD UNIVERSITY HOSPITALS NHS FOUNDATION TRUST,C_110,Trauma and Orthopaedic Service,8154.0,4266.0,3651.0,237.0,52.32,2.91
Apr-2026,RTH,OXFORD UNIVERSITY HOSPITALS NHS FOUNDATION TRUST,C_160,Plastic Surgery Service,1659.0,991.0,639.0,29.0,59.73,1.75
Apr-2026,RTH,OXFORD UNIVERSITY HOSPITALS NHS FOUNDATION TRUST,X06,Other - Other Services,1276.0,958.0,316.0,2.0,75.08,0.16
Apr-2026,RTH,OXFORD UNIVERSITY HOSPITALS NHS FOUNDATION TRUST,C_140,Oral Surgery Service,3076.0,1462.0,1499.0,115.0,47.53,3.74
Apr-2026,RXQ,BUCKINGHAMSHIRE HEALTHCARE NHS TRUST,C_160,Plastic Surgery Service,1400.0,964.0,436.0,0.0,68.86,0.0
Apr-2026,NT317,SPIRE CAMBRIDGE LEA HOSPITAL,C_100,General Surgery Service,55.0,39.0,16.0,0.0,70.91,0.0
Apr-2026,NT423,MANOR HOSPITAL,X06,Other - Other Services,6.0,6.0,0.0,0.0,100.0,0.0
Apr-2026,NVC06,FITZWILLIAM HOSPITAL,X06,Other - Other Services,27.0,11.0,16.0,0.0,40.74,0.0
Apr-2026,NVC19,RIVERS HOSPITAL,C_301,Gastroenterology Service,627.0,508.0,119.0,0.0,81.02,0.0
Apr-2026,RCX,"THE QUEEN ELIZABETH HOSPITAL, KING'S LYNN, NHS FOUNDATION TRUST",C_999,Total,25153.0,14832.0,9972.0,349.0,58.97,1.39
Apr-2026,RCX,"THE QUEEN ELIZABETH HOSPITAL, KING'S LYNN, NHS FOUNDATION TRUST",C_430,Elderly Medicine Service,65.0,61.0,4.0,0.0,93.85,0.0
Apr-2026,RCX,"THE QUEEN ELIZABETH HOSPITAL, KING'S LYNN, NHS FOUNDATION TRUST",C_502,Gynaecology Service,1543.0,971.0,552.0,20.0,62.93,1.3
Apr-2026,G3Q3Z,NUFFIELD HEALTH HIGHGATE HOSPITAL,C_120,Ear Nose and Throat Service,273.0,245.0,28.0,0.0,89.74,0.0
Apr-2026,NT451,CAVELL HOSPITAL,C_502,Gynaecology Service,146.0,100.0,46.0,0.0,68.49,0.0
Apr-2026,R1K,LONDON NORTH WEST UNIVERSITY HEALTHCARE NHS TRUST,C_340,Respiratory Medicine Service,3417.0,2102.0,1315.0,0.0,61.52,0.0
Apr-2026,RAL,ROYAL FREE LONDON NHS FOUNDATION TRUST,C_301,Gastroenterology Service,7734.0,5345.0,2378.0,11.0,69.11,0.14
Apr-2026,RAL,ROYAL FREE LONDON NHS FOUNDATION TRUST,C_101,Urology Service,8464.0,4584.0,3767.0,113.0,54.16,1.34
Apr-2026,RAL,ROYAL FREE LONDON NHS FOUNDATION TRUST,C_340,Respiratory Medicine Service,5901.0,4439.0,1451.0,11.0,75.22,0.19
Apr-2026,RAL,ROYAL FREE LONDON NHS FOUNDATION TRUST,X05,Other - Surgical Services,14007.0,8474.0,5373.0,160.0,60.5,1.14
Apr-2026,RAL,ROYAL FREE LONDON NHS FOUNDATION TRUST,C_300,General Internal Medicine Service,295.0,200.0,95.0,0.0,67.8,0.0
Apr-2026,RKE,WHITTINGTON HEALTH NHS TRUST,C_101,Urology Service,1849.0,1388.0,460.0,1.0,75.07,0.05
Apr-2026,RPY,THE ROYAL MARSDEN NHS FOUNDATION TRUST,C_330,Dermatology Service,3.0,2.0,1.0,0.0,66.67,0.0
Apr-2026,RPY,THE ROYAL MARSDEN NHS FOUNDATION TRUST,X04,Other - Paediatric Services,15.0,15.0,0.0,0.0,100.0,0.0
Apr-2026,RQM,CHELSEA AND WESTMINSTER HOSPITAL NHS FOUNDATION TRUST,C_410,Rheumatology Service,1217.0,916.0,301.0,0.0,75.27,0.0
Apr-2026,NT3X3,SPIRE ST ANTHONY'S HOSPITAL,C_100,General Surgery Service,468.0,421.0,46.0,1.0,89.96,0.21
Apr-2026,NT3X3,SPIRE ST ANTHONY'S HOSPITAL,C_120,Ear Nose and Throat Service,13.0,11.0,2.0,0.0,84.62,0.0
Apr-2026,R0F4N,NUFFIELD HEALTH PARKSIDE HOSPITAL,C_101,Urology Service,249.0,109.0,70.0,70.0,43.78,28.11
Apr-2026,R0F4N,NUFFIELD HEALTH PARKSIDE HOSPITAL,X06,Other - Other Services,1.0,0.0,0.0,1.0,0.0,100.0
Apr-2026,R0F4N,NUFFIELD HEALTH PARKSIDE HOSPITAL,C_120,Ear Nose and Throat Service,83.0,67.0,15.0,1.0,80.72,1.2
Apr-2026,RAX,KINGSTON AND RICHMOND NHS FOUNDATION TRUST,C_300,General Internal Medicine Service,486.0,235.0,251.0,0.0,48.35,0.0
Apr-2026,RAX,KINGSTON AND RICHMOND NHS FOUNDATION TRUST,C_110,Trauma and Orthopaedic Service,3357.0,1755.0,1599.0,3.0,52.28,0.09
Apr-2026,RAX,KINGSTON AND RICHMOND NHS FOUNDATION TRUST,X04,Other - Paediatric Services,1611.0,1066.0,502.0,43.0,66.17,2.67
Apr-2026,AJ8,THE GRANGE MEDICAL CENTRE HQ,C_999,Total,216.0,216.0,0.0,0.0,100.0,0.0
Apr-2026,NEQ,PHOENIX HEALTH SOLUTIONS LIMITED HQ,C_301,Gastroenterology Service,368.0,350.0,18.0,0.0,95.11,0.0
Apr-2026,RAE,BRADFORD TEACHING HOSPITALS NHS FOUNDATION TRUST,C_110,Trauma and Orthopaedic Service,1985.0,986.0,951.0,48.0,49.67,2.42
Apr-2026,RJ6,CROYDON HEALTH SERVICES NHS TRUST,C_330,Dermatology Service,3111.0,1699.0,1289.0,123.0,54.61,3.95
Apr-2026,RVR,EPSOM AND ST HELIER UNIVERSITY HOSPITALS NHS TRUST,C_110,Trauma and Orthopaedic Service,6334.0,4043.0,2270.0,21.0,63.83,0.33
Apr-2026,RVR,EPSOM AND ST HELIER UNIVERSITY HOSPITALS NHS TRUST,C_320,Cardiology Service,5255.0,3833.0,1317.0,105.0,72.94,2.0
Apr-2026,RVR,EPSOM AND ST HELIER UNIVERSITY HOSPITALS NHS TRUST,X02,Other - Medical Services,8746.0,6345.0,2377.0,24.0,72.55,0.27
Apr-2026,RAE,BRADFORD TEACHING HOSPITALS NHS FOUNDATION TRUST,C_430,Elderly Medicine Service,53.0,51.0,2.0,0.0,96.23,0.0
Apr-2026,RCF,AIREDALE NHS FOUNDATION TRUST,C_301,Gastroenterology Service,775.0,560.0,210.0,5.0,72.26,0.65
Apr-2026,RCF,AIREDALE NHS FOUNDATION TRUST,C_320,Cardiology Service,1575.0,1215.0,357.0,3.0,77.14,0.19
Apr-2026,RCF,AIREDALE NHS FOUNDATION TRUST,C_160,Plastic Surgery Service,51.0,40.0,10.0,1.0,78.43,1.96
Apr-2026,RR8,LEEDS TEACHING HOSPITALS NHS TRUST,X05,Other - Surgical Services,8064.0,4993.0,3050.0,21.0,61.92,0.26
Apr-2026,RR8,LEEDS TEACHING HOSPITALS NHS TRUST,X04,Other - Paediatric Services,10268.0,6501.0,3493.0,274.0,63.31,2.67
Apr-2026,RR8,LEEDS TEACHING HOSPITALS NHS TRUST,X06,Other - Other Services,997.0,899.0,91.0,7.0,90.17,0.7
Apr-2026,RXF,MID YORKSHIRE TEACHING NHS TRUST,C_120,Ear Nose and Throat Service,7330.0,4369.0,2933.0,28.0,59.6,0.38
Apr-2026,RXF,MID YORKSHIRE TEACHING NHS TRUST,C_140,Oral Surgery Service,3298.0,2291.0,1006.0,1.0,69.47,0.03
Apr-2026,RXF,MID YORKSHIRE TEACHING NHS TRUST,C_300,General Internal Medicine Service,57.0,51.0,6.0,0.0,89.47,0.0
Apr-2026,RXF,MID YORKSHIRE TEACHING NHS TRUST,C_320,Cardiology Service,868.0,801.0,67.0,0.0,92.28,0.0
Apr-2026,RXF,MID YORKSHIRE TEACHING NHS TRUST,C_430,Elderly Medicine Service,449.0,251.0,198.0,0.0,55.9,0.0
Apr-2026,TAD,BRADFORD DISTRICT CARE NHS FOUNDATION TRUST,X02,Other - Medical Services,568.0,297.0,245.0,26.0,52.29,4.58
Apr-2026,TAD,BRADFORD DISTRICT CARE NHS FOUNDATION TRUST,C_999,Total,568.0,297.0,245.0,26.0,52.29,4.58
Apr-2026,RJC,SOUTH WARWICKSHIRE UNIVERSITY NHS FOUNDATION TRUST,X04,Other - Paediatric Services,490.0,318.0,142.0,30.0,64.9,6.12
Apr-2026,RKB,UNIVERSITY HOSPITALS COVENTRY AND WARWICKSHIRE NHS TRUST,C_330,Dermatology Service,3059.0,2322.0,736.0,1.0,75.91,0.03
Apr-2026,RKB,UNIVERSITY HOSPITALS COVENTRY AND WARWICKSHIRE NHS TRUST,X04,Other - Paediatric Services,1582.0,869.0,687.0,26.0,54.93,1.64
Apr-2026,RWH,EAST AND NORTH HERTFORDSHIRE TEACHING NHS TRUST,C_430,Elderly Medicine Service,131.0,113.0,18.0,0.0,86.26,0.0
Apr-2026,S3H9L,THE HAMPTONS HOSPITAL LTD,C_301,Gastroenterology Service,5.0,4.0,1.0,0.0,80.0,0.0
Apr-2026,U1P4Z,ACES MILTON KEYNES,C_999,Total,137.0,116.0,21.0,0.0,84.67,0.0
Apr-2026,NNE,DORKING HEALTHCARE LIMITED (DHC),C_130,Ophthalmology Service,257.0,185.0,72.0,0.0,71.98,0.0
Apr-2026,NNE,DORKING HEALTHCARE LIMITED (DHC),C_330,Dermatology Service,740.0,656.0,84.0,0.0,88.65,0.0
Apr-2026,NNE,DORKING HEALTHCARE LIMITED (DHC),C_502,Gynaecology Service,809.0,632.0,177.0,0.0,78.12,0.0
Apr-2026,NT218,"NUFFIELD HEALTH, HAYWARDS HEATH HOSPITAL",C_110,Trauma and Orthopaedic Service,353.0,187.0,156.0,10.0,52.97,2.83
Apr-2026,NT364,SPIRE MONTEFIORE HOSPITAL,C_999,Total,610.0,338.0,258.0,14.0,55.41,2.3
Apr-2026,NT417,GORING HALL HOSPITAL,C_110,Trauma and Orthopaedic Service,647.0,325.0,322.0,0.0,50.23,0.0
Apr-2026,NT417,GORING HALL HOSPITAL,X06,Other - Other Services,5.0,5.0,0.0,0.0,100.0,0.0
Apr-2026,NVM,EPSOMEDICAL GROUP,C_410,Rheumatology Service,56.0,51.0,5.0,0.0,91.07,0.0
Apr-2026,RC9,BEDFORDSHIRE HOSPITALS NHS FOUNDATION TRUST,C_100,General Surgery Service,3710.0,2093.0,1608.0,9.0,56.42,0.24
Apr-2026,RC9,BEDFORDSHIRE HOSPITALS NHS FOUNDATION TRUST,C_110,Trauma and Orthopaedic Service,6422.0,2781.0,3406.0,235.0,43.3,3.66
Apr-2026,RC9,BEDFORDSHIRE HOSPITALS NHS FOUNDATION TRUST,C_430,Elderly Medicine Service,296.0,264.0,32.0,0.0,89.19,0.0
Apr-2026,RD8,MILTON KEYNES UNIVERSITY HOSPITAL NHS FOUNDATION TRUST,C_430,Elderly Medicine Service,15.0,12.0,3.0,0.0,80.0,0.0
Apr-2026,RGN,NORTH WEST ANGLIA NHS FOUNDATION TRUST,C_120,Ear Nose and Throat Service,7473.0,4051.0,3379.0,43.0,54.21,0.58
Apr-2026,RGN,NORTH WEST ANGLIA NHS FOUNDATION TRUST,X05,Other - Surgical Services,1680.0,1236.0,440.0,4.0,73.57,0.24
Apr-2026,RGN,NORTH WEST ANGLIA NHS FOUNDATION TRUST,C_999,Total,78841.0,47387.0,31026.0,428.0,60.1,0.54
Apr-2026,RWG,WEST HERTFORDSHIRE TEACHING HOSPITALS NHS TRUST,C_300,General Internal Medicine Service,20.0,20.0,0.0,0.0,100.0,0.0
Apr-2026,RWH,EAST AND NORTH HERTFORDSHIRE TEACHING NHS TRUST,X06,Other - Other Services,16945.0,11402.0,5502.0,41.0,67.29,0.24
Apr-2026,RDU,FRIMLEY HEALTH NHS FOUNDATION TRUST,C_502,Gynaecology Service,3853.0,2709.0,1106.0,38.0,70.31,0.99
Apr-2026,RDU,FRIMLEY HEALTH NHS FOUNDATION TRUST,X06,Other - Other Services,769.0,385.0,382.0,2.0,50.07,0.26
Apr-2026,RDU,FRIMLEY HEALTH NHS FOUNDATION TRUST,C_300,General Internal Medicine Service,2.0,2.0,0.0,0.0,100.0,0.0
Apr-2026,RPC,QUEEN VICTORIA HOSPITAL NHS FOUNDATION TRUST,C_410,Rheumatology Service,52.0,41.0,11.0,0.0,78.85,0.0
Apr-2026,RTK,ASHFORD AND ST PETER'S HOSPITALS NHS FOUNDATION TRUST,X06,Other - Other Services,763.0,656.0,97.0,10.0,85.98,1.31
Apr-2026,RTP,SURREY AND SUSSEX HEALTHCARE NHS TRUST,C_400,Neurology Service,1912.0,1087.0,819.0,6.0,56.85,0.31
Apr-2026,RYR,UNIVERSITY HOSPITALS SUSSEX NHS FOUNDATION TRUST,X05,Other - Surgical Services,15699.0,8636.0,6359.0,704.0,55.01,4.48
Apr-2026,RYR,UNIVERSITY HOSPITALS SUSSEX NHS FOUNDATION TRUST,C_430,Elderly Medicine Service,204.0,145.0,55.0,4.0,71.08,1.96
Apr-2026,DFQ,NORWICH & NORFOLK SURGICAL LTD (N2S),C_100,General Surgery Service,311.0,227.0,84.0,0.0,72.99,0.0
Apr-2026,DFQ,NORWICH & NORFOLK SURGICAL LTD (N2S),C_999,Total,1125.0,911.0,214.0,0.0,80.98,0.0
Apr-2026,G4H0I,NEWMEDICA SUFFOLK - BURY ST EDMUNDS - CLARITY HOUSE,C_130,Ophthalmology Service,673.0,625.0,48.0,0.0,92.87,0.0
Apr-2026,H4I8B,NUFFIELD HEALTH THE HOLLY HOSPITAL,X05,Other - Surgical Services,256.0,243.0,12.0,1.0,94.92,0.39
Apr-2026,NT204,"NUFFIELD HEALTH, BRENTWOOD HOSPITAL",C_999,Total,2236.0,1177.0,810.0,249.0,52.64,11.14
Apr-2026,RDE,EAST SUFFOLK AND NORTH ESSEX NHS FOUNDATION TRUST,C_120,Ear Nose and Throat Service,10016.0,5504.0,4511.0,1.0,54.95,0.01
Apr-2026,RDE,EAST SUFFOLK AND NORTH ESSEX NHS FOUNDATION TRUST,C_999,Total,91406.0,56235.0,35010.0,161.0,61.52,0.18
Apr-2026,A4M8P,BUCKSHAW HOSPITAL,C_502,Gynaecology Service,583.0,258.0,319.0,6.0,44.25,1.03
Apr-2026,NT347,SPIRE FYLDE COAST HOSPITAL,C_150,Neurosurgical Service,97.0,87.0,10.0,0.0,89.69,0.0
Apr-2026,NT403,BEARDWOOD HOSPITAL,C_110,Trauma and Orthopaedic Service,1381.0,1042.0,339.0,0.0,75.45,0.0
Apr-2026,NT449,LANCASTER PRIVATE HOSPITAL,C_502,Gynaecology Service,30.0,30.0,0.0,0.0,100.0,0.0
Apr-2026,NVC05,EUXTON HALL HOSPITAL,C_999,Total,3350.0,2156.0,1189.0,5.0,64.36,0.15
Apr-2026,NVC07,FULWOOD HALL HOSPITAL,X05,Other - Surgical Services,2.0,2.0,0.0,0.0,100.0,0.0
Apr-2026,NVC07,FULWOOD HALL HOSPITAL,X02,Other - Medical Services,42.0,41.0,1.0,0.0,97.62,0.0
Apr-2026,NVC16,RENACRES HOSPITAL,C_101,Urology Service,224.0,139.0,84.0,1.0,62.05,0.45
Apr-2026,NVC16,RENACRES HOSPITAL,X06,Other - Other Services,2.0,2.0,0.0,0.0,100.0,0.0
Apr-2026,RTX,UNIVERSITY HOSPITALS OF MORECAMBE BAY NHS FOUNDATION TRUST,C_999,Total,34407.0,24604.0,9242.0,561.0,71.51,1.63
Apr-2026,RXN,LANCASHIRE TEACHING HOSPITALS NHS FOUNDATION TRUST,C_502,Gynaecology Service,1893.0,983.0,890.0,20.0,51.93,1.06
Apr-2026,RXR,EAST LANCASHIRE HOSPITALS NHS TRUST,C_320,Cardiology Service,2002.0,1764.0,238.0,0.0,88.11,0.0
Apr-2026,RXR,EAST LANCASHIRE HOSPITALS NHS TRUST,X02,Other - Medical Services,3810.0,2746.0,1064.0,0.0,72.07,0.0
Apr-2026,RXR,EAST LANCASHIRE HOSPITALS NHS TRUST,X06,Other - Other Services,52.0,48.0,4.0,0.0,92.31,0.0
Apr-2026,NPG10,SPAMEDICA SHEFFIELD,C_999,Total,448.0,418.0,30.0,0.0,93.3,0.0
Apr-2026,RFR,THE ROTHERHAM NHS FOUNDATION TRUST,C_320,Cardiology Service,1693.0,1457.0,236.0,0.0,86.06,0.0
Apr-2026,RFR,THE ROTHERHAM NHS FOUNDATION TRUST,C_340,Respiratory Medicine Service,823.0,777.0,46.0,0.0,94.41,0.0
Apr-2026,RP5,DONCASTER AND BASSETLAW TEACHING HOSPITALS NHS FOUNDATION TRUST,C_110,Trauma and Orthopaedic Service,12453.0,6209.0,5273.0,971.0,49.86,7.8
Apr-2026,RP5,DONCASTER AND BASSETLAW TEACHING HOSPITALS NHS FOUNDATION TRUST,C_430,Elderly Medicine Service,139.0,130.0,8.0,1.0,93.53,0.72
Apr-2026,J3X4C,SPAMEDICA WORCESTER,C_999,Total,433.0,375.0,58.0,0.0,86.61,0.0
Apr-2026,RLQ,WYE VALLEY NHS TRUST,C_320,Cardiology Service,1337.0,894.0,433.0,10.0,66.87,0.75
Apr-2026,R1H,BARTS HEALTH NHS TRUST,C_320,Cardiology Service,8821.0,6523.0,2298.0,0.0,73.95,0.0
Apr-2026,RF4,"BARKING, HAVERING AND REDBRIDGE UNIVERSITY HOSPITALS NHS TRUST",C_320,Cardiology Service,4423.0,3417.0,1005.0,1.0,77.26,0.02
Apr-2026,RF4,"BARKING, HAVERING AND REDBRIDGE UNIVERSITY HOSPITALS NHS TRUST",C_330,Dermatology Service,3895.0,2286.0,1603.0,6.0,58.69,0.15
Apr-2026,RQX,HOMERTON HEALTHCARE NHS FOUNDATION TRUST,C_101,Urology Service,2196.0,1593.0,581.0,22.0,72.54,1.0
Apr-2026,NT321,SPIRE LITTLE ASTON HOSPITAL,C_100,General Surgery Service,317.0,242.0,75.0,0.0,76.34,0.0
Apr-2026,NVC0I,BEACON PARK HOSPITAL,C_130,Ophthalmology Service,350.0,189.0,161.0,0.0,54.0,0.0
Apr-2026,RJE,UNIVERSITY HOSPITALS OF NORTH MIDLANDS NHS TRUST,C_320,Cardiology Service,4591.0,2871.0,1674.0,46.0,62.54,1.0
Apr-2026,RJE,UNIVERSITY HOSPITALS OF NORTH MIDLANDS NHS TRUST,C_140,Oral Surgery Service,3823.0,1950.0,1649.0,224.0,51.01,5.86
Apr-2026,R1D,SHROPSHIRE COMMUNITY HEALTH NHS TRUST,C_140,Oral Surgery Service,332.0,188.0,144.0,0.0,56.63,0.0
Apr-2026,RL1,THE ROBERT JONES AND AGNES HUNT ORTHOPAEDIC HOSPITAL NHS FOUNDATION TRUST,C_400,Neurology Service,94.0,63.0,31.0,0.0,67.02,0.0
Apr-2026,RXW,THE SHREWSBURY AND TELFORD HOSPITAL NHS TRUST,C_320,Cardiology Service,2592.0,1774.0,818.0,0.0,68.44,0.0
Apr-2026,RXW,THE SHREWSBURY AND TELFORD HOSPITAL NHS TRUST,C_301,Gastroenterology Service,1824.0,1526.0,298.0,0.0,83.66,0.0
Apr-2026,RXW,THE SHREWSBURY AND TELFORD HOSPITAL NHS TRUST,C_400,Neurology Service,14.0,13.0,1.0,0.0,92.86,0.0
Apr-2026,DXV,OMNES HEALTHCARE LTD,C_120,Ear Nose and Throat Service,12005.0,6902.0,4901.0,202.0,57.49,1.68
Apr-2026,DXV,OMNES HEALTHCARE LTD,C_330,Dermatology Service,1299.0,939.0,357.0,3.0,72.29,0.23
Apr-2026,NN5,MANCHESTER SURGICAL SERVICES LTD,C_999,Total,367.0,329.0,38.0,0.0,89.65,0.0
Apr-2026,NPG08,SPAMEDICA BOLTON,C_999,Total,782.0,748.0,34.0,0.0,95.65,0.0
Apr-2026,NT327,SPIRE MANCHESTER HOSPITAL,C_110,Trauma and Orthopaedic Service,503.0,364.0,139.0,0.0,72.37,0.0
Apr-2026,NT420,HIGHFIELD HOSPITAL,C_301,Gastroenterology Service,47.0,34.0,13.0,0.0,72.34,0.0
Apr-2026,R0A,MANCHESTER UNIVERSITY NHS FOUNDATION TRUST,C_502,Gynaecology Service,18391.0,9878.0,8374.0,139.0,53.71,0.76
Apr-2026,R0A,MANCHESTER UNIVERSITY NHS FOUNDATION TRUST,C_330,Dermatology Service,1523.0,1128.0,395.0,0.0,74.06,0.0
Apr-2026,RM3,NORTHERN CARE ALLIANCE NHS FOUNDATION TRUST,C_130,Ophthalmology Service,6255.0,3278.0,2675.0,302.0,52.41,4.83
Apr-2026,M5E1S,SPAMEDICA EXETER,C_999,Total,347.0,304.0,43.0,0.0,87.61,0.0
Apr-2026,N1M9Z,ACES EXETER,C_999,Total,49.0,38.0,11.0,0.0,77.55,0.0
Apr-2026,RH8,ROYAL DEVON UNIVERSITY HEALTHCARE NHS FOUNDATION TRUST,C_320,Cardiology Service,6495.0,3872.0,2460.0,163.0,59.62,2.51
Apr-2026,RH8,ROYAL DEVON UNIVERSITY HEALTHCARE NHS FOUNDATION TRUST,C_110,Trauma and Orthopaedic Service,10276.0,4847.0,4949.0,480.0,47.17,4.67
Apr-2026,RK9,UNIVERSITY HOSPITALS PLYMOUTH NHS TRUST,C_120,Ear Nose and Throat Service,4087.0,2876.0,1199.0,12.0,70.37,0.29
Apr-2026,NN8,SPENCER PRIVATE HOSPITALS LTD,C_110,Trauma and Orthopaedic Service,1390.0,820.0,556.0,14.0,58.99,1.01
Apr-2026,NT239,"NUFFIELD HEALTH, TUNBRIDGE WELLS HOSPITAL",C_101,Urology Service,6.0,6.0,0.0,0.0,100.0,0.0
Apr-2026,RN7,DARTFORD AND GRAVESHAM NHS TRUST,C_320,Cardiology Service,2720.0,1499.0,1219.0,2.0,55.11,0.07
Apr-2026,NT226,"NUFFIELD HEALTH, LEICESTER HOSPITAL",C_110,Trauma and Orthopaedic Service,452.0,363.0,74.0,15.0,80.31,3.32
Apr-2026,NT322,SPIRE LEICESTER HOSPITAL,C_999,Total,923.0,507.0,405.0,11.0,54.93,1.19
Apr-2026,NT406,BLACKHEATH HOSPITAL,C_150,Neurosurgical Service,8.0,7.0,1.0,0.0,87.5,0.0
Apr-2026,RJ1,GUY'S AND ST THOMAS' NHS FOUNDATION TRUST,C_140,Oral Surgery Service,5848.0,4704.0,1143.0,1.0,80.44,0.02
Apr-2026,RJ1,GUY'S AND ST THOMAS' NHS FOUNDATION TRUST,C_160,Plastic Surgery Service,3903.0,2004.0,1799.0,100.0,51.35,2.56
Apr-2026,RJ2,LEWISHAM AND GREENWICH NHS TRUST,C_120,Ear Nose and Throat Service,8805.0,4562.0,4043.0,200.0,51.81,2.27
Apr-2026,RJZ,KING'S COLLEGE HOSPITAL NHS FOUNDATION TRUST,X05,Other - Surgical Services,11088.0,7078.0,3678.0,332.0,63.83,2.99
Apr-2026,RVV,EAST KENT HOSPITALS UNIVERSITY NHS FOUNDATION TRUST,X02,Other - Medical Services,2961.0,2003.0,932.0,26.0,67.65,0.88
Apr-2026,RWF,MAIDSTONE AND TUNBRIDGE WELLS NHS TRUST,C_999,Total,48280.0,35820.0,12449.0,11.0,74.19,0.02
Apr-2026,RWF,MAIDSTONE AND TUNBRIDGE WELLS NHS TRUST,C_320,Cardiology Service,2467.0,1779.0,688.0,0.0,72.11,0.0
Apr-2026,RYY,KENT COMMUNITY HEALTH NHS FOUNDATION TRUST,X02,Other - Medical Services,1145.0,1145.0,0.0,0.0,100.0,0.0
Apr-2026,Z4F8Y,ACES DARTFORD,C_130,Ophthalmology Service,369.0,316.0,53.0,0.0,85.64,0.0
Apr-2026,NN4,TYNESIDE SURGICAL SERVICES LTD,C_110,Trauma and Orthopaedic Service,502.0,392.0,108.0,2.0,78.09,0.4
Apr-2026,NPG22,SPAMEDICA STOCKTON-ON-TEES,C_999,Total,499.0,464.0,35.0,0.0,92.99,0.0
Apr-2026,NVC0R,TEES VALLEY HOSPITAL,C_101,Urology Service,480.0,323.0,157.0,0.0,67.29,0.0
Apr-2026,RLQ,WYE VALLEY NHS TRUST,C_100,General Surgery Service,738.0,464.0,273.0,1.0,62.87,0.14
Apr-2026,RWP,WORCESTERSHIRE ACUTE HOSPITALS NHS TRUST,C_502,Gynaecology Service,5695.0,3358.0,2337.0,0.0,58.96,0.0
Apr-2026,M2Y6D,PRACTICE PLUS GROUP HOSPITAL BIRMINGHAM,C_100,General Surgery Service,91.0,87.0,4.0,0.0,95.6,0.0
Apr-2026,M2Y6D,PRACTICE PLUS GROUP HOSPITAL BIRMINGHAM,C_101,Urology Service,206.0,196.0,10.0,0.0,95.15,0.0
Apr-2026,RRJ,THE ROYAL ORTHOPAEDIC HOSPITAL NHS FOUNDATION TRUST,X02,Other - Medical Services,1014.0,712.0,300.0,2.0,70.22,0.2
Apr-2026,RRK,UNIVERSITY HOSPITALS BIRMINGHAM NHS FOUNDATION TRUST,X06,Other - Other Services,2156.0,1698.0,450.0,8.0,78.76,0.37
Apr-2026,RRK,UNIVERSITY HOSPITALS BIRMINGHAM NHS FOUNDATION TRUST,X03,Other - Mental Health Services,38.0,32.0,6.0,0.0,84.21,0.0
Apr-2026,RNN,NORTH CUMBRIA INTEGRATED CARE NHS FOUNDATION TRUST,C_140,Oral Surgery Service,939.0,726.0,213.0,0.0,77.32,0.0
Apr-2026,RTD,THE NEWCASTLE UPON TYNE HOSPITALS NHS FOUNDATION TRUST,C_120,Ear Nose and Throat Service,8033.0,6083.0,1927.0,23.0,75.73,0.29
Apr-2026,RTF,NORTHUMBRIA HEALTHCARE NHS FOUNDATION TRUST,C_160,Plastic Surgery Service,2456.0,1858.0,598.0,0.0,75.65,0.0
Apr-2026,RTF,NORTHUMBRIA HEALTHCARE NHS FOUNDATION TRUST,C_999,Total,37392.0,30666.0,6726.0,0.0,82.01,0.0
Apr-2026,RTR,SOUTH TEES HOSPITALS NHS FOUNDATION TRUST,C_400,Neurology Service,2324.0,1136.0,1070.0,118.0,48.88,5.08
Apr-2026,RTR,SOUTH TEES HOSPITALS NHS FOUNDATION TRUST,X06,Other - Other Services,313.0,290.0,23.0,0.0,92.65,0.0
Apr-2026,RVW,NORTH TEES AND HARTLEPOOL NHS FOUNDATION TRUST,C_100,General Surgery Service,2542.0,1495.0,1019.0,28.0,58.81,1.1
Apr-2026,RVW,NORTH TEES AND HARTLEPOOL NHS FOUNDATION TRUST,C_110,Trauma and Orthopaedic Service,6400.0,5324.0,1060.0,16.0,83.19,0.25
Apr-2026,RXP,COUNTY DURHAM AND DARLINGTON NHS FOUNDATION TRUST,C_320,Cardiology Service,1399.0,1136.0,263.0,0.0,81.2,0.0
Apr-2026,NEY,PIONEER HEALTHCARE LIMITED,C_150,Neurosurgical Service,100.0,61.0,30.0,9.0,61.0,9.0
Apr-2026,NT304,SPIRE SOUTHAMPTON HOSPITAL,C_110,Trauma and Orthopaedic Service,270.0,67.0,197.0,6.0,24.81,2.22
Apr-2026,NT345,SPIRE CLARE PARK HOSPITAL,C_100,General Surgery Service,74.0,41.0,33.0,0.0,55.41,0.0
Apr-2026,NTPAD,PRACTICE PLUS GROUP SURGICAL CENTRE - ST MARYS PORTSMOUTH,C_101,Urology Service,93.0,91.0,2.0,0.0,97.85,0.0
Apr-2026,R1F,ISLE OF WIGHT NHS TRUST,C_502,Gynaecology Service,868.0,737.0,131.0,0.0,84.91,0.0
Apr-2026,RHM,UNIVERSITY HOSPITAL SOUTHAMPTON NHS FOUNDATION TRUST,C_300,General Internal Medicine Service,123.0,107.0,16.0,0.0,86.99,0.0
Apr-2026,NVC04,DUCHY HOSPITAL,C_999,Total,1736.0,1074.0,651.0,11.0,61.87,0.63
Apr-2026,DXN,MODALITY LLP,C_110,Trauma and Orthopaedic Service,762.0,0.0,714.0,48.0,0.0,6.3
Apr-2026,NT242,"NUFFIELD HEALTH, WOLVERHAMPTON HOSPITAL",C_110,Trauma and Orthopaedic Service,206.0,158.0,48.0,0.0,76.7,0.0
Apr-2026,RBK,WALSALL HEALTHCARE NHS TRUST,C_301,Gastroenterology Service,1307.0,1116.0,191.0,0.0,85.39,0.0
Apr-2026,RBK,WALSALL HEALTHCARE NHS TRUST,C_320,Cardiology Service,1790.0,1701.0,89.0,0.0,95.03,0.0
Apr-2026,RHU,PORTSMOUTH HOSPITALS UNIVERSITY NHS TRUST,C_110,Trauma and Orthopaedic Service,5513.0,2864.0,2568.0,81.0,51.95,1.47
Apr-2026,RHU,PORTSMOUTH HOSPITALS UNIVERSITY NHS TRUST,C_301,Gastroenterology Service,3892.0,2537.0,1241.0,114.0,65.18,2.93
Apr-2026,RHU,PORTSMOUTH HOSPITALS UNIVERSITY NHS TRUST,C_999,Total,56582.0,33474.0,21009.0,2099.0,59.16,3.71
Apr-2026,RN5,HAMPSHIRE HOSPITALS NHS FOUNDATION TRUST,X04,Other - Paediatric Services,1595.0,1328.0,252.0,15.0,83.26,0.94
Apr-2026,RN5,HAMPSHIRE HOSPITALS NHS FOUNDATION TRUST,C_999,Total,48812.0,31371.0,16179.0,1262.0,64.27,2.59
Apr-2026,RW1,HAMPSHIRE AND ISLE OF WIGHT HEALTHCARE NHS FOUNDATION TRUST,C_300,General Internal Medicine Service,239.0,235.0,4.0,0.0,98.33,0.0
Apr-2026,Y7W8F,ACES SOUTHAMPTON - EAST ST,C_999,Total,15.0,14.0,1.0,0.0,93.33,0.0
Apr-2026,NT238,"NUFFIELD HEALTH, TAUNTON HOSPITAL",C_110,Trauma and Orthopaedic Service,533.0,311.0,219.0,3.0,58.35,0.56
Apr-2026,NTPH1,PRACTICE PLUS GROUP HOSPITAL - SHEPTON MALLET,C_301,Gastroenterology Service,144.0,144.0,0.0,0.0,100.0,0.0
Apr-2026,RH5,SOMERSET NHS FOUNDATION TRUST,C_160,Plastic Surgery Service,100.0,88.0,11.0,1.0,88.0,1.0
Apr-2026,RK5,SHERWOOD FOREST HOSPITALS NHS FOUNDATION TRUST,C_120,Ear Nose and Throat Service,3479.0,2262.0,1179.0,38.0,65.02,1.09
Apr-2026,RX1,NOTTINGHAM UNIVERSITY HOSPITALS NHS TRUST,C_100,General Surgery Service,992.0,589.0,381.0,22.0,59.38,2.22
Apr-2026,RL4,THE ROYAL WOLVERHAMPTON NHS TRUST,X02,Other - Medical Services,6519.0,4611.0,1881.0,27.0,70.73,0.41
Apr-2026,RL4,THE ROYAL WOLVERHAMPTON NHS TRUST,C_110,Trauma and Orthopaedic Service,6804.0,4445.0,2252.0,107.0,65.33,1.57
Apr-2026,RNA,THE DUDLEY GROUP NHS FOUNDATION TRUST,C_160,Plastic Surgery Service,1723.0,1030.0,693.0,0.0,59.78,0.0
Apr-2026,RNA,THE DUDLEY GROUP NHS FOUNDATION TRUST,C_301,Gastroenterology Service,2239.0,1345.0,893.0,1.0,60.07,0.04
Apr-2026,RXK,SANDWELL AND WEST BIRMINGHAM HOSPITALS NHS TRUST,C_160,Plastic Surgery Service,614.0,385.0,229.0,0.0,62.7,0.0
Apr-2026,NTPH2,PRACTICE PLUS GROUP HOSPITAL - EMERSONS GREEN,C_301,Gastroenterology Service,469.0,469.0,0.0,0.0,100.0,0.0
Apr-2026,NTPH2,PRACTICE PLUS GROUP HOSPITAL - EMERSONS GREEN,C_100,General Surgery Service,287.0,228.0,59.0,0.0,79.44,0.0
Apr-2026,RA7,UNIVERSITY HOSPITALS BRISTOL AND WESTON NHS FOUNDATION TRUST,C_110,Trauma and Orthopaedic Service,1580.0,1080.0,499.0,1.0,68.35,0.06
Apr-2026,RVJ,NORTH BRISTOL NHS TRUST,C_502,Gynaecology Service,4765.0,3302.0,1457.0,6.0,69.3,0.13
Apr-2026,NT202,"NUFFIELD HEALTH, BOURNEMOUTH HOSPITAL",C_110,Trauma and Orthopaedic Service,411.0,258.0,153.0,0.0,62.77,0.0
Apr-2026,RNQ,KETTERING GENERAL HOSPITAL NHS FOUNDATION TRUST,C_100,General Surgery Service,1743.0,1125.0,614.0,4.0,64.54,0.23
Apr-2026,RNQ,KETTERING GENERAL HOSPITAL NHS FOUNDATION TRUST,C_320,Cardiology Service,1402.0,1214.0,188.0,0.0,86.59,0.0
Apr-2026,RNQ,KETTERING GENERAL HOSPITAL NHS FOUNDATION TRUST,X06,Other - Other Services,25.0,25.0,0.0,0.0,100.0,0.0
Apr-2026,RNS,NORTHAMPTON GENERAL HOSPITAL NHS TRUST,C_140,Oral Surgery Service,2433.0,1166.0,1239.0,28.0,47.92,1.15
Apr-2026,RNS,NORTHAMPTON GENERAL HOSPITAL NHS TRUST,C_320,Cardiology Service,3595.0,2335.0,1260.0,0.0,64.95,0.0
Apr-2026,RNS,NORTHAMPTON GENERAL HOSPITAL NHS TRUST,C_340,Respiratory Medicine Service,1858.0,1668.0,190.0,0.0,89.77,0.0
Apr-2026,RNS,NORTHAMPTON GENERAL HOSPITAL NHS TRUST,X04,Other - Paediatric Services,396.0,277.0,114.0,5.0,69.95,1.26
Apr-2026,AAH,TETBURY HOSPITAL TRUST LTD,C_140,Oral Surgery Service,16.0,13.0,3.0,0.0,81.25,0.0
Apr-2026,RMC,BOLTON NHS FOUNDATION TRUST,C_130,Ophthalmology Service,4861.0,3653.0,1171.0,37.0,75.15,0.76
Apr-2026,RMC,BOLTON NHS FOUNDATION TRUST,X02,Other - Medical Services,2466.0,1681.0,780.0,5.0,68.17,0.2
Apr-2026,RMC,BOLTON NHS FOUNDATION TRUST,C_110,Trauma and Orthopaedic Service,2259.0,1163.0,1045.0,51.0,51.48,2.26
Apr-2026,RMC,BOLTON NHS FOUNDATION TRUST,C_160,Plastic Surgery Service,698.0,279.0,373.0,46.0,39.97,6.59
Apr-2026,RMP,TAMESIDE AND GLOSSOP INTEGRATED CARE NHS FOUNDATION TRUST,C_301,Gastroenterology Service,1041.0,938.0,103.0,0.0,90.11,0.0
Apr-2026,RRF,"WRIGHTINGTON, WIGAN AND LEIGH TEACHING HOSPITALS NHS FOUNDATION TRUST",C_100,General Surgery Service,2008.0,970.0,927.0,111.0,48.31,5.53
Apr-2026,RWJ,STOCKPORT NHS FOUNDATION TRUST,X05,Other - Surgical Services,230.0,102.0,128.0,0.0,44.35,0.0
Apr-2026,RWJ,STOCKPORT NHS FOUNDATION TRUST,C_300,General Internal Medicine Service,2.0,2.0,0.0,0.0,100.0,0.0
Apr-2026,RWJ,STOCKPORT NHS FOUNDATION TRUST,C_170,Cardiothoracic Surgery Service,3.0,3.0,0.0,0.0,100.0,0.0
Apr-2026,NT245,"NUFFIELD HEALTH, YORK HOSPITAL",C_101,Urology Service,42.0,34.0,8.0,0.0,80.95,0.0
Apr-2026,NTE02,ST HUGH'S HOSPITAL,C_110,Trauma and Orthopaedic Service,1427.0,1132.0,290.0,5.0,79.33,0.35
Apr-2026,NTE02,ST HUGH'S HOSPITAL,C_101,Urology Service,88.0,67.0,20.0,1.0,76.14,1.14
Apr-2026,RCB,YORK AND SCARBOROUGH TEACHING HOSPITALS NHS FOUNDATION TRUST,C_502,Gynaecology Service,3523.0,1768.0,1744.0,11.0,50.18,0.31
Apr-2026,RCB,YORK AND SCARBOROUGH TEACHING HOSPITALS NHS FOUNDATION TRUST,X04,Other - Paediatric Services,8.0,8.0,0.0,0.0,100.0,0.0
Apr-2026,RCD,HARROGATE AND DISTRICT NHS FOUNDATION TRUST,C_120,Ear Nose and Throat Service,2432.0,1773.0,659.0,0.0,72.9,0.0
Apr-2026,RCD,HARROGATE AND DISTRICT NHS FOUNDATION TRUST,C_330,Dermatology Service,1608.0,1542.0,66.0,0.0,95.9,0.0
Apr-2026,RCD,HARROGATE AND DISTRICT NHS FOUNDATION TRUST,C_300,General Internal Medicine Service,1.0,1.0,0.0,0.0,100.0,0.0
Apr-2026,RWA,HULL UNIVERSITY TEACHING HOSPITALS NHS TRUST,C_140,Oral Surgery Service,2772.0,1307.0,1369.0,96.0,47.15,3.46
Apr-2026,DFY01,COTSWOLDS SURGICAL PARTNERS,C_330,Dermatology Service,91.0,90.0,1.0,0.0,98.9,0.0
Apr-2026,G3Z1Q,SULIS HOSPITAL BATH (FOXCOTE AVENUE),C_301,Gastroenterology Service,52.0,51.0,1.0,0.0,98.08,0.0
Apr-2026,G3Z1Q,SULIS HOSPITAL BATH (FOXCOTE AVENUE),C_502,Gynaecology Service,191.0,157.0,34.0,0.0,82.2,0.0
Apr-2026,NT402,BATH CLINIC,C_999,Total,669.0,497.0,172.0,0.0,74.29,0.0
Apr-2026,NTPH3,PRACTICE PLUS GROUP SURGICAL CENTRE - DEVIZES,C_101,Urology Service,102.0,74.0,28.0,0.0,72.55,0.0
Apr-2026,RD1,ROYAL UNITED HOSPITALS BATH NHS FOUNDATION TRUST,C_120,Ear Nose and Throat Service,2881.0,1720.0,1140.0,21.0,59.7,0.73
Apr-2026,RD1,ROYAL UNITED HOSPITALS BATH NHS FOUNDATION TRUST,C_410,Rheumatology Service,1480.0,996.0,484.0,0.0,67.3,0.0
Apr-2026,RD1,ROYAL UNITED HOSPITALS BATH NHS FOUNDATION TRUST,C_430,Elderly Medicine Service,149.0,143.0,6.0,0.0,95.97,0.0
Apr-2026,RNZ,SALISBURY NHS FOUNDATION TRUST,C_110,Trauma and Orthopaedic Service,2838.0,2013.0,823.0,2.0,70.93,0.07
Apr-2026,RNZ,SALISBURY NHS FOUNDATION TRUST,C_301,Gastroenterology Service,1639.0,1152.0,484.0,3.0,70.29,0.18
Apr-2026,RNZ,SALISBURY NHS FOUNDATION TRUST,C_320,Cardiology Service,2031.0,1223.0,790.0,18.0,60.22,0.89
Apr-2026,F9Z4V,CIRCLE READING HOSPITAL,C_999,Total,1599.0,1229.0,365.0,5.0,76.86,0.31
Apr-2026,F9Z4V,CIRCLE READING HOSPITAL,C_301,Gastroenterology Service,8.0,8.0,0.0,0.0,100.0,0.0
Apr-2026,NT244,NUFFIELD HOSPITAL OXFORD (THE MANOR),C_110,Trauma and Orthopaedic Service,82.0,71.0,11.0,0.0,86.59,0.0
Apr-2026,NVC02,THE BERKSHIRE INDEPENDENT HOSPITAL,C_999,Total,1139.0,867.0,265.0,7.0,76.12,0.61
Apr-2026,RHW,ROYAL BERKSHIRE NHS FOUNDATION TRUST,X04,Other - Paediatric Services,1570.0,1359.0,211.0,0.0,86.56,0.0
Apr-2026,NT325,SPIRE MURRAYFIELD HOSPITAL,X05,Other - Surgical Services,61.0,39.0,21.0,1.0,63.93,1.64
Apr-2026,RBL,WIRRAL UNIVERSITY TEACHING HOSPITAL NHS FOUNDATION TRUST,C_101,Urology Service,2079.0,1547.0,530.0,2.0,74.41,0.1
Apr-2026,RBL,WIRRAL UNIVERSITY TEACHING HOSPITAL NHS FOUNDATION TRUST,X04,Other - Paediatric Services,2367.0,1864.0,502.0,1.0,78.75,0.04
Apr-2026,RBN,MERSEY AND WEST LANCASHIRE TEACHING HOSPITALS NHS TRUST,X02,Other - Medical Services,7731.0,5266.0,2407.0,58.0,68.12,0.75
Apr-2026,REM,LIVERPOOL UNIVERSITY HOSPITALS NHS FOUNDATION TRUST,C_300,General Internal Medicine Service,48.0,45.0,3.0,0.0,93.75,0.0
Apr-2026,RET,THE WALTON CENTRE NHS FOUNDATION TRUST,C_150,Neurosurgical Service,3498.0,2360.0,1084.0,54.0,67.47,1.54
Apr-2026,RET,THE WALTON CENTRE NHS FOUNDATION TRUST,C_130,Ophthalmology Service,4.0,4.0,0.0,0.0,100.0,0.0
Apr-2026,RJR,COUNTESS OF CHESTER HOSPITAL NHS FOUNDATION TRUST,C_160,Plastic Surgery Service,877.0,585.0,274.0,18.0,66.7,2.05
Apr-2026,RJR,COUNTESS OF CHESTER HOSPITAL NHS FOUNDATION TRUST,C_320,Cardiology Service,630.0,531.0,99.0,0.0,84.29,0.0
Apr-2026,RJR,COUNTESS OF CHESTER HOSPITAL NHS FOUNDATION TRUST,C_300,General Internal Medicine Service,59.0,58.0,1.0,0.0,98.31,0.0
Apr-2026,RTH,OXFORD UNIVERSITY HOSPITALS NHS FOUNDATION TRUST,C_150,Neurosurgical Service,1145.0,866.0,272.0,7.0,75.63,0.61
Apr-2026,RTH,OXFORD UNIVERSITY HOSPITALS NHS FOUNDATION TRUST,C_999,Total,90141.0,55955.0,32589.0,1597.0,62.07,1.77
Apr-2026,RTH,OXFORD UNIVERSITY HOSPITALS NHS FOUNDATION TRUST,C_300,General Internal Medicine Service,43.0,32.0,11.0,0.0,74.42,0.0
Apr-2026,RXQ,BUCKINGHAMSHIRE HEALTHCARE NHS TRUST,C_120,Ear Nose and Throat Service,4515.0,2639.0,1876.0,0.0,58.45,0.0
Apr-2026,RXQ,BUCKINGHAMSHIRE HEALTHCARE NHS TRUST,C_502,Gynaecology Service,3809.0,1936.0,1854.0,19.0,50.83,0.5
Apr-2026,RXQ,BUCKINGHAMSHIRE HEALTHCARE NHS TRUST,X05,Other - Surgical Services,1345.0,1058.0,287.0,0.0,78.66,0.0
Apr-2026,NT315,SPIRE BUSHEY HOSPITAL,C_110,Trauma and Orthopaedic Service,544.0,496.0,48.0,0.0,91.18,0.0
Apr-2026,NT315,SPIRE BUSHEY HOSPITAL,C_502,Gynaecology Service,1.0,1.0,0.0,0.0,100.0,0.0
Apr-2026,NT317,SPIRE CAMBRIDGE LEA HOSPITAL,C_999,Total,309.0,183.0,124.0,2.0,59.22,0.65
Apr-2026,NT423,MANOR HOSPITAL,C_110,Trauma and Orthopaedic Service,377.0,133.0,240.0,4.0,35.28,1.06
Apr-2026,NT434,SAXON CLINIC,X06,Other - Other Services,2.0,1.0,1.0,0.0,50.0,0.0
Apr-2026,NVC15,PINEHILL HOSPITAL,X02,Other - Medical Services,151.0,96.0,53.0,2.0,63.58,1.32
Apr-2026,RGP,JAMES PAGET UNIVERSITY HOSPITALS NHS FOUNDATION TRUST,C_120,Ear Nose and Throat Service,3658.0,1459.0,1703.0,496.0,39.89,13.56
Apr-2026,RGP,JAMES PAGET UNIVERSITY HOSPITALS NHS FOUNDATION TRUST,C_300,General Internal Medicine Service,26.0,20.0,6.0,0.0,76.92,0.0
Apr-2026,RGR,WEST SUFFOLK NHS FOUNDATION TRUST,C_301,Gastroenterology Service,903.0,644.0,254.0,5.0,71.32,0.55
Apr-2026,RGR,WEST SUFFOLK NHS FOUNDATION TRUST,C_502,Gynaecology Service,3067.0,1654.0,1294.0,119.0,53.93,3.88
Apr-2026,RM1,NORFOLK AND NORWICH UNIVERSITY HOSPITALS NHS FOUNDATION TRUST,C_130,Ophthalmology Service,5953.0,3987.0,1911.0,55.0,66.97,0.92
Apr-2026,RM1,NORFOLK AND NORWICH UNIVERSITY HOSPITALS NHS FOUNDATION TRUST,C_320,Cardiology Service,3881.0,2450.0,1376.0,55.0,63.13,1.42
Apr-2026,RM1,NORFOLK AND NORWICH UNIVERSITY HOSPITALS NHS FOUNDATION TRUST,X06,Other - Other Services,738.0,606.0,130.0,2.0,82.11,0.27
Apr-2026,A9P5F,ACES WHITE CITY,C_999,Total,110.0,86.0,24.0,0.0,78.18,0.0
Apr-2026,AY1,MEDEFER,C_999,Total,256.0,221.0,35.0,0.0,86.33,0.0
Apr-2026,NT421,KINGS OAK HOSPITAL,C_502,Gynaecology Service,38.0,29.0,9.0,0.0,76.32,0.0
Apr-2026,RAL,ROYAL FREE LONDON NHS FOUNDATION TRUST,C_410,Rheumatology Service,3008.0,1827.0,1178.0,3.0,60.74,0.1
Apr-2026,RAL,ROYAL FREE LONDON NHS FOUNDATION TRUST,C_330,Dermatology Service,10125.0,7524.0,2580.0,21.0,74.31,0.21
Apr-2026,RAL,ROYAL FREE LONDON NHS FOUNDATION TRUST,X04,Other - Paediatric Services,6186.0,3813.0,2264.0,109.0,61.64,1.76
Apr-2026,RAN,ROYAL NATIONAL ORTHOPAEDIC HOSPITAL NHS TRUST,C_999,Total,8622.0,6073.0,2542.0,7.0,70.44,0.08
Apr-2026,RAS,THE HILLINGDON HOSPITALS NHS FOUNDATION TRUST,C_120,Ear Nose and Throat Service,3855.0,1739.0,2023.0,93.0,45.11,2.41
Apr-2026,RAS,THE HILLINGDON HOSPITALS NHS FOUNDATION TRUST,C_330,Dermatology Service,851.0,799.0,52.0,0.0,93.89,0.0
Apr-2026,RAS,THE HILLINGDON HOSPITALS NHS FOUNDATION TRUST,X04,Other - Paediatric Services,970.0,711.0,258.0,1.0,73.3,0.1
Apr-2026,RPY,THE ROYAL MARSDEN NHS FOUNDATION TRUST,C_101,Urology Service,65.0,63.0,2.0,0.0,96.92,0.0
Apr-2026,RQM,CHELSEA AND WESTMINSTER HOSPITAL NHS FOUNDATION TRUST,C_430,Elderly Medicine Service,269.0,238.0,31.0,0.0,88.48,0.0
Apr-2026,RBD,DORSET COUNTY HOSPITAL NHS FOUNDATION TRUST,C_110,Trauma and Orthopaedic Service,3466.0,1424.0,1861.0,181.0,41.08,5.22
Apr-2026,NT3X3,SPIRE ST ANTHONY'S HOSPITAL,C_999,Total,1026.0,950.0,73.0,3.0,92.59,0.29
Apr-2026,RAX,KINGSTON AND RICHMOND NHS FOUNDATION TRUST,C_330,Dermatology Service,3509.0,1699.0,1807.0,3.0,48.42,0.09
Apr-2026,RAX,KINGSTON AND RICHMOND NHS FOUNDATION TRUST,C_100,General Surgery Service,1421.0,843.0,577.0,1.0,59.32,0.07
Apr-2026,C9A7J,NEWMEDICA - BRADFORD & HUDDERSFIELD,C_130,Ophthalmology Service,630.0,591.0,39.0,0.0,93.81,0.0
Apr-2026,NT332,SPIRE LEEDS HOSPITAL,C_100,General Surgery Service,189.0,178.0,11.0,0.0,94.18,0.0
Apr-2026,NT332,SPIRE LEEDS HOSPITAL,X05,Other - Surgical Services,1.0,1.0,0.0,0.0,100.0,0.0
Apr-2026,NT348,SPIRE ELLAND HOSPITAL,C_100,General Surgery Service,291.0,236.0,55.0,0.0,81.1,0.0
Apr-2026,NT448,HUDDERSFIELD PRIVATE HOSPITAL,X06,Other - Other Services,35.0,34.0,1.0,0.0,97.14,0.0
Apr-2026,NVC20,THE YORKSHIRE CLINIC,C_130,Ophthalmology Service,909.0,845.0,64.0,0.0,92.96,0.0
Apr-2026,RAE,BRADFORD TEACHING HOSPITALS NHS FOUNDATION TRUST,C_400,Neurology Service,1246.0,696.0,550.0,0.0,55.86,0.0
Apr-2026,RJ6,CROYDON HEALTH SERVICES NHS TRUST,C_101,Urology Service,1504.0,1359.0,145.0,0.0,90.36,0.0
Apr-2026,RJ7,ST GEORGE'S UNIVERSITY HOSPITALS NHS FOUNDATION TRUST,X04,Other - Paediatric Services,3134.0,2248.0,878.0,8.0,71.73,0.26
Apr-2026,RVR,EPSOM AND ST HELIER UNIVERSITY HOSPITALS NHS TRUST,C_340,Respiratory Medicine Service,1242.0,835.0,370.0,37.0,67.23,2.98
Apr-2026,RVR,EPSOM AND ST HELIER UNIVERSITY HOSPITALS NHS TRUST,C_400,Neurology Service,1818.0,980.0,802.0,36.0,53.91,1.98
Apr-2026,RVR,EPSOM AND ST HELIER UNIVERSITY HOSPITALS NHS TRUST,C_150,Neurosurgical Service,1.0,1.0,0.0,0.0,100.0,0.0
Apr-2026,RCF,AIREDALE NHS FOUNDATION TRUST,X05,Other - Surgical Services,65.0,31.0,34.0,0.0,47.69,0.0
Apr-2026,RCF,AIREDALE NHS FOUNDATION TRUST,X06,Other - Other Services,1.0,1.0,0.0,0.0,100.0,0.0
Apr-2026,RXF,MID YORKSHIRE TEACHING NHS TRUST,C_130,Ophthalmology Service,4775.0,3368.0,1386.0,21.0,70.53,0.44
Apr-2026,RXF,MID YORKSHIRE TEACHING NHS TRUST,C_100,General Surgery Service,1645.0,1058.0,585.0,2.0,64.32,0.12
Apr-2026,RXF,MID YORKSHIRE TEACHING NHS TRUST,X06,Other - Other Services,509.0,406.0,103.0,0.0,79.76,0.0
Apr-2026,RKB,UNIVERSITY HOSPITALS COVENTRY AND WARWICKSHIRE NHS TRUST,C_150,Neurosurgical Service,5666.0,2595.0,2960.0,111.0,45.8,1.96
Apr-2026,RKB,UNIVERSITY HOSPITALS COVENTRY AND WARWICKSHIRE NHS TRUST,C_410,Rheumatology Service,627.0,604.0,23.0,0.0,96.33,0.0
Apr-2026,RLT,GEORGE ELIOT HOSPITAL NHS TRUST,C_120,Ear Nose and Throat Service,2244.0,913.0,1255.0,76.0,40.69,3.39
Apr-2026,RLT,GEORGE ELIOT HOSPITAL NHS TRUST,C_999,Total,19569.0,12622.0,6814.0,133.0,64.5,0.68
Apr-2026,F1Y1H,NEWMEDICA - CHESHIRE OAKS,C_130,Ophthalmology Service,582.0,379.0,199.0,4.0,65.12,0.69
Apr-2026,F1Y1H,NEWMEDICA - CHESHIRE OAKS,C_999,Total,582.0,379.0,199.0,4.0,65.12,0.69
Apr-2026,S3H9L,THE HAMPTONS HOSPITAL LTD,C_340,Respiratory Medicine Service,197.0,99.0,98.0,0.0,50.25,0.0
Apr-2026,D5P5H,SPAMEDICA BEXHILL,C_999,Total,231.0,215.0,16.0,0.0,93.07,0.0
Apr-2026,NNE,DORKING HEALTHCARE LIMITED (DHC),X06,Other - Other Services,65.0,61.0,4.0,0.0,93.85,0.0
Apr-2026,NT205,"NUFFIELD HEALTH, BRIGHTON HOSPITAL",C_110,Trauma and Orthopaedic Service,274.0,205.0,69.0,0.0,74.82,0.0
Apr-2026,NT212,"NUFFIELD HEALTH, CHICHESTER HOSPITAL",C_110,Trauma and Orthopaedic Service,351.0,248.0,101.0,2.0,70.66,0.57
Apr-2026,NT308,SPIRE GATWICK PARK HOSPITAL,C_100,General Surgery Service,74.0,58.0,16.0,0.0,78.38,0.0
Apr-2026,NVC11,NORTH DOWNS HOSPITAL,C_160,Plastic Surgery Service,18.0,12.0,5.0,1.0,66.67,5.56
Apr-2026,NX501,ANGLIA COMMUNITY EYE SERVICE LTD,C_999,Total,566.0,495.0,70.0,1.0,87.46,0.18
Apr-2026,RC9,BEDFORDSHIRE HOSPITALS NHS FOUNDATION TRUST,C_330,Dermatology Service,7405.0,4271.0,3133.0,1.0,57.68,0.01
Apr-2026,RC9,BEDFORDSHIRE HOSPITALS NHS FOUNDATION TRUST,C_340,Respiratory Medicine Service,3367.0,2347.0,1020.0,0.0,69.71,0.0
Apr-2026,RC9,BEDFORDSHIRE HOSPITALS NHS FOUNDATION TRUST,C_410,Rheumatology Service,1044.0,953.0,91.0,0.0,91.28,0.0
Apr-2026,RGM,ROYAL PAPWORTH HOSPITAL NHS FOUNDATION TRUST,C_999,Total,5271.0,4122.0,1124.0,25.0,78.2,0.47
Apr-2026,RGN,NORTH WEST ANGLIA NHS FOUNDATION TRUST,X04,Other - Paediatric Services,801.0,565.0,236.0,0.0,70.54,0.0
Apr-2026,RGN,NORTH WEST ANGLIA NHS FOUNDATION TRUST,C_140,Oral Surgery Service,2777.0,1336.0,1435.0,6.0,48.11,0.22
Apr-2026,RGN,NORTH WEST ANGLIA NHS FOUNDATION TRUST,C_300,General Internal Medicine Service,79.0,78.0,1.0,0.0,98.73,0.0
Apr-2026,RGT,CAMBRIDGE UNIVERSITY HOSPITALS NHS FOUNDATION TRUST,C_999,Total,59754.0,37901.0,20913.0,940.0,63.43,1.57
Apr-2026,RWG,WEST HERTFORDSHIRE TEACHING HOSPITALS NHS TRUST,C_100,General Surgery Service,3418.0,1988.0,1405.0,25.0,58.16,0.73
Apr-2026,RWG,WEST HERTFORDSHIRE TEACHING HOSPITALS NHS TRUST,X04,Other - Paediatric Services,1783.0,1024.0,698.0,61.0,57.43,3.42
Apr-2026,RWH,EAST AND NORTH HERTFORDSHIRE TEACHING NHS TRUST,C_120,Ear Nose and Throat Service,5810.0,3413.0,2342.0,55.0,58.74,0.95
Apr-2026,RA2,ROYAL SURREY NHS FOUNDATION TRUST,X04,Other - Paediatric Services,521.0,487.0,34.0,0.0,93.47,0.0
Apr-2026,RDU,FRIMLEY HEALTH NHS FOUNDATION TRUST,C_101,Urology Service,4730.0,2923.0,1791.0,16.0,61.8,0.34
Apr-2026,RDU,FRIMLEY HEALTH NHS FOUNDATION TRUST,C_130,Ophthalmology Service,4372.0,3162.0,1209.0,1.0,72.32,0.02
Apr-2026,RDU,FRIMLEY HEALTH NHS FOUNDATION TRUST,C_320,Cardiology Service,3461.0,2441.0,1020.0,0.0,70.53,0.0
Apr-2026,RDU,FRIMLEY HEALTH NHS FOUNDATION TRUST,C_400,Neurology Service,3570.0,1492.0,1921.0,157.0,41.79,4.4
Apr-2026,RTK,ASHFORD AND ST PETER'S HOSPITALS NHS FOUNDATION TRUST,C_502,Gynaecology Service,3412.0,1876.0,1524.0,12.0,54.98,0.35
Apr-2026,RTP,SURREY AND SUSSEX HEALTHCARE NHS TRUST,C_340,Respiratory Medicine Service,1040.0,761.0,279.0,0.0,73.17,0.0
Apr-2026,RTP,SURREY AND SUSSEX HEALTHCARE NHS TRUST,X06,Other - Other Services,339.0,322.0,14.0,3.0,94.99,0.88
Apr-2026,RTP,SURREY AND SUSSEX HEALTHCARE NHS TRUST,X04,Other - Paediatric Services,1708.0,1344.0,364.0,0.0,78.69,0.0
Apr-2026,RXC,EAST SUSSEX HEALTHCARE NHS TRUST,C_100,General Surgery Service,5086.0,3250.0,1809.0,27.0,63.9,0.53
Apr-2026,RXC,EAST SUSSEX HEALTHCARE NHS TRUST,C_101,Urology Service,4703.0,2749.0,1880.0,74.0,58.45,1.57
Apr-2026,RXC,EAST SUSSEX HEALTHCARE NHS TRUST,C_110,Trauma and Orthopaedic Service,9512.0,7290.0,2101.0,121.0,76.64,1.27
Apr-2026,RXC,EAST SUSSEX HEALTHCARE NHS TRUST,C_400,Neurology Service,2101.0,1440.0,656.0,5.0,68.54,0.24
Apr-2026,RXC,EAST SUSSEX HEALTHCARE NHS TRUST,C_140,Oral Surgery Service,2034.0,1027.0,988.0,19.0,50.49,0.93
Apr-2026,RXC,EAST SUSSEX HEALTHCARE NHS TRUST,C_430,Elderly Medicine Service,160.0,153.0,7.0,0.0,95.63,0.0
Apr-2026,RYR,UNIVERSITY HOSPITALS SUSSEX NHS FOUNDATION TRUST,C_101,Urology Service,6205.0,3324.0,2666.0,215.0,53.57,3.46
Apr-2026,RYR,UNIVERSITY HOSPITALS SUSSEX NHS FOUNDATION TRUST,X04,Other - Paediatric Services,5923.0,3855.0,1875.0,193.0,65.09,3.26
Apr-2026,RYR,UNIVERSITY HOSPITALS SUSSEX NHS FOUNDATION TRUST,C_410,Rheumatology Service,1169.0,726.0,441.0,2.0,62.1,0.17
Apr-2026,H3W7Q,ACES CHELMSFORD,C_999,Total,60.0,50.0,10.0,0.0,83.33,0.0
Apr-2026,H4I8B,NUFFIELD HEALTH THE HOLLY HOSPITAL,C_320,Cardiology Service,65.0,65.0,0.0,0.0,100.0,0.0
Apr-2026,NQX,PROVIDE ENTERPRISES,C_110,Trauma and Orthopaedic Service,190.0,190.0,0.0,0.0,100.0,0.0
Apr-2026,NT204,"NUFFIELD HEALTH, BRENTWOOD HOSPITAL",C_110,Trauma and Orthopaedic Service,613.0,367.0,209.0,37.0,59.87,6.04
Apr-2026,NVC13,OAKS HOSPITAL,X02,Other - Medical Services,101.0,47.0,52.0,2.0,46.53,1.98
Apr-2026,NVC18,SPRINGFIELD HOSPITAL,C_301,Gastroenterology Service,239.0,215.0,23.0,1.0,89.96,0.42
Apr-2026,NVC18,SPRINGFIELD HOSPITAL,C_502,Gynaecology Service,464.0,358.0,106.0,0.0,77.16,0.0
Apr-2026,RAJ,MID AND SOUTH ESSEX NHS FOUNDATION TRUST,C_430,Elderly Medicine Service,696.0,550.0,141.0,5.0,79.02,0.72
Apr-2026,RDE,EAST SUFFOLK AND NORTH ESSEX NHS FOUNDATION TRUST,C_410,Rheumatology Service,2279.0,1278.0,1001.0,0.0,56.08,0.0
Apr-2026,RDE,EAST SUFFOLK AND NORTH ESSEX NHS FOUNDATION TRUST,X06,Other - Other Services,1048.0,865.0,178.0,5.0,82.54,0.48
Apr-2026,RDE,EAST SUFFOLK AND NORTH ESSEX NHS FOUNDATION TRUST,X04,Other - Paediatric Services,786.0,508.0,278.0,0.0,64.63,0.0
Apr-2026,A4M8P,BUCKSHAW HOSPITAL,C_301,Gastroenterology Service,8.0,3.0,5.0,0.0,37.5,0.0
Apr-2026,NVC05,EUXTON HALL HOSPITAL,C_110,Trauma and Orthopaedic Service,2136.0,1327.0,807.0,2.0,62.13,0.09
Apr-2026,RTX,UNIVERSITY HOSPITALS OF MORECAMBE BAY NHS FOUNDATION TRUST,X05,Other - Surgical Services,1497.0,1232.0,257.0,8.0,82.3,0.53
Apr-2026,RXL,BLACKPOOL TEACHING HOSPITALS NHS FOUNDATION TRUST,C_120,Ear Nose and Throat Service,3251.0,2066.0,1180.0,5.0,63.55,0.15
Apr-2026,RXL,BLACKPOOL TEACHING HOSPITALS NHS FOUNDATION TRUST,C_340,Respiratory Medicine Service,1338.0,753.0,535.0,50.0,56.28,3.74
Apr-2026,RXR,EAST LANCASHIRE HOSPITALS NHS TRUST,C_430,Elderly Medicine Service,76.0,75.0,1.0,0.0,98.68,0.0
Apr-2026,NT440,THORNBURY HOSPITAL,C_101,Urology Service,1.0,0.0,1.0,0.0,0.0,0.0
Apr-2026,RFF,BARNSLEY HOSPITAL NHS FOUNDATION TRUST,C_430,Elderly Medicine Service,154.0,151.0,3.0,0.0,98.05,0.0
Apr-2026,RFR,THE ROTHERHAM NHS FOUNDATION TRUST,C_999,Total,29419.0,20456.0,8608.0,355.0,69.53,1.21
Apr-2026,RFR,THE ROTHERHAM NHS FOUNDATION TRUST,C_101,Urology Service,1709.0,1232.0,473.0,4.0,72.09,0.23
Apr-2026,RFR,THE ROTHERHAM NHS FOUNDATION TRUST,C_330,Dermatology Service,2405.0,1870.0,535.0,0.0,77.75,0.0
Apr-2026,RP5,DONCASTER AND BASSETLAW TEACHING HOSPITALS NHS FOUNDATION TRUST,C_301,Gastroenterology Service,3655.0,2398.0,1250.0,7.0,65.61,0.19
Apr-2026,NT412,DROITWICH SPA HOSPITAL,C_110,Trauma and Orthopaedic Service,949.0,567.0,379.0,3.0,59.75,0.32
Apr-2026,RRV,UNIVERSITY COLLEGE LONDON HOSPITALS NHS FOUNDATION TRUST,C_110,Trauma and Orthopaedic Service,3361.0,2530.0,830.0,1.0,75.28,0.03
Apr-2026,RRV,UNIVERSITY COLLEGE LONDON HOSPITALS NHS FOUNDATION TRUST,X03,Other - Mental Health Services,671.0,502.0,167.0,2.0,74.81,0.3
Apr-2026,R1H,BARTS HEALTH NHS TRUST,C_110,Trauma and Orthopaedic Service,8650.0,4852.0,3715.0,83.0,56.09,0.96
Apr-2026,R1H,BARTS HEALTH NHS TRUST,X05,Other - Surgical Services,11260.0,7599.0,3564.0,97.0,67.49,0.86
Apr-2026,RQX,HOMERTON HEALTHCARE NHS FOUNDATION TRUST,C_340,Respiratory Medicine Service,327.0,321.0,6.0,0.0,98.17,0.0
Apr-2026,V8N5R,SPAMEDICA DALSTON,C_999,Total,522.0,469.0,53.0,0.0,89.85,0.0
Apr-2026,NVC0I,BEACON PARK HOSPITAL,C_100,General Surgery Service,47.0,24.0,23.0,0.0,51.06,0.0
Apr-2026,RJE,UNIVERSITY HOSPITALS OF NORTH MIDLANDS NHS TRUST,C_340,Respiratory Medicine Service,5003.0,3717.0,1286.0,0.0,74.3,0.0
Apr-2026,P5Y6K,NEWMEDICA - SHREWSBURY,C_999,Total,495.0,489.0,5.0,1.0,98.79,0.2
Apr-2026,RL1,THE ROBERT JONES AND AGNES HUNT ORTHOPAEDIC HOSPITAL NHS FOUNDATION TRUST,C_110,Trauma and Orthopaedic Service,8926.0,4489.0,4222.0,215.0,50.29,2.41
Apr-2026,RL1,THE ROBERT JONES AND AGNES HUNT ORTHOPAEDIC HOSPITAL NHS FOUNDATION TRUST,C_410,Rheumatology Service,530.0,500.0,29.0,1.0,94.34,0.19
Apr-2026,RL1,THE ROBERT JONES AND AGNES HUNT ORTHOPAEDIC HOSPITAL NHS FOUNDATION TRUST,C_300,General Internal Medicine Service,3238.0,2936.0,299.0,3.0,90.67,0.09
Apr-2026,RXW,THE SHREWSBURY AND TELFORD HOSPITAL NHS TRUST,C_410,Rheumatology Service,1.0,1.0,0.0,0.0,100.0,0.0
Apr-2026,V5F1D,SPAMEDICA TELFORD,C_999,Total,465.0,415.0,49.0,1.0,89.25,0.22
Apr-2026,I1H7K,SPAMEDICA SALE,C_130,Ophthalmology Service,260.0,245.0,15.0,0.0,94.23,0.0
Apr-2026,NN5,MANCHESTER SURGICAL SERVICES LTD,C_301,Gastroenterology Service,25.0,24.0,1.0,0.0,96.0,0.0
Apr-2026,NRP,BEACON MEDICAL SERVICES GROUP LIMITED,C_301,Gastroenterology Service,2018.0,1748.0,270.0,0.0,86.62,0.0
Apr-2026,NT401,ALEXANDRA HOSPITAL,C_301,Gastroenterology Service,32.0,29.0,3.0,0.0,90.63,0.0
Apr-2026,NT420,HIGHFIELD HOSPITAL,C_150,Neurosurgical Service,10.0,8.0,2.0,0.0,80.0,0.0
Apr-2026,NVC12,OAKLANDS HOSPITAL,C_320,Cardiology Service,3.0,3.0,0.0,0.0,100.0,0.0
Apr-2026,R0A,MANCHESTER UNIVERSITY NHS FOUNDATION TRUST,C_130,Ophthalmology Service,11131.0,7273.0,3801.0,57.0,65.34,0.51
Apr-2026,R0A,MANCHESTER UNIVERSITY NHS FOUNDATION TRUST,C_300,General Internal Medicine Service,207.0,179.0,28.0,0.0,86.47,0.0
Apr-2026,R0A,MANCHESTER UNIVERSITY NHS FOUNDATION TRUST,C_320,Cardiology Service,8576.0,5095.0,3450.0,31.0,59.41,0.36
Apr-2026,RM3,NORTHERN CARE ALLIANCE NHS FOUNDATION TRUST,C_301,Gastroenterology Service,13370.0,7267.0,5753.0,350.0,54.35,2.62
Apr-2026,NT215,"NUFFIELD HEALTH, EXETER HOSPITAL",C_320,Cardiology Service,27.0,1.0,6.0,20.0,3.7,74.07
Apr-2026,NVC0Y,EXETER MEDICAL,C_101,Urology Service,168.0,148.0,20.0,0.0,88.1,0.0
Apr-2026,RH8,ROYAL DEVON UNIVERSITY HEALTHCARE NHS FOUNDATION TRUST,C_502,Gynaecology Service,5028.0,3068.0,1887.0,73.0,61.02,1.45
Apr-2026,NYR,CORA HEALTH DIAGNOSTICS (FORMERLY HEALTHSHARE DIAGNOSTICS),C_502,Gynaecology Service,643.0,391.0,243.0,9.0,60.81,1.4
Apr-2026,NT450,LINCOLN PRIVATE HOSPITAL,C_130,Ophthalmology Service,138.0,84.0,54.0,0.0,60.87,0.0
Apr-2026,NT450,LINCOLN PRIVATE HOSPITAL,C_999,Total,1152.0,678.0,474.0,0.0,58.85,0.0
Apr-2026,NVC27,BOSTON WEST HOSPITAL,C_101,Urology Service,134.0,100.0,34.0,0.0,74.63,0.0
Apr-2026,NVC27,BOSTON WEST HOSPITAL,C_301,Gastroenterology Service,142.0,110.0,31.0,1.0,77.46,0.7
Apr-2026,NVC27,BOSTON WEST HOSPITAL,C_999,Total,2411.0,1474.0,927.0,10.0,61.14,0.41
Apr-2026,RWD,UNITED LINCOLNSHIRE TEACHING HOSPITALS NHS TRUST,C_330,Dermatology Service,4713.0,2819.0,1886.0,8.0,59.81,0.17
Apr-2026,RWD,UNITED LINCOLNSHIRE TEACHING HOSPITALS NHS TRUST,C_999,Total,69075.0,41862.0,26589.0,624.0,60.6,0.9
Apr-2026,RWE,UNIVERSITY HOSPITALS OF LEICESTER NHS TRUST,C_410,Rheumatology Service,4123.0,1849.0,2248.0,26.0,44.85,0.63
Apr-2026,RJ1,GUY'S AND ST THOMAS' NHS FOUNDATION TRUST,C_100,General Surgery Service,1545.0,842.0,693.0,10.0,54.5,0.65
Apr-2026,RJZ,KING'S COLLEGE HOSPITAL NHS FOUNDATION TRUST,C_502,Gynaecology Service,8115.0,4954.0,3097.0,64.0,61.05,0.79
Apr-2026,RJZ,KING'S COLLEGE HOSPITAL NHS FOUNDATION TRUST,C_160,Plastic Surgery Service,69.0,43.0,25.0,1.0,62.32,1.45
Apr-2026,RVV,EAST KENT HOSPITALS UNIVERSITY NHS FOUNDATION TRUST,C_101,Urology Service,4532.0,3514.0,1009.0,9.0,77.54,0.2
Apr-2026,B4N1U,SPAMEDICA ROMFORD,C_130,Ophthalmology Service,984.0,901.0,83.0,0.0,91.57,0.0
Apr-2026,NT314,SPIRE LONDON EAST,C_110,Trauma and Orthopaedic Service,1070.0,796.0,268.0,6.0,74.39,0.56
Apr-2026,NT422,LONDON INDEPENDENT HOSPITAL,C_150,Neurosurgical Service,19.0,18.0,1.0,0.0,94.74,0.0
Apr-2026,NN4,TYNESIDE SURGICAL SERVICES LTD,C_160,Plastic Surgery Service,191.0,162.0,29.0,0.0,84.82,0.0
Apr-2026,NT457,WOODLANDS HOSPITAL,C_101,Urology Service,182.0,142.0,40.0,0.0,78.02,0.0
Apr-2026,NVC0R,TEES VALLEY HOSPITAL,C_110,Trauma and Orthopaedic Service,1247.0,865.0,382.0,0.0,69.37,0.0
Apr-2026,NVC0R,TEES VALLEY HOSPITAL,C_330,Dermatology Service,334.0,245.0,89.0,0.0,73.35,0.0
Apr-2026,R0B,SOUTH TYNESIDE AND SUNDERLAND NHS FOUNDATION TRUST,C_502,Gynaecology Service,2903.0,2422.0,481.0,0.0,83.43,0.0
Apr-2026,R0B,SOUTH TYNESIDE AND SUNDERLAND NHS FOUNDATION TRUST,X05,Other - Surgical Services,87.0,83.0,4.0,0.0,95.4,0.0
Apr-2026,RLQ,WYE VALLEY NHS TRUST,C_170,Cardiothoracic Surgery Service,11.0,9.0,2.0,0.0,81.82,0.0
Apr-2026,RWP,WORCESTERSHIRE ACUTE HOSPITALS NHS TRUST,C_160,Plastic Surgery Service,15.0,10.0,5.0,0.0,66.67,0.0
Apr-2026,J7V1N,SPAMEDICA SOLIHULL,C_999,Total,467.0,388.0,78.0,1.0,83.08,0.21
Apr-2026,RRK,UNIVERSITY HOSPITALS BIRMINGHAM NHS FOUNDATION TRUST,C_100,General Surgery Service,4405.0,2763.0,1639.0,3.0,62.72,0.07
Apr-2026,RRK,UNIVERSITY HOSPITALS BIRMINGHAM NHS FOUNDATION TRUST,X05,Other - Surgical Services,5768.0,4182.0,1572.0,14.0,72.5,0.24
Apr-2026,RYW,BIRMINGHAM COMMUNITY HEALTHCARE NHS FOUNDATION TRUST,X02,Other - Medical Services,3466.0,3139.0,327.0,0.0,90.57,0.0
Apr-2026,R7W2O,NEWCASTLE NEWMEDICA LTD,C_999,Total,948.0,914.0,34.0,0.0,96.41,0.0
Apr-2026,RTD,THE NEWCASTLE UPON TYNE HOSPITALS NHS FOUNDATION TRUST,X02,Other - Medical Services,9170.0,7171.0,1993.0,6.0,78.2,0.07
Apr-2026,RTR,SOUTH TEES HOSPITALS NHS FOUNDATION TRUST,C_160,Plastic Surgery Service,2051.0,1189.0,819.0,43.0,57.97,2.1
Apr-2026,RTR,SOUTH TEES HOSPITALS NHS FOUNDATION TRUST,X02,Other - Medical Services,7176.0,4541.0,2367.0,268.0,63.28,3.73
Apr-2026,RXP,COUNTY DURHAM AND DARLINGTON NHS FOUNDATION TRUST,C_430,Elderly Medicine Service,409.0,363.0,46.0,0.0,88.75,0.0
Apr-2026,RFS,CHESTERFIELD ROYAL HOSPITAL NHS FOUNDATION TRUST,C_330,Dermatology Service,2137.0,1427.0,703.0,7.0,66.78,0.33
Apr-2026,RFS,CHESTERFIELD ROYAL HOSPITAL NHS FOUNDATION TRUST,C_120,Ear Nose and Throat Service,2677.0,1712.0,904.0,61.0,63.95,2.28
Apr-2026,RTG,UNIVERSITY HOSPITALS OF DERBY AND BURTON NHS FOUNDATION TRUST,C_101,Urology Service,3530.0,2361.0,1134.0,35.0,66.88,0.99
Apr-2026,T4I8V,SPAMEDICA CHESTERFIELD,C_130,Ophthalmology Service,226.0,212.0,14.0,0.0,93.81,0.0
Apr-2026,RTE,GLOUCESTERSHIRE HOSPITALS NHS FOUNDATION TRUST,C_320,Cardiology Service,7216.0,5654.0,1562.0,0.0,78.35,0.0
Apr-2026,A1U4J,SPAMEDICA PORTSMOUTH,C_130,Ophthalmology Service,206.0,181.0,25.0,0.0,87.86,0.0
Apr-2026,NEY,PIONEER HEALTHCARE LIMITED,C_110,Trauma and Orthopaedic Service,1.0,0.0,0.0,1.0,0.0,100.0
Apr-2026,NT304,SPIRE SOUTHAMPTON HOSPITAL,C_999,Total,307.0,93.0,208.0,6.0,30.29,1.95
Apr-2026,NT304,SPIRE SOUTHAMPTON HOSPITAL,C_101,Urology Service,2.0,0.0,2.0,0.0,0.0,0.0
Apr-2026,NTP11,PRACTICE PLUS GROUP HOSPITAL - SOUTHAMPTON,C_110,Trauma and Orthopaedic Service,1149.0,940.0,208.0,1.0,81.81,0.09
Apr-2026,R1F,ISLE OF WIGHT NHS TRUST,X03,Other - Mental Health Services,7.0,7.0,0.0,0.0,100.0,0.0
Apr-2026,NVC04,DUCHY HOSPITAL,C_100,General Surgery Service,361.0,317.0,43.0,1.0,87.81,0.28
Apr-2026,NVC04,DUCHY HOSPITAL,C_320,Cardiology Service,160.0,128.0,32.0,0.0,80.0,0.0
Apr-2026,REF,ROYAL CORNWALL HOSPITALS NHS TRUST,C_110,Trauma and Orthopaedic Service,5425.0,2651.0,2552.0,222.0,48.87,4.09
Apr-2026,NT242,"NUFFIELD HEALTH, WOLVERHAMPTON HOSPITAL",C_999,Total,533.0,420.0,113.0,0.0,78.8,0.0
Apr-2026,NT242,"NUFFIELD HEALTH, WOLVERHAMPTON HOSPITAL",C_130,Ophthalmology Service,282.0,228.0,54.0,0.0,80.85,0.0
Apr-2026,NVC1H,STOURSIDE HOSPITAL,C_110,Trauma and Orthopaedic Service,1265.0,877.0,380.0,8.0,69.33,0.63
Apr-2026,NVC1H,STOURSIDE HOSPITAL,C_160,Plastic Surgery Service,1.0,1.0,0.0,0.0,100.0,0.0
Apr-2026,RBK,WALSALL HEALTHCARE NHS TRUST,C_410,Rheumatology Service,884.0,527.0,357.0,0.0,59.62,0.0
Apr-2026,RHU,PORTSMOUTH HOSPITALS UNIVERSITY NHS TRUST,C_100,General Surgery Service,5487.0,3551.0,1779.0,157.0,64.72,2.86
Apr-2026,RN5,HAMPSHIRE HOSPITALS NHS FOUNDATION TRUST,C_340,Respiratory Medicine Service,1598.0,1167.0,400.0,31.0,73.03,1.94
Apr-2026,RN5,HAMPSHIRE HOSPITALS NHS FOUNDATION TRUST,C_140,Oral Surgery Service,2056.0,1014.0,954.0,88.0,49.32,4.28
Apr-2026,A4Y8X,ACES NOTTINGHAM,C_130,Ophthalmology Service,26.0,20.0,6.0,0.0,76.92,0.0
Apr-2026,RK5,SHERWOOD FOREST HOSPITALS NHS FOUNDATION TRUST,C_140,Oral Surgery Service,1331.0,650.0,604.0,77.0,48.84,5.79
Apr-2026,RK5,SHERWOOD FOREST HOSPITALS NHS FOUNDATION TRUST,C_430,Elderly Medicine Service,69.0,69.0,0.0,0.0,100.0,0.0
Apr-2026,RX1,NOTTINGHAM UNIVERSITY HOSPITALS NHS TRUST,C_330,Dermatology Service,8016.0,4545.0,3307.0,164.0,56.7,2.05
Apr-2026,RL4,THE ROYAL WOLVERHAMPTON NHS TRUST,C_101,Urology Service,6592.0,3218.0,3099.0,275.0,48.82,4.17
Apr-2026,RL4,THE ROYAL WOLVERHAMPTON NHS TRUST,C_130,Ophthalmology Service,9501.0,5904.0,3379.0,218.0,62.14,2.29
Apr-2026,RL4,THE ROYAL WOLVERHAMPTON NHS TRUST,C_410,Rheumatology Service,1401.0,1090.0,311.0,0.0,77.8,0.0
Apr-2026,RNA,THE DUDLEY GROUP NHS FOUNDATION TRUST,C_502,Gynaecology Service,3367.0,2045.0,1319.0,3.0,60.74,0.09
Apr-2026,RXK,SANDWELL AND WEST BIRMINGHAM HOSPITALS NHS TRUST,C_320,Cardiology Service,5358.0,2779.0,2495.0,84.0,51.87,1.57
Apr-2026,RXK,SANDWELL AND WEST BIRMINGHAM HOSPITALS NHS TRUST,C_430,Elderly Medicine Service,29.0,27.0,2.0,0.0,93.1,0.0
Apr-2026,NT302,SPIRE BRISTOL HOSPITAL,C_999,Total,733.0,396.0,330.0,7.0,54.02,0.95
Apr-2026,RA7,UNIVERSITY HOSPITALS BRISTOL AND WESTON NHS FOUNDATION TRUST,C_100,General Surgery Service,108.0,90.0,18.0,0.0,83.33,0.0
Apr-2026,RA7,UNIVERSITY HOSPITALS BRISTOL AND WESTON NHS FOUNDATION TRUST,C_320,Cardiology Service,5370.0,3456.0,1892.0,22.0,64.36,0.41
Apr-2026,RVJ,NORTH BRISTOL NHS TRUST,C_100,General Surgery Service,755.0,511.0,243.0,1.0,67.68,0.13
Apr-2026,RVJ,NORTH BRISTOL NHS TRUST,X02,Other - Medical Services,4077.0,2852.0,1224.0,1.0,69.95,0.02
Apr-2026,RVJ,NORTH BRISTOL NHS TRUST,X06,Other - Other Services,153.0,145.0,8.0,0.0,94.77,0.0
Apr-2026,NT419,HARBOUR HOSPITAL,C_110,Trauma and Orthopaedic Service,183.0,122.0,61.0,0.0,66.67,0.0
Apr-2026,NT419,HARBOUR HOSPITAL,X06,Other - Other Services,6.0,6.0,0.0,0.0,100.0,0.0
Apr-2026,R0D,UNIVERSITY HOSPITALS DORSET NHS FOUNDATION TRUST,X04,Other - Paediatric Services,2699.0,1937.0,762.0,0.0,71.77,0.0
Apr-2026,RNQ,KETTERING GENERAL HOSPITAL NHS FOUNDATION TRUST,X05,Other - Surgical Services,1365.0,759.0,604.0,2.0,55.6,0.15
Apr-2026,RMC,BOLTON NHS FOUNDATION TRUST,C_999,Total,36779.0,22345.0,13994.0,440.0,60.75,1.2
Apr-2026,RMP,TAMESIDE AND GLOSSOP INTEGRATED CARE NHS FOUNDATION TRUST,C_110,Trauma and Orthopaedic Service,3137.0,2005.0,1132.0,0.0,63.91,0.0
Apr-2026,RMP,TAMESIDE AND GLOSSOP INTEGRATED CARE NHS FOUNDATION TRUST,C_430,Elderly Medicine Service,1.0,1.0,0.0,0.0,100.0,0.0
Apr-2026,RRF,"WRIGHTINGTON, WIGAN AND LEIGH TEACHING HOSPITALS NHS FOUNDATION TRUST",C_999,Total,44088.0,26530.0,16614.0,944.0,60.18,2.14
Apr-2026,RWJ,STOCKPORT NHS FOUNDATION TRUST,C_120,Ear Nose and Throat Service,4046.0,2535.0,1510.0,1.0,62.65,0.02
Apr-2026,NT351,SPIRE HULL AND EAST RIDING HOSPITAL,C_101,Urology Service,8.0,6.0,2.0,0.0,75.0,0.0
Apr-2026,NTE02,ST HUGH'S HOSPITAL,C_301,Gastroenterology Service,7.0,2.0,1.0,4.0,28.57,57.14
Apr-2026,RCB,YORK AND SCARBOROUGH TEACHING HOSPITALS NHS FOUNDATION TRUST,C_320,Cardiology Service,2445.0,1504.0,899.0,42.0,61.51,1.72
Apr-2026,RCD,HARROGATE AND DISTRICT NHS FOUNDATION TRUST,X04,Other - Paediatric Services,726.0,662.0,64.0,0.0,91.18,0.0
Apr-2026,RJL,NORTHERN LINCOLNSHIRE AND GOOLE NHS FOUNDATION TRUST,C_101,Urology Service,3318.0,2340.0,973.0,5.0,70.52,0.15
Apr-2026,RJL,NORTHERN LINCOLNSHIRE AND GOOLE NHS FOUNDATION TRUST,C_110,Trauma and Orthopaedic Service,2613.0,1554.0,1018.0,41.0,59.47,1.57
Apr-2026,RJL,NORTHERN LINCOLNSHIRE AND GOOLE NHS FOUNDATION TRUST,C_430,Elderly Medicine Service,244.0,210.0,34.0,0.0,86.07,0.0
Apr-2026,RWA,HULL UNIVERSITY TEACHING HOSPITALS NHS TRUST,C_502,Gynaecology Service,6398.0,3126.0,2877.0,395.0,48.86,6.17
Apr-2026,Z1E5F,NEWMEDICA - HARROGATE,C_999,Total,236.0,208.0,28.0,0.0,88.14,0.0
Apr-2026,D0V5X,NEWMEDICA - SWINDON MURDOCK ROAD,C_130,Ophthalmology Service,168.0,134.0,34.0,0.0,79.76,0.0
Apr-2026,G3Z1Q,SULIS HOSPITAL BATH (FOXCOTE AVENUE),C_100,General Surgery Service,333.0,258.0,75.0,0.0,77.48,0.0
Apr-2026,H1T2P,SPAMEDICA SWINDON,C_130,Ophthalmology Service,109.0,105.0,4.0,0.0,96.33,0.0
Apr-2026,F9Z4V,CIRCLE READING HOSPITAL,C_130,Ophthalmology Service,143.0,114.0,29.0,0.0,79.72,0.0
Apr-2026,NVC02,THE BERKSHIRE INDEPENDENT HOSPITAL,C_110,Trauma and Orthopaedic Service,625.0,465.0,155.0,5.0,74.4,0.8
Apr-2026,O5Y9D,SPAMEDICA OXFORD,C_999,Total,200.0,186.0,14.0,0.0,93.0,0.0
Apr-2026,RHW,ROYAL BERKSHIRE NHS FOUNDATION TRUST,C_320,Cardiology Service,3392.0,2777.0,615.0,0.0,81.87,0.0
Apr-2026,RHW,ROYAL BERKSHIRE NHS FOUNDATION TRUST,X05,Other - Surgical Services,19.0,13.0,6.0,0.0,68.42,0.0
Apr-2026,RBN,MERSEY AND WEST LANCASHIRE TEACHING HOSPITALS NHS TRUST,C_340,Respiratory Medicine Service,1088.0,849.0,239.0,0.0,78.03,0.0
Apr-2026,RBS,ALDER HEY CHILDREN'S NHS FOUNDATION TRUST,C_999,Total,16085.0,11101.0,4783.0,201.0,69.01,1.25
Apr-2026,RBT,MID CHESHIRE HOSPITALS NHS FOUNDATION TRUST,C_410,Rheumatology Service,976.0,467.0,506.0,3.0,47.85,0.31
Apr-2026,RBT,MID CHESHIRE HOSPITALS NHS FOUNDATION TRUST,X06,Other - Other Services,1044.0,1009.0,35.0,0.0,96.65,0.0
Apr-2026,REM,LIVERPOOL UNIVERSITY HOSPITALS NHS FOUNDATION TRUST,C_100,General Surgery Service,2013.0,846.0,1112.0,55.0,42.03,2.73
Apr-2026,REM,LIVERPOOL UNIVERSITY HOSPITALS NHS FOUNDATION TRUST,X06,Other - Other Services,3505.0,2172.0,1333.0,0.0,61.97,0.0
Apr-2026,RJN,EAST CHESHIRE NHS TRUST,C_300,General Internal Medicine Service,7.0,3.0,4.0,0.0,42.86,0.0
Apr-2026,RWW,NORTH CHESHIRE AND MERSEY NHS FOUNDATION TRUST,C_101,Urology Service,2183.0,1564.0,607.0,12.0,71.64,0.55
Apr-2026,RTH,OXFORD UNIVERSITY HOSPITALS NHS FOUNDATION TRUST,C_410,Rheumatology Service,1242.0,1083.0,158.0,1.0,87.2,0.08
Apr-2026,RXQ,BUCKINGHAMSHIRE HEALTHCARE NHS TRUST,C_100,General Surgery Service,2520.0,1491.0,1028.0,1.0,59.17,0.04
Apr-2026,RXQ,BUCKINGHAMSHIRE HEALTHCARE NHS TRUST,C_340,Respiratory Medicine Service,830.0,616.0,214.0,0.0,74.22,0.0
Apr-2026,B9J4U,SPAMEDICA PETERBOROUGH,C_130,Ophthalmology Service,518.0,483.0,35.0,0.0,93.24,0.0
Apr-2026,K9J3O,SPAMEDICA LUTON,C_999,Total,203.0,176.0,27.0,0.0,86.7,0.0
Apr-2026,NPG19,SPAMEDICA BEDFORD,C_999,Total,325.0,312.0,13.0,0.0,96.0,0.0
Apr-2026,NT209,"NUFFIELD HEALTH, CAMBRIDGE HOSPITAL",C_150,Neurosurgical Service,26.0,14.0,12.0,0.0,53.85,0.0
Apr-2026,NT315,SPIRE BUSHEY HOSPITAL,C_101,Urology Service,3.0,3.0,0.0,0.0,100.0,0.0
Apr-2026,NT317,SPIRE CAMBRIDGE LEA HOSPITAL,C_150,Neurosurgical Service,20.0,11.0,9.0,0.0,55.0,0.0
Apr-2026,NVC06,FITZWILLIAM HOSPITAL,C_410,Rheumatology Service,1.0,0.0,1.0,0.0,0.0,0.0
Apr-2026,RCX,"THE QUEEN ELIZABETH HOSPITAL, KING'S LYNN, NHS FOUNDATION TRUST",X04,Other - Paediatric Services,720.0,501.0,211.0,8.0,69.58,1.11
Apr-2026,RCX,"THE QUEEN ELIZABETH HOSPITAL, KING'S LYNN, NHS FOUNDATION TRUST",C_301,Gastroenterology Service,1377.0,783.0,589.0,5.0,56.86,0.36
Apr-2026,RCX,"THE QUEEN ELIZABETH HOSPITAL, KING'S LYNN, NHS FOUNDATION TRUST",C_400,Neurology Service,1278.0,679.0,599.0,0.0,53.13,0.0
Apr-2026,RGP,JAMES PAGET UNIVERSITY HOSPITALS NHS FOUNDATION TRUST,C_110,Trauma and Orthopaedic Service,2349.0,1445.0,889.0,15.0,61.52,0.64
Apr-2026,AY1,MEDEFER,X02,Other - Medical Services,27.0,19.0,8.0,0.0,70.37,0.0
Apr-2026,NT416,HENDON HOSPITAL,C_110,Trauma and Orthopaedic Service,330.0,237.0,90.0,3.0,71.82,0.91
Apr-2026,NT421,KINGS OAK HOSPITAL,C_999,Total,1242.0,900.0,340.0,2.0,72.46,0.16
Apr-2026,NT451,CAVELL HOSPITAL,C_100,General Surgery Service,262.0,167.0,93.0,2.0,63.74,0.76
Apr-2026,NT451,CAVELL HOSPITAL,C_101,Urology Service,25.0,6.0,17.0,2.0,24.0,8.0
Apr-2026,RAN,ROYAL NATIONAL ORTHOPAEDIC HOSPITAL NHS TRUST,X02,Other - Medical Services,716.0,456.0,260.0,0.0,63.69,0.0
Apr-2026,RAS,THE HILLINGDON HOSPITALS NHS FOUNDATION TRUST,C_110,Trauma and Orthopaedic Service,5360.0,3204.0,2148.0,8.0,59.78,0.15
Apr-2026,RAS,THE HILLINGDON HOSPITALS NHS FOUNDATION TRUST,C_502,Gynaecology Service,1219.0,1207.0,12.0,0.0,99.02,0.0
Apr-2026,RKE,WHITTINGTON HEALTH NHS TRUST,C_130,Ophthalmology Service,1095.0,888.0,205.0,2.0,81.1,0.18
Apr-2026,RKE,WHITTINGTON HEALTH NHS TRUST,C_410,Rheumatology Service,283.0,262.0,21.0,0.0,92.58,0.0
Apr-2026,RP4,GREAT ORMOND STREET HOSPITAL FOR CHILDREN NHS FOUNDATION TRUST,X03,Other - Mental Health Services,142.0,61.0,81.0,0.0,42.96,0.0
Apr-2026,RQM,CHELSEA AND WESTMINSTER HOSPITAL NHS FOUNDATION TRUST,X03,Other - Mental Health Services,3.0,3.0,0.0,0.0,100.0,0.0
Apr-2026,RBD,DORSET COUNTY HOSPITAL NHS FOUNDATION TRUST,C_999,Total,21963.0,13252.0,8415.0,296.0,60.34,1.35
Apr-2026,NT436,SHIRLEY OAKS HOSPITAL,C_999,Total,1018.0,743.0,272.0,3.0,72.99,0.29
Apr-2026,RAX,KINGSTON AND RICHMOND NHS FOUNDATION TRUST,C_140,Oral Surgery Service,1299.0,1087.0,212.0,0.0,83.68,0.0
Apr-2026,ACG19,NEWMEDICA COMMUNITY OPHTHALMOLOGY - LEEDS,C_999,Total,585.0,523.0,62.0,0.0,89.4,0.0
Apr-2026,E6F9I,ACES BRADFORD,C_999,Total,1.0,1.0,0.0,0.0,100.0,0.0
Apr-2026,I2C7H,SPAMEDICA BRADFORD,C_130,Ophthalmology Service,246.0,234.0,12.0,0.0,95.12,0.0
Apr-2026,NL8,LOCALA COMMUNITY PARTNERSHIPS CIC,C_330,Dermatology Service,1183.0,987.0,196.0,0.0,83.43,0.0
Apr-2026,NT350,SPIRE METHLEY PARK HOSPITAL,C_160,Plastic Surgery Service,23.0,20.0,3.0,0.0,86.96,0.0
Apr-2026,NVC20,THE YORKSHIRE CLINIC,C_100,General Surgery Service,744.0,494.0,243.0,7.0,66.4,0.94
Apr-2026,RAE,BRADFORD TEACHING HOSPITALS NHS FOUNDATION TRUST,C_120,Ear Nose and Throat Service,3193.0,1938.0,1254.0,1.0,60.7,0.03
Apr-2026,RJ6,CROYDON HEALTH SERVICES NHS TRUST,C_120,Ear Nose and Throat Service,2506.0,1145.0,1265.0,96.0,45.69,3.83
Apr-2026,RJ6,CROYDON HEALTH SERVICES NHS TRUST,C_340,Respiratory Medicine Service,1214.0,1144.0,70.0,0.0,94.23,0.0
Apr-2026,RJ6,CROYDON HEALTH SERVICES NHS TRUST,X04,Other - Paediatric Services,1064.0,484.0,552.0,28.0,45.49,2.63
Apr-2026,RJ6,CROYDON HEALTH SERVICES NHS TRUST,C_430,Elderly Medicine Service,161.0,155.0,6.0,0.0,96.27,0.0
Apr-2026,RJ7,ST GEORGE'S UNIVERSITY HOSPITALS NHS FOUNDATION TRUST,C_120,Ear Nose and Throat Service,4725.0,3067.0,1657.0,1.0,64.91,0.02
Apr-2026,RVR,EPSOM AND ST HELIER UNIVERSITY HOSPITALS NHS TRUST,C_100,General Surgery Service,2776.0,1604.0,1133.0,39.0,57.78,1.4
Apr-2026,RAE,BRADFORD TEACHING HOSPITALS NHS FOUNDATION TRUST,C_300,General Internal Medicine Service,65.0,61.0,4.0,0.0,93.85,0.0
Apr-2026,RCF,AIREDALE NHS FOUNDATION TRUST,C_300,General Internal Medicine Service,2.0,2.0,0.0,0.0,100.0,0.0
Apr-2026,RR8,LEEDS TEACHING HOSPITALS NHS TRUST,C_101,Urology Service,4062.0,2758.0,1304.0,0.0,67.9,0.0
Apr-2026,RXF,MID YORKSHIRE TEACHING NHS TRUST,C_410,Rheumatology Service,783.0,563.0,220.0,0.0,71.9,0.0
Apr-2026,AQK,VERNOVA HEALTHCARE COMMUNITY INTEREST COMPANY,X02,Other - Medical Services,175.0,142.0,31.0,2.0,81.14,1.14
Apr-2026,D2L5T,ACES LIVERPOOL,C_999,Total,60.0,50.0,10.0,0.0,83.33,0.0
Apr-2026,NCR,ISIGHT,C_999,Total,1348.0,1183.0,165.0,0.0,87.76,0.0
Apr-2026,NPG02,SPAMEDICA WIRRAL,C_130,Ophthalmology Service,392.0,370.0,22.0,0.0,94.39,0.0
Apr-2026,U1P4Z,ACES MILTON KEYNES,C_130,Ophthalmology Service,137.0,116.0,21.0,0.0,84.67,0.0
Apr-2026,NNE,DORKING HEALTHCARE LIMITED (DHC),C_110,Trauma and Orthopaedic Service,723.0,561.0,162.0,0.0,77.59,0.0
Apr-2026,NT241,"NUFFIELD HEALTH, WOKING HOSPITAL",C_110,Trauma and Orthopaedic Service,118.0,101.0,13.0,4.0,85.59,3.39
Apr-2026,NT308,SPIRE GATWICK PARK HOSPITAL,X05,Other - Surgical Services,662.0,616.0,36.0,10.0,93.05,1.51
Apr-2026,NT308,SPIRE GATWICK PARK HOSPITAL,C_110,Trauma and Orthopaedic Service,545.0,321.0,216.0,8.0,58.9,1.47
Apr-2026,NT455,MOUNT ALVERNIA HOSPITAL,C_110,Trauma and Orthopaedic Service,120.0,63.0,55.0,2.0,52.5,1.67
Apr-2026,NVM,EPSOMEDICAL GROUP,C_120,Ear Nose and Throat Service,304.0,280.0,23.0,1.0,92.11,0.33
Apr-2026,NVC31,BLAKELANDS HOSPITAL,X02,Other - Medical Services,207.0,140.0,67.0,0.0,67.63,0.0
Apr-2026,RC9,BEDFORDSHIRE HOSPITALS NHS FOUNDATION TRUST,X05,Other - Surgical Services,5960.0,4128.0,1828.0,4.0,69.26,0.07
Apr-2026,RWG,WEST HERTFORDSHIRE TEACHING HOSPITALS NHS TRUST,C_430,Elderly Medicine Service,65.0,62.0,3.0,0.0,95.38,0.0
Apr-2026,RWH,EAST AND NORTH HERTFORDSHIRE TEACHING NHS TRUST,C_301,Gastroenterology Service,2270.0,1366.0,889.0,15.0,60.18,0.66
Apr-2026,RA2,ROYAL SURREY NHS FOUNDATION TRUST,X06,Other - Other Services,889.0,815.0,72.0,2.0,91.68,0.22
Apr-2026,RA2,ROYAL SURREY NHS FOUNDATION TRUST,C_110,Trauma and Orthopaedic Service,5861.0,3180.0,2512.0,169.0,54.26,2.88
Apr-2026,RA2,ROYAL SURREY NHS FOUNDATION TRUST,C_101,Urology Service,1371.0,1028.0,343.0,0.0,74.98,0.0
Apr-2026,RDR,SUSSEX COMMUNITY NHS FOUNDATION TRUST,C_999,Total,12734.0,6679.0,5939.0,116.0,52.45,0.91
Apr-2026,RPC,QUEEN VICTORIA HOSPITAL NHS FOUNDATION TRUST,C_120,Ear Nose and Throat Service,149.0,127.0,20.0,2.0,85.23,1.34
Apr-2026,RTP,SURREY AND SUSSEX HEALTHCARE NHS TRUST,C_330,Dermatology Service,4283.0,2625.0,1568.0,90.0,61.29,2.1
Apr-2026,RTP,SURREY AND SUSSEX HEALTHCARE NHS TRUST,C_300,General Internal Medicine Service,19.0,19.0,0.0,0.0,100.0,0.0
Apr-2026,RXC,EAST SUSSEX HEALTHCARE NHS TRUST,C_502,Gynaecology Service,5165.0,2454.0,2620.0,91.0,47.51,1.76
Apr-2026,DFQ,NORWICH & NORFOLK SURGICAL LTD (N2S),C_130,Ophthalmology Service,375.0,370.0,5.0,0.0,98.67,0.0
Apr-2026,NX504,ANGLIA COMMUNITY EYE SERVICES FAKENHAM,C_130,Ophthalmology Service,233.0,217.0,16.0,0.0,93.13,0.0
Apr-2026,H3W7Q,ACES CHELMSFORD,C_130,Ophthalmology Service,60.0,50.0,10.0,0.0,83.33,0.0
Apr-2026,H4I8B,NUFFIELD HEALTH THE HOLLY HOSPITAL,X06,Other - Other Services,17.0,11.0,6.0,0.0,64.71,0.0
Apr-2026,NT319,SPIRE HARTSWOOD HOSPITAL,C_110,Trauma and Orthopaedic Service,871.0,625.0,244.0,2.0,71.76,0.23
Apr-2026,NT490,SOUTHEND PRIVATE HOSPITAL,C_999,Total,1252.0,1110.0,142.0,0.0,88.66,0.0
Apr-2026,RAJ,MID AND SOUTH ESSEX NHS FOUNDATION TRUST,X06,Other - Other Services,3333.0,2124.0,1156.0,53.0,63.73,1.59
Apr-2026,RDE,EAST SUFFOLK AND NORTH ESSEX NHS FOUNDATION TRUST,C_301,Gastroenterology Service,3916.0,2613.0,1303.0,0.0,66.73,0.0
Apr-2026,RDE,EAST SUFFOLK AND NORTH ESSEX NHS FOUNDATION TRUST,X02,Other - Medical Services,5355.0,4253.0,1102.0,0.0,79.42,0.0
Apr-2026,RQW,THE PRINCESS ALEXANDRA HOSPITAL NHS TRUST,C_130,Ophthalmology Service,2938.0,1983.0,897.0,58.0,67.49,1.97
Apr-2026,RQW,THE PRINCESS ALEXANDRA HOSPITAL NHS TRUST,X05,Other - Surgical Services,943.0,474.0,449.0,20.0,50.27,2.12
Apr-2026,NP9,BESPOKE HEALTHCARE LTD,C_999,Total,614.0,467.0,147.0,0.0,76.06,0.0
Apr-2026,NT403,BEARDWOOD HOSPITAL,C_502,Gynaecology Service,211.0,112.0,99.0,0.0,53.08,0.0
Apr-2026,NVC05,EUXTON HALL HOSPITAL,C_410,Rheumatology Service,1.0,1.0,0.0,0.0,100.0,0.0
Apr-2026,NVC07,FULWOOD HALL HOSPITAL,C_301,Gastroenterology Service,2.0,2.0,0.0,0.0,100.0,0.0
Apr-2026,RXL,BLACKPOOL TEACHING HOSPITALS NHS FOUNDATION TRUST,C_320,Cardiology Service,5490.0,2942.0,2257.0,291.0,53.59,5.3
Apr-2026,RXL,BLACKPOOL TEACHING HOSPITALS NHS FOUNDATION TRUST,C_999,Total,40352.0,24408.0,14990.0,954.0,60.49,2.36
Apr-2026,RXR,EAST LANCASHIRE HOSPITALS NHS TRUST,C_110,Trauma and Orthopaedic Service,6411.0,4991.0,1413.0,7.0,77.85,0.11
Apr-2026,RXR,EAST LANCASHIRE HOSPITALS NHS TRUST,C_340,Respiratory Medicine Service,763.0,739.0,24.0,0.0,96.85,0.0
Apr-2026,B3M1X,CLAREMONT PRIVATE HOSPITAL,C_130,Ophthalmology Service,19.0,13.0,6.0,0.0,68.42,0.0
Apr-2026,NT440,THORNBURY HOSPITAL,C_110,Trauma and Orthopaedic Service,372.0,251.0,120.0,1.0,67.47,0.27
Apr-2026,NT440,THORNBURY HOSPITAL,C_301,Gastroenterology Service,5.0,4.0,1.0,0.0,80.0,0.0
Apr-2026,RFF,BARNSLEY HOSPITAL NHS FOUNDATION TRUST,C_130,Ophthalmology Service,3269.0,2390.0,878.0,1.0,73.11,0.03
Apr-2026,RP5,DONCASTER AND BASSETLAW TEACHING HOSPITALS NHS FOUNDATION TRUST,C_120,Ear Nose and Throat Service,6119.0,3026.0,2939.0,154.0,49.45,2.52
Apr-2026,RP5,DONCASTER AND BASSETLAW TEACHING HOSPITALS NHS FOUNDATION TRUST,C_140,Oral Surgery Service,2318.0,1237.0,1081.0,0.0,53.36,0.0
Apr-2026,H2K1G,NEWMEDICA - BROMSGROVE,C_999,Total,434.0,371.0,63.0,0.0,85.48,0.0
Apr-2026,J0M7P,SPAMEDICA HEREFORD DIAGNOSTIC AND TREATMENT CENTRE,C_999,Total,42.0,39.0,3.0,0.0,92.86,0.0
Apr-2026,NT412,DROITWICH SPA HOSPITAL,C_301,Gastroenterology Service,98.0,77.0,21.0,0.0,78.57,0.0
Apr-2026,RRV,UNIVERSITY COLLEGE LONDON HOSPITALS NHS FOUNDATION TRUST,X05,Other - Surgical Services,7461.0,5032.0,2426.0,3.0,67.44,0.04
Apr-2026,RRV,UNIVERSITY COLLEGE LONDON HOSPITALS NHS FOUNDATION TRUST,X06,Other - Other Services,1481.0,1233.0,231.0,17.0,83.25,1.15
Apr-2026,R1H,BARTS HEALTH NHS TRUST,X04,Other - Paediatric Services,9552.0,5372.0,3907.0,273.0,56.24,2.86
Apr-2026,RF4,"BARKING, HAVERING AND REDBRIDGE UNIVERSITY HOSPITALS NHS TRUST",C_101,Urology Service,4552.0,3285.0,1266.0,1.0,72.17,0.02
Apr-2026,RF4,"BARKING, HAVERING AND REDBRIDGE UNIVERSITY HOSPITALS NHS TRUST",C_400,Neurology Service,3328.0,1876.0,1329.0,123.0,56.37,3.7
Apr-2026,RF4,"BARKING, HAVERING AND REDBRIDGE UNIVERSITY HOSPITALS NHS TRUST",C_300,General Internal Medicine Service,13.0,12.0,1.0,0.0,92.31,0.0
Apr-2026,RQX,HOMERTON HEALTHCARE NHS FOUNDATION TRUST,C_410,Rheumatology Service,129.0,129.0,0.0,0.0,100.0,0.0
Apr-2026,NPG15,SPAMEDICA NEWCASTLE-UNDER-LYME,C_999,Total,390.0,383.0,7.0,0.0,98.21,0.0
Apr-2026,RJE,UNIVERSITY HOSPITALS OF NORTH MIDLANDS NHS TRUST,C_101,Urology Service,3784.0,2403.0,1365.0,16.0,63.5,0.42
Apr-2026,RJE,UNIVERSITY HOSPITALS OF NORTH MIDLANDS NHS TRUST,X04,Other - Paediatric Services,1822.0,1474.0,320.0,28.0,80.9,1.54
Apr-2026,M9U8M,ENDOCARE DIAGNOSTICS LTD,C_999,Total,78.0,78.0,0.0,0.0,100.0,0.0
Apr-2026,NT401,ALEXANDRA HOSPITAL,C_110,Trauma and Orthopaedic Service,411.0,262.0,149.0,0.0,63.75,0.0
Apr-2026,NT401,ALEXANDRA HOSPITAL,C_999,Total,678.0,406.0,272.0,0.0,59.88,0.0
Apr-2026,NT404,BEAUMONT HOSPITAL,C_502,Gynaecology Service,645.0,460.0,185.0,0.0,71.32,0.0
Apr-2026,NVC12,OAKLANDS HOSPITAL,C_999,Total,3652.0,2356.0,1296.0,0.0,64.51,0.0
Apr-2026,R0A,MANCHESTER UNIVERSITY NHS FOUNDATION TRUST,C_340,Respiratory Medicine Service,2984.0,2838.0,146.0,0.0,95.11,0.0
Apr-2026,RM3,NORTHERN CARE ALLIANCE NHS FOUNDATION TRUST,X02,Other - Medical Services,6588.0,4682.0,1905.0,1.0,71.07,0.02
Apr-2026,RM3,NORTHERN CARE ALLIANCE NHS FOUNDATION TRUST,C_160,Plastic Surgery Service,1194.0,672.0,463.0,59.0,56.28,4.94
Apr-2026,RM3,NORTHERN CARE ALLIANCE NHS FOUNDATION TRUST,C_502,Gynaecology Service,9723.0,5535.0,3651.0,537.0,56.93,5.52
Apr-2026,N8Z8E,ACES TORQUAY,C_999,Total,3.0,1.0,2.0,0.0,33.33,0.0
Apr-2026,NVC08,MOUNT STUART HOSPITAL,C_999,Total,2274.0,1313.0,936.0,25.0,57.74,1.1
Apr-2026,NVC0Y,EXETER MEDICAL,C_160,Plastic Surgery Service,34.0,26.0,8.0,0.0,76.47,0.0
Apr-2026,RH8,ROYAL DEVON UNIVERSITY HEALTHCARE NHS FOUNDATION TRUST,C_120,Ear Nose and Throat Service,4750.0,2653.0,2057.0,40.0,55.85,0.84
Apr-2026,RK9,UNIVERSITY HOSPITALS PLYMOUTH NHS TRUST,X06,Other - Other Services,752.0,703.0,46.0,3.0,93.48,0.4
Apr-2026,NT239,"NUFFIELD HEALTH, TUNBRIDGE WELLS HOSPITAL",C_120,Ear Nose and Throat Service,1.0,0.0,1.0,0.0,0.0,0.0
Apr-2026,NT408,CHAUCER HOSPITAL,C_999,Total,846.0,667.0,178.0,1.0,78.84,0.12
Apr-2026,NYR,CORA HEALTH DIAGNOSTICS (FORMERLY HEALTHSHARE DIAGNOSTICS),C_160,Plastic Surgery Service,165.0,85.0,80.0,0.0,51.52,0.0
Apr-2026,NYR,CORA HEALTH DIAGNOSTICS (FORMERLY HEALTHSHARE DIAGNOSTICS),C_330,Dermatology Service,373.0,178.0,171.0,24.0,47.72,6.43
Apr-2026,NVC27,BOSTON WEST HOSPITAL,X02,Other - Medical Services,2.0,1.0,1.0,0.0,50.0,0.0
Apr-2026,RWD,UNITED LINCOLNSHIRE TEACHING HOSPITALS NHS TRUST,C_320,Cardiology Service,1031.0,893.0,138.0,0.0,86.61,0.0
Apr-2026,RWD,UNITED LINCOLNSHIRE TEACHING HOSPITALS NHS TRUST,X05,Other - Surgical Services,4062.0,2132.0,1800.0,130.0,52.49,3.2
Apr-2026,RWD,UNITED LINCOLNSHIRE TEACHING HOSPITALS NHS TRUST,C_430,Elderly Medicine Service,347.0,236.0,111.0,0.0,68.01,0.0
Apr-2026,NT322,SPIRE LEICESTER HOSPITAL,C_110,Trauma and Orthopaedic Service,830.0,456.0,364.0,10.0,54.94,1.2
Apr-2026,RWE,UNIVERSITY HOSPITALS OF LEICESTER NHS TRUST,C_430,Elderly Medicine Service,593.0,506.0,87.0,0.0,85.33,0.0
Apr-2026,RWE,UNIVERSITY HOSPITALS OF LEICESTER NHS TRUST,C_140,Oral Surgery Service,7496.0,3327.0,3689.0,480.0,44.38,6.4
Apr-2026,NT406,BLACKHEATH HOSPITAL,C_301,Gastroenterology Service,202.0,146.0,56.0,0.0,72.28,0.0
Apr-2026,NT437,SLOANE HOSPITAL,C_999,Total,882.0,655.0,221.0,6.0,74.26,0.68
Apr-2026,RJ2,LEWISHAM AND GREENWICH NHS TRUST,C_999,Total,56289.0,36100.0,19341.0,848.0,64.13,1.51
Apr-2026,RJ2,LEWISHAM AND GREENWICH NHS TRUST,C_330,Dermatology Service,3122.0,2654.0,467.0,1.0,85.01,0.03
Apr-2026,RJ2,LEWISHAM AND GREENWICH NHS TRUST,C_300,General Internal Medicine Service,587.0,228.0,274.0,85.0,38.84,14.48
Apr-2026,RJZ,KING'S COLLEGE HOSPITAL NHS FOUNDATION TRUST,C_999,Total,86512.0,57624.0,27600.0,1288.0,66.61,1.49
Apr-2026,RVV,EAST KENT HOSPITALS UNIVERSITY NHS FOUNDATION TRUST,C_320,Cardiology Service,5015.0,2409.0,2045.0,561.0,48.04,11.19
Apr-2026,NT422,LONDON INDEPENDENT HOSPITAL,C_130,Ophthalmology Service,103.0,99.0,4.0,0.0,96.12,0.0
Apr-2026,NTP15,PRACTICE PLUS GROUP HOSPITAL - ILFORD,C_502,Gynaecology Service,948.0,532.0,407.0,9.0,56.12,0.95
Apr-2026,S4E3I,MIDLAND EYE (EYE-DOCS LTD),C_999,Total,659.0,641.0,18.0,0.0,97.27,0.0
Apr-2026,NT229,"NUFFIELD HEALTH, NEWCASTLE UPON TYNE HOSPITAL",C_999,Total,507.0,238.0,242.0,27.0,46.94,5.33
Apr-2026,R0B,SOUTH TYNESIDE AND SUNDERLAND NHS FOUNDATION TRUST,C_101,Urology Service,6170.0,4180.0,1990.0,0.0,67.75,0.0
Apr-2026,R0B,SOUTH TYNESIDE AND SUNDERLAND NHS FOUNDATION TRUST,C_340,Respiratory Medicine Service,2902.0,2231.0,671.0,0.0,76.88,0.0
Apr-2026,R0B,SOUTH TYNESIDE AND SUNDERLAND NHS FOUNDATION TRUST,C_301,Gastroenterology Service,1120.0,1089.0,31.0,0.0,97.23,0.0
Apr-2026,RLQ,WYE VALLEY NHS TRUST,C_110,Trauma and Orthopaedic Service,2854.0,1525.0,1274.0,55.0,53.43,1.93
Apr-2026,RLQ,WYE VALLEY NHS TRUST,C_300,General Internal Medicine Service,34.0,15.0,19.0,0.0,44.12,0.0
Apr-2026,RWP,WORCESTERSHIRE ACUTE HOSPITALS NHS TRUST,C_301,Gastroenterology Service,2553.0,2044.0,494.0,15.0,80.06,0.59
Apr-2026,RWP,WORCESTERSHIRE ACUTE HOSPITALS NHS TRUST,C_410,Rheumatology Service,604.0,552.0,52.0,0.0,91.39,0.0
Apr-2026,J7V1N,SPAMEDICA SOLIHULL,C_130,Ophthalmology Service,467.0,388.0,78.0,1.0,83.08,0.21
Apr-2026,RQ3,BIRMINGHAM WOMEN'S AND CHILDREN'S NHS FOUNDATION TRUST,C_502,Gynaecology Service,6087.0,3228.0,2846.0,13.0,53.03,0.21
Apr-2026,RQ3,BIRMINGHAM WOMEN'S AND CHILDREN'S NHS FOUNDATION TRUST,C_101,Urology Service,1.0,0.0,1.0,0.0,0.0,0.0
Apr-2026,RRJ,THE ROYAL ORTHOPAEDIC HOSPITAL NHS FOUNDATION TRUST,C_999,Total,12610.0,8276.0,4224.0,110.0,65.63,0.87
Apr-2026,RRJ,THE ROYAL ORTHOPAEDIC HOSPITAL NHS FOUNDATION TRUST,C_300,General Internal Medicine Service,243.0,173.0,70.0,0.0,71.19,0.0
Apr-2026,RRK,UNIVERSITY HOSPITALS BIRMINGHAM NHS FOUNDATION TRUST,C_300,General Internal Medicine Service,303.0,272.0,31.0,0.0,89.77,0.0
Apr-2026,RNN,NORTH CUMBRIA INTEGRATED CARE NHS FOUNDATION TRUST,C_110,Trauma and Orthopaedic Service,2560.0,1401.0,1112.0,47.0,54.73,1.84
Apr-2026,RR7,GATESHEAD HEALTH NHS FOUNDATION TRUST,C_999,Total,11812.0,9025.0,2778.0,9.0,76.41,0.08
Apr-2026,RR7,GATESHEAD HEALTH NHS FOUNDATION TRUST,C_301,Gastroenterology Service,801.0,704.0,97.0,0.0,87.89,0.0
Apr-2026,RR7,GATESHEAD HEALTH NHS FOUNDATION TRUST,C_340,Respiratory Medicine Service,391.0,328.0,63.0,0.0,83.89,0.0
Apr-2026,RTD,THE NEWCASTLE UPON TYNE HOSPITALS NHS FOUNDATION TRUST,C_320,Cardiology Service,2860.0,2197.0,644.0,19.0,76.82,0.66
Apr-2026,RTD,THE NEWCASTLE UPON TYNE HOSPITALS NHS FOUNDATION TRUST,C_410,Rheumatology Service,701.0,618.0,83.0,0.0,88.16,0.0
Apr-2026,RTD,THE NEWCASTLE UPON TYNE HOSPITALS NHS FOUNDATION TRUST,C_301,Gastroenterology Service,951.0,862.0,87.0,2.0,90.64,0.21
Apr-2026,RTF,NORTHUMBRIA HEALTHCARE NHS FOUNDATION TRUST,C_430,Elderly Medicine Service,669.0,665.0,4.0,0.0,99.4,0.0
Apr-2026,RTR,SOUTH TEES HOSPITALS NHS FOUNDATION TRUST,C_101,Urology Service,3869.0,2636.0,1197.0,36.0,68.13,0.93
Apr-2026,ACG26,NEWMEDICA - NORTH DERBYSHIRE - MIDLAND COURT,C_130,Ophthalmology Service,1368.0,1239.0,129.0,0.0,90.57,0.0
Apr-2026,RTG,UNIVERSITY HOSPITALS OF DERBY AND BURTON NHS FOUNDATION TRUST,C_410,Rheumatology Service,1428.0,1288.0,140.0,0.0,90.2,0.0
Apr-2026,RTE,GLOUCESTERSHIRE HOSPITALS NHS FOUNDATION TRUST,C_101,Urology Service,3587.0,2831.0,756.0,0.0,78.92,0.0
Apr-2026,RTE,GLOUCESTERSHIRE HOSPITALS NHS FOUNDATION TRUST,X04,Other - Paediatric Services,1236.0,913.0,323.0,0.0,73.87,0.0
Apr-2026,GEC01,RAPID INVESTIGATION SERVICE,C_999,Total,99.0,99.0,0.0,0.0,100.0,0.0
Apr-2026,L4R3R,NEWMEDICA - HAMPSHIRE,C_130,Ophthalmology Service,2321.0,1447.0,862.0,12.0,62.34,0.52
Apr-2026,NT418,HAMPSHIRE CLINIC,C_101,Urology Service,20.0,14.0,6.0,0.0,70.0,0.0
Apr-2026,NT418,HAMPSHIRE CLINIC,C_999,Total,337.0,195.0,141.0,1.0,57.86,0.3
Apr-2026,NTP11,PRACTICE PLUS GROUP HOSPITAL - SOUTHAMPTON,C_100,General Surgery Service,669.0,555.0,113.0,1.0,82.96,0.15
Apr-2026,NTP11,PRACTICE PLUS GROUP HOSPITAL - SOUTHAMPTON,C_120,Ear Nose and Throat Service,1900.0,1016.0,879.0,5.0,53.47,0.26
Apr-2026,R1F,ISLE OF WIGHT NHS TRUST,C_300,General Internal Medicine Service,2.0,1.0,1.0,0.0,50.0,0.0
Apr-2026,R1F,ISLE OF WIGHT NHS TRUST,C_430,Elderly Medicine Service,35.0,35.0,0.0,0.0,100.0,0.0
Apr-2026,RHM,UNIVERSITY HOSPITAL SOUTHAMPTON NHS FOUNDATION TRUST,C_110,Trauma and Orthopaedic Service,3791.0,1924.0,1768.0,99.0,50.75,2.61
Apr-2026,RHM,UNIVERSITY HOSPITAL SOUTHAMPTON NHS FOUNDATION TRUST,C_130,Ophthalmology Service,6864.0,4975.0,1883.0,6.0,72.48,0.09
Apr-2026,RHM,UNIVERSITY HOSPITAL SOUTHAMPTON NHS FOUNDATION TRUST,C_170,Cardiothoracic Surgery Service,502.0,403.0,99.0,0.0,80.28,0.0
Apr-2026,NAM01,PROBUS SURGICAL CENTRE,C_110,Trauma and Orthopaedic Service,99.0,94.0,5.0,0.0,94.95,0.0
Apr-2026,RBK,WALSALL HEALTHCARE NHS TRUST,C_110,Trauma and Orthopaedic Service,3744.0,2317.0,1426.0,1.0,61.89,0.03
Apr-2026,RBK,WALSALL HEALTHCARE NHS TRUST,C_400,Neurology Service,497.0,492.0,5.0,0.0,98.99,0.0
Apr-2026,RBK,WALSALL HEALTHCARE NHS TRUST,C_130,Ophthalmology Service,855.0,800.0,55.0,0.0,93.57,0.0
Apr-2026,RHU,PORTSMOUTH HOSPITALS UNIVERSITY NHS TRUST,C_340,Respiratory Medicine Service,594.0,579.0,15.0,0.0,97.47,0.0
Apr-2026,RHU,PORTSMOUTH HOSPITALS UNIVERSITY NHS TRUST,X02,Other - Medical Services,2815.0,2139.0,674.0,2.0,75.99,0.07
Apr-2026,RW1,HAMPSHIRE AND ISLE OF WIGHT HEALTHCARE NHS FOUNDATION TRUST,C_120,Ear Nose and Throat Service,30.0,30.0,0.0,0.0,100.0,0.0
Apr-2026,NTPH1,PRACTICE PLUS GROUP HOSPITAL - SHEPTON MALLET,C_101,Urology Service,55.0,47.0,8.0,0.0,85.45,0.0
Apr-2026,RH5,SOMERSET NHS FOUNDATION TRUST,C_110,Trauma and Orthopaedic Service,8418.0,5361.0,2770.0,287.0,63.68,3.41
Apr-2026,RH5,SOMERSET NHS FOUNDATION TRUST,C_430,Elderly Medicine Service,660.0,545.0,114.0,1.0,82.58,0.15
Apr-2026,NT30A,SPIRE NOTTINGHAM HOSPITAL,C_999,Total,625.0,515.0,110.0,0.0,82.4,0.0
Apr-2026,NT427,PARK HOSPITAL,C_101,Urology Service,82.0,74.0,8.0,0.0,90.24,0.0
Apr-2026,NT427,PARK HOSPITAL,C_150,Neurosurgical Service,20.0,20.0,0.0,0.0,100.0,0.0
Apr-2026,NVC40,WOODTHORPE HOSPITAL,C_100,General Surgery Service,153.0,102.0,50.0,1.0,66.67,0.65
Apr-2026,RX1,NOTTINGHAM UNIVERSITY HOSPITALS NHS TRUST,C_301,Gastroenterology Service,8331.0,5647.0,2626.0,58.0,67.78,0.7
Apr-2026,RX1,NOTTINGHAM UNIVERSITY HOSPITALS NHS TRUST,C_140,Oral Surgery Service,2204.0,993.0,1183.0,28.0,45.05,1.27
Apr-2026,RX1,NOTTINGHAM UNIVERSITY HOSPITALS NHS TRUST,C_502,Gynaecology Service,8486.0,4422.0,3558.0,506.0,52.11,5.96
Apr-2026,RX1,NOTTINGHAM UNIVERSITY HOSPITALS NHS TRUST,X06,Other - Other Services,988.0,884.0,101.0,3.0,89.47,0.3
Apr-2026,RX1,NOTTINGHAM UNIVERSITY HOSPITALS NHS TRUST,C_170,Cardiothoracic Surgery Service,266.0,229.0,35.0,2.0,86.09,0.75
Apr-2026,RL4,THE ROYAL WOLVERHAMPTON NHS TRUST,X06,Other - Other Services,99.0,54.0,44.0,1.0,54.55,1.01
Apr-2026,RL4,THE ROYAL WOLVERHAMPTON NHS TRUST,X05,Other - Surgical Services,7374.0,4541.0,2719.0,114.0,61.58,1.55
Apr-2026,RNA,THE DUDLEY GROUP NHS FOUNDATION TRUST,C_110,Trauma and Orthopaedic Service,4166.0,2653.0,1513.0,0.0,63.68,0.0
Apr-2026,RNA,THE DUDLEY GROUP NHS FOUNDATION TRUST,X05,Other - Surgical Services,2332.0,1796.0,536.0,0.0,77.02,0.0
Apr-2026,RXK,SANDWELL AND WEST BIRMINGHAM HOSPITALS NHS TRUST,C_340,Respiratory Medicine Service,1839.0,1703.0,135.0,1.0,92.6,0.05
Apr-2026,NTPH2,PRACTICE PLUS GROUP HOSPITAL - EMERSONS GREEN,C_110,Trauma and Orthopaedic Service,679.0,592.0,87.0,0.0,87.19,0.0
Apr-2026,NWV01,COHESE HEALTHCARE,C_101,Urology Service,954.0,953.0,1.0,0.0,99.9,0.0
Apr-2026,RA7,UNIVERSITY HOSPITALS BRISTOL AND WESTON NHS FOUNDATION TRUST,C_502,Gynaecology Service,3467.0,2131.0,1293.0,43.0,61.47,1.24
Apr-2026,RVJ,NORTH BRISTOL NHS TRUST,C_110,Trauma and Orthopaedic Service,5683.0,3698.0,1984.0,1.0,65.07,0.02
Apr-2026,T1T4S,ACES BRISTOL,C_999,Total,68.0,59.0,9.0,0.0,86.76,0.0
Apr-2026,NT443,WINTERBOURNE HOSPITAL,C_999,Total,417.0,312.0,105.0,0.0,74.82,0.0
Apr-2026,R0D,UNIVERSITY HOSPITALS DORSET NHS FOUNDATION TRUST,C_330,Dermatology Service,4328.0,2788.0,1534.0,6.0,64.42,0.14
Apr-2026,K8I4X,GLENDON WOOD HOSPITAL,C_110,Trauma and Orthopaedic Service,400.0,283.0,117.0,0.0,70.75,0.0
Apr-2026,RNS,NORTHAMPTON GENERAL HOSPITAL NHS TRUST,C_502,Gynaecology Service,3385.0,1333.0,2023.0,29.0,39.38,0.86
Apr-2026,RNS,NORTHAMPTON GENERAL HOSPITAL NHS TRUST,C_300,General Internal Medicine Service,594.0,335.0,259.0,0.0,56.4,0.0
Apr-2026,RNS,NORTHAMPTON GENERAL HOSPITAL NHS TRUST,C_160,Plastic Surgery Service,154.0,68.0,84.0,2.0,44.16,1.3
Apr-2026,AAH,TETBURY HOSPITAL TRUST LTD,X06,Other - Other Services,13.0,13.0,0.0,0.0,100.0,0.0
Apr-2026,RMC,BOLTON NHS FOUNDATION TRUST,C_502,Gynaecology Service,3213.0,1557.0,1607.0,49.0,48.46,1.53
Apr-2026,RMC,BOLTON NHS FOUNDATION TRUST,C_170,Cardiothoracic Surgery Service,58.0,21.0,37.0,0.0,36.21,0.0
Apr-2026,RMP,TAMESIDE AND GLOSSOP INTEGRATED CARE NHS FOUNDATION TRUST,C_999,Total,16283.0,12465.0,3818.0,0.0,76.55,0.0
Apr-2026,RMP,TAMESIDE AND GLOSSOP INTEGRATED CARE NHS FOUNDATION TRUST,X02,Other - Medical Services,1265.0,1053.0,212.0,0.0,83.24,0.0
Apr-2026,RMP,TAMESIDE AND GLOSSOP INTEGRATED CARE NHS FOUNDATION TRUST,C_410,Rheumatology Service,303.0,288.0,15.0,0.0,95.05,0.0
Apr-2026,RRF,"WRIGHTINGTON, WIGAN AND LEIGH TEACHING HOSPITALS NHS FOUNDATION TRUST",C_110,Trauma and Orthopaedic Service,8643.0,5019.0,3451.0,173.0,58.07,2.0
Apr-2026,RWJ,STOCKPORT NHS FOUNDATION TRUST,C_100,General Surgery Service,3331.0,2136.0,1169.0,26.0,64.12,0.78
Apr-2026,RWJ,STOCKPORT NHS FOUNDATION TRUST,C_110,Trauma and Orthopaedic Service,6045.0,3445.0,2555.0,45.0,56.99,0.74
Apr-2026,RWJ,STOCKPORT NHS FOUNDATION TRUST,X02,Other - Medical Services,3226.0,1933.0,1277.0,16.0,59.92,0.5
Apr-2026,NT447,DUCHY HOSPITAL,C_110,Trauma and Orthopaedic Service,245.0,193.0,52.0,0.0,78.78,0.0
Apr-2026,RCB,YORK AND SCARBOROUGH TEACHING HOSPITALS NHS FOUNDATION TRUST,C_140,Oral Surgery Service,3902.0,1823.0,1990.0,89.0,46.72,2.28
Apr-2026,RJL,NORTHERN LINCOLNSHIRE AND GOOLE NHS FOUNDATION TRUST,C_150,Neurosurgical Service,1.0,1.0,0.0,0.0,100.0,0.0
Apr-2026,RWA,HULL UNIVERSITY TEACHING HOSPITALS NHS TRUST,C_120,Ear Nose and Throat Service,6786.0,3288.0,3216.0,282.0,48.45,4.16
Apr-2026,RWA,HULL UNIVERSITY TEACHING HOSPITALS NHS TRUST,C_160,Plastic Surgery Service,4181.0,1725.0,2015.0,441.0,41.26,10.55
Apr-2026,NQT5K,ST MARTINS HOSPITAL,C_430,Elderly Medicine Service,39.0,38.0,0.0,1.0,97.44,2.56
Apr-2026,NTPH3,PRACTICE PLUS GROUP SURGICAL CENTRE - DEVIZES,C_301,Gastroenterology Service,223.0,223.0,0.0,0.0,100.0,0.0
Apr-2026,NVC09,NEW HALL HOSPITAL,C_400,Neurology Service,4.0,4.0,0.0,0.0,100.0,0.0
Apr-2026,RD1,ROYAL UNITED HOSPITALS BATH NHS FOUNDATION TRUST,X05,Other - Surgical Services,1969.0,1447.0,519.0,3.0,73.49,0.15
Apr-2026,RN3,GREAT WESTERN HOSPITALS NHS FOUNDATION TRUST,X04,Other - Paediatric Services,1721.0,933.0,775.0,13.0,54.21,0.76
Apr-2026,RNZ,SALISBURY NHS FOUNDATION TRUST,C_101,Urology Service,2521.0,2060.0,458.0,3.0,81.71,0.12
Apr-2026,RNZ,SALISBURY NHS FOUNDATION TRUST,C_410,Rheumatology Service,630.0,380.0,250.0,0.0,60.32,0.0
Apr-2026,NT211,"NUFFIELD HEALTH, CHELTENHAM HOSPITAL",C_110,Trauma and Orthopaedic Service,45.0,17.0,23.0,5.0,37.78,11.11
Apr-2026,RTE,GLOUCESTERSHIRE HOSPITALS NHS FOUNDATION TRUST,C_100,General Surgery Service,1.0,1.0,0.0,0.0,100.0,0.0
Apr-2026,RTE,GLOUCESTERSHIRE HOSPITALS NHS FOUNDATION TRUST,C_170,Cardiothoracic Surgery Service,33.0,33.0,0.0,0.0,100.0,0.0
Apr-2026,F9Z4V,CIRCLE READING HOSPITAL,C_100,General Surgery Service,135.0,119.0,16.0,0.0,88.15,0.0
Apr-2026,F9Z4V,CIRCLE READING HOSPITAL,C_502,Gynaecology Service,81.0,58.0,23.0,0.0,71.6,0.0
Apr-2026,NT410,CHILTERN HOSPITAL,C_999,Total,381.0,316.0,65.0,0.0,82.94,0.0
Apr-2026,NT435,SHELBURNE HOSPITAL,C_110,Trauma and Orthopaedic Service,61.0,36.0,25.0,0.0,59.02,0.0
Apr-2026,NV1,INHEALTH LIMITED,C_999,Total,1063.0,856.0,207.0,0.0,80.53,0.0
Apr-2026,RHW,ROYAL BERKSHIRE NHS FOUNDATION TRUST,C_101,Urology Service,2271.0,1937.0,334.0,0.0,85.29,0.0
Apr-2026,RHW,ROYAL BERKSHIRE NHS FOUNDATION TRUST,C_130,Ophthalmology Service,5385.0,4575.0,806.0,4.0,84.96,0.07
Apr-2026,NT210,"NUFFIELD HEALTH, THE GROSVENOR HOSPITAL, CHESTER",C_110,Trauma and Orthopaedic Service,365.0,260.0,105.0,0.0,71.23,0.0
Apr-2026,NT339,SPIRE REGENCY HOSPITAL,C_101,Urology Service,55.0,55.0,0.0,0.0,100.0,0.0
Apr-2026,NT339,SPIRE REGENCY HOSPITAL,X05,Other - Surgical Services,828.0,828.0,0.0,0.0,100.0,0.0
Apr-2026,RBN,MERSEY AND WEST LANCASHIRE TEACHING HOSPITALS NHS TRUST,C_502,Gynaecology Service,5520.0,3774.0,1682.0,64.0,68.37,1.16
Apr-2026,RBQ,LIVERPOOL HEART AND CHEST HOSPITAL NHS FOUNDATION TRUST,C_999,Total,5297.0,4262.0,1017.0,18.0,80.46,0.34
Apr-2026,RBQ,LIVERPOOL HEART AND CHEST HOSPITAL NHS FOUNDATION TRUST,C_340,Respiratory Medicine Service,921.0,856.0,65.0,0.0,92.94,0.0
Apr-2026,RBQ,LIVERPOOL HEART AND CHEST HOSPITAL NHS FOUNDATION TRUST,C_170,Cardiothoracic Surgery Service,832.0,504.0,310.0,18.0,60.58,2.16
Apr-2026,RJN,EAST CHESHIRE NHS TRUST,C_301,Gastroenterology Service,1843.0,895.0,865.0,83.0,48.56,4.5
Apr-2026,Y9S1N,FAIRFIELD INDEPENDENT HOSPITAL,C_130,Ophthalmology Service,47.0,34.0,13.0,0.0,72.34,0.0
Apr-2026,RTH,OXFORD UNIVERSITY HOSPITALS NHS FOUNDATION TRUST,C_340,Respiratory Medicine Service,1499.0,1289.0,210.0,0.0,85.99,0.0
Apr-2026,RXQ,BUCKINGHAMSHIRE HEALTHCARE NHS TRUST,C_140,Oral Surgery Service,939.0,699.0,239.0,1.0,74.44,0.11
Apr-2026,RXQ,BUCKINGHAMSHIRE HEALTHCARE NHS TRUST,X04,Other - Paediatric Services,829.0,558.0,271.0,0.0,67.31,0.0
Apr-2026,AWR,ONE STOP DOCTORS LIMITED,C_110,Trauma and Orthopaedic Service,547.0,422.0,123.0,2.0,77.15,0.37
Apr-2026,NQM01,ORTHOPAEDICS & SPINE SPECIALIST HOSPITAL SITE,C_999,Total,152.0,124.0,28.0,0.0,81.58,0.0
Apr-2026,NT316,SPIRE HARPENDEN HOSPITAL,C_999,Total,714.0,600.0,114.0,0.0,84.03,0.0
Apr-2026,NVC19,RIVERS HOSPITAL,C_120,Ear Nose and Throat Service,221.0,143.0,78.0,0.0,64.71,0.0
Apr-2026,RCX,"THE QUEEN ELIZABETH HOSPITAL, KING'S LYNN, NHS FOUNDATION TRUST",C_100,General Surgery Service,1747.0,871.0,814.0,62.0,49.86,3.55
Apr-2026,RCX,"THE QUEEN ELIZABETH HOSPITAL, KING'S LYNN, NHS FOUNDATION TRUST",C_101,Urology Service,1660.0,994.0,633.0,33.0,59.88,1.99
Apr-2026,RGP,JAMES PAGET UNIVERSITY HOSPITALS NHS FOUNDATION TRUST,X06,Other - Other Services,40.0,40.0,0.0,0.0,100.0,0.0
Apr-2026,RGR,WEST SUFFOLK NHS FOUNDATION TRUST,C_400,Neurology Service,894.0,542.0,343.0,9.0,60.63,1.01
Apr-2026,RM1,NORFOLK AND NORWICH UNIVERSITY HOSPITALS NHS FOUNDATION TRUST,C_100,General Surgery Service,4354.0,2654.0,1628.0,72.0,60.96,1.65
Apr-2026,NHW,STANDARD HEALTH LTD,C_110,Trauma and Orthopaedic Service,124.0,82.0,42.0,0.0,66.13,0.0
Apr-2026,R1K,LONDON NORTH WEST UNIVERSITY HEALTHCARE NHS TRUST,C_130,Ophthalmology Service,1490.0,1278.0,211.0,1.0,85.77,0.07
Apr-2026,R1K,LONDON NORTH WEST UNIVERSITY HEALTHCARE NHS TRUST,C_999,Total,82788.0,51688.0,30308.0,792.0,62.43,0.96
Apr-2026,RAL,ROYAL FREE LONDON NHS FOUNDATION TRUST,C_430,Elderly Medicine Service,123.0,120.0,3.0,0.0,97.56,0.0
Apr-2026,RAL,ROYAL FREE LONDON NHS FOUNDATION TRUST,X03,Other - Mental Health Services,4.0,4.0,0.0,0.0,100.0,0.0
Apr-2026,RKE,WHITTINGTON HEALTH NHS TRUST,C_400,Neurology Service,808.0,594.0,214.0,0.0,73.51,0.0
Apr-2026,RKE,WHITTINGTON HEALTH NHS TRUST,X04,Other - Paediatric Services,2.0,2.0,0.0,0.0,100.0,0.0
Apr-2026,RP4,GREAT ORMOND STREET HOSPITAL FOR CHILDREN NHS FOUNDATION TRUST,X05,Other - Surgical Services,57.0,28.0,23.0,6.0,49.12,10.53
Apr-2026,RPY,THE ROYAL MARSDEN NHS FOUNDATION TRUST,X06,Other - Other Services,359.0,337.0,22.0,0.0,93.87,0.0
Apr-2026,RQM,CHELSEA AND WESTMINSTER HOSPITAL NHS FOUNDATION TRUST,C_330,Dermatology Service,5414.0,3737.0,1676.0,1.0,69.02,0.02
Apr-2026,RQM,CHELSEA AND WESTMINSTER HOSPITAL NHS FOUNDATION TRUST,C_999,Total,76088.0,50533.0,24600.0,955.0,66.41,1.26
Apr-2026,RQM,CHELSEA AND WESTMINSTER HOSPITAL NHS FOUNDATION TRUST,C_110,Trauma and Orthopaedic Service,5760.0,2907.0,2662.0,191.0,50.47,3.32
Apr-2026,RQM,CHELSEA AND WESTMINSTER HOSPITAL NHS FOUNDATION TRUST,C_130,Ophthalmology Service,2534.0,1585.0,896.0,53.0,62.55,2.09
Apr-2026,RBD,DORSET COUNTY HOSPITAL NHS FOUNDATION TRUST,C_140,Oral Surgery Service,1566.0,908.0,650.0,8.0,57.98,0.51
Apr-2026,NLG,COMMUNITAS CLINICS,C_120,Ear Nose and Throat Service,4440.0,3111.0,1302.0,27.0,70.07,0.61
Apr-2026,RAX,KINGSTON AND RICHMOND NHS FOUNDATION TRUST,C_410,Rheumatology Service,326.0,306.0,20.0,0.0,93.87,0.0
Apr-2026,NT348,SPIRE ELLAND HOSPITAL,C_502,Gynaecology Service,52.0,45.0,7.0,0.0,86.54,0.0
Apr-2026,RJ6,CROYDON HEALTH SERVICES NHS TRUST,C_140,Oral Surgery Service,2246.0,718.0,1461.0,67.0,31.97,2.98
Apr-2026,RJ6,CROYDON HEALTH SERVICES NHS TRUST,C_160,Plastic Surgery Service,77.0,54.0,22.0,1.0,70.13,1.3
Apr-2026,RJ6,CROYDON HEALTH SERVICES NHS TRUST,C_300,General Internal Medicine Service,37.0,33.0,4.0,0.0,89.19,0.0
Apr-2026,RJ7,ST GEORGE'S UNIVERSITY HOSPITALS NHS FOUNDATION TRUST,C_320,Cardiology Service,6002.0,3727.0,2188.0,87.0,62.1,1.45
Apr-2026,RJ7,ST GEORGE'S UNIVERSITY HOSPITALS NHS FOUNDATION TRUST,C_300,General Internal Medicine Service,140.0,119.0,19.0,2.0,85.0,1.43
Apr-2026,RVR,EPSOM AND ST HELIER UNIVERSITY HOSPITALS NHS TRUST,X04,Other - Paediatric Services,5556.0,3833.0,1713.0,10.0,68.99,0.18
Apr-2026,RR8,LEEDS TEACHING HOSPITALS NHS TRUST,C_430,Elderly Medicine Service,42.0,42.0,0.0,0.0,100.0,0.0
Apr-2026,RWY,CALDERDALE AND HUDDERSFIELD NHS FOUNDATION TRUST,C_300,General Internal Medicine Service,70.0,69.0,1.0,0.0,98.57,0.0
Apr-2026,RXF,MID YORKSHIRE TEACHING NHS TRUST,C_160,Plastic Surgery Service,1489.0,1076.0,412.0,1.0,72.26,0.07
Apr-2026,RXF,MID YORKSHIRE TEACHING NHS TRUST,X02,Other - Medical Services,6702.0,4458.0,2241.0,3.0,66.52,0.04
Apr-2026,RXF,MID YORKSHIRE TEACHING NHS TRUST,C_301,Gastroenterology Service,3428.0,2653.0,775.0,0.0,77.39,0.0
Apr-2026,X0R3Y,ACES LEEDS KING STREET,C_130,Ophthalmology Service,11.0,7.0,3.0,1.0,63.64,9.09
Apr-2026,NPG21,SPAMEDICA COVENTRY,C_999,Total,662.0,612.0,50.0,0.0,92.45,0.0
Apr-2026,NT424,MERIDEN HOSPITAL,C_100,General Surgery Service,336.0,259.0,77.0,0.0,77.08,0.0
Apr-2026,NT424,MERIDEN HOSPITAL,X06,Other - Other Services,12.0,11.0,1.0,0.0,91.67,0.0
Apr-2026,RJC,SOUTH WARWICKSHIRE UNIVERSITY NHS FOUNDATION TRUST,C_130,Ophthalmology Service,3760.0,2529.0,1220.0,11.0,67.26,0.29
Apr-2026,RJC,SOUTH WARWICKSHIRE UNIVERSITY NHS FOUNDATION TRUST,C_301,Gastroenterology Service,1778.0,1346.0,429.0,3.0,75.7,0.17
Apr-2026,RKB,UNIVERSITY HOSPITALS COVENTRY AND WARWICKSHIRE NHS TRUST,X02,Other - Medical Services,6143.0,4340.0,1630.0,173.0,70.65,2.82
Apr-2026,RLT,GEORGE ELIOT HOSPITAL NHS TRUST,C_300,General Internal Medicine Service,282.0,246.0,36.0,0.0,87.23,0.0
Apr-2026,DTT,PHOENIX PUBLIC HEALTH LTD,C_999,Total,158.0,143.0,15.0,0.0,90.51,0.0
Apr-2026,D9E5L,OPTEGRA EYE HOSPITAL BRIGHTON,C_130,Ophthalmology Service,661.0,660.0,0.0,1.0,99.85,0.15
Apr-2026,I9A4A,SPAMEDICA BRIGHTON,C_130,Ophthalmology Service,276.0,248.0,28.0,0.0,89.86,0.0
Apr-2026,I9A4A,SPAMEDICA BRIGHTON,C_999,Total,276.0,248.0,28.0,0.0,89.86,0.0
Apr-2026,NNE,DORKING HEALTHCARE LIMITED (DHC),C_150,Neurosurgical Service,72.0,53.0,19.0,0.0,73.61,0.0
Apr-2026,NT241,"NUFFIELD HEALTH, WOKING HOSPITAL",C_100,General Surgery Service,19.0,5.0,8.0,6.0,26.32,31.58
Apr-2026,NT364,SPIRE MONTEFIORE HOSPITAL,C_110,Trauma and Orthopaedic Service,476.0,249.0,216.0,11.0,52.31,2.31
Apr-2026,NT431,RUNNYMEDE HOSPITAL,C_130,Ophthalmology Service,1.0,1.0,0.0,0.0,100.0,0.0
Apr-2026,NVM,EPSOMEDICAL GROUP,C_110,Trauma and Orthopaedic Service,77.0,73.0,4.0,0.0,94.81,0.0
Apr-2026,NVM,EPSOMEDICAL GROUP,C_301,Gastroenterology Service,471.0,264.0,194.0,13.0,56.05,2.76
Apr-2026,O9Q4E,ANGLIA COMMUNITY EYE SERVICE - PETERBOROUGH,C_999,Total,359.0,274.0,84.0,1.0,76.32,0.28
Apr-2026,RC9,BEDFORDSHIRE HOSPITALS NHS FOUNDATION TRUST,C_140,Oral Surgery Service,7102.0,3216.0,3689.0,197.0,45.28,2.77
Apr-2026,RC9,BEDFORDSHIRE HOSPITALS NHS FOUNDATION TRUST,X06,Other - Other Services,968.0,714.0,254.0,0.0,73.76,0.0
Apr-2026,RD8,MILTON KEYNES UNIVERSITY HOSPITAL NHS FOUNDATION TRUST,X02,Other - Medical Services,3528.0,2316.0,1138.0,74.0,65.65,2.1
Apr-2026,RGN,NORTH WEST ANGLIA NHS FOUNDATION TRUST,C_130,Ophthalmology Service,6675.0,3841.0,2787.0,47.0,57.54,0.7
Apr-2026,RGT,CAMBRIDGE UNIVERSITY HOSPITALS NHS FOUNDATION TRUST,C_300,General Internal Medicine Service,745.0,275.0,397.0,73.0,36.91,9.8
Apr-2026,RGT,CAMBRIDGE UNIVERSITY HOSPITALS NHS FOUNDATION TRUST,C_301,Gastroenterology Service,1670.0,1409.0,261.0,0.0,84.37,0.0
Apr-2026,RT1,CAMBRIDGESHIRE AND PETERBOROUGH NHS FOUNDATION TRUST,C_999,Total,153.0,61.0,86.0,6.0,39.87,3.92
Apr-2026,RWG,WEST HERTFORDSHIRE TEACHING HOSPITALS NHS TRUST,C_400,Neurology Service,1371.0,946.0,425.0,0.0,69.0,0.0
Apr-2026,RWG,WEST HERTFORDSHIRE TEACHING HOSPITALS NHS TRUST,C_410,Rheumatology Service,1056.0,719.0,337.0,0.0,68.09,0.0
Apr-2026,RA2,ROYAL SURREY NHS FOUNDATION TRUST,C_410,Rheumatology Service,274.0,263.0,11.0,0.0,95.99,0.0
Apr-2026,RDR,SUSSEX COMMUNITY NHS FOUNDATION TRUST,C_110,Trauma and Orthopaedic Service,12734.0,6679.0,5939.0,116.0,52.45,0.91
Apr-2026,RDU,FRIMLEY HEALTH NHS FOUNDATION TRUST,C_160,Plastic Surgery Service,2664.0,1219.0,1433.0,12.0,45.76,0.45
Apr-2026,RDU,FRIMLEY HEALTH NHS FOUNDATION TRUST,C_340,Respiratory Medicine Service,1677.0,1496.0,181.0,0.0,89.21,0.0
Apr-2026,RDU,FRIMLEY HEALTH NHS FOUNDATION TRUST,C_999,Total,66122.0,40183.0,25277.0,662.0,60.77,1.0
Apr-2026,RDU,FRIMLEY HEALTH NHS FOUNDATION TRUST,X03,Other - Mental Health Services,1.0,1.0,0.0,0.0,100.0,0.0
Apr-2026,RPC,QUEEN VICTORIA HOSPITAL NHS FOUNDATION TRUST,C_140,Oral Surgery Service,8079.0,4665.0,3353.0,61.0,57.74,0.76
Apr-2026,RTK,ASHFORD AND ST PETER'S HOSPITALS NHS FOUNDATION TRUST,C_430,Elderly Medicine Service,218.0,176.0,42.0,0.0,80.73,0.0
Apr-2026,RTP,SURREY AND SUSSEX HEALTHCARE NHS TRUST,C_320,Cardiology Service,2585.0,2202.0,380.0,3.0,85.18,0.12
Apr-2026,RTP,SURREY AND SUSSEX HEALTHCARE NHS TRUST,C_430,Elderly Medicine Service,195.0,162.0,33.0,0.0,83.08,0.0
Apr-2026,RXC,EAST SUSSEX HEALTHCARE NHS TRUST,X06,Other - Other Services,989.0,534.0,455.0,0.0,53.99,0.0
Apr-2026,RYR,UNIVERSITY HOSPITALS SUSSEX NHS FOUNDATION TRUST,C_400,Neurology Service,4923.0,2000.0,2868.0,55.0,40.63,1.12
Apr-2026,F7B2B,ANGLIA COMMUNITY EYE SERVICE - BURY ST EDMUNDS,C_999,Total,13.0,10.0,3.0,0.0,76.92,0.0
Apr-2026,NT318,SPIRE NORWICH HOSPITAL,C_110,Trauma and Orthopaedic Service,842.0,642.0,198.0,2.0,76.25,0.24
Apr-2026,J2H6H,SPAMEDICA COLCHESTER,C_130,Ophthalmology Service,184.0,172.0,12.0,0.0,93.48,0.0
Apr-2026,NT319,SPIRE HARTSWOOD HOSPITAL,C_999,Total,1074.0,785.0,287.0,2.0,73.09,0.19
Apr-2026,NVC18,SPRINGFIELD HOSPITAL,C_110,Trauma and Orthopaedic Service,1727.0,1130.0,568.0,29.0,65.43,1.68
Apr-2026,NVC18,SPRINGFIELD HOSPITAL,C_120,Ear Nose and Throat Service,918.0,688.0,230.0,0.0,74.95,0.0
Apr-2026,RAJ,MID AND SOUTH ESSEX NHS FOUNDATION TRUST,C_320,Cardiology Service,10760.0,7513.0,3205.0,42.0,69.82,0.39
Apr-2026,RAJ,MID AND SOUTH ESSEX NHS FOUNDATION TRUST,C_150,Neurosurgical Service,62.0,14.0,43.0,5.0,22.58,8.06
Apr-2026,RDE,EAST SUFFOLK AND NORTH ESSEX NHS FOUNDATION TRUST,C_140,Oral Surgery Service,3930.0,2045.0,1883.0,2.0,52.04,0.05
Apr-2026,X7M7U,ACES LAKESIDE,C_999,Total,11.0,11.0,0.0,0.0,100.0,0.0
Apr-2026,A4M8P,BUCKSHAW HOSPITAL,C_110,Trauma and Orthopaedic Service,219.0,180.0,39.0,0.0,82.19,0.0
Apr-2026,A4M8P,BUCKSHAW HOSPITAL,X06,Other - Other Services,1.0,0.0,1.0,0.0,0.0,0.0
Apr-2026,AAV,COMMUNITY HEALTH AND EYECARE LIMITED,C_301,Gastroenterology Service,681.0,656.0,25.0,0.0,96.33,0.0
Apr-2026,NPG13,SPAMEDICA SKELMERSDALE,C_130,Ophthalmology Service,118.0,107.0,11.0,0.0,90.68,0.0
Apr-2026,NT347,SPIRE FYLDE COAST HOSPITAL,C_301,Gastroenterology Service,2.0,1.0,1.0,0.0,50.0,0.0
Apr-2026,NVC05,EUXTON HALL HOSPITAL,C_101,Urology Service,8.0,8.0,0.0,0.0,100.0,0.0
Apr-2026,NVC07,FULWOOD HALL HOSPITAL,C_160,Plastic Surgery Service,5.0,5.0,0.0,0.0,100.0,0.0
Apr-2026,NVC16,RENACRES HOSPITAL,C_999,Total,4927.0,2340.0,2527.0,60.0,47.49,1.22
Apr-2026,RTX,UNIVERSITY HOSPITALS OF MORECAMBE BAY NHS FOUNDATION TRUST,C_301,Gastroenterology Service,2235.0,1817.0,416.0,2.0,81.3,0.09
Apr-2026,RTX,UNIVERSITY HOSPITALS OF MORECAMBE BAY NHS FOUNDATION TRUST,C_320,Cardiology Service,812.0,610.0,196.0,6.0,75.12,0.74
Apr-2026,RXL,BLACKPOOL TEACHING HOSPITALS NHS FOUNDATION TRUST,C_330,Dermatology Service,3056.0,2038.0,1018.0,0.0,66.69,0.0
Apr-2026,RXL,BLACKPOOL TEACHING HOSPITALS NHS FOUNDATION TRUST,C_430,Elderly Medicine Service,56.0,55.0,1.0,0.0,98.21,0.0
Apr-2026,RXN,LANCASHIRE TEACHING HOSPITALS NHS FOUNDATION TRUST,C_300,General Internal Medicine Service,1955.0,1211.0,732.0,12.0,61.94,0.61
Apr-2026,RXR,EAST LANCASHIRE HOSPITALS NHS TRUST,C_100,General Surgery Service,3377.0,2106.0,1271.0,0.0,62.36,0.0
Apr-2026,RXR,EAST LANCASHIRE HOSPITALS NHS TRUST,C_999,Total,47348.0,33443.0,13596.0,309.0,70.63,0.65
Apr-2026,B3M1X,CLAREMONT PRIVATE HOSPITAL,C_150,Neurosurgical Service,381.0,244.0,130.0,7.0,64.04,1.84
Apr-2026,B3M1X,CLAREMONT PRIVATE HOSPITAL,C_502,Gynaecology Service,179.0,106.0,72.0,1.0,59.22,0.56
Apr-2026,NTX,THE ONE HEALTH GROUP PLC,C_100,General Surgery Service,559.0,473.0,83.0,3.0,84.62,0.54
Apr-2026,RFF,BARNSLEY HOSPITAL NHS FOUNDATION TRUST,X02,Other - Medical Services,450.0,437.0,13.0,0.0,97.11,0.0
Apr-2026,RFR,THE ROTHERHAM NHS FOUNDATION TRUST,C_430,Elderly Medicine Service,97.0,93.0,4.0,0.0,95.88,0.0
Apr-2026,RP5,DONCASTER AND BASSETLAW TEACHING HOSPITALS NHS FOUNDATION TRUST,C_330,Dermatology Service,2690.0,2078.0,612.0,0.0,77.25,0.0
Apr-2026,RP5,DONCASTER AND BASSETLAW TEACHING HOSPITALS NHS FOUNDATION TRUST,X05,Other - Surgical Services,2367.0,1600.0,766.0,1.0,67.6,0.04
Apr-2026,RP5,DONCASTER AND BASSETLAW TEACHING HOSPITALS NHS FOUNDATION TRUST,C_410,Rheumatology Service,856.0,590.0,266.0,0.0,68.93,0.0
Apr-2026,RRV,UNIVERSITY COLLEGE LONDON HOSPITALS NHS FOUNDATION TRUST,C_100,General Surgery Service,55.0,37.0,18.0,0.0,67.27,0.0
Apr-2026,RRV,UNIVERSITY COLLEGE LONDON HOSPITALS NHS FOUNDATION TRUST,C_430,Elderly Medicine Service,67.0,66.0,1.0,0.0,98.51,0.0
Apr-2026,RYJ,IMPERIAL COLLEGE HEALTHCARE NHS TRUST,C_110,Trauma and Orthopaedic Service,2985.0,1896.0,1087.0,2.0,63.52,0.07
Apr-2026,RYJ,IMPERIAL COLLEGE HEALTHCARE NHS TRUST,X04,Other - Paediatric Services,4574.0,3346.0,1214.0,14.0,73.15,0.31
Apr-2026,RYJ,IMPERIAL COLLEGE HEALTHCARE NHS TRUST,C_320,Cardiology Service,7416.0,5092.0,2323.0,1.0,68.66,0.01
Apr-2026,RYJ,IMPERIAL COLLEGE HEALTHCARE NHS TRUST,C_330,Dermatology Service,4021.0,2732.0,1289.0,0.0,67.94,0.0
Apr-2026,RQX,HOMERTON HEALTHCARE NHS FOUNDATION TRUST,X05,Other - Surgical Services,245.0,238.0,7.0,0.0,97.14,0.0
Apr-2026,V3J9W,PASTEL HEALTH,X02,Other - Medical Services,118.0,65.0,52.0,1.0,55.08,0.85
Apr-2026,V3J9W,PASTEL HEALTH,C_999,Total,118.0,65.0,52.0,1.0,55.08,0.85
Apr-2026,NT230,"NUFFIELD HEALTH, NORTH STAFFORDSHIRE HOSPITAL",C_110,Trauma and Orthopaedic Service,1017.0,628.0,383.0,6.0,61.75,0.59
Apr-2026,R1D,SHROPSHIRE COMMUNITY HEALTH NHS TRUST,C_320,Cardiology Service,88.0,56.0,32.0,0.0,63.64,0.0
Apr-2026,RL1,THE ROBERT JONES AND AGNES HUNT ORTHOPAEDIC HOSPITAL NHS FOUNDATION TRUST,X06,Other - Other Services,182.0,149.0,32.0,1.0,81.87,0.55
Apr-2026,NN5,MANCHESTER SURGICAL SERVICES LTD,C_410,Rheumatology Service,65.0,65.0,0.0,0.0,100.0,0.0
Apr-2026,NPG01,SPAMEDICA MANCHESTER,C_999,Total,364.0,318.0,46.0,0.0,87.36,0.0
Apr-2026,NT327,SPIRE MANCHESTER HOSPITAL,C_999,Total,631.0,478.0,153.0,0.0,75.75,0.0
Apr-2026,NT401,ALEXANDRA HOSPITAL,X06,Other - Other Services,1.0,1.0,0.0,0.0,100.0,0.0
Apr-2026,NTPAE,PRACTICE PLUS GROUP OPHTHALMOLOGY - NORTH WEST,C_999,Total,1748.0,1566.0,182.0,0.0,89.59,0.0
Apr-2026,RBV,THE CHRISTIE NHS FOUNDATION TRUST,C_160,Plastic Surgery Service,160.0,158.0,2.0,0.0,98.75,0.0
Apr-2026,NVC08,MOUNT STUART HOSPITAL,C_160,Plastic Surgery Service,17.0,15.0,2.0,0.0,88.24,0.0
Apr-2026,Y8L9S,SPAMEDICA BROMLEY,C_999,Total,621.0,559.0,62.0,0.0,90.02,0.0
Apr-2026,ADP02,KIMS HOSPITAL (NEWNHAM COURT),C_502,Gynaecology Service,131.0,118.0,13.0,0.0,90.08,0.0
Apr-2026,NN8,SPENCER PRIVATE HOSPITALS LTD,C_999,Total,3720.0,2239.0,1451.0,30.0,60.19,0.81
Apr-2026,NN8,SPENCER PRIVATE HOSPITALS LTD,X02,Other - Medical Services,434.0,228.0,197.0,9.0,52.53,2.07
Apr-2026,NT239,"NUFFIELD HEALTH, TUNBRIDGE WELLS HOSPITAL",C_502,Gynaecology Service,9.0,9.0,0.0,0.0,100.0,0.0
Apr-2026,NT239,"NUFFIELD HEALTH, TUNBRIDGE WELLS HOSPITAL",C_150,Neurosurgical Service,1.0,0.0,1.0,0.0,0.0,0.0
Apr-2026,NT312,SPIRE ALEXANDRA HOSPITAL,C_160,Plastic Surgery Service,8.0,3.0,5.0,0.0,37.5,0.0
Apr-2026,NYR,CORA HEALTH DIAGNOSTICS (FORMERLY HEALTHSHARE DIAGNOSTICS),C_410,Rheumatology Service,77.0,63.0,14.0,0.0,81.82,0.0
Apr-2026,NVC27,BOSTON WEST HOSPITAL,C_130,Ophthalmology Service,698.0,541.0,157.0,0.0,77.51,0.0
Apr-2026,RWD,UNITED LINCOLNSHIRE TEACHING HOSPITALS NHS TRUST,C_100,General Surgery Service,4753.0,3615.0,1129.0,9.0,76.06,0.19
Apr-2026,RWD,UNITED LINCOLNSHIRE TEACHING HOSPITALS NHS TRUST,C_340,Respiratory Medicine Service,1467.0,844.0,583.0,40.0,57.53,2.73
Apr-2026,NT226,"NUFFIELD HEALTH, LEICESTER HOSPITAL",C_160,Plastic Surgery Service,15.0,14.0,1.0,0.0,93.33,0.0
Apr-2026,RWE,UNIVERSITY HOSPITALS OF LEICESTER NHS TRUST,C_150,Neurosurgical Service,159.0,61.0,97.0,1.0,38.36,0.63
Apr-2026,RWE,UNIVERSITY HOSPITALS OF LEICESTER NHS TRUST,C_301,Gastroenterology Service,5313.0,3114.0,2048.0,151.0,58.61,2.84
Apr-2026,RWE,UNIVERSITY HOSPITALS OF LEICESTER NHS TRUST,C_330,Dermatology Service,2224.0,1966.0,258.0,0.0,88.4,0.0
Apr-2026,NT406,BLACKHEATH HOSPITAL,C_100,General Surgery Service,145.0,120.0,22.0,3.0,82.76,2.07
Apr-2026,NT406,BLACKHEATH HOSPITAL,X06,Other - Other Services,129.0,92.0,37.0,0.0,71.32,0.0
Apr-2026,NT409,CHELSFIELD PARK HOSPITAL,C_150,Neurosurgical Service,3.0,3.0,0.0,0.0,100.0,0.0
Apr-2026,RJ1,GUY'S AND ST THOMAS' NHS FOUNDATION TRUST,C_110,Trauma and Orthopaedic Service,5013.0,3218.0,1728.0,67.0,64.19,1.34
Apr-2026,RJZ,KING'S COLLEGE HOSPITAL NHS FOUNDATION TRUST,X06,Other - Other Services,495.0,407.0,64.0,24.0,82.22,4.85
Apr-2026,RPA,MEDWAY NHS FOUNDATION TRUST,C_101,Urology Service,2253.0,1745.0,508.0,0.0,77.45,0.0
Apr-2026,RVV,EAST KENT HOSPITALS UNIVERSITY NHS FOUNDATION TRUST,C_300,General Internal Medicine Service,20.0,12.0,8.0,0.0,60.0,0.0
Apr-2026,RWF,MAIDSTONE AND TUNBRIDGE WELLS NHS TRUST,C_130,Ophthalmology Service,6173.0,4968.0,1205.0,0.0,80.48,0.0
Apr-2026,RWF,MAIDSTONE AND TUNBRIDGE WELLS NHS TRUST,C_301,Gastroenterology Service,2949.0,2002.0,947.0,0.0,67.89,0.0
Apr-2026,RWF,MAIDSTONE AND TUNBRIDGE WELLS NHS TRUST,C_300,General Internal Medicine Service,1.0,1.0,0.0,0.0,100.0,0.0
Apr-2026,E4K5T,OPTEGRA EYE HOSPITAL NEWCASTLE,C_130,Ophthalmology Service,426.0,417.0,9.0,0.0,97.89,0.0
Apr-2026,E4K5T,OPTEGRA EYE HOSPITAL NEWCASTLE,C_999,Total,426.0,417.0,9.0,0.0,97.89,0.0
Apr-2026,NN4,TYNESIDE SURGICAL SERVICES LTD,C_301,Gastroenterology Service,322.0,290.0,32.0,0.0,90.06,0.0
Apr-2026,NT229,"NUFFIELD HEALTH, NEWCASTLE UPON TYNE HOSPITAL",C_100,General Surgery Service,23.0,14.0,7.0,2.0,60.87,8.7
Apr-2026,NT333,SPIRE WASHINGTON HOSPITAL,C_150,Neurosurgical Service,56.0,39.0,17.0,0.0,69.64,0.0
Apr-2026,NT333,SPIRE WASHINGTON HOSPITAL,C_100,General Surgery Service,200.0,174.0,26.0,0.0,87.0,0.0
Apr-2026,NVC0R,TEES VALLEY HOSPITAL,C_301,Gastroenterology Service,326.0,288.0,38.0,0.0,88.34,0.0
Apr-2026,R0B,SOUTH TYNESIDE AND SUNDERLAND NHS FOUNDATION TRUST,C_410,Rheumatology Service,1095.0,867.0,228.0,0.0,79.18,0.0
Apr-2026,RLQ,WYE VALLEY NHS TRUST,X02,Other - Medical Services,1852.0,1397.0,452.0,3.0,75.43,0.16
Apr-2026,RLQ,WYE VALLEY NHS TRUST,X04,Other - Paediatric Services,283.0,226.0,57.0,0.0,79.86,0.0
Apr-2026,RWP,WORCESTERSHIRE ACUTE HOSPITALS NHS TRUST,C_330,Dermatology Service,2362.0,1554.0,806.0,2.0,65.79,0.08
Apr-2026,RWP,WORCESTERSHIRE ACUTE HOSPITALS NHS TRUST,X04,Other - Paediatric Services,114.0,106.0,8.0,0.0,92.98,0.0
Apr-2026,NT320,SPIRE PARKWAY HOSPITAL,C_502,Gynaecology Service,121.0,91.0,25.0,5.0,75.21,4.13
Apr-2026,NT445,EDGBASTON HOSPITAL,C_999,Total,1.0,1.0,0.0,0.0,100.0,0.0
Apr-2026,RRK,UNIVERSITY HOSPITALS BIRMINGHAM NHS FOUNDATION TRUST,C_410,Rheumatology Service,983.0,827.0,156.0,0.0,84.13,0.0
Apr-2026,RNN,NORTH CUMBRIA INTEGRATED CARE NHS FOUNDATION TRUST,X05,Other - Surgical Services,5390.0,3573.0,1770.0,47.0,66.29,0.87
Apr-2026,RNN,NORTH CUMBRIA INTEGRATED CARE NHS FOUNDATION TRUST,C_502,Gynaecology Service,3792.0,1917.0,1651.0,224.0,50.55,5.91
Apr-2026,RNN,NORTH CUMBRIA INTEGRATED CARE NHS FOUNDATION TRUST,C_410,Rheumatology Service,1263.0,673.0,586.0,4.0,53.29,0.32
Apr-2026,RR7,GATESHEAD HEALTH NHS FOUNDATION TRUST,X03,Other - Mental Health Services,69.0,65.0,4.0,0.0,94.2,0.0
Apr-2026,RTD,THE NEWCASTLE UPON TYNE HOSPITALS NHS FOUNDATION TRUST,C_150,Neurosurgical Service,1275.0,832.0,430.0,13.0,65.25,1.02
Apr-2026,RTD,THE NEWCASTLE UPON TYNE HOSPITALS NHS FOUNDATION TRUST,C_400,Neurology Service,1828.0,1520.0,306.0,2.0,83.15,0.11
Apr-2026,RTD,THE NEWCASTLE UPON TYNE HOSPITALS NHS FOUNDATION TRUST,X05,Other - Surgical Services,9843.0,6211.0,3562.0,70.0,63.1,0.71
Apr-2026,RTD,THE NEWCASTLE UPON TYNE HOSPITALS NHS FOUNDATION TRUST,C_100,General Surgery Service,985.0,725.0,236.0,24.0,73.6,2.44
Apr-2026,RTF,NORTHUMBRIA HEALTHCARE NHS FOUNDATION TRUST,C_300,General Internal Medicine Service,1392.0,1388.0,4.0,0.0,99.71,0.0
Apr-2026,RTR,SOUTH TEES HOSPITALS NHS FOUNDATION TRUST,C_430,Elderly Medicine Service,40.0,38.0,2.0,0.0,95.0,0.0
Apr-2026,RVW,NORTH TEES AND HARTLEPOOL NHS FOUNDATION TRUST,X04,Other - Paediatric Services,1607.0,1062.0,545.0,0.0,66.09,0.0
Apr-2026,RXP,COUNTY DURHAM AND DARLINGTON NHS FOUNDATION TRUST,C_100,General Surgery Service,6169.0,3692.0,2319.0,158.0,59.85,2.56
Apr-2026,NTP13,PRACTICE PLUS GROUP HOSPITAL - BARLBOROUGH,C_999,Total,1867.0,1430.0,435.0,2.0,76.59,0.11
Apr-2026,RFS,CHESTERFIELD ROYAL HOSPITAL NHS FOUNDATION TRUST,C_340,Respiratory Medicine Service,479.0,377.0,101.0,1.0,78.71,0.21
Apr-2026,D3O0Z,PLYMOUTH NEWMEDICA LTD,C_999,Total,650.0,606.0,43.0,1.0,93.23,0.15
Apr-2026,RTE,GLOUCESTERSHIRE HOSPITALS NHS FOUNDATION TRUST,C_340,Respiratory Medicine Service,1125.0,1002.0,123.0,0.0,89.07,0.0
Apr-2026,L4R3R,NEWMEDICA - HAMPSHIRE,C_999,Total,2321.0,1447.0,862.0,12.0,62.34,0.52
Apr-2026,NT305,SPIRE PORTSMOUTH HOSPITAL,C_100,General Surgery Service,15.0,14.0,1.0,0.0,93.33,0.0
Apr-2026,NT418,HAMPSHIRE CLINIC,C_301,Gastroenterology Service,29.0,21.0,8.0,0.0,72.41,0.0
Apr-2026,NTP11,PRACTICE PLUS GROUP HOSPITAL - SOUTHAMPTON,C_101,Urology Service,480.0,391.0,89.0,0.0,81.46,0.0
Apr-2026,RHM,UNIVERSITY HOSPITAL SOUTHAMPTON NHS FOUNDATION TRUST,X06,Other - Other Services,730.0,617.0,112.0,1.0,84.52,0.14
Apr-2026,DXN,MODALITY LLP,C_101,Urology Service,288.0,0.0,288.0,0.0,0.0,0.0
Apr-2026,RBK,WALSALL HEALTHCARE NHS TRUST,C_430,Elderly Medicine Service,203.0,189.0,14.0,0.0,93.1,0.0
Apr-2026,RHU,PORTSMOUTH HOSPITALS UNIVERSITY NHS TRUST,X06,Other - Other Services,3537.0,1629.0,1544.0,364.0,46.06,10.29
Apr-2026,RN5,HAMPSHIRE HOSPITALS NHS FOUNDATION TRUST,C_120,Ear Nose and Throat Service,3518.0,2225.0,1172.0,121.0,63.25,3.44
Apr-2026,RW1,HAMPSHIRE AND ISLE OF WIGHT HEALTHCARE NHS FOUNDATION TRUST,X05,Other - Surgical Services,114.0,101.0,13.0,0.0,88.6,0.0
Apr-2026,RH5,SOMERSET NHS FOUNDATION TRUST,C_330,Dermatology Service,3217.0,2517.0,688.0,12.0,78.24,0.37
Apr-2026,RH5,SOMERSET NHS FOUNDATION TRUST,C_410,Rheumatology Service,759.0,429.0,328.0,2.0,56.52,0.26
Apr-2026,ACG30,NEWMEDICA - WORKSOP - DUKERIES,C_999,Total,173.0,162.0,11.0,0.0,93.64,0.0
Apr-2026,B1A5K,NEWMEDICA - NOTTINGHAM,C_999,Total,619.0,606.0,13.0,0.0,97.9,0.0
Apr-2026,NT30A,SPIRE NOTTINGHAM HOSPITAL,C_101,Urology Service,39.0,36.0,3.0,0.0,92.31,0.0
Apr-2026,NT427,PARK HOSPITAL,C_100,General Surgery Service,208.0,162.0,46.0,0.0,77.88,0.0
Apr-2026,NVC40,WOODTHORPE HOSPITAL,X02,Other - Medical Services,90.0,69.0,15.0,6.0,76.67,6.67
Apr-2026,RXK,SANDWELL AND WEST BIRMINGHAM HOSPITALS NHS TRUST,C_100,General Surgery Service,4613.0,3003.0,1586.0,24.0,65.1,0.52
Apr-2026,RXK,SANDWELL AND WEST BIRMINGHAM HOSPITALS NHS TRUST,C_101,Urology Service,3435.0,2278.0,1155.0,2.0,66.32,0.06
Apr-2026,RXK,SANDWELL AND WEST BIRMINGHAM HOSPITALS NHS TRUST,X02,Other - Medical Services,3065.0,1874.0,1187.0,4.0,61.14,0.13
Apr-2026,ACG38,NEWMEDICA - LANGFORD,C_130,Ophthalmology Service,471.0,364.0,106.0,1.0,77.28,0.21
Apr-2026,NLX,SIRONA CARE & HEALTH,C_110,Trauma and Orthopaedic Service,5230.0,4234.0,996.0,0.0,80.96,0.0
Apr-2026,RA7,UNIVERSITY HOSPITALS BRISTOL AND WESTON NHS FOUNDATION TRUST,X06,Other - Other Services,478.0,422.0,56.0,0.0,88.28,0.0
Apr-2026,RA7,UNIVERSITY HOSPITALS BRISTOL AND WESTON NHS FOUNDATION TRUST,X03,Other - Mental Health Services,28.0,28.0,0.0,0.0,100.0,0.0
Apr-2026,RVJ,NORTH BRISTOL NHS TRUST,C_400,Neurology Service,3475.0,2181.0,1294.0,0.0,62.76,0.0
Apr-2026,L6O7H,SPAMEDICA POOLE,C_999,Total,1000.0,935.0,65.0,0.0,93.5,0.0
Apr-2026,R0D,UNIVERSITY HOSPITALS DORSET NHS FOUNDATION TRUST,C_301,Gastroenterology Service,5420.0,4705.0,712.0,3.0,86.81,0.06
Apr-2026,RNS,NORTHAMPTON GENERAL HOSPITAL NHS TRUST,C_101,Urology Service,1183.0,932.0,250.0,1.0,78.78,0.08
Apr-2026,AAH,TETBURY HOSPITAL TRUST LTD,C_130,Ophthalmology Service,114.0,110.0,4.0,0.0,96.49,0.0
Apr-2026,ACG13,NEWMEDICA - GLOUCESTER (ASPEN MEDICAL CENTRE),C_999,Total,475.0,344.0,130.0,1.0,72.42,0.21
Apr-2026,RMC,BOLTON NHS FOUNDATION TRUST,X04,Other - Paediatric Services,176.0,106.0,70.0,0.0,60.23,0.0
Apr-2026,RMP,TAMESIDE AND GLOSSOP INTEGRATED CARE NHS FOUNDATION TRUST,C_502,Gynaecology Service,1972.0,1231.0,741.0,0.0,62.42,0.0
Apr-2026,RMP,TAMESIDE AND GLOSSOP INTEGRATED CARE NHS FOUNDATION TRUST,C_140,Oral Surgery Service,735.0,501.0,234.0,0.0,68.16,0.0
Apr-2026,RRF,"WRIGHTINGTON, WIGAN AND LEIGH TEACHING HOSPITALS NHS FOUNDATION TRUST",C_101,Urology Service,1651.0,1153.0,455.0,43.0,69.84,2.6
Apr-2026,RRF,"WRIGHTINGTON, WIGAN AND LEIGH TEACHING HOSPITALS NHS FOUNDATION TRUST",C_320,Cardiology Service,2780.0,1826.0,954.0,0.0,65.68,0.0
Apr-2026,RRF,"WRIGHTINGTON, WIGAN AND LEIGH TEACHING HOSPITALS NHS FOUNDATION TRUST",C_410,Rheumatology Service,795.0,665.0,127.0,3.0,83.65,0.38
Apr-2026,RRF,"WRIGHTINGTON, WIGAN AND LEIGH TEACHING HOSPITALS NHS FOUNDATION TRUST",C_300,General Internal Medicine Service,178.0,126.0,52.0,0.0,70.79,0.0
Apr-2026,RRF,"WRIGHTINGTON, WIGAN AND LEIGH TEACHING HOSPITALS NHS FOUNDATION TRUST",C_430,Elderly Medicine Service,354.0,242.0,112.0,0.0,68.36,0.0
Apr-2026,RRF,"WRIGHTINGTON, WIGAN AND LEIGH TEACHING HOSPITALS NHS FOUNDATION TRUST",C_150,Neurosurgical Service,7.0,3.0,4.0,0.0,42.86,0.0
Apr-2026,RRF,"WRIGHTINGTON, WIGAN AND LEIGH TEACHING HOSPITALS NHS FOUNDATION TRUST",C_170,Cardiothoracic Surgery Service,14.0,6.0,8.0,0.0,42.86,0.0
Apr-2026,NVC28,CLIFTON PARK HOSPITAL,C_110,Trauma and Orthopaedic Service,1563.0,991.0,565.0,7.0,63.4,0.45
Apr-2026,NVC28,CLIFTON PARK HOSPITAL,C_999,Total,1567.0,993.0,567.0,7.0,63.37,0.45
Apr-2026,RCB,YORK AND SCARBOROUGH TEACHING HOSPITALS NHS FOUNDATION TRUST,C_110,Trauma and Orthopaedic Service,4511.0,2419.0,2006.0,86.0,53.62,1.91
Apr-2026,RJL,NORTHERN LINCOLNSHIRE AND GOOLE NHS FOUNDATION TRUST,C_170,Cardiothoracic Surgery Service,1.0,1.0,0.0,0.0,100.0,0.0
Apr-2026,RJL,NORTHERN LINCOLNSHIRE AND GOOLE NHS FOUNDATION TRUST,C_160,Plastic Surgery Service,1.0,1.0,0.0,0.0,100.0,0.0
Apr-2026,RWA,HULL UNIVERSITY TEACHING HOSPITALS NHS TRUST,C_150,Neurosurgical Service,3224.0,2073.0,1049.0,102.0,64.3,3.16
Apr-2026,RWA,HULL UNIVERSITY TEACHING HOSPITALS NHS TRUST,X03,Other - Mental Health Services,16.0,12.0,4.0,0.0,75.0,0.0
Apr-2026,G3Z1Q,SULIS HOSPITAL BATH (FOXCOTE AVENUE),C_999,Total,3782.0,2827.0,953.0,2.0,74.75,0.05
Apr-2026,NT402,BATH CLINIC,C_100,General Surgery Service,29.0,22.0,7.0,0.0,75.86,0.0
Apr-2026,NTPH3,PRACTICE PLUS GROUP SURGICAL CENTRE - DEVIZES,C_502,Gynaecology Service,135.0,105.0,30.0,0.0,77.78,0.0
Apr-2026,NXP,INDEPENDENT HEALTH GROUP,C_101,Urology Service,227.0,226.0,1.0,0.0,99.56,0.0
Apr-2026,RD1,ROYAL UNITED HOSPITALS BATH NHS FOUNDATION TRUST,X04,Other - Paediatric Services,1421.0,852.0,566.0,3.0,59.96,0.21
Apr-2026,RN3,GREAT WESTERN HOSPITALS NHS FOUNDATION TRUST,C_110,Trauma and Orthopaedic Service,5651.0,2686.0,2784.0,181.0,47.53,3.2
Apr-2026,RNZ,SALISBURY NHS FOUNDATION TRUST,X05,Other - Surgical Services,1655.0,1352.0,303.0,0.0,81.69,0.0
Apr-2026,RNZ,SALISBURY NHS FOUNDATION TRUST,C_999,Total,30082.0,21517.0,8520.0,45.0,71.53,0.15
Apr-2026,NVC22,WINFIELD HOSPITAL,C_999,Total,1195.0,897.0,298.0,0.0,75.06,0.0
Apr-2026,NT410,CHILTERN HOSPITAL,C_320,Cardiology Service,1.0,0.0,1.0,0.0,0.0,0.0
Apr-2026,NT435,SHELBURNE HOSPITAL,C_100,General Surgery Service,8.0,7.0,1.0,0.0,87.5,0.0
Apr-2026,NVC02,THE BERKSHIRE INDEPENDENT HOSPITAL,C_101,Urology Service,231.0,181.0,49.0,1.0,78.35,0.43
Apr-2026,NVC02,THE BERKSHIRE INDEPENDENT HOSPITAL,C_502,Gynaecology Service,81.0,39.0,41.0,1.0,48.15,1.23
Apr-2026,NVC02,THE BERKSHIRE INDEPENDENT HOSPITAL,C_301,Gastroenterology Service,1.0,1.0,0.0,0.0,100.0,0.0
Apr-2026,NVC25,THE CHERWELL HOSPITAL,X06,Other - Other Services,1.0,0.0,1.0,0.0,0.0,0.0
Apr-2026,RHW,ROYAL BERKSHIRE NHS FOUNDATION TRUST,C_301,Gastroenterology Service,4227.0,3496.0,729.0,2.0,82.71,0.05
Apr-2026,R6X7C,SPAMEDICA MACCLESFIELD COMMUNITY DIAGNOSTIC & TREATMENT CENTRE,C_130,Ophthalmology Service,80.0,79.0,1.0,0.0,98.75,0.0
Apr-2026,RBL,WIRRAL UNIVERSITY TEACHING HOSPITAL NHS FOUNDATION TRUST,X02,Other - Medical Services,3548.0,2658.0,887.0,3.0,74.92,0.08
Apr-2026,RBN,MERSEY AND WEST LANCASHIRE TEACHING HOSPITALS NHS TRUST,C_999,Total,78814.0,52610.0,25094.0,1110.0,66.75,1.41
Apr-2026,RBN,MERSEY AND WEST LANCASHIRE TEACHING HOSPITALS NHS TRUST,X06,Other - Other Services,231.0,201.0,30.0,0.0,87.01,0.0
Apr-2026,RBT,MID CHESHIRE HOSPITALS NHS FOUNDATION TRUST,C_330,Dermatology Service,4727.0,2910.0,1813.0,4.0,61.56,0.08
Apr-2026,RBT,MID CHESHIRE HOSPITALS NHS FOUNDATION TRUST,C_300,General Internal Medicine Service,5.0,1.0,4.0,0.0,20.0,0.0
Apr-2026,REM,LIVERPOOL UNIVERSITY HOSPITALS NHS FOUNDATION TRUST,C_301,Gastroenterology Service,6183.0,3796.0,2374.0,13.0,61.39,0.21
Apr-2026,REM,LIVERPOOL UNIVERSITY HOSPITALS NHS FOUNDATION TRUST,C_120,Ear Nose and Throat Service,4768.0,2580.0,2087.0,101.0,54.11,2.12
Apr-2026,REM,LIVERPOOL UNIVERSITY HOSPITALS NHS FOUNDATION TRUST,C_330,Dermatology Service,3330.0,2196.0,1132.0,2.0,65.95,0.06
Apr-2026,REM,LIVERPOOL UNIVERSITY HOSPITALS NHS FOUNDATION TRUST,C_340,Respiratory Medicine Service,1318.0,1222.0,96.0,0.0,92.72,0.0
Apr-2026,REM,LIVERPOOL UNIVERSITY HOSPITALS NHS FOUNDATION TRUST,C_160,Plastic Surgery Service,209.0,60.0,149.0,0.0,28.71,0.0
Apr-2026,Y9S1N,FAIRFIELD INDEPENDENT HOSPITAL,C_301,Gastroenterology Service,125.0,107.0,17.0,1.0,85.6,0.8
Apr-2026,RTH,OXFORD UNIVERSITY HOSPITALS NHS FOUNDATION TRUST,C_101,Urology Service,4636.0,2766.0,1785.0,85.0,59.66,1.83
Apr-2026,RTH,OXFORD UNIVERSITY HOSPITALS NHS FOUNDATION TRUST,X04,Other - Paediatric Services,6562.0,3998.0,2404.0,160.0,60.93,2.44
Apr-2026,RXQ,BUCKINGHAMSHIRE HEALTHCARE NHS TRUST,C_301,Gastroenterology Service,3624.0,2541.0,1083.0,0.0,70.12,0.0
Apr-2026,RXQ,BUCKINGHAMSHIRE HEALTHCARE NHS TRUST,X06,Other - Other Services,315.0,302.0,13.0,0.0,95.87,0.0
Apr-2026,B9J4U,SPAMEDICA PETERBOROUGH,C_999,Total,518.0,483.0,35.0,0.0,93.24,0.0
Apr-2026,NPG19,SPAMEDICA BEDFORD,C_130,Ophthalmology Service,325.0,312.0,13.0,0.0,96.0,0.0
Apr-2026,NT315,SPIRE BUSHEY HOSPITAL,C_120,Ear Nose and Throat Service,74.0,72.0,2.0,0.0,97.3,0.0
Apr-2026,NT315,SPIRE BUSHEY HOSPITAL,C_301,Gastroenterology Service,17.0,17.0,0.0,0.0,100.0,0.0
Apr-2026,NT316,SPIRE HARPENDEN HOSPITAL,C_120,Ear Nose and Throat Service,66.0,66.0,0.0,0.0,100.0,0.0
Apr-2026,NT316,SPIRE HARPENDEN HOSPITAL,C_100,General Surgery Service,160.0,148.0,12.0,0.0,92.5,0.0
Apr-2026,NVC19,RIVERS HOSPITAL,C_502,Gynaecology Service,497.0,273.0,207.0,17.0,54.93,3.42
Apr-2026,RCX,"THE QUEEN ELIZABETH HOSPITAL, KING'S LYNN, NHS FOUNDATION TRUST",C_330,Dermatology Service,1906.0,1221.0,682.0,3.0,64.06,0.16
Apr-2026,RCX,"THE QUEEN ELIZABETH HOSPITAL, KING'S LYNN, NHS FOUNDATION TRUST",C_110,Trauma and Orthopaedic Service,2196.0,1050.0,1069.0,77.0,47.81,3.51
Apr-2026,RCX,"THE QUEEN ELIZABETH HOSPITAL, KING'S LYNN, NHS FOUNDATION TRUST",C_340,Respiratory Medicine Service,778.0,450.0,328.0,0.0,57.84,0.0
Apr-2026,RGP,JAMES PAGET UNIVERSITY HOSPITALS NHS FOUNDATION TRUST,C_430,Elderly Medicine Service,16.0,11.0,5.0,0.0,68.75,0.0
Apr-2026,RGR,WEST SUFFOLK NHS FOUNDATION TRUST,C_120,Ear Nose and Throat Service,2836.0,2018.0,792.0,26.0,71.16,0.92
Apr-2026,G3Q3Z,NUFFIELD HEALTH HIGHGATE HOSPITAL,C_301,Gastroenterology Service,41.0,39.0,2.0,0.0,95.12,0.0
Apr-2026,NT405,BISHOPS WOOD HOSPITAL,C_110,Trauma and Orthopaedic Service,260.0,243.0,17.0,0.0,93.46,0.0
Apr-2026,NT421,KINGS OAK HOSPITAL,C_301,Gastroenterology Service,29.0,19.0,10.0,0.0,65.52,0.0
Apr-2026,R1K,LONDON NORTH WEST UNIVERSITY HEALTHCARE NHS TRUST,C_330,Dermatology Service,3702.0,1714.0,1982.0,6.0,46.3,0.16
Apr-2026,R1K,LONDON NORTH WEST UNIVERSITY HEALTHCARE NHS TRUST,X02,Other - Medical Services,11347.0,8213.0,3129.0,5.0,72.38,0.04
Apr-2026,RAL,ROYAL FREE LONDON NHS FOUNDATION TRUST,X06,Other - Other Services,1305.0,903.0,385.0,17.0,69.2,1.3
Apr-2026,RAN,ROYAL NATIONAL ORTHOPAEDIC HOSPITAL NHS TRUST,C_400,Neurology Service,1.0,1.0,0.0,0.0,100.0,0.0
Apr-2026,RAS,THE HILLINGDON HOSPITALS NHS FOUNDATION TRUST,C_340,Respiratory Medicine Service,1029.0,749.0,279.0,1.0,72.79,0.1
Apr-2026,RAS,THE HILLINGDON HOSPITALS NHS FOUNDATION TRUST,X06,Other - Other Services,356.0,265.0,91.0,0.0,74.44,0.0
Apr-2026,RPY,THE ROYAL MARSDEN NHS FOUNDATION TRUST,X05,Other - Surgical Services,527.0,499.0,28.0,0.0,94.69,0.0
Apr-2026,RPY,THE ROYAL MARSDEN NHS FOUNDATION TRUST,C_301,Gastroenterology Service,67.0,62.0,5.0,0.0,92.54,0.0
Apr-2026,RQM,CHELSEA AND WESTMINSTER HOSPITAL NHS FOUNDATION TRUST,C_101,Urology Service,7258.0,4673.0,2528.0,57.0,64.38,0.79
Apr-2026,RBD,DORSET COUNTY HOSPITAL NHS FOUNDATION TRUST,C_120,Ear Nose and Throat Service,2959.0,1580.0,1331.0,48.0,53.4,1.62
Apr-2026,RBD,DORSET COUNTY HOSPITAL NHS FOUNDATION TRUST,X02,Other - Medical Services,1549.0,1049.0,486.0,14.0,67.72,0.9
Apr-2026,R0F4N,NUFFIELD HEALTH PARKSIDE HOSPITAL,C_160,Plastic Surgery Service,76.0,43.0,19.0,14.0,56.58,18.42
Apr-2026,RAX,KINGSTON AND RICHMOND NHS FOUNDATION TRUST,C_101,Urology Service,1613.0,1334.0,278.0,1.0,82.7,0.06
Apr-2026,RAX,KINGSTON AND RICHMOND NHS FOUNDATION TRUST,C_999,Total,41136.0,26919.0,13955.0,262.0,65.44,0.64
Apr-2026,RAX,KINGSTON AND RICHMOND NHS FOUNDATION TRUST,C_130,Ophthalmology Service,4702.0,3518.0,1184.0,0.0,74.82,0.0
Apr-2026,C9A7J,NEWMEDICA - BRADFORD & HUDDERSFIELD,C_999,Total,630.0,591.0,39.0,0.0,93.81,0.0
Apr-2026,I2C7H,SPAMEDICA BRADFORD,C_999,Total,246.0,234.0,12.0,0.0,95.12,0.0
Apr-2026,NPG07,SPAMEDICA EYE HOSPITAL (WAKEFIELD),C_999,Total,660.0,622.0,38.0,0.0,94.24,0.0
Apr-2026,NT350,SPIRE METHLEY PARK HOSPITAL,C_110,Trauma and Orthopaedic Service,562.0,472.0,89.0,1.0,83.99,0.18
Apr-2026,NT350,SPIRE METHLEY PARK HOSPITAL,C_101,Urology Service,15.0,10.0,5.0,0.0,66.67,0.0
Apr-2026,P1G3N,ACES LEEDS WHITE ROSE,C_999,Total,5.0,2.0,3.0,0.0,40.0,0.0
Apr-2026,RAE,BRADFORD TEACHING HOSPITALS NHS FOUNDATION TRUST,C_100,General Surgery Service,352.0,233.0,119.0,0.0,66.19,0.0
Apr-2026,RJ7,ST GEORGE'S UNIVERSITY HOSPITALS NHS FOUNDATION TRUST,C_101,Urology Service,2848.0,1872.0,976.0,0.0,65.73,0.0
Apr-2026,RR8,LEEDS TEACHING HOSPITALS NHS TRUST,C_320,Cardiology Service,3197.0,3085.0,112.0,0.0,96.5,0.0
Apr-2026,RWY,CALDERDALE AND HUDDERSFIELD NHS FOUNDATION TRUST,C_400,Neurology Service,825.0,753.0,72.0,0.0,91.27,0.0
Apr-2026,RXF,MID YORKSHIRE TEACHING NHS TRUST,X05,Other - Surgical Services,4557.0,2967.0,1583.0,7.0,65.11,0.15
Apr-2026,RXF,MID YORKSHIRE TEACHING NHS TRUST,C_101,Urology Service,3462.0,2335.0,1120.0,7.0,67.45,0.2
Apr-2026,NT224,"NUFFIELD HEALTH, WARWICKSHIRE HOSPITAL",C_101,Urology Service,35.0,27.0,8.0,0.0,77.14,0.0
Apr-2026,RJC,SOUTH WARWICKSHIRE UNIVERSITY NHS FOUNDATION TRUST,C_340,Respiratory Medicine Service,1198.0,607.0,575.0,16.0,50.67,1.34
Apr-2026,RLT,GEORGE ELIOT HOSPITAL NHS TRUST,C_430,Elderly Medicine Service,88.0,73.0,15.0,0.0,82.95,0.0
Apr-2026,S3H9L,THE HAMPTONS HOSPITAL LTD,C_120,Ear Nose and Throat Service,249.0,155.0,93.0,1.0,62.25,0.4
Apr-2026,NDJ,FIRST COMMUNITY HEALTH AND CARE CIC,C_110,Trauma and Orthopaedic Service,846.0,816.0,30.0,0.0,96.45,0.0
Apr-2026,NT308,SPIRE GATWICK PARK HOSPITAL,C_999,Total,1282.0,996.0,268.0,18.0,77.69,1.4
Apr-2026,NT308,SPIRE GATWICK PARK HOSPITAL,C_301,Gastroenterology Service,1.0,1.0,0.0,0.0,100.0,0.0
Apr-2026,NT364,SPIRE MONTEFIORE HOSPITAL,C_100,General Surgery Service,132.0,87.0,42.0,3.0,65.91,2.27
Apr-2026,NT431,RUNNYMEDE HOSPITAL,X06,Other - Other Services,2.0,2.0,0.0,0.0,100.0,0.0
Apr-2026,NVC01,ASHTEAD HOSPITAL,C_130,Ophthalmology Service,82.0,71.0,11.0,0.0,86.59,0.0
Apr-2026,RGT,CAMBRIDGE UNIVERSITY HOSPITALS NHS FOUNDATION TRUST,C_100,General Surgery Service,1477.0,799.0,667.0,11.0,54.1,0.74
Apr-2026,RGT,CAMBRIDGE UNIVERSITY HOSPITALS NHS FOUNDATION TRUST,C_120,Ear Nose and Throat Service,3728.0,1860.0,1737.0,131.0,49.89,3.51
Apr-2026,RGT,CAMBRIDGE UNIVERSITY HOSPITALS NHS FOUNDATION TRUST,C_340,Respiratory Medicine Service,663.0,628.0,35.0,0.0,94.72,0.0
Apr-2026,RGT,CAMBRIDGE UNIVERSITY HOSPITALS NHS FOUNDATION TRUST,C_160,Plastic Surgery Service,2028.0,1215.0,809.0,4.0,59.91,0.2
Apr-2026,RWG,WEST HERTFORDSHIRE TEACHING HOSPITALS NHS TRUST,C_320,Cardiology Service,4746.0,3567.0,1179.0,0.0,75.16,0.0
Apr-2026,RWG,WEST HERTFORDSHIRE TEACHING HOSPITALS NHS TRUST,C_140,Oral Surgery Service,2698.0,1493.0,1166.0,39.0,55.34,1.45
Apr-2026,RWH,EAST AND NORTH HERTFORDSHIRE TEACHING NHS TRUST,C_110,Trauma and Orthopaedic Service,4237.0,2082.0,2070.0,85.0,49.14,2.01
Apr-2026,RWH,EAST AND NORTH HERTFORDSHIRE TEACHING NHS TRUST,C_300,General Internal Medicine Service,46.0,45.0,1.0,0.0,97.83,0.0
Apr-2026,RA2,ROYAL SURREY NHS FOUNDATION TRUST,C_400,Neurology Service,762.0,424.0,323.0,15.0,55.64,1.97
Apr-2026,RA2,ROYAL SURREY NHS FOUNDATION TRUST,X05,Other - Surgical Services,817.0,694.0,120.0,3.0,84.94,0.37
Apr-2026,RA2,ROYAL SURREY NHS FOUNDATION TRUST,C_140,Oral Surgery Service,3767.0,1792.0,1894.0,81.0,47.57,2.15
Apr-2026,RA2,ROYAL SURREY NHS FOUNDATION TRUST,C_502,Gynaecology Service,2174.0,1386.0,765.0,23.0,63.75,1.06
Apr-2026,RTK,ASHFORD AND ST PETER'S HOSPITALS NHS FOUNDATION TRUST,X02,Other - Medical Services,2414.0,1851.0,556.0,7.0,76.68,0.29
Apr-2026,RTK,ASHFORD AND ST PETER'S HOSPITALS NHS FOUNDATION TRUST,C_410,Rheumatology Service,316.0,207.0,107.0,2.0,65.51,0.63
Apr-2026,RXC,EAST SUSSEX HEALTHCARE NHS TRUST,C_130,Ophthalmology Service,3780.0,3107.0,666.0,7.0,82.2,0.19
Apr-2026,H4I8B,NUFFIELD HEALTH THE HOLLY HOSPITAL,C_110,Trauma and Orthopaedic Service,2433.0,1810.0,603.0,20.0,74.39,0.82
Apr-2026,H4I8B,NUFFIELD HEALTH THE HOLLY HOSPITAL,C_330,Dermatology Service,1.0,0.0,1.0,0.0,0.0,0.0
Apr-2026,M2O7D,OPTEGRA EYE HOSPITAL COLCHESTER,C_999,Total,272.0,245.0,27.0,0.0,90.07,0.0
Apr-2026,NQX,PROVIDE ENTERPRISES,C_999,Total,190.0,190.0,0.0,0.0,100.0,0.0
Apr-2026,NVC13,OAKS HOSPITAL,C_100,General Surgery Service,291.0,165.0,126.0,0.0,56.7,0.0
Apr-2026,NVC13,OAKS HOSPITAL,C_120,Ear Nose and Throat Service,102.0,57.0,45.0,0.0,55.88,0.0
Apr-2026,NVC18,SPRINGFIELD HOSPITAL,C_100,General Surgery Service,597.0,385.0,211.0,1.0,64.49,0.17
Apr-2026,RAJ,MID AND SOUTH ESSEX NHS FOUNDATION TRUST,C_100,General Surgery Service,9262.0,4470.0,4100.0,692.0,48.26,7.47
Apr-2026,RQW,THE PRINCESS ALEXANDRA HOSPITAL NHS TRUST,C_340,Respiratory Medicine Service,1194.0,837.0,357.0,0.0,70.1,0.0
Apr-2026,NPG17,SPAMEDICA PRESTON,C_130,Ophthalmology Service,365.0,344.0,21.0,0.0,94.25,0.0
Apr-2026,NVC07,FULWOOD HALL HOSPITAL,C_130,Ophthalmology Service,330.0,277.0,53.0,0.0,83.94,0.0
Apr-2026,NVC16,RENACRES HOSPITAL,C_100,General Surgery Service,331.0,174.0,154.0,3.0,52.57,0.91
Apr-2026,RTX,UNIVERSITY HOSPITALS OF MORECAMBE BAY NHS FOUNDATION TRUST,C_502,Gynaecology Service,2446.0,1690.0,709.0,47.0,69.09,1.92
Apr-2026,RXL,BLACKPOOL TEACHING HOSPITALS NHS FOUNDATION TRUST,C_130,Ophthalmology Service,3480.0,2206.0,1263.0,11.0,63.39,0.32
Apr-2026,RXL,BLACKPOOL TEACHING HOSPITALS NHS FOUNDATION TRUST,X04,Other - Paediatric Services,1341.0,1007.0,334.0,0.0,75.09,0.0
Apr-2026,RXN,LANCASHIRE TEACHING HOSPITALS NHS FOUNDATION TRUST,C_101,Urology Service,2036.0,1444.0,580.0,12.0,70.92,0.59
Apr-2026,RXN,LANCASHIRE TEACHING HOSPITALS NHS FOUNDATION TRUST,C_120,Ear Nose and Throat Service,2996.0,1951.0,1010.0,35.0,65.12,1.17
Apr-2026,RXN,LANCASHIRE TEACHING HOSPITALS NHS FOUNDATION TRUST,C_100,General Surgery Service,207.0,107.0,99.0,1.0,51.69,0.48
Apr-2026,RXR,EAST LANCASHIRE HOSPITALS NHS TRUST,C_300,General Internal Medicine Service,6.0,6.0,0.0,0.0,100.0,0.0
Apr-2026,RXR,EAST LANCASHIRE HOSPITALS NHS TRUST,C_330,Dermatology Service,2068.0,1193.0,875.0,0.0,57.69,0.0
Apr-2026,B3M1X,CLAREMONT PRIVATE HOSPITAL,C_110,Trauma and Orthopaedic Service,1615.0,943.0,666.0,6.0,58.39,0.37
Apr-2026,RCU,SHEFFIELD CHILDREN'S NHS FOUNDATION TRUST,X04,Other - Paediatric Services,11270.0,8195.0,2917.0,158.0,72.72,1.4
Apr-2026,RP5,DONCASTER AND BASSETLAW TEACHING HOSPITALS NHS FOUNDATION TRUST,C_130,Ophthalmology Service,3746.0,2489.0,1249.0,8.0,66.44,0.21
Apr-2026,RP5,DONCASTER AND BASSETLAW TEACHING HOSPITALS NHS FOUNDATION TRUST,X04,Other - Paediatric Services,252.0,193.0,59.0,0.0,76.59,0.0
Apr-2026,T8V3L,SPAMEDICA DONCASTER,C_999,Total,404.0,389.0,15.0,0.0,96.29,0.0
Apr-2026,V8A3H,SPAMEDICA SHEFFIELD COMMUNITY DIAGNOSTIC & TREATMENT CENTRE,C_999,Total,38.0,38.0,0.0,0.0,100.0,0.0
Apr-2026,ACG31,NEWMEDICA - WORCESTER,C_999,Total,868.0,763.0,105.0,0.0,87.9,0.0
Apr-2026,R5J3Z,BORDER HEALTH ALLIANCE LIMITED,C_130,Ophthalmology Service,654.0,469.0,185.0,0.0,71.71,0.0
Apr-2026,RRV,UNIVERSITY COLLEGE LONDON HOSPITALS NHS FOUNDATION TRUST,C_101,Urology Service,5148.0,2642.0,2351.0,155.0,51.32,3.01
Apr-2026,RRV,UNIVERSITY COLLEGE LONDON HOSPITALS NHS FOUNDATION TRUST,C_300,General Internal Medicine Service,5897.0,2892.0,2776.0,229.0,49.04,3.88
Apr-2026,RRV,UNIVERSITY COLLEGE LONDON HOSPITALS NHS FOUNDATION TRUST,C_400,Neurology Service,5253.0,3577.0,1672.0,4.0,68.09,0.08
Apr-2026,RRV,UNIVERSITY COLLEGE LONDON HOSPITALS NHS FOUNDATION TRUST,C_999,Total,76663.0,47867.0,27467.0,1329.0,62.44,1.73
Apr-2026,RYJ,IMPERIAL COLLEGE HEALTHCARE NHS TRUST,C_340,Respiratory Medicine Service,2173.0,1729.0,444.0,0.0,79.57,0.0
Apr-2026,R1H,BARTS HEALTH NHS TRUST,C_330,Dermatology Service,7337.0,3833.0,3239.0,265.0,52.24,3.61
Apr-2026,R1H,BARTS HEALTH NHS TRUST,C_340,Respiratory Medicine Service,5603.0,3852.0,1742.0,9.0,68.75,0.16
Apr-2026,RF4,"BARKING, HAVERING AND REDBRIDGE UNIVERSITY HOSPITALS NHS TRUST",C_110,Trauma and Orthopaedic Service,6006.0,3674.0,2278.0,54.0,61.17,0.9
Apr-2026,RQX,HOMERTON HEALTHCARE NHS FOUNDATION TRUST,C_999,Total,26849.0,20475.0,6200.0,174.0,76.26,0.65
Apr-2026,RQX,HOMERTON HEALTHCARE NHS FOUNDATION TRUST,C_320,Cardiology Service,1206.0,886.0,320.0,0.0,73.47,0.0
Apr-2026,NT230,"NUFFIELD HEALTH, NORTH STAFFORDSHIRE HOSPITAL",C_999,Total,1228.0,741.0,474.0,13.0,60.34,1.06
Apr-2026,NT321,SPIRE LITTLE ASTON HOSPITAL,C_110,Trauma and Orthopaedic Service,792.0,513.0,272.0,7.0,64.77,0.88
Apr-2026,NVC0I,BEACON PARK HOSPITAL,C_301,Gastroenterology Service,124.0,97.0,27.0,0.0,78.23,0.0
Apr-2026,NVC17,ROWLEY HALL HOSPITAL,X06,Other - Other Services,1.0,0.0,1.0,0.0,0.0,0.0
Apr-2026,RJE,UNIVERSITY HOSPITALS OF NORTH MIDLANDS NHS TRUST,C_100,General Surgery Service,8605.0,5526.0,2890.0,189.0,64.22,2.2
Apr-2026,RJE,UNIVERSITY HOSPITALS OF NORTH MIDLANDS NHS TRUST,C_130,Ophthalmology Service,5653.0,3261.0,2234.0,158.0,57.69,2.79
Apr-2026,RJE,UNIVERSITY HOSPITALS OF NORTH MIDLANDS NHS TRUST,C_160,Plastic Surgery Service,1064.0,692.0,358.0,14.0,65.04,1.32
Apr-2026,RJE,UNIVERSITY HOSPITALS OF NORTH MIDLANDS NHS TRUST,C_400,Neurology Service,5342.0,3110.0,2221.0,11.0,58.22,0.21
Apr-2026,RRE,MIDLANDS PARTNERSHIP UNIVERSITY NHS FOUNDATION TRUST,C_400,Neurology Service,30.0,20.0,10.0,0.0,66.67,0.0
Apr-2026,NT235,"NUFFIELD HEALTH, SHREWSBURY HOSPITAL",C_999,Total,530.0,440.0,90.0,0.0,83.02,0.0
Apr-2026,RXW,THE SHREWSBURY AND TELFORD HOSPITAL NHS TRUST,C_101,Urology Service,1959.0,1377.0,582.0,0.0,70.29,0.0
Apr-2026,N1L8R,ACES MANCHESTER ST JOHNS STREET,C_130,Ophthalmology Service,13.0,11.0,2.0,0.0,84.62,0.0
Apr-2026,N1L8R,ACES MANCHESTER ST JOHNS STREET,C_999,Total,13.0,11.0,2.0,0.0,84.62,0.0
Apr-2026,NN5,MANCHESTER SURGICAL SERVICES LTD,C_100,General Surgery Service,166.0,155.0,11.0,0.0,93.37,0.0
Apr-2026,NPG08,SPAMEDICA BOLTON,C_130,Ophthalmology Service,782.0,748.0,34.0,0.0,95.65,0.0
Apr-2026,NT404,BEAUMONT HOSPITAL,C_120,Ear Nose and Throat Service,263.0,162.0,101.0,0.0,61.6,0.0
Apr-2026,NVC12,OAKLANDS HOSPITAL,C_110,Trauma and Orthopaedic Service,2709.0,1702.0,1007.0,0.0,62.83,0.0
Apr-2026,R0A,MANCHESTER UNIVERSITY NHS FOUNDATION TRUST,C_999,Total,167994.0,105760.0,60754.0,1480.0,62.95,0.88
Apr-2026,R0A,MANCHESTER UNIVERSITY NHS FOUNDATION TRUST,C_301,Gastroenterology Service,7818.0,5734.0,2075.0,9.0,73.34,0.12
Apr-2026,R0A,MANCHESTER UNIVERSITY NHS FOUNDATION TRUST,X06,Other - Other Services,4517.0,3639.0,870.0,8.0,80.56,0.18
Apr-2026,RBV,THE CHRISTIE NHS FOUNDATION TRUST,X05,Other - Surgical Services,221.0,202.0,19.0,0.0,91.4,0.0
Apr-2026,NT233,"NUFFIELD HEALTH, PLYMOUTH HOSPITAL",C_110,Trauma and Orthopaedic Service,560.0,354.0,198.0,8.0,63.21,1.43
Apr-2026,NTPH5,PRACTICE PLUS GROUP HOSPITAL - PLYMOUTH,C_999,Total,1592.0,1343.0,245.0,4.0,84.36,0.25
Apr-2026,NVC08,MOUNT STUART HOSPITAL,C_130,Ophthalmology Service,260.0,136.0,124.0,0.0,52.31,0.0
Apr-2026,RK9,UNIVERSITY HOSPITALS PLYMOUTH NHS TRUST,C_410,Rheumatology Service,488.0,428.0,59.0,1.0,87.7,0.2
Apr-2026,ADP02,KIMS HOSPITAL (NEWNHAM COURT),C_999,Total,1331.0,1114.0,215.0,2.0,83.7,0.15
Apr-2026,M0N7E,SPAMEDICA SITTINGBOURNE,C_130,Ophthalmology Service,192.0,175.0,17.0,0.0,91.15,0.0
Apr-2026,NWF01,BENENDEN HOSPITAL,C_130,Ophthalmology Service,70.0,63.0,7.0,0.0,90.0,0.0
Apr-2026,NYR,CORA HEALTH DIAGNOSTICS (FORMERLY HEALTHSHARE DIAGNOSTICS),C_101,Urology Service,164.0,121.0,43.0,0.0,73.78,0.0
Apr-2026,RN7,DARTFORD AND GRAVESHAM NHS TRUST,C_300,General Internal Medicine Service,685.0,478.0,207.0,0.0,69.78,0.0
Apr-2026,RWD,UNITED LINCOLNSHIRE TEACHING HOSPITALS NHS TRUST,C_101,Urology Service,3851.0,2585.0,1265.0,1.0,67.13,0.03
Apr-2026,RWD,UNITED LINCOLNSHIRE TEACHING HOSPITALS NHS TRUST,C_140,Oral Surgery Service,2955.0,1523.0,1368.0,64.0,51.54,2.17
Apr-2026,RWE,UNIVERSITY HOSPITALS OF LEICESTER NHS TRUST,C_110,Trauma and Orthopaedic Service,11282.0,4408.0,6220.0,654.0,39.07,5.8
Apr-2026,NT437,SLOANE HOSPITAL,C_110,Trauma and Orthopaedic Service,421.0,280.0,136.0,5.0,66.51,1.19
Apr-2026,RJ1,GUY'S AND ST THOMAS' NHS FOUNDATION TRUST,C_502,Gynaecology Service,6862.0,3504.0,3334.0,24.0,51.06,0.35
Apr-2026,RJ1,GUY'S AND ST THOMAS' NHS FOUNDATION TRUST,X06,Other - Other Services,771.0,456.0,312.0,3.0,59.14,0.39
Apr-2026,RJ1,GUY'S AND ST THOMAS' NHS FOUNDATION TRUST,C_170,Cardiothoracic Surgery Service,28.0,20.0,8.0,0.0,71.43,0.0
Apr-2026,RJ2,LEWISHAM AND GREENWICH NHS TRUST,C_160,Plastic Surgery Service,15.0,8.0,6.0,1.0,53.33,6.67
Apr-2026,RJZ,KING'S COLLEGE HOSPITAL NHS FOUNDATION TRUST,C_150,Neurosurgical Service,2902.0,1989.0,879.0,34.0,68.54,1.17
Apr-2026,RPA,MEDWAY NHS FOUNDATION TRUST,X05,Other - Surgical Services,2151.0,1841.0,310.0,0.0,85.59,0.0
Apr-2026,RPA,MEDWAY NHS FOUNDATION TRUST,C_400,Neurology Service,1935.0,702.0,1116.0,117.0,36.28,6.05
Apr-2026,RVV,EAST KENT HOSPITALS UNIVERSITY NHS FOUNDATION TRUST,C_130,Ophthalmology Service,5322.0,3382.0,1780.0,160.0,63.55,3.01
Apr-2026,RVV,EAST KENT HOSPITALS UNIVERSITY NHS FOUNDATION TRUST,C_170,Cardiothoracic Surgery Service,2.0,2.0,0.0,0.0,100.0,0.0
Apr-2026,RVV,EAST KENT HOSPITALS UNIVERSITY NHS FOUNDATION TRUST,C_430,Elderly Medicine Service,283.0,252.0,30.0,1.0,89.05,0.35
Apr-2026,RWF,MAIDSTONE AND TUNBRIDGE WELLS NHS TRUST,C_101,Urology Service,2427.0,2072.0,355.0,0.0,85.37,0.0
Apr-2026,RYY,KENT COMMUNITY HEALTH NHS FOUNDATION TRUST,C_110,Trauma and Orthopaedic Service,3680.0,3673.0,7.0,0.0,99.81,0.0
Apr-2026,U0K8N,CES MEDICAL,C_999,Total,56.0,49.0,7.0,0.0,87.5,0.0
Apr-2026,NT314,SPIRE LONDON EAST,X05,Other - Surgical Services,459.0,322.0,128.0,9.0,70.15,1.96
Apr-2026,NT422,LONDON INDEPENDENT HOSPITAL,C_100,General Surgery Service,861.0,725.0,134.0,2.0,84.2,0.23
Apr-2026,NT422,LONDON INDEPENDENT HOSPITAL,C_301,Gastroenterology Service,152.0,145.0,7.0,0.0,95.39,0.0
Apr-2026,NT422,LONDON INDEPENDENT HOSPITAL,C_502,Gynaecology Service,51.0,40.0,9.0,2.0,78.43,3.92
Apr-2026,NTP15,PRACTICE PLUS GROUP HOSPITAL - ILFORD,C_999,Total,4656.0,3175.0,1443.0,38.0,68.19,0.82
Apr-2026,NTP15,PRACTICE PLUS GROUP HOSPITAL - ILFORD,C_100,General Surgery Service,807.0,588.0,218.0,1.0,72.86,0.12
Apr-2026,ACG24,NEWMEDICA - TEESSIDE - NORTH ORMESBY,C_130,Ophthalmology Service,1387.0,1337.0,50.0,0.0,96.4,0.0
Apr-2026,E1U4T,SPAMEDICA CARLISLE,C_130,Ophthalmology Service,914.0,859.0,55.0,0.0,93.98,0.0
Apr-2026,E1U4T,SPAMEDICA CARLISLE,C_999,Total,914.0,859.0,55.0,0.0,93.98,0.0
Apr-2026,I7G8X,ACES NEWCASTLE,C_999,Total,29.0,23.0,6.0,0.0,79.31,0.0
Apr-2026,NT237,"NUFFIELD HEALTH, TEES HOSPITAL",C_120,Ear Nose and Throat Service,27.0,27.0,0.0,0.0,100.0,0.0
Apr-2026,NVC29,COBALT HOSPITAL,C_999,Total,1916.0,1188.0,724.0,4.0,62.0,0.21
Apr-2026,R0B,SOUTH TYNESIDE AND SUNDERLAND NHS FOUNDATION TRUST,C_400,Neurology Service,1262.0,1111.0,151.0,0.0,88.03,0.0
Apr-2026,R0B,SOUTH TYNESIDE AND SUNDERLAND NHS FOUNDATION TRUST,C_140,Oral Surgery Service,4837.0,3071.0,1766.0,0.0,63.49,0.0
Apr-2026,R0B,SOUTH TYNESIDE AND SUNDERLAND NHS FOUNDATION TRUST,C_120,Ear Nose and Throat Service,5071.0,4158.0,913.0,0.0,82.0,0.0
Apr-2026,R0B,SOUTH TYNESIDE AND SUNDERLAND NHS FOUNDATION TRUST,X06,Other - Other Services,3561.0,3274.0,287.0,0.0,91.94,0.0
Apr-2026,RWP,WORCESTERSHIRE ACUTE HOSPITALS NHS TRUST,C_430,Elderly Medicine Service,31.0,30.0,1.0,0.0,96.77,0.0
Apr-2026,NT320,SPIRE PARKWAY HOSPITAL,X05,Other - Surgical Services,22.0,14.0,7.0,1.0,63.64,4.55
Apr-2026,NVC44,THE WESTBOURNE CENTRE,C_130,Ophthalmology Service,21.0,17.0,4.0,0.0,80.95,0.0
Apr-2026,RQ3,BIRMINGHAM WOMEN'S AND CHILDREN'S NHS FOUNDATION TRUST,X05,Other - Surgical Services,58.0,18.0,40.0,0.0,31.03,0.0
Apr-2026,RRJ,THE ROYAL ORTHOPAEDIC HOSPITAL NHS FOUNDATION TRUST,C_110,Trauma and Orthopaedic Service,10600.0,6720.0,3772.0,108.0,63.4,1.02
Apr-2026,RRK,UNIVERSITY HOSPITALS BIRMINGHAM NHS FOUNDATION TRUST,C_160,Plastic Surgery Service,646.0,404.0,240.0,2.0,62.54,0.31
Apr-2026,RRK,UNIVERSITY HOSPITALS BIRMINGHAM NHS FOUNDATION TRUST,C_140,Oral Surgery Service,2268.0,1065.0,1191.0,12.0,46.96,0.53
Apr-2026,RNN,NORTH CUMBRIA INTEGRATED CARE NHS FOUNDATION TRUST,C_300,General Internal Medicine Service,98.0,51.0,45.0,2.0,52.04,2.04
Apr-2026,RR7,GATESHEAD HEALTH NHS FOUNDATION TRUST,X06,Other - Other Services,802.0,597.0,205.0,0.0,74.44,0.0
Apr-2026,RTF,NORTHUMBRIA HEALTHCARE NHS FOUNDATION TRUST,C_301,Gastroenterology Service,1478.0,1444.0,34.0,0.0,97.7,0.0
Apr-2026,RTR,SOUTH TEES HOSPITALS NHS FOUNDATION TRUST,C_340,Respiratory Medicine Service,1011.0,931.0,80.0,0.0,92.09,0.0
Apr-2026,RXP,COUNTY DURHAM AND DARLINGTON NHS FOUNDATION TRUST,C_330,Dermatology Service,5603.0,2759.0,2546.0,298.0,49.24,5.32
Apr-2026,RXP,COUNTY DURHAM AND DARLINGTON NHS FOUNDATION TRUST,C_110,Trauma and Orthopaedic Service,10691.0,8415.0,2250.0,26.0,78.71,0.24
Apr-2026,RXP,COUNTY DURHAM AND DARLINGTON NHS FOUNDATION TRUST,C_170,Cardiothoracic Surgery Service,20.0,7.0,13.0,0.0,35.0,0.0
Apr-2026,ACG26,NEWMEDICA - NORTH DERBYSHIRE - MIDLAND COURT,C_999,Total,1368.0,1239.0,129.0,0.0,90.57,0.0
Apr-2026,RFS,CHESTERFIELD ROYAL HOSPITAL NHS FOUNDATION TRUST,C_140,Oral Surgery Service,1253.0,651.0,518.0,84.0,51.96,6.7
Apr-2026,RFS,CHESTERFIELD ROYAL HOSPITAL NHS FOUNDATION TRUST,C_110,Trauma and Orthopaedic Service,2277.0,1140.0,1094.0,43.0,50.07,1.89
Apr-2026,RFS,CHESTERFIELD ROYAL HOSPITAL NHS FOUNDATION TRUST,C_502,Gynaecology Service,2579.0,1555.0,924.0,100.0,60.29,3.88
Apr-2026,RTG,UNIVERSITY HOSPITALS OF DERBY AND BURTON NHS FOUNDATION TRUST,C_120,Ear Nose and Throat Service,8852.0,5019.0,3732.0,101.0,56.7,1.14
Apr-2026,RTG,UNIVERSITY HOSPITALS OF DERBY AND BURTON NHS FOUNDATION TRUST,C_301,Gastroenterology Service,4218.0,2945.0,1227.0,46.0,69.82,1.09
Apr-2026,RTG,UNIVERSITY HOSPITALS OF DERBY AND BURTON NHS FOUNDATION TRUST,X05,Other - Surgical Services,7606.0,4721.0,2838.0,47.0,62.07,0.62
Apr-2026,RTE,GLOUCESTERSHIRE HOSPITALS NHS FOUNDATION TRUST,C_400,Neurology Service,1958.0,1398.0,559.0,1.0,71.4,0.05
Apr-2026,NT305,SPIRE PORTSMOUTH HOSPITAL,C_110,Trauma and Orthopaedic Service,458.0,254.0,202.0,2.0,55.46,0.44
Apr-2026,NT418,HAMPSHIRE CLINIC,C_502,Gynaecology Service,121.0,78.0,43.0,0.0,64.46,0.0
Apr-2026,NT433,SARUM ROAD HOSPITAL,C_110,Trauma and Orthopaedic Service,275.0,136.0,137.0,2.0,49.45,0.73
Apr-2026,NTPAD,PRACTICE PLUS GROUP SURGICAL CENTRE - ST MARYS PORTSMOUTH,C_320,Cardiology Service,2.0,1.0,1.0,0.0,50.0,0.0
Apr-2026,R1F,ISLE OF WIGHT NHS TRUST,C_101,Urology Service,388.0,374.0,14.0,0.0,96.39,0.0
Apr-2026,R1F,ISLE OF WIGHT NHS TRUST,C_410,Rheumatology Service,656.0,462.0,194.0,0.0,70.43,0.0
Apr-2026,R1F,ISLE OF WIGHT NHS TRUST,C_999,Total,12757.0,8057.0,4636.0,64.0,63.16,0.5
Apr-2026,R1F,ISLE OF WIGHT NHS TRUST,X04,Other - Paediatric Services,33.0,33.0,0.0,0.0,100.0,0.0
Apr-2026,E3D4A,SPAMEDICA TRURO,C_999,Total,337.0,318.0,19.0,0.0,94.36,0.0
Apr-2026,REF,ROYAL CORNWALL HOSPITALS NHS TRUST,C_301,Gastroenterology Service,2386.0,2165.0,221.0,0.0,90.74,0.0
Apr-2026,REF,ROYAL CORNWALL HOSPITALS NHS TRUST,C_330,Dermatology Service,2998.0,2576.0,422.0,0.0,85.92,0.0
Apr-2026,REF,ROYAL CORNWALL HOSPITALS NHS TRUST,X05,Other - Surgical Services,3016.0,2194.0,797.0,25.0,72.75,0.83
Apr-2026,DXN,MODALITY LLP,X05,Other - Surgical Services,48.0,0.0,48.0,0.0,0.0,0.0
Apr-2026,NVC21,WEST MIDLANDS HOSPITAL,C_999,Total,497.0,324.0,165.0,8.0,65.19,1.61
Apr-2026,RBK,WALSALL HEALTHCARE NHS TRUST,C_330,Dermatology Service,1086.0,788.0,298.0,0.0,72.56,0.0
Apr-2026,RHU,PORTSMOUTH HOSPITALS UNIVERSITY NHS TRUST,C_120,Ear Nose and Throat Service,6888.0,3599.0,2752.0,537.0,52.25,7.8
Apr-2026,RHU,PORTSMOUTH HOSPITALS UNIVERSITY NHS TRUST,C_410,Rheumatology Service,536.0,520.0,16.0,0.0,97.01,0.0
Apr-2026,RN5,HAMPSHIRE HOSPITALS NHS FOUNDATION TRUST,C_301,Gastroenterology Service,3853.0,2768.0,1011.0,74.0,71.84,1.92
Apr-2026,RN5,HAMPSHIRE HOSPITALS NHS FOUNDATION TRUST,C_330,Dermatology Service,2716.0,1891.0,788.0,37.0,69.62,1.36
Apr-2026,RN5,HAMPSHIRE HOSPITALS NHS FOUNDATION TRUST,X02,Other - Medical Services,3680.0,2568.0,1032.0,80.0,69.78,2.17
Apr-2026,RW1,HAMPSHIRE AND ISLE OF WIGHT HEALTHCARE NHS FOUNDATION TRUST,C_999,Total,4400.0,3921.0,479.0,0.0,89.11,0.0
Apr-2026,RW1,HAMPSHIRE AND ISLE OF WIGHT HEALTHCARE NHS FOUNDATION TRUST,C_340,Respiratory Medicine Service,47.0,47.0,0.0,0.0,100.0,0.0
Apr-2026,NVC40,WOODTHORPE HOSPITAL,C_400,Neurology Service,1.0,1.0,0.0,0.0,100.0,0.0
Apr-2026,RK5,SHERWOOD FOREST HOSPITALS NHS FOUNDATION TRUST,X04,Other - Paediatric Services,974.0,890.0,83.0,1.0,91.38,0.1
Apr-2026,RK5,SHERWOOD FOREST HOSPITALS NHS FOUNDATION TRUST,X05,Other - Surgical Services,141.0,97.0,44.0,0.0,68.79,0.0
Apr-2026,RX1,NOTTINGHAM UNIVERSITY HOSPITALS NHS TRUST,C_400,Neurology Service,1831.0,1464.0,367.0,0.0,79.96,0.0
Apr-2026,ACG20,NEWMEDICA - BRISTOL - LITFIELD HOUSE,C_130,Ophthalmology Service,428.0,336.0,90.0,2.0,78.5,0.47
Apr-2026,NLX,SIRONA CARE & HEALTH,C_999,Total,5230.0,4234.0,996.0,0.0,80.96,0.0
Apr-2026,NT206,"NUFFIELD HEALTH, BRISTOL HOSPITAL (CHESTERFIELD)",C_301,Gastroenterology Service,1.0,1.0,0.0,0.0,100.0,0.0
Apr-2026,RA7,UNIVERSITY HOSPITALS BRISTOL AND WESTON NHS FOUNDATION TRUST,C_130,Ophthalmology Service,6668.0,4963.0,1703.0,2.0,74.43,0.03
Apr-2026,RA7,UNIVERSITY HOSPITALS BRISTOL AND WESTON NHS FOUNDATION TRUST,C_170,Cardiothoracic Surgery Service,380.0,299.0,81.0,0.0,78.68,0.0
Apr-2026,RA7,UNIVERSITY HOSPITALS BRISTOL AND WESTON NHS FOUNDATION TRUST,C_430,Elderly Medicine Service,212.0,189.0,23.0,0.0,89.15,0.0
Apr-2026,NT202,"NUFFIELD HEALTH, BOURNEMOUTH HOSPITAL",C_999,Total,487.0,320.0,167.0,0.0,65.71,0.0
Apr-2026,R0D,UNIVERSITY HOSPITALS DORSET NHS FOUNDATION TRUST,X06,Other - Other Services,556.0,522.0,33.0,1.0,93.88,0.18
Apr-2026,NT441,THREE SHIRES HOSPITAL,C_502,Gynaecology Service,827.0,595.0,226.0,6.0,71.95,0.73
Apr-2026,RNQ,KETTERING GENERAL HOSPITAL NHS FOUNDATION TRUST,X02,Other - Medical Services,3624.0,1924.0,1648.0,52.0,53.09,1.43
Apr-2026,RNS,NORTHAMPTON GENERAL HOSPITAL NHS TRUST,C_100,General Surgery Service,2461.0,1691.0,768.0,2.0,68.71,0.08
Apr-2026,RNS,NORTHAMPTON GENERAL HOSPITAL NHS TRUST,C_170,Cardiothoracic Surgery Service,21.0,20.0,1.0,0.0,95.24,0.0
Apr-2026,RMC,BOLTON NHS FOUNDATION TRUST,C_120,Ear Nose and Throat Service,4461.0,2252.0,2114.0,95.0,50.48,2.13
Apr-2026,RRF,"WRIGHTINGTON, WIGAN AND LEIGH TEACHING HOSPITALS NHS FOUNDATION TRUST",C_502,Gynaecology Service,2909.0,1861.0,984.0,64.0,63.97,2.2
Apr-2026,RWJ,STOCKPORT NHS FOUNDATION TRUST,C_340,Respiratory Medicine Service,565.0,510.0,55.0,0.0,90.27,0.0
Apr-2026,Z2L9B,NEWMEDICA - MANCHESTER WEST,C_999,Total,317.0,250.0,67.0,0.0,78.86,0.0
Apr-2026,ACG12,NEWMEDICA COMMUNITY OPHTHALMOLOGY - NORTH EAST LINCOLNSHIRE - GRIMSBY,C_130,Ophthalmology Service,1019.0,784.0,235.0,0.0,76.94,0.0
Apr-2026,NT351,SPIRE HULL AND EAST RIDING HOSPITAL,C_301,Gastroenterology Service,1.0,1.0,0.0,0.0,100.0,0.0
Apr-2026,RCB,YORK AND SCARBOROUGH TEACHING HOSPITALS NHS FOUNDATION TRUST,C_301,Gastroenterology Service,1606.0,950.0,647.0,9.0,59.15,0.56
Apr-2026,RCB,YORK AND SCARBOROUGH TEACHING HOSPITALS NHS FOUNDATION TRUST,C_999,Total,55096.0,31165.0,22935.0,996.0,56.56,1.81
Apr-2026,RCD,HARROGATE AND DISTRICT NHS FOUNDATION TRUST,C_430,Elderly Medicine Service,151.0,136.0,15.0,0.0,90.07,0.0
Apr-2026,RJL,NORTHERN LINCOLNSHIRE AND GOOLE NHS FOUNDATION TRUST,C_130,Ophthalmology Service,3085.0,2302.0,768.0,15.0,74.62,0.49
Apr-2026,RWA,HULL UNIVERSITY TEACHING HOSPITALS NHS TRUST,C_170,Cardiothoracic Surgery Service,348.0,264.0,77.0,7.0,75.86,2.01
Apr-2026,Z1E5F,NEWMEDICA - HARROGATE,C_130,Ophthalmology Service,236.0,208.0,28.0,0.0,88.14,0.0
Apr-2026,RN3,GREAT WESTERN HOSPITALS NHS FOUNDATION TRUST,C_160,Plastic Surgery Service,120.0,81.0,31.0,8.0,67.5,6.67
Apr-2026,RN3,GREAT WESTERN HOSPITALS NHS FOUNDATION TRUST,C_502,Gynaecology Service,3640.0,1913.0,1667.0,60.0,52.55,1.65
Apr-2026,RNZ,SALISBURY NHS FOUNDATION TRUST,C_140,Oral Surgery Service,1860.0,1289.0,571.0,0.0,69.3,0.0
Apr-2026,DJH01,THE ROYAL BUCKINGHAMSHIRE HOSPITAL LTD,C_110,Trauma and Orthopaedic Service,1.0,1.0,0.0,0.0,100.0,0.0
Apr-2026,F9Z4V,CIRCLE READING HOSPITAL,C_320,Cardiology Service,3.0,3.0,0.0,0.0,100.0,0.0
Apr-2026,NT344,SPIRE DUNEDIN HOSPITAL,X05,Other - Surgical Services,30.0,22.0,8.0,0.0,73.33,0.0
Apr-2026,NT410,CHILTERN HOSPITAL,C_110,Trauma and Orthopaedic Service,269.0,220.0,49.0,0.0,81.78,0.0
Apr-2026,NT428,PRINCESS MARGARET HOSPITAL,C_999,Total,64.0,57.0,7.0,0.0,89.06,0.0
Apr-2026,NT435,SHELBURNE HOSPITAL,X06,Other - Other Services,68.0,55.0,13.0,0.0,80.88,0.0
Apr-2026,RHW,ROYAL BERKSHIRE NHS FOUNDATION TRUST,C_100,General Surgery Service,2684.0,2290.0,391.0,3.0,85.32,0.11
Apr-2026,NT210,"NUFFIELD HEALTH, THE GROSVENOR HOSPITAL, CHESTER",C_999,Total,444.0,286.0,158.0,0.0,64.41,0.0
Apr-2026,NT324,SPIRE CHESHIRE HOSPITAL,C_100,General Surgery Service,342.0,268.0,74.0,0.0,78.36,0.0
Apr-2026,NT325,SPIRE MURRAYFIELD HOSPITAL,C_400,Neurology Service,1.0,1.0,0.0,0.0,100.0,0.0
Apr-2026,NT337,SPIRE LIVERPOOL HOSPITAL,C_100,General Surgery Service,778.0,655.0,121.0,2.0,84.19,0.26
Apr-2026,NT337,SPIRE LIVERPOOL HOSPITAL,C_110,Trauma and Orthopaedic Service,836.0,511.0,318.0,7.0,61.12,0.84
Apr-2026,NT339,SPIRE REGENCY HOSPITAL,C_100,General Surgery Service,306.0,266.0,40.0,0.0,86.93,0.0
Apr-2026,R6X7C,SPAMEDICA MACCLESFIELD COMMUNITY DIAGNOSTIC & TREATMENT CENTRE,C_999,Total,80.0,79.0,1.0,0.0,98.75,0.0
Apr-2026,RBL,WIRRAL UNIVERSITY TEACHING HOSPITAL NHS FOUNDATION TRUST,C_110,Trauma and Orthopaedic Service,2499.0,1267.0,1217.0,15.0,50.7,0.6
Apr-2026,RBN,MERSEY AND WEST LANCASHIRE TEACHING HOSPITALS NHS TRUST,X05,Other - Surgical Services,2653.0,1483.0,1132.0,38.0,55.9,1.43
Apr-2026,RBS,ALDER HEY CHILDREN'S NHS FOUNDATION TRUST,X04,Other - Paediatric Services,16085.0,11101.0,4783.0,201.0,69.01,1.25
Apr-2026,RBT,MID CHESHIRE HOSPITALS NHS FOUNDATION TRUST,C_502,Gynaecology Service,2305.0,1399.0,807.0,99.0,60.69,4.3
Apr-2026,REM,LIVERPOOL UNIVERSITY HOSPITALS NHS FOUNDATION TRUST,X02,Other - Medical Services,3968.0,2625.0,1330.0,13.0,66.15,0.33
Apr-2026,REM,LIVERPOOL UNIVERSITY HOSPITALS NHS FOUNDATION TRUST,C_110,Trauma and Orthopaedic Service,4585.0,2351.0,2062.0,172.0,51.28,3.75
Apr-2026,REM,LIVERPOOL UNIVERSITY HOSPITALS NHS FOUNDATION TRUST,X04,Other - Paediatric Services,911.0,468.0,435.0,8.0,51.37,0.88
Apr-2026,REN,THE CLATTERBRIDGE CANCER CENTRE NHS FOUNDATION TRUST,X06,Other - Other Services,414.0,397.0,17.0,0.0,95.89,0.0
Apr-2026,RJN,EAST CHESHIRE NHS TRUST,C_100,General Surgery Service,1413.0,787.0,612.0,14.0,55.7,0.99
Apr-2026,RJN,EAST CHESHIRE NHS TRUST,C_502,Gynaecology Service,2225.0,1213.0,933.0,79.0,54.52,3.55
Apr-2026,RJR,COUNTESS OF CHESTER HOSPITAL NHS FOUNDATION TRUST,C_101,Urology Service,1200.0,804.0,395.0,1.0,67.0,0.08
Apr-2026,RWW,NORTH CHESHIRE AND MERSEY NHS FOUNDATION TRUST,C_410,Rheumatology Service,1187.0,590.0,595.0,2.0,49.71,0.17
Apr-2026,RWW,NORTH CHESHIRE AND MERSEY NHS FOUNDATION TRUST,C_430,Elderly Medicine Service,245.0,132.0,113.0,0.0,53.88,0.0
Apr-2026,RWW,NORTH CHESHIRE AND MERSEY NHS FOUNDATION TRUST,C_300,General Internal Medicine Service,45.0,44.0,1.0,0.0,97.78,0.0
Apr-2026,RTH,OXFORD UNIVERSITY HOSPITALS NHS FOUNDATION TRUST,C_130,Ophthalmology Service,5513.0,3159.0,2154.0,200.0,57.3,3.63
Apr-2026,AWR,ONE STOP DOCTORS LIMITED,X02,Other - Medical Services,2.0,2.0,0.0,0.0,100.0,0.0
Apr-2026,NT315,SPIRE BUSHEY HOSPITAL,C_100,General Surgery Service,201.0,192.0,9.0,0.0,95.52,0.0
Apr-2026,NT315,SPIRE BUSHEY HOSPITAL,C_999,Total,1078.0,1019.0,59.0,0.0,94.53,0.0
Apr-2026,NT316,SPIRE HARPENDEN HOSPITAL,X05,Other - Surgical Services,21.0,21.0,0.0,0.0,100.0,0.0
Apr-2026,NVC15,PINEHILL HOSPITAL,X06,Other - Other Services,116.0,42.0,74.0,0.0,36.21,0.0
Apr-2026,NVC19,RIVERS HOSPITAL,C_130,Ophthalmology Service,436.0,354.0,81.0,1.0,81.19,0.23
Apr-2026,RGP,JAMES PAGET UNIVERSITY HOSPITALS NHS FOUNDATION TRUST,C_301,Gastroenterology Service,2340.0,1096.0,1148.0,96.0,46.84,4.1
Apr-2026,RGP,JAMES PAGET UNIVERSITY HOSPITALS NHS FOUNDATION TRUST,C_410,Rheumatology Service,501.0,432.0,69.0,0.0,86.23,0.0
Apr-2026,RGR,WEST SUFFOLK NHS FOUNDATION TRUST,C_110,Trauma and Orthopaedic Service,4123.0,2059.0,2015.0,49.0,49.94,1.19
Apr-2026,RGR,WEST SUFFOLK NHS FOUNDATION TRUST,C_340,Respiratory Medicine Service,530.0,448.0,81.0,1.0,84.53,0.19
Apr-2026,RM1,NORFOLK AND NORWICH UNIVERSITY HOSPITALS NHS FOUNDATION TRUST,C_999,Total,68475.0,42720.0,23881.0,1874.0,62.39,2.74
Apr-2026,RM1,NORFOLK AND NORWICH UNIVERSITY HOSPITALS NHS FOUNDATION TRUST,C_301,Gastroenterology Service,3409.0,2189.0,1215.0,5.0,64.21,0.15
Apr-2026,RM1,NORFOLK AND NORWICH UNIVERSITY HOSPITALS NHS FOUNDATION TRUST,C_430,Elderly Medicine Service,33.0,33.0,0.0,0.0,100.0,0.0
Apr-2026,DX1,THE NEW FOSCOTE HOSPITAL LTD,C_999,Total,375.0,349.0,25.0,1.0,93.07,0.27
Apr-2026,G3Q3Z,NUFFIELD HEALTH HIGHGATE HOSPITAL,C_100,General Surgery Service,125.0,114.0,11.0,0.0,91.2,0.0
Apr-2026,NHW,STANDARD HEALTH LTD,C_999,Total,124.0,82.0,42.0,0.0,66.13,0.0
Apr-2026,NT411,CLEMENTINE CHURCHILL HOSPITAL,C_100,General Surgery Service,318.0,318.0,0.0,0.0,100.0,0.0
Apr-2026,NT416,HENDON HOSPITAL,C_100,General Surgery Service,270.0,177.0,86.0,7.0,65.56,2.59
Apr-2026,NT416,HENDON HOSPITAL,C_101,Urology Service,129.0,76.0,53.0,0.0,58.91,0.0
Apr-2026,R1K,LONDON NORTH WEST UNIVERSITY HEALTHCARE NHS TRUST,C_120,Ear Nose and Throat Service,9055.0,4056.0,4512.0,487.0,44.79,5.38
Apr-2026,R1K,LONDON NORTH WEST UNIVERSITY HEALTHCARE NHS TRUST,X05,Other - Surgical Services,8975.0,6031.0,2907.0,37.0,67.2,0.41
Apr-2026,R1K,LONDON NORTH WEST UNIVERSITY HEALTHCARE NHS TRUST,C_502,Gynaecology Service,5652.0,3679.0,1928.0,45.0,65.09,0.8
Apr-2026,RAL,ROYAL FREE LONDON NHS FOUNDATION TRUST,C_120,Ear Nose and Throat Service,10527.0,6295.0,3919.0,313.0,59.8,2.97
Apr-2026,RAN,ROYAL NATIONAL ORTHOPAEDIC HOSPITAL NHS TRUST,C_101,Urology Service,126.0,108.0,18.0,0.0,85.71,0.0
Apr-2026,RAN,ROYAL NATIONAL ORTHOPAEDIC HOSPITAL NHS TRUST,C_410,Rheumatology Service,421.0,347.0,74.0,0.0,82.42,0.0
Apr-2026,RAN,ROYAL NATIONAL ORTHOPAEDIC HOSPITAL NHS TRUST,X06,Other - Other Services,231.0,200.0,31.0,0.0,86.58,0.0
Apr-2026,RAS,THE HILLINGDON HOSPITALS NHS FOUNDATION TRUST,C_320,Cardiology Service,2417.0,1235.0,1181.0,1.0,51.1,0.04
Apr-2026,RAS,THE HILLINGDON HOSPITALS NHS FOUNDATION TRUST,C_400,Neurology Service,608.0,474.0,134.0,0.0,77.96,0.0
Apr-2026,RKE,WHITTINGTON HEALTH NHS TRUST,C_120,Ear Nose and Throat Service,2171.0,1663.0,508.0,0.0,76.6,0.0
Apr-2026,RKE,WHITTINGTON HEALTH NHS TRUST,C_340,Respiratory Medicine Service,620.0,566.0,54.0,0.0,91.29,0.0
Apr-2026,RP4,GREAT ORMOND STREET HOSPITAL FOR CHILDREN NHS FOUNDATION TRUST,C_301,Gastroenterology Service,1.0,0.0,1.0,0.0,0.0,0.0
Apr-2026,RP6,MOORFIELDS EYE HOSPITAL NHS FOUNDATION TRUST,C_130,Ophthalmology Service,36163.0,30531.0,5625.0,7.0,84.43,0.02
Apr-2026,RQM,CHELSEA AND WESTMINSTER HOSPITAL NHS FOUNDATION TRUST,C_160,Plastic Surgery Service,3177.0,1481.0,1540.0,156.0,46.62,4.91
Apr-2026,RBD,DORSET COUNTY HOSPITAL NHS FOUNDATION TRUST,C_100,General Surgery Service,1255.0,604.0,646.0,5.0,48.13,0.4
Apr-2026,RBD,DORSET COUNTY HOSPITAL NHS FOUNDATION TRUST,C_130,Ophthalmology Service,2263.0,1715.0,547.0,1.0,75.78,0.04
Apr-2026,RBD,DORSET COUNTY HOSPITAL NHS FOUNDATION TRUST,C_301,Gastroenterology Service,1084.0,827.0,252.0,5.0,76.29,0.46
Apr-2026,NT3X3,SPIRE ST ANTHONY'S HOSPITAL,C_400,Neurology Service,1.0,1.0,0.0,0.0,100.0,0.0
Apr-2026,NT436,SHIRLEY OAKS HOSPITAL,C_101,Urology Service,125.0,97.0,28.0,0.0,77.6,0.0
Apr-2026,NT436,SHIRLEY OAKS HOSPITAL,C_100,General Surgery Service,61.0,43.0,18.0,0.0,70.49,0.0
Apr-2026,R0F4N,NUFFIELD HEALTH PARKSIDE HOSPITAL,C_999,Total,821.0,572.0,156.0,93.0,69.67,11.33
Apr-2026,RAX,KINGSTON AND RICHMOND NHS FOUNDATION TRUST,X05,Other - Surgical Services,6165.0,3974.0,2176.0,15.0,64.46,0.24
Apr-2026,RAX,KINGSTON AND RICHMOND NHS FOUNDATION TRUST,X06,Other - Other Services,27.0,20.0,7.0,0.0,74.07,0.0
Apr-2026,NL8,LOCALA COMMUNITY PARTNERSHIPS CIC,C_999,Total,1286.0,1079.0,207.0,0.0,83.9,0.0
Apr-2026,NNH02,OPTEGRA YORKSHIRE EYE HOSPITAL,C_130,Ophthalmology Service,842.0,675.0,167.0,0.0,80.17,0.0
Apr-2026,NT332,SPIRE LEEDS HOSPITAL,C_999,Total,764.0,611.0,153.0,0.0,79.97,0.0
Apr-2026,NT348,SPIRE ELLAND HOSPITAL,C_101,Urology Service,54.0,47.0,7.0,0.0,87.04,0.0
Apr-2026,NT448,HUDDERSFIELD PRIVATE HOSPITAL,C_999,Total,1077.0,984.0,89.0,4.0,91.36,0.37
Apr-2026,NT448,HUDDERSFIELD PRIVATE HOSPITAL,C_100,General Surgery Service,232.0,205.0,27.0,0.0,88.36,0.0
Apr-2026,NVC20,THE YORKSHIRE CLINIC,C_502,Gynaecology Service,210.0,165.0,45.0,0.0,78.57,0.0
Apr-2026,NVC20,THE YORKSHIRE CLINIC,C_300,General Internal Medicine Service,3.0,3.0,0.0,0.0,100.0,0.0
Apr-2026,P0C3F,SPAMEDICA LEEDS,C_130,Ophthalmology Service,334.0,310.0,24.0,0.0,92.81,0.0
Apr-2026,P0C3F,SPAMEDICA LEEDS,C_999,Total,334.0,310.0,24.0,0.0,92.81,0.0
Apr-2026,RAE,BRADFORD TEACHING HOSPITALS NHS FOUNDATION TRUST,X02,Other - Medical Services,4269.0,2813.0,1438.0,18.0,65.89,0.42
Apr-2026,RJ7,ST GEORGE'S UNIVERSITY HOSPITALS NHS FOUNDATION TRUST,X05,Other - Surgical Services,5604.0,3342.0,2168.0,94.0,59.64,1.68
Apr-2026,RVR,EPSOM AND ST HELIER UNIVERSITY HOSPITALS NHS TRUST,C_502,Gynaecology Service,6087.0,3640.0,2378.0,69.0,59.8,1.13
Apr-2026,RVR,EPSOM AND ST HELIER UNIVERSITY HOSPITALS NHS TRUST,C_999,Total,58819.0,39151.0,19193.0,475.0,66.56,0.81
Apr-2026,RVR,EPSOM AND ST HELIER UNIVERSITY HOSPITALS NHS TRUST,C_300,General Internal Medicine Service,923.0,457.0,465.0,1.0,49.51,0.11
Apr-2026,RCF,AIREDALE NHS FOUNDATION TRUST,C_340,Respiratory Medicine Service,613.0,412.0,201.0,0.0,67.21,0.0
Apr-2026,RCF,AIREDALE NHS FOUNDATION TRUST,X04,Other - Paediatric Services,670.0,521.0,148.0,1.0,77.76,0.15
Apr-2026,RR8,LEEDS TEACHING HOSPITALS NHS TRUST,C_150,Neurosurgical Service,588.0,407.0,162.0,19.0,69.22,3.23
Apr-2026,RWY,CALDERDALE AND HUDDERSFIELD NHS FOUNDATION TRUST,C_502,Gynaecology Service,3121.0,2248.0,873.0,0.0,72.03,0.0
Apr-2026,RJC,SOUTH WARWICKSHIRE UNIVERSITY NHS FOUNDATION TRUST,C_120,Ear Nose and Throat Service,3937.0,2162.0,1737.0,38.0,54.91,0.97
Apr-2026,RJC,SOUTH WARWICKSHIRE UNIVERSITY NHS FOUNDATION TRUST,C_320,Cardiology Service,852.0,805.0,47.0,0.0,94.48,0.0
Apr-2026,RJC,SOUTH WARWICKSHIRE UNIVERSITY NHS FOUNDATION TRUST,C_300,General Internal Medicine Service,323.0,314.0,9.0,0.0,97.21,0.0
Apr-2026,RKB,UNIVERSITY HOSPITALS COVENTRY AND WARWICKSHIRE NHS TRUST,C_140,Oral Surgery Service,3627.0,2352.0,1217.0,58.0,64.85,1.6
Apr-2026,RLT,GEORGE ELIOT HOSPITAL NHS TRUST,C_110,Trauma and Orthopaedic Service,1959.0,1435.0,523.0,1.0,73.25,0.05
Apr-2026,S3H9L,THE HAMPTONS HOSPITAL LTD,C_101,Urology Service,87.0,18.0,62.0,7.0,20.69,8.05
Apr-2026,NNE,DORKING HEALTHCARE LIMITED (DHC),C_410,Rheumatology Service,216.0,194.0,22.0,0.0,89.81,0.0
Apr-2026,NT218,"NUFFIELD HEALTH, HAYWARDS HEATH HOSPITAL",C_100,General Surgery Service,70.0,50.0,19.0,1.0,71.43,1.43
Apr-2026,NT241,"NUFFIELD HEALTH, WOKING HOSPITAL",C_101,Urology Service,30.0,25.0,5.0,0.0,83.33,0.0
Apr-2026,NT431,RUNNYMEDE HOSPITAL,C_100,General Surgery Service,49.0,36.0,13.0,0.0,73.47,0.0
Apr-2026,NVC11,NORTH DOWNS HOSPITAL,C_130,Ophthalmology Service,121.0,94.0,26.0,1.0,77.69,0.83
Apr-2026,NVM,EPSOMEDICAL GROUP,X05,Other - Surgical Services,87.0,74.0,12.0,1.0,85.06,1.15
Apr-2026,NVM,EPSOMEDICAL GROUP,C_100,General Surgery Service,241.0,183.0,53.0,5.0,75.93,2.07
Apr-2026,NVC31,BLAKELANDS HOSPITAL,X06,Other - Other Services,1.0,0.0,1.0,0.0,0.0,0.0
Apr-2026,NX501,ANGLIA COMMUNITY EYE SERVICE LTD,C_130,Ophthalmology Service,566.0,495.0,70.0,1.0,87.46,0.18
Apr-2026,RC9,BEDFORDSHIRE HOSPITALS NHS FOUNDATION TRUST,C_502,Gynaecology Service,5922.0,3967.0,1948.0,7.0,66.99,0.12
Apr-2026,RD8,MILTON KEYNES UNIVERSITY HOSPITAL NHS FOUNDATION TRUST,C_140,Oral Surgery Service,1215.0,846.0,359.0,10.0,69.63,0.82
Apr-2026,RGM,ROYAL PAPWORTH HOSPITAL NHS FOUNDATION TRUST,C_170,Cardiothoracic Surgery Service,506.0,387.0,118.0,1.0,76.48,0.2
Apr-2026,RGT,CAMBRIDGE UNIVERSITY HOSPITALS NHS FOUNDATION TRUST,C_320,Cardiology Service,3283.0,1633.0,1496.0,154.0,49.74,4.69
Apr-2026,RWG,WEST HERTFORDSHIRE TEACHING HOSPITALS NHS TRUST,C_120,Ear Nose and Throat Service,3294.0,1441.0,1659.0,194.0,43.75,5.89
Apr-2026,RDU,FRIMLEY HEALTH NHS FOUNDATION TRUST,C_100,General Surgery Service,646.0,411.0,222.0,13.0,63.62,2.01
Apr-2026,RTK,ASHFORD AND ST PETER'S HOSPITALS NHS FOUNDATION TRUST,C_110,Trauma and Orthopaedic Service,7136.0,4600.0,2453.0,83.0,64.46,1.16
Apr-2026,RTK,ASHFORD AND ST PETER'S HOSPITALS NHS FOUNDATION TRUST,X05,Other - Surgical Services,8250.0,4498.0,3550.0,202.0,54.52,2.45
Apr-2026,RTP,SURREY AND SUSSEX HEALTHCARE NHS TRUST,C_502,Gynaecology Service,3518.0,2209.0,1305.0,4.0,62.79,0.11
Apr-2026,RTP,SURREY AND SUSSEX HEALTHCARE NHS TRUST,C_110,Trauma and Orthopaedic Service,2890.0,1545.0,1268.0,77.0,53.46,2.66
Apr-2026,RYR,UNIVERSITY HOSPITALS SUSSEX NHS FOUNDATION TRUST,C_999,Total,115702.0,62191.0,49436.0,4075.0,53.75,3.52
Apr-2026,ACG37,NEWMEDICA - IPSWICH,C_130,Ophthalmology Service,1218.0,1152.0,66.0,0.0,94.58,0.0
Apr-2026,ACG37,NEWMEDICA - IPSWICH,C_999,Total,1218.0,1152.0,66.0,0.0,94.58,0.0
Apr-2026,M3R0W,SPAMEDICA NORWICH,C_130,Ophthalmology Service,351.0,295.0,56.0,0.0,84.05,0.0
