specialty_code,specialty,provider_code,from_period,to_period,from_total,to_total,relative_change,material_event,opposite_siblings,sibling_details,opposite_material_sibling
C_301,Gastroenterology,8KL73,2024-05,2024-06,0.0,70.0,inf,False,,,False
C_301,Gastroenterology,8KL73,2024-08,2024-09,51.0,0.0,-1.0,False,,,False
C_301,Gastroenterology,AAV,2024-07,2024-08,0.0,573.0,inf,True,C_130,C_130 3274->3177 (-3.0%),False
C_301,Gastroenterology,ADP02,2025-08,2025-09,0.0,1.0,inf,False,X02,X02 228->222 (-2.6%),False
C_301,Gastroenterology,ADP02,2025-09,2025-10,1.0,0.0,-1.0,False,C_110|C_120|C_502,C_110 878->915 (+4.2%); C_120 17->27 (+58.8%); C_502 139->147 (+5.8%),False
C_301,Gastroenterology,ADP02,2025-10,2025-11,0.0,2.0,inf,False,C_100|C_101|C_110|C_120,C_100 52->49 (-5.8%); C_101 25->24 (-4.0%); C_110 915->911 (-0.4%); C_120 27->26 (-3.7%),False
C_301,Gastroenterology,ADP02,2025-11,2025-12,2.0,8.0,3.0,False,,,False
C_301,Gastroenterology,ADP02,2026-04,2026-05,3.0,6.0,1.0,False,C_110|C_120|X02,C_110 839->800 (-4.6%); C_120 23->15 (-34.8%); X02 283->272 (-3.9%),False
C_301,Gastroenterology,AJ8,2024-05,2024-06,151.0,245.0,0.6225165562913907,False,,,False
C_301,Gastroenterology,AJ8,2025-02,2025-03,72.0,167.0,1.3194444444444444,False,,,False
C_301,Gastroenterology,AJ8,2025-07,2025-08,183.0,295.0,0.6120218579234973,False,,,False
C_301,Gastroenterology,AJ8,2026-01,2026-02,311.0,133.0,-0.572347266881029,False,,,False
C_301,Gastroenterology,AJ8,2026-02,2026-03,133.0,237.0,0.7819548872180451,False,,,False
C_301,Gastroenterology,AWR,2025-06,2025-07,0.0,4.0,inf,False,,,False
C_301,Gastroenterology,AWR,2025-07,2025-08,4.0,8.0,1.0,False,,,False
C_301,Gastroenterology,AY1,2024-01,2024-02,367.0,1425.0,2.88283378746594,True,C_100,C_100 75->69 (-8.0%),False
C_301,Gastroenterology,AY1,2025-03,2025-04,2020.0,961.0,-0.5242574257425743,True,,,False
C_301,Gastroenterology,AY1,2025-04,2025-05,961.0,472.0,-0.5088449531737773,True,,,False
C_301,Gastroenterology,B3M1X,2025-10,2025-11,0.0,1.0,inf,False,C_130|C_150|C_502,C_130 18->12 (-33.3%); C_150 350->328 (-6.3%); C_502 152->144 (-5.3%),False
C_301,Gastroenterology,F9Z4V,2024-05,2024-06,11.0,5.0,-0.5454545454545454,False,C_110|C_120|C_130,C_110 967->999 (+3.3%); C_120 26->27 (+3.8%); C_130 87->93 (+6.9%),False
C_301,Gastroenterology,F9Z4V,2024-06,2024-07,5.0,1.0,-0.8,False,C_100|C_110|C_120|C_130|C_502|X06,C_100 83->89 (+7.2%); C_110 999->1079 (+8.0%); C_120 27->45 (+66.7%); C_130 93->95 (+2.2%); C_502 80->88 (+10.0%); X06 26->33 (+26.9%),False
C_301,Gastroenterology,F9Z4V,2024-07,2024-08,1.0,18.0,17.0,False,C_502|X06,C_502 88->86 (-2.3%); X06 33->32 (-3.0%),False
C_301,Gastroenterology,F9Z4V,2025-10,2025-11,6.0,10.0,0.6666666666666666,False,C_110|C_120|C_130|C_502,C_110 1181->1167 (-1.2%); C_120 93->83 (-10.8%); C_130 144->137 (-4.9%); C_502 118->89 (-24.6%),False
C_301,Gastroenterology,F9Z4V,2025-12,2026-01,6.0,11.0,0.8333333333333334,False,C_100|C_120|X06,C_100 156->154 (-1.3%); C_120 73->67 (-8.2%); X06 44->40 (-9.1%),False
C_301,Gastroenterology,G3Q3Z,2024-02,2024-03,5.0,8.0,0.6,False,,,False
C_301,Gastroenterology,G3Q3Z,2024-04,2024-05,8.0,23.0,1.875,False,C_120|X05,C_120 241->206 (-14.5%); X05 111->105 (-5.4%),False
C_301,Gastroenterology,G3Q3Z,2026-01,2026-02,36.0,58.0,0.6111111111111112,False,C_100|X02,C_100 125->120 (-4.0%); X02 13->3 (-76.9%),False
C_301,Gastroenterology,G3Z1Q,2025-04,2025-05,40.0,61.0,0.525,False,C_100|C_110|C_130|C_320|C_502,C_100 204->176 (-13.7%); C_110 1729->1711 (-1.0%); C_130 376->341 (-9.3%); C_320 1->0 (-100.0%); C_502 188->177 (-5.9%),False
C_301,Gastroenterology,G3Z1Q,2025-05,2025-06,61.0,94.0,0.5409836065573771,False,C_110,C_110 1711->1696 (-0.9%),False
C_301,Gastroenterology,K8I4X,2024-02,2024-03,102.0,161.0,0.5784313725490197,False,C_120|C_502,C_120 2->0 (-100.0%); C_502 26->23 (-11.5%),False
C_301,Gastroenterology,K8I4X,2024-05,2024-06,199.0,303.0,0.5226130653266332,False,C_101|C_110|C_120|C_130|C_160|C_300|C_502|X06,C_101 34->27 (-20.6%); C_110 411->335 (-18.5%); C_120 23->14 (-39.1%); C_130 712->622 (-12.6%); C_160 1->0 (-100.0%); C_300 1->0 (-100.0%); C_502 15->4 (-73.3%); X06 4->1 (-75.0%),False
C_301,Gastroenterology,M9U8M,2024-08,2024-09,0.0,49.0,inf,False,,,False
C_301,Gastroenterology,M9U8M,2024-09,2024-10,49.0,83.0,0.6938775510204082,False,,,False
C_301,Gastroenterology,NEY,2024-01,2024-02,2.0,0.0,-1.0,False,C_400|X06,C_400 333->336 (+0.9%); X06 110->135 (+22.7%),False
C_301,Gastroenterology,NEY,2024-02,2024-03,0.0,1.0,inf,False,C_110|C_150|C_400|X06,C_110 239->167 (-30.1%); C_150 159->156 (-1.9%); C_400 336->296 (-11.9%); X06 135->14 (-89.6%),False
C_301,Gastroenterology,NEY,2024-03,2024-04,1.0,0.0,-1.0,False,C_101|C_110|C_120|C_130|C_150|C_160|X02|X06,C_101 11->55 (+400.0%); C_110 167->331 (+98.2%); C_120 701->958 (+36.7%); C_130 3->644 (+21366.7%); C_150 156->166 (+6.4%); C_160 0->1 (+inf%); X02 0->219 (+inf%); X06 14->45 (+221.4%),True
C_301,Gastroenterology,NID,2026-02,2026-03,0.0,232.0,inf,False,,,False
C_301,Gastroenterology,NID,2026-04,2026-05,152.0,457.0,2.0065789473684212,False,,,False
C_301,Gastroenterology,NN5,2024-01,2024-02,234.0,95.0,-0.594017094017094,False,,,False
C_301,Gastroenterology,NN5,2024-02,2024-03,95.0,31.0,-0.6736842105263158,False,,,False
C_301,Gastroenterology,NN5,2024-09,2024-10,12.0,46.0,2.8333333333333335,False,C_110|C_120|C_502,C_110 75->74 (-1.3%); C_120 14->5 (-64.3%); C_502 13->2 (-84.6%),False
C_301,Gastroenterology,NN5,2025-09,2025-10,27.0,42.0,0.5555555555555556,False,C_100,C_100 152->126 (-17.1%),False
C_301,Gastroenterology,NRP,2024-01,2024-02,50.0,16.0,-0.68,False,,,False
C_301,Gastroenterology,NRP,2024-02,2024-03,16.0,51.0,2.1875,False,C_120,C_120 560->449 (-19.8%),False
C_301,Gastroenterology,NRP,2024-03,2024-04,51.0,87.0,0.7058823529411765,False,C_120,C_120 449->405 (-9.8%),False
C_301,Gastroenterology,NRP,2024-05,2024-06,66.0,14.0,-0.7878787878787878,False,C_120,C_120 273->425 (+55.7%),False
C_301,Gastroenterology,NRP,2024-09,2024-10,22.0,35.0,0.5909090909090909,False,C_120,C_120 504->442 (-12.3%),False
C_301,Gastroenterology,NRP,2024-11,2024-12,22.0,61.0,1.7727272727272727,False,C_120,C_120 418->132 (-68.4%),False
C_301,Gastroenterology,NRP,2025-01,2025-02,89.0,157.0,0.7640449438202247,False,,,False
C_301,Gastroenterology,NRP,2025-05,2025-06,187.0,468.0,1.5026737967914439,False,,,False
C_301,Gastroenterology,NRP,2026-01,2026-02,1039.0,1669.0,0.6063522617901829,True,,,False
C_301,Gastroenterology,NT206,2026-03,2026-04,0.0,1.0,inf,False,C_110|X02,C_110 572->498 (-12.9%); X02 13->10 (-23.1%),False
C_301,Gastroenterology,NT209,2024-02,2024-03,3.0,0.0,-1.0,False,C_110,C_110 380->382 (+0.5%),False
C_301,Gastroenterology,NT209,2024-07,2024-08,0.0,2.0,inf,False,C_100,C_100 13->5 (-61.5%),False
C_301,Gastroenterology,NT209,2024-10,2024-11,2.0,10.0,4.0,False,C_100,C_100 5->2 (-60.0%),False
C_301,Gastroenterology,NT209,2024-12,2025-01,10.0,18.0,0.8,False,C_100|C_110,C_100 2->1 (-50.0%); C_110 332->315 (-5.1%),False
C_301,Gastroenterology,NT209,2026-02,2026-03,6.0,1.0,-0.8333333333333334,False,,,False
C_301,Gastroenterology,NT210,2024-09,2024-10,0.0,2.0,inf,False,,,False
C_301,Gastroenterology,NT210,2024-11,2024-12,2.0,0.0,-1.0,False,C_100|C_110,C_100 11->22 (+100.0%); C_110 302->310 (+2.6%),False
C_301,Gastroenterology,NT210,2025-01,2025-02,0.0,1.0,inf,False,C_110,C_110 279->265 (-5.0%),False
C_301,Gastroenterology,NT210,2025-04,2025-05,1.0,0.0,-1.0,False,C_110|X06,C_110 243->262 (+7.8%); X06 35->45 (+28.6%),False
C_301,Gastroenterology,NT213,2024-02,2024-03,0.0,1.0,inf,False,X02,X02 8->6 (-25.0%),False
C_301,Gastroenterology,NT213,2024-05,2024-06,1.0,0.0,-1.0,False,X02,X02 12->18 (+50.0%),False
C_301,Gastroenterology,NT213,2024-06,2024-07,0.0,1.0,inf,False,C_100|X02,C_100 100->86 (-14.0%); X02 18->14 (-22.2%),False
C_301,Gastroenterology,NT213,2024-10,2024-11,1.0,2.0,1.0,False,C_100|C_110|X02,C_100 82->78 (-4.9%); C_110 1229->1201 (-2.3%); X02 12->11 (-8.3%),False
C_301,Gastroenterology,NT213,2025-01,2025-02,2.0,0.0,-1.0,False,C_110,C_110 1282->1336 (+4.2%),False
C_301,Gastroenterology,NT213,2025-07,2025-08,0.0,1.0,inf,False,C_110,C_110 1000->983 (-1.7%),False
C_301,Gastroenterology,NT213,2025-08,2025-09,1.0,0.0,-1.0,False,,,False
C_301,Gastroenterology,NT216,2024-10,2024-11,0.0,2.0,inf,False,C_100|C_101|C_120|C_140|X02,C_100 81->73 (-9.9%); C_101 18->16 (-11.1%); C_120 22->13 (-40.9%); C_140 8->6 (-25.0%); X02 44->34 (-22.7%),False
C_301,Gastroenterology,NT216,2024-12,2025-01,2.0,5.0,1.5,False,,,False
C_301,Gastroenterology,NT216,2025-01,2025-02,5.0,9.0,0.8,False,C_120|C_140,C_120 14->11 (-21.4%); C_140 6->4 (-33.3%),False
C_301,Gastroenterology,NT216,2025-03,2025-04,7.0,3.0,-0.5714285714285714,False,C_101|C_502,C_101 23->44 (+91.3%); C_502 106->111 (+4.7%),False
C_301,Gastroenterology,NT216,2025-04,2025-05,3.0,0.0,-1.0,False,,,False
C_301,Gastroenterology,NT216,2025-06,2025-07,0.0,2.0,inf,False,,,False
C_301,Gastroenterology,NT216,2025-10,2025-11,1.0,0.0,-1.0,False,C_120,C_120 2->3 (+50.0%),False
C_301,Gastroenterology,NT216,2025-12,2026-01,0.0,2.0,inf,False,,,False
C_301,Gastroenterology,NT216,2026-01,2026-02,2.0,0.0,-1.0,False,,,False
C_301,Gastroenterology,NT225,2025-02,2025-03,0.0,1.0,inf,False,C_502,C_502 39->30 (-23.1%),False
C_301,Gastroenterology,NT225,2025-05,2025-06,1.0,0.0,-1.0,False,C_100|C_110|C_502,C_100 287->288 (+0.3%); C_110 1155->1211 (+4.8%); C_502 11->13 (+18.2%),False
C_301,Gastroenterology,NT225,2025-07,2025-08,0.0,4.0,inf,False,C_100|C_110|C_120|C_502,C_100 308->301 (-2.3%); C_110 1279->1233 (-3.6%); C_120 34->31 (-8.8%); C_502 12->6 (-50.0%),False
C_301,Gastroenterology,NT225,2025-08,2025-09,4.0,13.0,2.25,False,C_100|C_110|C_120|C_150|C_502|X02,C_100 301->274 (-9.0%); C_110 1233->1117 (-9.4%); C_120 31->24 (-22.6%); C_150 5->4 (-20.0%); C_502 6->5 (-16.7%); X02 2->1 (-50.0%),False
C_301,Gastroenterology,NT225,2025-10,2025-11,17.0,31.0,0.8235294117647058,False,C_100|C_110|C_120|C_502,C_100 270->251 (-7.0%); C_110 1031->981 (-4.8%); C_120 17->12 (-29.4%); C_502 2->1 (-50.0%),False
C_301,Gastroenterology,NT225,2025-11,2025-12,31.0,0.0,-1.0,False,,,False
C_301,Gastroenterology,NT233,2024-09,2024-10,23.0,10.0,-0.5652173913043478,False,C_101|C_110|C_150|X06,C_101 17->21 (+23.5%); C_110 792->822 (+3.8%); C_150 33->54 (+63.6%); X06 46->51 (+10.9%),False
C_301,Gastroenterology,NT233,2024-11,2024-12,5.0,2.0,-0.6,False,C_100|C_110|C_150|C_160,C_100 115->124 (+7.8%); C_110 895->905 (+1.1%); C_150 95->97 (+2.1%); C_160 92->109 (+18.5%),False
C_301,Gastroenterology,NT233,2024-12,2025-01,2.0,8.0,3.0,False,C_100|C_101|C_110|C_160|X06,C_100 124->100 (-19.4%); C_101 23->10 (-56.5%); C_110 905->778 (-14.0%); C_160 109->74 (-32.1%); X06 58->49 (-15.5%),False
C_301,Gastroenterology,NT233,2025-02,2025-03,5.0,1.0,-0.8,False,C_160,C_160 65->69 (+6.2%),False
C_301,Gastroenterology,NT233,2025-03,2025-04,1.0,3.0,2.0,False,C_101|C_110,C_101 15->14 (-6.7%); C_110 692->638 (-7.8%),False
C_301,Gastroenterology,NT233,2025-04,2025-05,3.0,1.0,-0.6666666666666666,False,C_100|C_101,C_100 117->119 (+1.7%); C_101 14->23 (+64.3%),False
C_301,Gastroenterology,NT233,2025-05,2025-06,1.0,3.0,2.0,False,C_101|C_110|C_150|C_160|X06,C_101 23->20 (-13.0%); C_110 624->576 (-7.7%); C_150 126->91 (-27.8%); C_160 67->65 (-3.0%); X06 36->26 (-27.8%),False
C_301,Gastroenterology,NT233,2025-06,2025-07,3.0,5.0,0.6666666666666666,False,,,False
C_301,Gastroenterology,NT233,2025-07,2025-08,5.0,9.0,0.8,False,C_100|C_150,C_100 134->110 (-17.9%); C_150 97->78 (-19.6%),False
C_301,Gastroenterology,NT233,2025-08,2025-09,9.0,23.0,1.5555555555555556,False,C_160,C_160 75->59 (-21.3%),False
C_301,Gastroenterology,NT233,2025-09,2025-10,23.0,7.0,-0.6956521739130435,False,C_100|C_150|X06,C_100 126->136 (+7.9%); C_150 85->87 (+2.4%); X06 39->45 (+15.4%),False
C_301,Gastroenterology,NT233,2025-11,2025-12,5.0,12.0,1.4,False,C_160|X06,C_160 51->48 (-5.9%); X06 52->48 (-7.7%),False
C_301,Gastroenterology,NT233,2026-01,2026-02,8.0,16.0,1.0,False,C_100|C_101|C_150|C_160|X06,C_100 136->130 (-4.4%); C_101 7->5 (-28.6%); C_150 144->127 (-11.8%); C_160 36->32 (-11.1%); X06 54->51 (-5.6%),False
C_301,Gastroenterology,NT233,2026-03,2026-04,9.0,15.0,0.6666666666666666,False,,,False
C_301,Gastroenterology,NT301,2025-01,2025-02,14.0,23.0,0.6428571428571429,False,C_110,C_110 624->607 (-2.7%),False
C_301,Gastroenterology,NT305,2024-07,2024-08,0.0,8.0,inf,False,,,False
C_301,Gastroenterology,NT305,2024-08,2024-09,8.0,0.0,-1.0,False,,,False
C_301,Gastroenterology,NT308,2026-03,2026-04,0.0,1.0,inf,False,C_110,C_110 596->545 (-8.6%),False
C_301,Gastroenterology,NT30A,2026-04,2026-05,0.0,1.0,inf,False,C_100,C_100 162->122 (-24.7%),False
C_301,Gastroenterology,NT312,2026-04,2026-05,0.0,1.0,inf,False,C_160,C_160 8->7 (-12.5%),False
C_301,Gastroenterology,NT313,2024-12,2025-01,0.0,1.0,inf,False,C_100|C_110,C_100 149->131 (-12.1%); C_110 1065->1054 (-1.0%),False
C_301,Gastroenterology,NT313,2025-10,2025-11,1.0,0.0,-1.0,False,C_100,C_100 147->163 (+10.9%),False
C_301,Gastroenterology,NT314,2026-02,2026-03,0.0,4.0,inf,False,C_160,C_160 45->41 (-8.9%),False
C_301,Gastroenterology,NT314,2026-03,2026-04,4.0,0.0,-1.0,False,C_100|C_150|C_160|C_502,C_100 578->671 (+16.1%); C_150 402->423 (+5.2%); C_160 41->43 (+4.9%); C_502 712->770 (+8.1%),False
C_301,Gastroenterology,NT314,2026-04,2026-05,0.0,24.0,inf,False,C_100|C_150|C_160,C_100 671->518 (-22.8%); C_150 423->394 (-6.9%); C_160 43->38 (-11.6%),False
C_301,Gastroenterology,NT315,2025-07,2025-08,0.0,3.0,inf,False,C_120|X05,C_120 90->78 (-13.3%); X05 245->221 (-9.8%),False
C_301,Gastroenterology,NT315,2025-12,2026-01,1.0,40.0,39.0,False,C_100|C_101|C_120|X05,C_100 321->313 (-2.5%); C_101 46->22 (-52.2%); C_120 65->64 (-1.5%); X05 163->153 (-6.1%),False
C_301,Gastroenterology,NT316,2026-04,2026-05,0.0,1.0,inf,False,C_100,C_100 160->121 (-24.4%),False
C_301,Gastroenterology,NT319,2024-07,2024-08,0.0,1.0,inf,False,X05,X05 1->0 (-100.0%),False
C_301,Gastroenterology,NT319,2024-11,2024-12,1.0,0.0,-1.0,False,C_110,C_110 1135->1253 (+10.4%),False
C_301,Gastroenterology,NT319,2026-02,2026-03,0.0,1.0,inf,False,C_110,C_110 1210->1007 (-16.8%),False
C_301,Gastroenterology,NT319,2026-03,2026-04,1.0,0.0,-1.0,False,C_100|X05,C_100 167->202 (+21.0%); X05 0->1 (+inf%),False
C_301,Gastroenterology,NT319,2026-04,2026-05,0.0,2.0,inf,False,C_100|C_110|X05,C_100 202->161 (-20.3%); C_110 871->840 (-3.6%); X05 1->0 (-100.0%),False
C_301,Gastroenterology,NT320,2026-02,2026-03,0.0,1.0,inf,False,,,False
C_301,Gastroenterology,NT320,2026-03,2026-04,1.0,0.0,-1.0,False,C_100|X05,C_100 193->323 (+67.4%); X05 21->22 (+4.8%),False
C_301,Gastroenterology,NT320,2026-04,2026-05,0.0,6.0,inf,False,C_100,C_100 323->157 (-51.4%),False
C_301,Gastroenterology,NT321,2026-04,2026-05,0.0,1.0,inf,False,C_100,C_100 317->232 (-26.8%),False
C_301,Gastroenterology,NT322,2026-02,2026-03,0.0,1.0,inf,False,C_100|C_110,C_100 72->20 (-72.2%); C_110 1240->1203 (-3.0%),False
C_301,Gastroenterology,NT322,2026-03,2026-04,1.0,0.0,-1.0,False,C_100,C_100 20->92 (+360.0%),False
C_301,Gastroenterology,NT322,2026-04,2026-05,0.0,1.0,inf,False,C_100|C_110|X05,C_100 92->11 (-88.0%); C_110 830->807 (-2.8%); X05 1->0 (-100.0%),False
C_301,Gastroenterology,NT324,2024-01,2024-02,7.0,13.0,0.8571428571428571,False,C_100|C_110|C_120|C_160,C_100 299->283 (-5.4%); C_110 641->636 (-0.8%); C_120 152->139 (-8.6%); C_160 87->83 (-4.6%),False
C_301,Gastroenterology,NT324,2024-08,2024-09,9.0,15.0,0.6666666666666666,False,,,False
C_301,Gastroenterology,NT324,2025-02,2025-03,8.0,3.0,-0.625,False,,,False
C_301,Gastroenterology,NT324,2025-04,2025-05,2.0,0.0,-1.0,False,C_100|C_110|C_120|C_160|C_502,C_100 337->451 (+33.8%); C_110 576->619 (+7.5%); C_120 110->150 (+36.4%); C_160 75->95 (+26.7%); C_502 0->1 (+inf%),False
C_301,Gastroenterology,NT324,2025-09,2025-10,0.0,3.0,inf,False,,,False
C_301,Gastroenterology,NT324,2026-01,2026-02,4.0,1.0,-0.75,False,C_120|C_160,C_120 124->134 (+8.1%); C_160 80->83 (+3.8%),False
C_301,Gastroenterology,NT324,2026-02,2026-03,1.0,7.0,6.0,False,C_100|C_101|C_110|C_120|C_160,C_100 445->360 (-19.1%); C_101 7->6 (-14.3%); C_110 668->596 (-10.8%); C_120 134->73 (-45.5%); C_160 83->69 (-16.9%),False
C_301,Gastroenterology,NT324,2026-03,2026-04,7.0,0.0,-1.0,False,C_110,C_110 596->600 (+0.7%),False
C_301,Gastroenterology,NT324,2026-04,2026-05,0.0,12.0,inf,False,C_100|C_160,C_100 342->319 (-6.7%); C_160 66->51 (-22.7%),False
C_301,Gastroenterology,NT325,2026-02,2026-03,0.0,1.0,inf,False,C_100|C_101|C_110|X05,C_100 226->216 (-4.4%); C_101 72->60 (-16.7%); C_110 522->469 (-10.2%); X05 92->83 (-9.8%),False
C_301,Gastroenterology,NT325,2026-03,2026-04,1.0,0.0,-1.0,False,C_100|C_400,C_100 216->246 (+13.9%); C_400 0->1 (+inf%),False
C_301,Gastroenterology,NT325,2026-04,2026-05,0.0,7.0,inf,False,C_100|C_400,C_100 246->236 (-4.1%); C_400 1->0 (-100.0%),False
C_301,Gastroenterology,NT327,2025-10,2025-11,0.0,2.0,inf,False,C_100|C_110,C_100 300->298 (-0.7%); C_110 1213->1090 (-10.1%),False
C_301,Gastroenterology,NT327,2025-11,2025-12,2.0,0.0,-1.0,False,,,False
C_301,Gastroenterology,NT327,2026-02,2026-03,0.0,1.0,inf,False,C_100|C_110|X05,C_100 179->152 (-15.1%); C_110 807->734 (-9.0%); X05 8->7 (-12.5%),False
C_301,Gastroenterology,NT327,2026-03,2026-04,1.0,0.0,-1.0,False,X05,X05 7->10 (+42.9%),False
C_301,Gastroenterology,NT327,2026-04,2026-05,0.0,1.0,inf,False,C_100|C_110,C_100 118->75 (-36.4%); C_110 503->492 (-2.2%),False
C_301,Gastroenterology,NT332,2026-04,2026-05,0.0,2.0,inf,False,X05,X05 1->0 (-100.0%),False
C_301,Gastroenterology,NT333,2026-02,2026-03,0.0,1.0,inf,False,C_100,C_100 173->155 (-10.4%),False
C_301,Gastroenterology,NT333,2026-03,2026-04,1.0,0.0,-1.0,False,C_100|C_110,C_100 155->200 (+29.0%); C_110 1425->1539 (+8.0%),False
C_301,Gastroenterology,NT333,2026-04,2026-05,0.0,4.0,inf,False,C_100,C_100 200->192 (-4.0%),False
C_301,Gastroenterology,NT337,2025-01,2025-02,53.0,99.0,0.8679245283018868,False,C_100|C_101|C_110|C_120,C_100 795->707 (-11.1%); C_101 199->179 (-10.1%); C_110 1498->1469 (-1.9%); C_120 465->433 (-6.9%),False
C_301,Gastroenterology,NT337,2025-08,2025-09,72.0,111.0,0.5416666666666666,False,C_101|C_160|X05,C_101 285->277 (-2.8%); C_160 124->103 (-16.9%); X05 88->86 (-2.3%),False
C_301,Gastroenterology,NT337,2026-04,2026-05,69.0,125.0,0.8115942028985508,False,C_100|C_110|C_160,C_100 778->617 (-20.7%); C_110 836->819 (-2.0%); C_160 5->4 (-20.0%),False
C_301,Gastroenterology,NT339,2026-04,2026-05,0.0,7.0,inf,False,,,False
C_301,Gastroenterology,NT343,2026-02,2026-03,0.0,10.0,inf,False,C_100|C_160,C_100 57->33 (-42.1%); C_160 98->0 (-100.0%),False
C_301,Gastroenterology,NT343,2026-03,2026-04,10.0,0.0,-1.0,False,C_100|C_160|X05,C_100 33->81 (+145.5%); C_160 0->106 (+inf%); X05 1->2 (+100.0%),False
C_301,Gastroenterology,NT343,2026-04,2026-05,0.0,4.0,inf,False,C_100|C_160,C_100 81->52 (-35.8%); C_160 106->0 (-100.0%),False
C_301,Gastroenterology,NT344,2025-03,2025-04,0.0,1.0,inf,False,X05,X05 16->15 (-6.2%),False
C_301,Gastroenterology,NT344,2025-08,2025-09,1.0,0.0,-1.0,False,C_110|X05,C_110 171->185 (+8.2%); X05 30->39 (+30.0%),False
C_301,Gastroenterology,NT344,2026-04,2026-05,0.0,2.0,inf,False,C_100,C_100 73->72 (-1.4%),False
C_301,Gastroenterology,NT345,2025-03,2025-04,0.0,1.0,inf,False,C_100|C_120|X05,C_100 122->113 (-7.4%); C_120 15->12 (-20.0%); X05 30->29 (-3.3%),False
C_301,Gastroenterology,NT345,2025-05,2025-06,1.0,0.0,-1.0,False,C_110,C_110 209->236 (+12.9%),False
C_301,Gastroenterology,NT345,2026-02,2026-03,0.0,5.0,inf,False,C_100|C_110|C_502,C_100 96->67 (-30.2%); C_110 295->271 (-8.1%); C_502 1->0 (-100.0%),False
C_301,Gastroenterology,NT345,2026-03,2026-04,5.0,0.0,-1.0,False,C_100,C_100 67->74 (+10.4%),False
C_301,Gastroenterology,NT347,2024-02,2024-03,5.0,10.0,1.0,False,C_100|C_101|C_110|C_120|C_400|C_502|X05,C_100 393->335 (-14.8%); C_101 249->172 (-30.9%); C_110 1589->1344 (-15.4%); C_120 356->242 (-32.0%); C_400 7->0 (-100.0%); C_502 397->257 (-35.3%); X05 53->47 (-11.3%),False
C_301,Gastroenterology,NT347,2024-04,2024-05,7.0,3.0,-0.5714285714285714,False,C_120|C_320|C_400|C_502|X05,C_120 227->262 (+15.4%); C_320 1->3 (+200.0%); C_400 27->57 (+111.1%); C_502 226->268 (+18.6%); X05 21->47 (+123.8%),False
C_301,Gastroenterology,NT347,2024-05,2024-06,3.0,1.0,-0.6666666666666666,False,C_100|C_101|C_110|C_150,C_100 321->362 (+12.8%); C_101 140->171 (+22.1%); C_110 1412->1461 (+3.5%); C_150 93->94 (+1.1%),False
C_301,Gastroenterology,NT347,2024-06,2024-07,1.0,4.0,3.0,False,C_101|C_130|C_150|C_400|C_502,C_101 171->169 (-1.2%); C_130 1->0 (-100.0%); C_150 94->86 (-8.5%); C_400 41->33 (-19.5%); C_502 229->208 (-9.2%),False
C_301,Gastroenterology,NT347,2024-09,2024-10,7.0,14.0,1.0,False,C_100|C_150|C_320|C_502|X05,C_100 380->373 (-1.8%); C_150 93->83 (-10.8%); C_320 2->1 (-50.0%); C_502 249->216 (-13.3%); X05 220->80 (-63.6%),False
C_301,Gastroenterology,NT347,2025-07,2025-08,5.0,8.0,0.6,False,C_100|C_101|C_120|C_320|C_502|X05,C_100 488->427 (-12.5%); C_101 336->282 (-16.1%); C_120 83->76 (-8.4%); C_320 1->0 (-100.0%); C_502 319->253 (-20.7%); X05 17->13 (-23.5%),False
C_301,Gastroenterology,NT347,2026-02,2026-03,5.0,2.0,-0.6,False,X05,X05 165->445 (+169.7%),False
C_301,Gastroenterology,NT347,2026-04,2026-05,2.0,5.0,1.5,False,C_100,C_100 449->395 (-12.0%),False
C_301,Gastroenterology,NT348,2024-12,2025-01,0.0,1.0,inf,False,C_110|X05,C_110 552->494 (-10.5%); X05 233->208 (-10.7%),False
C_301,Gastroenterology,NT348,2025-01,2025-02,1.0,0.0,-1.0,False,C_100|C_101|C_110,C_100 234->243 (+3.8%); C_101 40->46 (+15.0%); C_110 494->514 (+4.0%),False
C_301,Gastroenterology,NT348,2026-02,2026-03,0.0,2.0,inf,False,C_100|C_101|C_110|C_502|X05,C_100 278->245 (-11.9%); C_101 63->55 (-12.7%); C_110 913->762 (-16.5%); C_502 71->53 (-25.4%); X05 178->165 (-7.3%),False
C_301,Gastroenterology,NT348,2026-03,2026-04,2.0,0.0,-1.0,False,C_100|C_160,C_100 245->291 (+18.8%); C_160 0->15 (+inf%),False
C_301,Gastroenterology,NT348,2026-04,2026-05,0.0,16.0,inf,False,C_100,C_100 291->246 (-15.5%),False
C_301,Gastroenterology,NT350,2026-02,2026-03,0.0,8.0,inf,False,C_100|C_101|C_110|C_160,C_100 272->222 (-18.4%); C_101 26->18 (-30.8%); C_110 665->637 (-4.2%); C_160 19->17 (-10.5%),False
C_301,Gastroenterology,NT350,2026-03,2026-04,8.0,0.0,-1.0,False,C_160,C_160 17->23 (+35.3%),False
C_301,Gastroenterology,NT350,2026-04,2026-05,0.0,20.0,inf,False,C_100,C_100 215->185 (-14.0%),False
C_301,Gastroenterology,NT351,2025-12,2026-01,0.0,1.0,inf,False,C_101|C_502,C_101 54->35 (-35.2%); C_502 1->0 (-100.0%),False
C_301,Gastroenterology,NT351,2026-02,2026-03,1.0,2.0,1.0,False,C_100|C_120|C_150|C_330|C_400,C_100 442->395 (-10.6%); C_120 97->95 (-2.1%); C_150 134->101 (-24.6%); C_330 99->88 (-11.1%); C_400 106->63 (-40.6%),False
C_301,Gastroenterology,NT351,2026-04,2026-05,1.0,3.0,2.0,False,C_100,C_100 698->409 (-41.4%),False
C_301,Gastroenterology,NT364,2024-02,2024-03,1.0,0.0,-1.0,False,,,False
C_301,Gastroenterology,NT364,2024-12,2025-01,0.0,5.0,inf,False,C_100|C_110,C_100 322->308 (-4.3%); C_110 1343->1271 (-5.4%),False
C_301,Gastroenterology,NT364,2025-01,2025-02,5.0,1.0,-0.8,False,C_100|X05,C_100 308->312 (+1.3%); X05 2->4 (+100.0%),False
C_301,Gastroenterology,NT364,2025-02,2025-03,1.0,2.0,1.0,False,C_100|C_110|C_150|X05,C_100 312->272 (-12.8%); C_110 1226->1122 (-8.5%); C_150 2->1 (-50.0%); X05 4->3 (-25.0%),False
C_301,Gastroenterology,NT364,2025-03,2025-04,2.0,0.0,-1.0,False,C_140|C_160,C_140 0->1 (+inf%); C_160 0->37 (+inf%),False
C_301,Gastroenterology,NT364,2025-04,2025-05,0.0,2.0,inf,False,C_140|C_160,C_140 1->0 (-100.0%); C_160 37->0 (-100.0%),False
C_301,Gastroenterology,NT364,2025-05,2025-06,2.0,7.0,2.5,False,C_100|C_110,C_100 275->227 (-17.5%); C_110 1047->876 (-16.3%),False
C_301,Gastroenterology,NT364,2025-06,2025-07,7.0,2.0,-0.7142857142857143,False,X05,X05 3->8 (+166.7%),False
C_301,Gastroenterology,NT364,2025-10,2025-11,1.0,2.0,1.0,False,C_100|C_110|X05,C_100 175->170 (-2.9%); C_110 698->628 (-10.0%); X05 3->2 (-33.3%),False
C_301,Gastroenterology,NT364,2025-12,2026-01,1.0,0.0,-1.0,False,,,False
C_301,Gastroenterology,NT364,2026-04,2026-05,0.0,1.0,inf,False,,,False
C_301,Gastroenterology,NT3X3,2024-01,2024-02,14.0,31.0,1.2142857142857142,False,C_150,C_150 16->11 (-31.2%),False
C_301,Gastroenterology,NT3X3,2024-05,2024-06,20.0,8.0,-0.6,False,C_110|C_120|C_150|X05,C_110 125->180 (+44.0%); C_120 30->42 (+40.0%); C_150 8->14 (+75.0%); X05 38->43 (+13.2%),False
C_301,Gastroenterology,NT3X3,2024-06,2024-07,8.0,16.0,1.0,False,C_100|C_120|C_502,C_100 382->263 (-31.2%); C_120 42->35 (-16.7%); C_502 101->77 (-23.8%),False
C_301,Gastroenterology,NT3X3,2024-12,2025-01,8.0,30.0,2.75,False,C_101|C_110|C_320|X05,C_101 5->3 (-40.0%); C_110 509->484 (-4.9%); C_320 14->10 (-28.6%); X05 263->237 (-9.9%),False
C_301,Gastroenterology,NT3X3,2025-12,2026-01,1.0,0.0,-1.0,False,C_100|C_320|X05,C_100 510->600 (+17.6%); C_320 7->13 (+85.7%); X05 23->101 (+339.1%),False
C_301,Gastroenterology,NT3X3,2026-02,2026-03,0.0,1.0,inf,False,C_100|C_320,C_100 615->317 (-48.5%); C_320 14->4 (-71.4%),False
C_301,Gastroenterology,NT3X3,2026-03,2026-04,1.0,0.0,-1.0,False,C_100|C_150|X05,C_100 317->468 (+47.6%); C_150 28->35 (+25.0%); X05 372->376 (+1.1%),False
C_301,Gastroenterology,NT3X3,2026-04,2026-05,0.0,3.0,inf,False,C_100|C_120|C_150|C_320,C_100 468->450 (-3.8%); C_120 13->8 (-38.5%); C_150 35->34 (-2.9%); C_320 4->1 (-75.0%),False
C_301,Gastroenterology,NT403,2025-09,2025-10,21.0,33.0,0.5714285714285714,False,C_100|C_101|C_110|C_120|C_150|C_502|X06,C_100 318->248 (-22.0%); C_101 166->165 (-0.6%); C_110 1199->1125 (-6.2%); C_120 109->94 (-13.8%); C_150 15->13 (-13.3%); C_502 569->501 (-12.0%); X06 6->5 (-16.7%),False
C_301,Gastroenterology,NT403,2025-11,2025-12,38.0,60.0,0.5789473684210527,False,,,False
C_301,Gastroenterology,NT403,2026-04,2026-05,52.0,0.0,-1.0,False,C_100|X06,C_100 240->248 (+3.3%); X06 7->14 (+100.0%),False
C_301,Gastroenterology,NT404,2024-07,2024-08,5.0,8.0,0.6,False,C_100|C_101|C_120|C_502,C_100 418->399 (-4.5%); C_101 301->286 (-5.0%); C_120 291->286 (-1.7%); C_502 432->426 (-1.4%),False
C_301,Gastroenterology,NT404,2024-10,2024-11,4.0,11.0,1.75,False,C_120|C_400|C_502|X06,C_120 283->270 (-4.6%); C_400 2->1 (-50.0%); C_502 373->302 (-19.0%); X06 124->116 (-6.5%),False
C_301,Gastroenterology,NT404,2025-03,2025-04,7.0,2.0,-0.7142857142857143,False,C_101|C_120|C_400|X06,C_101 391->419 (+7.2%); C_120 242->249 (+2.9%); C_400 4->6 (+50.0%); X06 149->162 (+8.7%),False
C_301,Gastroenterology,NT404,2025-04,2025-05,2.0,4.0,1.0,False,C_100|C_120|C_400|C_502|X06,C_100 354->352 (-0.6%); C_120 249->220 (-11.6%); C_400 6->0 (-100.0%); C_502 44->25 (-43.2%); X06 162->155 (-4.3%),False
C_301,Gastroenterology,NT404,2025-05,2025-06,4.0,9.0,1.25,False,C_100|C_120,C_100 352->339 (-3.7%); C_120 220->197 (-10.5%),False
C_301,Gastroenterology,NT404,2025-09,2025-10,6.0,10.0,0.6666666666666666,False,C_101|C_110|C_120|C_400|C_502,C_101 411->373 (-9.2%); C_110 1322->1253 (-5.2%); C_120 174->172 (-1.1%); C_400 1->0 (-100.0%); C_502 418->415 (-0.7%),False
C_301,Gastroenterology,NT404,2025-10,2025-11,10.0,17.0,0.7,False,C_101,C_101 373->334 (-10.5%),False
C_301,Gastroenterology,NT404,2026-01,2026-02,11.0,105.0,8.545454545454545,False,C_101,C_101 286->263 (-8.0%),False
C_301,Gastroenterology,NT404,2026-02,2026-03,105.0,24.0,-0.7714285714285715,False,C_110|C_502|X06,C_110 1194->1213 (+1.6%); C_502 553->597 (+8.0%); X06 206->213 (+3.4%),False
C_301,Gastroenterology,NT408,2025-05,2025-06,6.0,2.0,-0.6666666666666666,False,C_101|C_110|C_130,C_101 6->7 (+16.7%); C_110 454->456 (+0.4%); C_130 224->254 (+13.4%),False
C_301,Gastroenterology,NT408,2025-09,2025-10,1.0,0.0,-1.0,False,C_100|C_110,C_100 96->98 (+2.1%); C_110 531->573 (+7.9%),False
C_301,Gastroenterology,NT410,2025-01,2025-02,17.0,26.0,0.5294117647058824,False,,,False
C_301,Gastroenterology,NT410,2025-08,2025-09,13.0,20.0,0.5384615384615384,False,C_101|X06,C_101 31->25 (-19.4%); X06 22->16 (-27.3%),False
C_301,Gastroenterology,NT412,2025-11,2025-12,100.0,165.0,0.65,False,C_100|C_120|C_130|X06,C_100 471->417 (-11.5%); C_120 48->47 (-2.1%); C_130 17->16 (-5.9%); X06 14->13 (-7.1%),False
C_301,Gastroenterology,NT418,2024-03,2024-04,29.0,44.0,0.5172413793103449,False,C_502|X06,C_502 91->89 (-2.2%); X06 11->6 (-45.5%),False
C_301,Gastroenterology,NT421,2026-04,2026-05,29.0,99.0,2.413793103448276,False,C_101,C_101 347->324 (-6.6%),False
C_301,Gastroenterology,NT423,2024-02,2024-03,0.0,121.0,inf,False,C_101|C_502|X06,C_101 83->0 (-100.0%); C_502 275->0 (-100.0%); X06 18->0 (-100.0%),False
C_301,Gastroenterology,NT423,2024-03,2024-04,121.0,0.0,-1.0,False,C_101|C_502|X06,C_101 0->60 (+inf%); C_502 0->335 (+inf%); X06 0->11 (+inf%),False
C_301,Gastroenterology,NT427,2024-10,2024-11,44.0,71.0,0.6136363636363636,False,C_101|C_110,C_101 85->80 (-5.9%); C_110 663->633 (-4.5%),False
C_301,Gastroenterology,NT427,2025-12,2026-01,23.0,39.0,0.6956521739130435,False,C_100|C_101|C_110|C_150|X06,C_100 191->168 (-12.0%); C_101 56->41 (-26.8%); C_110 1082->1067 (-1.4%); C_150 10->5 (-50.0%); X06 27->17 (-37.0%),False
C_301,Gastroenterology,NT427,2026-01,2026-02,39.0,70.0,0.7948717948717948,False,,,False
C_301,Gastroenterology,NT429,2024-09,2024-10,95.0,44.0,-0.5368421052631579,False,C_140,C_140 0->1 (+inf%),False
C_301,Gastroenterology,NT429,2024-10,2024-11,44.0,10.0,-0.7727272727272727,False,C_110|X06,C_110 891->975 (+9.4%); X06 0->8 (+inf%),False
C_301,Gastroenterology,NT429,2024-12,2025-01,6.0,1.0,-0.8333333333333334,False,C_110,C_110 953->983 (+3.1%),False
C_301,Gastroenterology,NT429,2025-01,2025-02,1.0,0.0,-1.0,False,C_502,C_502 1->2 (+100.0%),False
C_301,Gastroenterology,NT430,2024-08,2024-09,10.0,3.0,-0.7,False,C_120|C_130,C_120 1->2 (+100.0%); C_130 282->300 (+6.4%),False
C_301,Gastroenterology,NT430,2024-09,2024-10,3.0,8.0,1.6666666666666667,False,C_100|C_110|C_120|C_502,C_100 23->10 (-56.5%); C_110 26->12 (-53.8%); C_120 2->0 (-100.0%); C_502 12->11 (-8.3%),False
C_301,Gastroenterology,NT430,2024-10,2024-11,8.0,35.0,3.375,False,C_110|C_130|C_502|X06,C_110 12->2 (-83.3%); C_130 306->296 (-3.3%); C_502 11->4 (-63.6%); X06 1->0 (-100.0%),False
C_301,Gastroenterology,NT430,2025-05,2025-06,19.0,9.0,-0.5263157894736842,False,,,False
C_301,Gastroenterology,NT430,2025-06,2025-07,9.0,4.0,-0.5555555555555556,False,C_100|C_110,C_100 73->98 (+34.2%); C_110 17->19 (+11.8%),False
C_301,Gastroenterology,NT430,2025-08,2025-09,2.0,12.0,5.0,False,C_100|C_110|C_120,C_100 96->80 (-16.7%); C_110 22->17 (-22.7%); C_120 1->0 (-100.0%),False
C_301,Gastroenterology,NT433,2024-01,2024-02,1.0,0.0,-1.0,False,C_130,C_130 4->11 (+175.0%),False
C_301,Gastroenterology,NT433,2024-04,2024-05,0.0,3.0,inf,False,C_110,C_110 304->299 (-1.6%),False
C_301,Gastroenterology,NT433,2024-08,2024-09,1.0,2.0,1.0,False,C_100,C_100 22->18 (-18.2%),False
C_301,Gastroenterology,NT433,2024-12,2025-01,2.0,0.0,-1.0,False,C_100,C_100 19->23 (+21.1%),False
C_301,Gastroenterology,NT433,2025-03,2025-04,0.0,1.0,inf,False,C_100|X06,C_100 18->17 (-5.6%); X06 59->57 (-3.4%),False
C_301,Gastroenterology,NT433,2025-04,2025-05,1.0,0.0,-1.0,False,,,False
C_301,Gastroenterology,NT433,2025-05,2025-06,0.0,2.0,inf,False,X06,X06 50->46 (-8.0%),False
C_301,Gastroenterology,NT433,2025-07,2025-08,1.0,2.0,1.0,False,,,False
C_301,Gastroenterology,NT433,2025-10,2025-11,3.0,1.0,-0.6666666666666666,False,C_100|C_330,C_100 20->25 (+25.0%); C_330 0->1 (+inf%),False
C_301,Gastroenterology,NT433,2025-11,2025-12,1.0,2.0,1.0,False,C_100|X06,C_100 25->18 (-28.0%); X06 43->41 (-4.7%),False
C_301,Gastroenterology,NT433,2026-01,2026-02,2.0,0.0,-1.0,False,C_110,C_110 314->336 (+7.0%),False
C_301,Gastroenterology,NT435,2024-11,2024-12,0.0,39.0,inf,False,C_101|C_502|X06,C_101 16->0 (-100.0%); C_502 27->0 (-100.0%); X06 16->1 (-93.8%),False
C_301,Gastroenterology,NT435,2024-12,2025-01,39.0,0.0,-1.0,False,C_101|C_502|X06,C_101 0->12 (+inf%); C_502 0->20 (+inf%); X06 1->23 (+2200.0%),False
C_301,Gastroenterology,NT437,2024-01,2024-02,1.0,6.0,5.0,False,C_100,C_100 131->130 (-0.8%),False
C_301,Gastroenterology,NT437,2025-07,2025-08,29.0,47.0,0.6206896551724138,False,C_100|C_110|C_150|C_502|X06,C_100 100->90 (-10.0%); C_110 440->424 (-3.6%); C_150 6->4 (-33.3%); C_502 16->11 (-31.2%); X06 211->184 (-12.8%),False
C_301,Gastroenterology,NT437,2026-02,2026-03,23.0,46.0,1.0,False,C_101|C_110,C_101 95->85 (-10.5%); C_110 399->395 (-1.0%),False
C_301,Gastroenterology,NT440,2024-01,2024-02,3.0,1.0,-0.6666666666666666,False,C_400|C_502|X06,C_400 2->3 (+50.0%); C_502 80->83 (+3.8%); X06 3->5 (+66.7%),False
C_301,Gastroenterology,NT440,2024-02,2024-03,1.0,3.0,2.0,False,C_110|X06,C_110 265->258 (-2.6%); X06 5->3 (-40.0%),False
C_301,Gastroenterology,NT440,2024-06,2024-07,5.0,9.0,0.8,False,X06,X06 7->5 (-28.6%),False
C_301,Gastroenterology,NT440,2024-09,2024-10,5.0,8.0,0.6,False,C_400,C_400 4->3 (-25.0%),False
C_301,Gastroenterology,NT440,2025-03,2025-04,5.0,11.0,1.2,False,C_100|C_502|X06,C_100 86->71 (-17.4%); C_502 260->244 (-6.2%); X06 5->2 (-60.0%),False
C_301,Gastroenterology,NT440,2025-08,2025-09,6.0,11.0,0.8333333333333334,False,C_100|C_150|C_502,C_100 106->87 (-17.9%); C_150 1->0 (-100.0%); C_502 217->196 (-9.7%),False
C_301,Gastroenterology,NT440,2026-02,2026-03,4.0,8.0,1.0,False,C_100|C_150,C_100 97->96 (-1.0%); C_150 7->5 (-28.6%),False
C_301,Gastroenterology,NT441,2024-02,2024-03,9.0,3.0,-0.6666666666666666,False,C_110|C_502,C_110 1321->1405 (+6.4%); C_502 455->508 (+11.6%),False
C_301,Gastroenterology,NT441,2024-03,2024-04,3.0,6.0,1.0,False,,,False
C_301,Gastroenterology,NT441,2024-06,2024-07,12.0,5.0,-0.5833333333333334,False,C_100|C_110|C_502,C_100 542->597 (+10.1%); C_110 1595->1780 (+11.6%); C_502 670->718 (+7.2%),False
C_301,Gastroenterology,NT441,2024-09,2024-10,5.0,9.0,0.8,False,C_100|C_502,C_100 665->613 (-7.8%); C_502 788->723 (-8.2%),False
C_301,Gastroenterology,NT441,2024-10,2024-11,9.0,2.0,-0.7777777777777778,False,C_150,C_150 90->114 (+26.7%),False
C_301,Gastroenterology,NT441,2024-11,2024-12,2.0,10.0,4.0,False,C_100|C_150|X06,C_100 611->604 (-1.1%); C_150 114->111 (-2.6%); X06 12->10 (-16.7%),False
C_301,Gastroenterology,NT441,2025-01,2025-02,11.0,2.0,-0.8181818181818182,False,C_110|C_130|C_150|X06,C_110 1864->1889 (+1.3%); C_130 0->1 (+inf%); C_150 122->126 (+3.3%); X06 12->15 (+25.0%),False
C_301,Gastroenterology,NT441,2025-03,2025-04,1.0,8.0,7.0,False,C_100,C_100 609->570 (-6.4%),False
C_301,Gastroenterology,NT441,2025-06,2025-07,10.0,31.0,2.1,False,C_100|C_502|X06,C_100 515->504 (-2.1%); C_502 771->757 (-1.8%); X06 7->5 (-28.6%),False
C_301,Gastroenterology,NT441,2025-07,2025-08,31.0,13.0,-0.5806451612903226,False,C_100|C_150|X06,C_100 504->505 (+0.2%); C_150 121->174 (+43.8%); X06 5->15 (+200.0%),False
C_301,Gastroenterology,NT441,2025-09,2025-10,7.0,18.0,1.5714285714285714,False,C_150|X06,C_150 209->176 (-15.8%); X06 10->9 (-10.0%),False
C_301,Gastroenterology,NT446,2025-02,2025-03,5.0,11.0,1.2,False,C_110|X06,C_110 438->436 (-0.5%); X06 1->0 (-100.0%),False
C_301,Gastroenterology,NT446,2025-11,2025-12,8.0,18.0,1.25,False,C_110,C_110 478->450 (-5.9%),False
C_301,Gastroenterology,NT447,2024-07,2024-08,7.0,12.0,0.7142857142857143,False,,,False
C_301,Gastroenterology,NT447,2025-01,2025-02,7.0,11.0,0.5714285714285714,False,C_100|C_101|C_110|C_150,C_100 180->170 (-5.6%); C_101 94->82 (-12.8%); C_110 238->225 (-5.5%); C_150 5->3 (-40.0%),False
C_301,Gastroenterology,NT447,2025-11,2025-12,3.0,1.0,-0.6666666666666666,False,C_101,C_101 21->27 (+28.6%),False
C_301,Gastroenterology,NT447,2025-12,2026-01,1.0,0.0,-1.0,False,C_100|C_150|C_400|X06,C_100 27->33 (+22.2%); C_150 3->4 (+33.3%); C_400 9->12 (+33.3%); X06 0->1 (+inf%),False
C_301,Gastroenterology,NT449,2024-02,2024-03,3.0,8.0,1.6666666666666667,False,,,False
C_301,Gastroenterology,NT449,2024-05,2024-06,8.0,13.0,0.625,False,X06,X06 2->1 (-50.0%),False
C_301,Gastroenterology,NT449,2024-07,2024-08,15.0,25.0,0.6666666666666666,False,C_150|X06,C_150 23->13 (-43.5%); X06 2->1 (-50.0%),False
C_301,Gastroenterology,NT449,2026-03,2026-04,1.0,0.0,-1.0,False,C_502,C_502 1->30 (+2900.0%),False
C_301,Gastroenterology,NT450,2025-02,2025-03,0.0,6.0,inf,False,C_101|C_110|C_130|C_502|X06,C_101 180->160 (-11.1%); C_110 1071->927 (-13.4%); C_130 112->92 (-17.9%); C_502 16->0 (-100.0%); X06 4->1 (-75.0%),False
C_301,Gastroenterology,NT450,2025-03,2025-04,6.0,12.0,1.0,False,C_130,C_130 92->83 (-9.8%),False
C_301,Gastroenterology,NT450,2025-05,2025-06,18.0,37.0,1.0555555555555556,False,C_101,C_101 147->135 (-8.2%),False
C_301,Gastroenterology,NT455,2024-01,2024-02,9.0,16.0,0.7777777777777778,False,C_101|C_110,C_101 39->36 (-7.7%); C_110 61->56 (-8.2%),False
C_301,Gastroenterology,NT455,2024-09,2024-10,9.0,14.0,0.5555555555555556,False,,,False
C_301,Gastroenterology,NT455,2025-01,2025-02,11.0,17.0,0.5454545454545454,False,C_100|C_101|C_110|X06,C_100 45->39 (-13.3%); C_101 27->24 (-11.1%); C_110 100->93 (-7.0%); X06 25->24 (-4.0%),False
C_301,Gastroenterology,NT455,2025-09,2025-10,11.0,20.0,0.8181818181818182,False,C_100|C_110,C_100 51->37 (-27.5%); C_110 156->155 (-0.6%),False
C_301,Gastroenterology,NT457,2025-06,2025-07,0.0,1.0,inf,False,C_110|C_120,C_110 836->833 (-0.4%); C_120 152->147 (-3.3%),False
C_301,Gastroenterology,NT457,2025-08,2025-09,1.0,6.0,5.0,False,X06,X06 93->82 (-11.8%),False
C_301,Gastroenterology,NT457,2025-10,2025-11,7.0,12.0,0.7142857142857143,False,C_110,C_110 807->782 (-3.1%),False
C_301,Gastroenterology,NT457,2025-11,2025-12,12.0,30.0,1.5,False,C_110|C_120|C_130|C_150|C_502,C_110 782->731 (-6.5%); C_120 197->159 (-19.3%); C_130 458->437 (-4.6%); C_150 3->1 (-66.7%); C_502 399->358 (-10.3%),False
C_301,Gastroenterology,NT457,2025-12,2026-01,30.0,58.0,0.9333333333333333,False,C_100|C_101|C_110|C_502,C_100 344->339 (-1.5%); C_101 185->179 (-3.2%); C_110 731->693 (-5.2%); C_502 358->350 (-2.2%),False
C_301,Gastroenterology,NTE02,2025-10,2025-11,44.0,19.0,-0.5681818181818182,False,C_130,C_130 56->72 (+28.6%),False
C_301,Gastroenterology,NTP11,2025-03,2025-04,170.0,261.0,0.5352941176470588,False,C_100|C_101|C_110|C_120|C_502,C_100 844->709 (-16.0%); C_101 429->363 (-15.4%); C_110 1277->1158 (-9.3%); C_120 796->747 (-6.2%); C_502 689->659 (-4.4%),False
C_301,Gastroenterology,NTP15,2024-06,2024-07,537.0,265.0,-0.5065176908752328,True,C_130,C_130 94->102 (+8.5%),False
C_301,Gastroenterology,NTP16,2024-01,2024-02,248.0,387.0,0.5604838709677419,False,,,False
C_301,Gastroenterology,NTP16,2025-02,2025-03,174.0,271.0,0.5574712643678161,False,C_110,C_110 208->201 (-3.4%),False
C_301,Gastroenterology,NTP16,2025-07,2025-08,252.0,108.0,-0.5714285714285714,False,C_110|C_130,C_110 140->147 (+5.0%); C_130 400->429 (+7.2%),False
C_301,Gastroenterology,NTPH2,2024-10,2024-11,370.0,588.0,0.5891891891891892,True,,,False
C_301,Gastroenterology,NTPH3,2024-10,2024-11,143.0,235.0,0.6433566433566433,False,,,False
C_301,Gastroenterology,NTPH3,2025-10,2025-11,93.0,171.0,0.8387096774193549,False,C_100|C_110|C_130|C_502,C_100 131->128 (-2.3%); C_110 340->304 (-10.6%); C_130 364->320 (-12.1%); C_502 154->138 (-10.4%),False
C_301,Gastroenterology,NV1,2024-12,2025-01,1344.0,0.0,-1.0,True,C_120,C_120 469->567 (+20.9%),False
C_301,Gastroenterology,NVC02,2024-04,2024-05,0.0,1.0,inf,False,C_101,C_101 245->233 (-4.9%),False
C_301,Gastroenterology,NVC02,2024-05,2024-06,1.0,2.0,1.0,False,C_101|C_130,C_101 233->208 (-10.7%); C_130 36->29 (-19.4%),False
C_301,Gastroenterology,NVC02,2024-06,2024-07,2.0,0.0,-1.0,False,C_110|C_130,C_110 567->612 (+7.9%); C_130 29->30 (+3.4%),False
C_301,Gastroenterology,NVC02,2024-12,2025-01,0.0,7.0,inf,False,C_100|C_101|C_110|C_130,C_100 147->145 (-1.4%); C_101 174->162 (-6.9%); C_110 689->663 (-3.8%); C_130 27->25 (-7.4%),False
C_301,Gastroenterology,NVC02,2025-01,2025-02,7.0,59.0,7.428571428571429,False,C_110|C_130|C_502,C_110 663->644 (-2.9%); C_130 25->21 (-16.0%); C_502 134->106 (-20.9%),False
C_301,Gastroenterology,NVC02,2025-05,2025-06,57.0,25.0,-0.5614035087719298,False,C_110|C_300|C_502,C_110 675->731 (+8.3%); C_300 1->2 (+100.0%); C_502 59->71 (+20.3%),False
C_301,Gastroenterology,NVC02,2025-06,2025-07,25.0,6.0,-0.76,False,C_100|C_101|C_110|C_130|C_160,C_100 91->92 (+1.1%); C_101 200->225 (+12.5%); C_110 731->745 (+1.9%); C_130 23->38 (+65.2%); C_160 0->1 (+inf%),False
C_301,Gastroenterology,NVC02,2025-07,2025-08,6.0,2.0,-0.6666666666666666,False,C_101|C_110|C_502,C_101 225->256 (+13.8%); C_110 745->751 (+0.8%); C_502 56->59 (+5.4%),False
C_301,Gastroenterology,NVC02,2025-12,2026-01,1.0,0.0,-1.0,False,C_130|C_502,C_130 34->68 (+100.0%); C_502 48->64 (+33.3%),False
C_301,Gastroenterology,NVC02,2026-03,2026-04,0.0,1.0,inf,False,C_101,C_101 253->231 (-8.7%),False
C_301,Gastroenterology,NVC02,2026-04,2026-05,1.0,0.0,-1.0,False,C_101|C_110|C_130|C_502,C_101 231->248 (+7.4%); C_110 625->641 (+2.6%); C_130 37->59 (+59.5%); C_502 81->103 (+27.2%),False
C_301,Gastroenterology,NVC05,2024-01,2024-02,11.0,2.0,-0.8181818181818182,False,C_101|C_120|X02,C_101 2->4 (+100.0%); C_120 5->11 (+120.0%); X02 282->334 (+18.4%),False
C_301,Gastroenterology,NVC05,2024-03,2024-04,3.0,1.0,-0.6666666666666666,False,C_100|C_110|X02,C_100 402->403 (+0.2%); C_110 1429->1505 (+5.3%); X02 359->391 (+8.9%),False
C_301,Gastroenterology,NVC05,2024-04,2024-05,1.0,0.0,-1.0,False,C_100|C_110|C_502|X02,C_100 403->412 (+2.2%); C_110 1505->1595 (+6.0%); C_502 251->276 (+10.0%); X02 391->413 (+5.6%),False
C_301,Gastroenterology,NVC05,2024-05,2024-06,0.0,3.0,inf,False,X02,X02 413->386 (-6.5%),False
C_301,Gastroenterology,NVC05,2025-05,2025-06,1.0,0.0,-1.0,False,C_100|C_110|C_120|C_502|X02|X06,C_100 804->852 (+6.0%); C_110 1653->1717 (+3.9%); C_120 7->11 (+57.1%); C_502 244->248 (+1.6%); X02 229->285 (+24.5%); X06 0->1 (+inf%),False
C_301,Gastroenterology,NVC05,2025-08,2025-09,0.0,2.0,inf,False,C_100|C_110|C_160|C_400|C_502,C_100 867->823 (-5.1%); C_110 1820->1721 (-5.4%); C_160 3->1 (-66.7%); C_400 2->1 (-50.0%); C_502 225->221 (-1.8%),False
C_301,Gastroenterology,NVC05,2025-10,2025-11,1.0,0.0,-1.0,False,C_100|C_110|C_120|C_502,C_100 572->633 (+10.7%); C_110 1701->1872 (+10.1%); C_120 11->12 (+9.1%); C_502 245->273 (+11.4%),False
C_301,Gastroenterology,NVC05,2025-11,2025-12,0.0,1.0,inf,False,C_101|C_502|X02,C_101 11->9 (-18.2%); C_502 273->241 (-11.7%); X02 171->103 (-39.8%),False
C_301,Gastroenterology,NVC05,2025-12,2026-01,1.0,4.0,3.0,False,C_502|X02,C_502 241->240 (-0.4%); X02 103->98 (-4.9%),False
C_301,Gastroenterology,NVC07,2024-09,2024-10,27.0,13.0,-0.5185185185185185,False,C_100|C_101|C_130|C_400|C_502|X05,C_100 557->578 (+3.8%); C_101 699->803 (+14.9%); C_130 240->243 (+1.2%); C_400 37->79 (+113.5%); C_502 882->907 (+2.8%); X05 26->85 (+226.9%),False
C_301,Gastroenterology,NVC07,2025-07,2025-08,1.0,0.0,-1.0,False,,,False
C_301,Gastroenterology,NVC07,2025-10,2025-11,0.0,4.0,inf,False,C_100|C_101|C_400|C_502|X02,C_100 487->475 (-2.5%); C_101 610->551 (-9.7%); C_400 1->0 (-100.0%); C_502 592->576 (-2.7%); X02 888->612 (-31.1%),False
C_301,Gastroenterology,NVC07,2026-02,2026-03,3.0,1.0,-0.6666666666666666,False,C_100|C_130|C_160|C_502|X02|X05|X06,C_100 491->536 (+9.2%); C_130 248->319 (+28.6%); C_160 4->8 (+100.0%); C_502 537->560 (+4.3%); X02 37->52 (+40.5%); X05 0->2 (+inf%); X06 0->1 (+inf%),False
C_301,Gastroenterology,NVC07,2026-03,2026-04,1.0,2.0,1.0,False,C_101|C_160|X02|X06,C_101 482->475 (-1.5%); C_160 8->5 (-37.5%); X02 52->42 (-19.2%); X06 1->0 (-100.0%),False
C_301,Gastroenterology,NVC08,2024-08,2024-09,0.0,1.0,inf,False,C_100|C_110|C_120|C_160|C_502,C_100 203->196 (-3.4%); C_110 897->894 (-0.3%); C_120 1->0 (-100.0%); C_160 65->62 (-4.6%); C_502 313->295 (-5.8%),False
C_301,Gastroenterology,NVC08,2024-09,2024-10,1.0,6.0,5.0,False,C_100|C_130|C_160,C_100 196->191 (-2.6%); C_130 220->219 (-0.5%); C_160 62->46 (-25.8%),False
C_301,Gastroenterology,NVC08,2024-11,2024-12,9.0,16.0,0.7777777777777778,False,C_130,C_130 192->156 (-18.8%),False
C_301,Gastroenterology,NVC12,2025-08,2025-09,29.0,57.0,0.9655172413793104,False,C_101|C_110|C_120|C_130|C_320|C_502,C_101 245->241 (-1.6%); C_110 2866->2835 (-1.1%); C_120 1->0 (-100.0%); C_130 6->4 (-33.3%); C_320 13->9 (-30.8%); C_502 1->0 (-100.0%),False
C_301,Gastroenterology,NVC13,2025-03,2025-04,8.0,2.0,-0.75,False,C_100|X02,C_100 143->145 (+1.4%); X02 42->45 (+7.1%),False
C_301,Gastroenterology,NVC13,2025-06,2025-07,2.0,9.0,3.5,False,C_100|C_110|C_120,C_100 174->168 (-3.4%); C_110 258->256 (-0.8%); C_120 52->50 (-3.8%),False
C_301,Gastroenterology,NVC13,2025-09,2025-10,3.0,15.0,4.0,False,C_101|C_110|C_130,C_101 60->52 (-13.3%); C_110 283->260 (-8.1%); C_130 21->16 (-23.8%),False
C_301,Gastroenterology,NVC13,2025-10,2025-11,15.0,7.0,-0.5333333333333333,False,C_100|C_110|C_120|C_130|C_502|X02,C_100 207->230 (+11.1%); C_110 260->273 (+5.0%); C_120 63->71 (+12.7%); C_130 16->18 (+12.5%); C_502 164->176 (+7.3%); X02 32->65 (+103.1%),False
C_301,Gastroenterology,NVC14,2025-05,2025-06,0.0,1.0,inf,False,,,False
C_301,Gastroenterology,NVC14,2025-07,2025-08,1.0,0.0,-1.0,False,,,False
C_301,Gastroenterology,NVC15,2024-01,2024-02,80.0,33.0,-0.5875,False,C_101|X02,C_101 9->18 (+100.0%); X02 77->82 (+6.5%),False
C_301,Gastroenterology,NVC15,2025-04,2025-05,92.0,26.0,-0.717391304347826,False,C_101|C_410,C_101 20->23 (+15.0%); C_410 0->1 (+inf%),False
C_301,Gastroenterology,NVC15,2025-05,2025-06,26.0,50.0,0.9230769230769231,False,C_110|X02,C_110 715->706 (-1.3%); X02 163->154 (-5.5%),False
C_301,Gastroenterology,NVC16,2024-01,2024-02,42.0,83.0,0.9761904761904762,False,C_101|C_120|C_400|C_502|X02,C_101 276->260 (-5.8%); C_120 114->85 (-25.4%); C_400 1->0 (-100.0%); C_502 3->1 (-66.7%); X02 668->660 (-1.2%),False
C_301,Gastroenterology,NVC16,2024-09,2024-10,122.0,236.0,0.9344262295081968,False,C_100|C_101|C_160|C_410,C_100 511->435 (-14.9%); C_101 218->210 (-3.7%); C_160 5->3 (-40.0%); C_410 1->0 (-100.0%),False
C_301,Gastroenterology,NVC17,2024-08,2024-09,38.0,80.0,1.105263157894737,False,C_101|C_110|C_502|X02,C_101 21->17 (-19.0%); C_110 1911->1845 (-3.5%); C_502 470->456 (-3.0%); X02 132->124 (-6.1%),False
C_301,Gastroenterology,NVC1H,2024-12,2025-01,8.0,20.0,1.5,False,C_101|C_110|C_120|C_130|C_502|X02|X06,C_101 256->240 (-6.2%); C_110 1718->1629 (-5.2%); C_120 2->1 (-50.0%); C_130 237->223 (-5.9%); C_502 324->281 (-13.3%); X02 130->113 (-13.1%); X06 16->8 (-50.0%),False
C_301,Gastroenterology,NVC1H,2025-06,2025-07,9.0,3.0,-0.6666666666666666,False,C_160|C_502|X02|X06,C_160 0->1 (+inf%); C_502 316->318 (+0.6%); X02 200->232 (+16.0%); X06 16->21 (+31.2%),False
C_301,Gastroenterology,NVC1H,2025-07,2025-08,3.0,5.0,0.6666666666666666,False,C_101|X06,C_101 258->248 (-3.9%); X06 21->20 (-4.8%),False
C_301,Gastroenterology,NVC1H,2025-09,2025-10,6.0,14.0,1.3333333333333333,False,C_130|C_160|X02|X06,C_130 250->240 (-4.0%); C_160 1->0 (-100.0%); X02 292->288 (-1.4%); X06 19->16 (-15.8%),False
C_301,Gastroenterology,NVC1H,2026-01,2026-02,7.0,15.0,1.1428571428571428,False,C_100|C_110|C_130|C_502|X02,C_100 533->523 (-1.9%); C_110 1464->1392 (-4.9%); C_130 286->284 (-0.7%); C_502 484->469 (-3.1%); X02 282->277 (-1.8%),False
C_301,Gastroenterology,NVC1H,2026-02,2026-03,15.0,6.0,-0.6,False,C_130|C_160,C_130 284->313 (+10.2%); C_160 0->1 (+inf%),False
C_301,Gastroenterology,NVC20,2025-07,2025-08,324.0,494.0,0.5246913580246914,False,C_100|C_130|C_160|C_340|C_400,C_100 1530->1359 (-11.2%); C_130 550->545 (-0.9%); C_160 247->228 (-7.7%); C_340 376->366 (-2.7%); C_400 130->83 (-36.2%),False
C_301,Gastroenterology,NVC21,2025-01,2025-02,3.0,5.0,0.6666666666666666,False,C_100|C_101|C_110|C_502|X02|X06,C_100 142->113 (-20.4%); C_101 113->94 (-16.8%); C_110 679->628 (-7.5%); C_502 110->105 (-4.5%); X02 21->16 (-23.8%); X06 10->7 (-30.0%),False
C_301,Gastroenterology,NVC21,2025-04,2025-05,3.0,5.0,0.6666666666666666,False,C_100|C_101|C_110|C_130|C_502|X02,C_100 93->68 (-26.9%); C_101 72->42 (-41.7%); C_110 695->581 (-16.4%); C_130 1->0 (-100.0%); C_502 97->96 (-1.0%); X02 12->11 (-8.3%),False
C_301,Gastroenterology,NVC21,2025-05,2025-06,5.0,8.0,0.6,False,C_101,C_101 42->41 (-2.4%),False
C_301,Gastroenterology,NVC21,2025-08,2025-09,9.0,4.0,-0.5555555555555556,False,X06,X06 7->9 (+28.6%),False
C_301,Gastroenterology,NVC21,2026-04,2026-05,1.0,0.0,-1.0,False,C_100|C_101|C_110|C_502|X02,C_100 20->23 (+15.0%); C_101 15->21 (+40.0%); C_110 393->449 (+14.2%); C_502 44->56 (+27.3%); X02 18->20 (+11.1%),False
C_301,Gastroenterology,NVC22,2024-09,2024-10,76.0,126.0,0.6578947368421053,False,C_101|C_120|C_160,C_101 53->52 (-1.9%); C_120 52->50 (-3.8%); C_160 78->69 (-11.5%),False
C_301,Gastroenterology,NVC23,2024-06,2024-07,1.0,4.0,3.0,False,C_100|C_101|C_110|C_160|C_400|C_502,C_100 435->420 (-3.4%); C_101 450->448 (-0.4%); C_110 3517->3417 (-2.8%); C_160 37->34 (-8.1%); C_400 42->30 (-28.6%); C_502 741->712 (-3.9%),False
C_301,Gastroenterology,NVC23,2024-08,2024-09,4.0,27.0,5.75,False,C_100|C_110|C_120|C_130|C_160|C_400|C_502,C_100 411->368 (-10.5%); C_110 3412->3301 (-3.3%); C_120 40->14 (-65.0%); C_130 15->11 (-26.7%); C_160 39->33 (-15.4%); C_400 33->26 (-21.2%); C_502 745->697 (-6.4%),False
C_301,Gastroenterology,NVC23,2024-09,2024-10,27.0,48.0,0.7777777777777778,False,C_100|C_101|C_120|C_130|C_160|C_400,C_100 368->321 (-12.8%); C_101 476->448 (-5.9%); C_120 14->10 (-28.6%); C_130 11->7 (-36.4%); C_160 33->28 (-15.2%); C_400 26->21 (-19.2%),False
C_301,Gastroenterology,NVG01,2025-03,2025-04,134.0,0.0,-1.0,False,,,False
C_301,Gastroenterology,NWF01,2024-11,2024-12,146.0,227.0,0.5547945205479452,False,C_110|C_120,C_110 608->575 (-5.4%); C_120 208->205 (-1.4%),False
C_301,Gastroenterology,R1F,2024-07,2024-08,494.0,759.0,0.5364372469635628,True,C_100|C_101|C_320|C_430|C_502|X02,C_100 990->925 (-6.6%); C_101 952->922 (-3.2%); C_320 1164->1135 (-2.5%); C_430 61->51 (-16.4%); C_502 1461->1406 (-3.8%); X02 825->767 (-7.0%),False
C_301,Gastroenterology,RA9,2026-03,2026-04,1674.0,0.0,-1.0,True,,,False
C_301,Gastroenterology,RAL,2024-12,2025-01,4950.0,7493.0,0.5137373737373737,True,C_140|C_160,C_140 4->3 (-25.0%); C_160 2968->2947 (-0.7%),False
C_301,Gastroenterology,RAN,2024-01,2024-02,17.0,8.0,-0.5294117647058824,False,X02|X03|X04|X06,X02 1159->1227 (+5.9%); X03 21->32 (+52.4%); X04 546->560 (+2.6%); X06 57->64 (+12.3%),False
C_301,Gastroenterology,RAN,2024-05,2024-06,10.0,18.0,0.8,False,C_101|C_110|C_410|X02|X03|X04,C_101 79->74 (-6.3%); C_110 5679->5646 (-0.6%); C_410 190->144 (-24.2%); X02 1376->1351 (-1.8%); X03 28->20 (-28.6%); X04 639->607 (-5.0%),False
C_301,Gastroenterology,RAN,2024-06,2024-07,18.0,43.0,1.3888888888888888,False,C_101|X03|X06,C_101 74->72 (-2.7%); X03 20->9 (-55.0%); X06 54->10 (-81.5%),False
C_301,Gastroenterology,RAN,2024-09,2024-10,26.0,50.0,0.9230769230769231,False,C_160|X02|X03|X04,C_160 5->4 (-20.0%); X02 1557->1515 (-2.7%); X03 1->0 (-100.0%); X04 591->552 (-6.6%),False
C_301,Gastroenterology,RAN,2025-02,2025-03,12.0,28.0,1.3333333333333333,False,X06,X06 30->5 (-83.3%),False
C_301,Gastroenterology,RAN,2025-06,2025-07,20.0,32.0,0.6,False,C_110|C_160|C_410|X03,C_110 6573->6379 (-3.0%); C_160 12->11 (-8.3%); C_410 133->129 (-3.0%); X03 4->1 (-75.0%),False
C_301,Gastroenterology,RAN,2025-11,2025-12,8.0,2.0,-0.75,False,C_101|X05|X06,C_101 89->94 (+5.6%); X05 0->2105 (+inf%); X06 232->254 (+9.5%),True
C_301,Gastroenterology,RAN,2026-04,2026-05,1.0,3.0,2.0,False,C_101|C_110|C_400|X05,C_101 126->117 (-7.1%); C_110 4436->4396 (-0.9%); C_400 1->0 (-100.0%); X05 2140->2081 (-2.8%),False
C_301,Gastroenterology,RAP,2024-12,2025-01,2706.0,0.0,-1.0,True,,,False
C_301,Gastroenterology,RD8,2024-08,2024-09,913.0,1539.0,0.6856516976998904,True,C_100|C_300|C_330|C_400|X02|X05,C_100 1642->1562 (-4.9%); C_300 522->158 (-69.7%); C_330 1311->1193 (-9.0%); C_400 1243->1144 (-8.0%); X02 4568->4064 (-11.0%); X05 1838->1790 (-2.6%),True
C_301,Gastroenterology,RF4,2025-10,2025-11,2310.0,0.0,-1.0,True,,,False
C_301,Gastroenterology,RF4,2025-11,2025-12,0.0,3978.0,inf,True,,,False
C_301,Gastroenterology,RHQ,2025-06,2025-07,2994.0,0.0,-1.0,True,,,False
C_301,Gastroenterology,RJL,2024-01,2024-02,0.0,2574.0,inf,True,C_100|C_101|C_140|C_300|C_320|C_430|C_502|X05|X06,C_100 4672->4041 (-13.5%); C_101 3377->3292 (-2.5%); C_140 2157->2004 (-7.1%); C_300 4242->70 (-98.3%); C_320 2250->2197 (-2.4%); C_430 204->115 (-43.6%); C_502 4797->4772 (-0.5%); X05 2299->476 (-79.3%); X06 691->258 (-62.7%),True
C_301,Gastroenterology,RLT,2025-01,2025-02,678.0,225.0,-0.668141592920354,True,C_100|C_101|C_110|C_120|C_130|C_160|C_300|C_410|C_502|X02|X06,C_100 2021->3202 (+58.4%); C_101 1036->1187 (+14.6%); C_110 1865->2117 (+13.5%); C_120 2599->2653 (+2.1%); C_130 986->1471 (+49.2%); C_160 247->264 (+6.9%); C_300 533->2652 (+397.6%); C_410 257->281 (+9.3%); C_502 2248->2331 (+3.7%); X02 910->949 (+4.3%); X06 1245->1529 (+22.8%),True
C_301,Gastroenterology,RLT,2025-06,2025-07,207.0,1178.0,4.690821256038648,True,C_100|C_110|C_120|C_130|C_160|C_300|C_410|C_430,C_100 2862->1460 (-49.0%); C_110 2037->1989 (-2.4%); C_120 2677->2393 (-10.6%); C_130 1677->1200 (-28.4%); C_160 204->200 (-2.0%); C_300 2885->249 (-91.4%); C_410 266->242 (-9.0%); C_430 63->47 (-25.4%),True
C_301,Gastroenterology,RP4,2025-12,2026-01,0.0,1.0,inf,False,X04,X04 6155->6134 (-0.3%),False
C_301,Gastroenterology,RP4,2026-04,2026-05,1.0,0.0,-1.0,False,X02|X05|X06,X02 2023->2043 (+1.0%); X05 57->60 (+5.3%); X06 75->82 (+9.3%),False
C_301,Gastroenterology,RVV,2026-02,2026-03,2807.0,4795.0,0.7082294264339152,True,C_100|C_101|C_110|C_140|C_170|C_340|C_410,C_100 8345->8259 (-1.0%); C_101 4506->4501 (-0.1%); C_110 7926->7796 (-1.6%); C_140 5379->5244 (-2.5%); C_170 2->1 (-50.0%); C_340 4833->4724 (-2.3%); C_410 3161->3149 (-0.4%),False
C_301,Gastroenterology,RW1,2024-11,2024-12,165.0,251.0,0.5212121212121212,False,C_320|C_340|C_410|C_430|X05,C_320 252->250 (-0.8%); C_340 44->28 (-36.4%); C_410 80->78 (-2.5%); C_430 23->17 (-26.1%); X05 138->132 (-4.3%),False
C_301,Gastroenterology,RX1,2025-11,2025-12,5089.0,8316.0,0.6341127922971114,True,C_110|C_150|C_320|C_330|C_400|X05|X06,C_110 10097->10015 (-0.8%); C_150 1055->1050 (-0.5%); C_320 2455->2325 (-5.3%); C_330 8156->7809 (-4.3%); C_400 1566->1480 (-5.5%); X05 7495->7060 (-5.8%); X06 1233->1227 (-0.5%),False
C_301,Gastroenterology,RXW,2024-03,2024-04,2253.0,3483.0,0.5459387483355526,True,C_100|C_340|C_430,C_100 5779->5664 (-2.0%); C_340 1987->1891 (-4.8%); C_430 149->137 (-8.1%),False
C_301,Gastroenterology,S3H9L,2024-08,2024-09,0.0,75.0,inf,False,,,False
C_301,Gastroenterology,S3H9L,2024-11,2024-12,89.0,141.0,0.5842696629213483,False,C_330|X02,C_330 347->335 (-3.5%); X02 54->37 (-31.5%),False
C_301,Gastroenterology,S3H9L,2025-02,2025-03,195.0,304.0,0.558974358974359,False,C_130|X02|X06,C_130 1->0 (-100.0%); X02 10->5 (-50.0%); X06 4->3 (-25.0%),False
C_301,Gastroenterology,S3H9L,2026-01,2026-02,151.0,59.0,-0.609271523178808,False,C_110,C_110 94->101 (+7.4%),False
C_301,Gastroenterology,S3H9L,2026-02,2026-03,59.0,8.0,-0.864406779661017,False,,,False
C_301,Gastroenterology,Y9S1N,2025-03,2025-04,0.0,159.0,inf,False,,,False
C_130,Ophthalmology,A0C5S,2026-03,2026-04,64.0,108.0,0.6875,False,,,False
C_130,Ophthalmology,A1D1B,2025-03,2025-04,0.0,19.0,inf,False,,,False
C_130,Ophthalmology,A1D1B,2025-04,2025-05,19.0,81.0,3.263157894736842,False,,,False
C_130,Ophthalmology,A1S9E,2026-02,2026-03,0.0,472.0,inf,False,,,False
C_130,Ophthalmology,A1U4J,2024-07,2024-08,0.0,4.0,inf,False,,,False
C_130,Ophthalmology,A1U4J,2024-08,2024-09,4.0,22.0,4.5,False,,,False
C_130,Ophthalmology,A1U4J,2024-10,2024-11,32.0,65.0,1.03125,False,,,False
C_130,Ophthalmology,A4Y8X,2025-10,2025-11,0.0,1.0,inf,False,,,False
C_130,Ophthalmology,A4Y8X,2025-11,2025-12,1.0,3.0,2.0,False,,,False
C_130,Ophthalmology,A4Y8X,2025-12,2026-01,3.0,33.0,10.0,False,,,False
C_130,Ophthalmology,A4Y8X,2026-04,2026-05,26.0,49.0,0.8846153846153846,False,,,False
C_130,Ophthalmology,A5E1F,2026-02,2026-03,0.0,233.0,inf,False,,,False
C_130,Ophthalmology,A6U7U,2026-02,2026-03,0.0,75.0,inf,False,,,False
C_130,Ophthalmology,A6U7U,2026-03,2026-04,75.0,114.0,0.52,False,,,False
C_130,Ophthalmology,A8L1O,2026-02,2026-03,0.0,121.0,inf,False,,,False
C_130,Ophthalmology,A8L1O,2026-03,2026-04,121.0,190.0,0.5702479338842975,False,,,False
C_130,Ophthalmology,A9P5F,2025-10,2025-11,0.0,9.0,inf,False,,,False
C_130,Ophthalmology,A9P5F,2025-12,2026-01,11.0,109.0,8.909090909090908,False,,,False
C_130,Ophthalmology,AAH,2024-01,2024-02,99.0,159.0,0.6060606060606061,False,C_100|C_340,C_100 107->35 (-67.3%); C_340 2->1 (-50.0%),False
C_130,Ophthalmology,AAH,2025-12,2026-01,70.0,134.0,0.9142857142857143,False,C_100|C_140|C_502,C_100 89->49 (-44.9%); C_140 31->19 (-38.7%); C_502 21->10 (-52.4%),False
C_130,Ophthalmology,ACG07,2024-01,2024-02,54.0,0.0,-1.0,False,,,False
C_130,Ophthalmology,ACG08,2024-04,2024-05,8.0,13.0,0.625,False,,,False
C_130,Ophthalmology,ACG08,2024-06,2024-07,9.0,17.0,0.8888888888888888,False,,,False
C_130,Ophthalmology,ACG08,2024-11,2024-12,11.0,18.0,0.6363636363636364,False,,,False
C_130,Ophthalmology,ACG08,2025-06,2025-07,16.0,28.0,0.75,False,,,False
C_130,Ophthalmology,ACG08,2025-11,2025-12,20.0,3.0,-0.85,False,,,False
C_130,Ophthalmology,ACG08,2025-12,2026-01,3.0,19.0,5.333333333333333,False,,,False
C_130,Ophthalmology,ACG08,2026-01,2026-02,19.0,7.0,-0.631578947368421,False,,,False
C_130,Ophthalmology,ACG08,2026-02,2026-03,7.0,17.0,1.4285714285714286,False,,,False
C_130,Ophthalmology,ACG12,2024-09,2024-10,247.0,495.0,1.0040485829959513,False,,,False
C_130,Ophthalmology,ACG22,2024-09,2024-10,293.0,445.0,0.5187713310580204,False,,,False
C_130,Ophthalmology,ACG30,2024-06,2024-07,86.0,149.0,0.7325581395348837,False,,,False
C_130,Ophthalmology,ACG36,2024-07,2024-08,199.0,331.0,0.6633165829145728,False,,,False
C_130,Ophthalmology,ACG39,2025-07,2025-08,131.0,56.0,-0.5725190839694656,False,,,False
C_130,Ophthalmology,ACG39,2026-01,2026-02,15.0,0.0,-1.0,False,,,False
C_130,Ophthalmology,ACM,2024-01,2024-02,3.0,8.0,1.6666666666666667,False,,,False
C_130,Ophthalmology,ACM,2024-06,2024-07,3.0,6.0,1.0,False,,,False
C_130,Ophthalmology,ACM,2024-07,2024-08,6.0,12.0,1.0,False,,,False
C_130,Ophthalmology,ACM,2025-01,2025-02,9.0,4.0,-0.5555555555555556,False,,,False
C_130,Ophthalmology,ACM,2025-05,2025-06,8.0,2.0,-0.75,False,,,False
C_130,Ophthalmology,ACM,2025-06,2025-07,2.0,8.0,3.0,False,,,False
C_130,Ophthalmology,ACM,2025-09,2025-10,8.0,13.0,0.625,False,,,False
C_130,Ophthalmology,ACM,2025-10,2025-11,13.0,4.0,-0.6923076923076923,False,,,False
C_130,Ophthalmology,ACM,2025-11,2025-12,4.0,1.0,-0.75,False,,,False
C_130,Ophthalmology,ACM,2025-12,2026-01,1.0,6.0,5.0,False,,,False
C_130,Ophthalmology,ACM,2026-01,2026-02,6.0,13.0,1.1666666666666667,False,,,False
C_130,Ophthalmology,ACM,2026-04,2026-05,8.0,3.0,-0.625,False,,,False
C_130,Ophthalmology,ADP02,2024-10,2024-11,28.0,0.0,-1.0,False,C_100|C_101,C_100 78->85 (+9.0%); C_101 30->32 (+6.7%),False
C_130,Ophthalmology,ADP02,2025-01,2025-02,0.0,12.0,inf,False,C_100,C_100 114->96 (-15.8%),False
C_130,Ophthalmology,ADP02,2025-02,2025-03,12.0,0.0,-1.0,False,C_100|C_101|C_110|C_502,C_100 96->142 (+47.9%); C_101 30->41 (+36.7%); C_110 796->819 (+2.9%); C_502 139->166 (+19.4%),False
C_130,Ophthalmology,ADP02,2025-12,2026-01,0.0,2.0,inf,False,C_101|C_110|C_120|C_300|C_301|C_502,C_101 35->31 (-11.4%); C_110 963->956 (-0.7%); C_120 29->28 (-3.4%); C_300 1->0 (-100.0%); C_301 8->7 (-12.5%); C_502 163->162 (-0.6%),False
C_130,Ophthalmology,ADP02,2026-02,2026-03,1.0,0.0,-1.0,False,C_101|C_502|X02,C_101 21->22 (+4.8%); C_502 147->148 (+0.7%); X02 273->294 (+7.7%),False
C_130,Ophthalmology,B3M1X,2024-01,2024-02,15.0,7.0,-0.5333333333333333,False,C_100|C_120,C_100 217->246 (+13.4%); C_120 72->83 (+15.3%),False
C_130,Ophthalmology,B3M1X,2024-04,2024-05,6.0,11.0,0.8333333333333334,False,C_101|C_150,C_101 58->55 (-5.2%); C_150 479->472 (-1.5%),False
C_130,Ophthalmology,B3M1X,2024-08,2024-09,6.0,10.0,0.6666666666666666,False,C_120|C_330,C_120 111->94 (-15.3%); C_330 1->0 (-100.0%),False
C_130,Ophthalmology,B3M1X,2025-07,2025-08,4.0,16.0,3.0,False,C_110|C_150|C_330,C_110 1022->1001 (-2.1%); C_150 354->326 (-7.9%); C_330 1->0 (-100.0%),False
C_130,Ophthalmology,B4N1U,2024-11,2024-12,330.0,505.0,0.5303030303030303,True,,,False
C_130,Ophthalmology,B4N1U,2025-04,2025-05,231.0,360.0,0.5584415584415584,False,,,False
C_130,Ophthalmology,B4N1U,2026-01,2026-02,375.0,593.0,0.5813333333333334,True,,,False
C_130,Ophthalmology,B6Z0N,2026-02,2026-03,0.0,258.0,inf,False,,,False
C_130,Ophthalmology,B9J4U,2026-01,2026-02,280.0,506.0,0.8071428571428572,True,,,False
C_130,Ophthalmology,B9M3W,2025-03,2025-04,139.0,413.0,1.9712230215827338,False,,,False
C_130,Ophthalmology,C3Y0A,2024-03,2024-04,31.0,106.0,2.4193548387096775,False,,,False
C_130,Ophthalmology,C3Y0A,2024-11,2024-12,63.0,116.0,0.8412698412698413,False,,,False
C_130,Ophthalmology,C5Y9L,2024-12,2025-01,0.0,1.0,inf,False,,,False
C_130,Ophthalmology,C5Y9L,2025-01,2025-02,1.0,16.0,15.0,False,,,False
C_130,Ophthalmology,C5Y9L,2025-02,2025-03,16.0,28.0,0.75,False,,,False
C_130,Ophthalmology,C5Y9L,2025-07,2025-08,45.0,70.0,0.5555555555555556,False,,,False
C_130,Ophthalmology,C9A7J,2024-10,2024-11,0.0,22.0,inf,False,,,False
C_130,Ophthalmology,C9A7J,2024-11,2024-12,22.0,68.0,2.090909090909091,False,,,False
C_130,Ophthalmology,C9A7J,2025-02,2025-03,82.0,129.0,0.573170731707317,False,,,False
C_130,Ophthalmology,D0V5X,2025-07,2025-08,0.0,53.0,inf,False,,,False
C_130,Ophthalmology,D0V5X,2025-09,2025-10,70.0,110.0,0.5714285714285714,False,,,False
C_130,Ophthalmology,D0Y2J,2026-02,2026-03,0.0,25.0,inf,False,,,False
C_130,Ophthalmology,D1V5N,2025-12,2026-01,0.0,1.0,inf,False,,,False
C_130,Ophthalmology,D1V5N,2026-02,2026-03,1.0,0.0,-1.0,False,,,False
C_130,Ophthalmology,D1V5N,2026-04,2026-05,0.0,1.0,inf,False,,,False
C_130,Ophthalmology,D2L5T,2025-10,2025-11,0.0,18.0,inf,False,,,False
C_130,Ophthalmology,D2L5T,2025-12,2026-01,18.0,62.0,2.4444444444444446,False,,,False
C_130,Ophthalmology,D5P5H,2024-11,2024-12,155.0,287.0,0.8516129032258064,False,,,False
C_130,Ophthalmology,D5P5H,2025-07,2025-08,135.0,237.0,0.7555555555555555,False,,,False
C_130,Ophthalmology,D9E5L,2026-02,2026-03,0.0,758.0,inf,True,,,False
C_130,Ophthalmology,DPK,2025-05,2025-06,0.0,221.0,inf,False,,,False
C_130,Ophthalmology,E3D4A,2025-11,2025-12,155.0,274.0,0.7677419354838709,False,,,False
C_130,Ophthalmology,E4K5T,2026-02,2026-03,0.0,436.0,inf,False,,,False
C_130,Ophthalmology,E6F9I,2025-12,2026-01,0.0,1.0,inf,False,,,False
C_130,Ophthalmology,E6F9I,2026-01,2026-02,1.0,2.0,1.0,False,,,False
C_130,Ophthalmology,E6F9I,2026-04,2026-05,1.0,3.0,2.0,False,,,False
C_130,Ophthalmology,F0R0W,2024-06,2024-07,0.0,18.0,inf,False,,,False
C_130,Ophthalmology,F0R0W,2024-12,2025-01,13.0,25.0,0.9230769230769231,False,,,False
C_130,Ophthalmology,F1Y1H,2024-11,2024-12,0.0,38.0,inf,False,,,False
C_130,Ophthalmology,F1Y1H,2024-12,2025-01,38.0,92.0,1.4210526315789473,False,,,False
C_130,Ophthalmology,F2C9F,2025-12,2026-01,0.0,3.0,inf,False,,,False
C_130,Ophthalmology,F2C9F,2026-04,2026-05,1.0,0.0,-1.0,False,,,False
C_130,Ophthalmology,F4B0R,2025-11,2025-12,0.0,1.0,inf,False,,,False
C_130,Ophthalmology,F4B0R,2025-12,2026-01,1.0,10.0,9.0,False,,,False
C_130,Ophthalmology,F7B2B,2025-10,2025-11,0.0,2.0,inf,False,,,False
C_130,Ophthalmology,F7B2B,2025-12,2026-01,2.0,12.0,5.0,False,,,False
C_130,Ophthalmology,F7F6D,2025-02,2025-03,0.0,36.0,inf,False,,,False
C_130,Ophthalmology,F7F6D,2025-03,2025-04,36.0,55.0,0.5277777777777778,False,,,False
C_130,Ophthalmology,F7F6D,2025-04,2025-05,55.0,101.0,0.8363636363636363,False,,,False
C_130,Ophthalmology,F7F6D,2025-05,2025-06,101.0,177.0,0.7524752475247525,False,,,False
C_130,Ophthalmology,G3E7R,2026-02,2026-03,0.0,472.0,inf,False,,,False
C_130,Ophthalmology,G4H0I,2024-10,2024-11,0.0,110.0,inf,False,,,False
C_130,Ophthalmology,G4H0I,2024-11,2024-12,110.0,231.0,1.1,False,,,False
C_130,Ophthalmology,G5X2Q,2024-11,2024-12,113.0,189.0,0.672566371681416,False,,,False
C_130,Ophthalmology,G5X2Q,2024-12,2025-01,189.0,84.0,-0.5555555555555556,False,,,False
C_130,Ophthalmology,G6S7A,2024-07,2024-08,0.0,111.0,inf,False,,,False
C_130,Ophthalmology,G6S7A,2024-10,2024-11,140.0,226.0,0.6142857142857143,False,,,False
C_130,Ophthalmology,G6S7A,2024-11,2024-12,226.0,385.0,0.7035398230088495,False,,,False
C_130,Ophthalmology,G6S7A,2025-01,2025-02,307.0,92.0,-0.7003257328990228,False,,,False
C_130,Ophthalmology,G6S7A,2025-02,2025-03,92.0,292.0,2.1739130434782608,False,,,False
C_130,Ophthalmology,H1T2P,2024-09,2024-10,0.0,15.0,inf,False,,,False
C_130,Ophthalmology,H1T2P,2024-10,2024-11,15.0,28.0,0.8666666666666667,False,,,False
C_130,Ophthalmology,H1T2P,2024-11,2024-12,28.0,64.0,1.2857142857142858,False,,,False
C_130,Ophthalmology,H1T2P,2025-02,2025-03,50.0,80.0,0.6,False,,,False
C_130,Ophthalmology,H1T2P,2025-11,2025-12,40.0,76.0,0.9,False,,,False
C_130,Ophthalmology,H2K1G,2024-10,2024-11,0.0,73.0,inf,False,,,False
C_130,Ophthalmology,H2K1G,2025-02,2025-03,89.0,156.0,0.7528089887640449,False,,,False
C_130,Ophthalmology,H3W7Q,2025-10,2025-11,0.0,8.0,inf,False,,,False
C_130,Ophthalmology,H3W7Q,2025-12,2026-01,9.0,74.0,7.222222222222222,False,,,False
C_130,Ophthalmology,H4Y7F,2025-08,2025-09,0.0,6.0,inf,False,,,False
C_130,Ophthalmology,H4Y7F,2025-09,2025-10,6.0,115.0,18.166666666666668,False,,,False
C_130,Ophthalmology,H4Y7F,2025-10,2025-11,115.0,176.0,0.5304347826086957,False,,,False
C_130,Ophthalmology,H4Y7F,2026-02,2026-03,321.0,494.0,0.5389408099688473,False,,,False
C_130,Ophthalmology,H7X1I,2025-10,2025-11,0.0,17.0,inf,False,,,False
C_130,Ophthalmology,H7X1I,2025-12,2026-01,21.0,229.0,9.904761904761905,False,,,False
C_130,Ophthalmology,I1H7K,2024-09,2024-10,0.0,6.0,inf,False,,,False
C_130,Ophthalmology,I1H7K,2024-10,2024-11,6.0,22.0,2.6666666666666665,False,,,False
C_130,Ophthalmology,I1H7K,2024-11,2024-12,22.0,41.0,0.8636363636363636,False,,,False
C_130,Ophthalmology,I1H7K,2025-01,2025-02,39.0,62.0,0.5897435897435898,False,,,False
C_130,Ophthalmology,I1H7K,2025-08,2025-09,74.0,115.0,0.5540540540540541,False,,,False
C_130,Ophthalmology,I2C7H,2024-11,2024-12,215.0,343.0,0.5953488372093023,False,,,False
C_130,Ophthalmology,I7G8X,2025-10,2025-11,0.0,7.0,inf,False,,,False
C_130,Ophthalmology,I7G8X,2025-12,2026-01,7.0,24.0,2.4285714285714284,False,,,False
C_130,Ophthalmology,I7Q4A,2026-02,2026-03,0.0,560.0,inf,True,,,False
C_130,Ophthalmology,J0M7P,2025-03,2025-04,0.0,11.0,inf,False,,,False
C_130,Ophthalmology,J0M7P,2025-04,2025-05,11.0,19.0,0.7272727272727273,False,,,False
C_130,Ophthalmology,J0M7P,2025-06,2025-07,11.0,22.0,1.0,False,,,False
C_130,Ophthalmology,J0M7P,2026-03,2026-04,25.0,42.0,0.68,False,,,False
C_130,Ophthalmology,J2H6H,2024-01,2024-02,0.0,74.0,inf,False,,,False
C_130,Ophthalmology,J2H6H,2024-02,2024-03,74.0,123.0,0.6621621621621622,False,,,False
C_130,Ophthalmology,J2H6H,2024-04,2024-05,85.0,130.0,0.5294117647058824,False,,,False
C_130,Ophthalmology,J3X4C,2024-02,2024-03,0.0,21.0,inf,False,,,False
C_130,Ophthalmology,J3X4C,2024-04,2024-05,11.0,77.0,6.0,False,,,False
C_130,Ophthalmology,J3X4C,2024-11,2024-12,81.0,164.0,1.0246913580246915,False,,,False
C_130,Ophthalmology,J3X4C,2025-07,2025-08,113.0,187.0,0.6548672566371682,False,,,False
C_130,Ophthalmology,J7V1N,2024-11,2024-12,151.0,231.0,0.5298013245033113,False,,,False
C_130,Ophthalmology,J7V1N,2025-07,2025-08,141.0,236.0,0.6737588652482269,False,,,False
C_130,Ophthalmology,K3V9U,2025-11,2025-12,0.0,3.0,inf,False,,,False
C_130,Ophthalmology,K3V9U,2025-12,2026-01,3.0,5.0,0.6666666666666666,False,,,False
C_130,Ophthalmology,K7J9E,2025-11,2025-12,0.0,1.0,inf,False,,,False
C_130,Ophthalmology,K7J9E,2025-12,2026-01,1.0,14.0,13.0,False,,,False
C_130,Ophthalmology,K9J3O,2024-08,2024-09,0.0,101.0,inf,False,,,False
C_130,Ophthalmology,K9J3O,2024-09,2024-10,101.0,47.0,-0.5346534653465347,False,,,False
C_130,Ophthalmology,K9J3O,2024-10,2024-11,47.0,86.0,0.8297872340425532,False,,,False
C_130,Ophthalmology,K9J3O,2025-02,2025-03,95.0,143.0,0.5052631578947369,False,,,False
C_130,Ophthalmology,K9J3O,2025-11,2025-12,174.0,267.0,0.5344827586206896,False,,,False
C_130,Ophthalmology,L4R3R,2024-09,2024-10,341.0,617.0,0.8093841642228738,True,,,False
C_130,Ophthalmology,L6O7H,2024-11,2024-12,322.0,487.0,0.5124223602484472,False,,,False
C_130,Ophthalmology,L6O7H,2024-12,2025-01,487.0,229.0,-0.5297741273100616,False,,,False
C_130,Ophthalmology,L6O7H,2026-01,2026-02,493.0,756.0,0.5334685598377282,True,,,False
C_130,Ophthalmology,L9D3Z,2024-03,2024-04,81.0,31.0,-0.6172839506172839,False,,,False
C_130,Ophthalmology,L9D3Z,2024-07,2024-08,20.0,85.0,3.25,False,,,False
C_130,Ophthalmology,L9D3Z,2024-11,2024-12,114.0,190.0,0.6666666666666666,False,,,False
C_130,Ophthalmology,L9D3Z,2025-12,2026-01,146.0,222.0,0.5205479452054794,False,,,False
C_130,Ophthalmology,L9D3Z,2026-01,2026-02,222.0,334.0,0.5045045045045045,False,,,False
C_130,Ophthalmology,M0N7E,2024-08,2024-09,85.0,176.0,1.0705882352941176,False,,,False
C_130,Ophthalmology,M0N7E,2024-11,2024-12,202.0,325.0,0.6089108910891089,False,,,False
C_130,Ophthalmology,M0N7E,2025-11,2025-12,119.0,180.0,0.5126050420168067,False,,,False
C_130,Ophthalmology,M2O7D,2026-02,2026-03,0.0,339.0,inf,False,,,False
C_130,Ophthalmology,M2Y6D,2025-01,2025-02,0.0,1.0,inf,False,,,False
C_130,Ophthalmology,M2Y6D,2025-02,2025-03,1.0,5.0,4.0,False,,,False
C_130,Ophthalmology,M2Y6D,2025-04,2025-05,5.0,2.0,-0.6,False,C_110,C_110 191->280 (+46.6%),False
C_130,Ophthalmology,M2Y6D,2025-06,2025-07,3.0,7.0,1.3333333333333333,False,,,False
C_130,Ophthalmology,M2Y6D,2025-10,2025-11,3.0,5.0,0.6666666666666666,False,,,False
C_130,Ophthalmology,M2Y6D,2026-01,2026-02,5.0,9.0,0.8,False,,,False
C_130,Ophthalmology,M3R0W,2024-11,2024-12,86.0,182.0,1.1162790697674418,False,,,False
C_130,Ophthalmology,M5E1S,2024-11,2024-12,140.0,237.0,0.6928571428571428,False,,,False
C_130,Ophthalmology,M5E1S,2025-07,2025-08,118.0,190.0,0.6101694915254238,False,,,False
C_130,Ophthalmology,M6L9D,2025-07,2025-08,0.0,16.0,inf,False,,,False
C_130,Ophthalmology,M6L9D,2025-12,2026-01,19.0,33.0,0.7368421052631579,False,,,False
C_130,Ophthalmology,M6L9D,2026-01,2026-02,33.0,8.0,-0.7575757575757576,False,,,False
C_130,Ophthalmology,M6L9D,2026-03,2026-04,6.0,23.0,2.8333333333333335,False,,,False
C_130,Ophthalmology,N1L8R,2025-12,2026-01,0.0,8.0,inf,False,,,False
C_130,Ophthalmology,N1M9Z,2025-10,2025-11,0.0,5.0,inf,False,,,False
C_130,Ophthalmology,N1M9Z,2025-12,2026-01,6.0,49.0,7.166666666666667,False,,,False
C_130,Ophthalmology,N1M9Z,2026-04,2026-05,49.0,75.0,0.5306122448979592,False,,,False
C_130,Ophthalmology,N1N0Y,2025-04,2025-05,0.0,20.0,inf,False,,,False
C_130,Ophthalmology,N1N0Y,2025-05,2025-06,20.0,40.0,1.0,False,,,False
C_130,Ophthalmology,N1N0Y,2025-07,2025-08,50.0,77.0,0.54,False,,,False
C_130,Ophthalmology,N6Z0R,2024-01,2024-02,12.0,3.0,-0.75,False,,,False
C_130,Ophthalmology,N6Z0R,2024-02,2024-03,3.0,5.0,0.6666666666666666,False,,,False
C_130,Ophthalmology,N6Z0R,2024-03,2024-04,5.0,13.0,1.6,False,,,False
C_130,Ophthalmology,N6Z0R,2024-07,2024-08,11.0,17.0,0.5454545454545454,False,,,False
C_130,Ophthalmology,N6Z0R,2024-08,2024-09,17.0,30.0,0.7647058823529411,False,,,False
C_130,Ophthalmology,N8R1N,2024-06,2024-07,0.0,55.0,inf,False,,,False
C_130,Ophthalmology,N8R1N,2024-11,2024-12,142.0,219.0,0.5422535211267606,False,,,False
C_130,Ophthalmology,N8Z8E,2025-12,2026-01,0.0,5.0,inf,False,,,False
C_130,Ophthalmology,N8Z8E,2026-04,2026-05,3.0,1.0,-0.6666666666666666,False,,,False
C_130,Ophthalmology,NEQ,2024-03,2024-04,880.0,266.0,-0.6977272727272728,True,C_301,C_301 456->482 (+5.7%),False
C_130,Ophthalmology,NEY,2024-01,2024-02,1.0,0.0,-1.0,False,C_400|X06,C_400 333->336 (+0.9%); X06 110->135 (+22.7%),False
C_130,Ophthalmology,NEY,2024-02,2024-03,0.0,3.0,inf,False,C_110|C_150|C_400|X06,C_110 239->167 (-30.1%); C_150 159->156 (-1.9%); C_400 336->296 (-11.9%); X06 135->14 (-89.6%),False
C_130,Ophthalmology,NEY,2024-03,2024-04,3.0,644.0,213.66666666666666,True,C_100|C_140|C_301|C_400|C_502|X05,C_100 478->415 (-13.2%); C_140 7->6 (-14.3%); C_301 1->0 (-100.0%); C_400 296->255 (-13.9%); C_502 928->894 (-3.7%); X05 168->165 (-1.8%),False
C_130,Ophthalmology,NEY,2024-06,2024-07,504.0,71.0,-0.8591269841269841,True,,,False
C_130,Ophthalmology,NEY,2024-07,2024-08,71.0,208.0,1.9295774647887325,False,C_100|C_110|C_400|C_502,C_100 279->242 (-13.3%); C_110 333->280 (-15.9%); C_400 288->270 (-6.2%); C_502 835->777 (-6.9%),False
C_130,Ophthalmology,NEY,2024-09,2024-10,204.0,48.0,-0.7647058823529411,False,C_100|C_110|C_150|C_400|X02|X04|X05,C_100 238->247 (+3.8%); C_110 122->197 (+61.5%); C_150 0->102 (+inf%); C_400 272->317 (+16.5%); X02 71->129 (+81.7%); X04 0->5 (+inf%); X05 154->157 (+1.9%),False
C_130,Ophthalmology,NEY,2024-10,2024-11,48.0,177.0,2.6875,False,C_400|X02|X04|X06,C_400 317->304 (-4.1%); X02 129->126 (-2.3%); X04 5->3 (-40.0%); X06 74->73 (-1.4%),False
C_130,Ophthalmology,NEY,2025-01,2025-02,90.0,136.0,0.5111111111111111,False,C_100|C_101|C_110|C_150|X02|X04|X06,C_100 472->424 (-10.2%); C_101 12->8 (-33.3%); C_110 280->191 (-31.8%); C_150 139->82 (-41.0%); X02 107->69 (-35.5%); X04 21->3 (-85.7%); X06 70->54 (-22.9%),False
C_130,Ophthalmology,NEY,2025-04,2025-05,95.0,24.0,-0.7473684210526316,False,C_110,C_110 100->154 (+54.0%),False
C_130,Ophthalmology,NEY,2025-07,2025-08,27.0,4.0,-0.8518518518518519,False,C_100|X06,C_100 304->306 (+0.7%); X06 31->53 (+71.0%),False
C_130,Ophthalmology,NEY,2025-10,2025-11,3.0,1.0,-0.6666666666666666,False,C_150,C_150 74->93 (+25.7%),False
C_130,Ophthalmology,NEY,2025-11,2025-12,1.0,2.0,1.0,False,C_100|C_400|C_502|X05,C_100 239->167 (-30.1%); C_400 53->47 (-11.3%); C_502 298->286 (-4.0%); X05 94->62 (-34.0%),False
C_130,Ophthalmology,NEY,2025-12,2026-01,2.0,0.0,-1.0,False,C_140|C_150|C_502|X06,C_140 0->1 (+inf%); C_150 97->107 (+10.3%); C_502 286->292 (+2.1%); X06 19->36 (+89.5%),False
C_130,Ophthalmology,NID,2026-04,2026-05,0.0,91.0,inf,False,,,False
C_130,Ophthalmology,NNH,2024-11,2024-12,0.0,4917.0,inf,True,,,False
C_130,Ophthalmology,NNH,2026-02,2026-03,7868.0,0.0,-1.0,True,,,False
C_130,Ophthalmology,NNH02,2026-02,2026-03,0.0,634.0,inf,True,,,False
C_130,Ophthalmology,NNH03,2026-02,2026-03,0.0,859.0,inf,True,,,False
C_130,Ophthalmology,NNH04,2026-02,2026-03,0.0,814.0,inf,True,,,False
C_130,Ophthalmology,NNH05,2026-02,2026-03,0.0,682.0,inf,True,,,False
C_130,Ophthalmology,NNH06,2026-02,2026-03,0.0,647.0,inf,True,,,False
C_130,Ophthalmology,NNH07,2026-02,2026-03,0.0,874.0,inf,True,,,False
C_130,Ophthalmology,NPG01,2024-07,2024-08,121.0,188.0,0.5537190082644629,False,,,False
C_130,Ophthalmology,NPG02,2024-02,2024-03,83.0,168.0,1.0240963855421688,False,,,False
C_130,Ophthalmology,NPG06,2024-11,2024-12,184.0,300.0,0.6304347826086957,False,,,False
C_130,Ophthalmology,NPG06,2026-01,2026-02,276.0,454.0,0.644927536231884,False,,,False
C_130,Ophthalmology,NPG07,2025-03,2025-04,143.0,360.0,1.5174825174825175,False,,,False
C_130,Ophthalmology,NPG08,2025-08,2025-09,153.0,255.0,0.6666666666666666,False,,,False
C_130,Ophthalmology,NPG10,2024-12,2025-01,213.0,94.0,-0.5586854460093896,False,,,False
C_130,Ophthalmology,NPG11,2024-02,2024-03,156.0,235.0,0.5064102564102564,False,,,False
C_130,Ophthalmology,NPG11,2025-08,2025-09,325.0,523.0,0.6092307692307692,True,,,False
C_130,Ophthalmology,NPG13,2024-04,2024-05,82.0,145.0,0.7682926829268293,False,,,False
C_130,Ophthalmology,NPG15,2024-02,2024-03,109.0,173.0,0.5871559633027523,False,,,False
C_130,Ophthalmology,NPG15,2024-11,2024-12,155.0,294.0,0.896774193548387,False,,,False
C_130,Ophthalmology,NPG15,2025-11,2025-12,124.0,188.0,0.5161290322580645,False,,,False
C_130,Ophthalmology,NPG16,2024-11,2024-12,328.0,493.0,0.5030487804878049,False,,,False
C_130,Ophthalmology,NPG16,2024-12,2025-01,493.0,234.0,-0.5253549695740365,False,,,False
C_130,Ophthalmology,NPG17,2026-01,2026-02,173.0,273.0,0.5780346820809249,False,,,False
C_130,Ophthalmology,NPG18,2024-11,2024-12,165.0,312.0,0.8909090909090909,False,,,False
C_130,Ophthalmology,NPG18,2026-03,2026-04,327.0,493.0,0.5076452599388379,False,,,False
C_130,Ophthalmology,NPG20,2024-11,2024-12,243.0,373.0,0.5349794238683128,False,,,False
C_130,Ophthalmology,NPG21,2024-11,2024-12,186.0,292.0,0.5698924731182796,False,,,False
C_130,Ophthalmology,NPG22,2024-11,2024-12,138.0,222.0,0.6086956521739131,False,,,False
C_130,Ophthalmology,NPG22,2025-02,2025-03,126.0,195.0,0.5476190476190477,False,,,False
C_130,Ophthalmology,NPG23,2026-01,2026-02,215.0,395.0,0.8372093023255814,False,,,False
C_130,Ophthalmology,NT205,2024-10,2024-11,0.0,41.0,inf,False,,,False
C_130,Ophthalmology,NT205,2025-02,2025-03,26.0,11.0,-0.5769230769230769,False,C_160,C_160 111->119 (+7.2%),False
C_130,Ophthalmology,NT205,2025-11,2025-12,1.0,0.0,-1.0,False,C_101|C_160,C_101 243->257 (+5.8%); C_160 189->202 (+6.9%),False
C_130,Ophthalmology,NT212,2024-01,2024-02,0.0,1.0,inf,False,C_100|C_110,C_100 26->24 (-7.7%); C_110 365->358 (-1.9%),False
C_130,Ophthalmology,NT212,2024-04,2024-05,1.0,0.0,-1.0,False,C_100,C_100 25->30 (+20.0%),False
C_130,Ophthalmology,NT218,2024-12,2025-01,0.0,8.0,inf,False,C_100,C_100 33->14 (-57.6%),False
C_130,Ophthalmology,NT218,2025-04,2025-05,7.0,2.0,-0.7142857142857143,False,C_100|C_110,C_100 18->21 (+16.7%); C_110 353->369 (+4.5%),False
C_130,Ophthalmology,NT218,2025-05,2025-06,2.0,7.0,2.5,False,C_110,C_110 369->343 (-7.0%),False
C_130,Ophthalmology,NT218,2025-06,2025-07,7.0,1.0,-0.8571428571428571,False,C_100|C_110,C_100 32->38 (+18.8%); C_110 343->358 (+4.4%),False
C_130,Ophthalmology,NT218,2025-08,2025-09,1.0,2.0,1.0,False,,,False
C_130,Ophthalmology,NT218,2025-10,2025-11,2.0,6.0,2.0,False,C_110,C_110 383->380 (-0.8%),False
C_130,Ophthalmology,NT218,2025-11,2025-12,6.0,1.0,-0.8333333333333334,False,C_100,C_100 59->61 (+3.4%),False
C_130,Ophthalmology,NT218,2025-12,2026-01,1.0,12.0,11.0,False,C_100,C_100 61->60 (-1.6%),False
C_130,Ophthalmology,NT218,2026-01,2026-02,12.0,20.0,0.6666666666666666,False,C_110,C_110 383->360 (-6.0%),False
C_130,Ophthalmology,NT230,2025-01,2025-02,0.0,21.0,inf,False,C_110,C_110 1354->1276 (-5.8%),False
C_130,Ophthalmology,NT230,2025-02,2025-03,21.0,36.0,0.7142857142857143,False,C_100|C_110,C_100 14->11 (-21.4%); C_110 1276->1109 (-13.1%),False
C_130,Ophthalmology,NT230,2025-03,2025-04,36.0,70.0,0.9444444444444444,False,,,False
C_130,Ophthalmology,NT235,2025-10,2025-11,162.0,246.0,0.5185185185185185,False,,,False
C_130,Ophthalmology,NT347,2024-02,2024-03,0.0,1.0,inf,False,C_100|C_101|C_110|C_120|C_400|C_502|X05,C_100 393->335 (-14.8%); C_101 249->172 (-30.9%); C_110 1589->1344 (-15.4%); C_120 356->242 (-32.0%); C_400 7->0 (-100.0%); C_502 397->257 (-35.3%); X05 53->47 (-11.3%),False
C_130,Ophthalmology,NT347,2024-06,2024-07,1.0,0.0,-1.0,False,C_100|C_110|C_120|C_301|C_320|X05,C_100 362->392 (+8.3%); C_110 1461->1632 (+11.7%); C_120 193->195 (+1.0%); C_301 1->4 (+300.0%); C_320 3->4 (+33.3%); X05 28->73 (+160.7%),False
C_130,Ophthalmology,NT350,2024-07,2024-08,0.0,1.0,inf,False,C_100|C_110|C_150|C_160,C_100 313->261 (-16.6%); C_110 885->814 (-8.0%); C_150 101->93 (-7.9%); C_160 19->11 (-42.1%),False
C_130,Ophthalmology,NT350,2024-10,2024-11,1.0,0.0,-1.0,False,C_101|C_110|C_150|C_160|X05,C_101 65->67 (+3.1%); C_110 819->874 (+6.7%); C_150 81->90 (+11.1%); C_160 10->14 (+40.0%); X05 0->2 (+inf%),False
C_130,Ophthalmology,NT351,2024-03,2024-04,1.0,0.0,-1.0,False,C_101|C_120|C_320|C_502|X05,C_101 109->145 (+33.0%); C_120 88->116 (+31.8%); C_320 51->65 (+27.5%); C_502 32->43 (+34.4%); X05 582->598 (+2.7%),False
C_130,Ophthalmology,NT351,2024-06,2024-07,0.0,1.0,inf,False,C_100|C_120|C_150|C_320|C_400|C_502,C_100 649->493 (-24.0%); C_120 146->143 (-2.1%); C_150 313->223 (-28.8%); C_320 79->58 (-26.6%); C_400 110->98 (-10.9%); C_502 100->80 (-20.0%),False
C_130,Ophthalmology,NT351,2024-09,2024-10,1.0,0.0,-1.0,False,C_110|C_120|C_150|C_160|C_320|C_330|C_400|X05,C_110 948->1008 (+6.3%); C_120 143->156 (+9.1%); C_150 248->295 (+19.0%); C_160 80->122 (+52.5%); C_320 59->334 (+466.1%); C_330 167->193 (+15.6%); C_400 154->182 (+18.2%); X05 455->499 (+9.7%),False
C_130,Ophthalmology,NT351,2025-09,2025-10,0.0,1.0,inf,False,,,False
C_130,Ophthalmology,NT351,2025-11,2025-12,1.0,0.0,-1.0,False,C_100|C_320|C_400,C_100 431->461 (+7.0%); C_320 37->48 (+29.7%); C_400 95->104 (+9.5%),False
C_130,Ophthalmology,NT408,2025-03,2025-04,45.0,229.0,4.088888888888889,False,C_100|C_101|C_301,C_100 103->93 (-9.7%); C_101 9->8 (-11.1%); C_301 19->10 (-47.4%),False
C_130,Ophthalmology,NT411,2024-11,2024-12,22.0,38.0,0.7272727272727273,False,C_101|C_400|C_502|X06,C_101 226->182 (-19.5%); C_400 6->1 (-83.3%); C_502 275->232 (-15.6%); X06 10->6 (-40.0%),False
C_130,Ophthalmology,NT412,2024-05,2024-06,11.0,25.0,1.2727272727272727,False,C_110,C_110 690->590 (-14.5%),False
C_130,Ophthalmology,NT412,2025-03,2025-04,10.0,20.0,1.0,False,C_100|C_120|C_301|X06,C_100 905->744 (-17.8%); C_120 73->59 (-19.2%); C_301 90->88 (-2.2%); X06 22->18 (-18.2%),False
C_130,Ophthalmology,NT416,2025-03,2025-04,154.0,404.0,1.6233766233766234,False,C_110|X06,C_110 257->248 (-3.5%); X06 20->15 (-25.0%),False
C_130,Ophthalmology,NT416,2025-06,2025-07,589.0,141.0,-0.7606112054329371,True,C_100|C_101|C_502|X06,C_100 297->310 (+4.4%); C_101 44->74 (+68.2%); C_502 144->163 (+13.2%); X06 10->17 (+70.0%),False
C_130,Ophthalmology,NT417,2025-03,2025-04,61.0,194.0,2.180327868852459,False,C_101|C_110|C_301|C_502|X06,C_101 19->10 (-47.4%); C_110 812->776 (-4.4%); C_301 39->38 (-2.6%); C_502 61->47 (-23.0%); X06 3->1 (-66.7%),False
C_130,Ophthalmology,NT420,2024-01,2024-02,1.0,0.0,-1.0,False,,,False
C_130,Ophthalmology,NT422,2024-12,2025-01,11.0,17.0,0.5454545454545454,False,C_100|C_101|C_301|C_502,C_100 1120->1113 (-0.6%); C_101 290->225 (-22.4%); C_301 137->131 (-4.4%); C_502 925->847 (-8.4%),False
C_130,Ophthalmology,NT422,2025-06,2025-07,19.0,30.0,0.5789473684210527,False,C_100|C_301|C_502|X06,C_100 1010->969 (-4.1%); C_301 153->136 (-11.1%); C_502 367->323 (-12.0%); X06 259->232 (-10.4%),False
C_130,Ophthalmology,NT427,2024-09,2024-10,0.0,1.0,inf,False,C_120|C_150|C_301|X06,C_120 1->0 (-100.0%); C_150 2->1 (-50.0%); C_301 54->44 (-18.5%); X06 10->5 (-50.0%),False
C_130,Ophthalmology,NT427,2024-11,2024-12,1.0,0.0,-1.0,False,C_100|C_110|C_502|X06,C_100 165->172 (+4.2%); C_110 633->655 (+3.5%); C_502 158->174 (+10.1%); X06 6->7 (+16.7%),False
C_130,Ophthalmology,NT431,2024-04,2024-05,13.0,5.0,-0.6153846153846154,False,C_301,C_301 53->54 (+1.9%),False
C_130,Ophthalmology,NT431,2024-05,2024-06,5.0,2.0,-0.6,False,C_110|X06,C_110 75->84 (+12.0%); X06 3->5 (+66.7%),False
C_130,Ophthalmology,NT431,2024-07,2024-08,2.0,0.0,-1.0,False,C_110,C_110 80->86 (+7.5%),False
C_130,Ophthalmology,NT431,2024-09,2024-10,0.0,1.0,inf,False,C_100|C_110|X06,C_100 36->33 (-8.3%); C_110 86->79 (-8.1%); X06 1->0 (-100.0%),False
C_130,Ophthalmology,NT431,2024-11,2024-12,1.0,2.0,1.0,False,C_100|C_110|C_301,C_100 39->35 (-10.3%); C_110 68->66 (-2.9%); C_301 26->22 (-15.4%),False
C_130,Ophthalmology,NT431,2025-02,2025-03,1.0,2.0,1.0,False,C_100|C_301|X06,C_100 34->21 (-38.2%); C_301 25->19 (-24.0%); X06 1->0 (-100.0%),False
C_130,Ophthalmology,NT431,2025-03,2025-04,2.0,6.0,2.0,False,,,False
C_130,Ophthalmology,NT431,2025-04,2025-05,6.0,1.0,-0.8333333333333334,False,X06,X06 0->1 (+inf%),False
C_130,Ophthalmology,NT431,2025-05,2025-06,1.0,2.0,1.0,False,C_100|C_110|C_301|X06,C_100 19->18 (-5.3%); C_110 49->48 (-2.0%); C_301 17->14 (-17.6%); X06 1->0 (-100.0%),False
C_130,Ophthalmology,NT431,2025-06,2025-07,2.0,0.0,-1.0,False,C_100|C_110,C_100 18->21 (+16.7%); C_110 48->59 (+22.9%),False
C_130,Ophthalmology,NT431,2025-07,2025-08,0.0,6.0,inf,False,,,False
C_130,Ophthalmology,NT431,2026-04,2026-05,1.0,2.0,1.0,False,C_301|X06,C_301 33->31 (-6.1%); X06 2->1 (-50.0%),False
C_130,Ophthalmology,NT433,2024-01,2024-02,4.0,11.0,1.75,False,C_100|C_101|C_110|C_301|X06,C_100 20->18 (-10.0%); C_101 1->0 (-100.0%); C_110 317->310 (-2.2%); C_301 1->0 (-100.0%); X06 45->44 (-2.2%),False
C_130,Ophthalmology,NT433,2024-12,2025-01,10.0,3.0,-0.7,False,C_100,C_100 19->23 (+21.1%),False
C_130,Ophthalmology,NT433,2025-01,2025-02,3.0,0.0,-1.0,False,C_110|X06,C_110 265->266 (+0.4%); X06 57->64 (+12.3%),False
C_130,Ophthalmology,NT436,2024-02,2024-03,31.0,55.0,0.7741935483870968,False,C_150|C_301|C_502,C_150 3->0 (-100.0%); C_301 250->243 (-2.8%); C_502 275->265 (-3.6%),False
C_130,Ophthalmology,NT437,2024-08,2024-09,1.0,0.0,-1.0,False,C_110|X06,C_110 361->367 (+1.7%); X06 168->170 (+1.2%),False
C_130,Ophthalmology,NT441,2025-01,2025-02,0.0,1.0,inf,False,C_301|C_502,C_301 11->2 (-81.8%); C_502 618->602 (-2.6%),False
C_130,Ophthalmology,NT441,2025-02,2025-03,1.0,0.0,-1.0,False,C_100|C_110|C_330|C_502,C_100 595->609 (+2.4%); C_110 1889->1925 (+1.9%); C_330 0->1 (+inf%); C_502 602->702 (+16.6%),False
C_130,Ophthalmology,NT446,2024-02,2024-03,16.0,25.0,0.5625,False,C_100|C_502,C_100 62->61 (-1.6%); C_502 1->0 (-100.0%),False
C_130,Ophthalmology,NT446,2025-11,2025-12,16.0,25.0,0.5625,False,C_110,C_110 478->450 (-5.9%),False
C_130,Ophthalmology,NT490,2025-03,2025-04,511.0,1137.0,1.2250489236790607,True,C_100|C_110|X06,C_100 4->3 (-25.0%); C_110 114->104 (-8.8%); X06 65->48 (-26.2%),False
C_130,Ophthalmology,NTP11,2024-08,2024-09,536.0,260.0,-0.5149253731343284,True,C_101|C_120|C_140|C_301|C_502,C_101 900->1058 (+17.6%); C_120 891->893 (+0.2%); C_140 3245->3978 (+22.6%); C_301 348->354 (+1.7%); C_502 876->915 (+4.5%),True
C_130,Ophthalmology,NTP11,2025-12,2026-01,113.0,177.0,0.5663716814159292,False,C_100|C_101|C_301,C_100 570->558 (-2.1%); C_101 560->541 (-3.4%); C_301 288->269 (-6.6%),False
C_130,Ophthalmology,NTP13,2024-01,2024-02,99.0,155.0,0.5656565656565656,False,C_100|C_110,C_100 34->29 (-14.7%); C_110 1317->1302 (-1.1%),False
C_130,Ophthalmology,NTP15,2025-06,2025-07,87.0,35.0,-0.5977011494252874,False,C_100|C_110,C_100 948->1077 (+13.6%); C_110 2776->2933 (+5.7%),False
C_130,Ophthalmology,NTP15,2025-07,2025-08,35.0,58.0,0.6571428571428571,False,C_101|C_120|C_301,C_101 252->234 (-7.1%); C_120 138->135 (-2.2%); C_301 203->168 (-17.2%),False
C_130,Ophthalmology,NTP15,2026-03,2026-04,86.0,14.0,-0.8372093023255814,False,C_100|C_101|C_110,C_100 746->807 (+8.2%); C_101 260->262 (+0.8%); C_110 2206->2246 (+1.8%),False
C_130,Ophthalmology,NTP15,2026-04,2026-05,14.0,127.0,8.071428571428571,False,C_100|C_301|C_502,C_100 807->804 (-0.4%); C_301 139->126 (-9.4%); C_502 948->924 (-2.5%),False
C_130,Ophthalmology,NTPAE,2025-07,2025-08,2431.0,318.0,-0.8691896338955163,True,,,False
C_130,Ophthalmology,NTPAE,2025-09,2025-10,389.0,1822.0,3.683804627249357,True,,,False
C_130,Ophthalmology,NTPH5,2024-10,2024-11,74.0,35.0,-0.527027027027027,False,C_100,C_100 51->52 (+2.0%),False
C_130,Ophthalmology,NTPH5,2024-11,2024-12,35.0,59.0,0.6857142857142857,False,C_100|C_110,C_100 52->37 (-28.8%); C_110 1587->1517 (-4.4%),False
C_130,Ophthalmology,NTPH5,2025-07,2025-08,78.0,123.0,0.5769230769230769,False,C_100|C_301,C_100 118->112 (-5.1%); C_301 121->105 (-13.2%),False
C_130,Ophthalmology,NTPH5,2025-08,2025-09,123.0,50.0,-0.5934959349593496,False,C_110|C_301,C_110 1966->2016 (+2.5%); C_301 105->126 (+20.0%),False
C_130,Ophthalmology,NTPH5,2025-11,2025-12,30.0,65.0,1.1666666666666667,False,C_100|C_110,C_100 78->71 (-9.0%); C_110 1614->1579 (-2.2%),False
C_130,Ophthalmology,NTPH5,2026-02,2026-03,58.0,101.0,0.7413793103448276,False,C_100|C_110,C_100 77->76 (-1.3%); C_110 1395->1253 (-10.2%),False
C_130,Ophthalmology,NTPH5,2026-03,2026-04,101.0,40.0,-0.6039603960396039,False,C_110|C_301,C_110 1253->1338 (+6.8%); C_301 141->151 (+7.1%),False
C_130,Ophthalmology,NTPH5,2026-04,2026-05,40.0,67.0,0.675,False,C_110|C_301,C_110 1338->1317 (-1.6%); C_301 151->117 (-22.5%),False
C_130,Ophthalmology,NVC02,2024-03,2024-04,21.0,34.0,0.6190476190476191,False,C_101|C_110|C_502,C_101 254->245 (-3.5%); C_110 558->548 (-1.8%); C_502 159->132 (-17.0%),False
C_130,Ophthalmology,NVC02,2025-03,2025-04,21.0,79.0,2.761904761904762,False,C_100|C_301|C_502,C_100 138->106 (-23.2%); C_301 45->38 (-15.6%); C_502 91->84 (-7.7%),False
C_130,Ophthalmology,NVC02,2025-06,2025-07,23.0,38.0,0.6521739130434783,False,C_301|C_502,C_301 25->6 (-76.0%); C_502 71->56 (-21.1%),False
C_130,Ophthalmology,NVC02,2025-09,2025-10,33.0,52.0,0.5757575757575758,False,C_100|C_110|C_300|C_301|C_502,C_100 82->76 (-7.3%); C_110 704->687 (-2.4%); C_300 2->1 (-50.0%); C_301 2->1 (-50.0%); C_502 63->46 (-27.0%),False
C_130,Ophthalmology,NVC02,2025-12,2026-01,34.0,68.0,1.0,False,C_100|C_101|C_110|C_160|C_301|X06,C_100 95->81 (-14.7%); C_101 235->198 (-15.7%); C_110 718->595 (-17.1%); C_160 1->0 (-100.0%); C_301 1->0 (-100.0%); X06 1->0 (-100.0%),False
C_130,Ophthalmology,NVC02,2026-02,2026-03,43.0,19.0,-0.5581395348837209,False,C_100|C_101|C_110,C_100 104->157 (+51.0%); C_101 213->253 (+18.8%); C_110 580->597 (+2.9%),False
C_130,Ophthalmology,NVC02,2026-03,2026-04,19.0,37.0,0.9473684210526315,False,C_101,C_101 253->231 (-8.7%),False
C_130,Ophthalmology,NVC02,2026-04,2026-05,37.0,59.0,0.5945945945945946,False,C_100|C_160|C_301,C_100 162->154 (-4.9%); C_160 2->1 (-50.0%); C_301 1->0 (-100.0%),False
C_130,Ophthalmology,NVC12,2024-09,2024-10,3.0,1.0,-0.6666666666666666,False,,,False
C_130,Ophthalmology,NVC12,2025-04,2025-05,1.0,2.0,1.0,False,C_100|C_101|C_110|C_120|C_320,C_100 992->970 (-2.2%); C_101 249->229 (-8.0%); C_110 2893->2867 (-0.9%); C_120 2->0 (-100.0%); C_320 8->6 (-25.0%),False
C_130,Ophthalmology,NVC12,2025-05,2025-06,2.0,6.0,2.0,False,C_301|C_502,C_301 29->27 (-6.9%); C_502 3->1 (-66.7%),False
C_130,Ophthalmology,NVC12,2026-03,2026-04,2.0,0.0,-1.0,False,C_301|C_320,C_301 29->35 (+20.7%); C_320 2->3 (+50.0%),False
C_130,Ophthalmology,NVC13,2025-02,2025-03,10.0,19.0,0.9,False,C_110|C_120|C_301,C_110 325->288 (-11.4%); C_120 44->42 (-4.5%); C_301 13->8 (-38.5%),False
C_130,Ophthalmology,NVC17,2026-01,2026-02,0.0,1.0,inf,False,C_100|C_101|C_301,C_100 136->130 (-4.4%); C_101 2->1 (-50.0%); C_301 121->109 (-9.9%),False
C_130,Ophthalmology,NVC17,2026-04,2026-05,1.0,0.0,-1.0,False,C_100|C_301|C_502,C_100 131->132 (+0.8%); C_301 108->120 (+11.1%); C_502 275->288 (+4.7%),False
C_130,Ophthalmology,NVC21,2024-05,2024-06,1.0,0.0,-1.0,False,C_100|C_101|C_110|C_502,C_100 247->251 (+1.6%); C_101 174->203 (+16.7%); C_110 403->428 (+6.2%); C_502 74->91 (+23.0%),False
C_130,Ophthalmology,NVC21,2024-09,2024-10,0.0,1.0,inf,False,C_100|C_101|C_301|X02,C_100 220->197 (-10.5%); C_101 182->156 (-14.3%); C_301 12->7 (-41.7%); X02 16->15 (-6.2%),False
C_130,Ophthalmology,NVC21,2024-12,2025-01,1.0,2.0,1.0,False,C_100|C_101,C_100 163->142 (-12.9%); C_101 114->113 (-0.9%),False
C_130,Ophthalmology,NVC21,2025-04,2025-05,1.0,0.0,-1.0,False,C_160|C_301,C_160 0->1 (+inf%); C_301 3->5 (+66.7%),False
C_130,Ophthalmology,NVC21,2025-06,2025-07,0.0,3.0,inf,False,C_100|C_101|C_160|C_301|C_502|X06,C_100 74->69 (-6.8%); C_101 41->39 (-4.9%); C_160 1->0 (-100.0%); C_301 8->7 (-12.5%); C_502 98->88 (-10.2%); X06 3->2 (-33.3%),False
C_130,Ophthalmology,NVC21,2025-07,2025-08,3.0,13.0,3.3333333333333335,False,C_100|C_101|C_110|C_502,C_100 69->49 (-29.0%); C_101 39->30 (-23.1%); C_110 629->589 (-6.4%); C_502 88->82 (-6.8%),False
C_130,Ophthalmology,NVC21,2026-04,2026-05,1.0,0.0,-1.0,False,C_100|C_101|C_110|C_502|X02,C_100 20->23 (+15.0%); C_101 15->21 (+40.0%); C_110 393->449 (+14.2%); C_502 44->56 (+27.3%); X02 18->20 (+11.1%),False
C_130,Ophthalmology,NVC23,2024-06,2024-07,7.0,14.0,1.0,False,C_100|C_101|C_110|C_160|C_400|C_502,C_100 435->420 (-3.4%); C_101 450->448 (-0.4%); C_110 3517->3417 (-2.8%); C_160 37->34 (-8.1%); C_400 42->30 (-28.6%); C_502 741->712 (-3.9%),False
C_130,Ophthalmology,NVC23,2024-10,2024-11,7.0,2.0,-0.7142857142857143,False,C_120|C_301|C_330|X06,C_120 10->11 (+10.0%); C_301 48->67 (+39.6%); C_330 12->17 (+41.7%); X06 0->1 (+inf%),False
C_130,Ophthalmology,NVC23,2024-12,2025-01,1.0,3.0,2.0,False,C_101|C_110|C_120|C_160|C_502|X06,C_101 454->449 (-1.1%); C_110 3317->3289 (-0.8%); C_120 8->5 (-37.5%); C_160 22->18 (-18.2%); C_502 695->675 (-2.9%); X06 1->0 (-100.0%),False
C_130,Ophthalmology,NVC23,2025-01,2025-02,3.0,1.0,-0.6666666666666666,False,C_110|C_301|C_330|C_502,C_110 3289->3410 (+3.7%); C_301 84->99 (+17.9%); C_330 31->34 (+9.7%); C_502 675->704 (+4.3%),False
C_130,Ophthalmology,NVC23,2025-02,2025-03,1.0,16.0,15.0,False,C_101|C_120|C_160|C_502|X02,C_101 443->397 (-10.4%); C_120 4->2 (-50.0%); C_160 12->7 (-41.7%); C_502 704->688 (-2.3%); X02 4->1 (-75.0%),False
C_130,Ophthalmology,NVC23,2025-03,2025-04,16.0,7.0,-0.5625,False,C_100|C_101|C_120|C_300|C_502,C_100 235->238 (+1.3%); C_101 397->408 (+2.8%); C_120 2->6 (+200.0%); C_300 0->1 (+inf%); C_502 688->727 (+5.7%),False
C_130,Ophthalmology,NVC23,2025-04,2025-05,7.0,0.0,-1.0,False,C_301|C_330,C_301 93->103 (+10.8%); C_330 32->34 (+6.2%),False
C_130,Ophthalmology,NVC23,2025-06,2025-07,0.0,5.0,inf,False,C_101|C_110|C_301|C_400,C_101 391->389 (-0.5%); C_110 3243->3219 (-0.7%); C_301 114->107 (-6.1%); C_400 1->0 (-100.0%),False
C_130,Ophthalmology,NVC23,2025-07,2025-08,5.0,0.0,-1.0,False,C_101|C_110|C_301|C_502,C_101 389->405 (+4.1%); C_110 3219->3268 (+1.5%); C_301 107->109 (+1.9%); C_502 710->712 (+0.3%),False
C_130,Ophthalmology,NVC23,2025-10,2025-11,0.0,1.0,inf,False,C_330|C_400|C_502|X02,C_330 21->20 (-4.8%); C_400 1->0 (-100.0%); C_502 773->748 (-3.2%); X02 4->3 (-25.0%),False
C_130,Ophthalmology,NVC23,2025-11,2025-12,1.0,0.0,-1.0,False,C_100|C_101|C_301|C_330|X02,C_100 327->341 (+4.3%); C_101 458->461 (+0.7%); C_301 132->140 (+6.1%); C_330 20->25 (+25.0%); X02 3->7 (+133.3%),False
C_130,Ophthalmology,NVC23,2026-02,2026-03,0.0,1.0,inf,False,C_110|C_502|X02,C_110 3546->3542 (-0.1%); C_502 566->451 (-20.3%); X02 7->6 (-14.3%),False
C_130,Ophthalmology,NVC23,2026-04,2026-05,1.0,2.0,1.0,False,C_100|C_101|C_110,C_100 386->357 (-7.5%); C_101 495->470 (-5.1%); C_110 3446->3339 (-3.1%),False
C_130,Ophthalmology,NVC25,2024-05,2024-06,3.0,1.0,-0.6666666666666666,False,C_110,C_110 1787->1990 (+11.4%),False
C_130,Ophthalmology,NVC25,2024-06,2024-07,1.0,3.0,2.0,False,,,False
C_130,Ophthalmology,NVC25,2024-09,2024-10,3.0,1.0,-0.6666666666666666,False,C_110|X06,C_110 2315->2446 (+5.7%); X06 1->2 (+100.0%),False
C_130,Ophthalmology,NVC25,2025-03,2025-04,1.0,3.0,2.0,False,C_110|X06,C_110 2445->2399 (-1.9%); X06 2->1 (-50.0%),False
C_130,Ophthalmology,NVC25,2025-04,2025-05,3.0,0.0,-1.0,False,,,False
C_130,Ophthalmology,NVC25,2025-05,2025-06,0.0,1.0,inf,False,C_110,C_110 2318->2282 (-1.6%),False
C_130,Ophthalmology,NVC25,2025-06,2025-07,1.0,0.0,-1.0,False,,,False
C_130,Ophthalmology,NVC25,2025-07,2025-08,0.0,1.0,inf,False,,,False
C_130,Ophthalmology,NVC25,2025-08,2025-09,1.0,0.0,-1.0,False,,,False
C_130,Ophthalmology,NVC25,2025-09,2025-10,0.0,1.0,inf,False,X06,X06 1->0 (-100.0%),False
C_130,Ophthalmology,NVC25,2025-11,2025-12,1.0,0.0,-1.0,False,X06,X06 0->1 (+inf%),False
C_130,Ophthalmology,NVC25,2026-01,2026-02,0.0,1.0,inf,False,C_110,C_110 2131->2029 (-4.8%),False
C_130,Ophthalmology,NVC25,2026-02,2026-03,1.0,0.0,-1.0,False,C_110,C_110 2029->2058 (+1.4%),False
C_130,Ophthalmology,NVC25,2026-04,2026-05,0.0,1.0,inf,False,,,False
C_130,Ophthalmology,NVC44,2024-03,2024-04,22.0,38.0,0.7272727272727273,False,C_110|X06,C_110 253->239 (-5.5%); X06 1->0 (-100.0%),False
C_130,Ophthalmology,NVC44,2025-05,2025-06,10.0,17.0,0.7,False,C_110,C_110 245->221 (-9.8%),False
C_130,Ophthalmology,NVG01,2025-03,2025-04,62.0,0.0,-1.0,False,,,False
C_130,Ophthalmology,NWF01,2024-08,2024-09,101.0,178.0,0.7623762376237624,False,C_101|C_301,C_101 45->33 (-26.7%); C_301 172->143 (-16.9%),False
C_130,Ophthalmology,NWF01,2025-09,2025-10,59.0,91.0,0.5423728813559322,False,C_100|C_120|C_301,C_100 133->123 (-7.5%); C_120 180->158 (-12.2%); C_301 141->136 (-3.5%),False
C_130,Ophthalmology,NX5,2025-02,2025-03,0.0,1443.0,inf,True,,,False
C_130,Ophthalmology,NX5,2025-04,2025-05,1116.0,1754.0,0.5716845878136201,True,,,False
C_130,Ophthalmology,NX5,2025-10,2025-11,2055.0,0.0,-1.0,True,,,False
C_130,Ophthalmology,NX501,2025-10,2025-11,0.0,1562.0,inf,True,,,False
C_130,Ophthalmology,NX501,2025-12,2026-01,2059.0,479.0,-0.7673627974745022,True,,,False
C_130,Ophthalmology,NX504,2025-10,2025-11,0.0,14.0,inf,False,,,False
C_130,Ophthalmology,NX504,2025-11,2025-12,14.0,22.0,0.5714285714285714,False,,,False
C_130,Ophthalmology,NX504,2025-12,2026-01,22.0,169.0,6.681818181818182,False,,,False
C_130,Ophthalmology,NX504,2026-04,2026-05,233.0,401.0,0.721030042918455,False,,,False
C_130,Ophthalmology,NX505,2026-04,2026-05,0.0,4.0,inf,False,,,False
C_130,Ophthalmology,NX507,2025-10,2025-11,0.0,13.0,inf,False,,,False
C_130,Ophthalmology,NX507,2025-11,2025-12,13.0,20.0,0.5384615384615384,False,,,False
C_130,Ophthalmology,NX507,2025-12,2026-01,20.0,144.0,6.2,False,,,False
C_130,Ophthalmology,NX507,2026-01,2026-02,144.0,444.0,2.0833333333333335,False,,,False
C_130,Ophthalmology,NX507,2026-02,2026-03,444.0,179.0,-0.5968468468468469,False,,,False
C_130,Ophthalmology,NYR,2024-01,2024-02,0.0,64.0,inf,False,,,False
C_130,Ophthalmology,NYR,2024-06,2024-07,52.0,90.0,0.7307692307692307,False,,,False
C_130,Ophthalmology,NYR,2025-06,2025-07,45.0,173.0,2.8444444444444446,False,C_101|C_330|C_410|C_502,C_101 285->213 (-25.3%); C_330 848->738 (-13.0%); C_410 64->60 (-6.2%); C_502 724->462 (-36.2%),False
C_130,Ophthalmology,NYR,2025-07,2025-08,173.0,31.0,-0.8208092485549133,False,C_101|C_410|C_502,C_101 213->297 (+39.4%); C_410 60->82 (+36.7%); C_502 462->932 (+101.7%),False
C_130,Ophthalmology,NYW17,2025-01,2025-02,800.0,0.0,-1.0,True,,,False
C_130,Ophthalmology,O1B1P,2025-12,2026-01,0.0,1.0,inf,False,,,False
C_130,Ophthalmology,O1B1P,2026-02,2026-03,1.0,2.0,1.0,False,,,False
C_130,Ophthalmology,O1B1P,2026-03,2026-04,2.0,0.0,-1.0,False,,,False
C_130,Ophthalmology,O1P6X,2024-11,2024-12,233.0,398.0,0.7081545064377682,False,,,False
C_130,Ophthalmology,O6X7Z,2025-01,2025-02,0.0,17.0,inf,False,,,False
C_130,Ophthalmology,O6X7Z,2025-02,2025-03,17.0,93.0,4.470588235294118,False,,,False
C_130,Ophthalmology,O9Q4E,2025-10,2025-11,0.0,50.0,inf,False,,,False
C_130,Ophthalmology,O9Q4E,2025-12,2026-01,54.0,416.0,6.703703703703703,False,,,False
C_130,Ophthalmology,P0C3F,2024-09,2024-10,98.0,152.0,0.5510204081632653,False,,,False
C_130,Ophthalmology,P0C3F,2024-11,2024-12,115.0,195.0,0.6956521739130435,False,,,False
C_130,Ophthalmology,P0C3F,2025-08,2025-09,96.0,147.0,0.53125,False,,,False
C_130,Ophthalmology,P1B7M,2024-11,2024-12,62.0,113.0,0.8225806451612904,False,,,False
C_130,Ophthalmology,P1B7M,2025-06,2025-07,149.0,63.0,-0.5771812080536913,False,,,False
C_130,Ophthalmology,P1B7M,2026-02,2026-03,90.0,156.0,0.7333333333333333,False,,,False
C_130,Ophthalmology,P1G3N,2025-12,2026-01,0.0,4.0,inf,False,,,False
C_130,Ophthalmology,P1G3N,2026-04,2026-05,5.0,12.0,1.4,False,,,False
C_130,Ophthalmology,P1N3Z,2026-04,2026-05,0.0,133.0,inf,False,,,False
C_130,Ophthalmology,P5Y6K,2024-02,2024-03,120.0,201.0,0.675,False,,,False
C_130,Ophthalmology,P5Y6K,2024-03,2024-04,201.0,315.0,0.5671641791044776,False,,,False
C_130,Ophthalmology,P5Y6K,2025-02,2025-03,132.0,212.0,0.6060606060606061,False,,,False
C_130,Ophthalmology,P5Y6K,2025-07,2025-08,170.0,263.0,0.5470588235294118,False,,,False
C_130,Ophthalmology,Q1S8W,2024-12,2025-01,36.0,11.0,-0.6944444444444444,False,,,False
C_130,Ophthalmology,Q1S8W,2025-01,2025-02,11.0,5.0,-0.5454545454545454,False,,,False
C_130,Ophthalmology,Q1S8W,2025-02,2025-03,5.0,1.0,-0.8,False,,,False
C_130,Ophthalmology,Q1S8W,2025-04,2025-05,1.0,0.0,-1.0,False,,,False
C_130,Ophthalmology,Q1S8W,2025-06,2025-07,0.0,1.0,inf,False,,,False
C_130,Ophthalmology,Q1S8W,2025-07,2025-08,1.0,2.0,1.0,False,,,False
C_130,Ophthalmology,Q1S8W,2025-08,2025-09,2.0,0.0,-1.0,False,,,False
C_130,Ophthalmology,Q4W9A,2025-11,2025-12,0.0,1.0,inf,False,,,False
C_130,Ophthalmology,Q4W9A,2025-12,2026-01,1.0,21.0,20.0,False,,,False
C_130,Ophthalmology,Q4W9A,2026-01,2026-02,21.0,35.0,0.6666666666666666,False,,,False
C_130,Ophthalmology,Q6V1S,2026-02,2026-03,0.0,258.0,inf,False,,,False
C_130,Ophthalmology,Q8X0X,2024-12,2025-01,0.0,3.0,inf,False,,,False
C_130,Ophthalmology,Q8X0X,2025-01,2025-02,3.0,19.0,5.333333333333333,False,,,False
C_130,Ophthalmology,Q8X0X,2026-01,2026-02,16.0,25.0,0.5625,False,,,False
C_130,Ophthalmology,R1G7E,2024-11,2024-12,169.0,264.0,0.5621301775147929,False,,,False
C_130,Ophthalmology,R1G7E,2025-08,2025-09,134.0,208.0,0.5522388059701493,False,,,False
C_130,Ophthalmology,R3I5E,2024-03,2024-04,0.0,6.0,inf,False,,,False
C_130,Ophthalmology,R3I5E,2024-04,2024-05,6.0,10.0,0.6666666666666666,False,,,False
C_130,Ophthalmology,R3I5E,2024-09,2024-10,6.0,2.0,-0.6666666666666666,False,,,False
C_130,Ophthalmology,R3I5E,2024-12,2025-01,4.0,0.0,-1.0,False,,,False
C_130,Ophthalmology,R3I5E,2025-01,2025-02,0.0,3.0,inf,False,,,False
C_130,Ophthalmology,R3I5E,2025-06,2025-07,1.0,0.0,-1.0,False,,,False
C_130,Ophthalmology,R5J3Z,2025-06,2025-07,0.0,449.0,inf,False,,,False
C_130,Ophthalmology,R6B6E,2026-03,2026-04,0.0,1.0,inf,False,,,False
C_130,Ophthalmology,R6X7C,2025-11,2025-12,0.0,1.0,inf,False,,,False
C_130,Ophthalmology,R6X7C,2025-12,2026-01,1.0,11.0,10.0,False,,,False
C_130,Ophthalmology,R6X7C,2026-01,2026-02,11.0,32.0,1.9090909090909092,False,,,False
C_130,Ophthalmology,R6X7C,2026-02,2026-03,32.0,49.0,0.53125,False,,,False
C_130,Ophthalmology,R6X7C,2026-03,2026-04,49.0,80.0,0.6326530612244898,False,,,False
C_130,Ophthalmology,RA9,2026-03,2026-04,4787.0,0.0,-1.0,True,,,False
C_130,Ophthalmology,RAP,2024-12,2025-01,951.0,0.0,-1.0,True,,,False
C_130,Ophthalmology,RET,2024-10,2024-11,10.0,16.0,0.6,False,C_150|C_400|X02|X05,C_150 4159->4123 (-0.9%); C_400 8976->8607 (-4.1%); X02 2738->2700 (-1.4%); X05 525->490 (-6.7%),False
C_130,Ophthalmology,RET,2024-12,2025-01,21.0,9.0,-0.5714285714285714,False,C_150|X05,C_150 4208->4402 (+4.6%); X05 549->606 (+10.4%),False
C_130,Ophthalmology,RET,2025-08,2025-09,6.0,10.0,0.6666666666666666,False,C_150|C_400,C_150 4810->4466 (-7.2%); C_400 6956->6790 (-2.4%),False
C_130,Ophthalmology,RET,2025-11,2025-12,3.0,7.0,1.3333333333333333,False,C_150|C_400,C_150 4117->4103 (-0.3%); C_400 6645->6379 (-4.0%),False
C_130,Ophthalmology,RET,2025-12,2026-01,7.0,2.0,-0.7142857142857143,False,X03,X03 30->33 (+10.0%),False
C_130,Ophthalmology,RET,2026-01,2026-02,2.0,8.0,3.0,False,C_150|C_400,C_150 3952->3806 (-3.7%); C_400 5842->5609 (-4.0%),False
C_130,Ophthalmology,RET,2026-03,2026-04,9.0,4.0,-0.5555555555555556,False,C_400|X02,C_400 5339->5357 (+0.3%); X02 2807->2921 (+4.1%),False
C_130,Ophthalmology,RET,2026-04,2026-05,4.0,8.0,1.0,False,C_150|X02,C_150 3498->3387 (-3.2%); X02 2921->2912 (-0.3%),False
C_130,Ophthalmology,RF4,2025-10,2025-11,3388.0,0.0,-1.0,True,,,False
C_130,Ophthalmology,RF4,2025-11,2025-12,0.0,3768.0,inf,True,,,False
C_130,Ophthalmology,RHQ,2025-06,2025-07,5528.0,0.0,-1.0,True,,,False
C_130,Ophthalmology,RJ7,2024-06,2024-07,189.0,93.0,-0.5079365079365079,False,C_100|C_101|C_150|C_301|C_330|C_502|X02|X05|X06,C_100 1117->1126 (+0.8%); C_101 2973->3005 (+1.1%); C_150 3626->3687 (+1.7%); C_301 2735->2790 (+2.0%); C_330 5029->5155 (+2.5%); C_502 3540->3661 (+3.4%); X02 9571->9729 (+1.7%); X05 6170->6324 (+2.5%); X06 3041->3095 (+1.8%),False
C_130,Ophthalmology,RLT,2024-06,2024-07,364.0,569.0,0.5631868131868132,True,C_140|C_160|C_300|C_320|C_340|C_410|C_502,C_140 158->115 (-27.2%); C_160 406->375 (-7.6%); C_300 529->527 (-0.4%); C_320 1644->1391 (-15.4%); C_340 520->483 (-7.1%); C_410 474->473 (-0.2%); C_502 2082->2072 (-0.5%),False
C_130,Ophthalmology,RMP,2025-03,2025-04,36.0,55.0,0.5277777777777778,False,C_100|C_101|C_120|C_140|C_170|C_300|C_320|C_340|C_502|X04,C_100 1256->1226 (-2.4%); C_101 491->490 (-0.2%); C_120 1706->1688 (-1.1%); C_140 1088->1007 (-7.4%); C_170 5->4 (-20.0%); C_300 24->20 (-16.7%); C_320 997->959 (-3.8%); C_340 653->595 (-8.9%); C_502 2220->2168 (-2.3%); X04 1268->1174 (-7.4%),False
C_130,Ophthalmology,RMP,2025-11,2025-12,10.0,1.0,-0.9,False,C_101|C_120|C_170|C_300|C_301|C_320|C_330|C_340|C_410|C_430|X04,C_101 553->580 (+4.9%); C_120 1486->1505 (+1.3%); C_170 1->3 (+200.0%); C_300 41->51 (+24.4%); C_301 1525->1608 (+5.4%); C_320 1112->1186 (+6.7%); C_330 85->105 (+23.5%); C_340 513->568 (+10.7%); C_410 363->367 (+1.1%); C_430 17->18 (+5.9%); X04 703->727 (+3.4%),False
C_130,Ophthalmology,RMP,2025-12,2026-01,1.0,0.0,-1.0,False,C_100|C_120|C_320|C_340|C_430|C_502|X04|X05,C_100 1246->1251 (+0.4%); C_120 1505->1538 (+2.2%); C_320 1186->1251 (+5.5%); C_340 568->602 (+6.0%); C_430 18->24 (+33.3%); C_502 2093->2110 (+0.8%); X04 727->839 (+15.4%); X05 1311->1524 (+16.2%),False
C_130,Ophthalmology,RQ3,2025-05,2025-06,0.0,32.0,inf,False,X04|X06,X04 13800->13726 (-0.5%); X06 322->261 (-18.9%),False
C_130,Ophthalmology,RQ3,2025-08,2025-09,23.0,9.0,-0.6086956521739131,False,C_502|X03|X06,C_502 6907->7002 (+1.4%); X03 6->7 (+16.7%); X06 361->435 (+20.5%),False
C_130,Ophthalmology,RQ3,2025-12,2026-01,3.0,1.0,-0.6666666666666666,False,,,False
C_130,Ophthalmology,RQ3,2026-01,2026-02,1.0,0.0,-1.0,False,X02|X05,X02 5229->5939 (+13.6%); X05 58->60 (+3.4%),True
C_130,Ophthalmology,RQX,2024-03,2024-04,25.0,11.0,-0.56,False,C_100|C_101|C_140|C_160|C_300|C_320|C_330|C_340|C_400|C_410|X02|X04|X05|X06,C_100 5254->5343 (+1.7%); C_101 2441->2448 (+0.3%); C_140 2441->2679 (+9.8%); C_160 577->592 (+2.6%); C_300 326->376 (+15.3%); C_320 1062->1099 (+3.5%); C_330 1443->1740 (+20.6%); C_340 1306->1328 (+1.7%); C_400 816->920 (+12.7%); C_410 156->163 (+4.5%); X02 3131->3319 (+6.0%); X04 2484->2627 (+5.8%); X05 301->406 (+34.9%); X06 247->259 (+4.9%),False
C_130,Ophthalmology,RQX,2024-05,2024-06,13.0,40.0,2.076923076923077,False,C_120|C_400|C_410|C_430|C_502|X02|X04|X05|X06,C_120 2653->2272 (-14.4%); C_400 1009->957 (-5.2%); C_410 177->165 (-6.8%); C_430 237->231 (-2.5%); C_502 3230->3057 (-5.4%); X02 3553->3448 (-3.0%); X04 2856->2792 (-2.2%); X05 351->296 (-15.7%); X06 229->224 (-2.2%),False
C_130,Ophthalmology,RQX,2024-07,2024-08,22.0,35.0,0.5909090909090909,False,C_160|C_301|C_320|C_330|C_340|C_400|C_410|C_430|X02|X04|X05,C_160 597->576 (-3.5%); C_301 1281->1256 (-2.0%); C_320 1203->1066 (-11.4%); C_330 2060->2000 (-2.9%); C_340 1263->1209 (-4.3%); C_400 863->783 (-9.3%); C_410 186->182 (-2.2%); C_430 248->235 (-5.2%); X02 3153->2962 (-6.1%); X04 2974->2927 (-1.6%); X05 361->255 (-29.4%),False
C_130,Ophthalmology,RQX,2024-09,2024-10,32.0,49.0,0.53125,False,C_301|C_340|C_400|C_410|C_430|X02|X06,C_301 1269->1201 (-5.4%); C_340 1165->934 (-19.8%); C_400 770->732 (-4.9%); C_410 224->216 (-3.6%); C_430 218->217 (-0.5%); X02 2734->2718 (-0.6%); X06 334->295 (-11.7%),False
C_130,Ophthalmology,RQX,2025-02,2025-03,22.0,43.0,0.9545454545454546,False,C_110|C_120|C_300|X06,C_110 2849->2801 (-1.7%); C_120 3208->3196 (-0.4%); C_300 516->466 (-9.7%); X06 239->225 (-5.9%),False
C_130,Ophthalmology,RQX,2025-03,2025-04,43.0,12.0,-0.7209302325581395,False,C_101|C_120|C_140|C_301|C_320|C_340|C_400|X04,C_101 3323->3345 (+0.7%); C_120 3196->3365 (+5.3%); C_140 3919->4185 (+6.8%); C_301 944->986 (+4.4%); C_320 1209->1214 (+0.4%); C_340 792->885 (+11.7%); C_400 663->676 (+2.0%); X04 3317->3438 (+3.6%),False
C_130,Ophthalmology,RQX,2025-04,2025-05,12.0,39.0,2.25,False,C_100|C_101|C_120|C_160|C_300|C_301|C_330|C_430|C_502|X02|X04|X05|X06,C_100 5761->5744 (-0.3%); C_101 3345->3306 (-1.2%); C_120 3365->3352 (-0.4%); C_160 548->547 (-0.2%); C_300 301->244 (-18.9%); C_301 986->981 (-0.5%); C_330 1801->1740 (-3.4%); C_430 190->173 (-8.9%); C_502 4288->4045 (-5.7%); X02 2017->1918 (-4.9%); X04 3438->3399 (-1.1%); X05 314->262 (-16.6%); X06 176->168 (-4.5%),False
C_130,Ophthalmology,RQX,2025-05,2025-06,39.0,19.0,-0.5128205128205128,False,C_101|C_120|C_140|C_300|C_400|X04|X05,C_101 3306->3405 (+3.0%); C_120 3352->3552 (+6.0%); C_140 4481->4747 (+5.9%); C_300 244->257 (+5.3%); C_400 712->739 (+3.8%); X04 3399->3524 (+3.7%); X05 262->287 (+9.5%),False
C_130,Ophthalmology,RQX,2025-07,2025-08,18.0,6.0,-0.6666666666666666,False,C_110|C_301|C_320|C_330|C_410|C_502,C_110 2699->2706 (+0.3%); C_301 877->950 (+8.3%); C_320 1194->1198 (+0.3%); C_330 1519->1622 (+6.8%); C_410 171->219 (+28.1%); C_502 4053->4078 (+0.6%),False
C_130,Ophthalmology,RQX,2025-09,2025-10,4.0,0.0,-1.0,False,C_110|C_300|C_320|C_400|C_430|C_502,C_110 2713->2752 (+1.4%); C_300 70->94 (+34.3%); C_320 1176->1213 (+3.1%); C_400 598->622 (+4.0%); C_430 175->183 (+4.6%); C_502 4236->4254 (+0.4%),False
C_130,Ophthalmology,RY7,2024-01,2024-02,53.0,0.0,-1.0,False,,,False
C_130,Ophthalmology,S0L9O,2025-10,2025-11,0.0,1.0,inf,False,,,False
C_130,Ophthalmology,S0L9O,2025-12,2026-01,1.0,16.0,15.0,False,,,False
C_130,Ophthalmology,S3H9L,2024-08,2024-09,0.0,1.0,inf,False,,,False
C_130,Ophthalmology,S3H9L,2025-02,2025-03,1.0,0.0,-1.0,False,C_100|C_101|C_110|C_120|C_301|C_320|C_330|C_340|C_502,C_100 29->51 (+75.9%); C_101 147->153 (+4.1%); C_110 213->214 (+0.5%); C_120 433->524 (+21.0%); C_301 195->304 (+55.9%); C_320 118->163 (+38.1%); C_330 336->408 (+21.4%); C_340 62->138 (+122.6%); C_502 24->49 (+104.2%),False
C_130,Ophthalmology,S4E3I,2025-01,2025-02,0.0,819.0,inf,True,,,False
C_130,Ophthalmology,S5D8W,2026-04,2026-05,0.0,1.0,inf,False,,,False
C_130,Ophthalmology,S8O6A,2025-12,2026-01,0.0,4.0,inf,False,,,False
C_130,Ophthalmology,S8O6A,2026-04,2026-05,2.0,4.0,1.0,False,,,False
C_130,Ophthalmology,T1I9W,2025-12,2026-01,0.0,3.0,inf,False,,,False
C_130,Ophthalmology,T1I9W,2026-01,2026-02,3.0,6.0,1.0,False,,,False
C_130,Ophthalmology,T1I9W,2026-02,2026-03,6.0,10.0,0.6666666666666666,False,,,False
C_130,Ophthalmology,T1T4S,2025-10,2025-11,0.0,12.0,inf,False,,,False
C_130,Ophthalmology,T1T4S,2025-12,2026-01,15.0,61.0,3.066666666666667,False,,,False
C_130,Ophthalmology,T4I8V,2024-05,2024-06,0.0,14.0,inf,False,,,False
C_130,Ophthalmology,T4I8V,2024-06,2024-07,14.0,30.0,1.1428571428571428,False,,,False
C_130,Ophthalmology,T4I8V,2024-11,2024-12,61.0,114.0,0.8688524590163934,False,,,False
C_130,Ophthalmology,T4I8V,2025-01,2025-02,94.0,285.0,2.0319148936170213,False,,,False
C_130,Ophthalmology,T4I8V,2025-02,2025-03,285.0,73.0,-0.743859649122807,False,,,False
C_130,Ophthalmology,T8V3L,2024-09,2024-10,76.0,157.0,1.0657894736842106,False,,,False
C_130,Ophthalmology,T8V3L,2024-11,2024-12,100.0,158.0,0.58,False,,,False
C_130,Ophthalmology,T8V3L,2025-04,2025-05,96.0,154.0,0.6041666666666666,False,,,False
C_130,Ophthalmology,T8V3L,2026-01,2026-02,167.0,262.0,0.5688622754491018,False,,,False
C_130,Ophthalmology,T8V3L,2026-03,2026-04,253.0,404.0,0.5968379446640316,False,,,False
C_130,Ophthalmology,U0K8N,2025-07,2025-08,0.0,32.0,inf,False,,,False
C_130,Ophthalmology,U0K8N,2025-10,2025-11,46.0,141.0,2.0652173913043477,False,,,False
C_130,Ophthalmology,U1P4Z,2025-10,2025-11,0.0,18.0,inf,False,,,False
C_130,Ophthalmology,U1P4Z,2025-12,2026-01,20.0,130.0,5.5,False,,,False
C_130,Ophthalmology,U6A5N,2025-10,2025-11,0.0,3.0,inf,False,,,False
C_130,Ophthalmology,U6A5N,2025-12,2026-01,3.0,9.0,2.0,False,,,False
C_130,Ophthalmology,V4U1Y,2024-11,2024-12,90.0,153.0,0.7,False,,,False
C_130,Ophthalmology,V4U1Y,2025-04,2025-05,81.0,208.0,1.5679012345679013,False,,,False
C_130,Ophthalmology,V5F1D,2024-01,2024-02,50.0,80.0,0.6,False,,,False
C_130,Ophthalmology,V5F1D,2024-08,2024-09,205.0,90.0,-0.5609756097560976,False,,,False
C_130,Ophthalmology,V5F1D,2024-11,2024-12,104.0,177.0,0.7019230769230769,False,,,False
C_130,Ophthalmology,V5F1D,2025-09,2025-10,207.0,355.0,0.714975845410628,False,,,False
C_130,Ophthalmology,V8A3H,2025-06,2025-07,0.0,1.0,inf,False,,,False
C_130,Ophthalmology,V8A3H,2025-07,2025-08,1.0,2.0,1.0,False,,,False
C_130,Ophthalmology,V8A3H,2025-08,2025-09,2.0,0.0,-1.0,False,,,False
C_130,Ophthalmology,V8A3H,2025-10,2025-11,0.0,1.0,inf,False,,,False
C_130,Ophthalmology,V8A3H,2026-01,2026-02,1.0,0.0,-1.0,False,,,False
C_130,Ophthalmology,V8A3H,2026-02,2026-03,0.0,11.0,inf,False,,,False
C_130,Ophthalmology,V8A3H,2026-03,2026-04,11.0,38.0,2.4545454545454546,False,,,False
C_130,Ophthalmology,V8A3H,2026-04,2026-05,38.0,59.0,0.5526315789473685,False,,,False
C_130,Ophthalmology,V8N5R,2024-02,2024-03,0.0,41.0,inf,False,,,False
C_130,Ophthalmology,V8N5R,2024-03,2024-04,41.0,75.0,0.8292682926829268,False,,,False
C_130,Ophthalmology,V8N5R,2024-04,2024-05,75.0,131.0,0.7466666666666667,False,,,False
C_130,Ophthalmology,W7J4C,2025-10,2025-11,0.0,6.0,inf,False,,,False
C_130,Ophthalmology,W7J4C,2025-12,2026-01,6.0,109.0,17.166666666666668,False,,,False
C_130,Ophthalmology,X0R3Y,2025-12,2026-01,0.0,22.0,inf,False,,,False
C_130,Ophthalmology,X0R3Y,2026-03,2026-04,28.0,11.0,-0.6071428571428571,False,,,False
C_130,Ophthalmology,X0R3Y,2026-04,2026-05,11.0,23.0,1.0909090909090908,False,,,False
C_130,Ophthalmology,X1M4L,2025-12,2026-01,0.0,3.0,inf,False,,,False
C_130,Ophthalmology,X1M4L,2026-02,2026-03,2.0,5.0,1.5,False,,,False
C_130,Ophthalmology,X1M4L,2026-03,2026-04,5.0,2.0,-0.6,False,,,False
C_130,Ophthalmology,X7M7U,2025-11,2025-12,0.0,2.0,inf,False,,,False
C_130,Ophthalmology,X7M7U,2025-12,2026-01,2.0,7.0,2.5,False,,,False
C_130,Ophthalmology,X7Y2H,2025-10,2025-11,0.0,1.0,inf,False,,,False
C_130,Ophthalmology,X7Y2H,2025-12,2026-01,1.0,12.0,11.0,False,,,False
C_130,Ophthalmology,Y7W8F,2025-10,2025-11,0.0,1.0,inf,False,,,False
C_130,Ophthalmology,Y7W8F,2025-12,2026-01,1.0,7.0,6.0,False,,,False
C_130,Ophthalmology,Y7W8F,2026-01,2026-02,7.0,14.0,1.0,False,,,False
C_130,Ophthalmology,Y8L9S,2024-11,2024-12,319.0,544.0,0.7053291536050157,True,,,False
C_130,Ophthalmology,Y9S1N,2025-03,2025-04,0.0,50.0,inf,False,,,False
C_130,Ophthalmology,Z1E5F,2025-02,2025-03,0.0,114.0,inf,False,,,False
C_130,Ophthalmology,Z2L9B,2024-08,2024-09,0.0,97.0,inf,False,,,False
C_130,Ophthalmology,Z4F8Y,2025-10,2025-11,0.0,39.0,inf,False,,,False
C_130,Ophthalmology,Z4F8Y,2025-11,2025-12,39.0,59.0,0.5128205128205128,False,,,False
C_130,Ophthalmology,Z4F8Y,2025-12,2026-01,59.0,293.0,3.9661016949152543,False,,,False
C_130,Ophthalmology,Z5J5V,2024-01,2024-02,0.0,11.0,inf,False,,,False
C_130,Ophthalmology,Z5J5V,2024-02,2024-03,11.0,61.0,4.545454545454546,False,,,False
C_130,Ophthalmology,Z5J5V,2024-06,2024-07,94.0,153.0,0.6276595744680851,False,,,False
C_130,Ophthalmology,Z5J5V,2024-11,2024-12,178.0,314.0,0.7640449438202247,False,,,False
C_130,Ophthalmology,Z5J5V,2024-12,2025-01,314.0,153.0,-0.5127388535031847,False,,,False
C_130,Ophthalmology,Z9Z1G,2024-04,2024-05,123.0,251.0,1.0406504065040652,False,,,False
C_130,Ophthalmology,Z9Z1G,2024-11,2024-12,108.0,213.0,0.9722222222222222,False,,,False
C_130,Ophthalmology,Z9Z1G,2024-12,2025-01,213.0,92.0,-0.568075117370892,False,,,False
C_130,Ophthalmology,Z9Z1G,2025-09,2025-10,170.0,278.0,0.6352941176470588,False,,,False
C_120,"Ear, Nose and Throat",A9T5Y,2026-04,2026-05,0.0,5.0,inf,False,,,False
C_120,"Ear, Nose and Throat",AAH,2024-01,2024-02,10.0,16.0,0.6,False,C_100|C_340,C_100 107->35 (-67.3%); C_340 2->1 (-50.0%),False
C_120,"Ear, Nose and Throat",AAH,2025-06,2025-07,9.0,0.0,-1.0,False,C_100|C_101|C_110|C_130|C_502,C_100 28->58 (+107.1%); C_101 41->49 (+19.5%); C_110 20->22 (+10.0%); C_130 94->138 (+46.8%); C_502 2->56 (+2700.0%),False
C_120,"Ear, Nose and Throat",AAH,2025-07,2025-08,0.0,2.0,inf,False,C_100|C_101|C_140|C_320|C_340|X06,C_100 58->43 (-25.9%); C_101 49->31 (-36.7%); C_140 33->27 (-18.2%); C_320 1->0 (-100.0%); C_340 1->0 (-100.0%); X06 14->6 (-57.1%),False
C_120,"Ear, Nose and Throat",AAH,2025-09,2025-10,3.0,5.0,0.6666666666666666,False,C_110|C_140|X06,C_110 50->40 (-20.0%); C_140 31->25 (-19.4%); X06 20->13 (-35.0%),False
C_120,"Ear, Nose and Throat",AAH,2025-10,2025-11,5.0,1.0,-0.8,False,C_100|X06,C_100 44->66 (+50.0%); X06 13->16 (+23.1%),False
C_120,"Ear, Nose and Throat",AAH,2026-01,2026-02,1.0,0.0,-1.0,False,C_100|C_320|C_502,C_100 49->57 (+16.3%); C_320 0->2 (+inf%); C_502 10->36 (+260.0%),False
C_120,"Ear, Nose and Throat",AAH,2026-02,2026-03,0.0,5.0,inf,False,C_100|C_101|C_110|C_130|C_502,C_100 57->11 (-80.7%); C_101 36->29 (-19.4%); C_110 29->23 (-20.7%); C_130 128->118 (-7.8%); C_502 36->27 (-25.0%),False
C_120,"Ear, Nose and Throat",AAH,2026-04,2026-05,3.0,0.0,-1.0,False,C_130|C_140|C_320|X06,C_130 114->142 (+24.6%); C_140 16->28 (+75.0%); C_320 0->1 (+inf%); X06 13->14 (+7.7%),False
C_120,"Ear, Nose and Throat",ADP02,2025-07,2025-08,0.0,3.0,inf,False,C_100|C_110|X02,C_100 42->36 (-14.3%); C_110 851->812 (-4.6%); X02 295->228 (-22.7%),False
C_120,"Ear, Nose and Throat",ADP02,2025-08,2025-09,3.0,17.0,4.666666666666667,False,X02,X02 228->222 (-2.6%),False
C_120,"Ear, Nose and Throat",ADP02,2025-09,2025-10,17.0,27.0,0.5882352941176471,False,C_100|C_101|C_301|X02,C_100 54->52 (-3.7%); C_101 26->25 (-3.8%); C_301 1->0 (-100.0%); X02 222->213 (-4.1%),False
C_120,"Ear, Nose and Throat",ADP02,2026-03,2026-04,15.0,23.0,0.5333333333333333,False,C_100|C_110|C_301|C_502|X02,C_100 31->30 (-3.2%); C_110 862->839 (-2.7%); C_301 5->3 (-40.0%); C_502 148->131 (-11.5%); X02 294->283 (-3.7%),False
C_120,"Ear, Nose and Throat",DXN,2026-02,2026-03,0.0,1.0,inf,False,,,False
C_120,"Ear, Nose and Throat",DXN,2026-03,2026-04,1.0,935.0,934.0,True,C_410,C_410 21->19 (-9.5%),False
C_120,"Ear, Nose and Throat",F9Z4V,2024-02,2024-03,34.0,52.0,0.5294117647058824,False,C_100|C_502,C_100 170->164 (-3.5%); C_502 125->115 (-8.0%),False
C_120,"Ear, Nose and Throat",F9Z4V,2024-06,2024-07,27.0,45.0,0.6666666666666666,False,C_301,C_301 5->1 (-80.0%),False
C_120,"Ear, Nose and Throat",F9Z4V,2025-05,2025-06,55.0,87.0,0.5818181818181818,False,C_130|C_301,C_130 184->171 (-7.1%); C_301 13->12 (-7.7%),False
C_120,"Ear, Nose and Throat",K8I4X,2024-02,2024-03,2.0,0.0,-1.0,False,C_100|C_101|C_110|C_130|C_301|X02,C_100 92->98 (+6.5%); C_101 38->106 (+178.9%); C_110 397->425 (+7.1%); C_130 700->739 (+5.6%); C_301 102->161 (+57.8%); X02 109->110 (+0.9%),False
C_120,"Ear, Nose and Throat",K8I4X,2024-04,2024-05,0.0,23.0,inf,False,C_100|C_130|X02,C_100 114->108 (-5.3%); C_130 728->712 (-2.2%); X02 96->92 (-4.2%),False
C_120,"Ear, Nose and Throat",K8I4X,2024-08,2024-09,6.0,1.0,-0.8333333333333334,False,C_100|C_110|C_130|C_300|C_301|C_502,C_100 161->184 (+14.3%); C_110 426->457 (+7.3%); C_130 689->766 (+11.2%); C_300 0->1 (+inf%); C_301 215->235 (+9.3%); C_502 9->11 (+22.2%),False
C_120,"Ear, Nose and Throat",K8I4X,2024-09,2024-10,1.0,4.0,3.0,False,C_100|X02|X06,C_100 184->181 (-1.6%); X02 120->109 (-9.2%); X06 3->1 (-66.7%),False
C_120,"Ear, Nose and Throat",K8I4X,2024-10,2024-11,4.0,0.0,-1.0,False,C_101|X06,C_101 40->49 (+22.5%); X06 1->3 (+200.0%),False
C_120,"Ear, Nose and Throat",K8I4X,2025-01,2025-02,0.0,12.0,inf,False,C_110|C_160|X02,C_110 402->394 (-2.0%); C_160 1->0 (-100.0%); X02 47->32 (-31.9%),False
C_120,"Ear, Nose and Throat",K8I4X,2025-03,2025-04,9.0,41.0,3.5555555555555554,False,C_100|C_110|C_502|X02,C_100 174->161 (-7.5%); C_110 406->349 (-14.0%); C_502 9->2 (-77.8%); X02 43->36 (-16.3%),False
C_120,"Ear, Nose and Throat",K8I4X,2026-04,2026-05,1.0,0.0,-1.0,False,C_101|C_110|C_130|C_301|C_502,C_101 23->31 (+34.8%); C_110 400->523 (+30.8%); C_130 509->519 (+2.0%); C_301 165->237 (+43.6%); C_502 1->6 (+500.0%),False
C_120,"Ear, Nose and Throat",NCR,2025-11,2025-12,0.0,199.0,inf,False,C_130,C_130 1172->1167 (-0.4%),False
C_120,"Ear, Nose and Throat",NCR,2025-12,2026-01,199.0,0.0,-1.0,False,C_130,C_130 1167->1433 (+22.8%),False
C_120,"Ear, Nose and Throat",NEY,2024-02,2024-03,460.0,701.0,0.5239130434782608,True,C_110|C_150|C_400|X06,C_110 239->167 (-30.1%); C_150 159->156 (-1.9%); C_400 336->296 (-11.9%); X06 135->14 (-89.6%),False
C_120,"Ear, Nose and Throat",NEY,2024-06,2024-07,808.0,378.0,-0.5321782178217822,True,,,False
C_120,"Ear, Nose and Throat",NEY,2025-01,2025-02,131.0,259.0,0.9770992366412213,False,C_100|C_101|C_110|C_150|X02|X04|X06,C_100 472->424 (-10.2%); C_101 12->8 (-33.3%); C_110 280->191 (-31.8%); C_150 139->82 (-41.0%); X02 107->69 (-35.5%); X04 21->3 (-85.7%); X06 70->54 (-22.9%),False
C_120,"Ear, Nose and Throat",NEY,2025-10,2025-11,69.0,10.0,-0.855072463768116,False,C_150,C_150 74->93 (+25.7%),False
C_120,"Ear, Nose and Throat",NEY,2025-11,2025-12,10.0,56.0,4.6,False,C_100|C_400|C_502|X05,C_100 239->167 (-30.1%); C_400 53->47 (-11.3%); C_502 298->286 (-4.0%); X05 94->62 (-34.0%),False
C_120,"Ear, Nose and Throat",NEY,2026-01,2026-02,45.0,1.0,-0.9777777777777777,False,C_100|X05,C_100 94->138 (+46.8%); X05 23->60 (+160.9%),False
C_120,"Ear, Nose and Throat",NEY,2026-03,2026-04,1.0,0.0,-1.0,False,,,False
C_120,"Ear, Nose and Throat",NHW,2026-02,2026-03,0.0,1.0,inf,False,,,False
C_120,"Ear, Nose and Throat",NHW,2026-03,2026-04,1.0,0.0,-1.0,False,C_110,C_110 119->124 (+4.2%),False
C_120,"Ear, Nose and Throat",NID,2026-04,2026-05,0.0,17.0,inf,False,,,False
C_120,"Ear, Nose and Throat",NLG,2024-10,2024-11,0.0,4297.0,inf,True,,,False
C_120,"Ear, Nose and Throat",NLG,2025-10,2025-11,13750.0,3318.0,-0.7586909090909091,True,,,False
C_120,"Ear, Nose and Throat",NN5,2024-08,2024-09,59.0,14.0,-0.7627118644067796,False,C_110|C_301,C_110 69->75 (+8.7%); C_301 9->12 (+33.3%),False
C_120,"Ear, Nose and Throat",NN5,2024-09,2024-10,14.0,5.0,-0.6428571428571429,False,C_301|C_410,C_301 12->46 (+283.3%); C_410 36->52 (+44.4%),False
C_120,"Ear, Nose and Throat",NN5,2024-10,2024-11,5.0,0.0,-1.0,False,C_100|C_110,C_100 0->4 (+inf%); C_110 74->88 (+18.9%),False
C_120,"Ear, Nose and Throat",NN5,2024-12,2025-01,0.0,2.0,inf,False,C_301|C_410|C_502,C_301 42->40 (-4.8%); C_410 58->46 (-20.7%); C_502 1->0 (-100.0%),False
C_120,"Ear, Nose and Throat",NN5,2025-01,2025-02,2.0,0.0,-1.0,False,C_100|C_410,C_100 61->101 (+65.6%); C_410 46->57 (+23.9%),False
C_120,"Ear, Nose and Throat",NRF,2025-03,2025-04,0.0,203.0,inf,False,,,False
C_120,"Ear, Nose and Throat",NRP,2024-05,2024-06,273.0,425.0,0.5567765567765568,False,C_301,C_301 66->14 (-78.8%),False
C_120,"Ear, Nose and Throat",NRP,2024-11,2024-12,418.0,132.0,-0.6842105263157895,False,C_301,C_301 22->61 (+177.3%),False
C_120,"Ear, Nose and Throat",NRP,2025-05,2025-06,165.0,260.0,0.5757575757575758,False,,,False
C_120,"Ear, Nose and Throat",NRP,2025-12,2026-01,244.0,1960.0,7.032786885245901,True,,,False
C_120,"Ear, Nose and Throat",NT204,2024-04,2024-05,0.0,55.0,inf,False,X06,X06 10->1 (-90.0%),False
C_120,"Ear, Nose and Throat",NT204,2024-06,2024-07,81.0,162.0,1.0,False,C_110|C_150,C_110 323->310 (-4.0%); C_150 76->63 (-17.1%),False
C_120,"Ear, Nose and Throat",NT204,2025-10,2025-11,331.0,1.0,-0.9969788519637462,False,,,False
C_120,"Ear, Nose and Throat",NT204,2025-11,2025-12,1.0,0.0,-1.0,False,C_502,C_502 1->2 (+100.0%),False
C_120,"Ear, Nose and Throat",NT204,2026-01,2026-02,0.0,1.0,inf,False,,,False
C_120,"Ear, Nose and Throat",NT204,2026-03,2026-04,1.0,331.0,330.0,False,,,False
C_120,"Ear, Nose and Throat",NT216,2024-06,2024-07,0.0,1.0,inf,False,,,False
C_120,"Ear, Nose and Throat",NT216,2024-07,2024-08,1.0,2.0,1.0,False,,,False
C_120,"Ear, Nose and Throat",NT216,2024-09,2024-10,2.0,22.0,10.0,False,,,False
C_120,"Ear, Nose and Throat",NT216,2025-04,2025-05,9.0,0.0,-1.0,False,,,False
C_120,"Ear, Nose and Throat",NT216,2025-06,2025-07,0.0,2.0,inf,False,,,False
C_120,"Ear, Nose and Throat",NT216,2026-03,2026-04,1.0,0.0,-1.0,False,,,False
C_120,"Ear, Nose and Throat",NT225,2024-01,2024-02,38.0,74.0,0.9473684210526315,False,C_100,C_100 373->352 (-5.6%),False
C_120,"Ear, Nose and Throat",NT225,2024-07,2024-08,23.0,35.0,0.5217391304347826,False,,,False
C_120,"Ear, Nose and Throat",NT225,2025-11,2025-12,12.0,0.0,-1.0,False,,,False
C_120,"Ear, Nose and Throat",NT226,2025-01,2025-02,9.0,3.0,-0.6666666666666666,False,C_110,C_110 471->483 (+2.5%),False
C_120,"Ear, Nose and Throat",NT226,2025-02,2025-03,3.0,0.0,-1.0,False,C_110|C_160,C_110 483->547 (+13.3%); C_160 24->26 (+8.3%),False
C_120,"Ear, Nose and Throat",NT233,2024-09,2024-10,8.0,1.0,-0.875,False,C_101|C_110|C_150|X06,C_101 17->21 (+23.5%); C_110 792->822 (+3.8%); C_150 33->54 (+63.6%); X06 46->51 (+10.9%),False
C_120,"Ear, Nose and Throat",NT233,2024-10,2024-11,1.0,0.0,-1.0,False,C_100|C_101|C_110|C_150|X06,C_100 98->115 (+17.3%); C_101 21->25 (+19.0%); C_110 822->895 (+8.9%); C_150 54->95 (+75.9%); X06 51->61 (+19.6%),False
C_120,"Ear, Nose and Throat",NT237,2026-01,2026-02,0.0,1.0,inf,False,C_101,C_101 6->5 (-16.7%),False
C_120,"Ear, Nose and Throat",NT237,2026-02,2026-03,1.0,28.0,27.0,False,C_101|C_130,C_101 5->2 (-60.0%); C_130 452->446 (-1.3%),False
C_120,"Ear, Nose and Throat",NT238,2025-01,2025-02,0.0,6.0,inf,False,C_110,C_110 262->227 (-13.4%),False
C_120,"Ear, Nose and Throat",NT238,2025-02,2025-03,6.0,2.0,-0.6666666666666666,False,C_110,C_110 227->238 (+4.8%),False
C_120,"Ear, Nose and Throat",NT238,2025-03,2025-04,2.0,23.0,10.5,False,,,False
C_120,"Ear, Nose and Throat",NT238,2025-08,2025-09,9.0,3.0,-0.6666666666666666,False,C_110,C_110 264->283 (+7.2%),False
C_120,"Ear, Nose and Throat",NT238,2025-11,2025-12,1.0,0.0,-1.0,False,C_100|C_110,C_100 0->22 (+inf%); C_110 336->442 (+31.5%),False
C_120,"Ear, Nose and Throat",NT239,2024-09,2024-10,48.0,22.0,-0.5416666666666666,False,C_101|C_110,C_101 14->22 (+57.1%); C_110 145->149 (+2.8%),False
C_120,"Ear, Nose and Throat",NT239,2024-10,2024-11,22.0,41.0,0.8636363636363636,False,X05,X05 8->0 (-100.0%),False
C_120,"Ear, Nose and Throat",NT239,2025-07,2025-08,7.0,3.0,-0.5714285714285714,False,C_150,C_150 0->4 (+inf%),False
C_120,"Ear, Nose and Throat",NT239,2025-09,2025-10,3.0,0.0,-1.0,False,,,False
C_120,"Ear, Nose and Throat",NT239,2025-10,2025-11,0.0,3.0,inf,False,C_100|C_101|C_110,C_100 18->16 (-11.1%); C_101 5->2 (-60.0%); C_110 56->55 (-1.8%),False
C_120,"Ear, Nose and Throat",NT239,2025-11,2025-12,3.0,10.0,2.3333333333333335,False,C_101,C_101 2->0 (-100.0%),False
C_120,"Ear, Nose and Throat",NT239,2026-02,2026-03,9.0,1.0,-0.8888888888888888,False,C_101,C_101 3->6 (+100.0%),False
C_120,"Ear, Nose and Throat",NT242,2024-02,2024-03,0.0,1.0,inf,False,X06,X06 28->0 (-100.0%),False
C_120,"Ear, Nose and Throat",NT242,2024-03,2024-04,1.0,0.0,-1.0,False,C_100|C_130,C_100 53->56 (+5.7%); C_130 107->130 (+21.5%),False
C_120,"Ear, Nose and Throat",NT305,2024-07,2024-08,0.0,21.0,inf,False,,,False
C_120,"Ear, Nose and Throat",NT305,2024-08,2024-09,21.0,0.0,-1.0,False,,,False
C_120,"Ear, Nose and Throat",NT310,2024-05,2024-06,22.0,38.0,0.7272727272727273,False,C_101,C_101 30->29 (-3.3%),False
C_120,"Ear, Nose and Throat",NT310,2024-06,2024-07,38.0,68.0,0.7894736842105263,False,C_100|C_101|C_110|C_502,C_100 164->123 (-25.0%); C_101 29->19 (-34.5%); C_110 221->219 (-0.9%); C_502 81->48 (-40.7%),False
C_120,"Ear, Nose and Throat",NT310,2024-09,2024-10,78.0,0.0,-1.0,False,,,False
C_120,"Ear, Nose and Throat",NT312,2024-01,2024-02,0.0,20.0,inf,False,C_100|C_101|C_110|C_502|X05,C_100 100->75 (-25.0%); C_101 1->0 (-100.0%); C_110 521->409 (-21.5%); C_502 132->123 (-6.8%); X05 554->518 (-6.5%),False
C_120,"Ear, Nose and Throat",NT312,2024-09,2024-10,3.0,7.0,1.3333333333333333,False,C_100,C_100 48->41 (-14.6%),False
C_120,"Ear, Nose and Throat",NT312,2025-01,2025-02,1.0,0.0,-1.0,False,C_100|X05,C_100 40->52 (+30.0%); X05 660->744 (+12.7%),False
C_120,"Ear, Nose and Throat",NT314,2024-01,2024-02,1.0,0.0,-1.0,False,C_100,C_100 568->573 (+0.9%),False
C_120,"Ear, Nose and Throat",NT316,2026-02,2026-03,67.0,125.0,0.8656716417910447,False,C_100,C_100 177->119 (-32.8%),False
C_120,"Ear, Nose and Throat",NT317,2024-01,2024-02,1.0,2.0,1.0,False,C_100|C_110|C_150,C_100 20->14 (-30.0%); C_110 362->330 (-8.8%); C_150 11->9 (-18.2%),False
C_120,"Ear, Nose and Throat",NT317,2024-02,2024-03,2.0,0.0,-1.0,False,C_100|C_110,C_100 14->16 (+14.3%); C_110 330->424 (+28.5%),False
C_120,"Ear, Nose and Throat",NT317,2024-03,2024-04,0.0,6.0,inf,False,,,False
C_120,"Ear, Nose and Throat",NT317,2024-04,2024-05,6.0,2.0,-0.6666666666666666,False,C_100|X05,C_100 19->20 (+5.3%); X05 0->1 (+inf%),False
C_120,"Ear, Nose and Throat",NT317,2024-06,2024-07,3.0,0.0,-1.0,False,,,False
C_120,"Ear, Nose and Throat",NT317,2025-10,2025-11,0.0,2.0,inf,False,X05,X05 1->0 (-100.0%),False
C_120,"Ear, Nose and Throat",NT317,2025-11,2025-12,2.0,0.0,-1.0,False,X05,X05 0->1 (+inf%),False
C_120,"Ear, Nose and Throat",NT317,2026-02,2026-03,0.0,1.0,inf,False,X05,X05 1->0 (-100.0%),False
C_120,"Ear, Nose and Throat",NT327,2024-01,2024-02,67.0,30.0,-0.5522388059701493,False,,,False
C_120,"Ear, Nose and Throat",NT327,2024-08,2024-09,3.0,0.0,-1.0,False,C_100|C_110|C_320|X05,C_100 59->72 (+22.0%); C_110 555->556 (+0.2%); C_320 0->2 (+inf%); X05 5->7 (+40.0%),False
C_120,"Ear, Nose and Throat",NT337,2026-04,2026-05,280.0,449.0,0.6035714285714285,False,C_100|C_110|C_160,C_100 778->617 (-20.7%); C_110 836->819 (-2.0%); C_160 5->4 (-20.0%),False
C_120,"Ear, Nose and Throat",NT339,2024-11,2024-12,73.0,136.0,0.863013698630137,False,C_150|X05,C_150 10->5 (-50.0%); X05 178->120 (-32.6%),False
C_120,"Ear, Nose and Throat",NT339,2025-12,2026-01,39.0,13.0,-0.6666666666666666,False,C_110|C_150|X05,C_110 899->916 (+1.9%); C_150 31->32 (+3.2%); X05 294->397 (+35.0%),False
C_120,"Ear, Nose and Throat",NT339,2026-01,2026-02,13.0,4.0,-0.6923076923076923,False,C_101|C_150|X05,C_101 56->70 (+25.0%); C_150 32->34 (+6.2%); X05 397->565 (+42.3%),False
C_120,"Ear, Nose and Throat",NT339,2026-02,2026-03,4.0,1.0,-0.75,False,C_101|C_110|X05,C_101 70->71 (+1.4%); C_110 892->894 (+0.2%); X05 565->728 (+28.8%),False
C_120,"Ear, Nose and Throat",NT339,2026-03,2026-04,1.0,0.0,-1.0,False,X05,X05 728->828 (+13.7%),False
C_120,"Ear, Nose and Throat",NT345,2024-10,2024-11,11.0,3.0,-0.7272727272727273,False,C_101|X05,C_101 5->9 (+80.0%); X05 22->25 (+13.6%),False
C_120,"Ear, Nose and Throat",NT345,2025-01,2025-02,1.0,5.0,4.0,False,,,False
C_120,"Ear, Nose and Throat",NT345,2025-02,2025-03,5.0,15.0,2.0,False,,,False
C_120,"Ear, Nose and Throat",NT345,2025-04,2025-05,12.0,22.0,0.8333333333333334,False,C_100|X05,C_100 113->99 (-12.4%); X05 29->24 (-17.2%),False
C_120,"Ear, Nose and Throat",NT345,2025-08,2025-09,11.0,18.0,0.6363636363636364,False,C_101,C_101 15->10 (-33.3%),False
C_120,"Ear, Nose and Throat",NT347,2024-11,2024-12,140.0,214.0,0.5285714285714286,False,C_110|C_150|C_301|C_320|C_400|X05,C_110 1841->1525 (-17.2%); C_150 152->134 (-11.8%); C_301 12->8 (-33.3%); C_320 3->1 (-66.7%); C_400 15->1 (-93.3%); X05 156->76 (-51.3%),False
C_120,"Ear, Nose and Throat",NT351,2026-04,2026-05,62.0,117.0,0.8870967741935484,False,C_100,C_100 698->409 (-41.4%),False
C_120,"Ear, Nose and Throat",NT3X3,2024-03,2024-04,23.0,35.0,0.5217391304347826,False,C_100|C_101|C_150|C_502|X05,C_100 305->250 (-18.0%); C_101 6->5 (-16.7%); C_150 17->12 (-29.4%); C_502 71->52 (-26.8%); X05 52->40 (-23.1%),False
C_120,"Ear, Nose and Throat",NT3X3,2024-10,2024-11,42.0,15.0,-0.6428571428571429,False,C_100|C_110|C_150|C_320|C_502|X05,C_100 384->491 (+27.9%); C_110 379->439 (+15.8%); C_150 27->31 (+14.8%); C_320 7->11 (+57.1%); C_502 155->192 (+23.9%); X05 168->243 (+44.6%),False
C_120,"Ear, Nose and Throat",NT3X3,2024-11,2024-12,15.0,28.0,0.8666666666666667,False,C_100|C_150|C_301|C_502,C_100 491->476 (-3.1%); C_150 31->30 (-3.2%); C_301 9->8 (-11.1%); C_502 192->190 (-1.0%),False
C_120,"Ear, Nose and Throat",NT3X3,2025-05,2025-06,20.0,34.0,0.7,False,C_100|C_101|C_301|C_502,C_100 421->413 (-1.9%); C_101 5->4 (-20.0%); C_301 12->6 (-50.0%); C_502 52->44 (-15.4%),False
C_120,"Ear, Nose and Throat",NT3X3,2025-12,2026-01,27.0,8.0,-0.7037037037037037,False,C_100|C_320|X05,C_100 510->600 (+17.6%); C_320 7->13 (+85.7%); X05 23->101 (+339.1%),False
C_120,"Ear, Nose and Throat",NT3X3,2026-02,2026-03,10.0,17.0,0.7,False,C_100|C_320,C_100 615->317 (-48.5%); C_320 14->4 (-71.4%),False
C_120,"Ear, Nose and Throat",NT402,2025-01,2025-02,0.0,1.0,inf,False,C_100|C_301,C_100 54->43 (-20.4%); C_301 11->9 (-18.2%),False
C_120,"Ear, Nose and Throat",NT402,2025-03,2025-04,1.0,0.0,-1.0,False,C_100,C_100 35->37 (+5.7%),False
C_120,"Ear, Nose and Throat",NT402,2025-09,2025-10,0.0,1.0,inf,False,C_100|C_110|C_320,C_100 56->32 (-42.9%); C_110 485->478 (-1.4%); C_320 1->0 (-100.0%),False
C_120,"Ear, Nose and Throat",NT402,2025-10,2025-11,1.0,0.0,-1.0,False,C_100|C_110|C_130|X06,C_100 32->37 (+15.6%); C_110 478->538 (+12.6%); C_130 268->275 (+2.6%); X06 12->13 (+8.3%),False
C_120,"Ear, Nose and Throat",NT405,2024-09,2024-10,0.0,1.0,inf,False,C_100|C_301,C_100 65->54 (-16.9%); C_301 15->14 (-6.7%),False
C_120,"Ear, Nose and Throat",NT405,2025-02,2025-03,1.0,0.0,-1.0,False,C_130|C_502|X06,C_130 36->39 (+8.3%); C_502 68->79 (+16.2%); X06 2->4 (+100.0%),False
C_120,"Ear, Nose and Throat",NT406,2024-06,2024-07,1.0,2.0,1.0,False,C_150|C_502,C_150 16->13 (-18.8%); C_502 9->6 (-33.3%),False
C_120,"Ear, Nose and Throat",NT406,2024-09,2024-10,1.0,0.0,-1.0,False,C_100|C_130|C_502,C_100 114->122 (+7.0%); C_130 61->71 (+16.4%); C_502 5->6 (+20.0%),False
C_120,"Ear, Nose and Throat",NT406,2025-07,2025-08,0.0,1.0,inf,False,C_100|C_101|C_110,C_100 167->153 (-8.4%); C_101 325->314 (-3.4%); C_110 559->545 (-2.5%),False
C_120,"Ear, Nose and Throat",NT406,2026-01,2026-02,1.0,0.0,-1.0,False,C_150|C_301,C_150 3->6 (+100.0%); C_301 206->234 (+13.6%),False
C_120,"Ear, Nose and Throat",NT409,2024-01,2024-02,10.0,18.0,0.8,False,C_100|C_101|C_110|C_502,C_100 112->98 (-12.5%); C_101 39->35 (-10.3%); C_110 264->259 (-1.9%); C_502 74->58 (-21.6%),False
C_120,"Ear, Nose and Throat",NT409,2025-05,2025-06,7.0,11.0,0.5714285714285714,False,,,False
C_120,"Ear, Nose and Throat",NT409,2026-04,2026-05,3.0,0.0,-1.0,False,C_100|C_150|C_502,C_100 111->121 (+9.0%); C_150 3->4 (+33.3%); C_502 0->1 (+inf%),False
C_120,"Ear, Nose and Throat",NT410,2024-09,2024-10,0.0,1.0,inf,False,C_100|C_101|X06,C_100 34->29 (-14.7%); C_101 54->51 (-5.6%); X06 7->5 (-28.6%),False
C_120,"Ear, Nose and Throat",NT410,2025-04,2025-05,1.0,0.0,-1.0,False,C_110,C_110 392->405 (+3.3%),False
C_120,"Ear, Nose and Throat",NT417,2024-05,2024-06,1.0,0.0,-1.0,False,C_100|C_101|C_110|C_130|C_502,C_100 137->176 (+28.5%); C_101 144->146 (+1.4%); C_110 616->663 (+7.6%); C_130 71->74 (+4.2%); C_502 107->116 (+8.4%),False
C_120,"Ear, Nose and Throat",NT417,2024-09,2024-10,0.0,1.0,inf,False,C_101|C_301|C_502,C_101 170->134 (-21.2%); C_301 65->50 (-23.1%); C_502 176->174 (-1.1%),False
C_120,"Ear, Nose and Throat",NT417,2024-10,2024-11,1.0,0.0,-1.0,False,C_100|C_130,C_100 159->160 (+0.6%); C_130 71->85 (+19.7%),False
C_120,"Ear, Nose and Throat",NT421,2025-03,2025-04,26.0,4.0,-0.8461538461538461,False,C_100|C_301|C_502|X06,C_100 108->121 (+12.0%); C_301 17->21 (+23.5%); C_502 8->16 (+100.0%); X06 6->8 (+33.3%),False
C_120,"Ear, Nose and Throat",NT421,2025-06,2025-07,2.0,0.0,-1.0,False,C_100|C_110,C_100 116->119 (+2.6%); C_110 540->551 (+2.0%),False
C_120,"Ear, Nose and Throat",NT421,2025-08,2025-09,0.0,1.0,inf,False,C_301|X06,C_301 17->14 (-17.6%); X06 10->7 (-30.0%),False
C_120,"Ear, Nose and Throat",NT421,2025-10,2025-11,1.0,0.0,-1.0,False,C_100|C_101|C_110|C_301|C_502,C_100 137->158 (+15.3%); C_101 257->293 (+14.0%); C_110 570->606 (+6.3%); C_301 19->27 (+42.1%); C_502 40->50 (+25.0%),False
C_120,"Ear, Nose and Throat",NT423,2024-02,2024-03,0.0,1.0,inf,False,C_101|C_502|X06,C_101 83->0 (-100.0%); C_502 275->0 (-100.0%); X06 18->0 (-100.0%),False
C_120,"Ear, Nose and Throat",NT423,2024-03,2024-04,1.0,0.0,-1.0,False,C_101|C_502|X06,C_101 0->60 (+inf%); C_502 0->335 (+inf%); X06 0->11 (+inf%),False
C_120,"Ear, Nose and Throat",NT424,2024-01,2024-02,3.0,1.0,-0.6666666666666666,False,C_100|C_110|C_150|C_400|X06,C_100 198->212 (+7.1%); C_110 759->778 (+2.5%); C_150 202->214 (+5.9%); C_400 2->8 (+300.0%); X06 0->1 (+inf%),False
C_120,"Ear, Nose and Throat",NT424,2024-03,2024-04,1.0,0.0,-1.0,False,C_100|C_110|C_150|C_301|C_400|X06,C_100 223->272 (+22.0%); C_110 767->807 (+5.2%); C_150 235->294 (+25.1%); C_301 121->162 (+33.9%); C_400 2->8 (+300.0%); X06 0->2 (+inf%),False
C_120,"Ear, Nose and Throat",NT427,2024-06,2024-07,0.0,1.0,inf,False,C_100|C_101|C_150|C_301|C_502|X06,C_100 135->123 (-8.9%); C_101 61->60 (-1.6%); C_150 5->3 (-40.0%); C_301 46->40 (-13.0%); C_502 148->133 (-10.1%); X06 18->12 (-33.3%),False
C_120,"Ear, Nose and Throat",NT427,2024-09,2024-10,1.0,0.0,-1.0,False,C_100|C_101|C_130|C_502,C_100 145->151 (+4.1%); C_101 72->85 (+18.1%); C_130 0->1 (+inf%); C_502 142->146 (+2.8%),False
C_120,"Ear, Nose and Throat",NT429,2025-04,2025-05,0.0,1.0,inf,False,C_110,C_110 867->786 (-9.3%),False
C_120,"Ear, Nose and Throat",NT429,2025-05,2025-06,1.0,0.0,-1.0,False,C_100,C_100 0->1 (+inf%),False
C_120,"Ear, Nose and Throat",NT430,2024-04,2024-05,64.0,6.0,-0.90625,False,,,False
C_120,"Ear, Nose and Throat",NT430,2024-07,2024-08,3.0,1.0,-0.6666666666666666,False,,,False
C_120,"Ear, Nose and Throat",NT430,2024-08,2024-09,1.0,2.0,1.0,False,C_100|C_110|C_301|C_502,C_100 42->23 (-45.2%); C_110 33->26 (-21.2%); C_301 10->3 (-70.0%); C_502 15->12 (-20.0%),False
C_120,"Ear, Nose and Throat",NT430,2024-09,2024-10,2.0,0.0,-1.0,False,C_130|C_301|X06,C_130 300->306 (+2.0%); C_301 3->8 (+166.7%); X06 0->1 (+inf%),False
C_120,"Ear, Nose and Throat",NT430,2024-10,2024-11,0.0,3.0,inf,False,C_110|C_130|C_502|X06,C_110 12->2 (-83.3%); C_130 306->296 (-3.3%); C_502 11->4 (-63.6%); X06 1->0 (-100.0%),False
C_120,"Ear, Nose and Throat",NT430,2025-01,2025-02,3.0,0.0,-1.0,False,C_100|C_110|C_301,C_100 55->62 (+12.7%); C_110 9->14 (+55.6%); C_301 59->73 (+23.7%),False
C_120,"Ear, Nose and Throat",NT430,2025-02,2025-03,0.0,1.0,inf,False,C_100|C_130|C_301|C_502,C_100 62->56 (-9.7%); C_130 252->231 (-8.3%); C_301 73->58 (-20.5%); C_502 1->0 (-100.0%),False
C_120,"Ear, Nose and Throat",NT430,2025-03,2025-04,1.0,3.0,2.0,False,C_130|C_301,C_130 231->208 (-10.0%); C_301 58->35 (-39.7%),False
C_120,"Ear, Nose and Throat",NT430,2025-04,2025-05,3.0,0.0,-1.0,False,C_100|C_110|C_130,C_100 75->86 (+14.7%); C_110 20->23 (+15.0%); C_130 208->213 (+2.4%),False
C_120,"Ear, Nose and Throat",NT430,2025-07,2025-08,0.0,1.0,inf,False,C_100|C_301,C_100 98->96 (-2.0%); C_301 4->2 (-50.0%),False
C_120,"Ear, Nose and Throat",NT430,2025-08,2025-09,1.0,0.0,-1.0,False,C_130|C_301,C_130 206->228 (+10.7%); C_301 2->12 (+500.0%),False
C_120,"Ear, Nose and Throat",NT430,2025-11,2025-12,0.0,1.0,inf,False,C_100|X06,C_100 51->48 (-5.9%); X06 1->0 (-100.0%),False
C_120,"Ear, Nose and Throat",NT430,2025-12,2026-01,1.0,0.0,-1.0,False,C_130,C_130 239->253 (+5.9%),False
C_120,"Ear, Nose and Throat",NT431,2024-12,2025-01,0.0,1.0,inf,False,C_100|C_110|C_301,C_100 35->33 (-5.7%); C_110 66->43 (-34.8%); C_301 22->17 (-22.7%),False
C_120,"Ear, Nose and Throat",NT431,2025-01,2025-02,1.0,0.0,-1.0,False,C_100|C_301,C_100 33->34 (+3.0%); C_301 17->25 (+47.1%),False
C_120,"Ear, Nose and Throat",NT436,2024-11,2024-12,1.0,0.0,-1.0,False,C_100|C_110|C_130|C_301|X06,C_100 73->90 (+23.3%); C_110 356->377 (+5.9%); C_130 74->79 (+6.8%); C_301 196->235 (+19.9%); X06 57->66 (+15.8%),False
C_120,"Ear, Nose and Throat",NT436,2026-01,2026-02,0.0,1.0,inf,False,C_100|C_101|C_502|X06,C_100 49->39 (-20.4%); C_101 139->129 (-7.2%); C_502 43->35 (-18.6%); X06 118->112 (-5.1%),False
C_120,"Ear, Nose and Throat",NT436,2026-02,2026-03,1.0,0.0,-1.0,False,C_100|C_110|C_301|X06,C_100 39->65 (+66.7%); C_110 374->397 (+6.1%); C_301 144->177 (+22.9%); X06 112->134 (+19.6%),False
C_120,"Ear, Nose and Throat",NT437,2024-12,2025-01,0.0,4.0,inf,False,C_100|C_101|C_301|C_502|X06,C_100 99->76 (-23.2%); C_101 118->113 (-4.2%); C_301 33->27 (-18.2%); C_502 14->12 (-14.3%); X06 208->206 (-1.0%),False
C_120,"Ear, Nose and Throat",NT437,2025-04,2025-05,4.0,1.0,-0.75,False,C_101|C_150|C_301,C_101 97->100 (+3.1%); C_150 0->1 (+inf%); C_301 31->32 (+3.2%),False
C_120,"Ear, Nose and Throat",NT437,2025-05,2025-06,1.0,0.0,-1.0,False,C_100|C_110|C_150|C_502|X06,C_100 78->102 (+30.8%); C_110 366->390 (+6.6%); C_150 1->3 (+200.0%); C_502 0->9 (+inf%); X06 217->232 (+6.9%),False
C_120,"Ear, Nose and Throat",NT440,2024-09,2024-10,0.0,4.0,inf,False,C_400,C_400 4->3 (-25.0%),False
C_120,"Ear, Nose and Throat",NT440,2024-10,2024-11,4.0,0.0,-1.0,False,C_100|C_110|C_140|C_301|C_400,C_100 63->71 (+12.7%); C_110 281->299 (+6.4%); C_140 0->1 (+inf%); C_301 8->10 (+25.0%); C_400 3->4 (+33.3%),False
C_120,"Ear, Nose and Throat",NT446,2025-01,2025-02,0.0,1.0,inf,False,C_110|C_301,C_110 474->438 (-7.6%); C_301 8->5 (-37.5%),False
C_120,"Ear, Nose and Throat",NT446,2025-07,2025-08,1.0,0.0,-1.0,False,C_100|C_110|C_130|C_301|X06,C_100 69->70 (+1.4%); C_110 485->497 (+2.5%); C_130 30->31 (+3.3%); C_301 9->13 (+44.4%); X06 1->3 (+200.0%),False
C_120,"Ear, Nose and Throat",NT447,2024-01,2024-02,1.0,0.0,-1.0,False,C_100|C_110|C_150,C_100 134->139 (+3.7%); C_110 186->212 (+14.0%); C_150 5->14 (+180.0%),False
C_120,"Ear, Nose and Throat",NT449,2025-02,2025-03,0.0,1.0,inf,False,C_100|C_301|C_502,C_100 96->74 (-22.9%); C_301 12->7 (-41.7%); C_502 1->0 (-100.0%),False
C_120,"Ear, Nose and Throat",NT449,2025-08,2025-09,1.0,2.0,1.0,False,C_100|C_110|C_301|X06,C_100 61->46 (-24.6%); C_110 333->297 (-10.8%); C_301 5->3 (-40.0%); X06 6->4 (-33.3%),False
C_120,"Ear, Nose and Throat",NT449,2025-11,2025-12,1.0,0.0,-1.0,False,,,False
C_120,"Ear, Nose and Throat",NT451,2024-01,2024-02,122.0,197.0,0.6147540983606558,False,,,False
C_120,"Ear, Nose and Throat",NT451,2025-02,2025-03,59.0,24.0,-0.5932203389830508,False,C_101|C_110|C_301|X06,C_101 154->158 (+2.6%); C_110 226->235 (+4.0%); C_301 338->368 (+8.9%); X06 29->96 (+231.0%),False
C_120,"Ear, Nose and Throat",NT451,2025-03,2025-04,24.0,2.0,-0.9166666666666666,False,C_100|C_110|X06,C_100 256->263 (+2.7%); C_110 235->281 (+19.6%); X06 96->124 (+29.2%),False
C_120,"Ear, Nose and Throat",NT451,2025-04,2025-05,2.0,0.0,-1.0,False,C_100|C_101|C_110|C_320|X06,C_100 263->277 (+5.3%); C_101 158->162 (+2.5%); C_110 281->327 (+16.4%); C_320 0->1 (+inf%); X06 124->140 (+12.9%),False
C_120,"Ear, Nose and Throat",NT451,2025-05,2025-06,0.0,1.0,inf,False,C_100|C_101|C_301|C_502|X06,C_100 277->273 (-1.4%); C_101 162->151 (-6.8%); C_301 349->344 (-1.4%); C_502 172->171 (-0.6%); X06 140->83 (-40.7%),False
C_120,"Ear, Nose and Throat",NT451,2025-06,2025-07,1.0,2.0,1.0,False,C_100|C_101|C_110|C_301|X06,C_100 273->270 (-1.1%); C_101 151->138 (-8.6%); C_110 328->318 (-3.0%); C_301 344->318 (-7.6%); X06 83->67 (-19.3%),False
C_120,"Ear, Nose and Throat",NT451,2025-08,2025-09,2.0,0.0,-1.0,False,C_100|C_110|C_301|X06,C_100 274->303 (+10.6%); C_110 340->350 (+2.9%); C_301 313->317 (+1.3%); X06 87->124 (+42.5%),False
C_120,"Ear, Nose and Throat",NT490,2024-03,2024-04,0.0,1.0,inf,False,C_160,C_160 107->0 (-100.0%),False
C_120,"Ear, Nose and Throat",NT490,2024-08,2024-09,1.0,0.0,-1.0,False,C_330,C_330 10->17 (+70.0%),False
C_120,"Ear, Nose and Throat",NTE02,2024-01,2024-02,1.0,0.0,-1.0,False,C_110,C_110 872->886 (+1.6%),False
C_120,"Ear, Nose and Throat",NTP11,2025-12,2026-01,677.0,1082.0,0.5982274741506647,True,C_100|C_101|C_301,C_100 570->558 (-2.1%); C_101 560->541 (-3.4%); C_301 288->269 (-6.6%),False
C_120,"Ear, Nose and Throat",NTP11,2026-02,2026-03,1202.0,1814.0,0.5091514143094842,True,C_101|C_130|C_502,C_101 446->445 (-0.2%); C_130 187->146 (-21.9%); C_502 793->762 (-3.9%),False
C_120,"Ear, Nose and Throat",NTP15,2024-07,2024-08,94.0,143.0,0.5212765957446809,False,C_101|C_301|C_502,C_101 407->385 (-5.4%); C_301 265->192 (-27.5%); C_502 898->845 (-5.9%),False
C_120,"Ear, Nose and Throat",NTP15,2025-08,2025-09,135.0,229.0,0.6962962962962963,False,C_101,C_101 234->228 (-2.6%),False
C_120,"Ear, Nose and Throat",NTPAD,2024-03,2024-04,51.0,165.0,2.235294117647059,False,C_101|C_110|C_320,C_101 101->99 (-2.0%); C_110 327->297 (-9.2%); C_320 227->208 (-8.4%),False
C_120,"Ear, Nose and Throat",NTPAD,2024-09,2024-10,116.0,42.0,-0.6379310344827587,False,C_100|C_101|C_110|C_301,C_100 306->328 (+7.2%); C_101 121->140 (+15.7%); C_110 333->377 (+13.2%); C_301 400->407 (+1.8%),False
C_120,"Ear, Nose and Throat",NTPAD,2024-10,2024-11,42.0,90.0,1.1428571428571428,False,C_100|C_130|C_320,C_100 328->310 (-5.5%); C_130 754->566 (-24.9%); C_320 51->24 (-52.9%),False
C_120,"Ear, Nose and Throat",NTPH2,2025-02,2025-03,358.0,135.0,-0.6229050279329609,False,C_100|C_101|C_110|C_140|C_502,C_100 419->432 (+3.1%); C_101 151->192 (+27.2%); C_110 702->714 (+1.7%); C_140 1836->2134 (+16.2%); C_502 393->432 (+9.9%),False
C_120,"Ear, Nose and Throat",NTPH2,2025-03,2025-04,135.0,372.0,1.7555555555555555,False,C_101|C_110|C_301,C_101 192->179 (-6.8%); C_110 714->678 (-5.0%); C_301 542->484 (-10.7%),False
C_120,"Ear, Nose and Throat",NTPH3,2024-10,2024-11,39.0,66.0,0.6923076923076923,False,,,False
C_120,"Ear, Nose and Throat",NV1,2025-04,2025-05,534.0,2681.0,4.020599250936329,True,,,False
C_120,"Ear, Nose and Throat",NVC05,2024-01,2024-02,5.0,11.0,1.2,False,C_100|C_110|C_301|C_410|C_502,C_100 508->378 (-25.6%); C_110 1522->1375 (-9.7%); C_301 11->2 (-81.8%); C_410 1->0 (-100.0%); C_502 254->246 (-3.1%),False
C_120,"Ear, Nose and Throat",NVC05,2024-02,2024-03,11.0,18.0,0.6363636363636364,False,,,False
C_120,"Ear, Nose and Throat",NVC05,2024-05,2024-06,7.0,13.0,0.8571428571428571,False,X02,X02 413->386 (-6.5%),False
C_120,"Ear, Nose and Throat",NVC05,2025-05,2025-06,7.0,11.0,0.5714285714285714,False,C_160|C_301,C_160 4->3 (-25.0%); C_301 1->0 (-100.0%),False
C_120,"Ear, Nose and Throat",NVC05,2025-12,2026-01,14.0,23.0,0.6428571428571429,False,C_502|X02,C_502 241->240 (-0.4%); X02 103->98 (-4.9%),False
C_120,"Ear, Nose and Throat",NVC07,2025-03,2025-04,0.0,1.0,inf,False,C_100|C_101|C_130|C_160|C_400|C_502|X02|X05|X06,C_100 603->556 (-7.8%); C_101 798->759 (-4.9%); C_130 205->185 (-9.8%); C_160 2->1 (-50.0%); C_400 31->25 (-19.4%); C_502 744->718 (-3.5%); X02 949->904 (-4.7%); X05 22->15 (-31.8%); X06 4->0 (-100.0%),False
C_120,"Ear, Nose and Throat",NVC07,2025-04,2025-05,1.0,0.0,-1.0,False,C_160,C_160 1->2 (+100.0%),False
C_120,"Ear, Nose and Throat",NVC08,2024-05,2024-06,0.0,1.0,inf,False,C_100|C_101|C_130|C_502,C_100 239->206 (-13.8%); C_101 195->188 (-3.6%); C_130 234->226 (-3.4%); C_502 369->330 (-10.6%),False
C_120,"Ear, Nose and Throat",NVC08,2024-08,2024-09,1.0,0.0,-1.0,False,C_101|C_130|C_301,C_101 226->253 (+11.9%); C_130 218->220 (+0.9%); C_301 0->1 (+inf%),False
C_120,"Ear, Nose and Throat",NVC09,2024-01,2024-02,2.0,0.0,-1.0,False,C_101|C_130|C_301|C_400,C_101 153->167 (+9.2%); C_130 147->149 (+1.4%); C_301 109->135 (+23.9%); C_400 4->5 (+25.0%),False
C_120,"Ear, Nose and Throat",NVC12,2024-04,2024-05,140.0,68.0,-0.5142857142857142,False,C_320,C_320 12->23 (+91.7%),False
C_120,"Ear, Nose and Throat",NVC12,2025-04,2025-05,2.0,0.0,-1.0,False,C_130|C_301,C_130 1->2 (+100.0%); C_301 27->29 (+7.4%),False
C_120,"Ear, Nose and Throat",NVC12,2025-05,2025-06,0.0,1.0,inf,False,C_301|C_502,C_301 29->27 (-6.9%); C_502 3->1 (-66.7%),False
C_120,"Ear, Nose and Throat",NVC12,2025-08,2025-09,1.0,0.0,-1.0,False,C_100|C_301,C_100 1037->1068 (+3.0%); C_301 29->57 (+96.6%),False
C_120,"Ear, Nose and Throat",NVC14,2024-01,2024-02,3.0,0.0,-1.0,False,C_110,C_110 1093->1104 (+1.0%),False
C_120,"Ear, Nose and Throat",NVC14,2025-12,2026-01,0.0,1.0,inf,False,C_110,C_110 736->729 (-1.0%),False
C_120,"Ear, Nose and Throat",NVC14,2026-03,2026-04,1.0,0.0,-1.0,False,,,False
C_120,"Ear, Nose and Throat",NVC15,2024-01,2024-02,1.0,0.0,-1.0,False,C_101|X02,C_101 9->18 (+100.0%); X02 77->82 (+6.5%),False
C_120,"Ear, Nose and Throat",NVC15,2025-02,2025-03,0.0,1.0,inf,False,C_100|C_101|C_130|X02,C_100 288->276 (-4.2%); C_101 19->17 (-10.5%); C_130 129->105 (-18.6%); X02 187->160 (-14.4%),False
C_120,"Ear, Nose and Throat",NVC15,2025-04,2025-05,1.0,0.0,-1.0,False,C_101|C_410,C_101 20->23 (+15.0%); C_410 0->1 (+inf%),False
C_120,"Ear, Nose and Throat",NVC15,2026-04,2026-05,0.0,1.0,inf,False,C_100|C_130|X02|X06,C_100 369->362 (-1.9%); C_130 134->126 (-6.0%); X02 151->149 (-1.3%); X06 116->115 (-0.9%),False
C_120,"Ear, Nose and Throat",NVC16,2024-09,2024-10,23.0,48.0,1.0869565217391304,False,C_100|C_101|C_160|C_410,C_100 511->435 (-14.9%); C_101 218->210 (-3.7%); C_160 5->3 (-40.0%); C_410 1->0 (-100.0%),False
C_120,"Ear, Nose and Throat",NVC16,2024-10,2024-11,48.0,84.0,0.75,False,C_100|C_101|C_110|C_160|X02|X06,C_100 435->376 (-13.6%); C_101 210->172 (-18.1%); C_110 2379->2377 (-0.1%); C_160 3->0 (-100.0%); X02 954->923 (-3.2%); X06 7->6 (-14.3%),False
C_120,"Ear, Nose and Throat",NVC1H,2025-01,2025-02,1.0,0.0,-1.0,False,C_101|C_502|X02,C_101 240->243 (+1.2%); C_502 281->301 (+7.1%); X02 113->120 (+6.2%),False
C_120,"Ear, Nose and Throat",NVC23,2024-05,2024-06,6.0,30.0,4.0,False,C_110|C_130|C_301|C_502|X02,C_110 3544->3517 (-0.8%); C_130 11->7 (-36.4%); C_301 2->1 (-50.0%); C_502 793->741 (-6.6%); X02 4->3 (-25.0%),False
C_120,"Ear, Nose and Throat",NVC23,2024-08,2024-09,40.0,14.0,-0.65,False,C_101|C_300|C_301|C_330|X02,C_101 455->476 (+4.6%); C_300 0->1 (+inf%); C_301 4->27 (+575.0%); C_330 0->5 (+inf%); X02 5->16 (+220.0%),False
C_120,"Ear, Nose and Throat",NVC23,2025-03,2025-04,2.0,6.0,2.0,False,C_110|C_130|C_160|C_301|C_330,C_110 3435->3351 (-2.4%); C_130 16->7 (-56.2%); C_160 7->4 (-42.9%); C_301 102->93 (-8.8%); C_330 36->32 (-11.1%),False
C_120,"Ear, Nose and Throat",NVC23,2025-07,2025-08,5.0,0.0,-1.0,False,C_101|C_110|C_301|C_502,C_101 389->405 (+4.1%); C_110 3219->3268 (+1.5%); C_301 107->109 (+1.9%); C_502 710->712 (+0.3%),False
C_120,"Ear, Nose and Throat",NVC23,2025-12,2026-01,0.0,1.0,inf,False,C_100|C_502,C_100 341->337 (-1.2%); C_502 724->668 (-7.7%),False
C_120,"Ear, Nose and Throat",NVC23,2026-01,2026-02,1.0,0.0,-1.0,False,C_100|C_101|C_110|C_301,C_100 337->374 (+11.0%); C_101 471->490 (+4.0%); C_110 3458->3546 (+2.5%); C_301 148->156 (+5.4%),False
C_120,"Ear, Nose and Throat",NVC28,2025-11,2025-12,0.0,1.0,inf,False,C_110|C_160|C_400|X05|X06,C_110 1785->1770 (-0.8%); C_160 1->0 (-100.0%); C_400 1->0 (-100.0%); X05 2->0 (-100.0%); X06 3->0 (-100.0%),False
C_120,"Ear, Nose and Throat",NVC28,2025-12,2026-01,1.0,0.0,-1.0,False,,,False
C_120,"Ear, Nose and Throat",NVG01,2025-03,2025-04,123.0,0.0,-1.0,False,,,False
C_120,"Ear, Nose and Throat",R0F4N,2025-11,2025-12,79.0,0.0,-1.0,False,C_101|C_160,C_101 310->336 (+8.4%); C_160 163->164 (+0.6%),False
C_120,"Ear, Nose and Throat",R0F4N,2026-01,2026-02,0.0,80.0,inf,False,C_101|C_160,C_101 260->255 (-1.9%); C_160 96->67 (-30.2%),False
C_120,"Ear, Nose and Throat",RA9,2026-03,2026-04,3044.0,0.0,-1.0,True,,,False
C_120,"Ear, Nose and Throat",RAS,2025-02,2025-03,1521.0,2377.0,0.5627876397107167,True,C_110|C_130|C_300|C_320|C_400|C_410|C_502|X04|X06,C_110 3994->3943 (-1.3%); C_130 1914->1890 (-1.3%); C_300 74->67 (-9.5%); C_320 1301->1272 (-2.2%); C_400 1370->1241 (-9.4%); C_410 1086->1030 (-5.2%); C_502 1745->1667 (-4.5%); X04 1020->960 (-5.9%); X06 779->749 (-3.9%),False
C_120,"Ear, Nose and Throat",RBV,2024-03,2024-04,1.0,0.0,-1.0,False,,,False
C_120,"Ear, Nose and Throat",RF4,2025-10,2025-11,5386.0,0.0,-1.0,True,,,False
C_120,"Ear, Nose and Throat",RF4,2025-11,2025-12,0.0,5837.0,inf,True,,,False
C_120,"Ear, Nose and Throat",RHQ,2025-06,2025-07,3347.0,0.0,-1.0,True,,,False
C_120,"Ear, Nose and Throat",RKE,2025-04,2025-05,855.0,1968.0,1.3017543859649123,True,C_101|C_110|C_130|C_140|C_301|C_320|C_410|X02|X04,C_101 2591->2366 (-8.7%); C_110 1915->1863 (-2.7%); C_130 1148->1089 (-5.1%); C_140 327->312 (-4.6%); C_301 1704->1670 (-2.0%); C_320 1257->1165 (-7.3%); C_410 346->279 (-19.4%); X02 2510->2377 (-5.3%); X04 2->0 (-100.0%),False
C_120,"Ear, Nose and Throat",RP4,2024-08,2024-09,0.0,1.0,inf,False,X02|X03|X04,X02 1668->1590 (-4.7%); X03 153->144 (-5.9%); X04 6411->6294 (-1.8%),False
C_120,"Ear, Nose and Throat",RP4,2024-09,2024-10,1.0,0.0,-1.0,False,,,False
C_120,"Ear, Nose and Throat",RQ3,2025-09,2025-10,0.0,1.0,inf,False,C_130|C_502|X03|X04|X05,C_130 9->5 (-44.4%); C_502 7002->6727 (-3.9%); X03 7->6 (-14.3%); X04 11777->10799 (-8.3%); X05 110->77 (-30.0%),True
C_120,"Ear, Nose and Throat",RQ3,2026-02,2026-03,1.0,4.0,3.0,False,X03|X04|X05,X03 4->1 (-75.0%); X04 9433->9192 (-2.6%); X05 60->49 (-18.3%),False
C_120,"Ear, Nose and Throat",RQW,2024-12,2025-01,3410.0,6900.0,1.0234604105571847,True,C_100|C_101|C_300|C_330,C_100 6196->6149 (-0.8%); C_101 3545->3541 (-0.1%); C_300 616->10 (-98.4%); C_330 1898->1783 (-6.1%),True
C_120,"Ear, Nose and Throat",RR7,2025-04,2025-05,0.0,1.0,inf,False,C_100|C_101|C_110|C_301|C_320|C_410|C_430|X03|X05,C_100 2192->2166 (-1.2%); C_101 1047->1045 (-0.2%); C_110 1535->1518 (-1.1%); C_301 1315->1197 (-9.0%); C_320 1175->1135 (-3.4%); C_410 564->539 (-4.4%); C_430 395->380 (-3.8%); X03 101->93 (-7.9%); X05 15->12 (-20.0%),False
C_120,"Ear, Nose and Throat",RR7,2025-06,2025-07,1.0,0.0,-1.0,False,C_100|C_101|C_300|C_301|C_320|C_340|X03|X05,C_100 2137->2383 (+11.5%); C_101 1025->1060 (+3.4%); C_300 56->66 (+17.9%); C_301 1387->1421 (+2.5%); C_320 1128->1139 (+1.0%); C_340 639->675 (+5.6%); X03 87->111 (+27.6%); X05 4->11 (+175.0%),False
C_120,"Ear, Nose and Throat",RTK,2025-05,2025-06,2873.0,4408.0,0.5342847198050817,True,C_101|C_130|C_160|C_301|C_320|C_502|X02|X03|X06,C_101 2108->1973 (-6.4%); C_130 6264->5909 (-5.7%); C_160 20->19 (-5.0%); C_301 3535->2013 (-43.1%); C_320 1858->1789 (-3.7%); C_502 3143->2968 (-5.6%); X02 2365->2197 (-7.1%); X03 1->0 (-100.0%); X06 8091->795 (-90.2%),True
C_120,"Ear, Nose and Throat",RW1,2024-09,2024-10,82.0,161.0,0.9634146341463414,False,C_320|C_410|C_430|X02|X05,C_320 267->230 (-13.9%); C_410 108->101 (-6.5%); C_430 35->25 (-28.6%); X02 285->236 (-17.2%); X05 87->81 (-6.9%),False
C_120,"Ear, Nose and Throat",RW1,2025-07,2025-08,42.0,70.0,0.6666666666666666,False,C_300|C_301|C_320|X04,C_300 249->248 (-0.4%); C_301 160->151 (-5.6%); C_320 300->253 (-15.7%); X04 19->12 (-36.8%),False
C_120,"Ear, Nose and Throat",RW1,2025-09,2025-10,48.0,79.0,0.6458333333333334,False,C_300|C_301|C_320|C_340|C_410|X02,C_300 241->221 (-8.3%); C_301 185->149 (-19.5%); C_320 283->215 (-24.0%); C_340 36->27 (-25.0%); C_410 65->61 (-6.2%); X02 143->133 (-7.0%),False
C_120,"Ear, Nose and Throat",S3H9L,2024-08,2024-09,0.0,216.0,inf,False,,,False
C_120,"Ear, Nose and Throat",Y9S1N,2025-03,2025-04,0.0,167.0,inf,False,,,False
C_110,Trauma and Orthopaedics,AAH,2024-09,2024-10,31.0,57.0,0.8387096774193549,False,C_100,C_100 41->29 (-29.3%),False
C_110,Trauma and Orthopaedics,AAH,2025-07,2025-08,22.0,35.0,0.5909090909090909,False,C_100|C_101|C_140|C_320|C_340|X06,C_100 58->43 (-25.9%); C_101 49->31 (-36.7%); C_140 33->27 (-18.2%); C_320 1->0 (-100.0%); C_340 1->0 (-100.0%); X06 14->6 (-57.1%),False
C_110,Trauma and Orthopaedics,AJX,2024-11,2024-12,8139.0,0.0,-1.0,True,,,False
C_110,Trauma and Orthopaedics,AVQ01,2025-10,2025-11,0.0,812.0,inf,True,,,False
C_110,Trauma and Orthopaedics,AVQ03,2025-09,2025-10,0.0,913.0,inf,True,,,False
C_110,Trauma and Orthopaedics,AVQ03,2025-10,2025-11,913.0,367.0,-0.5980284775465499,True,,,False
C_110,Trauma and Orthopaedics,AVQ03,2026-02,2026-03,405.0,161.0,-0.6024691358024692,False,C_100,C_100 41->50 (+22.0%),False
C_110,Trauma and Orthopaedics,AVQ03,2026-03,2026-04,161.0,546.0,2.391304347826087,True,,,False
C_110,Trauma and Orthopaedics,AWR,2025-08,2025-09,0.0,5.0,inf,False,,,False
C_110,Trauma and Orthopaedics,AWR,2025-09,2025-10,5.0,78.0,14.6,False,,,False
C_110,Trauma and Orthopaedics,AWR,2025-10,2025-11,78.0,164.0,1.1025641025641026,False,C_301,C_301 16->15 (-6.2%),False
C_110,Trauma and Orthopaedics,AXG,2024-02,2024-03,2220.0,0.0,-1.0,True,,,False
C_110,Trauma and Orthopaedics,DJH01,2026-03,2026-04,0.0,1.0,inf,False,C_100,C_100 35->31 (-11.4%),False
C_110,Trauma and Orthopaedics,DJH01,2026-04,2026-05,1.0,2.0,1.0,False,C_100,C_100 31->29 (-6.5%),False
C_110,Trauma and Orthopaedics,DX1,2024-07,2024-08,58.0,92.0,0.5862068965517241,False,,,False
C_110,Trauma and Orthopaedics,DX1,2024-10,2024-11,97.0,158.0,0.6288659793814433,False,C_100,C_100 311->310 (-0.3%),False
C_110,Trauma and Orthopaedics,DXN,2026-03,2026-04,0.0,762.0,inf,True,C_410,C_410 21->19 (-9.5%),False
C_110,Trauma and Orthopaedics,M2Y6D,2025-01,2025-02,0.0,55.0,inf,False,,,False
C_110,Trauma and Orthopaedics,M2Y6D,2025-02,2025-03,55.0,120.0,1.1818181818181819,False,,,False
C_110,Trauma and Orthopaedics,M2Y6D,2025-03,2025-04,120.0,191.0,0.5916666666666667,False,,,False
C_110,Trauma and Orthopaedics,NDJ,2024-01,2024-02,446.0,764.0,0.7130044843049327,True,,,False
C_110,Trauma and Orthopaedics,NDJ,2024-02,2024-03,764.0,0.0,-1.0,True,C_101,C_101 0->719 (+inf%),True
C_110,Trauma and Orthopaedics,NDJ,2024-03,2024-04,0.0,783.0,inf,True,C_101,C_101 719->0 (-100.0%),True
C_110,Trauma and Orthopaedics,NDJ,2026-01,2026-02,697.0,0.0,-1.0,True,C_101,C_101 0->729 (+inf%),True
C_110,Trauma and Orthopaedics,NDJ,2026-02,2026-03,0.0,860.0,inf,True,C_101,C_101 729->0 (-100.0%),True
C_110,Trauma and Orthopaedics,NEY,2024-03,2024-04,167.0,331.0,0.9820359281437125,False,C_100|C_140|C_301|C_400|C_502|X05,C_100 478->415 (-13.2%); C_140 7->6 (-14.3%); C_301 1->0 (-100.0%); C_400 296->255 (-13.9%); C_502 928->894 (-3.7%); X05 168->165 (-1.8%),False
C_110,Trauma and Orthopaedics,NEY,2024-08,2024-09,280.0,122.0,-0.5642857142857143,False,C_101|C_400|X05,C_101 18->19 (+5.6%); C_400 270->272 (+0.7%); X05 135->154 (+14.1%),False
C_110,Trauma and Orthopaedics,NEY,2024-09,2024-10,122.0,197.0,0.6147540983606558,False,C_101|C_120|C_130|C_502|X06,C_101 19->11 (-42.1%); C_120 358->262 (-26.8%); C_130 204->48 (-76.5%); C_502 750->714 (-4.8%); X06 88->74 (-15.9%),False
C_110,Trauma and Orthopaedics,NEY,2024-10,2024-11,197.0,409.0,1.0761421319796953,False,C_400|X02|X04|X06,C_400 317->304 (-4.1%); X02 129->126 (-2.3%); X04 5->3 (-40.0%); X06 74->73 (-1.4%),False
C_110,Trauma and Orthopaedics,NEY,2025-02,2025-03,191.0,68.0,-0.643979057591623,False,C_100|C_120|C_150|C_502|X02|X06,C_100 424->523 (+23.3%); C_120 259->305 (+17.8%); C_150 82->87 (+6.1%); C_502 869->1053 (+21.2%); X02 69->156 (+126.1%); X06 54->71 (+31.5%),False
C_110,Trauma and Orthopaedics,NEY,2025-04,2025-05,100.0,154.0,0.54,False,C_100|C_101|C_120|C_130|C_150|C_400|C_502|X02|X05|X06,C_100 525->498 (-5.1%); C_101 9->1 (-88.9%); C_120 233->152 (-34.8%); C_130 95->24 (-74.7%); C_150 80->79 (-1.2%); C_400 419->314 (-25.1%); C_502 986->715 (-27.5%); X02 141->55 (-61.0%); X05 294->260 (-11.6%); X06 65->50 (-23.1%),False
C_110,Trauma and Orthopaedics,NEY,2025-07,2025-08,153.0,17.0,-0.8888888888888888,False,C_100|X06,C_100 304->306 (+0.7%); X06 31->53 (+71.0%),False
C_110,Trauma and Orthopaedics,NEY,2025-10,2025-11,18.0,1.0,-0.9444444444444444,False,C_150,C_150 74->93 (+25.7%),False
C_110,Trauma and Orthopaedics,NEY,2025-11,2025-12,1.0,3.0,2.0,False,C_100|C_400|C_502|X05,C_100 239->167 (-30.1%); C_400 53->47 (-11.3%); C_502 298->286 (-4.0%); X05 94->62 (-34.0%),False
C_110,Trauma and Orthopaedics,NEY,2026-01,2026-02,3.0,1.0,-0.6666666666666666,False,C_100|X05,C_100 94->138 (+46.8%); X05 23->60 (+160.9%),False
C_110,Trauma and Orthopaedics,NFH,2024-08,2024-09,56.0,92.0,0.6428571428571429,False,C_130,C_130 294->275 (-6.5%),False
C_110,Trauma and Orthopaedics,NHW,2025-09,2025-10,0.0,118.0,inf,False,,,False
C_110,Trauma and Orthopaedics,NL8,2025-02,2025-03,1031.0,504.0,-0.5111542192046556,True,C_330,C_330 945->1135 (+20.1%),False
C_110,Trauma and Orthopaedics,NL8,2025-03,2025-04,504.0,10.0,-0.9801587301587301,True,,,False
C_110,Trauma and Orthopaedics,NL8,2025-06,2025-07,4.0,0.0,-1.0,False,C_330|X05,C_330 763->1003 (+31.5%); X05 65->88 (+35.4%),False
C_110,Trauma and Orthopaedics,NLF06,2024-01,2024-02,2159.0,0.0,-1.0,True,,,False
C_110,Trauma and Orthopaedics,NQH,2024-03,2024-04,98.0,0.0,-1.0,False,,,False
C_110,Trauma and Orthopaedics,NQH,2024-04,2024-05,0.0,171.0,inf,False,,,False
C_110,Trauma and Orthopaedics,NQH,2024-05,2024-06,171.0,0.0,-1.0,False,C_330,C_330 922->967 (+4.9%),False
C_110,Trauma and Orthopaedics,NQM01,2026-02,2026-03,153.0,237.0,0.5490196078431373,False,,,False
C_110,Trauma and Orthopaedics,NQT5K,2025-01,2025-02,948.0,0.0,-1.0,True,,,False
C_110,Trauma and Orthopaedics,NQT5K,2025-05,2025-06,0.0,76.0,inf,False,,,False
C_110,Trauma and Orthopaedics,NQX,2025-03,2025-04,0.0,54.0,inf,False,,,False
C_110,Trauma and Orthopaedics,NQX,2025-04,2025-05,54.0,98.0,0.8148148148148148,False,,,False
C_110,Trauma and Orthopaedics,NQX,2026-01,2026-02,94.0,144.0,0.5319148936170213,False,,,False
C_110,Trauma and Orthopaedics,NQX01,2024-03,2024-04,76.0,0.0,-1.0,False,,,False
C_110,Trauma and Orthopaedics,NQX01,2024-04,2024-05,0.0,128.0,inf,False,,,False
C_110,Trauma and Orthopaedics,NQX01,2025-03,2025-04,64.0,0.0,-1.0,False,,,False
C_110,Trauma and Orthopaedics,NT204,2025-10,2025-11,501.0,0.0,-1.0,True,,,False
C_110,Trauma and Orthopaedics,NT204,2026-03,2026-04,0.0,613.0,inf,True,,,False
C_110,Trauma and Orthopaedics,NT205,2024-04,2024-05,12.0,42.0,2.5,False,C_160,C_160 105->104 (-1.0%),False
C_110,Trauma and Orthopaedics,NT205,2024-07,2024-08,51.0,112.0,1.196078431372549,False,C_101|C_160,C_101 106->99 (-6.6%); C_160 73->68 (-6.8%),False
C_110,Trauma and Orthopaedics,NT211,2025-05,2025-06,15.0,29.0,0.9333333333333333,False,X02,X02 7->6 (-14.3%),False
C_110,Trauma and Orthopaedics,NT211,2025-07,2025-08,42.0,82.0,0.9523809523809523,False,,,False
C_110,Trauma and Orthopaedics,NT211,2026-03,2026-04,29.0,45.0,0.5517241379310345,False,,,False
C_110,Trauma and Orthopaedics,NT214,2024-05,2024-06,503.0,0.0,-1.0,True,,,False
C_110,Trauma and Orthopaedics,NT214,2024-06,2024-07,0.0,236.0,inf,False,,,False
C_110,Trauma and Orthopaedics,NT214,2024-07,2024-08,236.0,459.0,0.9449152542372882,False,C_502,C_502 1->0 (-100.0%),False
C_110,Trauma and Orthopaedics,NT216,2024-06,2024-07,0.0,37.0,inf,False,,,False
C_110,Trauma and Orthopaedics,NT216,2024-09,2024-10,54.0,83.0,0.5370370370370371,False,,,False
C_110,Trauma and Orthopaedics,NT216,2025-04,2025-05,130.0,0.0,-1.0,False,,,False
C_110,Trauma and Orthopaedics,NT216,2025-06,2025-07,0.0,105.0,inf,False,,,False
C_110,Trauma and Orthopaedics,NT216,2025-12,2026-01,28.0,110.0,2.9285714285714284,False,,,False
C_110,Trauma and Orthopaedics,NT216,2026-01,2026-02,110.0,23.0,-0.7909090909090909,False,,,False
C_110,Trauma and Orthopaedics,NT216,2026-02,2026-03,23.0,45.0,0.9565217391304348,False,,,False
C_110,Trauma and Orthopaedics,NT218,2024-07,2024-08,0.0,154.0,inf,False,C_100,C_100 47->0 (-100.0%),False
C_110,Trauma and Orthopaedics,NT218,2024-08,2024-09,154.0,0.0,-1.0,False,C_100,C_100 0->50 (+inf%),False
C_110,Trauma and Orthopaedics,NT218,2024-09,2024-10,0.0,14.0,inf,False,C_100,C_100 50->37 (-26.0%),False
C_110,Trauma and Orthopaedics,NT218,2024-10,2024-11,14.0,271.0,18.357142857142858,False,C_100,C_100 37->35 (-5.4%),False
C_110,Trauma and Orthopaedics,NT225,2025-11,2025-12,981.0,0.0,-1.0,True,,,False
C_110,Trauma and Orthopaedics,NT244,2025-03,2025-04,0.0,47.0,inf,False,,,False
C_110,Trauma and Orthopaedics,NT304,2024-04,2024-05,981.0,335.0,-0.6585117227319062,True,C_100,C_100 0->626 (+inf%),True
C_110,Trauma and Orthopaedics,NT304,2024-06,2024-07,362.0,624.0,0.7237569060773481,True,C_100|X05,C_100 500->0 (-100.0%); X05 21->0 (-100.0%),True
C_110,Trauma and Orthopaedics,NT308,2024-11,2024-12,357.0,609.0,0.7058823529411765,True,,,False
C_110,Trauma and Orthopaedics,NT310,2024-09,2024-10,177.0,0.0,-1.0,False,,,False
C_110,Trauma and Orthopaedics,NT316,2025-12,2026-01,231.0,355.0,0.5367965367965368,False,,,False
C_110,Trauma and Orthopaedics,NT322,2024-05,2024-06,855.0,351.0,-0.5894736842105263,True,C_100|C_101|X05,C_100 7->160 (+2185.7%); C_101 0->49 (+inf%); X05 0->67 (+inf%),False
C_110,Trauma and Orthopaedics,NT322,2024-06,2024-07,351.0,840.0,1.393162393162393,True,C_100|C_101|X05,C_100 160->1 (-99.4%); C_101 49->0 (-100.0%); X05 67->0 (-100.0%),False
C_110,Trauma and Orthopaedics,NT343,2026-04,2026-05,259.0,399.0,0.5405405405405406,False,C_100|C_160,C_100 81->52 (-35.8%); C_160 106->0 (-100.0%),False
C_110,Trauma and Orthopaedics,NT364,2024-11,2024-12,607.0,1343.0,1.2125205930807248,True,C_150,C_150 10->2 (-80.0%),False
C_110,Trauma and Orthopaedics,NT364,2025-03,2025-04,1122.0,353.0,-0.6853832442067737,True,C_140|C_160,C_140 0->1 (+inf%); C_160 0->37 (+inf%),False
C_110,Trauma and Orthopaedics,NT364,2025-04,2025-05,353.0,1047.0,1.9660056657223797,True,C_140|C_160,C_140 1->0 (-100.0%); C_160 37->0 (-100.0%),False
C_110,Trauma and Orthopaedics,NT3X3,2024-09,2024-10,175.0,379.0,1.1657142857142857,False,C_100|C_120|C_502,C_100 537->384 (-28.5%); C_120 43->42 (-2.3%); C_502 159->155 (-2.5%),False
C_110,Trauma and Orthopaedics,NT3X3,2025-02,2025-03,399.0,136.0,-0.6591478696741855,False,C_100|C_120|C_301|C_400|X05,C_100 317->497 (+56.8%); C_120 25->35 (+40.0%); C_301 15->20 (+33.3%); C_400 0->1 (+inf%); X05 234->253 (+8.1%),False
C_110,Trauma and Orthopaedics,NT3X3,2025-06,2025-07,110.0,178.0,0.6181818181818182,False,C_100|C_101|C_150|C_301|C_320|C_400|C_502|X05,C_100 413->153 (-63.0%); C_101 4->1 (-75.0%); C_150 20->14 (-30.0%); C_301 6->3 (-50.0%); C_320 15->6 (-60.0%); C_400 2->1 (-50.0%); C_502 44->30 (-31.8%); X05 337->115 (-65.9%),False
C_110,Trauma and Orthopaedics,NT3X3,2025-07,2025-08,178.0,71.0,-0.601123595505618,False,C_100|C_320|C_502|X05,C_100 153->313 (+104.6%); C_320 6->9 (+50.0%); C_502 30->41 (+36.7%); X05 115->157 (+36.5%),False
C_110,Trauma and Orthopaedics,NT3X3,2026-02,2026-03,96.0,279.0,1.90625,False,C_100|C_320,C_100 615->317 (-48.5%); C_320 14->4 (-71.4%),False
C_110,Trauma and Orthopaedics,NT3X3,2026-03,2026-04,279.0,92.0,-0.6702508960573477,False,C_100|C_150|X05,C_100 317->468 (+47.6%); C_150 28->35 (+25.0%); X05 372->376 (+1.1%),False
C_110,Trauma and Orthopaedics,NT423,2024-02,2024-03,231.0,767.0,2.3203463203463204,True,C_101|C_502|X06,C_101 83->0 (-100.0%); C_502 275->0 (-100.0%); X06 18->0 (-100.0%),False
C_110,Trauma and Orthopaedics,NT423,2024-03,2024-04,767.0,268.0,-0.6505867014341591,True,C_101|C_502|X06,C_101 0->60 (+inf%); C_502 0->335 (+inf%); X06 0->11 (+inf%),False
C_110,Trauma and Orthopaedics,NT430,2024-09,2024-10,26.0,12.0,-0.5384615384615384,False,C_130|C_301|X06,C_130 300->306 (+2.0%); C_301 3->8 (+166.7%); X06 0->1 (+inf%),False
C_110,Trauma and Orthopaedics,NT430,2024-10,2024-11,12.0,2.0,-0.8333333333333334,False,C_100|C_120|C_301,C_100 10->21 (+110.0%); C_120 0->3 (+inf%); C_301 8->35 (+337.5%),False
C_110,Trauma and Orthopaedics,NT430,2024-11,2024-12,2.0,6.0,2.0,False,C_120|C_502,C_120 3->2 (-33.3%); C_502 4->3 (-25.0%),False
C_110,Trauma and Orthopaedics,NT430,2025-01,2025-02,9.0,14.0,0.5555555555555556,False,C_120|C_130,C_120 3->0 (-100.0%); C_130 262->252 (-3.8%),False
C_110,Trauma and Orthopaedics,NT435,2024-04,2024-05,76.0,118.0,0.5526315789473685,False,,,False
C_110,Trauma and Orthopaedics,NT435,2024-11,2024-12,130.0,493.0,2.792307692307692,False,C_101|C_502|X06,C_101 16->0 (-100.0%); C_502 27->0 (-100.0%); X06 16->1 (-93.8%),False
C_110,Trauma and Orthopaedics,NT435,2024-12,2025-01,493.0,108.0,-0.7809330628803245,False,C_101|C_502|X06,C_101 0->12 (+inf%); C_502 0->20 (+inf%); X06 1->23 (+2200.0%),False
C_110,Trauma and Orthopaedics,NT448,2025-06,2025-07,169.0,321.0,0.8994082840236687,False,C_502,C_502 148->132 (-10.8%),False
C_110,Trauma and Orthopaedics,NT490,2024-03,2024-04,39.0,65.0,0.6666666666666666,False,C_160,C_160 107->0 (-100.0%),False
C_110,Trauma and Orthopaedics,NT490,2024-04,2024-05,65.0,100.0,0.5384615384615384,False,X06,X06 149->139 (-6.7%),False
C_110,Trauma and Orthopaedics,NT490,2026-03,2026-04,39.0,18.0,-0.5384615384615384,False,C_100|C_130|X06,C_100 66->71 (+7.6%); C_130 921->1144 (+24.2%); X06 12->19 (+58.3%),False
C_110,Trauma and Orthopaedics,NTX,2024-07,2024-08,2607.0,1105.0,-0.5761411584196394,True,C_150,C_150 0->1538 (+inf%),True
C_110,Trauma and Orthopaedics,NVC0Y,2024-11,2024-12,19.0,39.0,1.0526315789473684,False,C_330,C_330 25->20 (-20.0%),False
C_110,Trauma and Orthopaedics,NVC44,2025-04,2025-05,162.0,245.0,0.5123456790123457,False,C_130|C_140,C_130 15->10 (-33.3%); C_140 2900->2892 (-0.3%),False
C_110,Trauma and Orthopaedics,NVG01,2025-03,2025-04,1052.0,0.0,-1.0,True,,,False
C_110,Trauma and Orthopaedics,NWX,2024-11,2024-12,10545.0,0.0,-1.0,True,,,False
C_110,Trauma and Orthopaedics,NXM01,2024-11,2024-12,397.0,1249.0,2.146095717884131,True,,,False
C_110,Trauma and Orthopaedics,NYR,2024-01,2024-02,0.0,76.0,inf,False,,,False
C_110,Trauma and Orthopaedics,NYR,2024-02,2024-03,76.0,118.0,0.5526315789473685,False,C_410,C_410 39->30 (-23.1%),False
C_110,Trauma and Orthopaedics,NYR,2024-09,2024-10,269.0,466.0,0.7323420074349443,False,,,False
C_110,Trauma and Orthopaedics,NYR,2025-06,2025-07,246.0,466.0,0.8943089430894309,False,C_101|C_330|C_410|C_502,C_101 285->213 (-25.3%); C_330 848->738 (-13.0%); C_410 64->60 (-6.2%); C_502 724->462 (-36.2%),False
C_110,Trauma and Orthopaedics,R0F4N,2025-11,2025-12,297.0,1.0,-0.9966329966329966,False,C_101|C_160,C_101 310->336 (+8.4%); C_160 163->164 (+0.6%),False
C_110,Trauma and Orthopaedics,R0F4N,2026-01,2026-02,1.0,359.0,358.0,False,C_101|C_160,C_101 260->255 (-1.9%); C_160 96->67 (-30.2%),False
C_110,Trauma and Orthopaedics,RA9,2026-03,2026-04,3029.0,0.0,-1.0,True,,,False
C_110,Trauma and Orthopaedics,RAP,2024-12,2025-01,2559.0,0.0,-1.0,True,,,False
C_110,Trauma and Orthopaedics,RDR,2024-11,2024-12,4899.0,10230.0,1.088181261481935,True,X05,X05 194->126 (-35.1%),False
C_110,Trauma and Orthopaedics,RF4,2025-10,2025-11,5424.0,0.0,-1.0,True,,,False
C_110,Trauma and Orthopaedics,RF4,2025-11,2025-12,0.0,6704.0,inf,True,,,False
C_110,Trauma and Orthopaedics,RHQ,2025-06,2025-07,10047.0,0.0,-1.0,True,,,False
C_110,Trauma and Orthopaedics,RJ8,2024-04,2024-05,0.0,137.0,inf,False,X02,X02 905->818 (-9.6%),False
C_110,Trauma and Orthopaedics,RJ8,2025-06,2025-07,99.0,40.0,-0.5959595959595959,False,X02,X02 350->389 (+11.1%),False
C_110,Trauma and Orthopaedics,RJ8,2025-07,2025-08,40.0,93.0,1.325,False,X02,X02 389->341 (-12.3%),False
C_110,Trauma and Orthopaedics,RJ8,2025-09,2025-10,113.0,230.0,1.0353982300884956,False,,,False
C_110,Trauma and Orthopaedics,RKL,2024-05,2024-06,1984.0,0.0,-1.0,True,,,False
C_110,Trauma and Orthopaedics,RQ3,2026-02,2026-03,0.0,1.0,inf,False,X03|X04|X05,X03 4->1 (-75.0%); X04 9433->9192 (-2.6%); X05 60->49 (-18.3%),False
C_110,Trauma and Orthopaedics,RTP,2024-12,2025-01,2089.0,3170.0,0.517472474868358,True,C_130|C_140|C_300|C_320|C_330|C_502|X04|X06,C_130 3633->3546 (-2.4%); C_140 1620->1575 (-2.8%); C_300 70->68 (-2.9%); C_320 5639->5420 (-3.9%); C_330 3302->3092 (-6.4%); C_502 3803->3732 (-1.9%); X04 2071->2053 (-0.9%); X06 466->429 (-7.9%),False
C_110,Trauma and Orthopaedics,RW5,2024-10,2024-11,1247.0,1983.0,0.5902165196471532,True,,,False
C_110,Trauma and Orthopaedics,RXC,2024-11,2024-12,2287.0,3570.0,0.5609969392216878,True,C_120|C_130|C_140|C_301|C_400|C_430|C_502|X04|X05,C_120 9237->9214 (-0.2%); C_130 4303->4282 (-0.5%); C_140 2054->2019 (-1.7%); C_301 3529->3441 (-2.5%); C_400 2356->2158 (-8.4%); C_430 164->158 (-3.7%); C_502 5525->5487 (-0.7%); X04 324->317 (-2.2%); X05 4639->4584 (-1.2%),False
C_110,Trauma and Orthopaedics,RXC,2025-02,2025-03,3429.0,9387.0,1.73753280839895,True,C_100|C_120|C_140|C_301|X04,C_100 5566->5280 (-5.1%); C_120 8195->7849 (-4.2%); C_140 1972->1930 (-2.1%); C_301 2644->2461 (-6.9%); X04 334->332 (-0.6%),False
C_110,Trauma and Orthopaedics,RY3,2024-02,2024-03,891.0,0.0,-1.0,True,,,False
C_110,Trauma and Orthopaedics,RYR,2024-11,2024-12,4958.0,7993.0,0.6121419927390077,True,C_120|C_170|C_300|C_330|C_430|X04|X05|X06,C_120 9081->8618 (-5.1%); C_170 154->152 (-1.3%); C_300 15->7 (-53.3%); C_330 9110->9000 (-1.2%); C_430 206->200 (-2.9%); X04 8328->8173 (-1.9%); X05 16352->15995 (-2.2%); X06 1289->1258 (-2.4%),False
C_110,Trauma and Orthopaedics,S3H9L,2024-08,2024-09,0.0,88.0,inf,False,,,False
C_110,Trauma and Orthopaedics,S3H9L,2024-10,2024-11,68.0,137.0,1.0147058823529411,False,C_301|X05,C_301 96->89 (-7.3%); X05 21->19 (-9.5%),False
C_110,Trauma and Orthopaedics,Y9S1N,2025-03,2025-04,0.0,1068.0,inf,True,,,False
