previous_period,period,provider,provider_name,before,after,difference,same_provider
2024-01,2024-02,A0C5S,SPAMEDICA GLOUCESTER,66,81,15,True
2024-01,2024-02,A4M8P,BUCKSHAW HOSPITAL,3778,3785,7,True
2024-01,2024-02,A4Q9X,NEWMEDICA LEICESTER,163,184,21,True
2024-01,2024-02,AAH,TETBURY HOSPITAL TRUST LTD,316,343,27,True
2024-01,2024-02,AAV,COMMUNITY HEALTH AND EYECARE LIMITED,2703,2842,139,True
2024-01,2024-02,ACG07,NEWMEDICA COMMUNITY OPHTHALMOLOGY - LEICESTERSHIRE - LEICESTER (STONEYGATE EYE HOSPITAL),54,0,-54,False
2024-01,2024-02,ACG08,NEWMEDICA OPHTHALMOLOGY - NUNEATON - CAMP HILL - GP LED HEALTH CENTRE,6,9,3,True
2024-01,2024-02,ACG12,NEWMEDICA COMMUNITY OPHTHALMOLOGY - NORTH EAST LINCOLNSHIRE - GRIMSBY,336,314,-22,True
2024-01,2024-02,ACG13,NEWMEDICA - GLOUCESTER (ASPEN MEDICAL CENTRE),232,193,-39,True
2024-01,2024-02,ACG19,NEWMEDICA COMMUNITY OPHTHALMOLOGY - LEEDS,559,546,-13,True
2024-01,2024-02,ACG20,NEWMEDICA - BRISTOL - LITFIELD HOUSE,363,294,-69,True
2024-01,2024-02,ACG22,NEWMEDICA - BRIGG - RIVERSIDE SURGERY,180,227,47,True
2024-01,2024-02,ACG24,NEWMEDICA - TEESSIDE - NORTH ORMESBY,527,484,-43,True
2024-01,2024-02,ACG26,NEWMEDICA - NORTH DERBYSHIRE - MIDLAND COURT,465,496,31,True
2024-01,2024-02,ACG30,NEWMEDICA - WORKSOP - DUKERIES,71,72,1,True
2024-01,2024-02,ACG31,NEWMEDICA - WORCESTER,711,870,159,True
2024-01,2024-02,ACG36,NEWMEDICA - EXETER - GLEN HOUSE,190,241,51,True
2024-01,2024-02,ACG37,NEWMEDICA - IPSWICH,2031,2067,36,True
2024-01,2024-02,ACG38,NEWMEDICA - LANGFORD,289,237,-52,True
2024-01,2024-02,ACG39,NEWMEDICA - SWINDON,345,278,-67,True
2024-01,2024-02,ACG40,NEWMEDICA - WAKEFIELD,671,671,0,True
2024-01,2024-02,ACM,EYE CARE MEDICAL LTD,3,8,5,True
2024-01,2024-02,ADN,PRIMARY INTEGRATED COMMUNITY SERVICES LTD,2920,1990,-930,True
2024-01,2024-02,ADP02,KIMS HOSPITAL (NEWNHAM COURT),1488,1561,73,True
2024-01,2024-02,AHP,ST MICHAEL'S CLINIC LIMITED,1646,1664,18,True
2024-01,2024-02,AJ8,THE GRANGE MEDICAL CENTRE HQ,147,191,44,True
2024-01,2024-02,AJX,SUSSEX MSK PARTNERSHIP 2,7378,7485,107,True
2024-01,2024-02,AQK,VERNOVA HEALTHCARE COMMUNITY INTEREST COMPANY,109,93,-16,True
2024-01,2024-02,AXG,WILTSHIRE HEALTH & CARE,2119,2220,101,True
2024-01,2024-02,AY1,MEDEFER,495,1637,1142,True
2024-01,2024-02,B1A5K,NEWMEDICA - NOTTINGHAM,472,507,35,True
2024-01,2024-02,B3M1X,CLAREMONT PRIVATE HOSPITAL,1932,1812,-120,True
2024-01,2024-02,B4N1U,SPAMEDICA ROMFORD,311,330,19,True
2024-01,2024-02,B5M7B,NEWMEDICA - NORWICH,514,528,14,True
2024-01,2024-02,B9J4U,SPAMEDICA PETERBOROUGH,126,107,-19,True
2024-01,2024-02,B9M3W,SPAMEDICA SOUTHAMPTON,302,315,13,True
2024-01,2024-02,C3Y0A,SPAMEDICA BLACKPOOL,48,45,-3,True
2024-01,2024-02,D3O0Z,PLYMOUTH NEWMEDICA LTD,186,177,-9,True
2024-01,2024-02,D5P5H,SPAMEDICA BEXHILL,166,220,54,True
2024-01,2024-02,DFQ,NORWICH & NORFOLK SURGICAL LTD (N2S),1049,1044,-5,True
2024-01,2024-02,DFY01,COTSWOLDS SURGICAL PARTNERS,223,221,-2,True
2024-01,2024-02,DLG,MAYFLOWER HEALTHCARE ALLIANCE,1096,0,-1096,False
2024-01,2024-02,DTT,PHOENIX PUBLIC HEALTH LTD,172,185,13,True
2024-01,2024-02,DX1,THE NEW FOSCOTE HOSPITAL LTD,245,249,4,True
2024-01,2024-02,DXV,OMNES HEALTHCARE LTD,7818,7990,172,True
2024-01,2024-02,E1U4T,SPAMEDICA CARLISLE,332,284,-48,True
2024-01,2024-02,E3D4A,SPAMEDICA TRURO,420,233,-187,True
2024-01,2024-02,F9Z4V,CIRCLE READING HOSPITAL,1490,1419,-71,True
2024-01,2024-02,G3O5P,SPAMEDICA NEWARK,244,195,-49,True
2024-01,2024-02,G3Q3Z,NUFFIELD HEALTH HIGHGATE HOSPITAL,697,694,-3,True
2024-01,2024-02,G3Z1Q,SULIS HOSPITAL BATH (FOXCOTE AVENUE),3726,3785,59,True
2024-01,2024-02,G5X2Q,SPAMEDICA NORTH TYNESIDE,42,41,-1,True
2024-01,2024-02,GEC01,RAPID INVESTIGATION SERVICE,115,108,-7,True
2024-01,2024-02,H4I8B,NUFFIELD HEALTH THE HOLLY HOSPITAL,3542,3541,-1,True
2024-01,2024-02,H4J9P,NEWMEDICA AZTEC WEST,679,515,-164,True
2024-01,2024-02,I2C7H,SPAMEDICA BRADFORD,105,94,-11,True
2024-01,2024-02,I9A4A,SPAMEDICA BRIGHTON,144,181,37,True
2024-01,2024-02,J2H6H,SPAMEDICA COLCHESTER,0,74,74,False
2024-01,2024-02,J3J8Z,NEWMEDICA - OXFORDSHIRE,450,437,-13,True
2024-01,2024-02,J7V1N,SPAMEDICA SOLIHULL,127,125,-2,True
2024-01,2024-02,K8I4X,GLENDON WOOD HOSPITAL,1437,1468,31,True
2024-01,2024-02,L0D9W,NEWMEDICA - GLOUCESTER (BRIGHOUSE COURT),828,782,-46,True
2024-01,2024-02,L4R3R,NEWMEDICA - HAMPSHIRE,211,254,43,True
2024-01,2024-02,L6O7H,SPAMEDICA POOLE,962,898,-64,True
2024-01,2024-02,L9D3Z,SPAMEDICA LEICESTER,84,116,32,True
2024-01,2024-02,M0N7E,SPAMEDICA SITTINGBOURNE,120,107,-13,True
2024-01,2024-02,M3R0W,SPAMEDICA NORWICH,112,156,44,True
2024-01,2024-02,M4C5R,NEWMEDICA - NORTHAMPTON,581,563,-18,True
2024-01,2024-02,M5E1S,SPAMEDICA EXETER,219,248,29,True
2024-01,2024-02,M7C9Q,SPAMEDICA EPSOM,160,170,10,True
2024-01,2024-02,N6Z0R,NEWMEDICA - LINCOLN,12,3,-9,True
2024-01,2024-02,NAM01,PROBUS SURGICAL CENTRE,813,917,104,True
2024-01,2024-02,NCN,DMC COMMUNITY OUTPATIENT SERVICES,1944,1896,-48,True
2024-01,2024-02,NCR,ISIGHT,953,906,-47,True
2024-01,2024-02,NDJ,FIRST COMMUNITY HEALTH AND CARE CIC,446,764,318,True
2024-01,2024-02,NDL01,SUFFOLK GP FEDERATION,71,77,6,True
2024-01,2024-02,NEQ,PHOENIX HEALTH SOLUTIONS LIMITED HQ,1372,1184,-188,True
2024-01,2024-02,NEY,PIONEER HEALTHCARE LIMITED,2808,2109,-699,True
2024-01,2024-02,NFH,SOMERSET SURGICAL SERVICES HQ,933,893,-40,True
2024-01,2024-02,NL3,CARE PLUS GROUP,163,167,4,True
2024-01,2024-02,NL8,LOCALA COMMUNITY PARTNERSHIPS CIC,2152,2139,-13,True
2024-01,2024-02,NLE01,LANCASTER HOUSE CONSULTING DIAGNOSTICS SURGICAL LTD HQ,709,578,-131,True
2024-01,2024-02,NLF06,OLDHAM INTEGRATED CARE CENTRE,2822,0,-2822,False
2024-01,2024-02,NLX,SIRONA CARE & HEALTH,3483,4111,628,True
2024-01,2024-02,NMG,CONNECT HEALTH LIMITED,18795,18812,17,True
2024-01,2024-02,NN4,TYNESIDE SURGICAL SERVICES LTD,895,881,-14,True
2024-01,2024-02,NN5,MANCHESTER SURGICAL SERVICES LTD,1725,1118,-607,True
2024-01,2024-02,NN8,SPENCER PRIVATE HOSPITALS LTD,3208,3221,13,True
2024-01,2024-02,NNE,DORKING HEALTHCARE LIMITED (DHC),5242,5218,-24,True
2024-01,2024-02,NNF,CITY HEALTH CARE PARTNERSHIP CIC,1910,0,-1910,False
2024-01,2024-02,NPG01,SPAMEDICA MANCHESTER,181,130,-51,True
2024-01,2024-02,NPG02,SPAMEDICA WIRRAL,94,83,-11,True
2024-01,2024-02,NPG06,SPAMEDICA LIVERPOOL,413,324,-89,True
2024-01,2024-02,NPG07,SPAMEDICA EYE HOSPITAL (WAKEFIELD),134,120,-14,True
2024-01,2024-02,NPG08,SPAMEDICA BOLTON,360,404,44,True
2024-01,2024-02,NPG10,SPAMEDICA SHEFFIELD,162,138,-24,True
2024-01,2024-02,NPG11,SPAMEDICA BIRMINGHAM,227,156,-71,True
2024-01,2024-02,NPG13,SPAMEDICA SKELMERSDALE,93,132,39,True
2024-01,2024-02,NPG14,SPAMEDICA WIDNES,125,101,-24,True
2024-01,2024-02,NPG15,SPAMEDICA NEWCASTLE-UNDER-LYME,94,109,15,True
2024-01,2024-02,NPG16,SPAMEDICA CHELMSFORD,1257,1094,-163,True
2024-01,2024-02,NPG17,SPAMEDICA PRESTON,168,167,-1,True
2024-01,2024-02,NPG18,SPAMEDICA HULL,121,110,-11,True
2024-01,2024-02,NPG19,SPAMEDICA BEDFORD,244,198,-46,True
2024-01,2024-02,NPG20,SPAMEDICA WOLVERHAMPTON,429,276,-153,True
2024-01,2024-02,NPG21,SPAMEDICA COVENTRY,166,176,10,True
2024-01,2024-02,NPG22,SPAMEDICA STOCKTON-ON-TEES,99,110,11,True
2024-01,2024-02,NPG23,SPAMEDICA DERBY,101,114,13,True
2024-01,2024-02,NQA,PROVIDE,2811,0,-2811,False
2024-01,2024-02,NQH,NOVUS HEALTH LTD,1092,1059,-33,True
2024-01,2024-02,NQM01,ORTHOPAEDICS & SPINE SPECIALIST HOSPITAL SITE,184,176,-8,True
2024-01,2024-02,NQT5K,ST MARTINS HOSPITAL,2217,879,-1338,True
2024-01,2024-02,NQTF7,VCL WILTSHIRE CHILDRENS SERVICES,1367,0,-1367,False
2024-01,2024-02,NQTH0,HCRG CARE EAST RIDING LLP,2115,2025,-90,True
2024-01,2024-02,NQV,BROMLEY HEALTHCARE,1359,0,-1359,False
2024-01,2024-02,NQX01,PROVIDE WELLBEING @ TOLLGATE CLINIC,83,91,8,True
2024-01,2024-02,NR3,NOTTINGHAM CITYCARE PARTNERSHIP,724,0,-724,False
2024-01,2024-02,NR5,LIVEWELL SOUTHWEST,60,85,25,True
2024-01,2024-02,NRP,BEACON MEDICAL SERVICES GROUP LIMITED,644,576,-68,True
2024-01,2024-02,NT202,"NUFFIELD HEALTH, BOURNEMOUTH HOSPITAL",489,389,-100,True
2024-01,2024-02,NT204,"NUFFIELD HEALTH, BRENTWOOD HOSPITAL",830,818,-12,True
2024-01,2024-02,NT205,"NUFFIELD HEALTH, BRIGHTON HOSPITAL",302,307,5,True
2024-01,2024-02,NT206,"NUFFIELD HEALTH, BRISTOL HOSPITAL (CHESTERFIELD)",620,566,-54,True
2024-01,2024-02,NT209,"NUFFIELD HEALTH, CAMBRIDGE HOSPITAL",519,529,10,True
2024-01,2024-02,NT210,"NUFFIELD HEALTH, THE GROSVENOR HOSPITAL, CHESTER",351,291,-60,True
2024-01,2024-02,NT211,"NUFFIELD HEALTH, CHELTENHAM HOSPITAL",80,93,13,True
2024-01,2024-02,NT212,"NUFFIELD HEALTH, CHICHESTER HOSPITAL",514,518,4,True
2024-01,2024-02,NT213,"NUFFIELD HEALTH, DERBY HOSPITAL",1174,1265,91,True
2024-01,2024-02,NT214,"NUFFIELD HEALTH, WESSEX HOSPITAL",545,543,-2,True
2024-01,2024-02,NT215,"NUFFIELD HEALTH, EXETER HOSPITAL",70,96,26,True
2024-01,2024-02,NT218,"NUFFIELD HEALTH, HAYWARDS HEATH HOSPITAL",86,89,3,True
2024-01,2024-02,NT219,"NUFFIELD HEALTH, HEREFORD HOSPITAL",256,242,-14,True
2024-01,2024-02,NT224,"NUFFIELD HEALTH, WARWICKSHIRE HOSPITAL",176,179,3,True
2024-01,2024-02,NT225,"NUFFIELD HEALTH, LEEDS HOSPITAL",1252,1309,57,True
2024-01,2024-02,NT226,"NUFFIELD HEALTH, LEICESTER HOSPITAL",252,235,-17,True
2024-01,2024-02,NT229,"NUFFIELD HEALTH, NEWCASTLE UPON TYNE HOSPITAL",270,326,56,True
2024-01,2024-02,NT230,"NUFFIELD HEALTH, NORTH STAFFORDSHIRE HOSPITAL",1695,1678,-17,True
2024-01,2024-02,NT233,"NUFFIELD HEALTH, PLYMOUTH HOSPITAL",1249,1220,-29,True
2024-01,2024-02,NT235,"NUFFIELD HEALTH, SHREWSBURY HOSPITAL",300,302,2,True
2024-01,2024-02,NT237,"NUFFIELD HEALTH, TEES HOSPITAL",1496,1490,-6,True
2024-01,2024-02,NT238,"NUFFIELD HEALTH, TAUNTON HOSPITAL",336,335,-1,True
2024-01,2024-02,NT239,"NUFFIELD HEALTH, TUNBRIDGE WELLS HOSPITAL",505,443,-62,True
2024-01,2024-02,NT241,"NUFFIELD HEALTH, WOKING HOSPITAL",296,399,103,True
2024-01,2024-02,NT242,"NUFFIELD HEALTH, WOLVERHAMPTON HOSPITAL",453,441,-12,True
2024-01,2024-02,NT245,"NUFFIELD HEALTH, YORK HOSPITAL",603,564,-39,True
2024-01,2024-02,NT301,SPIRE SOUTH BANK HOSPITAL,1370,1358,-12,True
2024-01,2024-02,NT302,SPIRE BRISTOL HOSPITAL,910,881,-29,True
2024-01,2024-02,NT304,SPIRE SOUTHAMPTON HOSPITAL,472,521,49,True
2024-01,2024-02,NT305,SPIRE PORTSMOUTH HOSPITAL,276,254,-22,True
2024-01,2024-02,NT308,SPIRE GATWICK PARK HOSPITAL,766,738,-28,True
2024-01,2024-02,NT30A,SPIRE NOTTINGHAM HOSPITAL,523,498,-25,True
2024-01,2024-02,NT310,SPIRE TUNBRIDGE WELLS HOSPITAL,384,336,-48,True
2024-01,2024-02,NT312,SPIRE ALEXANDRA HOSPITAL,1308,1145,-163,True
2024-01,2024-02,NT313,SPIRE WELLESLEY HOSPITAL,2169,2106,-63,True
2024-01,2024-02,NT314,SPIRE LONDON EAST,2364,2141,-223,True
2024-01,2024-02,NT315,SPIRE BUSHEY HOSPITAL,721,723,2,True
2024-01,2024-02,NT316,SPIRE HARPENDEN HOSPITAL,881,732,-149,True
2024-01,2024-02,NT317,SPIRE CAMBRIDGE LEA HOSPITAL,394,355,-39,True
2024-01,2024-02,NT318,SPIRE NORWICH HOSPITAL,153,166,13,True
2024-01,2024-02,NT319,SPIRE HARTSWOOD HOSPITAL,1660,1734,74,True
2024-01,2024-02,NT320,SPIRE PARKWAY HOSPITAL,1015,919,-96,True
2024-01,2024-02,NT321,SPIRE LITTLE ASTON HOSPITAL,1575,1546,-29,True
2024-01,2024-02,NT322,SPIRE LEICESTER HOSPITAL,648,741,93,True
2024-01,2024-02,NT324,SPIRE CHESHIRE HOSPITAL,1190,1163,-27,True
2024-01,2024-02,NT325,SPIRE MURRAYFIELD HOSPITAL,559,529,-30,True
2024-01,2024-02,NT327,SPIRE MANCHESTER HOSPITAL,862,635,-227,True
2024-01,2024-02,NT332,SPIRE LEEDS HOSPITAL,1065,1085,20,True
2024-01,2024-02,NT333,SPIRE WASHINGTON HOSPITAL,1446,1336,-110,True
2024-01,2024-02,NT337,SPIRE LIVERPOOL HOSPITAL,2915,2814,-101,True
2024-01,2024-02,NT339,SPIRE REGENCY HOSPITAL,1495,1476,-19,True
2024-01,2024-02,NT343,SPIRE THAMES VALLEY HOSPITAL,224,277,53,True
2024-01,2024-02,NT344,SPIRE DUNEDIN HOSPITAL,391,373,-18,True
2024-01,2024-02,NT345,SPIRE CLARE PARK HOSPITAL,479,384,-95,True
2024-01,2024-02,NT347,SPIRE FYLDE COAST HOSPITAL,2698,3186,488,True
2024-01,2024-02,NT348,SPIRE ELLAND HOSPITAL,880,942,62,True
2024-01,2024-02,NT350,SPIRE METHLEY PARK HOSPITAL,981,935,-46,True
2024-01,2024-02,NT351,SPIRE HULL AND EAST RIDING HOSPITAL,2803,3024,221,True
2024-01,2024-02,NT364,SPIRE MONTEFIORE HOSPITAL,776,689,-87,True
2024-01,2024-02,NT3X3,SPIRE ST ANTHONY'S HOSPITAL,548,596,48,True
2024-01,2024-02,NT401,ALEXANDRA HOSPITAL,660,580,-80,True
2024-01,2024-02,NT402,BATH CLINIC,580,534,-46,True
2024-01,2024-02,NT403,BEARDWOOD HOSPITAL,2226,2151,-75,True
2024-01,2024-02,NT404,BEAUMONT HOSPITAL,3642,3773,131,True
2024-01,2024-02,NT405,BISHOPS WOOD HOSPITAL,445,428,-17,True
2024-01,2024-02,NT406,BLACKHEATH HOSPITAL,1434,1318,-116,True
2024-01,2024-02,NT408,CHAUCER HOSPITAL,1072,982,-90,True
2024-01,2024-02,NT409,CHELSFIELD PARK HOSPITAL,631,621,-10,True
2024-01,2024-02,NT410,CHILTERN HOSPITAL,515,505,-10,True
2024-01,2024-02,NT411,CLEMENTINE CHURCHILL HOSPITAL,1759,1814,55,True
2024-01,2024-02,NT412,DROITWICH SPA HOSPITAL,1415,1290,-125,True
2024-01,2024-02,NT416,HENDON HOSPITAL,730,796,66,True
2024-01,2024-02,NT417,GORING HALL HOSPITAL,1031,1012,-19,True
2024-01,2024-02,NT418,HAMPSHIRE CLINIC,195,244,49,True
2024-01,2024-02,NT419,HARBOUR HOSPITAL,111,102,-9,True
2024-01,2024-02,NT420,HIGHFIELD HOSPITAL,1977,1831,-146,True
2024-01,2024-02,NT421,KINGS OAK HOSPITAL,1019,1207,188,True
2024-01,2024-02,NT422,LONDON INDEPENDENT HOSPITAL,5419,5129,-290,True
2024-01,2024-02,NT423,MANOR HOSPITAL,671,657,-14,True
2024-01,2024-02,NT424,MERIDEN HOSPITAL,1287,1332,45,True
2024-01,2024-02,NT427,PARK HOSPITAL,848,800,-48,True
2024-01,2024-02,NT428,PRINCESS MARGARET HOSPITAL,88,89,1,True
2024-01,2024-02,NT429,PRIORY HOSPITAL,1529,1537,8,True
2024-01,2024-02,NT430,RIDGEWAY HOSPITAL,980,927,-53,True
2024-01,2024-02,NT431,RUNNYMEDE HOSPITAL,159,177,18,True
2024-01,2024-02,NT433,SARUM ROAD HOSPITAL,388,383,-5,True
2024-01,2024-02,NT434,SAXON CLINIC,768,779,11,True
2024-01,2024-02,NT435,SHELBURNE HOSPITAL,89,100,11,True
2024-01,2024-02,NT436,SHIRLEY OAKS HOSPITAL,1181,1216,35,True
2024-01,2024-02,NT437,SLOANE HOSPITAL,705,811,106,True
2024-01,2024-02,NT440,THORNBURY HOSPITAL,426,406,-20,True
2024-01,2024-02,NT441,THREE SHIRES HOSPITAL,2508,2497,-11,True
2024-01,2024-02,NT443,WINTERBOURNE HOSPITAL,398,356,-42,True
2024-01,2024-02,NT445,EDGBASTON HOSPITAL,0,3,3,False
2024-01,2024-02,NT446,ST EDMUNDS HOSPITAL,495,646,151,True
2024-01,2024-02,NT447,DUCHY HOSPITAL,434,455,21,True
2024-01,2024-02,NT448,HUDDERSFIELD HOSPITAL,888,880,-8,True
2024-01,2024-02,NT449,LANCASTER HOSPITAL,243,232,-11,True
2024-01,2024-02,NT450,LINCOLN HOSPITAL,1447,1541,94,True
2024-01,2024-02,NT451,CAVELL HOSPITAL,1036,1240,204,True
2024-01,2024-02,NT455,MOUNT ALVERNIA HOSPITAL,176,181,5,True
2024-01,2024-02,NT457,WOODLANDS HOSPITAL,1844,1925,81,True
2024-01,2024-02,NT490,SOUTHEND PRIVATE HOSPITAL,1125,1142,17,True
2024-01,2024-02,NTE02,ST HUGH'S HOSPITAL,1761,1697,-64,True
2024-01,2024-02,NTP11,PRACTICE PLUS GROUP HOSPITAL - SOUTHAMPTON,9484,9592,108,True
2024-01,2024-02,NTP13,PRACTICE PLUS GROUP HOSPITAL - BARLBOROUGH,1450,1486,36,True
2024-01,2024-02,NTP15,PRACTICE PLUS GROUP HOSPITAL - ILFORD,6366,6142,-224,True
2024-01,2024-02,NTP16,PRACTICE PLUS GROUP SURGICAL CENTRE - GILLINGHAM,1190,1533,343,True
2024-01,2024-02,NTPAD,PRACTICE PLUS GROUP SURGICAL CENTRE - ST MARYS PORTSMOUTH,2222,2131,-91,True
2024-01,2024-02,NTPAE,PRACTICE PLUS GROUP OPHTHALMOLOGY - NORTH WEST,650,778,128,True
2024-01,2024-02,NTPH1,PRACTICE PLUS GROUP HOSPITAL - SHEPTON MALLET,3119,3052,-67,True
2024-01,2024-02,NTPH2,PRACTICE PLUS GROUP HOSPITAL - EMERSONS GREEN,4693,4668,-25,True
2024-01,2024-02,NTPH3,PRACTICE PLUS GROUP SURGICAL CENTRE - DEVIZES,1903,2024,121,True
2024-01,2024-02,NTPH5,PRACTICE PLUS GROUP HOSPITAL - PLYMOUTH,2504,2574,70,True
2024-01,2024-02,NTX,THE ONE HEALTH GROUP PLC,2908,3104,196,True
2024-01,2024-02,NV1,INHEALTH LIMITED,1964,2044,80,True
2024-01,2024-02,NVC01,ASHTEAD HOSPITAL,980,879,-101,True
2024-01,2024-02,NVC02,THE BERKSHIRE INDEPENDENT HOSPITAL,1079,1058,-21,True
2024-01,2024-02,NVC04,DUCHY HOSPITAL,1511,1491,-20,True
2024-01,2024-02,NVC05,EUXTON HALL HOSPITAL,2588,2353,-235,True
2024-01,2024-02,NVC06,FITZWILLIAM HOSPITAL,6487,6515,28,True
2024-01,2024-02,NVC07,FULWOOD HALL HOSPITAL,6129,6144,15,True
2024-01,2024-02,NVC08,MOUNT STUART HOSPITAL,2019,2010,-9,True
2024-01,2024-02,NVC09,NEW HALL HOSPITAL,3741,3743,2,True
2024-01,2024-02,NVC0I,BEACON PARK HOSPITAL,1510,1424,-86,True
2024-01,2024-02,NVC0M,WEST VALLEY HOSPITAL,1,0,-1,False
2024-01,2024-02,NVC0R,TEES VALLEY HOSPITAL,3206,3158,-48,True
2024-01,2024-02,NVC0Y,EXETER MEDICAL,344,360,16,True
2024-01,2024-02,NVC11,NORTH DOWNS HOSPITAL,2054,2026,-28,True
2024-01,2024-02,NVC12,OAKLANDS HOSPITAL,8201,7921,-280,True
2024-01,2024-02,NVC13,OAKS HOSPITAL,919,919,0,True
2024-01,2024-02,NVC14,PARK HILL HOSPITAL,1099,1107,8,True
2024-01,2024-02,NVC15,PINEHILL HOSPITAL,1493,1338,-155,True
2024-01,2024-02,NVC16,RENACRES HOSPITAL,3309,3333,24,True
2024-01,2024-02,NVC17,ROWLEY HALL HOSPITAL,3019,2939,-80,True
2024-01,2024-02,NVC18,SPRINGFIELD HOSPITAL,4938,5002,64,True
2024-01,2024-02,NVC19,RIVERS HOSPITAL,4058,4035,-23,True
2024-01,2024-02,NVC1H,STOURSIDE HOSPITAL,3233,3258,25,True
2024-01,2024-02,NVC20,THE YORKSHIRE CLINIC,7656,7551,-105,True
2024-01,2024-02,NVC21,WEST MIDLANDS HOSPITAL,955,930,-25,True
2024-01,2024-02,NVC22,WINFIELD HOSPITAL,908,905,-3,True
2024-01,2024-02,NVC23,WOODLAND HOSPITAL,5115,5062,-53,True
2024-01,2024-02,NVC25,THE CHERWELL HOSPITAL,1565,1511,-54,True
2024-01,2024-02,NVC27,BOSTON WEST HOSPITAL,2181,2054,-127,True
2024-01,2024-02,NVC28,CLIFTON PARK HOSPITAL,1562,1583,21,True
2024-01,2024-02,NVC29,COBALT HOSPITAL,1519,1582,63,True
2024-01,2024-02,NVC31,BLAKELANDS HOSPITAL,1662,1725,63,True
2024-01,2024-02,NVC40,WOODTHORPE HOSPITAL,5459,5332,-127,True
2024-01,2024-02,NVC44,THE WESTBOURNE CENTRE,1922,2094,172,True
2024-01,2024-02,NVG01,FAIRFIELD HOSPITAL,2357,2406,49,True
2024-01,2024-02,NVM,EPSOMEDICAL GROUP,2820,2845,25,True
2024-01,2024-02,NWF01,BENENDEN HOSPITAL,1257,1248,-9,True
2024-01,2024-02,NWV01,GP CARE UK,423,370,-53,True
2024-01,2024-02,NWX,HERE,15380,14945,-435,True
2024-01,2024-02,NXM01,THE HORDER CENTRE - ST JOHNS ROAD,243,296,53,True
2024-01,2024-02,NXP,INDEPENDENT HEALTH GROUP,990,985,-5,True
2024-01,2024-02,NYG,SUSSEX COMMUNITY DERMATOLOGY SERVICE,12097,11190,-907,True
2024-01,2024-02,NYR,HEALTHSHARE DIAGNOSTICS,0,285,285,False
2024-01,2024-02,NYW17,ASPEN HEALTHCARE - MIDLAND EYE,437,551,114,True
2024-01,2024-02,O1P6X,SPAMEDICA OLDHAM,148,119,-29,True
2024-01,2024-02,O5Y9D,SPAMEDICA OXFORD,166,142,-24,True
2024-01,2024-02,P0C3F,SPAMEDICA LEEDS,74,105,31,True
2024-01,2024-02,P1B7M,SPAMEDICA BRISTOL,95,92,-3,True
2024-01,2024-02,P5Y6K,NEWMEDICA - SHREWSBURY,150,120,-30,True
2024-01,2024-02,Q1S8W,NEWMEDICA - BURY ST EDMUNDS,191,168,-23,True
2024-01,2024-02,Q1W6P,SPAMEDICA WATFORD,226,289,63,True
2024-01,2024-02,R0A,MANCHESTER UNIVERSITY NHS FOUNDATION TRUST,184578,186869,2291,True
2024-01,2024-02,R0B,SOUTH TYNESIDE AND SUNDERLAND NHS FOUNDATION TRUST,60888,62406,1518,True
2024-01,2024-02,R0D,UNIVERSITY HOSPITALS DORSET NHS FOUNDATION TRUST,67958,66889,-1069,True
2024-01,2024-02,R0F4N,NUFFIELD HEALTH PARKSIDE HOSPITAL,688,743,55,True
2024-01,2024-02,R1A,HEREFORDSHIRE AND WORCESTERSHIRE HEALTH AND CARE NHS TRUST,33,46,13,True
2024-01,2024-02,R1C,SOLENT NHS TRUST,1437,233,-1204,True
2024-01,2024-02,R1D,SHROPSHIRE COMMUNITY HEALTH NHS TRUST,15377,13844,-1533,True
2024-01,2024-02,R1F,ISLE OF WIGHT NHS TRUST,15676,15519,-157,True
2024-01,2024-02,R1G7E,SPAMEDICA KENDAL,248,131,-117,True
2024-01,2024-02,R1H,BARTS HEALTH NHS TRUST,118924,119646,722,True
2024-01,2024-02,R1K,LONDON NORTH WEST UNIVERSITY HEALTHCARE NHS TRUST,97122,99958,2836,True
2024-01,2024-02,R1L,ESSEX PARTNERSHIP UNIVERSITY NHS FOUNDATION TRUST,1340,1334,-6,True
2024-01,2024-02,R7W2O,NEWCASTLE NEWMEDICA LTD,183,216,33,True
2024-01,2024-02,RA2,ROYAL SURREY COUNTY HOSPITAL NHS FOUNDATION TRUST,43067,42541,-526,True
2024-01,2024-02,RA7,UNIVERSITY HOSPITALS BRISTOL AND WESTON NHS FOUNDATION TRUST,60449,60133,-316,True
2024-01,2024-02,RA9,TORBAY AND SOUTH DEVON NHS FOUNDATION TRUST,33444,33690,246,True
2024-01,2024-02,RAE,BRADFORD TEACHING HOSPITALS NHS FOUNDATION TRUST,34260,34440,180,True
2024-01,2024-02,RAJ,MID AND SOUTH ESSEX NHS FOUNDATION TRUST,160364,163659,3295,True
2024-01,2024-02,RAL,ROYAL FREE LONDON NHS FOUNDATION TRUST,99158,102461,3303,True
2024-01,2024-02,RAN,ROYAL NATIONAL ORTHOPAEDIC HOSPITAL NHS TRUST,8321,8346,25,True
2024-01,2024-02,RAP,NORTH MIDDLESEX UNIVERSITY HOSPITAL NHS TRUST,22236,23311,1075,True
2024-01,2024-02,RAS,THE HILLINGDON HOSPITALS NHS FOUNDATION TRUST,30720,32279,1559,True
2024-01,2024-02,RAT,NORTH EAST LONDON NHS FOUNDATION TRUST,2477,0,-2477,False
2024-01,2024-02,RAX,KINGSTON HOSPITAL NHS FOUNDATION TRUST,39608,39693,85,True
2024-01,2024-02,RBD,DORSET COUNTY HOSPITAL NHS FOUNDATION TRUST,20972,21020,48,True
2024-01,2024-02,RBK,WALSALL HEALTHCARE NHS TRUST,31305,31036,-269,True
2024-01,2024-02,RBL,WIRRAL UNIVERSITY TEACHING HOSPITAL NHS FOUNDATION TRUST,40930,41440,510,True
2024-01,2024-02,RBN,MERSEY AND WEST LANCASHIRE TEACHING HOSPITALS NHS TRUST,79394,80055,661,True
2024-01,2024-02,RBQ,LIVERPOOL HEART AND CHEST HOSPITAL NHS FOUNDATION TRUST,5176,5320,144,True
2024-01,2024-02,RBS,ALDER HEY CHILDREN'S NHS FOUNDATION TRUST,25597,22905,-2692,True
2024-01,2024-02,RBT,MID CHESHIRE HOSPITALS NHS FOUNDATION TRUST,40206,40228,22,True
2024-01,2024-02,RBV,THE CHRISTIE NHS FOUNDATION TRUST,3429,4005,576,True
2024-01,2024-02,RC9,BEDFORDSHIRE HOSPITALS NHS FOUNDATION TRUST,95679,97012,1333,True
2024-01,2024-02,RCB,YORK AND SCARBOROUGH TEACHING HOSPITALS NHS FOUNDATION TRUST,47245,47064,-181,True
2024-01,2024-02,RCD,HARROGATE AND DISTRICT NHS FOUNDATION TRUST,22292,22079,-213,True
2024-01,2024-02,RCF,AIREDALE NHS FOUNDATION TRUST,15135,15264,129,True
2024-01,2024-02,RCU,SHEFFIELD CHILDREN'S NHS FOUNDATION TRUST,16855,13213,-3642,True
2024-01,2024-02,RCX,"THE QUEEN ELIZABETH HOSPITAL, KING'S LYNN, NHS FOUNDATION TRUST",25272,25531,259,True
2024-01,2024-02,RD1,ROYAL UNITED HOSPITALS BATH NHS FOUNDATION TRUST,34794,35291,497,True
2024-01,2024-02,RD8,MILTON KEYNES UNIVERSITY HOSPITAL NHS FOUNDATION TRUST,35045,34623,-422,True
2024-01,2024-02,RDE,EAST SUFFOLK AND NORTH ESSEX NHS FOUNDATION TRUST,87453,87906,453,True
2024-01,2024-02,RDR,SUSSEX COMMUNITY NHS FOUNDATION TRUST,6509,5217,-1292,True
2024-01,2024-02,RDU,FRIMLEY HEALTH NHS FOUNDATION TRUST,80905,80082,-823,True
2024-01,2024-02,REF,ROYAL CORNWALL HOSPITALS NHS TRUST,43400,43095,-305,True
2024-01,2024-02,REM,LIVERPOOL UNIVERSITY HOSPITALS NHS FOUNDATION TRUST,76948,77095,147,True
2024-01,2024-02,REN,THE CLATTERBRIDGE CANCER CENTRE NHS FOUNDATION TRUST,890,867,-23,True
2024-01,2024-02,REP,LIVERPOOL WOMEN'S NHS FOUNDATION TRUST,18724,19125,401,True
2024-01,2024-02,RET,THE WALTON CENTRE NHS FOUNDATION TRUST,15540,15635,95,True
2024-01,2024-02,RF4,"BARKING, HAVERING AND REDBRIDGE UNIVERSITY HOSPITALS NHS TRUST",61934,64164,2230,True
2024-01,2024-02,RFF,BARNSLEY HOSPITAL NHS FOUNDATION TRUST,22174,22231,57,True
2024-01,2024-02,RFR,THE ROTHERHAM NHS FOUNDATION TRUST,29952,30400,448,True
2024-01,2024-02,RFS,CHESTERFIELD ROYAL HOSPITAL NHS FOUNDATION TRUST,28228,28313,85,True
2024-01,2024-02,RGM,ROYAL PAPWORTH HOSPITAL NHS FOUNDATION TRUST,6643,6750,107,True
2024-01,2024-02,RGN,NORTH WEST ANGLIA NHS FOUNDATION TRUST,81593,81773,180,True
2024-01,2024-02,RGP,JAMES PAGET UNIVERSITY HOSPITALS NHS FOUNDATION TRUST,33555,32306,-1249,True
2024-01,2024-02,RGR,WEST SUFFOLK NHS FOUNDATION TRUST,35340,35441,101,True
2024-01,2024-02,RGT,CAMBRIDGE UNIVERSITY HOSPITALS NHS FOUNDATION TRUST,61531,62392,861,True
2024-01,2024-02,RH5,SOMERSET NHS FOUNDATION TRUST,53753,53773,20,True
2024-01,2024-02,RH8,ROYAL DEVON UNIVERSITY HEALTHCARE NHS FOUNDATION TRUST,74491,73737,-754,True
2024-01,2024-02,RHM,UNIVERSITY HOSPITAL SOUTHAMPTON NHS FOUNDATION TRUST,57711,58098,387,True
2024-01,2024-02,RHQ,SHEFFIELD TEACHING HOSPITALS NHS FOUNDATION TRUST,91663,91633,-30,True
2024-01,2024-02,RHU,PORTSMOUTH HOSPITALS UNIVERSITY NATIONAL HEALTH SERVICE TRUST,59227,60009,782,True
2024-01,2024-02,RHW,ROYAL BERKSHIRE NHS FOUNDATION TRUST,32026,33558,1532,True
2024-01,2024-02,RJ1,GUY'S AND ST THOMAS' NHS FOUNDATION TRUST,142518,142462,-56,True
2024-01,2024-02,RJ2,LEWISHAM AND GREENWICH NHS TRUST,67675,67139,-536,True
2024-01,2024-02,RJ6,CROYDON HEALTH SERVICES NHS TRUST,35377,34281,-1096,True
2024-01,2024-02,RJ7,ST GEORGE'S UNIVERSITY HOSPITALS NHS FOUNDATION TRUST,61889,62122,233,True
2024-01,2024-02,RJ8,CORNWALL PARTNERSHIP NHS FOUNDATION TRUST,685,752,67,True
2024-01,2024-02,RJC,SOUTH WARWICKSHIRE UNIVERSITY NHS FOUNDATION TRUST,33870,33981,111,True
2024-01,2024-02,RJE,UNIVERSITY HOSPITALS OF NORTH MIDLANDS NHS TRUST,81964,81079,-885,True
2024-01,2024-02,RJL,NORTHERN LINCOLNSHIRE AND GOOLE NHS FOUNDATION TRUST,41395,41462,67,True
2024-01,2024-02,RJN,EAST CHESHIRE NHS TRUST,12882,13083,201,True
2024-01,2024-02,RJR,COUNTESS OF CHESTER HOSPITAL NHS FOUNDATION TRUST,31101,30464,-637,True
2024-01,2024-02,RJZ,KING'S COLLEGE HOSPITAL NHS FOUNDATION TRUST,106002,104276,-1726,True
2024-01,2024-02,RK5,SHERWOOD FOREST HOSPITALS NHS FOUNDATION TRUST,52371,50530,-1841,True
2024-01,2024-02,RK9,UNIVERSITY HOSPITALS PLYMOUTH NHS TRUST,46816,47137,321,True
2024-01,2024-02,RKB,UNIVERSITY HOSPITALS COVENTRY AND WARWICKSHIRE NHS TRUST,67331,67342,11,True
2024-01,2024-02,RKE,WHITTINGTON HEALTH NHS TRUST,20636,20656,20,True
2024-01,2024-02,RKL,WEST LONDON NHS TRUST,1751,1944,193,True
2024-01,2024-02,RL1,THE ROBERT JONES AND AGNES HUNT ORTHOPAEDIC HOSPITAL NHS FOUNDATION TRUST,14729,14928,199,True
2024-01,2024-02,RL4,THE ROYAL WOLVERHAMPTON NHS TRUST,88806,88284,-522,True
2024-01,2024-02,RLQ,WYE VALLEY NHS TRUST,22698,23063,365,True
2024-01,2024-02,RLT,GEORGE ELIOT HOSPITAL NHS TRUST,17540,16896,-644,True
2024-01,2024-02,RM1,NORFOLK AND NORWICH UNIVERSITY HOSPITALS NHS FOUNDATION TRUST,85884,85694,-190,True
2024-01,2024-02,RM3,NORTHERN CARE ALLIANCE NHS FOUNDATION TRUST,154394,147987,-6407,True
2024-01,2024-02,RMC,BOLTON NHS FOUNDATION TRUST,43947,44219,272,True
2024-01,2024-02,RMP,TAMESIDE AND GLOSSOP INTEGRATED CARE NHS FOUNDATION TRUST,20214,20090,-124,True
2024-01,2024-02,RN3,GREAT WESTERN HOSPITALS NHS FOUNDATION TRUST,38087,38372,285,True
2024-01,2024-02,RN5,HAMPSHIRE HOSPITALS NHS FOUNDATION TRUST,52966,52561,-405,True
2024-01,2024-02,RN7,DARTFORD AND GRAVESHAM NHS TRUST,26375,27028,653,True
2024-01,2024-02,RNA,THE DUDLEY GROUP NHS FOUNDATION TRUST,48305,48036,-269,True
2024-01,2024-02,RNN,NORTH CUMBRIA INTEGRATED CARE NHS FOUNDATION TRUST,38772,39063,291,True
2024-01,2024-02,RNQ,KETTERING GENERAL HOSPITAL NHS FOUNDATION TRUST,28597,28292,-305,True
2024-01,2024-02,RNS,NORTHAMPTON GENERAL HOSPITAL NHS TRUST,40082,40407,325,True
2024-01,2024-02,RNZ,SALISBURY NHS FOUNDATION TRUST,29660,28692,-968,True
2024-01,2024-02,RP1,NORTHAMPTONSHIRE HEALTHCARE NHS FOUNDATION TRUST,723,0,-723,False
2024-01,2024-02,RP4,GREAT ORMOND STREET HOSPITAL FOR CHILDREN NHS FOUNDATION TRUST,7961,7880,-81,True
2024-01,2024-02,RP5,DONCASTER AND BASSETLAW TEACHING HOSPITALS NHS FOUNDATION TRUST,53680,53812,132,True
2024-01,2024-02,RP6,MOORFIELDS EYE HOSPITAL NHS FOUNDATION TRUST,34639,35233,594,True
2024-01,2024-02,RP7,LINCOLNSHIRE PARTNERSHIP NHS FOUNDATION TRUST,166,142,-24,True
2024-01,2024-02,RPA,MEDWAY NHS FOUNDATION TRUST,43133,43155,22,True
2024-01,2024-02,RPC,QUEEN VICTORIA HOSPITAL NHS FOUNDATION TRUST,17759,17809,50,True
2024-01,2024-02,RPG,OXLEAS NHS FOUNDATION TRUST,1975,2109,134,True
2024-01,2024-02,RPY,THE ROYAL MARSDEN NHS FOUNDATION TRUST,1873,1866,-7,True
2024-01,2024-02,RQ3,BIRMINGHAM WOMEN'S AND CHILDREN'S NHS FOUNDATION TRUST,25517,26102,585,True
2024-01,2024-02,RQM,CHELSEA AND WESTMINSTER HOSPITAL NHS FOUNDATION TRUST,61136,61349,213,True
2024-01,2024-02,RQW,THE PRINCESS ALEXANDRA HOSPITAL NHS TRUST,25767,25715,-52,True
2024-01,2024-02,RQX,HOMERTON HEALTHCARE NHS FOUNDATION TRUST,31057,31136,79,True
2024-01,2024-02,RQY,SOUTH WEST LONDON AND ST GEORGE'S MENTAL HEALTH NHS TRUST,7469,7668,199,True
2024-01,2024-02,RR7,GATESHEAD HEALTH NHS FOUNDATION TRUST,12360,12083,-277,True
2024-01,2024-02,RR8,LEEDS TEACHING HOSPITALS NHS TRUST,91760,91602,-158,True
2024-01,2024-02,RRE,MIDLANDS PARTNERSHIP NHS FOUNDATION TRUST,7113,7681,568,True
2024-01,2024-02,RRF,"WRIGHTINGTON, WIGAN AND LEIGH NHS FOUNDATION TRUST",54481,53077,-1404,True
2024-01,2024-02,RRJ,THE ROYAL ORTHOPAEDIC HOSPITAL NHS FOUNDATION TRUST,15853,15860,7,True
2024-01,2024-02,RRK,UNIVERSITY HOSPITALS BIRMINGHAM NHS FOUNDATION TRUST,126082,126521,439,True
2024-01,2024-02,RRV,UNIVERSITY COLLEGE LONDON HOSPITALS NHS FOUNDATION TRUST,71558,70731,-827,True
2024-01,2024-02,RT1,CAMBRIDGESHIRE AND PETERBOROUGH NHS FOUNDATION TRUST,323,346,23,True
2024-01,2024-02,RTD,THE NEWCASTLE UPON TYNE HOSPITALS NHS FOUNDATION TRUST,100585,99026,-1559,True
2024-01,2024-02,RTE,GLOUCESTERSHIRE HOSPITALS NHS FOUNDATION TRUST,73636,76112,2476,True
2024-01,2024-02,RTF,NORTHUMBRIA HEALTHCARE NHS FOUNDATION TRUST,33571,34084,513,True
2024-01,2024-02,RTG,UNIVERSITY HOSPITALS OF DERBY AND BURTON NHS FOUNDATION TRUST,106928,106604,-324,True
2024-01,2024-02,RTH,OXFORD UNIVERSITY HOSPITALS NHS FOUNDATION TRUST,80136,81302,1166,True
2024-01,2024-02,RTK,ASHFORD AND ST PETER'S HOSPITALS NHS FOUNDATION TRUST,57408,56724,-684,True
2024-01,2024-02,RTP,SURREY AND SUSSEX HEALTHCARE NHS TRUST,49143,49209,66,True
2024-01,2024-02,RTR,SOUTH TEES HOSPITALS NHS FOUNDATION TRUST,52641,54002,1361,True
2024-01,2024-02,RTX,UNIVERSITY HOSPITALS OF MORECAMBE BAY NHS FOUNDATION TRUST,32258,31963,-295,True
2024-01,2024-02,RV3,CENTRAL AND NORTH WEST LONDON NHS FOUNDATION TRUST,1137,1138,1,True
2024-01,2024-02,RVJ,NORTH BRISTOL NHS TRUST,46710,46394,-316,True
2024-01,2024-02,RVR,EPSOM AND ST HELIER UNIVERSITY HOSPITALS NHS TRUST,48279,48926,647,True
2024-01,2024-02,RVV,EAST KENT HOSPITALS UNIVERSITY NHS FOUNDATION TRUST,90025,87165,-2860,True
2024-01,2024-02,RVW,NORTH TEES AND HARTLEPOOL NHS FOUNDATION TRUST,21954,21566,-388,True
2024-01,2024-02,RW1,SOUTHERN HEALTH NHS FOUNDATION TRUST,3695,3472,-223,True
2024-01,2024-02,RW4,MERSEY CARE NHS FOUNDATION TRUST,28,44,16,True
2024-01,2024-02,RW5,LANCASHIRE & SOUTH CUMBRIA NHS FOUNDATION TRUST,1461,1288,-173,True
2024-01,2024-02,RWA,HULL UNIVERSITY TEACHING HOSPITALS NHS TRUST,71882,72724,842,True
2024-01,2024-02,RWD,UNITED LINCOLNSHIRE HOSPITALS NHS TRUST,71799,69810,-1989,True
2024-01,2024-02,RWE,UNIVERSITY HOSPITALS OF LEICESTER NHS TRUST,108629,109272,643,True
2024-01,2024-02,RWF,MAIDSTONE AND TUNBRIDGE WELLS NHS TRUST,42699,42658,-41,True
2024-01,2024-02,RWG,WEST HERTFORDSHIRE TEACHING HOSPITALS NHS TRUST,58212,58686,474,True
2024-01,2024-02,RWH,EAST AND NORTH HERTFORDSHIRE NHS TRUST,59757,55075,-4682,True
2024-01,2024-02,RWJ,STOCKPORT NHS FOUNDATION TRUST,41517,40399,-1118,True
2024-01,2024-02,RWP,WORCESTERSHIRE ACUTE HOSPITALS NHS TRUST,59744,61327,1583,True
2024-01,2024-02,RWW,WARRINGTON AND HALTON TEACHING HOSPITALS NHS FOUNDATION TRUST,33241,36663,3422,True
2024-01,2024-02,RWX,BERKSHIRE HEALTHCARE NHS FOUNDATION TRUST,294,307,13,True
2024-01,2024-02,RWY,CALDERDALE AND HUDDERSFIELD NHS FOUNDATION TRUST,34918,35140,222,True
2024-01,2024-02,RX1,NOTTINGHAM UNIVERSITY HOSPITALS NHS TRUST,84280,82767,-1513,True
2024-01,2024-02,RX4,"CUMBRIA, NORTHUMBERLAND, TYNE AND WEAR NHS FOUNDATION TRUST",147,203,56,True
2024-01,2024-02,RXC,EAST SUSSEX HEALTHCARE NHS TRUST,54377,52775,-1602,True
2024-01,2024-02,RXF,MID YORKSHIRE TEACHING NHS TRUST,56478,53778,-2700,True
2024-01,2024-02,RXG,SOUTH WEST YORKSHIRE PARTNERSHIP NHS FOUNDATION TRUST,2285,2215,-70,True
2024-01,2024-02,RXK,SANDWELL AND WEST BIRMINGHAM HOSPITALS NHS TRUST,76273,77543,1270,True
2024-01,2024-02,RXL,BLACKPOOL TEACHING HOSPITALS NHS FOUNDATION TRUST,35594,34866,-728,True
2024-01,2024-02,RXM,DERBYSHIRE HEALTHCARE NHS FOUNDATION TRUST,2443,262,-2181,True
2024-01,2024-02,RXN,LANCASHIRE TEACHING HOSPITALS NHS FOUNDATION TRUST,58656,58177,-479,True
2024-01,2024-02,RXP,COUNTY DURHAM AND DARLINGTON NHS FOUNDATION TRUST,43790,42998,-792,True
2024-01,2024-02,RXQ,BUCKINGHAMSHIRE HEALTHCARE NHS TRUST,47989,49331,1342,True
2024-01,2024-02,RXR,EAST LANCASHIRE HOSPITALS NHS TRUST,71064,73127,2063,True
2024-01,2024-02,RXW,THE SHREWSBURY AND TELFORD HOSPITAL NHS TRUST,34550,35220,670,True
2024-01,2024-02,RY2,BRIDGEWATER COMMUNITY HEALTHCARE NHS FOUNDATION TRUST,3439,3603,164,True
2024-01,2024-02,RY3,NORFOLK COMMUNITY HEALTH AND CARE NHS TRUST,1720,1828,108,True
2024-01,2024-02,RY4,HERTFORDSHIRE COMMUNITY NHS TRUST,4845,0,-4845,False
2024-01,2024-02,RY6,LEEDS COMMUNITY HEALTHCARE NHS TRUST,2761,86,-2675,True
2024-01,2024-02,RY7,WIRRAL COMMUNITY HEALTH AND CARE NHS FOUNDATION TRUST,53,0,-53,False
2024-01,2024-02,RY9,HOUNSLOW AND RICHMOND COMMUNITY HEALTHCARE NHS TRUST,434,0,-434,False
2024-01,2024-02,RYG,COVENTRY AND WARWICKSHIRE PARTNERSHIP NHS TRUST,350,0,-350,False
2024-01,2024-02,RYJ,IMPERIAL COLLEGE HEALTHCARE NHS TRUST,101627,100191,-1436,True
2024-01,2024-02,RYR,UNIVERSITY HOSPITALS SUSSEX NHS FOUNDATION TRUST,142469,141647,-822,True
2024-01,2024-02,RYV,CAMBRIDGESHIRE COMMUNITY SERVICES NHS TRUST,2977,0,-2977,False
2024-01,2024-02,RYW,BIRMINGHAM COMMUNITY HEALTHCARE NHS FOUNDATION TRUST,16559,16568,9,True
2024-01,2024-02,RYX,CENTRAL LONDON COMMUNITY HEALTHCARE NHS TRUST,2076,1946,-130,True
2024-01,2024-02,RYY,KENT COMMUNITY HEALTH NHS FOUNDATION TRUST,3626,3794,168,True
2024-01,2024-02,S1Z4X,NEWMEDICA - BIRMINGHAM,229,245,16,True
2024-01,2024-02,T8R5I,SPAMEDICA WOKINGHAM,195,188,-7,True
2024-01,2024-02,T8V3L,SPAMEDICA DONCASTER,183,118,-65,True
2024-01,2024-02,TAD,BRADFORD DISTRICT CARE NHS FOUNDATION TRUST,435,426,-9,True
2024-01,2024-02,V4U1Y,SPAMEDICA CHESTER,124,85,-39,True
2024-01,2024-02,V5F1D,SPAMEDICA TELFORD,50,80,30,True
2024-01,2024-02,Y8L9S,SPAMEDICA BROMLEY,330,261,-69,True
2024-01,2024-02,Z5J5V,SPAMEDICA HAYDOCK,0,11,11,False
2024-01,2024-02,Z9Z1G,SPAMEDICA GATESHEAD,131,131,0,True
2024-02,2024-03,A0C5S,SPAMEDICA GLOUCESTER,81,71,-10,True
2024-02,2024-03,A4M8P,BUCKSHAW HOSPITAL,3785,3738,-47,True
2024-02,2024-03,A4Q9X,NEWMEDICA LEICESTER,184,209,25,True
2024-02,2024-03,AAH,TETBURY HOSPITAL TRUST LTD,343,290,-53,True
2024-02,2024-03,AAV,COMMUNITY HEALTH AND EYECARE LIMITED,2842,2898,56,True
2024-02,2024-03,ACG08,NEWMEDICA OPHTHALMOLOGY - NUNEATON - CAMP HILL - GP LED HEALTH CENTRE,9,12,3,True
2024-02,2024-03,ACG12,NEWMEDICA COMMUNITY OPHTHALMOLOGY - NORTH EAST LINCOLNSHIRE - GRIMSBY,314,264,-50,True
2024-02,2024-03,ACG13,NEWMEDICA - GLOUCESTER (ASPEN MEDICAL CENTRE),193,228,35,True
2024-02,2024-03,ACG19,NEWMEDICA COMMUNITY OPHTHALMOLOGY - LEEDS,546,507,-39,True
2024-02,2024-03,ACG20,NEWMEDICA - BRISTOL - LITFIELD HOUSE,294,221,-73,True
2024-02,2024-03,ACG22,NEWMEDICA - BRIGG - RIVERSIDE SURGERY,227,215,-12,True
2024-02,2024-03,ACG24,NEWMEDICA - TEESSIDE - NORTH ORMESBY,484,638,154,True
2024-02,2024-03,ACG26,NEWMEDICA - NORTH DERBYSHIRE - MIDLAND COURT,496,549,53,True
2024-02,2024-03,ACG30,NEWMEDICA - WORKSOP - DUKERIES,72,46,-26,True
2024-02,2024-03,ACG31,NEWMEDICA - WORCESTER,870,915,45,True
2024-02,2024-03,ACG36,NEWMEDICA - EXETER - GLEN HOUSE,241,287,46,True
2024-02,2024-03,ACG37,NEWMEDICA - IPSWICH,2067,1836,-231,True
2024-02,2024-03,ACG38,NEWMEDICA - LANGFORD,237,258,21,True
2024-02,2024-03,ACG39,NEWMEDICA - SWINDON,278,318,40,True
2024-02,2024-03,ACG40,NEWMEDICA - WAKEFIELD,671,661,-10,True
2024-02,2024-03,ACM,EYE CARE MEDICAL LTD,8,4,-4,True
2024-02,2024-03,ADN,PRIMARY INTEGRATED COMMUNITY SERVICES LTD,1990,1997,7,True
2024-02,2024-03,ADP02,KIMS HOSPITAL (NEWNHAM COURT),1561,1450,-111,True
2024-02,2024-03,AHP,ST MICHAEL'S CLINIC LIMITED,1664,1559,-105,True
2024-02,2024-03,AJ8,THE GRANGE MEDICAL CENTRE HQ,191,233,42,True
2024-02,2024-03,AJX,SUSSEX MSK PARTNERSHIP 2,7485,7340,-145,True
2024-02,2024-03,AQK,VERNOVA HEALTHCARE COMMUNITY INTEREST COMPANY,93,84,-9,True
2024-02,2024-03,AXG,WILTSHIRE HEALTH & CARE,2220,0,-2220,False
2024-02,2024-03,AY1,MEDEFER,1637,1827,190,True
2024-02,2024-03,B1A5K,NEWMEDICA - NOTTINGHAM,507,573,66,True
2024-02,2024-03,B3M1X,CLAREMONT PRIVATE HOSPITAL,1812,1846,34,True
2024-02,2024-03,B4N1U,SPAMEDICA ROMFORD,330,302,-28,True
2024-02,2024-03,B5M7B,NEWMEDICA - NORWICH,528,642,114,True
2024-02,2024-03,B9J4U,SPAMEDICA PETERBOROUGH,107,116,9,True
2024-02,2024-03,B9M3W,SPAMEDICA SOUTHAMPTON,315,292,-23,True
2024-02,2024-03,C3Y0A,SPAMEDICA BLACKPOOL,45,31,-14,True
2024-02,2024-03,D3O0Z,PLYMOUTH NEWMEDICA LTD,177,222,45,True
2024-02,2024-03,D5P5H,SPAMEDICA BEXHILL,220,259,39,True
2024-02,2024-03,DFQ,NORWICH & NORFOLK SURGICAL LTD (N2S),1044,1004,-40,True
2024-02,2024-03,DFY01,COTSWOLDS SURGICAL PARTNERS,221,191,-30,True
2024-02,2024-03,DTT,PHOENIX PUBLIC HEALTH LTD,185,205,20,True
2024-02,2024-03,DX1,THE NEW FOSCOTE HOSPITAL LTD,249,221,-28,True
2024-02,2024-03,DXV,OMNES HEALTHCARE LTD,7990,7893,-97,True
2024-02,2024-03,E1U4T,SPAMEDICA CARLISLE,284,289,5,True
2024-02,2024-03,E3D4A,SPAMEDICA TRURO,233,126,-107,True
2024-02,2024-03,F9Z4V,CIRCLE READING HOSPITAL,1419,1451,32,True
2024-02,2024-03,G3O5P,SPAMEDICA NEWARK,195,198,3,True
2024-02,2024-03,G3Q3Z,NUFFIELD HEALTH HIGHGATE HOSPITAL,694,818,124,True
2024-02,2024-03,G3Z1Q,SULIS HOSPITAL BATH (FOXCOTE AVENUE),3785,3644,-141,True
2024-02,2024-03,G5X2Q,SPAMEDICA NORTH TYNESIDE,41,58,17,True
2024-02,2024-03,GEC01,RAPID INVESTIGATION SERVICE,108,117,9,True
2024-02,2024-03,H4I8B,NUFFIELD HEALTH THE HOLLY HOSPITAL,3541,3533,-8,True
2024-02,2024-03,H4J9P,NEWMEDICA AZTEC WEST,515,458,-57,True
2024-02,2024-03,I2C7H,SPAMEDICA BRADFORD,94,100,6,True
2024-02,2024-03,I9A4A,SPAMEDICA BRIGHTON,181,189,8,True
2024-02,2024-03,J2H6H,SPAMEDICA COLCHESTER,74,123,49,True
2024-02,2024-03,J3J8Z,NEWMEDICA - OXFORDSHIRE,437,474,37,True
2024-02,2024-03,J3X4C,SPAMEDICA WORCESTER,0,21,21,False
2024-02,2024-03,J7V1N,SPAMEDICA SOLIHULL,125,150,25,True
2024-02,2024-03,K8I4X,GLENDON WOOD HOSPITAL,1468,1664,196,True
2024-02,2024-03,L0D9W,NEWMEDICA - GLOUCESTER (BRIGHOUSE COURT),782,975,193,True
2024-02,2024-03,L4R3R,NEWMEDICA - HAMPSHIRE,254,318,64,True
2024-02,2024-03,L6O7H,SPAMEDICA POOLE,898,883,-15,True
2024-02,2024-03,L9D3Z,SPAMEDICA LEICESTER,116,81,-35,True
2024-02,2024-03,M0N7E,SPAMEDICA SITTINGBOURNE,107,102,-5,True
2024-02,2024-03,M3R0W,SPAMEDICA NORWICH,156,153,-3,True
2024-02,2024-03,M4C5R,NEWMEDICA - NORTHAMPTON,563,697,134,True
2024-02,2024-03,M5E1S,SPAMEDICA EXETER,248,267,19,True
2024-02,2024-03,M7C9Q,SPAMEDICA EPSOM,170,169,-1,True
2024-02,2024-03,N6Z0R,NEWMEDICA - LINCOLN,3,5,2,True
2024-02,2024-03,NAM01,PROBUS SURGICAL CENTRE,917,917,0,True
2024-02,2024-03,NCN,DMC COMMUNITY OUTPATIENT SERVICES,1896,1860,-36,True
2024-02,2024-03,NCR,ISIGHT,906,912,6,True
2024-02,2024-03,NDJ,FIRST COMMUNITY HEALTH AND CARE CIC,764,719,-45,True
2024-02,2024-03,NDL01,SUFFOLK GP FEDERATION,77,105,28,True
2024-02,2024-03,NEQ,PHOENIX HEALTH SOLUTIONS LIMITED HQ,1184,1555,371,True
2024-02,2024-03,NEY,PIONEER HEALTHCARE LIMITED,2109,2930,821,True
2024-02,2024-03,NFH,SOMERSET SURGICAL SERVICES HQ,893,912,19,True
2024-02,2024-03,NL3,CARE PLUS GROUP,167,184,17,True
2024-02,2024-03,NL8,LOCALA COMMUNITY PARTNERSHIPS CIC,2139,2145,6,True
2024-02,2024-03,NLE01,LANCASTER HOUSE CONSULTING DIAGNOSTICS SURGICAL LTD HQ,578,571,-7,True
2024-02,2024-03,NLX,SIRONA CARE & HEALTH,4111,4198,87,True
2024-02,2024-03,NMG,CONNECT HEALTH LIMITED,18812,20271,1459,True
2024-02,2024-03,NN4,TYNESIDE SURGICAL SERVICES LTD,881,861,-20,True
2024-02,2024-03,NN5,MANCHESTER SURGICAL SERVICES LTD,1118,815,-303,True
2024-02,2024-03,NN8,SPENCER PRIVATE HOSPITALS LTD,3221,3156,-65,True
2024-02,2024-03,NNE,DORKING HEALTHCARE LIMITED (DHC),5218,5369,151,True
2024-02,2024-03,NPG01,SPAMEDICA MANCHESTER,130,107,-23,True
2024-02,2024-03,NPG02,SPAMEDICA WIRRAL,83,168,85,True
2024-02,2024-03,NPG06,SPAMEDICA LIVERPOOL,324,226,-98,True
2024-02,2024-03,NPG07,SPAMEDICA EYE HOSPITAL (WAKEFIELD),120,124,4,True
2024-02,2024-03,NPG08,SPAMEDICA BOLTON,404,305,-99,True
2024-02,2024-03,NPG10,SPAMEDICA SHEFFIELD,138,145,7,True
2024-02,2024-03,NPG11,SPAMEDICA BIRMINGHAM,156,235,79,True
2024-02,2024-03,NPG13,SPAMEDICA SKELMERSDALE,132,95,-37,True
2024-02,2024-03,NPG14,SPAMEDICA WIDNES,101,104,3,True
2024-02,2024-03,NPG15,SPAMEDICA NEWCASTLE-UNDER-LYME,109,173,64,True
2024-02,2024-03,NPG16,SPAMEDICA CHELMSFORD,1094,1030,-64,True
2024-02,2024-03,NPG17,SPAMEDICA PRESTON,167,145,-22,True
2024-02,2024-03,NPG18,SPAMEDICA HULL,110,129,19,True
2024-02,2024-03,NPG19,SPAMEDICA BEDFORD,198,174,-24,True
2024-02,2024-03,NPG20,SPAMEDICA WOLVERHAMPTON,276,258,-18,True
2024-02,2024-03,NPG21,SPAMEDICA COVENTRY,176,182,6,True
2024-02,2024-03,NPG22,SPAMEDICA STOCKTON-ON-TEES,110,133,23,True
2024-02,2024-03,NPG23,SPAMEDICA DERBY,114,144,30,True
2024-02,2024-03,NQH,NOVUS HEALTH LTD,1059,863,-196,True
2024-02,2024-03,NQM01,ORTHOPAEDICS & SPINE SPECIALIST HOSPITAL SITE,176,163,-13,True
2024-02,2024-03,NQT5K,ST MARTINS HOSPITAL,879,870,-9,True
2024-02,2024-03,NQTH0,HCRG CARE EAST RIDING LLP,2025,2350,325,True
2024-02,2024-03,NQX01,PROVIDE WELLBEING @ TOLLGATE CLINIC,91,76,-15,True
2024-02,2024-03,NR5,LIVEWELL SOUTHWEST,85,72,-13,True
2024-02,2024-03,NRP,BEACON MEDICAL SERVICES GROUP LIMITED,576,500,-76,True
2024-02,2024-03,NT202,"NUFFIELD HEALTH, BOURNEMOUTH HOSPITAL",389,320,-69,True
2024-02,2024-03,NT204,"NUFFIELD HEALTH, BRENTWOOD HOSPITAL",818,836,18,True
2024-02,2024-03,NT205,"NUFFIELD HEALTH, BRIGHTON HOSPITAL",307,315,8,True
2024-02,2024-03,NT206,"NUFFIELD HEALTH, BRISTOL HOSPITAL (CHESTERFIELD)",566,411,-155,True
2024-02,2024-03,NT209,"NUFFIELD HEALTH, CAMBRIDGE HOSPITAL",529,491,-38,True
2024-02,2024-03,NT210,"NUFFIELD HEALTH, THE GROSVENOR HOSPITAL, CHESTER",291,307,16,True
2024-02,2024-03,NT211,"NUFFIELD HEALTH, CHELTENHAM HOSPITAL",93,93,0,True
2024-02,2024-03,NT212,"NUFFIELD HEALTH, CHICHESTER HOSPITAL",518,501,-17,True
2024-02,2024-03,NT213,"NUFFIELD HEALTH, DERBY HOSPITAL",1265,1366,101,True
2024-02,2024-03,NT214,"NUFFIELD HEALTH, WESSEX HOSPITAL",543,502,-41,True
2024-02,2024-03,NT215,"NUFFIELD HEALTH, EXETER HOSPITAL",96,112,16,True
2024-02,2024-03,NT218,"NUFFIELD HEALTH, HAYWARDS HEATH HOSPITAL",89,85,-4,True
2024-02,2024-03,NT219,"NUFFIELD HEALTH, HEREFORD HOSPITAL",242,259,17,True
2024-02,2024-03,NT224,"NUFFIELD HEALTH, WARWICKSHIRE HOSPITAL",179,157,-22,True
2024-02,2024-03,NT225,"NUFFIELD HEALTH, LEEDS HOSPITAL",1309,1383,74,True
2024-02,2024-03,NT226,"NUFFIELD HEALTH, LEICESTER HOSPITAL",235,248,13,True
2024-02,2024-03,NT229,"NUFFIELD HEALTH, NEWCASTLE UPON TYNE HOSPITAL",326,325,-1,True
2024-02,2024-03,NT230,"NUFFIELD HEALTH, NORTH STAFFORDSHIRE HOSPITAL",1678,1588,-90,True
2024-02,2024-03,NT233,"NUFFIELD HEALTH, PLYMOUTH HOSPITAL",1220,1116,-104,True
2024-02,2024-03,NT235,"NUFFIELD HEALTH, SHREWSBURY HOSPITAL",302,250,-52,True
2024-02,2024-03,NT237,"NUFFIELD HEALTH, TEES HOSPITAL",1490,1126,-364,True
2024-02,2024-03,NT238,"NUFFIELD HEALTH, TAUNTON HOSPITAL",335,315,-20,True
2024-02,2024-03,NT239,"NUFFIELD HEALTH, TUNBRIDGE WELLS HOSPITAL",443,438,-5,True
2024-02,2024-03,NT241,"NUFFIELD HEALTH, WOKING HOSPITAL",399,429,30,True
2024-02,2024-03,NT242,"NUFFIELD HEALTH, WOLVERHAMPTON HOSPITAL",441,490,49,True
2024-02,2024-03,NT245,"NUFFIELD HEALTH, YORK HOSPITAL",564,531,-33,True
2024-02,2024-03,NT301,SPIRE SOUTH BANK HOSPITAL,1358,1272,-86,True
2024-02,2024-03,NT302,SPIRE BRISTOL HOSPITAL,881,897,16,True
2024-02,2024-03,NT304,SPIRE SOUTHAMPTON HOSPITAL,521,741,220,True
2024-02,2024-03,NT305,SPIRE PORTSMOUTH HOSPITAL,254,264,10,True
2024-02,2024-03,NT308,SPIRE GATWICK PARK HOSPITAL,738,872,134,True
2024-02,2024-03,NT30A,SPIRE NOTTINGHAM HOSPITAL,498,504,6,True
2024-02,2024-03,NT310,SPIRE TUNBRIDGE WELLS HOSPITAL,336,334,-2,True
2024-02,2024-03,NT312,SPIRE ALEXANDRA HOSPITAL,1145,1009,-136,True
2024-02,2024-03,NT313,SPIRE WELLESLEY HOSPITAL,2106,1794,-312,True
2024-02,2024-03,NT314,SPIRE LONDON EAST,2141,2033,-108,True
2024-02,2024-03,NT315,SPIRE BUSHEY HOSPITAL,723,725,2,True
2024-02,2024-03,NT316,SPIRE HARPENDEN HOSPITAL,732,779,47,True
2024-02,2024-03,NT317,SPIRE CAMBRIDGE LEA HOSPITAL,355,448,93,True
2024-02,2024-03,NT318,SPIRE NORWICH HOSPITAL,166,183,17,True
2024-02,2024-03,NT319,SPIRE HARTSWOOD HOSPITAL,1734,1659,-75,True
2024-02,2024-03,NT320,SPIRE PARKWAY HOSPITAL,919,956,37,True
2024-02,2024-03,NT321,SPIRE LITTLE ASTON HOSPITAL,1546,1590,44,True
2024-02,2024-03,NT322,SPIRE LEICESTER HOSPITAL,741,769,28,True
2024-02,2024-03,NT324,SPIRE CHESHIRE HOSPITAL,1163,1105,-58,True
2024-02,2024-03,NT325,SPIRE MURRAYFIELD HOSPITAL,529,496,-33,True
2024-02,2024-03,NT327,SPIRE MANCHESTER HOSPITAL,635,687,52,True
2024-02,2024-03,NT332,SPIRE LEEDS HOSPITAL,1085,1043,-42,True
2024-02,2024-03,NT333,SPIRE WASHINGTON HOSPITAL,1336,1349,13,True
2024-02,2024-03,NT337,SPIRE LIVERPOOL HOSPITAL,2814,3059,245,True
2024-02,2024-03,NT339,SPIRE REGENCY HOSPITAL,1476,1530,54,True
2024-02,2024-03,NT343,SPIRE THAMES VALLEY HOSPITAL,277,298,21,True
2024-02,2024-03,NT344,SPIRE DUNEDIN HOSPITAL,373,409,36,True
2024-02,2024-03,NT345,SPIRE CLARE PARK HOSPITAL,384,323,-61,True
2024-02,2024-03,NT347,SPIRE FYLDE COAST HOSPITAL,3186,2551,-635,True
2024-02,2024-03,NT348,SPIRE ELLAND HOSPITAL,942,1049,107,True
2024-02,2024-03,NT350,SPIRE METHLEY PARK HOSPITAL,935,1034,99,True
2024-02,2024-03,NT351,SPIRE HULL AND EAST RIDING HOSPITAL,3024,3228,204,True
2024-02,2024-03,NT364,SPIRE MONTEFIORE HOSPITAL,689,561,-128,True
2024-02,2024-03,NT3X3,SPIRE ST ANTHONY'S HOSPITAL,596,621,25,True
2024-02,2024-03,NT401,ALEXANDRA HOSPITAL,580,548,-32,True
2024-02,2024-03,NT402,BATH CLINIC,534,543,9,True
2024-02,2024-03,NT403,BEARDWOOD HOSPITAL,2151,2173,22,True
2024-02,2024-03,NT404,BEAUMONT HOSPITAL,3773,3467,-306,True
2024-02,2024-03,NT405,BISHOPS WOOD HOSPITAL,428,480,52,True
2024-02,2024-03,NT406,BLACKHEATH HOSPITAL,1318,1318,0,True
2024-02,2024-03,NT408,CHAUCER HOSPITAL,982,982,0,True
2024-02,2024-03,NT409,CHELSFIELD PARK HOSPITAL,621,622,1,True
2024-02,2024-03,NT410,CHILTERN HOSPITAL,505,534,29,True
2024-02,2024-03,NT411,CLEMENTINE CHURCHILL HOSPITAL,1814,1972,158,True
2024-02,2024-03,NT412,DROITWICH SPA HOSPITAL,1290,1242,-48,True
2024-02,2024-03,NT416,HENDON HOSPITAL,796,779,-17,True
2024-02,2024-03,NT417,GORING HALL HOSPITAL,1012,1048,36,True
2024-02,2024-03,NT418,HAMPSHIRE CLINIC,244,250,6,True
2024-02,2024-03,NT419,HARBOUR HOSPITAL,102,119,17,True
2024-02,2024-03,NT420,HIGHFIELD HOSPITAL,1831,1544,-287,True
2024-02,2024-03,NT421,KINGS OAK HOSPITAL,1207,1422,215,True
2024-02,2024-03,NT422,LONDON INDEPENDENT HOSPITAL,5129,5177,48,True
2024-02,2024-03,NT423,MANOR HOSPITAL,657,1349,692,True
2024-02,2024-03,NT424,MERIDEN HOSPITAL,1332,1349,17,True
2024-02,2024-03,NT427,PARK HOSPITAL,800,815,15,True
2024-02,2024-03,NT428,PRINCESS MARGARET HOSPITAL,89,78,-11,True
2024-02,2024-03,NT429,PRIORY HOSPITAL,1537,1489,-48,True
2024-02,2024-03,NT430,RIDGEWAY HOSPITAL,927,879,-48,True
2024-02,2024-03,NT431,RUNNYMEDE HOSPITAL,177,194,17,True
2024-02,2024-03,NT433,SARUM ROAD HOSPITAL,383,372,-11,True
2024-02,2024-03,NT434,SAXON CLINIC,779,747,-32,True
2024-02,2024-03,NT435,SHELBURNE HOSPITAL,100,103,3,True
2024-02,2024-03,NT436,SHIRLEY OAKS HOSPITAL,1216,1271,55,True
2024-02,2024-03,NT437,SLOANE HOSPITAL,811,815,4,True
2024-02,2024-03,NT440,THORNBURY HOSPITAL,406,410,4,True
2024-02,2024-03,NT441,THREE SHIRES HOSPITAL,2497,2604,107,True
2024-02,2024-03,NT443,WINTERBOURNE HOSPITAL,356,309,-47,True
2024-02,2024-03,NT445,EDGBASTON HOSPITAL,3,0,-3,False
2024-02,2024-03,NT446,ST EDMUNDS HOSPITAL,646,681,35,True
2024-02,2024-03,NT447,DUCHY HOSPITAL,455,472,17,True
2024-02,2024-03,NT448,HUDDERSFIELD HOSPITAL,880,902,22,True
2024-02,2024-03,NT449,LANCASTER HOSPITAL,232,294,62,True
2024-02,2024-03,NT450,LINCOLN HOSPITAL,1541,1554,13,True
2024-02,2024-03,NT451,CAVELL HOSPITAL,1240,1372,132,True
2024-02,2024-03,NT455,MOUNT ALVERNIA HOSPITAL,181,178,-3,True
2024-02,2024-03,NT457,WOODLANDS HOSPITAL,1925,1894,-31,True
2024-02,2024-03,NT490,SOUTHEND PRIVATE HOSPITAL,1142,1129,-13,True
2024-02,2024-03,NTE02,ST HUGH'S HOSPITAL,1697,1717,20,True
2024-02,2024-03,NTP11,PRACTICE PLUS GROUP HOSPITAL - SOUTHAMPTON,9592,10217,625,True
2024-02,2024-03,NTP13,PRACTICE PLUS GROUP HOSPITAL - BARLBOROUGH,1486,1471,-15,True
2024-02,2024-03,NTP15,PRACTICE PLUS GROUP HOSPITAL - ILFORD,6142,6030,-112,True
2024-02,2024-03,NTP16,PRACTICE PLUS GROUP SURGICAL CENTRE - GILLINGHAM,1533,1476,-57,True
2024-02,2024-03,NTPAD,PRACTICE PLUS GROUP SURGICAL CENTRE - ST MARYS PORTSMOUTH,2131,2165,34,True
2024-02,2024-03,NTPAE,PRACTICE PLUS GROUP OPHTHALMOLOGY - NORTH WEST,778,854,76,True
2024-02,2024-03,NTPH1,PRACTICE PLUS GROUP HOSPITAL - SHEPTON MALLET,3052,3072,20,True
2024-02,2024-03,NTPH2,PRACTICE PLUS GROUP HOSPITAL - EMERSONS GREEN,4668,4771,103,True
2024-02,2024-03,NTPH3,PRACTICE PLUS GROUP SURGICAL CENTRE - DEVIZES,2024,2105,81,True
2024-02,2024-03,NTPH5,PRACTICE PLUS GROUP HOSPITAL - PLYMOUTH,2574,2436,-138,True
2024-02,2024-03,NTX,THE ONE HEALTH GROUP PLC,3104,3320,216,True
2024-02,2024-03,NV1,INHEALTH LIMITED,2044,2055,11,True
2024-02,2024-03,NVC01,ASHTEAD HOSPITAL,879,869,-10,True
2024-02,2024-03,NVC02,THE BERKSHIRE INDEPENDENT HOSPITAL,1058,1088,30,True
2024-02,2024-03,NVC04,DUCHY HOSPITAL,1491,1545,54,True
2024-02,2024-03,NVC05,EUXTON HALL HOSPITAL,2353,2492,139,True
2024-02,2024-03,NVC06,FITZWILLIAM HOSPITAL,6515,6462,-53,True
2024-02,2024-03,NVC07,FULWOOD HALL HOSPITAL,6144,5513,-631,True
2024-02,2024-03,NVC08,MOUNT STUART HOSPITAL,2010,1937,-73,True
2024-02,2024-03,NVC09,NEW HALL HOSPITAL,3743,3683,-60,True
2024-02,2024-03,NVC0I,BEACON PARK HOSPITAL,1424,1592,168,True
2024-02,2024-03,NVC0R,TEES VALLEY HOSPITAL,3158,3323,165,True
2024-02,2024-03,NVC0Y,EXETER MEDICAL,360,388,28,True
2024-02,2024-03,NVC11,NORTH DOWNS HOSPITAL,2026,2002,-24,True
2024-02,2024-03,NVC12,OAKLANDS HOSPITAL,7921,7728,-193,True
2024-02,2024-03,NVC13,OAKS HOSPITAL,919,895,-24,True
2024-02,2024-03,NVC14,PARK HILL HOSPITAL,1107,1121,14,True
2024-02,2024-03,NVC15,PINEHILL HOSPITAL,1338,1403,65,True
2024-02,2024-03,NVC16,RENACRES HOSPITAL,3333,3297,-36,True
2024-02,2024-03,NVC17,ROWLEY HALL HOSPITAL,2939,2821,-118,True
2024-02,2024-03,NVC18,SPRINGFIELD HOSPITAL,5002,5040,38,True
2024-02,2024-03,NVC19,RIVERS HOSPITAL,4035,4117,82,True
2024-02,2024-03,NVC1H,STOURSIDE HOSPITAL,3258,3233,-25,True
2024-02,2024-03,NVC20,THE YORKSHIRE CLINIC,7551,7681,130,True
2024-02,2024-03,NVC21,WEST MIDLANDS HOSPITAL,930,957,27,True
2024-02,2024-03,NVC22,WINFIELD HOSPITAL,905,857,-48,True
2024-02,2024-03,NVC23,WOODLAND HOSPITAL,5062,4878,-184,True
2024-02,2024-03,NVC25,THE CHERWELL HOSPITAL,1511,1558,47,True
2024-02,2024-03,NVC27,BOSTON WEST HOSPITAL,2054,1915,-139,True
2024-02,2024-03,NVC28,CLIFTON PARK HOSPITAL,1583,1615,32,True
2024-02,2024-03,NVC29,COBALT HOSPITAL,1582,1256,-326,True
2024-02,2024-03,NVC31,BLAKELANDS HOSPITAL,1725,1760,35,True
2024-02,2024-03,NVC40,WOODTHORPE HOSPITAL,5332,5165,-167,True
2024-02,2024-03,NVC44,THE WESTBOURNE CENTRE,2094,2247,153,True
2024-02,2024-03,NVG01,FAIRFIELD HOSPITAL,2406,2351,-55,True
2024-02,2024-03,NVM,EPSOMEDICAL GROUP,2845,2964,119,True
2024-02,2024-03,NWF01,BENENDEN HOSPITAL,1248,1239,-9,True
2024-02,2024-03,NWV01,GP CARE UK,370,407,37,True
2024-02,2024-03,NWX,HERE,14945,14687,-258,True
2024-02,2024-03,NXM01,THE HORDER CENTRE - ST JOHNS ROAD,296,287,-9,True
2024-02,2024-03,NXP,INDEPENDENT HEALTH GROUP,985,1117,132,True
2024-02,2024-03,NYG,SUSSEX COMMUNITY DERMATOLOGY SERVICE,11190,12049,859,True
2024-02,2024-03,NYR,HEALTHSHARE DIAGNOSTICS,285,388,103,True
2024-02,2024-03,NYW17,ASPEN HEALTHCARE - MIDLAND EYE,551,550,-1,True
2024-02,2024-03,O1P6X,SPAMEDICA OLDHAM,119,119,0,True
2024-02,2024-03,O5Y9D,SPAMEDICA OXFORD,142,115,-27,True
2024-02,2024-03,P0C3F,SPAMEDICA LEEDS,105,94,-11,True
2024-02,2024-03,P1B7M,SPAMEDICA BRISTOL,92,90,-2,True
2024-02,2024-03,P5Y6K,NEWMEDICA - SHREWSBURY,120,201,81,True
2024-02,2024-03,Q1S8W,NEWMEDICA - BURY ST EDMUNDS,168,135,-33,True
2024-02,2024-03,Q1W6P,SPAMEDICA WATFORD,289,246,-43,True
2024-02,2024-03,R0A,MANCHESTER UNIVERSITY NHS FOUNDATION TRUST,186869,187109,240,True
2024-02,2024-03,R0B,SOUTH TYNESIDE AND SUNDERLAND NHS FOUNDATION TRUST,62406,62316,-90,True
2024-02,2024-03,R0D,UNIVERSITY HOSPITALS DORSET NHS FOUNDATION TRUST,66889,68374,1485,True
2024-02,2024-03,R0F4N,NUFFIELD HEALTH PARKSIDE HOSPITAL,743,789,46,True
2024-02,2024-03,R1A,HEREFORDSHIRE AND WORCESTERSHIRE HEALTH AND CARE NHS TRUST,46,42,-4,True
2024-02,2024-03,R1C,SOLENT NHS TRUST,233,269,36,True
2024-02,2024-03,R1D,SHROPSHIRE COMMUNITY HEALTH NHS TRUST,13844,13141,-703,True
2024-02,2024-03,R1F,ISLE OF WIGHT NHS TRUST,15519,15333,-186,True
2024-02,2024-03,R1G7E,SPAMEDICA KENDAL,131,113,-18,True
2024-02,2024-03,R1H,BARTS HEALTH NHS TRUST,119646,121895,2249,True
2024-02,2024-03,R1K,LONDON NORTH WEST UNIVERSITY HEALTHCARE NHS TRUST,99958,102001,2043,True
2024-02,2024-03,R1L,ESSEX PARTNERSHIP UNIVERSITY NHS FOUNDATION TRUST,1334,1342,8,True
2024-02,2024-03,R7W2O,NEWCASTLE NEWMEDICA LTD,216,296,80,True
2024-02,2024-03,RA2,ROYAL SURREY COUNTY HOSPITAL NHS FOUNDATION TRUST,42541,41789,-752,True
2024-02,2024-03,RA7,UNIVERSITY HOSPITALS BRISTOL AND WESTON NHS FOUNDATION TRUST,60133,60309,176,True
2024-02,2024-03,RA9,TORBAY AND SOUTH DEVON NHS FOUNDATION TRUST,33690,33478,-212,True
2024-02,2024-03,RAE,BRADFORD TEACHING HOSPITALS NHS FOUNDATION TRUST,34440,35310,870,True
2024-02,2024-03,RAJ,MID AND SOUTH ESSEX NHS FOUNDATION TRUST,163659,164070,411,True
2024-02,2024-03,RAL,ROYAL FREE LONDON NHS FOUNDATION TRUST,102461,104192,1731,True
2024-02,2024-03,RAN,ROYAL NATIONAL ORTHOPAEDIC HOSPITAL NHS TRUST,8346,8599,253,True
2024-02,2024-03,RAP,NORTH MIDDLESEX UNIVERSITY HOSPITAL NHS TRUST,23311,23700,389,True
2024-02,2024-03,RAS,THE HILLINGDON HOSPITALS NHS FOUNDATION TRUST,32279,32365,86,True
2024-02,2024-03,RAX,KINGSTON HOSPITAL NHS FOUNDATION TRUST,39693,38974,-719,True
2024-02,2024-03,RBD,DORSET COUNTY HOSPITAL NHS FOUNDATION TRUST,21020,21575,555,True
2024-02,2024-03,RBK,WALSALL HEALTHCARE NHS TRUST,31036,30420,-616,True
2024-02,2024-03,RBL,WIRRAL UNIVERSITY TEACHING HOSPITAL NHS FOUNDATION TRUST,41440,43883,2443,True
2024-02,2024-03,RBN,MERSEY AND WEST LANCASHIRE TEACHING HOSPITALS NHS TRUST,80055,79768,-287,True
2024-02,2024-03,RBQ,LIVERPOOL HEART AND CHEST HOSPITAL NHS FOUNDATION TRUST,5320,5291,-29,True
2024-02,2024-03,RBS,ALDER HEY CHILDREN'S NHS FOUNDATION TRUST,22905,22789,-116,True
2024-02,2024-03,RBT,MID CHESHIRE HOSPITALS NHS FOUNDATION TRUST,40228,38562,-1666,True
2024-02,2024-03,RBV,THE CHRISTIE NHS FOUNDATION TRUST,4005,4474,469,True
2024-02,2024-03,RC9,BEDFORDSHIRE HOSPITALS NHS FOUNDATION TRUST,97012,100062,3050,True
2024-02,2024-03,RCB,YORK AND SCARBOROUGH TEACHING HOSPITALS NHS FOUNDATION TRUST,47064,46042,-1022,True
2024-02,2024-03,RCD,HARROGATE AND DISTRICT NHS FOUNDATION TRUST,22079,22374,295,True
2024-02,2024-03,RCF,AIREDALE NHS FOUNDATION TRUST,15264,15125,-139,True
2024-02,2024-03,RCU,SHEFFIELD CHILDREN'S NHS FOUNDATION TRUST,13213,13321,108,True
2024-02,2024-03,RCX,"THE QUEEN ELIZABETH HOSPITAL, KING'S LYNN, NHS FOUNDATION TRUST",25531,25607,76,True
2024-02,2024-03,RD1,ROYAL UNITED HOSPITALS BATH NHS FOUNDATION TRUST,35291,34342,-949,True
2024-02,2024-03,RD8,MILTON KEYNES UNIVERSITY HOSPITAL NHS FOUNDATION TRUST,34623,34721,98,True
2024-02,2024-03,RDE,EAST SUFFOLK AND NORTH ESSEX NHS FOUNDATION TRUST,87906,84740,-3166,True
2024-02,2024-03,RDR,SUSSEX COMMUNITY NHS FOUNDATION TRUST,5217,5270,53,True
2024-02,2024-03,RDU,FRIMLEY HEALTH NHS FOUNDATION TRUST,80082,82078,1996,True
2024-02,2024-03,REF,ROYAL CORNWALL HOSPITALS NHS TRUST,43095,43209,114,True
2024-02,2024-03,REM,LIVERPOOL UNIVERSITY HOSPITALS NHS FOUNDATION TRUST,77095,75098,-1997,True
2024-02,2024-03,REN,THE CLATTERBRIDGE CANCER CENTRE NHS FOUNDATION TRUST,867,1223,356,True
2024-02,2024-03,REP,LIVERPOOL WOMEN'S NHS FOUNDATION TRUST,19125,18317,-808,True
2024-02,2024-03,RET,THE WALTON CENTRE NHS FOUNDATION TRUST,15635,15974,339,True
2024-02,2024-03,RF4,"BARKING, HAVERING AND REDBRIDGE UNIVERSITY HOSPITALS NHS TRUST",64164,65872,1708,True
2024-02,2024-03,RFF,BARNSLEY HOSPITAL NHS FOUNDATION TRUST,22231,22247,16,True
2024-02,2024-03,RFR,THE ROTHERHAM NHS FOUNDATION TRUST,30400,30811,411,True
2024-02,2024-03,RFS,CHESTERFIELD ROYAL HOSPITAL NHS FOUNDATION TRUST,28313,28257,-56,True
2024-02,2024-03,RGM,ROYAL PAPWORTH HOSPITAL NHS FOUNDATION TRUST,6750,6910,160,True
2024-02,2024-03,RGN,NORTH WEST ANGLIA NHS FOUNDATION TRUST,81773,82126,353,True
2024-02,2024-03,RGP,JAMES PAGET UNIVERSITY HOSPITALS NHS FOUNDATION TRUST,32306,31485,-821,True
2024-02,2024-03,RGR,WEST SUFFOLK NHS FOUNDATION TRUST,35441,34451,-990,True
2024-02,2024-03,RGT,CAMBRIDGE UNIVERSITY HOSPITALS NHS FOUNDATION TRUST,62392,62591,199,True
2024-02,2024-03,RH5,SOMERSET NHS FOUNDATION TRUST,53773,53498,-275,True
2024-02,2024-03,RH8,ROYAL DEVON UNIVERSITY HEALTHCARE NHS FOUNDATION TRUST,73737,73539,-198,True
2024-02,2024-03,RHM,UNIVERSITY HOSPITAL SOUTHAMPTON NHS FOUNDATION TRUST,58098,58430,332,True
2024-02,2024-03,RHQ,SHEFFIELD TEACHING HOSPITALS NHS FOUNDATION TRUST,91633,91818,185,True
2024-02,2024-03,RHU,PORTSMOUTH HOSPITALS UNIVERSITY NATIONAL HEALTH SERVICE TRUST,60009,60334,325,True
2024-02,2024-03,RHW,ROYAL BERKSHIRE NHS FOUNDATION TRUST,33558,33333,-225,True
2024-02,2024-03,RJ1,GUY'S AND ST THOMAS' NHS FOUNDATION TRUST,142462,143843,1381,True
2024-02,2024-03,RJ2,LEWISHAM AND GREENWICH NHS TRUST,67139,67147,8,True
2024-02,2024-03,RJ6,CROYDON HEALTH SERVICES NHS TRUST,34281,33109,-1172,True
2024-02,2024-03,RJ7,ST GEORGE'S UNIVERSITY HOSPITALS NHS FOUNDATION TRUST,62122,62819,697,True
2024-02,2024-03,RJ8,CORNWALL PARTNERSHIP NHS FOUNDATION TRUST,752,849,97,True
2024-02,2024-03,RJC,SOUTH WARWICKSHIRE UNIVERSITY NHS FOUNDATION TRUST,33981,33764,-217,True
2024-02,2024-03,RJE,UNIVERSITY HOSPITALS OF NORTH MIDLANDS NHS TRUST,81079,80618,-461,True
2024-02,2024-03,RJL,NORTHERN LINCOLNSHIRE AND GOOLE NHS FOUNDATION TRUST,41462,44270,2808,True
2024-02,2024-03,RJN,EAST CHESHIRE NHS TRUST,13083,13183,100,True
2024-02,2024-03,RJR,COUNTESS OF CHESTER HOSPITAL NHS FOUNDATION TRUST,30464,30082,-382,True
2024-02,2024-03,RJZ,KING'S COLLEGE HOSPITAL NHS FOUNDATION TRUST,104276,104326,50,True
2024-02,2024-03,RK5,SHERWOOD FOREST HOSPITALS NHS FOUNDATION TRUST,50530,50753,223,True
2024-02,2024-03,RK9,UNIVERSITY HOSPITALS PLYMOUTH NHS TRUST,47137,47636,499,True
2024-02,2024-03,RKB,UNIVERSITY HOSPITALS COVENTRY AND WARWICKSHIRE NHS TRUST,67342,67496,154,True
2024-02,2024-03,RKE,WHITTINGTON HEALTH NHS TRUST,20656,20968,312,True
2024-02,2024-03,RKL,WEST LONDON NHS TRUST,1944,2191,247,True
2024-02,2024-03,RL1,THE ROBERT JONES AND AGNES HUNT ORTHOPAEDIC HOSPITAL NHS FOUNDATION TRUST,14928,15306,378,True
2024-02,2024-03,RL4,THE ROYAL WOLVERHAMPTON NHS TRUST,88284,89643,1359,True
2024-02,2024-03,RLQ,WYE VALLEY NHS TRUST,23063,23520,457,True
2024-02,2024-03,RLT,GEORGE ELIOT HOSPITAL NHS TRUST,16896,16484,-412,True
2024-02,2024-03,RM1,NORFOLK AND NORWICH UNIVERSITY HOSPITALS NHS FOUNDATION TRUST,85694,85065,-629,True
2024-02,2024-03,RM3,NORTHERN CARE ALLIANCE NHS FOUNDATION TRUST,147987,142596,-5391,True
2024-02,2024-03,RMC,BOLTON NHS FOUNDATION TRUST,44219,43816,-403,True
2024-02,2024-03,RMP,TAMESIDE AND GLOSSOP INTEGRATED CARE NHS FOUNDATION TRUST,20090,20585,495,True
2024-02,2024-03,RN3,GREAT WESTERN HOSPITALS NHS FOUNDATION TRUST,38372,39323,951,True
2024-02,2024-03,RN5,HAMPSHIRE HOSPITALS NHS FOUNDATION TRUST,52561,52654,93,True
2024-02,2024-03,RN7,DARTFORD AND GRAVESHAM NHS TRUST,27028,27860,832,True
2024-02,2024-03,RNA,THE DUDLEY GROUP NHS FOUNDATION TRUST,48036,48478,442,True
2024-02,2024-03,RNN,NORTH CUMBRIA INTEGRATED CARE NHS FOUNDATION TRUST,39063,39749,686,True
2024-02,2024-03,RNQ,KETTERING GENERAL HOSPITAL NHS FOUNDATION TRUST,28292,27185,-1107,True
2024-02,2024-03,RNS,NORTHAMPTON GENERAL HOSPITAL NHS TRUST,40407,41087,680,True
2024-02,2024-03,RNZ,SALISBURY NHS FOUNDATION TRUST,28692,30044,1352,True
2024-02,2024-03,RP4,GREAT ORMOND STREET HOSPITAL FOR CHILDREN NHS FOUNDATION TRUST,7880,7871,-9,True
2024-02,2024-03,RP5,DONCASTER AND BASSETLAW TEACHING HOSPITALS NHS FOUNDATION TRUST,53812,54387,575,True
2024-02,2024-03,RP6,MOORFIELDS EYE HOSPITAL NHS FOUNDATION TRUST,35233,35656,423,True
2024-02,2024-03,RP7,LINCOLNSHIRE PARTNERSHIP NHS FOUNDATION TRUST,142,146,4,True
2024-02,2024-03,RPA,MEDWAY NHS FOUNDATION TRUST,43155,44030,875,True
2024-02,2024-03,RPC,QUEEN VICTORIA HOSPITAL NHS FOUNDATION TRUST,17809,17852,43,True
2024-02,2024-03,RPG,OXLEAS NHS FOUNDATION TRUST,2109,2241,132,True
2024-02,2024-03,RPY,THE ROYAL MARSDEN NHS FOUNDATION TRUST,1866,1842,-24,True
2024-02,2024-03,RQ3,BIRMINGHAM WOMEN'S AND CHILDREN'S NHS FOUNDATION TRUST,26102,26464,362,True
2024-02,2024-03,RQM,CHELSEA AND WESTMINSTER HOSPITAL NHS FOUNDATION TRUST,61349,62167,818,True
2024-02,2024-03,RQW,THE PRINCESS ALEXANDRA HOSPITAL NHS TRUST,25715,26067,352,True
2024-02,2024-03,RQX,HOMERTON HEALTHCARE NHS FOUNDATION TRUST,31136,31932,796,True
2024-02,2024-03,RQY,SOUTH WEST LONDON AND ST GEORGE'S MENTAL HEALTH NHS TRUST,7668,0,-7668,False
2024-02,2024-03,RR7,GATESHEAD HEALTH NHS FOUNDATION TRUST,12083,11824,-259,True
2024-02,2024-03,RR8,LEEDS TEACHING HOSPITALS NHS TRUST,91602,91919,317,True
2024-02,2024-03,RRE,MIDLANDS PARTNERSHIP NHS FOUNDATION TRUST,7681,7441,-240,True
2024-02,2024-03,RRF,"WRIGHTINGTON, WIGAN AND LEIGH NHS FOUNDATION TRUST",53077,53182,105,True
2024-02,2024-03,RRJ,THE ROYAL ORTHOPAEDIC HOSPITAL NHS FOUNDATION TRUST,15860,15899,39,True
2024-02,2024-03,RRK,UNIVERSITY HOSPITALS BIRMINGHAM NHS FOUNDATION TRUST,126521,126717,196,True
2024-02,2024-03,RRV,UNIVERSITY COLLEGE LONDON HOSPITALS NHS FOUNDATION TRUST,70731,72948,2217,True
2024-02,2024-03,RT1,CAMBRIDGESHIRE AND PETERBOROUGH NHS FOUNDATION TRUST,346,343,-3,True
2024-02,2024-03,RTD,THE NEWCASTLE UPON TYNE HOSPITALS NHS FOUNDATION TRUST,99026,99843,817,True
2024-02,2024-03,RTE,GLOUCESTERSHIRE HOSPITALS NHS FOUNDATION TRUST,76112,73398,-2714,True
2024-02,2024-03,RTF,NORTHUMBRIA HEALTHCARE NHS FOUNDATION TRUST,34084,33842,-242,True
2024-02,2024-03,RTG,UNIVERSITY HOSPITALS OF DERBY AND BURTON NHS FOUNDATION TRUST,106604,102618,-3986,True
2024-02,2024-03,RTH,OXFORD UNIVERSITY HOSPITALS NHS FOUNDATION TRUST,81302,82877,1575,True
2024-02,2024-03,RTK,ASHFORD AND ST PETER'S HOSPITALS NHS FOUNDATION TRUST,56724,56235,-489,True
2024-02,2024-03,RTP,SURREY AND SUSSEX HEALTHCARE NHS TRUST,49209,49106,-103,True
2024-02,2024-03,RTR,SOUTH TEES HOSPITALS NHS FOUNDATION TRUST,54002,53898,-104,True
2024-02,2024-03,RTX,UNIVERSITY HOSPITALS OF MORECAMBE BAY NHS FOUNDATION TRUST,31963,31955,-8,True
2024-02,2024-03,RV3,CENTRAL AND NORTH WEST LONDON NHS FOUNDATION TRUST,1138,1475,337,True
2024-02,2024-03,RVJ,NORTH BRISTOL NHS TRUST,46394,46278,-116,True
2024-02,2024-03,RVR,EPSOM AND ST HELIER UNIVERSITY HOSPITALS NHS TRUST,48926,49192,266,True
2024-02,2024-03,RVV,EAST KENT HOSPITALS UNIVERSITY NHS FOUNDATION TRUST,87165,85396,-1769,True
2024-02,2024-03,RVW,NORTH TEES AND HARTLEPOOL NHS FOUNDATION TRUST,21566,20147,-1419,True
2024-02,2024-03,RW1,SOUTHERN HEALTH NHS FOUNDATION TRUST,3472,3677,205,True
2024-02,2024-03,RW4,MERSEY CARE NHS FOUNDATION TRUST,44,42,-2,True
2024-02,2024-03,RW5,LANCASHIRE & SOUTH CUMBRIA NHS FOUNDATION TRUST,1288,1212,-76,True
2024-02,2024-03,RWA,HULL UNIVERSITY TEACHING HOSPITALS NHS TRUST,72724,73820,1096,True
2024-02,2024-03,RWD,UNITED LINCOLNSHIRE HOSPITALS NHS TRUST,69810,70209,399,True
2024-02,2024-03,RWE,UNIVERSITY HOSPITALS OF LEICESTER NHS TRUST,109272,109007,-265,True
2024-02,2024-03,RWF,MAIDSTONE AND TUNBRIDGE WELLS NHS TRUST,42658,42302,-356,True
2024-02,2024-03,RWG,WEST HERTFORDSHIRE TEACHING HOSPITALS NHS TRUST,58686,58590,-96,True
2024-02,2024-03,RWH,EAST AND NORTH HERTFORDSHIRE NHS TRUST,55075,55978,903,True
2024-02,2024-03,RWJ,STOCKPORT NHS FOUNDATION TRUST,40399,38734,-1665,True
2024-02,2024-03,RWP,WORCESTERSHIRE ACUTE HOSPITALS NHS TRUST,61327,61632,305,True
2024-02,2024-03,RWW,WARRINGTON AND HALTON TEACHING HOSPITALS NHS FOUNDATION TRUST,36663,36315,-348,True
2024-02,2024-03,RWX,BERKSHIRE HEALTHCARE NHS FOUNDATION TRUST,307,264,-43,True
2024-02,2024-03,RWY,CALDERDALE AND HUDDERSFIELD NHS FOUNDATION TRUST,35140,35494,354,True
2024-02,2024-03,RX1,NOTTINGHAM UNIVERSITY HOSPITALS NHS TRUST,82767,82533,-234,True
2024-02,2024-03,RX4,"CUMBRIA, NORTHUMBERLAND, TYNE AND WEAR NHS FOUNDATION TRUST",203,209,6,True
2024-02,2024-03,RXC,EAST SUSSEX HEALTHCARE NHS TRUST,52775,53009,234,True
2024-02,2024-03,RXF,MID YORKSHIRE TEACHING NHS TRUST,53778,53762,-16,True
2024-02,2024-03,RXG,SOUTH WEST YORKSHIRE PARTNERSHIP NHS FOUNDATION TRUST,2215,2598,383,True
2024-02,2024-03,RXK,SANDWELL AND WEST BIRMINGHAM HOSPITALS NHS TRUST,77543,77076,-467,True
2024-02,2024-03,RXL,BLACKPOOL TEACHING HOSPITALS NHS FOUNDATION TRUST,34866,34539,-327,True
2024-02,2024-03,RXM,DERBYSHIRE HEALTHCARE NHS FOUNDATION TRUST,262,273,11,True
2024-02,2024-03,RXN,LANCASHIRE TEACHING HOSPITALS NHS FOUNDATION TRUST,58177,58751,574,True
2024-02,2024-03,RXP,COUNTY DURHAM AND DARLINGTON NHS FOUNDATION TRUST,42998,43271,273,True
2024-02,2024-03,RXQ,BUCKINGHAMSHIRE HEALTHCARE NHS TRUST,49331,51047,1716,True
2024-02,2024-03,RXR,EAST LANCASHIRE HOSPITALS NHS TRUST,73127,73165,38,True
2024-02,2024-03,RXW,THE SHREWSBURY AND TELFORD HOSPITAL NHS TRUST,35220,36794,1574,True
2024-02,2024-03,RY2,BRIDGEWATER COMMUNITY HEALTHCARE NHS FOUNDATION TRUST,3603,0,-3603,False
2024-02,2024-03,RY3,NORFOLK COMMUNITY HEALTH AND CARE NHS TRUST,1828,0,-1828,False
2024-02,2024-03,RY6,LEEDS COMMUNITY HEALTHCARE NHS TRUST,86,86,0,True
2024-02,2024-03,RYJ,IMPERIAL COLLEGE HEALTHCARE NHS TRUST,100191,99317,-874,True
2024-02,2024-03,RYR,UNIVERSITY HOSPITALS SUSSEX NHS FOUNDATION TRUST,141647,141164,-483,True
2024-02,2024-03,RYW,BIRMINGHAM COMMUNITY HEALTHCARE NHS FOUNDATION TRUST,16568,16185,-383,True
2024-02,2024-03,RYX,CENTRAL LONDON COMMUNITY HEALTHCARE NHS TRUST,1946,2089,143,True
2024-02,2024-03,RYY,KENT COMMUNITY HEALTH NHS FOUNDATION TRUST,3794,3976,182,True
2024-02,2024-03,S1Z4X,NEWMEDICA - BIRMINGHAM,245,338,93,True
2024-02,2024-03,T8R5I,SPAMEDICA WOKINGHAM,188,169,-19,True
2024-02,2024-03,T8V3L,SPAMEDICA DONCASTER,118,133,15,True
2024-02,2024-03,TAD,BRADFORD DISTRICT CARE NHS FOUNDATION TRUST,426,437,11,True
2024-02,2024-03,V4U1Y,SPAMEDICA CHESTER,85,86,1,True
2024-02,2024-03,V5F1D,SPAMEDICA TELFORD,80,71,-9,True
2024-02,2024-03,V8N5R,SPAMEDICA DALSTON,0,41,41,False
2024-02,2024-03,Y8L9S,SPAMEDICA BROMLEY,261,217,-44,True
2024-02,2024-03,Z5J5V,SPAMEDICA HAYDOCK,11,61,50,True
2024-02,2024-03,Z9Z1G,SPAMEDICA GATESHEAD,131,169,38,True
2024-03,2024-04,A0C5S,SPAMEDICA GLOUCESTER,71,61,-10,True
2024-03,2024-04,A4M8P,BUCKSHAW HOSPITAL,3738,3830,92,True
2024-03,2024-04,A4Q9X,NEWMEDICA LEICESTER,209,250,41,True
2024-03,2024-04,AAH,TETBURY HOSPITAL TRUST LTD,290,325,35,True
2024-03,2024-04,AAV,COMMUNITY HEALTH AND EYECARE LIMITED,2898,3425,527,True
2024-03,2024-04,ACG08,NEWMEDICA OPHTHALMOLOGY - NUNEATON - CAMP HILL - GP LED HEALTH CENTRE,12,8,-4,True
2024-03,2024-04,ACG12,NEWMEDICA COMMUNITY OPHTHALMOLOGY - NORTH EAST LINCOLNSHIRE - GRIMSBY,264,330,66,True
2024-03,2024-04,ACG13,NEWMEDICA - GLOUCESTER (ASPEN MEDICAL CENTRE),228,212,-16,True
2024-03,2024-04,ACG19,NEWMEDICA COMMUNITY OPHTHALMOLOGY - LEEDS,507,579,72,True
2024-03,2024-04,ACG20,NEWMEDICA - BRISTOL - LITFIELD HOUSE,221,170,-51,True
2024-03,2024-04,ACG22,NEWMEDICA - BRIGG - RIVERSIDE SURGERY,215,306,91,True
2024-03,2024-04,ACG24,NEWMEDICA - TEESSIDE - NORTH ORMESBY,638,695,57,True
2024-03,2024-04,ACG26,NEWMEDICA - NORTH DERBYSHIRE - MIDLAND COURT,549,533,-16,True
2024-03,2024-04,ACG30,NEWMEDICA - WORKSOP - DUKERIES,46,52,6,True
2024-03,2024-04,ACG31,NEWMEDICA - WORCESTER,915,967,52,True
2024-03,2024-04,ACG36,NEWMEDICA - EXETER - GLEN HOUSE,287,188,-99,True
2024-03,2024-04,ACG37,NEWMEDICA - IPSWICH,1836,1692,-144,True
2024-03,2024-04,ACG38,NEWMEDICA - LANGFORD,258,219,-39,True
2024-03,2024-04,ACG39,NEWMEDICA - SWINDON,318,309,-9,True
2024-03,2024-04,ACG40,NEWMEDICA - WAKEFIELD,661,668,7,True
2024-03,2024-04,ACM,EYE CARE MEDICAL LTD,4,5,1,True
2024-03,2024-04,ADN,PRIMARY INTEGRATED COMMUNITY SERVICES LTD,1997,2019,22,True
2024-03,2024-04,ADP02,KIMS HOSPITAL (NEWNHAM COURT),1450,1401,-49,True
2024-03,2024-04,AHP,ST MICHAEL'S CLINIC LIMITED,1559,1683,124,True
2024-03,2024-04,AJ8,THE GRANGE MEDICAL CENTRE HQ,233,154,-79,True
2024-03,2024-04,AJX,SUSSEX MSK PARTNERSHIP 2,7340,7417,77,True
2024-03,2024-04,AQK,VERNOVA HEALTHCARE COMMUNITY INTEREST COMPANY,84,77,-7,True
2024-03,2024-04,AY1,MEDEFER,1827,2138,311,True
2024-03,2024-04,B1A5K,NEWMEDICA - NOTTINGHAM,573,626,53,True
2024-03,2024-04,B3M1X,CLAREMONT PRIVATE HOSPITAL,1846,2040,194,True
2024-03,2024-04,B4N1U,SPAMEDICA ROMFORD,302,300,-2,True
2024-03,2024-04,B5M7B,NEWMEDICA - NORWICH,642,537,-105,True
2024-03,2024-04,B9J4U,SPAMEDICA PETERBOROUGH,116,120,4,True
2024-03,2024-04,B9M3W,SPAMEDICA SOUTHAMPTON,292,252,-40,True
2024-03,2024-04,C3Y0A,SPAMEDICA BLACKPOOL,31,106,75,True
2024-03,2024-04,D3O0Z,PLYMOUTH NEWMEDICA LTD,222,201,-21,True
2024-03,2024-04,D5P5H,SPAMEDICA BEXHILL,259,239,-20,True
2024-03,2024-04,DFQ,NORWICH & NORFOLK SURGICAL LTD (N2S),1004,953,-51,True
2024-03,2024-04,DFY01,COTSWOLDS SURGICAL PARTNERS,191,224,33,True
2024-03,2024-04,DTT,PHOENIX PUBLIC HEALTH LTD,205,164,-41,True
2024-03,2024-04,DX1,THE NEW FOSCOTE HOSPITAL LTD,221,220,-1,True
2024-03,2024-04,DXV,OMNES HEALTHCARE LTD,7893,7608,-285,True
2024-03,2024-04,E1U4T,SPAMEDICA CARLISLE,289,268,-21,True
2024-03,2024-04,E3D4A,SPAMEDICA TRURO,126,100,-26,True
2024-03,2024-04,F9Z4V,CIRCLE READING HOSPITAL,1451,1312,-139,True
2024-03,2024-04,G3O5P,SPAMEDICA NEWARK,198,241,43,True
2024-03,2024-04,G3Q3Z,NUFFIELD HEALTH HIGHGATE HOSPITAL,818,829,11,True
2024-03,2024-04,G3Z1Q,SULIS HOSPITAL BATH (FOXCOTE AVENUE),3644,3542,-102,True
2024-03,2024-04,G5X2Q,SPAMEDICA NORTH TYNESIDE,58,67,9,True
2024-03,2024-04,GEC01,RAPID INVESTIGATION SERVICE,117,151,34,True
2024-03,2024-04,H4I8B,NUFFIELD HEALTH THE HOLLY HOSPITAL,3533,3559,26,True
2024-03,2024-04,H4J9P,NEWMEDICA AZTEC WEST,458,383,-75,True
2024-03,2024-04,I2C7H,SPAMEDICA BRADFORD,100,77,-23,True
2024-03,2024-04,I9A4A,SPAMEDICA BRIGHTON,189,186,-3,True
2024-03,2024-04,J2H6H,SPAMEDICA COLCHESTER,123,85,-38,True
2024-03,2024-04,J3J8Z,NEWMEDICA - OXFORDSHIRE,474,454,-20,True
2024-03,2024-04,J3X4C,SPAMEDICA WORCESTER,21,11,-10,True
2024-03,2024-04,J7V1N,SPAMEDICA SOLIHULL,150,134,-16,True
2024-03,2024-04,K8I4X,GLENDON WOOD HOSPITAL,1664,1545,-119,True
2024-03,2024-04,L0D9W,NEWMEDICA - GLOUCESTER (BRIGHOUSE COURT),975,1035,60,True
2024-03,2024-04,L4R3R,NEWMEDICA - HAMPSHIRE,318,477,159,True
2024-03,2024-04,L6O7H,SPAMEDICA POOLE,883,906,23,True
2024-03,2024-04,L9D3Z,SPAMEDICA LEICESTER,81,31,-50,True
2024-03,2024-04,M0N7E,SPAMEDICA SITTINGBOURNE,102,71,-31,True
2024-03,2024-04,M3R0W,SPAMEDICA NORWICH,153,134,-19,True
2024-03,2024-04,M4C5R,NEWMEDICA - NORTHAMPTON,697,729,32,True
2024-03,2024-04,M5E1S,SPAMEDICA EXETER,267,243,-24,True
2024-03,2024-04,M7C9Q,SPAMEDICA EPSOM,169,211,42,True
2024-03,2024-04,N6Z0R,NEWMEDICA - LINCOLN,5,13,8,True
2024-03,2024-04,NAM01,PROBUS SURGICAL CENTRE,917,975,58,True
2024-03,2024-04,NCN,DMC HEALTHCARE,1860,2066,206,True
2024-03,2024-04,NCR,ISIGHT,912,972,60,True
2024-03,2024-04,NDJ,FIRST COMMUNITY HEALTH AND CARE CIC,719,783,64,True
2024-03,2024-04,NDL01,SUFFOLK GP FEDERATION,105,122,17,True
2024-03,2024-04,NEQ,PHOENIX HEALTH SOLUTIONS LIMITED HQ,1555,817,-738,True
2024-03,2024-04,NEY,PIONEER HEALTHCARE LIMITED,2930,4154,1224,True
2024-03,2024-04,NFH,SOMERSET SURGICAL SERVICES HQ,912,804,-108,True
2024-03,2024-04,NL3,CARE PLUS GROUP,184,219,35,True
2024-03,2024-04,NL8,LOCALA COMMUNITY PARTNERSHIPS CIC,2145,2007,-138,True
2024-03,2024-04,NLE01,LANCASTER HOUSE CONSULTING DIAGNOSTICS SURGICAL LTD HQ,571,534,-37,True
2024-03,2024-04,NLX,SIRONA CARE & HEALTH,4198,4220,22,True
2024-03,2024-04,NMG,CONNECT HEALTH LIMITED,20271,15043,-5228,True
2024-03,2024-04,NN4,TYNESIDE SURGICAL SERVICES LTD,861,964,103,True
2024-03,2024-04,NN5,MANCHESTER SURGICAL SERVICES LTD,815,745,-70,True
2024-03,2024-04,NN8,SPENCER PRIVATE HOSPITALS LTD,3156,3123,-33,True
2024-03,2024-04,NNE,DORKING HEALTHCARE LIMITED (DHC),5369,5524,155,True
2024-03,2024-04,NPG01,SPAMEDICA MANCHESTER,107,127,20,True
2024-03,2024-04,NPG02,SPAMEDICA WIRRAL,168,151,-17,True
2024-03,2024-04,NPG06,SPAMEDICA LIVERPOOL,226,191,-35,True
2024-03,2024-04,NPG07,SPAMEDICA EYE HOSPITAL (WAKEFIELD),124,128,4,True
2024-03,2024-04,NPG08,SPAMEDICA BOLTON,305,264,-41,True
2024-03,2024-04,NPG10,SPAMEDICA SHEFFIELD,145,146,1,True
2024-03,2024-04,NPG11,SPAMEDICA BIRMINGHAM,235,169,-66,True
2024-03,2024-04,NPG13,SPAMEDICA SKELMERSDALE,95,82,-13,True
2024-03,2024-04,NPG14,SPAMEDICA WIDNES,104,105,1,True
2024-03,2024-04,NPG15,SPAMEDICA NEWCASTLE-UNDER-LYME,173,152,-21,True
2024-03,2024-04,NPG16,SPAMEDICA CHELMSFORD,1030,905,-125,True
2024-03,2024-04,NPG17,SPAMEDICA PRESTON,145,187,42,True
2024-03,2024-04,NPG18,SPAMEDICA HULL,129,104,-25,True
2024-03,2024-04,NPG19,SPAMEDICA BEDFORD,174,144,-30,True
2024-03,2024-04,NPG20,SPAMEDICA WOLVERHAMPTON,258,202,-56,True
2024-03,2024-04,NPG21,SPAMEDICA COVENTRY,182,189,7,True
2024-03,2024-04,NPG22,SPAMEDICA STOCKTON-ON-TEES,133,117,-16,True
2024-03,2024-04,NPG23,SPAMEDICA DERBY,144,146,2,True
2024-03,2024-04,NQH,NOVUS HEALTH LTD,863,521,-342,True
2024-03,2024-04,NQM01,ORTHOPAEDICS & SPINE SPECIALIST HOSPITAL SITE,163,167,4,True
2024-03,2024-04,NQT5K,ST MARTINS HOSPITAL,870,854,-16,True
2024-03,2024-04,NQTH0,HCRG CARE EAST RIDING LLP,2350,3094,744,True
2024-03,2024-04,NQX01,PROVIDE WELLBEING @ TOLLGATE CLINIC,76,0,-76,False
2024-03,2024-04,NR5,LIVEWELL SOUTHWEST,72,76,4,True
2024-03,2024-04,NRP,BEACON MEDICAL SERVICES GROUP LIMITED,500,492,-8,True
2024-03,2024-04,NT202,"NUFFIELD HEALTH, BOURNEMOUTH HOSPITAL",320,316,-4,True
2024-03,2024-04,NT204,"NUFFIELD HEALTH, BRENTWOOD HOSPITAL",836,825,-11,True
2024-03,2024-04,NT205,"NUFFIELD HEALTH, BRIGHTON HOSPITAL",315,316,1,True
2024-03,2024-04,NT206,"NUFFIELD HEALTH, BRISTOL HOSPITAL (CHESTERFIELD)",411,399,-12,True
2024-03,2024-04,NT209,"NUFFIELD HEALTH, CAMBRIDGE HOSPITAL",491,452,-39,True
2024-03,2024-04,NT210,"NUFFIELD HEALTH, THE GROSVENOR HOSPITAL, CHESTER",307,300,-7,True
2024-03,2024-04,NT211,"NUFFIELD HEALTH, CHELTENHAM HOSPITAL",93,73,-20,True
2024-03,2024-04,NT212,"NUFFIELD HEALTH, CHICHESTER HOSPITAL",501,536,35,True
2024-03,2024-04,NT213,"NUFFIELD HEALTH, DERBY HOSPITAL",1366,1377,11,True
2024-03,2024-04,NT214,"NUFFIELD HEALTH, WESSEX HOSPITAL",502,489,-13,True
2024-03,2024-04,NT215,"NUFFIELD HEALTH, EXETER HOSPITAL",112,167,55,True
2024-03,2024-04,NT218,"NUFFIELD HEALTH, HAYWARDS HEATH HOSPITAL",85,60,-25,True
2024-03,2024-04,NT219,"NUFFIELD HEALTH, HEREFORD HOSPITAL",259,242,-17,True
2024-03,2024-04,NT224,"NUFFIELD HEALTH, WARWICKSHIRE HOSPITAL",157,161,4,True
2024-03,2024-04,NT225,"NUFFIELD HEALTH, LEEDS HOSPITAL",1383,1334,-49,True
2024-03,2024-04,NT226,"NUFFIELD HEALTH, LEICESTER HOSPITAL",248,232,-16,True
2024-03,2024-04,NT229,"NUFFIELD HEALTH, NEWCASTLE UPON TYNE HOSPITAL",325,325,0,True
2024-03,2024-04,NT230,"NUFFIELD HEALTH, NORTH STAFFORDSHIRE HOSPITAL",1588,971,-617,True
2024-03,2024-04,NT233,"NUFFIELD HEALTH, PLYMOUTH HOSPITAL",1116,985,-131,True
2024-03,2024-04,NT235,"NUFFIELD HEALTH, SHREWSBURY HOSPITAL",250,252,2,True
2024-03,2024-04,NT237,"NUFFIELD HEALTH, TEES HOSPITAL",1126,1559,433,True
2024-03,2024-04,NT238,"NUFFIELD HEALTH, TAUNTON HOSPITAL",315,306,-9,True
2024-03,2024-04,NT239,"NUFFIELD HEALTH, TUNBRIDGE WELLS HOSPITAL",438,408,-30,True
2024-03,2024-04,NT241,"NUFFIELD HEALTH, WOKING HOSPITAL",429,396,-33,True
2024-03,2024-04,NT242,"NUFFIELD HEALTH, WOLVERHAMPTON HOSPITAL",490,502,12,True
2024-03,2024-04,NT245,"NUFFIELD HEALTH, YORK HOSPITAL",531,509,-22,True
2024-03,2024-04,NT301,SPIRE SOUTH BANK HOSPITAL,1272,1045,-227,True
2024-03,2024-04,NT302,SPIRE BRISTOL HOSPITAL,897,878,-19,True
2024-03,2024-04,NT304,SPIRE SOUTHAMPTON HOSPITAL,741,981,240,True
2024-03,2024-04,NT305,SPIRE PORTSMOUTH HOSPITAL,264,297,33,True
2024-03,2024-04,NT308,SPIRE GATWICK PARK HOSPITAL,872,832,-40,True
2024-03,2024-04,NT30A,SPIRE NOTTINGHAM HOSPITAL,504,513,9,True
2024-03,2024-04,NT310,SPIRE TUNBRIDGE WELLS HOSPITAL,334,284,-50,True
2024-03,2024-04,NT312,SPIRE ALEXANDRA HOSPITAL,1009,1069,60,True
2024-03,2024-04,NT313,SPIRE WELLESLEY HOSPITAL,1794,1698,-96,True
2024-03,2024-04,NT314,SPIRE LONDON EAST,2033,1990,-43,True
2024-03,2024-04,NT315,SPIRE BUSHEY HOSPITAL,725,731,6,True
2024-03,2024-04,NT316,SPIRE HARPENDEN HOSPITAL,779,735,-44,True
2024-03,2024-04,NT317,SPIRE CAMBRIDGE LEA HOSPITAL,448,475,27,True
2024-03,2024-04,NT318,SPIRE NORWICH HOSPITAL,183,209,26,True
2024-03,2024-04,NT319,SPIRE HARTSWOOD HOSPITAL,1659,1575,-84,True
2024-03,2024-04,NT320,SPIRE PARKWAY HOSPITAL,956,960,4,True
2024-03,2024-04,NT321,SPIRE LITTLE ASTON HOSPITAL,1590,1535,-55,True
2024-03,2024-04,NT322,SPIRE LEICESTER HOSPITAL,769,774,5,True
2024-03,2024-04,NT324,SPIRE CHESHIRE HOSPITAL,1105,1168,63,True
2024-03,2024-04,NT325,SPIRE MURRAYFIELD HOSPITAL,496,549,53,True
2024-03,2024-04,NT327,SPIRE MANCHESTER HOSPITAL,687,617,-70,True
2024-03,2024-04,NT332,SPIRE LEEDS HOSPITAL,1043,1049,6,True
2024-03,2024-04,NT333,SPIRE WASHINGTON HOSPITAL,1349,1301,-48,True
2024-03,2024-04,NT337,SPIRE LIVERPOOL HOSPITAL,3059,2958,-101,True
2024-03,2024-04,NT339,SPIRE REGENCY HOSPITAL,1530,1550,20,True
2024-03,2024-04,NT343,SPIRE THAMES VALLEY HOSPITAL,298,334,36,True
2024-03,2024-04,NT344,SPIRE DUNEDIN HOSPITAL,409,423,14,True
2024-03,2024-04,NT345,SPIRE CLARE PARK HOSPITAL,323,310,-13,True
2024-03,2024-04,NT347,SPIRE FYLDE COAST HOSPITAL,2551,2565,14,True
2024-03,2024-04,NT348,SPIRE ELLAND HOSPITAL,1049,1029,-20,True
2024-03,2024-04,NT350,SPIRE METHLEY PARK HOSPITAL,1034,1076,42,True
2024-03,2024-04,NT351,SPIRE HULL AND EAST RIDING HOSPITAL,3228,3137,-91,True
2024-03,2024-04,NT364,SPIRE MONTEFIORE HOSPITAL,561,479,-82,True
2024-03,2024-04,NT3X3,SPIRE ST ANTHONY'S HOSPITAL,621,548,-73,True
2024-03,2024-04,NT401,ALEXANDRA HOSPITAL,548,541,-7,True
2024-03,2024-04,NT402,BATH CLINIC,543,551,8,True
2024-03,2024-04,NT403,BEARDWOOD HOSPITAL,2173,2097,-76,True
2024-03,2024-04,NT404,BEAUMONT HOSPITAL,3467,3219,-248,True
2024-03,2024-04,NT405,BISHOPS WOOD HOSPITAL,480,442,-38,True
2024-03,2024-04,NT406,BLACKHEATH HOSPITAL,1318,1408,90,True
2024-03,2024-04,NT408,CHAUCER HOSPITAL,982,994,12,True
2024-03,2024-04,NT409,CHELSFIELD PARK HOSPITAL,622,639,17,True
2024-03,2024-04,NT410,CHILTERN HOSPITAL,534,542,8,True
2024-03,2024-04,NT411,CLEMENTINE CHURCHILL HOSPITAL,1972,2113,141,True
2024-03,2024-04,NT412,DROITWICH SPA HOSPITAL,1242,1305,63,True
2024-03,2024-04,NT416,HENDON HOSPITAL,779,875,96,True
2024-03,2024-04,NT417,GORING HALL HOSPITAL,1048,1121,73,True
2024-03,2024-04,NT418,HAMPSHIRE CLINIC,250,292,42,True
2024-03,2024-04,NT419,HARBOUR HOSPITAL,119,114,-5,True
2024-03,2024-04,NT420,HIGHFIELD HOSPITAL,1544,1315,-229,True
2024-03,2024-04,NT421,KINGS OAK HOSPITAL,1422,1524,102,True
2024-03,2024-04,NT422,LONDON INDEPENDENT HOSPITAL,5177,5435,258,True
2024-03,2024-04,NT423,MANOR HOSPITAL,1349,749,-600,True
2024-03,2024-04,NT424,MERIDEN HOSPITAL,1349,1545,196,True
2024-03,2024-04,NT427,PARK HOSPITAL,815,921,106,True
2024-03,2024-04,NT428,PRINCESS MARGARET HOSPITAL,78,84,6,True
2024-03,2024-04,NT429,PRIORY HOSPITAL,1489,1370,-119,True
2024-03,2024-04,NT430,RIDGEWAY HOSPITAL,879,855,-24,True
2024-03,2024-04,NT431,RUNNYMEDE HOSPITAL,194,211,17,True
2024-03,2024-04,NT433,SARUM ROAD HOSPITAL,372,371,-1,True
2024-03,2024-04,NT434,SAXON CLINIC,747,728,-19,True
2024-03,2024-04,NT435,SHELBURNE HOSPITAL,103,115,12,True
2024-03,2024-04,NT436,SHIRLEY OAKS HOSPITAL,1271,1287,16,True
2024-03,2024-04,NT437,SLOANE HOSPITAL,815,826,11,True
2024-03,2024-04,NT440,THORNBURY HOSPITAL,410,487,77,True
2024-03,2024-04,NT441,THREE SHIRES HOSPITAL,2604,2822,218,True
2024-03,2024-04,NT443,WINTERBOURNE HOSPITAL,309,263,-46,True
2024-03,2024-04,NT446,ST EDMUNDS HOSPITAL,681,677,-4,True
2024-03,2024-04,NT447,DUCHY HOSPITAL,472,438,-34,True
2024-03,2024-04,NT448,HUDDERSFIELD HOSPITAL,902,908,6,True
2024-03,2024-04,NT449,LANCASTER HOSPITAL,294,332,38,True
2024-03,2024-04,NT450,LINCOLN HOSPITAL,1554,1644,90,True
2024-03,2024-04,NT451,CAVELL HOSPITAL,1372,1487,115,True
2024-03,2024-04,NT455,MOUNT ALVERNIA HOSPITAL,178,205,27,True
2024-03,2024-04,NT457,WOODLANDS HOSPITAL,1894,1890,-4,True
2024-03,2024-04,NT490,SOUTHEND PRIVATE HOSPITAL,1129,1390,261,True
2024-03,2024-04,NTE02,ST HUGH'S HOSPITAL,1717,1725,8,True
2024-03,2024-04,NTP11,PRACTICE PLUS GROUP HOSPITAL - SOUTHAMPTON,10217,10004,-213,True
2024-03,2024-04,NTP13,PRACTICE PLUS GROUP HOSPITAL - BARLBOROUGH,1471,1497,26,True
2024-03,2024-04,NTP15,PRACTICE PLUS GROUP HOSPITAL - ILFORD,6030,5944,-86,True
2024-03,2024-04,NTP16,PRACTICE PLUS GROUP SURGICAL CENTRE - GILLINGHAM,1476,1425,-51,True
2024-03,2024-04,NTPAD,PRACTICE PLUS GROUP SURGICAL CENTRE - ST MARYS PORTSMOUTH,2165,2282,117,True
2024-03,2024-04,NTPAE,PRACTICE PLUS GROUP OPHTHALMOLOGY - NORTH WEST,854,893,39,True
2024-03,2024-04,NTPH1,PRACTICE PLUS GROUP HOSPITAL - SHEPTON MALLET,3072,3015,-57,True
2024-03,2024-04,NTPH2,PRACTICE PLUS GROUP HOSPITAL - EMERSONS GREEN,4771,4881,110,True
2024-03,2024-04,NTPH3,PRACTICE PLUS GROUP SURGICAL CENTRE - DEVIZES,2105,2210,105,True
2024-03,2024-04,NTPH5,PRACTICE PLUS GROUP HOSPITAL - PLYMOUTH,2436,2337,-99,True
2024-03,2024-04,NTX,THE ONE HEALTH GROUP PLC,3320,3270,-50,True
2024-03,2024-04,NV1,INHEALTH LIMITED,2055,2026,-29,True
2024-03,2024-04,NVC01,ASHTEAD HOSPITAL,869,770,-99,True
2024-03,2024-04,NVC02,THE BERKSHIRE INDEPENDENT HOSPITAL,1088,1074,-14,True
2024-03,2024-04,NVC04,DUCHY HOSPITAL,1545,1688,143,True
2024-03,2024-04,NVC05,EUXTON HALL HOSPITAL,2492,2572,80,True
2024-03,2024-04,NVC06,FITZWILLIAM HOSPITAL,6462,6673,211,True
2024-03,2024-04,NVC07,FULWOOD HALL HOSPITAL,5513,5241,-272,True
2024-03,2024-04,NVC08,MOUNT STUART HOSPITAL,1937,1885,-52,True
2024-03,2024-04,NVC09,NEW HALL HOSPITAL,3683,3641,-42,True
2024-03,2024-04,NVC0I,BEACON PARK HOSPITAL,1592,1666,74,True
2024-03,2024-04,NVC0R,TEES VALLEY HOSPITAL,3323,3530,207,True
2024-03,2024-04,NVC0Y,EXETER MEDICAL,388,408,20,True
2024-03,2024-04,NVC11,NORTH DOWNS HOSPITAL,2002,2049,47,True
2024-03,2024-04,NVC12,OAKLANDS HOSPITAL,7728,7387,-341,True
2024-03,2024-04,NVC13,OAKS HOSPITAL,895,913,18,True
2024-03,2024-04,NVC14,PARK HILL HOSPITAL,1121,1094,-27,True
2024-03,2024-04,NVC15,PINEHILL HOSPITAL,1403,1373,-30,True
2024-03,2024-04,NVC16,RENACRES HOSPITAL,3297,3473,176,True
2024-03,2024-04,NVC17,ROWLEY HALL HOSPITAL,2821,2914,93,True
2024-03,2024-04,NVC18,SPRINGFIELD HOSPITAL,5040,5279,239,True
2024-03,2024-04,NVC19,RIVERS HOSPITAL,4117,4182,65,True
2024-03,2024-04,NVC1H,STOURSIDE HOSPITAL,3233,3192,-41,True
2024-03,2024-04,NVC20,THE YORKSHIRE CLINIC,7681,8094,413,True
2024-03,2024-04,NVC21,WEST MIDLANDS HOSPITAL,957,982,25,True
2024-03,2024-04,NVC22,WINFIELD HOSPITAL,857,893,36,True
2024-03,2024-04,NVC23,WOODLAND HOSPITAL,4878,5138,260,True
2024-03,2024-04,NVC25,THE CHERWELL HOSPITAL,1558,1726,168,True
2024-03,2024-04,NVC27,BOSTON WEST HOSPITAL,1915,1965,50,True
2024-03,2024-04,NVC28,CLIFTON PARK HOSPITAL,1615,1739,124,True
2024-03,2024-04,NVC29,COBALT HOSPITAL,1256,1490,234,True
2024-03,2024-04,NVC31,BLAKELANDS HOSPITAL,1760,1734,-26,True
2024-03,2024-04,NVC40,WOODTHORPE HOSPITAL,5165,5051,-114,True
2024-03,2024-04,NVC44,THE WESTBOURNE CENTRE,2247,2376,129,True
2024-03,2024-04,NVG01,FAIRFIELD HOSPITAL,2351,2307,-44,True
2024-03,2024-04,NVM,EPSOMEDICAL GROUP,2964,3081,117,True
2024-03,2024-04,NWF01,BENENDEN HOSPITAL,1239,1292,53,True
2024-03,2024-04,NWV01,GP CARE UK,407,387,-20,True
2024-03,2024-04,NWX,HERE,14687,14659,-28,True
2024-03,2024-04,NXM01,THE HORDER CENTRE - ST JOHNS ROAD,287,275,-12,True
2024-03,2024-04,NXP,INDEPENDENT HEALTH GROUP,1117,977,-140,True
2024-03,2024-04,NYG,SUSSEX COMMUNITY DERMATOLOGY SERVICE,12049,12264,215,True
2024-03,2024-04,NYR,HEALTHSHARE DIAGNOSTICS,388,475,87,True
2024-03,2024-04,NYW17,ASPEN HEALTHCARE - MIDLAND EYE,550,638,88,True
2024-03,2024-04,O1P6X,SPAMEDICA OLDHAM,119,120,1,True
2024-03,2024-04,O5Y9D,SPAMEDICA OXFORD,115,146,31,True
2024-03,2024-04,P0C3F,SPAMEDICA LEEDS,94,104,10,True
2024-03,2024-04,P1B7M,SPAMEDICA BRISTOL,90,77,-13,True
2024-03,2024-04,P5Y6K,NEWMEDICA - SHREWSBURY,201,315,114,True
2024-03,2024-04,Q1S8W,NEWMEDICA - BURY ST EDMUNDS,135,110,-25,True
2024-03,2024-04,Q1W6P,SPAMEDICA WATFORD,246,187,-59,True
2024-03,2024-04,R0A,MANCHESTER UNIVERSITY NHS FOUNDATION TRUST,187109,188827,1718,True
2024-03,2024-04,R0B,SOUTH TYNESIDE AND SUNDERLAND NHS FOUNDATION TRUST,62316,60976,-1340,True
2024-03,2024-04,R0D,UNIVERSITY HOSPITALS DORSET NHS FOUNDATION TRUST,68374,69988,1614,True
2024-03,2024-04,R0F4N,NUFFIELD HEALTH PARKSIDE HOSPITAL,789,860,71,True
2024-03,2024-04,R1A,HEREFORDSHIRE AND WORCESTERSHIRE HEALTH AND CARE NHS TRUST,42,53,11,True
2024-03,2024-04,R1C,SOLENT NHS TRUST,269,215,-54,True
2024-03,2024-04,R1D,SHROPSHIRE COMMUNITY HEALTH NHS TRUST,13141,12549,-592,True
2024-03,2024-04,R1F,ISLE OF WIGHT NHS TRUST,15333,15538,205,True
2024-03,2024-04,R1G7E,SPAMEDICA KENDAL,113,122,9,True
2024-03,2024-04,R1H,BARTS HEALTH NHS TRUST,121895,122329,434,True
2024-03,2024-04,R1K,LONDON NORTH WEST UNIVERSITY HEALTHCARE NHS TRUST,102001,103030,1029,True
2024-03,2024-04,R1L,ESSEX PARTNERSHIP UNIVERSITY NHS FOUNDATION TRUST,1342,1051,-291,True
2024-03,2024-04,R3I5E,NEWMEDICA -TELFORD,0,6,6,False
2024-03,2024-04,R7W2O,NEWCASTLE NEWMEDICA LTD,296,253,-43,True
2024-03,2024-04,RA2,ROYAL SURREY COUNTY HOSPITAL NHS FOUNDATION TRUST,41789,41031,-758,True
2024-03,2024-04,RA7,UNIVERSITY HOSPITALS BRISTOL AND WESTON NHS FOUNDATION TRUST,60309,60569,260,True
2024-03,2024-04,RA9,TORBAY AND SOUTH DEVON NHS FOUNDATION TRUST,33478,33560,82,True
2024-03,2024-04,RAE,BRADFORD TEACHING HOSPITALS NHS FOUNDATION TRUST,35310,35476,166,True
2024-03,2024-04,RAJ,MID AND SOUTH ESSEX NHS FOUNDATION TRUST,164070,164302,232,True
2024-03,2024-04,RAL,ROYAL FREE LONDON NHS FOUNDATION TRUST,104192,105194,1002,True
2024-03,2024-04,RAN,ROYAL NATIONAL ORTHOPAEDIC HOSPITAL NHS TRUST,8599,8267,-332,True
2024-03,2024-04,RAP,NORTH MIDDLESEX UNIVERSITY HOSPITAL NHS TRUST,23700,24222,522,True
2024-03,2024-04,RAS,THE HILLINGDON HOSPITALS NHS FOUNDATION TRUST,32365,29070,-3295,True
2024-03,2024-04,RAX,KINGSTON HOSPITAL NHS FOUNDATION TRUST,38974,39294,320,True
2024-03,2024-04,RBD,DORSET COUNTY HOSPITAL NHS FOUNDATION TRUST,21575,21837,262,True
2024-03,2024-04,RBK,WALSALL HEALTHCARE NHS TRUST,30420,30280,-140,True
2024-03,2024-04,RBL,WIRRAL UNIVERSITY TEACHING HOSPITAL NHS FOUNDATION TRUST,43883,44384,501,True
2024-03,2024-04,RBN,MERSEY AND WEST LANCASHIRE TEACHING HOSPITALS NHS TRUST,79768,80569,801,True
2024-03,2024-04,RBQ,LIVERPOOL HEART AND CHEST HOSPITAL NHS FOUNDATION TRUST,5291,5123,-168,True
2024-03,2024-04,RBS,ALDER HEY CHILDREN'S NHS FOUNDATION TRUST,22789,23481,692,True
2024-03,2024-04,RBT,MID CHESHIRE HOSPITALS NHS FOUNDATION TRUST,38562,38521,-41,True
2024-03,2024-04,RBV,THE CHRISTIE NHS FOUNDATION TRUST,4474,2393,-2081,True
2024-03,2024-04,RC9,BEDFORDSHIRE HOSPITALS NHS FOUNDATION TRUST,100062,100556,494,True
2024-03,2024-04,RCB,YORK AND SCARBOROUGH TEACHING HOSPITALS NHS FOUNDATION TRUST,46042,45556,-486,True
2024-03,2024-04,RCD,HARROGATE AND DISTRICT NHS FOUNDATION TRUST,22374,22758,384,True
2024-03,2024-04,RCF,AIREDALE NHS FOUNDATION TRUST,15125,15118,-7,True
2024-03,2024-04,RCU,SHEFFIELD CHILDREN'S NHS FOUNDATION TRUST,13321,13558,237,True
2024-03,2024-04,RCX,"THE QUEEN ELIZABETH HOSPITAL, KING'S LYNN, NHS FOUNDATION TRUST",25607,26372,765,True
2024-03,2024-04,RD1,ROYAL UNITED HOSPITALS BATH NHS FOUNDATION TRUST,34342,34894,552,True
2024-03,2024-04,RD8,MILTON KEYNES UNIVERSITY HOSPITAL NHS FOUNDATION TRUST,34721,36933,2212,True
2024-03,2024-04,RDE,EAST SUFFOLK AND NORTH ESSEX NHS FOUNDATION TRUST,84740,85830,1090,True
2024-03,2024-04,RDR,SUSSEX COMMUNITY NHS FOUNDATION TRUST,5270,5546,276,True
2024-03,2024-04,RDU,FRIMLEY HEALTH NHS FOUNDATION TRUST,82078,83708,1630,True
2024-03,2024-04,REF,ROYAL CORNWALL HOSPITALS NHS TRUST,43209,43266,57,True
2024-03,2024-04,REM,LIVERPOOL UNIVERSITY HOSPITALS NHS FOUNDATION TRUST,75098,75808,710,True
2024-03,2024-04,REN,THE CLATTERBRIDGE CANCER CENTRE NHS FOUNDATION TRUST,1223,1214,-9,True
2024-03,2024-04,REP,LIVERPOOL WOMEN'S NHS FOUNDATION TRUST,18317,18007,-310,True
2024-03,2024-04,RET,THE WALTON CENTRE NHS FOUNDATION TRUST,15974,16766,792,True
2024-03,2024-04,RF4,"BARKING, HAVERING AND REDBRIDGE UNIVERSITY HOSPITALS NHS TRUST",65872,66352,480,True
2024-03,2024-04,RFF,BARNSLEY HOSPITAL NHS FOUNDATION TRUST,22247,22137,-110,True
2024-03,2024-04,RFR,THE ROTHERHAM NHS FOUNDATION TRUST,30811,31172,361,True
2024-03,2024-04,RFS,CHESTERFIELD ROYAL HOSPITAL NHS FOUNDATION TRUST,28257,28450,193,True
2024-03,2024-04,RGM,ROYAL PAPWORTH HOSPITAL NHS FOUNDATION TRUST,6910,6932,22,True
2024-03,2024-04,RGN,NORTH WEST ANGLIA NHS FOUNDATION TRUST,82126,82735,609,True
2024-03,2024-04,RGP,JAMES PAGET UNIVERSITY HOSPITALS NHS FOUNDATION TRUST,31485,31668,183,True
2024-03,2024-04,RGR,WEST SUFFOLK NHS FOUNDATION TRUST,34451,34787,336,True
2024-03,2024-04,RGT,CAMBRIDGE UNIVERSITY HOSPITALS NHS FOUNDATION TRUST,62591,63044,453,True
2024-03,2024-04,RH5,SOMERSET NHS FOUNDATION TRUST,53498,54598,1100,True
2024-03,2024-04,RH8,ROYAL DEVON UNIVERSITY HEALTHCARE NHS FOUNDATION TRUST,73539,74789,1250,True
2024-03,2024-04,RHM,UNIVERSITY HOSPITAL SOUTHAMPTON NHS FOUNDATION TRUST,58430,59481,1051,True
2024-03,2024-04,RHQ,SHEFFIELD TEACHING HOSPITALS NHS FOUNDATION TRUST,91818,93935,2117,True
2024-03,2024-04,RHU,PORTSMOUTH HOSPITALS UNIVERSITY NATIONAL HEALTH SERVICE TRUST,60334,61087,753,True
2024-03,2024-04,RHW,ROYAL BERKSHIRE NHS FOUNDATION TRUST,33333,32624,-709,True
2024-03,2024-04,RJ1,GUY'S AND ST THOMAS' NHS FOUNDATION TRUST,143843,140683,-3160,True
2024-03,2024-04,RJ2,LEWISHAM AND GREENWICH NHS TRUST,67147,69580,2433,True
2024-03,2024-04,RJ6,CROYDON HEALTH SERVICES NHS TRUST,33109,33894,785,True
2024-03,2024-04,RJ7,ST GEORGE'S UNIVERSITY HOSPITALS NHS FOUNDATION TRUST,62819,63151,332,True
2024-03,2024-04,RJ8,CORNWALL PARTNERSHIP NHS FOUNDATION TRUST,849,905,56,True
2024-03,2024-04,RJC,SOUTH WARWICKSHIRE UNIVERSITY NHS FOUNDATION TRUST,33764,33530,-234,True
2024-03,2024-04,RJE,UNIVERSITY HOSPITALS OF NORTH MIDLANDS NHS TRUST,80618,78984,-1634,True
2024-03,2024-04,RJL,NORTHERN LINCOLNSHIRE AND GOOLE NHS FOUNDATION TRUST,44270,46541,2271,True
2024-03,2024-04,RJN,EAST CHESHIRE NHS TRUST,13183,12672,-511,True
2024-03,2024-04,RJR,COUNTESS OF CHESTER HOSPITAL NHS FOUNDATION TRUST,30082,30353,271,True
2024-03,2024-04,RJZ,KING'S COLLEGE HOSPITAL NHS FOUNDATION TRUST,104326,103311,-1015,True
2024-03,2024-04,RK5,SHERWOOD FOREST HOSPITALS NHS FOUNDATION TRUST,50753,36579,-14174,True
2024-03,2024-04,RK9,UNIVERSITY HOSPITALS PLYMOUTH NHS TRUST,47636,47535,-101,True
2024-03,2024-04,RKB,UNIVERSITY HOSPITALS COVENTRY AND WARWICKSHIRE NHS TRUST,67496,68129,633,True
2024-03,2024-04,RKE,WHITTINGTON HEALTH NHS TRUST,20968,19812,-1156,True
2024-03,2024-04,RKL,WEST LONDON NHS TRUST,2191,2124,-67,True
2024-03,2024-04,RL1,THE ROBERT JONES AND AGNES HUNT ORTHOPAEDIC HOSPITAL NHS FOUNDATION TRUST,15306,15574,268,True
2024-03,2024-04,RL4,THE ROYAL WOLVERHAMPTON NHS TRUST,89643,90661,1018,True
2024-03,2024-04,RLQ,WYE VALLEY NHS TRUST,23520,23790,270,True
2024-03,2024-04,RLT,GEORGE ELIOT HOSPITAL NHS TRUST,16484,16310,-174,True
2024-03,2024-04,RM1,NORFOLK AND NORWICH UNIVERSITY HOSPITALS NHS FOUNDATION TRUST,85065,85262,197,True
2024-03,2024-04,RM3,NORTHERN CARE ALLIANCE NHS FOUNDATION TRUST,142596,145455,2859,True
2024-03,2024-04,RMC,BOLTON NHS FOUNDATION TRUST,43816,44307,491,True
2024-03,2024-04,RMP,TAMESIDE AND GLOSSOP INTEGRATED CARE NHS FOUNDATION TRUST,20585,21192,607,True
2024-03,2024-04,RN3,GREAT WESTERN HOSPITALS NHS FOUNDATION TRUST,39323,39644,321,True
2024-03,2024-04,RN5,HAMPSHIRE HOSPITALS NHS FOUNDATION TRUST,52654,52553,-101,True
2024-03,2024-04,RN7,DARTFORD AND GRAVESHAM NHS TRUST,27860,29099,1239,True
2024-03,2024-04,RNA,THE DUDLEY GROUP NHS FOUNDATION TRUST,48478,49153,675,True
2024-03,2024-04,RNN,NORTH CUMBRIA INTEGRATED CARE NHS FOUNDATION TRUST,39749,40156,407,True
2024-03,2024-04,RNQ,KETTERING GENERAL HOSPITAL NHS FOUNDATION TRUST,27185,27630,445,True
2024-03,2024-04,RNS,NORTHAMPTON GENERAL HOSPITAL NHS TRUST,41087,42349,1262,True
2024-03,2024-04,RNZ,SALISBURY NHS FOUNDATION TRUST,30044,28034,-2010,True
2024-03,2024-04,RP4,GREAT ORMOND STREET HOSPITAL FOR CHILDREN NHS FOUNDATION TRUST,7871,8003,132,True
2024-03,2024-04,RP5,DONCASTER AND BASSETLAW TEACHING HOSPITALS NHS FOUNDATION TRUST,54387,55372,985,True
2024-03,2024-04,RP6,MOORFIELDS EYE HOSPITAL NHS FOUNDATION TRUST,35656,35674,18,True
2024-03,2024-04,RP7,LINCOLNSHIRE PARTNERSHIP NHS FOUNDATION TRUST,146,150,4,True
2024-03,2024-04,RPA,MEDWAY NHS FOUNDATION TRUST,44030,44120,90,True
2024-03,2024-04,RPC,QUEEN VICTORIA HOSPITAL NHS FOUNDATION TRUST,17852,17953,101,True
2024-03,2024-04,RPG,OXLEAS NHS FOUNDATION TRUST,2241,2205,-36,True
2024-03,2024-04,RPY,THE ROYAL MARSDEN NHS FOUNDATION TRUST,1842,1887,45,True
2024-03,2024-04,RQ3,BIRMINGHAM WOMEN'S AND CHILDREN'S NHS FOUNDATION TRUST,26464,26664,200,True
2024-03,2024-04,RQM,CHELSEA AND WESTMINSTER HOSPITAL NHS FOUNDATION TRUST,62167,60781,-1386,True
2024-03,2024-04,RQW,THE PRINCESS ALEXANDRA HOSPITAL NHS TRUST,26067,27687,1620,True
2024-03,2024-04,RQX,HOMERTON HEALTHCARE NHS FOUNDATION TRUST,31932,32834,902,True
2024-03,2024-04,RR7,GATESHEAD HEALTH NHS FOUNDATION TRUST,11824,11788,-36,True
2024-03,2024-04,RR8,LEEDS TEACHING HOSPITALS NHS TRUST,91919,91016,-903,True
2024-03,2024-04,RRE,MIDLANDS PARTNERSHIP NHS FOUNDATION TRUST,7441,7059,-382,True
2024-03,2024-04,RRF,"WRIGHTINGTON, WIGAN AND LEIGH NHS FOUNDATION TRUST",53182,54550,1368,True
2024-03,2024-04,RRJ,THE ROYAL ORTHOPAEDIC HOSPITAL NHS FOUNDATION TRUST,15899,15750,-149,True
2024-03,2024-04,RRK,UNIVERSITY HOSPITALS BIRMINGHAM NHS FOUNDATION TRUST,126717,127856,1139,True
2024-03,2024-04,RRV,UNIVERSITY COLLEGE LONDON HOSPITALS NHS FOUNDATION TRUST,72948,72281,-667,True
2024-03,2024-04,RT1,CAMBRIDGESHIRE AND PETERBOROUGH NHS FOUNDATION TRUST,343,352,9,True
2024-03,2024-04,RTD,THE NEWCASTLE UPON TYNE HOSPITALS NHS FOUNDATION TRUST,99843,99972,129,True
2024-03,2024-04,RTE,GLOUCESTERSHIRE HOSPITALS NHS FOUNDATION TRUST,73398,73938,540,True
2024-03,2024-04,RTF,NORTHUMBRIA HEALTHCARE NHS FOUNDATION TRUST,33842,34378,536,True
2024-03,2024-04,RTG,UNIVERSITY HOSPITALS OF DERBY AND BURTON NHS FOUNDATION TRUST,102618,107129,4511,True
2024-03,2024-04,RTH,OXFORD UNIVERSITY HOSPITALS NHS FOUNDATION TRUST,82877,83198,321,True
2024-03,2024-04,RTK,ASHFORD AND ST PETER'S HOSPITALS NHS FOUNDATION TRUST,56235,56854,619,True
2024-03,2024-04,RTP,SURREY AND SUSSEX HEALTHCARE NHS TRUST,49106,47443,-1663,True
2024-03,2024-04,RTR,SOUTH TEES HOSPITALS NHS FOUNDATION TRUST,53898,54896,998,True
2024-03,2024-04,RTX,UNIVERSITY HOSPITALS OF MORECAMBE BAY NHS FOUNDATION TRUST,31955,32403,448,True
2024-03,2024-04,RV3,CENTRAL AND NORTH WEST LONDON NHS FOUNDATION TRUST,1475,1616,141,True
2024-03,2024-04,RVJ,NORTH BRISTOL NHS TRUST,46278,46441,163,True
2024-03,2024-04,RVR,EPSOM AND ST HELIER UNIVERSITY HOSPITALS NHS TRUST,49192,50067,875,True
2024-03,2024-04,RVV,EAST KENT HOSPITALS UNIVERSITY NHS FOUNDATION TRUST,85396,86880,1484,True
2024-03,2024-04,RVW,NORTH TEES AND HARTLEPOOL NHS FOUNDATION TRUST,20147,20695,548,True
2024-03,2024-04,RW1,SOUTHERN HEALTH NHS FOUNDATION TRUST,3677,3838,161,True
2024-03,2024-04,RW4,MERSEY CARE NHS FOUNDATION TRUST,42,43,1,True
2024-03,2024-04,RW5,LANCASHIRE & SOUTH CUMBRIA NHS FOUNDATION TRUST,1212,1166,-46,True
2024-03,2024-04,RWA,HULL UNIVERSITY TEACHING HOSPITALS NHS TRUST,73820,74980,1160,True
2024-03,2024-04,RWD,UNITED LINCOLNSHIRE HOSPITALS NHS TRUST,70209,70343,134,True
2024-03,2024-04,RWE,UNIVERSITY HOSPITALS OF LEICESTER NHS TRUST,109007,111482,2475,True
2024-03,2024-04,RWF,MAIDSTONE AND TUNBRIDGE WELLS NHS TRUST,42302,43369,1067,True
2024-03,2024-04,RWG,WEST HERTFORDSHIRE TEACHING HOSPITALS NHS TRUST,58590,57466,-1124,True
2024-03,2024-04,RWH,EAST AND NORTH HERTFORDSHIRE NHS TRUST,55978,57060,1082,True
2024-03,2024-04,RWJ,STOCKPORT NHS FOUNDATION TRUST,38734,38536,-198,True
2024-03,2024-04,RWP,WORCESTERSHIRE ACUTE HOSPITALS NHS TRUST,61632,61617,-15,True
2024-03,2024-04,RWW,WARRINGTON AND HALTON TEACHING HOSPITALS NHS FOUNDATION TRUST,36315,36222,-93,True
2024-03,2024-04,RWX,BERKSHIRE HEALTHCARE NHS FOUNDATION TRUST,264,254,-10,True
2024-03,2024-04,RWY,CALDERDALE AND HUDDERSFIELD NHS FOUNDATION TRUST,35494,35271,-223,True
2024-03,2024-04,RX1,NOTTINGHAM UNIVERSITY HOSPITALS NHS TRUST,82533,85991,3458,True
2024-03,2024-04,RX4,"CUMBRIA, NORTHUMBERLAND, TYNE AND WEAR NHS FOUNDATION TRUST",209,210,1,True
2024-03,2024-04,RXC,EAST SUSSEX HEALTHCARE NHS TRUST,53009,53634,625,True
2024-03,2024-04,RXF,MID YORKSHIRE TEACHING NHS TRUST,53762,54485,723,True
2024-03,2024-04,RXG,SOUTH WEST YORKSHIRE PARTNERSHIP NHS FOUNDATION TRUST,2598,2752,154,True
2024-03,2024-04,RXK,SANDWELL AND WEST BIRMINGHAM HOSPITALS NHS TRUST,77076,75367,-1709,True
2024-03,2024-04,RXL,BLACKPOOL TEACHING HOSPITALS NHS FOUNDATION TRUST,34539,34120,-419,True
2024-03,2024-04,RXM,DERBYSHIRE HEALTHCARE NHS FOUNDATION TRUST,273,0,-273,False
2024-03,2024-04,RXN,LANCASHIRE TEACHING HOSPITALS NHS FOUNDATION TRUST,58751,59024,273,True
2024-03,2024-04,RXP,COUNTY DURHAM AND DARLINGTON NHS FOUNDATION TRUST,43271,42401,-870,True
2024-03,2024-04,RXQ,BUCKINGHAMSHIRE HEALTHCARE NHS TRUST,51047,52051,1004,True
2024-03,2024-04,RXR,EAST LANCASHIRE HOSPITALS NHS TRUST,73165,72840,-325,True
2024-03,2024-04,RXW,THE SHREWSBURY AND TELFORD HOSPITAL NHS TRUST,36794,41406,4612,True
2024-03,2024-04,RY6,LEEDS COMMUNITY HEALTHCARE NHS TRUST,86,112,26,True
2024-03,2024-04,RYJ,IMPERIAL COLLEGE HEALTHCARE NHS TRUST,99317,99803,486,True
2024-03,2024-04,RYR,UNIVERSITY HOSPITALS SUSSEX NHS FOUNDATION TRUST,141164,142907,1743,True
2024-03,2024-04,RYW,BIRMINGHAM COMMUNITY HEALTHCARE NHS FOUNDATION TRUST,16185,16194,9,True
2024-03,2024-04,RYX,CENTRAL LONDON COMMUNITY HEALTHCARE NHS TRUST,2089,0,-2089,False
2024-03,2024-04,RYY,KENT COMMUNITY HEALTH NHS FOUNDATION TRUST,3976,3384,-592,True
2024-03,2024-04,S1Z4X,NEWMEDICA - BIRMINGHAM,338,329,-9,True
2024-03,2024-04,T8R5I,SPAMEDICA WOKINGHAM,169,191,22,True
2024-03,2024-04,T8V3L,SPAMEDICA DONCASTER,133,179,46,True
2024-03,2024-04,TAD,BRADFORD DISTRICT CARE NHS FOUNDATION TRUST,437,433,-4,True
2024-03,2024-04,V4U1Y,SPAMEDICA CHESTER,86,93,7,True
2024-03,2024-04,V5F1D,SPAMEDICA TELFORD,71,99,28,True
2024-03,2024-04,V8N5R,SPAMEDICA DALSTON,41,75,34,True
2024-03,2024-04,Y8L9S,SPAMEDICA BROMLEY,217,261,44,True
2024-03,2024-04,Z5J5V,SPAMEDICA HAYDOCK,61,70,9,True
2024-03,2024-04,Z9Z1G,SPAMEDICA GATESHEAD,169,123,-46,True
2024-04,2024-05,A0C5S,SPAMEDICA GLOUCESTER,61,68,7,True
2024-04,2024-05,A4M8P,BUCKSHAW HOSPITAL,3830,3825,-5,True
2024-04,2024-05,A4Q9X,NEWMEDICA LEICESTER,250,229,-21,True
2024-04,2024-05,AAH,TETBURY HOSPITAL TRUST LTD,325,275,-50,True
2024-04,2024-05,AAV,COMMUNITY HEALTH AND EYECARE LIMITED,3425,3449,24,True
2024-04,2024-05,ACG08,NEWMEDICA OPHTHALMOLOGY - NUNEATON - CAMP HILL - GP LED HEALTH CENTRE,8,13,5,True
2024-04,2024-05,ACG12,NEWMEDICA COMMUNITY OPHTHALMOLOGY - NORTH EAST LINCOLNSHIRE - GRIMSBY,330,278,-52,True
2024-04,2024-05,ACG13,NEWMEDICA - GLOUCESTER (ASPEN MEDICAL CENTRE),212,211,-1,True
2024-04,2024-05,ACG19,NEWMEDICA COMMUNITY OPHTHALMOLOGY - LEEDS,579,515,-64,True
2024-04,2024-05,ACG20,NEWMEDICA - BRISTOL - LITFIELD HOUSE,170,178,8,True
2024-04,2024-05,ACG22,NEWMEDICA - BRIGG - RIVERSIDE SURGERY,306,279,-27,True
2024-04,2024-05,ACG24,NEWMEDICA - TEESSIDE - NORTH ORMESBY,695,767,72,True
2024-04,2024-05,ACG26,NEWMEDICA - NORTH DERBYSHIRE - MIDLAND COURT,533,625,92,True
2024-04,2024-05,ACG30,NEWMEDICA - WORKSOP - DUKERIES,52,75,23,True
2024-04,2024-05,ACG31,NEWMEDICA - WORCESTER,967,909,-58,True
2024-04,2024-05,ACG36,NEWMEDICA - EXETER - GLEN HOUSE,188,246,58,True
2024-04,2024-05,ACG37,NEWMEDICA - IPSWICH,1692,1533,-159,True
2024-04,2024-05,ACG38,NEWMEDICA - LANGFORD,219,172,-47,True
2024-04,2024-05,ACG39,NEWMEDICA - SWINDON,309,293,-16,True
2024-04,2024-05,ACG40,NEWMEDICA - WAKEFIELD,668,596,-72,True
2024-04,2024-05,ACM,EYE CARE MEDICAL LTD,5,5,0,True
2024-04,2024-05,ADN,PRIMARY INTEGRATED COMMUNITY SERVICES LTD,2019,2044,25,True
2024-04,2024-05,ADP02,KIMS HOSPITAL (NEWNHAM COURT),1401,1337,-64,True
2024-04,2024-05,AHP,ST MICHAEL'S CLINIC LIMITED,1683,1549,-134,True
2024-04,2024-05,AJ8,THE GRANGE MEDICAL CENTRE HQ,154,151,-3,True
2024-04,2024-05,AJX,SUSSEX MSK PARTNERSHIP 2,7417,7492,75,True
2024-04,2024-05,AQK,VERNOVA HEALTHCARE COMMUNITY INTEREST COMPANY,77,66,-11,True
2024-04,2024-05,AY1,MEDEFER,2138,2224,86,True
2024-04,2024-05,B1A5K,NEWMEDICA - NOTTINGHAM,626,705,79,True
2024-04,2024-05,B3M1X,CLAREMONT PRIVATE HOSPITAL,2040,2083,43,True
2024-04,2024-05,B4N1U,SPAMEDICA ROMFORD,300,352,52,True
2024-04,2024-05,B5M7B,NEWMEDICA - NORWICH,537,531,-6,True
2024-04,2024-05,B9J4U,SPAMEDICA PETERBOROUGH,120,108,-12,True
2024-04,2024-05,B9M3W,SPAMEDICA SOUTHAMPTON,252,197,-55,True
2024-04,2024-05,C3Y0A,SPAMEDICA BLACKPOOL,106,97,-9,True
2024-04,2024-05,D3O0Z,PLYMOUTH NEWMEDICA LTD,201,282,81,True
2024-04,2024-05,D5P5H,SPAMEDICA BEXHILL,239,205,-34,True
2024-04,2024-05,DFQ,NORWICH & NORFOLK SURGICAL LTD (N2S),953,896,-57,True
2024-04,2024-05,DFY01,COTSWOLDS SURGICAL PARTNERS,224,255,31,True
2024-04,2024-05,DTT,PHOENIX PUBLIC HEALTH LTD,164,192,28,True
2024-04,2024-05,DX1,THE NEW FOSCOTE HOSPITAL LTD,220,215,-5,True
2024-04,2024-05,DXV,OMNES HEALTHCARE LTD,7608,8560,952,True
2024-04,2024-05,E1U4T,SPAMEDICA CARLISLE,268,252,-16,True
2024-04,2024-05,E3D4A,SPAMEDICA TRURO,100,92,-8,True
2024-04,2024-05,F9Z4V,CIRCLE READING HOSPITAL,1312,1317,5,True
2024-04,2024-05,G3O5P,SPAMEDICA NEWARK,241,199,-42,True
2024-04,2024-05,G3Q3Z,NUFFIELD HEALTH HIGHGATE HOSPITAL,829,846,17,True
2024-04,2024-05,G3Z1Q,SULIS HOSPITAL BATH (FOXCOTE AVENUE),3542,3217,-325,True
2024-04,2024-05,G5X2Q,SPAMEDICA NORTH TYNESIDE,67,79,12,True
2024-04,2024-05,GEC01,RAPID INVESTIGATION SERVICE,151,138,-13,True
2024-04,2024-05,H4I8B,NUFFIELD HEALTH THE HOLLY HOSPITAL,3559,3485,-74,True
2024-04,2024-05,H4J9P,NEWMEDICA AZTEC WEST,383,347,-36,True
2024-04,2024-05,I2C7H,SPAMEDICA BRADFORD,77,108,31,True
2024-04,2024-05,I9A4A,SPAMEDICA BRIGHTON,186,214,28,True
2024-04,2024-05,J2H6H,SPAMEDICA COLCHESTER,85,130,45,True
2024-04,2024-05,J3J8Z,NEWMEDICA - OXFORDSHIRE,454,587,133,True
2024-04,2024-05,J3X4C,SPAMEDICA WORCESTER,11,77,66,True
2024-04,2024-05,J7V1N,SPAMEDICA SOLIHULL,134,147,13,True
2024-04,2024-05,K8I4X,GLENDON WOOD HOSPITAL,1545,1600,55,True
2024-04,2024-05,L0D9W,NEWMEDICA - GLOUCESTER (BRIGHOUSE COURT),1035,923,-112,True
2024-04,2024-05,L4R3R,NEWMEDICA - HAMPSHIRE,477,515,38,True
2024-04,2024-05,L6O7H,SPAMEDICA POOLE,906,816,-90,True
2024-04,2024-05,L9D3Z,SPAMEDICA LEICESTER,31,22,-9,True
2024-04,2024-05,M0N7E,SPAMEDICA SITTINGBOURNE,71,105,34,True
2024-04,2024-05,M3R0W,SPAMEDICA NORWICH,134,94,-40,True
2024-04,2024-05,M4C5R,NEWMEDICA - NORTHAMPTON,729,817,88,True
2024-04,2024-05,M5E1S,SPAMEDICA EXETER,243,228,-15,True
2024-04,2024-05,M7C9Q,SPAMEDICA EPSOM,211,184,-27,True
2024-04,2024-05,N6Z0R,NEWMEDICA - LINCOLN,13,14,1,True
2024-04,2024-05,NAM01,PROBUS SURGICAL CENTRE,975,1017,42,True
2024-04,2024-05,NCN,DMC HEALTHCARE,2066,2533,467,True
2024-04,2024-05,NCR,ISIGHT,972,1089,117,True
2024-04,2024-05,NDJ,FIRST COMMUNITY HEALTH AND CARE CIC,783,799,16,True
2024-04,2024-05,NDL01,SUFFOLK GP FEDERATION,122,120,-2,True
2024-04,2024-05,NEQ,PHOENIX HEALTH SOLUTIONS LIMITED HQ,817,581,-236,True
2024-04,2024-05,NEY,PIONEER HEALTHCARE LIMITED,4154,3753,-401,True
2024-04,2024-05,NFH,SOMERSET SURGICAL SERVICES HQ,804,832,28,True
2024-04,2024-05,NL3,CARE PLUS GROUP,219,258,39,True
2024-04,2024-05,NL8,LOCALA COMMUNITY PARTNERSHIPS CIC,2007,2094,87,True
2024-04,2024-05,NLE01,LANCASTER HOUSE CONSULTING DIAGNOSTICS SURGICAL LTD HQ,534,498,-36,True
2024-04,2024-05,NLX,SIRONA CARE & HEALTH,4220,4422,202,True
2024-04,2024-05,NMG,CONNECT HEALTH LIMITED,15043,16673,1630,True
2024-04,2024-05,NN4,TYNESIDE SURGICAL SERVICES LTD,964,1077,113,True
2024-04,2024-05,NN5,MANCHESTER SURGICAL SERVICES LTD,745,644,-101,True
2024-04,2024-05,NN8,SPENCER PRIVATE HOSPITALS LTD,3123,3142,19,True
2024-04,2024-05,NNE,DORKING HEALTHCARE LIMITED (DHC),5524,5643,119,True
2024-04,2024-05,NPG01,SPAMEDICA MANCHESTER,127,113,-14,True
2024-04,2024-05,NPG02,SPAMEDICA WIRRAL,151,135,-16,True
2024-04,2024-05,NPG06,SPAMEDICA LIVERPOOL,191,139,-52,True
2024-04,2024-05,NPG07,SPAMEDICA EYE HOSPITAL (WAKEFIELD),128,169,41,True
2024-04,2024-05,NPG08,SPAMEDICA BOLTON,264,211,-53,True
2024-04,2024-05,NPG10,SPAMEDICA SHEFFIELD,146,136,-10,True
2024-04,2024-05,NPG11,SPAMEDICA BIRMINGHAM,169,173,4,True
2024-04,2024-05,NPG13,SPAMEDICA SKELMERSDALE,82,145,63,True
2024-04,2024-05,NPG14,SPAMEDICA WIDNES,105,106,1,True
2024-04,2024-05,NPG15,SPAMEDICA NEWCASTLE-UNDER-LYME,152,152,0,True
2024-04,2024-05,NPG16,SPAMEDICA CHELMSFORD,905,852,-53,True
2024-04,2024-05,NPG17,SPAMEDICA PRESTON,187,180,-7,True
2024-04,2024-05,NPG18,SPAMEDICA HULL,104,116,12,True
2024-04,2024-05,NPG19,SPAMEDICA BEDFORD,144,199,55,True
2024-04,2024-05,NPG20,SPAMEDICA WOLVERHAMPTON,202,203,1,True
2024-04,2024-05,NPG21,SPAMEDICA COVENTRY,189,171,-18,True
2024-04,2024-05,NPG22,SPAMEDICA STOCKTON-ON-TEES,117,110,-7,True
2024-04,2024-05,NPG23,SPAMEDICA DERBY,146,130,-16,True
2024-04,2024-05,NQH,NOVUS HEALTH LTD,521,1093,572,True
2024-04,2024-05,NQM01,ORTHOPAEDICS & SPINE SPECIALIST HOSPITAL SITE,167,172,5,True
2024-04,2024-05,NQT5K,ST MARTINS HOSPITAL,854,894,40,True
2024-04,2024-05,NQTH0,HCRG CARE EAST RIDING LLP,3094,2931,-163,True
2024-04,2024-05,NQX01,PROVIDE WELLBEING @ TOLLGATE CLINIC,0,128,128,False
2024-04,2024-05,NR5,LIVEWELL SOUTHWEST,76,72,-4,True
2024-04,2024-05,NRP,BEACON MEDICAL SERVICES GROUP LIMITED,492,339,-153,True
2024-04,2024-05,NT202,"NUFFIELD HEALTH, BOURNEMOUTH HOSPITAL",316,347,31,True
2024-04,2024-05,NT204,"NUFFIELD HEALTH, BRENTWOOD HOSPITAL",825,998,173,True
2024-04,2024-05,NT205,"NUFFIELD HEALTH, BRIGHTON HOSPITAL",316,354,38,True
2024-04,2024-05,NT206,"NUFFIELD HEALTH, BRISTOL HOSPITAL (CHESTERFIELD)",399,346,-53,True
2024-04,2024-05,NT209,"NUFFIELD HEALTH, CAMBRIDGE HOSPITAL",452,450,-2,True
2024-04,2024-05,NT210,"NUFFIELD HEALTH, THE GROSVENOR HOSPITAL, CHESTER",300,286,-14,True
2024-04,2024-05,NT211,"NUFFIELD HEALTH, CHELTENHAM HOSPITAL",73,57,-16,True
2024-04,2024-05,NT212,"NUFFIELD HEALTH, CHICHESTER HOSPITAL",536,447,-89,True
2024-04,2024-05,NT213,"NUFFIELD HEALTH, DERBY HOSPITAL",1377,1370,-7,True
2024-04,2024-05,NT214,"NUFFIELD HEALTH, WESSEX HOSPITAL",489,503,14,True
2024-04,2024-05,NT215,"NUFFIELD HEALTH, EXETER HOSPITAL",167,224,57,True
2024-04,2024-05,NT218,"NUFFIELD HEALTH, HAYWARDS HEATH HOSPITAL",60,69,9,True
2024-04,2024-05,NT219,"NUFFIELD HEALTH, HEREFORD HOSPITAL",242,209,-33,True
2024-04,2024-05,NT224,"NUFFIELD HEALTH, WARWICKSHIRE HOSPITAL",161,185,24,True
2024-04,2024-05,NT225,"NUFFIELD HEALTH, LEEDS HOSPITAL",1334,1250,-84,True
2024-04,2024-05,NT226,"NUFFIELD HEALTH, LEICESTER HOSPITAL",232,266,34,True
2024-04,2024-05,NT229,"NUFFIELD HEALTH, NEWCASTLE UPON TYNE HOSPITAL",325,336,11,True
2024-04,2024-05,NT230,"NUFFIELD HEALTH, NORTH STAFFORDSHIRE HOSPITAL",971,1300,329,True
2024-04,2024-05,NT233,"NUFFIELD HEALTH, PLYMOUTH HOSPITAL",985,986,1,True
2024-04,2024-05,NT235,"NUFFIELD HEALTH, SHREWSBURY HOSPITAL",252,275,23,True
2024-04,2024-05,NT237,"NUFFIELD HEALTH, TEES HOSPITAL",1559,1545,-14,True
2024-04,2024-05,NT238,"NUFFIELD HEALTH, TAUNTON HOSPITAL",306,306,0,True
2024-04,2024-05,NT239,"NUFFIELD HEALTH, TUNBRIDGE WELLS HOSPITAL",408,329,-79,True
2024-04,2024-05,NT241,"NUFFIELD HEALTH, WOKING HOSPITAL",396,500,104,True
2024-04,2024-05,NT242,"NUFFIELD HEALTH, WOLVERHAMPTON HOSPITAL",502,561,59,True
2024-04,2024-05,NT245,"NUFFIELD HEALTH, YORK HOSPITAL",509,485,-24,True
2024-04,2024-05,NT301,SPIRE SOUTH BANK HOSPITAL,1045,903,-142,True
2024-04,2024-05,NT302,SPIRE BRISTOL HOSPITAL,878,922,44,True
2024-04,2024-05,NT304,SPIRE SOUTHAMPTON HOSPITAL,981,961,-20,True
2024-04,2024-05,NT305,SPIRE PORTSMOUTH HOSPITAL,297,270,-27,True
2024-04,2024-05,NT308,SPIRE GATWICK PARK HOSPITAL,832,863,31,True
2024-04,2024-05,NT30A,SPIRE NOTTINGHAM HOSPITAL,513,446,-67,True
2024-04,2024-05,NT310,SPIRE TUNBRIDGE WELLS HOSPITAL,284,493,209,True
2024-04,2024-05,NT312,SPIRE ALEXANDRA HOSPITAL,1069,1083,14,True
2024-04,2024-05,NT313,SPIRE WELLESLEY HOSPITAL,1698,1761,63,True
2024-04,2024-05,NT314,SPIRE LONDON EAST,1990,1816,-174,True
2024-04,2024-05,NT315,SPIRE BUSHEY HOSPITAL,731,689,-42,True
2024-04,2024-05,NT316,SPIRE HARPENDEN HOSPITAL,735,579,-156,True
2024-04,2024-05,NT317,SPIRE CAMBRIDGE LEA HOSPITAL,475,322,-153,True
2024-04,2024-05,NT318,SPIRE NORWICH HOSPITAL,209,226,17,True
2024-04,2024-05,NT319,SPIRE HARTSWOOD HOSPITAL,1575,1492,-83,True
2024-04,2024-05,NT320,SPIRE PARKWAY HOSPITAL,960,961,1,True
2024-04,2024-05,NT321,SPIRE LITTLE ASTON HOSPITAL,1535,1504,-31,True
2024-04,2024-05,NT322,SPIRE LEICESTER HOSPITAL,774,862,88,True
2024-04,2024-05,NT324,SPIRE CHESHIRE HOSPITAL,1168,1117,-51,True
2024-04,2024-05,NT325,SPIRE MURRAYFIELD HOSPITAL,549,610,61,True
2024-04,2024-05,NT327,SPIRE MANCHESTER HOSPITAL,617,576,-41,True
2024-04,2024-05,NT332,SPIRE LEEDS HOSPITAL,1049,983,-66,True
2024-04,2024-05,NT333,SPIRE WASHINGTON HOSPITAL,1301,1139,-162,True
2024-04,2024-05,NT337,SPIRE LIVERPOOL HOSPITAL,2958,3045,87,True
2024-04,2024-05,NT339,SPIRE REGENCY HOSPITAL,1550,1426,-124,True
2024-04,2024-05,NT343,SPIRE THAMES VALLEY HOSPITAL,334,357,23,True
2024-04,2024-05,NT344,SPIRE DUNEDIN HOSPITAL,423,427,4,True
2024-04,2024-05,NT345,SPIRE CLARE PARK HOSPITAL,310,247,-63,True
2024-04,2024-05,NT347,SPIRE FYLDE COAST HOSPITAL,2565,2607,42,True
2024-04,2024-05,NT348,SPIRE ELLAND HOSPITAL,1029,1072,43,True
2024-04,2024-05,NT350,SPIRE METHLEY PARK HOSPITAL,1076,1041,-35,True
2024-04,2024-05,NT351,SPIRE HULL AND EAST RIDING HOSPITAL,3137,3105,-32,True
2024-04,2024-05,NT364,SPIRE MONTEFIORE HOSPITAL,479,679,200,True
2024-04,2024-05,NT3X3,SPIRE ST ANTHONY'S HOSPITAL,548,733,185,True
2024-04,2024-05,NT401,ALEXANDRA HOSPITAL,541,580,39,True
2024-04,2024-05,NT402,BATH CLINIC,551,508,-43,True
2024-04,2024-05,NT403,BEARDWOOD HOSPITAL,2097,2142,45,True
2024-04,2024-05,NT404,BEAUMONT HOSPITAL,3219,2650,-569,True
2024-04,2024-05,NT405,BISHOPS WOOD HOSPITAL,442,430,-12,True
2024-04,2024-05,NT406,BLACKHEATH HOSPITAL,1408,1356,-52,True
2024-04,2024-05,NT408,CHAUCER HOSPITAL,994,983,-11,True
2024-04,2024-05,NT409,CHELSFIELD PARK HOSPITAL,639,604,-35,True
2024-04,2024-05,NT410,CHILTERN HOSPITAL,542,513,-29,True
2024-04,2024-05,NT411,CLEMENTINE CHURCHILL HOSPITAL,2113,2048,-65,True
2024-04,2024-05,NT412,DROITWICH SPA HOSPITAL,1305,1373,68,True
2024-04,2024-05,NT416,HENDON HOSPITAL,875,867,-8,True
2024-04,2024-05,NT417,GORING HALL HOSPITAL,1121,1184,63,True
2024-04,2024-05,NT418,HAMPSHIRE CLINIC,292,346,54,True
2024-04,2024-05,NT419,HARBOUR HOSPITAL,114,117,3,True
2024-04,2024-05,NT420,HIGHFIELD HOSPITAL,1315,1206,-109,True
2024-04,2024-05,NT421,KINGS OAK HOSPITAL,1524,1484,-40,True
2024-04,2024-05,NT422,LONDON INDEPENDENT HOSPITAL,5435,5238,-197,True
2024-04,2024-05,NT423,MANOR HOSPITAL,749,746,-3,True
2024-04,2024-05,NT424,MERIDEN HOSPITAL,1545,1579,34,True
2024-04,2024-05,NT427,PARK HOSPITAL,921,943,22,True
2024-04,2024-05,NT428,PRINCESS MARGARET HOSPITAL,84,88,4,True
2024-04,2024-05,NT429,PRIORY HOSPITAL,1370,1365,-5,True
2024-04,2024-05,NT430,RIDGEWAY HOSPITAL,855,675,-180,True
2024-04,2024-05,NT431,RUNNYMEDE HOSPITAL,211,196,-15,True
2024-04,2024-05,NT433,SARUM ROAD HOSPITAL,371,377,6,True
2024-04,2024-05,NT434,SAXON CLINIC,728,682,-46,True
2024-04,2024-05,NT435,SHELBURNE HOSPITAL,115,175,60,True
2024-04,2024-05,NT436,SHIRLEY OAKS HOSPITAL,1287,1270,-17,True
2024-04,2024-05,NT437,SLOANE HOSPITAL,826,813,-13,True
2024-04,2024-05,NT440,THORNBURY HOSPITAL,487,530,43,True
2024-04,2024-05,NT441,THREE SHIRES HOSPITAL,2822,2959,137,True
2024-04,2024-05,NT443,WINTERBOURNE HOSPITAL,263,288,25,True
2024-04,2024-05,NT445,EDGBASTON HOSPITAL,0,1,1,False
2024-04,2024-05,NT446,ST EDMUNDS HOSPITAL,677,654,-23,True
2024-04,2024-05,NT447,DUCHY HOSPITAL,438,415,-23,True
2024-04,2024-05,NT448,HUDDERSFIELD HOSPITAL,908,890,-18,True
2024-04,2024-05,NT449,LANCASTER HOSPITAL,332,359,27,True
2024-04,2024-05,NT450,LINCOLN HOSPITAL,1644,1647,3,True
2024-04,2024-05,NT451,CAVELL HOSPITAL,1487,1547,60,True
2024-04,2024-05,NT455,MOUNT ALVERNIA HOSPITAL,205,196,-9,True
2024-04,2024-05,NT457,WOODLANDS HOSPITAL,1890,1834,-56,True
2024-04,2024-05,NT490,SOUTHEND PRIVATE HOSPITAL,1390,1483,93,True
2024-04,2024-05,NTE02,ST HUGH'S HOSPITAL,1725,1757,32,True
2024-04,2024-05,NTP11,PRACTICE PLUS GROUP HOSPITAL - SOUTHAMPTON,10004,9702,-302,True
2024-04,2024-05,NTP13,PRACTICE PLUS GROUP HOSPITAL - BARLBOROUGH,1497,1537,40,True
2024-04,2024-05,NTP15,PRACTICE PLUS GROUP HOSPITAL - ILFORD,5944,6001,57,True
2024-04,2024-05,NTP16,PRACTICE PLUS GROUP SURGICAL CENTRE - GILLINGHAM,1425,1340,-85,True
2024-04,2024-05,NTPAD,PRACTICE PLUS GROUP SURGICAL CENTRE - ST MARYS PORTSMOUTH,2282,2270,-12,True
2024-04,2024-05,NTPAE,PRACTICE PLUS GROUP OPHTHALMOLOGY - NORTH WEST,893,833,-60,True
2024-04,2024-05,NTPH1,PRACTICE PLUS GROUP HOSPITAL - SHEPTON MALLET,3015,3050,35,True
2024-04,2024-05,NTPH2,PRACTICE PLUS GROUP HOSPITAL - EMERSONS GREEN,4881,4838,-43,True
2024-04,2024-05,NTPH3,PRACTICE PLUS GROUP SURGICAL CENTRE - DEVIZES,2210,2289,79,True
2024-04,2024-05,NTPH5,PRACTICE PLUS GROUP HOSPITAL - PLYMOUTH,2337,2327,-10,True
2024-04,2024-05,NTX,THE ONE HEALTH GROUP PLC,3270,3602,332,True
2024-04,2024-05,NV1,INHEALTH LIMITED,2026,1866,-160,True
2024-04,2024-05,NVC01,ASHTEAD HOSPITAL,770,700,-70,True
2024-04,2024-05,NVC02,THE BERKSHIRE INDEPENDENT HOSPITAL,1074,1079,5,True
2024-04,2024-05,NVC04,DUCHY HOSPITAL,1688,1667,-21,True
2024-04,2024-05,NVC05,EUXTON HALL HOSPITAL,2572,2710,138,True
2024-04,2024-05,NVC06,FITZWILLIAM HOSPITAL,6673,6994,321,True
2024-04,2024-05,NVC07,FULWOOD HALL HOSPITAL,5241,5391,150,True
2024-04,2024-05,NVC08,MOUNT STUART HOSPITAL,1885,1988,103,True
2024-04,2024-05,NVC09,NEW HALL HOSPITAL,3641,3645,4,True
2024-04,2024-05,NVC0I,BEACON PARK HOSPITAL,1666,1654,-12,True
2024-04,2024-05,NVC0R,TEES VALLEY HOSPITAL,3530,3541,11,True
2024-04,2024-05,NVC0Y,EXETER MEDICAL,408,387,-21,True
2024-04,2024-05,NVC11,NORTH DOWNS HOSPITAL,2049,2112,63,True
2024-04,2024-05,NVC12,OAKLANDS HOSPITAL,7387,6971,-416,True
2024-04,2024-05,NVC13,OAKS HOSPITAL,913,937,24,True
2024-04,2024-05,NVC14,PARK HILL HOSPITAL,1094,1062,-32,True
2024-04,2024-05,NVC15,PINEHILL HOSPITAL,1373,1391,18,True
2024-04,2024-05,NVC16,RENACRES HOSPITAL,3473,3749,276,True
2024-04,2024-05,NVC17,ROWLEY HALL HOSPITAL,2914,2967,53,True
2024-04,2024-05,NVC18,SPRINGFIELD HOSPITAL,5279,5404,125,True
2024-04,2024-05,NVC19,RIVERS HOSPITAL,4182,4090,-92,True
2024-04,2024-05,NVC1H,STOURSIDE HOSPITAL,3192,3281,89,True
2024-04,2024-05,NVC20,THE YORKSHIRE CLINIC,8094,7967,-127,True
2024-04,2024-05,NVC21,WEST MIDLANDS HOSPITAL,982,945,-37,True
2024-04,2024-05,NVC22,WINFIELD HOSPITAL,893,1042,149,True
2024-04,2024-05,NVC23,WOODLAND HOSPITAL,5138,5260,122,True
2024-04,2024-05,NVC25,THE CHERWELL HOSPITAL,1726,1790,64,True
2024-04,2024-05,NVC27,BOSTON WEST HOSPITAL,1965,1975,10,True
2024-04,2024-05,NVC28,CLIFTON PARK HOSPITAL,1739,1764,25,True
2024-04,2024-05,NVC29,COBALT HOSPITAL,1490,1571,81,True
2024-04,2024-05,NVC31,BLAKELANDS HOSPITAL,1734,1694,-40,True
2024-04,2024-05,NVC40,WOODTHORPE HOSPITAL,5051,5015,-36,True
2024-04,2024-05,NVC44,THE WESTBOURNE CENTRE,2376,2494,118,True
2024-04,2024-05,NVG01,FAIRFIELD HOSPITAL,2307,2388,81,True
2024-04,2024-05,NVM,EPSOMEDICAL GROUP,3081,2988,-93,True
2024-04,2024-05,NWF01,BENENDEN HOSPITAL,1292,1260,-32,True
2024-04,2024-05,NWV01,GP CARE UK,387,258,-129,True
2024-04,2024-05,NWX,HERE,14659,14866,207,True
2024-04,2024-05,NXM01,THE HORDER CENTRE - ST JOHNS ROAD,275,300,25,True
2024-04,2024-05,NXP,INDEPENDENT HEALTH GROUP,977,1058,81,True
2024-04,2024-05,NYG,SUSSEX COMMUNITY DERMATOLOGY SERVICE,12264,13111,847,True
2024-04,2024-05,NYR,HEALTHSHARE DIAGNOSTICS,475,620,145,True
2024-04,2024-05,NYW17,ASPEN HEALTHCARE - MIDLAND EYE,638,586,-52,True
2024-04,2024-05,O1P6X,SPAMEDICA OLDHAM,120,157,37,True
2024-04,2024-05,O5Y9D,SPAMEDICA OXFORD,146,120,-26,True
2024-04,2024-05,P0C3F,SPAMEDICA LEEDS,104,91,-13,True
2024-04,2024-05,P1B7M,SPAMEDICA BRISTOL,77,79,2,True
2024-04,2024-05,P5Y6K,NEWMEDICA - SHREWSBURY,315,257,-58,True
2024-04,2024-05,Q1S8W,NEWMEDICA - BURY ST EDMUNDS,110,116,6,True
2024-04,2024-05,Q1W6P,SPAMEDICA WATFORD,187,166,-21,True
2024-04,2024-05,R0A,MANCHESTER UNIVERSITY NHS FOUNDATION TRUST,188827,188986,159,True
2024-04,2024-05,R0B,SOUTH TYNESIDE AND SUNDERLAND NHS FOUNDATION TRUST,60976,61701,725,True
2024-04,2024-05,R0D,UNIVERSITY HOSPITALS DORSET NHS FOUNDATION TRUST,69988,68317,-1671,True
2024-04,2024-05,R0F4N,NUFFIELD HEALTH PARKSIDE HOSPITAL,860,896,36,True
2024-04,2024-05,R1A,HEREFORDSHIRE AND WORCESTERSHIRE HEALTH AND CARE NHS TRUST,53,65,12,True
2024-04,2024-05,R1C,SOLENT NHS TRUST,215,197,-18,True
2024-04,2024-05,R1D,SHROPSHIRE COMMUNITY HEALTH NHS TRUST,12549,13238,689,True
2024-04,2024-05,R1F,ISLE OF WIGHT NHS TRUST,15538,13496,-2042,True
2024-04,2024-05,R1G7E,SPAMEDICA KENDAL,122,110,-12,True
2024-04,2024-05,R1H,BARTS HEALTH NHS TRUST,122329,122701,372,True
2024-04,2024-05,R1K,LONDON NORTH WEST UNIVERSITY HEALTHCARE NHS TRUST,103030,103955,925,True
2024-04,2024-05,R1L,ESSEX PARTNERSHIP UNIVERSITY NHS FOUNDATION TRUST,1051,1089,38,True
2024-04,2024-05,R3I5E,NEWMEDICA -TELFORD,6,10,4,True
2024-04,2024-05,R7W2O,NEWCASTLE NEWMEDICA LTD,253,248,-5,True
2024-04,2024-05,RA2,ROYAL SURREY COUNTY HOSPITAL NHS FOUNDATION TRUST,41031,39980,-1051,True
2024-04,2024-05,RA7,UNIVERSITY HOSPITALS BRISTOL AND WESTON NHS FOUNDATION TRUST,60569,59321,-1248,True
2024-04,2024-05,RA9,TORBAY AND SOUTH DEVON NHS FOUNDATION TRUST,33560,34263,703,True
2024-04,2024-05,RAE,BRADFORD TEACHING HOSPITALS NHS FOUNDATION TRUST,35476,35733,257,True
2024-04,2024-05,RAJ,MID AND SOUTH ESSEX NHS FOUNDATION TRUST,164302,165660,1358,True
2024-04,2024-05,RAL,ROYAL FREE LONDON NHS FOUNDATION TRUST,105194,107332,2138,True
2024-04,2024-05,RAN,ROYAL NATIONAL ORTHOPAEDIC HOSPITAL NHS TRUST,8267,8054,-213,True
2024-04,2024-05,RAP,NORTH MIDDLESEX UNIVERSITY HOSPITAL NHS TRUST,24222,24616,394,True
2024-04,2024-05,RAS,THE HILLINGDON HOSPITALS NHS FOUNDATION TRUST,29070,29502,432,True
2024-04,2024-05,RAX,KINGSTON HOSPITAL NHS FOUNDATION TRUST,39294,40525,1231,True
2024-04,2024-05,RBD,DORSET COUNTY HOSPITAL NHS FOUNDATION TRUST,21837,22180,343,True
2024-04,2024-05,RBK,WALSALL HEALTHCARE NHS TRUST,30280,30418,138,True
2024-04,2024-05,RBL,WIRRAL UNIVERSITY TEACHING HOSPITAL NHS FOUNDATION TRUST,44384,44379,-5,True
2024-04,2024-05,RBN,MERSEY AND WEST LANCASHIRE TEACHING HOSPITALS NHS TRUST,80569,80977,408,True
2024-04,2024-05,RBQ,LIVERPOOL HEART AND CHEST HOSPITAL NHS FOUNDATION TRUST,5123,5555,432,True
2024-04,2024-05,RBS,ALDER HEY CHILDREN'S NHS FOUNDATION TRUST,23481,23978,497,True
2024-04,2024-05,RBT,MID CHESHIRE HOSPITALS NHS FOUNDATION TRUST,38521,38483,-38,True
2024-04,2024-05,RBV,THE CHRISTIE NHS FOUNDATION TRUST,2393,2347,-46,True
2024-04,2024-05,RC9,BEDFORDSHIRE HOSPITALS NHS FOUNDATION TRUST,100556,100825,269,True
2024-04,2024-05,RCB,YORK AND SCARBOROUGH TEACHING HOSPITALS NHS FOUNDATION TRUST,45556,45643,87,True
2024-04,2024-05,RCD,HARROGATE AND DISTRICT NHS FOUNDATION TRUST,22758,22982,224,True
2024-04,2024-05,RCF,AIREDALE NHS FOUNDATION TRUST,15118,14647,-471,True
2024-04,2024-05,RCU,SHEFFIELD CHILDREN'S NHS FOUNDATION TRUST,13558,13529,-29,True
2024-04,2024-05,RCX,"THE QUEEN ELIZABETH HOSPITAL, KING'S LYNN, NHS FOUNDATION TRUST",26372,26454,82,True
2024-04,2024-05,RD1,ROYAL UNITED HOSPITALS BATH NHS FOUNDATION TRUST,34894,36176,1282,True
2024-04,2024-05,RD8,MILTON KEYNES UNIVERSITY HOSPITAL NHS FOUNDATION TRUST,36933,36990,57,True
2024-04,2024-05,RDE,EAST SUFFOLK AND NORTH ESSEX NHS FOUNDATION TRUST,85830,87892,2062,True
2024-04,2024-05,RDR,SUSSEX COMMUNITY NHS FOUNDATION TRUST,5546,5547,1,True
2024-04,2024-05,RDU,FRIMLEY HEALTH NHS FOUNDATION TRUST,83708,85306,1598,True
2024-04,2024-05,REF,ROYAL CORNWALL HOSPITALS NHS TRUST,43266,43563,297,True
2024-04,2024-05,REM,LIVERPOOL UNIVERSITY HOSPITALS NHS FOUNDATION TRUST,75808,75900,92,True
2024-04,2024-05,REN,THE CLATTERBRIDGE CANCER CENTRE NHS FOUNDATION TRUST,1214,1236,22,True
2024-04,2024-05,REP,LIVERPOOL WOMEN'S NHS FOUNDATION TRUST,18007,18221,214,True
2024-04,2024-05,RET,THE WALTON CENTRE NHS FOUNDATION TRUST,16766,17216,450,True
2024-04,2024-05,RF4,"BARKING, HAVERING AND REDBRIDGE UNIVERSITY HOSPITALS NHS TRUST",66352,66261,-91,True
2024-04,2024-05,RFF,BARNSLEY HOSPITAL NHS FOUNDATION TRUST,22137,22009,-128,True
2024-04,2024-05,RFR,THE ROTHERHAM NHS FOUNDATION TRUST,31172,30901,-271,True
2024-04,2024-05,RFS,CHESTERFIELD ROYAL HOSPITAL NHS FOUNDATION TRUST,28450,28706,256,True
2024-04,2024-05,RGM,ROYAL PAPWORTH HOSPITAL NHS FOUNDATION TRUST,6932,7023,91,True
2024-04,2024-05,RGN,NORTH WEST ANGLIA NHS FOUNDATION TRUST,82735,82126,-609,True
2024-04,2024-05,RGP,JAMES PAGET UNIVERSITY HOSPITALS NHS FOUNDATION TRUST,31668,30798,-870,True
2024-04,2024-05,RGR,WEST SUFFOLK NHS FOUNDATION TRUST,34787,35138,351,True
2024-04,2024-05,RGT,CAMBRIDGE UNIVERSITY HOSPITALS NHS FOUNDATION TRUST,63044,63659,615,True
2024-04,2024-05,RH5,SOMERSET NHS FOUNDATION TRUST,54598,54987,389,True
2024-04,2024-05,RH8,ROYAL DEVON UNIVERSITY HEALTHCARE NHS FOUNDATION TRUST,74789,75145,356,True
2024-04,2024-05,RHM,UNIVERSITY HOSPITAL SOUTHAMPTON NHS FOUNDATION TRUST,59481,59805,324,True
2024-04,2024-05,RHQ,SHEFFIELD TEACHING HOSPITALS NHS FOUNDATION TRUST,93935,95021,1086,True
2024-04,2024-05,RHU,PORTSMOUTH HOSPITALS UNIVERSITY NATIONAL HEALTH SERVICE TRUST,61087,62545,1458,True
2024-04,2024-05,RHW,ROYAL BERKSHIRE NHS FOUNDATION TRUST,32624,32790,166,True
2024-04,2024-05,RJ1,GUY'S AND ST THOMAS' NHS FOUNDATION TRUST,140683,138379,-2304,True
2024-04,2024-05,RJ2,LEWISHAM AND GREENWICH NHS TRUST,69580,68341,-1239,True
2024-04,2024-05,RJ6,CROYDON HEALTH SERVICES NHS TRUST,33894,34952,1058,True
2024-04,2024-05,RJ7,ST GEORGE'S UNIVERSITY HOSPITALS NHS FOUNDATION TRUST,63151,64078,927,True
2024-04,2024-05,RJ8,CORNWALL PARTNERSHIP NHS FOUNDATION TRUST,905,955,50,True
2024-04,2024-05,RJC,SOUTH WARWICKSHIRE UNIVERSITY NHS FOUNDATION TRUST,33530,33931,401,True
2024-04,2024-05,RJE,UNIVERSITY HOSPITALS OF NORTH MIDLANDS NHS TRUST,78984,79342,358,True
2024-04,2024-05,RJL,NORTHERN LINCOLNSHIRE AND GOOLE NHS FOUNDATION TRUST,46541,46391,-150,True
2024-04,2024-05,RJN,EAST CHESHIRE NHS TRUST,12672,12475,-197,True
2024-04,2024-05,RJR,COUNTESS OF CHESTER HOSPITAL NHS FOUNDATION TRUST,30353,30649,296,True
2024-04,2024-05,RJZ,KING'S COLLEGE HOSPITAL NHS FOUNDATION TRUST,103311,100039,-3272,True
2024-04,2024-05,RK5,SHERWOOD FOREST HOSPITALS NHS FOUNDATION TRUST,36579,35856,-723,True
2024-04,2024-05,RK9,UNIVERSITY HOSPITALS PLYMOUTH NHS TRUST,47535,48016,481,True
2024-04,2024-05,RKB,UNIVERSITY HOSPITALS COVENTRY AND WARWICKSHIRE NHS TRUST,68129,69431,1302,True
2024-04,2024-05,RKE,WHITTINGTON HEALTH NHS TRUST,19812,19065,-747,True
2024-04,2024-05,RKL,WEST LONDON NHS TRUST,2124,2056,-68,True
2024-04,2024-05,RL1,THE ROBERT JONES AND AGNES HUNT ORTHOPAEDIC HOSPITAL NHS FOUNDATION TRUST,15574,15810,236,True
2024-04,2024-05,RL4,THE ROYAL WOLVERHAMPTON NHS TRUST,90661,92357,1696,True
2024-04,2024-05,RLQ,WYE VALLEY NHS TRUST,23790,24176,386,True
2024-04,2024-05,RLT,GEORGE ELIOT HOSPITAL NHS TRUST,16310,15994,-316,True
2024-04,2024-05,RM1,NORFOLK AND NORWICH UNIVERSITY HOSPITALS NHS FOUNDATION TRUST,85262,85946,684,True
2024-04,2024-05,RM3,NORTHERN CARE ALLIANCE NHS FOUNDATION TRUST,145455,145174,-281,True
2024-04,2024-05,RMC,BOLTON NHS FOUNDATION TRUST,44307,44435,128,True
2024-04,2024-05,RMP,TAMESIDE AND GLOSSOP INTEGRATED CARE NHS FOUNDATION TRUST,21192,21400,208,True
2024-04,2024-05,RN3,GREAT WESTERN HOSPITALS NHS FOUNDATION TRUST,39644,40756,1112,True
2024-04,2024-05,RN5,HAMPSHIRE HOSPITALS NHS FOUNDATION TRUST,52553,52793,240,True
2024-04,2024-05,RN7,DARTFORD AND GRAVESHAM NHS TRUST,29099,29769,670,True
2024-04,2024-05,RNA,THE DUDLEY GROUP NHS FOUNDATION TRUST,49153,48375,-778,True
2024-04,2024-05,RNN,NORTH CUMBRIA INTEGRATED CARE NHS FOUNDATION TRUST,40156,40995,839,True
2024-04,2024-05,RNQ,KETTERING GENERAL HOSPITAL NHS FOUNDATION TRUST,27630,27804,174,True
2024-04,2024-05,RNS,NORTHAMPTON GENERAL HOSPITAL NHS TRUST,42349,42856,507,True
2024-04,2024-05,RNZ,SALISBURY NHS FOUNDATION TRUST,28034,27410,-624,True
2024-04,2024-05,RP4,GREAT ORMOND STREET HOSPITAL FOR CHILDREN NHS FOUNDATION TRUST,8003,8219,216,True
2024-04,2024-05,RP5,DONCASTER AND BASSETLAW TEACHING HOSPITALS NHS FOUNDATION TRUST,55372,55892,520,True
2024-04,2024-05,RP6,MOORFIELDS EYE HOSPITAL NHS FOUNDATION TRUST,35674,35682,8,True
2024-04,2024-05,RP7,LINCOLNSHIRE PARTNERSHIP NHS FOUNDATION TRUST,150,134,-16,True
2024-04,2024-05,RPA,MEDWAY NHS FOUNDATION TRUST,44120,43831,-289,True
2024-04,2024-05,RPC,QUEEN VICTORIA HOSPITAL NHS FOUNDATION TRUST,17953,18496,543,True
2024-04,2024-05,RPG,OXLEAS NHS FOUNDATION TRUST,2205,2182,-23,True
2024-04,2024-05,RPY,THE ROYAL MARSDEN NHS FOUNDATION TRUST,1887,1970,83,True
2024-04,2024-05,RQ3,BIRMINGHAM WOMEN'S AND CHILDREN'S NHS FOUNDATION TRUST,26664,26872,208,True
2024-04,2024-05,RQM,CHELSEA AND WESTMINSTER HOSPITAL NHS FOUNDATION TRUST,60781,61540,759,True
2024-04,2024-05,RQW,THE PRINCESS ALEXANDRA HOSPITAL NHS TRUST,27687,29389,1702,True
2024-04,2024-05,RQX,HOMERTON HEALTHCARE NHS FOUNDATION TRUST,32834,33866,1032,True
2024-04,2024-05,RR7,GATESHEAD HEALTH NHS FOUNDATION TRUST,11788,11913,125,True
2024-04,2024-05,RR8,LEEDS TEACHING HOSPITALS NHS TRUST,91016,91228,212,True
2024-04,2024-05,RRE,MIDLANDS PARTNERSHIP NHS FOUNDATION TRUST,7059,6155,-904,True
2024-04,2024-05,RRF,"WRIGHTINGTON, WIGAN AND LEIGH NHS FOUNDATION TRUST",54550,55222,672,True
2024-04,2024-05,RRJ,THE ROYAL ORTHOPAEDIC HOSPITAL NHS FOUNDATION TRUST,15750,15731,-19,True
2024-04,2024-05,RRK,UNIVERSITY HOSPITALS BIRMINGHAM NHS FOUNDATION TRUST,127856,129574,1718,True
2024-04,2024-05,RRV,UNIVERSITY COLLEGE LONDON HOSPITALS NHS FOUNDATION TRUST,72281,73486,1205,True
2024-04,2024-05,RT1,CAMBRIDGESHIRE AND PETERBOROUGH NHS FOUNDATION TRUST,352,321,-31,True
2024-04,2024-05,RTD,THE NEWCASTLE UPON TYNE HOSPITALS NHS FOUNDATION TRUST,99972,100892,920,True
2024-04,2024-05,RTE,GLOUCESTERSHIRE HOSPITALS NHS FOUNDATION TRUST,73938,69802,-4136,True
2024-04,2024-05,RTF,NORTHUMBRIA HEALTHCARE NHS FOUNDATION TRUST,34378,35186,808,True
2024-04,2024-05,RTG,UNIVERSITY HOSPITALS OF DERBY AND BURTON NHS FOUNDATION TRUST,107129,106758,-371,True
2024-04,2024-05,RTH,OXFORD UNIVERSITY HOSPITALS NHS FOUNDATION TRUST,83198,82986,-212,True
2024-04,2024-05,RTK,ASHFORD AND ST PETER'S HOSPITALS NHS FOUNDATION TRUST,56854,56544,-310,True
2024-04,2024-05,RTP,SURREY AND SUSSEX HEALTHCARE NHS TRUST,47443,47801,358,True
2024-04,2024-05,RTR,SOUTH TEES HOSPITALS NHS FOUNDATION TRUST,54896,56248,1352,True
2024-04,2024-05,RTX,UNIVERSITY HOSPITALS OF MORECAMBE BAY NHS FOUNDATION TRUST,32403,31792,-611,True
2024-04,2024-05,RV3,CENTRAL AND NORTH WEST LONDON NHS FOUNDATION TRUST,1616,1756,140,True
2024-04,2024-05,RVJ,NORTH BRISTOL NHS TRUST,46441,46740,299,True
2024-04,2024-05,RVR,EPSOM AND ST HELIER UNIVERSITY HOSPITALS NHS TRUST,50067,49728,-339,True
2024-04,2024-05,RVV,EAST KENT HOSPITALS UNIVERSITY NHS FOUNDATION TRUST,86880,87486,606,True
2024-04,2024-05,RVW,NORTH TEES AND HARTLEPOOL NHS FOUNDATION TRUST,20695,20745,50,True
2024-04,2024-05,RW1,SOUTHERN HEALTH NHS FOUNDATION TRUST,3838,3921,83,True
2024-04,2024-05,RW4,MERSEY CARE NHS FOUNDATION TRUST,43,58,15,True
2024-04,2024-05,RW5,LANCASHIRE & SOUTH CUMBRIA NHS FOUNDATION TRUST,1166,1371,205,True
2024-04,2024-05,RWA,HULL UNIVERSITY TEACHING HOSPITALS NHS TRUST,74980,76421,1441,True
2024-04,2024-05,RWD,UNITED LINCOLNSHIRE HOSPITALS NHS TRUST,70343,71078,735,True
2024-04,2024-05,RWE,UNIVERSITY HOSPITALS OF LEICESTER NHS TRUST,111482,111037,-445,True
2024-04,2024-05,RWF,MAIDSTONE AND TUNBRIDGE WELLS NHS TRUST,43369,44168,799,True
2024-04,2024-05,RWG,WEST HERTFORDSHIRE TEACHING HOSPITALS NHS TRUST,57466,55666,-1800,True
2024-04,2024-05,RWH,EAST AND NORTH HERTFORDSHIRE NHS TRUST,57060,58061,1001,True
2024-04,2024-05,RWJ,STOCKPORT NHS FOUNDATION TRUST,38536,38353,-183,True
2024-04,2024-05,RWP,WORCESTERSHIRE ACUTE HOSPITALS NHS TRUST,61617,61984,367,True
2024-04,2024-05,RWW,WARRINGTON AND HALTON TEACHING HOSPITALS NHS FOUNDATION TRUST,36222,36447,225,True
2024-04,2024-05,RWX,BERKSHIRE HEALTHCARE NHS FOUNDATION TRUST,254,299,45,True
2024-04,2024-05,RWY,CALDERDALE AND HUDDERSFIELD NHS FOUNDATION TRUST,35271,35523,252,True
2024-04,2024-05,RX1,NOTTINGHAM UNIVERSITY HOSPITALS NHS TRUST,85991,87026,1035,True
2024-04,2024-05,RX4,"CUMBRIA, NORTHUMBERLAND, TYNE AND WEAR NHS FOUNDATION TRUST",210,195,-15,True
2024-04,2024-05,RXC,EAST SUSSEX HEALTHCARE NHS TRUST,53634,53921,287,True
2024-04,2024-05,RXF,MID YORKSHIRE TEACHING NHS TRUST,54485,55824,1339,True
2024-04,2024-05,RXG,SOUTH WEST YORKSHIRE PARTNERSHIP NHS FOUNDATION TRUST,2752,3130,378,True
2024-04,2024-05,RXK,SANDWELL AND WEST BIRMINGHAM HOSPITALS NHS TRUST,75367,76242,875,True
2024-04,2024-05,RXL,BLACKPOOL TEACHING HOSPITALS NHS FOUNDATION TRUST,34120,34229,109,True
2024-04,2024-05,RXN,LANCASHIRE TEACHING HOSPITALS NHS FOUNDATION TRUST,59024,58790,-234,True
2024-04,2024-05,RXP,COUNTY DURHAM AND DARLINGTON NHS FOUNDATION TRUST,42401,42188,-213,True
2024-04,2024-05,RXQ,BUCKINGHAMSHIRE HEALTHCARE NHS TRUST,52051,51631,-420,True
2024-04,2024-05,RXR,EAST LANCASHIRE HOSPITALS NHS TRUST,72840,72275,-565,True
2024-04,2024-05,RXW,THE SHREWSBURY AND TELFORD HOSPITAL NHS TRUST,41406,44042,2636,True
2024-04,2024-05,RY6,LEEDS COMMUNITY HEALTHCARE NHS TRUST,112,229,117,True
2024-04,2024-05,RYJ,IMPERIAL COLLEGE HEALTHCARE NHS TRUST,99803,98359,-1444,True
2024-04,2024-05,RYR,UNIVERSITY HOSPITALS SUSSEX NHS FOUNDATION TRUST,142907,141506,-1401,True
2024-04,2024-05,RYW,BIRMINGHAM COMMUNITY HEALTHCARE NHS FOUNDATION TRUST,16194,16200,6,True
2024-04,2024-05,RYY,KENT COMMUNITY HEALTH NHS FOUNDATION TRUST,3384,3232,-152,True
2024-04,2024-05,S1Z4X,NEWMEDICA - BIRMINGHAM,329,355,26,True
2024-04,2024-05,T8R5I,SPAMEDICA WOKINGHAM,191,191,0,True
2024-04,2024-05,T8V3L,SPAMEDICA DONCASTER,179,162,-17,True
2024-04,2024-05,TAD,BRADFORD DISTRICT CARE NHS FOUNDATION TRUST,433,452,19,True
2024-04,2024-05,V4U1Y,SPAMEDICA CHESTER,93,87,-6,True
2024-04,2024-05,V5F1D,SPAMEDICA TELFORD,99,141,42,True
2024-04,2024-05,V8N5R,SPAMEDICA DALSTON,75,131,56,True
2024-04,2024-05,Y8L9S,SPAMEDICA BROMLEY,261,264,3,True
2024-04,2024-05,Z5J5V,SPAMEDICA HAYDOCK,70,93,23,True
2024-04,2024-05,Z9Z1G,SPAMEDICA GATESHEAD,123,251,128,True
2024-05,2024-06,8KL73,ENDOCARE DIAGNOSTICS,0,70,70,False
2024-05,2024-06,A0C5S,SPAMEDICA GLOUCESTER,68,91,23,True
2024-05,2024-06,A4M8P,BUCKSHAW HOSPITAL,3825,3463,-362,True
2024-05,2024-06,A4Q9X,NEWMEDICA LEICESTER,229,216,-13,True
2024-05,2024-06,AAH,TETBURY HOSPITAL TRUST LTD,275,285,10,True
2024-05,2024-06,AAV,COMMUNITY HEALTH AND EYECARE LIMITED,3449,3579,130,True
2024-05,2024-06,ACG08,NEWMEDICA OPHTHALMOLOGY - NUNEATON - CAMP HILL - GP LED HEALTH CENTRE,13,9,-4,True
2024-05,2024-06,ACG12,NEWMEDICA COMMUNITY OPHTHALMOLOGY - NORTH EAST LINCOLNSHIRE - GRIMSBY,278,275,-3,True
2024-05,2024-06,ACG13,NEWMEDICA - GLOUCESTER (ASPEN MEDICAL CENTRE),211,183,-28,True
2024-05,2024-06,ACG19,NEWMEDICA COMMUNITY OPHTHALMOLOGY - LEEDS,515,512,-3,True
2024-05,2024-06,ACG20,NEWMEDICA - BRISTOL - LITFIELD HOUSE,178,199,21,True
2024-05,2024-06,ACG22,NEWMEDICA - BRIGG - RIVERSIDE SURGERY,279,245,-34,True
2024-05,2024-06,ACG24,NEWMEDICA - TEESSIDE - NORTH ORMESBY,767,851,84,True
2024-05,2024-06,ACG26,NEWMEDICA - NORTH DERBYSHIRE - MIDLAND COURT,625,639,14,True
2024-05,2024-06,ACG30,NEWMEDICA - WORKSOP - DUKERIES,75,86,11,True
2024-05,2024-06,ACG31,NEWMEDICA - WORCESTER,909,860,-49,True
2024-05,2024-06,ACG36,NEWMEDICA - EXETER - GLEN HOUSE,246,173,-73,True
2024-05,2024-06,ACG37,NEWMEDICA - IPSWICH,1533,1435,-98,True
2024-05,2024-06,ACG38,NEWMEDICA - LANGFORD,172,195,23,True
2024-05,2024-06,ACG39,NEWMEDICA - SWINDON,293,242,-51,True
2024-05,2024-06,ACG40,NEWMEDICA - WAKEFIELD,596,560,-36,True
2024-05,2024-06,ACM,EYE CARE MEDICAL LTD,5,3,-2,True
2024-05,2024-06,ADN,PRIMARY INTEGRATED COMMUNITY SERVICES LTD,2044,2122,78,True
2024-05,2024-06,ADP02,KIMS HOSPITAL (NEWNHAM COURT),1337,1419,82,True
2024-05,2024-06,AHP,ST MICHAEL'S CLINIC LIMITED,1549,1618,69,True
2024-05,2024-06,AJ8,THE GRANGE MEDICAL CENTRE HQ,151,245,94,True
2024-05,2024-06,AJX,SUSSEX MSK PARTNERSHIP 2,7492,7722,230,True
2024-05,2024-06,AQK,VERNOVA HEALTHCARE COMMUNITY INTEREST COMPANY,66,90,24,True
2024-05,2024-06,AY1,MEDEFER,2224,2753,529,True
2024-05,2024-06,B1A5K,NEWMEDICA - NOTTINGHAM,705,709,4,True
2024-05,2024-06,B3M1X,CLAREMONT PRIVATE HOSPITAL,2083,1733,-350,True
2024-05,2024-06,B4N1U,SPAMEDICA ROMFORD,352,346,-6,True
2024-05,2024-06,B5M7B,NEWMEDICA - NORWICH,531,596,65,True
2024-05,2024-06,B9J4U,SPAMEDICA PETERBOROUGH,108,120,12,True
2024-05,2024-06,B9M3W,SPAMEDICA SOUTHAMPTON,197,220,23,True
2024-05,2024-06,C3Y0A,SPAMEDICA BLACKPOOL,97,68,-29,True
2024-05,2024-06,D3O0Z,PLYMOUTH NEWMEDICA LTD,282,301,19,True
2024-05,2024-06,D5P5H,SPAMEDICA BEXHILL,205,164,-41,True
2024-05,2024-06,DFQ,NORWICH & NORFOLK SURGICAL LTD (N2S),896,893,-3,True
2024-05,2024-06,DFY01,COTSWOLDS SURGICAL PARTNERS,255,264,9,True
2024-05,2024-06,DTT,PHOENIX PUBLIC HEALTH LTD,192,206,14,True
2024-05,2024-06,DX1,THE NEW FOSCOTE HOSPITAL LTD,215,207,-8,True
2024-05,2024-06,DXV,OMNES HEALTHCARE LTD,8560,8316,-244,True
2024-05,2024-06,E1U4T,SPAMEDICA CARLISLE,252,191,-61,True
2024-05,2024-06,E3D4A,SPAMEDICA TRURO,92,108,16,True
2024-05,2024-06,F9Z4V,CIRCLE READING HOSPITAL,1317,1313,-4,True
2024-05,2024-06,G3O5P,SPAMEDICA NEWARK,199,140,-59,True
2024-05,2024-06,G3Q3Z,NUFFIELD HEALTH HIGHGATE HOSPITAL,846,988,142,True
2024-05,2024-06,G3Z1Q,SULIS HOSPITAL BATH (FOXCOTE AVENUE),3217,3146,-71,True
2024-05,2024-06,G5X2Q,SPAMEDICA NORTH TYNESIDE,79,94,15,True
2024-05,2024-06,GEC01,RAPID INVESTIGATION SERVICE,138,110,-28,True
2024-05,2024-06,H4I8B,NUFFIELD HEALTH THE HOLLY HOSPITAL,3485,3467,-18,True
2024-05,2024-06,H4J9P,NEWMEDICA AZTEC WEST,347,345,-2,True
2024-05,2024-06,I2C7H,SPAMEDICA BRADFORD,108,140,32,True
2024-05,2024-06,I9A4A,SPAMEDICA BRIGHTON,214,217,3,True
2024-05,2024-06,J2H6H,SPAMEDICA COLCHESTER,130,136,6,True
2024-05,2024-06,J3J8Z,NEWMEDICA - OXFORDSHIRE,587,620,33,True
2024-05,2024-06,J3X4C,SPAMEDICA WORCESTER,77,65,-12,True
2024-05,2024-06,J7V1N,SPAMEDICA SOLIHULL,147,134,-13,True
2024-05,2024-06,K8I4X,GLENDON WOOD HOSPITAL,1600,1508,-92,True
2024-05,2024-06,L0D9W,NEWMEDICA - GLOUCESTER (BRIGHOUSE COURT),923,876,-47,True
2024-05,2024-06,L4R3R,NEWMEDICA - HAMPSHIRE,515,528,13,True
2024-05,2024-06,L6O7H,SPAMEDICA POOLE,816,699,-117,True
2024-05,2024-06,L9D3Z,SPAMEDICA LEICESTER,22,29,7,True
2024-05,2024-06,M0N7E,SPAMEDICA SITTINGBOURNE,105,90,-15,True
2024-05,2024-06,M3R0W,SPAMEDICA NORWICH,94,72,-22,True
2024-05,2024-06,M4C5R,NEWMEDICA - NORTHAMPTON,817,858,41,True
2024-05,2024-06,M5E1S,SPAMEDICA EXETER,228,238,10,True
2024-05,2024-06,M7C9Q,SPAMEDICA EPSOM,184,207,23,True
2024-05,2024-06,N6Z0R,NEWMEDICA - LINCOLN,14,17,3,True
2024-05,2024-06,NAM01,PROBUS SURGICAL CENTRE,1017,1061,44,True
2024-05,2024-06,NCN,DMC HEALTHCARE,2533,1802,-731,True
2024-05,2024-06,NCR,ISIGHT,1089,986,-103,True
2024-05,2024-06,NDJ,FIRST COMMUNITY HEALTH AND CARE CIC,799,843,44,True
2024-05,2024-06,NDL01,SUFFOLK GP FEDERATION,120,72,-48,True
2024-05,2024-06,NEQ,PHOENIX HEALTH SOLUTIONS LIMITED HQ,581,651,70,True
2024-05,2024-06,NEY,PIONEER HEALTHCARE LIMITED,3753,4230,477,True
2024-05,2024-06,NFH,SOMERSET SURGICAL SERVICES HQ,832,839,7,True
2024-05,2024-06,NL3,CARE PLUS GROUP,258,250,-8,True
2024-05,2024-06,NL8,LOCALA COMMUNITY PARTNERSHIPS CIC,2094,2117,23,True
2024-05,2024-06,NLE01,LANCASTER HOUSE CONSULTING DIAGNOSTICS SURGICAL LTD HQ,498,269,-229,True
2024-05,2024-06,NLX,SIRONA CARE & HEALTH,4422,4680,258,True
2024-05,2024-06,NMG,CONNECT HEALTH LIMITED,16673,16325,-348,True
2024-05,2024-06,NN4,TYNESIDE SURGICAL SERVICES LTD,1077,1017,-60,True
2024-05,2024-06,NN5,MANCHESTER SURGICAL SERVICES LTD,644,469,-175,True
2024-05,2024-06,NN8,SPENCER PRIVATE HOSPITALS LTD,3142,3195,53,True
2024-05,2024-06,NNE,DORKING HEALTHCARE LIMITED (DHC),5643,5540,-103,True
2024-05,2024-06,NPG01,SPAMEDICA MANCHESTER,113,128,15,True
2024-05,2024-06,NPG02,SPAMEDICA WIRRAL,135,112,-23,True
2024-05,2024-06,NPG06,SPAMEDICA LIVERPOOL,139,182,43,True
2024-05,2024-06,NPG07,SPAMEDICA EYE HOSPITAL (WAKEFIELD),169,147,-22,True
2024-05,2024-06,NPG08,SPAMEDICA BOLTON,211,156,-55,True
2024-05,2024-06,NPG10,SPAMEDICA SHEFFIELD,136,125,-11,True
2024-05,2024-06,NPG11,SPAMEDICA BIRMINGHAM,173,200,27,True
2024-05,2024-06,NPG13,SPAMEDICA SKELMERSDALE,145,174,29,True
2024-05,2024-06,NPG14,SPAMEDICA WIDNES,106,88,-18,True
2024-05,2024-06,NPG15,SPAMEDICA NEWCASTLE-UNDER-LYME,152,133,-19,True
2024-05,2024-06,NPG16,SPAMEDICA CHELMSFORD,852,721,-131,True
2024-05,2024-06,NPG17,SPAMEDICA PRESTON,180,147,-33,True
2024-05,2024-06,NPG18,SPAMEDICA HULL,116,119,3,True
2024-05,2024-06,NPG19,SPAMEDICA BEDFORD,199,233,34,True
2024-05,2024-06,NPG20,SPAMEDICA WOLVERHAMPTON,203,199,-4,True
2024-05,2024-06,NPG21,SPAMEDICA COVENTRY,171,182,11,True
2024-05,2024-06,NPG22,SPAMEDICA STOCKTON-ON-TEES,110,80,-30,True
2024-05,2024-06,NPG23,SPAMEDICA DERBY,130,82,-48,True
2024-05,2024-06,NPR01,ABOUT HEALTH HQ,0,1611,1611,False
2024-05,2024-06,NQH,NOVUS HEALTH LTD,1093,967,-126,True
2024-05,2024-06,NQM01,ORTHOPAEDICS & SPINE SPECIALIST HOSPITAL SITE,172,145,-27,True
2024-05,2024-06,NQT5K,ST MARTINS HOSPITAL,894,902,8,True
2024-05,2024-06,NQTH0,HCRG CARE EAST RIDING LLP,2931,3155,224,True
2024-05,2024-06,NQX01,PROVIDE WELLBEING @ TOLLGATE CLINIC,128,112,-16,True
2024-05,2024-06,NR5,LIVEWELL SOUTHWEST,72,79,7,True
2024-05,2024-06,NRP,BEACON MEDICAL SERVICES GROUP LIMITED,339,439,100,True
2024-05,2024-06,NT202,"NUFFIELD HEALTH, BOURNEMOUTH HOSPITAL",347,343,-4,True
2024-05,2024-06,NT204,"NUFFIELD HEALTH, BRENTWOOD HOSPITAL",998,1017,19,True
2024-05,2024-06,NT205,"NUFFIELD HEALTH, BRIGHTON HOSPITAL",354,300,-54,True
2024-05,2024-06,NT206,"NUFFIELD HEALTH, BRISTOL HOSPITAL (CHESTERFIELD)",346,338,-8,True
2024-05,2024-06,NT209,"NUFFIELD HEALTH, CAMBRIDGE HOSPITAL",450,381,-69,True
2024-05,2024-06,NT210,"NUFFIELD HEALTH, THE GROSVENOR HOSPITAL, CHESTER",286,310,24,True
2024-05,2024-06,NT211,"NUFFIELD HEALTH, CHELTENHAM HOSPITAL",57,41,-16,True
2024-05,2024-06,NT212,"NUFFIELD HEALTH, CHICHESTER HOSPITAL",447,568,121,True
2024-05,2024-06,NT213,"NUFFIELD HEALTH, DERBY HOSPITAL",1370,1357,-13,True
2024-05,2024-06,NT214,"NUFFIELD HEALTH, WESSEX HOSPITAL",503,0,-503,False
2024-05,2024-06,NT215,"NUFFIELD HEALTH, EXETER HOSPITAL",224,269,45,True
2024-05,2024-06,NT218,"NUFFIELD HEALTH, HAYWARDS HEATH HOSPITAL",69,60,-9,True
2024-05,2024-06,NT219,"NUFFIELD HEALTH, HEREFORD HOSPITAL",209,193,-16,True
2024-05,2024-06,NT224,"NUFFIELD HEALTH, WARWICKSHIRE HOSPITAL",185,199,14,True
2024-05,2024-06,NT225,"NUFFIELD HEALTH, LEEDS HOSPITAL",1250,1187,-63,True
2024-05,2024-06,NT226,"NUFFIELD HEALTH, LEICESTER HOSPITAL",266,320,54,True
2024-05,2024-06,NT229,"NUFFIELD HEALTH, NEWCASTLE UPON TYNE HOSPITAL",336,335,-1,True
2024-05,2024-06,NT230,"NUFFIELD HEALTH, NORTH STAFFORDSHIRE HOSPITAL",1300,1460,160,True
2024-05,2024-06,NT233,"NUFFIELD HEALTH, PLYMOUTH HOSPITAL",986,1071,85,True
2024-05,2024-06,NT235,"NUFFIELD HEALTH, SHREWSBURY HOSPITAL",275,238,-37,True
2024-05,2024-06,NT237,"NUFFIELD HEALTH, TEES HOSPITAL",1545,1538,-7,True
2024-05,2024-06,NT238,"NUFFIELD HEALTH, TAUNTON HOSPITAL",306,309,3,True
2024-05,2024-06,NT239,"NUFFIELD HEALTH, TUNBRIDGE WELLS HOSPITAL",329,259,-70,True
2024-05,2024-06,NT241,"NUFFIELD HEALTH, WOKING HOSPITAL",500,435,-65,True
2024-05,2024-06,NT242,"NUFFIELD HEALTH, WOLVERHAMPTON HOSPITAL",561,594,33,True
2024-05,2024-06,NT245,"NUFFIELD HEALTH, YORK HOSPITAL",485,473,-12,True
2024-05,2024-06,NT301,SPIRE SOUTH BANK HOSPITAL,903,799,-104,True
2024-05,2024-06,NT302,SPIRE BRISTOL HOSPITAL,922,929,7,True
2024-05,2024-06,NT304,SPIRE SOUTHAMPTON HOSPITAL,961,883,-78,True
2024-05,2024-06,NT305,SPIRE PORTSMOUTH HOSPITAL,270,292,22,True
2024-05,2024-06,NT308,SPIRE GATWICK PARK HOSPITAL,863,816,-47,True
2024-05,2024-06,NT30A,SPIRE NOTTINGHAM HOSPITAL,446,379,-67,True
2024-05,2024-06,NT310,SPIRE TUNBRIDGE WELLS HOSPITAL,493,533,40,True
2024-05,2024-06,NT312,SPIRE ALEXANDRA HOSPITAL,1083,1048,-35,True
2024-05,2024-06,NT313,SPIRE WELLESLEY HOSPITAL,1761,1893,132,True
2024-05,2024-06,NT314,SPIRE LONDON EAST,1816,2025,209,True
2024-05,2024-06,NT315,SPIRE BUSHEY HOSPITAL,689,588,-101,True
2024-05,2024-06,NT316,SPIRE HARPENDEN HOSPITAL,579,554,-25,True
2024-05,2024-06,NT317,SPIRE CAMBRIDGE LEA HOSPITAL,322,334,12,True
2024-05,2024-06,NT318,SPIRE NORWICH HOSPITAL,226,215,-11,True
2024-05,2024-06,NT319,SPIRE HARTSWOOD HOSPITAL,1492,1503,11,True
2024-05,2024-06,NT320,SPIRE PARKWAY HOSPITAL,961,968,7,True
2024-05,2024-06,NT321,SPIRE LITTLE ASTON HOSPITAL,1504,1486,-18,True
2024-05,2024-06,NT322,SPIRE LEICESTER HOSPITAL,862,627,-235,True
2024-05,2024-06,NT324,SPIRE CHESHIRE HOSPITAL,1117,1082,-35,True
2024-05,2024-06,NT325,SPIRE MURRAYFIELD HOSPITAL,610,627,17,True
2024-05,2024-06,NT327,SPIRE MANCHESTER HOSPITAL,576,560,-16,True
2024-05,2024-06,NT332,SPIRE LEEDS HOSPITAL,983,956,-27,True
2024-05,2024-06,NT333,SPIRE WASHINGTON HOSPITAL,1139,1085,-54,True
2024-05,2024-06,NT337,SPIRE LIVERPOOL HOSPITAL,3045,3155,110,True
2024-05,2024-06,NT339,SPIRE REGENCY HOSPITAL,1426,1333,-93,True
2024-05,2024-06,NT343,SPIRE THAMES VALLEY HOSPITAL,357,408,51,True
2024-05,2024-06,NT344,SPIRE DUNEDIN HOSPITAL,427,453,26,True
2024-05,2024-06,NT345,SPIRE CLARE PARK HOSPITAL,247,218,-29,True
2024-05,2024-06,NT347,SPIRE FYLDE COAST HOSPITAL,2607,2584,-23,True
2024-05,2024-06,NT348,SPIRE ELLAND HOSPITAL,1072,1113,41,True
2024-05,2024-06,NT350,SPIRE METHLEY PARK HOSPITAL,1041,1077,36,True
2024-05,2024-06,NT351,SPIRE HULL AND EAST RIDING HOSPITAL,3105,2776,-329,True
2024-05,2024-06,NT364,SPIRE MONTEFIORE HOSPITAL,679,747,68,True
2024-05,2024-06,NT3X3,SPIRE ST ANTHONY'S HOSPITAL,733,776,43,True
2024-05,2024-06,NT401,ALEXANDRA HOSPITAL,580,648,68,True
2024-05,2024-06,NT402,BATH CLINIC,508,484,-24,True
2024-05,2024-06,NT403,BEARDWOOD HOSPITAL,2142,2159,17,True
2024-05,2024-06,NT404,BEAUMONT HOSPITAL,2650,2501,-149,True
2024-05,2024-06,NT405,BISHOPS WOOD HOSPITAL,430,515,85,True
2024-05,2024-06,NT406,BLACKHEATH HOSPITAL,1356,1207,-149,True
2024-05,2024-06,NT408,CHAUCER HOSPITAL,983,971,-12,True
2024-05,2024-06,NT409,CHELSFIELD PARK HOSPITAL,604,641,37,True
2024-05,2024-06,NT410,CHILTERN HOSPITAL,513,434,-79,True
2024-05,2024-06,NT411,CLEMENTINE CHURCHILL HOSPITAL,2048,2120,72,True
2024-05,2024-06,NT412,DROITWICH SPA HOSPITAL,1373,1367,-6,True
2024-05,2024-06,NT416,HENDON HOSPITAL,867,963,96,True
2024-05,2024-06,NT417,GORING HALL HOSPITAL,1184,1269,85,True
2024-05,2024-06,NT418,HAMPSHIRE CLINIC,346,386,40,True
2024-05,2024-06,NT419,HARBOUR HOSPITAL,117,132,15,True
2024-05,2024-06,NT420,HIGHFIELD HOSPITAL,1206,995,-211,True
2024-05,2024-06,NT421,KINGS OAK HOSPITAL,1484,1382,-102,True
2024-05,2024-06,NT422,LONDON INDEPENDENT HOSPITAL,5238,4875,-363,True
2024-05,2024-06,NT423,MANOR HOSPITAL,746,762,16,True
2024-05,2024-06,NT424,MERIDEN HOSPITAL,1579,1512,-67,True
2024-05,2024-06,NT427,PARK HOSPITAL,943,1026,83,True
2024-05,2024-06,NT428,PRINCESS MARGARET HOSPITAL,88,101,13,True
2024-05,2024-06,NT429,PRIORY HOSPITAL,1365,1319,-46,True
2024-05,2024-06,NT430,RIDGEWAY HOSPITAL,675,578,-97,True
2024-05,2024-06,NT431,RUNNYMEDE HOSPITAL,196,186,-10,True
2024-05,2024-06,NT433,SARUM ROAD HOSPITAL,377,339,-38,True
2024-05,2024-06,NT434,SAXON CLINIC,682,667,-15,True
2024-05,2024-06,NT435,SHELBURNE HOSPITAL,175,164,-11,True
2024-05,2024-06,NT436,SHIRLEY OAKS HOSPITAL,1270,1192,-78,True
2024-05,2024-06,NT437,SLOANE HOSPITAL,813,810,-3,True
2024-05,2024-06,NT440,THORNBURY HOSPITAL,530,500,-30,True
2024-05,2024-06,NT441,THREE SHIRES HOSPITAL,2959,2922,-37,True
2024-05,2024-06,NT443,WINTERBOURNE HOSPITAL,288,295,7,True
2024-05,2024-06,NT445,EDGBASTON HOSPITAL,1,1,0,True
2024-05,2024-06,NT446,ST EDMUNDS HOSPITAL,654,610,-44,True
2024-05,2024-06,NT447,DUCHY HOSPITAL,415,470,55,True
2024-05,2024-06,NT448,HUDDERSFIELD HOSPITAL,890,771,-119,True
2024-05,2024-06,NT449,LANCASTER HOSPITAL,359,379,20,True
2024-05,2024-06,NT450,LINCOLN HOSPITAL,1647,1653,6,True
2024-05,2024-06,NT451,CAVELL HOSPITAL,1547,1544,-3,True
2024-05,2024-06,NT455,MOUNT ALVERNIA HOSPITAL,196,197,1,True
2024-05,2024-06,NT457,WOODLANDS HOSPITAL,1834,1848,14,True
2024-05,2024-06,NT490,SOUTHEND PRIVATE HOSPITAL,1483,1426,-57,True
2024-05,2024-06,NTE02,ST HUGH'S HOSPITAL,1757,1796,39,True
2024-05,2024-06,NTP11,PRACTICE PLUS GROUP HOSPITAL - SOUTHAMPTON,9702,9431,-271,True
2024-05,2024-06,NTP13,PRACTICE PLUS GROUP HOSPITAL - BARLBOROUGH,1537,1701,164,True
2024-05,2024-06,NTP15,PRACTICE PLUS GROUP HOSPITAL - ILFORD,6001,5536,-465,True
2024-05,2024-06,NTP16,PRACTICE PLUS GROUP SURGICAL CENTRE - GILLINGHAM,1340,1402,62,True
2024-05,2024-06,NTPAD,PRACTICE PLUS GROUP SURGICAL CENTRE - ST MARYS PORTSMOUTH,2270,2372,102,True
2024-05,2024-06,NTPAE,PRACTICE PLUS GROUP OPHTHALMOLOGY - NORTH WEST,833,899,66,True
2024-05,2024-06,NTPH1,PRACTICE PLUS GROUP HOSPITAL - SHEPTON MALLET,3050,2863,-187,True
2024-05,2024-06,NTPH2,PRACTICE PLUS GROUP HOSPITAL - EMERSONS GREEN,4838,4643,-195,True
2024-05,2024-06,NTPH3,PRACTICE PLUS GROUP SURGICAL CENTRE - DEVIZES,2289,2303,14,True
2024-05,2024-06,NTPH5,PRACTICE PLUS GROUP HOSPITAL - PLYMOUTH,2327,2418,91,True
2024-05,2024-06,NTX,THE ONE HEALTH GROUP PLC,3602,3636,34,True
2024-05,2024-06,NV1,INHEALTH LIMITED,1866,1693,-173,True
2024-05,2024-06,NVC01,ASHTEAD HOSPITAL,700,730,30,True
2024-05,2024-06,NVC02,THE BERKSHIRE INDEPENDENT HOSPITAL,1079,1078,-1,True
2024-05,2024-06,NVC04,DUCHY HOSPITAL,1667,1485,-182,True
2024-05,2024-06,NVC05,EUXTON HALL HOSPITAL,2710,2837,127,True
2024-05,2024-06,NVC06,FITZWILLIAM HOSPITAL,6994,7164,170,True
2024-05,2024-06,NVC07,FULWOOD HALL HOSPITAL,5391,5452,61,True
2024-05,2024-06,NVC08,MOUNT STUART HOSPITAL,1988,1931,-57,True
2024-05,2024-06,NVC09,NEW HALL HOSPITAL,3645,3605,-40,True
2024-05,2024-06,NVC0I,BEACON PARK HOSPITAL,1654,1584,-70,True
2024-05,2024-06,NVC0R,TEES VALLEY HOSPITAL,3541,3615,74,True
2024-05,2024-06,NVC0Y,EXETER MEDICAL,387,351,-36,True
2024-05,2024-06,NVC11,NORTH DOWNS HOSPITAL,2112,2030,-82,True
2024-05,2024-06,NVC12,OAKLANDS HOSPITAL,6971,6539,-432,True
2024-05,2024-06,NVC13,OAKS HOSPITAL,937,911,-26,True
2024-05,2024-06,NVC14,PARK HILL HOSPITAL,1062,1069,7,True
2024-05,2024-06,NVC15,PINEHILL HOSPITAL,1391,1475,84,True
2024-05,2024-06,NVC16,RENACRES HOSPITAL,3749,3874,125,True
2024-05,2024-06,NVC17,ROWLEY HALL HOSPITAL,2967,2921,-46,True
2024-05,2024-06,NVC18,SPRINGFIELD HOSPITAL,5404,5253,-151,True
2024-05,2024-06,NVC19,RIVERS HOSPITAL,4090,4213,123,True
2024-05,2024-06,NVC1H,STOURSIDE HOSPITAL,3281,3624,343,True
2024-05,2024-06,NVC20,THE YORKSHIRE CLINIC,7967,8129,162,True
2024-05,2024-06,NVC21,WEST MIDLANDS HOSPITAL,945,1013,68,True
2024-05,2024-06,NVC22,WINFIELD HOSPITAL,1042,1125,83,True
2024-05,2024-06,NVC23,WOODLAND HOSPITAL,5260,5264,4,True
2024-05,2024-06,NVC25,THE CHERWELL HOSPITAL,1790,1991,201,True
2024-05,2024-06,NVC27,BOSTON WEST HOSPITAL,1975,1986,11,True
2024-05,2024-06,NVC28,CLIFTON PARK HOSPITAL,1764,1827,63,True
2024-05,2024-06,NVC29,COBALT HOSPITAL,1571,1721,150,True
2024-05,2024-06,NVC31,BLAKELANDS HOSPITAL,1694,1721,27,True
2024-05,2024-06,NVC40,WOODTHORPE HOSPITAL,5015,4896,-119,True
2024-05,2024-06,NVC44,THE WESTBOURNE CENTRE,2494,2574,80,True
2024-05,2024-06,NVG01,FAIRFIELD HOSPITAL,2388,2362,-26,True
2024-05,2024-06,NVM,EPSOMEDICAL GROUP,2988,2998,10,True
2024-05,2024-06,NWF01,BENENDEN HOSPITAL,1260,1291,31,True
2024-05,2024-06,NWV01,GP CARE UK,258,246,-12,True
2024-05,2024-06,NWX,HERE,14866,15398,532,True
2024-05,2024-06,NXM01,THE HORDER CENTRE - ST JOHNS ROAD,300,362,62,True
2024-05,2024-06,NXP,INDEPENDENT HEALTH GROUP,1058,1120,62,True
2024-05,2024-06,NYG,SUSSEX COMMUNITY DERMATOLOGY SERVICE,13111,13428,317,True
2024-05,2024-06,NYR,HEALTHSHARE DIAGNOSTICS,620,581,-39,True
2024-05,2024-06,NYW17,ASPEN HEALTHCARE - MIDLAND EYE,586,512,-74,True
2024-05,2024-06,O1P6X,SPAMEDICA OLDHAM,157,191,34,True
2024-05,2024-06,O5Y9D,SPAMEDICA OXFORD,120,158,38,True
2024-05,2024-06,P0C3F,SPAMEDICA LEEDS,91,93,2,True
2024-05,2024-06,P1B7M,SPAMEDICA BRISTOL,79,77,-2,True
2024-05,2024-06,P5Y6K,NEWMEDICA - SHREWSBURY,257,329,72,True
2024-05,2024-06,Q1S8W,NEWMEDICA - BURY ST EDMUNDS,116,112,-4,True
2024-05,2024-06,Q1W6P,SPAMEDICA WATFORD,166,172,6,True
2024-05,2024-06,R0A,MANCHESTER UNIVERSITY NHS FOUNDATION TRUST,188986,188281,-705,True
2024-05,2024-06,R0B,SOUTH TYNESIDE AND SUNDERLAND NHS FOUNDATION TRUST,61701,61762,61,True
2024-05,2024-06,R0D,UNIVERSITY HOSPITALS DORSET NHS FOUNDATION TRUST,68317,67955,-362,True
2024-05,2024-06,R0F4N,NUFFIELD HEALTH PARKSIDE HOSPITAL,896,872,-24,True
2024-05,2024-06,R1A,HEREFORDSHIRE AND WORCESTERSHIRE HEALTH AND CARE NHS TRUST,65,62,-3,True
2024-05,2024-06,R1C,SOLENT NHS TRUST,197,221,24,True
2024-05,2024-06,R1D,SHROPSHIRE COMMUNITY HEALTH NHS TRUST,13238,12604,-634,True
2024-05,2024-06,R1F,ISLE OF WIGHT NHS TRUST,13496,13898,402,True
2024-05,2024-06,R1G7E,SPAMEDICA KENDAL,110,129,19,True
2024-05,2024-06,R1H,BARTS HEALTH NHS TRUST,122701,125673,2972,True
2024-05,2024-06,R1K,LONDON NORTH WEST UNIVERSITY HEALTHCARE NHS TRUST,103955,107847,3892,True
2024-05,2024-06,R1L,ESSEX PARTNERSHIP UNIVERSITY NHS FOUNDATION TRUST,1089,1210,121,True
2024-05,2024-06,R3I5E,NEWMEDICA -TELFORD,10,9,-1,True
2024-05,2024-06,R7W2O,NEWCASTLE NEWMEDICA LTD,248,312,64,True
2024-05,2024-06,RA2,ROYAL SURREY COUNTY HOSPITAL NHS FOUNDATION TRUST,39980,39301,-679,True
2024-05,2024-06,RA7,UNIVERSITY HOSPITALS BRISTOL AND WESTON NHS FOUNDATION TRUST,59321,59679,358,True
2024-05,2024-06,RA9,TORBAY AND SOUTH DEVON NHS FOUNDATION TRUST,34263,34172,-91,True
2024-05,2024-06,RAE,BRADFORD TEACHING HOSPITALS NHS FOUNDATION TRUST,35733,35371,-362,True
2024-05,2024-06,RAJ,MID AND SOUTH ESSEX NHS FOUNDATION TRUST,165660,168040,2380,True
2024-05,2024-06,RAL,ROYAL FREE LONDON NHS FOUNDATION TRUST,107332,109319,1987,True
2024-05,2024-06,RAN,ROYAL NATIONAL ORTHOPAEDIC HOSPITAL NHS TRUST,8054,7918,-136,True
2024-05,2024-06,RAP,NORTH MIDDLESEX UNIVERSITY HOSPITAL NHS TRUST,24616,24805,189,True
2024-05,2024-06,RAS,THE HILLINGDON HOSPITALS NHS FOUNDATION TRUST,29502,29736,234,True
2024-05,2024-06,RAX,KINGSTON HOSPITAL NHS FOUNDATION TRUST,40525,39818,-707,True
2024-05,2024-06,RBD,DORSET COUNTY HOSPITAL NHS FOUNDATION TRUST,22180,22616,436,True
2024-05,2024-06,RBK,WALSALL HEALTHCARE NHS TRUST,30418,29856,-562,True
2024-05,2024-06,RBL,WIRRAL UNIVERSITY TEACHING HOSPITAL NHS FOUNDATION TRUST,44379,44224,-155,True
2024-05,2024-06,RBN,MERSEY AND WEST LANCASHIRE TEACHING HOSPITALS NHS TRUST,80977,81913,936,True
2024-05,2024-06,RBQ,LIVERPOOL HEART AND CHEST HOSPITAL NHS FOUNDATION TRUST,5555,5387,-168,True
2024-05,2024-06,RBS,ALDER HEY CHILDREN'S NHS FOUNDATION TRUST,23978,23994,16,True
2024-05,2024-06,RBT,MID CHESHIRE HOSPITALS NHS FOUNDATION TRUST,38483,37812,-671,True
2024-05,2024-06,RBV,THE CHRISTIE NHS FOUNDATION TRUST,2347,2289,-58,True
2024-05,2024-06,RC9,BEDFORDSHIRE HOSPITALS NHS FOUNDATION TRUST,100825,101182,357,True
2024-05,2024-06,RCB,YORK AND SCARBOROUGH TEACHING HOSPITALS NHS FOUNDATION TRUST,45643,45568,-75,True
2024-05,2024-06,RCD,HARROGATE AND DISTRICT NHS FOUNDATION TRUST,22982,22916,-66,True
2024-05,2024-06,RCF,AIREDALE NHS FOUNDATION TRUST,14647,14637,-10,True
2024-05,2024-06,RCU,SHEFFIELD CHILDREN'S NHS FOUNDATION TRUST,13529,13556,27,True
2024-05,2024-06,RCX,"THE QUEEN ELIZABETH HOSPITAL, KING'S LYNN, NHS FOUNDATION TRUST",26454,26762,308,True
2024-05,2024-06,RD1,ROYAL UNITED HOSPITALS BATH NHS FOUNDATION TRUST,36176,36595,419,True
2024-05,2024-06,RD8,MILTON KEYNES UNIVERSITY HOSPITAL NHS FOUNDATION TRUST,36990,36085,-905,True
2024-05,2024-06,RDE,EAST SUFFOLK AND NORTH ESSEX NHS FOUNDATION TRUST,87892,88986,1094,True
2024-05,2024-06,RDR,SUSSEX COMMUNITY NHS FOUNDATION TRUST,5547,5667,120,True
2024-05,2024-06,RDU,FRIMLEY HEALTH NHS FOUNDATION TRUST,85306,87270,1964,True
2024-05,2024-06,REF,ROYAL CORNWALL HOSPITALS NHS TRUST,43563,43085,-478,True
2024-05,2024-06,REM,LIVERPOOL UNIVERSITY HOSPITALS NHS FOUNDATION TRUST,75900,75961,61,True
2024-05,2024-06,REN,THE CLATTERBRIDGE CANCER CENTRE NHS FOUNDATION TRUST,1236,1122,-114,True
2024-05,2024-06,REP,LIVERPOOL WOMEN'S NHS FOUNDATION TRUST,18221,17623,-598,True
2024-05,2024-06,RET,THE WALTON CENTRE NHS FOUNDATION TRUST,17216,17036,-180,True
2024-05,2024-06,RF4,"BARKING, HAVERING AND REDBRIDGE UNIVERSITY HOSPITALS NHS TRUST",66261,65809,-452,True
2024-05,2024-06,RFF,BARNSLEY HOSPITAL NHS FOUNDATION TRUST,22009,22088,79,True
2024-05,2024-06,RFR,THE ROTHERHAM NHS FOUNDATION TRUST,30901,31703,802,True
2024-05,2024-06,RFS,CHESTERFIELD ROYAL HOSPITAL NHS FOUNDATION TRUST,28706,29172,466,True
2024-05,2024-06,RGM,ROYAL PAPWORTH HOSPITAL NHS FOUNDATION TRUST,7023,7048,25,True
2024-05,2024-06,RGN,NORTH WEST ANGLIA NHS FOUNDATION TRUST,82126,80267,-1859,True
2024-05,2024-06,RGP,JAMES PAGET UNIVERSITY HOSPITALS NHS FOUNDATION TRUST,30798,30340,-458,True
2024-05,2024-06,RGR,WEST SUFFOLK NHS FOUNDATION TRUST,35138,35202,64,True
2024-05,2024-06,RGT,CAMBRIDGE UNIVERSITY HOSPITALS NHS FOUNDATION TRUST,63659,64117,458,True
2024-05,2024-06,RH5,SOMERSET NHS FOUNDATION TRUST,54987,56574,1587,True
2024-05,2024-06,RH8,ROYAL DEVON UNIVERSITY HEALTHCARE NHS FOUNDATION TRUST,75145,75184,39,True
2024-05,2024-06,RHM,UNIVERSITY HOSPITAL SOUTHAMPTON NHS FOUNDATION TRUST,59805,60571,766,True
2024-05,2024-06,RHQ,SHEFFIELD TEACHING HOSPITALS NHS FOUNDATION TRUST,95021,94014,-1007,True
2024-05,2024-06,RHU,PORTSMOUTH HOSPITALS UNIVERSITY NATIONAL HEALTH SERVICE TRUST,62545,63553,1008,True
2024-05,2024-06,RHW,ROYAL BERKSHIRE NHS FOUNDATION TRUST,32790,33633,843,True
2024-05,2024-06,RJ1,GUY'S AND ST THOMAS' NHS FOUNDATION TRUST,138379,142070,3691,True
2024-05,2024-06,RJ2,LEWISHAM AND GREENWICH NHS TRUST,68341,69620,1279,True
2024-05,2024-06,RJ6,CROYDON HEALTH SERVICES NHS TRUST,34952,35608,656,True
2024-05,2024-06,RJ7,ST GEORGE'S UNIVERSITY HOSPITALS NHS FOUNDATION TRUST,64078,64640,562,True
2024-05,2024-06,RJ8,CORNWALL PARTNERSHIP NHS FOUNDATION TRUST,955,946,-9,True
2024-05,2024-06,RJC,SOUTH WARWICKSHIRE UNIVERSITY NHS FOUNDATION TRUST,33931,33436,-495,True
2024-05,2024-06,RJE,UNIVERSITY HOSPITALS OF NORTH MIDLANDS NHS TRUST,79342,77738,-1604,True
2024-05,2024-06,RJL,NORTHERN LINCOLNSHIRE AND GOOLE NHS FOUNDATION TRUST,46391,46724,333,True
2024-05,2024-06,RJN,EAST CHESHIRE NHS TRUST,12475,12509,34,True
2024-05,2024-06,RJR,COUNTESS OF CHESTER HOSPITAL NHS FOUNDATION TRUST,30649,31612,963,True
2024-05,2024-06,RJZ,KING'S COLLEGE HOSPITAL NHS FOUNDATION TRUST,100039,99747,-292,True
2024-05,2024-06,RK5,SHERWOOD FOREST HOSPITALS NHS FOUNDATION TRUST,35856,35717,-139,True
2024-05,2024-06,RK9,UNIVERSITY HOSPITALS PLYMOUTH NHS TRUST,48016,48674,658,True
2024-05,2024-06,RKB,UNIVERSITY HOSPITALS COVENTRY AND WARWICKSHIRE NHS TRUST,69431,74770,5339,True
2024-05,2024-06,RKE,WHITTINGTON HEALTH NHS TRUST,19065,19190,125,True
2024-05,2024-06,RKL,WEST LONDON NHS TRUST,2056,0,-2056,False
2024-05,2024-06,RL1,THE ROBERT JONES AND AGNES HUNT ORTHOPAEDIC HOSPITAL NHS FOUNDATION TRUST,15810,15708,-102,True
2024-05,2024-06,RL4,THE ROYAL WOLVERHAMPTON NHS TRUST,92357,90771,-1586,True
2024-05,2024-06,RLQ,WYE VALLEY NHS TRUST,24176,24761,585,True
2024-05,2024-06,RLT,GEORGE ELIOT HOSPITAL NHS TRUST,15994,16958,964,True
2024-05,2024-06,RM1,NORFOLK AND NORWICH UNIVERSITY HOSPITALS NHS FOUNDATION TRUST,85946,86813,867,True
2024-05,2024-06,RM3,NORTHERN CARE ALLIANCE NHS FOUNDATION TRUST,145174,143464,-1710,True
2024-05,2024-06,RMC,BOLTON NHS FOUNDATION TRUST,44435,45133,698,True
2024-05,2024-06,RMP,TAMESIDE AND GLOSSOP INTEGRATED CARE NHS FOUNDATION TRUST,21400,21348,-52,True
2024-05,2024-06,RN3,GREAT WESTERN HOSPITALS NHS FOUNDATION TRUST,40756,41818,1062,True
2024-05,2024-06,RN5,HAMPSHIRE HOSPITALS NHS FOUNDATION TRUST,52793,52375,-418,True
2024-05,2024-06,RN7,DARTFORD AND GRAVESHAM NHS TRUST,29769,30608,839,True
2024-05,2024-06,RNA,THE DUDLEY GROUP NHS FOUNDATION TRUST,48375,48687,312,True
2024-05,2024-06,RNN,NORTH CUMBRIA INTEGRATED CARE NHS FOUNDATION TRUST,40995,39872,-1123,True
2024-05,2024-06,RNQ,KETTERING GENERAL HOSPITAL NHS FOUNDATION TRUST,27804,27090,-714,True
2024-05,2024-06,RNS,NORTHAMPTON GENERAL HOSPITAL NHS TRUST,42856,42201,-655,True
2024-05,2024-06,RNZ,SALISBURY NHS FOUNDATION TRUST,27410,27298,-112,True
2024-05,2024-06,RP4,GREAT ORMOND STREET HOSPITAL FOR CHILDREN NHS FOUNDATION TRUST,8219,8122,-97,True
2024-05,2024-06,RP5,DONCASTER AND BASSETLAW TEACHING HOSPITALS NHS FOUNDATION TRUST,55892,55996,104,True
2024-05,2024-06,RP6,MOORFIELDS EYE HOSPITAL NHS FOUNDATION TRUST,35682,34201,-1481,True
2024-05,2024-06,RP7,LINCOLNSHIRE PARTNERSHIP NHS FOUNDATION TRUST,134,114,-20,True
2024-05,2024-06,RPA,MEDWAY NHS FOUNDATION TRUST,43831,43820,-11,True
2024-05,2024-06,RPC,QUEEN VICTORIA HOSPITAL NHS FOUNDATION TRUST,18496,18915,419,True
2024-05,2024-06,RPG,OXLEAS NHS FOUNDATION TRUST,2182,2187,5,True
2024-05,2024-06,RPY,THE ROYAL MARSDEN NHS FOUNDATION TRUST,1970,1897,-73,True
2024-05,2024-06,RQ3,BIRMINGHAM WOMEN'S AND CHILDREN'S NHS FOUNDATION TRUST,26872,27272,400,True
2024-05,2024-06,RQM,CHELSEA AND WESTMINSTER HOSPITAL NHS FOUNDATION TRUST,61540,62413,873,True
2024-05,2024-06,RQW,THE PRINCESS ALEXANDRA HOSPITAL NHS TRUST,29389,31928,2539,True
2024-05,2024-06,RQX,HOMERTON HEALTHCARE NHS FOUNDATION TRUST,33866,33765,-101,True
2024-05,2024-06,RR7,GATESHEAD HEALTH NHS FOUNDATION TRUST,11913,11772,-141,True
2024-05,2024-06,RR8,LEEDS TEACHING HOSPITALS NHS TRUST,91228,90898,-330,True
2024-05,2024-06,RRE,MIDLANDS PARTNERSHIP NHS FOUNDATION TRUST,6155,5795,-360,True
2024-05,2024-06,RRF,"WRIGHTINGTON, WIGAN AND LEIGH NHS FOUNDATION TRUST",55222,56716,1494,True
2024-05,2024-06,RRJ,THE ROYAL ORTHOPAEDIC HOSPITAL NHS FOUNDATION TRUST,15731,15473,-258,True
2024-05,2024-06,RRK,UNIVERSITY HOSPITALS BIRMINGHAM NHS FOUNDATION TRUST,129574,125315,-4259,True
2024-05,2024-06,RRV,UNIVERSITY COLLEGE LONDON HOSPITALS NHS FOUNDATION TRUST,73486,74958,1472,True
2024-05,2024-06,RT1,CAMBRIDGESHIRE AND PETERBOROUGH NHS FOUNDATION TRUST,321,325,4,True
2024-05,2024-06,RTD,THE NEWCASTLE UPON TYNE HOSPITALS NHS FOUNDATION TRUST,100892,101774,882,True
2024-05,2024-06,RTE,GLOUCESTERSHIRE HOSPITALS NHS FOUNDATION TRUST,69802,72699,2897,True
2024-05,2024-06,RTF,NORTHUMBRIA HEALTHCARE NHS FOUNDATION TRUST,35186,34987,-199,True
2024-05,2024-06,RTG,UNIVERSITY HOSPITALS OF DERBY AND BURTON NHS FOUNDATION TRUST,106758,107470,712,True
2024-05,2024-06,RTH,OXFORD UNIVERSITY HOSPITALS NHS FOUNDATION TRUST,82986,84287,1301,True
2024-05,2024-06,RTK,ASHFORD AND ST PETER'S HOSPITALS NHS FOUNDATION TRUST,56544,56146,-398,True
2024-05,2024-06,RTP,SURREY AND SUSSEX HEALTHCARE NHS TRUST,47801,47638,-163,True
2024-05,2024-06,RTR,SOUTH TEES HOSPITALS NHS FOUNDATION TRUST,56248,56294,46,True
2024-05,2024-06,RTX,UNIVERSITY HOSPITALS OF MORECAMBE BAY NHS FOUNDATION TRUST,31792,31306,-486,True
2024-05,2024-06,RV3,CENTRAL AND NORTH WEST LONDON NHS FOUNDATION TRUST,1756,1843,87,True
2024-05,2024-06,RVJ,NORTH BRISTOL NHS TRUST,46740,46252,-488,True
2024-05,2024-06,RVR,EPSOM AND ST HELIER UNIVERSITY HOSPITALS NHS TRUST,49728,50232,504,True
2024-05,2024-06,RVV,EAST KENT HOSPITALS UNIVERSITY NHS FOUNDATION TRUST,87486,85778,-1708,True
2024-05,2024-06,RVW,NORTH TEES AND HARTLEPOOL NHS FOUNDATION TRUST,20745,21055,310,True
2024-05,2024-06,RW1,SOUTHERN HEALTH NHS FOUNDATION TRUST,3921,3927,6,True
2024-05,2024-06,RW4,MERSEY CARE NHS FOUNDATION TRUST,58,50,-8,True
2024-05,2024-06,RW5,LANCASHIRE & SOUTH CUMBRIA NHS FOUNDATION TRUST,1371,1544,173,True
2024-05,2024-06,RWA,HULL UNIVERSITY TEACHING HOSPITALS NHS TRUST,76421,77205,784,True
2024-05,2024-06,RWD,UNITED LINCOLNSHIRE HOSPITALS NHS TRUST,71078,71372,294,True
2024-05,2024-06,RWE,UNIVERSITY HOSPITALS OF LEICESTER NHS TRUST,111037,112638,1601,True
2024-05,2024-06,RWF,MAIDSTONE AND TUNBRIDGE WELLS NHS TRUST,44168,44761,593,True
2024-05,2024-06,RWG,WEST HERTFORDSHIRE TEACHING HOSPITALS NHS TRUST,55666,53404,-2262,True
2024-05,2024-06,RWH,EAST AND NORTH HERTFORDSHIRE NHS TRUST,58061,59011,950,True
2024-05,2024-06,RWJ,STOCKPORT NHS FOUNDATION TRUST,38353,37887,-466,True
2024-05,2024-06,RWP,WORCESTERSHIRE ACUTE HOSPITALS NHS TRUST,61984,62018,34,True
2024-05,2024-06,RWW,WARRINGTON AND HALTON TEACHING HOSPITALS NHS FOUNDATION TRUST,36447,36121,-326,True
2024-05,2024-06,RWX,BERKSHIRE HEALTHCARE NHS FOUNDATION TRUST,299,171,-128,True
2024-05,2024-06,RWY,CALDERDALE AND HUDDERSFIELD NHS FOUNDATION TRUST,35523,35870,347,True
2024-05,2024-06,RX1,NOTTINGHAM UNIVERSITY HOSPITALS NHS TRUST,87026,86661,-365,True
2024-05,2024-06,RX4,"CUMBRIA, NORTHUMBERLAND, TYNE AND WEAR NHS FOUNDATION TRUST",195,188,-7,True
2024-05,2024-06,RXC,EAST SUSSEX HEALTHCARE NHS TRUST,53921,54385,464,True
2024-05,2024-06,RXF,MID YORKSHIRE TEACHING NHS TRUST,55824,55693,-131,True
2024-05,2024-06,RXG,SOUTH WEST YORKSHIRE PARTNERSHIP NHS FOUNDATION TRUST,3130,3268,138,True
2024-05,2024-06,RXK,SANDWELL AND WEST BIRMINGHAM HOSPITALS NHS TRUST,76242,76281,39,True
2024-05,2024-06,RXL,BLACKPOOL TEACHING HOSPITALS NHS FOUNDATION TRUST,34229,34017,-212,True
2024-05,2024-06,RXN,LANCASHIRE TEACHING HOSPITALS NHS FOUNDATION TRUST,58790,58299,-491,True
2024-05,2024-06,RXP,COUNTY DURHAM AND DARLINGTON NHS FOUNDATION TRUST,42188,41168,-1020,True
2024-05,2024-06,RXQ,BUCKINGHAMSHIRE HEALTHCARE NHS TRUST,51631,50088,-1543,True
2024-05,2024-06,RXR,EAST LANCASHIRE HOSPITALS NHS TRUST,72275,71474,-801,True
2024-05,2024-06,RXW,THE SHREWSBURY AND TELFORD HOSPITAL NHS TRUST,44042,47563,3521,True
2024-05,2024-06,RY6,LEEDS COMMUNITY HEALTHCARE NHS TRUST,229,316,87,True
2024-05,2024-06,RYJ,IMPERIAL COLLEGE HEALTHCARE NHS TRUST,98359,98096,-263,True
2024-05,2024-06,RYR,UNIVERSITY HOSPITALS SUSSEX NHS FOUNDATION TRUST,141506,136394,-5112,True
2024-05,2024-06,RYW,BIRMINGHAM COMMUNITY HEALTHCARE NHS FOUNDATION TRUST,16200,16118,-82,True
2024-05,2024-06,RYY,KENT COMMUNITY HEALTH NHS FOUNDATION TRUST,3232,2770,-462,True
2024-05,2024-06,S1Z4X,NEWMEDICA - BIRMINGHAM,355,426,71,True
2024-05,2024-06,T4I8V,SPAMEDICA CHESTERFIELD,0,14,14,False
2024-05,2024-06,T8R5I,SPAMEDICA WOKINGHAM,191,174,-17,True
2024-05,2024-06,T8V3L,SPAMEDICA DONCASTER,162,156,-6,True
2024-05,2024-06,TAD,BRADFORD DISTRICT CARE NHS FOUNDATION TRUST,452,450,-2,True
2024-05,2024-06,V4U1Y,SPAMEDICA CHESTER,87,102,15,True
2024-05,2024-06,V5F1D,SPAMEDICA TELFORD,141,97,-44,True
2024-05,2024-06,V8N5R,SPAMEDICA DALSTON,131,192,61,True
2024-05,2024-06,Y8L9S,SPAMEDICA BROMLEY,264,248,-16,True
2024-05,2024-06,Z5J5V,SPAMEDICA HAYDOCK,93,94,1,True
2024-05,2024-06,Z9Z1G,SPAMEDICA GATESHEAD,251,194,-57,True
2024-06,2024-07,8KL73,ENDOCARE DIAGNOSTICS,70,55,-15,True
2024-06,2024-07,A0C5S,SPAMEDICA GLOUCESTER,91,82,-9,True
2024-06,2024-07,A4M8P,BUCKSHAW HOSPITAL,3463,3415,-48,True
2024-06,2024-07,A4Q9X,NEWMEDICA LEICESTER,216,173,-43,True
2024-06,2024-07,AAH,TETBURY HOSPITAL TRUST LTD,285,358,73,True
2024-06,2024-07,AAV,COMMUNITY HEALTH AND EYECARE LIMITED,3579,3274,-305,True
2024-06,2024-07,ACG08,NEWMEDICA OPHTHALMOLOGY - NUNEATON - CAMP HILL - GP LED HEALTH CENTRE,9,17,8,True
2024-06,2024-07,ACG12,NEWMEDICA COMMUNITY OPHTHALMOLOGY - NORTH EAST LINCOLNSHIRE - GRIMSBY,275,342,67,True
2024-06,2024-07,ACG13,NEWMEDICA - GLOUCESTER (ASPEN MEDICAL CENTRE),183,110,-73,True
2024-06,2024-07,ACG19,NEWMEDICA COMMUNITY OPHTHALMOLOGY - LEEDS,512,468,-44,True
2024-06,2024-07,ACG20,NEWMEDICA - BRISTOL - LITFIELD HOUSE,199,177,-22,True
2024-06,2024-07,ACG22,NEWMEDICA - BRIGG - RIVERSIDE SURGERY,245,215,-30,True
2024-06,2024-07,ACG24,NEWMEDICA - TEESSIDE - NORTH ORMESBY,851,927,76,True
2024-06,2024-07,ACG26,NEWMEDICA - NORTH DERBYSHIRE - MIDLAND COURT,639,890,251,True
2024-06,2024-07,ACG30,NEWMEDICA - WORKSOP - DUKERIES,86,149,63,True
2024-06,2024-07,ACG31,NEWMEDICA - WORCESTER,860,814,-46,True
2024-06,2024-07,ACG36,NEWMEDICA - EXETER - GLEN HOUSE,173,199,26,True
2024-06,2024-07,ACG37,NEWMEDICA - IPSWICH,1435,1140,-295,True
2024-06,2024-07,ACG38,NEWMEDICA - LANGFORD,195,238,43,True
2024-06,2024-07,ACG39,NEWMEDICA - SWINDON,242,224,-18,True
2024-06,2024-07,ACG40,NEWMEDICA - WAKEFIELD,560,471,-89,True
2024-06,2024-07,ACM,EYE CARE MEDICAL LTD,3,6,3,True
2024-06,2024-07,ADN,PRIMARY INTEGRATED COMMUNITY SERVICES LTD,2122,2109,-13,True
2024-06,2024-07,ADP02,KIMS HOSPITAL (NEWNHAM COURT),1419,1574,155,True
2024-06,2024-07,AHP,ST MICHAEL'S CLINIC LIMITED,1618,1731,113,True
2024-06,2024-07,AJ8,THE GRANGE MEDICAL CENTRE HQ,245,149,-96,True
2024-06,2024-07,AJX,SUSSEX MSK PARTNERSHIP 2,7722,7553,-169,True
2024-06,2024-07,AQK,VERNOVA HEALTHCARE COMMUNITY INTEREST COMPANY,90,100,10,True
2024-06,2024-07,AY1,MEDEFER,2753,3839,1086,True
2024-06,2024-07,B1A5K,NEWMEDICA - NOTTINGHAM,709,698,-11,True
2024-06,2024-07,B3M1X,CLAREMONT PRIVATE HOSPITAL,1733,1470,-263,True
2024-06,2024-07,B4N1U,SPAMEDICA ROMFORD,346,353,7,True
2024-06,2024-07,B5M7B,NEWMEDICA - NORWICH,596,534,-62,True
2024-06,2024-07,B9J4U,SPAMEDICA PETERBOROUGH,120,121,1,True
2024-06,2024-07,B9M3W,SPAMEDICA SOUTHAMPTON,220,223,3,True
2024-06,2024-07,C3Y0A,SPAMEDICA BLACKPOOL,68,78,10,True
2024-06,2024-07,D3O0Z,PLYMOUTH NEWMEDICA LTD,301,343,42,True
2024-06,2024-07,D5P5H,SPAMEDICA BEXHILL,164,190,26,True
2024-06,2024-07,DFQ,NORWICH & NORFOLK SURGICAL LTD (N2S),893,879,-14,True
2024-06,2024-07,DFY01,COTSWOLDS SURGICAL PARTNERS,264,269,5,True
2024-06,2024-07,DTT,PHOENIX PUBLIC HEALTH LTD,206,267,61,True
2024-06,2024-07,DX1,THE NEW FOSCOTE HOSPITAL LTD,207,220,13,True
2024-06,2024-07,DXV,OMNES HEALTHCARE LTD,8316,7250,-1066,True
2024-06,2024-07,E1U4T,SPAMEDICA CARLISLE,191,135,-56,True
2024-06,2024-07,E3D4A,SPAMEDICA TRURO,108,129,21,True
2024-06,2024-07,F0R0W,NEWMEDICA - DARLINGTON,0,18,18,False
2024-06,2024-07,F9Z4V,CIRCLE READING HOSPITAL,1313,1430,117,True
2024-06,2024-07,G3O5P,SPAMEDICA NEWARK,140,181,41,True
2024-06,2024-07,G3Q3Z,NUFFIELD HEALTH HIGHGATE HOSPITAL,988,1028,40,True
2024-06,2024-07,G3Z1Q,SULIS HOSPITAL BATH (FOXCOTE AVENUE),3146,3233,87,True
2024-06,2024-07,G5X2Q,SPAMEDICA NORTH TYNESIDE,94,98,4,True
2024-06,2024-07,GEC01,RAPID INVESTIGATION SERVICE,110,153,43,True
2024-06,2024-07,H4I8B,NUFFIELD HEALTH THE HOLLY HOSPITAL,3467,3430,-37,True
2024-06,2024-07,H4J9P,NEWMEDICA AZTEC WEST,345,314,-31,True
2024-06,2024-07,I2C7H,SPAMEDICA BRADFORD,140,183,43,True
2024-06,2024-07,I9A4A,SPAMEDICA BRIGHTON,217,205,-12,True
2024-06,2024-07,J2H6H,SPAMEDICA COLCHESTER,136,114,-22,True
2024-06,2024-07,J3J8Z,NEWMEDICA - OXFORDSHIRE,620,611,-9,True
2024-06,2024-07,J3X4C,SPAMEDICA WORCESTER,65,84,19,True
2024-06,2024-07,J7V1N,SPAMEDICA SOLIHULL,134,144,10,True
2024-06,2024-07,K8I4X,GLENDON WOOD HOSPITAL,1508,1588,80,True
2024-06,2024-07,L0D9W,NEWMEDICA - GLOUCESTER (BRIGHOUSE COURT),876,861,-15,True
2024-06,2024-07,L4R3R,NEWMEDICA - HAMPSHIRE,528,507,-21,True
2024-06,2024-07,L6O7H,SPAMEDICA POOLE,699,716,17,True
2024-06,2024-07,L9D3Z,SPAMEDICA LEICESTER,29,20,-9,True
2024-06,2024-07,M0N7E,SPAMEDICA SITTINGBOURNE,90,107,17,True
2024-06,2024-07,M3R0W,SPAMEDICA NORWICH,72,92,20,True
2024-06,2024-07,M4C5R,NEWMEDICA - NORTHAMPTON,858,929,71,True
2024-06,2024-07,M5E1S,SPAMEDICA EXETER,238,240,2,True
2024-06,2024-07,M7C9Q,SPAMEDICA EPSOM,207,232,25,True
2024-06,2024-07,N6Z0R,NEWMEDICA - LINCOLN,17,11,-6,True
2024-06,2024-07,N8R1N,NEWMEDICA - BERKSHIRE,0,55,55,False
2024-06,2024-07,NAM01,PROBUS SURGICAL CENTRE,1061,1101,40,True
2024-06,2024-07,NCN,DMC HEALTHCARE,1802,2632,830,True
2024-06,2024-07,NCR,ISIGHT,986,892,-94,True
2024-06,2024-07,NDJ,FIRST COMMUNITY HEALTH AND CARE CIC,843,792,-51,True
2024-06,2024-07,NDL01,SUFFOLK GP FEDERATION,72,83,11,True
2024-06,2024-07,NEQ,PHOENIX HEALTH SOLUTIONS LIMITED HQ,651,686,35,True
2024-06,2024-07,NEY,PIONEER HEALTHCARE LIMITED,4230,2619,-1611,True
2024-06,2024-07,NFH,SOMERSET SURGICAL SERVICES HQ,839,824,-15,True
2024-06,2024-07,NL3,CARE PLUS GROUP,250,235,-15,True
2024-06,2024-07,NL8,LOCALA COMMUNITY PARTNERSHIPS CIC,2117,2167,50,True
2024-06,2024-07,NLE01,LANCASTER HOUSE CONSULTING DIAGNOSTICS SURGICAL LTD HQ,269,320,51,True
2024-06,2024-07,NLX,SIRONA CARE & HEALTH,4680,5120,440,True
2024-06,2024-07,NMG,CONNECT HEALTH LIMITED,16325,15938,-387,True
2024-06,2024-07,NN4,TYNESIDE SURGICAL SERVICES LTD,1017,1048,31,True
2024-06,2024-07,NN5,MANCHESTER SURGICAL SERVICES LTD,469,319,-150,True
2024-06,2024-07,NN8,SPENCER PRIVATE HOSPITALS LTD,3195,3291,96,True
2024-06,2024-07,NNE,DORKING HEALTHCARE LIMITED (DHC),5540,5490,-50,True
2024-06,2024-07,NPG01,SPAMEDICA MANCHESTER,128,121,-7,True
2024-06,2024-07,NPG02,SPAMEDICA WIRRAL,112,143,31,True
2024-06,2024-07,NPG06,SPAMEDICA LIVERPOOL,182,208,26,True
2024-06,2024-07,NPG07,SPAMEDICA EYE HOSPITAL (WAKEFIELD),147,139,-8,True
2024-06,2024-07,NPG08,SPAMEDICA BOLTON,156,154,-2,True
2024-06,2024-07,NPG10,SPAMEDICA SHEFFIELD,125,132,7,True
2024-06,2024-07,NPG11,SPAMEDICA BIRMINGHAM,200,272,72,True
2024-06,2024-07,NPG13,SPAMEDICA SKELMERSDALE,174,185,11,True
2024-06,2024-07,NPG14,SPAMEDICA WIDNES,88,97,9,True
2024-06,2024-07,NPG15,SPAMEDICA NEWCASTLE-UNDER-LYME,133,184,51,True
2024-06,2024-07,NPG16,SPAMEDICA CHELMSFORD,721,570,-151,True
2024-06,2024-07,NPG17,SPAMEDICA PRESTON,147,155,8,True
2024-06,2024-07,NPG18,SPAMEDICA HULL,119,174,55,True
2024-06,2024-07,NPG19,SPAMEDICA BEDFORD,233,233,0,True
2024-06,2024-07,NPG20,SPAMEDICA WOLVERHAMPTON,199,181,-18,True
2024-06,2024-07,NPG21,SPAMEDICA COVENTRY,182,229,47,True
2024-06,2024-07,NPG22,SPAMEDICA STOCKTON-ON-TEES,80,100,20,True
2024-06,2024-07,NPG23,SPAMEDICA DERBY,82,117,35,True
2024-06,2024-07,NPR01,ABOUT HEALTH HQ,1611,1674,63,True
2024-06,2024-07,NQH,NOVUS HEALTH LTD,967,1142,175,True
2024-06,2024-07,NQM01,ORTHOPAEDICS & SPINE SPECIALIST HOSPITAL SITE,145,147,2,True
2024-06,2024-07,NQT5K,ST MARTINS HOSPITAL,902,874,-28,True
2024-06,2024-07,NQTH0,HCRG CARE EAST RIDING LLP,3155,3652,497,True
2024-06,2024-07,NQX01,PROVIDE WELLBEING @ TOLLGATE CLINIC,112,113,1,True
2024-06,2024-07,NR5,LIVEWELL SOUTHWEST,79,66,-13,True
2024-06,2024-07,NRP,BEACON MEDICAL SERVICES GROUP LIMITED,439,429,-10,True
2024-06,2024-07,NT202,"NUFFIELD HEALTH, BOURNEMOUTH HOSPITAL",343,358,15,True
2024-06,2024-07,NT204,"NUFFIELD HEALTH, BRENTWOOD HOSPITAL",1017,1237,220,True
2024-06,2024-07,NT205,"NUFFIELD HEALTH, BRIGHTON HOSPITAL",300,303,3,True
2024-06,2024-07,NT206,"NUFFIELD HEALTH, BRISTOL HOSPITAL (CHESTERFIELD)",338,334,-4,True
2024-06,2024-07,NT209,"NUFFIELD HEALTH, CAMBRIDGE HOSPITAL",381,368,-13,True
2024-06,2024-07,NT210,"NUFFIELD HEALTH, THE GROSVENOR HOSPITAL, CHESTER",310,296,-14,True
2024-06,2024-07,NT211,"NUFFIELD HEALTH, CHELTENHAM HOSPITAL",41,43,2,True
2024-06,2024-07,NT212,"NUFFIELD HEALTH, CHICHESTER HOSPITAL",568,620,52,True
2024-06,2024-07,NT213,"NUFFIELD HEALTH, DERBY HOSPITAL",1357,1359,2,True
2024-06,2024-07,NT214,"NUFFIELD HEALTH, WESSEX HOSPITAL",0,237,237,False
2024-06,2024-07,NT215,"NUFFIELD HEALTH, EXETER HOSPITAL",269,305,36,True
2024-06,2024-07,NT216,"NUFFIELD HEALTH, GUILDFORD HOSPITAL",0,66,66,False
2024-06,2024-07,NT218,"NUFFIELD HEALTH, HAYWARDS HEATH HOSPITAL",60,47,-13,True
2024-06,2024-07,NT219,"NUFFIELD HEALTH, HEREFORD HOSPITAL",193,230,37,True
2024-06,2024-07,NT224,"NUFFIELD HEALTH, WARWICKSHIRE HOSPITAL",199,239,40,True
2024-06,2024-07,NT225,"NUFFIELD HEALTH, LEEDS HOSPITAL",1187,1255,68,True
2024-06,2024-07,NT226,"NUFFIELD HEALTH, LEICESTER HOSPITAL",320,265,-55,True
2024-06,2024-07,NT229,"NUFFIELD HEALTH, NEWCASTLE UPON TYNE HOSPITAL",335,322,-13,True
2024-06,2024-07,NT230,"NUFFIELD HEALTH, NORTH STAFFORDSHIRE HOSPITAL",1460,1448,-12,True
2024-06,2024-07,NT233,"NUFFIELD HEALTH, PLYMOUTH HOSPITAL",1071,1149,78,True
2024-06,2024-07,NT235,"NUFFIELD HEALTH, SHREWSBURY HOSPITAL",238,254,16,True
2024-06,2024-07,NT237,"NUFFIELD HEALTH, TEES HOSPITAL",1538,1392,-146,True
2024-06,2024-07,NT238,"NUFFIELD HEALTH, TAUNTON HOSPITAL",309,314,5,True
2024-06,2024-07,NT239,"NUFFIELD HEALTH, TUNBRIDGE WELLS HOSPITAL",259,254,-5,True
2024-06,2024-07,NT241,"NUFFIELD HEALTH, WOKING HOSPITAL",435,353,-82,True
2024-06,2024-07,NT242,"NUFFIELD HEALTH, WOLVERHAMPTON HOSPITAL",594,598,4,True
2024-06,2024-07,NT245,"NUFFIELD HEALTH, YORK HOSPITAL",473,523,50,True
2024-06,2024-07,NT301,SPIRE SOUTH BANK HOSPITAL,799,781,-18,True
2024-06,2024-07,NT302,SPIRE BRISTOL HOSPITAL,929,935,6,True
2024-06,2024-07,NT304,SPIRE SOUTHAMPTON HOSPITAL,883,624,-259,True
2024-06,2024-07,NT305,SPIRE PORTSMOUTH HOSPITAL,292,314,22,True
2024-06,2024-07,NT308,SPIRE GATWICK PARK HOSPITAL,816,649,-167,True
2024-06,2024-07,NT30A,SPIRE NOTTINGHAM HOSPITAL,379,362,-17,True
2024-06,2024-07,NT310,SPIRE TUNBRIDGE WELLS HOSPITAL,533,478,-55,True
2024-06,2024-07,NT312,SPIRE ALEXANDRA HOSPITAL,1048,1195,147,True
2024-06,2024-07,NT313,SPIRE WELLESLEY HOSPITAL,1893,1784,-109,True
2024-06,2024-07,NT314,SPIRE LONDON EAST,2025,1944,-81,True
2024-06,2024-07,NT315,SPIRE BUSHEY HOSPITAL,588,509,-79,True
2024-06,2024-07,NT316,SPIRE HARPENDEN HOSPITAL,554,652,98,True
2024-06,2024-07,NT317,SPIRE CAMBRIDGE LEA HOSPITAL,334,263,-71,True
2024-06,2024-07,NT318,SPIRE NORWICH HOSPITAL,215,248,33,True
2024-06,2024-07,NT319,SPIRE HARTSWOOD HOSPITAL,1503,1573,70,True
2024-06,2024-07,NT320,SPIRE PARKWAY HOSPITAL,968,1063,95,True
2024-06,2024-07,NT321,SPIRE LITTLE ASTON HOSPITAL,1486,1475,-11,True
2024-06,2024-07,NT322,SPIRE LEICESTER HOSPITAL,627,841,214,True
2024-06,2024-07,NT324,SPIRE CHESHIRE HOSPITAL,1082,1225,143,True
2024-06,2024-07,NT325,SPIRE MURRAYFIELD HOSPITAL,627,740,113,True
2024-06,2024-07,NT327,SPIRE MANCHESTER HOSPITAL,560,631,71,True
2024-06,2024-07,NT332,SPIRE LEEDS HOSPITAL,956,841,-115,True
2024-06,2024-07,NT333,SPIRE WASHINGTON HOSPITAL,1085,1254,169,True
2024-06,2024-07,NT337,SPIRE LIVERPOOL HOSPITAL,3155,3485,330,True
2024-06,2024-07,NT339,SPIRE REGENCY HOSPITAL,1333,1735,402,True
2024-06,2024-07,NT343,SPIRE THAMES VALLEY HOSPITAL,408,367,-41,True
2024-06,2024-07,NT344,SPIRE DUNEDIN HOSPITAL,453,470,17,True
2024-06,2024-07,NT345,SPIRE CLARE PARK HOSPITAL,218,264,46,True
2024-06,2024-07,NT347,SPIRE FYLDE COAST HOSPITAL,2584,2796,212,True
2024-06,2024-07,NT348,SPIRE ELLAND HOSPITAL,1113,1273,160,True
2024-06,2024-07,NT350,SPIRE METHLEY PARK HOSPITAL,1077,1387,310,True
2024-06,2024-07,NT351,SPIRE HULL AND EAST RIDING HOSPITAL,2776,2774,-2,True
2024-06,2024-07,NT364,SPIRE MONTEFIORE HOSPITAL,747,707,-40,True
2024-06,2024-07,NT3X3,SPIRE ST ANTHONY'S HOSPITAL,776,701,-75,True
2024-06,2024-07,NT401,ALEXANDRA HOSPITAL,648,705,57,True
2024-06,2024-07,NT402,BATH CLINIC,484,527,43,True
2024-06,2024-07,NT403,BEARDWOOD HOSPITAL,2159,2283,124,True
2024-06,2024-07,NT404,BEAUMONT HOSPITAL,2501,2509,8,True
2024-06,2024-07,NT405,BISHOPS WOOD HOSPITAL,515,550,35,True
2024-06,2024-07,NT406,BLACKHEATH HOSPITAL,1207,1258,51,True
2024-06,2024-07,NT408,CHAUCER HOSPITAL,971,958,-13,True
2024-06,2024-07,NT409,CHELSFIELD PARK HOSPITAL,641,606,-35,True
2024-06,2024-07,NT410,CHILTERN HOSPITAL,434,436,2,True
2024-06,2024-07,NT411,CLEMENTINE CHURCHILL HOSPITAL,2120,2215,95,True
2024-06,2024-07,NT412,DROITWICH SPA HOSPITAL,1367,1452,85,True
2024-06,2024-07,NT416,HENDON HOSPITAL,963,1008,45,True
2024-06,2024-07,NT417,GORING HALL HOSPITAL,1269,1278,9,True
2024-06,2024-07,NT418,HAMPSHIRE CLINIC,386,390,4,True
2024-06,2024-07,NT419,HARBOUR HOSPITAL,132,151,19,True
2024-06,2024-07,NT420,HIGHFIELD HOSPITAL,995,918,-77,True
2024-06,2024-07,NT421,KINGS OAK HOSPITAL,1382,1330,-52,True
2024-06,2024-07,NT422,LONDON INDEPENDENT HOSPITAL,4875,4991,116,True
2024-06,2024-07,NT423,MANOR HOSPITAL,762,750,-12,True
2024-06,2024-07,NT424,MERIDEN HOSPITAL,1512,1485,-27,True
2024-06,2024-07,NT427,PARK HOSPITAL,1026,1015,-11,True
2024-06,2024-07,NT428,PRINCESS MARGARET HOSPITAL,101,117,16,True
2024-06,2024-07,NT429,PRIORY HOSPITAL,1319,1197,-122,True
2024-06,2024-07,NT430,RIDGEWAY HOSPITAL,578,468,-110,True
2024-06,2024-07,NT431,RUNNYMEDE HOSPITAL,186,168,-18,True
2024-06,2024-07,NT433,SARUM ROAD HOSPITAL,339,339,0,True
2024-06,2024-07,NT434,SAXON CLINIC,667,654,-13,True
2024-06,2024-07,NT435,SHELBURNE HOSPITAL,164,183,19,True
2024-06,2024-07,NT436,SHIRLEY OAKS HOSPITAL,1192,1054,-138,True
2024-06,2024-07,NT437,SLOANE HOSPITAL,810,773,-37,True
2024-06,2024-07,NT440,THORNBURY HOSPITAL,500,537,37,True
2024-06,2024-07,NT441,THREE SHIRES HOSPITAL,2922,3180,258,True
2024-06,2024-07,NT443,WINTERBOURNE HOSPITAL,295,332,37,True
2024-06,2024-07,NT445,EDGBASTON HOSPITAL,1,1,0,True
2024-06,2024-07,NT446,ST EDMUNDS HOSPITAL,610,610,0,True
2024-06,2024-07,NT447,DUCHY HOSPITAL,470,513,43,True
2024-06,2024-07,NT448,HUDDERSFIELD HOSPITAL,771,814,43,True
2024-06,2024-07,NT449,LANCASTER HOSPITAL,379,422,43,True
2024-06,2024-07,NT450,LINCOLN HOSPITAL,1653,1601,-52,True
2024-06,2024-07,NT451,CAVELL HOSPITAL,1544,1642,98,True
2024-06,2024-07,NT455,MOUNT ALVERNIA HOSPITAL,197,177,-20,True
2024-06,2024-07,NT457,WOODLANDS HOSPITAL,1848,1941,93,True
2024-06,2024-07,NT490,SOUTHEND PRIVATE HOSPITAL,1426,1514,88,True
2024-06,2024-07,NTE02,ST HUGH'S HOSPITAL,1796,2010,214,True
2024-06,2024-07,NTP11,PRACTICE PLUS GROUP HOSPITAL - SOUTHAMPTON,9431,9606,175,True
2024-06,2024-07,NTP13,PRACTICE PLUS GROUP HOSPITAL - BARLBOROUGH,1701,1832,131,True
2024-06,2024-07,NTP15,PRACTICE PLUS GROUP HOSPITAL - ILFORD,5536,4935,-601,True
2024-06,2024-07,NTP16,PRACTICE PLUS GROUP SURGICAL CENTRE - GILLINGHAM,1402,1263,-139,True
2024-06,2024-07,NTPAD,PRACTICE PLUS GROUP SURGICAL CENTRE - ST MARYS PORTSMOUTH,2372,2454,82,True
2024-06,2024-07,NTPAE,PRACTICE PLUS GROUP OPHTHALMOLOGY - NORTH WEST,899,775,-124,True
2024-06,2024-07,NTPH1,PRACTICE PLUS GROUP HOSPITAL - SHEPTON MALLET,2863,2546,-317,True
2024-06,2024-07,NTPH2,PRACTICE PLUS GROUP HOSPITAL - EMERSONS GREEN,4643,4871,228,True
2024-06,2024-07,NTPH3,PRACTICE PLUS GROUP SURGICAL CENTRE - DEVIZES,2303,2350,47,True
2024-06,2024-07,NTPH5,PRACTICE PLUS GROUP HOSPITAL - PLYMOUTH,2418,2526,108,True
2024-06,2024-07,NTX,THE ONE HEALTH GROUP PLC,3636,3752,116,True
2024-06,2024-07,NV1,INHEALTH LIMITED,1693,1929,236,True
2024-06,2024-07,NVC01,ASHTEAD HOSPITAL,730,787,57,True
2024-06,2024-07,NVC02,THE BERKSHIRE INDEPENDENT HOSPITAL,1078,1070,-8,True
2024-06,2024-07,NVC04,DUCHY HOSPITAL,1485,1414,-71,True
2024-06,2024-07,NVC05,EUXTON HALL HOSPITAL,2837,2963,126,True
2024-06,2024-07,NVC06,FITZWILLIAM HOSPITAL,7164,7414,250,True
2024-06,2024-07,NVC07,FULWOOD HALL HOSPITAL,5452,5708,256,True
2024-06,2024-07,NVC08,MOUNT STUART HOSPITAL,1931,1989,58,True
2024-06,2024-07,NVC09,NEW HALL HOSPITAL,3605,3584,-21,True
2024-06,2024-07,NVC0I,BEACON PARK HOSPITAL,1584,1573,-11,True
2024-06,2024-07,NVC0R,TEES VALLEY HOSPITAL,3615,3685,70,True
2024-06,2024-07,NVC0Y,EXETER MEDICAL,351,326,-25,True
2024-06,2024-07,NVC11,NORTH DOWNS HOSPITAL,2030,2015,-15,True
2024-06,2024-07,NVC12,OAKLANDS HOSPITAL,6539,6288,-251,True
2024-06,2024-07,NVC13,OAKS HOSPITAL,911,867,-44,True
2024-06,2024-07,NVC14,PARK HILL HOSPITAL,1069,1015,-54,True
2024-06,2024-07,NVC15,PINEHILL HOSPITAL,1475,1493,18,True
2024-06,2024-07,NVC16,RENACRES HOSPITAL,3874,4024,150,True
2024-06,2024-07,NVC17,ROWLEY HALL HOSPITAL,2921,2895,-26,True
2024-06,2024-07,NVC18,SPRINGFIELD HOSPITAL,5253,5407,154,True
2024-06,2024-07,NVC19,RIVERS HOSPITAL,4213,4314,101,True
2024-06,2024-07,NVC1H,STOURSIDE HOSPITAL,3624,3683,59,True
2024-06,2024-07,NVC20,THE YORKSHIRE CLINIC,8129,8382,253,True
2024-06,2024-07,NVC21,WEST MIDLANDS HOSPITAL,1013,1094,81,True
2024-06,2024-07,NVC22,WINFIELD HOSPITAL,1125,1141,16,True
2024-06,2024-07,NVC23,WOODLAND HOSPITAL,5264,5117,-147,True
2024-06,2024-07,NVC25,THE CHERWELL HOSPITAL,1991,2134,143,True
2024-06,2024-07,NVC27,BOSTON WEST HOSPITAL,1986,2079,93,True
2024-06,2024-07,NVC28,CLIFTON PARK HOSPITAL,1827,1903,76,True
2024-06,2024-07,NVC29,COBALT HOSPITAL,1721,1772,51,True
2024-06,2024-07,NVC31,BLAKELANDS HOSPITAL,1721,1752,31,True
2024-06,2024-07,NVC40,WOODTHORPE HOSPITAL,4896,5039,143,True
2024-06,2024-07,NVC44,THE WESTBOURNE CENTRE,2574,2651,77,True
2024-06,2024-07,NVG01,FAIRFIELD HOSPITAL,2362,2127,-235,True
2024-06,2024-07,NVM,EPSOMEDICAL GROUP,2998,2998,0,True
2024-06,2024-07,NWF01,BENENDEN HOSPITAL,1291,1301,10,True
2024-06,2024-07,NWV01,GP CARE UK,246,335,89,True
2024-06,2024-07,NWX,HERE,15398,14893,-505,True
2024-06,2024-07,NXM01,THE HORDER CENTRE - ST JOHNS ROAD,362,318,-44,True
2024-06,2024-07,NXP,INDEPENDENT HEALTH GROUP,1120,1290,170,True
2024-06,2024-07,NYG,SUSSEX COMMUNITY DERMATOLOGY SERVICE,13428,15312,1884,True
2024-06,2024-07,NYR,HEALTHSHARE DIAGNOSTICS,581,803,222,True
2024-06,2024-07,NYW17,ASPEN HEALTHCARE - MIDLAND EYE,512,472,-40,True
2024-06,2024-07,O1P6X,SPAMEDICA OLDHAM,191,177,-14,True
2024-06,2024-07,O5Y9D,SPAMEDICA OXFORD,158,170,12,True
2024-06,2024-07,P0C3F,SPAMEDICA LEEDS,93,84,-9,True
2024-06,2024-07,P1B7M,SPAMEDICA BRISTOL,77,56,-21,True
2024-06,2024-07,P5Y6K,NEWMEDICA - SHREWSBURY,329,280,-49,True
2024-06,2024-07,Q1S8W,NEWMEDICA - BURY ST EDMUNDS,112,97,-15,True
2024-06,2024-07,Q1W6P,SPAMEDICA WATFORD,172,170,-2,True
2024-06,2024-07,R0A,MANCHESTER UNIVERSITY NHS FOUNDATION TRUST,188281,191122,2841,True
2024-06,2024-07,R0B,SOUTH TYNESIDE AND SUNDERLAND NHS FOUNDATION TRUST,61762,61527,-235,True
2024-06,2024-07,R0D,UNIVERSITY HOSPITALS DORSET NHS FOUNDATION TRUST,67955,68794,839,True
2024-06,2024-07,R0F4N,NUFFIELD HEALTH PARKSIDE HOSPITAL,872,916,44,True
2024-06,2024-07,R1A,HEREFORDSHIRE AND WORCESTERSHIRE HEALTH AND CARE NHS TRUST,62,58,-4,True
2024-06,2024-07,R1C,SOLENT NHS TRUST,221,220,-1,True
2024-06,2024-07,R1D,SHROPSHIRE COMMUNITY HEALTH NHS TRUST,12604,13528,924,True
2024-06,2024-07,R1F,ISLE OF WIGHT NHS TRUST,13898,14450,552,True
2024-06,2024-07,R1G7E,SPAMEDICA KENDAL,129,176,47,True
2024-06,2024-07,R1H,BARTS HEALTH NHS TRUST,125673,126201,528,True
2024-06,2024-07,R1K,LONDON NORTH WEST UNIVERSITY HEALTHCARE NHS TRUST,107847,107517,-330,True
2024-06,2024-07,R1L,ESSEX PARTNERSHIP UNIVERSITY NHS FOUNDATION TRUST,1210,1129,-81,True
2024-06,2024-07,R3I5E,NEWMEDICA -TELFORD,9,9,0,True
2024-06,2024-07,R7W2O,NEWCASTLE NEWMEDICA LTD,312,259,-53,True
2024-06,2024-07,RA2,ROYAL SURREY COUNTY HOSPITAL NHS FOUNDATION TRUST,39301,38316,-985,True
2024-06,2024-07,RA7,UNIVERSITY HOSPITALS BRISTOL AND WESTON NHS FOUNDATION TRUST,59679,58637,-1042,True
2024-06,2024-07,RA9,TORBAY AND SOUTH DEVON NHS FOUNDATION TRUST,34172,34397,225,True
2024-06,2024-07,RAE,BRADFORD TEACHING HOSPITALS NHS FOUNDATION TRUST,35371,35398,27,True
2024-06,2024-07,RAJ,MID AND SOUTH ESSEX NHS FOUNDATION TRUST,168040,163071,-4969,True
2024-06,2024-07,RAL,ROYAL FREE LONDON NHS FOUNDATION TRUST,109319,108031,-1288,True
2024-06,2024-07,RAN,ROYAL NATIONAL ORTHOPAEDIC HOSPITAL NHS TRUST,7918,8322,404,True
2024-06,2024-07,RAP,NORTH MIDDLESEX UNIVERSITY HOSPITAL NHS TRUST,24805,24361,-444,True
2024-06,2024-07,RAS,THE HILLINGDON HOSPITALS NHS FOUNDATION TRUST,29736,30417,681,True
2024-06,2024-07,RAX,KINGSTON HOSPITAL NHS FOUNDATION TRUST,39818,38977,-841,True
2024-06,2024-07,RBD,DORSET COUNTY HOSPITAL NHS FOUNDATION TRUST,22616,22855,239,True
2024-06,2024-07,RBK,WALSALL HEALTHCARE NHS TRUST,29856,29865,9,True
2024-06,2024-07,RBL,WIRRAL UNIVERSITY TEACHING HOSPITAL NHS FOUNDATION TRUST,44224,45909,1685,True
2024-06,2024-07,RBN,MERSEY AND WEST LANCASHIRE TEACHING HOSPITALS NHS TRUST,81913,82229,316,True
2024-06,2024-07,RBQ,LIVERPOOL HEART AND CHEST HOSPITAL NHS FOUNDATION TRUST,5387,5509,122,True
2024-06,2024-07,RBS,ALDER HEY CHILDREN'S NHS FOUNDATION TRUST,23994,23653,-341,True
2024-06,2024-07,RBT,MID CHESHIRE HOSPITALS NHS FOUNDATION TRUST,37812,38155,343,True
2024-06,2024-07,RBV,THE CHRISTIE NHS FOUNDATION TRUST,2289,2334,45,True
2024-06,2024-07,RC9,BEDFORDSHIRE HOSPITALS NHS FOUNDATION TRUST,101182,101923,741,True
2024-06,2024-07,RCB,YORK AND SCARBOROUGH TEACHING HOSPITALS NHS FOUNDATION TRUST,45568,45196,-372,True
2024-06,2024-07,RCD,HARROGATE AND DISTRICT NHS FOUNDATION TRUST,22916,22687,-229,True
2024-06,2024-07,RCF,AIREDALE NHS FOUNDATION TRUST,14637,14779,142,True
2024-06,2024-07,RCU,SHEFFIELD CHILDREN'S NHS FOUNDATION TRUST,13556,13540,-16,True
2024-06,2024-07,RCX,"THE QUEEN ELIZABETH HOSPITAL, KING'S LYNN, NHS FOUNDATION TRUST",26762,26475,-287,True
2024-06,2024-07,RD1,ROYAL UNITED HOSPITALS BATH NHS FOUNDATION TRUST,36595,36300,-295,True
2024-06,2024-07,RD8,MILTON KEYNES UNIVERSITY HOSPITAL NHS FOUNDATION TRUST,36085,36034,-51,True
2024-06,2024-07,RDE,EAST SUFFOLK AND NORTH ESSEX NHS FOUNDATION TRUST,88986,89463,477,True
2024-06,2024-07,RDR,SUSSEX COMMUNITY NHS FOUNDATION TRUST,5667,5346,-321,True
2024-06,2024-07,RDU,FRIMLEY HEALTH NHS FOUNDATION TRUST,87270,88048,778,True
2024-06,2024-07,REF,ROYAL CORNWALL HOSPITALS NHS TRUST,43085,42688,-397,True
2024-06,2024-07,REM,LIVERPOOL UNIVERSITY HOSPITALS NHS FOUNDATION TRUST,75961,75123,-838,True
2024-06,2024-07,REN,THE CLATTERBRIDGE CANCER CENTRE NHS FOUNDATION TRUST,1122,1171,49,True
2024-06,2024-07,REP,LIVERPOOL WOMEN'S NHS FOUNDATION TRUST,17623,16675,-948,True
2024-06,2024-07,RET,THE WALTON CENTRE NHS FOUNDATION TRUST,17036,16489,-547,True
2024-06,2024-07,RF4,"BARKING, HAVERING AND REDBRIDGE UNIVERSITY HOSPITALS NHS TRUST",65809,65817,8,True
2024-06,2024-07,RFF,BARNSLEY HOSPITAL NHS FOUNDATION TRUST,22088,21608,-480,True
2024-06,2024-07,RFR,THE ROTHERHAM NHS FOUNDATION TRUST,31703,32601,898,True
2024-06,2024-07,RFS,CHESTERFIELD ROYAL HOSPITAL NHS FOUNDATION TRUST,29172,30676,1504,True
2024-06,2024-07,RGM,ROYAL PAPWORTH HOSPITAL NHS FOUNDATION TRUST,7048,7277,229,True
2024-06,2024-07,RGN,NORTH WEST ANGLIA NHS FOUNDATION TRUST,80267,79326,-941,True
2024-06,2024-07,RGP,JAMES PAGET UNIVERSITY HOSPITALS NHS FOUNDATION TRUST,30340,30562,222,True
2024-06,2024-07,RGR,WEST SUFFOLK NHS FOUNDATION TRUST,35202,34700,-502,True
2024-06,2024-07,RGT,CAMBRIDGE UNIVERSITY HOSPITALS NHS FOUNDATION TRUST,64117,64777,660,True
2024-06,2024-07,RH5,SOMERSET NHS FOUNDATION TRUST,56574,57423,849,True
2024-06,2024-07,RH8,ROYAL DEVON UNIVERSITY HEALTHCARE NHS FOUNDATION TRUST,75184,74183,-1001,True
2024-06,2024-07,RHM,UNIVERSITY HOSPITAL SOUTHAMPTON NHS FOUNDATION TRUST,60571,60455,-116,True
2024-06,2024-07,RHQ,SHEFFIELD TEACHING HOSPITALS NHS FOUNDATION TRUST,94014,93557,-457,True
2024-06,2024-07,RHU,PORTSMOUTH HOSPITALS UNIVERSITY NATIONAL HEALTH SERVICE TRUST,63553,62696,-857,True
2024-06,2024-07,RHW,ROYAL BERKSHIRE NHS FOUNDATION TRUST,33633,32583,-1050,True
2024-06,2024-07,RJ1,GUY'S AND ST THOMAS' NHS FOUNDATION TRUST,142070,138875,-3195,True
2024-06,2024-07,RJ2,LEWISHAM AND GREENWICH NHS TRUST,69620,69919,299,True
2024-06,2024-07,RJ6,CROYDON HEALTH SERVICES NHS TRUST,35608,36114,506,True
2024-06,2024-07,RJ7,ST GEORGE'S UNIVERSITY HOSPITALS NHS FOUNDATION TRUST,64640,64775,135,True
2024-06,2024-07,RJ8,CORNWALL PARTNERSHIP NHS FOUNDATION TRUST,946,972,26,True
2024-06,2024-07,RJC,SOUTH WARWICKSHIRE UNIVERSITY NHS FOUNDATION TRUST,33436,33285,-151,True
2024-06,2024-07,RJE,UNIVERSITY HOSPITALS OF NORTH MIDLANDS NHS TRUST,77738,76332,-1406,True
2024-06,2024-07,RJL,NORTHERN LINCOLNSHIRE AND GOOLE NHS FOUNDATION TRUST,46724,46079,-645,True
2024-06,2024-07,RJN,EAST CHESHIRE NHS TRUST,12509,12455,-54,True
2024-06,2024-07,RJR,COUNTESS OF CHESTER HOSPITAL NHS FOUNDATION TRUST,31612,32168,556,True
2024-06,2024-07,RJZ,KING'S COLLEGE HOSPITAL NHS FOUNDATION TRUST,99747,99480,-267,True
2024-06,2024-07,RK5,SHERWOOD FOREST HOSPITALS NHS FOUNDATION TRUST,35717,35248,-469,True
2024-06,2024-07,RK9,UNIVERSITY HOSPITALS PLYMOUTH NHS TRUST,48674,49261,587,True
2024-06,2024-07,RKB,UNIVERSITY HOSPITALS COVENTRY AND WARWICKSHIRE NHS TRUST,74770,78659,3889,True
2024-06,2024-07,RKE,WHITTINGTON HEALTH NHS TRUST,19190,19105,-85,True
2024-06,2024-07,RL1,THE ROBERT JONES AND AGNES HUNT ORTHOPAEDIC HOSPITAL NHS FOUNDATION TRUST,15708,16057,349,True
2024-06,2024-07,RL4,THE ROYAL WOLVERHAMPTON NHS TRUST,90771,89431,-1340,True
2024-06,2024-07,RLQ,WYE VALLEY NHS TRUST,24761,24536,-225,True
2024-06,2024-07,RLT,GEORGE ELIOT HOSPITAL NHS TRUST,16958,17233,275,True
2024-06,2024-07,RM1,NORFOLK AND NORWICH UNIVERSITY HOSPITALS NHS FOUNDATION TRUST,86813,87052,239,True
2024-06,2024-07,RM3,NORTHERN CARE ALLIANCE NHS FOUNDATION TRUST,143464,144857,1393,True
2024-06,2024-07,RMC,BOLTON NHS FOUNDATION TRUST,45133,44590,-543,True
2024-06,2024-07,RMP,TAMESIDE AND GLOSSOP INTEGRATED CARE NHS FOUNDATION TRUST,21348,20994,-354,True
2024-06,2024-07,RN3,GREAT WESTERN HOSPITALS NHS FOUNDATION TRUST,41818,43436,1618,True
2024-06,2024-07,RN5,HAMPSHIRE HOSPITALS NHS FOUNDATION TRUST,52375,52059,-316,True
2024-06,2024-07,RN7,DARTFORD AND GRAVESHAM NHS TRUST,30608,31072,464,True
2024-06,2024-07,RNA,THE DUDLEY GROUP NHS FOUNDATION TRUST,48687,48718,31,True
2024-06,2024-07,RNN,NORTH CUMBRIA INTEGRATED CARE NHS FOUNDATION TRUST,39872,38903,-969,True
2024-06,2024-07,RNQ,KETTERING GENERAL HOSPITAL NHS FOUNDATION TRUST,27090,26980,-110,True
2024-06,2024-07,RNS,NORTHAMPTON GENERAL HOSPITAL NHS TRUST,42201,41320,-881,True
2024-06,2024-07,RNZ,SALISBURY NHS FOUNDATION TRUST,27298,28076,778,True
2024-06,2024-07,RP4,GREAT ORMOND STREET HOSPITAL FOR CHILDREN NHS FOUNDATION TRUST,8122,8149,27,True
2024-06,2024-07,RP5,DONCASTER AND BASSETLAW TEACHING HOSPITALS NHS FOUNDATION TRUST,55996,57476,1480,True
2024-06,2024-07,RP6,MOORFIELDS EYE HOSPITAL NHS FOUNDATION TRUST,34201,33017,-1184,True
2024-06,2024-07,RP7,LINCOLNSHIRE PARTNERSHIP NHS FOUNDATION TRUST,114,92,-22,True
2024-06,2024-07,RPA,MEDWAY NHS FOUNDATION TRUST,43820,43722,-98,True
2024-06,2024-07,RPC,QUEEN VICTORIA HOSPITAL NHS FOUNDATION TRUST,18915,18976,61,True
2024-06,2024-07,RPG,OXLEAS NHS FOUNDATION TRUST,2187,2161,-26,True
2024-06,2024-07,RPY,THE ROYAL MARSDEN NHS FOUNDATION TRUST,1897,1935,38,True
2024-06,2024-07,RQ3,BIRMINGHAM WOMEN'S AND CHILDREN'S NHS FOUNDATION TRUST,27272,26347,-925,True
2024-06,2024-07,RQM,CHELSEA AND WESTMINSTER HOSPITAL NHS FOUNDATION TRUST,62413,61238,-1175,True
2024-06,2024-07,RQW,THE PRINCESS ALEXANDRA HOSPITAL NHS TRUST,31928,36850,4922,True
2024-06,2024-07,RQX,HOMERTON HEALTHCARE NHS FOUNDATION TRUST,33765,34299,534,True
2024-06,2024-07,RR7,GATESHEAD HEALTH NHS FOUNDATION TRUST,11772,11471,-301,True
2024-06,2024-07,RR8,LEEDS TEACHING HOSPITALS NHS TRUST,90898,86576,-4322,True
2024-06,2024-07,RRE,MIDLANDS PARTNERSHIP NHS FOUNDATION TRUST,5795,5060,-735,True
2024-06,2024-07,RRF,"WRIGHTINGTON, WIGAN AND LEIGH NHS FOUNDATION TRUST",56716,57522,806,True
2024-06,2024-07,RRJ,THE ROYAL ORTHOPAEDIC HOSPITAL NHS FOUNDATION TRUST,15473,15486,13,True
2024-06,2024-07,RRK,UNIVERSITY HOSPITALS BIRMINGHAM NHS FOUNDATION TRUST,125315,123355,-1960,True
2024-06,2024-07,RRV,UNIVERSITY COLLEGE LONDON HOSPITALS NHS FOUNDATION TRUST,74958,75055,97,True
2024-06,2024-07,RT1,CAMBRIDGESHIRE AND PETERBOROUGH NHS FOUNDATION TRUST,325,319,-6,True
2024-06,2024-07,RTD,THE NEWCASTLE UPON TYNE HOSPITALS NHS FOUNDATION TRUST,101774,102762,988,True
2024-06,2024-07,RTE,GLOUCESTERSHIRE HOSPITALS NHS FOUNDATION TRUST,72699,72695,-4,True
2024-06,2024-07,RTF,NORTHUMBRIA HEALTHCARE NHS FOUNDATION TRUST,34987,34789,-198,True
2024-06,2024-07,RTG,UNIVERSITY HOSPITALS OF DERBY AND BURTON NHS FOUNDATION TRUST,107470,107494,24,True
2024-06,2024-07,RTH,OXFORD UNIVERSITY HOSPITALS NHS FOUNDATION TRUST,84287,85804,1517,True
2024-06,2024-07,RTK,ASHFORD AND ST PETER'S HOSPITALS NHS FOUNDATION TRUST,56146,57874,1728,True
2024-06,2024-07,RTP,SURREY AND SUSSEX HEALTHCARE NHS TRUST,47638,47889,251,True
2024-06,2024-07,RTR,SOUTH TEES HOSPITALS NHS FOUNDATION TRUST,56294,57239,945,True
2024-06,2024-07,RTX,UNIVERSITY HOSPITALS OF MORECAMBE BAY NHS FOUNDATION TRUST,31306,31220,-86,True
2024-06,2024-07,RV3,CENTRAL AND NORTH WEST LONDON NHS FOUNDATION TRUST,1843,1882,39,True
2024-06,2024-07,RVJ,NORTH BRISTOL NHS TRUST,46252,45732,-520,True
2024-06,2024-07,RVR,EPSOM AND ST HELIER UNIVERSITY HOSPITALS NHS TRUST,50232,50341,109,True
2024-06,2024-07,RVV,EAST KENT HOSPITALS UNIVERSITY NHS FOUNDATION TRUST,85778,85604,-174,True
2024-06,2024-07,RVW,NORTH TEES AND HARTLEPOOL NHS FOUNDATION TRUST,21055,20792,-263,True
2024-06,2024-07,RW1,SOUTHERN HEALTH NHS FOUNDATION TRUST,3927,3704,-223,True
2024-06,2024-07,RW4,MERSEY CARE NHS FOUNDATION TRUST,50,64,14,True
2024-06,2024-07,RW5,LANCASHIRE & SOUTH CUMBRIA NHS FOUNDATION TRUST,1544,1559,15,True
2024-06,2024-07,RWA,HULL UNIVERSITY TEACHING HOSPITALS NHS TRUST,77205,77622,417,True
2024-06,2024-07,RWD,UNITED LINCOLNSHIRE HOSPITALS NHS TRUST,71372,71776,404,True
2024-06,2024-07,RWE,UNIVERSITY HOSPITALS OF LEICESTER NHS TRUST,112638,113500,862,True
2024-06,2024-07,RWF,MAIDSTONE AND TUNBRIDGE WELLS NHS TRUST,44761,45074,313,True
2024-06,2024-07,RWG,WEST HERTFORDSHIRE TEACHING HOSPITALS NHS TRUST,53404,51474,-1930,True
2024-06,2024-07,RWH,EAST AND NORTH HERTFORDSHIRE NHS TRUST,59011,57740,-1271,True
2024-06,2024-07,RWJ,STOCKPORT NHS FOUNDATION TRUST,37887,37379,-508,True
2024-06,2024-07,RWP,WORCESTERSHIRE ACUTE HOSPITALS NHS TRUST,62018,61227,-791,True
2024-06,2024-07,RWW,WARRINGTON AND HALTON TEACHING HOSPITALS NHS FOUNDATION TRUST,36121,36377,256,True
2024-06,2024-07,RWX,BERKSHIRE HEALTHCARE NHS FOUNDATION TRUST,171,168,-3,True
2024-06,2024-07,RWY,CALDERDALE AND HUDDERSFIELD NHS FOUNDATION TRUST,35870,35336,-534,True
2024-06,2024-07,RX1,NOTTINGHAM UNIVERSITY HOSPITALS NHS TRUST,86661,89380,2719,True
2024-06,2024-07,RX4,"CUMBRIA, NORTHUMBERLAND, TYNE AND WEAR NHS FOUNDATION TRUST",188,210,22,True
2024-06,2024-07,RXC,EAST SUSSEX HEALTHCARE NHS TRUST,54385,54957,572,True
2024-06,2024-07,RXF,MID YORKSHIRE TEACHING NHS TRUST,55693,55940,247,True
2024-06,2024-07,RXG,SOUTH WEST YORKSHIRE PARTNERSHIP NHS FOUNDATION TRUST,3268,3363,95,True
2024-06,2024-07,RXK,SANDWELL AND WEST BIRMINGHAM HOSPITALS NHS TRUST,76281,77190,909,True
2024-06,2024-07,RXL,BLACKPOOL TEACHING HOSPITALS NHS FOUNDATION TRUST,34017,34003,-14,True
2024-06,2024-07,RXN,LANCASHIRE TEACHING HOSPITALS NHS FOUNDATION TRUST,58299,58361,62,True
2024-06,2024-07,RXP,COUNTY DURHAM AND DARLINGTON NHS FOUNDATION TRUST,41168,40893,-275,True
2024-06,2024-07,RXQ,BUCKINGHAMSHIRE HEALTHCARE NHS TRUST,50088,48682,-1406,True
2024-06,2024-07,RXR,EAST LANCASHIRE HOSPITALS NHS TRUST,71474,72330,856,True
2024-06,2024-07,RXW,THE SHREWSBURY AND TELFORD HOSPITAL NHS TRUST,47563,49625,2062,True
2024-06,2024-07,RY6,LEEDS COMMUNITY HEALTHCARE NHS TRUST,316,269,-47,True
2024-06,2024-07,RYJ,IMPERIAL COLLEGE HEALTHCARE NHS TRUST,98096,96311,-1785,True
2024-06,2024-07,RYR,UNIVERSITY HOSPITALS SUSSEX NHS FOUNDATION TRUST,136394,133716,-2678,True
2024-06,2024-07,RYW,BIRMINGHAM COMMUNITY HEALTHCARE NHS FOUNDATION TRUST,16118,15733,-385,True
2024-06,2024-07,RYY,KENT COMMUNITY HEALTH NHS FOUNDATION TRUST,2770,2516,-254,True
2024-06,2024-07,S1Z4X,NEWMEDICA - BIRMINGHAM,426,498,72,True
2024-06,2024-07,T4I8V,SPAMEDICA CHESTERFIELD,14,30,16,True
2024-06,2024-07,T8R5I,SPAMEDICA WOKINGHAM,174,220,46,True
2024-06,2024-07,T8V3L,SPAMEDICA DONCASTER,156,177,21,True
2024-06,2024-07,TAD,BRADFORD DISTRICT CARE NHS FOUNDATION TRUST,450,395,-55,True
2024-06,2024-07,V4U1Y,SPAMEDICA CHESTER,102,87,-15,True
2024-06,2024-07,V5F1D,SPAMEDICA TELFORD,97,141,44,True
2024-06,2024-07,V8N5R,SPAMEDICA DALSTON,192,213,21,True
2024-06,2024-07,Y8L9S,SPAMEDICA BROMLEY,248,260,12,True
2024-06,2024-07,Z5J5V,SPAMEDICA HAYDOCK,94,153,59,True
2024-06,2024-07,Z9Z1G,SPAMEDICA GATESHEAD,194,183,-11,True
2024-07,2024-08,8KL73,ENDOCARE DIAGNOSTICS,55,51,-4,True
2024-07,2024-08,A0C5S,SPAMEDICA GLOUCESTER,82,88,6,True
2024-07,2024-08,A1U4J,SPAMEDICA PORTSMOUTH,0,4,4,False
2024-07,2024-08,A4M8P,BUCKSHAW HOSPITAL,3415,3327,-88,True
2024-07,2024-08,A4Q9X,NEWMEDICA LEICESTER,173,190,17,True
2024-07,2024-08,AAH,TETBURY HOSPITAL TRUST LTD,358,321,-37,True
2024-07,2024-08,AAV,COMMUNITY HEALTH AND EYECARE LIMITED,3274,3750,476,True
2024-07,2024-08,ACG08,NEWMEDICA OPHTHALMOLOGY - NUNEATON - CAMP HILL - GP LED HEALTH CENTRE,17,20,3,True
2024-07,2024-08,ACG12,NEWMEDICA COMMUNITY OPHTHALMOLOGY - NORTH EAST LINCOLNSHIRE - GRIMSBY,342,315,-27,True
2024-07,2024-08,ACG13,NEWMEDICA - GLOUCESTER (ASPEN MEDICAL CENTRE),110,106,-4,True
2024-07,2024-08,ACG19,NEWMEDICA COMMUNITY OPHTHALMOLOGY - LEEDS,468,556,88,True
2024-07,2024-08,ACG20,NEWMEDICA - BRISTOL - LITFIELD HOUSE,177,162,-15,True
2024-07,2024-08,ACG22,NEWMEDICA - BRIGG - RIVERSIDE SURGERY,215,251,36,True
2024-07,2024-08,ACG24,NEWMEDICA - TEESSIDE - NORTH ORMESBY,927,843,-84,True
2024-07,2024-08,ACG26,NEWMEDICA - NORTH DERBYSHIRE - MIDLAND COURT,890,875,-15,True
2024-07,2024-08,ACG30,NEWMEDICA - WORKSOP - DUKERIES,149,105,-44,True
2024-07,2024-08,ACG31,NEWMEDICA - WORCESTER,814,666,-148,True
2024-07,2024-08,ACG36,NEWMEDICA - EXETER - GLEN HOUSE,199,331,132,True
2024-07,2024-08,ACG37,NEWMEDICA - IPSWICH,1140,1003,-137,True
2024-07,2024-08,ACG38,NEWMEDICA - LANGFORD,238,204,-34,True
2024-07,2024-08,ACG39,NEWMEDICA - SWINDON,224,212,-12,True
2024-07,2024-08,ACG40,NEWMEDICA - WAKEFIELD,471,419,-52,True
2024-07,2024-08,ACM,EYE CARE MEDICAL LTD,6,12,6,True
2024-07,2024-08,ADN,PRIMARY INTEGRATED COMMUNITY SERVICES LTD,2109,2372,263,True
2024-07,2024-08,ADP02,KIMS HOSPITAL (NEWNHAM COURT),1574,1623,49,True
2024-07,2024-08,AHP,ST MICHAEL'S CLINIC LIMITED,1731,1993,262,True
2024-07,2024-08,AJ8,THE GRANGE MEDICAL CENTRE HQ,149,126,-23,True
2024-07,2024-08,AJX,SUSSEX MSK PARTNERSHIP 2,7553,7527,-26,True
2024-07,2024-08,AQK,VERNOVA HEALTHCARE COMMUNITY INTEREST COMPANY,100,113,13,True
2024-07,2024-08,AY1,MEDEFER,3839,4249,410,True
2024-07,2024-08,B1A5K,NEWMEDICA - NOTTINGHAM,698,671,-27,True
2024-07,2024-08,B3M1X,CLAREMONT PRIVATE HOSPITAL,1470,1413,-57,True
2024-07,2024-08,B4N1U,SPAMEDICA ROMFORD,353,370,17,True
2024-07,2024-08,B5M7B,NEWMEDICA - NORWICH,534,563,29,True
2024-07,2024-08,B9J4U,SPAMEDICA PETERBOROUGH,121,114,-7,True
2024-07,2024-08,B9M3W,SPAMEDICA SOUTHAMPTON,223,225,2,True
2024-07,2024-08,C3Y0A,SPAMEDICA BLACKPOOL,78,85,7,True
2024-07,2024-08,D3O0Z,PLYMOUTH NEWMEDICA LTD,343,365,22,True
2024-07,2024-08,D5P5H,SPAMEDICA BEXHILL,190,194,4,True
2024-07,2024-08,DFQ,NORWICH & NORFOLK SURGICAL LTD (N2S),879,794,-85,True
2024-07,2024-08,DFY01,COTSWOLDS SURGICAL PARTNERS,269,215,-54,True
2024-07,2024-08,DTT,PHOENIX PUBLIC HEALTH LTD,267,310,43,True
2024-07,2024-08,DX1,THE NEW FOSCOTE HOSPITAL LTD,220,275,55,True
2024-07,2024-08,DXV,OMNES HEALTHCARE LTD,7250,8507,1257,True
2024-07,2024-08,E1U4T,SPAMEDICA CARLISLE,135,149,14,True
2024-07,2024-08,E3D4A,SPAMEDICA TRURO,129,112,-17,True
2024-07,2024-08,F0R0W,NEWMEDICA - DARLINGTON,18,20,2,True
2024-07,2024-08,F9Z4V,CIRCLE READING HOSPITAL,1430,1586,156,True
2024-07,2024-08,G3O5P,SPAMEDICA NEWARK,181,218,37,True
2024-07,2024-08,G3Q3Z,NUFFIELD HEALTH HIGHGATE HOSPITAL,1028,976,-52,True
2024-07,2024-08,G3Z1Q,SULIS HOSPITAL BATH (FOXCOTE AVENUE),3233,3073,-160,True
2024-07,2024-08,G5X2Q,SPAMEDICA NORTH TYNESIDE,98,116,18,True
2024-07,2024-08,G6S7A,SPAMEDICA TAUNTON,0,111,111,False
2024-07,2024-08,GEC01,RAPID INVESTIGATION SERVICE,153,200,47,True
2024-07,2024-08,H4I8B,NUFFIELD HEALTH THE HOLLY HOSPITAL,3430,3253,-177,True
2024-07,2024-08,H4J9P,NEWMEDICA AZTEC WEST,314,309,-5,True
2024-07,2024-08,I2C7H,SPAMEDICA BRADFORD,183,187,4,True
2024-07,2024-08,I9A4A,SPAMEDICA BRIGHTON,205,218,13,True
2024-07,2024-08,J2H6H,SPAMEDICA COLCHESTER,114,154,40,True
2024-07,2024-08,J3J8Z,NEWMEDICA - OXFORDSHIRE,611,470,-141,True
2024-07,2024-08,J3X4C,SPAMEDICA WORCESTER,84,111,27,True
2024-07,2024-08,J7V1N,SPAMEDICA SOLIHULL,144,180,36,True
2024-07,2024-08,K8I4X,GLENDON WOOD HOSPITAL,1588,1675,87,True
2024-07,2024-08,L0D9W,NEWMEDICA - GLOUCESTER (BRIGHOUSE COURT),861,996,135,True
2024-07,2024-08,L4R3R,NEWMEDICA - HAMPSHIRE,507,593,86,True
2024-07,2024-08,L6O7H,SPAMEDICA POOLE,716,584,-132,True
2024-07,2024-08,L9D3Z,SPAMEDICA LEICESTER,20,85,65,True
2024-07,2024-08,M0N7E,SPAMEDICA SITTINGBOURNE,107,85,-22,True
2024-07,2024-08,M3R0W,SPAMEDICA NORWICH,92,63,-29,True
2024-07,2024-08,M4C5R,NEWMEDICA - NORTHAMPTON,929,780,-149,True
2024-07,2024-08,M5E1S,SPAMEDICA EXETER,240,276,36,True
2024-07,2024-08,M7C9Q,SPAMEDICA EPSOM,232,230,-2,True
2024-07,2024-08,N6Z0R,NEWMEDICA - LINCOLN,11,17,6,True
2024-07,2024-08,N8R1N,NEWMEDICA - BERKSHIRE,55,76,21,True
2024-07,2024-08,NAM01,PROBUS SURGICAL CENTRE,1101,1097,-4,True
2024-07,2024-08,NCN,DMC HEALTHCARE,2632,2878,246,True
2024-07,2024-08,NCR,ISIGHT,892,889,-3,True
2024-07,2024-08,NDJ,FIRST COMMUNITY HEALTH AND CARE CIC,792,819,27,True
2024-07,2024-08,NDL01,SUFFOLK GP FEDERATION,83,50,-33,True
2024-07,2024-08,NEQ,PHOENIX HEALTH SOLUTIONS LIMITED HQ,686,763,77,True
2024-07,2024-08,NEY,PIONEER HEALTHCARE LIMITED,2619,2754,135,True
2024-07,2024-08,NFH,SOMERSET SURGICAL SERVICES HQ,824,835,11,True
2024-07,2024-08,NL3,CARE PLUS GROUP,235,187,-48,True
2024-07,2024-08,NL8,LOCALA COMMUNITY PARTNERSHIPS CIC,2167,2432,265,True
2024-07,2024-08,NLE01,LANCASTER HOUSE CONSULTING DIAGNOSTICS SURGICAL LTD HQ,320,405,85,True
2024-07,2024-08,NLX,SIRONA CARE & HEALTH,5120,5405,285,True
2024-07,2024-08,NMG,CONNECT HEALTH LIMITED,15938,14918,-1020,True
2024-07,2024-08,NN4,TYNESIDE SURGICAL SERVICES LTD,1048,1075,27,True
2024-07,2024-08,NN5,MANCHESTER SURGICAL SERVICES LTD,319,257,-62,True
2024-07,2024-08,NN8,SPENCER PRIVATE HOSPITALS LTD,3291,3273,-18,True
2024-07,2024-08,NNE,DORKING HEALTHCARE LIMITED (DHC),5490,5657,167,True
2024-07,2024-08,NPG01,SPAMEDICA MANCHESTER,121,188,67,True
2024-07,2024-08,NPG02,SPAMEDICA WIRRAL,143,169,26,True
2024-07,2024-08,NPG06,SPAMEDICA LIVERPOOL,208,228,20,True
2024-07,2024-08,NPG07,SPAMEDICA EYE HOSPITAL (WAKEFIELD),139,156,17,True
2024-07,2024-08,NPG08,SPAMEDICA BOLTON,154,189,35,True
2024-07,2024-08,NPG10,SPAMEDICA SHEFFIELD,132,135,3,True
2024-07,2024-08,NPG11,SPAMEDICA BIRMINGHAM,272,281,9,True
2024-07,2024-08,NPG13,SPAMEDICA SKELMERSDALE,185,180,-5,True
2024-07,2024-08,NPG14,SPAMEDICA WIDNES,97,102,5,True
2024-07,2024-08,NPG15,SPAMEDICA NEWCASTLE-UNDER-LYME,184,173,-11,True
2024-07,2024-08,NPG16,SPAMEDICA CHELMSFORD,570,474,-96,True
2024-07,2024-08,NPG17,SPAMEDICA PRESTON,155,161,6,True
2024-07,2024-08,NPG18,SPAMEDICA HULL,174,160,-14,True
2024-07,2024-08,NPG19,SPAMEDICA BEDFORD,233,213,-20,True
2024-07,2024-08,NPG20,SPAMEDICA WOLVERHAMPTON,181,252,71,True
2024-07,2024-08,NPG21,SPAMEDICA COVENTRY,229,248,19,True
2024-07,2024-08,NPG22,SPAMEDICA STOCKTON-ON-TEES,100,111,11,True
2024-07,2024-08,NPG23,SPAMEDICA DERBY,117,157,40,True
2024-07,2024-08,NPR01,ABOUT HEALTH HQ,1674,1856,182,True
2024-07,2024-08,NQH,NOVUS HEALTH LTD,1142,1172,30,True
2024-07,2024-08,NQM01,ORTHOPAEDICS & SPINE SPECIALIST HOSPITAL SITE,147,134,-13,True
2024-07,2024-08,NQT5K,ST MARTINS HOSPITAL,874,954,80,True
2024-07,2024-08,NQTH0,HCRG CARE EAST RIDING LLP,3652,3359,-293,True
2024-07,2024-08,NQX01,PROVIDE WELLBEING @ TOLLGATE CLINIC,113,137,24,True
2024-07,2024-08,NR5,LIVEWELL SOUTHWEST,66,83,17,True
2024-07,2024-08,NRP,BEACON MEDICAL SERVICES GROUP LIMITED,429,479,50,True
2024-07,2024-08,NT202,"NUFFIELD HEALTH, BOURNEMOUTH HOSPITAL",358,425,67,True
2024-07,2024-08,NT204,"NUFFIELD HEALTH, BRENTWOOD HOSPITAL",1237,1310,73,True
2024-07,2024-08,NT205,"NUFFIELD HEALTH, BRIGHTON HOSPITAL",303,359,56,True
2024-07,2024-08,NT206,"NUFFIELD HEALTH, BRISTOL HOSPITAL (CHESTERFIELD)",334,354,20,True
2024-07,2024-08,NT209,"NUFFIELD HEALTH, CAMBRIDGE HOSPITAL",368,396,28,True
2024-07,2024-08,NT210,"NUFFIELD HEALTH, THE GROSVENOR HOSPITAL, CHESTER",296,314,18,True
2024-07,2024-08,NT211,"NUFFIELD HEALTH, CHELTENHAM HOSPITAL",43,36,-7,True
2024-07,2024-08,NT212,"NUFFIELD HEALTH, CHICHESTER HOSPITAL",620,772,152,True
2024-07,2024-08,NT213,"NUFFIELD HEALTH, DERBY HOSPITAL",1359,1335,-24,True
2024-07,2024-08,NT214,"NUFFIELD HEALTH, WESSEX HOSPITAL",237,503,266,True
2024-07,2024-08,NT215,"NUFFIELD HEALTH, EXETER HOSPITAL",305,300,-5,True
2024-07,2024-08,NT216,"NUFFIELD HEALTH, GUILDFORD HOSPITAL",66,98,32,True
2024-07,2024-08,NT218,"NUFFIELD HEALTH, HAYWARDS HEATH HOSPITAL",47,154,107,True
2024-07,2024-08,NT219,"NUFFIELD HEALTH, HEREFORD HOSPITAL",230,199,-31,True
2024-07,2024-08,NT224,"NUFFIELD HEALTH, WARWICKSHIRE HOSPITAL",239,229,-10,True
2024-07,2024-08,NT225,"NUFFIELD HEALTH, LEEDS HOSPITAL",1255,1483,228,True
2024-07,2024-08,NT226,"NUFFIELD HEALTH, LEICESTER HOSPITAL",265,365,100,True
2024-07,2024-08,NT229,"NUFFIELD HEALTH, NEWCASTLE UPON TYNE HOSPITAL",322,343,21,True
2024-07,2024-08,NT230,"NUFFIELD HEALTH, NORTH STAFFORDSHIRE HOSPITAL",1448,1463,15,True
2024-07,2024-08,NT233,"NUFFIELD HEALTH, PLYMOUTH HOSPITAL",1149,1151,2,True
2024-07,2024-08,NT235,"NUFFIELD HEALTH, SHREWSBURY HOSPITAL",254,230,-24,True
2024-07,2024-08,NT237,"NUFFIELD HEALTH, TEES HOSPITAL",1392,1062,-330,True
2024-07,2024-08,NT238,"NUFFIELD HEALTH, TAUNTON HOSPITAL",314,281,-33,True
2024-07,2024-08,NT239,"NUFFIELD HEALTH, TUNBRIDGE WELLS HOSPITAL",254,282,28,True
2024-07,2024-08,NT241,"NUFFIELD HEALTH, WOKING HOSPITAL",353,430,77,True
2024-07,2024-08,NT242,"NUFFIELD HEALTH, WOLVERHAMPTON HOSPITAL",598,639,41,True
2024-07,2024-08,NT245,"NUFFIELD HEALTH, YORK HOSPITAL",523,601,78,True
2024-07,2024-08,NT301,SPIRE SOUTH BANK HOSPITAL,781,841,60,True
2024-07,2024-08,NT302,SPIRE BRISTOL HOSPITAL,935,814,-121,True
2024-07,2024-08,NT304,SPIRE SOUTHAMPTON HOSPITAL,624,544,-80,True
2024-07,2024-08,NT305,SPIRE PORTSMOUTH HOSPITAL,314,795,481,True
2024-07,2024-08,NT308,SPIRE GATWICK PARK HOSPITAL,649,695,46,True
2024-07,2024-08,NT30A,SPIRE NOTTINGHAM HOSPITAL,362,438,76,True
2024-07,2024-08,NT310,SPIRE TUNBRIDGE WELLS HOSPITAL,478,478,0,True
2024-07,2024-08,NT312,SPIRE ALEXANDRA HOSPITAL,1195,1106,-89,True
2024-07,2024-08,NT313,SPIRE WELLESLEY HOSPITAL,1784,1591,-193,True
2024-07,2024-08,NT314,SPIRE LONDON EAST,1944,1938,-6,True
2024-07,2024-08,NT315,SPIRE BUSHEY HOSPITAL,509,490,-19,True
2024-07,2024-08,NT316,SPIRE HARPENDEN HOSPITAL,652,511,-141,True
2024-07,2024-08,NT317,SPIRE CAMBRIDGE LEA HOSPITAL,263,259,-4,True
2024-07,2024-08,NT318,SPIRE NORWICH HOSPITAL,248,243,-5,True
2024-07,2024-08,NT319,SPIRE HARTSWOOD HOSPITAL,1573,1690,117,True
2024-07,2024-08,NT320,SPIRE PARKWAY HOSPITAL,1063,1248,185,True
2024-07,2024-08,NT321,SPIRE LITTLE ASTON HOSPITAL,1475,1393,-82,True
2024-07,2024-08,NT322,SPIRE LEICESTER HOSPITAL,841,791,-50,True
2024-07,2024-08,NT324,SPIRE CHESHIRE HOSPITAL,1225,1096,-129,True
2024-07,2024-08,NT325,SPIRE MURRAYFIELD HOSPITAL,740,662,-78,True
2024-07,2024-08,NT327,SPIRE MANCHESTER HOSPITAL,631,622,-9,True
2024-07,2024-08,NT332,SPIRE LEEDS HOSPITAL,841,1012,171,True
2024-07,2024-08,NT333,SPIRE WASHINGTON HOSPITAL,1254,1113,-141,True
2024-07,2024-08,NT337,SPIRE LIVERPOOL HOSPITAL,3485,3507,22,True
2024-07,2024-08,NT339,SPIRE REGENCY HOSPITAL,1735,1321,-414,True
2024-07,2024-08,NT343,SPIRE THAMES VALLEY HOSPITAL,367,356,-11,True
2024-07,2024-08,NT344,SPIRE DUNEDIN HOSPITAL,470,501,31,True
2024-07,2024-08,NT345,SPIRE CLARE PARK HOSPITAL,264,299,35,True
2024-07,2024-08,NT347,SPIRE FYLDE COAST HOSPITAL,2796,2640,-156,True
2024-07,2024-08,NT348,SPIRE ELLAND HOSPITAL,1273,1203,-70,True
2024-07,2024-08,NT350,SPIRE METHLEY PARK HOSPITAL,1387,1252,-135,True
2024-07,2024-08,NT351,SPIRE HULL AND EAST RIDING HOSPITAL,2774,2784,10,True
2024-07,2024-08,NT364,SPIRE MONTEFIORE HOSPITAL,707,662,-45,True
2024-07,2024-08,NT3X3,SPIRE ST ANTHONY'S HOSPITAL,701,840,139,True
2024-07,2024-08,NT401,ALEXANDRA HOSPITAL,705,720,15,True
2024-07,2024-08,NT402,BATH CLINIC,527,555,28,True
2024-07,2024-08,NT403,BEARDWOOD HOSPITAL,2283,2457,174,True
2024-07,2024-08,NT404,BEAUMONT HOSPITAL,2509,2554,45,True
2024-07,2024-08,NT405,BISHOPS WOOD HOSPITAL,550,573,23,True
2024-07,2024-08,NT406,BLACKHEATH HOSPITAL,1258,1275,17,True
2024-07,2024-08,NT408,CHAUCER HOSPITAL,958,914,-44,True
2024-07,2024-08,NT409,CHELSFIELD PARK HOSPITAL,606,630,24,True
2024-07,2024-08,NT410,CHILTERN HOSPITAL,436,396,-40,True
2024-07,2024-08,NT411,CLEMENTINE CHURCHILL HOSPITAL,2215,2134,-81,True
2024-07,2024-08,NT412,DROITWICH SPA HOSPITAL,1452,1512,60,True
2024-07,2024-08,NT416,HENDON HOSPITAL,1008,999,-9,True
2024-07,2024-08,NT417,GORING HALL HOSPITAL,1278,1449,171,True
2024-07,2024-08,NT418,HAMPSHIRE CLINIC,390,402,12,True
2024-07,2024-08,NT419,HARBOUR HOSPITAL,151,160,9,True
2024-07,2024-08,NT420,HIGHFIELD HOSPITAL,918,788,-130,True
2024-07,2024-08,NT421,KINGS OAK HOSPITAL,1330,1320,-10,True
2024-07,2024-08,NT422,LONDON INDEPENDENT HOSPITAL,4991,4912,-79,True
2024-07,2024-08,NT423,MANOR HOSPITAL,750,751,1,True
2024-07,2024-08,NT424,MERIDEN HOSPITAL,1485,1568,83,True
2024-07,2024-08,NT427,PARK HOSPITAL,1015,1048,33,True
2024-07,2024-08,NT428,PRINCESS MARGARET HOSPITAL,117,119,2,True
2024-07,2024-08,NT429,PRIORY HOSPITAL,1197,1159,-38,True
2024-07,2024-08,NT430,RIDGEWAY HOSPITAL,468,383,-85,True
2024-07,2024-08,NT431,RUNNYMEDE HOSPITAL,168,153,-15,True
2024-07,2024-08,NT433,SARUM ROAD HOSPITAL,339,349,10,True
2024-07,2024-08,NT434,SAXON CLINIC,654,637,-17,True
2024-07,2024-08,NT435,SHELBURNE HOSPITAL,183,204,21,True
2024-07,2024-08,NT436,SHIRLEY OAKS HOSPITAL,1054,1116,62,True
2024-07,2024-08,NT437,SLOANE HOSPITAL,773,773,0,True
2024-07,2024-08,NT440,THORNBURY HOSPITAL,537,541,4,True
2024-07,2024-08,NT441,THREE SHIRES HOSPITAL,3180,3315,135,True
2024-07,2024-08,NT443,WINTERBOURNE HOSPITAL,332,354,22,True
2024-07,2024-08,NT445,EDGBASTON HOSPITAL,1,1,0,True
2024-07,2024-08,NT446,ST EDMUNDS HOSPITAL,610,626,16,True
2024-07,2024-08,NT447,DUCHY HOSPITAL,513,542,29,True
2024-07,2024-08,NT448,HUDDERSFIELD HOSPITAL,814,857,43,True
2024-07,2024-08,NT449,LANCASTER HOSPITAL,422,433,11,True
2024-07,2024-08,NT450,LINCOLN HOSPITAL,1601,1628,27,True
2024-07,2024-08,NT451,CAVELL HOSPITAL,1642,1569,-73,True
2024-07,2024-08,NT455,MOUNT ALVERNIA HOSPITAL,177,179,2,True
2024-07,2024-08,NT457,WOODLANDS HOSPITAL,1941,1951,10,True
2024-07,2024-08,NT490,SOUTHEND PRIVATE HOSPITAL,1514,1455,-59,True
2024-07,2024-08,NTE02,ST HUGH'S HOSPITAL,2010,1843,-167,True
2024-07,2024-08,NTP11,PRACTICE PLUS GROUP HOSPITAL - SOUTHAMPTON,9606,9912,306,True
2024-07,2024-08,NTP13,PRACTICE PLUS GROUP HOSPITAL - BARLBOROUGH,1832,1895,63,True
2024-07,2024-08,NTP15,PRACTICE PLUS GROUP HOSPITAL - ILFORD,4935,4946,11,True
2024-07,2024-08,NTP16,PRACTICE PLUS GROUP SURGICAL CENTRE - GILLINGHAM,1263,1219,-44,True
2024-07,2024-08,NTPAD,PRACTICE PLUS GROUP SURGICAL CENTRE - ST MARYS PORTSMOUTH,2454,2338,-116,True
2024-07,2024-08,NTPAE,PRACTICE PLUS GROUP OPHTHALMOLOGY - NORTH WEST,775,1051,276,True
2024-07,2024-08,NTPH1,PRACTICE PLUS GROUP HOSPITAL - SHEPTON MALLET,2546,2635,89,True
2024-07,2024-08,NTPH2,PRACTICE PLUS GROUP HOSPITAL - EMERSONS GREEN,4871,4221,-650,True
2024-07,2024-08,NTPH3,PRACTICE PLUS GROUP SURGICAL CENTRE - DEVIZES,2350,2266,-84,True
2024-07,2024-08,NTPH5,PRACTICE PLUS GROUP HOSPITAL - PLYMOUTH,2526,2144,-382,True
2024-07,2024-08,NTX,THE ONE HEALTH GROUP PLC,3752,3733,-19,True
2024-07,2024-08,NV1,INHEALTH LIMITED,1929,1861,-68,True
2024-07,2024-08,NVC01,ASHTEAD HOSPITAL,787,784,-3,True
2024-07,2024-08,NVC02,THE BERKSHIRE INDEPENDENT HOSPITAL,1070,1174,104,True
2024-07,2024-08,NVC04,DUCHY HOSPITAL,1414,1476,62,True
2024-07,2024-08,NVC05,EUXTON HALL HOSPITAL,2963,2965,2,True
2024-07,2024-08,NVC06,FITZWILLIAM HOSPITAL,7414,7450,36,True
2024-07,2024-08,NVC07,FULWOOD HALL HOSPITAL,5708,5896,188,True
2024-07,2024-08,NVC08,MOUNT STUART HOSPITAL,1989,1923,-66,True
2024-07,2024-08,NVC09,NEW HALL HOSPITAL,3584,3663,79,True
2024-07,2024-08,NVC0I,BEACON PARK HOSPITAL,1573,1667,94,True
2024-07,2024-08,NVC0R,TEES VALLEY HOSPITAL,3685,3755,70,True
2024-07,2024-08,NVC0Y,EXETER MEDICAL,326,285,-41,True
2024-07,2024-08,NVC11,NORTH DOWNS HOSPITAL,2015,1871,-144,True
2024-07,2024-08,NVC12,OAKLANDS HOSPITAL,6288,5983,-305,True
2024-07,2024-08,NVC13,OAKS HOSPITAL,867,855,-12,True
2024-07,2024-08,NVC14,PARK HILL HOSPITAL,1015,980,-35,True
2024-07,2024-08,NVC15,PINEHILL HOSPITAL,1493,1584,91,True
2024-07,2024-08,NVC16,RENACRES HOSPITAL,4024,4235,211,True
2024-07,2024-08,NVC17,ROWLEY HALL HOSPITAL,2895,2814,-81,True
2024-07,2024-08,NVC18,SPRINGFIELD HOSPITAL,5407,5257,-150,True
2024-07,2024-08,NVC19,RIVERS HOSPITAL,4314,4279,-35,True
2024-07,2024-08,NVC1H,STOURSIDE HOSPITAL,3683,3805,122,True
2024-07,2024-08,NVC20,THE YORKSHIRE CLINIC,8382,8620,238,True
2024-07,2024-08,NVC21,WEST MIDLANDS HOSPITAL,1094,1084,-10,True
2024-07,2024-08,NVC22,WINFIELD HOSPITAL,1141,1188,47,True
2024-07,2024-08,NVC23,WOODLAND HOSPITAL,5117,5159,42,True
2024-07,2024-08,NVC25,THE CHERWELL HOSPITAL,2134,2260,126,True
2024-07,2024-08,NVC27,BOSTON WEST HOSPITAL,2079,2065,-14,True
2024-07,2024-08,NVC28,CLIFTON PARK HOSPITAL,1903,1907,4,True
2024-07,2024-08,NVC29,COBALT HOSPITAL,1772,1855,83,True
2024-07,2024-08,NVC31,BLAKELANDS HOSPITAL,1752,1763,11,True
2024-07,2024-08,NVC40,WOODTHORPE HOSPITAL,5039,4997,-42,True
2024-07,2024-08,NVC44,THE WESTBOURNE CENTRE,2651,2692,41,True
2024-07,2024-08,NVG01,FAIRFIELD HOSPITAL,2127,2143,16,True
2024-07,2024-08,NVM,EPSOMEDICAL GROUP,2998,2829,-169,True
2024-07,2024-08,NWF01,BENENDEN HOSPITAL,1301,1296,-5,True
2024-07,2024-08,NWV01,GP CARE UK,335,395,60,True
2024-07,2024-08,NWX,HERE,14893,14705,-188,True
2024-07,2024-08,NXM01,THE HORDER CENTRE - ST JOHNS ROAD,318,294,-24,True
2024-07,2024-08,NXP,INDEPENDENT HEALTH GROUP,1290,1209,-81,True
2024-07,2024-08,NYG,SUSSEX COMMUNITY DERMATOLOGY SERVICE,15312,15217,-95,True
2024-07,2024-08,NYR,HEALTHSHARE DIAGNOSTICS,803,770,-33,True
2024-07,2024-08,NYW17,ASPEN HEALTHCARE - MIDLAND EYE,472,544,72,True
2024-07,2024-08,O1P6X,SPAMEDICA OLDHAM,177,186,9,True
2024-07,2024-08,O5Y9D,SPAMEDICA OXFORD,170,157,-13,True
2024-07,2024-08,P0C3F,SPAMEDICA LEEDS,84,77,-7,True
2024-07,2024-08,P1B7M,SPAMEDICA BRISTOL,56,70,14,True
2024-07,2024-08,P5Y6K,NEWMEDICA - SHREWSBURY,280,271,-9,True
2024-07,2024-08,Q1S8W,NEWMEDICA - BURY ST EDMUNDS,97,89,-8,True
2024-07,2024-08,Q1W6P,SPAMEDICA WATFORD,170,177,7,True
2024-07,2024-08,R0A,MANCHESTER UNIVERSITY NHS FOUNDATION TRUST,191122,192692,1570,True
2024-07,2024-08,R0B,SOUTH TYNESIDE AND SUNDERLAND NHS FOUNDATION TRUST,61527,61280,-247,True
2024-07,2024-08,R0D,UNIVERSITY HOSPITALS DORSET NHS FOUNDATION TRUST,68794,68724,-70,True
2024-07,2024-08,R0F4N,NUFFIELD HEALTH PARKSIDE HOSPITAL,916,989,73,True
2024-07,2024-08,R1A,HEREFORDSHIRE AND WORCESTERSHIRE HEALTH AND CARE NHS TRUST,58,46,-12,True
2024-07,2024-08,R1C,SOLENT NHS TRUST,220,253,33,True
2024-07,2024-08,R1D,SHROPSHIRE COMMUNITY HEALTH NHS TRUST,13528,13582,54,True
2024-07,2024-08,R1F,ISLE OF WIGHT NHS TRUST,14450,15005,555,True
2024-07,2024-08,R1G7E,SPAMEDICA KENDAL,176,143,-33,True
2024-07,2024-08,R1H,BARTS HEALTH NHS TRUST,126201,127656,1455,True
2024-07,2024-08,R1K,LONDON NORTH WEST UNIVERSITY HEALTHCARE NHS TRUST,107517,106377,-1140,True
2024-07,2024-08,R1L,ESSEX PARTNERSHIP UNIVERSITY NHS FOUNDATION TRUST,1129,999,-130,True
2024-07,2024-08,R3I5E,NEWMEDICA -TELFORD,9,7,-2,True
2024-07,2024-08,R7W2O,NEWCASTLE NEWMEDICA LTD,259,279,20,True
2024-07,2024-08,RA2,ROYAL SURREY COUNTY HOSPITAL NHS FOUNDATION TRUST,38316,38038,-278,True
2024-07,2024-08,RA7,UNIVERSITY HOSPITALS BRISTOL AND WESTON NHS FOUNDATION TRUST,58637,58506,-131,True
2024-07,2024-08,RA9,TORBAY AND SOUTH DEVON NHS FOUNDATION TRUST,34397,33982,-415,True
2024-07,2024-08,RAE,BRADFORD TEACHING HOSPITALS NHS FOUNDATION TRUST,35398,36312,914,True
2024-07,2024-08,RAJ,MID AND SOUTH ESSEX NHS FOUNDATION TRUST,163071,168967,5896,True
2024-07,2024-08,RAL,ROYAL FREE LONDON NHS FOUNDATION TRUST,108031,109184,1153,True
2024-07,2024-08,RAN,ROYAL NATIONAL ORTHOPAEDIC HOSPITAL NHS TRUST,8322,8257,-65,True
2024-07,2024-08,RAP,NORTH MIDDLESEX UNIVERSITY HOSPITAL NHS TRUST,24361,24749,388,True
2024-07,2024-08,RAS,THE HILLINGDON HOSPITALS NHS FOUNDATION TRUST,30417,30051,-366,True
2024-07,2024-08,RAX,KINGSTON HOSPITAL NHS FOUNDATION TRUST,38977,38923,-54,True
2024-07,2024-08,RBD,DORSET COUNTY HOSPITAL NHS FOUNDATION TRUST,22855,22514,-341,True
2024-07,2024-08,RBK,WALSALL HEALTHCARE NHS TRUST,29865,30373,508,True
2024-07,2024-08,RBL,WIRRAL UNIVERSITY TEACHING HOSPITAL NHS FOUNDATION TRUST,45909,46649,740,True
2024-07,2024-08,RBN,MERSEY AND WEST LANCASHIRE TEACHING HOSPITALS NHS TRUST,82229,82939,710,True
2024-07,2024-08,RBQ,LIVERPOOL HEART AND CHEST HOSPITAL NHS FOUNDATION TRUST,5509,5504,-5,True
2024-07,2024-08,RBS,ALDER HEY CHILDREN'S NHS FOUNDATION TRUST,23653,23578,-75,True
2024-07,2024-08,RBT,MID CHESHIRE HOSPITALS NHS FOUNDATION TRUST,38155,39446,1291,True
2024-07,2024-08,RBV,THE CHRISTIE NHS FOUNDATION TRUST,2334,2485,151,True
2024-07,2024-08,RC9,BEDFORDSHIRE HOSPITALS NHS FOUNDATION TRUST,101923,100897,-1026,True
2024-07,2024-08,RCB,YORK AND SCARBOROUGH TEACHING HOSPITALS NHS FOUNDATION TRUST,45196,45677,481,True
2024-07,2024-08,RCD,HARROGATE AND DISTRICT NHS FOUNDATION TRUST,22687,22755,68,True
2024-07,2024-08,RCF,AIREDALE NHS FOUNDATION TRUST,14779,14564,-215,True
2024-07,2024-08,RCU,SHEFFIELD CHILDREN'S NHS FOUNDATION TRUST,13540,13174,-366,True
2024-07,2024-08,RCX,"THE QUEEN ELIZABETH HOSPITAL, KING'S LYNN, NHS FOUNDATION TRUST",26475,26898,423,True
2024-07,2024-08,RD1,ROYAL UNITED HOSPITALS BATH NHS FOUNDATION TRUST,36300,37521,1221,True
2024-07,2024-08,RD8,MILTON KEYNES UNIVERSITY HOSPITAL NHS FOUNDATION TRUST,36034,32318,-3716,True
2024-07,2024-08,RDE,EAST SUFFOLK AND NORTH ESSEX NHS FOUNDATION TRUST,89463,91166,1703,True
2024-07,2024-08,RDR,SUSSEX COMMUNITY NHS FOUNDATION TRUST,5346,5665,319,True
2024-07,2024-08,RDU,FRIMLEY HEALTH NHS FOUNDATION TRUST,88048,86923,-1125,True
2024-07,2024-08,REF,ROYAL CORNWALL HOSPITALS NHS TRUST,42688,43175,487,True
2024-07,2024-08,REM,LIVERPOOL UNIVERSITY HOSPITALS NHS FOUNDATION TRUST,75123,75211,88,True
2024-07,2024-08,REN,THE CLATTERBRIDGE CANCER CENTRE NHS FOUNDATION TRUST,1171,1147,-24,True
2024-07,2024-08,REP,LIVERPOOL WOMEN'S NHS FOUNDATION TRUST,16675,16466,-209,True
2024-07,2024-08,RET,THE WALTON CENTRE NHS FOUNDATION TRUST,16489,16793,304,True
2024-07,2024-08,RF4,"BARKING, HAVERING AND REDBRIDGE UNIVERSITY HOSPITALS NHS TRUST",65817,64990,-827,True
2024-07,2024-08,RFF,BARNSLEY HOSPITAL NHS FOUNDATION TRUST,21608,21437,-171,True
2024-07,2024-08,RFR,THE ROTHERHAM NHS FOUNDATION TRUST,32601,32959,358,True
2024-07,2024-08,RFS,CHESTERFIELD ROYAL HOSPITAL NHS FOUNDATION TRUST,30676,30188,-488,True
2024-07,2024-08,RGM,ROYAL PAPWORTH HOSPITAL NHS FOUNDATION TRUST,7277,7276,-1,True
2024-07,2024-08,RGN,NORTH WEST ANGLIA NHS FOUNDATION TRUST,79326,78357,-969,True
2024-07,2024-08,RGP,JAMES PAGET UNIVERSITY HOSPITALS NHS FOUNDATION TRUST,30562,32495,1933,True
2024-07,2024-08,RGR,WEST SUFFOLK NHS FOUNDATION TRUST,34700,33883,-817,True
2024-07,2024-08,RGT,CAMBRIDGE UNIVERSITY HOSPITALS NHS FOUNDATION TRUST,64777,64246,-531,True
2024-07,2024-08,RH5,SOMERSET NHS FOUNDATION TRUST,57423,57590,167,True
2024-07,2024-08,RH8,ROYAL DEVON UNIVERSITY HEALTHCARE NHS FOUNDATION TRUST,74183,73262,-921,True
2024-07,2024-08,RHM,UNIVERSITY HOSPITAL SOUTHAMPTON NHS FOUNDATION TRUST,60455,59644,-811,True
2024-07,2024-08,RHQ,SHEFFIELD TEACHING HOSPITALS NHS FOUNDATION TRUST,93557,96660,3103,True
2024-07,2024-08,RHU,PORTSMOUTH HOSPITALS UNIVERSITY NATIONAL HEALTH SERVICE TRUST,62696,62959,263,True
2024-07,2024-08,RHW,ROYAL BERKSHIRE NHS FOUNDATION TRUST,32583,32676,93,True
2024-07,2024-08,RJ1,GUY'S AND ST THOMAS' NHS FOUNDATION TRUST,138875,139989,1114,True
2024-07,2024-08,RJ2,LEWISHAM AND GREENWICH NHS TRUST,69919,70366,447,True
2024-07,2024-08,RJ6,CROYDON HEALTH SERVICES NHS TRUST,36114,35597,-517,True
2024-07,2024-08,RJ7,ST GEORGE'S UNIVERSITY HOSPITALS NHS FOUNDATION TRUST,64775,66595,1820,True
2024-07,2024-08,RJ8,CORNWALL PARTNERSHIP NHS FOUNDATION TRUST,972,917,-55,True
2024-07,2024-08,RJC,SOUTH WARWICKSHIRE UNIVERSITY NHS FOUNDATION TRUST,33285,33188,-97,True
2024-07,2024-08,RJE,UNIVERSITY HOSPITALS OF NORTH MIDLANDS NHS TRUST,76332,74495,-1837,True
2024-07,2024-08,RJL,NORTHERN LINCOLNSHIRE AND GOOLE NHS FOUNDATION TRUST,46079,43277,-2802,True
2024-07,2024-08,RJN,EAST CHESHIRE NHS TRUST,12455,12323,-132,True
2024-07,2024-08,RJR,COUNTESS OF CHESTER HOSPITAL NHS FOUNDATION TRUST,32168,33368,1200,True
2024-07,2024-08,RJZ,KING'S COLLEGE HOSPITAL NHS FOUNDATION TRUST,99480,98887,-593,True
2024-07,2024-08,RK5,SHERWOOD FOREST HOSPITALS NHS FOUNDATION TRUST,35248,35163,-85,True
2024-07,2024-08,RK9,UNIVERSITY HOSPITALS PLYMOUTH NHS TRUST,49261,49780,519,True
2024-07,2024-08,RKB,UNIVERSITY HOSPITALS COVENTRY AND WARWICKSHIRE NHS TRUST,78659,81463,2804,True
2024-07,2024-08,RKE,WHITTINGTON HEALTH NHS TRUST,19105,20742,1637,True
2024-07,2024-08,RL1,THE ROBERT JONES AND AGNES HUNT ORTHOPAEDIC HOSPITAL NHS FOUNDATION TRUST,16057,16244,187,True
2024-07,2024-08,RL4,THE ROYAL WOLVERHAMPTON NHS TRUST,89431,88651,-780,True
2024-07,2024-08,RLQ,WYE VALLEY NHS TRUST,24536,24400,-136,True
2024-07,2024-08,RLT,GEORGE ELIOT HOSPITAL NHS TRUST,17233,17633,400,True
2024-07,2024-08,RM1,NORFOLK AND NORWICH UNIVERSITY HOSPITALS NHS FOUNDATION TRUST,87052,86741,-311,True
2024-07,2024-08,RM3,NORTHERN CARE ALLIANCE NHS FOUNDATION TRUST,144857,145463,606,True
2024-07,2024-08,RMC,BOLTON NHS FOUNDATION TRUST,44590,44055,-535,True
2024-07,2024-08,RMP,TAMESIDE AND GLOSSOP INTEGRATED CARE NHS FOUNDATION TRUST,20994,20696,-298,True
2024-07,2024-08,RN3,GREAT WESTERN HOSPITALS NHS FOUNDATION TRUST,43436,43549,113,True
2024-07,2024-08,RN5,HAMPSHIRE HOSPITALS NHS FOUNDATION TRUST,52059,52409,350,True
2024-07,2024-08,RN7,DARTFORD AND GRAVESHAM NHS TRUST,31072,30998,-74,True
2024-07,2024-08,RNA,THE DUDLEY GROUP NHS FOUNDATION TRUST,48718,49710,992,True
2024-07,2024-08,RNN,NORTH CUMBRIA INTEGRATED CARE NHS FOUNDATION TRUST,38903,38216,-687,True
2024-07,2024-08,RNQ,KETTERING GENERAL HOSPITAL NHS FOUNDATION TRUST,26980,28321,1341,True
2024-07,2024-08,RNS,NORTHAMPTON GENERAL HOSPITAL NHS TRUST,41320,41180,-140,True
2024-07,2024-08,RNZ,SALISBURY NHS FOUNDATION TRUST,28076,29422,1346,True
2024-07,2024-08,RP4,GREAT ORMOND STREET HOSPITAL FOR CHILDREN NHS FOUNDATION TRUST,8149,8326,177,True
2024-07,2024-08,RP5,DONCASTER AND BASSETLAW TEACHING HOSPITALS NHS FOUNDATION TRUST,57476,56978,-498,True
2024-07,2024-08,RP6,MOORFIELDS EYE HOSPITAL NHS FOUNDATION TRUST,33017,34357,1340,True
2024-07,2024-08,RP7,LINCOLNSHIRE PARTNERSHIP NHS FOUNDATION TRUST,92,93,1,True
2024-07,2024-08,RPA,MEDWAY NHS FOUNDATION TRUST,43722,43388,-334,True
2024-07,2024-08,RPC,QUEEN VICTORIA HOSPITAL NHS FOUNDATION TRUST,18976,18735,-241,True
2024-07,2024-08,RPG,OXLEAS NHS FOUNDATION TRUST,2161,2066,-95,True
2024-07,2024-08,RPY,THE ROYAL MARSDEN NHS FOUNDATION TRUST,1935,1896,-39,True
2024-07,2024-08,RQ3,BIRMINGHAM WOMEN'S AND CHILDREN'S NHS FOUNDATION TRUST,26347,25968,-379,True
2024-07,2024-08,RQM,CHELSEA AND WESTMINSTER HOSPITAL NHS FOUNDATION TRUST,61238,62117,879,True
2024-07,2024-08,RQW,THE PRINCESS ALEXANDRA HOSPITAL NHS TRUST,36850,36248,-602,True
2024-07,2024-08,RQX,HOMERTON HEALTHCARE NHS FOUNDATION TRUST,34299,35198,899,True
2024-07,2024-08,RR7,GATESHEAD HEALTH NHS FOUNDATION TRUST,11471,11861,390,True
2024-07,2024-08,RR8,LEEDS TEACHING HOSPITALS NHS TRUST,86576,90240,3664,True
2024-07,2024-08,RRE,MIDLANDS PARTNERSHIP NHS FOUNDATION TRUST,5060,4886,-174,True
2024-07,2024-08,RRF,"WRIGHTINGTON, WIGAN AND LEIGH NHS FOUNDATION TRUST",57522,55359,-2163,True
2024-07,2024-08,RRJ,THE ROYAL ORTHOPAEDIC HOSPITAL NHS FOUNDATION TRUST,15486,15709,223,True
2024-07,2024-08,RRK,UNIVERSITY HOSPITALS BIRMINGHAM NHS FOUNDATION TRUST,123355,121821,-1534,True
2024-07,2024-08,RRV,UNIVERSITY COLLEGE LONDON HOSPITALS NHS FOUNDATION TRUST,75055,74987,-68,True
2024-07,2024-08,RT1,CAMBRIDGESHIRE AND PETERBOROUGH NHS FOUNDATION TRUST,319,314,-5,True
2024-07,2024-08,RTD,THE NEWCASTLE UPON TYNE HOSPITALS NHS FOUNDATION TRUST,102762,102490,-272,True
2024-07,2024-08,RTE,GLOUCESTERSHIRE HOSPITALS NHS FOUNDATION TRUST,72695,72534,-161,True
2024-07,2024-08,RTF,NORTHUMBRIA HEALTHCARE NHS FOUNDATION TRUST,34789,34890,101,True
2024-07,2024-08,RTG,UNIVERSITY HOSPITALS OF DERBY AND BURTON NHS FOUNDATION TRUST,107494,107568,74,True
2024-07,2024-08,RTH,OXFORD UNIVERSITY HOSPITALS NHS FOUNDATION TRUST,85804,87648,1844,True
2024-07,2024-08,RTK,ASHFORD AND ST PETER'S HOSPITALS NHS FOUNDATION TRUST,57874,58984,1110,True
2024-07,2024-08,RTP,SURREY AND SUSSEX HEALTHCARE NHS TRUST,47889,47739,-150,True
2024-07,2024-08,RTR,SOUTH TEES HOSPITALS NHS FOUNDATION TRUST,57239,58127,888,True
2024-07,2024-08,RTX,UNIVERSITY HOSPITALS OF MORECAMBE BAY NHS FOUNDATION TRUST,31220,31949,729,True
2024-07,2024-08,RV3,CENTRAL AND NORTH WEST LONDON NHS FOUNDATION TRUST,1882,1911,29,True
2024-07,2024-08,RVJ,NORTH BRISTOL NHS TRUST,45732,45484,-248,True
2024-07,2024-08,RVR,EPSOM AND ST HELIER UNIVERSITY HOSPITALS NHS TRUST,50341,50566,225,True
2024-07,2024-08,RVV,EAST KENT HOSPITALS UNIVERSITY NHS FOUNDATION TRUST,85604,88084,2480,True
2024-07,2024-08,RVW,NORTH TEES AND HARTLEPOOL NHS FOUNDATION TRUST,20792,20565,-227,True
2024-07,2024-08,RW1,SOUTHERN HEALTH NHS FOUNDATION TRUST,3704,3637,-67,True
2024-07,2024-08,RW4,MERSEY CARE NHS FOUNDATION TRUST,64,45,-19,True
2024-07,2024-08,RW5,LANCASHIRE & SOUTH CUMBRIA NHS FOUNDATION TRUST,1559,1435,-124,True
2024-07,2024-08,RWA,HULL UNIVERSITY TEACHING HOSPITALS NHS TRUST,77622,79214,1592,True
2024-07,2024-08,RWD,UNITED LINCOLNSHIRE HOSPITALS NHS TRUST,71776,71952,176,True
2024-07,2024-08,RWE,UNIVERSITY HOSPITALS OF LEICESTER NHS TRUST,113500,114060,560,True
2024-07,2024-08,RWF,MAIDSTONE AND TUNBRIDGE WELLS NHS TRUST,45074,45183,109,True
2024-07,2024-08,RWG,WEST HERTFORDSHIRE TEACHING HOSPITALS NHS TRUST,51474,49891,-1583,True
2024-07,2024-08,RWH,EAST AND NORTH HERTFORDSHIRE NHS TRUST,57740,56556,-1184,True
2024-07,2024-08,RWJ,STOCKPORT NHS FOUNDATION TRUST,37379,36921,-458,True
2024-07,2024-08,RWP,WORCESTERSHIRE ACUTE HOSPITALS NHS TRUST,61227,61746,519,True
2024-07,2024-08,RWW,WARRINGTON AND HALTON TEACHING HOSPITALS NHS FOUNDATION TRUST,36377,35363,-1014,True
2024-07,2024-08,RWX,BERKSHIRE HEALTHCARE NHS FOUNDATION TRUST,168,157,-11,True
2024-07,2024-08,RWY,CALDERDALE AND HUDDERSFIELD NHS FOUNDATION TRUST,35336,35054,-282,True
2024-07,2024-08,RX1,NOTTINGHAM UNIVERSITY HOSPITALS NHS TRUST,89380,88622,-758,True
2024-07,2024-08,RX4,"CUMBRIA, NORTHUMBERLAND, TYNE AND WEAR NHS FOUNDATION TRUST",210,195,-15,True
2024-07,2024-08,RXC,EAST SUSSEX HEALTHCARE NHS TRUST,54957,55878,921,True
2024-07,2024-08,RXF,MID YORKSHIRE TEACHING NHS TRUST,55940,55924,-16,True
2024-07,2024-08,RXG,SOUTH WEST YORKSHIRE PARTNERSHIP NHS FOUNDATION TRUST,3363,3610,247,True
2024-07,2024-08,RXK,SANDWELL AND WEST BIRMINGHAM HOSPITALS NHS TRUST,77190,76871,-319,True
2024-07,2024-08,RXL,BLACKPOOL TEACHING HOSPITALS NHS FOUNDATION TRUST,34003,33743,-260,True
2024-07,2024-08,RXN,LANCASHIRE TEACHING HOSPITALS NHS FOUNDATION TRUST,58361,58589,228,True
2024-07,2024-08,RXP,COUNTY DURHAM AND DARLINGTON NHS FOUNDATION TRUST,40893,41908,1015,True
2024-07,2024-08,RXQ,BUCKINGHAMSHIRE HEALTHCARE NHS TRUST,48682,47397,-1285,True
2024-07,2024-08,RXR,EAST LANCASHIRE HOSPITALS NHS TRUST,72330,69353,-2977,True
2024-07,2024-08,RXW,THE SHREWSBURY AND TELFORD HOSPITAL NHS TRUST,49625,50364,739,True
2024-07,2024-08,RY6,LEEDS COMMUNITY HEALTHCARE NHS TRUST,269,278,9,True
2024-07,2024-08,RYJ,IMPERIAL COLLEGE HEALTHCARE NHS TRUST,96311,95603,-708,True
2024-07,2024-08,RYR,UNIVERSITY HOSPITALS SUSSEX NHS FOUNDATION TRUST,133716,130220,-3496,True
2024-07,2024-08,RYW,BIRMINGHAM COMMUNITY HEALTHCARE NHS FOUNDATION TRUST,15733,15622,-111,True
2024-07,2024-08,RYY,KENT COMMUNITY HEALTH NHS FOUNDATION TRUST,2516,2215,-301,True
2024-07,2024-08,S1Z4X,NEWMEDICA - BIRMINGHAM,498,567,69,True
2024-07,2024-08,T4I8V,SPAMEDICA CHESTERFIELD,30,45,15,True
2024-07,2024-08,T8R5I,SPAMEDICA WOKINGHAM,220,221,1,True
2024-07,2024-08,T8V3L,SPAMEDICA DONCASTER,177,111,-66,True
2024-07,2024-08,TAD,BRADFORD DISTRICT CARE NHS FOUNDATION TRUST,395,437,42,True
2024-07,2024-08,V4U1Y,SPAMEDICA CHESTER,87,87,0,True
2024-07,2024-08,V5F1D,SPAMEDICA TELFORD,141,205,64,True
2024-07,2024-08,V8N5R,SPAMEDICA DALSTON,213,200,-13,True
2024-07,2024-08,Y8L9S,SPAMEDICA BROMLEY,260,265,5,True
2024-07,2024-08,Z5J5V,SPAMEDICA HAYDOCK,153,161,8,True
2024-07,2024-08,Z9Z1G,SPAMEDICA GATESHEAD,183,127,-56,True
2024-08,2024-09,8KL73,ENDOCARE DIAGNOSTICS,51,0,-51,False
2024-08,2024-09,A0C5S,SPAMEDICA GLOUCESTER,88,78,-10,True
2024-08,2024-09,A1U4J,SPAMEDICA PORTSMOUTH,4,22,18,True
2024-08,2024-09,A4M8P,BUCKSHAW HOSPITAL,3327,3266,-61,True
2024-08,2024-09,A4Q9X,NEWMEDICA LEICESTER,190,177,-13,True
2024-08,2024-09,AAH,TETBURY HOSPITAL TRUST LTD,321,312,-9,True
2024-08,2024-09,AAV,COMMUNITY HEALTH AND EYECARE LIMITED,3750,3908,158,True
2024-08,2024-09,ACG08,NEWMEDICA OPHTHALMOLOGY - NUNEATON - CAMP HILL - GP LED HEALTH CENTRE,20,16,-4,True
2024-08,2024-09,ACG12,NEWMEDICA COMMUNITY OPHTHALMOLOGY - NORTH EAST LINCOLNSHIRE - GRIMSBY,315,247,-68,True
2024-08,2024-09,ACG13,NEWMEDICA - GLOUCESTER (ASPEN MEDICAL CENTRE),106,116,10,True
2024-08,2024-09,ACG19,NEWMEDICA COMMUNITY OPHTHALMOLOGY - LEEDS,556,678,122,True
2024-08,2024-09,ACG20,NEWMEDICA - BRISTOL - LITFIELD HOUSE,162,135,-27,True
2024-08,2024-09,ACG22,NEWMEDICA - BRIGG - RIVERSIDE SURGERY,251,293,42,True
2024-08,2024-09,ACG24,NEWMEDICA - TEESSIDE - NORTH ORMESBY,843,774,-69,True
2024-08,2024-09,ACG26,NEWMEDICA - NORTH DERBYSHIRE - MIDLAND COURT,875,916,41,True
2024-08,2024-09,ACG30,NEWMEDICA - WORKSOP - DUKERIES,105,117,12,True
2024-08,2024-09,ACG31,NEWMEDICA - WORCESTER,666,597,-69,True
2024-08,2024-09,ACG36,NEWMEDICA - EXETER - GLEN HOUSE,331,341,10,True
2024-08,2024-09,ACG37,NEWMEDICA - IPSWICH,1003,835,-168,True
2024-08,2024-09,ACG38,NEWMEDICA - LANGFORD,204,200,-4,True
2024-08,2024-09,ACG39,NEWMEDICA - SWINDON,212,176,-36,True
2024-08,2024-09,ACG40,NEWMEDICA - WAKEFIELD,419,410,-9,True
2024-08,2024-09,ACM,EYE CARE MEDICAL LTD,12,7,-5,True
2024-08,2024-09,ADN,PRIMARY INTEGRATED COMMUNITY SERVICES LTD,2372,2475,103,True
2024-08,2024-09,ADP02,KIMS HOSPITAL (NEWNHAM COURT),1623,1563,-60,True
2024-08,2024-09,AHP,ST MICHAEL'S CLINIC LIMITED,1993,2088,95,True
2024-08,2024-09,AJ8,THE GRANGE MEDICAL CENTRE HQ,126,109,-17,True
2024-08,2024-09,AJX,SUSSEX MSK PARTNERSHIP 2,7527,7645,118,True
2024-08,2024-09,AQK,VERNOVA HEALTHCARE COMMUNITY INTEREST COMPANY,113,130,17,True
2024-08,2024-09,AY1,MEDEFER,4249,4635,386,True
2024-08,2024-09,B1A5K,NEWMEDICA - NOTTINGHAM,671,576,-95,True
2024-08,2024-09,B3M1X,CLAREMONT PRIVATE HOSPITAL,1413,1522,109,True
2024-08,2024-09,B4N1U,SPAMEDICA ROMFORD,370,283,-87,True
2024-08,2024-09,B5M7B,NEWMEDICA - NORWICH,563,537,-26,True
2024-08,2024-09,B9J4U,SPAMEDICA PETERBOROUGH,114,113,-1,True
2024-08,2024-09,B9M3W,SPAMEDICA SOUTHAMPTON,225,202,-23,True
2024-08,2024-09,C3Y0A,SPAMEDICA BLACKPOOL,85,72,-13,True
2024-08,2024-09,D3O0Z,PLYMOUTH NEWMEDICA LTD,365,397,32,True
2024-08,2024-09,D5P5H,SPAMEDICA BEXHILL,194,154,-40,True
2024-08,2024-09,DFQ,NORWICH & NORFOLK SURGICAL LTD (N2S),794,828,34,True
2024-08,2024-09,DFY01,COTSWOLDS SURGICAL PARTNERS,215,196,-19,True
2024-08,2024-09,DJH01,THE ROYAL BUCKINGHAMSHIRE HOSPITAL LTD,0,30,30,False
2024-08,2024-09,DTT,PHOENIX PUBLIC HEALTH LTD,310,352,42,True
2024-08,2024-09,DX1,THE NEW FOSCOTE HOSPITAL LTD,275,359,84,True
2024-08,2024-09,DXV,OMNES HEALTHCARE LTD,8507,9015,508,True
2024-08,2024-09,E1U4T,SPAMEDICA CARLISLE,149,147,-2,True
2024-08,2024-09,E3D4A,SPAMEDICA TRURO,112,103,-9,True
2024-08,2024-09,F0R0W,NEWMEDICA - DARLINGTON,20,27,7,True
2024-08,2024-09,F9Z4V,CIRCLE READING HOSPITAL,1586,1551,-35,True
2024-08,2024-09,G3O5P,SPAMEDICA NEWARK,218,190,-28,True
2024-08,2024-09,G3Q3Z,NUFFIELD HEALTH HIGHGATE HOSPITAL,976,945,-31,True
2024-08,2024-09,G3Z1Q,SULIS HOSPITAL BATH (FOXCOTE AVENUE),3073,3053,-20,True
2024-08,2024-09,G5X2Q,SPAMEDICA NORTH TYNESIDE,116,114,-2,True
2024-08,2024-09,G6S7A,SPAMEDICA TAUNTON,111,99,-12,True
2024-08,2024-09,GEC01,RAPID INVESTIGATION SERVICE,200,200,0,True
2024-08,2024-09,H4I8B,NUFFIELD HEALTH THE HOLLY HOSPITAL,3253,3100,-153,True
2024-08,2024-09,H4J9P,NEWMEDICA AZTEC WEST,309,316,7,True
2024-08,2024-09,I2C7H,SPAMEDICA BRADFORD,187,200,13,True
2024-08,2024-09,I9A4A,SPAMEDICA BRIGHTON,218,186,-32,True
2024-08,2024-09,J2H6H,SPAMEDICA COLCHESTER,154,161,7,True
2024-08,2024-09,J3J8Z,NEWMEDICA - OXFORDSHIRE,470,420,-50,True
2024-08,2024-09,J3X4C,SPAMEDICA WORCESTER,111,100,-11,True
2024-08,2024-09,J7V1N,SPAMEDICA SOLIHULL,180,135,-45,True
2024-08,2024-09,K8I4X,GLENDON WOOD HOSPITAL,1675,1808,133,True
2024-08,2024-09,K9J3O,SPAMEDICA LUTON,0,101,101,False
2024-08,2024-09,L0D9W,NEWMEDICA - GLOUCESTER (BRIGHOUSE COURT),996,940,-56,True
2024-08,2024-09,L4R3R,NEWMEDICA - HAMPSHIRE,593,341,-252,True
2024-08,2024-09,L6O7H,SPAMEDICA POOLE,584,362,-222,True
2024-08,2024-09,L9D3Z,SPAMEDICA LEICESTER,85,101,16,True
2024-08,2024-09,M0N7E,SPAMEDICA SITTINGBOURNE,85,176,91,True
2024-08,2024-09,M3R0W,SPAMEDICA NORWICH,63,84,21,True
2024-08,2024-09,M4C5R,NEWMEDICA - NORTHAMPTON,780,677,-103,True
2024-08,2024-09,M5E1S,SPAMEDICA EXETER,276,239,-37,True
2024-08,2024-09,M7C9Q,SPAMEDICA EPSOM,230,229,-1,True
2024-08,2024-09,M9U8M,ENDOCARE DIAGNOSTICS LTD,0,49,49,False
2024-08,2024-09,N6Z0R,NEWMEDICA - LINCOLN,17,30,13,True
2024-08,2024-09,N8R1N,NEWMEDICA - BERKSHIRE,76,113,37,True
2024-08,2024-09,NAM01,PROBUS SURGICAL CENTRE,1097,1148,51,True
2024-08,2024-09,NCN,DMC HEALTHCARE,2878,2628,-250,True
2024-08,2024-09,NCR,ISIGHT,889,990,101,True
2024-08,2024-09,NDJ,FIRST COMMUNITY HEALTH AND CARE CIC,819,780,-39,True
2024-08,2024-09,NDL01,SUFFOLK GP FEDERATION,50,67,17,True
2024-08,2024-09,NEQ,PHOENIX HEALTH SOLUTIONS LIMITED HQ,763,804,41,True
2024-08,2024-09,NEY,PIONEER HEALTHCARE LIMITED,2754,2276,-478,True
2024-08,2024-09,NFH,SOMERSET SURGICAL SERVICES HQ,835,913,78,True
2024-08,2024-09,NL3,CARE PLUS GROUP,187,213,26,True
2024-08,2024-09,NL8,LOCALA COMMUNITY PARTNERSHIPS CIC,2432,2372,-60,True
2024-08,2024-09,NLE01,LANCASTER HOUSE CONSULTING DIAGNOSTICS SURGICAL LTD HQ,405,534,129,True
2024-08,2024-09,NLX,SIRONA CARE & HEALTH,5405,5604,199,True
2024-08,2024-09,NMG,CONNECT HEALTH LIMITED,14918,13689,-1229,True
2024-08,2024-09,NN4,TYNESIDE SURGICAL SERVICES LTD,1075,1139,64,True
2024-08,2024-09,NN5,MANCHESTER SURGICAL SERVICES LTD,257,150,-107,True
2024-08,2024-09,NN8,SPENCER PRIVATE HOSPITALS LTD,3273,3154,-119,True
2024-08,2024-09,NNE,DORKING HEALTHCARE LIMITED (DHC),5657,5625,-32,True
2024-08,2024-09,NPG01,SPAMEDICA MANCHESTER,188,152,-36,True
2024-08,2024-09,NPG02,SPAMEDICA WIRRAL,169,163,-6,True
2024-08,2024-09,NPG06,SPAMEDICA LIVERPOOL,228,179,-49,True
2024-08,2024-09,NPG07,SPAMEDICA EYE HOSPITAL (WAKEFIELD),156,148,-8,True
2024-08,2024-09,NPG08,SPAMEDICA BOLTON,189,156,-33,True
2024-08,2024-09,NPG10,SPAMEDICA SHEFFIELD,135,158,23,True
2024-08,2024-09,NPG11,SPAMEDICA BIRMINGHAM,281,240,-41,True
2024-08,2024-09,NPG13,SPAMEDICA SKELMERSDALE,180,186,6,True
2024-08,2024-09,NPG14,SPAMEDICA WIDNES,102,85,-17,True
2024-08,2024-09,NPG15,SPAMEDICA NEWCASTLE-UNDER-LYME,173,160,-13,True
2024-08,2024-09,NPG16,SPAMEDICA CHELMSFORD,474,348,-126,True
2024-08,2024-09,NPG17,SPAMEDICA PRESTON,161,141,-20,True
2024-08,2024-09,NPG18,SPAMEDICA HULL,160,173,13,True
2024-08,2024-09,NPG19,SPAMEDICA BEDFORD,213,191,-22,True
2024-08,2024-09,NPG20,SPAMEDICA WOLVERHAMPTON,252,211,-41,True
2024-08,2024-09,NPG21,SPAMEDICA COVENTRY,248,251,3,True
2024-08,2024-09,NPG22,SPAMEDICA STOCKTON-ON-TEES,111,99,-12,True
2024-08,2024-09,NPG23,SPAMEDICA DERBY,157,120,-37,True
2024-08,2024-09,NPR01,ABOUT HEALTH HQ,1856,1850,-6,True
2024-08,2024-09,NQH,NOVUS HEALTH LTD,1172,893,-279,True
2024-08,2024-09,NQM01,ORTHOPAEDICS & SPINE SPECIALIST HOSPITAL SITE,134,128,-6,True
2024-08,2024-09,NQT5K,ST MARTINS HOSPITAL,954,995,41,True
2024-08,2024-09,NQTH0,HCRG CARE EAST RIDING LLP,3359,4246,887,True
2024-08,2024-09,NQX01,PROVIDE WELLBEING @ TOLLGATE CLINIC,137,132,-5,True
2024-08,2024-09,NR5,LIVEWELL SOUTHWEST,83,69,-14,True
2024-08,2024-09,NRP,BEACON MEDICAL SERVICES GROUP LIMITED,479,526,47,True
2024-08,2024-09,NT202,"NUFFIELD HEALTH, BOURNEMOUTH HOSPITAL",425,369,-56,True
2024-08,2024-09,NT204,"NUFFIELD HEALTH, BRENTWOOD HOSPITAL",1310,1368,58,True
2024-08,2024-09,NT205,"NUFFIELD HEALTH, BRIGHTON HOSPITAL",359,499,140,True
2024-08,2024-09,NT206,"NUFFIELD HEALTH, BRISTOL HOSPITAL (CHESTERFIELD)",354,354,0,True
2024-08,2024-09,NT209,"NUFFIELD HEALTH, CAMBRIDGE HOSPITAL",396,431,35,True
2024-08,2024-09,NT210,"NUFFIELD HEALTH, THE GROSVENOR HOSPITAL, CHESTER",314,310,-4,True
2024-08,2024-09,NT211,"NUFFIELD HEALTH, CHELTENHAM HOSPITAL",36,39,3,True
2024-08,2024-09,NT212,"NUFFIELD HEALTH, CHICHESTER HOSPITAL",772,848,76,True
2024-08,2024-09,NT213,"NUFFIELD HEALTH, DERBY HOSPITAL",1335,1364,29,True
2024-08,2024-09,NT214,"NUFFIELD HEALTH, WESSEX HOSPITAL",503,561,58,True
2024-08,2024-09,NT215,"NUFFIELD HEALTH, EXETER HOSPITAL",300,314,14,True
2024-08,2024-09,NT216,"NUFFIELD HEALTH, GUILDFORD HOSPITAL",98,134,36,True
2024-08,2024-09,NT218,"NUFFIELD HEALTH, HAYWARDS HEATH HOSPITAL",154,50,-104,True
2024-08,2024-09,NT219,"NUFFIELD HEALTH, HEREFORD HOSPITAL",199,188,-11,True
2024-08,2024-09,NT224,"NUFFIELD HEALTH, WARWICKSHIRE HOSPITAL",229,217,-12,True
2024-08,2024-09,NT225,"NUFFIELD HEALTH, LEEDS HOSPITAL",1483,1549,66,True
2024-08,2024-09,NT226,"NUFFIELD HEALTH, LEICESTER HOSPITAL",365,416,51,True
2024-08,2024-09,NT229,"NUFFIELD HEALTH, NEWCASTLE UPON TYNE HOSPITAL",343,390,47,True
2024-08,2024-09,NT230,"NUFFIELD HEALTH, NORTH STAFFORDSHIRE HOSPITAL",1463,1178,-285,True
2024-08,2024-09,NT233,"NUFFIELD HEALTH, PLYMOUTH HOSPITAL",1151,1138,-13,True
2024-08,2024-09,NT235,"NUFFIELD HEALTH, SHREWSBURY HOSPITAL",230,199,-31,True
2024-08,2024-09,NT237,"NUFFIELD HEALTH, TEES HOSPITAL",1062,1081,19,True
2024-08,2024-09,NT238,"NUFFIELD HEALTH, TAUNTON HOSPITAL",281,282,1,True
2024-08,2024-09,NT239,"NUFFIELD HEALTH, TUNBRIDGE WELLS HOSPITAL",282,308,26,True
2024-08,2024-09,NT241,"NUFFIELD HEALTH, WOKING HOSPITAL",430,488,58,True
2024-08,2024-09,NT242,"NUFFIELD HEALTH, WOLVERHAMPTON HOSPITAL",639,702,63,True
2024-08,2024-09,NT245,"NUFFIELD HEALTH, YORK HOSPITAL",601,613,12,True
2024-08,2024-09,NT301,SPIRE SOUTH BANK HOSPITAL,841,850,9,True
2024-08,2024-09,NT302,SPIRE BRISTOL HOSPITAL,814,775,-39,True
2024-08,2024-09,NT304,SPIRE SOUTHAMPTON HOSPITAL,544,506,-38,True
2024-08,2024-09,NT305,SPIRE PORTSMOUTH HOSPITAL,795,360,-435,True
2024-08,2024-09,NT308,SPIRE GATWICK PARK HOSPITAL,695,594,-101,True
2024-08,2024-09,NT30A,SPIRE NOTTINGHAM HOSPITAL,438,457,19,True
2024-08,2024-09,NT310,SPIRE TUNBRIDGE WELLS HOSPITAL,478,467,-11,True
2024-08,2024-09,NT312,SPIRE ALEXANDRA HOSPITAL,1106,1114,8,True
2024-08,2024-09,NT313,SPIRE WELLESLEY HOSPITAL,1591,1540,-51,True
2024-08,2024-09,NT314,SPIRE LONDON EAST,1938,2070,132,True
2024-08,2024-09,NT315,SPIRE BUSHEY HOSPITAL,490,482,-8,True
2024-08,2024-09,NT316,SPIRE HARPENDEN HOSPITAL,511,507,-4,True
2024-08,2024-09,NT317,SPIRE CAMBRIDGE LEA HOSPITAL,259,267,8,True
2024-08,2024-09,NT318,SPIRE NORWICH HOSPITAL,243,249,6,True
2024-08,2024-09,NT319,SPIRE HARTSWOOD HOSPITAL,1690,1589,-101,True
2024-08,2024-09,NT320,SPIRE PARKWAY HOSPITAL,1248,1366,118,True
2024-08,2024-09,NT321,SPIRE LITTLE ASTON HOSPITAL,1393,1385,-8,True
2024-08,2024-09,NT322,SPIRE LEICESTER HOSPITAL,791,762,-29,True
2024-08,2024-09,NT324,SPIRE CHESHIRE HOSPITAL,1096,1209,113,True
2024-08,2024-09,NT325,SPIRE MURRAYFIELD HOSPITAL,662,656,-6,True
2024-08,2024-09,NT327,SPIRE MANCHESTER HOSPITAL,622,637,15,True
2024-08,2024-09,NT332,SPIRE LEEDS HOSPITAL,1012,1042,30,True
2024-08,2024-09,NT333,SPIRE WASHINGTON HOSPITAL,1113,1168,55,True
2024-08,2024-09,NT337,SPIRE LIVERPOOL HOSPITAL,3507,3370,-137,True
2024-08,2024-09,NT339,SPIRE REGENCY HOSPITAL,1321,1276,-45,True
2024-08,2024-09,NT343,SPIRE THAMES VALLEY HOSPITAL,356,411,55,True
2024-08,2024-09,NT344,SPIRE DUNEDIN HOSPITAL,501,482,-19,True
2024-08,2024-09,NT345,SPIRE CLARE PARK HOSPITAL,299,267,-32,True
2024-08,2024-09,NT347,SPIRE FYLDE COAST HOSPITAL,2640,2696,56,True
2024-08,2024-09,NT348,SPIRE ELLAND HOSPITAL,1203,1155,-48,True
2024-08,2024-09,NT350,SPIRE METHLEY PARK HOSPITAL,1252,1306,54,True
2024-08,2024-09,NT351,SPIRE HULL AND EAST RIDING HOSPITAL,2784,3020,236,True
2024-08,2024-09,NT364,SPIRE MONTEFIORE HOSPITAL,662,704,42,True
2024-08,2024-09,NT3X3,SPIRE ST ANTHONY'S HOSPITAL,840,1058,218,True
2024-08,2024-09,NT401,ALEXANDRA HOSPITAL,720,719,-1,True
2024-08,2024-09,NT402,BATH CLINIC,555,529,-26,True
2024-08,2024-09,NT403,BEARDWOOD HOSPITAL,2457,2554,97,True
2024-08,2024-09,NT404,BEAUMONT HOSPITAL,2554,2629,75,True
2024-08,2024-09,NT405,BISHOPS WOOD HOSPITAL,573,598,25,True
2024-08,2024-09,NT406,BLACKHEATH HOSPITAL,1275,1222,-53,True
2024-08,2024-09,NT408,CHAUCER HOSPITAL,914,859,-55,True
2024-08,2024-09,NT409,CHELSFIELD PARK HOSPITAL,630,594,-36,True
2024-08,2024-09,NT410,CHILTERN HOSPITAL,396,396,0,True
2024-08,2024-09,NT411,CLEMENTINE CHURCHILL HOSPITAL,2134,2167,33,True
2024-08,2024-09,NT412,DROITWICH SPA HOSPITAL,1512,1774,262,True
2024-08,2024-09,NT416,HENDON HOSPITAL,999,1010,11,True
2024-08,2024-09,NT417,GORING HALL HOSPITAL,1449,1522,73,True
2024-08,2024-09,NT418,HAMPSHIRE CLINIC,402,416,14,True
2024-08,2024-09,NT419,HARBOUR HOSPITAL,160,149,-11,True
2024-08,2024-09,NT420,HIGHFIELD HOSPITAL,788,752,-36,True
2024-08,2024-09,NT421,KINGS OAK HOSPITAL,1320,1178,-142,True
2024-08,2024-09,NT422,LONDON INDEPENDENT HOSPITAL,4912,4945,33,True
2024-08,2024-09,NT423,MANOR HOSPITAL,751,797,46,True
2024-08,2024-09,NT424,MERIDEN HOSPITAL,1568,1580,12,True
2024-08,2024-09,NT427,PARK HOSPITAL,1048,1089,41,True
2024-08,2024-09,NT428,PRINCESS MARGARET HOSPITAL,119,123,4,True
2024-08,2024-09,NT429,PRIORY HOSPITAL,1159,1094,-65,True
2024-08,2024-09,NT430,RIDGEWAY HOSPITAL,383,366,-17,True
2024-08,2024-09,NT431,RUNNYMEDE HOSPITAL,153,150,-3,True
2024-08,2024-09,NT433,SARUM ROAD HOSPITAL,349,372,23,True
2024-08,2024-09,NT434,SAXON CLINIC,637,620,-17,True
2024-08,2024-09,NT435,SHELBURNE HOSPITAL,204,185,-19,True
2024-08,2024-09,NT436,SHIRLEY OAKS HOSPITAL,1116,1071,-45,True
2024-08,2024-09,NT437,SLOANE HOSPITAL,773,762,-11,True
2024-08,2024-09,NT440,THORNBURY HOSPITAL,541,535,-6,True
2024-08,2024-09,NT441,THREE SHIRES HOSPITAL,3315,3380,65,True
2024-08,2024-09,NT443,WINTERBOURNE HOSPITAL,354,335,-19,True
2024-08,2024-09,NT445,EDGBASTON HOSPITAL,1,1,0,True
2024-08,2024-09,NT446,ST EDMUNDS HOSPITAL,626,604,-22,True
2024-08,2024-09,NT447,DUCHY HOSPITAL,542,547,5,True
2024-08,2024-09,NT448,THE HUDDERSFIELD PRIVATE HOSPITAL,857,880,23,True
2024-08,2024-09,NT449,THE LANCASTER PRIVATE HOSPITAL,433,475,42,True
2024-08,2024-09,NT450,THE LINCOLN PRIVATE HOSPITAL,1628,1541,-87,True
2024-08,2024-09,NT451,CAVELL HOSPITAL,1569,1460,-109,True
2024-08,2024-09,NT455,MOUNT ALVERNIA HOSPITAL,179,152,-27,True
2024-08,2024-09,NT457,WOODLANDS HOSPITAL,1951,2027,76,True
2024-08,2024-09,NT490,SOUTHEND PRIVATE HOSPITAL,1455,1107,-348,True
2024-08,2024-09,NTE02,ST HUGH'S HOSPITAL,1843,1994,151,True
2024-08,2024-09,NTP11,PRACTICE PLUS GROUP HOSPITAL - SOUTHAMPTON,9912,10437,525,True
2024-08,2024-09,NTP13,PRACTICE PLUS GROUP HOSPITAL - BARLBOROUGH,1895,1924,29,True
2024-08,2024-09,NTP15,PRACTICE PLUS GROUP HOSPITAL - ILFORD,4946,5060,114,True
2024-08,2024-09,NTP16,PRACTICE PLUS GROUP SURGICAL CENTRE - GILLINGHAM,1219,1254,35,True
2024-08,2024-09,NTPAD,PRACTICE PLUS GROUP SURGICAL CENTRE - ST MARYS PORTSMOUTH,2338,2169,-169,True
2024-08,2024-09,NTPAE,PRACTICE PLUS GROUP OPHTHALMOLOGY - NORTH WEST,1051,1033,-18,True
2024-08,2024-09,NTPH1,PRACTICE PLUS GROUP HOSPITAL - SHEPTON MALLET,2635,2621,-14,True
2024-08,2024-09,NTPH2,PRACTICE PLUS GROUP HOSPITAL - EMERSONS GREEN,4221,3656,-565,True
2024-08,2024-09,NTPH3,PRACTICE PLUS GROUP SURGICAL CENTRE - DEVIZES,2266,2131,-135,True
2024-08,2024-09,NTPH5,PRACTICE PLUS GROUP HOSPITAL - PLYMOUTH,2144,1974,-170,True
2024-08,2024-09,NTX,THE ONE HEALTH GROUP PLC,3733,3693,-40,True
2024-08,2024-09,NV1,INHEALTH LIMITED,1861,1851,-10,True
2024-08,2024-09,NVC01,ASHTEAD HOSPITAL,784,731,-53,True
2024-08,2024-09,NVC02,THE BERKSHIRE INDEPENDENT HOSPITAL,1174,1217,43,True
2024-08,2024-09,NVC04,DUCHY HOSPITAL,1476,1510,34,True
2024-08,2024-09,NVC05,EUXTON HALL HOSPITAL,2965,2953,-12,True
2024-08,2024-09,NVC06,FITZWILLIAM HOSPITAL,7450,7254,-196,True
2024-08,2024-09,NVC07,FULWOOD HALL HOSPITAL,5896,6153,257,True
2024-08,2024-09,NVC08,MOUNT STUART HOSPITAL,1923,1921,-2,True
2024-08,2024-09,NVC09,NEW HALL HOSPITAL,3663,3625,-38,True
2024-08,2024-09,NVC0I,BEACON PARK HOSPITAL,1667,1429,-238,True
2024-08,2024-09,NVC0R,TEES VALLEY HOSPITAL,3755,3771,16,True
2024-08,2024-09,NVC0Y,EXETER MEDICAL,285,257,-28,True
2024-08,2024-09,NVC11,NORTH DOWNS HOSPITAL,1871,1861,-10,True
2024-08,2024-09,NVC12,OAKLANDS HOSPITAL,5983,5645,-338,True
2024-08,2024-09,NVC13,OAKS HOSPITAL,855,880,25,True
2024-08,2024-09,NVC14,PARK HILL HOSPITAL,980,887,-93,True
2024-08,2024-09,NVC15,PINEHILL HOSPITAL,1584,1647,63,True
2024-08,2024-09,NVC16,RENACRES HOSPITAL,4235,4189,-46,True
2024-08,2024-09,NVC17,ROWLEY HALL HOSPITAL,2814,2779,-35,True
2024-08,2024-09,NVC18,SPRINGFIELD HOSPITAL,5257,5097,-160,True
2024-08,2024-09,NVC19,RIVERS HOSPITAL,4279,4180,-99,True
2024-08,2024-09,NVC1H,STOURSIDE HOSPITAL,3805,3483,-322,True
2024-08,2024-09,NVC20,THE YORKSHIRE CLINIC,8620,8629,9,True
2024-08,2024-09,NVC21,WEST MIDLANDS HOSPITAL,1084,1074,-10,True
2024-08,2024-09,NVC22,WINFIELD HOSPITAL,1188,1166,-22,True
2024-08,2024-09,NVC23,WOODLAND HOSPITAL,5159,4975,-184,True
2024-08,2024-09,NVC25,THE CHERWELL HOSPITAL,2260,2319,59,True
2024-08,2024-09,NVC27,BOSTON WEST HOSPITAL,2065,1973,-92,True
2024-08,2024-09,NVC28,CLIFTON PARK HOSPITAL,1907,1864,-43,True
2024-08,2024-09,NVC29,COBALT HOSPITAL,1855,1910,55,True
2024-08,2024-09,NVC31,BLAKELANDS HOSPITAL,1763,1774,11,True
2024-08,2024-09,NVC40,WOODTHORPE HOSPITAL,4997,4883,-114,True
2024-08,2024-09,NVC44,THE WESTBOURNE CENTRE,2692,2889,197,True
2024-08,2024-09,NVG01,FAIRFIELD HOSPITAL,2143,2095,-48,True
2024-08,2024-09,NVL,DMC DERMATOLOGY,0,145,145,False
2024-08,2024-09,NVM,EPSOMEDICAL GROUP,2829,2835,6,True
2024-08,2024-09,NWF01,BENENDEN HOSPITAL,1296,1350,54,True
2024-08,2024-09,NWV01,GP CARE UK,395,425,30,True
2024-08,2024-09,NWX,HERE,14705,13910,-795,True
2024-08,2024-09,NXM01,THE HORDER CENTRE - ST JOHNS ROAD,294,305,11,True
2024-08,2024-09,NXP,INDEPENDENT HEALTH GROUP,1209,1139,-70,True
2024-08,2024-09,NYG,SUSSEX COMMUNITY DERMATOLOGY SERVICE,15217,15508,291,True
2024-08,2024-09,NYR,HEALTHSHARE DIAGNOSTICS,770,980,210,True
2024-08,2024-09,NYW17,ASPEN HEALTHCARE - MIDLAND EYE,544,616,72,True
2024-08,2024-09,O1P6X,SPAMEDICA OLDHAM,186,173,-13,True
2024-08,2024-09,O5Y9D,SPAMEDICA OXFORD,157,107,-50,True
2024-08,2024-09,P0C3F,SPAMEDICA LEEDS,77,98,21,True
2024-08,2024-09,P1B7M,SPAMEDICA BRISTOL,70,73,3,True
2024-08,2024-09,P5Y6K,NEWMEDICA - SHREWSBURY,271,217,-54,True
2024-08,2024-09,Q1S8W,NEWMEDICA - BURY ST EDMUNDS,89,74,-15,True
2024-08,2024-09,Q1W6P,SPAMEDICA WATFORD,177,187,10,True
2024-08,2024-09,R0A,MANCHESTER UNIVERSITY NHS FOUNDATION TRUST,192692,194481,1789,True
2024-08,2024-09,R0B,SOUTH TYNESIDE AND SUNDERLAND NHS FOUNDATION TRUST,61280,61098,-182,True
2024-08,2024-09,R0D,UNIVERSITY HOSPITALS DORSET NHS FOUNDATION TRUST,68724,68004,-720,True
2024-08,2024-09,R0F4N,NUFFIELD HEALTH PARKSIDE HOSPITAL,989,985,-4,True
2024-08,2024-09,R1A,HEREFORDSHIRE AND WORCESTERSHIRE HEALTH AND CARE NHS TRUST,46,49,3,True
2024-08,2024-09,R1C,SOLENT NHS TRUST,253,0,-253,False
2024-08,2024-09,R1D,SHROPSHIRE COMMUNITY HEALTH NHS TRUST,13582,13303,-279,True
2024-08,2024-09,R1F,ISLE OF WIGHT NHS TRUST,15005,15117,112,True
2024-08,2024-09,R1G7E,SPAMEDICA KENDAL,143,162,19,True
2024-08,2024-09,R1H,BARTS HEALTH NHS TRUST,127656,126675,-981,True
2024-08,2024-09,R1K,LONDON NORTH WEST UNIVERSITY HEALTHCARE NHS TRUST,106377,101388,-4989,True
2024-08,2024-09,R1L,ESSEX PARTNERSHIP UNIVERSITY NHS FOUNDATION TRUST,999,871,-128,True
2024-08,2024-09,R3I5E,NEWMEDICA -TELFORD,7,6,-1,True
2024-08,2024-09,R7W2O,NEWCASTLE NEWMEDICA LTD,279,314,35,True
2024-08,2024-09,RA2,ROYAL SURREY COUNTY HOSPITAL NHS FOUNDATION TRUST,38038,37919,-119,True
2024-08,2024-09,RA7,UNIVERSITY HOSPITALS BRISTOL AND WESTON NHS FOUNDATION TRUST,58506,56670,-1836,True
2024-08,2024-09,RA9,TORBAY AND SOUTH DEVON NHS FOUNDATION TRUST,33982,34102,120,True
2024-08,2024-09,RAE,BRADFORD TEACHING HOSPITALS NHS FOUNDATION TRUST,36312,35148,-1164,True
2024-08,2024-09,RAJ,MID AND SOUTH ESSEX NHS FOUNDATION TRUST,168967,166315,-2652,True
2024-08,2024-09,RAL,ROYAL FREE LONDON NHS FOUNDATION TRUST,109184,111241,2057,True
2024-08,2024-09,RAN,ROYAL NATIONAL ORTHOPAEDIC HOSPITAL NHS TRUST,8257,8231,-26,True
2024-08,2024-09,RAP,NORTH MIDDLESEX UNIVERSITY HOSPITAL NHS TRUST,24749,25203,454,True
2024-08,2024-09,RAS,THE HILLINGDON HOSPITALS NHS FOUNDATION TRUST,30051,28594,-1457,True
2024-08,2024-09,RAX,KINGSTON HOSPITAL NHS FOUNDATION TRUST,38923,36242,-2681,True
2024-08,2024-09,RBD,DORSET COUNTY HOSPITAL NHS FOUNDATION TRUST,22514,21952,-562,True
2024-08,2024-09,RBK,WALSALL HEALTHCARE NHS TRUST,30373,29976,-397,True
2024-08,2024-09,RBL,WIRRAL UNIVERSITY TEACHING HOSPITAL NHS FOUNDATION TRUST,46649,47469,820,True
2024-08,2024-09,RBN,MERSEY AND WEST LANCASHIRE TEACHING HOSPITALS NHS TRUST,82939,81020,-1919,True
2024-08,2024-09,RBQ,LIVERPOOL HEART AND CHEST HOSPITAL NHS FOUNDATION TRUST,5504,5472,-32,True
2024-08,2024-09,RBS,ALDER HEY CHILDREN'S NHS FOUNDATION TRUST,23578,23256,-322,True
2024-08,2024-09,RBT,MID CHESHIRE HOSPITALS NHS FOUNDATION TRUST,39446,39688,242,True
2024-08,2024-09,RBV,THE CHRISTIE NHS FOUNDATION TRUST,2485,2558,73,True
2024-08,2024-09,RC9,BEDFORDSHIRE HOSPITALS NHS FOUNDATION TRUST,100897,100092,-805,True
2024-08,2024-09,RCB,YORK AND SCARBOROUGH TEACHING HOSPITALS NHS FOUNDATION TRUST,45677,45019,-658,True
2024-08,2024-09,RCD,HARROGATE AND DISTRICT NHS FOUNDATION TRUST,22755,23069,314,True
2024-08,2024-09,RCF,AIREDALE NHS FOUNDATION TRUST,14564,14478,-86,True
2024-08,2024-09,RCU,SHEFFIELD CHILDREN'S NHS FOUNDATION TRUST,13174,12473,-701,True
2024-08,2024-09,RCX,"THE QUEEN ELIZABETH HOSPITAL, KING'S LYNN, NHS FOUNDATION TRUST",26898,26486,-412,True
2024-08,2024-09,RD1,ROYAL UNITED HOSPITALS BATH NHS FOUNDATION TRUST,37521,37956,435,True
2024-08,2024-09,RD8,MILTON KEYNES UNIVERSITY HOSPITAL NHS FOUNDATION TRUST,32318,37194,4876,True
2024-08,2024-09,RDE,EAST SUFFOLK AND NORTH ESSEX NHS FOUNDATION TRUST,91166,91213,47,True
2024-08,2024-09,RDR,SUSSEX COMMUNITY NHS FOUNDATION TRUST,5665,5664,-1,True
2024-08,2024-09,RDU,FRIMLEY HEALTH NHS FOUNDATION TRUST,86923,85657,-1266,True
2024-08,2024-09,REF,ROYAL CORNWALL HOSPITALS NHS TRUST,43175,42699,-476,True
2024-08,2024-09,REM,LIVERPOOL UNIVERSITY HOSPITALS NHS FOUNDATION TRUST,75211,73794,-1417,True
2024-08,2024-09,REN,THE CLATTERBRIDGE CANCER CENTRE NHS FOUNDATION TRUST,1147,1267,120,True
2024-08,2024-09,REP,LIVERPOOL WOMEN'S NHS FOUNDATION TRUST,16466,16341,-125,True
2024-08,2024-09,RET,THE WALTON CENTRE NHS FOUNDATION TRUST,16793,16697,-96,True
2024-08,2024-09,RF4,"BARKING, HAVERING AND REDBRIDGE UNIVERSITY HOSPITALS NHS TRUST",64990,62018,-2972,True
2024-08,2024-09,RFF,BARNSLEY HOSPITAL NHS FOUNDATION TRUST,21437,21928,491,True
2024-08,2024-09,RFR,THE ROTHERHAM NHS FOUNDATION TRUST,32959,32918,-41,True
2024-08,2024-09,RFS,CHESTERFIELD ROYAL HOSPITAL NHS FOUNDATION TRUST,30188,28956,-1232,True
2024-08,2024-09,RGM,ROYAL PAPWORTH HOSPITAL NHS FOUNDATION TRUST,7276,7315,39,True
2024-08,2024-09,RGN,NORTH WEST ANGLIA NHS FOUNDATION TRUST,78357,78781,424,True
2024-08,2024-09,RGP,JAMES PAGET UNIVERSITY HOSPITALS NHS FOUNDATION TRUST,32495,31928,-567,True
2024-08,2024-09,RGR,WEST SUFFOLK NHS FOUNDATION TRUST,33883,33863,-20,True
2024-08,2024-09,RGT,CAMBRIDGE UNIVERSITY HOSPITALS NHS FOUNDATION TRUST,64246,64704,458,True
2024-08,2024-09,RH5,SOMERSET NHS FOUNDATION TRUST,57590,58079,489,True
2024-08,2024-09,RH8,ROYAL DEVON UNIVERSITY HEALTHCARE NHS FOUNDATION TRUST,73262,72319,-943,True
2024-08,2024-09,RHM,UNIVERSITY HOSPITAL SOUTHAMPTON NHS FOUNDATION TRUST,59644,59647,3,True
2024-08,2024-09,RHQ,SHEFFIELD TEACHING HOSPITALS NHS FOUNDATION TRUST,96660,96755,95,True
2024-08,2024-09,RHU,PORTSMOUTH HOSPITALS UNIVERSITY NATIONAL HEALTH SERVICE TRUST,62959,62943,-16,True
2024-08,2024-09,RHW,ROYAL BERKSHIRE NHS FOUNDATION TRUST,32676,34392,1716,True
2024-08,2024-09,RJ1,GUY'S AND ST THOMAS' NHS FOUNDATION TRUST,139989,135968,-4021,True
2024-08,2024-09,RJ2,LEWISHAM AND GREENWICH NHS TRUST,70366,68854,-1512,True
2024-08,2024-09,RJ6,CROYDON HEALTH SERVICES NHS TRUST,35597,35338,-259,True
2024-08,2024-09,RJ7,ST GEORGE'S UNIVERSITY HOSPITALS NHS FOUNDATION TRUST,66595,66547,-48,True
2024-08,2024-09,RJ8,CORNWALL PARTNERSHIP NHS FOUNDATION TRUST,917,829,-88,True
2024-08,2024-09,RJC,SOUTH WARWICKSHIRE UNIVERSITY NHS FOUNDATION TRUST,33188,33040,-148,True
2024-08,2024-09,RJE,UNIVERSITY HOSPITALS OF NORTH MIDLANDS NHS TRUST,74495,74510,15,True
2024-08,2024-09,RJL,NORTHERN LINCOLNSHIRE AND GOOLE NHS FOUNDATION TRUST,43277,42857,-420,True
2024-08,2024-09,RJN,EAST CHESHIRE NHS TRUST,12323,12444,121,True
2024-08,2024-09,RJR,COUNTESS OF CHESTER HOSPITAL NHS FOUNDATION TRUST,33368,33204,-164,True
2024-08,2024-09,RJZ,KING'S COLLEGE HOSPITAL NHS FOUNDATION TRUST,98887,95489,-3398,True
2024-08,2024-09,RK5,SHERWOOD FOREST HOSPITALS NHS FOUNDATION TRUST,35163,35505,342,True
2024-08,2024-09,RK9,UNIVERSITY HOSPITALS PLYMOUTH NHS TRUST,49780,49322,-458,True
2024-08,2024-09,RKB,UNIVERSITY HOSPITALS COVENTRY AND WARWICKSHIRE NHS TRUST,81463,81485,22,True
2024-08,2024-09,RKE,WHITTINGTON HEALTH NHS TRUST,20742,21067,325,True
2024-08,2024-09,RL1,THE ROBERT JONES AND AGNES HUNT ORTHOPAEDIC HOSPITAL NHS FOUNDATION TRUST,16244,16408,164,True
2024-08,2024-09,RL4,THE ROYAL WOLVERHAMPTON NHS TRUST,88651,88842,191,True
2024-08,2024-09,RLQ,WYE VALLEY NHS TRUST,24400,24383,-17,True
2024-08,2024-09,RLT,GEORGE ELIOT HOSPITAL NHS TRUST,17633,17046,-587,True
2024-08,2024-09,RM1,NORFOLK AND NORWICH UNIVERSITY HOSPITALS NHS FOUNDATION TRUST,86741,84936,-1805,True
2024-08,2024-09,RM3,NORTHERN CARE ALLIANCE NHS FOUNDATION TRUST,145463,142609,-2854,True
2024-08,2024-09,RMC,BOLTON NHS FOUNDATION TRUST,44055,43332,-723,True
2024-08,2024-09,RMP,TAMESIDE AND GLOSSOP INTEGRATED CARE NHS FOUNDATION TRUST,20696,19764,-932,True
2024-08,2024-09,RN3,GREAT WESTERN HOSPITALS NHS FOUNDATION TRUST,43549,43122,-427,True
2024-08,2024-09,RN5,HAMPSHIRE HOSPITALS NHS FOUNDATION TRUST,52409,51971,-438,True
2024-08,2024-09,RN7,DARTFORD AND GRAVESHAM NHS TRUST,30998,31263,265,True
2024-08,2024-09,RNA,THE DUDLEY GROUP NHS FOUNDATION TRUST,49710,49388,-322,True
2024-08,2024-09,RNN,NORTH CUMBRIA INTEGRATED CARE NHS FOUNDATION TRUST,38216,38062,-154,True
2024-08,2024-09,RNQ,KETTERING GENERAL HOSPITAL NHS FOUNDATION TRUST,28321,27692,-629,True
2024-08,2024-09,RNS,NORTHAMPTON GENERAL HOSPITAL NHS TRUST,41180,40993,-187,True
2024-08,2024-09,RNZ,SALISBURY NHS FOUNDATION TRUST,29422,28501,-921,True
2024-08,2024-09,RP4,GREAT ORMOND STREET HOSPITAL FOR CHILDREN NHS FOUNDATION TRUST,8326,8131,-195,True
2024-08,2024-09,RP5,DONCASTER AND BASSETLAW TEACHING HOSPITALS NHS FOUNDATION TRUST,56978,56475,-503,True
2024-08,2024-09,RP6,MOORFIELDS EYE HOSPITAL NHS FOUNDATION TRUST,34357,34932,575,True
2024-08,2024-09,RP7,LINCOLNSHIRE PARTNERSHIP NHS FOUNDATION TRUST,93,58,-35,True
2024-08,2024-09,RPA,MEDWAY NHS FOUNDATION TRUST,43388,42498,-890,True
2024-08,2024-09,RPC,QUEEN VICTORIA HOSPITAL NHS FOUNDATION TRUST,18735,18895,160,True
2024-08,2024-09,RPG,OXLEAS NHS FOUNDATION TRUST,2066,2031,-35,True
2024-08,2024-09,RPY,THE ROYAL MARSDEN NHS FOUNDATION TRUST,1896,2066,170,True
2024-08,2024-09,RQ3,BIRMINGHAM WOMEN'S AND CHILDREN'S NHS FOUNDATION TRUST,25968,26221,253,True
2024-08,2024-09,RQM,CHELSEA AND WESTMINSTER HOSPITAL NHS FOUNDATION TRUST,62117,60840,-1277,True
2024-08,2024-09,RQW,THE PRINCESS ALEXANDRA HOSPITAL NHS TRUST,36248,35131,-1117,True
2024-08,2024-09,RQX,HOMERTON HEALTHCARE NHS FOUNDATION TRUST,35198,34907,-291,True
2024-08,2024-09,RR7,GATESHEAD HEALTH NHS FOUNDATION TRUST,11861,12083,222,True
2024-08,2024-09,RR8,LEEDS TEACHING HOSPITALS NHS TRUST,90240,88107,-2133,True
2024-08,2024-09,RRE,MIDLANDS PARTNERSHIP NHS FOUNDATION TRUST,4886,5048,162,True
2024-08,2024-09,RRF,"WRIGHTINGTON, WIGAN AND LEIGH NHS FOUNDATION TRUST",55359,52134,-3225,True
2024-08,2024-09,RRJ,THE ROYAL ORTHOPAEDIC HOSPITAL NHS FOUNDATION TRUST,15709,15069,-640,True
2024-08,2024-09,RRK,UNIVERSITY HOSPITALS BIRMINGHAM NHS FOUNDATION TRUST,121821,119166,-2655,True
2024-08,2024-09,RRV,UNIVERSITY COLLEGE LONDON HOSPITALS NHS FOUNDATION TRUST,74987,74573,-414,True
2024-08,2024-09,RT1,CAMBRIDGESHIRE AND PETERBOROUGH NHS FOUNDATION TRUST,314,319,5,True
2024-08,2024-09,RTD,THE NEWCASTLE UPON TYNE HOSPITALS NHS FOUNDATION TRUST,102490,101085,-1405,True
2024-08,2024-09,RTE,GLOUCESTERSHIRE HOSPITALS NHS FOUNDATION TRUST,72534,72659,125,True
2024-08,2024-09,RTF,NORTHUMBRIA HEALTHCARE NHS FOUNDATION TRUST,34890,34535,-355,True
2024-08,2024-09,RTG,UNIVERSITY HOSPITALS OF DERBY AND BURTON NHS FOUNDATION TRUST,107568,107539,-29,True
2024-08,2024-09,RTH,OXFORD UNIVERSITY HOSPITALS NHS FOUNDATION TRUST,87648,89771,2123,True
2024-08,2024-09,RTK,ASHFORD AND ST PETER'S HOSPITALS NHS FOUNDATION TRUST,58984,58102,-882,True
2024-08,2024-09,RTP,SURREY AND SUSSEX HEALTHCARE NHS TRUST,47739,47730,-9,True
2024-08,2024-09,RTR,SOUTH TEES HOSPITALS NHS FOUNDATION TRUST,58127,56848,-1279,True
2024-08,2024-09,RTX,UNIVERSITY HOSPITALS OF MORECAMBE BAY NHS FOUNDATION TRUST,31949,32307,358,True
2024-08,2024-09,RV3,CENTRAL AND NORTH WEST LONDON NHS FOUNDATION TRUST,1911,1845,-66,True
2024-08,2024-09,RVJ,NORTH BRISTOL NHS TRUST,45484,45499,15,True
2024-08,2024-09,RVR,EPSOM AND ST HELIER UNIVERSITY HOSPITALS NHS TRUST,50566,51218,652,True
2024-08,2024-09,RVV,EAST KENT HOSPITALS UNIVERSITY NHS FOUNDATION TRUST,88084,86724,-1360,True
2024-08,2024-09,RVW,NORTH TEES AND HARTLEPOOL NHS FOUNDATION TRUST,20565,20616,51,True
2024-08,2024-09,RW1,SOUTHERN HEALTH NHS FOUNDATION TRUST,3637,3420,-217,True
2024-08,2024-09,RW4,MERSEY CARE NHS FOUNDATION TRUST,45,52,7,True
2024-08,2024-09,RW5,LANCASHIRE & SOUTH CUMBRIA NHS FOUNDATION TRUST,1435,1688,253,True
2024-08,2024-09,RWA,HULL UNIVERSITY TEACHING HOSPITALS NHS TRUST,79214,79557,343,True
2024-08,2024-09,RWD,UNITED LINCOLNSHIRE HOSPITALS NHS TRUST,71952,71779,-173,True
2024-08,2024-09,RWE,UNIVERSITY HOSPITALS OF LEICESTER NHS TRUST,114060,112490,-1570,True
2024-08,2024-09,RWF,MAIDSTONE AND TUNBRIDGE WELLS NHS TRUST,45183,45235,52,True
2024-08,2024-09,RWG,WEST HERTFORDSHIRE TEACHING HOSPITALS NHS TRUST,49891,47795,-2096,True
2024-08,2024-09,RWH,EAST AND NORTH HERTFORDSHIRE NHS TRUST,56556,56277,-279,True
2024-08,2024-09,RWJ,STOCKPORT NHS FOUNDATION TRUST,36921,36865,-56,True
2024-08,2024-09,RWP,WORCESTERSHIRE ACUTE HOSPITALS NHS TRUST,61746,60665,-1081,True
2024-08,2024-09,RWW,WARRINGTON AND HALTON TEACHING HOSPITALS NHS FOUNDATION TRUST,35363,35058,-305,True
2024-08,2024-09,RWX,BERKSHIRE HEALTHCARE NHS FOUNDATION TRUST,157,154,-3,True
2024-08,2024-09,RWY,CALDERDALE AND HUDDERSFIELD NHS FOUNDATION TRUST,35054,35702,648,True
2024-08,2024-09,RX1,NOTTINGHAM UNIVERSITY HOSPITALS NHS TRUST,88622,88258,-364,True
2024-08,2024-09,RX4,"CUMBRIA, NORTHUMBERLAND, TYNE AND WEAR NHS FOUNDATION TRUST",195,204,9,True
2024-08,2024-09,RXC,EAST SUSSEX HEALTHCARE NHS TRUST,55878,56411,533,True
2024-08,2024-09,RXF,MID YORKSHIRE TEACHING NHS TRUST,55924,55807,-117,True
2024-08,2024-09,RXG,SOUTH WEST YORKSHIRE PARTNERSHIP NHS FOUNDATION TRUST,3610,3894,284,True
2024-08,2024-09,RXK,SANDWELL AND WEST BIRMINGHAM HOSPITALS NHS TRUST,76871,76716,-155,True
2024-08,2024-09,RXL,BLACKPOOL TEACHING HOSPITALS NHS FOUNDATION TRUST,33743,33549,-194,True
2024-08,2024-09,RXN,LANCASHIRE TEACHING HOSPITALS NHS FOUNDATION TRUST,58589,57829,-760,True
2024-08,2024-09,RXP,COUNTY DURHAM AND DARLINGTON NHS FOUNDATION TRUST,41908,40283,-1625,True
2024-08,2024-09,RXQ,BUCKINGHAMSHIRE HEALTHCARE NHS TRUST,47397,45269,-2128,True
2024-08,2024-09,RXR,EAST LANCASHIRE HOSPITALS NHS TRUST,69353,68132,-1221,True
2024-08,2024-09,RXW,THE SHREWSBURY AND TELFORD HOSPITAL NHS TRUST,50364,47529,-2835,True
2024-08,2024-09,RY6,LEEDS COMMUNITY HEALTHCARE NHS TRUST,278,233,-45,True
2024-08,2024-09,RYJ,IMPERIAL COLLEGE HEALTHCARE NHS TRUST,95603,96244,641,True
2024-08,2024-09,RYR,UNIVERSITY HOSPITALS SUSSEX NHS FOUNDATION TRUST,130220,123861,-6359,True
2024-08,2024-09,RYW,BIRMINGHAM COMMUNITY HEALTHCARE NHS FOUNDATION TRUST,15622,16267,645,True
2024-08,2024-09,RYY,KENT COMMUNITY HEALTH NHS FOUNDATION TRUST,2215,2152,-63,True
2024-08,2024-09,S1Z4X,NEWMEDICA - BIRMINGHAM,567,556,-11,True
2024-08,2024-09,S3H9L,THE HAMPTONS HOSPITAL LTD,0,922,922,False
2024-08,2024-09,T4I8V,SPAMEDICA CHESTERFIELD,45,43,-2,True
2024-08,2024-09,T8R5I,SPAMEDICA WOKINGHAM,221,142,-79,True
2024-08,2024-09,T8V3L,SPAMEDICA DONCASTER,111,76,-35,True
2024-08,2024-09,TAD,BRADFORD DISTRICT CARE NHS FOUNDATION TRUST,437,585,148,True
2024-08,2024-09,V4U1Y,SPAMEDICA CHESTER,87,85,-2,True
2024-08,2024-09,V5F1D,SPAMEDICA TELFORD,205,90,-115,True
2024-08,2024-09,V8N5R,SPAMEDICA DALSTON,200,223,23,True
2024-08,2024-09,Y8L9S,SPAMEDICA BROMLEY,265,301,36,True
2024-08,2024-09,Z2L9B,NEWMEDICA - MANCHESTER WEST,0,97,97,False
2024-08,2024-09,Z5J5V,SPAMEDICA HAYDOCK,161,153,-8,True
2024-08,2024-09,Z9Z1G,SPAMEDICA GATESHEAD,127,117,-10,True
2024-09,2024-10,A0C5S,SPAMEDICA GLOUCESTER,78,97,19,True
2024-09,2024-10,A1U4J,SPAMEDICA PORTSMOUTH,22,32,10,True
2024-09,2024-10,A4M8P,BUCKSHAW HOSPITAL,3266,3318,52,True
2024-09,2024-10,A4Q9X,NEWMEDICA LEICESTER,177,188,11,True
2024-09,2024-10,AAH,TETBURY HOSPITAL TRUST LTD,312,389,77,True
2024-09,2024-10,AAV,COMMUNITY HEALTH AND EYECARE LIMITED,3908,4831,923,True
2024-09,2024-10,ACG08,NEWMEDICA OPHTHALMOLOGY - NUNEATON - CAMP HILL - GP LED HEALTH CENTRE,16,19,3,True
2024-09,2024-10,ACG12,NEWMEDICA COMMUNITY OPHTHALMOLOGY - NORTH EAST LINCOLNSHIRE - GRIMSBY,247,495,248,True
2024-09,2024-10,ACG13,NEWMEDICA - GLOUCESTER (ASPEN MEDICAL CENTRE),116,132,16,True
2024-09,2024-10,ACG19,NEWMEDICA COMMUNITY OPHTHALMOLOGY - LEEDS,678,741,63,True
2024-09,2024-10,ACG20,NEWMEDICA - BRISTOL - LITFIELD HOUSE,135,149,14,True
2024-09,2024-10,ACG22,NEWMEDICA - BRIGG - RIVERSIDE SURGERY,293,445,152,True
2024-09,2024-10,ACG24,NEWMEDICA - TEESSIDE - NORTH ORMESBY,774,842,68,True
2024-09,2024-10,ACG26,NEWMEDICA - NORTH DERBYSHIRE - MIDLAND COURT,916,811,-105,True
2024-09,2024-10,ACG30,NEWMEDICA - WORKSOP - DUKERIES,117,134,17,True
2024-09,2024-10,ACG31,NEWMEDICA - WORCESTER,597,471,-126,True
2024-09,2024-10,ACG36,NEWMEDICA - EXETER - GLEN HOUSE,341,333,-8,True
2024-09,2024-10,ACG37,NEWMEDICA - IPSWICH,835,805,-30,True
2024-09,2024-10,ACG38,NEWMEDICA - LANGFORD,200,242,42,True
2024-09,2024-10,ACG39,NEWMEDICA - SWINDON,176,167,-9,True
2024-09,2024-10,ACG40,NEWMEDICA - WAKEFIELD,410,368,-42,True
2024-09,2024-10,ACM,EYE CARE MEDICAL LTD,7,4,-3,True
2024-09,2024-10,ADN,PRIMARY INTEGRATED COMMUNITY SERVICES LTD,2475,2724,249,True
2024-09,2024-10,ADP02,KIMS HOSPITAL (NEWNHAM COURT),1563,1508,-55,True
2024-09,2024-10,AHP,ST MICHAEL'S CLINIC LIMITED,2088,2266,178,True
2024-09,2024-10,AJ8,THE GRANGE MEDICAL CENTRE HQ,109,106,-3,True
2024-09,2024-10,AJX,SUSSEX MSK PARTNERSHIP 2,7645,8008,363,True
2024-09,2024-10,AQK,VERNOVA HEALTHCARE COMMUNITY INTEREST COMPANY,130,145,15,True
2024-09,2024-10,AY1,MEDEFER,4635,4696,61,True
2024-09,2024-10,B1A5K,NEWMEDICA - NOTTINGHAM,576,563,-13,True
2024-09,2024-10,B3M1X,CLAREMONT PRIVATE HOSPITAL,1522,1582,60,True
2024-09,2024-10,B4N1U,SPAMEDICA ROMFORD,283,343,60,True
2024-09,2024-10,B5M7B,NEWMEDICA - NORWICH,537,577,40,True
2024-09,2024-10,B9J4U,SPAMEDICA PETERBOROUGH,113,144,31,True
2024-09,2024-10,B9M3W,SPAMEDICA SOUTHAMPTON,202,203,1,True
2024-09,2024-10,C3Y0A,SPAMEDICA BLACKPOOL,72,76,4,True
2024-09,2024-10,D3O0Z,PLYMOUTH NEWMEDICA LTD,397,406,9,True
2024-09,2024-10,D5P5H,SPAMEDICA BEXHILL,154,128,-26,True
2024-09,2024-10,DFQ,NORWICH & NORFOLK SURGICAL LTD (N2S),828,787,-41,True
2024-09,2024-10,DFY01,COTSWOLDS SURGICAL PARTNERS,196,198,2,True
2024-09,2024-10,DJH01,THE ROYAL BUCKINGHAMSHIRE HOSPITAL LTD,30,28,-2,True
2024-09,2024-10,DTT,PHOENIX PUBLIC HEALTH LTD,352,389,37,True
2024-09,2024-10,DX1,THE NEW FOSCOTE HOSPITAL LTD,359,408,49,True
2024-09,2024-10,DXV,OMNES HEALTHCARE LTD,9015,8729,-286,True
2024-09,2024-10,E1U4T,SPAMEDICA CARLISLE,147,163,16,True
2024-09,2024-10,E3D4A,SPAMEDICA TRURO,103,148,45,True
2024-09,2024-10,F0R0W,NEWMEDICA - DARLINGTON,27,24,-3,True
2024-09,2024-10,F9Z4V,CIRCLE READING HOSPITAL,1551,1514,-37,True
2024-09,2024-10,G3O5P,SPAMEDICA NEWARK,190,147,-43,True
2024-09,2024-10,G3Q3Z,NUFFIELD HEALTH HIGHGATE HOSPITAL,945,933,-12,True
2024-09,2024-10,G3Z1Q,SULIS HOSPITAL BATH (FOXCOTE AVENUE),3053,3191,138,True
2024-09,2024-10,G5X2Q,SPAMEDICA NORTH TYNESIDE,114,124,10,True
2024-09,2024-10,G6S7A,SPAMEDICA TAUNTON,99,140,41,True
2024-09,2024-10,GEC01,RAPID INVESTIGATION SERVICE,200,153,-47,True
2024-09,2024-10,H1T2P,SPAMEDICA SWINDON,0,15,15,False
2024-09,2024-10,H4I8B,NUFFIELD HEALTH THE HOLLY HOSPITAL,3100,3082,-18,True
2024-09,2024-10,H4J9P,NEWMEDICA AZTEC WEST,316,393,77,True
2024-09,2024-10,I1H7K,SPAMEDICA SALE,0,6,6,False
2024-09,2024-10,I2C7H,SPAMEDICA BRADFORD,200,201,1,True
2024-09,2024-10,I9A4A,SPAMEDICA BRIGHTON,186,198,12,True
2024-09,2024-10,J2H6H,SPAMEDICA COLCHESTER,161,155,-6,True
2024-09,2024-10,J3J8Z,NEWMEDICA - OXFORDSHIRE,420,311,-109,True
2024-09,2024-10,J3X4C,SPAMEDICA WORCESTER,100,106,6,True
2024-09,2024-10,J7V1N,SPAMEDICA SOLIHULL,135,134,-1,True
2024-09,2024-10,K8I4X,GLENDON WOOD HOSPITAL,1808,1908,100,True
2024-09,2024-10,K9J3O,SPAMEDICA LUTON,101,47,-54,True
2024-09,2024-10,L0D9W,NEWMEDICA - GLOUCESTER (BRIGHOUSE COURT),940,953,13,True
2024-09,2024-10,L4R3R,NEWMEDICA - HAMPSHIRE,341,617,276,True
2024-09,2024-10,L6O7H,SPAMEDICA POOLE,362,305,-57,True
2024-09,2024-10,L9D3Z,SPAMEDICA LEICESTER,101,131,30,True
2024-09,2024-10,M0N7E,SPAMEDICA SITTINGBOURNE,176,160,-16,True
2024-09,2024-10,M3R0W,SPAMEDICA NORWICH,84,68,-16,True
2024-09,2024-10,M4C5R,NEWMEDICA - NORTHAMPTON,677,739,62,True
2024-09,2024-10,M5E1S,SPAMEDICA EXETER,239,236,-3,True
2024-09,2024-10,M7C9Q,SPAMEDICA EPSOM,229,195,-34,True
2024-09,2024-10,M9U8M,ENDOCARE DIAGNOSTICS LTD,49,83,34,True
2024-09,2024-10,N6Z0R,NEWMEDICA - LINCOLN,30,45,15,True
2024-09,2024-10,N8R1N,NEWMEDICA - BERKSHIRE,113,152,39,True
2024-09,2024-10,NAM01,PROBUS SURGICAL CENTRE,1148,1130,-18,True
2024-09,2024-10,NCN,DMC HEALTHCARE,2628,2766,138,True
2024-09,2024-10,NCR,ISIGHT,990,975,-15,True
2024-09,2024-10,NDJ,FIRST COMMUNITY HEALTH AND CARE CIC,780,695,-85,True
2024-09,2024-10,NDL01,SUFFOLK GP FEDERATION,67,7,-60,True
2024-09,2024-10,NEQ,PHOENIX HEALTH SOLUTIONS LIMITED HQ,804,925,121,True
2024-09,2024-10,NEY,PIONEER HEALTHCARE LIMITED,2276,2263,-13,True
2024-09,2024-10,NFH,SOMERSET SURGICAL SERVICES HQ,913,907,-6,True
2024-09,2024-10,NL3,CARE PLUS GROUP,213,189,-24,True
2024-09,2024-10,NL8,LOCALA COMMUNITY PARTNERSHIPS CIC,2372,2511,139,True
2024-09,2024-10,NLE01,LANCASTER HOUSE CONSULTING DIAGNOSTICS SURGICAL LTD HQ,534,531,-3,True
2024-09,2024-10,NLX,SIRONA CARE & HEALTH,5604,5901,297,True
2024-09,2024-10,NMG,CONNECT HEALTH LIMITED,13689,12474,-1215,True
2024-09,2024-10,NN4,TYNESIDE SURGICAL SERVICES LTD,1139,1136,-3,True
2024-09,2024-10,NN5,MANCHESTER SURGICAL SERVICES LTD,150,179,29,True
2024-09,2024-10,NN8,SPENCER PRIVATE HOSPITALS LTD,3154,3229,75,True
2024-09,2024-10,NNE,DORKING HEALTHCARE LIMITED (DHC),5625,5841,216,True
2024-09,2024-10,NPG01,SPAMEDICA MANCHESTER,152,147,-5,True
2024-09,2024-10,NPG02,SPAMEDICA WIRRAL,163,138,-25,True
2024-09,2024-10,NPG06,SPAMEDICA LIVERPOOL,179,166,-13,True
2024-09,2024-10,NPG07,SPAMEDICA EYE HOSPITAL (WAKEFIELD),148,160,12,True
2024-09,2024-10,NPG08,SPAMEDICA BOLTON,156,173,17,True
2024-09,2024-10,NPG10,SPAMEDICA SHEFFIELD,158,146,-12,True
2024-09,2024-10,NPG11,SPAMEDICA BIRMINGHAM,240,238,-2,True
2024-09,2024-10,NPG13,SPAMEDICA SKELMERSDALE,186,188,2,True
2024-09,2024-10,NPG14,SPAMEDICA WIDNES,85,76,-9,True
2024-09,2024-10,NPG15,SPAMEDICA NEWCASTLE-UNDER-LYME,160,150,-10,True
2024-09,2024-10,NPG16,SPAMEDICA CHELMSFORD,348,290,-58,True
2024-09,2024-10,NPG17,SPAMEDICA PRESTON,141,195,54,True
2024-09,2024-10,NPG18,SPAMEDICA HULL,173,169,-4,True
2024-09,2024-10,NPG19,SPAMEDICA BEDFORD,191,167,-24,True
2024-09,2024-10,NPG20,SPAMEDICA WOLVERHAMPTON,211,234,23,True
2024-09,2024-10,NPG21,SPAMEDICA COVENTRY,251,220,-31,True
2024-09,2024-10,NPG22,SPAMEDICA STOCKTON-ON-TEES,99,110,11,True
2024-09,2024-10,NPG23,SPAMEDICA DERBY,120,111,-9,True
2024-09,2024-10,NPR01,ABOUT HEALTH HQ,1850,1768,-82,True
2024-09,2024-10,NQH,NOVUS HEALTH LTD,893,933,40,True
2024-09,2024-10,NQM01,ORTHOPAEDICS & SPINE SPECIALIST HOSPITAL SITE,128,134,6,True
2024-09,2024-10,NQT5K,ST MARTINS HOSPITAL,995,933,-62,True
2024-09,2024-10,NQTH0,HCRG CARE EAST RIDING LLP,4246,4491,245,True
2024-09,2024-10,NQX01,PROVIDE WELLBEING @ TOLLGATE CLINIC,132,152,20,True
2024-09,2024-10,NR5,LIVEWELL SOUTHWEST,69,65,-4,True
2024-09,2024-10,NRL,HEART NETWORKS,0,556,556,False
2024-09,2024-10,NRP,BEACON MEDICAL SERVICES GROUP LIMITED,526,477,-49,True
2024-09,2024-10,NT202,"NUFFIELD HEALTH, BOURNEMOUTH HOSPITAL",369,441,72,True
2024-09,2024-10,NT204,"NUFFIELD HEALTH, BRENTWOOD HOSPITAL",1368,1356,-12,True
2024-09,2024-10,NT205,"NUFFIELD HEALTH, BRIGHTON HOSPITAL",499,575,76,True
2024-09,2024-10,NT206,"NUFFIELD HEALTH, BRISTOL HOSPITAL (CHESTERFIELD)",354,305,-49,True
2024-09,2024-10,NT209,"NUFFIELD HEALTH, CAMBRIDGE HOSPITAL",431,405,-26,True
2024-09,2024-10,NT210,"NUFFIELD HEALTH, THE GROSVENOR HOSPITAL, CHESTER",310,327,17,True
2024-09,2024-10,NT211,"NUFFIELD HEALTH, CHELTENHAM HOSPITAL",39,50,11,True
2024-09,2024-10,NT212,"NUFFIELD HEALTH, CHICHESTER HOSPITAL",848,953,105,True
2024-09,2024-10,NT213,"NUFFIELD HEALTH, DERBY HOSPITAL",1364,1324,-40,True
2024-09,2024-10,NT214,"NUFFIELD HEALTH, WESSEX HOSPITAL",561,545,-16,True
2024-09,2024-10,NT215,"NUFFIELD HEALTH, EXETER HOSPITAL",314,311,-3,True
2024-09,2024-10,NT216,"NUFFIELD HEALTH, GUILDFORD HOSPITAL",134,266,132,True
2024-09,2024-10,NT218,"NUFFIELD HEALTH, HAYWARDS HEATH HOSPITAL",50,51,1,True
2024-09,2024-10,NT219,"NUFFIELD HEALTH, HEREFORD HOSPITAL",188,201,13,True
2024-09,2024-10,NT224,"NUFFIELD HEALTH, WARWICKSHIRE HOSPITAL",217,243,26,True
2024-09,2024-10,NT225,"NUFFIELD HEALTH, LEEDS HOSPITAL",1549,1529,-20,True
2024-09,2024-10,NT226,"NUFFIELD HEALTH, LEICESTER HOSPITAL",416,495,79,True
2024-09,2024-10,NT229,"NUFFIELD HEALTH, NEWCASTLE UPON TYNE HOSPITAL",390,408,18,True
2024-09,2024-10,NT230,"NUFFIELD HEALTH, NORTH STAFFORDSHIRE HOSPITAL",1178,1228,50,True
2024-09,2024-10,NT233,"NUFFIELD HEALTH, PLYMOUTH HOSPITAL",1138,1165,27,True
2024-09,2024-10,NT235,"NUFFIELD HEALTH, SHREWSBURY HOSPITAL",199,195,-4,True
2024-09,2024-10,NT237,"NUFFIELD HEALTH, TEES HOSPITAL",1081,1164,83,True
2024-09,2024-10,NT238,"NUFFIELD HEALTH, TAUNTON HOSPITAL",282,293,11,True
2024-09,2024-10,NT239,"NUFFIELD HEALTH, TUNBRIDGE WELLS HOSPITAL",308,278,-30,True
2024-09,2024-10,NT241,"NUFFIELD HEALTH, WOKING HOSPITAL",488,533,45,True
2024-09,2024-10,NT242,"NUFFIELD HEALTH, WOLVERHAMPTON HOSPITAL",702,543,-159,True
2024-09,2024-10,NT245,"NUFFIELD HEALTH, YORK HOSPITAL",613,646,33,True
2024-09,2024-10,NT301,SPIRE SOUTH BANK HOSPITAL,850,896,46,True
2024-09,2024-10,NT302,SPIRE BRISTOL HOSPITAL,775,800,25,True
2024-09,2024-10,NT304,SPIRE SOUTHAMPTON HOSPITAL,506,528,22,True
2024-09,2024-10,NT305,SPIRE PORTSMOUTH HOSPITAL,360,365,5,True
2024-09,2024-10,NT308,SPIRE GATWICK PARK HOSPITAL,594,585,-9,True
2024-09,2024-10,NT30A,SPIRE NOTTINGHAM HOSPITAL,457,454,-3,True
2024-09,2024-10,NT310,SPIRE TUNBRIDGE WELLS HOSPITAL,467,0,-467,False
2024-09,2024-10,NT312,SPIRE ALEXANDRA HOSPITAL,1114,1227,113,True
2024-09,2024-10,NT313,SPIRE WELLESLEY HOSPITAL,1540,1301,-239,True
2024-09,2024-10,NT314,SPIRE LONDON EAST,2070,1809,-261,True
2024-09,2024-10,NT315,SPIRE BUSHEY HOSPITAL,482,552,70,True
2024-09,2024-10,NT316,SPIRE HARPENDEN HOSPITAL,507,489,-18,True
2024-09,2024-10,NT317,SPIRE CAMBRIDGE LEA HOSPITAL,267,220,-47,True
2024-09,2024-10,NT318,SPIRE NORWICH HOSPITAL,249,247,-2,True
2024-09,2024-10,NT319,SPIRE HARTSWOOD HOSPITAL,1589,1427,-162,True
2024-09,2024-10,NT320,SPIRE PARKWAY HOSPITAL,1366,1416,50,True
2024-09,2024-10,NT321,SPIRE LITTLE ASTON HOSPITAL,1385,1403,18,True
2024-09,2024-10,NT322,SPIRE LEICESTER HOSPITAL,762,798,36,True
2024-09,2024-10,NT324,SPIRE CHESHIRE HOSPITAL,1209,1216,7,True
2024-09,2024-10,NT325,SPIRE MURRAYFIELD HOSPITAL,656,621,-35,True
2024-09,2024-10,NT327,SPIRE MANCHESTER HOSPITAL,637,640,3,True
2024-09,2024-10,NT332,SPIRE LEEDS HOSPITAL,1042,981,-61,True
2024-09,2024-10,NT333,SPIRE WASHINGTON HOSPITAL,1168,1297,129,True
2024-09,2024-10,NT337,SPIRE LIVERPOOL HOSPITAL,3370,3457,87,True
2024-09,2024-10,NT339,SPIRE REGENCY HOSPITAL,1276,970,-306,True
2024-09,2024-10,NT343,SPIRE THAMES VALLEY HOSPITAL,411,450,39,True
2024-09,2024-10,NT344,SPIRE DUNEDIN HOSPITAL,482,429,-53,True
2024-09,2024-10,NT345,SPIRE CLARE PARK HOSPITAL,267,273,6,True
2024-09,2024-10,NT347,SPIRE FYLDE COAST HOSPITAL,2696,2569,-127,True
2024-09,2024-10,NT348,SPIRE ELLAND HOSPITAL,1155,1077,-78,True
2024-09,2024-10,NT350,SPIRE METHLEY PARK HOSPITAL,1306,1274,-32,True
2024-09,2024-10,NT351,SPIRE HULL AND EAST RIDING HOSPITAL,3020,3417,397,True
2024-09,2024-10,NT364,SPIRE MONTEFIORE HOSPITAL,704,675,-29,True
2024-09,2024-10,NT3X3,SPIRE ST ANTHONY'S HOSPITAL,1058,1176,118,True
2024-09,2024-10,NT401,ALEXANDRA HOSPITAL,719,726,7,True
2024-09,2024-10,NT402,BATH CLINIC,529,555,26,True
2024-09,2024-10,NT403,BEARDWOOD HOSPITAL,2554,2623,69,True
2024-09,2024-10,NT404,BEAUMONT HOSPITAL,2629,2647,18,True
2024-09,2024-10,NT405,BISHOPS WOOD HOSPITAL,598,649,51,True
2024-09,2024-10,NT406,BLACKHEATH HOSPITAL,1222,1130,-92,True
2024-09,2024-10,NT408,CHAUCER HOSPITAL,859,818,-41,True
2024-09,2024-10,NT409,CHELSFIELD PARK HOSPITAL,594,586,-8,True
2024-09,2024-10,NT410,CHILTERN HOSPITAL,396,463,67,True
2024-09,2024-10,NT411,CLEMENTINE CHURCHILL HOSPITAL,2167,2042,-125,True
2024-09,2024-10,NT412,DROITWICH SPA HOSPITAL,1774,2061,287,True
2024-09,2024-10,NT416,HENDON HOSPITAL,1010,934,-76,True
2024-09,2024-10,NT417,GORING HALL HOSPITAL,1522,1500,-22,True
2024-09,2024-10,NT418,HAMPSHIRE CLINIC,416,386,-30,True
2024-09,2024-10,NT419,HARBOUR HOSPITAL,149,162,13,True
2024-09,2024-10,NT420,HIGHFIELD HOSPITAL,752,822,70,True
2024-09,2024-10,NT421,KINGS OAK HOSPITAL,1178,1142,-36,True
2024-09,2024-10,NT422,LONDON INDEPENDENT HOSPITAL,4945,4625,-320,True
2024-09,2024-10,NT423,MANOR HOSPITAL,797,812,15,True
2024-09,2024-10,NT424,MERIDEN HOSPITAL,1580,1566,-14,True
2024-09,2024-10,NT427,PARK HOSPITAL,1089,1096,7,True
2024-09,2024-10,NT428,PRINCESS MARGARET HOSPITAL,123,129,6,True
2024-09,2024-10,NT429,PRIORY HOSPITAL,1094,939,-155,True
2024-09,2024-10,NT430,RIDGEWAY HOSPITAL,366,348,-18,True
2024-09,2024-10,NT431,RUNNYMEDE HOSPITAL,150,142,-8,True
2024-09,2024-10,NT433,SARUM ROAD HOSPITAL,372,368,-4,True
2024-09,2024-10,NT434,SAXON CLINIC,620,624,4,True
2024-09,2024-10,NT435,SHELBURNE HOSPITAL,185,195,10,True
2024-09,2024-10,NT436,SHIRLEY OAKS HOSPITAL,1071,1037,-34,True
2024-09,2024-10,NT437,SLOANE HOSPITAL,762,760,-2,True
2024-09,2024-10,NT440,THORNBURY HOSPITAL,535,583,48,True
2024-09,2024-10,NT441,THREE SHIRES HOSPITAL,3380,3300,-80,True
2024-09,2024-10,NT443,WINTERBOURNE HOSPITAL,335,322,-13,True
2024-09,2024-10,NT445,EDGBASTON HOSPITAL,1,1,0,True
2024-09,2024-10,NT446,ST EDMUNDS HOSPITAL,604,642,38,True
2024-09,2024-10,NT447,DUCHY HOSPITAL,547,528,-19,True
2024-09,2024-10,NT448,THE HUDDERSFIELD PRIVATE HOSPITAL,880,864,-16,True
2024-09,2024-10,NT449,THE LANCASTER PRIVATE HOSPITAL,475,451,-24,True
2024-09,2024-10,NT450,THE LINCOLN PRIVATE HOSPITAL,1541,1461,-80,True
2024-09,2024-10,NT451,CAVELL HOSPITAL,1460,1476,16,True
2024-09,2024-10,NT455,MOUNT ALVERNIA HOSPITAL,152,179,27,True
2024-09,2024-10,NT457,WOODLANDS HOSPITAL,2027,2052,25,True
2024-09,2024-10,NT490,SOUTHEND PRIVATE HOSPITAL,1107,873,-234,True
2024-09,2024-10,NTE02,ST HUGH'S HOSPITAL,1994,2342,348,True
2024-09,2024-10,NTP11,PRACTICE PLUS GROUP HOSPITAL - SOUTHAMPTON,10437,10169,-268,True
2024-09,2024-10,NTP13,PRACTICE PLUS GROUP HOSPITAL - BARLBOROUGH,1924,2007,83,True
2024-09,2024-10,NTP15,PRACTICE PLUS GROUP HOSPITAL - ILFORD,5060,5067,7,True
2024-09,2024-10,NTP16,PRACTICE PLUS GROUP SURGICAL CENTRE - GILLINGHAM,1254,1274,20,True
2024-09,2024-10,NTPAD,PRACTICE PLUS GROUP SURGICAL CENTRE - ST MARYS PORTSMOUTH,2169,2099,-70,True
2024-09,2024-10,NTPAE,PRACTICE PLUS GROUP OPHTHALMOLOGY - NORTH WEST,1033,869,-164,True
2024-09,2024-10,NTPH1,PRACTICE PLUS GROUP HOSPITAL - SHEPTON MALLET,2621,2788,167,True
2024-09,2024-10,NTPH2,PRACTICE PLUS GROUP HOSPITAL - EMERSONS GREEN,3656,3989,333,True
2024-09,2024-10,NTPH3,PRACTICE PLUS GROUP SURGICAL CENTRE - DEVIZES,2131,2054,-77,True
2024-09,2024-10,NTPH5,PRACTICE PLUS GROUP HOSPITAL - PLYMOUTH,1974,1942,-32,True
2024-09,2024-10,NTX,THE ONE HEALTH GROUP PLC,3693,3925,232,True
2024-09,2024-10,NV1,INHEALTH LIMITED,1851,1919,68,True
2024-09,2024-10,NVC01,ASHTEAD HOSPITAL,731,769,38,True
2024-09,2024-10,NVC02,THE BERKSHIRE INDEPENDENT HOSPITAL,1217,1155,-62,True
2024-09,2024-10,NVC04,DUCHY HOSPITAL,1510,1596,86,True
2024-09,2024-10,NVC05,EUXTON HALL HOSPITAL,2953,3238,285,True
2024-09,2024-10,NVC06,FITZWILLIAM HOSPITAL,7254,7143,-111,True
2024-09,2024-10,NVC07,FULWOOD HALL HOSPITAL,6153,6308,155,True
2024-09,2024-10,NVC08,MOUNT STUART HOSPITAL,1921,1993,72,True
2024-09,2024-10,NVC09,NEW HALL HOSPITAL,3625,3779,154,True
2024-09,2024-10,NVC0I,BEACON PARK HOSPITAL,1429,1074,-355,True
2024-09,2024-10,NVC0R,TEES VALLEY HOSPITAL,3771,3884,113,True
2024-09,2024-10,NVC0Y,EXETER MEDICAL,257,237,-20,True
2024-09,2024-10,NVC11,NORTH DOWNS HOSPITAL,1861,1841,-20,True
2024-09,2024-10,NVC12,OAKLANDS HOSPITAL,5645,5136,-509,True
2024-09,2024-10,NVC13,OAKS HOSPITAL,880,805,-75,True
2024-09,2024-10,NVC14,PARK HILL HOSPITAL,887,886,-1,True
2024-09,2024-10,NVC15,PINEHILL HOSPITAL,1647,1714,67,True
2024-09,2024-10,NVC16,RENACRES HOSPITAL,4189,4272,83,True
2024-09,2024-10,NVC17,ROWLEY HALL HOSPITAL,2779,2972,193,True
2024-09,2024-10,NVC18,SPRINGFIELD HOSPITAL,5097,4812,-285,True
2024-09,2024-10,NVC19,RIVERS HOSPITAL,4180,4051,-129,True
2024-09,2024-10,NVC1H,STOURSIDE HOSPITAL,3483,3422,-61,True
2024-09,2024-10,NVC20,THE YORKSHIRE CLINIC,8629,8728,99,True
2024-09,2024-10,NVC21,WEST MIDLANDS HOSPITAL,1074,1118,44,True
2024-09,2024-10,NVC22,WINFIELD HOSPITAL,1166,1350,184,True
2024-09,2024-10,NVC23,WOODLAND HOSPITAL,4975,4983,8,True
2024-09,2024-10,NVC25,THE CHERWELL HOSPITAL,2319,2449,130,True
2024-09,2024-10,NVC27,BOSTON WEST HOSPITAL,1973,1949,-24,True
2024-09,2024-10,NVC28,CLIFTON PARK HOSPITAL,1864,1836,-28,True
2024-09,2024-10,NVC29,COBALT HOSPITAL,1910,2084,174,True
2024-09,2024-10,NVC31,BLAKELANDS HOSPITAL,1774,1830,56,True
2024-09,2024-10,NVC40,WOODTHORPE HOSPITAL,4883,5015,132,True
2024-09,2024-10,NVC44,THE WESTBOURNE CENTRE,2889,2885,-4,True
2024-09,2024-10,NVG01,FAIRFIELD HOSPITAL,2095,2142,47,True
2024-09,2024-10,NVL,DMC DERMATOLOGY,145,182,37,True
2024-09,2024-10,NVM,EPSOMEDICAL GROUP,2835,2762,-73,True
2024-09,2024-10,NWF01,BENENDEN HOSPITAL,1350,1442,92,True
2024-09,2024-10,NWV01,GP CARE UK,425,565,140,True
2024-09,2024-10,NWX,HERE,13910,12684,-1226,True
2024-09,2024-10,NXM01,THE HORDER CENTRE - ST JOHNS ROAD,305,329,24,True
2024-09,2024-10,NXP,INDEPENDENT HEALTH GROUP,1139,1139,0,True
2024-09,2024-10,NYG,SUSSEX COMMUNITY DERMATOLOGY SERVICE,15508,14346,-1162,True
2024-09,2024-10,NYR,HEALTHSHARE DIAGNOSTICS,980,2571,1591,True
2024-09,2024-10,NYW17,ASPEN HEALTHCARE - MIDLAND EYE,616,787,171,True
2024-09,2024-10,O1P6X,SPAMEDICA OLDHAM,173,232,59,True
2024-09,2024-10,O5Y9D,SPAMEDICA OXFORD,107,94,-13,True
2024-09,2024-10,P0C3F,SPAMEDICA LEEDS,98,152,54,True
2024-09,2024-10,P1B7M,SPAMEDICA BRISTOL,73,68,-5,True
2024-09,2024-10,P5Y6K,NEWMEDICA - SHREWSBURY,217,170,-47,True
2024-09,2024-10,Q1S8W,NEWMEDICA - BURY ST EDMUNDS,74,91,17,True
2024-09,2024-10,Q1W6P,SPAMEDICA WATFORD,187,215,28,True
2024-09,2024-10,R0A,MANCHESTER UNIVERSITY NHS FOUNDATION TRUST,194481,196986,2505,True
2024-09,2024-10,R0B,SOUTH TYNESIDE AND SUNDERLAND NHS FOUNDATION TRUST,61098,60828,-270,True
2024-09,2024-10,R0D,UNIVERSITY HOSPITALS DORSET NHS FOUNDATION TRUST,68004,67962,-42,True
2024-09,2024-10,R0F4N,NUFFIELD HEALTH PARKSIDE HOSPITAL,985,1005,20,True
2024-09,2024-10,R1A,HEREFORDSHIRE AND WORCESTERSHIRE HEALTH AND CARE NHS TRUST,49,44,-5,True
2024-09,2024-10,R1D,SHROPSHIRE COMMUNITY HEALTH NHS TRUST,13303,12443,-860,True
2024-09,2024-10,R1F,ISLE OF WIGHT NHS TRUST,15117,14762,-355,True
2024-09,2024-10,R1G7E,SPAMEDICA KENDAL,162,161,-1,True
2024-09,2024-10,R1H,BARTS HEALTH NHS TRUST,126675,127044,369,True
2024-09,2024-10,R1K,LONDON NORTH WEST UNIVERSITY HEALTHCARE NHS TRUST,101388,94952,-6436,True
2024-09,2024-10,R1L,ESSEX PARTNERSHIP UNIVERSITY NHS FOUNDATION TRUST,871,973,102,True
2024-09,2024-10,R3I5E,NEWMEDICA -TELFORD,6,2,-4,True
2024-09,2024-10,R7W2O,NEWCASTLE NEWMEDICA LTD,314,184,-130,True
2024-09,2024-10,RA2,ROYAL SURREY COUNTY HOSPITAL NHS FOUNDATION TRUST,37919,37955,36,True
2024-09,2024-10,RA7,UNIVERSITY HOSPITALS BRISTOL AND WESTON NHS FOUNDATION TRUST,56670,55248,-1422,True
2024-09,2024-10,RA9,TORBAY AND SOUTH DEVON NHS FOUNDATION TRUST,34102,33889,-213,True
2024-09,2024-10,RAE,BRADFORD TEACHING HOSPITALS NHS FOUNDATION TRUST,35148,34887,-261,True
2024-09,2024-10,RAJ,MID AND SOUTH ESSEX NHS FOUNDATION TRUST,166315,164041,-2274,True
2024-09,2024-10,RAL,ROYAL FREE LONDON NHS FOUNDATION TRUST,111241,111910,669,True
2024-09,2024-10,RAN,ROYAL NATIONAL ORTHOPAEDIC HOSPITAL NHS TRUST,8231,8300,69,True
2024-09,2024-10,RAP,NORTH MIDDLESEX UNIVERSITY HOSPITAL NHS TRUST,25203,27247,2044,True
2024-09,2024-10,RAS,THE HILLINGDON HOSPITALS NHS FOUNDATION TRUST,28594,27652,-942,True
2024-09,2024-10,RAX,KINGSTON HOSPITAL NHS FOUNDATION TRUST,36242,39815,3573,True
2024-09,2024-10,RBD,DORSET COUNTY HOSPITAL NHS FOUNDATION TRUST,21952,21950,-2,True
2024-09,2024-10,RBK,WALSALL HEALTHCARE NHS TRUST,29976,29763,-213,True
2024-09,2024-10,RBL,WIRRAL UNIVERSITY TEACHING HOSPITAL NHS FOUNDATION TRUST,47469,47262,-207,True
2024-09,2024-10,RBN,MERSEY AND WEST LANCASHIRE TEACHING HOSPITALS NHS TRUST,81020,81555,535,True
2024-09,2024-10,RBQ,LIVERPOOL HEART AND CHEST HOSPITAL NHS FOUNDATION TRUST,5472,5701,229,True
2024-09,2024-10,RBS,ALDER HEY CHILDREN'S NHS FOUNDATION TRUST,23256,22979,-277,True
2024-09,2024-10,RBT,MID CHESHIRE HOSPITALS NHS FOUNDATION TRUST,39688,39748,60,True
2024-09,2024-10,RBV,THE CHRISTIE NHS FOUNDATION TRUST,2558,2624,66,True
2024-09,2024-10,RC9,BEDFORDSHIRE HOSPITALS NHS FOUNDATION TRUST,100092,98303,-1789,True
2024-09,2024-10,RCB,YORK AND SCARBOROUGH TEACHING HOSPITALS NHS FOUNDATION TRUST,45019,44046,-973,True
2024-09,2024-10,RCD,HARROGATE AND DISTRICT NHS FOUNDATION TRUST,23069,23115,46,True
2024-09,2024-10,RCF,AIREDALE NHS FOUNDATION TRUST,14478,14298,-180,True
2024-09,2024-10,RCU,SHEFFIELD CHILDREN'S NHS FOUNDATION TRUST,12473,12134,-339,True
2024-09,2024-10,RCX,"THE QUEEN ELIZABETH HOSPITAL, KING'S LYNN, NHS FOUNDATION TRUST",26486,26139,-347,True
2024-09,2024-10,RD1,ROYAL UNITED HOSPITALS BATH NHS FOUNDATION TRUST,37956,39169,1213,True
2024-09,2024-10,RD8,MILTON KEYNES UNIVERSITY HOSPITAL NHS FOUNDATION TRUST,37194,36144,-1050,True
2024-09,2024-10,RDE,EAST SUFFOLK AND NORTH ESSEX NHS FOUNDATION TRUST,91213,92593,1380,True
2024-09,2024-10,RDR,SUSSEX COMMUNITY NHS FOUNDATION TRUST,5664,5413,-251,True
2024-09,2024-10,RDU,FRIMLEY HEALTH NHS FOUNDATION TRUST,85657,85092,-565,True
2024-09,2024-10,REF,ROYAL CORNWALL HOSPITALS NHS TRUST,42699,42673,-26,True
2024-09,2024-10,REM,LIVERPOOL UNIVERSITY HOSPITALS NHS FOUNDATION TRUST,73794,70379,-3415,True
2024-09,2024-10,REN,THE CLATTERBRIDGE CANCER CENTRE NHS FOUNDATION TRUST,1267,845,-422,True
2024-09,2024-10,REP,LIVERPOOL WOMEN'S NHS FOUNDATION TRUST,16341,16091,-250,True
2024-09,2024-10,RET,THE WALTON CENTRE NHS FOUNDATION TRUST,16697,16419,-278,True
2024-09,2024-10,RF4,"BARKING, HAVERING AND REDBRIDGE UNIVERSITY HOSPITALS NHS TRUST",62018,60490,-1528,True
2024-09,2024-10,RFF,BARNSLEY HOSPITAL NHS FOUNDATION TRUST,21928,21931,3,True
2024-09,2024-10,RFR,THE ROTHERHAM NHS FOUNDATION TRUST,32918,32094,-824,True
2024-09,2024-10,RFS,CHESTERFIELD ROYAL HOSPITAL NHS FOUNDATION TRUST,28956,28546,-410,True
2024-09,2024-10,RGM,ROYAL PAPWORTH HOSPITAL NHS FOUNDATION TRUST,7315,7411,96,True
2024-09,2024-10,RGN,NORTH WEST ANGLIA NHS FOUNDATION TRUST,78781,78196,-585,True
2024-09,2024-10,RGP,JAMES PAGET UNIVERSITY HOSPITALS NHS FOUNDATION TRUST,31928,31969,41,True
2024-09,2024-10,RGR,WEST SUFFOLK NHS FOUNDATION TRUST,33863,33971,108,True
2024-09,2024-10,RGT,CAMBRIDGE UNIVERSITY HOSPITALS NHS FOUNDATION TRUST,64704,65218,514,True
2024-09,2024-10,RH5,SOMERSET NHS FOUNDATION TRUST,58079,58693,614,True
2024-09,2024-10,RH8,ROYAL DEVON UNIVERSITY HEALTHCARE NHS FOUNDATION TRUST,72319,71643,-676,True
2024-09,2024-10,RHM,UNIVERSITY HOSPITAL SOUTHAMPTON NHS FOUNDATION TRUST,59647,60869,1222,True
2024-09,2024-10,RHQ,SHEFFIELD TEACHING HOSPITALS NHS FOUNDATION TRUST,96755,96769,14,True
2024-09,2024-10,RHU,PORTSMOUTH HOSPITALS UNIVERSITY NATIONAL HEALTH SERVICE TRUST,62943,62236,-707,True
2024-09,2024-10,RHW,ROYAL BERKSHIRE NHS FOUNDATION TRUST,34392,33678,-714,True
2024-09,2024-10,RJ1,GUY'S AND ST THOMAS' NHS FOUNDATION TRUST,135968,131354,-4614,True
2024-09,2024-10,RJ2,LEWISHAM AND GREENWICH NHS TRUST,68854,69328,474,True
2024-09,2024-10,RJ6,CROYDON HEALTH SERVICES NHS TRUST,35338,34483,-855,True
2024-09,2024-10,RJ7,ST GEORGE'S UNIVERSITY HOSPITALS NHS FOUNDATION TRUST,66547,67463,916,True
2024-09,2024-10,RJ8,CORNWALL PARTNERSHIP NHS FOUNDATION TRUST,829,768,-61,True
2024-09,2024-10,RJC,SOUTH WARWICKSHIRE UNIVERSITY NHS FOUNDATION TRUST,33040,33122,82,True
2024-09,2024-10,RJE,UNIVERSITY HOSPITALS OF NORTH MIDLANDS NHS TRUST,74510,74667,157,True
2024-09,2024-10,RJL,NORTHERN LINCOLNSHIRE AND GOOLE NHS FOUNDATION TRUST,42857,44817,1960,True
2024-09,2024-10,RJN,EAST CHESHIRE NHS TRUST,12444,12406,-38,True
2024-09,2024-10,RJR,COUNTESS OF CHESTER HOSPITAL NHS FOUNDATION TRUST,33204,34355,1151,True
2024-09,2024-10,RJZ,KING'S COLLEGE HOSPITAL NHS FOUNDATION TRUST,95489,92126,-3363,True
2024-09,2024-10,RK5,SHERWOOD FOREST HOSPITALS NHS FOUNDATION TRUST,35505,35438,-67,True
2024-09,2024-10,RK9,UNIVERSITY HOSPITALS PLYMOUTH NHS TRUST,49322,49465,143,True
2024-09,2024-10,RKB,UNIVERSITY HOSPITALS COVENTRY AND WARWICKSHIRE NHS TRUST,81485,83590,2105,True
2024-09,2024-10,RKE,WHITTINGTON HEALTH NHS TRUST,21067,23598,2531,True
2024-09,2024-10,RL1,THE ROBERT JONES AND AGNES HUNT ORTHOPAEDIC HOSPITAL NHS FOUNDATION TRUST,16408,16749,341,True
2024-09,2024-10,RL4,THE ROYAL WOLVERHAMPTON NHS TRUST,88842,89370,528,True
2024-09,2024-10,RLQ,WYE VALLEY NHS TRUST,24383,24416,33,True
2024-09,2024-10,RLT,GEORGE ELIOT HOSPITAL NHS TRUST,17046,17751,705,True
2024-09,2024-10,RM1,NORFOLK AND NORWICH UNIVERSITY HOSPITALS NHS FOUNDATION TRUST,84936,84064,-872,True
2024-09,2024-10,RM3,NORTHERN CARE ALLIANCE NHS FOUNDATION TRUST,142609,143367,758,True
2024-09,2024-10,RMC,BOLTON NHS FOUNDATION TRUST,43332,42838,-494,True
2024-09,2024-10,RMP,TAMESIDE AND GLOSSOP INTEGRATED CARE NHS FOUNDATION TRUST,19764,19953,189,True
2024-09,2024-10,RN3,GREAT WESTERN HOSPITALS NHS FOUNDATION TRUST,43122,41673,-1449,True
2024-09,2024-10,RN5,HAMPSHIRE HOSPITALS NHS FOUNDATION TRUST,51971,52432,461,True
2024-09,2024-10,RN7,DARTFORD AND GRAVESHAM NHS TRUST,31263,30931,-332,True
2024-09,2024-10,RNA,THE DUDLEY GROUP NHS FOUNDATION TRUST,49388,48325,-1063,True
2024-09,2024-10,RNN,NORTH CUMBRIA INTEGRATED CARE NHS FOUNDATION TRUST,38062,38096,34,True
2024-09,2024-10,RNQ,KETTERING GENERAL HOSPITAL NHS FOUNDATION TRUST,27692,25801,-1891,True
2024-09,2024-10,RNS,NORTHAMPTON GENERAL HOSPITAL NHS TRUST,40993,41310,317,True
2024-09,2024-10,RNZ,SALISBURY NHS FOUNDATION TRUST,28501,28308,-193,True
2024-09,2024-10,RP4,GREAT ORMOND STREET HOSPITAL FOR CHILDREN NHS FOUNDATION TRUST,8131,8052,-79,True
2024-09,2024-10,RP5,DONCASTER AND BASSETLAW TEACHING HOSPITALS NHS FOUNDATION TRUST,56475,56498,23,True
2024-09,2024-10,RP6,MOORFIELDS EYE HOSPITAL NHS FOUNDATION TRUST,34932,33872,-1060,True
2024-09,2024-10,RP7,LINCOLNSHIRE PARTNERSHIP NHS FOUNDATION TRUST,58,39,-19,True
2024-09,2024-10,RPA,MEDWAY NHS FOUNDATION TRUST,42498,42134,-364,True
2024-09,2024-10,RPC,QUEEN VICTORIA HOSPITAL NHS FOUNDATION TRUST,18895,19135,240,True
2024-09,2024-10,RPG,OXLEAS NHS FOUNDATION TRUST,2031,2144,113,True
2024-09,2024-10,RPY,THE ROYAL MARSDEN NHS FOUNDATION TRUST,2066,1957,-109,True
2024-09,2024-10,RQ3,BIRMINGHAM WOMEN'S AND CHILDREN'S NHS FOUNDATION TRUST,26221,25636,-585,True
2024-09,2024-10,RQM,CHELSEA AND WESTMINSTER HOSPITAL NHS FOUNDATION TRUST,60840,61475,635,True
2024-09,2024-10,RQW,THE PRINCESS ALEXANDRA HOSPITAL NHS TRUST,35131,34188,-943,True
2024-09,2024-10,RQX,HOMERTON HEALTHCARE NHS FOUNDATION TRUST,34907,35703,796,True
2024-09,2024-10,RR7,GATESHEAD HEALTH NHS FOUNDATION TRUST,12083,12101,18,True
2024-09,2024-10,RR8,LEEDS TEACHING HOSPITALS NHS TRUST,88107,87287,-820,True
2024-09,2024-10,RRE,MIDLANDS PARTNERSHIP UNIVERSITY NHS FOUNDATION TRUST,5048,4657,-391,True
2024-09,2024-10,RRF,"WRIGHTINGTON, WIGAN AND LEIGH NHS FOUNDATION TRUST",52134,53381,1247,True
2024-09,2024-10,RRJ,THE ROYAL ORTHOPAEDIC HOSPITAL NHS FOUNDATION TRUST,15069,14901,-168,True
2024-09,2024-10,RRK,UNIVERSITY HOSPITALS BIRMINGHAM NHS FOUNDATION TRUST,119166,115348,-3818,True
2024-09,2024-10,RRV,UNIVERSITY COLLEGE LONDON HOSPITALS NHS FOUNDATION TRUST,74573,74342,-231,True
2024-09,2024-10,RT1,CAMBRIDGESHIRE AND PETERBOROUGH NHS FOUNDATION TRUST,319,322,3,True
2024-09,2024-10,RTD,THE NEWCASTLE UPON TYNE HOSPITALS NHS FOUNDATION TRUST,101085,100932,-153,True
2024-09,2024-10,RTE,GLOUCESTERSHIRE HOSPITALS NHS FOUNDATION TRUST,72659,72742,83,True
2024-09,2024-10,RTF,NORTHUMBRIA HEALTHCARE NHS FOUNDATION TRUST,34535,34934,399,True
2024-09,2024-10,RTG,UNIVERSITY HOSPITALS OF DERBY AND BURTON NHS FOUNDATION TRUST,107539,107171,-368,True
2024-09,2024-10,RTH,OXFORD UNIVERSITY HOSPITALS NHS FOUNDATION TRUST,89771,90247,476,True
2024-09,2024-10,RTK,ASHFORD AND ST PETER'S HOSPITALS NHS FOUNDATION TRUST,58102,58136,34,True
2024-09,2024-10,RTP,SURREY AND SUSSEX HEALTHCARE NHS TRUST,47730,49180,1450,True
2024-09,2024-10,RTR,SOUTH TEES HOSPITALS NHS FOUNDATION TRUST,56848,57512,664,True
2024-09,2024-10,RTX,UNIVERSITY HOSPITALS OF MORECAMBE BAY NHS FOUNDATION TRUST,32307,32518,211,True
2024-09,2024-10,RV3,CENTRAL AND NORTH WEST LONDON NHS FOUNDATION TRUST,1845,1875,30,True
2024-09,2024-10,RVJ,NORTH BRISTOL NHS TRUST,45499,44782,-717,True
2024-09,2024-10,RVR,EPSOM AND ST HELIER UNIVERSITY HOSPITALS NHS TRUST,51218,50296,-922,True
2024-09,2024-10,RVV,EAST KENT HOSPITALS UNIVERSITY NHS FOUNDATION TRUST,86724,85971,-753,True
2024-09,2024-10,RVW,NORTH TEES AND HARTLEPOOL NHS FOUNDATION TRUST,20616,19926,-690,True
2024-09,2024-10,RW1,HAMPSHIRE AND ISLE OF WIGHT HEALTHCARE NHS FOUNDATION TRUST,3420,3838,418,True
2024-09,2024-10,RW4,MERSEY CARE NHS FOUNDATION TRUST,52,51,-1,True
2024-09,2024-10,RW5,LANCASHIRE & SOUTH CUMBRIA NHS FOUNDATION TRUST,1688,1514,-174,True
2024-09,2024-10,RWA,HULL UNIVERSITY TEACHING HOSPITALS NHS TRUST,79557,80487,930,True
2024-09,2024-10,RWD,UNITED LINCOLNSHIRE HOSPITALS NHS TRUST,71779,71833,54,True
2024-09,2024-10,RWE,UNIVERSITY HOSPITALS OF LEICESTER NHS TRUST,112490,112629,139,True
2024-09,2024-10,RWF,MAIDSTONE AND TUNBRIDGE WELLS NHS TRUST,45235,45423,188,True
2024-09,2024-10,RWG,WEST HERTFORDSHIRE TEACHING HOSPITALS NHS TRUST,47795,46166,-1629,True
2024-09,2024-10,RWH,EAST AND NORTH HERTFORDSHIRE NHS TRUST,56277,57660,1383,True
2024-09,2024-10,RWJ,STOCKPORT NHS FOUNDATION TRUST,36865,36537,-328,True
2024-09,2024-10,RWP,WORCESTERSHIRE ACUTE HOSPITALS NHS TRUST,60665,59778,-887,True
2024-09,2024-10,RWW,WARRINGTON AND HALTON TEACHING HOSPITALS NHS FOUNDATION TRUST,35058,34661,-397,True
2024-09,2024-10,RWX,BERKSHIRE HEALTHCARE NHS FOUNDATION TRUST,154,146,-8,True
2024-09,2024-10,RWY,CALDERDALE AND HUDDERSFIELD NHS FOUNDATION TRUST,35702,35193,-509,True
2024-09,2024-10,RX1,NOTTINGHAM UNIVERSITY HOSPITALS NHS TRUST,88258,87344,-914,True
2024-09,2024-10,RX4,"CUMBRIA, NORTHUMBERLAND, TYNE AND WEAR NHS FOUNDATION TRUST",204,233,29,True
2024-09,2024-10,RXC,EAST SUSSEX HEALTHCARE NHS TRUST,56411,55340,-1071,True
2024-09,2024-10,RXF,MID YORKSHIRE TEACHING NHS TRUST,55807,55326,-481,True
2024-09,2024-10,RXG,SOUTH WEST YORKSHIRE PARTNERSHIP NHS FOUNDATION TRUST,3894,4037,143,True
2024-09,2024-10,RXK,SANDWELL AND WEST BIRMINGHAM HOSPITALS NHS TRUST,76716,76066,-650,True
2024-09,2024-10,RXL,BLACKPOOL TEACHING HOSPITALS NHS FOUNDATION TRUST,33549,33405,-144,True
2024-09,2024-10,RXN,LANCASHIRE TEACHING HOSPITALS NHS FOUNDATION TRUST,57829,58679,850,True
2024-09,2024-10,RXP,COUNTY DURHAM AND DARLINGTON NHS FOUNDATION TRUST,40283,39391,-892,True
2024-09,2024-10,RXQ,BUCKINGHAMSHIRE HEALTHCARE NHS TRUST,45269,44775,-494,True
2024-09,2024-10,RXR,EAST LANCASHIRE HOSPITALS NHS TRUST,68132,66276,-1856,True
2024-09,2024-10,RXW,THE SHREWSBURY AND TELFORD HOSPITAL NHS TRUST,47529,47713,184,True
2024-09,2024-10,RY6,LEEDS COMMUNITY HEALTHCARE NHS TRUST,233,184,-49,True
2024-09,2024-10,RYJ,IMPERIAL COLLEGE HEALTHCARE NHS TRUST,96244,95547,-697,True
2024-09,2024-10,RYR,UNIVERSITY HOSPITALS SUSSEX NHS FOUNDATION TRUST,123861,119783,-4078,True
2024-09,2024-10,RYW,BIRMINGHAM COMMUNITY HEALTHCARE NHS FOUNDATION TRUST,16267,16479,212,True
2024-09,2024-10,RYY,KENT COMMUNITY HEALTH NHS FOUNDATION TRUST,2152,2207,55,True
2024-09,2024-10,S1Z4X,NEWMEDICA - BIRMINGHAM,556,402,-154,True
2024-09,2024-10,S3H9L,THE HAMPTONS HOSPITAL LTD,922,771,-151,True
2024-09,2024-10,T4I8V,SPAMEDICA CHESTERFIELD,43,48,5,True
2024-09,2024-10,T8R5I,SPAMEDICA WOKINGHAM,142,144,2,True
2024-09,2024-10,T8V3L,SPAMEDICA DONCASTER,76,157,81,True
2024-09,2024-10,TAD,BRADFORD DISTRICT CARE NHS FOUNDATION TRUST,585,550,-35,True
2024-09,2024-10,V4U1Y,SPAMEDICA CHESTER,85,107,22,True
2024-09,2024-10,V5F1D,SPAMEDICA TELFORD,90,115,25,True
2024-09,2024-10,V8N5R,SPAMEDICA DALSTON,223,224,1,True
2024-09,2024-10,Y8L9S,SPAMEDICA BROMLEY,301,296,-5,True
2024-09,2024-10,Z2L9B,NEWMEDICA - MANCHESTER WEST,97,123,26,True
2024-09,2024-10,Z5J5V,SPAMEDICA HAYDOCK,153,161,8,True
2024-09,2024-10,Z9Z1G,SPAMEDICA GATESHEAD,117,108,-9,True
2024-10,2024-11,A0C5S,SPAMEDICA GLOUCESTER,97,107,10,True
2024-10,2024-11,A1U4J,SPAMEDICA PORTSMOUTH,32,65,33,True
2024-10,2024-11,A4M8P,BUCKSHAW HOSPITAL,3318,3342,24,True
2024-10,2024-11,A4Q9X,NEWMEDICA LEICESTER,188,136,-52,True
2024-10,2024-11,AAH,TETBURY HOSPITAL TRUST LTD,389,317,-72,True
2024-10,2024-11,AAV,COMMUNITY HEALTH AND EYECARE LIMITED,4831,4636,-195,True
2024-10,2024-11,ACG08,NEWMEDICA OPHTHALMOLOGY - NUNEATON - CAMP HILL - GP LED HEALTH CENTRE,19,11,-8,True
2024-10,2024-11,ACG12,NEWMEDICA COMMUNITY OPHTHALMOLOGY - NORTH EAST LINCOLNSHIRE - GRIMSBY,495,559,64,True
2024-10,2024-11,ACG13,NEWMEDICA - GLOUCESTER (ASPEN MEDICAL CENTRE),132,162,30,True
2024-10,2024-11,ACG19,NEWMEDICA COMMUNITY OPHTHALMOLOGY - LEEDS,741,703,-38,True
2024-10,2024-11,ACG20,NEWMEDICA - BRISTOL - LITFIELD HOUSE,149,152,3,True
2024-10,2024-11,ACG22,NEWMEDICA - BRIGG - RIVERSIDE SURGERY,445,521,76,True
2024-10,2024-11,ACG24,NEWMEDICA - TEESSIDE - NORTH ORMESBY,842,832,-10,True
2024-10,2024-11,ACG26,NEWMEDICA - NORTH DERBYSHIRE - MIDLAND COURT,811,797,-14,True
2024-10,2024-11,ACG30,NEWMEDICA - WORKSOP - DUKERIES,134,112,-22,True
2024-10,2024-11,ACG31,NEWMEDICA - WORCESTER,471,352,-119,True
2024-10,2024-11,ACG36,NEWMEDICA - EXETER - GLEN HOUSE,333,261,-72,True
2024-10,2024-11,ACG37,NEWMEDICA - IPSWICH,805,618,-187,True
2024-10,2024-11,ACG38,NEWMEDICA - LANGFORD,242,241,-1,True
2024-10,2024-11,ACG39,NEWMEDICA - SWINDON,167,172,5,True
2024-10,2024-11,ACG40,NEWMEDICA - WAKEFIELD,368,315,-53,True
2024-10,2024-11,ACM,EYE CARE MEDICAL LTD,4,5,1,True
2024-10,2024-11,ADF01,NORTHWEST DIAGNOSTIC & TREATMENT SERVICES (MANOR HOUSE SURGERY),0,54,54,False
2024-10,2024-11,ADN,PRIMARY INTEGRATED COMMUNITY SERVICES LTD,2724,2954,230,True
2024-10,2024-11,ADP02,KIMS HOSPITAL (NEWNHAM COURT),1508,1194,-314,True
2024-10,2024-11,AHP,ST MICHAEL'S CLINIC LIMITED,2266,2236,-30,True
2024-10,2024-11,AJ8,THE GRANGE MEDICAL CENTRE HQ,106,58,-48,True
2024-10,2024-11,AJX,SUSSEX MSK PARTNERSHIP 2,8008,8594,586,True
2024-10,2024-11,AQK,VERNOVA HEALTHCARE COMMUNITY INTEREST COMPANY,145,172,27,True
2024-10,2024-11,AY1,MEDEFER,4696,4582,-114,True
2024-10,2024-11,B1A5K,NEWMEDICA - NOTTINGHAM,563,510,-53,True
2024-10,2024-11,B3M1X,CLAREMONT PRIVATE HOSPITAL,1582,1689,107,True
2024-10,2024-11,B4N1U,SPAMEDICA ROMFORD,343,330,-13,True
2024-10,2024-11,B5M7B,NEWMEDICA - NORWICH,577,697,120,True
2024-10,2024-11,B9J4U,SPAMEDICA PETERBOROUGH,144,130,-14,True
2024-10,2024-11,B9M3W,SPAMEDICA SOUTHAMPTON,203,149,-54,True
2024-10,2024-11,C3Y0A,SPAMEDICA BLACKPOOL,76,63,-13,True
2024-10,2024-11,C9A7J,NEWMEDICA - BRADFORD & HUDDERSFIELD,0,22,22,False
2024-10,2024-11,D3O0Z,PLYMOUTH NEWMEDICA LTD,406,366,-40,True
2024-10,2024-11,D5P5H,SPAMEDICA BEXHILL,128,155,27,True
2024-10,2024-11,DFQ,NORWICH & NORFOLK SURGICAL LTD (N2S),787,797,10,True
2024-10,2024-11,DFY01,COTSWOLDS SURGICAL PARTNERS,198,164,-34,True
2024-10,2024-11,DJH01,THE ROYAL BUCKINGHAMSHIRE HOSPITAL LTD,28,47,19,True
2024-10,2024-11,DTT,PHOENIX PUBLIC HEALTH LTD,389,413,24,True
2024-10,2024-11,DX1,THE NEW FOSCOTE HOSPITAL LTD,408,486,78,True
2024-10,2024-11,DXV,OMNES HEALTHCARE LTD,8729,8962,233,True
2024-10,2024-11,E1U4T,SPAMEDICA CARLISLE,163,207,44,True
2024-10,2024-11,E3D4A,SPAMEDICA TRURO,148,144,-4,True
2024-10,2024-11,F0R0W,NEWMEDICA - DARLINGTON,24,22,-2,True
2024-10,2024-11,F9Z4V,CIRCLE READING HOSPITAL,1514,1542,28,True
2024-10,2024-11,G3O5P,SPAMEDICA NEWARK,147,170,23,True
2024-10,2024-11,G3Q3Z,NUFFIELD HEALTH HIGHGATE HOSPITAL,933,1048,115,True
2024-10,2024-11,G3Z1Q,SULIS HOSPITAL BATH (FOXCOTE AVENUE),3191,3180,-11,True
2024-10,2024-11,G4H0I,NEWMEDICA SUFFOLK - BURY ST EDMUNDS - CLARITY HOUSE,0,110,110,False
2024-10,2024-11,G5X2Q,SPAMEDICA NORTH TYNESIDE,124,113,-11,True
2024-10,2024-11,G6S7A,SPAMEDICA TAUNTON,140,226,86,True
2024-10,2024-11,GEC01,RAPID INVESTIGATION SERVICE,153,112,-41,True
2024-10,2024-11,H1T2P,SPAMEDICA SWINDON,15,28,13,True
2024-10,2024-11,H2K1G,NEWMEDICA - BROMSGROVE,0,73,73,False
2024-10,2024-11,H4I8B,NUFFIELD HEALTH THE HOLLY HOSPITAL,3082,3153,71,True
2024-10,2024-11,H4J9P,NEWMEDICA AZTEC WEST,393,431,38,True
2024-10,2024-11,I1H7K,SPAMEDICA SALE,6,22,16,True
2024-10,2024-11,I2C7H,SPAMEDICA BRADFORD,201,215,14,True
2024-10,2024-11,I9A4A,SPAMEDICA BRIGHTON,198,244,46,True
2024-10,2024-11,J2H6H,SPAMEDICA COLCHESTER,155,156,1,True
2024-10,2024-11,J3J8Z,NEWMEDICA - OXFORDSHIRE,311,234,-77,True
2024-10,2024-11,J3X4C,SPAMEDICA WORCESTER,106,81,-25,True
2024-10,2024-11,J7V1N,SPAMEDICA SOLIHULL,134,151,17,True
2024-10,2024-11,K8I4X,GLENDON WOOD HOSPITAL,1908,1735,-173,True
2024-10,2024-11,K9J3O,SPAMEDICA LUTON,47,86,39,True
2024-10,2024-11,L0D9W,NEWMEDICA - GLOUCESTER (BRIGHOUSE COURT),953,990,37,True
2024-10,2024-11,L4R3R,NEWMEDICA - HAMPSHIRE,617,606,-11,True
2024-10,2024-11,L6O7H,SPAMEDICA POOLE,305,322,17,True
2024-10,2024-11,L9D3Z,SPAMEDICA LEICESTER,131,114,-17,True
2024-10,2024-11,M0N7E,SPAMEDICA SITTINGBOURNE,160,202,42,True
2024-10,2024-11,M3R0W,SPAMEDICA NORWICH,68,86,18,True
2024-10,2024-11,M4C5R,NEWMEDICA - NORTHAMPTON,739,771,32,True
2024-10,2024-11,M5E1S,SPAMEDICA EXETER,236,140,-96,True
2024-10,2024-11,M7C9Q,SPAMEDICA EPSOM,195,230,35,True
2024-10,2024-11,M9U8M,ENDOCARE DIAGNOSTICS LTD,83,83,0,True
2024-10,2024-11,N6Z0R,NEWMEDICA - LINCOLN,45,38,-7,True
2024-10,2024-11,N8R1N,NEWMEDICA - BERKSHIRE,152,142,-10,True
2024-10,2024-11,NAM01,PROBUS SURGICAL CENTRE,1130,1192,62,True
2024-10,2024-11,NCN,DMC HEALTHCARE,2766,2164,-602,True
2024-10,2024-11,NCR,ISIGHT,975,968,-7,True
2024-10,2024-11,NDJ,FIRST COMMUNITY HEALTH AND CARE CIC,695,563,-132,True
2024-10,2024-11,NDL01,SUFFOLK GP FEDERATION,7,44,37,True
2024-10,2024-11,NEQ,PHOENIX HEALTH SOLUTIONS LIMITED HQ,925,872,-53,True
2024-10,2024-11,NEY,PIONEER HEALTHCARE LIMITED,2263,2951,688,True
2024-10,2024-11,NFH,SOMERSET SURGICAL SERVICES HQ,907,883,-24,True
2024-10,2024-11,NL3,CARE PLUS GROUP,189,195,6,True
2024-10,2024-11,NL8,LOCALA COMMUNITY PARTNERSHIPS CIC,2511,2571,60,True
2024-10,2024-11,NLE01,LANCASTER HOUSE CONSULTING DIAGNOSTICS SURGICAL LTD HQ,531,495,-36,True
2024-10,2024-11,NLG,COMMUNITAS CLINICS,0,4297,4297,False
2024-10,2024-11,NLX,SIRONA CARE & HEALTH,5901,6126,225,True
2024-10,2024-11,NMG,CONNECT HEALTH LIMITED,12474,10825,-1649,True
2024-10,2024-11,NN4,TYNESIDE SURGICAL SERVICES LTD,1136,1151,15,True
2024-10,2024-11,NN5,MANCHESTER SURGICAL SERVICES LTD,179,175,-4,True
2024-10,2024-11,NN8,SPENCER PRIVATE HOSPITALS LTD,3229,3104,-125,True
2024-10,2024-11,NNE,DORKING HEALTHCARE LIMITED (DHC),5841,5900,59,True
2024-10,2024-11,NPG01,SPAMEDICA MANCHESTER,147,163,16,True
2024-10,2024-11,NPG02,SPAMEDICA WIRRAL,138,189,51,True
2024-10,2024-11,NPG06,SPAMEDICA LIVERPOOL,166,184,18,True
2024-10,2024-11,NPG07,SPAMEDICA EYE HOSPITAL (WAKEFIELD),160,202,42,True
2024-10,2024-11,NPG08,SPAMEDICA BOLTON,173,182,9,True
2024-10,2024-11,NPG10,SPAMEDICA SHEFFIELD,146,161,15,True
2024-10,2024-11,NPG11,SPAMEDICA BIRMINGHAM,238,300,62,True
2024-10,2024-11,NPG13,SPAMEDICA SKELMERSDALE,188,146,-42,True
2024-10,2024-11,NPG14,SPAMEDICA WIDNES,76,92,16,True
2024-10,2024-11,NPG15,SPAMEDICA NEWCASTLE-UNDER-LYME,150,155,5,True
2024-10,2024-11,NPG16,SPAMEDICA CHELMSFORD,290,328,38,True
2024-10,2024-11,NPG17,SPAMEDICA PRESTON,195,137,-58,True
2024-10,2024-11,NPG18,SPAMEDICA HULL,169,165,-4,True
2024-10,2024-11,NPG19,SPAMEDICA BEDFORD,167,185,18,True
2024-10,2024-11,NPG20,SPAMEDICA WOLVERHAMPTON,234,243,9,True
2024-10,2024-11,NPG21,SPAMEDICA COVENTRY,220,186,-34,True
2024-10,2024-11,NPG22,SPAMEDICA STOCKTON-ON-TEES,110,138,28,True
2024-10,2024-11,NPG23,SPAMEDICA DERBY,111,140,29,True
2024-10,2024-11,NPR01,ABOUT HEALTH HQ,1768,1653,-115,True
2024-10,2024-11,NQH,NOVUS HEALTH LTD,933,1291,358,True
2024-10,2024-11,NQM01,ORTHOPAEDICS & SPINE SPECIALIST HOSPITAL SITE,134,172,38,True
2024-10,2024-11,NQT5K,ST MARTINS HOSPITAL,933,975,42,True
2024-10,2024-11,NQTH0,HCRG CARE EAST RIDING LLP,4491,0,-4491,False
2024-10,2024-11,NQX01,PROVIDE WELLBEING @ TOLLGATE CLINIC,152,174,22,True
2024-10,2024-11,NR5,LIVEWELL SOUTHWEST,65,54,-11,True
2024-10,2024-11,NRL,HEART NETWORKS,556,0,-556,False
2024-10,2024-11,NRP,BEACON MEDICAL SERVICES GROUP LIMITED,477,440,-37,True
2024-10,2024-11,NT202,"NUFFIELD HEALTH, BOURNEMOUTH HOSPITAL",441,509,68,True
2024-10,2024-11,NT204,"NUFFIELD HEALTH, BRENTWOOD HOSPITAL",1356,1362,6,True
2024-10,2024-11,NT205,"NUFFIELD HEALTH, BRIGHTON HOSPITAL",575,663,88,True
2024-10,2024-11,NT206,"NUFFIELD HEALTH, BRISTOL HOSPITAL (CHESTERFIELD)",305,317,12,True
2024-10,2024-11,NT209,"NUFFIELD HEALTH, CAMBRIDGE HOSPITAL",405,422,17,True
2024-10,2024-11,NT210,"NUFFIELD HEALTH, THE GROSVENOR HOSPITAL, CHESTER",327,315,-12,True
2024-10,2024-11,NT211,"NUFFIELD HEALTH, CHELTENHAM HOSPITAL",50,33,-17,True
2024-10,2024-11,NT212,"NUFFIELD HEALTH, CHICHESTER HOSPITAL",953,1003,50,True
2024-10,2024-11,NT213,"NUFFIELD HEALTH, DERBY HOSPITAL",1324,1292,-32,True
2024-10,2024-11,NT214,"NUFFIELD HEALTH, WESSEX HOSPITAL",545,528,-17,True
2024-10,2024-11,NT215,"NUFFIELD HEALTH, EXETER HOSPITAL",311,329,18,True
2024-10,2024-11,NT216,"NUFFIELD HEALTH, GUILDFORD HOSPITAL",266,291,25,True
2024-10,2024-11,NT218,"NUFFIELD HEALTH, HAYWARDS HEATH HOSPITAL",51,306,255,True
2024-10,2024-11,NT219,"NUFFIELD HEALTH, HEREFORD HOSPITAL",201,206,5,True
2024-10,2024-11,NT224,"NUFFIELD HEALTH, WARWICKSHIRE HOSPITAL",243,252,9,True
2024-10,2024-11,NT225,"NUFFIELD HEALTH, LEEDS HOSPITAL",1529,1495,-34,True
2024-10,2024-11,NT226,"NUFFIELD HEALTH, LEICESTER HOSPITAL",495,494,-1,True
2024-10,2024-11,NT229,"NUFFIELD HEALTH, NEWCASTLE UPON TYNE HOSPITAL",408,443,35,True
2024-10,2024-11,NT230,"NUFFIELD HEALTH, NORTH STAFFORDSHIRE HOSPITAL",1228,1760,532,True
2024-10,2024-11,NT233,"NUFFIELD HEALTH, PLYMOUTH HOSPITAL",1165,1288,123,True
2024-10,2024-11,NT235,"NUFFIELD HEALTH, SHREWSBURY HOSPITAL",195,160,-35,True
2024-10,2024-11,NT237,"NUFFIELD HEALTH, TEES HOSPITAL",1164,1135,-29,True
2024-10,2024-11,NT238,"NUFFIELD HEALTH, TAUNTON HOSPITAL",293,265,-28,True
2024-10,2024-11,NT239,"NUFFIELD HEALTH, TUNBRIDGE WELLS HOSPITAL",278,340,62,True
2024-10,2024-11,NT241,"NUFFIELD HEALTH, WOKING HOSPITAL",533,577,44,True
2024-10,2024-11,NT242,"NUFFIELD HEALTH, WOLVERHAMPTON HOSPITAL",543,477,-66,True
2024-10,2024-11,NT245,"NUFFIELD HEALTH, YORK HOSPITAL",646,578,-68,True
2024-10,2024-11,NT301,SPIRE SOUTH BANK HOSPITAL,896,845,-51,True
2024-10,2024-11,NT302,SPIRE BRISTOL HOSPITAL,800,761,-39,True
2024-10,2024-11,NT304,SPIRE SOUTHAMPTON HOSPITAL,528,579,51,True
2024-10,2024-11,NT305,SPIRE PORTSMOUTH HOSPITAL,365,374,9,True
2024-10,2024-11,NT308,SPIRE GATWICK PARK HOSPITAL,585,677,92,True
2024-10,2024-11,NT30A,SPIRE NOTTINGHAM HOSPITAL,454,433,-21,True
2024-10,2024-11,NT312,SPIRE ALEXANDRA HOSPITAL,1227,1134,-93,True
2024-10,2024-11,NT313,SPIRE WELLESLEY HOSPITAL,1301,1243,-58,True
2024-10,2024-11,NT314,SPIRE LONDON EAST,1809,1560,-249,True
2024-10,2024-11,NT315,SPIRE BUSHEY HOSPITAL,552,577,25,True
2024-10,2024-11,NT316,SPIRE HARPENDEN HOSPITAL,489,526,37,True
2024-10,2024-11,NT317,SPIRE CAMBRIDGE LEA HOSPITAL,220,274,54,True
2024-10,2024-11,NT318,SPIRE NORWICH HOSPITAL,247,252,5,True
2024-10,2024-11,NT319,SPIRE HARTSWOOD HOSPITAL,1427,1336,-91,True
2024-10,2024-11,NT320,SPIRE PARKWAY HOSPITAL,1416,1427,11,True
2024-10,2024-11,NT321,SPIRE LITTLE ASTON HOSPITAL,1403,1413,10,True
2024-10,2024-11,NT322,SPIRE LEICESTER HOSPITAL,798,705,-93,True
2024-10,2024-11,NT324,SPIRE CHESHIRE HOSPITAL,1216,1229,13,True
2024-10,2024-11,NT325,SPIRE MURRAYFIELD HOSPITAL,621,549,-72,True
2024-10,2024-11,NT327,SPIRE MANCHESTER HOSPITAL,640,694,54,True
2024-10,2024-11,NT332,SPIRE LEEDS HOSPITAL,981,937,-44,True
2024-10,2024-11,NT333,SPIRE WASHINGTON HOSPITAL,1297,1484,187,True
2024-10,2024-11,NT337,SPIRE LIVERPOOL HOSPITAL,3457,3410,-47,True
2024-10,2024-11,NT339,SPIRE REGENCY HOSPITAL,970,1281,311,True
2024-10,2024-11,NT343,SPIRE THAMES VALLEY HOSPITAL,450,440,-10,True
2024-10,2024-11,NT344,SPIRE DUNEDIN HOSPITAL,429,363,-66,True
2024-10,2024-11,NT345,SPIRE CLARE PARK HOSPITAL,273,244,-29,True
2024-10,2024-11,NT347,SPIRE FYLDE COAST HOSPITAL,2569,3165,596,True
2024-10,2024-11,NT348,SPIRE ELLAND HOSPITAL,1077,1047,-30,True
2024-10,2024-11,NT350,SPIRE METHLEY PARK HOSPITAL,1274,1335,61,True
2024-10,2024-11,NT351,SPIRE HULL AND EAST RIDING HOSPITAL,3417,3336,-81,True
2024-10,2024-11,NT364,SPIRE MONTEFIORE HOSPITAL,675,808,133,True
2024-10,2024-11,NT3X3,SPIRE ST ANTHONY'S HOSPITAL,1176,1435,259,True
2024-10,2024-11,NT401,ALEXANDRA HOSPITAL,726,742,16,True
2024-10,2024-11,NT402,BATH CLINIC,555,637,82,True
2024-10,2024-11,NT403,BEARDWOOD HOSPITAL,2623,2623,0,True
2024-10,2024-11,NT404,BEAUMONT HOSPITAL,2647,2635,-12,True
2024-10,2024-11,NT405,BISHOPS WOOD HOSPITAL,649,688,39,True
2024-10,2024-11,NT406,BLACKHEATH HOSPITAL,1130,1226,96,True
2024-10,2024-11,NT408,CHAUCER HOSPITAL,818,750,-68,True
2024-10,2024-11,NT409,CHELSFIELD PARK HOSPITAL,586,562,-24,True
2024-10,2024-11,NT410,CHILTERN HOSPITAL,463,464,1,True
2024-10,2024-11,NT411,CLEMENTINE CHURCHILL HOSPITAL,2042,2051,9,True
2024-10,2024-11,NT412,DROITWICH SPA HOSPITAL,2061,2180,119,True
2024-10,2024-11,NT416,HENDON HOSPITAL,934,866,-68,True
2024-10,2024-11,NT417,GORING HALL HOSPITAL,1500,1422,-78,True
2024-10,2024-11,NT418,HAMPSHIRE CLINIC,386,430,44,True
2024-10,2024-11,NT419,HARBOUR HOSPITAL,162,147,-15,True
2024-10,2024-11,NT420,HIGHFIELD HOSPITAL,822,858,36,True
2024-10,2024-11,NT421,KINGS OAK HOSPITAL,1142,1122,-20,True
2024-10,2024-11,NT422,LONDON INDEPENDENT HOSPITAL,4625,4501,-124,True
2024-10,2024-11,NT423,MANOR HOSPITAL,812,867,55,True
2024-10,2024-11,NT424,MERIDEN HOSPITAL,1566,1536,-30,True
2024-10,2024-11,NT427,PARK HOSPITAL,1096,1116,20,True
2024-10,2024-11,NT428,PRINCESS MARGARET HOSPITAL,129,128,-1,True
2024-10,2024-11,NT429,PRIORY HOSPITAL,939,995,56,True
2024-10,2024-11,NT430,RIDGEWAY HOSPITAL,348,361,13,True
2024-10,2024-11,NT431,RUNNYMEDE HOSPITAL,142,134,-8,True
2024-10,2024-11,NT433,SARUM ROAD HOSPITAL,368,350,-18,True
2024-10,2024-11,NT434,SAXON CLINIC,624,653,29,True
2024-10,2024-11,NT435,SHELBURNE HOSPITAL,195,191,-4,True
2024-10,2024-11,NT436,SHIRLEY OAKS HOSPITAL,1037,1044,7,True
2024-10,2024-11,NT437,SLOANE HOSPITAL,760,773,13,True
2024-10,2024-11,NT440,THORNBURY HOSPITAL,583,601,18,True
2024-10,2024-11,NT441,THREE SHIRES HOSPITAL,3300,3159,-141,True
2024-10,2024-11,NT443,WINTERBOURNE HOSPITAL,322,289,-33,True
2024-10,2024-11,NT445,EDGBASTON HOSPITAL,1,1,0,True
2024-10,2024-11,NT446,ST EDMUNDS HOSPITAL,642,694,52,True
2024-10,2024-11,NT447,DUCHY HOSPITAL,528,530,2,True
2024-10,2024-11,NT448,HUDDERSFIELD PRIVATE HOSPITAL,864,809,-55,True
2024-10,2024-11,NT449,LANCASTER PRIVATE HOSPITAL,451,383,-68,True
2024-10,2024-11,NT450,LINCOLN PRIVATE HOSPITAL,1461,1454,-7,True
2024-10,2024-11,NT451,CAVELL HOSPITAL,1476,1445,-31,True
2024-10,2024-11,NT455,MOUNT ALVERNIA HOSPITAL,179,181,2,True
2024-10,2024-11,NT457,WOODLANDS HOSPITAL,2052,2135,83,True
2024-10,2024-11,NT490,SOUTHEND PRIVATE HOSPITAL,873,726,-147,True
2024-10,2024-11,NTE02,ST HUGH'S HOSPITAL,2342,2451,109,True
2024-10,2024-11,NTP11,PRACTICE PLUS GROUP HOSPITAL - SOUTHAMPTON,10169,9722,-447,True
2024-10,2024-11,NTP13,PRACTICE PLUS GROUP HOSPITAL - BARLBOROUGH,2007,2027,20,True
2024-10,2024-11,NTP15,PRACTICE PLUS GROUP HOSPITAL - ILFORD,5067,5145,78,True
2024-10,2024-11,NTP16,PRACTICE PLUS GROUP SURGICAL CENTRE - GILLINGHAM,1274,1224,-50,True
2024-10,2024-11,NTPAD,PRACTICE PLUS GROUP SURGICAL CENTRE - ST MARYS PORTSMOUTH,2099,2008,-91,True
2024-10,2024-11,NTPAE,PRACTICE PLUS GROUP OPHTHALMOLOGY - NORTH WEST,869,871,2,True
2024-10,2024-11,NTPH1,PRACTICE PLUS GROUP HOSPITAL - SHEPTON MALLET,2788,2765,-23,True
2024-10,2024-11,NTPH2,PRACTICE PLUS GROUP HOSPITAL - EMERSONS GREEN,3989,4642,653,True
2024-10,2024-11,NTPH3,PRACTICE PLUS GROUP SURGICAL CENTRE - DEVIZES,2054,2514,460,True
2024-10,2024-11,NTPH5,PRACTICE PLUS GROUP HOSPITAL - PLYMOUTH,1942,1850,-92,True
2024-10,2024-11,NTX,THE ONE HEALTH GROUP PLC,3925,3975,50,True
2024-10,2024-11,NV1,INHEALTH LIMITED,1919,1770,-149,True
2024-10,2024-11,NVC01,ASHTEAD HOSPITAL,769,784,15,True
2024-10,2024-11,NVC02,THE BERKSHIRE INDEPENDENT HOSPITAL,1155,1193,38,True
2024-10,2024-11,NVC04,DUCHY HOSPITAL,1596,1782,186,True
2024-10,2024-11,NVC05,EUXTON HALL HOSPITAL,3238,3202,-36,True
2024-10,2024-11,NVC06,FITZWILLIAM HOSPITAL,7143,6996,-147,True
2024-10,2024-11,NVC07,FULWOOD HALL HOSPITAL,6308,6274,-34,True
2024-10,2024-11,NVC08,MOUNT STUART HOSPITAL,1993,1865,-128,True
2024-10,2024-11,NVC09,NEW HALL HOSPITAL,3779,3655,-124,True
2024-10,2024-11,NVC0I,BEACON PARK HOSPITAL,1074,977,-97,True
2024-10,2024-11,NVC0R,TEES VALLEY HOSPITAL,3884,3835,-49,True
2024-10,2024-11,NVC0Y,EXETER MEDICAL,237,188,-49,True
2024-10,2024-11,NVC11,NORTH DOWNS HOSPITAL,1841,1737,-104,True
2024-10,2024-11,NVC12,OAKLANDS HOSPITAL,5136,4979,-157,True
2024-10,2024-11,NVC13,OAKS HOSPITAL,805,796,-9,True
2024-10,2024-11,NVC14,PARK HILL HOSPITAL,886,850,-36,True
2024-10,2024-11,NVC15,PINEHILL HOSPITAL,1714,1738,24,True
2024-10,2024-11,NVC16,RENACRES HOSPITAL,4272,4243,-29,True
2024-10,2024-11,NVC17,ROWLEY HALL HOSPITAL,2972,3135,163,True
2024-10,2024-11,NVC18,SPRINGFIELD HOSPITAL,4812,4684,-128,True
2024-10,2024-11,NVC19,RIVERS HOSPITAL,4051,4133,82,True
2024-10,2024-11,NVC1H,STOURSIDE HOSPITAL,3422,3216,-206,True
2024-10,2024-11,NVC20,THE YORKSHIRE CLINIC,8728,8648,-80,True
2024-10,2024-11,NVC21,WEST MIDLANDS HOSPITAL,1118,1057,-61,True
2024-10,2024-11,NVC22,WINFIELD HOSPITAL,1350,1392,42,True
2024-10,2024-11,NVC23,WOODLAND HOSPITAL,4983,4901,-82,True
2024-10,2024-11,NVC25,THE CHERWELL HOSPITAL,2449,2480,31,True
2024-10,2024-11,NVC27,BOSTON WEST HOSPITAL,1949,1943,-6,True
2024-10,2024-11,NVC28,CLIFTON PARK HOSPITAL,1836,1728,-108,True
2024-10,2024-11,NVC29,COBALT HOSPITAL,2084,2149,65,True
2024-10,2024-11,NVC31,BLAKELANDS HOSPITAL,1830,1839,9,True
2024-10,2024-11,NVC40,WOODTHORPE HOSPITAL,5015,4682,-333,True
2024-10,2024-11,NVC44,THE WESTBOURNE CENTRE,2885,2922,37,True
2024-10,2024-11,NVG01,FAIRFIELD HOSPITAL,2142,2053,-89,True
2024-10,2024-11,NVL,DMC DERMATOLOGY,182,194,12,True
2024-10,2024-11,NVM,EPSOMEDICAL GROUP,2762,2766,4,True
2024-10,2024-11,NWF01,BENENDEN HOSPITAL,1442,1412,-30,True
2024-10,2024-11,NWV01,GP CARE UK,565,595,30,True
2024-10,2024-11,NWX,HERE,12684,12565,-119,True
2024-10,2024-11,NXM01,THE HORDER CENTRE - ST JOHNS ROAD,329,397,68,True
2024-10,2024-11,NXP,INDEPENDENT HEALTH GROUP,1139,1002,-137,True
2024-10,2024-11,NYG,SUSSEX COMMUNITY DERMATOLOGY SERVICE,14346,13054,-1292,True
2024-10,2024-11,NYR,HEALTHSHARE DIAGNOSTICS,2571,2506,-65,True
2024-10,2024-11,NYW17,ASPEN HEALTHCARE - MIDLAND EYE,787,675,-112,True
2024-10,2024-11,O1P6X,SPAMEDICA OLDHAM,232,233,1,True
2024-10,2024-11,O5Y9D,SPAMEDICA OXFORD,94,107,13,True
2024-10,2024-11,P0C3F,SPAMEDICA LEEDS,152,115,-37,True
2024-10,2024-11,P1B7M,SPAMEDICA BRISTOL,68,62,-6,True
2024-10,2024-11,P5Y6K,NEWMEDICA - SHREWSBURY,170,147,-23,True
2024-10,2024-11,Q1S8W,NEWMEDICA - BURY ST EDMUNDS,91,59,-32,True
2024-10,2024-11,Q1W6P,SPAMEDICA WATFORD,215,191,-24,True
2024-10,2024-11,R0A,MANCHESTER UNIVERSITY NHS FOUNDATION TRUST,196986,199578,2592,True
2024-10,2024-11,R0B,SOUTH TYNESIDE AND SUNDERLAND NHS FOUNDATION TRUST,60828,59887,-941,True
2024-10,2024-11,R0D,UNIVERSITY HOSPITALS DORSET NHS FOUNDATION TRUST,67962,67388,-574,True
2024-10,2024-11,R0F4N,NUFFIELD HEALTH PARKSIDE HOSPITAL,1005,997,-8,True
2024-10,2024-11,R1A,HEREFORDSHIRE AND WORCESTERSHIRE HEALTH AND CARE NHS TRUST,44,51,7,True
2024-10,2024-11,R1D,SHROPSHIRE COMMUNITY HEALTH NHS TRUST,12443,11593,-850,True
2024-10,2024-11,R1F,ISLE OF WIGHT NHS TRUST,14762,14607,-155,True
2024-10,2024-11,R1G7E,SPAMEDICA KENDAL,161,169,8,True
2024-10,2024-11,R1H,BARTS HEALTH NHS TRUST,127044,127232,188,True
2024-10,2024-11,R1K,LONDON NORTH WEST UNIVERSITY HEALTHCARE NHS TRUST,94952,92390,-2562,True
2024-10,2024-11,R1L,ESSEX PARTNERSHIP UNIVERSITY NHS FOUNDATION TRUST,973,1181,208,True
2024-10,2024-11,R3I5E,NEWMEDICA -TELFORD,2,3,1,True
2024-10,2024-11,R7W2O,NEWCASTLE NEWMEDICA LTD,184,224,40,True
2024-10,2024-11,RA2,ROYAL SURREY COUNTY HOSPITAL NHS FOUNDATION TRUST,37955,36879,-1076,True
2024-10,2024-11,RA7,UNIVERSITY HOSPITALS BRISTOL AND WESTON NHS FOUNDATION TRUST,55248,54998,-250,True
2024-10,2024-11,RA9,TORBAY AND SOUTH DEVON NHS FOUNDATION TRUST,33889,32869,-1020,True
2024-10,2024-11,RAE,BRADFORD TEACHING HOSPITALS NHS FOUNDATION TRUST,34887,33643,-1244,True
2024-10,2024-11,RAJ,MID AND SOUTH ESSEX NHS FOUNDATION TRUST,164041,163477,-564,True
2024-10,2024-11,RAL,ROYAL FREE LONDON NHS FOUNDATION TRUST,111910,111904,-6,True
2024-10,2024-11,RAN,ROYAL NATIONAL ORTHOPAEDIC HOSPITAL NHS TRUST,8300,8139,-161,True
2024-10,2024-11,RAP,NORTH MIDDLESEX UNIVERSITY HOSPITAL NHS TRUST,27247,28382,1135,True
2024-10,2024-11,RAS,THE HILLINGDON HOSPITALS NHS FOUNDATION TRUST,27652,27002,-650,True
2024-10,2024-11,RAX,KINGSTON AND RICHMOND NHS FOUNDATION TRUST,39815,39002,-813,True
2024-10,2024-11,RBD,DORSET COUNTY HOSPITAL NHS FOUNDATION TRUST,21950,21693,-257,True
2024-10,2024-11,RBK,WALSALL HEALTHCARE NHS TRUST,29763,29940,177,True
2024-10,2024-11,RBL,WIRRAL UNIVERSITY TEACHING HOSPITAL NHS FOUNDATION TRUST,47262,48018,756,True
2024-10,2024-11,RBN,MERSEY AND WEST LANCASHIRE TEACHING HOSPITALS NHS TRUST,81555,80378,-1177,True
2024-10,2024-11,RBQ,LIVERPOOL HEART AND CHEST HOSPITAL NHS FOUNDATION TRUST,5701,5805,104,True
2024-10,2024-11,RBS,ALDER HEY CHILDREN'S NHS FOUNDATION TRUST,22979,22171,-808,True
2024-10,2024-11,RBT,MID CHESHIRE HOSPITALS NHS FOUNDATION TRUST,39748,38827,-921,True
2024-10,2024-11,RBV,THE CHRISTIE NHS FOUNDATION TRUST,2624,2678,54,True
2024-10,2024-11,RC9,BEDFORDSHIRE HOSPITALS NHS FOUNDATION TRUST,98303,98493,190,True
2024-10,2024-11,RCB,YORK AND SCARBOROUGH TEACHING HOSPITALS NHS FOUNDATION TRUST,44046,43826,-220,True
2024-10,2024-11,RCD,HARROGATE AND DISTRICT NHS FOUNDATION TRUST,23115,22725,-390,True
2024-10,2024-11,RCF,AIREDALE NHS FOUNDATION TRUST,14298,14010,-288,True
2024-10,2024-11,RCU,SHEFFIELD CHILDREN'S NHS FOUNDATION TRUST,12134,12208,74,True
2024-10,2024-11,RCX,"THE QUEEN ELIZABETH HOSPITAL, KING'S LYNN, NHS FOUNDATION TRUST",26139,25496,-643,True
2024-10,2024-11,RD1,ROYAL UNITED HOSPITALS BATH NHS FOUNDATION TRUST,39169,39833,664,True
2024-10,2024-11,RD8,MILTON KEYNES UNIVERSITY HOSPITAL NHS FOUNDATION TRUST,36144,34176,-1968,True
2024-10,2024-11,RDE,EAST SUFFOLK AND NORTH ESSEX NHS FOUNDATION TRUST,92593,92850,257,True
2024-10,2024-11,RDR,SUSSEX COMMUNITY NHS FOUNDATION TRUST,5413,5239,-174,True
2024-10,2024-11,RDU,FRIMLEY HEALTH NHS FOUNDATION TRUST,85092,82908,-2184,True
2024-10,2024-11,REF,ROYAL CORNWALL HOSPITALS NHS TRUST,42673,41968,-705,True
2024-10,2024-11,REM,LIVERPOOL UNIVERSITY HOSPITALS NHS FOUNDATION TRUST,70379,70335,-44,True
2024-10,2024-11,REN,THE CLATTERBRIDGE CANCER CENTRE NHS FOUNDATION TRUST,845,1153,308,True
2024-10,2024-11,REP,LIVERPOOL WOMEN'S NHS FOUNDATION TRUST,16091,16334,243,True
2024-10,2024-11,RET,THE WALTON CENTRE NHS FOUNDATION TRUST,16419,15952,-467,True
2024-10,2024-11,RF4,"BARKING, HAVERING AND REDBRIDGE UNIVERSITY HOSPITALS NHS TRUST",60490,57713,-2777,True
2024-10,2024-11,RFF,BARNSLEY HOSPITAL NHS FOUNDATION TRUST,21931,21682,-249,True
2024-10,2024-11,RFR,THE ROTHERHAM NHS FOUNDATION TRUST,32094,31920,-174,True
2024-10,2024-11,RFS,CHESTERFIELD ROYAL HOSPITAL NHS FOUNDATION TRUST,28546,28938,392,True
2024-10,2024-11,RGM,ROYAL PAPWORTH HOSPITAL NHS FOUNDATION TRUST,7411,7461,50,True
2024-10,2024-11,RGN,NORTH WEST ANGLIA NHS FOUNDATION TRUST,78196,76729,-1467,True
2024-10,2024-11,RGP,JAMES PAGET UNIVERSITY HOSPITALS NHS FOUNDATION TRUST,31969,31669,-300,True
2024-10,2024-11,RGR,WEST SUFFOLK NHS FOUNDATION TRUST,33971,33801,-170,True
2024-10,2024-11,RGT,CAMBRIDGE UNIVERSITY HOSPITALS NHS FOUNDATION TRUST,65218,63827,-1391,True
2024-10,2024-11,RH5,SOMERSET NHS FOUNDATION TRUST,58693,59549,856,True
2024-10,2024-11,RH8,ROYAL DEVON UNIVERSITY HEALTHCARE NHS FOUNDATION TRUST,71643,70905,-738,True
2024-10,2024-11,RHM,UNIVERSITY HOSPITAL SOUTHAMPTON NHS FOUNDATION TRUST,60869,60329,-540,True
2024-10,2024-11,RHQ,SHEFFIELD TEACHING HOSPITALS NHS FOUNDATION TRUST,96769,96285,-484,True
2024-10,2024-11,RHU,PORTSMOUTH HOSPITALS UNIVERSITY NATIONAL HEALTH SERVICE TRUST,62236,62255,19,True
2024-10,2024-11,RHW,ROYAL BERKSHIRE NHS FOUNDATION TRUST,33678,35579,1901,True
2024-10,2024-11,RJ1,GUY'S AND ST THOMAS' NHS FOUNDATION TRUST,131354,129230,-2124,True
2024-10,2024-11,RJ2,LEWISHAM AND GREENWICH NHS TRUST,69328,66407,-2921,True
2024-10,2024-11,RJ6,CROYDON HEALTH SERVICES NHS TRUST,34483,33911,-572,True
2024-10,2024-11,RJ7,ST GEORGE'S UNIVERSITY HOSPITALS NHS FOUNDATION TRUST,67463,67344,-119,True
2024-10,2024-11,RJ8,CORNWALL PARTNERSHIP NHS FOUNDATION TRUST,768,553,-215,True
2024-10,2024-11,RJC,SOUTH WARWICKSHIRE UNIVERSITY NHS FOUNDATION TRUST,33122,32721,-401,True
2024-10,2024-11,RJE,UNIVERSITY HOSPITALS OF NORTH MIDLANDS NHS TRUST,74667,72980,-1687,True
2024-10,2024-11,RJL,NORTHERN LINCOLNSHIRE AND GOOLE NHS FOUNDATION TRUST,44817,43454,-1363,True
2024-10,2024-11,RJN,EAST CHESHIRE NHS TRUST,12406,12758,352,True
2024-10,2024-11,RJR,COUNTESS OF CHESTER HOSPITAL NHS FOUNDATION TRUST,34355,34389,34,True
2024-10,2024-11,RJZ,KING'S COLLEGE HOSPITAL NHS FOUNDATION TRUST,92126,87436,-4690,True
2024-10,2024-11,RK5,SHERWOOD FOREST HOSPITALS NHS FOUNDATION TRUST,35438,34537,-901,True
2024-10,2024-11,RK9,UNIVERSITY HOSPITALS PLYMOUTH NHS TRUST,49465,48587,-878,True
2024-10,2024-11,RKB,UNIVERSITY HOSPITALS COVENTRY AND WARWICKSHIRE NHS TRUST,83590,83741,151,True
2024-10,2024-11,RKE,WHITTINGTON HEALTH NHS TRUST,23598,25327,1729,True
2024-10,2024-11,RL1,THE ROBERT JONES AND AGNES HUNT ORTHOPAEDIC HOSPITAL NHS FOUNDATION TRUST,16749,16961,212,True
2024-10,2024-11,RL4,THE ROYAL WOLVERHAMPTON NHS TRUST,89370,89144,-226,True
2024-10,2024-11,RLQ,WYE VALLEY NHS TRUST,24416,23951,-465,True
2024-10,2024-11,RLT,GEORGE ELIOT HOSPITAL NHS TRUST,17751,18206,455,True
2024-10,2024-11,RM1,NORFOLK AND NORWICH UNIVERSITY HOSPITALS NHS FOUNDATION TRUST,84064,83088,-976,True
2024-10,2024-11,RM3,NORTHERN CARE ALLIANCE NHS FOUNDATION TRUST,143367,139974,-3393,True
2024-10,2024-11,RMC,BOLTON NHS FOUNDATION TRUST,42838,41728,-1110,True
2024-10,2024-11,RMP,TAMESIDE AND GLOSSOP INTEGRATED CARE NHS FOUNDATION TRUST,19953,18571,-1382,True
2024-10,2024-11,RN3,GREAT WESTERN HOSPITALS NHS FOUNDATION TRUST,41673,40095,-1578,True
2024-10,2024-11,RN5,HAMPSHIRE HOSPITALS NHS FOUNDATION TRUST,52432,52321,-111,True
2024-10,2024-11,RN7,DARTFORD AND GRAVESHAM NHS TRUST,30931,30583,-348,True
2024-10,2024-11,RNA,THE DUDLEY GROUP NHS FOUNDATION TRUST,48325,46566,-1759,True
2024-10,2024-11,RNN,NORTH CUMBRIA INTEGRATED CARE NHS FOUNDATION TRUST,38096,37872,-224,True
2024-10,2024-11,RNQ,KETTERING GENERAL HOSPITAL NHS FOUNDATION TRUST,25801,25387,-414,True
2024-10,2024-11,RNS,NORTHAMPTON GENERAL HOSPITAL NHS TRUST,41310,40972,-338,True
2024-10,2024-11,RNZ,SALISBURY NHS FOUNDATION TRUST,28308,27773,-535,True
2024-10,2024-11,RP4,GREAT ORMOND STREET HOSPITAL FOR CHILDREN NHS FOUNDATION TRUST,8052,7665,-387,True
2024-10,2024-11,RP5,DONCASTER AND BASSETLAW TEACHING HOSPITALS NHS FOUNDATION TRUST,56498,56090,-408,True
2024-10,2024-11,RP6,MOORFIELDS EYE HOSPITAL NHS FOUNDATION TRUST,33872,33281,-591,True
2024-10,2024-11,RP7,LINCOLNSHIRE PARTNERSHIP NHS FOUNDATION TRUST,39,45,6,True
2024-10,2024-11,RPA,MEDWAY NHS FOUNDATION TRUST,42134,41354,-780,True
2024-10,2024-11,RPC,QUEEN VICTORIA HOSPITAL NHS FOUNDATION TRUST,19135,19392,257,True
2024-10,2024-11,RPG,OXLEAS NHS FOUNDATION TRUST,2144,2096,-48,True
2024-10,2024-11,RPY,THE ROYAL MARSDEN NHS FOUNDATION TRUST,1957,2068,111,True
2024-10,2024-11,RQ3,BIRMINGHAM WOMEN'S AND CHILDREN'S NHS FOUNDATION TRUST,25636,25691,55,True
2024-10,2024-11,RQM,CHELSEA AND WESTMINSTER HOSPITAL NHS FOUNDATION TRUST,61475,62264,789,True
2024-10,2024-11,RQW,THE PRINCESS ALEXANDRA HOSPITAL NHS TRUST,34188,41199,7011,True
2024-10,2024-11,RQX,HOMERTON HEALTHCARE NHS FOUNDATION TRUST,35703,34681,-1022,True
2024-10,2024-11,RR7,GATESHEAD HEALTH NHS FOUNDATION TRUST,12101,12555,454,True
2024-10,2024-11,RR8,LEEDS TEACHING HOSPITALS NHS TRUST,87287,86191,-1096,True
2024-10,2024-11,RRE,MIDLANDS PARTNERSHIP UNIVERSITY NHS FOUNDATION TRUST,4657,5265,608,True
2024-10,2024-11,RRF,"WRIGHTINGTON, WIGAN AND LEIGH NHS FOUNDATION TRUST",53381,50902,-2479,True
2024-10,2024-11,RRJ,THE ROYAL ORTHOPAEDIC HOSPITAL NHS FOUNDATION TRUST,14901,14561,-340,True
2024-10,2024-11,RRK,UNIVERSITY HOSPITALS BIRMINGHAM NHS FOUNDATION TRUST,115348,114872,-476,True
2024-10,2024-11,RRV,UNIVERSITY COLLEGE LONDON HOSPITALS NHS FOUNDATION TRUST,74342,74506,164,True
2024-10,2024-11,RT1,CAMBRIDGESHIRE AND PETERBOROUGH NHS FOUNDATION TRUST,322,311,-11,True
2024-10,2024-11,RTD,THE NEWCASTLE UPON TYNE HOSPITALS NHS FOUNDATION TRUST,100932,100442,-490,True
2024-10,2024-11,RTE,GLOUCESTERSHIRE HOSPITALS NHS FOUNDATION TRUST,72742,73496,754,True
2024-10,2024-11,RTF,NORTHUMBRIA HEALTHCARE NHS FOUNDATION TRUST,34934,34681,-253,True
2024-10,2024-11,RTG,UNIVERSITY HOSPITALS OF DERBY AND BURTON NHS FOUNDATION TRUST,107171,108777,1606,True
2024-10,2024-11,RTH,OXFORD UNIVERSITY HOSPITALS NHS FOUNDATION TRUST,90247,89724,-523,True
2024-10,2024-11,RTK,ASHFORD AND ST PETER'S HOSPITALS NHS FOUNDATION TRUST,58136,56845,-1291,True
2024-10,2024-11,RTP,SURREY AND SUSSEX HEALTHCARE NHS TRUST,49180,49772,592,True
2024-10,2024-11,RTR,SOUTH TEES HOSPITALS NHS FOUNDATION TRUST,57512,55853,-1659,True
2024-10,2024-11,RTX,UNIVERSITY HOSPITALS OF MORECAMBE BAY NHS FOUNDATION TRUST,32518,32448,-70,True
2024-10,2024-11,RV3,CENTRAL AND NORTH WEST LONDON NHS FOUNDATION TRUST,1875,1969,94,True
2024-10,2024-11,RVJ,NORTH BRISTOL NHS TRUST,44782,43935,-847,True
2024-10,2024-11,RVR,EPSOM AND ST HELIER UNIVERSITY HOSPITALS NHS TRUST,50296,50386,90,True
2024-10,2024-11,RVV,EAST KENT HOSPITALS UNIVERSITY NHS FOUNDATION TRUST,85971,85548,-423,True
2024-10,2024-11,RVW,NORTH TEES AND HARTLEPOOL NHS FOUNDATION TRUST,19926,20092,166,True
2024-10,2024-11,RW1,HAMPSHIRE AND ISLE OF WIGHT HEALTHCARE NHS FOUNDATION TRUST,3838,3679,-159,True
2024-10,2024-11,RW4,MERSEY CARE NHS FOUNDATION TRUST,51,61,10,True
2024-10,2024-11,RW5,LANCASHIRE & SOUTH CUMBRIA NHS FOUNDATION TRUST,1514,2285,771,True
2024-10,2024-11,RWA,HULL UNIVERSITY TEACHING HOSPITALS NHS TRUST,80487,79506,-981,True
2024-10,2024-11,RWD,UNITED LINCOLNSHIRE TEACHING HOSPITALS NHS TRUST,71833,70933,-900,True
2024-10,2024-11,RWE,UNIVERSITY HOSPITALS OF LEICESTER NHS TRUST,112629,113205,576,True
2024-10,2024-11,RWF,MAIDSTONE AND TUNBRIDGE WELLS NHS TRUST,45423,44541,-882,True
2024-10,2024-11,RWG,WEST HERTFORDSHIRE TEACHING HOSPITALS NHS TRUST,46166,45750,-416,True
2024-10,2024-11,RWH,EAST AND NORTH HERTFORDSHIRE NHS TRUST,57660,56226,-1434,True
2024-10,2024-11,RWJ,STOCKPORT NHS FOUNDATION TRUST,36537,36627,90,True
2024-10,2024-11,RWP,WORCESTERSHIRE ACUTE HOSPITALS NHS TRUST,59778,58159,-1619,True
2024-10,2024-11,RWW,WARRINGTON AND HALTON TEACHING HOSPITALS NHS FOUNDATION TRUST,34661,34118,-543,True
2024-10,2024-11,RWX,BERKSHIRE HEALTHCARE NHS FOUNDATION TRUST,146,121,-25,True
2024-10,2024-11,RWY,CALDERDALE AND HUDDERSFIELD NHS FOUNDATION TRUST,35193,35154,-39,True
2024-10,2024-11,RX1,NOTTINGHAM UNIVERSITY HOSPITALS NHS TRUST,87344,86861,-483,True
2024-10,2024-11,RX4,"CUMBRIA, NORTHUMBERLAND, TYNE AND WEAR NHS FOUNDATION TRUST",233,190,-43,True
2024-10,2024-11,RXC,EAST SUSSEX HEALTHCARE NHS TRUST,55340,57128,1788,True
2024-10,2024-11,RXF,MID YORKSHIRE TEACHING NHS TRUST,55326,54971,-355,True
2024-10,2024-11,RXG,SOUTH WEST YORKSHIRE PARTNERSHIP NHS FOUNDATION TRUST,4037,4061,24,True
2024-10,2024-11,RXK,SANDWELL AND WEST BIRMINGHAM HOSPITALS NHS TRUST,76066,74775,-1291,True
2024-10,2024-11,RXL,BLACKPOOL TEACHING HOSPITALS NHS FOUNDATION TRUST,33405,32968,-437,True
2024-10,2024-11,RXN,LANCASHIRE TEACHING HOSPITALS NHS FOUNDATION TRUST,58679,58297,-382,True
2024-10,2024-11,RXP,COUNTY DURHAM AND DARLINGTON NHS FOUNDATION TRUST,39391,38938,-453,True
2024-10,2024-11,RXQ,BUCKINGHAMSHIRE HEALTHCARE NHS TRUST,44775,44262,-513,True
2024-10,2024-11,RXR,EAST LANCASHIRE HOSPITALS NHS TRUST,66276,65261,-1015,True
2024-10,2024-11,RXW,THE SHREWSBURY AND TELFORD HOSPITAL NHS TRUST,47713,47989,276,True
2024-10,2024-11,RY6,LEEDS COMMUNITY HEALTHCARE NHS TRUST,184,142,-42,True
2024-10,2024-11,RYJ,IMPERIAL COLLEGE HEALTHCARE NHS TRUST,95547,91602,-3945,True
2024-10,2024-11,RYR,UNIVERSITY HOSPITALS SUSSEX NHS FOUNDATION TRUST,119783,117890,-1893,True
2024-10,2024-11,RYW,BIRMINGHAM COMMUNITY HEALTHCARE NHS FOUNDATION TRUST,16479,16720,241,True
2024-10,2024-11,RYY,KENT COMMUNITY HEALTH NHS FOUNDATION TRUST,2207,2022,-185,True
2024-10,2024-11,S1Z4X,NEWMEDICA - BIRMINGHAM,402,425,23,True
2024-10,2024-11,S3H9L,THE HAMPTONS HOSPITAL LTD,771,965,194,True
2024-10,2024-11,T4I8V,SPAMEDICA CHESTERFIELD,48,61,13,True
2024-10,2024-11,T8R5I,SPAMEDICA WOKINGHAM,144,143,-1,True
2024-10,2024-11,T8V3L,SPAMEDICA DONCASTER,157,100,-57,True
2024-10,2024-11,TAD,BRADFORD DISTRICT CARE NHS FOUNDATION TRUST,550,489,-61,True
2024-10,2024-11,V4U1Y,SPAMEDICA CHESTER,107,90,-17,True
2024-10,2024-11,V5F1D,SPAMEDICA TELFORD,115,104,-11,True
2024-10,2024-11,V8N5R,SPAMEDICA DALSTON,224,260,36,True
2024-10,2024-11,Y8L9S,SPAMEDICA BROMLEY,296,319,23,True
2024-10,2024-11,Z2L9B,NEWMEDICA - MANCHESTER WEST,123,156,33,True
2024-10,2024-11,Z5J5V,SPAMEDICA HAYDOCK,161,178,17,True
2024-10,2024-11,Z9Z1G,SPAMEDICA GATESHEAD,108,108,0,True
2024-11,2024-12,A0C5S,SPAMEDICA GLOUCESTER,107,125,18,True
2024-11,2024-12,A1U4J,SPAMEDICA PORTSMOUTH,65,90,25,True
2024-11,2024-12,A4M8P,BUCKSHAW HOSPITAL,3342,3412,70,True
2024-11,2024-12,A4Q9X,NEWMEDICA LEICESTER,136,160,24,True
2024-11,2024-12,AAH,TETBURY HOSPITAL TRUST LTD,317,327,10,True
2024-11,2024-12,AAV,COMMUNITY HEALTH AND EYECARE LIMITED,4636,3674,-962,True
2024-11,2024-12,ACG08,NEWMEDICA OPHTHALMOLOGY - NUNEATON - CAMP HILL - GP LED HEALTH CENTRE,11,18,7,True
2024-11,2024-12,ACG12,NEWMEDICA COMMUNITY OPHTHALMOLOGY - NORTH EAST LINCOLNSHIRE - GRIMSBY,559,512,-47,True
2024-11,2024-12,ACG13,NEWMEDICA - GLOUCESTER (ASPEN MEDICAL CENTRE),162,192,30,True
2024-11,2024-12,ACG19,NEWMEDICA COMMUNITY OPHTHALMOLOGY - LEEDS,703,670,-33,True
2024-11,2024-12,ACG20,NEWMEDICA - BRISTOL - LITFIELD HOUSE,152,176,24,True
2024-11,2024-12,ACG22,NEWMEDICA - BRIGG - RIVERSIDE SURGERY,521,538,17,True
2024-11,2024-12,ACG24,NEWMEDICA - TEESSIDE - NORTH ORMESBY,832,886,54,True
2024-11,2024-12,ACG26,NEWMEDICA - NORTH DERBYSHIRE - MIDLAND COURT,797,813,16,True
2024-11,2024-12,ACG30,NEWMEDICA - WORKSOP - DUKERIES,112,149,37,True
2024-11,2024-12,ACG31,NEWMEDICA - WORCESTER,352,327,-25,True
2024-11,2024-12,ACG36,NEWMEDICA - EXETER - GLEN HOUSE,261,258,-3,True
2024-11,2024-12,ACG37,NEWMEDICA - IPSWICH,618,600,-18,True
2024-11,2024-12,ACG38,NEWMEDICA - LANGFORD,241,291,50,True
2024-11,2024-12,ACG39,NEWMEDICA - SWINDON,172,193,21,True
2024-11,2024-12,ACG40,NEWMEDICA - WAKEFIELD,315,363,48,True
2024-11,2024-12,ACM,EYE CARE MEDICAL LTD,5,7,2,True
2024-11,2024-12,ADF01,NORTHWEST DIAGNOSTIC & TREATMENT SERVICES (MANOR HOUSE SURGERY),54,49,-5,True
2024-11,2024-12,ADN,PRIMARY INTEGRATED COMMUNITY SERVICES LTD,2954,3114,160,True
2024-11,2024-12,ADP02,KIMS HOSPITAL (NEWNHAM COURT),1194,1261,67,True
2024-11,2024-12,AHP,ST MICHAEL'S CLINIC LIMITED,2236,2209,-27,True
2024-11,2024-12,AJ8,THE GRANGE MEDICAL CENTRE HQ,58,57,-1,True
2024-11,2024-12,AJX,SUSSEX MSK PARTNERSHIP 2,8594,0,-8594,False
2024-11,2024-12,AQK,VERNOVA HEALTHCARE COMMUNITY INTEREST COMPANY,172,211,39,True
2024-11,2024-12,AY1,MEDEFER,4582,4660,78,True
2024-11,2024-12,B1A5K,NEWMEDICA - NOTTINGHAM,510,628,118,True
2024-11,2024-12,B3M1X,CLAREMONT PRIVATE HOSPITAL,1689,1559,-130,True
2024-11,2024-12,B4N1U,SPAMEDICA ROMFORD,330,505,175,True
2024-11,2024-12,B5M7B,NEWMEDICA - NORWICH,697,677,-20,True
2024-11,2024-12,B9J4U,SPAMEDICA PETERBOROUGH,130,191,61,True
2024-11,2024-12,B9M3W,SPAMEDICA SOUTHAMPTON,149,218,69,True
2024-11,2024-12,C3Y0A,SPAMEDICA BLACKPOOL,63,116,53,True
2024-11,2024-12,C9A7J,NEWMEDICA - BRADFORD & HUDDERSFIELD,22,68,46,True
2024-11,2024-12,D3O0Z,PLYMOUTH NEWMEDICA LTD,366,435,69,True
2024-11,2024-12,D5P5H,SPAMEDICA BEXHILL,155,287,132,True
2024-11,2024-12,DFQ,NORWICH & NORFOLK SURGICAL LTD (N2S),797,889,92,True
2024-11,2024-12,DFY01,COTSWOLDS SURGICAL PARTNERS,164,187,23,True
2024-11,2024-12,DJH01,THE ROYAL BUCKINGHAMSHIRE HOSPITAL LTD,47,42,-5,True
2024-11,2024-12,DTT,PHOENIX PUBLIC HEALTH LTD,413,381,-32,True
2024-11,2024-12,DX1,THE NEW FOSCOTE HOSPITAL LTD,486,426,-60,True
2024-11,2024-12,DXV,OMNES HEALTHCARE LTD,8962,7576,-1386,True
2024-11,2024-12,E1U4T,SPAMEDICA CARLISLE,207,294,87,True
2024-11,2024-12,E3D4A,SPAMEDICA TRURO,144,206,62,True
2024-11,2024-12,F0R0W,NEWMEDICA - DARLINGTON,22,13,-9,True
2024-11,2024-12,F1Y1H,NEWMEDICA - CHESHIRE OAKS,0,38,38,False
2024-11,2024-12,F9Z4V,CIRCLE READING HOSPITAL,1542,1562,20,True
2024-11,2024-12,G3O5P,SPAMEDICA NEWARK,170,251,81,True
2024-11,2024-12,G3Q3Z,NUFFIELD HEALTH HIGHGATE HOSPITAL,1048,1080,32,True
2024-11,2024-12,G3Z1Q,SULIS HOSPITAL BATH (FOXCOTE AVENUE),3180,3240,60,True
2024-11,2024-12,G4H0I,NEWMEDICA SUFFOLK - BURY ST EDMUNDS - CLARITY HOUSE,110,231,121,True
2024-11,2024-12,G5X2Q,SPAMEDICA NORTH TYNESIDE,113,189,76,True
2024-11,2024-12,G6S7A,SPAMEDICA TAUNTON,226,385,159,True
2024-11,2024-12,GEC01,RAPID INVESTIGATION SERVICE,112,79,-33,True
2024-11,2024-12,H1T2P,SPAMEDICA SWINDON,28,64,36,True
2024-11,2024-12,H2K1G,NEWMEDICA - BROMSGROVE,73,103,30,True
2024-11,2024-12,H4I8B,NUFFIELD HEALTH THE HOLLY HOSPITAL,3153,3294,141,True
2024-11,2024-12,H4J9P,NEWMEDICA AZTEC WEST,431,528,97,True
2024-11,2024-12,I1H7K,SPAMEDICA SALE,22,41,19,True
2024-11,2024-12,I2C7H,SPAMEDICA BRADFORD,215,343,128,True
2024-11,2024-12,I9A4A,SPAMEDICA BRIGHTON,244,365,121,True
2024-11,2024-12,J2H6H,SPAMEDICA COLCHESTER,156,203,47,True
2024-11,2024-12,J3J8Z,NEWMEDICA - OXFORDSHIRE,234,337,103,True
2024-11,2024-12,J3X4C,SPAMEDICA WORCESTER,81,164,83,True
2024-11,2024-12,J7V1N,SPAMEDICA SOLIHULL,151,231,80,True
2024-11,2024-12,K8I4X,GLENDON WOOD HOSPITAL,1735,1680,-55,True
2024-11,2024-12,K9J3O,SPAMEDICA LUTON,86,106,20,True
2024-11,2024-12,L0D9W,NEWMEDICA - GLOUCESTER (BRIGHOUSE COURT),990,935,-55,True
2024-11,2024-12,L4R3R,NEWMEDICA - HAMPSHIRE,606,657,51,True
2024-11,2024-12,L6O7H,SPAMEDICA POOLE,322,487,165,True
2024-11,2024-12,L9D3Z,SPAMEDICA LEICESTER,114,190,76,True
2024-11,2024-12,M0N7E,SPAMEDICA SITTINGBOURNE,202,325,123,True
2024-11,2024-12,M3R0W,SPAMEDICA NORWICH,86,182,96,True
2024-11,2024-12,M4C5R,NEWMEDICA - NORTHAMPTON,771,805,34,True
2024-11,2024-12,M5E1S,SPAMEDICA EXETER,140,237,97,True
2024-11,2024-12,M7C9Q,SPAMEDICA EPSOM,230,308,78,True
2024-11,2024-12,M9U8M,ENDOCARE DIAGNOSTICS LTD,83,115,32,True
2024-11,2024-12,N6Z0R,NEWMEDICA - LINCOLN,38,24,-14,True
2024-11,2024-12,N8R1N,NEWMEDICA - BERKSHIRE,142,219,77,True
2024-11,2024-12,NAM01,PROBUS SURGICAL CENTRE,1192,1020,-172,True
2024-11,2024-12,NCN,DMC HEALTHCARE,2164,2008,-156,True
2024-11,2024-12,NCR,ISIGHT,968,864,-104,True
2024-11,2024-12,NDJ,FIRST COMMUNITY HEALTH AND CARE CIC,563,485,-78,True
2024-11,2024-12,NDL01,SUFFOLK GP FEDERATION,44,59,15,True
2024-11,2024-12,NEQ,PHOENIX HEALTH SOLUTIONS LIMITED HQ,872,721,-151,True
2024-11,2024-12,NEY,PIONEER HEALTHCARE LIMITED,2951,2785,-166,True
2024-11,2024-12,NFH,SOMERSET SURGICAL SERVICES HQ,883,872,-11,True
2024-11,2024-12,NL3,CARE PLUS GROUP,195,183,-12,True
2024-11,2024-12,NL8,LOCALA COMMUNITY PARTNERSHIPS CIC,2571,2479,-92,True
2024-11,2024-12,NLE01,LANCASTER HOUSE CONSULTING DIAGNOSTICS SURGICAL LTD HQ,495,523,28,True
2024-11,2024-12,NLG,COMMUNITAS CLINICS,4297,4594,297,True
2024-11,2024-12,NLX,SIRONA CARE & HEALTH,6126,6183,57,True
2024-11,2024-12,NMG,CONNECT HEALTH LIMITED,10825,12058,1233,True
2024-11,2024-12,NN4,TYNESIDE SURGICAL SERVICES LTD,1151,1176,25,True
2024-11,2024-12,NN5,MANCHESTER SURGICAL SERVICES LTD,175,230,55,True
2024-11,2024-12,NN8,SPENCER PRIVATE HOSPITALS LTD,3104,3265,161,True
2024-11,2024-12,NNE,DORKING HEALTHCARE LIMITED (DHC),5900,5696,-204,True
2024-11,2024-12,NNH,OPTEGRA UK,0,4917,4917,False
2024-11,2024-12,NPG01,SPAMEDICA MANCHESTER,163,190,27,True
2024-11,2024-12,NPG02,SPAMEDICA WIRRAL,189,268,79,True
2024-11,2024-12,NPG06,SPAMEDICA LIVERPOOL,184,300,116,True
2024-11,2024-12,NPG07,SPAMEDICA EYE HOSPITAL (WAKEFIELD),202,244,42,True
2024-11,2024-12,NPG08,SPAMEDICA BOLTON,182,257,75,True
2024-11,2024-12,NPG10,SPAMEDICA SHEFFIELD,161,213,52,True
2024-11,2024-12,NPG11,SPAMEDICA BIRMINGHAM,300,424,124,True
2024-11,2024-12,NPG13,SPAMEDICA SKELMERSDALE,146,211,65,True
2024-11,2024-12,NPG14,SPAMEDICA WIDNES,92,130,38,True
2024-11,2024-12,NPG15,SPAMEDICA NEWCASTLE-UNDER-LYME,155,294,139,True
2024-11,2024-12,NPG16,SPAMEDICA CHELMSFORD,328,493,165,True
2024-11,2024-12,NPG17,SPAMEDICA PRESTON,137,163,26,True
2024-11,2024-12,NPG18,SPAMEDICA HULL,165,312,147,True
2024-11,2024-12,NPG19,SPAMEDICA BEDFORD,185,255,70,True
2024-11,2024-12,NPG20,SPAMEDICA WOLVERHAMPTON,243,373,130,True
2024-11,2024-12,NPG21,SPAMEDICA COVENTRY,186,292,106,True
2024-11,2024-12,NPG22,SPAMEDICA STOCKTON-ON-TEES,138,222,84,True
2024-11,2024-12,NPG23,SPAMEDICA DERBY,140,207,67,True
2024-11,2024-12,NPR01,ABOUT HEALTH HQ,1653,1749,96,True
2024-11,2024-12,NQH,NOVUS HEALTH LTD,1291,1116,-175,True
2024-11,2024-12,NQM01,ORTHOPAEDICS & SPINE SPECIALIST HOSPITAL SITE,172,166,-6,True
2024-11,2024-12,NQT5K,ST MARTINS HOSPITAL,975,1004,29,True
2024-11,2024-12,NQX01,PROVIDE WELLBEING @ TOLLGATE CLINIC,174,142,-32,True
2024-11,2024-12,NR5,LIVEWELL SOUTHWEST,54,56,2,True
2024-11,2024-12,NRP,BEACON MEDICAL SERVICES GROUP LIMITED,440,193,-247,True
2024-11,2024-12,NT202,"NUFFIELD HEALTH, BOURNEMOUTH HOSPITAL",509,549,40,True
2024-11,2024-12,NT204,"NUFFIELD HEALTH, BRENTWOOD HOSPITAL",1362,1447,85,True
2024-11,2024-12,NT205,"NUFFIELD HEALTH, BRIGHTON HOSPITAL",663,833,170,True
2024-11,2024-12,NT206,"NUFFIELD HEALTH, BRISTOL HOSPITAL (CHESTERFIELD)",317,332,15,True
2024-11,2024-12,NT209,"NUFFIELD HEALTH, CAMBRIDGE HOSPITAL",422,394,-28,True
2024-11,2024-12,NT210,"NUFFIELD HEALTH, THE GROSVENOR HOSPITAL, CHESTER",315,332,17,True
2024-11,2024-12,NT211,"NUFFIELD HEALTH, CHELTENHAM HOSPITAL",33,29,-4,True
2024-11,2024-12,NT212,"NUFFIELD HEALTH, CHICHESTER HOSPITAL",1003,962,-41,True
2024-11,2024-12,NT213,"NUFFIELD HEALTH, DERBY HOSPITAL",1292,1282,-10,True
2024-11,2024-12,NT214,"NUFFIELD HEALTH, WESSEX HOSPITAL",528,550,22,True
2024-11,2024-12,NT215,"NUFFIELD HEALTH, EXETER HOSPITAL",329,329,0,True
2024-11,2024-12,NT216,"NUFFIELD HEALTH, GUILDFORD HOSPITAL",291,304,13,True
2024-11,2024-12,NT218,"NUFFIELD HEALTH, HAYWARDS HEATH HOSPITAL",306,285,-21,True
2024-11,2024-12,NT219,"NUFFIELD HEALTH, HEREFORD HOSPITAL",206,248,42,True
2024-11,2024-12,NT224,"NUFFIELD HEALTH, WARWICKSHIRE HOSPITAL",252,242,-10,True
2024-11,2024-12,NT225,"NUFFIELD HEALTH, LEEDS HOSPITAL",1495,1613,118,True
2024-11,2024-12,NT226,"NUFFIELD HEALTH, LEICESTER HOSPITAL",494,539,45,True
2024-11,2024-12,NT229,"NUFFIELD HEALTH, NEWCASTLE UPON TYNE HOSPITAL",443,460,17,True
2024-11,2024-12,NT230,"NUFFIELD HEALTH, NORTH STAFFORDSHIRE HOSPITAL",1760,1857,97,True
2024-11,2024-12,NT233,"NUFFIELD HEALTH, PLYMOUTH HOSPITAL",1288,1318,30,True
2024-11,2024-12,NT235,"NUFFIELD HEALTH, SHREWSBURY HOSPITAL",160,201,41,True
2024-11,2024-12,NT237,"NUFFIELD HEALTH, TEES HOSPITAL",1135,1214,79,True
2024-11,2024-12,NT238,"NUFFIELD HEALTH, TAUNTON HOSPITAL",265,271,6,True
2024-11,2024-12,NT239,"NUFFIELD HEALTH, TUNBRIDGE WELLS HOSPITAL",340,219,-121,True
2024-11,2024-12,NT241,"NUFFIELD HEALTH, WOKING HOSPITAL",577,564,-13,True
2024-11,2024-12,NT242,"NUFFIELD HEALTH, WOLVERHAMPTON HOSPITAL",477,493,16,True
2024-11,2024-12,NT245,"NUFFIELD HEALTH, YORK HOSPITAL",578,575,-3,True
2024-11,2024-12,NT301,SPIRE SOUTH BANK HOSPITAL,845,806,-39,True
2024-11,2024-12,NT302,SPIRE BRISTOL HOSPITAL,761,710,-51,True
2024-11,2024-12,NT304,SPIRE SOUTHAMPTON HOSPITAL,579,635,56,True
2024-11,2024-12,NT305,SPIRE PORTSMOUTH HOSPITAL,374,363,-11,True
2024-11,2024-12,NT308,SPIRE GATWICK PARK HOSPITAL,677,1066,389,True
2024-11,2024-12,NT30A,SPIRE NOTTINGHAM HOSPITAL,433,495,62,True
2024-11,2024-12,NT312,SPIRE ALEXANDRA HOSPITAL,1134,1083,-51,True
2024-11,2024-12,NT313,SPIRE WELLESLEY HOSPITAL,1243,1368,125,True
2024-11,2024-12,NT314,SPIRE LONDON EAST,1560,1889,329,True
2024-11,2024-12,NT315,SPIRE BUSHEY HOSPITAL,577,562,-15,True
2024-11,2024-12,NT316,SPIRE HARPENDEN HOSPITAL,526,493,-33,True
2024-11,2024-12,NT317,SPIRE CAMBRIDGE LEA HOSPITAL,274,299,25,True
2024-11,2024-12,NT318,SPIRE NORWICH HOSPITAL,252,270,18,True
2024-11,2024-12,NT319,SPIRE HARTSWOOD HOSPITAL,1336,1449,113,True
2024-11,2024-12,NT320,SPIRE PARKWAY HOSPITAL,1427,1430,3,True
2024-11,2024-12,NT321,SPIRE LITTLE ASTON HOSPITAL,1413,1575,162,True
2024-11,2024-12,NT322,SPIRE LEICESTER HOSPITAL,705,623,-82,True
2024-11,2024-12,NT324,SPIRE CHESHIRE HOSPITAL,1229,1244,15,True
2024-11,2024-12,NT325,SPIRE MURRAYFIELD HOSPITAL,549,537,-12,True
2024-11,2024-12,NT327,SPIRE MANCHESTER HOSPITAL,694,771,77,True
2024-11,2024-12,NT332,SPIRE LEEDS HOSPITAL,937,933,-4,True
2024-11,2024-12,NT333,SPIRE WASHINGTON HOSPITAL,1484,1430,-54,True
2024-11,2024-12,NT337,SPIRE LIVERPOOL HOSPITAL,3410,3105,-305,True
2024-11,2024-12,NT339,SPIRE REGENCY HOSPITAL,1281,1397,116,True
2024-11,2024-12,NT343,SPIRE THAMES VALLEY HOSPITAL,440,384,-56,True
2024-11,2024-12,NT344,SPIRE DUNEDIN HOSPITAL,363,328,-35,True
2024-11,2024-12,NT345,SPIRE CLARE PARK HOSPITAL,244,249,5,True
2024-11,2024-12,NT347,SPIRE FYLDE COAST HOSPITAL,3165,2960,-205,True
2024-11,2024-12,NT348,SPIRE ELLAND HOSPITAL,1047,1111,64,True
2024-11,2024-12,NT350,SPIRE METHLEY PARK HOSPITAL,1335,1277,-58,True
2024-11,2024-12,NT351,SPIRE HULL AND EAST RIDING HOSPITAL,3336,3420,84,True
2024-11,2024-12,NT364,SPIRE MONTEFIORE HOSPITAL,808,1669,861,True
2024-11,2024-12,NT3X3,SPIRE ST ANTHONY'S HOSPITAL,1435,1523,88,True
2024-11,2024-12,NT401,ALEXANDRA HOSPITAL,742,804,62,True
2024-11,2024-12,NT402,BATH CLINIC,637,768,131,True
2024-11,2024-12,NT403,BEARDWOOD HOSPITAL,2623,2717,94,True
2024-11,2024-12,NT404,BEAUMONT HOSPITAL,2635,2755,120,True
2024-11,2024-12,NT405,BISHOPS WOOD HOSPITAL,688,709,21,True
2024-11,2024-12,NT406,BLACKHEATH HOSPITAL,1226,1346,120,True
2024-11,2024-12,NT408,CHAUCER HOSPITAL,750,739,-11,True
2024-11,2024-12,NT409,CHELSFIELD PARK HOSPITAL,562,580,18,True
2024-11,2024-12,NT410,CHILTERN HOSPITAL,464,520,56,True
2024-11,2024-12,NT411,CLEMENTINE CHURCHILL HOSPITAL,2051,2031,-20,True
2024-11,2024-12,NT412,DROITWICH SPA HOSPITAL,2180,2222,42,True
2024-11,2024-12,NT416,HENDON HOSPITAL,866,834,-32,True
2024-11,2024-12,NT417,GORING HALL HOSPITAL,1422,1430,8,True
2024-11,2024-12,NT418,HAMPSHIRE CLINIC,430,408,-22,True
2024-11,2024-12,NT419,HARBOUR HOSPITAL,147,150,3,True
2024-11,2024-12,NT420,HIGHFIELD HOSPITAL,858,841,-17,True
2024-11,2024-12,NT421,KINGS OAK HOSPITAL,1122,1148,26,True
2024-11,2024-12,NT422,LONDON INDEPENDENT HOSPITAL,4501,4376,-125,True
2024-11,2024-12,NT423,MANOR HOSPITAL,867,918,51,True
2024-11,2024-12,NT424,MERIDEN HOSPITAL,1536,1665,129,True
2024-11,2024-12,NT427,PARK HOSPITAL,1116,1130,14,True
2024-11,2024-12,NT428,PRINCESS MARGARET HOSPITAL,128,131,3,True
2024-11,2024-12,NT429,PRIORY HOSPITAL,995,974,-21,True
2024-11,2024-12,NT430,RIDGEWAY HOSPITAL,361,410,49,True
2024-11,2024-12,NT431,RUNNYMEDE HOSPITAL,134,125,-9,True
2024-11,2024-12,NT433,SARUM ROAD HOSPITAL,350,385,35,True
2024-11,2024-12,NT434,SAXON CLINIC,653,689,36,True
2024-11,2024-12,NT435,SHELBURNE HOSPITAL,191,689,498,True
2024-11,2024-12,NT436,SHIRLEY OAKS HOSPITAL,1044,1114,70,True
2024-11,2024-12,NT437,SLOANE HOSPITAL,773,808,35,True
2024-11,2024-12,NT440,THORNBURY HOSPITAL,601,639,38,True
2024-11,2024-12,NT441,THREE SHIRES HOSPITAL,3159,3210,51,True
2024-11,2024-12,NT443,WINTERBOURNE HOSPITAL,289,307,18,True
2024-11,2024-12,NT445,EDGBASTON HOSPITAL,1,1,0,True
2024-11,2024-12,NT446,ST EDMUNDS HOSPITAL,694,756,62,True
2024-11,2024-12,NT447,DUCHY HOSPITAL,530,556,26,True
2024-11,2024-12,NT448,HUDDERSFIELD PRIVATE HOSPITAL,809,860,51,True
2024-11,2024-12,NT449,LANCASTER PRIVATE HOSPITAL,383,388,5,True
2024-11,2024-12,NT450,LINCOLN PRIVATE HOSPITAL,1454,1542,88,True
2024-11,2024-12,NT451,CAVELL HOSPITAL,1445,1347,-98,True
2024-11,2024-12,NT455,MOUNT ALVERNIA HOSPITAL,181,189,8,True
2024-11,2024-12,NT457,WOODLANDS HOSPITAL,2135,2304,169,True
2024-11,2024-12,NT490,SOUTHEND PRIVATE HOSPITAL,726,720,-6,True
2024-11,2024-12,NTE02,ST HUGH'S HOSPITAL,2451,2624,173,True
2024-11,2024-12,NTP11,PRACTICE PLUS GROUP HOSPITAL - SOUTHAMPTON,9722,9170,-552,True
2024-11,2024-12,NTP13,PRACTICE PLUS GROUP HOSPITAL - BARLBOROUGH,2027,2131,104,True
2024-11,2024-12,NTP15,PRACTICE PLUS GROUP HOSPITAL - ILFORD,5145,5570,425,True
2024-11,2024-12,NTP16,PRACTICE PLUS GROUP SURGICAL CENTRE - GILLINGHAM,1224,1153,-71,True
2024-11,2024-12,NTPAD,PRACTICE PLUS GROUP SURGICAL CENTRE - ST MARYS PORTSMOUTH,2008,1837,-171,True
2024-11,2024-12,NTPAE,PRACTICE PLUS GROUP OPHTHALMOLOGY - NORTH WEST,871,954,83,True
2024-11,2024-12,NTPH1,PRACTICE PLUS GROUP HOSPITAL - SHEPTON MALLET,2765,2808,43,True
2024-11,2024-12,NTPH2,PRACTICE PLUS GROUP HOSPITAL - EMERSONS GREEN,4642,4625,-17,True
2024-11,2024-12,NTPH3,PRACTICE PLUS GROUP SURGICAL CENTRE - DEVIZES,2514,2604,90,True
2024-11,2024-12,NTPH5,PRACTICE PLUS GROUP HOSPITAL - PLYMOUTH,1850,1832,-18,True
2024-11,2024-12,NTX,THE ONE HEALTH GROUP PLC,3975,4121,146,True
2024-11,2024-12,NV1,INHEALTH LIMITED,1770,1813,43,True
2024-11,2024-12,NVC01,ASHTEAD HOSPITAL,784,828,44,True
2024-11,2024-12,NVC02,THE BERKSHIRE INDEPENDENT HOSPITAL,1193,1165,-28,True
2024-11,2024-12,NVC04,DUCHY HOSPITAL,1782,1767,-15,True
2024-11,2024-12,NVC05,EUXTON HALL HOSPITAL,3202,3261,59,True
2024-11,2024-12,NVC06,FITZWILLIAM HOSPITAL,6996,6836,-160,True
2024-11,2024-12,NVC07,FULWOOD HALL HOSPITAL,6274,6502,228,True
2024-11,2024-12,NVC08,MOUNT STUART HOSPITAL,1865,1905,40,True
2024-11,2024-12,NVC09,NEW HALL HOSPITAL,3655,3627,-28,True
2024-11,2024-12,NVC0I,BEACON PARK HOSPITAL,977,992,15,True
2024-11,2024-12,NVC0R,TEES VALLEY HOSPITAL,3835,3918,83,True
2024-11,2024-12,NVC0Y,EXETER MEDICAL,188,241,53,True
2024-11,2024-12,NVC11,NORTH DOWNS HOSPITAL,1737,1799,62,True
2024-11,2024-12,NVC12,OAKLANDS HOSPITAL,4979,4871,-108,True
2024-11,2024-12,NVC13,OAKS HOSPITAL,796,848,52,True
2024-11,2024-12,NVC14,PARK HILL HOSPITAL,850,872,22,True
2024-11,2024-12,NVC15,PINEHILL HOSPITAL,1738,1753,15,True
2024-11,2024-12,NVC16,RENACRES HOSPITAL,4243,4147,-96,True
2024-11,2024-12,NVC17,ROWLEY HALL HOSPITAL,3135,3281,146,True
2024-11,2024-12,NVC18,SPRINGFIELD HOSPITAL,4684,4798,114,True
2024-11,2024-12,NVC19,RIVERS HOSPITAL,4133,4295,162,True
2024-11,2024-12,NVC1H,STOURSIDE HOSPITAL,3216,3215,-1,True
2024-11,2024-12,NVC20,THE YORKSHIRE CLINIC,8648,8805,157,True
2024-11,2024-12,NVC21,WEST MIDLANDS HOSPITAL,1057,1090,33,True
2024-11,2024-12,NVC22,WINFIELD HOSPITAL,1392,1472,80,True
2024-11,2024-12,NVC23,WOODLAND HOSPITAL,4901,4857,-44,True
2024-11,2024-12,NVC25,THE CHERWELL HOSPITAL,2480,2629,149,True
2024-11,2024-12,NVC27,BOSTON WEST HOSPITAL,1943,2004,61,True
2024-11,2024-12,NVC28,CLIFTON PARK HOSPITAL,1728,1759,31,True
2024-11,2024-12,NVC29,COBALT HOSPITAL,2149,2273,124,True
2024-11,2024-12,NVC31,BLAKELANDS HOSPITAL,1839,1997,158,True
2024-11,2024-12,NVC40,WOODTHORPE HOSPITAL,4682,4404,-278,True
2024-11,2024-12,NVC44,THE WESTBOURNE CENTRE,2922,3029,107,True
2024-11,2024-12,NVG01,FAIRFIELD HOSPITAL,2053,2045,-8,True
2024-11,2024-12,NVL,DMC DERMATOLOGY,194,148,-46,True
2024-11,2024-12,NVM,EPSOMEDICAL GROUP,2766,2754,-12,True
2024-11,2024-12,NWF01,BENENDEN HOSPITAL,1412,1522,110,True
2024-11,2024-12,NWV01,GP CARE UK,595,639,44,True
2024-11,2024-12,NWX,HERE,12565,0,-12565,False
2024-11,2024-12,NXM01,THE HORDER CENTRE - ST JOHNS ROAD,397,1249,852,True
2024-11,2024-12,NXP,INDEPENDENT HEALTH GROUP,1002,953,-49,True
2024-11,2024-12,NYG,SUSSEX COMMUNITY DERMATOLOGY SERVICE,13054,12768,-286,True
2024-11,2024-12,NYR,HEALTHSHARE DIAGNOSTICS,2506,2512,6,True
2024-11,2024-12,NYW17,ASPEN HEALTHCARE - MIDLAND EYE,675,684,9,True
2024-11,2024-12,O1P6X,SPAMEDICA OLDHAM,233,398,165,True
2024-11,2024-12,O5Y9D,SPAMEDICA OXFORD,107,147,40,True
2024-11,2024-12,P0C3F,SPAMEDICA LEEDS,115,195,80,True
2024-11,2024-12,P1B7M,SPAMEDICA BRISTOL,62,113,51,True
2024-11,2024-12,P5Y6K,NEWMEDICA - SHREWSBURY,147,195,48,True
2024-11,2024-12,Q1S8W,NEWMEDICA - BURY ST EDMUNDS,59,36,-23,True
2024-11,2024-12,Q1W6P,SPAMEDICA WATFORD,191,255,64,True
2024-11,2024-12,R0A,MANCHESTER UNIVERSITY NHS FOUNDATION TRUST,199578,199425,-153,True
2024-11,2024-12,R0B,SOUTH TYNESIDE AND SUNDERLAND NHS FOUNDATION TRUST,59887,59332,-555,True
2024-11,2024-12,R0D,UNIVERSITY HOSPITALS DORSET NHS FOUNDATION TRUST,67388,68047,659,True
2024-11,2024-12,R0F4N,NUFFIELD HEALTH PARKSIDE HOSPITAL,997,1046,49,True
2024-11,2024-12,R1A,HEREFORDSHIRE AND WORCESTERSHIRE HEALTH AND CARE NHS TRUST,51,53,2,True
2024-11,2024-12,R1D,SHROPSHIRE COMMUNITY HEALTH NHS TRUST,11593,10822,-771,True
2024-11,2024-12,R1F,ISLE OF WIGHT NHS TRUST,14607,14353,-254,True
2024-11,2024-12,R1G7E,SPAMEDICA KENDAL,169,264,95,True
2024-11,2024-12,R1H,BARTS HEALTH NHS TRUST,127232,127993,761,True
2024-11,2024-12,R1K,LONDON NORTH WEST UNIVERSITY HEALTHCARE NHS TRUST,92390,90846,-1544,True
2024-11,2024-12,R1L,ESSEX PARTNERSHIP UNIVERSITY NHS FOUNDATION TRUST,1181,1232,51,True
2024-11,2024-12,R3I5E,NEWMEDICA -TELFORD,3,4,1,True
2024-11,2024-12,R7W2O,NEWCASTLE NEWMEDICA LTD,224,332,108,True
2024-11,2024-12,RA2,ROYAL SURREY COUNTY HOSPITAL NHS FOUNDATION TRUST,36879,35931,-948,True
2024-11,2024-12,RA7,UNIVERSITY HOSPITALS BRISTOL AND WESTON NHS FOUNDATION TRUST,54998,54325,-673,True
2024-11,2024-12,RA9,TORBAY AND SOUTH DEVON NHS FOUNDATION TRUST,32869,33759,890,True
2024-11,2024-12,RAE,BRADFORD TEACHING HOSPITALS NHS FOUNDATION TRUST,33643,32869,-774,True
2024-11,2024-12,RAJ,MID AND SOUTH ESSEX NHS FOUNDATION TRUST,163477,163557,80,True
2024-11,2024-12,RAL,ROYAL FREE LONDON NHS FOUNDATION TRUST,111904,111812,-92,True
2024-11,2024-12,RAN,ROYAL NATIONAL ORTHOPAEDIC HOSPITAL NHS TRUST,8139,8281,142,True
2024-11,2024-12,RAP,NORTH MIDDLESEX UNIVERSITY HOSPITAL NHS TRUST,28382,29759,1377,True
2024-11,2024-12,RAS,THE HILLINGDON HOSPITALS NHS FOUNDATION TRUST,27002,26862,-140,True
2024-11,2024-12,RAX,KINGSTON AND RICHMOND NHS FOUNDATION TRUST,39002,40024,1022,True
2024-11,2024-12,RBD,DORSET COUNTY HOSPITAL NHS FOUNDATION TRUST,21693,21859,166,True
2024-11,2024-12,RBK,WALSALL HEALTHCARE NHS TRUST,29940,29453,-487,True
2024-11,2024-12,RBL,WIRRAL UNIVERSITY TEACHING HOSPITAL NHS FOUNDATION TRUST,48018,47379,-639,True
2024-11,2024-12,RBN,MERSEY AND WEST LANCASHIRE TEACHING HOSPITALS NHS TRUST,80378,77639,-2739,True
2024-11,2024-12,RBQ,LIVERPOOL HEART AND CHEST HOSPITAL NHS FOUNDATION TRUST,5805,5811,6,True
2024-11,2024-12,RBS,ALDER HEY CHILDREN'S NHS FOUNDATION TRUST,22171,21839,-332,True
2024-11,2024-12,RBT,MID CHESHIRE HOSPITALS NHS FOUNDATION TRUST,38827,37898,-929,True
2024-11,2024-12,RBV,THE CHRISTIE NHS FOUNDATION TRUST,2678,2803,125,True
2024-11,2024-12,RC9,BEDFORDSHIRE HOSPITALS NHS FOUNDATION TRUST,98493,98711,218,True
2024-11,2024-12,RCB,YORK AND SCARBOROUGH TEACHING HOSPITALS NHS FOUNDATION TRUST,43826,43350,-476,True
2024-11,2024-12,RCD,HARROGATE AND DISTRICT NHS FOUNDATION TRUST,22725,22355,-370,True
2024-11,2024-12,RCF,AIREDALE NHS FOUNDATION TRUST,14010,13789,-221,True
2024-11,2024-12,RCU,SHEFFIELD CHILDREN'S NHS FOUNDATION TRUST,12208,12318,110,True
2024-11,2024-12,RCX,"THE QUEEN ELIZABETH HOSPITAL, KING'S LYNN, NHS FOUNDATION TRUST",25496,25582,86,True
2024-11,2024-12,RD1,ROYAL UNITED HOSPITALS BATH NHS FOUNDATION TRUST,39833,40110,277,True
2024-11,2024-12,RD8,MILTON KEYNES UNIVERSITY HOSPITAL NHS FOUNDATION TRUST,34176,33695,-481,True
2024-11,2024-12,RDE,EAST SUFFOLK AND NORTH ESSEX NHS FOUNDATION TRUST,92850,92022,-828,True
2024-11,2024-12,RDR,SUSSEX COMMUNITY NHS FOUNDATION TRUST,5239,10790,5551,True
2024-11,2024-12,RDU,FRIMLEY HEALTH NHS FOUNDATION TRUST,82908,81969,-939,True
2024-11,2024-12,REF,ROYAL CORNWALL HOSPITALS NHS TRUST,41968,41474,-494,True
2024-11,2024-12,REM,LIVERPOOL UNIVERSITY HOSPITALS NHS FOUNDATION TRUST,70335,71209,874,True
2024-11,2024-12,REN,THE CLATTERBRIDGE CANCER CENTRE NHS FOUNDATION TRUST,1153,1134,-19,True
2024-11,2024-12,REP,LIVERPOOL WOMEN'S NHS FOUNDATION TRUST,16334,16695,361,True
2024-11,2024-12,RET,THE WALTON CENTRE NHS FOUNDATION TRUST,15952,15825,-127,True
2024-11,2024-12,RF4,"BARKING, HAVERING AND REDBRIDGE UNIVERSITY HOSPITALS NHS TRUST",57713,55802,-1911,True
2024-11,2024-12,RFF,BARNSLEY HOSPITAL NHS FOUNDATION TRUST,21682,21821,139,True
2024-11,2024-12,RFR,THE ROTHERHAM NHS FOUNDATION TRUST,31920,31928,8,True
2024-11,2024-12,RFS,CHESTERFIELD ROYAL HOSPITAL NHS FOUNDATION TRUST,28938,28730,-208,True
2024-11,2024-12,RGM,ROYAL PAPWORTH HOSPITAL NHS FOUNDATION TRUST,7461,7352,-109,True
2024-11,2024-12,RGN,NORTH WEST ANGLIA NHS FOUNDATION TRUST,76729,77368,639,True
2024-11,2024-12,RGP,JAMES PAGET UNIVERSITY HOSPITALS NHS FOUNDATION TRUST,31669,31669,0,True
2024-11,2024-12,RGR,WEST SUFFOLK NHS FOUNDATION TRUST,33801,34410,609,True
2024-11,2024-12,RGT,CAMBRIDGE UNIVERSITY HOSPITALS NHS FOUNDATION TRUST,63827,64687,860,True
2024-11,2024-12,RH5,SOMERSET NHS FOUNDATION TRUST,59549,60041,492,True
2024-11,2024-12,RH8,ROYAL DEVON UNIVERSITY HEALTHCARE NHS FOUNDATION TRUST,70905,70413,-492,True
2024-11,2024-12,RHM,UNIVERSITY HOSPITAL SOUTHAMPTON NHS FOUNDATION TRUST,60329,60382,53,True
2024-11,2024-12,RHQ,SHEFFIELD TEACHING HOSPITALS NHS FOUNDATION TRUST,96285,95672,-613,True
2024-11,2024-12,RHU,PORTSMOUTH HOSPITALS UNIVERSITY NATIONAL HEALTH SERVICE TRUST,62255,61794,-461,True
2024-11,2024-12,RHW,ROYAL BERKSHIRE NHS FOUNDATION TRUST,35579,35351,-228,True
2024-11,2024-12,RJ1,GUY'S AND ST THOMAS' NHS FOUNDATION TRUST,129230,126371,-2859,True
2024-11,2024-12,RJ2,LEWISHAM AND GREENWICH NHS TRUST,66407,65686,-721,True
2024-11,2024-12,RJ6,CROYDON HEALTH SERVICES NHS TRUST,33911,33678,-233,True
2024-11,2024-12,RJ7,ST GEORGE'S UNIVERSITY HOSPITALS NHS FOUNDATION TRUST,67344,68277,933,True
2024-11,2024-12,RJ8,CORNWALL PARTNERSHIP NHS FOUNDATION TRUST,553,439,-114,True
2024-11,2024-12,RJC,SOUTH WARWICKSHIRE UNIVERSITY NHS FOUNDATION TRUST,32721,31926,-795,True
2024-11,2024-12,RJE,UNIVERSITY HOSPITALS OF NORTH MIDLANDS NHS TRUST,72980,73100,120,True
2024-11,2024-12,RJL,NORTHERN LINCOLNSHIRE AND GOOLE NHS FOUNDATION TRUST,43454,43051,-403,True
2024-11,2024-12,RJN,EAST CHESHIRE NHS TRUST,12758,12877,119,True
2024-11,2024-12,RJR,COUNTESS OF CHESTER HOSPITAL NHS FOUNDATION TRUST,34389,33870,-519,True
2024-11,2024-12,RJZ,KING'S COLLEGE HOSPITAL NHS FOUNDATION TRUST,87436,86186,-1250,True
2024-11,2024-12,RK5,SHERWOOD FOREST HOSPITALS NHS FOUNDATION TRUST,34537,34147,-390,True
2024-11,2024-12,RK9,UNIVERSITY HOSPITALS PLYMOUTH NHS TRUST,48587,48703,116,True
2024-11,2024-12,RKB,UNIVERSITY HOSPITALS COVENTRY AND WARWICKSHIRE NHS TRUST,83741,83904,163,True
2024-11,2024-12,RKE,WHITTINGTON HEALTH NHS TRUST,25327,26655,1328,True
2024-11,2024-12,RL1,THE ROBERT JONES AND AGNES HUNT ORTHOPAEDIC HOSPITAL NHS FOUNDATION TRUST,16961,16651,-310,True
2024-11,2024-12,RL4,THE ROYAL WOLVERHAMPTON NHS TRUST,89144,89567,423,True
2024-11,2024-12,RLQ,WYE VALLEY NHS TRUST,23951,23544,-407,True
2024-11,2024-12,RLT,GEORGE ELIOT HOSPITAL NHS TRUST,18206,18184,-22,True
2024-11,2024-12,RM1,NORFOLK AND NORWICH UNIVERSITY HOSPITALS NHS FOUNDATION TRUST,83088,83053,-35,True
2024-11,2024-12,RM3,NORTHERN CARE ALLIANCE NHS FOUNDATION TRUST,139974,138826,-1148,True
2024-11,2024-12,RMC,BOLTON NHS FOUNDATION TRUST,41728,41310,-418,True
2024-11,2024-12,RMP,TAMESIDE AND GLOSSOP INTEGRATED CARE NHS FOUNDATION TRUST,18571,18153,-418,True
2024-11,2024-12,RN3,GREAT WESTERN HOSPITALS NHS FOUNDATION TRUST,40095,40186,91,True
2024-11,2024-12,RN5,HAMPSHIRE HOSPITALS NHS FOUNDATION TRUST,52321,51918,-403,True
2024-11,2024-12,RN7,DARTFORD AND GRAVESHAM NHS TRUST,30583,31068,485,True
2024-11,2024-12,RNA,THE DUDLEY GROUP NHS FOUNDATION TRUST,46566,45356,-1210,True
2024-11,2024-12,RNN,NORTH CUMBRIA INTEGRATED CARE NHS FOUNDATION TRUST,37872,38769,897,True
2024-11,2024-12,RNQ,KETTERING GENERAL HOSPITAL NHS FOUNDATION TRUST,25387,25559,172,True
2024-11,2024-12,RNS,NORTHAMPTON GENERAL HOSPITAL NHS TRUST,40972,41190,218,True
2024-11,2024-12,RNZ,SALISBURY NHS FOUNDATION TRUST,27773,28376,603,True
2024-11,2024-12,RP4,GREAT ORMOND STREET HOSPITAL FOR CHILDREN NHS FOUNDATION TRUST,7665,7818,153,True
2024-11,2024-12,RP5,DONCASTER AND BASSETLAW TEACHING HOSPITALS NHS FOUNDATION TRUST,56090,55965,-125,True
2024-11,2024-12,RP6,MOORFIELDS EYE HOSPITAL NHS FOUNDATION TRUST,33281,33039,-242,True
2024-11,2024-12,RP7,LINCOLNSHIRE PARTNERSHIP NHS FOUNDATION TRUST,45,38,-7,True
2024-11,2024-12,RPA,MEDWAY NHS FOUNDATION TRUST,41354,40697,-657,True
2024-11,2024-12,RPC,QUEEN VICTORIA HOSPITAL NHS FOUNDATION TRUST,19392,19584,192,True
2024-11,2024-12,RPG,OXLEAS NHS FOUNDATION TRUST,2096,2067,-29,True
2024-11,2024-12,RPY,THE ROYAL MARSDEN NHS FOUNDATION TRUST,2068,1949,-119,True
2024-11,2024-12,RQ3,BIRMINGHAM WOMEN'S AND CHILDREN'S NHS FOUNDATION TRUST,25691,26035,344,True
2024-11,2024-12,RQM,CHELSEA AND WESTMINSTER HOSPITAL NHS FOUNDATION TRUST,62264,62683,419,True
2024-11,2024-12,RQW,THE PRINCESS ALEXANDRA HOSPITAL NHS TRUST,41199,42062,863,True
2024-11,2024-12,RQX,HOMERTON HEALTHCARE NHS FOUNDATION TRUST,34681,34626,-55,True
2024-11,2024-12,RR7,GATESHEAD HEALTH NHS FOUNDATION TRUST,12555,12694,139,True
2024-11,2024-12,RR8,LEEDS TEACHING HOSPITALS NHS TRUST,86191,86023,-168,True
2024-11,2024-12,RRE,MIDLANDS PARTNERSHIP UNIVERSITY NHS FOUNDATION TRUST,5265,5174,-91,True
2024-11,2024-12,RRF,"WRIGHTINGTON, WIGAN AND LEIGH NHS FOUNDATION TRUST",50902,50841,-61,True
2024-11,2024-12,RRJ,THE ROYAL ORTHOPAEDIC HOSPITAL NHS FOUNDATION TRUST,14561,14517,-44,True
2024-11,2024-12,RRK,UNIVERSITY HOSPITALS BIRMINGHAM NHS FOUNDATION TRUST,114872,115892,1020,True
2024-11,2024-12,RRV,UNIVERSITY COLLEGE LONDON HOSPITALS NHS FOUNDATION TRUST,74506,74637,131,True
2024-11,2024-12,RT1,CAMBRIDGESHIRE AND PETERBOROUGH NHS FOUNDATION TRUST,311,313,2,True
2024-11,2024-12,RTD,THE NEWCASTLE UPON TYNE HOSPITALS NHS FOUNDATION TRUST,100442,98720,-1722,True
2024-11,2024-12,RTE,GLOUCESTERSHIRE HOSPITALS NHS FOUNDATION TRUST,73496,72334,-1162,True
2024-11,2024-12,RTF,NORTHUMBRIA HEALTHCARE NHS FOUNDATION TRUST,34681,34202,-479,True
2024-11,2024-12,RTG,UNIVERSITY HOSPITALS OF DERBY AND BURTON NHS FOUNDATION TRUST,108777,108605,-172,True
2024-11,2024-12,RTH,OXFORD UNIVERSITY HOSPITALS NHS FOUNDATION TRUST,89724,90283,559,True
2024-11,2024-12,RTK,ASHFORD AND ST PETER'S HOSPITALS NHS FOUNDATION TRUST,56845,56528,-317,True
2024-11,2024-12,RTP,SURREY AND SUSSEX HEALTHCARE NHS TRUST,49772,49848,76,True
2024-11,2024-12,RTR,SOUTH TEES HOSPITALS NHS FOUNDATION TRUST,55853,56495,642,True
2024-11,2024-12,RTX,UNIVERSITY HOSPITALS OF MORECAMBE BAY NHS FOUNDATION TRUST,32448,32435,-13,True
2024-11,2024-12,RV3,CENTRAL AND NORTH WEST LONDON NHS FOUNDATION TRUST,1969,2023,54,True
2024-11,2024-12,RVJ,NORTH BRISTOL NHS TRUST,43935,43727,-208,True
2024-11,2024-12,RVR,EPSOM AND ST HELIER UNIVERSITY HOSPITALS NHS TRUST,50386,50537,151,True
2024-11,2024-12,RVV,EAST KENT HOSPITALS UNIVERSITY NHS FOUNDATION TRUST,85548,82986,-2562,True
2024-11,2024-12,RVW,NORTH TEES AND HARTLEPOOL NHS FOUNDATION TRUST,20092,20352,260,True
2024-11,2024-12,RW1,HAMPSHIRE AND ISLE OF WIGHT HEALTHCARE NHS FOUNDATION TRUST,3679,4021,342,True
2024-11,2024-12,RW4,MERSEY CARE NHS FOUNDATION TRUST,61,47,-14,True
2024-11,2024-12,RW5,LANCASHIRE & SOUTH CUMBRIA NHS FOUNDATION TRUST,2285,2672,387,True
2024-11,2024-12,RWA,HULL UNIVERSITY TEACHING HOSPITALS NHS TRUST,79506,79996,490,True
2024-11,2024-12,RWD,UNITED LINCOLNSHIRE TEACHING HOSPITALS NHS TRUST,70933,70622,-311,True
2024-11,2024-12,RWE,UNIVERSITY HOSPITALS OF LEICESTER NHS TRUST,113205,113292,87,True
2024-11,2024-12,RWF,MAIDSTONE AND TUNBRIDGE WELLS NHS TRUST,44541,44545,4,True
2024-11,2024-12,RWG,WEST HERTFORDSHIRE TEACHING HOSPITALS NHS TRUST,45750,45615,-135,True
2024-11,2024-12,RWH,EAST AND NORTH HERTFORDSHIRE NHS TRUST,56226,54309,-1917,True
2024-11,2024-12,RWJ,STOCKPORT NHS FOUNDATION TRUST,36627,36440,-187,True
2024-11,2024-12,RWP,WORCESTERSHIRE ACUTE HOSPITALS NHS TRUST,58159,57336,-823,True
2024-11,2024-12,RWW,WARRINGTON AND HALTON TEACHING HOSPITALS NHS FOUNDATION TRUST,34118,33587,-531,True
2024-11,2024-12,RWX,BERKSHIRE HEALTHCARE NHS FOUNDATION TRUST,121,108,-13,True
2024-11,2024-12,RWY,CALDERDALE AND HUDDERSFIELD NHS FOUNDATION TRUST,35154,35372,218,True
2024-11,2024-12,RX1,NOTTINGHAM UNIVERSITY HOSPITALS NHS TRUST,86861,91161,4300,True
2024-11,2024-12,RX4,"CUMBRIA, NORTHUMBERLAND, TYNE AND WEAR NHS FOUNDATION TRUST",190,187,-3,True
2024-11,2024-12,RXC,EAST SUSSEX HEALTHCARE NHS TRUST,57128,58603,1475,True
2024-11,2024-12,RXF,MID YORKSHIRE TEACHING NHS TRUST,54971,53971,-1000,True
2024-11,2024-12,RXG,SOUTH WEST YORKSHIRE PARTNERSHIP NHS FOUNDATION TRUST,4061,4166,105,True
2024-11,2024-12,RXK,SANDWELL AND WEST BIRMINGHAM HOSPITALS NHS TRUST,74775,73591,-1184,True
2024-11,2024-12,RXL,BLACKPOOL TEACHING HOSPITALS NHS FOUNDATION TRUST,32968,32756,-212,True
2024-11,2024-12,RXN,LANCASHIRE TEACHING HOSPITALS NHS FOUNDATION TRUST,58297,58907,610,True
2024-11,2024-12,RXP,COUNTY DURHAM AND DARLINGTON NHS FOUNDATION TRUST,38938,38511,-427,True
2024-11,2024-12,RXQ,BUCKINGHAMSHIRE HEALTHCARE NHS TRUST,44262,43719,-543,True
2024-11,2024-12,RXR,EAST LANCASHIRE HOSPITALS NHS TRUST,65261,64638,-623,True
2024-11,2024-12,RXW,THE SHREWSBURY AND TELFORD HOSPITAL NHS TRUST,47989,46254,-1735,True
2024-11,2024-12,RY6,LEEDS COMMUNITY HEALTHCARE NHS TRUST,142,115,-27,True
2024-11,2024-12,RYJ,IMPERIAL COLLEGE HEALTHCARE NHS TRUST,91602,91068,-534,True
2024-11,2024-12,RYR,UNIVERSITY HOSPITALS SUSSEX NHS FOUNDATION TRUST,117890,121115,3225,True
2024-11,2024-12,RYW,BIRMINGHAM COMMUNITY HEALTHCARE NHS FOUNDATION TRUST,16720,16840,120,True
2024-11,2024-12,RYY,KENT COMMUNITY HEALTH NHS FOUNDATION TRUST,2022,1943,-79,True
2024-11,2024-12,S1Z4X,NEWMEDICA - BIRMINGHAM,425,544,119,True
2024-11,2024-12,S3H9L,THE HAMPTONS HOSPITAL LTD,965,1141,176,True
2024-11,2024-12,T4I8V,SPAMEDICA CHESTERFIELD,61,114,53,True
2024-11,2024-12,T8R5I,SPAMEDICA WOKINGHAM,143,205,62,True
2024-11,2024-12,T8V3L,SPAMEDICA DONCASTER,100,158,58,True
2024-11,2024-12,TAD,BRADFORD DISTRICT CARE NHS FOUNDATION TRUST,489,458,-31,True
2024-11,2024-12,V4U1Y,SPAMEDICA CHESTER,90,153,63,True
2024-11,2024-12,V5F1D,SPAMEDICA TELFORD,104,177,73,True
2024-11,2024-12,V8N5R,SPAMEDICA DALSTON,260,306,46,True
2024-11,2024-12,Y8L9S,SPAMEDICA BROMLEY,319,544,225,True
2024-11,2024-12,Z2L9B,NEWMEDICA - MANCHESTER WEST,156,229,73,True
2024-11,2024-12,Z5J5V,SPAMEDICA HAYDOCK,178,314,136,True
2024-11,2024-12,Z9Z1G,SPAMEDICA GATESHEAD,108,213,105,True
2024-12,2025-01,A0C5S,SPAMEDICA GLOUCESTER,125,67,-58,True
2024-12,2025-01,A1U4J,SPAMEDICA PORTSMOUTH,90,68,-22,True
2024-12,2025-01,A4M8P,BUCKSHAW HOSPITAL,3412,3207,-205,True
2024-12,2025-01,A4Q9X,NEWMEDICA LEICESTER,160,170,10,True
2024-12,2025-01,AAH,TETBURY HOSPITAL TRUST LTD,327,302,-25,True
2024-12,2025-01,AAV,COMMUNITY HEALTH AND EYECARE LIMITED,3674,3467,-207,True
2024-12,2025-01,ACG08,NEWMEDICA OPHTHALMOLOGY - NUNEATON - CAMP HILL - GP LED HEALTH CENTRE,18,20,2,True
2024-12,2025-01,ACG12,NEWMEDICA COMMUNITY OPHTHALMOLOGY - NORTH EAST LINCOLNSHIRE - GRIMSBY,512,609,97,True
2024-12,2025-01,ACG13,NEWMEDICA - GLOUCESTER (ASPEN MEDICAL CENTRE),192,250,58,True
2024-12,2025-01,ACG19,NEWMEDICA COMMUNITY OPHTHALMOLOGY - LEEDS,670,585,-85,True
2024-12,2025-01,ACG20,NEWMEDICA - BRISTOL - LITFIELD HOUSE,176,191,15,True
2024-12,2025-01,ACG22,NEWMEDICA - BRIGG - RIVERSIDE SURGERY,538,664,126,True
2024-12,2025-01,ACG24,NEWMEDICA - TEESSIDE - NORTH ORMESBY,886,852,-34,True
2024-12,2025-01,ACG26,NEWMEDICA - NORTH DERBYSHIRE - MIDLAND COURT,813,869,56,True
2024-12,2025-01,ACG30,NEWMEDICA - WORKSOP - DUKERIES,149,137,-12,True
2024-12,2025-01,ACG31,NEWMEDICA - WORCESTER,327,356,29,True
2024-12,2025-01,ACG36,NEWMEDICA - EXETER - GLEN HOUSE,258,200,-58,True
2024-12,2025-01,ACG37,NEWMEDICA - IPSWICH,600,528,-72,True
2024-12,2025-01,ACG38,NEWMEDICA - LANGFORD,291,280,-11,True
2024-12,2025-01,ACG39,NEWMEDICA - SWINDON,193,189,-4,True
2024-12,2025-01,ACG40,NEWMEDICA - WAKEFIELD,363,351,-12,True
2024-12,2025-01,ACM,EYE CARE MEDICAL LTD,7,9,2,True
2024-12,2025-01,ADF01,NORTHWEST DIAGNOSTIC & TREATMENT SERVICES (MANOR HOUSE SURGERY),49,35,-14,True
2024-12,2025-01,ADN,PRIMARY INTEGRATED COMMUNITY SERVICES LTD,3114,3314,200,True
2024-12,2025-01,ADP02,KIMS HOSPITAL (NEWNHAM COURT),1261,1053,-208,True
2024-12,2025-01,AHP,ST MICHAEL'S CLINIC LIMITED,2209,2027,-182,True
2024-12,2025-01,AJ8,THE GRANGE MEDICAL CENTRE HQ,57,75,18,True
2024-12,2025-01,AQK,VERNOVA HEALTHCARE COMMUNITY INTEREST COMPANY,211,234,23,True
2024-12,2025-01,AY1,MEDEFER,4660,4496,-164,True
2024-12,2025-01,B1A5K,NEWMEDICA - NOTTINGHAM,628,520,-108,True
2024-12,2025-01,B3M1X,CLAREMONT PRIVATE HOSPITAL,1559,1883,324,True
2024-12,2025-01,B4N1U,SPAMEDICA ROMFORD,505,338,-167,True
2024-12,2025-01,B5M7B,NEWMEDICA - NORWICH,677,780,103,True
2024-12,2025-01,B9J4U,SPAMEDICA PETERBOROUGH,191,147,-44,True
2024-12,2025-01,B9M3W,SPAMEDICA SOUTHAMPTON,218,161,-57,True
2024-12,2025-01,C3Y0A,SPAMEDICA BLACKPOOL,116,90,-26,True
2024-12,2025-01,C5Y9L,NEWMEDICA - BERKSHIRE - BRACKNELL,0,1,1,False
2024-12,2025-01,C9A7J,NEWMEDICA - BRADFORD & HUDDERSFIELD,68,69,1,True
2024-12,2025-01,D3O0Z,PLYMOUTH NEWMEDICA LTD,435,427,-8,True
2024-12,2025-01,D5P5H,SPAMEDICA BEXHILL,287,160,-127,True
2024-12,2025-01,DFQ,NORWICH & NORFOLK SURGICAL LTD (N2S),889,905,16,True
2024-12,2025-01,DFY01,COTSWOLDS SURGICAL PARTNERS,187,244,57,True
2024-12,2025-01,DJH01,THE ROYAL BUCKINGHAMSHIRE HOSPITAL LTD,42,25,-17,True
2024-12,2025-01,DTT,PHOENIX PUBLIC HEALTH LTD,381,368,-13,True
2024-12,2025-01,DX1,THE NEW FOSCOTE HOSPITAL LTD,426,412,-14,True
2024-12,2025-01,DXV,OMNES HEALTHCARE LTD,7576,7947,371,True
2024-12,2025-01,E1U4T,SPAMEDICA CARLISLE,294,210,-84,True
2024-12,2025-01,E3D4A,SPAMEDICA TRURO,206,157,-49,True
2024-12,2025-01,F0R0W,NEWMEDICA - DARLINGTON,13,25,12,True
2024-12,2025-01,F1Y1H,NEWMEDICA - CHESHIRE OAKS,38,92,54,True
2024-12,2025-01,F9Z4V,CIRCLE READING HOSPITAL,1562,1524,-38,True
2024-12,2025-01,G3O5P,SPAMEDICA NEWARK,251,206,-45,True
2024-12,2025-01,G3Q3Z,NUFFIELD HEALTH HIGHGATE HOSPITAL,1080,1092,12,True
2024-12,2025-01,G3Z1Q,SULIS HOSPITAL BATH (FOXCOTE AVENUE),3240,3167,-73,True
2024-12,2025-01,G4H0I,NEWMEDICA SUFFOLK - BURY ST EDMUNDS - CLARITY HOUSE,231,293,62,True
2024-12,2025-01,G5X2Q,SPAMEDICA NORTH TYNESIDE,189,84,-105,True
2024-12,2025-01,G6S7A,SPAMEDICA TAUNTON,385,307,-78,True
2024-12,2025-01,GEC01,RAPID INVESTIGATION SERVICE,79,101,22,True
2024-12,2025-01,H1T2P,SPAMEDICA SWINDON,64,44,-20,True
2024-12,2025-01,H2K1G,NEWMEDICA - BROMSGROVE,103,95,-8,True
2024-12,2025-01,H4I8B,NUFFIELD HEALTH THE HOLLY HOSPITAL,3294,3245,-49,True
2024-12,2025-01,H4J9P,NEWMEDICA AZTEC WEST,528,590,62,True
2024-12,2025-01,I1H7K,SPAMEDICA SALE,41,39,-2,True
2024-12,2025-01,I2C7H,SPAMEDICA BRADFORD,343,215,-128,True
2024-12,2025-01,I9A4A,SPAMEDICA BRIGHTON,365,262,-103,True
2024-12,2025-01,J2H6H,SPAMEDICA COLCHESTER,203,144,-59,True
2024-12,2025-01,J3J8Z,NEWMEDICA - OXFORDSHIRE,337,315,-22,True
2024-12,2025-01,J3X4C,SPAMEDICA WORCESTER,164,89,-75,True
2024-12,2025-01,J7V1N,SPAMEDICA SOLIHULL,231,164,-67,True
2024-12,2025-01,K8I4X,GLENDON WOOD HOSPITAL,1680,1594,-86,True
2024-12,2025-01,K9J3O,SPAMEDICA LUTON,106,106,0,True
2024-12,2025-01,L0D9W,NEWMEDICA - GLOUCESTER (BRIGHOUSE COURT),935,811,-124,True
2024-12,2025-01,L4R3R,NEWMEDICA - HAMPSHIRE,657,646,-11,True
2024-12,2025-01,L6O7H,SPAMEDICA POOLE,487,229,-258,True
2024-12,2025-01,L9D3Z,SPAMEDICA LEICESTER,190,118,-72,True
2024-12,2025-01,M0N7E,SPAMEDICA SITTINGBOURNE,325,338,13,True
2024-12,2025-01,M3R0W,SPAMEDICA NORWICH,182,111,-71,True
2024-12,2025-01,M4C5R,NEWMEDICA - NORTHAMPTON,805,790,-15,True
2024-12,2025-01,M5E1S,SPAMEDICA EXETER,237,144,-93,True
2024-12,2025-01,M7C9Q,SPAMEDICA EPSOM,308,202,-106,True
2024-12,2025-01,M9U8M,ENDOCARE DIAGNOSTICS LTD,115,59,-56,True
2024-12,2025-01,N6Z0R,NEWMEDICA - LINCOLN,24,28,4,True
2024-12,2025-01,N8R1N,NEWMEDICA - BERKSHIRE,219,292,73,True
2024-12,2025-01,NAM01,PROBUS SURGICAL CENTRE,1020,954,-66,True
2024-12,2025-01,NCN,DMC HEALTHCARE,2008,1517,-491,True
2024-12,2025-01,NCR,ISIGHT,864,963,99,True
2024-12,2025-01,NDJ,FIRST COMMUNITY HEALTH AND CARE CIC,485,503,18,True
2024-12,2025-01,NDL01,SUFFOLK GP FEDERATION,59,80,21,True
2024-12,2025-01,NEQ,PHOENIX HEALTH SOLUTIONS LIMITED HQ,721,700,-21,True
2024-12,2025-01,NEY,PIONEER HEALTHCARE LIMITED,2785,2635,-150,True
2024-12,2025-01,NFH,SOMERSET SURGICAL SERVICES HQ,872,874,2,True
2024-12,2025-01,NL3,CARE PLUS GROUP,183,212,29,True
2024-12,2025-01,NL8,LOCALA COMMUNITY PARTNERSHIPS CIC,2479,2444,-35,True
2024-12,2025-01,NLE01,LANCASTER HOUSE CONSULTING DIAGNOSTICS SURGICAL LTD HQ,523,559,36,True
2024-12,2025-01,NLG,COMMUNITAS CLINICS,4594,5452,858,True
2024-12,2025-01,NLX,SIRONA CARE & HEALTH,6183,6494,311,True
2024-12,2025-01,NMG,CONNECT HEALTH LIMITED,12058,11772,-286,True
2024-12,2025-01,NN4,TYNESIDE SURGICAL SERVICES LTD,1176,1316,140,True
2024-12,2025-01,NN5,MANCHESTER SURGICAL SERVICES LTD,230,251,21,True
2024-12,2025-01,NN8,SPENCER PRIVATE HOSPITALS LTD,3265,3254,-11,True
2024-12,2025-01,NNE,DORKING HEALTHCARE LIMITED (DHC),5696,5777,81,True
2024-12,2025-01,NNH,OPTEGRA UK,4917,5331,414,True
2024-12,2025-01,NPG01,SPAMEDICA MANCHESTER,190,138,-52,True
2024-12,2025-01,NPG02,SPAMEDICA WIRRAL,268,157,-111,True
2024-12,2025-01,NPG06,SPAMEDICA LIVERPOOL,300,214,-86,True
2024-12,2025-01,NPG07,SPAMEDICA EYE HOSPITAL (WAKEFIELD),244,159,-85,True
2024-12,2025-01,NPG08,SPAMEDICA BOLTON,257,144,-113,True
2024-12,2025-01,NPG10,SPAMEDICA SHEFFIELD,213,94,-119,True
2024-12,2025-01,NPG11,SPAMEDICA BIRMINGHAM,424,253,-171,True
2024-12,2025-01,NPG13,SPAMEDICA SKELMERSDALE,211,190,-21,True
2024-12,2025-01,NPG14,SPAMEDICA WIDNES,130,95,-35,True
2024-12,2025-01,NPG15,SPAMEDICA NEWCASTLE-UNDER-LYME,294,169,-125,True
2024-12,2025-01,NPG16,SPAMEDICA CHELMSFORD,493,234,-259,True
2024-12,2025-01,NPG17,SPAMEDICA PRESTON,163,111,-52,True
2024-12,2025-01,NPG18,SPAMEDICA HULL,312,192,-120,True
2024-12,2025-01,NPG19,SPAMEDICA BEDFORD,255,160,-95,True
2024-12,2025-01,NPG20,SPAMEDICA WOLVERHAMPTON,373,206,-167,True
2024-12,2025-01,NPG21,SPAMEDICA COVENTRY,292,226,-66,True
2024-12,2025-01,NPG22,SPAMEDICA STOCKTON-ON-TEES,222,162,-60,True
2024-12,2025-01,NPG23,SPAMEDICA DERBY,207,171,-36,True
2024-12,2025-01,NPR01,ABOUT HEALTH HQ,1749,1724,-25,True
2024-12,2025-01,NQH,NOVUS HEALTH LTD,1116,1851,735,True
2024-12,2025-01,NQM01,ORTHOPAEDICS & SPINE SPECIALIST HOSPITAL SITE,166,176,10,True
2024-12,2025-01,NQT5K,ST MARTINS HOSPITAL,1004,1005,1,True
2024-12,2025-01,NQX01,PROVIDE WELLBEING @ TOLLGATE CLINIC,142,116,-26,True
2024-12,2025-01,NR5,LIVEWELL SOUTHWEST,56,66,10,True
2024-12,2025-01,NRP,BEACON MEDICAL SERVICES GROUP LIMITED,193,240,47,True
2024-12,2025-01,NT202,"NUFFIELD HEALTH, BOURNEMOUTH HOSPITAL",549,532,-17,True
2024-12,2025-01,NT204,"NUFFIELD HEALTH, BRENTWOOD HOSPITAL",1447,1437,-10,True
2024-12,2025-01,NT205,"NUFFIELD HEALTH, BRIGHTON HOSPITAL",833,841,8,True
2024-12,2025-01,NT206,"NUFFIELD HEALTH, BRISTOL HOSPITAL (CHESTERFIELD)",332,342,10,True
2024-12,2025-01,NT209,"NUFFIELD HEALTH, CAMBRIDGE HOSPITAL",394,396,2,True
2024-12,2025-01,NT210,"NUFFIELD HEALTH, THE GROSVENOR HOSPITAL, CHESTER",332,300,-32,True
2024-12,2025-01,NT211,"NUFFIELD HEALTH, CHELTENHAM HOSPITAL",29,36,7,True
2024-12,2025-01,NT212,"NUFFIELD HEALTH, CHICHESTER HOSPITAL",962,1177,215,True
2024-12,2025-01,NT213,"NUFFIELD HEALTH, DERBY HOSPITAL",1282,1389,107,True
2024-12,2025-01,NT214,"NUFFIELD HEALTH, WESSEX HOSPITAL",550,590,40,True
2024-12,2025-01,NT215,"NUFFIELD HEALTH, EXETER HOSPITAL",329,334,5,True
2024-12,2025-01,NT216,"NUFFIELD HEALTH, GUILDFORD HOSPITAL",304,378,74,True
2024-12,2025-01,NT218,"NUFFIELD HEALTH, HAYWARDS HEATH HOSPITAL",285,323,38,True
2024-12,2025-01,NT219,"NUFFIELD HEALTH, HEREFORD HOSPITAL",248,274,26,True
2024-12,2025-01,NT224,"NUFFIELD HEALTH, WARWICKSHIRE HOSPITAL",242,231,-11,True
2024-12,2025-01,NT225,"NUFFIELD HEALTH, LEEDS HOSPITAL",1613,1590,-23,True
2024-12,2025-01,NT226,"NUFFIELD HEALTH, LEICESTER HOSPITAL",539,514,-25,True
2024-12,2025-01,NT229,"NUFFIELD HEALTH, NEWCASTLE UPON TYNE HOSPITAL",460,456,-4,True
2024-12,2025-01,NT230,"NUFFIELD HEALTH, NORTH STAFFORDSHIRE HOSPITAL",1857,1365,-492,True
2024-12,2025-01,NT233,"NUFFIELD HEALTH, PLYMOUTH HOSPITAL",1318,1125,-193,True
2024-12,2025-01,NT235,"NUFFIELD HEALTH, SHREWSBURY HOSPITAL",201,194,-7,True
2024-12,2025-01,NT237,"NUFFIELD HEALTH, TEES HOSPITAL",1214,1276,62,True
2024-12,2025-01,NT238,"NUFFIELD HEALTH, TAUNTON HOSPITAL",271,262,-9,True
2024-12,2025-01,NT239,"NUFFIELD HEALTH, TUNBRIDGE WELLS HOSPITAL",219,250,31,True
2024-12,2025-01,NT241,"NUFFIELD HEALTH, WOKING HOSPITAL",564,513,-51,True
2024-12,2025-01,NT242,"NUFFIELD HEALTH, WOLVERHAMPTON HOSPITAL",493,521,28,True
2024-12,2025-01,NT245,"NUFFIELD HEALTH, YORK HOSPITAL",575,549,-26,True
2024-12,2025-01,NT301,SPIRE SOUTH BANK HOSPITAL,806,783,-23,True
2024-12,2025-01,NT302,SPIRE BRISTOL HOSPITAL,710,781,71,True
2024-12,2025-01,NT304,SPIRE SOUTHAMPTON HOSPITAL,635,658,23,True
2024-12,2025-01,NT305,SPIRE PORTSMOUTH HOSPITAL,363,453,90,True
2024-12,2025-01,NT308,SPIRE GATWICK PARK HOSPITAL,1066,1056,-10,True
2024-12,2025-01,NT30A,SPIRE NOTTINGHAM HOSPITAL,495,491,-4,True
2024-12,2025-01,NT312,SPIRE ALEXANDRA HOSPITAL,1083,1145,62,True
2024-12,2025-01,NT313,SPIRE WELLESLEY HOSPITAL,1368,1361,-7,True
2024-12,2025-01,NT314,SPIRE LONDON EAST,1889,1902,13,True
2024-12,2025-01,NT315,SPIRE BUSHEY HOSPITAL,562,526,-36,True
2024-12,2025-01,NT316,SPIRE HARPENDEN HOSPITAL,493,471,-22,True
2024-12,2025-01,NT317,SPIRE CAMBRIDGE LEA HOSPITAL,299,387,88,True
2024-12,2025-01,NT318,SPIRE NORWICH HOSPITAL,270,258,-12,True
2024-12,2025-01,NT319,SPIRE HARTSWOOD HOSPITAL,1449,1309,-140,True
2024-12,2025-01,NT320,SPIRE PARKWAY HOSPITAL,1430,1385,-45,True
2024-12,2025-01,NT321,SPIRE LITTLE ASTON HOSPITAL,1575,1551,-24,True
2024-12,2025-01,NT322,SPIRE LEICESTER HOSPITAL,623,521,-102,True
2024-12,2025-01,NT324,SPIRE CHESHIRE HOSPITAL,1244,1211,-33,True
2024-12,2025-01,NT325,SPIRE MURRAYFIELD HOSPITAL,537,514,-23,True
2024-12,2025-01,NT327,SPIRE MANCHESTER HOSPITAL,771,795,24,True
2024-12,2025-01,NT332,SPIRE LEEDS HOSPITAL,933,850,-83,True
2024-12,2025-01,NT333,SPIRE WASHINGTON HOSPITAL,1430,1385,-45,True
2024-12,2025-01,NT337,SPIRE LIVERPOOL HOSPITAL,3105,3103,-2,True
2024-12,2025-01,NT339,SPIRE REGENCY HOSPITAL,1397,1528,131,True
2024-12,2025-01,NT343,SPIRE THAMES VALLEY HOSPITAL,384,387,3,True
2024-12,2025-01,NT344,SPIRE DUNEDIN HOSPITAL,328,272,-56,True
2024-12,2025-01,NT345,SPIRE CLARE PARK HOSPITAL,249,231,-18,True
2024-12,2025-01,NT347,SPIRE FYLDE COAST HOSPITAL,2960,3083,123,True
2024-12,2025-01,NT348,SPIRE ELLAND HOSPITAL,1111,1059,-52,True
2024-12,2025-01,NT350,SPIRE METHLEY PARK HOSPITAL,1277,1130,-147,True
2024-12,2025-01,NT351,SPIRE HULL AND EAST RIDING HOSPITAL,3420,3912,492,True
2024-12,2025-01,NT364,SPIRE MONTEFIORE HOSPITAL,1669,1588,-81,True
2024-12,2025-01,NT3X3,SPIRE ST ANTHONY'S HOSPITAL,1523,1531,8,True
2024-12,2025-01,NT401,ALEXANDRA HOSPITAL,804,800,-4,True
2024-12,2025-01,NT402,BATH CLINIC,768,837,69,True
2024-12,2025-01,NT403,BEARDWOOD HOSPITAL,2717,2768,51,True
2024-12,2025-01,NT404,BEAUMONT HOSPITAL,2755,2666,-89,True
2024-12,2025-01,NT405,BISHOPS WOOD HOSPITAL,709,691,-18,True
2024-12,2025-01,NT406,BLACKHEATH HOSPITAL,1346,1376,30,True
2024-12,2025-01,NT408,CHAUCER HOSPITAL,739,643,-96,True
2024-12,2025-01,NT409,CHELSFIELD PARK HOSPITAL,580,612,32,True
2024-12,2025-01,NT410,CHILTERN HOSPITAL,520,499,-21,True
2024-12,2025-01,NT411,CLEMENTINE CHURCHILL HOSPITAL,2031,1899,-132,True
2024-12,2025-01,NT412,DROITWICH SPA HOSPITAL,2222,2242,20,True
2024-12,2025-01,NT416,HENDON HOSPITAL,834,808,-26,True
2024-12,2025-01,NT417,GORING HALL HOSPITAL,1430,1351,-79,True
2024-12,2025-01,NT418,HAMPSHIRE CLINIC,408,381,-27,True
2024-12,2025-01,NT419,HARBOUR HOSPITAL,150,136,-14,True
2024-12,2025-01,NT420,HIGHFIELD HOSPITAL,841,874,33,True
2024-12,2025-01,NT421,KINGS OAK HOSPITAL,1148,977,-171,True
2024-12,2025-01,NT422,LONDON INDEPENDENT HOSPITAL,4376,4288,-88,True
2024-12,2025-01,NT423,MANOR HOSPITAL,918,916,-2,True
2024-12,2025-01,NT424,MERIDEN HOSPITAL,1665,1652,-13,True
2024-12,2025-01,NT427,PARK HOSPITAL,1130,1077,-53,True
2024-12,2025-01,NT428,PRINCESS MARGARET HOSPITAL,131,109,-22,True
2024-12,2025-01,NT429,PRIORY HOSPITAL,974,993,19,True
2024-12,2025-01,NT430,RIDGEWAY HOSPITAL,410,389,-21,True
2024-12,2025-01,NT431,RUNNYMEDE HOSPITAL,125,97,-28,True
2024-12,2025-01,NT433,SARUM ROAD HOSPITAL,385,348,-37,True
2024-12,2025-01,NT434,SAXON CLINIC,689,679,-10,True
2024-12,2025-01,NT435,SHELBURNE HOSPITAL,689,167,-522,True
2024-12,2025-01,NT436,SHIRLEY OAKS HOSPITAL,1114,995,-119,True
2024-12,2025-01,NT437,SLOANE HOSPITAL,808,791,-17,True
2024-12,2025-01,NT440,THORNBURY HOSPITAL,639,624,-15,True
2024-12,2025-01,NT441,THREE SHIRES HOSPITAL,3210,3222,12,True
2024-12,2025-01,NT443,WINTERBOURNE HOSPITAL,307,290,-17,True
2024-12,2025-01,NT445,EDGBASTON HOSPITAL,1,1,0,True
2024-12,2025-01,NT446,ST EDMUNDS HOSPITAL,756,631,-125,True
2024-12,2025-01,NT447,DUCHY HOSPITAL,556,548,-8,True
2024-12,2025-01,NT448,HUDDERSFIELD PRIVATE HOSPITAL,860,816,-44,True
2024-12,2025-01,NT449,LANCASTER PRIVATE HOSPITAL,388,421,33,True
2024-12,2025-01,NT450,LINCOLN PRIVATE HOSPITAL,1542,1409,-133,True
2024-12,2025-01,NT451,CAVELL HOSPITAL,1347,1226,-121,True
2024-12,2025-01,NT455,MOUNT ALVERNIA HOSPITAL,189,208,19,True
2024-12,2025-01,NT457,WOODLANDS HOSPITAL,2304,2236,-68,True
2024-12,2025-01,NT490,SOUTHEND PRIVATE HOSPITAL,720,724,4,True
2024-12,2025-01,NTE02,ST HUGH'S HOSPITAL,2624,2867,243,True
2024-12,2025-01,NTP11,PRACTICE PLUS GROUP HOSPITAL - SOUTHAMPTON,9170,8781,-389,True
2024-12,2025-01,NTP13,PRACTICE PLUS GROUP HOSPITAL - BARLBOROUGH,2131,2175,44,True
2024-12,2025-01,NTP15,PRACTICE PLUS GROUP HOSPITAL - ILFORD,5570,6040,470,True
2024-12,2025-01,NTP16,PRACTICE PLUS GROUP SURGICAL CENTRE - GILLINGHAM,1153,1138,-15,True
2024-12,2025-01,NTPAD,PRACTICE PLUS GROUP SURGICAL CENTRE - ST MARYS PORTSMOUTH,1837,1826,-11,True
2024-12,2025-01,NTPAE,PRACTICE PLUS GROUP OPHTHALMOLOGY - NORTH WEST,954,874,-80,True
2024-12,2025-01,NTPH1,PRACTICE PLUS GROUP HOSPITAL - SHEPTON MALLET,2808,2763,-45,True
2024-12,2025-01,NTPH2,PRACTICE PLUS GROUP HOSPITAL - EMERSONS GREEN,4625,4677,52,True
2024-12,2025-01,NTPH3,PRACTICE PLUS GROUP SURGICAL CENTRE - DEVIZES,2604,2861,257,True
2024-12,2025-01,NTPH5,PRACTICE PLUS GROUP HOSPITAL - PLYMOUTH,1832,1704,-128,True
2024-12,2025-01,NTX,THE ONE HEALTH GROUP PLC,4121,4165,44,True
2024-12,2025-01,NV1,INHEALTH LIMITED,1813,567,-1246,True
2024-12,2025-01,NVC01,ASHTEAD HOSPITAL,828,868,40,True
2024-12,2025-01,NVC02,THE BERKSHIRE INDEPENDENT HOSPITAL,1165,1136,-29,True
2024-12,2025-01,NVC04,DUCHY HOSPITAL,1767,1841,74,True
2024-12,2025-01,NVC05,EUXTON HALL HOSPITAL,3261,3167,-94,True
2024-12,2025-01,NVC06,FITZWILLIAM HOSPITAL,6836,6576,-260,True
2024-12,2025-01,NVC07,FULWOOD HALL HOSPITAL,6502,6411,-91,True
2024-12,2025-01,NVC08,MOUNT STUART HOSPITAL,1905,2112,207,True
2024-12,2025-01,NVC09,NEW HALL HOSPITAL,3627,3627,0,True
2024-12,2025-01,NVC0I,BEACON PARK HOSPITAL,992,967,-25,True
2024-12,2025-01,NVC0R,TEES VALLEY HOSPITAL,3918,3545,-373,True
2024-12,2025-01,NVC0Y,EXETER MEDICAL,241,232,-9,True
2024-12,2025-01,NVC11,NORTH DOWNS HOSPITAL,1799,1672,-127,True
2024-12,2025-01,NVC12,OAKLANDS HOSPITAL,4871,4546,-325,True
2024-12,2025-01,NVC13,OAKS HOSPITAL,848,792,-56,True
2024-12,2025-01,NVC14,PARK HILL HOSPITAL,872,856,-16,True
2024-12,2025-01,NVC15,PINEHILL HOSPITAL,1753,1574,-179,True
2024-12,2025-01,NVC16,RENACRES HOSPITAL,4147,4283,136,True
2024-12,2025-01,NVC17,ROWLEY HALL HOSPITAL,3281,3111,-170,True
2024-12,2025-01,NVC18,SPRINGFIELD HOSPITAL,4798,4874,76,True
2024-12,2025-01,NVC19,RIVERS HOSPITAL,4295,4336,41,True
2024-12,2025-01,NVC1H,STOURSIDE HOSPITAL,3215,3065,-150,True
2024-12,2025-01,NVC20,THE YORKSHIRE CLINIC,8805,8531,-274,True
2024-12,2025-01,NVC21,WEST MIDLANDS HOSPITAL,1090,1080,-10,True
2024-12,2025-01,NVC22,WINFIELD HOSPITAL,1472,1484,12,True
2024-12,2025-01,NVC23,WOODLAND HOSPITAL,4857,4820,-37,True
2024-12,2025-01,NVC25,THE CHERWELL HOSPITAL,2629,2592,-37,True
2024-12,2025-01,NVC27,BOSTON WEST HOSPITAL,2004,1927,-77,True
2024-12,2025-01,NVC28,CLIFTON PARK HOSPITAL,1759,1706,-53,True
2024-12,2025-01,NVC29,COBALT HOSPITAL,2273,2438,165,True
2024-12,2025-01,NVC31,BLAKELANDS HOSPITAL,1997,2161,164,True
2024-12,2025-01,NVC40,WOODTHORPE HOSPITAL,4404,3562,-842,True
2024-12,2025-01,NVC44,THE WESTBOURNE CENTRE,3029,3111,82,True
2024-12,2025-01,NVG01,FAIRFIELD HOSPITAL,2045,1923,-122,True
2024-12,2025-01,NVL,DMC DERMATOLOGY,148,172,24,True
2024-12,2025-01,NVM,EPSOMEDICAL GROUP,2754,2674,-80,True
2024-12,2025-01,NWF01,BENENDEN HOSPITAL,1522,1517,-5,True
2024-12,2025-01,NWV01,GP CARE UK,639,525,-114,True
2024-12,2025-01,NXM01,THE HORDER CENTRE - ST JOHNS ROAD,1249,1281,32,True
2024-12,2025-01,NXP,INDEPENDENT HEALTH GROUP,953,914,-39,True
2024-12,2025-01,NYG,SUSSEX COMMUNITY DERMATOLOGY SERVICE,12768,12882,114,True
2024-12,2025-01,NYR,HEALTHSHARE DIAGNOSTICS,2512,2332,-180,True
2024-12,2025-01,NYW17,ASPEN HEALTHCARE - MIDLAND EYE,684,800,116,True
2024-12,2025-01,O1P6X,SPAMEDICA OLDHAM,398,228,-170,True
2024-12,2025-01,O5Y9D,SPAMEDICA OXFORD,147,121,-26,True
2024-12,2025-01,P0C3F,SPAMEDICA LEEDS,195,111,-84,True
2024-12,2025-01,P1B7M,SPAMEDICA BRISTOL,113,99,-14,True
2024-12,2025-01,P5Y6K,NEWMEDICA - SHREWSBURY,195,129,-66,True
2024-12,2025-01,Q1S8W,NEWMEDICA - BURY ST EDMUNDS,36,11,-25,True
2024-12,2025-01,Q1W6P,SPAMEDICA WATFORD,255,177,-78,True
2024-12,2025-01,Q8X0X,SPAMEDICA ISLE OF WIGHT,0,3,3,False
2024-12,2025-01,R0A,MANCHESTER UNIVERSITY NHS FOUNDATION TRUST,199425,198414,-1011,True
2024-12,2025-01,R0B,SOUTH TYNESIDE AND SUNDERLAND NHS FOUNDATION TRUST,59332,58218,-1114,True
2024-12,2025-01,R0D,UNIVERSITY HOSPITALS DORSET NHS FOUNDATION TRUST,68047,67519,-528,True
2024-12,2025-01,R0F4N,NUFFIELD HEALTH PARKSIDE HOSPITAL,1046,1042,-4,True
2024-12,2025-01,R1A,HEREFORDSHIRE AND WORCESTERSHIRE HEALTH AND CARE NHS TRUST,53,56,3,True
2024-12,2025-01,R1D,SHROPSHIRE COMMUNITY HEALTH NHS TRUST,10822,10831,9,True
2024-12,2025-01,R1F,ISLE OF WIGHT NHS TRUST,14353,13576,-777,True
2024-12,2025-01,R1G7E,SPAMEDICA KENDAL,264,225,-39,True
2024-12,2025-01,R1H,BARTS HEALTH NHS TRUST,127993,127697,-296,True
2024-12,2025-01,R1K,LONDON NORTH WEST UNIVERSITY HEALTHCARE NHS TRUST,90846,92148,1302,True
2024-12,2025-01,R1L,ESSEX PARTNERSHIP UNIVERSITY NHS FOUNDATION TRUST,1232,0,-1232,False
2024-12,2025-01,R3I5E,NEWMEDICA -TELFORD,4,0,-4,False
2024-12,2025-01,R7W2O,NEWCASTLE NEWMEDICA LTD,332,270,-62,True
2024-12,2025-01,RA2,ROYAL SURREY COUNTY HOSPITAL NHS FOUNDATION TRUST,35931,34054,-1877,True
2024-12,2025-01,RA7,UNIVERSITY HOSPITALS BRISTOL AND WESTON NHS FOUNDATION TRUST,54325,54258,-67,True
2024-12,2025-01,RA9,TORBAY AND SOUTH DEVON NHS FOUNDATION TRUST,33759,34252,493,True
2024-12,2025-01,RAE,BRADFORD TEACHING HOSPITALS NHS FOUNDATION TRUST,32869,32254,-615,True
2024-12,2025-01,RAJ,MID AND SOUTH ESSEX NHS FOUNDATION TRUST,163557,167890,4333,True
2024-12,2025-01,RAL,ROYAL FREE LONDON NHS FOUNDATION TRUST,111812,143150,31338,True
2024-12,2025-01,RAN,ROYAL NATIONAL ORTHOPAEDIC HOSPITAL NHS TRUST,8281,8342,61,True
2024-12,2025-01,RAP,NORTH MIDDLESEX UNIVERSITY HOSPITAL NHS TRUST,29759,0,-29759,False
2024-12,2025-01,RAS,THE HILLINGDON HOSPITALS NHS FOUNDATION TRUST,26862,27130,268,True
2024-12,2025-01,RAX,KINGSTON AND RICHMOND NHS FOUNDATION TRUST,40024,39089,-935,True
2024-12,2025-01,RBD,DORSET COUNTY HOSPITAL NHS FOUNDATION TRUST,21859,20835,-1024,True
2024-12,2025-01,RBK,WALSALL HEALTHCARE NHS TRUST,29453,28951,-502,True
2024-12,2025-01,RBL,WIRRAL UNIVERSITY TEACHING HOSPITAL NHS FOUNDATION TRUST,47379,47362,-17,True
2024-12,2025-01,RBN,MERSEY AND WEST LANCASHIRE TEACHING HOSPITALS NHS TRUST,77639,77156,-483,True
2024-12,2025-01,RBQ,LIVERPOOL HEART AND CHEST HOSPITAL NHS FOUNDATION TRUST,5811,5798,-13,True
2024-12,2025-01,RBS,ALDER HEY CHILDREN'S NHS FOUNDATION TRUST,21839,21619,-220,True
2024-12,2025-01,RBT,MID CHESHIRE HOSPITALS NHS FOUNDATION TRUST,37898,37696,-202,True
2024-12,2025-01,RBV,THE CHRISTIE NHS FOUNDATION TRUST,2803,2868,65,True
2024-12,2025-01,RC9,BEDFORDSHIRE HOSPITALS NHS FOUNDATION TRUST,98711,98272,-439,True
2024-12,2025-01,RCB,YORK AND SCARBOROUGH TEACHING HOSPITALS NHS FOUNDATION TRUST,43350,42549,-801,True
2024-12,2025-01,RCD,HARROGATE AND DISTRICT NHS FOUNDATION TRUST,22355,21614,-741,True
2024-12,2025-01,RCF,AIREDALE NHS FOUNDATION TRUST,13789,13884,95,True
2024-12,2025-01,RCU,SHEFFIELD CHILDREN'S NHS FOUNDATION TRUST,12318,12161,-157,True
2024-12,2025-01,RCX,"THE QUEEN ELIZABETH HOSPITAL, KING'S LYNN, NHS FOUNDATION TRUST",25582,24578,-1004,True
2024-12,2025-01,RD1,ROYAL UNITED HOSPITALS BATH NHS FOUNDATION TRUST,40110,39914,-196,True
2024-12,2025-01,RD8,MILTON KEYNES UNIVERSITY HOSPITAL NHS FOUNDATION TRUST,33695,33267,-428,True
2024-12,2025-01,RDE,EAST SUFFOLK AND NORTH ESSEX NHS FOUNDATION TRUST,92022,91286,-736,True
2024-12,2025-01,RDR,SUSSEX COMMUNITY NHS FOUNDATION TRUST,10790,10520,-270,True
2024-12,2025-01,RDU,FRIMLEY HEALTH NHS FOUNDATION TRUST,81969,78953,-3016,True
2024-12,2025-01,REF,ROYAL CORNWALL HOSPITALS NHS TRUST,41474,40724,-750,True
2024-12,2025-01,REM,LIVERPOOL UNIVERSITY HOSPITALS NHS FOUNDATION TRUST,71209,70629,-580,True
2024-12,2025-01,REN,THE CLATTERBRIDGE CANCER CENTRE NHS FOUNDATION TRUST,1134,771,-363,True
2024-12,2025-01,REP,LIVERPOOL WOMEN'S NHS FOUNDATION TRUST,16695,16676,-19,True
2024-12,2025-01,RET,THE WALTON CENTRE NHS FOUNDATION TRUST,15825,15564,-261,True
2024-12,2025-01,RF4,"BARKING, HAVERING AND REDBRIDGE UNIVERSITY HOSPITALS NHS TRUST",55802,54624,-1178,True
2024-12,2025-01,RFF,BARNSLEY HOSPITAL NHS FOUNDATION TRUST,21821,22103,282,True
2024-12,2025-01,RFR,THE ROTHERHAM NHS FOUNDATION TRUST,31928,31226,-702,True
2024-12,2025-01,RFS,CHESTERFIELD ROYAL HOSPITAL NHS FOUNDATION TRUST,28730,28923,193,True
2024-12,2025-01,RGM,ROYAL PAPWORTH HOSPITAL NHS FOUNDATION TRUST,7352,7506,154,True
2024-12,2025-01,RGN,NORTH WEST ANGLIA NHS FOUNDATION TRUST,77368,76374,-994,True
2024-12,2025-01,RGP,JAMES PAGET UNIVERSITY HOSPITALS NHS FOUNDATION TRUST,31669,31956,287,True
2024-12,2025-01,RGR,WEST SUFFOLK NHS FOUNDATION TRUST,34410,34422,12,True
2024-12,2025-01,RGT,CAMBRIDGE UNIVERSITY HOSPITALS NHS FOUNDATION TRUST,64687,65007,320,True
2024-12,2025-01,RH5,SOMERSET NHS FOUNDATION TRUST,60041,59029,-1012,True
2024-12,2025-01,RH8,ROYAL DEVON UNIVERSITY HEALTHCARE NHS FOUNDATION TRUST,70413,70891,478,True
2024-12,2025-01,RHM,UNIVERSITY HOSPITAL SOUTHAMPTON NHS FOUNDATION TRUST,60382,60905,523,True
2024-12,2025-01,RHQ,SHEFFIELD TEACHING HOSPITALS NHS FOUNDATION TRUST,95672,94416,-1256,True
2024-12,2025-01,RHU,PORTSMOUTH HOSPITALS UNIVERSITY NATIONAL HEALTH SERVICE TRUST,61794,60697,-1097,True
2024-12,2025-01,RHW,ROYAL BERKSHIRE NHS FOUNDATION TRUST,35351,38149,2798,True
2024-12,2025-01,RJ1,GUY'S AND ST THOMAS' NHS FOUNDATION TRUST,126371,122640,-3731,True
2024-12,2025-01,RJ2,LEWISHAM AND GREENWICH NHS TRUST,65686,63399,-2287,True
2024-12,2025-01,RJ6,CROYDON HEALTH SERVICES NHS TRUST,33678,33337,-341,True
2024-12,2025-01,RJ7,ST GEORGE'S UNIVERSITY HOSPITALS NHS FOUNDATION TRUST,68277,69062,785,True
2024-12,2025-01,RJ8,CORNWALL PARTNERSHIP NHS FOUNDATION TRUST,439,418,-21,True
2024-12,2025-01,RJC,SOUTH WARWICKSHIRE UNIVERSITY NHS FOUNDATION TRUST,31926,32007,81,True
2024-12,2025-01,RJE,UNIVERSITY HOSPITALS OF NORTH MIDLANDS NHS TRUST,73100,73021,-79,True
2024-12,2025-01,RJL,NORTHERN LINCOLNSHIRE AND GOOLE NHS FOUNDATION TRUST,43051,42509,-542,True
2024-12,2025-01,RJN,EAST CHESHIRE NHS TRUST,12877,12931,54,True
2024-12,2025-01,RJR,COUNTESS OF CHESTER HOSPITAL NHS FOUNDATION TRUST,33870,33615,-255,True
2024-12,2025-01,RJZ,KING'S COLLEGE HOSPITAL NHS FOUNDATION TRUST,86186,89475,3289,True
2024-12,2025-01,RK5,SHERWOOD FOREST HOSPITALS NHS FOUNDATION TRUST,34147,33877,-270,True
2024-12,2025-01,RK9,UNIVERSITY HOSPITALS PLYMOUTH NHS TRUST,48703,48686,-17,True
2024-12,2025-01,RKB,UNIVERSITY HOSPITALS COVENTRY AND WARWICKSHIRE NHS TRUST,83904,83465,-439,True
2024-12,2025-01,RKE,WHITTINGTON HEALTH NHS TRUST,26655,26446,-209,True
2024-12,2025-01,RL1,THE ROBERT JONES AND AGNES HUNT ORTHOPAEDIC HOSPITAL NHS FOUNDATION TRUST,16651,16607,-44,True
2024-12,2025-01,RL4,THE ROYAL WOLVERHAMPTON NHS TRUST,89567,88817,-750,True
2024-12,2025-01,RLQ,WYE VALLEY NHS TRUST,23544,23206,-338,True
2024-12,2025-01,RLT,GEORGE ELIOT HOSPITAL NHS TRUST,18184,17566,-618,True
2024-12,2025-01,RM1,NORFOLK AND NORWICH UNIVERSITY HOSPITALS NHS FOUNDATION TRUST,83053,82744,-309,True
2024-12,2025-01,RM3,NORTHERN CARE ALLIANCE NHS FOUNDATION TRUST,138826,139039,213,True
2024-12,2025-01,RMC,BOLTON NHS FOUNDATION TRUST,41310,40391,-919,True
2024-12,2025-01,RMP,TAMESIDE AND GLOSSOP INTEGRATED CARE NHS FOUNDATION TRUST,18153,17274,-879,True
2024-12,2025-01,RN3,GREAT WESTERN HOSPITALS NHS FOUNDATION TRUST,40186,39791,-395,True
2024-12,2025-01,RN5,HAMPSHIRE HOSPITALS NHS FOUNDATION TRUST,51918,51951,33,True
2024-12,2025-01,RN7,DARTFORD AND GRAVESHAM NHS TRUST,31068,31637,569,True
2024-12,2025-01,RNA,THE DUDLEY GROUP NHS FOUNDATION TRUST,45356,44769,-587,True
2024-12,2025-01,RNN,NORTH CUMBRIA INTEGRATED CARE NHS FOUNDATION TRUST,38769,39266,497,True
2024-12,2025-01,RNQ,KETTERING GENERAL HOSPITAL NHS FOUNDATION TRUST,25559,25415,-144,True
2024-12,2025-01,RNS,NORTHAMPTON GENERAL HOSPITAL NHS TRUST,41190,41752,562,True
2024-12,2025-01,RNZ,SALISBURY NHS FOUNDATION TRUST,28376,29320,944,True
2024-12,2025-01,RP4,GREAT ORMOND STREET HOSPITAL FOR CHILDREN NHS FOUNDATION TRUST,7818,8077,259,True
2024-12,2025-01,RP5,DONCASTER AND BASSETLAW TEACHING HOSPITALS NHS FOUNDATION TRUST,55965,55338,-627,True
2024-12,2025-01,RP6,MOORFIELDS EYE HOSPITAL NHS FOUNDATION TRUST,33039,32691,-348,True
2024-12,2025-01,RP7,LINCOLNSHIRE PARTNERSHIP NHS FOUNDATION TRUST,38,39,1,True
2024-12,2025-01,RPA,MEDWAY NHS FOUNDATION TRUST,40697,39894,-803,True
2024-12,2025-01,RPC,QUEEN VICTORIA HOSPITAL NHS FOUNDATION TRUST,19584,19354,-230,True
2024-12,2025-01,RPG,OXLEAS NHS FOUNDATION TRUST,2067,1797,-270,True
2024-12,2025-01,RPY,THE ROYAL MARSDEN NHS FOUNDATION TRUST,1949,1936,-13,True
2024-12,2025-01,RQ3,BIRMINGHAM WOMEN'S AND CHILDREN'S NHS FOUNDATION TRUST,26035,25655,-380,True
2024-12,2025-01,RQM,CHELSEA AND WESTMINSTER HOSPITAL NHS FOUNDATION TRUST,62683,64423,1740,True
2024-12,2025-01,RQW,THE PRINCESS ALEXANDRA HOSPITAL NHS TRUST,42062,54423,12361,True
2024-12,2025-01,RQX,HOMERTON HEALTHCARE NHS FOUNDATION TRUST,34626,34891,265,True
2024-12,2025-01,RR7,GATESHEAD HEALTH NHS FOUNDATION TRUST,12694,12868,174,True
2024-12,2025-01,RR8,LEEDS TEACHING HOSPITALS NHS TRUST,86023,85695,-328,True
2024-12,2025-01,RRE,MIDLANDS PARTNERSHIP UNIVERSITY NHS FOUNDATION TRUST,5174,5049,-125,True
2024-12,2025-01,RRF,"WRIGHTINGTON, WIGAN AND LEIGH NHS FOUNDATION TRUST",50841,50630,-211,True
2024-12,2025-01,RRJ,THE ROYAL ORTHOPAEDIC HOSPITAL NHS FOUNDATION TRUST,14517,13777,-740,True
2024-12,2025-01,RRK,UNIVERSITY HOSPITALS BIRMINGHAM NHS FOUNDATION TRUST,115892,112400,-3492,True
2024-12,2025-01,RRV,UNIVERSITY COLLEGE LONDON HOSPITALS NHS FOUNDATION TRUST,74637,74000,-637,True
2024-12,2025-01,RT1,CAMBRIDGESHIRE AND PETERBOROUGH NHS FOUNDATION TRUST,313,338,25,True
2024-12,2025-01,RTD,THE NEWCASTLE UPON TYNE HOSPITALS NHS FOUNDATION TRUST,98720,97560,-1160,True
2024-12,2025-01,RTE,GLOUCESTERSHIRE HOSPITALS NHS FOUNDATION TRUST,72334,70567,-1767,True
2024-12,2025-01,RTF,NORTHUMBRIA HEALTHCARE NHS FOUNDATION TRUST,34202,35112,910,True
2024-12,2025-01,RTG,UNIVERSITY HOSPITALS OF DERBY AND BURTON NHS FOUNDATION TRUST,108605,109670,1065,True
2024-12,2025-01,RTH,OXFORD UNIVERSITY HOSPITALS NHS FOUNDATION TRUST,90283,90744,461,True
2024-12,2025-01,RTK,ASHFORD AND ST PETER'S HOSPITALS NHS FOUNDATION TRUST,56528,56086,-442,True
2024-12,2025-01,RTP,SURREY AND SUSSEX HEALTHCARE NHS TRUST,49848,51987,2139,True
2024-12,2025-01,RTR,SOUTH TEES HOSPITALS NHS FOUNDATION TRUST,56495,56971,476,True
2024-12,2025-01,RTX,UNIVERSITY HOSPITALS OF MORECAMBE BAY NHS FOUNDATION TRUST,32435,32972,537,True
2024-12,2025-01,RV3,CENTRAL AND NORTH WEST LONDON NHS FOUNDATION TRUST,2023,2078,55,True
2024-12,2025-01,RVJ,NORTH BRISTOL NHS TRUST,43727,43932,205,True
2024-12,2025-01,RVR,EPSOM AND ST HELIER UNIVERSITY HOSPITALS NHS TRUST,50537,48932,-1605,True
2024-12,2025-01,RVV,EAST KENT HOSPITALS UNIVERSITY NHS FOUNDATION TRUST,82986,81146,-1840,True
2024-12,2025-01,RVW,NORTH TEES AND HARTLEPOOL NHS FOUNDATION TRUST,20352,20104,-248,True
2024-12,2025-01,RW1,HAMPSHIRE AND ISLE OF WIGHT HEALTHCARE NHS FOUNDATION TRUST,4021,3496,-525,True
2024-12,2025-01,RW4,MERSEY CARE NHS FOUNDATION TRUST,47,57,10,True
2024-12,2025-01,RW5,LANCASHIRE & SOUTH CUMBRIA NHS FOUNDATION TRUST,2672,2858,186,True
2024-12,2025-01,RWA,HULL UNIVERSITY TEACHING HOSPITALS NHS TRUST,79996,79923,-73,True
2024-12,2025-01,RWD,UNITED LINCOLNSHIRE TEACHING HOSPITALS NHS TRUST,70622,71631,1009,True
2024-12,2025-01,RWE,UNIVERSITY HOSPITALS OF LEICESTER NHS TRUST,113292,111755,-1537,True
2024-12,2025-01,RWF,MAIDSTONE AND TUNBRIDGE WELLS NHS TRUST,44545,44217,-328,True
2024-12,2025-01,RWG,WEST HERTFORDSHIRE TEACHING HOSPITALS NHS TRUST,45615,45692,77,True
2024-12,2025-01,RWH,EAST AND NORTH HERTFORDSHIRE NHS TRUST,54309,54685,376,True
2024-12,2025-01,RWJ,STOCKPORT NHS FOUNDATION TRUST,36440,36143,-297,True
2024-12,2025-01,RWP,WORCESTERSHIRE ACUTE HOSPITALS NHS TRUST,57336,55533,-1803,True
2024-12,2025-01,RWW,WARRINGTON AND HALTON TEACHING HOSPITALS NHS FOUNDATION TRUST,33587,33755,168,True
2024-12,2025-01,RWX,BERKSHIRE HEALTHCARE NHS FOUNDATION TRUST,108,83,-25,True
2024-12,2025-01,RWY,CALDERDALE AND HUDDERSFIELD NHS FOUNDATION TRUST,35372,35564,192,True
2024-12,2025-01,RX1,NOTTINGHAM UNIVERSITY HOSPITALS NHS TRUST,91161,86210,-4951,True
2024-12,2025-01,RX4,"CUMBRIA, NORTHUMBERLAND, TYNE AND WEAR NHS FOUNDATION TRUST",187,164,-23,True
2024-12,2025-01,RXC,EAST SUSSEX HEALTHCARE NHS TRUST,58603,57488,-1115,True
2024-12,2025-01,RXF,MID YORKSHIRE TEACHING NHS TRUST,53971,53426,-545,True
2024-12,2025-01,RXG,SOUTH WEST YORKSHIRE PARTNERSHIP NHS FOUNDATION TRUST,4166,4138,-28,True
2024-12,2025-01,RXK,SANDWELL AND WEST BIRMINGHAM HOSPITALS NHS TRUST,73591,70552,-3039,True
2024-12,2025-01,RXL,BLACKPOOL TEACHING HOSPITALS NHS FOUNDATION TRUST,32756,33103,347,True
2024-12,2025-01,RXN,LANCASHIRE TEACHING HOSPITALS NHS FOUNDATION TRUST,58907,59311,404,True
2024-12,2025-01,RXP,COUNTY DURHAM AND DARLINGTON NHS FOUNDATION TRUST,38511,38665,154,True
2024-12,2025-01,RXQ,BUCKINGHAMSHIRE HEALTHCARE NHS TRUST,43719,44982,1263,True
2024-12,2025-01,RXR,EAST LANCASHIRE HOSPITALS NHS TRUST,64638,63172,-1466,True
2024-12,2025-01,RXW,THE SHREWSBURY AND TELFORD HOSPITAL NHS TRUST,46254,44411,-1843,True
2024-12,2025-01,RY6,LEEDS COMMUNITY HEALTHCARE NHS TRUST,115,115,0,True
2024-12,2025-01,RYJ,IMPERIAL COLLEGE HEALTHCARE NHS TRUST,91068,90533,-535,True
2024-12,2025-01,RYR,UNIVERSITY HOSPITALS SUSSEX NHS FOUNDATION TRUST,121115,118523,-2592,True
2024-12,2025-01,RYW,BIRMINGHAM COMMUNITY HEALTHCARE NHS FOUNDATION TRUST,16840,16393,-447,True
2024-12,2025-01,RYY,KENT COMMUNITY HEALTH NHS FOUNDATION TRUST,1943,2134,191,True
2024-12,2025-01,S1Z4X,NEWMEDICA - BIRMINGHAM,544,473,-71,True
2024-12,2025-01,S3H9L,THE HAMPTONS HOSPITAL LTD,1141,1346,205,True
2024-12,2025-01,S5E5Y,HCRG CARE DERMATOLOGY THE IRONSTONE CENTRE,0,4274,4274,False
2024-12,2025-01,T4I8V,SPAMEDICA CHESTERFIELD,114,94,-20,True
2024-12,2025-01,T8R5I,SPAMEDICA WOKINGHAM,205,127,-78,True
2024-12,2025-01,T8V3L,SPAMEDICA DONCASTER,158,99,-59,True
2024-12,2025-01,TAD,BRADFORD DISTRICT CARE NHS FOUNDATION TRUST,458,483,25,True
2024-12,2025-01,V4U1Y,SPAMEDICA CHESTER,153,117,-36,True
2024-12,2025-01,V5F1D,SPAMEDICA TELFORD,177,90,-87,True
2024-12,2025-01,V8N5R,SPAMEDICA DALSTON,306,226,-80,True
2024-12,2025-01,Y8L9S,SPAMEDICA BROMLEY,544,367,-177,True
2024-12,2025-01,Z2L9B,NEWMEDICA - MANCHESTER WEST,229,237,8,True
2024-12,2025-01,Z5J5V,SPAMEDICA HAYDOCK,314,153,-161,True
2024-12,2025-01,Z9Z1G,SPAMEDICA GATESHEAD,213,92,-121,True
2025-01,2025-02,A0C5S,SPAMEDICA GLOUCESTER,67,86,19,True
2025-01,2025-02,A1U4J,SPAMEDICA PORTSMOUTH,68,67,-1,True
2025-01,2025-02,A4M8P,BUCKSHAW HOSPITAL,3207,3175,-32,True
2025-01,2025-02,A4Q9X,NEWMEDICA LEICESTER,170,219,49,True
2025-01,2025-02,AAH,TETBURY HOSPITAL TRUST LTD,302,310,8,True
2025-01,2025-02,AAV,COMMUNITY HEALTH AND EYECARE LIMITED,3467,3811,344,True
2025-01,2025-02,ACG08,NEWMEDICA OPHTHALMOLOGY - NUNEATON - CAMP HILL - GP LED HEALTH CENTRE,20,28,8,True
2025-01,2025-02,ACG12,NEWMEDICA COMMUNITY OPHTHALMOLOGY - NORTH EAST LINCOLNSHIRE - GRIMSBY,609,626,17,True
2025-01,2025-02,ACG13,NEWMEDICA - GLOUCESTER (ASPEN MEDICAL CENTRE),250,281,31,True
2025-01,2025-02,ACG19,NEWMEDICA COMMUNITY OPHTHALMOLOGY - LEEDS,585,627,42,True
2025-01,2025-02,ACG20,NEWMEDICA - BRISTOL - LITFIELD HOUSE,191,226,35,True
2025-01,2025-02,ACG22,NEWMEDICA - BRIGG - RIVERSIDE SURGERY,664,708,44,True
2025-01,2025-02,ACG24,NEWMEDICA - TEESSIDE - NORTH ORMESBY,852,863,11,True
2025-01,2025-02,ACG26,NEWMEDICA - NORTH DERBYSHIRE - MIDLAND COURT,869,1009,140,True
2025-01,2025-02,ACG30,NEWMEDICA - WORKSOP - DUKERIES,137,153,16,True
2025-01,2025-02,ACG31,NEWMEDICA - WORCESTER,356,409,53,True
2025-01,2025-02,ACG36,NEWMEDICA - EXETER - GLEN HOUSE,200,229,29,True
2025-01,2025-02,ACG37,NEWMEDICA - IPSWICH,528,502,-26,True
2025-01,2025-02,ACG38,NEWMEDICA - LANGFORD,280,323,43,True
2025-01,2025-02,ACG39,NEWMEDICA - SWINDON,189,195,6,True
2025-01,2025-02,ACG40,NEWMEDICA - WAKEFIELD,351,424,73,True
2025-01,2025-02,ACM,EYE CARE MEDICAL LTD,9,4,-5,True
2025-01,2025-02,ADF01,NORTHWEST DIAGNOSTIC & TREATMENT SERVICES (MANOR HOUSE SURGERY),35,17,-18,True
2025-01,2025-02,ADN,PRIMARY INTEGRATED COMMUNITY SERVICES LTD,3314,3398,84,True
2025-01,2025-02,ADP02,KIMS HOSPITAL (NEWNHAM COURT),1053,1181,128,True
2025-01,2025-02,AHP,ST MICHAEL'S CLINIC LIMITED,2027,1874,-153,True
2025-01,2025-02,AJ8,THE GRANGE MEDICAL CENTRE HQ,75,72,-3,True
2025-01,2025-02,AQK,VERNOVA HEALTHCARE COMMUNITY INTEREST COMPANY,234,228,-6,True
2025-01,2025-02,AY1,MEDEFER,4496,4011,-485,True
2025-01,2025-02,B1A5K,NEWMEDICA - NOTTINGHAM,520,622,102,True
2025-01,2025-02,B3M1X,CLAREMONT PRIVATE HOSPITAL,1883,1950,67,True
2025-01,2025-02,B4N1U,SPAMEDICA ROMFORD,338,313,-25,True
2025-01,2025-02,B5M7B,NEWMEDICA - NORWICH,780,783,3,True
2025-01,2025-02,B9J4U,SPAMEDICA PETERBOROUGH,147,158,11,True
2025-01,2025-02,B9M3W,SPAMEDICA SOUTHAMPTON,161,127,-34,True
2025-01,2025-02,C3Y0A,SPAMEDICA BLACKPOOL,90,91,1,True
2025-01,2025-02,C5Y9L,NEWMEDICA - BERKSHIRE - BRACKNELL,1,16,15,True
2025-01,2025-02,C9A7J,NEWMEDICA - BRADFORD & HUDDERSFIELD,69,82,13,True
2025-01,2025-02,D3O0Z,PLYMOUTH NEWMEDICA LTD,427,367,-60,True
2025-01,2025-02,D5P5H,SPAMEDICA BEXHILL,160,147,-13,True
2025-01,2025-02,DFQ,NORWICH & NORFOLK SURGICAL LTD (N2S),905,896,-9,True
2025-01,2025-02,DFY01,COTSWOLDS SURGICAL PARTNERS,244,231,-13,True
2025-01,2025-02,DJH01,THE ROYAL BUCKINGHAMSHIRE HOSPITAL LTD,25,21,-4,True
2025-01,2025-02,DTT,PHOENIX PUBLIC HEALTH LTD,368,350,-18,True
2025-01,2025-02,DX1,THE NEW FOSCOTE HOSPITAL LTD,412,440,28,True
2025-01,2025-02,DXV,OMNES HEALTHCARE LTD,7947,7938,-9,True
2025-01,2025-02,E1U4T,SPAMEDICA CARLISLE,210,176,-34,True
2025-01,2025-02,E3D4A,SPAMEDICA TRURO,157,177,20,True
2025-01,2025-02,F0R0W,NEWMEDICA - DARLINGTON,25,23,-2,True
2025-01,2025-02,F1Y1H,NEWMEDICA - CHESHIRE OAKS,92,136,44,True
2025-01,2025-02,F9Z4V,CIRCLE READING HOSPITAL,1524,1553,29,True
2025-01,2025-02,G3O5P,SPAMEDICA NEWARK,206,222,16,True
2025-01,2025-02,G3Q3Z,NUFFIELD HEALTH HIGHGATE HOSPITAL,1092,947,-145,True
2025-01,2025-02,G3Z1Q,SULIS HOSPITAL BATH (FOXCOTE AVENUE),3167,3091,-76,True
2025-01,2025-02,G4H0I,NEWMEDICA SUFFOLK - BURY ST EDMUNDS - CLARITY HOUSE,293,347,54,True
2025-01,2025-02,G5X2Q,SPAMEDICA NORTH TYNESIDE,84,94,10,True
2025-01,2025-02,G6S7A,SPAMEDICA TAUNTON,307,92,-215,True
2025-01,2025-02,GEC01,RAPID INVESTIGATION SERVICE,101,84,-17,True
2025-01,2025-02,H1T2P,SPAMEDICA SWINDON,44,50,6,True
2025-01,2025-02,H2K1G,NEWMEDICA - BROMSGROVE,95,89,-6,True
2025-01,2025-02,H4I8B,NUFFIELD HEALTH THE HOLLY HOSPITAL,3245,3283,38,True
2025-01,2025-02,H4J9P,NEWMEDICA AZTEC WEST,590,649,59,True
2025-01,2025-02,I1H7K,SPAMEDICA SALE,39,62,23,True
2025-01,2025-02,I2C7H,SPAMEDICA BRADFORD,215,238,23,True
2025-01,2025-02,I9A4A,SPAMEDICA BRIGHTON,262,259,-3,True
2025-01,2025-02,J2H6H,SPAMEDICA COLCHESTER,144,192,48,True
2025-01,2025-02,J3J8Z,NEWMEDICA - OXFORDSHIRE,315,404,89,True
2025-01,2025-02,J3X4C,SPAMEDICA WORCESTER,89,85,-4,True
2025-01,2025-02,J7V1N,SPAMEDICA SOLIHULL,164,176,12,True
2025-01,2025-02,K8I4X,GLENDON WOOD HOSPITAL,1594,1680,86,True
2025-01,2025-02,K9J3O,SPAMEDICA LUTON,106,95,-11,True
2025-01,2025-02,L0D9W,NEWMEDICA - GLOUCESTER (BRIGHOUSE COURT),811,903,92,True
2025-01,2025-02,L4R3R,NEWMEDICA - HAMPSHIRE,646,589,-57,True
2025-01,2025-02,L6O7H,SPAMEDICA POOLE,229,230,1,True
2025-01,2025-02,L9D3Z,SPAMEDICA LEICESTER,118,128,10,True
2025-01,2025-02,M0N7E,SPAMEDICA SITTINGBOURNE,338,275,-63,True
2025-01,2025-02,M2Y6D,PRACTICE PLUS GROUP HOSPITAL BIRMINGHAM,0,80,80,False
2025-01,2025-02,M3R0W,SPAMEDICA NORWICH,111,119,8,True
2025-01,2025-02,M4C5R,NEWMEDICA - NORTHAMPTON,790,870,80,True
2025-01,2025-02,M5E1S,SPAMEDICA EXETER,144,124,-20,True
2025-01,2025-02,M7C9Q,SPAMEDICA EPSOM,202,202,0,True
2025-01,2025-02,M9U8M,ENDOCARE DIAGNOSTICS LTD,59,79,20,True
2025-01,2025-02,N6Z0R,NEWMEDICA - LINCOLN,28,33,5,True
2025-01,2025-02,N8R1N,NEWMEDICA - BERKSHIRE,292,411,119,True
2025-01,2025-02,NAM01,PROBUS SURGICAL CENTRE,954,967,13,True
2025-01,2025-02,NCN,DMC HEALTHCARE,1517,1903,386,True
2025-01,2025-02,NCR,ISIGHT,963,942,-21,True
2025-01,2025-02,NDJ,FIRST COMMUNITY HEALTH AND CARE CIC,503,606,103,True
2025-01,2025-02,NDL01,SUFFOLK GP FEDERATION,80,66,-14,True
2025-01,2025-02,NEQ,PHOENIX HEALTH SOLUTIONS LIMITED HQ,700,623,-77,True
2025-01,2025-02,NEY,PIONEER HEALTHCARE LIMITED,2635,2695,60,True
2025-01,2025-02,NFH,SOMERSET SURGICAL SERVICES HQ,874,847,-27,True
2025-01,2025-02,NL3,CARE PLUS GROUP,212,218,6,True
2025-01,2025-02,NL8,LOCALA COMMUNITY PARTNERSHIPS CIC,2444,2279,-165,True
2025-01,2025-02,NLE01,LANCASTER HOUSE CONSULTING DIAGNOSTICS SURGICAL LTD HQ,559,599,40,True
2025-01,2025-02,NLG,COMMUNITAS CLINICS,5452,6341,889,True
2025-01,2025-02,NLX,SIRONA CARE & HEALTH,6494,6731,237,True
2025-01,2025-02,NMG,CONNECT HEALTH LIMITED,11772,11253,-519,True
2025-01,2025-02,NN4,TYNESIDE SURGICAL SERVICES LTD,1316,1333,17,True
2025-01,2025-02,NN5,MANCHESTER SURGICAL SERVICES LTD,251,288,37,True
2025-01,2025-02,NN8,SPENCER PRIVATE HOSPITALS LTD,3254,2960,-294,True
2025-01,2025-02,NNE,DORKING HEALTHCARE LIMITED (DHC),5777,5587,-190,True
2025-01,2025-02,NNH,OPTEGRA UK,5331,5756,425,True
2025-01,2025-02,NPG01,SPAMEDICA MANCHESTER,138,131,-7,True
2025-01,2025-02,NPG02,SPAMEDICA WIRRAL,157,150,-7,True
2025-01,2025-02,NPG06,SPAMEDICA LIVERPOOL,214,236,22,True
2025-01,2025-02,NPG07,SPAMEDICA EYE HOSPITAL (WAKEFIELD),159,197,38,True
2025-01,2025-02,NPG08,SPAMEDICA BOLTON,144,180,36,True
2025-01,2025-02,NPG10,SPAMEDICA SHEFFIELD,94,123,29,True
2025-01,2025-02,NPG11,SPAMEDICA BIRMINGHAM,253,301,48,True
2025-01,2025-02,NPG13,SPAMEDICA SKELMERSDALE,190,193,3,True
2025-01,2025-02,NPG14,SPAMEDICA WIDNES,95,88,-7,True
2025-01,2025-02,NPG15,SPAMEDICA NEWCASTLE-UNDER-LYME,169,199,30,True
2025-01,2025-02,NPG16,SPAMEDICA CHELMSFORD,234,211,-23,True
2025-01,2025-02,NPG17,SPAMEDICA PRESTON,111,126,15,True
2025-01,2025-02,NPG18,SPAMEDICA HULL,192,226,34,True
2025-01,2025-02,NPG19,SPAMEDICA BEDFORD,160,158,-2,True
2025-01,2025-02,NPG20,SPAMEDICA WOLVERHAMPTON,206,230,24,True
2025-01,2025-02,NPG21,SPAMEDICA COVENTRY,226,231,5,True
2025-01,2025-02,NPG22,SPAMEDICA STOCKTON-ON-TEES,162,126,-36,True
2025-01,2025-02,NPG23,SPAMEDICA DERBY,171,174,3,True
2025-01,2025-02,NPR01,ABOUT HEALTH HQ,1724,1547,-177,True
2025-01,2025-02,NQH,NOVUS HEALTH LTD,1851,807,-1044,True
2025-01,2025-02,NQM01,ORTHOPAEDICS & SPINE SPECIALIST HOSPITAL SITE,176,183,7,True
2025-01,2025-02,NQT5K,ST MARTINS HOSPITAL,1005,0,-1005,False
2025-01,2025-02,NQX01,PROVIDE WELLBEING @ TOLLGATE CLINIC,116,88,-28,True
2025-01,2025-02,NR5,LIVEWELL SOUTHWEST,66,79,13,True
2025-01,2025-02,NRP,BEACON MEDICAL SERVICES GROUP LIMITED,240,333,93,True
2025-01,2025-02,NT202,"NUFFIELD HEALTH, BOURNEMOUTH HOSPITAL",532,537,5,True
2025-01,2025-02,NT204,"NUFFIELD HEALTH, BRENTWOOD HOSPITAL",1437,1406,-31,True
2025-01,2025-02,NT205,"NUFFIELD HEALTH, BRIGHTON HOSPITAL",841,880,39,True
2025-01,2025-02,NT206,"NUFFIELD HEALTH, BRISTOL HOSPITAL (CHESTERFIELD)",342,322,-20,True
2025-01,2025-02,NT209,"NUFFIELD HEALTH, CAMBRIDGE HOSPITAL",396,392,-4,True
2025-01,2025-02,NT210,"NUFFIELD HEALTH, THE GROSVENOR HOSPITAL, CHESTER",300,311,11,True
2025-01,2025-02,NT211,"NUFFIELD HEALTH, CHELTENHAM HOSPITAL",36,56,20,True
2025-01,2025-02,NT212,"NUFFIELD HEALTH, CHICHESTER HOSPITAL",1177,1239,62,True
2025-01,2025-02,NT213,"NUFFIELD HEALTH, DERBY HOSPITAL",1389,1427,38,True
2025-01,2025-02,NT214,"NUFFIELD HEALTH, WESSEX HOSPITAL",590,571,-19,True
2025-01,2025-02,NT215,"NUFFIELD HEALTH, EXETER HOSPITAL",334,383,49,True
2025-01,2025-02,NT216,"NUFFIELD HEALTH, GUILDFORD HOSPITAL",378,480,102,True
2025-01,2025-02,NT218,"NUFFIELD HEALTH, HAYWARDS HEATH HOSPITAL",323,434,111,True
2025-01,2025-02,NT219,"NUFFIELD HEALTH, HEREFORD HOSPITAL",274,222,-52,True
2025-01,2025-02,NT224,"NUFFIELD HEALTH, WARWICKSHIRE HOSPITAL",231,257,26,True
2025-01,2025-02,NT225,"NUFFIELD HEALTH, LEEDS HOSPITAL",1590,1645,55,True
2025-01,2025-02,NT226,"NUFFIELD HEALTH, LEICESTER HOSPITAL",514,512,-2,True
2025-01,2025-02,NT229,"NUFFIELD HEALTH, NEWCASTLE UPON TYNE HOSPITAL",456,573,117,True
2025-01,2025-02,NT230,"NUFFIELD HEALTH, NORTH STAFFORDSHIRE HOSPITAL",1365,1311,-54,True
2025-01,2025-02,NT233,"NUFFIELD HEALTH, PLYMOUTH HOSPITAL",1125,1158,33,True
2025-01,2025-02,NT235,"NUFFIELD HEALTH, SHREWSBURY HOSPITAL",194,214,20,True
2025-01,2025-02,NT237,"NUFFIELD HEALTH, TEES HOSPITAL",1276,1380,104,True
2025-01,2025-02,NT238,"NUFFIELD HEALTH, TAUNTON HOSPITAL",262,240,-22,True
2025-01,2025-02,NT239,"NUFFIELD HEALTH, TUNBRIDGE WELLS HOSPITAL",250,242,-8,True
2025-01,2025-02,NT241,"NUFFIELD HEALTH, WOKING HOSPITAL",513,612,99,True
2025-01,2025-02,NT242,"NUFFIELD HEALTH, WOLVERHAMPTON HOSPITAL",521,501,-20,True
2025-01,2025-02,NT245,"NUFFIELD HEALTH, YORK HOSPITAL",549,555,6,True
2025-01,2025-02,NT301,SPIRE SOUTH BANK HOSPITAL,783,815,32,True
2025-01,2025-02,NT302,SPIRE BRISTOL HOSPITAL,781,772,-9,True
2025-01,2025-02,NT304,SPIRE SOUTHAMPTON HOSPITAL,658,441,-217,True
2025-01,2025-02,NT305,SPIRE PORTSMOUTH HOSPITAL,453,441,-12,True
2025-01,2025-02,NT308,SPIRE GATWICK PARK HOSPITAL,1056,1102,46,True
2025-01,2025-02,NT30A,SPIRE NOTTINGHAM HOSPITAL,491,541,50,True
2025-01,2025-02,NT312,SPIRE ALEXANDRA HOSPITAL,1145,1226,81,True
2025-01,2025-02,NT313,SPIRE WELLESLEY HOSPITAL,1361,1426,65,True
2025-01,2025-02,NT314,SPIRE LONDON EAST,1902,1889,-13,True
2025-01,2025-02,NT315,SPIRE BUSHEY HOSPITAL,526,576,50,True
2025-01,2025-02,NT316,SPIRE HARPENDEN HOSPITAL,471,502,31,True
2025-01,2025-02,NT317,SPIRE CAMBRIDGE LEA HOSPITAL,387,337,-50,True
2025-01,2025-02,NT318,SPIRE NORWICH HOSPITAL,258,307,49,True
2025-01,2025-02,NT319,SPIRE HARTSWOOD HOSPITAL,1309,1304,-5,True
2025-01,2025-02,NT320,SPIRE PARKWAY HOSPITAL,1385,1416,31,True
2025-01,2025-02,NT321,SPIRE LITTLE ASTON HOSPITAL,1551,1624,73,True
2025-01,2025-02,NT322,SPIRE LEICESTER HOSPITAL,521,457,-64,True
2025-01,2025-02,NT324,SPIRE CHESHIRE HOSPITAL,1211,1170,-41,True
2025-01,2025-02,NT325,SPIRE MURRAYFIELD HOSPITAL,514,506,-8,True
2025-01,2025-02,NT327,SPIRE MANCHESTER HOSPITAL,795,819,24,True
2025-01,2025-02,NT332,SPIRE LEEDS HOSPITAL,850,861,11,True
2025-01,2025-02,NT333,SPIRE WASHINGTON HOSPITAL,1385,1485,100,True
2025-01,2025-02,NT337,SPIRE LIVERPOOL HOSPITAL,3103,3017,-86,True
2025-01,2025-02,NT339,SPIRE REGENCY HOSPITAL,1528,1821,293,True
2025-01,2025-02,NT343,SPIRE THAMES VALLEY HOSPITAL,387,424,37,True
2025-01,2025-02,NT344,SPIRE DUNEDIN HOSPITAL,272,251,-21,True
2025-01,2025-02,NT345,SPIRE CLARE PARK HOSPITAL,231,251,20,True
2025-01,2025-02,NT347,SPIRE FYLDE COAST HOSPITAL,3083,2994,-89,True
2025-01,2025-02,NT348,SPIRE ELLAND HOSPITAL,1059,1086,27,True
2025-01,2025-02,NT350,SPIRE METHLEY PARK HOSPITAL,1130,1225,95,True
2025-01,2025-02,NT351,SPIRE HULL AND EAST RIDING HOSPITAL,3912,3101,-811,True
2025-01,2025-02,NT364,SPIRE MONTEFIORE HOSPITAL,1588,1545,-43,True
2025-01,2025-02,NT3X3,SPIRE ST ANTHONY'S HOSPITAL,1531,1113,-418,True
2025-01,2025-02,NT401,ALEXANDRA HOSPITAL,800,733,-67,True
2025-01,2025-02,NT402,BATH CLINIC,837,835,-2,True
2025-01,2025-02,NT403,BEARDWOOD HOSPITAL,2768,2728,-40,True
2025-01,2025-02,NT404,BEAUMONT HOSPITAL,2666,2535,-131,True
2025-01,2025-02,NT405,BISHOPS WOOD HOSPITAL,691,625,-66,True
2025-01,2025-02,NT406,BLACKHEATH HOSPITAL,1376,1467,91,True
2025-01,2025-02,NT408,CHAUCER HOSPITAL,643,600,-43,True
2025-01,2025-02,NT409,CHELSFIELD PARK HOSPITAL,612,590,-22,True
2025-01,2025-02,NT410,CHILTERN HOSPITAL,499,535,36,True
2025-01,2025-02,NT411,CLEMENTINE CHURCHILL HOSPITAL,1899,1873,-26,True
2025-01,2025-02,NT412,DROITWICH SPA HOSPITAL,2242,2182,-60,True
2025-01,2025-02,NT416,HENDON HOSPITAL,808,826,18,True
2025-01,2025-02,NT417,GORING HALL HOSPITAL,1351,1233,-118,True
2025-01,2025-02,NT418,HAMPSHIRE CLINIC,381,366,-15,True
2025-01,2025-02,NT419,HARBOUR HOSPITAL,136,160,24,True
2025-01,2025-02,NT420,HIGHFIELD HOSPITAL,874,964,90,True
2025-01,2025-02,NT421,KINGS OAK HOSPITAL,977,918,-59,True
2025-01,2025-02,NT422,LONDON INDEPENDENT HOSPITAL,4288,3985,-303,True
2025-01,2025-02,NT423,MANOR HOSPITAL,916,899,-17,True
2025-01,2025-02,NT424,MERIDEN HOSPITAL,1652,1691,39,True
2025-01,2025-02,NT427,PARK HOSPITAL,1077,1054,-23,True
2025-01,2025-02,NT428,PRINCESS MARGARET HOSPITAL,109,119,10,True
2025-01,2025-02,NT429,PRIORY HOSPITAL,993,984,-9,True
2025-01,2025-02,NT430,RIDGEWAY HOSPITAL,389,402,13,True
2025-01,2025-02,NT431,RUNNYMEDE HOSPITAL,97,101,4,True
2025-01,2025-02,NT433,SARUM ROAD HOSPITAL,348,348,0,True
2025-01,2025-02,NT434,SAXON CLINIC,679,677,-2,True
2025-01,2025-02,NT435,SHELBURNE HOSPITAL,167,166,-1,True
2025-01,2025-02,NT436,SHIRLEY OAKS HOSPITAL,995,1015,20,True
2025-01,2025-02,NT437,SLOANE HOSPITAL,791,757,-34,True
2025-01,2025-02,NT440,THORNBURY HOSPITAL,624,579,-45,True
2025-01,2025-02,NT441,THREE SHIRES HOSPITAL,3222,3230,8,True
2025-01,2025-02,NT443,WINTERBOURNE HOSPITAL,290,286,-4,True
2025-01,2025-02,NT445,EDGBASTON HOSPITAL,1,1,0,True
2025-01,2025-02,NT446,ST EDMUNDS HOSPITAL,631,606,-25,True
2025-01,2025-02,NT447,DUCHY HOSPITAL,548,515,-33,True
2025-01,2025-02,NT448,HUDDERSFIELD PRIVATE HOSPITAL,816,739,-77,True
2025-01,2025-02,NT449,LANCASTER PRIVATE HOSPITAL,421,434,13,True
2025-01,2025-02,NT450,LINCOLN PRIVATE HOSPITAL,1409,1401,-8,True
2025-01,2025-02,NT451,CAVELL HOSPITAL,1226,1263,37,True
2025-01,2025-02,NT455,MOUNT ALVERNIA HOSPITAL,208,197,-11,True
2025-01,2025-02,NT457,WOODLANDS HOSPITAL,2236,2182,-54,True
2025-01,2025-02,NT490,SOUTHEND PRIVATE HOSPITAL,724,696,-28,True
2025-01,2025-02,NTE02,ST HUGH'S HOSPITAL,2867,2883,16,True
2025-01,2025-02,NTP11,PRACTICE PLUS GROUP HOSPITAL - SOUTHAMPTON,8781,8474,-307,True
2025-01,2025-02,NTP13,PRACTICE PLUS GROUP HOSPITAL - BARLBOROUGH,2175,2153,-22,True
2025-01,2025-02,NTP15,PRACTICE PLUS GROUP HOSPITAL - ILFORD,6040,6148,108,True
2025-01,2025-02,NTP16,PRACTICE PLUS GROUP SURGICAL CENTRE - GILLINGHAM,1138,896,-242,True
2025-01,2025-02,NTPAD,PRACTICE PLUS GROUP SURGICAL CENTRE - ST MARYS PORTSMOUTH,1826,1799,-27,True
2025-01,2025-02,NTPAE,PRACTICE PLUS GROUP OPHTHALMOLOGY - NORTH WEST,874,1046,172,True
2025-01,2025-02,NTPH1,PRACTICE PLUS GROUP HOSPITAL - SHEPTON MALLET,2763,2650,-113,True
2025-01,2025-02,NTPH2,PRACTICE PLUS GROUP HOSPITAL - EMERSONS GREEN,4677,4841,164,True
2025-01,2025-02,NTPH3,PRACTICE PLUS GROUP SURGICAL CENTRE - DEVIZES,2861,2935,74,True
2025-01,2025-02,NTPH5,PRACTICE PLUS GROUP HOSPITAL - PLYMOUTH,1704,1588,-116,True
2025-01,2025-02,NTX,THE ONE HEALTH GROUP PLC,4165,4209,44,True
2025-01,2025-02,NV1,INHEALTH LIMITED,567,570,3,True
2025-01,2025-02,NVC01,ASHTEAD HOSPITAL,868,916,48,True
2025-01,2025-02,NVC02,THE BERKSHIRE INDEPENDENT HOSPITAL,1136,1170,34,True
2025-01,2025-02,NVC04,DUCHY HOSPITAL,1841,1912,71,True
2025-01,2025-02,NVC05,EUXTON HALL HOSPITAL,3167,3181,14,True
2025-01,2025-02,NVC06,FITZWILLIAM HOSPITAL,6576,6457,-119,True
2025-01,2025-02,NVC07,FULWOOD HALL HOSPITAL,6411,6225,-186,True
2025-01,2025-02,NVC08,MOUNT STUART HOSPITAL,2112,2088,-24,True
2025-01,2025-02,NVC09,NEW HALL HOSPITAL,3627,3494,-133,True
2025-01,2025-02,NVC0I,BEACON PARK HOSPITAL,967,948,-19,True
2025-01,2025-02,NVC0R,TEES VALLEY HOSPITAL,3545,3681,136,True
2025-01,2025-02,NVC0Y,EXETER MEDICAL,232,266,34,True
2025-01,2025-02,NVC11,NORTH DOWNS HOSPITAL,1672,1706,34,True
2025-01,2025-02,NVC12,OAKLANDS HOSPITAL,4546,4305,-241,True
2025-01,2025-02,NVC13,OAKS HOSPITAL,792,736,-56,True
2025-01,2025-02,NVC14,PARK HILL HOSPITAL,856,819,-37,True
2025-01,2025-02,NVC15,PINEHILL HOSPITAL,1574,1589,15,True
2025-01,2025-02,NVC16,RENACRES HOSPITAL,4283,4412,129,True
2025-01,2025-02,NVC17,ROWLEY HALL HOSPITAL,3111,2950,-161,True
2025-01,2025-02,NVC18,SPRINGFIELD HOSPITAL,4874,4969,95,True
2025-01,2025-02,NVC19,RIVERS HOSPITAL,4336,4318,-18,True
2025-01,2025-02,NVC1H,STOURSIDE HOSPITAL,3065,3023,-42,True
2025-01,2025-02,NVC20,THE YORKSHIRE CLINIC,8531,8322,-209,True
2025-01,2025-02,NVC21,WEST MIDLANDS HOSPITAL,1080,970,-110,True
2025-01,2025-02,NVC22,WINFIELD HOSPITAL,1484,1562,78,True
2025-01,2025-02,NVC23,WOODLAND HOSPITAL,4820,4945,125,True
2025-01,2025-02,NVC25,THE CHERWELL HOSPITAL,2592,2482,-110,True
2025-01,2025-02,NVC27,BOSTON WEST HOSPITAL,1927,1858,-69,True
2025-01,2025-02,NVC28,CLIFTON PARK HOSPITAL,1706,1683,-23,True
2025-01,2025-02,NVC29,COBALT HOSPITAL,2438,2267,-171,True
2025-01,2025-02,NVC31,BLAKELANDS HOSPITAL,2161,2193,32,True
2025-01,2025-02,NVC40,WOODTHORPE HOSPITAL,3562,3708,146,True
2025-01,2025-02,NVC44,THE WESTBOURNE CENTRE,3111,3118,7,True
2025-01,2025-02,NVG01,FAIRFIELD HOSPITAL,1923,2024,101,True
2025-01,2025-02,NVL,DMC DERMATOLOGY,172,206,34,True
2025-01,2025-02,NVM,EPSOMEDICAL GROUP,2674,2755,81,True
2025-01,2025-02,NWF01,BENENDEN HOSPITAL,1517,1427,-90,True
2025-01,2025-02,NWV01,GP CARE UK,525,572,47,True
2025-01,2025-02,NXM01,THE HORDER CENTRE - ST JOHNS ROAD,1281,1209,-72,True
2025-01,2025-02,NXP,INDEPENDENT HEALTH GROUP,914,852,-62,True
2025-01,2025-02,NYG,SUSSEX COMMUNITY DERMATOLOGY SERVICE,12882,10712,-2170,True
2025-01,2025-02,NYR,HEALTHSHARE DIAGNOSTICS,2332,2234,-98,True
2025-01,2025-02,NYW17,ASPEN HEALTHCARE - MIDLAND EYE,800,0,-800,False
2025-01,2025-02,O1P6X,SPAMEDICA OLDHAM,228,209,-19,True
2025-01,2025-02,O5Y9D,SPAMEDICA OXFORD,121,82,-39,True
2025-01,2025-02,O6X7Z,SPAMEDICA CAMBRIDGE,0,17,17,False
2025-01,2025-02,P0C3F,SPAMEDICA LEEDS,111,122,11,True
2025-01,2025-02,P1B7M,SPAMEDICA BRISTOL,99,101,2,True
2025-01,2025-02,P5Y6K,NEWMEDICA - SHREWSBURY,129,132,3,True
2025-01,2025-02,Q1S8W,NEWMEDICA - BURY ST EDMUNDS,11,5,-6,True
2025-01,2025-02,Q1W6P,SPAMEDICA WATFORD,177,170,-7,True
2025-01,2025-02,Q8X0X,SPAMEDICA ISLE OF WIGHT,3,19,16,True
2025-01,2025-02,R0A,MANCHESTER UNIVERSITY NHS FOUNDATION TRUST,198414,197034,-1380,True
2025-01,2025-02,R0B,SOUTH TYNESIDE AND SUNDERLAND NHS FOUNDATION TRUST,58218,58012,-206,True
2025-01,2025-02,R0D,UNIVERSITY HOSPITALS DORSET NHS FOUNDATION TRUST,67519,67704,185,True
2025-01,2025-02,R0F4N,NUFFIELD HEALTH PARKSIDE HOSPITAL,1042,1030,-12,True
2025-01,2025-02,R1A,HEREFORDSHIRE AND WORCESTERSHIRE HEALTH AND CARE NHS TRUST,56,59,3,True
2025-01,2025-02,R1D,SHROPSHIRE COMMUNITY HEALTH NHS TRUST,10831,10372,-459,True
2025-01,2025-02,R1F,ISLE OF WIGHT NHS TRUST,13576,13351,-225,True
2025-01,2025-02,R1G7E,SPAMEDICA KENDAL,225,194,-31,True
2025-01,2025-02,R1H,BARTS HEALTH NHS TRUST,127697,125996,-1701,True
2025-01,2025-02,R1K,LONDON NORTH WEST UNIVERSITY HEALTHCARE NHS TRUST,92148,91303,-845,True
2025-01,2025-02,R3I5E,NEWMEDICA -TELFORD,0,3,3,False
2025-01,2025-02,R7W2O,NEWCASTLE NEWMEDICA LTD,270,284,14,True
2025-01,2025-02,RA2,ROYAL SURREY COUNTY HOSPITAL NHS FOUNDATION TRUST,34054,32668,-1386,True
2025-01,2025-02,RA7,UNIVERSITY HOSPITALS BRISTOL AND WESTON NHS FOUNDATION TRUST,54258,54000,-258,True
2025-01,2025-02,RA9,TORBAY AND SOUTH DEVON NHS FOUNDATION TRUST,34252,34367,115,True
2025-01,2025-02,RAE,BRADFORD TEACHING HOSPITALS NHS FOUNDATION TRUST,32254,32200,-54,True
2025-01,2025-02,RAJ,MID AND SOUTH ESSEX NHS FOUNDATION TRUST,167890,170098,2208,True
2025-01,2025-02,RAL,ROYAL FREE LONDON NHS FOUNDATION TRUST,143150,145412,2262,True
2025-01,2025-02,RAN,ROYAL NATIONAL ORTHOPAEDIC HOSPITAL NHS TRUST,8342,8090,-252,True
2025-01,2025-02,RAS,THE HILLINGDON HOSPITALS NHS FOUNDATION TRUST,27130,28473,1343,True
2025-01,2025-02,RAX,KINGSTON AND RICHMOND NHS FOUNDATION TRUST,39089,38518,-571,True
2025-01,2025-02,RBD,DORSET COUNTY HOSPITAL NHS FOUNDATION TRUST,20835,20757,-78,True
2025-01,2025-02,RBK,WALSALL HEALTHCARE NHS TRUST,28951,28375,-576,True
2025-01,2025-02,RBL,WIRRAL UNIVERSITY TEACHING HOSPITAL NHS FOUNDATION TRUST,47362,47438,76,True
2025-01,2025-02,RBN,MERSEY AND WEST LANCASHIRE TEACHING HOSPITALS NHS TRUST,77156,75376,-1780,True
2025-01,2025-02,RBQ,LIVERPOOL HEART AND CHEST HOSPITAL NHS FOUNDATION TRUST,5798,5647,-151,True
2025-01,2025-02,RBS,ALDER HEY CHILDREN'S NHS FOUNDATION TRUST,21619,21276,-343,True
2025-01,2025-02,RBT,MID CHESHIRE HOSPITALS NHS FOUNDATION TRUST,37696,37285,-411,True
2025-01,2025-02,RBV,THE CHRISTIE NHS FOUNDATION TRUST,2868,2998,130,True
2025-01,2025-02,RC9,BEDFORDSHIRE HOSPITALS NHS FOUNDATION TRUST,98272,97561,-711,True
2025-01,2025-02,RCB,YORK AND SCARBOROUGH TEACHING HOSPITALS NHS FOUNDATION TRUST,42549,44320,1771,True
2025-01,2025-02,RCD,HARROGATE AND DISTRICT NHS FOUNDATION TRUST,21614,21543,-71,True
2025-01,2025-02,RCF,AIREDALE NHS FOUNDATION TRUST,13884,14087,203,True
2025-01,2025-02,RCU,SHEFFIELD CHILDREN'S NHS FOUNDATION TRUST,12161,12253,92,True
2025-01,2025-02,RCX,"THE QUEEN ELIZABETH HOSPITAL, KING'S LYNN, NHS FOUNDATION TRUST",24578,25318,740,True
2025-01,2025-02,RD1,ROYAL UNITED HOSPITALS BATH NHS FOUNDATION TRUST,39914,39673,-241,True
2025-01,2025-02,RD8,MILTON KEYNES UNIVERSITY HOSPITAL NHS FOUNDATION TRUST,33267,31846,-1421,True
2025-01,2025-02,RDE,EAST SUFFOLK AND NORTH ESSEX NHS FOUNDATION TRUST,91286,90288,-998,True
2025-01,2025-02,RDR,SUSSEX COMMUNITY NHS FOUNDATION TRUST,10520,10553,33,True
2025-01,2025-02,RDU,FRIMLEY HEALTH NHS FOUNDATION TRUST,78953,77641,-1312,True
2025-01,2025-02,REF,ROYAL CORNWALL HOSPITALS NHS TRUST,40724,41054,330,True
2025-01,2025-02,REM,LIVERPOOL UNIVERSITY HOSPITALS NHS FOUNDATION TRUST,70629,70213,-416,True
2025-01,2025-02,REN,THE CLATTERBRIDGE CANCER CENTRE NHS FOUNDATION TRUST,771,900,129,True
2025-01,2025-02,REP,LIVERPOOL WOMEN'S NHS FOUNDATION TRUST,16676,16436,-240,True
2025-01,2025-02,RET,THE WALTON CENTRE NHS FOUNDATION TRUST,15564,15009,-555,True
2025-01,2025-02,RF4,"BARKING, HAVERING AND REDBRIDGE UNIVERSITY HOSPITALS NHS TRUST",54624,54584,-40,True
2025-01,2025-02,RFF,BARNSLEY HOSPITAL NHS FOUNDATION TRUST,22103,22767,664,True
2025-01,2025-02,RFR,THE ROTHERHAM NHS FOUNDATION TRUST,31226,31022,-204,True
2025-01,2025-02,RFS,CHESTERFIELD ROYAL HOSPITAL NHS FOUNDATION TRUST,28923,28883,-40,True
2025-01,2025-02,RGM,ROYAL PAPWORTH HOSPITAL NHS FOUNDATION TRUST,7506,7263,-243,True
2025-01,2025-02,RGN,NORTH WEST ANGLIA NHS FOUNDATION TRUST,76374,77028,654,True
2025-01,2025-02,RGP,JAMES PAGET UNIVERSITY HOSPITALS NHS FOUNDATION TRUST,31956,32103,147,True
2025-01,2025-02,RGR,WEST SUFFOLK NHS FOUNDATION TRUST,34422,35015,593,True
2025-01,2025-02,RGT,CAMBRIDGE UNIVERSITY HOSPITALS NHS FOUNDATION TRUST,65007,65248,241,True
2025-01,2025-02,RH5,SOMERSET NHS FOUNDATION TRUST,59029,59283,254,True
2025-01,2025-02,RH8,ROYAL DEVON UNIVERSITY HEALTHCARE NHS FOUNDATION TRUST,70891,70391,-500,True
2025-01,2025-02,RHM,UNIVERSITY HOSPITAL SOUTHAMPTON NHS FOUNDATION TRUST,60905,61328,423,True
2025-01,2025-02,RHQ,SHEFFIELD TEACHING HOSPITALS NHS FOUNDATION TRUST,94416,93524,-892,True
2025-01,2025-02,RHU,PORTSMOUTH HOSPITALS UNIVERSITY NATIONAL HEALTH SERVICE TRUST,60697,60301,-396,True
2025-01,2025-02,RHW,ROYAL BERKSHIRE NHS FOUNDATION TRUST,38149,37447,-702,True
2025-01,2025-02,RJ1,GUY'S AND ST THOMAS' NHS FOUNDATION TRUST,122640,120759,-1881,True
2025-01,2025-02,RJ2,LEWISHAM AND GREENWICH NHS TRUST,63399,61772,-1627,True
2025-01,2025-02,RJ6,CROYDON HEALTH SERVICES NHS TRUST,33337,33694,357,True
2025-01,2025-02,RJ7,ST GEORGE'S UNIVERSITY HOSPITALS NHS FOUNDATION TRUST,69062,69715,653,True
2025-01,2025-02,RJ8,CORNWALL PARTNERSHIP NHS FOUNDATION TRUST,418,375,-43,True
2025-01,2025-02,RJC,SOUTH WARWICKSHIRE UNIVERSITY NHS FOUNDATION TRUST,32007,31906,-101,True
2025-01,2025-02,RJE,UNIVERSITY HOSPITALS OF NORTH MIDLANDS NHS TRUST,73021,71549,-1472,True
2025-01,2025-02,RJL,NORTHERN LINCOLNSHIRE AND GOOLE NHS FOUNDATION TRUST,42509,42948,439,True
2025-01,2025-02,RJN,EAST CHESHIRE NHS TRUST,12931,12966,35,True
2025-01,2025-02,RJR,COUNTESS OF CHESTER HOSPITAL NHS FOUNDATION TRUST,33615,34282,667,True
2025-01,2025-02,RJZ,KING'S COLLEGE HOSPITAL NHS FOUNDATION TRUST,89475,90333,858,True
2025-01,2025-02,RK5,SHERWOOD FOREST HOSPITALS NHS FOUNDATION TRUST,33877,34437,560,True
2025-01,2025-02,RK9,UNIVERSITY HOSPITALS PLYMOUTH NHS TRUST,48686,48343,-343,True
2025-01,2025-02,RKB,UNIVERSITY HOSPITALS COVENTRY AND WARWICKSHIRE NHS TRUST,83465,85275,1810,True
2025-01,2025-02,RKE,WHITTINGTON HEALTH NHS TRUST,26446,26280,-166,True
2025-01,2025-02,RL1,THE ROBERT JONES AND AGNES HUNT ORTHOPAEDIC HOSPITAL NHS FOUNDATION TRUST,16607,17016,409,True
2025-01,2025-02,RL4,THE ROYAL WOLVERHAMPTON NHS TRUST,88817,88210,-607,True
2025-01,2025-02,RLQ,WYE VALLEY NHS TRUST,23206,23221,15,True
2025-01,2025-02,RLT,GEORGE ELIOT HOSPITAL NHS TRUST,17566,19922,2356,True
2025-01,2025-02,RM1,NORFOLK AND NORWICH UNIVERSITY HOSPITALS NHS FOUNDATION TRUST,82744,82333,-411,True
2025-01,2025-02,RM3,NORTHERN CARE ALLIANCE NHS FOUNDATION TRUST,139039,136673,-2366,True
2025-01,2025-02,RMC,BOLTON NHS FOUNDATION TRUST,40391,39987,-404,True
2025-01,2025-02,RMP,TAMESIDE AND GLOSSOP INTEGRATED CARE NHS FOUNDATION TRUST,17274,17448,174,True
2025-01,2025-02,RN3,GREAT WESTERN HOSPITALS NHS FOUNDATION TRUST,39791,38642,-1149,True
2025-01,2025-02,RN5,HAMPSHIRE HOSPITALS NHS FOUNDATION TRUST,51951,51422,-529,True
2025-01,2025-02,RN7,DARTFORD AND GRAVESHAM NHS TRUST,31637,31953,316,True
2025-01,2025-02,RNA,THE DUDLEY GROUP NHS FOUNDATION TRUST,44769,44511,-258,True
2025-01,2025-02,RNN,NORTH CUMBRIA INTEGRATED CARE NHS FOUNDATION TRUST,39266,39669,403,True
2025-01,2025-02,RNQ,KETTERING GENERAL HOSPITAL NHS FOUNDATION TRUST,25415,24500,-915,True
2025-01,2025-02,RNS,NORTHAMPTON GENERAL HOSPITAL NHS TRUST,41752,41253,-499,True
2025-01,2025-02,RNZ,SALISBURY NHS FOUNDATION TRUST,29320,28150,-1170,True
2025-01,2025-02,RP4,GREAT ORMOND STREET HOSPITAL FOR CHILDREN NHS FOUNDATION TRUST,8077,8268,191,True
2025-01,2025-02,RP5,DONCASTER AND BASSETLAW TEACHING HOSPITALS NHS FOUNDATION TRUST,55338,56377,1039,True
2025-01,2025-02,RP6,MOORFIELDS EYE HOSPITAL NHS FOUNDATION TRUST,32691,33406,715,True
2025-01,2025-02,RP7,LINCOLNSHIRE PARTNERSHIP NHS FOUNDATION TRUST,39,19,-20,True
2025-01,2025-02,RPA,MEDWAY NHS FOUNDATION TRUST,39894,39959,65,True
2025-01,2025-02,RPC,QUEEN VICTORIA HOSPITAL NHS FOUNDATION TRUST,19354,18804,-550,True
2025-01,2025-02,RPG,OXLEAS NHS FOUNDATION TRUST,1797,1641,-156,True
2025-01,2025-02,RPY,THE ROYAL MARSDEN NHS FOUNDATION TRUST,1936,2025,89,True
2025-01,2025-02,RQ3,BIRMINGHAM WOMEN'S AND CHILDREN'S NHS FOUNDATION TRUST,25655,26087,432,True
2025-01,2025-02,RQM,CHELSEA AND WESTMINSTER HOSPITAL NHS FOUNDATION TRUST,64423,64924,501,True
2025-01,2025-02,RQW,THE PRINCESS ALEXANDRA HOSPITAL NHS TRUST,54423,54245,-178,True
2025-01,2025-02,RQX,HOMERTON HEALTHCARE NHS FOUNDATION TRUST,34891,35278,387,True
2025-01,2025-02,RR7,GATESHEAD HEALTH NHS FOUNDATION TRUST,12868,13096,228,True
2025-01,2025-02,RR8,LEEDS TEACHING HOSPITALS NHS TRUST,85695,87024,1329,True
2025-01,2025-02,RRE,MIDLANDS PARTNERSHIP UNIVERSITY NHS FOUNDATION TRUST,5049,5312,263,True
2025-01,2025-02,RRF,"WRIGHTINGTON, WIGAN AND LEIGH NHS FOUNDATION TRUST",50630,50098,-532,True
2025-01,2025-02,RRJ,THE ROYAL ORTHOPAEDIC HOSPITAL NHS FOUNDATION TRUST,13777,13277,-500,True
2025-01,2025-02,RRK,UNIVERSITY HOSPITALS BIRMINGHAM NHS FOUNDATION TRUST,112400,112137,-263,True
2025-01,2025-02,RRV,UNIVERSITY COLLEGE LONDON HOSPITALS NHS FOUNDATION TRUST,74000,72963,-1037,True
2025-01,2025-02,RT1,CAMBRIDGESHIRE AND PETERBOROUGH NHS FOUNDATION TRUST,338,315,-23,True
2025-01,2025-02,RTD,THE NEWCASTLE UPON TYNE HOSPITALS NHS FOUNDATION TRUST,97560,96089,-1471,True
2025-01,2025-02,RTE,GLOUCESTERSHIRE HOSPITALS NHS FOUNDATION TRUST,70567,70013,-554,True
2025-01,2025-02,RTF,NORTHUMBRIA HEALTHCARE NHS FOUNDATION TRUST,35112,35826,714,True
2025-01,2025-02,RTG,UNIVERSITY HOSPITALS OF DERBY AND BURTON NHS FOUNDATION TRUST,109670,109167,-503,True
2025-01,2025-02,RTH,OXFORD UNIVERSITY HOSPITALS NHS FOUNDATION TRUST,90744,90367,-377,True
2025-01,2025-02,RTK,ASHFORD AND ST PETER'S HOSPITALS NHS FOUNDATION TRUST,56086,57129,1043,True
2025-01,2025-02,RTP,SURREY AND SUSSEX HEALTHCARE NHS TRUST,51987,52756,769,True
2025-01,2025-02,RTR,SOUTH TEES HOSPITALS NHS FOUNDATION TRUST,56971,57444,473,True
2025-01,2025-02,RTX,UNIVERSITY HOSPITALS OF MORECAMBE BAY NHS FOUNDATION TRUST,32972,32902,-70,True
2025-01,2025-02,RV3,CENTRAL AND NORTH WEST LONDON NHS FOUNDATION TRUST,2078,1987,-91,True
2025-01,2025-02,RVJ,NORTH BRISTOL NHS TRUST,43932,42732,-1200,True
2025-01,2025-02,RVR,EPSOM AND ST HELIER UNIVERSITY HOSPITALS NHS TRUST,48932,49557,625,True
2025-01,2025-02,RVV,EAST KENT HOSPITALS UNIVERSITY NHS FOUNDATION TRUST,81146,81335,189,True
2025-01,2025-02,RVW,NORTH TEES AND HARTLEPOOL NHS FOUNDATION TRUST,20104,20122,18,True
2025-01,2025-02,RW1,HAMPSHIRE AND ISLE OF WIGHT HEALTHCARE NHS FOUNDATION TRUST,3496,3505,9,True
2025-01,2025-02,RW4,MERSEY CARE NHS FOUNDATION TRUST,57,57,0,True
2025-01,2025-02,RW5,LANCASHIRE & SOUTH CUMBRIA NHS FOUNDATION TRUST,2858,2696,-162,True
2025-01,2025-02,RWA,HULL UNIVERSITY TEACHING HOSPITALS NHS TRUST,79923,79910,-13,True
2025-01,2025-02,RWD,UNITED LINCOLNSHIRE TEACHING HOSPITALS NHS TRUST,71631,71244,-387,True
2025-01,2025-02,RWE,UNIVERSITY HOSPITALS OF LEICESTER NHS TRUST,111755,110898,-857,True
2025-01,2025-02,RWF,MAIDSTONE AND TUNBRIDGE WELLS NHS TRUST,44217,44209,-8,True
2025-01,2025-02,RWG,WEST HERTFORDSHIRE TEACHING HOSPITALS NHS TRUST,45692,46047,355,True
2025-01,2025-02,RWH,EAST AND NORTH HERTFORDSHIRE NHS TRUST,54685,56516,1831,True
2025-01,2025-02,RWJ,STOCKPORT NHS FOUNDATION TRUST,36143,35824,-319,True
2025-01,2025-02,RWP,WORCESTERSHIRE ACUTE HOSPITALS NHS TRUST,55533,56086,553,True
2025-01,2025-02,RWW,WARRINGTON AND HALTON TEACHING HOSPITALS NHS FOUNDATION TRUST,33755,34422,667,True
2025-01,2025-02,RWX,BERKSHIRE HEALTHCARE NHS FOUNDATION TRUST,83,101,18,True
2025-01,2025-02,RWY,CALDERDALE AND HUDDERSFIELD NHS FOUNDATION TRUST,35564,36148,584,True
2025-01,2025-02,RX1,NOTTINGHAM UNIVERSITY HOSPITALS NHS TRUST,86210,85389,-821,True
2025-01,2025-02,RX4,"CUMBRIA, NORTHUMBERLAND, TYNE AND WEAR NHS FOUNDATION TRUST",164,195,31,True
2025-01,2025-02,RXC,EAST SUSSEX HEALTHCARE NHS TRUST,57488,57365,-123,True
2025-01,2025-02,RXF,MID YORKSHIRE TEACHING NHS TRUST,53426,53201,-225,True
2025-01,2025-02,RXG,SOUTH WEST YORKSHIRE PARTNERSHIP NHS FOUNDATION TRUST,4138,4133,-5,True
2025-01,2025-02,RXK,SANDWELL AND WEST BIRMINGHAM HOSPITALS NHS TRUST,70552,67015,-3537,True
2025-01,2025-02,RXL,BLACKPOOL TEACHING HOSPITALS NHS FOUNDATION TRUST,33103,33560,457,True
2025-01,2025-02,RXN,LANCASHIRE TEACHING HOSPITALS NHS FOUNDATION TRUST,59311,60720,1409,True
2025-01,2025-02,RXP,COUNTY DURHAM AND DARLINGTON NHS FOUNDATION TRUST,38665,39733,1068,True
2025-01,2025-02,RXQ,BUCKINGHAMSHIRE HEALTHCARE NHS TRUST,44982,45631,649,True
2025-01,2025-02,RXR,EAST LANCASHIRE HOSPITALS NHS TRUST,63172,61599,-1573,True
2025-01,2025-02,RXW,THE SHREWSBURY AND TELFORD HOSPITAL NHS TRUST,44411,43218,-1193,True
2025-01,2025-02,RY6,LEEDS COMMUNITY HEALTHCARE NHS TRUST,115,78,-37,True
2025-01,2025-02,RYJ,IMPERIAL COLLEGE HEALTHCARE NHS TRUST,90533,88766,-1767,True
2025-01,2025-02,RYR,UNIVERSITY HOSPITALS SUSSEX NHS FOUNDATION TRUST,118523,114841,-3682,True
2025-01,2025-02,RYW,BIRMINGHAM COMMUNITY HEALTHCARE NHS FOUNDATION TRUST,16393,15367,-1026,True
2025-01,2025-02,RYY,KENT COMMUNITY HEALTH NHS FOUNDATION TRUST,2134,2132,-2,True
2025-01,2025-02,S1Z4X,NEWMEDICA - BIRMINGHAM,473,579,106,True
2025-01,2025-02,S3H9L,THE HAMPTONS HOSPITAL LTD,1346,1591,245,True
2025-01,2025-02,S4E3I,MIDLAND EYE (EYE-DOCS LTD),0,819,819,False
2025-01,2025-02,S5E5Y,HCRG CARE DERMATOLOGY THE IRONSTONE CENTRE,4274,0,-4274,False
2025-01,2025-02,T4I8V,SPAMEDICA CHESTERFIELD,94,285,191,True
2025-01,2025-02,T8R5I,SPAMEDICA WOKINGHAM,127,145,18,True
2025-01,2025-02,T8V3L,SPAMEDICA DONCASTER,99,92,-7,True
2025-01,2025-02,TAD,BRADFORD DISTRICT CARE NHS FOUNDATION TRUST,483,576,93,True
2025-01,2025-02,V4U1Y,SPAMEDICA CHESTER,117,105,-12,True
2025-01,2025-02,V5F1D,SPAMEDICA TELFORD,90,92,2,True
2025-01,2025-02,V8N5R,SPAMEDICA DALSTON,226,223,-3,True
2025-01,2025-02,Y8L9S,SPAMEDICA BROMLEY,367,330,-37,True
2025-01,2025-02,Z2L9B,NEWMEDICA - MANCHESTER WEST,237,295,58,True
2025-01,2025-02,Z5J5V,SPAMEDICA HAYDOCK,153,203,50,True
2025-01,2025-02,Z9Z1G,SPAMEDICA GATESHEAD,92,124,32,True
2025-02,2025-03,A0C5S,SPAMEDICA GLOUCESTER,86,81,-5,True
2025-02,2025-03,A1U4J,SPAMEDICA PORTSMOUTH,67,58,-9,True
2025-02,2025-03,A4M8P,BUCKSHAW HOSPITAL,3175,3117,-58,True
2025-02,2025-03,A4Q9X,NEWMEDICA LEICESTER,219,211,-8,True
2025-02,2025-03,AAH,TETBURY HOSPITAL TRUST LTD,310,355,45,True
2025-02,2025-03,AAV,COMMUNITY HEALTH AND EYECARE LIMITED,3811,3765,-46,True
2025-02,2025-03,ACG08,NEWMEDICA OPHTHALMOLOGY - NUNEATON - CAMP HILL - GP LED HEALTH CENTRE,28,28,0,True
2025-02,2025-03,ACG12,NEWMEDICA COMMUNITY OPHTHALMOLOGY - NORTH EAST LINCOLNSHIRE - GRIMSBY,626,744,118,True
2025-02,2025-03,ACG13,NEWMEDICA - GLOUCESTER (ASPEN MEDICAL CENTRE),281,292,11,True
2025-02,2025-03,ACG19,NEWMEDICA COMMUNITY OPHTHALMOLOGY - LEEDS,627,575,-52,True
2025-02,2025-03,ACG20,NEWMEDICA - BRISTOL - LITFIELD HOUSE,226,242,16,True
2025-02,2025-03,ACG22,NEWMEDICA - BRIGG - RIVERSIDE SURGERY,708,786,78,True
2025-02,2025-03,ACG24,NEWMEDICA - TEESSIDE - NORTH ORMESBY,863,793,-70,True
2025-02,2025-03,ACG26,NEWMEDICA - NORTH DERBYSHIRE - MIDLAND COURT,1009,1026,17,True
2025-02,2025-03,ACG30,NEWMEDICA - WORKSOP - DUKERIES,153,150,-3,True
2025-02,2025-03,ACG31,NEWMEDICA - WORCESTER,409,477,68,True
2025-02,2025-03,ACG36,NEWMEDICA - EXETER - GLEN HOUSE,229,178,-51,True
2025-02,2025-03,ACG37,NEWMEDICA - IPSWICH,502,611,109,True
2025-02,2025-03,ACG38,NEWMEDICA - LANGFORD,323,420,97,True
2025-02,2025-03,ACG39,NEWMEDICA - SWINDON,195,184,-11,True
2025-02,2025-03,ACG40,NEWMEDICA - WAKEFIELD,424,455,31,True
2025-02,2025-03,ACM,EYE CARE MEDICAL LTD,4,4,0,True
2025-02,2025-03,ADF01,NORTHWEST DIAGNOSTIC & TREATMENT SERVICES (MANOR HOUSE SURGERY),17,0,-17,False
2025-02,2025-03,ADN,PRIMARY INTEGRATED COMMUNITY SERVICES LTD,3398,3389,-9,True
2025-02,2025-03,ADP02,KIMS HOSPITAL (NEWNHAM COURT),1181,1261,80,True
2025-02,2025-03,AHP,ST MICHAEL'S CLINIC LIMITED,1874,1782,-92,True
2025-02,2025-03,AJ8,THE GRANGE MEDICAL CENTRE HQ,72,167,95,True
2025-02,2025-03,AQK,VERNOVA HEALTHCARE COMMUNITY INTEREST COMPANY,228,252,24,True
2025-02,2025-03,AY1,MEDEFER,4011,3307,-704,True
2025-02,2025-03,B1A5K,NEWMEDICA - NOTTINGHAM,622,645,23,True
2025-02,2025-03,B3M1X,CLAREMONT PRIVATE HOSPITAL,1950,1965,15,True
2025-02,2025-03,B4N1U,SPAMEDICA ROMFORD,313,299,-14,True
2025-02,2025-03,B5M7B,NEWMEDICA - NORWICH,783,800,17,True
2025-02,2025-03,B9J4U,SPAMEDICA PETERBOROUGH,158,144,-14,True
2025-02,2025-03,B9M3W,SPAMEDICA SOUTHAMPTON,127,139,12,True
2025-02,2025-03,C3Y0A,SPAMEDICA BLACKPOOL,91,120,29,True
2025-02,2025-03,C5Y9L,NEWMEDICA - BERKSHIRE - BRACKNELL,16,28,12,True
2025-02,2025-03,C9A7J,NEWMEDICA - BRADFORD & HUDDERSFIELD,82,129,47,True
2025-02,2025-03,D3O0Z,PLYMOUTH NEWMEDICA LTD,367,355,-12,True
2025-02,2025-03,D5P5H,SPAMEDICA BEXHILL,147,139,-8,True
2025-02,2025-03,DFQ,NORWICH & NORFOLK SURGICAL LTD (N2S),896,896,0,True
2025-02,2025-03,DFY01,COTSWOLDS SURGICAL PARTNERS,231,182,-49,True
2025-02,2025-03,DJH01,THE ROYAL BUCKINGHAMSHIRE HOSPITAL LTD,21,18,-3,True
2025-02,2025-03,DTT,PHOENIX PUBLIC HEALTH LTD,350,351,1,True
2025-02,2025-03,DX1,THE NEW FOSCOTE HOSPITAL LTD,440,362,-78,True
2025-02,2025-03,DXV,OMNES HEALTHCARE LTD,7938,8134,196,True
2025-02,2025-03,E1U4T,SPAMEDICA CARLISLE,176,132,-44,True
2025-02,2025-03,E3D4A,SPAMEDICA TRURO,177,212,35,True
2025-02,2025-03,F0R0W,NEWMEDICA - DARLINGTON,23,24,1,True
2025-02,2025-03,F1Y1H,NEWMEDICA - CHESHIRE OAKS,136,191,55,True
2025-02,2025-03,F7F6D,NEWMEDICA - HERTFORSHIRE - WELWYN GARDEN CITY,0,36,36,False
2025-02,2025-03,F9Z4V,CIRCLE READING HOSPITAL,1553,1591,38,True
2025-02,2025-03,G3O5P,SPAMEDICA NEWARK,222,235,13,True
2025-02,2025-03,G3Q3Z,NUFFIELD HEALTH HIGHGATE HOSPITAL,947,877,-70,True
2025-02,2025-03,G3Z1Q,SULIS HOSPITAL BATH (FOXCOTE AVENUE),3091,2883,-208,True
2025-02,2025-03,G4H0I,NEWMEDICA SUFFOLK - BURY ST EDMUNDS - CLARITY HOUSE,347,431,84,True
2025-02,2025-03,G5X2Q,SPAMEDICA NORTH TYNESIDE,94,100,6,True
2025-02,2025-03,G6S7A,SPAMEDICA TAUNTON,92,292,200,True
2025-02,2025-03,GEC01,RAPID INVESTIGATION SERVICE,84,117,33,True
2025-02,2025-03,H1T2P,SPAMEDICA SWINDON,50,80,30,True
2025-02,2025-03,H2K1G,NEWMEDICA - BROMSGROVE,89,156,67,True
2025-02,2025-03,H4I8B,NUFFIELD HEALTH THE HOLLY HOSPITAL,3283,3138,-145,True
2025-02,2025-03,H4J9P,NEWMEDICA AZTEC WEST,649,723,74,True
2025-02,2025-03,I1H7K,SPAMEDICA SALE,62,71,9,True
2025-02,2025-03,I2C7H,SPAMEDICA BRADFORD,238,170,-68,True
2025-02,2025-03,I9A4A,SPAMEDICA BRIGHTON,259,253,-6,True
2025-02,2025-03,J2H6H,SPAMEDICA COLCHESTER,192,143,-49,True
2025-02,2025-03,J3J8Z,NEWMEDICA - OXFORDSHIRE,404,452,48,True
2025-02,2025-03,J3X4C,SPAMEDICA WORCESTER,85,125,40,True
2025-02,2025-03,J7V1N,SPAMEDICA SOLIHULL,176,162,-14,True
2025-02,2025-03,K8I4X,GLENDON WOOD HOSPITAL,1680,1585,-95,True
2025-02,2025-03,K9J3O,SPAMEDICA LUTON,95,143,48,True
2025-02,2025-03,L0D9W,NEWMEDICA - GLOUCESTER (BRIGHOUSE COURT),903,906,3,True
2025-02,2025-03,L4R3R,NEWMEDICA - HAMPSHIRE,589,638,49,True
2025-02,2025-03,L6O7H,SPAMEDICA POOLE,230,279,49,True
2025-02,2025-03,L9D3Z,SPAMEDICA LEICESTER,128,70,-58,True
2025-02,2025-03,M0N7E,SPAMEDICA SITTINGBOURNE,275,179,-96,True
2025-02,2025-03,M2Y6D,PRACTICE PLUS GROUP HOSPITAL BIRMINGHAM,80,161,81,True
2025-02,2025-03,M3R0W,SPAMEDICA NORWICH,119,123,4,True
2025-02,2025-03,M4C5R,NEWMEDICA - NORTHAMPTON,870,955,85,True
2025-02,2025-03,M5E1S,SPAMEDICA EXETER,124,133,9,True
2025-02,2025-03,M7C9Q,SPAMEDICA EPSOM,202,295,93,True
2025-02,2025-03,M9U8M,ENDOCARE DIAGNOSTICS LTD,79,110,31,True
2025-02,2025-03,N6Z0R,NEWMEDICA - LINCOLN,33,38,5,True
2025-02,2025-03,N8R1N,NEWMEDICA - BERKSHIRE,411,444,33,True
2025-02,2025-03,NAM01,PROBUS SURGICAL CENTRE,967,1050,83,True
2025-02,2025-03,NCN,DMC HEALTHCARE,1903,2649,746,True
2025-02,2025-03,NCR,ISIGHT,942,761,-181,True
2025-02,2025-03,NDJ,FIRST COMMUNITY HEALTH AND CARE CIC,606,645,39,True
2025-02,2025-03,NDL01,SUFFOLK GP FEDERATION,66,77,11,True
2025-02,2025-03,NEQ,PHOENIX HEALTH SOLUTIONS LIMITED HQ,623,628,5,True
2025-02,2025-03,NEY,PIONEER HEALTHCARE LIMITED,2695,2935,240,True
2025-02,2025-03,NFH,SOMERSET SURGICAL SERVICES HQ,847,921,74,True
2025-02,2025-03,NL3,CARE PLUS GROUP,218,231,13,True
2025-02,2025-03,NL8,LOCALA COMMUNITY PARTNERSHIPS CIC,2279,1841,-438,True
2025-02,2025-03,NLE01,LANCASTER HOUSE CONSULTING DIAGNOSTICS SURGICAL LTD HQ,599,582,-17,True
2025-02,2025-03,NLG,COMMUNITAS CLINICS,6341,7679,1338,True
2025-02,2025-03,NLX,SIRONA CARE & HEALTH,6731,7238,507,True
2025-02,2025-03,NMG,CONNECT HEALTH LIMITED,11253,12018,765,True
2025-02,2025-03,NN4,TYNESIDE SURGICAL SERVICES LTD,1333,1326,-7,True
2025-02,2025-03,NN5,MANCHESTER SURGICAL SERVICES LTD,288,313,25,True
2025-02,2025-03,NN8,SPENCER PRIVATE HOSPITALS LTD,2960,3152,192,True
2025-02,2025-03,NNE,DORKING HEALTHCARE LIMITED (DHC),5587,5773,186,True
2025-02,2025-03,NNH,OPTEGRA UK,5756,6428,672,True
2025-02,2025-03,NPG01,SPAMEDICA MANCHESTER,131,124,-7,True
2025-02,2025-03,NPG02,SPAMEDICA WIRRAL,150,181,31,True
2025-02,2025-03,NPG06,SPAMEDICA LIVERPOOL,236,254,18,True
2025-02,2025-03,NPG07,SPAMEDICA EYE HOSPITAL (WAKEFIELD),197,143,-54,True
2025-02,2025-03,NPG08,SPAMEDICA BOLTON,180,185,5,True
2025-02,2025-03,NPG10,SPAMEDICA SHEFFIELD,123,130,7,True
2025-02,2025-03,NPG11,SPAMEDICA BIRMINGHAM,301,291,-10,True
2025-02,2025-03,NPG13,SPAMEDICA SKELMERSDALE,193,173,-20,True
2025-02,2025-03,NPG14,SPAMEDICA WIDNES,88,84,-4,True
2025-02,2025-03,NPG15,SPAMEDICA NEWCASTLE-UNDER-LYME,199,192,-7,True
2025-02,2025-03,NPG16,SPAMEDICA CHELMSFORD,211,183,-28,True
2025-02,2025-03,NPG17,SPAMEDICA PRESTON,126,152,26,True
2025-02,2025-03,NPG18,SPAMEDICA HULL,226,212,-14,True
2025-02,2025-03,NPG19,SPAMEDICA BEDFORD,158,169,11,True
2025-02,2025-03,NPG20,SPAMEDICA WOLVERHAMPTON,230,255,25,True
2025-02,2025-03,NPG21,SPAMEDICA COVENTRY,231,203,-28,True
2025-02,2025-03,NPG22,SPAMEDICA STOCKTON-ON-TEES,126,195,69,True
2025-02,2025-03,NPG23,SPAMEDICA DERBY,174,158,-16,True
2025-02,2025-03,NPR01,ABOUT HEALTH HQ,1547,1433,-114,True
2025-02,2025-03,NQH,NOVUS HEALTH LTD,807,807,0,True
2025-02,2025-03,NQM01,ORTHOPAEDICS & SPINE SPECIALIST HOSPITAL SITE,183,187,4,True
2025-02,2025-03,NQX01,PROVIDE WELLBEING @ TOLLGATE CLINIC,88,64,-24,True
2025-02,2025-03,NR5,LIVEWELL SOUTHWEST,79,68,-11,True
2025-02,2025-03,NRL,HEART NETWORKS,0,631,631,False
2025-02,2025-03,NRP,BEACON MEDICAL SERVICES GROUP LIMITED,333,326,-7,True
2025-02,2025-03,NT202,"NUFFIELD HEALTH, BOURNEMOUTH HOSPITAL",537,491,-46,True
2025-02,2025-03,NT204,"NUFFIELD HEALTH, BRENTWOOD HOSPITAL",1406,1506,100,True
2025-02,2025-03,NT205,"NUFFIELD HEALTH, BRIGHTON HOSPITAL",880,766,-114,True
2025-02,2025-03,NT206,"NUFFIELD HEALTH, BRISTOL HOSPITAL (CHESTERFIELD)",322,279,-43,True
2025-02,2025-03,NT209,"NUFFIELD HEALTH, CAMBRIDGE HOSPITAL",392,393,1,True
2025-02,2025-03,NT210,"NUFFIELD HEALTH, THE GROSVENOR HOSPITAL, CHESTER",311,311,0,True
2025-02,2025-03,NT211,"NUFFIELD HEALTH, CHELTENHAM HOSPITAL",56,46,-10,True
2025-02,2025-03,NT212,"NUFFIELD HEALTH, CHICHESTER HOSPITAL",1239,1122,-117,True
2025-02,2025-03,NT213,"NUFFIELD HEALTH, DERBY HOSPITAL",1427,1366,-61,True
2025-02,2025-03,NT214,"NUFFIELD HEALTH, WESSEX HOSPITAL",571,608,37,True
2025-02,2025-03,NT215,"NUFFIELD HEALTH, EXETER HOSPITAL",383,423,40,True
2025-02,2025-03,NT216,"NUFFIELD HEALTH, GUILDFORD HOSPITAL",480,490,10,True
2025-02,2025-03,NT218,"NUFFIELD HEALTH, HAYWARDS HEATH HOSPITAL",434,348,-86,True
2025-02,2025-03,NT219,"NUFFIELD HEALTH, HEREFORD HOSPITAL",222,194,-28,True
2025-02,2025-03,NT224,"NUFFIELD HEALTH, WARWICKSHIRE HOSPITAL",257,268,11,True
2025-02,2025-03,NT225,"NUFFIELD HEALTH, LEEDS HOSPITAL",1645,1668,23,True
2025-02,2025-03,NT226,"NUFFIELD HEALTH, LEICESTER HOSPITAL",512,574,62,True
2025-02,2025-03,NT229,"NUFFIELD HEALTH, NEWCASTLE UPON TYNE HOSPITAL",573,554,-19,True
2025-02,2025-03,NT230,"NUFFIELD HEALTH, NORTH STAFFORDSHIRE HOSPITAL",1311,1156,-155,True
2025-02,2025-03,NT233,"NUFFIELD HEALTH, PLYMOUTH HOSPITAL",1158,1050,-108,True
2025-02,2025-03,NT235,"NUFFIELD HEALTH, SHREWSBURY HOSPITAL",214,170,-44,True
2025-02,2025-03,NT237,"NUFFIELD HEALTH, TEES HOSPITAL",1380,1384,4,True
2025-02,2025-03,NT238,"NUFFIELD HEALTH, TAUNTON HOSPITAL",240,240,0,True
2025-02,2025-03,NT239,"NUFFIELD HEALTH, TUNBRIDGE WELLS HOSPITAL",242,218,-24,True
2025-02,2025-03,NT241,"NUFFIELD HEALTH, WOKING HOSPITAL",612,685,73,True
2025-02,2025-03,NT242,"NUFFIELD HEALTH, WOLVERHAMPTON HOSPITAL",501,552,51,True
2025-02,2025-03,NT245,"NUFFIELD HEALTH, YORK HOSPITAL",555,531,-24,True
2025-02,2025-03,NT301,SPIRE SOUTH BANK HOSPITAL,815,841,26,True
2025-02,2025-03,NT302,SPIRE BRISTOL HOSPITAL,772,792,20,True
2025-02,2025-03,NT304,SPIRE SOUTHAMPTON HOSPITAL,441,575,134,True
2025-02,2025-03,NT305,SPIRE PORTSMOUTH HOSPITAL,441,409,-32,True
2025-02,2025-03,NT308,SPIRE GATWICK PARK HOSPITAL,1102,1121,19,True
2025-02,2025-03,NT30A,SPIRE NOTTINGHAM HOSPITAL,541,585,44,True
2025-02,2025-03,NT312,SPIRE ALEXANDRA HOSPITAL,1226,1342,116,True
2025-02,2025-03,NT313,SPIRE WELLESLEY HOSPITAL,1426,1304,-122,True
2025-02,2025-03,NT314,SPIRE LONDON EAST,1889,1948,59,True
2025-02,2025-03,NT315,SPIRE BUSHEY HOSPITAL,576,723,147,True
2025-02,2025-03,NT316,SPIRE HARPENDEN HOSPITAL,502,545,43,True
2025-02,2025-03,NT317,SPIRE CAMBRIDGE LEA HOSPITAL,337,356,19,True
2025-02,2025-03,NT318,SPIRE NORWICH HOSPITAL,307,358,51,True
2025-02,2025-03,NT319,SPIRE HARTSWOOD HOSPITAL,1304,1289,-15,True
2025-02,2025-03,NT320,SPIRE PARKWAY HOSPITAL,1416,1284,-132,True
2025-02,2025-03,NT321,SPIRE LITTLE ASTON HOSPITAL,1624,1679,55,True
2025-02,2025-03,NT322,SPIRE LEICESTER HOSPITAL,457,546,89,True
2025-02,2025-03,NT324,SPIRE CHESHIRE HOSPITAL,1170,985,-185,True
2025-02,2025-03,NT325,SPIRE MURRAYFIELD HOSPITAL,506,542,36,True
2025-02,2025-03,NT327,SPIRE MANCHESTER HOSPITAL,819,846,27,True
2025-02,2025-03,NT332,SPIRE LEEDS HOSPITAL,861,821,-40,True
2025-02,2025-03,NT333,SPIRE WASHINGTON HOSPITAL,1485,1546,61,True
2025-02,2025-03,NT337,SPIRE LIVERPOOL HOSPITAL,3017,3085,68,True
2025-02,2025-03,NT339,SPIRE REGENCY HOSPITAL,1821,1715,-106,True
2025-02,2025-03,NT343,SPIRE THAMES VALLEY HOSPITAL,424,363,-61,True
2025-02,2025-03,NT344,SPIRE DUNEDIN HOSPITAL,251,235,-16,True
2025-02,2025-03,NT345,SPIRE CLARE PARK HOSPITAL,251,341,90,True
2025-02,2025-03,NT347,SPIRE FYLDE COAST HOSPITAL,2994,3137,143,True
2025-02,2025-03,NT348,SPIRE ELLAND HOSPITAL,1086,1237,151,True
2025-02,2025-03,NT350,SPIRE METHLEY PARK HOSPITAL,1225,1318,93,True
2025-02,2025-03,NT351,SPIRE HULL AND EAST RIDING HOSPITAL,3101,3018,-83,True
2025-02,2025-03,NT364,SPIRE MONTEFIORE HOSPITAL,1545,1400,-145,True
2025-02,2025-03,NT3X3,SPIRE ST ANTHONY'S HOSPITAL,1113,1039,-74,True
2025-02,2025-03,NT401,ALEXANDRA HOSPITAL,733,739,6,True
2025-02,2025-03,NT402,BATH CLINIC,835,861,26,True
2025-02,2025-03,NT403,BEARDWOOD HOSPITAL,2728,2796,68,True
2025-02,2025-03,NT404,BEAUMONT HOSPITAL,2535,2335,-200,True
2025-02,2025-03,NT405,BISHOPS WOOD HOSPITAL,625,578,-47,True
2025-02,2025-03,NT406,BLACKHEATH HOSPITAL,1467,1452,-15,True
2025-02,2025-03,NT408,CHAUCER HOSPITAL,600,606,6,True
2025-02,2025-03,NT409,CHELSFIELD PARK HOSPITAL,590,633,43,True
2025-02,2025-03,NT410,CHILTERN HOSPITAL,535,527,-8,True
2025-02,2025-03,NT411,CLEMENTINE CHURCHILL HOSPITAL,1873,1871,-2,True
2025-02,2025-03,NT412,DROITWICH SPA HOSPITAL,2182,2136,-46,True
2025-02,2025-03,NT416,HENDON HOSPITAL,826,859,33,True
2025-02,2025-03,NT417,GORING HALL HOSPITAL,1233,1083,-150,True
2025-02,2025-03,NT418,HAMPSHIRE CLINIC,366,312,-54,True
2025-02,2025-03,NT419,HARBOUR HOSPITAL,160,170,10,True
2025-02,2025-03,NT420,HIGHFIELD HOSPITAL,964,1050,86,True
2025-02,2025-03,NT421,KINGS OAK HOSPITAL,918,908,-10,True
2025-02,2025-03,NT422,LONDON INDEPENDENT HOSPITAL,3985,3870,-115,True
2025-02,2025-03,NT423,MANOR HOSPITAL,899,890,-9,True
2025-02,2025-03,NT424,MERIDEN HOSPITAL,1691,1787,96,True
2025-02,2025-03,NT427,PARK HOSPITAL,1054,1063,9,True
2025-02,2025-03,NT428,PRINCESS MARGARET HOSPITAL,119,104,-15,True
2025-02,2025-03,NT429,PRIORY HOSPITAL,984,961,-23,True
2025-02,2025-03,NT430,RIDGEWAY HOSPITAL,402,366,-36,True
2025-02,2025-03,NT431,RUNNYMEDE HOSPITAL,101,84,-17,True
2025-02,2025-03,NT433,SARUM ROAD HOSPITAL,348,354,6,True
2025-02,2025-03,NT434,SAXON CLINIC,677,684,7,True
2025-02,2025-03,NT435,SHELBURNE HOSPITAL,166,176,10,True
2025-02,2025-03,NT436,SHIRLEY OAKS HOSPITAL,1015,995,-20,True
2025-02,2025-03,NT437,SLOANE HOSPITAL,757,783,26,True
2025-02,2025-03,NT440,THORNBURY HOSPITAL,579,601,22,True
2025-02,2025-03,NT441,THREE SHIRES HOSPITAL,3230,3369,139,True
2025-02,2025-03,NT443,WINTERBOURNE HOSPITAL,286,274,-12,True
2025-02,2025-03,NT445,EDGBASTON HOSPITAL,1,1,0,True
2025-02,2025-03,NT446,ST EDMUNDS HOSPITAL,606,624,18,True
2025-02,2025-03,NT447,DUCHY HOSPITAL,515,493,-22,True
2025-02,2025-03,NT448,HUDDERSFIELD PRIVATE HOSPITAL,739,775,36,True
2025-02,2025-03,NT449,LANCASTER PRIVATE HOSPITAL,434,420,-14,True
2025-02,2025-03,NT450,LINCOLN PRIVATE HOSPITAL,1401,1213,-188,True
2025-02,2025-03,NT451,CAVELL HOSPITAL,1263,1316,53,True
2025-02,2025-03,NT455,MOUNT ALVERNIA HOSPITAL,197,214,17,True
2025-02,2025-03,NT457,WOODLANDS HOSPITAL,2182,2043,-139,True
2025-02,2025-03,NT490,SOUTHEND PRIVATE HOSPITAL,696,702,6,True
2025-02,2025-03,NTE02,ST HUGH'S HOSPITAL,2883,2901,18,True
2025-02,2025-03,NTP11,PRACTICE PLUS GROUP HOSPITAL - SOUTHAMPTON,8474,8249,-225,True
2025-02,2025-03,NTP13,PRACTICE PLUS GROUP HOSPITAL - BARLBOROUGH,2153,2116,-37,True
2025-02,2025-03,NTP15,PRACTICE PLUS GROUP HOSPITAL - ILFORD,6148,6050,-98,True
2025-02,2025-03,NTP16,PRACTICE PLUS GROUP SURGICAL CENTRE - GILLINGHAM,896,1080,184,True
2025-02,2025-03,NTPAD,PRACTICE PLUS GROUP SURGICAL CENTRE - ST MARYS PORTSMOUTH,1799,1789,-10,True
2025-02,2025-03,NTPAE,PRACTICE PLUS GROUP OPHTHALMOLOGY - NORTH WEST,1046,1104,58,True
2025-02,2025-03,NTPH1,PRACTICE PLUS GROUP HOSPITAL - SHEPTON MALLET,2650,2672,22,True
2025-02,2025-03,NTPH2,PRACTICE PLUS GROUP HOSPITAL - EMERSONS GREEN,4841,5004,163,True
2025-02,2025-03,NTPH3,PRACTICE PLUS GROUP SURGICAL CENTRE - DEVIZES,2935,3080,145,True
2025-02,2025-03,NTPH5,PRACTICE PLUS GROUP HOSPITAL - PLYMOUTH,1588,1434,-154,True
2025-02,2025-03,NTX,THE ONE HEALTH GROUP PLC,4209,4252,43,True
2025-02,2025-03,NV1,INHEALTH LIMITED,570,662,92,True
2025-02,2025-03,NVC01,ASHTEAD HOSPITAL,916,995,79,True
2025-02,2025-03,NVC02,THE BERKSHIRE INDEPENDENT HOSPITAL,1170,1145,-25,True
2025-02,2025-03,NVC04,DUCHY HOSPITAL,1912,1999,87,True
2025-02,2025-03,NVC05,EUXTON HALL HOSPITAL,3181,3126,-55,True
2025-02,2025-03,NVC06,FITZWILLIAM HOSPITAL,6457,6154,-303,True
2025-02,2025-03,NVC07,FULWOOD HALL HOSPITAL,6225,5957,-268,True
2025-02,2025-03,NVC08,MOUNT STUART HOSPITAL,2088,2013,-75,True
2025-02,2025-03,NVC09,NEW HALL HOSPITAL,3494,3476,-18,True
2025-02,2025-03,NVC0I,BEACON PARK HOSPITAL,948,940,-8,True
2025-02,2025-03,NVC0R,TEES VALLEY HOSPITAL,3681,3902,221,True
2025-02,2025-03,NVC0Y,EXETER MEDICAL,266,305,39,True
2025-02,2025-03,NVC11,NORTH DOWNS HOSPITAL,1706,1609,-97,True
2025-02,2025-03,NVC12,OAKLANDS HOSPITAL,4305,4140,-165,True
2025-02,2025-03,NVC13,OAKS HOSPITAL,736,738,2,True
2025-02,2025-03,NVC14,PARK HILL HOSPITAL,819,777,-42,True
2025-02,2025-03,NVC15,PINEHILL HOSPITAL,1589,1583,-6,True
2025-02,2025-03,NVC16,RENACRES HOSPITAL,4412,4433,21,True
2025-02,2025-03,NVC17,ROWLEY HALL HOSPITAL,2950,2743,-207,True
2025-02,2025-03,NVC18,SPRINGFIELD HOSPITAL,4969,4726,-243,True
2025-02,2025-03,NVC19,RIVERS HOSPITAL,4318,4133,-185,True
2025-02,2025-03,NVC1H,STOURSIDE HOSPITAL,3023,2977,-46,True
2025-02,2025-03,NVC20,THE YORKSHIRE CLINIC,8322,8142,-180,True
2025-02,2025-03,NVC21,WEST MIDLANDS HOSPITAL,970,899,-71,True
2025-02,2025-03,NVC22,WINFIELD HOSPITAL,1562,1620,58,True
2025-02,2025-03,NVC23,WOODLAND HOSPITAL,4945,4920,-25,True
2025-02,2025-03,NVC25,THE CHERWELL HOSPITAL,2482,2448,-34,True
2025-02,2025-03,NVC27,BOSTON WEST HOSPITAL,1858,1729,-129,True
2025-02,2025-03,NVC28,CLIFTON PARK HOSPITAL,1683,1660,-23,True
2025-02,2025-03,NVC29,COBALT HOSPITAL,2267,2108,-159,True
2025-02,2025-03,NVC31,BLAKELANDS HOSPITAL,2193,2263,70,True
2025-02,2025-03,NVC40,WOODTHORPE HOSPITAL,3708,3646,-62,True
2025-02,2025-03,NVC44,THE WESTBOURNE CENTRE,3118,3198,80,True
2025-02,2025-03,NVG01,FAIRFIELD HOSPITAL,2024,1986,-38,True
2025-02,2025-03,NVL,DMC DERMATOLOGY,206,207,1,True
2025-02,2025-03,NVM,EPSOMEDICAL GROUP,2755,2817,62,True
2025-02,2025-03,NWF01,BENENDEN HOSPITAL,1427,1390,-37,True
2025-02,2025-03,NWV01,GP CARE UK,572,827,255,True
2025-02,2025-03,NX5,ANGLIA COMMUNITY EYE SERVICE LTD,0,1443,1443,False
2025-02,2025-03,NXM01,THE HORDER CENTRE - ST JOHNS ROAD,1209,1237,28,True
2025-02,2025-03,NXP,INDEPENDENT HEALTH GROUP,852,967,115,True
2025-02,2025-03,NYG,SUSSEX COMMUNITY DERMATOLOGY SERVICE,10712,11558,846,True
2025-02,2025-03,NYR,HEALTHSHARE DIAGNOSTICS,2234,2178,-56,True
2025-02,2025-03,O1P6X,SPAMEDICA OLDHAM,209,208,-1,True
2025-02,2025-03,O5Y9D,SPAMEDICA OXFORD,82,103,21,True
2025-02,2025-03,O6X7Z,SPAMEDICA CAMBRIDGE,17,93,76,True
2025-02,2025-03,P0C3F,SPAMEDICA LEEDS,122,107,-15,True
2025-02,2025-03,P1B7M,SPAMEDICA BRISTOL,101,92,-9,True
2025-02,2025-03,P5Y6K,NEWMEDICA - SHREWSBURY,132,212,80,True
2025-02,2025-03,Q1S8W,NEWMEDICA - BURY ST EDMUNDS,5,1,-4,True
2025-02,2025-03,Q1W6P,SPAMEDICA WATFORD,170,177,7,True
2025-02,2025-03,Q8X0X,SPAMEDICA ISLE OF WIGHT,19,26,7,True
2025-02,2025-03,R0A,MANCHESTER UNIVERSITY NHS FOUNDATION TRUST,197034,192638,-4396,True
2025-02,2025-03,R0B,SOUTH TYNESIDE AND SUNDERLAND NHS FOUNDATION TRUST,58012,57721,-291,True
2025-02,2025-03,R0D,UNIVERSITY HOSPITALS DORSET NHS FOUNDATION TRUST,67704,67079,-625,True
2025-02,2025-03,R0F4N,NUFFIELD HEALTH PARKSIDE HOSPITAL,1030,1027,-3,True
2025-02,2025-03,R1A,HEREFORDSHIRE AND WORCESTERSHIRE HEALTH AND CARE NHS TRUST,59,85,26,True
2025-02,2025-03,R1D,SHROPSHIRE COMMUNITY HEALTH NHS TRUST,10372,9973,-399,True
2025-02,2025-03,R1F,ISLE OF WIGHT NHS TRUST,13351,13702,351,True
2025-02,2025-03,R1G7E,SPAMEDICA KENDAL,194,200,6,True
2025-02,2025-03,R1H,BARTS HEALTH NHS TRUST,125996,124135,-1861,True
2025-02,2025-03,R1K,LONDON NORTH WEST UNIVERSITY HEALTHCARE NHS TRUST,91303,89825,-1478,True
2025-02,2025-03,R3I5E,NEWMEDICA -TELFORD,3,4,1,True
2025-02,2025-03,R7W2O,NEWCASTLE NEWMEDICA LTD,284,262,-22,True
2025-02,2025-03,RA2,ROYAL SURREY COUNTY HOSPITAL NHS FOUNDATION TRUST,32668,31174,-1494,True
2025-02,2025-03,RA7,UNIVERSITY HOSPITALS BRISTOL AND WESTON NHS FOUNDATION TRUST,54000,54577,577,True
2025-02,2025-03,RA9,TORBAY AND SOUTH DEVON NHS FOUNDATION TRUST,34367,34331,-36,True
2025-02,2025-03,RAE,BRADFORD TEACHING HOSPITALS NHS FOUNDATION TRUST,32200,32438,238,True
2025-02,2025-03,RAJ,MID AND SOUTH ESSEX NHS FOUNDATION TRUST,170098,172371,2273,True
2025-02,2025-03,RAL,ROYAL FREE LONDON NHS FOUNDATION TRUST,145412,146444,1032,True
2025-02,2025-03,RAN,ROYAL NATIONAL ORTHOPAEDIC HOSPITAL NHS TRUST,8090,8539,449,True
2025-02,2025-03,RAS,THE HILLINGDON HOSPITALS NHS FOUNDATION TRUST,28473,29777,1304,True
2025-02,2025-03,RAX,KINGSTON AND RICHMOND NHS FOUNDATION TRUST,38518,38612,94,True
2025-02,2025-03,RBD,DORSET COUNTY HOSPITAL NHS FOUNDATION TRUST,20757,21133,376,True
2025-02,2025-03,RBK,WALSALL HEALTHCARE NHS TRUST,28375,28676,301,True
2025-02,2025-03,RBL,WIRRAL UNIVERSITY TEACHING HOSPITAL NHS FOUNDATION TRUST,47438,49099,1661,True
2025-02,2025-03,RBN,MERSEY AND WEST LANCASHIRE TEACHING HOSPITALS NHS TRUST,75376,75365,-11,True
2025-02,2025-03,RBQ,LIVERPOOL HEART AND CHEST HOSPITAL NHS FOUNDATION TRUST,5647,5711,64,True
2025-02,2025-03,RBS,ALDER HEY CHILDREN'S NHS FOUNDATION TRUST,21276,20797,-479,True
2025-02,2025-03,RBT,MID CHESHIRE HOSPITALS NHS FOUNDATION TRUST,37285,36755,-530,True
2025-02,2025-03,RBV,THE CHRISTIE NHS FOUNDATION TRUST,2998,3115,117,True
2025-02,2025-03,RC9,BEDFORDSHIRE HOSPITALS NHS FOUNDATION TRUST,97561,102738,5177,True
2025-02,2025-03,RCB,YORK AND SCARBOROUGH TEACHING HOSPITALS NHS FOUNDATION TRUST,44320,46602,2282,True
2025-02,2025-03,RCD,HARROGATE AND DISTRICT NHS FOUNDATION TRUST,21543,21376,-167,True
2025-02,2025-03,RCF,AIREDALE NHS FOUNDATION TRUST,14087,14083,-4,True
2025-02,2025-03,RCU,SHEFFIELD CHILDREN'S NHS FOUNDATION TRUST,12253,12438,185,True
2025-02,2025-03,RCX,"THE QUEEN ELIZABETH HOSPITAL, KING'S LYNN, NHS FOUNDATION TRUST",25318,25512,194,True
2025-02,2025-03,RD1,ROYAL UNITED HOSPITALS BATH NHS FOUNDATION TRUST,39673,40687,1014,True
2025-02,2025-03,RD8,MILTON KEYNES UNIVERSITY HOSPITAL NHS FOUNDATION TRUST,31846,31447,-399,True
2025-02,2025-03,RDE,EAST SUFFOLK AND NORTH ESSEX NHS FOUNDATION TRUST,90288,90842,554,True
2025-02,2025-03,RDR,SUSSEX COMMUNITY NHS FOUNDATION TRUST,10553,11328,775,True
2025-02,2025-03,RDU,FRIMLEY HEALTH NHS FOUNDATION TRUST,77641,73101,-4540,True
2025-02,2025-03,REF,ROYAL CORNWALL HOSPITALS NHS TRUST,41054,41019,-35,True
2025-02,2025-03,REM,LIVERPOOL UNIVERSITY HOSPITALS NHS FOUNDATION TRUST,70213,70730,517,True
2025-02,2025-03,REN,THE CLATTERBRIDGE CANCER CENTRE NHS FOUNDATION TRUST,900,1002,102,True
2025-02,2025-03,REP,LIVERPOOL WOMEN'S NHS FOUNDATION TRUST,16436,16348,-88,True
2025-02,2025-03,RET,THE WALTON CENTRE NHS FOUNDATION TRUST,15009,14327,-682,True
2025-02,2025-03,RF4,"BARKING, HAVERING AND REDBRIDGE UNIVERSITY HOSPITALS NHS TRUST",54584,55548,964,True
2025-02,2025-03,RFF,BARNSLEY HOSPITAL NHS FOUNDATION TRUST,22767,24309,1542,True
2025-02,2025-03,RFR,THE ROTHERHAM NHS FOUNDATION TRUST,31022,31592,570,True
2025-02,2025-03,RFS,CHESTERFIELD ROYAL HOSPITAL NHS FOUNDATION TRUST,28883,29489,606,True
2025-02,2025-03,RGM,ROYAL PAPWORTH HOSPITAL NHS FOUNDATION TRUST,7263,7403,140,True
2025-02,2025-03,RGN,NORTH WEST ANGLIA NHS FOUNDATION TRUST,77028,78001,973,True
2025-02,2025-03,RGP,JAMES PAGET UNIVERSITY HOSPITALS NHS FOUNDATION TRUST,32103,33286,1183,True
2025-02,2025-03,RGR,WEST SUFFOLK NHS FOUNDATION TRUST,35015,35877,862,True
2025-02,2025-03,RGT,CAMBRIDGE UNIVERSITY HOSPITALS NHS FOUNDATION TRUST,65248,65685,437,True
2025-02,2025-03,RH5,SOMERSET NHS FOUNDATION TRUST,59283,59593,310,True
2025-02,2025-03,RH8,ROYAL DEVON UNIVERSITY HEALTHCARE NHS FOUNDATION TRUST,70391,71100,709,True
2025-02,2025-03,RHM,UNIVERSITY HOSPITAL SOUTHAMPTON NHS FOUNDATION TRUST,61328,61681,353,True
2025-02,2025-03,RHQ,SHEFFIELD TEACHING HOSPITALS NHS FOUNDATION TRUST,93524,92473,-1051,True
2025-02,2025-03,RHU,PORTSMOUTH HOSPITALS UNIVERSITY NATIONAL HEALTH SERVICE TRUST,60301,60472,171,True
2025-02,2025-03,RHW,ROYAL BERKSHIRE NHS FOUNDATION TRUST,37447,37092,-355,True
2025-02,2025-03,RJ1,GUY'S AND ST THOMAS' NHS FOUNDATION TRUST,120759,121183,424,True
2025-02,2025-03,RJ2,LEWISHAM AND GREENWICH NHS TRUST,61772,59739,-2033,True
2025-02,2025-03,RJ6,CROYDON HEALTH SERVICES NHS TRUST,33694,34126,432,True
2025-02,2025-03,RJ7,ST GEORGE'S UNIVERSITY HOSPITALS NHS FOUNDATION TRUST,69715,70578,863,True
2025-02,2025-03,RJ8,CORNWALL PARTNERSHIP NHS FOUNDATION TRUST,375,478,103,True
2025-02,2025-03,RJC,SOUTH WARWICKSHIRE UNIVERSITY NHS FOUNDATION TRUST,31906,32480,574,True
2025-02,2025-03,RJE,UNIVERSITY HOSPITALS OF NORTH MIDLANDS NHS TRUST,71549,70871,-678,True
2025-02,2025-03,RJL,NORTHERN LINCOLNSHIRE AND GOOLE NHS FOUNDATION TRUST,42948,42286,-662,True
2025-02,2025-03,RJN,EAST CHESHIRE NHS TRUST,12966,13530,564,True
2025-02,2025-03,RJR,COUNTESS OF CHESTER HOSPITAL NHS FOUNDATION TRUST,34282,34895,613,True
2025-02,2025-03,RJZ,KING'S COLLEGE HOSPITAL NHS FOUNDATION TRUST,90333,88601,-1732,True
2025-02,2025-03,RK5,SHERWOOD FOREST HOSPITALS NHS FOUNDATION TRUST,34437,35323,886,True
2025-02,2025-03,RK9,UNIVERSITY HOSPITALS PLYMOUTH NHS TRUST,48343,48127,-216,True
2025-02,2025-03,RKB,UNIVERSITY HOSPITALS COVENTRY AND WARWICKSHIRE NHS TRUST,85275,86546,1271,True
2025-02,2025-03,RKE,WHITTINGTON HEALTH NHS TRUST,26280,25230,-1050,True
2025-02,2025-03,RL1,THE ROBERT JONES AND AGNES HUNT ORTHOPAEDIC HOSPITAL NHS FOUNDATION TRUST,17016,17172,156,True
2025-02,2025-03,RL4,THE ROYAL WOLVERHAMPTON NHS TRUST,88210,88133,-77,True
2025-02,2025-03,RLQ,WYE VALLEY NHS TRUST,23221,23209,-12,True
2025-02,2025-03,RLT,GEORGE ELIOT HOSPITAL NHS TRUST,19922,19702,-220,True
2025-02,2025-03,RM1,NORFOLK AND NORWICH UNIVERSITY HOSPITALS NHS FOUNDATION TRUST,82333,81816,-517,True
2025-02,2025-03,RM3,NORTHERN CARE ALLIANCE NHS FOUNDATION TRUST,136673,138011,1338,True
2025-02,2025-03,RMC,BOLTON NHS FOUNDATION TRUST,39987,39518,-469,True
2025-02,2025-03,RMP,TAMESIDE AND GLOSSOP INTEGRATED CARE NHS FOUNDATION TRUST,17448,17033,-415,True
2025-02,2025-03,RN3,GREAT WESTERN HOSPITALS NHS FOUNDATION TRUST,38642,38177,-465,True
2025-02,2025-03,RN5,HAMPSHIRE HOSPITALS NHS FOUNDATION TRUST,51422,51165,-257,True
2025-02,2025-03,RN7,DARTFORD AND GRAVESHAM NHS TRUST,31953,32427,474,True
2025-02,2025-03,RNA,THE DUDLEY GROUP NHS FOUNDATION TRUST,44511,44722,211,True
2025-02,2025-03,RNN,NORTH CUMBRIA INTEGRATED CARE NHS FOUNDATION TRUST,39669,39833,164,True
2025-02,2025-03,RNQ,KETTERING GENERAL HOSPITAL NHS FOUNDATION TRUST,24500,24945,445,True
2025-02,2025-03,RNS,NORTHAMPTON GENERAL HOSPITAL NHS TRUST,41253,41670,417,True
2025-02,2025-03,RNZ,SALISBURY NHS FOUNDATION TRUST,28150,28081,-69,True
2025-02,2025-03,RP4,GREAT ORMOND STREET HOSPITAL FOR CHILDREN NHS FOUNDATION TRUST,8268,8009,-259,True
2025-02,2025-03,RP5,DONCASTER AND BASSETLAW TEACHING HOSPITALS NHS FOUNDATION TRUST,56377,54906,-1471,True
2025-02,2025-03,RP6,MOORFIELDS EYE HOSPITAL NHS FOUNDATION TRUST,33406,33136,-270,True
2025-02,2025-03,RP7,LINCOLNSHIRE PARTNERSHIP NHS FOUNDATION TRUST,19,58,39,True
2025-02,2025-03,RPA,MEDWAY NHS FOUNDATION TRUST,39959,39949,-10,True
2025-02,2025-03,RPC,QUEEN VICTORIA HOSPITAL NHS FOUNDATION TRUST,18804,18183,-621,True
2025-02,2025-03,RPG,OXLEAS NHS FOUNDATION TRUST,1641,1915,274,True
2025-02,2025-03,RPY,THE ROYAL MARSDEN NHS FOUNDATION TRUST,2025,1985,-40,True
2025-02,2025-03,RQ3,BIRMINGHAM WOMEN'S AND CHILDREN'S NHS FOUNDATION TRUST,26087,25610,-477,True
2025-02,2025-03,RQM,CHELSEA AND WESTMINSTER HOSPITAL NHS FOUNDATION TRUST,64924,67104,2180,True
2025-02,2025-03,RQW,THE PRINCESS ALEXANDRA HOSPITAL NHS TRUST,54245,54268,23,True
2025-02,2025-03,RQX,HOMERTON HEALTHCARE NHS FOUNDATION TRUST,35278,36246,968,True
2025-02,2025-03,RR7,GATESHEAD HEALTH NHS FOUNDATION TRUST,13096,13362,266,True
2025-02,2025-03,RR8,LEEDS TEACHING HOSPITALS NHS TRUST,87024,89009,1985,True
2025-02,2025-03,RRE,MIDLANDS PARTNERSHIP UNIVERSITY NHS FOUNDATION TRUST,5312,6198,886,True
2025-02,2025-03,RRF,"WRIGHTINGTON, WIGAN AND LEIGH NHS FOUNDATION TRUST",50098,50122,24,True
2025-02,2025-03,RRJ,THE ROYAL ORTHOPAEDIC HOSPITAL NHS FOUNDATION TRUST,13277,12738,-539,True
2025-02,2025-03,RRK,UNIVERSITY HOSPITALS BIRMINGHAM NHS FOUNDATION TRUST,112137,107656,-4481,True
2025-02,2025-03,RRV,UNIVERSITY COLLEGE LONDON HOSPITALS NHS FOUNDATION TRUST,72963,72470,-493,True
2025-02,2025-03,RT1,CAMBRIDGESHIRE AND PETERBOROUGH NHS FOUNDATION TRUST,315,324,9,True
2025-02,2025-03,RTD,THE NEWCASTLE UPON TYNE HOSPITALS NHS FOUNDATION TRUST,96089,94680,-1409,True
2025-02,2025-03,RTE,GLOUCESTERSHIRE HOSPITALS NHS FOUNDATION TRUST,70013,67959,-2054,True
2025-02,2025-03,RTF,NORTHUMBRIA HEALTHCARE NHS FOUNDATION TRUST,35826,36021,195,True
2025-02,2025-03,RTG,UNIVERSITY HOSPITALS OF DERBY AND BURTON NHS FOUNDATION TRUST,109167,108135,-1032,True
2025-02,2025-03,RTH,OXFORD UNIVERSITY HOSPITALS NHS FOUNDATION TRUST,90367,89763,-604,True
2025-02,2025-03,RTK,ASHFORD AND ST PETER'S HOSPITALS NHS FOUNDATION TRUST,57129,59040,1911,True
2025-02,2025-03,RTP,SURREY AND SUSSEX HEALTHCARE NHS TRUST,52756,52945,189,True
2025-02,2025-03,RTR,SOUTH TEES HOSPITALS NHS FOUNDATION TRUST,57444,56877,-567,True
2025-02,2025-03,RTX,UNIVERSITY HOSPITALS OF MORECAMBE BAY NHS FOUNDATION TRUST,32902,34222,1320,True
2025-02,2025-03,RV3,CENTRAL AND NORTH WEST LONDON NHS FOUNDATION TRUST,1987,0,-1987,False
2025-02,2025-03,RVJ,NORTH BRISTOL NHS TRUST,42732,43315,583,True
2025-02,2025-03,RVR,EPSOM AND ST HELIER UNIVERSITY HOSPITALS NHS TRUST,49557,50060,503,True
2025-02,2025-03,RVV,EAST KENT HOSPITALS UNIVERSITY NHS FOUNDATION TRUST,81335,80966,-369,True
2025-02,2025-03,RVW,NORTH TEES AND HARTLEPOOL NHS FOUNDATION TRUST,20122,20571,449,True
2025-02,2025-03,RW1,HAMPSHIRE AND ISLE OF WIGHT HEALTHCARE NHS FOUNDATION TRUST,3505,3950,445,True
2025-02,2025-03,RW4,MERSEY CARE NHS FOUNDATION TRUST,57,51,-6,True
2025-02,2025-03,RW5,LANCASHIRE & SOUTH CUMBRIA NHS FOUNDATION TRUST,2696,3019,323,True
2025-02,2025-03,RWA,HULL UNIVERSITY TEACHING HOSPITALS NHS TRUST,79910,78509,-1401,True
2025-02,2025-03,RWD,UNITED LINCOLNSHIRE TEACHING HOSPITALS NHS TRUST,71244,71578,334,True
2025-02,2025-03,RWE,UNIVERSITY HOSPITALS OF LEICESTER NHS TRUST,110898,107597,-3301,True
2025-02,2025-03,RWF,MAIDSTONE AND TUNBRIDGE WELLS NHS TRUST,44209,45859,1650,True
2025-02,2025-03,RWG,WEST HERTFORDSHIRE TEACHING HOSPITALS NHS TRUST,46047,45315,-732,True
2025-02,2025-03,RWH,EAST AND NORTH HERTFORDSHIRE NHS TRUST,56516,57681,1165,True
2025-02,2025-03,RWJ,STOCKPORT NHS FOUNDATION TRUST,35824,35589,-235,True
2025-02,2025-03,RWP,WORCESTERSHIRE ACUTE HOSPITALS NHS TRUST,56086,55410,-676,True
2025-02,2025-03,RWW,WARRINGTON AND HALTON TEACHING HOSPITALS NHS FOUNDATION TRUST,34422,34726,304,True
2025-02,2025-03,RWX,BERKSHIRE HEALTHCARE NHS FOUNDATION TRUST,101,98,-3,True
2025-02,2025-03,RWY,CALDERDALE AND HUDDERSFIELD NHS FOUNDATION TRUST,36148,36358,210,True
2025-02,2025-03,RX1,NOTTINGHAM UNIVERSITY HOSPITALS NHS TRUST,85389,88054,2665,True
2025-02,2025-03,RX4,"CUMBRIA, NORTHUMBERLAND, TYNE AND WEAR NHS FOUNDATION TRUST",195,199,4,True
2025-02,2025-03,RXC,EAST SUSSEX HEALTHCARE NHS TRUST,57365,63910,6545,True
2025-02,2025-03,RXF,MID YORKSHIRE TEACHING NHS TRUST,53201,54077,876,True
2025-02,2025-03,RXG,SOUTH WEST YORKSHIRE PARTNERSHIP NHS FOUNDATION TRUST,4133,4218,85,True
2025-02,2025-03,RXK,SANDWELL AND WEST BIRMINGHAM HOSPITALS NHS TRUST,67015,65195,-1820,True
2025-02,2025-03,RXL,BLACKPOOL TEACHING HOSPITALS NHS FOUNDATION TRUST,33560,33505,-55,True
2025-02,2025-03,RXN,LANCASHIRE TEACHING HOSPITALS NHS FOUNDATION TRUST,60720,60985,265,True
2025-02,2025-03,RXP,COUNTY DURHAM AND DARLINGTON NHS FOUNDATION TRUST,39733,39124,-609,True
2025-02,2025-03,RXQ,BUCKINGHAMSHIRE HEALTHCARE NHS TRUST,45631,47817,2186,True
2025-02,2025-03,RXR,EAST LANCASHIRE HOSPITALS NHS TRUST,61599,60807,-792,True
2025-02,2025-03,RXW,THE SHREWSBURY AND TELFORD HOSPITAL NHS TRUST,43218,41669,-1549,True
2025-02,2025-03,RY6,LEEDS COMMUNITY HEALTHCARE NHS TRUST,78,54,-24,True
2025-02,2025-03,RYJ,IMPERIAL COLLEGE HEALTHCARE NHS TRUST,88766,89953,1187,True
2025-02,2025-03,RYR,UNIVERSITY HOSPITALS SUSSEX NHS FOUNDATION TRUST,114841,114125,-716,True
2025-02,2025-03,RYW,BIRMINGHAM COMMUNITY HEALTHCARE NHS FOUNDATION TRUST,15367,15552,185,True
2025-02,2025-03,RYY,KENT COMMUNITY HEALTH NHS FOUNDATION TRUST,2132,2479,347,True
2025-02,2025-03,S1Z4X,NEWMEDICA - BIRMINGHAM,579,645,66,True
2025-02,2025-03,S3H9L,THE HAMPTONS HOSPITAL LTD,1591,2031,440,True
2025-02,2025-03,S4E3I,MIDLAND EYE (EYE-DOCS LTD),819,569,-250,True
2025-02,2025-03,T4I8V,SPAMEDICA CHESTERFIELD,285,73,-212,True
2025-02,2025-03,T8R5I,SPAMEDICA WOKINGHAM,145,137,-8,True
2025-02,2025-03,T8V3L,SPAMEDICA DONCASTER,92,125,33,True
2025-02,2025-03,TAD,BRADFORD DISTRICT CARE NHS FOUNDATION TRUST,576,499,-77,True
2025-02,2025-03,V4U1Y,SPAMEDICA CHESTER,105,108,3,True
2025-02,2025-03,V5F1D,SPAMEDICA TELFORD,92,107,15,True
2025-02,2025-03,V8N5R,SPAMEDICA DALSTON,223,210,-13,True
2025-02,2025-03,Y8L9S,SPAMEDICA BROMLEY,330,330,0,True
2025-02,2025-03,Z1E5F,NEWMEDICA - HARROGATE,0,114,114,False
2025-02,2025-03,Z2L9B,NEWMEDICA - MANCHESTER WEST,295,294,-1,True
2025-02,2025-03,Z5J5V,SPAMEDICA HAYDOCK,203,164,-39,True
2025-02,2025-03,Z9Z1G,SPAMEDICA GATESHEAD,124,136,12,True
2025-03,2025-04,A0C5S,SPAMEDICA GLOUCESTER,81,72,-9,True
2025-03,2025-04,A1D1B,SPAMEDICA WEMBLEY,0,19,19,False
2025-03,2025-04,A1U4J,SPAMEDICA PORTSMOUTH,58,70,12,True
2025-03,2025-04,A4M8P,BUCKSHAW HOSPITAL,3117,3087,-30,True
2025-03,2025-04,A4Q9X,NEWMEDICA LEICESTER,211,226,15,True
2025-03,2025-04,AAH,TETBURY HOSPITAL TRUST LTD,355,282,-73,True
2025-03,2025-04,AAV,COMMUNITY HEALTH AND EYECARE LIMITED,3765,3635,-130,True
2025-03,2025-04,ACG08,NEWMEDICA OPHTHALMOLOGY - NUNEATON - CAMP HILL - GP LED HEALTH CENTRE,28,23,-5,True
2025-03,2025-04,ACG12,NEWMEDICA COMMUNITY OPHTHALMOLOGY - NORTH EAST LINCOLNSHIRE - GRIMSBY,744,686,-58,True
2025-03,2025-04,ACG13,NEWMEDICA - GLOUCESTER (ASPEN MEDICAL CENTRE),292,311,19,True
2025-03,2025-04,ACG19,NEWMEDICA COMMUNITY OPHTHALMOLOGY - LEEDS,575,578,3,True
2025-03,2025-04,ACG20,NEWMEDICA - BRISTOL - LITFIELD HOUSE,242,244,2,True
2025-03,2025-04,ACG22,NEWMEDICA - BRIGG - RIVERSIDE SURGERY,786,768,-18,True
2025-03,2025-04,ACG24,NEWMEDICA - TEESSIDE - NORTH ORMESBY,793,901,108,True
2025-03,2025-04,ACG26,NEWMEDICA - NORTH DERBYSHIRE - MIDLAND COURT,1026,930,-96,True
2025-03,2025-04,ACG30,NEWMEDICA - WORKSOP - DUKERIES,150,124,-26,True
2025-03,2025-04,ACG31,NEWMEDICA - WORCESTER,477,536,59,True
2025-03,2025-04,ACG36,NEWMEDICA - EXETER - GLEN HOUSE,178,217,39,True
2025-03,2025-04,ACG37,NEWMEDICA - IPSWICH,611,563,-48,True
2025-03,2025-04,ACG38,NEWMEDICA - LANGFORD,420,361,-59,True
2025-03,2025-04,ACG39,NEWMEDICA - SWINDON,184,150,-34,True
2025-03,2025-04,ACG40,NEWMEDICA - WAKEFIELD,455,480,25,True
2025-03,2025-04,ACM,EYE CARE MEDICAL LTD,4,6,2,True
2025-03,2025-04,ADN,PRIMARY INTEGRATED COMMUNITY SERVICES LTD,3389,3335,-54,True
2025-03,2025-04,ADP02,KIMS HOSPITAL (NEWNHAM COURT),1261,964,-297,True
2025-03,2025-04,AHP,ST MICHAEL'S CLINIC LIMITED,1782,1632,-150,True
2025-03,2025-04,AJ8,THE GRANGE MEDICAL CENTRE HQ,167,162,-5,True
2025-03,2025-04,AQK,VERNOVA HEALTHCARE COMMUNITY INTEREST COMPANY,252,221,-31,True
2025-03,2025-04,AY1,MEDEFER,3307,1779,-1528,True
2025-03,2025-04,B1A5K,NEWMEDICA - NOTTINGHAM,645,672,27,True
2025-03,2025-04,B3M1X,CLAREMONT PRIVATE HOSPITAL,1965,1967,2,True
2025-03,2025-04,B4N1U,SPAMEDICA ROMFORD,299,231,-68,True
2025-03,2025-04,B5M7B,NEWMEDICA - NORWICH,800,888,88,True
2025-03,2025-04,B9J4U,SPAMEDICA PETERBOROUGH,144,161,17,True
2025-03,2025-04,B9M3W,SPAMEDICA SOUTHAMPTON,139,413,274,True
2025-03,2025-04,C3Y0A,SPAMEDICA BLACKPOOL,120,158,38,True
2025-03,2025-04,C5Y9L,NEWMEDICA - BERKSHIRE - BRACKNELL,28,31,3,True
2025-03,2025-04,C9A7J,NEWMEDICA - BRADFORD & HUDDERSFIELD,129,163,34,True
2025-03,2025-04,D3O0Z,PLYMOUTH NEWMEDICA LTD,355,404,49,True
2025-03,2025-04,D5P5H,SPAMEDICA BEXHILL,139,127,-12,True
2025-03,2025-04,DFQ,NORWICH & NORFOLK SURGICAL LTD (N2S),896,900,4,True
2025-03,2025-04,DFY01,COTSWOLDS SURGICAL PARTNERS,182,133,-49,True
2025-03,2025-04,DJH01,THE ROYAL BUCKINGHAMSHIRE HOSPITAL LTD,18,0,-18,False
2025-03,2025-04,DTT,PHOENIX PUBLIC HEALTH LTD,351,329,-22,True
2025-03,2025-04,DX1,THE NEW FOSCOTE HOSPITAL LTD,362,404,42,True
2025-03,2025-04,DXV,OMNES HEALTHCARE LTD,8134,8197,63,True
2025-03,2025-04,E1U4T,SPAMEDICA CARLISLE,132,123,-9,True
2025-03,2025-04,E3D4A,SPAMEDICA TRURO,212,184,-28,True
2025-03,2025-04,F0R0W,NEWMEDICA - DARLINGTON,24,33,9,True
2025-03,2025-04,F1Y1H,NEWMEDICA - CHESHIRE OAKS,191,157,-34,True
2025-03,2025-04,F7F6D,NEWMEDICA - HERTFORSHIRE - WELWYN GARDEN CITY,36,55,19,True
2025-03,2025-04,F9Z4V,CIRCLE READING HOSPITAL,1591,1609,18,True
2025-03,2025-04,G3O5P,SPAMEDICA NEWARK,235,226,-9,True
2025-03,2025-04,G3Q3Z,NUFFIELD HEALTH HIGHGATE HOSPITAL,877,843,-34,True
2025-03,2025-04,G3Z1Q,SULIS HOSPITAL BATH (FOXCOTE AVENUE),2883,2902,19,True
2025-03,2025-04,G4H0I,NEWMEDICA SUFFOLK - BURY ST EDMUNDS - CLARITY HOUSE,431,462,31,True
2025-03,2025-04,G5X2Q,SPAMEDICA NORTH TYNESIDE,100,82,-18,True
2025-03,2025-04,G6S7A,SPAMEDICA TAUNTON,292,247,-45,True
2025-03,2025-04,GEC01,RAPID INVESTIGATION SERVICE,117,103,-14,True
2025-03,2025-04,H1T2P,SPAMEDICA SWINDON,80,60,-20,True
2025-03,2025-04,H2K1G,NEWMEDICA - BROMSGROVE,156,206,50,True
2025-03,2025-04,H4I8B,NUFFIELD HEALTH THE HOLLY HOSPITAL,3138,3065,-73,True
2025-03,2025-04,H4J9P,NEWMEDICA AZTEC WEST,723,622,-101,True
2025-03,2025-04,I1H7K,SPAMEDICA SALE,71,51,-20,True
2025-03,2025-04,I2C7H,SPAMEDICA BRADFORD,170,141,-29,True
2025-03,2025-04,I9A4A,SPAMEDICA BRIGHTON,253,216,-37,True
2025-03,2025-04,J0M7P,SPAMEDICA HEREFORD DIAGNOSTIC AND TREATMENT CENTRE,0,11,11,False
2025-03,2025-04,J2H6H,SPAMEDICA COLCHESTER,143,99,-44,True
2025-03,2025-04,J3J8Z,NEWMEDICA - OXFORDSHIRE,452,467,15,True
2025-03,2025-04,J3X4C,SPAMEDICA WORCESTER,125,108,-17,True
2025-03,2025-04,J7V1N,SPAMEDICA SOLIHULL,162,183,21,True
2025-03,2025-04,K8I4X,GLENDON WOOD HOSPITAL,1585,1553,-32,True
2025-03,2025-04,K9J3O,SPAMEDICA LUTON,143,152,9,True
2025-03,2025-04,L0D9W,NEWMEDICA - GLOUCESTER (BRIGHOUSE COURT),906,884,-22,True
2025-03,2025-04,L4R3R,NEWMEDICA - HAMPSHIRE,638,843,205,True
2025-03,2025-04,L6O7H,SPAMEDICA POOLE,279,315,36,True
2025-03,2025-04,L9D3Z,SPAMEDICA LEICESTER,70,74,4,True
2025-03,2025-04,M0N7E,SPAMEDICA SITTINGBOURNE,179,130,-49,True
2025-03,2025-04,M2Y6D,PRACTICE PLUS GROUP HOSPITAL BIRMINGHAM,161,247,86,True
2025-03,2025-04,M3R0W,SPAMEDICA NORWICH,123,122,-1,True
2025-03,2025-04,M4C5R,NEWMEDICA - NORTHAMPTON,955,825,-130,True
2025-03,2025-04,M5E1S,SPAMEDICA EXETER,133,181,48,True
2025-03,2025-04,M7C9Q,SPAMEDICA EPSOM,295,229,-66,True
2025-03,2025-04,M9U8M,ENDOCARE DIAGNOSTICS LTD,110,104,-6,True
2025-03,2025-04,N6Z0R,NEWMEDICA - LINCOLN,38,53,15,True
2025-03,2025-04,N8R1N,NEWMEDICA - BERKSHIRE,444,588,144,True
2025-03,2025-04,NAM01,PROBUS SURGICAL CENTRE,1050,1115,65,True
2025-03,2025-04,NCN,DMC HEALTHCARE,2649,2226,-423,True
2025-03,2025-04,NCR,ISIGHT,761,809,48,True
2025-03,2025-04,NDJ,FIRST COMMUNITY HEALTH AND CARE CIC,645,749,104,True
2025-03,2025-04,NDL01,SUFFOLK GP FEDERATION,77,70,-7,True
2025-03,2025-04,NEQ,PHOENIX HEALTH SOLUTIONS LIMITED HQ,628,579,-49,True
2025-03,2025-04,NEY,PIONEER HEALTHCARE LIMITED,2935,2949,14,True
2025-03,2025-04,NFH,SOMERSET SURGICAL SERVICES HQ,921,991,70,True
2025-03,2025-04,NL3,CARE PLUS GROUP,231,224,-7,True
2025-03,2025-04,NL8,LOCALA COMMUNITY PARTNERSHIPS CIC,1841,1189,-652,True
2025-03,2025-04,NLE01,LANCASTER HOUSE CONSULTING DIAGNOSTICS SURGICAL LTD HQ,582,667,85,True
2025-03,2025-04,NLG,COMMUNITAS CLINICS,7679,8987,1308,True
2025-03,2025-04,NLX,SIRONA CARE & HEALTH,7238,7410,172,True
2025-03,2025-04,NMG,CONNECT HEALTH LIMITED,12018,13538,1520,True
2025-03,2025-04,NN4,TYNESIDE SURGICAL SERVICES LTD,1326,1330,4,True
2025-03,2025-04,NN5,MANCHESTER SURGICAL SERVICES LTD,313,282,-31,True
2025-03,2025-04,NN8,SPENCER PRIVATE HOSPITALS LTD,3152,3227,75,True
2025-03,2025-04,NNE,DORKING HEALTHCARE LIMITED (DHC),5773,6063,290,True
2025-03,2025-04,NNH,OPTEGRA UK,6428,6034,-394,True
2025-03,2025-04,NPG01,SPAMEDICA MANCHESTER,124,173,49,True
2025-03,2025-04,NPG02,SPAMEDICA WIRRAL,181,189,8,True
2025-03,2025-04,NPG06,SPAMEDICA LIVERPOOL,254,315,61,True
2025-03,2025-04,NPG07,SPAMEDICA EYE HOSPITAL (WAKEFIELD),143,360,217,True
2025-03,2025-04,NPG08,SPAMEDICA BOLTON,185,203,18,True
2025-03,2025-04,NPG10,SPAMEDICA SHEFFIELD,130,116,-14,True
2025-03,2025-04,NPG11,SPAMEDICA BIRMINGHAM,291,243,-48,True
2025-03,2025-04,NPG13,SPAMEDICA SKELMERSDALE,173,190,17,True
2025-03,2025-04,NPG14,SPAMEDICA WIDNES,84,99,15,True
2025-03,2025-04,NPG15,SPAMEDICA NEWCASTLE-UNDER-LYME,192,201,9,True
2025-03,2025-04,NPG16,SPAMEDICA CHELMSFORD,183,194,11,True
2025-03,2025-04,NPG17,SPAMEDICA PRESTON,152,134,-18,True
2025-03,2025-04,NPG18,SPAMEDICA HULL,212,198,-14,True
2025-03,2025-04,NPG19,SPAMEDICA BEDFORD,169,190,21,True
2025-03,2025-04,NPG20,SPAMEDICA WOLVERHAMPTON,255,243,-12,True
2025-03,2025-04,NPG21,SPAMEDICA COVENTRY,203,182,-21,True
2025-03,2025-04,NPG22,SPAMEDICA STOCKTON-ON-TEES,195,152,-43,True
2025-03,2025-04,NPG23,SPAMEDICA DERBY,158,178,20,True
2025-03,2025-04,NPR01,ABOUT HEALTH HQ,1433,1652,219,True
2025-03,2025-04,NQH,NOVUS HEALTH LTD,807,738,-69,True
2025-03,2025-04,NQM01,ORTHOPAEDICS & SPINE SPECIALIST HOSPITAL SITE,187,161,-26,True
2025-03,2025-04,NQX,PROVIDE ENTERPRISES,0,54,54,False
2025-03,2025-04,NQX01,PROVIDE WELLBEING @ TOLLGATE CLINIC,64,0,-64,False
2025-03,2025-04,NR5,LIVEWELL SOUTHWEST,68,55,-13,True
2025-03,2025-04,NRF,UNIVERSITY OF SOUTHAMPTON AUDITORY IMPLANT SERVICE,0,203,203,False
2025-03,2025-04,NRL,HEART NETWORKS,631,364,-267,True
2025-03,2025-04,NRP,BEACON MEDICAL SERVICES GROUP LIMITED,326,348,22,True
2025-03,2025-04,NT202,"NUFFIELD HEALTH, BOURNEMOUTH HOSPITAL",491,522,31,True
2025-03,2025-04,NT204,"NUFFIELD HEALTH, BRENTWOOD HOSPITAL",1506,1514,8,True
2025-03,2025-04,NT205,"NUFFIELD HEALTH, BRIGHTON HOSPITAL",766,724,-42,True
2025-03,2025-04,NT206,"NUFFIELD HEALTH, BRISTOL HOSPITAL (CHESTERFIELD)",279,358,79,True
2025-03,2025-04,NT209,"NUFFIELD HEALTH, CAMBRIDGE HOSPITAL",393,388,-5,True
2025-03,2025-04,NT210,"NUFFIELD HEALTH, THE GROSVENOR HOSPITAL, CHESTER",311,316,5,True
2025-03,2025-04,NT211,"NUFFIELD HEALTH, CHELTENHAM HOSPITAL",46,34,-12,True
2025-03,2025-04,NT212,"NUFFIELD HEALTH, CHICHESTER HOSPITAL",1122,1272,150,True
2025-03,2025-04,NT213,"NUFFIELD HEALTH, DERBY HOSPITAL",1366,1283,-83,True
2025-03,2025-04,NT214,"NUFFIELD HEALTH, WESSEX HOSPITAL",608,555,-53,True
2025-03,2025-04,NT215,"NUFFIELD HEALTH, EXETER HOSPITAL",423,473,50,True
2025-03,2025-04,NT216,"NUFFIELD HEALTH, GUILDFORD HOSPITAL",490,486,-4,True
2025-03,2025-04,NT218,"NUFFIELD HEALTH, HAYWARDS HEATH HOSPITAL",348,378,30,True
2025-03,2025-04,NT219,"NUFFIELD HEALTH, HEREFORD HOSPITAL",194,205,11,True
2025-03,2025-04,NT224,"NUFFIELD HEALTH, WARWICKSHIRE HOSPITAL",268,269,1,True
2025-03,2025-04,NT225,"NUFFIELD HEALTH, LEEDS HOSPITAL",1668,1478,-190,True
2025-03,2025-04,NT226,"NUFFIELD HEALTH, LEICESTER HOSPITAL",574,533,-41,True
2025-03,2025-04,NT229,"NUFFIELD HEALTH, NEWCASTLE UPON TYNE HOSPITAL",554,578,24,True
2025-03,2025-04,NT230,"NUFFIELD HEALTH, NORTH STAFFORDSHIRE HOSPITAL",1156,1471,315,True
2025-03,2025-04,NT233,"NUFFIELD HEALTH, PLYMOUTH HOSPITAL",1050,1022,-28,True
2025-03,2025-04,NT235,"NUFFIELD HEALTH, SHREWSBURY HOSPITAL",170,168,-2,True
2025-03,2025-04,NT237,"NUFFIELD HEALTH, TEES HOSPITAL",1384,1436,52,True
2025-03,2025-04,NT238,"NUFFIELD HEALTH, TAUNTON HOSPITAL",240,279,39,True
2025-03,2025-04,NT239,"NUFFIELD HEALTH, TUNBRIDGE WELLS HOSPITAL",218,158,-60,True
2025-03,2025-04,NT241,"NUFFIELD HEALTH, WOKING HOSPITAL",685,642,-43,True
2025-03,2025-04,NT242,"NUFFIELD HEALTH, WOLVERHAMPTON HOSPITAL",552,543,-9,True
2025-03,2025-04,NT244,NUFFIELD HOSPITAL OXFORD (THE MANOR),0,65,65,False
2025-03,2025-04,NT245,"NUFFIELD HEALTH, YORK HOSPITAL",531,542,11,True
2025-03,2025-04,NT301,SPIRE SOUTH BANK HOSPITAL,841,872,31,True
2025-03,2025-04,NT302,SPIRE BRISTOL HOSPITAL,792,742,-50,True
2025-03,2025-04,NT304,SPIRE SOUTHAMPTON HOSPITAL,575,575,0,True
2025-03,2025-04,NT305,SPIRE PORTSMOUTH HOSPITAL,409,397,-12,True
2025-03,2025-04,NT308,SPIRE GATWICK PARK HOSPITAL,1121,1016,-105,True
2025-03,2025-04,NT30A,SPIRE NOTTINGHAM HOSPITAL,585,581,-4,True
2025-03,2025-04,NT312,SPIRE ALEXANDRA HOSPITAL,1342,1506,164,True
2025-03,2025-04,NT313,SPIRE WELLESLEY HOSPITAL,1304,1228,-76,True
2025-03,2025-04,NT314,SPIRE LONDON EAST,1948,2559,611,True
2025-03,2025-04,NT315,SPIRE BUSHEY HOSPITAL,723,847,124,True
2025-03,2025-04,NT316,SPIRE HARPENDEN HOSPITAL,545,620,75,True
2025-03,2025-04,NT317,SPIRE CAMBRIDGE LEA HOSPITAL,356,342,-14,True
2025-03,2025-04,NT318,SPIRE NORWICH HOSPITAL,358,451,93,True
2025-03,2025-04,NT319,SPIRE HARTSWOOD HOSPITAL,1289,1499,210,True
2025-03,2025-04,NT320,SPIRE PARKWAY HOSPITAL,1284,1229,-55,True
2025-03,2025-04,NT321,SPIRE LITTLE ASTON HOSPITAL,1679,1706,27,True
2025-03,2025-04,NT322,SPIRE LEICESTER HOSPITAL,546,589,43,True
2025-03,2025-04,NT324,SPIRE CHESHIRE HOSPITAL,985,1110,125,True
2025-03,2025-04,NT325,SPIRE MURRAYFIELD HOSPITAL,542,544,2,True
2025-03,2025-04,NT327,SPIRE MANCHESTER HOSPITAL,846,974,128,True
2025-03,2025-04,NT332,SPIRE LEEDS HOSPITAL,821,907,86,True
2025-03,2025-04,NT333,SPIRE WASHINGTON HOSPITAL,1546,1479,-67,True
2025-03,2025-04,NT337,SPIRE LIVERPOOL HOSPITAL,3085,3395,310,True
2025-03,2025-04,NT339,SPIRE REGENCY HOSPITAL,1715,1805,90,True
2025-03,2025-04,NT343,SPIRE THAMES VALLEY HOSPITAL,363,426,63,True
2025-03,2025-04,NT344,SPIRE DUNEDIN HOSPITAL,235,259,24,True
2025-03,2025-04,NT345,SPIRE CLARE PARK HOSPITAL,341,347,6,True
2025-03,2025-04,NT347,SPIRE FYLDE COAST HOSPITAL,3137,3486,349,True
2025-03,2025-04,NT348,SPIRE ELLAND HOSPITAL,1237,1476,239,True
2025-03,2025-04,NT350,SPIRE METHLEY PARK HOSPITAL,1318,1313,-5,True
2025-03,2025-04,NT351,SPIRE HULL AND EAST RIDING HOSPITAL,3018,2707,-311,True
2025-03,2025-04,NT364,SPIRE MONTEFIORE HOSPITAL,1400,426,-974,True
2025-03,2025-04,NT3X3,SPIRE ST ANTHONY'S HOSPITAL,1039,1040,1,True
2025-03,2025-04,NT401,ALEXANDRA HOSPITAL,739,701,-38,True
2025-03,2025-04,NT402,BATH CLINIC,861,752,-109,True
2025-03,2025-04,NT403,BEARDWOOD HOSPITAL,2796,2621,-175,True
2025-03,2025-04,NT404,BEAUMONT HOSPITAL,2335,2288,-47,True
2025-03,2025-04,NT405,BISHOPS WOOD HOSPITAL,578,556,-22,True
2025-03,2025-04,NT406,BLACKHEATH HOSPITAL,1452,1427,-25,True
2025-03,2025-04,NT408,CHAUCER HOSPITAL,606,815,209,True
2025-03,2025-04,NT409,CHELSFIELD PARK HOSPITAL,633,639,6,True
2025-03,2025-04,NT410,CHILTERN HOSPITAL,527,496,-31,True
2025-03,2025-04,NT411,CLEMENTINE CHURCHILL HOSPITAL,1871,1858,-13,True
2025-03,2025-04,NT412,DROITWICH SPA HOSPITAL,2136,1976,-160,True
2025-03,2025-04,NT416,HENDON HOSPITAL,859,1131,272,True
2025-03,2025-04,NT417,GORING HALL HOSPITAL,1083,1168,85,True
2025-03,2025-04,NT418,HAMPSHIRE CLINIC,312,235,-77,True
2025-03,2025-04,NT419,HARBOUR HOSPITAL,170,157,-13,True
2025-03,2025-04,NT420,HIGHFIELD HOSPITAL,1050,988,-62,True
2025-03,2025-04,NT421,KINGS OAK HOSPITAL,908,912,4,True
2025-03,2025-04,NT422,LONDON INDEPENDENT HOSPITAL,3870,3792,-78,True
2025-03,2025-04,NT423,MANOR HOSPITAL,890,842,-48,True
2025-03,2025-04,NT424,MERIDEN HOSPITAL,1787,1792,5,True
2025-03,2025-04,NT427,PARK HOSPITAL,1063,1117,54,True
2025-03,2025-04,NT428,PRINCESS MARGARET HOSPITAL,104,100,-4,True
2025-03,2025-04,NT429,PRIORY HOSPITAL,961,872,-89,True
2025-03,2025-04,NT430,RIDGEWAY HOSPITAL,366,342,-24,True
2025-03,2025-04,NT431,RUNNYMEDE HOSPITAL,84,102,18,True
2025-03,2025-04,NT433,SARUM ROAD HOSPITAL,354,374,20,True
2025-03,2025-04,NT434,SAXON CLINIC,684,608,-76,True
2025-03,2025-04,NT435,SHELBURNE HOSPITAL,176,162,-14,True
2025-03,2025-04,NT436,SHIRLEY OAKS HOSPITAL,995,911,-84,True
2025-03,2025-04,NT437,SLOANE HOSPITAL,783,825,42,True
2025-03,2025-04,NT440,THORNBURY HOSPITAL,601,578,-23,True
2025-03,2025-04,NT441,THREE SHIRES HOSPITAL,3369,3369,0,True
2025-03,2025-04,NT443,WINTERBOURNE HOSPITAL,274,276,2,True
2025-03,2025-04,NT445,EDGBASTON HOSPITAL,1,1,0,True
2025-03,2025-04,NT446,ST EDMUNDS HOSPITAL,624,637,13,True
2025-03,2025-04,NT447,DUCHY HOSPITAL,493,477,-16,True
2025-03,2025-04,NT448,HUDDERSFIELD PRIVATE HOSPITAL,775,644,-131,True
2025-03,2025-04,NT449,LANCASTER PRIVATE HOSPITAL,420,432,12,True
2025-03,2025-04,NT450,LINCOLN PRIVATE HOSPITAL,1213,1231,18,True
2025-03,2025-04,NT451,CAVELL HOSPITAL,1316,1370,54,True
2025-03,2025-04,NT455,MOUNT ALVERNIA HOSPITAL,214,217,3,True
2025-03,2025-04,NT457,WOODLANDS HOSPITAL,2043,2051,8,True
2025-03,2025-04,NT490,SOUTHEND PRIVATE HOSPITAL,702,1303,601,True
2025-03,2025-04,NTE02,ST HUGH'S HOSPITAL,2901,2752,-149,True
2025-03,2025-04,NTP11,PRACTICE PLUS GROUP HOSPITAL - SOUTHAMPTON,8249,8057,-192,True
2025-03,2025-04,NTP13,PRACTICE PLUS GROUP HOSPITAL - BARLBOROUGH,2116,2139,23,True
2025-03,2025-04,NTP15,PRACTICE PLUS GROUP HOSPITAL - ILFORD,6050,5952,-98,True
2025-03,2025-04,NTP16,PRACTICE PLUS GROUP SURGICAL CENTRE - GILLINGHAM,1080,1050,-30,True
2025-03,2025-04,NTPAD,PRACTICE PLUS GROUP SURGICAL CENTRE - ST MARYS PORTSMOUTH,1789,1968,179,True
2025-03,2025-04,NTPAE,PRACTICE PLUS GROUP OPHTHALMOLOGY - NORTH WEST,1104,1635,531,True
2025-03,2025-04,NTPH1,PRACTICE PLUS GROUP HOSPITAL - SHEPTON MALLET,2672,2603,-69,True
2025-03,2025-04,NTPH2,PRACTICE PLUS GROUP HOSPITAL - EMERSONS GREEN,5004,5193,189,True
2025-03,2025-04,NTPH3,PRACTICE PLUS GROUP SURGICAL CENTRE - DEVIZES,3080,3067,-13,True
2025-03,2025-04,NTPH5,PRACTICE PLUS GROUP HOSPITAL - PLYMOUTH,1434,1365,-69,True
2025-03,2025-04,NTX,THE ONE HEALTH GROUP PLC,4252,4309,57,True
2025-03,2025-04,NV1,INHEALTH LIMITED,662,534,-128,True
2025-03,2025-04,NVC01,ASHTEAD HOSPITAL,995,998,3,True
2025-03,2025-04,NVC02,THE BERKSHIRE INDEPENDENT HOSPITAL,1145,1228,83,True
2025-03,2025-04,NVC04,DUCHY HOSPITAL,1999,2078,79,True
2025-03,2025-04,NVC05,EUXTON HALL HOSPITAL,3126,3167,41,True
2025-03,2025-04,NVC06,FITZWILLIAM HOSPITAL,6154,6056,-98,True
2025-03,2025-04,NVC07,FULWOOD HALL HOSPITAL,5957,5765,-192,True
2025-03,2025-04,NVC08,MOUNT STUART HOSPITAL,2013,1964,-49,True
2025-03,2025-04,NVC09,NEW HALL HOSPITAL,3476,3460,-16,True
2025-03,2025-04,NVC0I,BEACON PARK HOSPITAL,940,957,17,True
2025-03,2025-04,NVC0R,TEES VALLEY HOSPITAL,3902,3883,-19,True
2025-03,2025-04,NVC0Y,EXETER MEDICAL,305,334,29,True
2025-03,2025-04,NVC11,NORTH DOWNS HOSPITAL,1609,1579,-30,True
2025-03,2025-04,NVC12,OAKLANDS HOSPITAL,4140,4176,36,True
2025-03,2025-04,NVC13,OAKS HOSPITAL,738,709,-29,True
2025-03,2025-04,NVC14,PARK HILL HOSPITAL,777,798,21,True
2025-03,2025-04,NVC15,PINEHILL HOSPITAL,1583,1534,-49,True
2025-03,2025-04,NVC16,RENACRES HOSPITAL,4433,4500,67,True
2025-03,2025-04,NVC17,ROWLEY HALL HOSPITAL,2743,2474,-269,True
2025-03,2025-04,NVC18,SPRINGFIELD HOSPITAL,4726,4550,-176,True
2025-03,2025-04,NVC19,RIVERS HOSPITAL,4133,4045,-88,True
2025-03,2025-04,NVC1H,STOURSIDE HOSPITAL,2977,2941,-36,True
2025-03,2025-04,NVC20,THE YORKSHIRE CLINIC,8142,7678,-464,True
2025-03,2025-04,NVC21,WEST MIDLANDS HOSPITAL,899,976,77,True
2025-03,2025-04,NVC22,WINFIELD HOSPITAL,1620,1626,6,True
2025-03,2025-04,NVC23,WOODLAND HOSPITAL,4920,4869,-51,True
2025-03,2025-04,NVC25,THE CHERWELL HOSPITAL,2448,2403,-45,True
2025-03,2025-04,NVC27,BOSTON WEST HOSPITAL,1729,1690,-39,True
2025-03,2025-04,NVC28,CLIFTON PARK HOSPITAL,1660,1606,-54,True
2025-03,2025-04,NVC29,COBALT HOSPITAL,2108,1982,-126,True
2025-03,2025-04,NVC31,BLAKELANDS HOSPITAL,2263,2304,41,True
2025-03,2025-04,NVC40,WOODTHORPE HOSPITAL,3646,3522,-124,True
2025-03,2025-04,NVC44,THE WESTBOURNE CENTRE,3198,3206,8,True
2025-03,2025-04,NVG01,FAIRFIELD HOSPITAL,1986,0,-1986,False
2025-03,2025-04,NVL,DMC DERMATOLOGY,207,226,19,True
2025-03,2025-04,NVM,EPSOMEDICAL GROUP,2817,2788,-29,True
2025-03,2025-04,NWF01,BENENDEN HOSPITAL,1390,1447,57,True
2025-03,2025-04,NWV01,GP CARE UK,827,829,2,True
2025-03,2025-04,NX5,ANGLIA COMMUNITY EYE SERVICE LTD,1443,1116,-327,True
2025-03,2025-04,NXM01,THE HORDER CENTRE - ST JOHNS ROAD,1237,1200,-37,True
2025-03,2025-04,NXP,INDEPENDENT HEALTH GROUP,967,1077,110,True
2025-03,2025-04,NYG,SUSSEX COMMUNITY DERMATOLOGY SERVICE,11558,14330,2772,True
2025-03,2025-04,NYR,HEALTHSHARE DIAGNOSTICS,2178,1642,-536,True
2025-03,2025-04,O1P6X,SPAMEDICA OLDHAM,208,186,-22,True
2025-03,2025-04,O5Y9D,SPAMEDICA OXFORD,103,104,1,True
2025-03,2025-04,O6X7Z,SPAMEDICA CAMBRIDGE,93,84,-9,True
2025-03,2025-04,P0C3F,SPAMEDICA LEEDS,107,82,-25,True
2025-03,2025-04,P1B7M,SPAMEDICA BRISTOL,92,84,-8,True
2025-03,2025-04,P5Y6K,NEWMEDICA - SHREWSBURY,212,245,33,True
2025-03,2025-04,Q1S8W,NEWMEDICA - BURY ST EDMUNDS,1,1,0,True
2025-03,2025-04,Q1W6P,SPAMEDICA WATFORD,177,128,-49,True
2025-03,2025-04,Q2Y5H,OVIVA UK LTD,0,4937,4937,False
2025-03,2025-04,Q8X0X,SPAMEDICA ISLE OF WIGHT COMMUNITY DIAGNOSTIC & TREATMENT CENTRE,26,27,1,True
2025-03,2025-04,R0A,MANCHESTER UNIVERSITY NHS FOUNDATION TRUST,192638,192230,-408,True
2025-03,2025-04,R0B,SOUTH TYNESIDE AND SUNDERLAND NHS FOUNDATION TRUST,57721,57403,-318,True
2025-03,2025-04,R0D,UNIVERSITY HOSPITALS DORSET NHS FOUNDATION TRUST,67079,64457,-2622,True
2025-03,2025-04,R0F4N,NUFFIELD HEALTH PARKSIDE HOSPITAL,1027,992,-35,True
2025-03,2025-04,R1A,HEREFORDSHIRE AND WORCESTERSHIRE HEALTH AND CARE NHS TRUST,85,96,11,True
2025-03,2025-04,R1D,SHROPSHIRE COMMUNITY HEALTH NHS TRUST,9973,9351,-622,True
2025-03,2025-04,R1F,ISLE OF WIGHT NHS TRUST,13702,13685,-17,True
2025-03,2025-04,R1G7E,SPAMEDICA KENDAL,200,210,10,True
2025-03,2025-04,R1H,BARTS HEALTH NHS TRUST,124135,123189,-946,True
2025-03,2025-04,R1K,LONDON NORTH WEST UNIVERSITY HEALTHCARE NHS TRUST,89825,85677,-4148,True
2025-03,2025-04,R3I5E,NEWMEDICA -TELFORD,4,2,-2,True
2025-03,2025-04,R7W2O,NEWCASTLE NEWMEDICA LTD,262,287,25,True
2025-03,2025-04,RA2,ROYAL SURREY COUNTY HOSPITAL NHS FOUNDATION TRUST,31174,30151,-1023,True
2025-03,2025-04,RA7,UNIVERSITY HOSPITALS BRISTOL AND WESTON NHS FOUNDATION TRUST,54577,54443,-134,True
2025-03,2025-04,RA9,TORBAY AND SOUTH DEVON NHS FOUNDATION TRUST,34331,34622,291,True
2025-03,2025-04,RAE,BRADFORD TEACHING HOSPITALS NHS FOUNDATION TRUST,32438,32541,103,True
2025-03,2025-04,RAJ,MID AND SOUTH ESSEX NHS FOUNDATION TRUST,172371,172731,360,True
2025-03,2025-04,RAL,ROYAL FREE LONDON NHS FOUNDATION TRUST,146444,149100,2656,True
2025-03,2025-04,RAN,ROYAL NATIONAL ORTHOPAEDIC HOSPITAL NHS TRUST,8539,8454,-85,True
2025-03,2025-04,RAS,THE HILLINGDON HOSPITALS NHS FOUNDATION TRUST,29777,31043,1266,True
2025-03,2025-04,RAX,KINGSTON AND RICHMOND NHS FOUNDATION TRUST,38612,42189,3577,True
2025-03,2025-04,RBD,DORSET COUNTY HOSPITAL NHS FOUNDATION TRUST,21133,22483,1350,True
2025-03,2025-04,RBK,WALSALL HEALTHCARE NHS TRUST,28676,28554,-122,True
2025-03,2025-04,RBL,WIRRAL UNIVERSITY TEACHING HOSPITAL NHS FOUNDATION TRUST,49099,46400,-2699,True
2025-03,2025-04,RBN,MERSEY AND WEST LANCASHIRE TEACHING HOSPITALS NHS TRUST,75365,75680,315,True
2025-03,2025-04,RBQ,LIVERPOOL HEART AND CHEST HOSPITAL NHS FOUNDATION TRUST,5711,5483,-228,True
2025-03,2025-04,RBS,ALDER HEY CHILDREN'S NHS FOUNDATION TRUST,20797,20043,-754,True
2025-03,2025-04,RBT,MID CHESHIRE HOSPITALS NHS FOUNDATION TRUST,36755,35575,-1180,True
2025-03,2025-04,RBV,THE CHRISTIE NHS FOUNDATION TRUST,3115,2807,-308,True
2025-03,2025-04,RC9,BEDFORDSHIRE HOSPITALS NHS FOUNDATION TRUST,102738,100415,-2323,True
2025-03,2025-04,RCB,YORK AND SCARBOROUGH TEACHING HOSPITALS NHS FOUNDATION TRUST,46602,49618,3016,True
2025-03,2025-04,RCD,HARROGATE AND DISTRICT NHS FOUNDATION TRUST,21376,20758,-618,True
2025-03,2025-04,RCF,AIREDALE NHS FOUNDATION TRUST,14083,13752,-331,True
2025-03,2025-04,RCU,SHEFFIELD CHILDREN'S NHS FOUNDATION TRUST,12438,12177,-261,True
2025-03,2025-04,RCX,"THE QUEEN ELIZABETH HOSPITAL, KING'S LYNN, NHS FOUNDATION TRUST",25512,26884,1372,True
2025-03,2025-04,RD1,ROYAL UNITED HOSPITALS BATH NHS FOUNDATION TRUST,40687,41341,654,True
2025-03,2025-04,RD8,MILTON KEYNES UNIVERSITY HOSPITAL NHS FOUNDATION TRUST,31447,31769,322,True
2025-03,2025-04,RDE,EAST SUFFOLK AND NORTH ESSEX NHS FOUNDATION TRUST,90842,91893,1051,True
2025-03,2025-04,RDR,SUSSEX COMMUNITY NHS FOUNDATION TRUST,11328,11730,402,True
2025-03,2025-04,RDU,FRIMLEY HEALTH NHS FOUNDATION TRUST,73101,72206,-895,True
2025-03,2025-04,REF,ROYAL CORNWALL HOSPITALS NHS TRUST,41019,40670,-349,True
2025-03,2025-04,REM,LIVERPOOL UNIVERSITY HOSPITALS NHS FOUNDATION TRUST,70730,70183,-547,True
2025-03,2025-04,REN,THE CLATTERBRIDGE CANCER CENTRE NHS FOUNDATION TRUST,1002,1015,13,True
2025-03,2025-04,REP,LIVERPOOL WOMEN'S NHS FOUNDATION TRUST,16348,16576,228,True
2025-03,2025-04,RET,THE WALTON CENTRE NHS FOUNDATION TRUST,14327,14360,33,True
2025-03,2025-04,RF4,"BARKING, HAVERING AND REDBRIDGE UNIVERSITY HOSPITALS NHS TRUST",55548,56658,1110,True
2025-03,2025-04,RFF,BARNSLEY HOSPITAL NHS FOUNDATION TRUST,24309,24704,395,True
2025-03,2025-04,RFR,THE ROTHERHAM NHS FOUNDATION TRUST,31592,31849,257,True
2025-03,2025-04,RFS,CHESTERFIELD ROYAL HOSPITAL NHS FOUNDATION TRUST,29489,28990,-499,True
2025-03,2025-04,RGM,ROYAL PAPWORTH HOSPITAL NHS FOUNDATION TRUST,7403,7141,-262,True
2025-03,2025-04,RGN,NORTH WEST ANGLIA NHS FOUNDATION TRUST,78001,77349,-652,True
2025-03,2025-04,RGP,JAMES PAGET UNIVERSITY HOSPITALS NHS FOUNDATION TRUST,33286,34991,1705,True
2025-03,2025-04,RGR,WEST SUFFOLK NHS FOUNDATION TRUST,35877,35556,-321,True
2025-03,2025-04,RGT,CAMBRIDGE UNIVERSITY HOSPITALS NHS FOUNDATION TRUST,65685,65322,-363,True
2025-03,2025-04,RH5,SOMERSET NHS FOUNDATION TRUST,59593,58425,-1168,True
2025-03,2025-04,RH8,ROYAL DEVON UNIVERSITY HEALTHCARE NHS FOUNDATION TRUST,71100,71844,744,True
2025-03,2025-04,RHM,UNIVERSITY HOSPITAL SOUTHAMPTON NHS FOUNDATION TRUST,61681,62306,625,True
2025-03,2025-04,RHQ,SHEFFIELD TEACHING HOSPITALS NHS FOUNDATION TRUST,92473,91886,-587,True
2025-03,2025-04,RHU,PORTSMOUTH HOSPITALS UNIVERSITY NHS TRUST,60472,60991,519,True
2025-03,2025-04,RHW,ROYAL BERKSHIRE NHS FOUNDATION TRUST,37092,38136,1044,True
2025-03,2025-04,RJ1,GUY'S AND ST THOMAS' NHS FOUNDATION TRUST,121183,120452,-731,True
2025-03,2025-04,RJ2,LEWISHAM AND GREENWICH NHS TRUST,59739,55489,-4250,True
2025-03,2025-04,RJ6,CROYDON HEALTH SERVICES NHS TRUST,34126,34430,304,True
2025-03,2025-04,RJ7,ST GEORGE'S UNIVERSITY HOSPITALS NHS FOUNDATION TRUST,70578,69845,-733,True
2025-03,2025-04,RJ8,CORNWALL PARTNERSHIP NHS FOUNDATION TRUST,478,557,79,True
2025-03,2025-04,RJC,SOUTH WARWICKSHIRE UNIVERSITY NHS FOUNDATION TRUST,32480,31909,-571,True
2025-03,2025-04,RJE,UNIVERSITY HOSPITALS OF NORTH MIDLANDS NHS TRUST,70871,66404,-4467,True
2025-03,2025-04,RJL,NORTHERN LINCOLNSHIRE AND GOOLE NHS FOUNDATION TRUST,42286,41241,-1045,True
2025-03,2025-04,RJN,EAST CHESHIRE NHS TRUST,13530,13537,7,True
2025-03,2025-04,RJR,COUNTESS OF CHESTER HOSPITAL NHS FOUNDATION TRUST,34895,33696,-1199,True
2025-03,2025-04,RJZ,KING'S COLLEGE HOSPITAL NHS FOUNDATION TRUST,88601,87572,-1029,True
2025-03,2025-04,RK5,SHERWOOD FOREST HOSPITALS NHS FOUNDATION TRUST,35323,35317,-6,True
2025-03,2025-04,RK9,UNIVERSITY HOSPITALS PLYMOUTH NHS TRUST,48127,48006,-121,True
2025-03,2025-04,RKB,UNIVERSITY HOSPITALS COVENTRY AND WARWICKSHIRE NHS TRUST,86546,83075,-3471,True
2025-03,2025-04,RKE,WHITTINGTON HEALTH NHS TRUST,25230,24531,-699,True
2025-03,2025-04,RL1,THE ROBERT JONES AND AGNES HUNT ORTHOPAEDIC HOSPITAL NHS FOUNDATION TRUST,17172,16990,-182,True
2025-03,2025-04,RL4,THE ROYAL WOLVERHAMPTON NHS TRUST,88133,86004,-2129,True
2025-03,2025-04,RLQ,WYE VALLEY NHS TRUST,23209,23546,337,True
2025-03,2025-04,RLT,GEORGE ELIOT HOSPITAL NHS TRUST,19702,20260,558,True
2025-03,2025-04,RM1,NORFOLK AND NORWICH UNIVERSITY HOSPITALS NHS FOUNDATION TRUST,81816,80243,-1573,True
2025-03,2025-04,RM3,NORTHERN CARE ALLIANCE NHS FOUNDATION TRUST,138011,138712,701,True
2025-03,2025-04,RMC,BOLTON NHS FOUNDATION TRUST,39518,38173,-1345,True
2025-03,2025-04,RMP,TAMESIDE AND GLOSSOP INTEGRATED CARE NHS FOUNDATION TRUST,17033,17206,173,True
2025-03,2025-04,RN3,GREAT WESTERN HOSPITALS NHS FOUNDATION TRUST,38177,37504,-673,True
2025-03,2025-04,RN5,HAMPSHIRE HOSPITALS NHS FOUNDATION TRUST,51165,50897,-268,True
2025-03,2025-04,RN7,DARTFORD AND GRAVESHAM NHS TRUST,32427,31268,-1159,True
2025-03,2025-04,RNA,THE DUDLEY GROUP NHS FOUNDATION TRUST,44722,45450,728,True
2025-03,2025-04,RNN,NORTH CUMBRIA INTEGRATED CARE NHS FOUNDATION TRUST,39833,38686,-1147,True
2025-03,2025-04,RNQ,KETTERING GENERAL HOSPITAL NHS FOUNDATION TRUST,24945,24849,-96,True
2025-03,2025-04,RNS,NORTHAMPTON GENERAL HOSPITAL NHS TRUST,41670,41961,291,True
2025-03,2025-04,RNZ,SALISBURY NHS FOUNDATION TRUST,28081,27993,-88,True
2025-03,2025-04,RP4,GREAT ORMOND STREET HOSPITAL FOR CHILDREN NHS FOUNDATION TRUST,8009,8143,134,True
2025-03,2025-04,RP5,DONCASTER AND BASSETLAW TEACHING HOSPITALS NHS FOUNDATION TRUST,54906,54287,-619,True
2025-03,2025-04,RP6,MOORFIELDS EYE HOSPITAL NHS FOUNDATION TRUST,33136,33228,92,True
2025-03,2025-04,RP7,LINCOLNSHIRE PARTNERSHIP NHS FOUNDATION TRUST,58,41,-17,True
2025-03,2025-04,RPA,MEDWAY NHS FOUNDATION TRUST,39949,40171,222,True
2025-03,2025-04,RPC,QUEEN VICTORIA HOSPITAL NHS FOUNDATION TRUST,18183,18115,-68,True
2025-03,2025-04,RPG,OXLEAS NHS FOUNDATION TRUST,1915,2007,92,True
2025-03,2025-04,RPY,THE ROYAL MARSDEN NHS FOUNDATION TRUST,1985,1848,-137,True
2025-03,2025-04,RQ3,BIRMINGHAM WOMEN'S AND CHILDREN'S NHS FOUNDATION TRUST,25610,26253,643,True
2025-03,2025-04,RQM,CHELSEA AND WESTMINSTER HOSPITAL NHS FOUNDATION TRUST,67104,67288,184,True
2025-03,2025-04,RQW,THE PRINCESS ALEXANDRA HOSPITAL NHS TRUST,54268,51395,-2873,True
2025-03,2025-04,RQX,HOMERTON HEALTHCARE NHS FOUNDATION TRUST,36246,36385,139,True
2025-03,2025-04,RR7,GATESHEAD HEALTH NHS FOUNDATION TRUST,13362,13065,-297,True
2025-03,2025-04,RR8,LEEDS TEACHING HOSPITALS NHS TRUST,89009,89016,7,True
2025-03,2025-04,RRE,MIDLANDS PARTNERSHIP UNIVERSITY NHS FOUNDATION TRUST,6198,6540,342,True
2025-03,2025-04,RRF,"WRIGHTINGTON, WIGAN AND LEIGH NHS FOUNDATION TRUST",50122,50409,287,True
2025-03,2025-04,RRJ,THE ROYAL ORTHOPAEDIC HOSPITAL NHS FOUNDATION TRUST,12738,12739,1,True
2025-03,2025-04,RRK,UNIVERSITY HOSPITALS BIRMINGHAM NHS FOUNDATION TRUST,107656,104897,-2759,True
2025-03,2025-04,RRV,UNIVERSITY COLLEGE LONDON HOSPITALS NHS FOUNDATION TRUST,72470,74061,1591,True
2025-03,2025-04,RT1,CAMBRIDGESHIRE AND PETERBOROUGH NHS FOUNDATION TRUST,324,339,15,True
2025-03,2025-04,RTD,THE NEWCASTLE UPON TYNE HOSPITALS NHS FOUNDATION TRUST,94680,94292,-388,True
2025-03,2025-04,RTE,GLOUCESTERSHIRE HOSPITALS NHS FOUNDATION TRUST,67959,66826,-1133,True
2025-03,2025-04,RTF,NORTHUMBRIA HEALTHCARE NHS FOUNDATION TRUST,36021,35975,-46,True
2025-03,2025-04,RTG,UNIVERSITY HOSPITALS OF DERBY AND BURTON NHS FOUNDATION TRUST,108135,107930,-205,True
2025-03,2025-04,RTH,OXFORD UNIVERSITY HOSPITALS NHS FOUNDATION TRUST,89763,87929,-1834,True
2025-03,2025-04,RTK,ASHFORD AND ST PETER'S HOSPITALS NHS FOUNDATION TRUST,59040,59332,292,True
2025-03,2025-04,RTP,SURREY AND SUSSEX HEALTHCARE NHS TRUST,52945,54513,1568,True
2025-03,2025-04,RTR,SOUTH TEES HOSPITALS NHS FOUNDATION TRUST,56877,56741,-136,True
2025-03,2025-04,RTX,UNIVERSITY HOSPITALS OF MORECAMBE BAY NHS FOUNDATION TRUST,34222,34603,381,True
2025-03,2025-04,RVJ,NORTH BRISTOL NHS TRUST,43315,42607,-708,True
2025-03,2025-04,RVR,EPSOM AND ST HELIER UNIVERSITY HOSPITALS NHS TRUST,50060,49751,-309,True
2025-03,2025-04,RVV,EAST KENT HOSPITALS UNIVERSITY NHS FOUNDATION TRUST,80966,83106,2140,True
2025-03,2025-04,RVW,NORTH TEES AND HARTLEPOOL NHS FOUNDATION TRUST,20571,20692,121,True
2025-03,2025-04,RW1,HAMPSHIRE AND ISLE OF WIGHT HEALTHCARE NHS FOUNDATION TRUST,3950,3961,11,True
2025-03,2025-04,RW4,MERSEY CARE NHS FOUNDATION TRUST,51,46,-5,True
2025-03,2025-04,RW5,LANCASHIRE & SOUTH CUMBRIA NHS FOUNDATION TRUST,3019,2881,-138,True
2025-03,2025-04,RWA,HULL UNIVERSITY TEACHING HOSPITALS NHS TRUST,78509,77990,-519,True
2025-03,2025-04,RWD,UNITED LINCOLNSHIRE TEACHING HOSPITALS NHS TRUST,71578,70042,-1536,True
2025-03,2025-04,RWE,UNIVERSITY HOSPITALS OF LEICESTER NHS TRUST,107597,107804,207,True
2025-03,2025-04,RWF,MAIDSTONE AND TUNBRIDGE WELLS NHS TRUST,45859,46237,378,True
2025-03,2025-04,RWG,WEST HERTFORDSHIRE TEACHING HOSPITALS NHS TRUST,45315,46177,862,True
2025-03,2025-04,RWH,EAST AND NORTH HERTFORDSHIRE NHS TRUST,57681,55859,-1822,True
2025-03,2025-04,RWJ,STOCKPORT NHS FOUNDATION TRUST,35589,35190,-399,True
2025-03,2025-04,RWP,WORCESTERSHIRE ACUTE HOSPITALS NHS TRUST,55410,55000,-410,True
2025-03,2025-04,RWW,WARRINGTON AND HALTON TEACHING HOSPITALS NHS FOUNDATION TRUST,34726,34456,-270,True
2025-03,2025-04,RWX,BERKSHIRE HEALTHCARE NHS FOUNDATION TRUST,98,84,-14,True
2025-03,2025-04,RWY,CALDERDALE AND HUDDERSFIELD NHS FOUNDATION TRUST,36358,36090,-268,True
2025-03,2025-04,RX1,NOTTINGHAM UNIVERSITY HOSPITALS NHS TRUST,88054,83081,-4973,True
2025-03,2025-04,RX4,"CUMBRIA, NORTHUMBERLAND, TYNE AND WEAR NHS FOUNDATION TRUST",199,196,-3,True
2025-03,2025-04,RXC,EAST SUSSEX HEALTHCARE NHS TRUST,63910,63033,-877,True
2025-03,2025-04,RXF,MID YORKSHIRE TEACHING NHS TRUST,54077,55313,1236,True
2025-03,2025-04,RXG,SOUTH WEST YORKSHIRE PARTNERSHIP NHS FOUNDATION TRUST,4218,4075,-143,True
2025-03,2025-04,RXK,SANDWELL AND WEST BIRMINGHAM HOSPITALS NHS TRUST,65195,65225,30,True
2025-03,2025-04,RXL,BLACKPOOL TEACHING HOSPITALS NHS FOUNDATION TRUST,33505,34156,651,True
2025-03,2025-04,RXN,LANCASHIRE TEACHING HOSPITALS NHS FOUNDATION TRUST,60985,61514,529,True
2025-03,2025-04,RXP,COUNTY DURHAM AND DARLINGTON NHS FOUNDATION TRUST,39124,37003,-2121,True
2025-03,2025-04,RXQ,BUCKINGHAMSHIRE HEALTHCARE NHS TRUST,47817,48542,725,True
2025-03,2025-04,RXR,EAST LANCASHIRE HOSPITALS NHS TRUST,60807,60235,-572,True
2025-03,2025-04,RXW,THE SHREWSBURY AND TELFORD HOSPITAL NHS TRUST,41669,41238,-431,True
2025-03,2025-04,RY6,LEEDS COMMUNITY HEALTHCARE NHS TRUST,54,4,-50,True
2025-03,2025-04,RYJ,IMPERIAL COLLEGE HEALTHCARE NHS TRUST,89953,88355,-1598,True
2025-03,2025-04,RYR,UNIVERSITY HOSPITALS SUSSEX NHS FOUNDATION TRUST,114125,115220,1095,True
2025-03,2025-04,RYW,BIRMINGHAM COMMUNITY HEALTHCARE NHS FOUNDATION TRUST,15552,15848,296,True
2025-03,2025-04,RYY,KENT COMMUNITY HEALTH NHS FOUNDATION TRUST,2479,3324,845,True
2025-03,2025-04,S1Z4X,NEWMEDICA - BIRMINGHAM,645,663,18,True
2025-03,2025-04,S3H9L,THE HAMPTONS HOSPITAL LTD,2031,2336,305,True
2025-03,2025-04,S4E3I,MIDLAND EYE (EYE-DOCS LTD),569,516,-53,True
2025-03,2025-04,T4I8V,SPAMEDICA CHESTERFIELD,73,83,10,True
2025-03,2025-04,T8R5I,SPAMEDICA WOKINGHAM,137,126,-11,True
2025-03,2025-04,T8V3L,SPAMEDICA DONCASTER,125,96,-29,True
2025-03,2025-04,TAD,BRADFORD DISTRICT CARE NHS FOUNDATION TRUST,499,563,64,True
2025-03,2025-04,V4U1Y,SPAMEDICA CHESTER,108,81,-27,True
2025-03,2025-04,V5F1D,SPAMEDICA TELFORD,107,119,12,True
2025-03,2025-04,V8N5R,SPAMEDICA DALSTON,210,226,16,True
2025-03,2025-04,Y8L9S,SPAMEDICA BROMLEY,330,358,28,True
2025-03,2025-04,Y9S1N,FAIRFIELD INDEPENDENT HOSPITAL,0,2107,2107,False
2025-03,2025-04,Z1E5F,NEWMEDICA - HARROGATE,114,131,17,True
2025-03,2025-04,Z2L9B,NEWMEDICA - MANCHESTER WEST,294,279,-15,True
2025-03,2025-04,Z5J5V,SPAMEDICA HAYDOCK,164,167,3,True
2025-03,2025-04,Z9Z1G,SPAMEDICA GATESHEAD,136,161,25,True
2025-04,2025-05,A0C5S,SPAMEDICA GLOUCESTER,72,72,0,True
2025-04,2025-05,A1D1B,SPAMEDICA WEMBLEY,19,81,62,True
2025-04,2025-05,A1U4J,SPAMEDICA PORTSMOUTH,70,81,11,True
2025-04,2025-05,A4M8P,BUCKSHAW HOSPITAL,3087,3023,-64,True
2025-04,2025-05,A4Q9X,NEWMEDICA LEICESTER,226,255,29,True
2025-04,2025-05,AAH,TETBURY HOSPITAL TRUST LTD,282,305,23,True
2025-04,2025-05,AAV,COMMUNITY HEALTH AND EYECARE LIMITED,3635,3655,20,True
2025-04,2025-05,ACG08,NEWMEDICA OPHTHALMOLOGY - NUNEATON - CAMP HILL - GP LED HEALTH CENTRE,23,20,-3,True
2025-04,2025-05,ACG12,NEWMEDICA COMMUNITY OPHTHALMOLOGY - NORTH EAST LINCOLNSHIRE - GRIMSBY,686,742,56,True
2025-04,2025-05,ACG13,NEWMEDICA - GLOUCESTER (ASPEN MEDICAL CENTRE),311,304,-7,True
2025-04,2025-05,ACG19,NEWMEDICA COMMUNITY OPHTHALMOLOGY - LEEDS,578,560,-18,True
2025-04,2025-05,ACG20,NEWMEDICA - BRISTOL - LITFIELD HOUSE,244,268,24,True
2025-04,2025-05,ACG22,NEWMEDICA - BRIGG - RIVERSIDE SURGERY,768,822,54,True
2025-04,2025-05,ACG24,NEWMEDICA - TEESSIDE - NORTH ORMESBY,901,783,-118,True
2025-04,2025-05,ACG26,NEWMEDICA - NORTH DERBYSHIRE - MIDLAND COURT,930,1026,96,True
2025-04,2025-05,ACG30,NEWMEDICA - WORKSOP - DUKERIES,124,134,10,True
2025-04,2025-05,ACG31,NEWMEDICA - WORCESTER,536,685,149,True
2025-04,2025-05,ACG36,NEWMEDICA - EXETER - GLEN HOUSE,217,210,-7,True
2025-04,2025-05,ACG37,NEWMEDICA - IPSWICH,563,529,-34,True
2025-04,2025-05,ACG38,NEWMEDICA - LANGFORD,361,391,30,True
2025-04,2025-05,ACG39,NEWMEDICA - SWINDON,150,170,20,True
2025-04,2025-05,ACG40,NEWMEDICA - WAKEFIELD,480,535,55,True
2025-04,2025-05,ACM,EYE CARE MEDICAL LTD,6,8,2,True
2025-04,2025-05,ADN,PRIMARY INTEGRATED COMMUNITY SERVICES LTD,3335,3317,-18,True
2025-04,2025-05,ADP02,KIMS HOSPITAL (NEWNHAM COURT),964,1068,104,True
2025-04,2025-05,AHP,ST MICHAEL'S CLINIC LIMITED,1632,1461,-171,True
2025-04,2025-05,AJ8,THE GRANGE MEDICAL CENTRE HQ,162,239,77,True
2025-04,2025-05,AQK,VERNOVA HEALTHCARE COMMUNITY INTEREST COMPANY,221,258,37,True
2025-04,2025-05,AY1,MEDEFER,1779,1050,-729,True
2025-04,2025-05,B1A5K,NEWMEDICA - NOTTINGHAM,672,766,94,True
2025-04,2025-05,B3M1X,CLAREMONT PRIVATE HOSPITAL,1967,1968,1,True
2025-04,2025-05,B4N1U,SPAMEDICA ROMFORD,231,360,129,True
2025-04,2025-05,B5M7B,NEWMEDICA - NORWICH,888,844,-44,True
2025-04,2025-05,B9J4U,SPAMEDICA PETERBOROUGH,161,183,22,True
2025-04,2025-05,B9M3W,SPAMEDICA SOUTHAMPTON,413,474,61,True
2025-04,2025-05,C3Y0A,SPAMEDICA BLACKPOOL,158,129,-29,True
2025-04,2025-05,C5Y9L,NEWMEDICA - BERKSHIRE - BRACKNELL,31,38,7,True
2025-04,2025-05,C9A7J,NEWMEDICA - BRADFORD & HUDDERSFIELD,163,242,79,True
2025-04,2025-05,D3O0Z,PLYMOUTH NEWMEDICA LTD,404,404,0,True
2025-04,2025-05,D5P5H,SPAMEDICA BEXHILL,127,170,43,True
2025-04,2025-05,DFQ,NORWICH & NORFOLK SURGICAL LTD (N2S),900,838,-62,True
2025-04,2025-05,DFY01,COTSWOLDS SURGICAL PARTNERS,133,148,15,True
2025-04,2025-05,DJH01,THE ROYAL BUCKINGHAMSHIRE HOSPITAL LTD,0,14,14,False
2025-04,2025-05,DTT,PHOENIX PUBLIC HEALTH LTD,329,286,-43,True
2025-04,2025-05,DX1,THE NEW FOSCOTE HOSPITAL LTD,404,361,-43,True
2025-04,2025-05,DXV,OMNES HEALTHCARE LTD,8197,8859,662,True
2025-04,2025-05,E1U4T,SPAMEDICA CARLISLE,123,152,29,True
2025-04,2025-05,E3D4A,SPAMEDICA TRURO,184,186,2,True
2025-04,2025-05,F0R0W,NEWMEDICA - DARLINGTON,33,25,-8,True
2025-04,2025-05,F1Y1H,NEWMEDICA - CHESHIRE OAKS,157,168,11,True
2025-04,2025-05,F7F6D,NEWMEDICA - HERTFORSHIRE - WELWYN GARDEN CITY,55,101,46,True
2025-04,2025-05,F9Z4V,CIRCLE READING HOSPITAL,1609,1600,-9,True
2025-04,2025-05,G3O5P,SPAMEDICA NEWARK,226,240,14,True
2025-04,2025-05,G3Q3Z,NUFFIELD HEALTH HIGHGATE HOSPITAL,843,814,-29,True
2025-04,2025-05,G3Z1Q,SULIS HOSPITAL BATH (FOXCOTE AVENUE),2902,2861,-41,True
2025-04,2025-05,G4H0I,NEWMEDICA SUFFOLK - BURY ST EDMUNDS - CLARITY HOUSE,462,547,85,True
2025-04,2025-05,G5X2Q,SPAMEDICA NORTH TYNESIDE,82,118,36,True
2025-04,2025-05,G6S7A,SPAMEDICA TAUNTON,247,212,-35,True
2025-04,2025-05,GEC01,RAPID INVESTIGATION SERVICE,103,56,-47,True
2025-04,2025-05,H1T2P,SPAMEDICA SWINDON,60,64,4,True
2025-04,2025-05,H2K1G,NEWMEDICA - BROMSGROVE,206,273,67,True
2025-04,2025-05,H4I8B,NUFFIELD HEALTH THE HOLLY HOSPITAL,3065,2874,-191,True
2025-04,2025-05,H4J9P,NEWMEDICA AZTEC WEST,622,622,0,True
2025-04,2025-05,I1H7K,SPAMEDICA SALE,51,63,12,True
2025-04,2025-05,I2C7H,SPAMEDICA BRADFORD,141,135,-6,True
2025-04,2025-05,I9A4A,SPAMEDICA BRIGHTON,216,193,-23,True
2025-04,2025-05,J0M7P,SPAMEDICA HEREFORD DIAGNOSTIC AND TREATMENT CENTRE,11,19,8,True
2025-04,2025-05,J2H6H,SPAMEDICA COLCHESTER,99,89,-10,True
2025-04,2025-05,J3J8Z,NEWMEDICA - OXFORDSHIRE,467,530,63,True
2025-04,2025-05,J3X4C,SPAMEDICA WORCESTER,108,119,11,True
2025-04,2025-05,J7V1N,SPAMEDICA SOLIHULL,183,169,-14,True
2025-04,2025-05,K8I4X,GLENDON WOOD HOSPITAL,1553,1357,-196,True
2025-04,2025-05,K9J3O,SPAMEDICA LUTON,152,172,20,True
2025-04,2025-05,L0D9W,NEWMEDICA - GLOUCESTER (BRIGHOUSE COURT),884,848,-36,True
2025-04,2025-05,L4R3R,NEWMEDICA - HAMPSHIRE,843,1152,309,True
2025-04,2025-05,L6O7H,SPAMEDICA POOLE,315,398,83,True
2025-04,2025-05,L9D3Z,SPAMEDICA LEICESTER,74,88,14,True
2025-04,2025-05,M0N7E,SPAMEDICA SITTINGBOURNE,130,124,-6,True
2025-04,2025-05,M2Y6D,PRACTICE PLUS GROUP HOSPITAL BIRMINGHAM,247,325,78,True
2025-04,2025-05,M3R0W,SPAMEDICA NORWICH,122,126,4,True
2025-04,2025-05,M4C5R,NEWMEDICA - NORTHAMPTON,825,883,58,True
2025-04,2025-05,M5E1S,SPAMEDICA EXETER,181,218,37,True
2025-04,2025-05,M7C9Q,SPAMEDICA EPSOM,229,215,-14,True
2025-04,2025-05,M9U8M,ENDOCARE DIAGNOSTICS LTD,104,122,18,True
2025-04,2025-05,N1N0Y,SPAMEDICA CROYDON,0,20,20,False
2025-04,2025-05,N6Z0R,NEWMEDICA - LINCOLN,53,48,-5,True
2025-04,2025-05,N8R1N,NEWMEDICA - BERKSHIRE,588,673,85,True
2025-04,2025-05,NAM01,PROBUS SURGICAL CENTRE,1115,1192,77,True
2025-04,2025-05,NCN,DMC HEALTHCARE,2226,2155,-71,True
2025-04,2025-05,NCR,ISIGHT,809,914,105,True
2025-04,2025-05,NDJ,FIRST COMMUNITY HEALTH AND CARE CIC,749,792,43,True
2025-04,2025-05,NDL01,SUFFOLK GP FEDERATION,70,96,26,True
2025-04,2025-05,NEQ,PHOENIX HEALTH SOLUTIONS LIMITED HQ,579,641,62,True
2025-04,2025-05,NEY,PIONEER HEALTHCARE LIMITED,2949,2304,-645,True
2025-04,2025-05,NFH,SOMERSET SURGICAL SERVICES HQ,991,958,-33,True
2025-04,2025-05,NL3,CARE PLUS GROUP,224,234,10,True
2025-04,2025-05,NL8,LOCALA COMMUNITY PARTNERSHIPS CIC,1189,1099,-90,True
2025-04,2025-05,NLE01,LANCASTER HOUSE CONSULTING DIAGNOSTICS SURGICAL LTD HQ,667,633,-34,True
2025-04,2025-05,NLG,COMMUNITAS CLINICS,8987,10739,1752,True
2025-04,2025-05,NLX,SIRONA CARE & HEALTH,7410,7781,371,True
2025-04,2025-05,NMG,CONNECT HEALTH LIMITED,13538,13549,11,True
2025-04,2025-05,NN4,TYNESIDE SURGICAL SERVICES LTD,1330,1388,58,True
2025-04,2025-05,NN5,MANCHESTER SURGICAL SERVICES LTD,282,339,57,True
2025-04,2025-05,NN8,SPENCER PRIVATE HOSPITALS LTD,3227,3163,-64,True
2025-04,2025-05,NNE,DORKING HEALTHCARE LIMITED (DHC),6063,6051,-12,True
2025-04,2025-05,NNH,OPTEGRA UK,6034,5726,-308,True
2025-04,2025-05,NPG01,SPAMEDICA MANCHESTER,173,197,24,True
2025-04,2025-05,NPG02,SPAMEDICA WIRRAL,189,185,-4,True
2025-04,2025-05,NPG06,SPAMEDICA LIVERPOOL,315,290,-25,True
2025-04,2025-05,NPG07,SPAMEDICA EYE HOSPITAL (WAKEFIELD),360,236,-124,True
2025-04,2025-05,NPG08,SPAMEDICA BOLTON,203,235,32,True
2025-04,2025-05,NPG10,SPAMEDICA SHEFFIELD,116,137,21,True
2025-04,2025-05,NPG11,SPAMEDICA BIRMINGHAM,243,278,35,True
2025-04,2025-05,NPG13,SPAMEDICA SKELMERSDALE,190,189,-1,True
2025-04,2025-05,NPG14,SPAMEDICA WIDNES,99,130,31,True
2025-04,2025-05,NPG15,SPAMEDICA NEWCASTLE-UNDER-LYME,201,182,-19,True
2025-04,2025-05,NPG16,SPAMEDICA CHELMSFORD,194,208,14,True
2025-04,2025-05,NPG17,SPAMEDICA PRESTON,134,158,24,True
2025-04,2025-05,NPG18,SPAMEDICA HULL,198,262,64,True
2025-04,2025-05,NPG19,SPAMEDICA BEDFORD,190,161,-29,True
2025-04,2025-05,NPG20,SPAMEDICA WOLVERHAMPTON,243,261,18,True
2025-04,2025-05,NPG21,SPAMEDICA COVENTRY,182,206,24,True
2025-04,2025-05,NPG22,SPAMEDICA STOCKTON-ON-TEES,152,211,59,True
2025-04,2025-05,NPG23,SPAMEDICA DERBY,178,205,27,True
2025-04,2025-05,NPR01,ABOUT HEALTH HQ,1652,1678,26,True
2025-04,2025-05,NQH,NOVUS HEALTH LTD,738,671,-67,True
2025-04,2025-05,NQM01,ORTHOPAEDICS & SPINE SPECIALIST HOSPITAL SITE,161,207,46,True
2025-04,2025-05,NQX,PROVIDE ENTERPRISES,54,98,44,True
2025-04,2025-05,NR5,LIVEWELL SOUTHWEST,55,69,14,True
2025-04,2025-05,NRF,UNIVERSITY OF SOUTHAMPTON AUDITORY IMPLANT SERVICE,203,189,-14,True
2025-04,2025-05,NRL,HEART NETWORKS,364,323,-41,True
2025-04,2025-05,NRP,BEACON MEDICAL SERVICES GROUP LIMITED,348,352,4,True
2025-04,2025-05,NT202,"NUFFIELD HEALTH, BOURNEMOUTH HOSPITAL",522,534,12,True
2025-04,2025-05,NT204,"NUFFIELD HEALTH, BRENTWOOD HOSPITAL",1514,1677,163,True
2025-04,2025-05,NT205,"NUFFIELD HEALTH, BRIGHTON HOSPITAL",724,755,31,True
2025-04,2025-05,NT206,"NUFFIELD HEALTH, BRISTOL HOSPITAL (CHESTERFIELD)",358,457,99,True
2025-04,2025-05,NT209,"NUFFIELD HEALTH, CAMBRIDGE HOSPITAL",388,373,-15,True
2025-04,2025-05,NT210,"NUFFIELD HEALTH, THE GROSVENOR HOSPITAL, CHESTER",316,340,24,True
2025-04,2025-05,NT211,"NUFFIELD HEALTH, CHELTENHAM HOSPITAL",34,29,-5,True
2025-04,2025-05,NT212,"NUFFIELD HEALTH, CHICHESTER HOSPITAL",1272,1395,123,True
2025-04,2025-05,NT213,"NUFFIELD HEALTH, DERBY HOSPITAL",1283,1139,-144,True
2025-04,2025-05,NT214,"NUFFIELD HEALTH, WESSEX HOSPITAL",555,572,17,True
2025-04,2025-05,NT215,"NUFFIELD HEALTH, EXETER HOSPITAL",473,520,47,True
2025-04,2025-05,NT216,"NUFFIELD HEALTH, GUILDFORD HOSPITAL",486,0,-486,False
2025-04,2025-05,NT218,"NUFFIELD HEALTH, HAYWARDS HEATH HOSPITAL",378,392,14,True
2025-04,2025-05,NT219,"NUFFIELD HEALTH, HEREFORD HOSPITAL",205,212,7,True
2025-04,2025-05,NT224,"NUFFIELD HEALTH, WARWICKSHIRE HOSPITAL",269,310,41,True
2025-04,2025-05,NT225,"NUFFIELD HEALTH, LEEDS HOSPITAL",1478,1514,36,True
2025-04,2025-05,NT226,"NUFFIELD HEALTH, LEICESTER HOSPITAL",533,516,-17,True
2025-04,2025-05,NT229,"NUFFIELD HEALTH, NEWCASTLE UPON TYNE HOSPITAL",578,596,18,True
2025-04,2025-05,NT230,"NUFFIELD HEALTH, NORTH STAFFORDSHIRE HOSPITAL",1471,1527,56,True
2025-04,2025-05,NT233,"NUFFIELD HEALTH, PLYMOUTH HOSPITAL",1022,996,-26,True
2025-04,2025-05,NT235,"NUFFIELD HEALTH, SHREWSBURY HOSPITAL",168,179,11,True
2025-04,2025-05,NT237,"NUFFIELD HEALTH, TEES HOSPITAL",1436,1183,-253,True
2025-04,2025-05,NT238,"NUFFIELD HEALTH, TAUNTON HOSPITAL",279,279,0,True
2025-04,2025-05,NT239,"NUFFIELD HEALTH, TUNBRIDGE WELLS HOSPITAL",158,222,64,True
2025-04,2025-05,NT241,"NUFFIELD HEALTH, WOKING HOSPITAL",642,536,-106,True
2025-04,2025-05,NT242,"NUFFIELD HEALTH, WOLVERHAMPTON HOSPITAL",543,455,-88,True
2025-04,2025-05,NT244,NUFFIELD HOSPITAL OXFORD (THE MANOR),65,119,54,True
2025-04,2025-05,NT245,"NUFFIELD HEALTH, YORK HOSPITAL",542,624,82,True
2025-04,2025-05,NT301,SPIRE SOUTH BANK HOSPITAL,872,803,-69,True
2025-04,2025-05,NT302,SPIRE BRISTOL HOSPITAL,742,741,-1,True
2025-04,2025-05,NT304,SPIRE SOUTHAMPTON HOSPITAL,575,578,3,True
2025-04,2025-05,NT305,SPIRE PORTSMOUTH HOSPITAL,397,355,-42,True
2025-04,2025-05,NT308,SPIRE GATWICK PARK HOSPITAL,1016,994,-22,True
2025-04,2025-05,NT30A,SPIRE NOTTINGHAM HOSPITAL,581,490,-91,True
2025-04,2025-05,NT312,SPIRE ALEXANDRA HOSPITAL,1506,1438,-68,True
2025-04,2025-05,NT313,SPIRE WELLESLEY HOSPITAL,1228,1192,-36,True
2025-04,2025-05,NT314,SPIRE LONDON EAST,2559,2317,-242,True
2025-04,2025-05,NT315,SPIRE BUSHEY HOSPITAL,847,800,-47,True
2025-04,2025-05,NT316,SPIRE HARPENDEN HOSPITAL,620,496,-124,True
2025-04,2025-05,NT317,SPIRE CAMBRIDGE LEA HOSPITAL,342,383,41,True
2025-04,2025-05,NT318,SPIRE NORWICH HOSPITAL,451,513,62,True
2025-04,2025-05,NT319,SPIRE HARTSWOOD HOSPITAL,1499,1426,-73,True
2025-04,2025-05,NT320,SPIRE PARKWAY HOSPITAL,1229,1235,6,True
2025-04,2025-05,NT321,SPIRE LITTLE ASTON HOSPITAL,1706,1606,-100,True
2025-04,2025-05,NT322,SPIRE LEICESTER HOSPITAL,589,657,68,True
2025-04,2025-05,NT324,SPIRE CHESHIRE HOSPITAL,1110,1326,216,True
2025-04,2025-05,NT325,SPIRE MURRAYFIELD HOSPITAL,544,559,15,True
2025-04,2025-05,NT327,SPIRE MANCHESTER HOSPITAL,974,1061,87,True
2025-04,2025-05,NT332,SPIRE LEEDS HOSPITAL,907,868,-39,True
2025-04,2025-05,NT333,SPIRE WASHINGTON HOSPITAL,1479,1374,-105,True
2025-04,2025-05,NT337,SPIRE LIVERPOOL HOSPITAL,3395,3111,-284,True
2025-04,2025-05,NT339,SPIRE REGENCY HOSPITAL,1805,1658,-147,True
2025-04,2025-05,NT343,SPIRE THAMES VALLEY HOSPITAL,426,352,-74,True
2025-04,2025-05,NT344,SPIRE DUNEDIN HOSPITAL,259,246,-13,True
2025-04,2025-05,NT345,SPIRE CLARE PARK HOSPITAL,347,372,25,True
2025-04,2025-05,NT347,SPIRE FYLDE COAST HOSPITAL,3486,3489,3,True
2025-04,2025-05,NT348,SPIRE ELLAND HOSPITAL,1476,1316,-160,True
2025-04,2025-05,NT350,SPIRE METHLEY PARK HOSPITAL,1313,1245,-68,True
2025-04,2025-05,NT351,SPIRE HULL AND EAST RIDING HOSPITAL,2707,2406,-301,True
2025-04,2025-05,NT364,SPIRE MONTEFIORE HOSPITAL,426,1327,901,True
2025-04,2025-05,NT3X3,SPIRE ST ANTHONY'S HOSPITAL,1040,973,-67,True
2025-04,2025-05,NT401,ALEXANDRA HOSPITAL,701,774,73,True
2025-04,2025-05,NT402,BATH CLINIC,752,789,37,True
2025-04,2025-05,NT403,BEARDWOOD HOSPITAL,2621,2532,-89,True
2025-04,2025-05,NT404,BEAUMONT HOSPITAL,2288,2313,25,True
2025-04,2025-05,NT405,BISHOPS WOOD HOSPITAL,556,559,3,True
2025-04,2025-05,NT406,BLACKHEATH HOSPITAL,1427,1482,55,True
2025-04,2025-05,NT408,CHAUCER HOSPITAL,815,784,-31,True
2025-04,2025-05,NT409,CHELSFIELD PARK HOSPITAL,639,691,52,True
2025-04,2025-05,NT410,CHILTERN HOSPITAL,496,482,-14,True
2025-04,2025-05,NT411,CLEMENTINE CHURCHILL HOSPITAL,1858,1955,97,True
2025-04,2025-05,NT412,DROITWICH SPA HOSPITAL,1976,1788,-188,True
2025-04,2025-05,NT416,HENDON HOSPITAL,1131,1226,95,True
2025-04,2025-05,NT417,GORING HALL HOSPITAL,1168,1107,-61,True
2025-04,2025-05,NT418,HAMPSHIRE CLINIC,235,246,11,True
2025-04,2025-05,NT419,HARBOUR HOSPITAL,157,145,-12,True
2025-04,2025-05,NT420,HIGHFIELD HOSPITAL,988,985,-3,True
2025-04,2025-05,NT421,KINGS OAK HOSPITAL,912,952,40,True
2025-04,2025-05,NT422,LONDON INDEPENDENT HOSPITAL,3792,3642,-150,True
2025-04,2025-05,NT423,MANOR HOSPITAL,842,842,0,True
2025-04,2025-05,NT424,MERIDEN HOSPITAL,1792,1947,155,True
2025-04,2025-05,NT427,PARK HOSPITAL,1117,1168,51,True
2025-04,2025-05,NT428,PRINCESS MARGARET HOSPITAL,100,109,9,True
2025-04,2025-05,NT429,PRIORY HOSPITAL,872,793,-79,True
2025-04,2025-05,NT430,RIDGEWAY HOSPITAL,342,341,-1,True
2025-04,2025-05,NT431,RUNNYMEDE HOSPITAL,102,87,-15,True
2025-04,2025-05,NT433,SARUM ROAD HOSPITAL,374,362,-12,True
2025-04,2025-05,NT434,SAXON CLINIC,608,599,-9,True
2025-04,2025-05,NT435,SHELBURNE HOSPITAL,162,150,-12,True
2025-04,2025-05,NT436,SHIRLEY OAKS HOSPITAL,911,774,-137,True
2025-04,2025-05,NT437,SLOANE HOSPITAL,825,795,-30,True
2025-04,2025-05,NT440,THORNBURY HOSPITAL,578,616,38,True
2025-04,2025-05,NT441,THREE SHIRES HOSPITAL,3369,3340,-29,True
2025-04,2025-05,NT443,WINTERBOURNE HOSPITAL,276,283,7,True
2025-04,2025-05,NT445,EDGBASTON HOSPITAL,1,1,0,True
2025-04,2025-05,NT446,ST EDMUNDS HOSPITAL,637,673,36,True
2025-04,2025-05,NT447,DUCHY HOSPITAL,477,495,18,True
2025-04,2025-05,NT448,HUDDERSFIELD PRIVATE HOSPITAL,644,587,-57,True
2025-04,2025-05,NT449,LANCASTER PRIVATE HOSPITAL,432,420,-12,True
2025-04,2025-05,NT450,LINCOLN PRIVATE HOSPITAL,1231,1215,-16,True
2025-04,2025-05,NT451,CAVELL HOSPITAL,1370,1428,58,True
2025-04,2025-05,NT455,MOUNT ALVERNIA HOSPITAL,217,219,2,True
2025-04,2025-05,NT457,WOODLANDS HOSPITAL,2051,2108,57,True
2025-04,2025-05,NT490,SOUTHEND PRIVATE HOSPITAL,1303,1343,40,True
2025-04,2025-05,NTE02,ST HUGH'S HOSPITAL,2752,2593,-159,True
2025-04,2025-05,NTP11,PRACTICE PLUS GROUP HOSPITAL - SOUTHAMPTON,8057,8073,16,True
2025-04,2025-05,NTP13,PRACTICE PLUS GROUP HOSPITAL - BARLBOROUGH,2139,2064,-75,True
2025-04,2025-05,NTP15,PRACTICE PLUS GROUP HOSPITAL - ILFORD,5952,5626,-326,True
2025-04,2025-05,NTP16,PRACTICE PLUS GROUP SURGICAL CENTRE - GILLINGHAM,1050,961,-89,True
2025-04,2025-05,NTPAD,PRACTICE PLUS GROUP SURGICAL CENTRE - ST MARYS PORTSMOUTH,1968,1879,-89,True
2025-04,2025-05,NTPAE,PRACTICE PLUS GROUP OPHTHALMOLOGY - NORTH WEST,1635,1791,156,True
2025-04,2025-05,NTPH1,PRACTICE PLUS GROUP HOSPITAL - SHEPTON MALLET,2603,2493,-110,True
2025-04,2025-05,NTPH2,PRACTICE PLUS GROUP HOSPITAL - EMERSONS GREEN,5193,5455,262,True
2025-04,2025-05,NTPH3,PRACTICE PLUS GROUP SURGICAL CENTRE - DEVIZES,3067,3003,-64,True
2025-04,2025-05,NTPH5,PRACTICE PLUS GROUP HOSPITAL - PLYMOUTH,1365,1357,-8,True
2025-04,2025-05,NTX,THE ONE HEALTH GROUP PLC,4309,4443,134,True
2025-04,2025-05,NV1,INHEALTH LIMITED,534,2681,2147,True
2025-04,2025-05,NVC01,ASHTEAD HOSPITAL,998,796,-202,True
2025-04,2025-05,NVC02,THE BERKSHIRE INDEPENDENT HOSPITAL,1228,1184,-44,True
2025-04,2025-05,NVC04,DUCHY HOSPITAL,2078,2051,-27,True
2025-04,2025-05,NVC05,EUXTON HALL HOSPITAL,3167,2950,-217,True
2025-04,2025-05,NVC06,FITZWILLIAM HOSPITAL,6056,5877,-179,True
2025-04,2025-05,NVC07,FULWOOD HALL HOSPITAL,5765,5280,-485,True
2025-04,2025-05,NVC08,MOUNT STUART HOSPITAL,1964,2000,36,True
2025-04,2025-05,NVC09,NEW HALL HOSPITAL,3460,3369,-91,True
2025-04,2025-05,NVC0I,BEACON PARK HOSPITAL,957,938,-19,True
2025-04,2025-05,NVC0R,TEES VALLEY HOSPITAL,3883,3898,15,True
2025-04,2025-05,NVC0Y,EXETER MEDICAL,334,376,42,True
2025-04,2025-05,NVC11,NORTH DOWNS HOSPITAL,1579,1590,11,True
2025-04,2025-05,NVC12,OAKLANDS HOSPITAL,4176,4107,-69,True
2025-04,2025-05,NVC13,OAKS HOSPITAL,709,669,-40,True
2025-04,2025-05,NVC14,PARK HILL HOSPITAL,798,766,-32,True
2025-04,2025-05,NVC15,PINEHILL HOSPITAL,1534,1287,-247,True
2025-04,2025-05,NVC16,RENACRES HOSPITAL,4500,4370,-130,True
2025-04,2025-05,NVC17,ROWLEY HALL HOSPITAL,2474,2337,-137,True
2025-04,2025-05,NVC18,SPRINGFIELD HOSPITAL,4550,4455,-95,True
2025-04,2025-05,NVC19,RIVERS HOSPITAL,4045,3992,-53,True
2025-04,2025-05,NVC1H,STOURSIDE HOSPITAL,2941,3021,80,True
2025-04,2025-05,NVC20,THE YORKSHIRE CLINIC,7678,7359,-319,True
2025-04,2025-05,NVC21,WEST MIDLANDS HOSPITAL,976,807,-169,True
2025-04,2025-05,NVC22,WINFIELD HOSPITAL,1626,1560,-66,True
2025-04,2025-05,NVC23,WOODLAND HOSPITAL,4869,4691,-178,True
2025-04,2025-05,NVC25,THE CHERWELL HOSPITAL,2403,2319,-84,True
2025-04,2025-05,NVC27,BOSTON WEST HOSPITAL,1690,1547,-143,True
2025-04,2025-05,NVC28,CLIFTON PARK HOSPITAL,1606,1657,51,True
2025-04,2025-05,NVC29,COBALT HOSPITAL,1982,1719,-263,True
2025-04,2025-05,NVC31,BLAKELANDS HOSPITAL,2304,2324,20,True
2025-04,2025-05,NVC40,WOODTHORPE HOSPITAL,3522,3373,-149,True
2025-04,2025-05,NVC44,THE WESTBOURNE CENTRE,3206,3316,110,True
2025-04,2025-05,NVL,DMC DERMATOLOGY,226,189,-37,True
2025-04,2025-05,NVM,EPSOMEDICAL GROUP,2788,2680,-108,True
2025-04,2025-05,NWF01,BENENDEN HOSPITAL,1447,1419,-28,True
2025-04,2025-05,NWV01,GP CARE UK,829,643,-186,True
2025-04,2025-05,NX5,ANGLIA COMMUNITY EYE SERVICE LTD,1116,1754,638,True
2025-04,2025-05,NXM01,THE HORDER CENTRE - ST JOHNS ROAD,1200,1154,-46,True
2025-04,2025-05,NXP,INDEPENDENT HEALTH GROUP,1077,1137,60,True
2025-04,2025-05,NYG,SUSSEX COMMUNITY DERMATOLOGY SERVICE,14330,14798,468,True
2025-04,2025-05,NYR,HEALTHSHARE DIAGNOSTICS,1642,1979,337,True
2025-04,2025-05,O1P6X,SPAMEDICA OLDHAM,186,252,66,True
2025-04,2025-05,O5Y9D,SPAMEDICA OXFORD,104,118,14,True
2025-04,2025-05,O6X7Z,SPAMEDICA CAMBRIDGE,84,97,13,True
2025-04,2025-05,P0C3F,SPAMEDICA LEEDS,82,119,37,True
2025-04,2025-05,P1B7M,SPAMEDICA BRISTOL,84,102,18,True
2025-04,2025-05,P5Y6K,NEWMEDICA - SHREWSBURY,245,193,-52,True
2025-04,2025-05,Q1S8W,NEWMEDICA - BURY ST EDMUNDS,1,0,-1,False
2025-04,2025-05,Q1W6P,SPAMEDICA WATFORD,128,151,23,True
2025-04,2025-05,Q2Y5H,OVIVA UK LTD,4937,5988,1051,True
2025-04,2025-05,Q8X0X,SPAMEDICA ISLE OF WIGHT COMMUNITY DIAGNOSTIC & TREATMENT CENTRE,27,28,1,True
2025-04,2025-05,R0A,MANCHESTER UNIVERSITY NHS FOUNDATION TRUST,192230,190129,-2101,True
2025-04,2025-05,R0B,SOUTH TYNESIDE AND SUNDERLAND NHS FOUNDATION TRUST,57403,57665,262,True
2025-04,2025-05,R0D,UNIVERSITY HOSPITALS DORSET NHS FOUNDATION TRUST,64457,62246,-2211,True
2025-04,2025-05,R0F4N,NUFFIELD HEALTH PARKSIDE HOSPITAL,992,1076,84,True
2025-04,2025-05,R1A,HEREFORDSHIRE AND WORCESTERSHIRE HEALTH AND CARE NHS TRUST,96,120,24,True
2025-04,2025-05,R1D,SHROPSHIRE COMMUNITY HEALTH NHS TRUST,9351,9218,-133,True
2025-04,2025-05,R1F,ISLE OF WIGHT NHS TRUST,13685,13596,-89,True
2025-04,2025-05,R1G7E,SPAMEDICA KENDAL,210,172,-38,True
2025-04,2025-05,R1H,BARTS HEALTH NHS TRUST,123189,135110,11921,True
2025-04,2025-05,R1K,LONDON NORTH WEST UNIVERSITY HEALTHCARE NHS TRUST,85677,84816,-861,True
2025-04,2025-05,R3I5E,NEWMEDICA -TELFORD,2,1,-1,True
2025-04,2025-05,R7W2O,NEWCASTLE NEWMEDICA LTD,287,296,9,True
2025-04,2025-05,RA2,ROYAL SURREY COUNTY HOSPITAL NHS FOUNDATION TRUST,30151,29637,-514,True
2025-04,2025-05,RA7,UNIVERSITY HOSPITALS BRISTOL AND WESTON NHS FOUNDATION TRUST,54443,55232,789,True
2025-04,2025-05,RA9,TORBAY AND SOUTH DEVON NHS FOUNDATION TRUST,34622,33943,-679,True
2025-04,2025-05,RAE,BRADFORD TEACHING HOSPITALS NHS FOUNDATION TRUST,32541,32563,22,True
2025-04,2025-05,RAJ,MID AND SOUTH ESSEX NHS FOUNDATION TRUST,172731,174486,1755,True
2025-04,2025-05,RAL,ROYAL FREE LONDON NHS FOUNDATION TRUST,149100,146383,-2717,True
2025-04,2025-05,RAN,ROYAL NATIONAL ORTHOPAEDIC HOSPITAL NHS TRUST,8454,8639,185,True
2025-04,2025-05,RAS,THE HILLINGDON HOSPITALS NHS FOUNDATION TRUST,31043,30440,-603,True
2025-04,2025-05,RAX,KINGSTON AND RICHMOND NHS FOUNDATION TRUST,42189,41940,-249,True
2025-04,2025-05,RBD,DORSET COUNTY HOSPITAL NHS FOUNDATION TRUST,22483,22628,145,True
2025-04,2025-05,RBK,WALSALL HEALTHCARE NHS TRUST,28554,28387,-167,True
2025-04,2025-05,RBL,WIRRAL UNIVERSITY TEACHING HOSPITAL NHS FOUNDATION TRUST,46400,45691,-709,True
2025-04,2025-05,RBN,MERSEY AND WEST LANCASHIRE TEACHING HOSPITALS NHS TRUST,75680,75064,-616,True
2025-04,2025-05,RBQ,LIVERPOOL HEART AND CHEST HOSPITAL NHS FOUNDATION TRUST,5483,5412,-71,True
2025-04,2025-05,RBS,ALDER HEY CHILDREN'S NHS FOUNDATION TRUST,20043,19022,-1021,True
2025-04,2025-05,RBT,MID CHESHIRE HOSPITALS NHS FOUNDATION TRUST,35575,36241,666,True
2025-04,2025-05,RBV,THE CHRISTIE NHS FOUNDATION TRUST,2807,2834,27,True
2025-04,2025-05,RC9,BEDFORDSHIRE HOSPITALS NHS FOUNDATION TRUST,100415,92036,-8379,True
2025-04,2025-05,RCB,YORK AND SCARBOROUGH TEACHING HOSPITALS NHS FOUNDATION TRUST,49618,51401,1783,True
2025-04,2025-05,RCD,HARROGATE AND DISTRICT NHS FOUNDATION TRUST,20758,20074,-684,True
2025-04,2025-05,RCF,AIREDALE NHS FOUNDATION TRUST,13752,13738,-14,True
2025-04,2025-05,RCU,SHEFFIELD CHILDREN'S NHS FOUNDATION TRUST,12177,12382,205,True
2025-04,2025-05,RCX,"THE QUEEN ELIZABETH HOSPITAL, KING'S LYNN, NHS FOUNDATION TRUST",26884,27301,417,True
2025-04,2025-05,RD1,ROYAL UNITED HOSPITALS BATH NHS FOUNDATION TRUST,41341,41870,529,True
2025-04,2025-05,RD8,MILTON KEYNES UNIVERSITY HOSPITAL NHS FOUNDATION TRUST,31769,32108,339,True
2025-04,2025-05,RDE,EAST SUFFOLK AND NORTH ESSEX NHS FOUNDATION TRUST,91893,91062,-831,True
2025-04,2025-05,RDR,SUSSEX COMMUNITY NHS FOUNDATION TRUST,11730,12005,275,True
2025-04,2025-05,RDU,FRIMLEY HEALTH NHS FOUNDATION TRUST,72206,74488,2282,True
2025-04,2025-05,REF,ROYAL CORNWALL HOSPITALS NHS TRUST,40670,41446,776,True
2025-04,2025-05,REM,LIVERPOOL UNIVERSITY HOSPITALS NHS FOUNDATION TRUST,70183,68585,-1598,True
2025-04,2025-05,REN,THE CLATTERBRIDGE CANCER CENTRE NHS FOUNDATION TRUST,1015,1095,80,True
2025-04,2025-05,REP,LIVERPOOL WOMEN'S NHS FOUNDATION TRUST,16576,16106,-470,True
2025-04,2025-05,RET,THE WALTON CENTRE NHS FOUNDATION TRUST,14360,14381,21,True
2025-04,2025-05,RF4,"BARKING, HAVERING AND REDBRIDGE UNIVERSITY HOSPITALS NHS TRUST",56658,56084,-574,True
2025-04,2025-05,RFF,BARNSLEY HOSPITAL NHS FOUNDATION TRUST,24704,26038,1334,True
2025-04,2025-05,RFR,THE ROTHERHAM NHS FOUNDATION TRUST,31849,31187,-662,True
2025-04,2025-05,RFS,CHESTERFIELD ROYAL HOSPITAL NHS FOUNDATION TRUST,28990,31247,2257,True
2025-04,2025-05,RGM,ROYAL PAPWORTH HOSPITAL NHS FOUNDATION TRUST,7141,6796,-345,True
2025-04,2025-05,RGN,NORTH WEST ANGLIA NHS FOUNDATION TRUST,77349,76648,-701,True
2025-04,2025-05,RGP,JAMES PAGET UNIVERSITY HOSPITALS NHS FOUNDATION TRUST,34991,34818,-173,True
2025-04,2025-05,RGR,WEST SUFFOLK NHS FOUNDATION TRUST,35556,35087,-469,True
2025-04,2025-05,RGT,CAMBRIDGE UNIVERSITY HOSPITALS NHS FOUNDATION TRUST,65322,65216,-106,True
2025-04,2025-05,RH5,SOMERSET NHS FOUNDATION TRUST,58425,57026,-1399,True
2025-04,2025-05,RH8,ROYAL DEVON UNIVERSITY HEALTHCARE NHS FOUNDATION TRUST,71844,72905,1061,True
2025-04,2025-05,RHM,UNIVERSITY HOSPITAL SOUTHAMPTON NHS FOUNDATION TRUST,62306,62941,635,True
2025-04,2025-05,RHQ,SHEFFIELD TEACHING HOSPITALS NHS FOUNDATION TRUST,91886,92037,151,True
2025-04,2025-05,RHU,PORTSMOUTH HOSPITALS UNIVERSITY NHS TRUST,60991,58937,-2054,True
2025-04,2025-05,RHW,ROYAL BERKSHIRE NHS FOUNDATION TRUST,38136,37618,-518,True
2025-04,2025-05,RJ1,GUY'S AND ST THOMAS' NHS FOUNDATION TRUST,120452,120095,-357,True
2025-04,2025-05,RJ2,LEWISHAM AND GREENWICH NHS TRUST,55489,53057,-2432,True
2025-04,2025-05,RJ6,CROYDON HEALTH SERVICES NHS TRUST,34430,36105,1675,True
2025-04,2025-05,RJ7,ST GEORGE'S UNIVERSITY HOSPITALS NHS FOUNDATION TRUST,69845,70264,419,True
2025-04,2025-05,RJ8,CORNWALL PARTNERSHIP NHS FOUNDATION TRUST,557,491,-66,True
2025-04,2025-05,RJC,SOUTH WARWICKSHIRE UNIVERSITY NHS FOUNDATION TRUST,31909,32641,732,True
2025-04,2025-05,RJE,UNIVERSITY HOSPITALS OF NORTH MIDLANDS NHS TRUST,66404,64230,-2174,True
2025-04,2025-05,RJL,NORTHERN LINCOLNSHIRE AND GOOLE NHS FOUNDATION TRUST,41241,40574,-667,True
2025-04,2025-05,RJN,EAST CHESHIRE NHS TRUST,13537,13427,-110,True
2025-04,2025-05,RJR,COUNTESS OF CHESTER HOSPITAL NHS FOUNDATION TRUST,33696,33721,25,True
2025-04,2025-05,RJZ,KING'S COLLEGE HOSPITAL NHS FOUNDATION TRUST,87572,83623,-3949,True
2025-04,2025-05,RK5,SHERWOOD FOREST HOSPITALS NHS FOUNDATION TRUST,35317,34691,-626,True
2025-04,2025-05,RK9,UNIVERSITY HOSPITALS PLYMOUTH NHS TRUST,48006,47995,-11,True
2025-04,2025-05,RKB,UNIVERSITY HOSPITALS COVENTRY AND WARWICKSHIRE NHS TRUST,83075,80363,-2712,True
2025-04,2025-05,RKE,WHITTINGTON HEALTH NHS TRUST,24531,25318,787,True
2025-04,2025-05,RL1,THE ROBERT JONES AND AGNES HUNT ORTHOPAEDIC HOSPITAL NHS FOUNDATION TRUST,16990,17280,290,True
2025-04,2025-05,RL4,THE ROYAL WOLVERHAMPTON NHS TRUST,86004,80113,-5891,True
2025-04,2025-05,RLQ,WYE VALLEY NHS TRUST,23546,23567,21,True
2025-04,2025-05,RLT,GEORGE ELIOT HOSPITAL NHS TRUST,20260,20574,314,True
2025-04,2025-05,RM1,NORFOLK AND NORWICH UNIVERSITY HOSPITALS NHS FOUNDATION TRUST,80243,80428,185,True
2025-04,2025-05,RM3,NORTHERN CARE ALLIANCE NHS FOUNDATION TRUST,138712,137853,-859,True
2025-04,2025-05,RMC,BOLTON NHS FOUNDATION TRUST,38173,37308,-865,True
2025-04,2025-05,RMP,TAMESIDE AND GLOSSOP INTEGRATED CARE NHS FOUNDATION TRUST,17206,17152,-54,True
2025-04,2025-05,RN3,GREAT WESTERN HOSPITALS NHS FOUNDATION TRUST,37504,37467,-37,True
2025-04,2025-05,RN5,HAMPSHIRE HOSPITALS NHS FOUNDATION TRUST,50897,51517,620,True
2025-04,2025-05,RN7,DARTFORD AND GRAVESHAM NHS TRUST,31268,31852,584,True
2025-04,2025-05,RNA,THE DUDLEY GROUP NHS FOUNDATION TRUST,45450,46110,660,True
2025-04,2025-05,RNN,NORTH CUMBRIA INTEGRATED CARE NHS FOUNDATION TRUST,38686,38066,-620,True
2025-04,2025-05,RNQ,KETTERING GENERAL HOSPITAL NHS FOUNDATION TRUST,24849,25654,805,True
2025-04,2025-05,RNS,NORTHAMPTON GENERAL HOSPITAL NHS TRUST,41961,40816,-1145,True
2025-04,2025-05,RNZ,SALISBURY NHS FOUNDATION TRUST,27993,29229,1236,True
2025-04,2025-05,RP4,GREAT ORMOND STREET HOSPITAL FOR CHILDREN NHS FOUNDATION TRUST,8143,8342,199,True
2025-04,2025-05,RP5,DONCASTER AND BASSETLAW TEACHING HOSPITALS NHS FOUNDATION TRUST,54287,54887,600,True
2025-04,2025-05,RP6,MOORFIELDS EYE HOSPITAL NHS FOUNDATION TRUST,33228,33142,-86,True
2025-04,2025-05,RP7,LINCOLNSHIRE PARTNERSHIP NHS FOUNDATION TRUST,41,41,0,True
2025-04,2025-05,RPA,MEDWAY NHS FOUNDATION TRUST,40171,40087,-84,True
2025-04,2025-05,RPC,QUEEN VICTORIA HOSPITAL NHS FOUNDATION TRUST,18115,17624,-491,True
2025-04,2025-05,RPG,OXLEAS NHS FOUNDATION TRUST,2007,1940,-67,True
2025-04,2025-05,RPY,THE ROYAL MARSDEN NHS FOUNDATION TRUST,1848,2013,165,True
2025-04,2025-05,RQ3,BIRMINGHAM WOMEN'S AND CHILDREN'S NHS FOUNDATION TRUST,26253,27419,1166,True
2025-04,2025-05,RQM,CHELSEA AND WESTMINSTER HOSPITAL NHS FOUNDATION TRUST,67288,66784,-504,True
2025-04,2025-05,RQW,THE PRINCESS ALEXANDRA HOSPITAL NHS TRUST,51395,49592,-1803,True
2025-04,2025-05,RQX,HOMERTON HEALTHCARE NHS FOUNDATION TRUST,36385,36209,-176,True
2025-04,2025-05,RR7,GATESHEAD HEALTH NHS FOUNDATION TRUST,13065,12930,-135,True
2025-04,2025-05,RR8,LEEDS TEACHING HOSPITALS NHS TRUST,89016,88144,-872,True
2025-04,2025-05,RRE,MIDLANDS PARTNERSHIP UNIVERSITY NHS FOUNDATION TRUST,6540,6655,115,True
2025-04,2025-05,RRF,"WRIGHTINGTON, WIGAN AND LEIGH NHS FOUNDATION TRUST",50409,50200,-209,True
2025-04,2025-05,RRJ,THE ROYAL ORTHOPAEDIC HOSPITAL NHS FOUNDATION TRUST,12739,12798,59,True
2025-04,2025-05,RRK,UNIVERSITY HOSPITALS BIRMINGHAM NHS FOUNDATION TRUST,104897,105437,540,True
2025-04,2025-05,RRV,UNIVERSITY COLLEGE LONDON HOSPITALS NHS FOUNDATION TRUST,74061,74831,770,True
2025-04,2025-05,RT1,CAMBRIDGESHIRE AND PETERBOROUGH NHS FOUNDATION TRUST,339,316,-23,True
2025-04,2025-05,RTD,THE NEWCASTLE UPON TYNE HOSPITALS NHS FOUNDATION TRUST,94292,89269,-5023,True
2025-04,2025-05,RTE,GLOUCESTERSHIRE HOSPITALS NHS FOUNDATION TRUST,66826,62970,-3856,True
2025-04,2025-05,RTF,NORTHUMBRIA HEALTHCARE NHS FOUNDATION TRUST,35975,36395,420,True
2025-04,2025-05,RTG,UNIVERSITY HOSPITALS OF DERBY AND BURTON NHS FOUNDATION TRUST,107930,106838,-1092,True
2025-04,2025-05,RTH,OXFORD UNIVERSITY HOSPITALS NHS FOUNDATION TRUST,87929,86588,-1341,True
2025-04,2025-05,RTK,ASHFORD AND ST PETER'S HOSPITALS NHS FOUNDATION TRUST,59332,57383,-1949,True
2025-04,2025-05,RTP,SURREY AND SUSSEX HEALTHCARE NHS TRUST,54513,51824,-2689,True
2025-04,2025-05,RTR,SOUTH TEES HOSPITALS NHS FOUNDATION TRUST,56741,56476,-265,True
2025-04,2025-05,RTX,UNIVERSITY HOSPITALS OF MORECAMBE BAY NHS FOUNDATION TRUST,34603,34698,95,True
2025-04,2025-05,RVJ,NORTH BRISTOL NHS TRUST,42607,43845,1238,True
2025-04,2025-05,RVR,EPSOM AND ST HELIER UNIVERSITY HOSPITALS NHS TRUST,49751,53899,4148,True
2025-04,2025-05,RVV,EAST KENT HOSPITALS UNIVERSITY NHS FOUNDATION TRUST,83106,82135,-971,True
2025-04,2025-05,RVW,NORTH TEES AND HARTLEPOOL NHS FOUNDATION TRUST,20692,20964,272,True
2025-04,2025-05,RW1,HAMPSHIRE AND ISLE OF WIGHT HEALTHCARE NHS FOUNDATION TRUST,3961,4115,154,True
2025-04,2025-05,RW4,MERSEY CARE NHS FOUNDATION TRUST,46,41,-5,True
2025-04,2025-05,RW5,LANCASHIRE & SOUTH CUMBRIA NHS FOUNDATION TRUST,2881,2451,-430,True
2025-04,2025-05,RWA,HULL UNIVERSITY TEACHING HOSPITALS NHS TRUST,77990,78224,234,True
2025-04,2025-05,RWD,UNITED LINCOLNSHIRE TEACHING HOSPITALS NHS TRUST,70042,70183,141,True
2025-04,2025-05,RWE,UNIVERSITY HOSPITALS OF LEICESTER NHS TRUST,107804,106354,-1450,True
2025-04,2025-05,RWF,MAIDSTONE AND TUNBRIDGE WELLS NHS TRUST,46237,46988,751,True
2025-04,2025-05,RWG,WEST HERTFORDSHIRE TEACHING HOSPITALS NHS TRUST,46177,47051,874,True
2025-04,2025-05,RWH,EAST AND NORTH HERTFORDSHIRE NHS TRUST,55859,54387,-1472,True
2025-04,2025-05,RWJ,STOCKPORT NHS FOUNDATION TRUST,35190,34798,-392,True
2025-04,2025-05,RWP,WORCESTERSHIRE ACUTE HOSPITALS NHS TRUST,55000,55079,79,True
2025-04,2025-05,RWW,WARRINGTON AND HALTON TEACHING HOSPITALS NHS FOUNDATION TRUST,34456,33095,-1361,True
2025-04,2025-05,RWX,BERKSHIRE HEALTHCARE NHS FOUNDATION TRUST,84,80,-4,True
2025-04,2025-05,RWY,CALDERDALE AND HUDDERSFIELD NHS FOUNDATION TRUST,36090,36104,14,True
2025-04,2025-05,RX1,NOTTINGHAM UNIVERSITY HOSPITALS NHS TRUST,83081,83202,121,True
2025-04,2025-05,RX4,"CUMBRIA, NORTHUMBERLAND, TYNE AND WEAR NHS FOUNDATION TRUST",196,199,3,True
2025-04,2025-05,RXC,EAST SUSSEX HEALTHCARE NHS TRUST,63033,61547,-1486,True
2025-04,2025-05,RXF,MID YORKSHIRE TEACHING NHS TRUST,55313,56146,833,True
2025-04,2025-05,RXG,SOUTH WEST YORKSHIRE PARTNERSHIP NHS FOUNDATION TRUST,4075,4151,76,True
2025-04,2025-05,RXK,SANDWELL AND WEST BIRMINGHAM HOSPITALS NHS TRUST,65225,65803,578,True
2025-04,2025-05,RXL,BLACKPOOL TEACHING HOSPITALS NHS FOUNDATION TRUST,34156,34999,843,True
2025-04,2025-05,RXN,LANCASHIRE TEACHING HOSPITALS NHS FOUNDATION TRUST,61514,62348,834,True
2025-04,2025-05,RXP,COUNTY DURHAM AND DARLINGTON NHS FOUNDATION TRUST,37003,38913,1910,True
2025-04,2025-05,RXQ,BUCKINGHAMSHIRE HEALTHCARE NHS TRUST,48542,49032,490,True
2025-04,2025-05,RXR,EAST LANCASHIRE HOSPITALS NHS TRUST,60235,57654,-2581,True
2025-04,2025-05,RXW,THE SHREWSBURY AND TELFORD HOSPITAL NHS TRUST,41238,39042,-2196,True
2025-04,2025-05,RY6,LEEDS COMMUNITY HEALTHCARE NHS TRUST,4,0,-4,False
2025-04,2025-05,RYJ,IMPERIAL COLLEGE HEALTHCARE NHS TRUST,88355,86761,-1594,True
2025-04,2025-05,RYR,UNIVERSITY HOSPITALS SUSSEX NHS FOUNDATION TRUST,115220,112982,-2238,True
2025-04,2025-05,RYW,BIRMINGHAM COMMUNITY HEALTHCARE NHS FOUNDATION TRUST,15848,16160,312,True
2025-04,2025-05,RYY,KENT COMMUNITY HEALTH NHS FOUNDATION TRUST,3324,3808,484,True
2025-04,2025-05,S1Z4X,NEWMEDICA - BIRMINGHAM,663,675,12,True
2025-04,2025-05,S3H9L,THE HAMPTONS HOSPITAL LTD,2336,2403,67,True
2025-04,2025-05,S4E3I,MIDLAND EYE (EYE-DOCS LTD),516,678,162,True
2025-04,2025-05,T4I8V,SPAMEDICA CHESTERFIELD,83,89,6,True
2025-04,2025-05,T8R5I,SPAMEDICA WOKINGHAM,126,157,31,True
2025-04,2025-05,T8V3L,SPAMEDICA DONCASTER,96,154,58,True
2025-04,2025-05,TAD,BRADFORD DISTRICT CARE NHS FOUNDATION TRUST,563,573,10,True
2025-04,2025-05,V4U1Y,SPAMEDICA CHESTER,81,208,127,True
2025-04,2025-05,V5F1D,SPAMEDICA TELFORD,119,114,-5,True
2025-04,2025-05,V8N5R,SPAMEDICA DALSTON,226,269,43,True
2025-04,2025-05,Y8L9S,SPAMEDICA BROMLEY,358,354,-4,True
2025-04,2025-05,Y9S1N,FAIRFIELD INDEPENDENT HOSPITAL,2107,2171,64,True
2025-04,2025-05,Z1E5F,NEWMEDICA - HARROGATE,131,109,-22,True
2025-04,2025-05,Z2L9B,NEWMEDICA - MANCHESTER WEST,279,346,67,True
2025-04,2025-05,Z5J5V,SPAMEDICA HAYDOCK,167,159,-8,True
2025-04,2025-05,Z9Z1G,SPAMEDICA GATESHEAD,161,171,10,True
2025-05,2025-06,A0C5S,SPAMEDICA GLOUCESTER,72,89,17,True
2025-05,2025-06,A1D1B,SPAMEDICA WEMBLEY,81,103,22,True
2025-05,2025-06,A1U4J,SPAMEDICA PORTSMOUTH,81,85,4,True
2025-05,2025-06,A4M8P,BUCKSHAW HOSPITAL,3023,3225,202,True
2025-05,2025-06,A4Q9X,NEWMEDICA LEICESTER,255,233,-22,True
2025-05,2025-06,AAH,TETBURY HOSPITAL TRUST LTD,305,253,-52,True
2025-05,2025-06,AAV,COMMUNITY HEALTH AND EYECARE LIMITED,3655,3730,75,True
2025-05,2025-06,ACG08,NEWMEDICA OPHTHALMOLOGY - NUNEATON - CAMP HILL - GP LED HEALTH CENTRE,20,16,-4,True
2025-05,2025-06,ACG12,NEWMEDICA COMMUNITY OPHTHALMOLOGY - NORTH EAST LINCOLNSHIRE - GRIMSBY,742,782,40,True
2025-05,2025-06,ACG13,NEWMEDICA - GLOUCESTER (ASPEN MEDICAL CENTRE),304,303,-1,True
2025-05,2025-06,ACG19,NEWMEDICA COMMUNITY OPHTHALMOLOGY - LEEDS,560,643,83,True
2025-05,2025-06,ACG20,NEWMEDICA - BRISTOL - LITFIELD HOUSE,268,274,6,True
2025-05,2025-06,ACG22,NEWMEDICA - BRIGG - RIVERSIDE SURGERY,822,866,44,True
2025-05,2025-06,ACG24,NEWMEDICA - TEESSIDE - NORTH ORMESBY,783,837,54,True
2025-05,2025-06,ACG26,NEWMEDICA - NORTH DERBYSHIRE - MIDLAND COURT,1026,964,-62,True
2025-05,2025-06,ACG30,NEWMEDICA - WORKSOP - DUKERIES,134,137,3,True
2025-05,2025-06,ACG31,NEWMEDICA - WORCESTER,685,750,65,True
2025-05,2025-06,ACG36,NEWMEDICA - EXETER - GLEN HOUSE,210,215,5,True
2025-05,2025-06,ACG37,NEWMEDICA - IPSWICH,529,603,74,True
2025-05,2025-06,ACG38,NEWMEDICA - LANGFORD,391,419,28,True
2025-05,2025-06,ACG39,NEWMEDICA - SWINDON,170,168,-2,True
2025-05,2025-06,ACG40,NEWMEDICA - WAKEFIELD,535,609,74,True
2025-05,2025-06,ACM,EYE CARE MEDICAL LTD,8,2,-6,True
2025-05,2025-06,ADN,PRIMARY INTEGRATED COMMUNITY SERVICES LTD,3317,3102,-215,True
2025-05,2025-06,ADP02,KIMS HOSPITAL (NEWNHAM COURT),1068,1143,75,True
2025-05,2025-06,AHP,ST MICHAEL'S CLINIC LIMITED,1461,1556,95,True
2025-05,2025-06,AJ8,THE GRANGE MEDICAL CENTRE HQ,239,233,-6,True
2025-05,2025-06,AQK,VERNOVA HEALTHCARE COMMUNITY INTEREST COMPANY,258,286,28,True
2025-05,2025-06,AY1,MEDEFER,1050,640,-410,True
2025-05,2025-06,B1A5K,NEWMEDICA - NOTTINGHAM,766,781,15,True
2025-05,2025-06,B3M1X,CLAREMONT PRIVATE HOSPITAL,1968,2000,32,True
2025-05,2025-06,B4N1U,SPAMEDICA ROMFORD,360,369,9,True
2025-05,2025-06,B5M7B,NEWMEDICA - NORWICH,844,863,19,True
2025-05,2025-06,B9J4U,SPAMEDICA PETERBOROUGH,183,221,38,True
2025-05,2025-06,B9M3W,SPAMEDICA SOUTHAMPTON,474,491,17,True
2025-05,2025-06,C3Y0A,SPAMEDICA BLACKPOOL,129,167,38,True
2025-05,2025-06,C5Y9L,NEWMEDICA - BERKSHIRE - BRACKNELL,38,35,-3,True
2025-05,2025-06,C9A7J,NEWMEDICA - BRADFORD & HUDDERSFIELD,242,220,-22,True
2025-05,2025-06,D3O0Z,PLYMOUTH NEWMEDICA LTD,404,345,-59,True
2025-05,2025-06,D5P5H,SPAMEDICA BEXHILL,170,182,12,True
2025-05,2025-06,DFQ,NORWICH & NORFOLK SURGICAL LTD (N2S),838,800,-38,True
2025-05,2025-06,DFY01,COTSWOLDS SURGICAL PARTNERS,148,131,-17,True
2025-05,2025-06,DJH01,THE ROYAL BUCKINGHAMSHIRE HOSPITAL LTD,14,5,-9,True
2025-05,2025-06,DPK,THE STONEYGATE EYE HOSPITAL,0,221,221,False
2025-05,2025-06,DTT,PHOENIX PUBLIC HEALTH LTD,286,263,-23,True
2025-05,2025-06,DX1,THE NEW FOSCOTE HOSPITAL LTD,361,318,-43,True
2025-05,2025-06,DXV,OMNES HEALTHCARE LTD,8859,9238,379,True
2025-05,2025-06,E1U4T,SPAMEDICA CARLISLE,152,161,9,True
2025-05,2025-06,E3D4A,SPAMEDICA TRURO,186,173,-13,True
2025-05,2025-06,F0R0W,NEWMEDICA - DARLINGTON,25,32,7,True
2025-05,2025-06,F1Y1H,NEWMEDICA - CHESHIRE OAKS,168,175,7,True
2025-05,2025-06,F7F6D,NEWMEDICA - HERTFORSHIRE - WELWYN GARDEN CITY,101,177,76,True
2025-05,2025-06,F9Z4V,CIRCLE READING HOSPITAL,1600,1685,85,True
2025-05,2025-06,G3O5P,SPAMEDICA NEWARK,240,296,56,True
2025-05,2025-06,G3Q3Z,NUFFIELD HEALTH HIGHGATE HOSPITAL,814,805,-9,True
2025-05,2025-06,G3Z1Q,SULIS HOSPITAL BATH (FOXCOTE AVENUE),2861,3070,209,True
2025-05,2025-06,G4H0I,NEWMEDICA SUFFOLK - BURY ST EDMUNDS - CLARITY HOUSE,547,512,-35,True
2025-05,2025-06,G5X2Q,SPAMEDICA NORTH TYNESIDE,118,136,18,True
2025-05,2025-06,G6S7A,SPAMEDICA TAUNTON,212,238,26,True
2025-05,2025-06,GEC01,RAPID INVESTIGATION SERVICE,56,103,47,True
2025-05,2025-06,H1T2P,SPAMEDICA SWINDON,64,84,20,True
2025-05,2025-06,H2K1G,NEWMEDICA - BROMSGROVE,273,303,30,True
2025-05,2025-06,H4I8B,NUFFIELD HEALTH THE HOLLY HOSPITAL,2874,2607,-267,True
2025-05,2025-06,H4J9P,NEWMEDICA AZTEC WEST,622,722,100,True
2025-05,2025-06,I1H7K,SPAMEDICA SALE,63,67,4,True
2025-05,2025-06,I2C7H,SPAMEDICA BRADFORD,135,178,43,True
2025-05,2025-06,I9A4A,SPAMEDICA BRIGHTON,193,243,50,True
2025-05,2025-06,J0M7P,SPAMEDICA HEREFORD DIAGNOSTIC AND TREATMENT CENTRE,19,11,-8,True
2025-05,2025-06,J2H6H,SPAMEDICA COLCHESTER,89,92,3,True
2025-05,2025-06,J3J8Z,NEWMEDICA - OXFORDSHIRE,530,545,15,True
2025-05,2025-06,J3X4C,SPAMEDICA WORCESTER,119,154,35,True
2025-05,2025-06,J7V1N,SPAMEDICA SOLIHULL,169,187,18,True
2025-05,2025-06,K8I4X,GLENDON WOOD HOSPITAL,1357,1322,-35,True
2025-05,2025-06,K9J3O,SPAMEDICA LUTON,172,171,-1,True
2025-05,2025-06,L0D9W,NEWMEDICA - GLOUCESTER (BRIGHOUSE COURT),848,985,137,True
2025-05,2025-06,L4R3R,NEWMEDICA - HAMPSHIRE,1152,1362,210,True
2025-05,2025-06,L6O7H,SPAMEDICA POOLE,398,491,93,True
2025-05,2025-06,L9D3Z,SPAMEDICA LEICESTER,88,106,18,True
2025-05,2025-06,M0N7E,SPAMEDICA SITTINGBOURNE,124,124,0,True
2025-05,2025-06,M2Y6D,PRACTICE PLUS GROUP HOSPITAL BIRMINGHAM,325,450,125,True
2025-05,2025-06,M3R0W,SPAMEDICA NORWICH,126,187,61,True
2025-05,2025-06,M4C5R,NEWMEDICA - NORTHAMPTON,883,555,-328,True
2025-05,2025-06,M5E1S,SPAMEDICA EXETER,218,181,-37,True
2025-05,2025-06,M7C9Q,SPAMEDICA EPSOM,215,197,-18,True
2025-05,2025-06,M9U8M,ENDOCARE DIAGNOSTICS LTD,122,129,7,True
2025-05,2025-06,N1N0Y,SPAMEDICA CROYDON,20,40,20,True
2025-05,2025-06,N6Z0R,NEWMEDICA - LINCOLN,48,55,7,True
2025-05,2025-06,N8R1N,NEWMEDICA - BERKSHIRE,673,633,-40,True
2025-05,2025-06,NAM01,PROBUS SURGICAL CENTRE,1192,1234,42,True
2025-05,2025-06,NCN,DMC HEALTHCARE,2155,1710,-445,True
2025-05,2025-06,NCR,ISIGHT,914,872,-42,True
2025-05,2025-06,NDJ,FIRST COMMUNITY HEALTH AND CARE CIC,792,812,20,True
2025-05,2025-06,NDL01,SUFFOLK GP FEDERATION,96,83,-13,True
2025-05,2025-06,NEQ,PHOENIX HEALTH SOLUTIONS LIMITED HQ,641,647,6,True
2025-05,2025-06,NEY,PIONEER HEALTHCARE LIMITED,2304,1808,-496,True
2025-05,2025-06,NFH,SOMERSET SURGICAL SERVICES HQ,958,919,-39,True
2025-05,2025-06,NL3,CARE PLUS GROUP,234,252,18,True
2025-05,2025-06,NL8,LOCALA COMMUNITY PARTNERSHIPS CIC,1099,832,-267,True
2025-05,2025-06,NLE01,LANCASTER HOUSE CONSULTING DIAGNOSTICS SURGICAL LTD HQ,633,675,42,True
2025-05,2025-06,NLG,COMMUNITAS CLINICS,10739,12115,1376,True
2025-05,2025-06,NLX,SIRONA CARE & HEALTH,7781,7682,-99,True
2025-05,2025-06,NMG,CONNECT HEALTH LIMITED,13549,16755,3206,True
2025-05,2025-06,NN4,TYNESIDE SURGICAL SERVICES LTD,1388,1336,-52,True
2025-05,2025-06,NN5,MANCHESTER SURGICAL SERVICES LTD,339,352,13,True
2025-05,2025-06,NN8,SPENCER PRIVATE HOSPITALS LTD,3163,2971,-192,True
2025-05,2025-06,NNE,DORKING HEALTHCARE LIMITED (DHC),6051,5965,-86,True
2025-05,2025-06,NNH,OPTEGRA UK,5726,5894,168,True
2025-05,2025-06,NPG01,SPAMEDICA MANCHESTER,197,217,20,True
2025-05,2025-06,NPG02,SPAMEDICA WIRRAL,185,198,13,True
2025-05,2025-06,NPG06,SPAMEDICA LIVERPOOL,290,297,7,True
2025-05,2025-06,NPG07,SPAMEDICA EYE HOSPITAL (WAKEFIELD),236,242,6,True
2025-05,2025-06,NPG08,SPAMEDICA BOLTON,235,275,40,True
2025-05,2025-06,NPG10,SPAMEDICA SHEFFIELD,137,148,11,True
2025-05,2025-06,NPG11,SPAMEDICA BIRMINGHAM,278,284,6,True
2025-05,2025-06,NPG13,SPAMEDICA SKELMERSDALE,189,130,-59,True
2025-05,2025-06,NPG14,SPAMEDICA WIDNES,130,146,16,True
2025-05,2025-06,NPG15,SPAMEDICA NEWCASTLE-UNDER-LYME,182,214,32,True
2025-05,2025-06,NPG16,SPAMEDICA CHELMSFORD,208,228,20,True
2025-05,2025-06,NPG17,SPAMEDICA PRESTON,158,184,26,True
2025-05,2025-06,NPG18,SPAMEDICA HULL,262,241,-21,True
2025-05,2025-06,NPG19,SPAMEDICA BEDFORD,161,180,19,True
2025-05,2025-06,NPG20,SPAMEDICA WOLVERHAMPTON,261,320,59,True
2025-05,2025-06,NPG21,SPAMEDICA COVENTRY,206,255,49,True
2025-05,2025-06,NPG22,SPAMEDICA STOCKTON-ON-TEES,211,263,52,True
2025-05,2025-06,NPG23,SPAMEDICA DERBY,205,226,21,True
2025-05,2025-06,NPR01,ABOUT HEALTH HQ,1678,1453,-225,True
2025-05,2025-06,NQH,NOVUS HEALTH LTD,671,378,-293,True
2025-05,2025-06,NQM01,ORTHOPAEDICS & SPINE SPECIALIST HOSPITAL SITE,207,159,-48,True
2025-05,2025-06,NQT5K,ST MARTINS HOSPITAL,0,135,135,False
2025-05,2025-06,NQX,PROVIDE ENTERPRISES,98,103,5,True
2025-05,2025-06,NR5,LIVEWELL SOUTHWEST,69,75,6,True
2025-05,2025-06,NRF,UNIVERSITY OF SOUTHAMPTON AUDITORY IMPLANT SERVICE,189,180,-9,True
2025-05,2025-06,NRL,HEART NETWORKS,323,540,217,True
2025-05,2025-06,NRP,BEACON MEDICAL SERVICES GROUP LIMITED,352,728,376,True
2025-05,2025-06,NT202,"NUFFIELD HEALTH, BOURNEMOUTH HOSPITAL",534,577,43,True
2025-05,2025-06,NT204,"NUFFIELD HEALTH, BRENTWOOD HOSPITAL",1677,1621,-56,True
2025-05,2025-06,NT205,"NUFFIELD HEALTH, BRIGHTON HOSPITAL",755,893,138,True
2025-05,2025-06,NT206,"NUFFIELD HEALTH, BRISTOL HOSPITAL (CHESTERFIELD)",457,531,74,True
2025-05,2025-06,NT209,"NUFFIELD HEALTH, CAMBRIDGE HOSPITAL",373,343,-30,True
2025-05,2025-06,NT210,"NUFFIELD HEALTH, THE GROSVENOR HOSPITAL, CHESTER",340,341,1,True
2025-05,2025-06,NT211,"NUFFIELD HEALTH, CHELTENHAM HOSPITAL",29,43,14,True
2025-05,2025-06,NT212,"NUFFIELD HEALTH, CHICHESTER HOSPITAL",1395,1363,-32,True
2025-05,2025-06,NT213,"NUFFIELD HEALTH, DERBY HOSPITAL",1139,1095,-44,True
2025-05,2025-06,NT214,"NUFFIELD HEALTH, WESSEX HOSPITAL",572,590,18,True
2025-05,2025-06,NT215,"NUFFIELD HEALTH, EXETER HOSPITAL",520,585,65,True
2025-05,2025-06,NT218,"NUFFIELD HEALTH, HAYWARDS HEATH HOSPITAL",392,382,-10,True
2025-05,2025-06,NT219,"NUFFIELD HEALTH, HEREFORD HOSPITAL",212,266,54,True
2025-05,2025-06,NT224,"NUFFIELD HEALTH, WARWICKSHIRE HOSPITAL",310,341,31,True
2025-05,2025-06,NT225,"NUFFIELD HEALTH, LEEDS HOSPITAL",1514,1557,43,True
2025-05,2025-06,NT226,"NUFFIELD HEALTH, LEICESTER HOSPITAL",516,455,-61,True
2025-05,2025-06,NT229,"NUFFIELD HEALTH, NEWCASTLE UPON TYNE HOSPITAL",596,584,-12,True
2025-05,2025-06,NT230,"NUFFIELD HEALTH, NORTH STAFFORDSHIRE HOSPITAL",1527,1614,87,True
2025-05,2025-06,NT233,"NUFFIELD HEALTH, PLYMOUTH HOSPITAL",996,902,-94,True
2025-05,2025-06,NT235,"NUFFIELD HEALTH, SHREWSBURY HOSPITAL",179,142,-37,True
2025-05,2025-06,NT237,"NUFFIELD HEALTH, TEES HOSPITAL",1183,1192,9,True
2025-05,2025-06,NT238,"NUFFIELD HEALTH, TAUNTON HOSPITAL",279,254,-25,True
2025-05,2025-06,NT239,"NUFFIELD HEALTH, TUNBRIDGE WELLS HOSPITAL",222,194,-28,True
2025-05,2025-06,NT241,"NUFFIELD HEALTH, WOKING HOSPITAL",536,472,-64,True
2025-05,2025-06,NT242,"NUFFIELD HEALTH, WOLVERHAMPTON HOSPITAL",455,490,35,True
2025-05,2025-06,NT244,NUFFIELD HOSPITAL OXFORD (THE MANOR),119,103,-16,True
2025-05,2025-06,NT245,"NUFFIELD HEALTH, YORK HOSPITAL",624,715,91,True
2025-05,2025-06,NT301,SPIRE SOUTH BANK HOSPITAL,803,792,-11,True
2025-05,2025-06,NT302,SPIRE BRISTOL HOSPITAL,741,775,34,True
2025-05,2025-06,NT304,SPIRE SOUTHAMPTON HOSPITAL,578,573,-5,True
2025-05,2025-06,NT305,SPIRE PORTSMOUTH HOSPITAL,355,376,21,True
2025-05,2025-06,NT308,SPIRE GATWICK PARK HOSPITAL,994,1141,147,True
2025-05,2025-06,NT30A,SPIRE NOTTINGHAM HOSPITAL,490,522,32,True
2025-05,2025-06,NT312,SPIRE ALEXANDRA HOSPITAL,1438,1476,38,True
2025-05,2025-06,NT313,SPIRE WELLESLEY HOSPITAL,1192,1329,137,True
2025-05,2025-06,NT314,SPIRE LONDON EAST,2317,2229,-88,True
2025-05,2025-06,NT315,SPIRE BUSHEY HOSPITAL,800,828,28,True
2025-05,2025-06,NT316,SPIRE HARPENDEN HOSPITAL,496,488,-8,True
2025-05,2025-06,NT317,SPIRE CAMBRIDGE LEA HOSPITAL,383,394,11,True
2025-05,2025-06,NT318,SPIRE NORWICH HOSPITAL,513,544,31,True
2025-05,2025-06,NT319,SPIRE HARTSWOOD HOSPITAL,1426,1410,-16,True
2025-05,2025-06,NT320,SPIRE PARKWAY HOSPITAL,1235,1260,25,True
2025-05,2025-06,NT321,SPIRE LITTLE ASTON HOSPITAL,1606,1538,-68,True
2025-05,2025-06,NT322,SPIRE LEICESTER HOSPITAL,657,696,39,True
2025-05,2025-06,NT324,SPIRE CHESHIRE HOSPITAL,1326,1369,43,True
2025-05,2025-06,NT325,SPIRE MURRAYFIELD HOSPITAL,559,538,-21,True
2025-05,2025-06,NT327,SPIRE MANCHESTER HOSPITAL,1061,1132,71,True
2025-05,2025-06,NT332,SPIRE LEEDS HOSPITAL,868,971,103,True
2025-05,2025-06,NT333,SPIRE WASHINGTON HOSPITAL,1374,1388,14,True
2025-05,2025-06,NT337,SPIRE LIVERPOOL HOSPITAL,3111,3353,242,True
2025-05,2025-06,NT339,SPIRE REGENCY HOSPITAL,1658,1690,32,True
2025-05,2025-06,NT343,SPIRE THAMES VALLEY HOSPITAL,352,469,117,True
2025-05,2025-06,NT344,SPIRE DUNEDIN HOSPITAL,246,221,-25,True
2025-05,2025-06,NT345,SPIRE CLARE PARK HOSPITAL,372,384,12,True
2025-05,2025-06,NT347,SPIRE FYLDE COAST HOSPITAL,3489,4024,535,True
2025-05,2025-06,NT348,SPIRE ELLAND HOSPITAL,1316,1447,131,True
2025-05,2025-06,NT350,SPIRE METHLEY PARK HOSPITAL,1245,1358,113,True
2025-05,2025-06,NT351,SPIRE HULL AND EAST RIDING HOSPITAL,2406,2210,-196,True
2025-05,2025-06,NT364,SPIRE MONTEFIORE HOSPITAL,1327,1113,-214,True
2025-05,2025-06,NT3X3,SPIRE ST ANTHONY'S HOSPITAL,973,985,12,True
2025-05,2025-06,NT401,ALEXANDRA HOSPITAL,774,806,32,True
2025-05,2025-06,NT402,BATH CLINIC,789,782,-7,True
2025-05,2025-06,NT403,BEARDWOOD HOSPITAL,2532,2495,-37,True
2025-05,2025-06,NT404,BEAUMONT HOSPITAL,2313,2608,295,True
2025-05,2025-06,NT405,BISHOPS WOOD HOSPITAL,559,569,10,True
2025-05,2025-06,NT406,BLACKHEATH HOSPITAL,1482,1466,-16,True
2025-05,2025-06,NT408,CHAUCER HOSPITAL,784,806,22,True
2025-05,2025-06,NT409,CHELSFIELD PARK HOSPITAL,691,741,50,True
2025-05,2025-06,NT410,CHILTERN HOSPITAL,482,451,-31,True
2025-05,2025-06,NT411,CLEMENTINE CHURCHILL HOSPITAL,1955,2022,67,True
2025-05,2025-06,NT412,DROITWICH SPA HOSPITAL,1788,1745,-43,True
2025-05,2025-06,NT416,HENDON HOSPITAL,1226,1455,229,True
2025-05,2025-06,NT417,GORING HALL HOSPITAL,1107,1072,-35,True
2025-05,2025-06,NT418,HAMPSHIRE CLINIC,246,243,-3,True
2025-05,2025-06,NT419,HARBOUR HOSPITAL,145,143,-2,True
2025-05,2025-06,NT420,HIGHFIELD HOSPITAL,985,1001,16,True
2025-05,2025-06,NT421,KINGS OAK HOSPITAL,952,984,32,True
2025-05,2025-06,NT422,LONDON INDEPENDENT HOSPITAL,3642,3744,102,True
2025-05,2025-06,NT423,MANOR HOSPITAL,842,831,-11,True
2025-05,2025-06,NT424,MERIDEN HOSPITAL,1947,1901,-46,True
2025-05,2025-06,NT427,PARK HOSPITAL,1168,1178,10,True
2025-05,2025-06,NT428,PRINCESS MARGARET HOSPITAL,109,94,-15,True
2025-05,2025-06,NT429,PRIORY HOSPITAL,793,698,-95,True
2025-05,2025-06,NT430,RIDGEWAY HOSPITAL,341,308,-33,True
2025-05,2025-06,NT431,RUNNYMEDE HOSPITAL,87,82,-5,True
2025-05,2025-06,NT433,SARUM ROAD HOSPITAL,362,376,14,True
2025-05,2025-06,NT434,SAXON CLINIC,599,594,-5,True
2025-05,2025-06,NT435,SHELBURNE HOSPITAL,150,150,0,True
2025-05,2025-06,NT436,SHIRLEY OAKS HOSPITAL,774,760,-14,True
2025-05,2025-06,NT437,SLOANE HOSPITAL,795,864,69,True
2025-05,2025-06,NT440,THORNBURY HOSPITAL,616,616,0,True
2025-05,2025-06,NT441,THREE SHIRES HOSPITAL,3340,3453,113,True
2025-05,2025-06,NT443,WINTERBOURNE HOSPITAL,283,286,3,True
2025-05,2025-06,NT445,EDGBASTON HOSPITAL,1,1,0,True
2025-05,2025-06,NT446,ST EDMUNDS HOSPITAL,673,652,-21,True
2025-05,2025-06,NT447,DUCHY HOSPITAL,495,491,-4,True
2025-05,2025-06,NT448,HUDDERSFIELD PRIVATE HOSPITAL,587,592,5,True
2025-05,2025-06,NT449,LANCASTER PRIVATE HOSPITAL,420,422,2,True
2025-05,2025-06,NT450,LINCOLN PRIVATE HOSPITAL,1215,1261,46,True
2025-05,2025-06,NT451,CAVELL HOSPITAL,1428,1352,-76,True
2025-05,2025-06,NT455,MOUNT ALVERNIA HOSPITAL,219,239,20,True
2025-05,2025-06,NT457,WOODLANDS HOSPITAL,2108,2053,-55,True
2025-05,2025-06,NT490,SOUTHEND PRIVATE HOSPITAL,1343,1460,117,True
2025-05,2025-06,NTE02,ST HUGH'S HOSPITAL,2593,2421,-172,True
2025-05,2025-06,NTP11,PRACTICE PLUS GROUP HOSPITAL - SOUTHAMPTON,8073,8074,1,True
2025-05,2025-06,NTP13,PRACTICE PLUS GROUP HOSPITAL - BARLBOROUGH,2064,2168,104,True
2025-05,2025-06,NTP15,PRACTICE PLUS GROUP HOSPITAL - ILFORD,5626,5530,-96,True
2025-05,2025-06,NTP16,PRACTICE PLUS GROUP SURGICAL CENTRE - GILLINGHAM,961,1056,95,True
2025-05,2025-06,NTPAD,PRACTICE PLUS GROUP SURGICAL CENTRE - ST MARYS PORTSMOUTH,1879,2113,234,True
2025-05,2025-06,NTPAE,PRACTICE PLUS GROUP OPHTHALMOLOGY - NORTH WEST,1791,2170,379,True
2025-05,2025-06,NTPH1,PRACTICE PLUS GROUP HOSPITAL - SHEPTON MALLET,2493,2505,12,True
2025-05,2025-06,NTPH2,PRACTICE PLUS GROUP HOSPITAL - EMERSONS GREEN,5455,5421,-34,True
2025-05,2025-06,NTPH3,PRACTICE PLUS GROUP SURGICAL CENTRE - DEVIZES,3003,2836,-167,True
2025-05,2025-06,NTPH5,PRACTICE PLUS GROUP HOSPITAL - PLYMOUTH,1357,1669,312,True
2025-05,2025-06,NTX,THE ONE HEALTH GROUP PLC,4443,4255,-188,True
2025-05,2025-06,NV1,INHEALTH LIMITED,2681,2047,-634,True
2025-05,2025-06,NVC01,ASHTEAD HOSPITAL,796,850,54,True
2025-05,2025-06,NVC02,THE BERKSHIRE INDEPENDENT HOSPITAL,1184,1143,-41,True
2025-05,2025-06,NVC04,DUCHY HOSPITAL,2051,2020,-31,True
2025-05,2025-06,NVC05,EUXTON HALL HOSPITAL,2950,3125,175,True
2025-05,2025-06,NVC06,FITZWILLIAM HOSPITAL,5877,5940,63,True
2025-05,2025-06,NVC07,FULWOOD HALL HOSPITAL,5280,5596,316,True
2025-05,2025-06,NVC08,MOUNT STUART HOSPITAL,2000,1975,-25,True
2025-05,2025-06,NVC09,NEW HALL HOSPITAL,3369,3433,64,True
2025-05,2025-06,NVC0I,BEACON PARK HOSPITAL,938,915,-23,True
2025-05,2025-06,NVC0R,TEES VALLEY HOSPITAL,3898,4151,253,True
2025-05,2025-06,NVC0Y,EXETER MEDICAL,376,388,12,True
2025-05,2025-06,NVC11,NORTH DOWNS HOSPITAL,1590,1616,26,True
2025-05,2025-06,NVC12,OAKLANDS HOSPITAL,4107,4282,175,True
2025-05,2025-06,NVC13,OAKS HOSPITAL,669,729,60,True
2025-05,2025-06,NVC14,PARK HILL HOSPITAL,766,823,57,True
2025-05,2025-06,NVC15,PINEHILL HOSPITAL,1287,1334,47,True
2025-05,2025-06,NVC16,RENACRES HOSPITAL,4370,4596,226,True
2025-05,2025-06,NVC17,ROWLEY HALL HOSPITAL,2337,2440,103,True
2025-05,2025-06,NVC18,SPRINGFIELD HOSPITAL,4455,4708,253,True
2025-05,2025-06,NVC19,RIVERS HOSPITAL,3992,4077,85,True
2025-05,2025-06,NVC1H,STOURSIDE HOSPITAL,3021,2938,-83,True
2025-05,2025-06,NVC20,THE YORKSHIRE CLINIC,7359,7275,-84,True
2025-05,2025-06,NVC21,WEST MIDLANDS HOSPITAL,807,834,27,True
2025-05,2025-06,NVC22,WINFIELD HOSPITAL,1560,1594,34,True
2025-05,2025-06,NVC23,WOODLAND HOSPITAL,4691,4674,-17,True
2025-05,2025-06,NVC25,THE CHERWELL HOSPITAL,2319,2284,-35,True
2025-05,2025-06,NVC27,BOSTON WEST HOSPITAL,1547,1629,82,True
2025-05,2025-06,NVC28,CLIFTON PARK HOSPITAL,1657,1684,27,True
2025-05,2025-06,NVC29,COBALT HOSPITAL,1719,1700,-19,True
2025-05,2025-06,NVC31,BLAKELANDS HOSPITAL,2324,2290,-34,True
2025-05,2025-06,NVC40,WOODTHORPE HOSPITAL,3373,3516,143,True
2025-05,2025-06,NVC44,THE WESTBOURNE CENTRE,3316,3384,68,True
2025-05,2025-06,NVL,DMC DERMATOLOGY,189,199,10,True
2025-05,2025-06,NVM,EPSOMEDICAL GROUP,2680,2568,-112,True
2025-05,2025-06,NWF01,BENENDEN HOSPITAL,1419,1488,69,True
2025-05,2025-06,NWV01,GP CARE UK,643,587,-56,True
2025-05,2025-06,NX5,ANGLIA COMMUNITY EYE SERVICE LTD,1754,1756,2,True
2025-05,2025-06,NXM01,THE HORDER CENTRE - ST JOHNS ROAD,1154,1047,-107,True
2025-05,2025-06,NXP,INDEPENDENT HEALTH GROUP,1137,1052,-85,True
2025-05,2025-06,NYG,SUSSEX COMMUNITY DERMATOLOGY SERVICE,14798,15658,860,True
2025-05,2025-06,NYR,HEALTHSHARE DIAGNOSTICS,1979,2352,373,True
2025-05,2025-06,O1P6X,SPAMEDICA OLDHAM,252,303,51,True
2025-05,2025-06,O5Y9D,SPAMEDICA OXFORD,118,160,42,True
2025-05,2025-06,O6X7Z,SPAMEDICA CAMBRIDGE,97,145,48,True
2025-05,2025-06,P0C3F,SPAMEDICA LEEDS,119,115,-4,True
2025-05,2025-06,P1B7M,SPAMEDICA BRISTOL,102,149,47,True
2025-05,2025-06,P5Y6K,NEWMEDICA - SHREWSBURY,193,207,14,True
2025-05,2025-06,Q1W6P,SPAMEDICA WATFORD,151,149,-2,True
2025-05,2025-06,Q2Y5H,OVIVA UK LTD,5988,7617,1629,True
2025-05,2025-06,Q8X0X,SPAMEDICA ISLE OF WIGHT COMMUNITY DIAGNOSTIC & TREATMENT CENTRE,28,32,4,True
2025-05,2025-06,R0A,MANCHESTER UNIVERSITY NHS FOUNDATION TRUST,190129,186865,-3264,True
2025-05,2025-06,R0B,SOUTH TYNESIDE AND SUNDERLAND NHS FOUNDATION TRUST,57665,58022,357,True
2025-05,2025-06,R0D,UNIVERSITY HOSPITALS DORSET NHS FOUNDATION TRUST,62246,62683,437,True
2025-05,2025-06,R0F4N,NUFFIELD HEALTH PARKSIDE HOSPITAL,1076,1010,-66,True
2025-05,2025-06,R1A,HEREFORDSHIRE AND WORCESTERSHIRE HEALTH AND CARE NHS TRUST,120,119,-1,True
2025-05,2025-06,R1D,SHROPSHIRE COMMUNITY HEALTH NHS TRUST,9218,8907,-311,True
2025-05,2025-06,R1F,ISLE OF WIGHT NHS TRUST,13596,13948,352,True
2025-05,2025-06,R1G7E,SPAMEDICA KENDAL,172,180,8,True
2025-05,2025-06,R1H,BARTS HEALTH NHS TRUST,135110,134686,-424,True
2025-05,2025-06,R1K,LONDON NORTH WEST UNIVERSITY HEALTHCARE NHS TRUST,84816,86363,1547,True
2025-05,2025-06,R3I5E,NEWMEDICA -TELFORD,1,1,0,True
2025-05,2025-06,R7W2O,NEWCASTLE NEWMEDICA LTD,296,404,108,True
2025-05,2025-06,RA2,ROYAL SURREY COUNTY HOSPITAL NHS FOUNDATION TRUST,29637,30202,565,True
2025-05,2025-06,RA7,UNIVERSITY HOSPITALS BRISTOL AND WESTON NHS FOUNDATION TRUST,55232,55123,-109,True
2025-05,2025-06,RA9,TORBAY AND SOUTH DEVON NHS FOUNDATION TRUST,33943,33261,-682,True
2025-05,2025-06,RAE,BRADFORD TEACHING HOSPITALS NHS FOUNDATION TRUST,32563,32915,352,True
2025-05,2025-06,RAJ,MID AND SOUTH ESSEX NHS FOUNDATION TRUST,174486,172378,-2108,True
2025-05,2025-06,RAL,ROYAL FREE LONDON NHS FOUNDATION TRUST,146383,146110,-273,True
2025-05,2025-06,RAN,ROYAL NATIONAL ORTHOPAEDIC HOSPITAL NHS TRUST,8639,8668,29,True
2025-05,2025-06,RAS,THE HILLINGDON HOSPITALS NHS FOUNDATION TRUST,30440,31200,760,True
2025-05,2025-06,RAX,KINGSTON AND RICHMOND NHS FOUNDATION TRUST,41940,41698,-242,True
2025-05,2025-06,RBD,DORSET COUNTY HOSPITAL NHS FOUNDATION TRUST,22628,22411,-217,True
2025-05,2025-06,RBK,WALSALL HEALTHCARE NHS TRUST,28387,28037,-350,True
2025-05,2025-06,RBL,WIRRAL UNIVERSITY TEACHING HOSPITAL NHS FOUNDATION TRUST,45691,46939,1248,True
2025-05,2025-06,RBN,MERSEY AND WEST LANCASHIRE TEACHING HOSPITALS NHS TRUST,75064,74425,-639,True
2025-05,2025-06,RBQ,LIVERPOOL HEART AND CHEST HOSPITAL NHS FOUNDATION TRUST,5412,5111,-301,True
2025-05,2025-06,RBS,ALDER HEY CHILDREN'S NHS FOUNDATION TRUST,19022,18292,-730,True
2025-05,2025-06,RBT,MID CHESHIRE HOSPITALS NHS FOUNDATION TRUST,36241,39213,2972,True
2025-05,2025-06,RBV,THE CHRISTIE NHS FOUNDATION TRUST,2834,2766,-68,True
2025-05,2025-06,RC9,BEDFORDSHIRE HOSPITALS NHS FOUNDATION TRUST,92036,88282,-3754,True
2025-05,2025-06,RCB,YORK AND SCARBOROUGH TEACHING HOSPITALS NHS FOUNDATION TRUST,51401,53156,1755,True
2025-05,2025-06,RCD,HARROGATE AND DISTRICT NHS FOUNDATION TRUST,20074,19927,-147,True
2025-05,2025-06,RCF,AIREDALE NHS FOUNDATION TRUST,13738,13846,108,True
2025-05,2025-06,RCU,SHEFFIELD CHILDREN'S NHS FOUNDATION TRUST,12382,12187,-195,True
2025-05,2025-06,RCX,"THE QUEEN ELIZABETH HOSPITAL, KING'S LYNN, NHS FOUNDATION TRUST",27301,27265,-36,True
2025-05,2025-06,RD1,ROYAL UNITED HOSPITALS BATH NHS FOUNDATION TRUST,41870,41848,-22,True
2025-05,2025-06,RD8,MILTON KEYNES UNIVERSITY HOSPITAL NHS FOUNDATION TRUST,32108,33513,1405,True
2025-05,2025-06,RDE,EAST SUFFOLK AND NORTH ESSEX NHS FOUNDATION TRUST,91062,92050,988,True
2025-05,2025-06,RDR,SUSSEX COMMUNITY NHS FOUNDATION TRUST,12005,13327,1322,True
2025-05,2025-06,RDU,FRIMLEY HEALTH NHS FOUNDATION TRUST,74488,74184,-304,True
2025-05,2025-06,REF,ROYAL CORNWALL HOSPITALS NHS TRUST,41446,40614,-832,True
2025-05,2025-06,REM,LIVERPOOL UNIVERSITY HOSPITALS NHS FOUNDATION TRUST,68585,68055,-530,True
2025-05,2025-06,REN,THE CLATTERBRIDGE CANCER CENTRE NHS FOUNDATION TRUST,1095,1112,17,True
2025-05,2025-06,REP,LIVERPOOL WOMEN'S NHS FOUNDATION TRUST,16106,16290,184,True
2025-05,2025-06,RET,THE WALTON CENTRE NHS FOUNDATION TRUST,14381,14248,-133,True
2025-05,2025-06,RF4,"BARKING, HAVERING AND REDBRIDGE UNIVERSITY HOSPITALS NHS TRUST",56084,56931,847,True
2025-05,2025-06,RFF,BARNSLEY HOSPITAL NHS FOUNDATION TRUST,26038,25499,-539,True
2025-05,2025-06,RFR,THE ROTHERHAM NHS FOUNDATION TRUST,31187,30954,-233,True
2025-05,2025-06,RFS,CHESTERFIELD ROYAL HOSPITAL NHS FOUNDATION TRUST,31247,31524,277,True
2025-05,2025-06,RGM,ROYAL PAPWORTH HOSPITAL NHS FOUNDATION TRUST,6796,6648,-148,True
2025-05,2025-06,RGN,NORTH WEST ANGLIA NHS FOUNDATION TRUST,76648,76252,-396,True
2025-05,2025-06,RGP,JAMES PAGET UNIVERSITY HOSPITALS NHS FOUNDATION TRUST,34818,34615,-203,True
2025-05,2025-06,RGR,WEST SUFFOLK NHS FOUNDATION TRUST,35087,35129,42,True
2025-05,2025-06,RGT,CAMBRIDGE UNIVERSITY HOSPITALS NHS FOUNDATION TRUST,65216,66129,913,True
2025-05,2025-06,RH5,SOMERSET NHS FOUNDATION TRUST,57026,57390,364,True
2025-05,2025-06,RH8,ROYAL DEVON UNIVERSITY HEALTHCARE NHS FOUNDATION TRUST,72905,73740,835,True
2025-05,2025-06,RHM,UNIVERSITY HOSPITAL SOUTHAMPTON NHS FOUNDATION TRUST,62941,62639,-302,True
2025-05,2025-06,RHQ,SHEFFIELD TEACHING HOSPITALS NHS FOUNDATION TRUST,92037,91256,-781,True
2025-05,2025-06,RHU,PORTSMOUTH HOSPITALS UNIVERSITY NHS TRUST,58937,59029,92,True
2025-05,2025-06,RHW,ROYAL BERKSHIRE NHS FOUNDATION TRUST,37618,36524,-1094,True
2025-05,2025-06,RJ1,GUY'S AND ST THOMAS' NHS FOUNDATION TRUST,120095,118688,-1407,True
2025-05,2025-06,RJ2,LEWISHAM AND GREENWICH NHS TRUST,53057,53026,-31,True
2025-05,2025-06,RJ6,CROYDON HEALTH SERVICES NHS TRUST,36105,36632,527,True
2025-05,2025-06,RJ7,ST GEORGE'S UNIVERSITY HOSPITALS NHS FOUNDATION TRUST,70264,71047,783,True
2025-05,2025-06,RJ8,CORNWALL PARTNERSHIP NHS FOUNDATION TRUST,491,449,-42,True
2025-05,2025-06,RJC,SOUTH WARWICKSHIRE UNIVERSITY NHS FOUNDATION TRUST,32641,33389,748,True
2025-05,2025-06,RJE,UNIVERSITY HOSPITALS OF NORTH MIDLANDS NHS TRUST,64230,64546,316,True
2025-05,2025-06,RJL,NORTHERN LINCOLNSHIRE AND GOOLE NHS FOUNDATION TRUST,40574,39592,-982,True
2025-05,2025-06,RJN,EAST CHESHIRE NHS TRUST,13427,14121,694,True
2025-05,2025-06,RJR,COUNTESS OF CHESTER HOSPITAL NHS FOUNDATION TRUST,33721,34246,525,True
2025-05,2025-06,RJZ,KING'S COLLEGE HOSPITAL NHS FOUNDATION TRUST,83623,84437,814,True
2025-05,2025-06,RK5,SHERWOOD FOREST HOSPITALS NHS FOUNDATION TRUST,34691,35440,749,True
2025-05,2025-06,RK9,UNIVERSITY HOSPITALS PLYMOUTH NHS TRUST,47995,48276,281,True
2025-05,2025-06,RKB,UNIVERSITY HOSPITALS COVENTRY AND WARWICKSHIRE NHS TRUST,80363,76987,-3376,True
2025-05,2025-06,RKE,WHITTINGTON HEALTH NHS TRUST,25318,25317,-1,True
2025-05,2025-06,RL1,THE ROBERT JONES AND AGNES HUNT ORTHOPAEDIC HOSPITAL NHS FOUNDATION TRUST,17280,17324,44,True
2025-05,2025-06,RL4,THE ROYAL WOLVERHAMPTON NHS TRUST,80113,79749,-364,True
2025-05,2025-06,RLQ,WYE VALLEY NHS TRUST,23567,22842,-725,True
2025-05,2025-06,RLT,GEORGE ELIOT HOSPITAL NHS TRUST,20574,20279,-295,True
2025-05,2025-06,RM1,NORFOLK AND NORWICH UNIVERSITY HOSPITALS NHS FOUNDATION TRUST,80428,80826,398,True
2025-05,2025-06,RM3,NORTHERN CARE ALLIANCE NHS FOUNDATION TRUST,137853,136427,-1426,True
2025-05,2025-06,RMC,BOLTON NHS FOUNDATION TRUST,37308,37252,-56,True
2025-05,2025-06,RMP,TAMESIDE AND GLOSSOP INTEGRATED CARE NHS FOUNDATION TRUST,17152,17017,-135,True
2025-05,2025-06,RN3,GREAT WESTERN HOSPITALS NHS FOUNDATION TRUST,37467,38213,746,True
2025-05,2025-06,RN5,HAMPSHIRE HOSPITALS NHS FOUNDATION TRUST,51517,50346,-1171,True
2025-05,2025-06,RN7,DARTFORD AND GRAVESHAM NHS TRUST,31852,32577,725,True
2025-05,2025-06,RNA,THE DUDLEY GROUP NHS FOUNDATION TRUST,46110,46663,553,True
2025-05,2025-06,RNN,NORTH CUMBRIA INTEGRATED CARE NHS FOUNDATION TRUST,38066,38030,-36,True
2025-05,2025-06,RNQ,KETTERING GENERAL HOSPITAL NHS FOUNDATION TRUST,25654,24955,-699,True
2025-05,2025-06,RNS,NORTHAMPTON GENERAL HOSPITAL NHS TRUST,40816,42422,1606,True
2025-05,2025-06,RNZ,SALISBURY NHS FOUNDATION TRUST,29229,29121,-108,True
2025-05,2025-06,RP4,GREAT ORMOND STREET HOSPITAL FOR CHILDREN NHS FOUNDATION TRUST,8342,8092,-250,True
2025-05,2025-06,RP5,DONCASTER AND BASSETLAW TEACHING HOSPITALS NHS FOUNDATION TRUST,54887,55406,519,True
2025-05,2025-06,RP6,MOORFIELDS EYE HOSPITAL NHS FOUNDATION TRUST,33142,34491,1349,True
2025-05,2025-06,RP7,LINCOLNSHIRE PARTNERSHIP NHS FOUNDATION TRUST,41,44,3,True
2025-05,2025-06,RPA,MEDWAY NHS FOUNDATION TRUST,40087,39993,-94,True
2025-05,2025-06,RPC,QUEEN VICTORIA HOSPITAL NHS FOUNDATION TRUST,17624,17869,245,True
2025-05,2025-06,RPG,OXLEAS NHS FOUNDATION TRUST,1940,1892,-48,True
2025-05,2025-06,RPY,THE ROYAL MARSDEN NHS FOUNDATION TRUST,2013,1965,-48,True
2025-05,2025-06,RQ3,BIRMINGHAM WOMEN'S AND CHILDREN'S NHS FOUNDATION TRUST,27419,28273,854,True
2025-05,2025-06,RQM,CHELSEA AND WESTMINSTER HOSPITAL NHS FOUNDATION TRUST,66784,70301,3517,True
2025-05,2025-06,RQW,THE PRINCESS ALEXANDRA HOSPITAL NHS TRUST,49592,48443,-1149,True
2025-05,2025-06,RQX,HOMERTON HEALTHCARE NHS FOUNDATION TRUST,36209,36119,-90,True
2025-05,2025-06,RR7,GATESHEAD HEALTH NHS FOUNDATION TRUST,12930,13202,272,True
2025-05,2025-06,RR8,LEEDS TEACHING HOSPITALS NHS TRUST,88144,88152,8,True
2025-05,2025-06,RRE,MIDLANDS PARTNERSHIP UNIVERSITY NHS FOUNDATION TRUST,6655,7393,738,True
2025-05,2025-06,RRF,"WRIGHTINGTON, WIGAN AND LEIGH NHS FOUNDATION TRUST",50200,49368,-832,True
2025-05,2025-06,RRJ,THE ROYAL ORTHOPAEDIC HOSPITAL NHS FOUNDATION TRUST,12798,12954,156,True
2025-05,2025-06,RRK,UNIVERSITY HOSPITALS BIRMINGHAM NHS FOUNDATION TRUST,105437,104142,-1295,True
2025-05,2025-06,RRV,UNIVERSITY COLLEGE LONDON HOSPITALS NHS FOUNDATION TRUST,74831,72181,-2650,True
2025-05,2025-06,RT1,CAMBRIDGESHIRE AND PETERBOROUGH NHS FOUNDATION TRUST,316,333,17,True
2025-05,2025-06,RTD,THE NEWCASTLE UPON TYNE HOSPITALS NHS FOUNDATION TRUST,89269,88950,-319,True
2025-05,2025-06,RTE,GLOUCESTERSHIRE HOSPITALS NHS FOUNDATION TRUST,62970,60281,-2689,True
2025-05,2025-06,RTF,NORTHUMBRIA HEALTHCARE NHS FOUNDATION TRUST,36395,36625,230,True
2025-05,2025-06,RTG,UNIVERSITY HOSPITALS OF DERBY AND BURTON NHS FOUNDATION TRUST,106838,100955,-5883,True
2025-05,2025-06,RTH,OXFORD UNIVERSITY HOSPITALS NHS FOUNDATION TRUST,86588,86825,237,True
2025-05,2025-06,RTK,ASHFORD AND ST PETER'S HOSPITALS NHS FOUNDATION TRUST,57383,55342,-2041,True
2025-05,2025-06,RTP,SURREY AND SUSSEX HEALTHCARE NHS TRUST,51824,52412,588,True
2025-05,2025-06,RTR,SOUTH TEES HOSPITALS NHS FOUNDATION TRUST,56476,56521,45,True
2025-05,2025-06,RTX,UNIVERSITY HOSPITALS OF MORECAMBE BAY NHS FOUNDATION TRUST,34698,35035,337,True
2025-05,2025-06,RVJ,NORTH BRISTOL NHS TRUST,43845,43915,70,True
2025-05,2025-06,RVR,EPSOM AND ST HELIER UNIVERSITY HOSPITALS NHS TRUST,53899,56109,2210,True
2025-05,2025-06,RVV,EAST KENT HOSPITALS UNIVERSITY NHS FOUNDATION TRUST,82135,80689,-1446,True
2025-05,2025-06,RVW,NORTH TEES AND HARTLEPOOL NHS FOUNDATION TRUST,20964,20870,-94,True
2025-05,2025-06,RW1,HAMPSHIRE AND ISLE OF WIGHT HEALTHCARE NHS FOUNDATION TRUST,4115,3955,-160,True
2025-05,2025-06,RW4,MERSEY CARE NHS FOUNDATION TRUST,41,29,-12,True
2025-05,2025-06,RW5,LANCASHIRE & SOUTH CUMBRIA NHS FOUNDATION TRUST,2451,2197,-254,True
2025-05,2025-06,RWA,HULL UNIVERSITY TEACHING HOSPITALS NHS TRUST,78224,79235,1011,True
2025-05,2025-06,RWD,UNITED LINCOLNSHIRE TEACHING HOSPITALS NHS TRUST,70183,70363,180,True
2025-05,2025-06,RWE,UNIVERSITY HOSPITALS OF LEICESTER NHS TRUST,106354,109577,3223,True
2025-05,2025-06,RWF,MAIDSTONE AND TUNBRIDGE WELLS NHS TRUST,46988,47980,992,True
2025-05,2025-06,RWG,WEST HERTFORDSHIRE TEACHING HOSPITALS NHS TRUST,47051,46914,-137,True
2025-05,2025-06,RWH,EAST AND NORTH HERTFORDSHIRE NHS TRUST,54387,52513,-1874,True
2025-05,2025-06,RWJ,STOCKPORT NHS FOUNDATION TRUST,34798,34356,-442,True
2025-05,2025-06,RWP,WORCESTERSHIRE ACUTE HOSPITALS NHS TRUST,55079,55488,409,True
2025-05,2025-06,RWW,WARRINGTON AND HALTON TEACHING HOSPITALS NHS FOUNDATION TRUST,33095,32542,-553,True
2025-05,2025-06,RWX,BERKSHIRE HEALTHCARE NHS FOUNDATION TRUST,80,90,10,True
2025-05,2025-06,RWY,CALDERDALE AND HUDDERSFIELD NHS FOUNDATION TRUST,36104,36565,461,True
2025-05,2025-06,RX1,NOTTINGHAM UNIVERSITY HOSPITALS NHS TRUST,83202,81613,-1589,True
2025-05,2025-06,RX4,"CUMBRIA, NORTHUMBERLAND, TYNE AND WEAR NHS FOUNDATION TRUST",199,169,-30,True
2025-05,2025-06,RXC,EAST SUSSEX HEALTHCARE NHS TRUST,61547,61539,-8,True
2025-05,2025-06,RXF,MID YORKSHIRE TEACHING NHS TRUST,56146,56631,485,True
2025-05,2025-06,RXG,SOUTH WEST YORKSHIRE PARTNERSHIP NHS FOUNDATION TRUST,4151,4114,-37,True
2025-05,2025-06,RXK,SANDWELL AND WEST BIRMINGHAM HOSPITALS NHS TRUST,65803,65540,-263,True
2025-05,2025-06,RXL,BLACKPOOL TEACHING HOSPITALS NHS FOUNDATION TRUST,34999,37267,2268,True
2025-05,2025-06,RXN,LANCASHIRE TEACHING HOSPITALS NHS FOUNDATION TRUST,62348,63253,905,True
2025-05,2025-06,RXP,COUNTY DURHAM AND DARLINGTON NHS FOUNDATION TRUST,38913,39405,492,True
2025-05,2025-06,RXQ,BUCKINGHAMSHIRE HEALTHCARE NHS TRUST,49032,49406,374,True
2025-05,2025-06,RXR,EAST LANCASHIRE HOSPITALS NHS TRUST,57654,58187,533,True
2025-05,2025-06,RXW,THE SHREWSBURY AND TELFORD HOSPITAL NHS TRUST,39042,37630,-1412,True
2025-05,2025-06,RYJ,IMPERIAL COLLEGE HEALTHCARE NHS TRUST,86761,88971,2210,True
2025-05,2025-06,RYR,UNIVERSITY HOSPITALS SUSSEX NHS FOUNDATION TRUST,112982,113122,140,True
2025-05,2025-06,RYW,BIRMINGHAM COMMUNITY HEALTHCARE NHS FOUNDATION TRUST,16160,15163,-997,True
2025-05,2025-06,RYY,KENT COMMUNITY HEALTH NHS FOUNDATION TRUST,3808,3708,-100,True
2025-05,2025-06,S1Z4X,NEWMEDICA - BIRMINGHAM,675,687,12,True
2025-05,2025-06,S3H9L,THE HAMPTONS HOSPITAL LTD,2403,2327,-76,True
2025-05,2025-06,S4E3I,MIDLAND EYE (EYE-DOCS LTD),678,766,88,True
2025-05,2025-06,S5E5Y,HCRG CARE DERMATOLOGY THE IRONSTONE CENTRE,0,4534,4534,False
2025-05,2025-06,T4I8V,SPAMEDICA CHESTERFIELD,89,97,8,True
2025-05,2025-06,T8R5I,SPAMEDICA WOKINGHAM,157,169,12,True
2025-05,2025-06,T8V3L,SPAMEDICA DONCASTER,154,165,11,True
2025-05,2025-06,TAD,BRADFORD DISTRICT CARE NHS FOUNDATION TRUST,573,574,1,True
2025-05,2025-06,V4U1Y,SPAMEDICA CHESTER,208,128,-80,True
2025-05,2025-06,V5F1D,SPAMEDICA TELFORD,114,124,10,True
2025-05,2025-06,V8N5R,SPAMEDICA DALSTON,269,279,10,True
2025-05,2025-06,Y8L9S,SPAMEDICA BROMLEY,354,373,19,True
2025-05,2025-06,Y9S1N,FAIRFIELD INDEPENDENT HOSPITAL,2171,2163,-8,True
2025-05,2025-06,Z1E5F,NEWMEDICA - HARROGATE,109,147,38,True
2025-05,2025-06,Z2L9B,NEWMEDICA - MANCHESTER WEST,346,302,-44,True
2025-05,2025-06,Z5J5V,SPAMEDICA HAYDOCK,159,163,4,True
2025-05,2025-06,Z9Z1G,SPAMEDICA GATESHEAD,171,158,-13,True
2025-06,2025-07,A0C5S,SPAMEDICA GLOUCESTER,89,71,-18,True
2025-06,2025-07,A1D1B,SPAMEDICA WEMBLEY,103,145,42,True
2025-06,2025-07,A1U4J,SPAMEDICA PORTSMOUTH,85,87,2,True
2025-06,2025-07,A4M8P,BUCKSHAW HOSPITAL,3225,3316,91,True
2025-06,2025-07,A4Q9X,NEWMEDICA LEICESTER,233,299,66,True
2025-06,2025-07,AAH,TETBURY HOSPITAL TRUST LTD,253,372,119,True
2025-06,2025-07,AAV,COMMUNITY HEALTH AND EYECARE LIMITED,3730,3481,-249,True
2025-06,2025-07,ACG08,NEWMEDICA OPHTHALMOLOGY - NUNEATON - CAMP HILL - GP LED HEALTH CENTRE,16,28,12,True
2025-06,2025-07,ACG12,NEWMEDICA COMMUNITY OPHTHALMOLOGY - NORTH EAST LINCOLNSHIRE - GRIMSBY,782,954,172,True
2025-06,2025-07,ACG13,NEWMEDICA - GLOUCESTER (ASPEN MEDICAL CENTRE),303,290,-13,True
2025-06,2025-07,ACG19,NEWMEDICA COMMUNITY OPHTHALMOLOGY - LEEDS,643,564,-79,True
2025-06,2025-07,ACG20,NEWMEDICA - BRISTOL - LITFIELD HOUSE,274,293,19,True
2025-06,2025-07,ACG22,NEWMEDICA - BRIGG - RIVERSIDE SURGERY,866,902,36,True
2025-06,2025-07,ACG24,NEWMEDICA - TEESSIDE - NORTH ORMESBY,837,889,52,True
2025-06,2025-07,ACG26,NEWMEDICA - NORTH DERBYSHIRE - MIDLAND COURT,964,956,-8,True
2025-06,2025-07,ACG30,NEWMEDICA - WORKSOP - DUKERIES,137,153,16,True
2025-06,2025-07,ACG31,NEWMEDICA - WORCESTER,750,755,5,True
2025-06,2025-07,ACG36,NEWMEDICA - EXETER - GLEN HOUSE,215,205,-10,True
2025-06,2025-07,ACG37,NEWMEDICA - IPSWICH,603,711,108,True
2025-06,2025-07,ACG38,NEWMEDICA - LANGFORD,419,339,-80,True
2025-06,2025-07,ACG39,NEWMEDICA - SWINDON,168,131,-37,True
2025-06,2025-07,ACG40,NEWMEDICA - WAKEFIELD,609,562,-47,True
2025-06,2025-07,ACM,EYE CARE MEDICAL LTD,2,8,6,True
2025-06,2025-07,ADN,PRIMARY INTEGRATED COMMUNITY SERVICES LTD,3102,2908,-194,True
2025-06,2025-07,ADP02,KIMS HOSPITAL (NEWNHAM COURT),1143,1305,162,True
2025-06,2025-07,AHP,ST MICHAEL'S CLINIC LIMITED,1556,1559,3,True
2025-06,2025-07,AJ8,THE GRANGE MEDICAL CENTRE HQ,233,183,-50,True
2025-06,2025-07,AQK,VERNOVA HEALTHCARE COMMUNITY INTEREST COMPANY,286,307,21,True
2025-06,2025-07,AWR,ONE STOP DOCTORS LIMITED,0,13,13,False
2025-06,2025-07,AY1,MEDEFER,640,389,-251,True
2025-06,2025-07,B1A5K,NEWMEDICA - NOTTINGHAM,781,690,-91,True
2025-06,2025-07,B3M1X,CLAREMONT PRIVATE HOSPITAL,2000,2079,79,True
2025-06,2025-07,B4N1U,SPAMEDICA ROMFORD,369,303,-66,True
2025-06,2025-07,B5M7B,NEWMEDICA - NORWICH,863,1010,147,True
2025-06,2025-07,B9J4U,SPAMEDICA PETERBOROUGH,221,178,-43,True
2025-06,2025-07,B9M3W,SPAMEDICA SOUTHAMPTON,491,484,-7,True
2025-06,2025-07,C3Y0A,SPAMEDICA BLACKPOOL,167,158,-9,True
2025-06,2025-07,C5Y9L,NEWMEDICA - BERKSHIRE - BRACKNELL,35,45,10,True
2025-06,2025-07,C9A7J,NEWMEDICA - BRADFORD & HUDDERSFIELD,220,239,19,True
2025-06,2025-07,D3O0Z,PLYMOUTH NEWMEDICA LTD,345,380,35,True
2025-06,2025-07,D5P5H,SPAMEDICA BEXHILL,182,135,-47,True
2025-06,2025-07,DFQ,NORWICH & NORFOLK SURGICAL LTD (N2S),800,856,56,True
2025-06,2025-07,DFY01,COTSWOLDS SURGICAL PARTNERS,131,184,53,True
2025-06,2025-07,DJH01,THE ROYAL BUCKINGHAMSHIRE HOSPITAL LTD,5,3,-2,True
2025-06,2025-07,DPK,THE STONEYGATE EYE HOSPITAL,221,269,48,True
2025-06,2025-07,DTT,PHOENIX PUBLIC HEALTH LTD,263,248,-15,True
2025-06,2025-07,DX1,THE NEW FOSCOTE HOSPITAL LTD,318,334,16,True
2025-06,2025-07,DXV,OMNES HEALTHCARE LTD,9238,10075,837,True
2025-06,2025-07,E1U4T,SPAMEDICA CARLISLE,161,167,6,True
2025-06,2025-07,E3D4A,SPAMEDICA TRURO,173,148,-25,True
2025-06,2025-07,F0R0W,NEWMEDICA - DARLINGTON,32,28,-4,True
2025-06,2025-07,F1Y1H,NEWMEDICA - CHESHIRE OAKS,175,221,46,True
2025-06,2025-07,F7F6D,NEWMEDICA - HERTFORSHIRE - WELWYN GARDEN CITY,177,251,74,True
2025-06,2025-07,F9Z4V,CIRCLE READING HOSPITAL,1685,1712,27,True
2025-06,2025-07,G3O5P,SPAMEDICA NEWARK,296,248,-48,True
2025-06,2025-07,G3Q3Z,NUFFIELD HEALTH HIGHGATE HOSPITAL,805,790,-15,True
2025-06,2025-07,G3Z1Q,SULIS HOSPITAL BATH (FOXCOTE AVENUE),3070,3316,246,True
2025-06,2025-07,G4H0I,NEWMEDICA SUFFOLK - BURY ST EDMUNDS - CLARITY HOUSE,512,530,18,True
2025-06,2025-07,G5X2Q,SPAMEDICA NORTH TYNESIDE,136,140,4,True
2025-06,2025-07,G6S7A,SPAMEDICA TAUNTON,238,190,-48,True
2025-06,2025-07,GEC01,RAPID INVESTIGATION SERVICE,103,139,36,True
2025-06,2025-07,H1T2P,SPAMEDICA SWINDON,84,54,-30,True
2025-06,2025-07,H2K1G,NEWMEDICA - BROMSGROVE,303,309,6,True
2025-06,2025-07,H4I8B,NUFFIELD HEALTH THE HOLLY HOSPITAL,2607,2544,-63,True
2025-06,2025-07,H4J9P,NEWMEDICA AZTEC WEST,722,729,7,True
2025-06,2025-07,I1H7K,SPAMEDICA SALE,67,78,11,True
2025-06,2025-07,I2C7H,SPAMEDICA BRADFORD,178,116,-62,True
2025-06,2025-07,I9A4A,SPAMEDICA BRIGHTON,243,331,88,True
2025-06,2025-07,J0M7P,SPAMEDICA HEREFORD DIAGNOSTIC AND TREATMENT CENTRE,11,22,11,True
2025-06,2025-07,J2H6H,SPAMEDICA COLCHESTER,92,86,-6,True
2025-06,2025-07,J3J8Z,NEWMEDICA - OXFORDSHIRE,545,497,-48,True
2025-06,2025-07,J3X4C,SPAMEDICA WORCESTER,154,113,-41,True
2025-06,2025-07,J7V1N,SPAMEDICA SOLIHULL,187,141,-46,True
2025-06,2025-07,K8I4X,GLENDON WOOD HOSPITAL,1322,1244,-78,True
2025-06,2025-07,K9J3O,SPAMEDICA LUTON,171,144,-27,True
2025-06,2025-07,L0D9W,NEWMEDICA - GLOUCESTER (BRIGHOUSE COURT),985,885,-100,True
2025-06,2025-07,L4R3R,NEWMEDICA - HAMPSHIRE,1362,1457,95,True
2025-06,2025-07,L6O7H,SPAMEDICA POOLE,491,388,-103,True
2025-06,2025-07,L9D3Z,SPAMEDICA LEICESTER,106,107,1,True
2025-06,2025-07,M0N7E,SPAMEDICA SITTINGBOURNE,124,106,-18,True
2025-06,2025-07,M2Y6D,PRACTICE PLUS GROUP HOSPITAL BIRMINGHAM,450,614,164,True
2025-06,2025-07,M3R0W,SPAMEDICA NORWICH,187,180,-7,True
2025-06,2025-07,M4C5R,NEWMEDICA - NORTHAMPTON,555,616,61,True
2025-06,2025-07,M5E1S,SPAMEDICA EXETER,181,118,-63,True
2025-06,2025-07,M7C9Q,SPAMEDICA EPSOM,197,155,-42,True
2025-06,2025-07,M9U8M,ENDOCARE DIAGNOSTICS LTD,129,120,-9,True
2025-06,2025-07,N1N0Y,SPAMEDICA CROYDON,40,50,10,True
2025-06,2025-07,N6Z0R,NEWMEDICA - LINCOLN,55,44,-11,True
2025-06,2025-07,N8R1N,NEWMEDICA - BERKSHIRE,633,715,82,True
2025-06,2025-07,NAM01,PROBUS SURGICAL CENTRE,1234,1262,28,True
2025-06,2025-07,NCN,DMC HEALTHCARE,1710,1601,-109,True
2025-06,2025-07,NCR,ISIGHT,872,1018,146,True
2025-06,2025-07,NDJ,FIRST COMMUNITY HEALTH AND CARE CIC,812,750,-62,True
2025-06,2025-07,NDL01,SUFFOLK GP FEDERATION,83,88,5,True
2025-06,2025-07,NEQ,PHOENIX HEALTH SOLUTIONS LIMITED HQ,647,592,-55,True
2025-06,2025-07,NEY,PIONEER HEALTHCARE LIMITED,1808,1968,160,True
2025-06,2025-07,NFH,SOMERSET SURGICAL SERVICES HQ,919,1112,193,True
2025-06,2025-07,NL3,CARE PLUS GROUP,252,222,-30,True
2025-06,2025-07,NL8,LOCALA COMMUNITY PARTNERSHIPS CIC,832,1091,259,True
2025-06,2025-07,NLE01,LANCASTER HOUSE CONSULTING DIAGNOSTICS SURGICAL LTD HQ,675,344,-331,True
2025-06,2025-07,NLG,COMMUNITAS CLINICS,12115,12836,721,True
2025-06,2025-07,NLX,SIRONA CARE & HEALTH,7682,7769,87,True
2025-06,2025-07,NMG,CONNECT HEALTH LIMITED,16755,16761,6,True
2025-06,2025-07,NN4,TYNESIDE SURGICAL SERVICES LTD,1336,1327,-9,True
2025-06,2025-07,NN5,MANCHESTER SURGICAL SERVICES LTD,352,359,7,True
2025-06,2025-07,NN8,SPENCER PRIVATE HOSPITALS LTD,2971,3053,82,True
2025-06,2025-07,NNE,DORKING HEALTHCARE LIMITED (DHC),5965,6213,248,True
2025-06,2025-07,NNH,OPTEGRA UK,5894,6337,443,True
2025-06,2025-07,NPG01,SPAMEDICA MANCHESTER,217,170,-47,True
2025-06,2025-07,NPG02,SPAMEDICA WIRRAL,198,147,-51,True
2025-06,2025-07,NPG06,SPAMEDICA LIVERPOOL,297,287,-10,True
2025-06,2025-07,NPG07,SPAMEDICA EYE HOSPITAL (WAKEFIELD),242,230,-12,True
2025-06,2025-07,NPG08,SPAMEDICA BOLTON,275,158,-117,True
2025-06,2025-07,NPG10,SPAMEDICA SHEFFIELD,148,111,-37,True
2025-06,2025-07,NPG11,SPAMEDICA BIRMINGHAM,284,260,-24,True
2025-06,2025-07,NPG13,SPAMEDICA SKELMERSDALE,130,77,-53,True
2025-06,2025-07,NPG14,SPAMEDICA WIDNES,146,116,-30,True
2025-06,2025-07,NPG15,SPAMEDICA NEWCASTLE-UNDER-LYME,214,134,-80,True
2025-06,2025-07,NPG16,SPAMEDICA CHELMSFORD,228,236,8,True
2025-06,2025-07,NPG17,SPAMEDICA PRESTON,184,156,-28,True
2025-06,2025-07,NPG18,SPAMEDICA HULL,241,166,-75,True
2025-06,2025-07,NPG19,SPAMEDICA BEDFORD,180,152,-28,True
2025-06,2025-07,NPG20,SPAMEDICA WOLVERHAMPTON,320,290,-30,True
2025-06,2025-07,NPG21,SPAMEDICA COVENTRY,255,232,-23,True
2025-06,2025-07,NPG22,SPAMEDICA STOCKTON-ON-TEES,263,226,-37,True
2025-06,2025-07,NPG23,SPAMEDICA DERBY,226,154,-72,True
2025-06,2025-07,NPR01,ABOUT HEALTH HQ,1453,1252,-201,True
2025-06,2025-07,NQH,NOVUS HEALTH LTD,378,727,349,True
2025-06,2025-07,NQM01,ORTHOPAEDICS & SPINE SPECIALIST HOSPITAL SITE,159,169,10,True
2025-06,2025-07,NQT5K,ST MARTINS HOSPITAL,135,127,-8,True
2025-06,2025-07,NQX,PROVIDE ENTERPRISES,103,111,8,True
2025-06,2025-07,NR5,LIVEWELL SOUTHWEST,75,75,0,True
2025-06,2025-07,NRF,UNIVERSITY OF SOUTHAMPTON AUDITORY IMPLANT SERVICE,180,179,-1,True
2025-06,2025-07,NRL,HEART NETWORKS,540,391,-149,True
2025-06,2025-07,NRP,BEACON MEDICAL SERVICES GROUP LIMITED,728,849,121,True
2025-06,2025-07,NT202,"NUFFIELD HEALTH, BOURNEMOUTH HOSPITAL",577,551,-26,True
2025-06,2025-07,NT204,"NUFFIELD HEALTH, BRENTWOOD HOSPITAL",1621,1776,155,True
2025-06,2025-07,NT205,"NUFFIELD HEALTH, BRIGHTON HOSPITAL",893,910,17,True
2025-06,2025-07,NT206,"NUFFIELD HEALTH, BRISTOL HOSPITAL (CHESTERFIELD)",531,643,112,True
2025-06,2025-07,NT209,"NUFFIELD HEALTH, CAMBRIDGE HOSPITAL",343,339,-4,True
2025-06,2025-07,NT210,"NUFFIELD HEALTH, THE GROSVENOR HOSPITAL, CHESTER",341,384,43,True
2025-06,2025-07,NT211,"NUFFIELD HEALTH, CHELTENHAM HOSPITAL",43,52,9,True
2025-06,2025-07,NT212,"NUFFIELD HEALTH, CHICHESTER HOSPITAL",1363,1367,4,True
2025-06,2025-07,NT213,"NUFFIELD HEALTH, DERBY HOSPITAL",1095,1058,-37,True
2025-06,2025-07,NT214,"NUFFIELD HEALTH, WESSEX HOSPITAL",590,650,60,True
2025-06,2025-07,NT215,"NUFFIELD HEALTH, EXETER HOSPITAL",585,584,-1,True
2025-06,2025-07,NT216,"NUFFIELD HEALTH, GUILDFORD HOSPITAL",0,481,481,False
2025-06,2025-07,NT218,"NUFFIELD HEALTH, HAYWARDS HEATH HOSPITAL",382,397,15,True
2025-06,2025-07,NT219,"NUFFIELD HEALTH, HEREFORD HOSPITAL",266,297,31,True
2025-06,2025-07,NT224,"NUFFIELD HEALTH, WARWICKSHIRE HOSPITAL",341,343,2,True
2025-06,2025-07,NT225,"NUFFIELD HEALTH, LEEDS HOSPITAL",1557,1639,82,True
2025-06,2025-07,NT226,"NUFFIELD HEALTH, LEICESTER HOSPITAL",455,462,7,True
2025-06,2025-07,NT229,"NUFFIELD HEALTH, NEWCASTLE UPON TYNE HOSPITAL",584,575,-9,True
2025-06,2025-07,NT230,"NUFFIELD HEALTH, NORTH STAFFORDSHIRE HOSPITAL",1614,1528,-86,True
2025-06,2025-07,NT233,"NUFFIELD HEALTH, PLYMOUTH HOSPITAL",902,979,77,True
2025-06,2025-07,NT235,"NUFFIELD HEALTH, SHREWSBURY HOSPITAL",142,158,16,True
2025-06,2025-07,NT237,"NUFFIELD HEALTH, TEES HOSPITAL",1192,1242,50,True
2025-06,2025-07,NT238,"NUFFIELD HEALTH, TAUNTON HOSPITAL",254,271,17,True
2025-06,2025-07,NT239,"NUFFIELD HEALTH, TUNBRIDGE WELLS HOSPITAL",194,159,-35,True
2025-06,2025-07,NT241,"NUFFIELD HEALTH, WOKING HOSPITAL",472,395,-77,True
2025-06,2025-07,NT242,"NUFFIELD HEALTH, WOLVERHAMPTON HOSPITAL",490,454,-36,True
2025-06,2025-07,NT244,NUFFIELD HOSPITAL OXFORD (THE MANOR),103,106,3,True
2025-06,2025-07,NT245,"NUFFIELD HEALTH, YORK HOSPITAL",715,864,149,True
2025-06,2025-07,NT301,SPIRE SOUTH BANK HOSPITAL,792,778,-14,True
2025-06,2025-07,NT302,SPIRE BRISTOL HOSPITAL,775,756,-19,True
2025-06,2025-07,NT304,SPIRE SOUTHAMPTON HOSPITAL,573,553,-20,True
2025-06,2025-07,NT305,SPIRE PORTSMOUTH HOSPITAL,376,440,64,True
2025-06,2025-07,NT308,SPIRE GATWICK PARK HOSPITAL,1141,1013,-128,True
2025-06,2025-07,NT30A,SPIRE NOTTINGHAM HOSPITAL,522,559,37,True
2025-06,2025-07,NT312,SPIRE ALEXANDRA HOSPITAL,1476,1336,-140,True
2025-06,2025-07,NT313,SPIRE WELLESLEY HOSPITAL,1329,1148,-181,True
2025-06,2025-07,NT314,SPIRE LONDON EAST,2229,2433,204,True
2025-06,2025-07,NT315,SPIRE BUSHEY HOSPITAL,828,948,120,True
2025-06,2025-07,NT316,SPIRE HARPENDEN HOSPITAL,488,501,13,True
2025-06,2025-07,NT317,SPIRE CAMBRIDGE LEA HOSPITAL,394,434,40,True
2025-06,2025-07,NT318,SPIRE NORWICH HOSPITAL,544,480,-64,True
2025-06,2025-07,NT319,SPIRE HARTSWOOD HOSPITAL,1410,1390,-20,True
2025-06,2025-07,NT320,SPIRE PARKWAY HOSPITAL,1260,1216,-44,True
2025-06,2025-07,NT321,SPIRE LITTLE ASTON HOSPITAL,1538,1464,-74,True
2025-06,2025-07,NT322,SPIRE LEICESTER HOSPITAL,696,729,33,True
2025-06,2025-07,NT324,SPIRE CHESHIRE HOSPITAL,1369,1447,78,True
2025-06,2025-07,NT325,SPIRE MURRAYFIELD HOSPITAL,538,629,91,True
2025-06,2025-07,NT327,SPIRE MANCHESTER HOSPITAL,1132,1295,163,True
2025-06,2025-07,NT332,SPIRE LEEDS HOSPITAL,971,1035,64,True
2025-06,2025-07,NT333,SPIRE WASHINGTON HOSPITAL,1388,1314,-74,True
2025-06,2025-07,NT337,SPIRE LIVERPOOL HOSPITAL,3353,3127,-226,True
2025-06,2025-07,NT339,SPIRE REGENCY HOSPITAL,1690,1770,80,True
2025-06,2025-07,NT343,SPIRE THAMES VALLEY HOSPITAL,469,364,-105,True
2025-06,2025-07,NT344,SPIRE DUNEDIN HOSPITAL,221,251,30,True
2025-06,2025-07,NT345,SPIRE CLARE PARK HOSPITAL,384,316,-68,True
2025-06,2025-07,NT347,SPIRE FYLDE COAST HOSPITAL,4024,4177,153,True
2025-06,2025-07,NT348,SPIRE ELLAND HOSPITAL,1447,1542,95,True
2025-06,2025-07,NT350,SPIRE METHLEY PARK HOSPITAL,1358,1291,-67,True
2025-06,2025-07,NT351,SPIRE HULL AND EAST RIDING HOSPITAL,2210,2035,-175,True
2025-06,2025-07,NT364,SPIRE MONTEFIORE HOSPITAL,1113,986,-127,True
2025-06,2025-07,NT3X3,SPIRE ST ANTHONY'S HOSPITAL,985,542,-443,True
2025-06,2025-07,NT401,ALEXANDRA HOSPITAL,806,822,16,True
2025-06,2025-07,NT402,BATH CLINIC,782,740,-42,True
2025-06,2025-07,NT403,BEARDWOOD HOSPITAL,2495,2372,-123,True
2025-06,2025-07,NT404,BEAUMONT HOSPITAL,2608,3032,424,True
2025-06,2025-07,NT405,BISHOPS WOOD HOSPITAL,569,551,-18,True
2025-06,2025-07,NT406,BLACKHEATH HOSPITAL,1466,1505,39,True
2025-06,2025-07,NT408,CHAUCER HOSPITAL,806,805,-1,True
2025-06,2025-07,NT409,CHELSFIELD PARK HOSPITAL,741,764,23,True
2025-06,2025-07,NT410,CHILTERN HOSPITAL,451,451,0,True
2025-06,2025-07,NT411,CLEMENTINE CHURCHILL HOSPITAL,2022,1965,-57,True
2025-06,2025-07,NT412,DROITWICH SPA HOSPITAL,1745,1690,-55,True
2025-06,2025-07,NT416,HENDON HOSPITAL,1455,1043,-412,True
2025-06,2025-07,NT417,GORING HALL HOSPITAL,1072,1025,-47,True
2025-06,2025-07,NT418,HAMPSHIRE CLINIC,243,252,9,True
2025-06,2025-07,NT419,HARBOUR HOSPITAL,143,146,3,True
2025-06,2025-07,NT420,HIGHFIELD HOSPITAL,1001,993,-8,True
2025-06,2025-07,NT421,KINGS OAK HOSPITAL,984,938,-46,True
2025-06,2025-07,NT422,LONDON INDEPENDENT HOSPITAL,3744,3819,75,True
2025-06,2025-07,NT423,MANOR HOSPITAL,831,860,29,True
2025-06,2025-07,NT424,MERIDEN HOSPITAL,1901,1812,-89,True
2025-06,2025-07,NT427,PARK HOSPITAL,1178,1443,265,True
2025-06,2025-07,NT428,PRINCESS MARGARET HOSPITAL,94,80,-14,True
2025-06,2025-07,NT429,PRIORY HOSPITAL,698,595,-103,True
2025-06,2025-07,NT430,RIDGEWAY HOSPITAL,308,326,18,True
2025-06,2025-07,NT431,RUNNYMEDE HOSPITAL,82,91,9,True
2025-06,2025-07,NT433,SARUM ROAD HOSPITAL,376,367,-9,True
2025-06,2025-07,NT434,SAXON CLINIC,594,625,31,True
2025-06,2025-07,NT435,SHELBURNE HOSPITAL,150,160,10,True
2025-06,2025-07,NT436,SHIRLEY OAKS HOSPITAL,760,773,13,True
2025-06,2025-07,NT437,SLOANE HOSPITAL,864,895,31,True
2025-06,2025-07,NT440,THORNBURY HOSPITAL,616,650,34,True
2025-06,2025-07,NT441,THREE SHIRES HOSPITAL,3453,3519,66,True
2025-06,2025-07,NT443,WINTERBOURNE HOSPITAL,286,315,29,True
2025-06,2025-07,NT445,EDGBASTON HOSPITAL,1,1,0,True
2025-06,2025-07,NT446,ST EDMUNDS HOSPITAL,652,668,16,True
2025-06,2025-07,NT447,DUCHY HOSPITAL,491,433,-58,True
2025-06,2025-07,NT448,HUDDERSFIELD PRIVATE HOSPITAL,592,789,197,True
2025-06,2025-07,NT449,LANCASTER PRIVATE HOSPITAL,422,421,-1,True
2025-06,2025-07,NT450,LINCOLN PRIVATE HOSPITAL,1261,1278,17,True
2025-06,2025-07,NT451,CAVELL HOSPITAL,1352,1330,-22,True
2025-06,2025-07,NT455,MOUNT ALVERNIA HOSPITAL,239,260,21,True
2025-06,2025-07,NT457,WOODLANDS HOSPITAL,2053,2167,114,True
2025-06,2025-07,NT490,SOUTHEND PRIVATE HOSPITAL,1460,1554,94,True
2025-06,2025-07,NTE02,ST HUGH'S HOSPITAL,2421,2259,-162,True
2025-06,2025-07,NTP11,PRACTICE PLUS GROUP HOSPITAL - SOUTHAMPTON,8074,7943,-131,True
2025-06,2025-07,NTP13,PRACTICE PLUS GROUP HOSPITAL - BARLBOROUGH,2168,2098,-70,True
2025-06,2025-07,NTP15,PRACTICE PLUS GROUP HOSPITAL - ILFORD,5530,5659,129,True
2025-06,2025-07,NTP16,PRACTICE PLUS GROUP SURGICAL CENTRE - GILLINGHAM,1056,1076,20,True
2025-06,2025-07,NTPAD,PRACTICE PLUS GROUP SURGICAL CENTRE - ST MARYS PORTSMOUTH,2113,2193,80,True
2025-06,2025-07,NTPAE,PRACTICE PLUS GROUP OPHTHALMOLOGY - NORTH WEST,2170,2431,261,True
2025-06,2025-07,NTPH1,PRACTICE PLUS GROUP HOSPITAL - SHEPTON MALLET,2505,2680,175,True
2025-06,2025-07,NTPH2,PRACTICE PLUS GROUP HOSPITAL - EMERSONS GREEN,5421,5070,-351,True
2025-06,2025-07,NTPH3,PRACTICE PLUS GROUP SURGICAL CENTRE - DEVIZES,2836,2785,-51,True
2025-06,2025-07,NTPH5,PRACTICE PLUS GROUP HOSPITAL - PLYMOUTH,1669,2185,516,True
2025-06,2025-07,NTX,THE ONE HEALTH GROUP PLC,4255,4579,324,True
2025-06,2025-07,NV1,INHEALTH LIMITED,2047,1840,-207,True
2025-06,2025-07,NVC01,ASHTEAD HOSPITAL,850,944,94,True
2025-06,2025-07,NVC02,THE BERKSHIRE INDEPENDENT HOSPITAL,1143,1165,22,True
2025-06,2025-07,NVC04,DUCHY HOSPITAL,2020,1955,-65,True
2025-06,2025-07,NVC05,EUXTON HALL HOSPITAL,3125,3221,96,True
2025-06,2025-07,NVC06,FITZWILLIAM HOSPITAL,5940,6089,149,True
2025-06,2025-07,NVC07,FULWOOD HALL HOSPITAL,5596,5780,184,True
2025-06,2025-07,NVC08,MOUNT STUART HOSPITAL,1975,1962,-13,True
2025-06,2025-07,NVC09,NEW HALL HOSPITAL,3433,3419,-14,True
2025-06,2025-07,NVC0I,BEACON PARK HOSPITAL,915,944,29,True
2025-06,2025-07,NVC0R,TEES VALLEY HOSPITAL,4151,3992,-159,True
2025-06,2025-07,NVC0Y,EXETER MEDICAL,388,297,-91,True
2025-06,2025-07,NVC11,NORTH DOWNS HOSPITAL,1616,1692,76,True
2025-06,2025-07,NVC12,OAKLANDS HOSPITAL,4282,4307,25,True
2025-06,2025-07,NVC13,OAKS HOSPITAL,729,746,17,True
2025-06,2025-07,NVC14,PARK HILL HOSPITAL,823,828,5,True
2025-06,2025-07,NVC15,PINEHILL HOSPITAL,1334,1405,71,True
2025-06,2025-07,NVC16,RENACRES HOSPITAL,4596,4586,-10,True
2025-06,2025-07,NVC17,ROWLEY HALL HOSPITAL,2440,2353,-87,True
2025-06,2025-07,NVC18,SPRINGFIELD HOSPITAL,4708,4715,7,True
2025-06,2025-07,NVC19,RIVERS HOSPITAL,4077,4106,29,True
2025-06,2025-07,NVC1H,STOURSIDE HOSPITAL,2938,2913,-25,True
2025-06,2025-07,NVC20,THE YORKSHIRE CLINIC,7275,7251,-24,True
2025-06,2025-07,NVC21,WEST MIDLANDS HOSPITAL,834,852,18,True
2025-06,2025-07,NVC22,WINFIELD HOSPITAL,1594,1620,26,True
2025-06,2025-07,NVC23,WOODLAND HOSPITAL,4674,4771,97,True
2025-06,2025-07,NVC25,THE CHERWELL HOSPITAL,2284,2171,-113,True
2025-06,2025-07,NVC27,BOSTON WEST HOSPITAL,1629,1749,120,True
2025-06,2025-07,NVC28,CLIFTON PARK HOSPITAL,1684,1677,-7,True
2025-06,2025-07,NVC29,COBALT HOSPITAL,1700,1623,-77,True
2025-06,2025-07,NVC31,BLAKELANDS HOSPITAL,2290,2244,-46,True
2025-06,2025-07,NVC40,WOODTHORPE HOSPITAL,3516,3489,-27,True
2025-06,2025-07,NVC44,THE WESTBOURNE CENTRE,3384,3270,-114,True
2025-06,2025-07,NVL,DMC DERMATOLOGY,199,234,35,True
2025-06,2025-07,NVM,EPSOMEDICAL GROUP,2568,2612,44,True
2025-06,2025-07,NWF01,BENENDEN HOSPITAL,1488,1477,-11,True
2025-06,2025-07,NWV01,GP CARE UK,587,530,-57,True
2025-06,2025-07,NX5,ANGLIA COMMUNITY EYE SERVICE LTD,1756,2244,488,True
2025-06,2025-07,NXM01,THE HORDER CENTRE - ST JOHNS ROAD,1047,1038,-9,True
2025-06,2025-07,NXP,INDEPENDENT HEALTH GROUP,1052,1224,172,True
2025-06,2025-07,NYG,SUSSEX COMMUNITY DERMATOLOGY SERVICE,15658,17137,1479,True
2025-06,2025-07,NYR,HEALTHSHARE DIAGNOSTICS,2352,2571,219,True
2025-06,2025-07,O1P6X,SPAMEDICA OLDHAM,303,225,-78,True
2025-06,2025-07,O5Y9D,SPAMEDICA OXFORD,160,169,9,True
2025-06,2025-07,O6X7Z,SPAMEDICA CAMBRIDGE,145,161,16,True
2025-06,2025-07,P0C3F,SPAMEDICA LEEDS,115,111,-4,True
2025-06,2025-07,P1B7M,SPAMEDICA BRISTOL,149,63,-86,True
2025-06,2025-07,P5Y6K,NEWMEDICA - SHREWSBURY,207,170,-37,True
2025-06,2025-07,Q1S8W,NEWMEDICA - BURY ST EDMUNDS,0,1,1,False
2025-06,2025-07,Q1W6P,SPAMEDICA WATFORD,149,145,-4,True
2025-06,2025-07,Q2Y5H,OVIVA UK LTD,7617,8389,772,True
2025-06,2025-07,Q8X0X,SPAMEDICA ISLE OF WIGHT COMMUNITY DIAGNOSTIC & TREATMENT CENTRE,32,35,3,True
2025-06,2025-07,R0A,MANCHESTER UNIVERSITY NHS FOUNDATION TRUST,186865,186088,-777,True
2025-06,2025-07,R0B,SOUTH TYNESIDE AND SUNDERLAND NHS FOUNDATION TRUST,58022,59131,1109,True
2025-06,2025-07,R0D,UNIVERSITY HOSPITALS DORSET NHS FOUNDATION TRUST,62683,62180,-503,True
2025-06,2025-07,R0F4N,NUFFIELD HEALTH PARKSIDE HOSPITAL,1010,970,-40,True
2025-06,2025-07,R1A,HEREFORDSHIRE AND WORCESTERSHIRE HEALTH AND CARE NHS TRUST,119,103,-16,True
2025-06,2025-07,R1D,SHROPSHIRE COMMUNITY HEALTH NHS TRUST,8907,8525,-382,True
2025-06,2025-07,R1F,ISLE OF WIGHT NHS TRUST,13948,13760,-188,True
2025-06,2025-07,R1G7E,SPAMEDICA KENDAL,180,135,-45,True
2025-06,2025-07,R1H,BARTS HEALTH NHS TRUST,134686,134381,-305,True
2025-06,2025-07,R1K,LONDON NORTH WEST UNIVERSITY HEALTHCARE NHS TRUST,86363,86790,427,True
2025-06,2025-07,R3I5E,NEWMEDICA -TELFORD,1,0,-1,False
2025-06,2025-07,R5J3Z,BORDER HEALTH ALLIANCE LIMITED,0,449,449,False
2025-06,2025-07,R7W2O,NEWCASTLE NEWMEDICA LTD,404,598,194,True
2025-06,2025-07,RA2,ROYAL SURREY COUNTY HOSPITAL NHS FOUNDATION TRUST,30202,30472,270,True
2025-06,2025-07,RA7,UNIVERSITY HOSPITALS BRISTOL AND WESTON NHS FOUNDATION TRUST,55123,54179,-944,True
2025-06,2025-07,RA9,TORBAY AND SOUTH DEVON NHS FOUNDATION TRUST,33261,32959,-302,True
2025-06,2025-07,RAE,BRADFORD TEACHING HOSPITALS NHS FOUNDATION TRUST,32915,33149,234,True
2025-06,2025-07,RAJ,MID AND SOUTH ESSEX NHS FOUNDATION TRUST,172378,173767,1389,True
2025-06,2025-07,RAL,ROYAL FREE LONDON NHS FOUNDATION TRUST,146110,143040,-3070,True
2025-06,2025-07,RAN,ROYAL NATIONAL ORTHOPAEDIC HOSPITAL NHS TRUST,8668,8709,41,True
2025-06,2025-07,RAS,THE HILLINGDON HOSPITALS NHS FOUNDATION TRUST,31200,32152,952,True
2025-06,2025-07,RAX,KINGSTON AND RICHMOND NHS FOUNDATION TRUST,41698,42638,940,True
2025-06,2025-07,RBD,DORSET COUNTY HOSPITAL NHS FOUNDATION TRUST,22411,22405,-6,True
2025-06,2025-07,RBK,WALSALL HEALTHCARE NHS TRUST,28037,28308,271,True
2025-06,2025-07,RBL,WIRRAL UNIVERSITY TEACHING HOSPITAL NHS FOUNDATION TRUST,46939,47312,373,True
2025-06,2025-07,RBN,MERSEY AND WEST LANCASHIRE TEACHING HOSPITALS NHS TRUST,74425,75581,1156,True
2025-06,2025-07,RBQ,LIVERPOOL HEART AND CHEST HOSPITAL NHS FOUNDATION TRUST,5111,5079,-32,True
2025-06,2025-07,RBS,ALDER HEY CHILDREN'S NHS FOUNDATION TRUST,18292,18022,-270,True
2025-06,2025-07,RBT,MID CHESHIRE HOSPITALS NHS FOUNDATION TRUST,39213,42114,2901,True
2025-06,2025-07,RBV,THE CHRISTIE NHS FOUNDATION TRUST,2766,2735,-31,True
2025-06,2025-07,RC9,BEDFORDSHIRE HOSPITALS NHS FOUNDATION TRUST,88282,87732,-550,True
2025-06,2025-07,RCB,YORK AND SCARBOROUGH TEACHING HOSPITALS NHS FOUNDATION TRUST,53156,55402,2246,True
2025-06,2025-07,RCD,HARROGATE AND DISTRICT NHS FOUNDATION TRUST,19927,19883,-44,True
2025-06,2025-07,RCF,AIREDALE NHS FOUNDATION TRUST,13846,14138,292,True
2025-06,2025-07,RCU,SHEFFIELD CHILDREN'S NHS FOUNDATION TRUST,12187,12258,71,True
2025-06,2025-07,RCX,"THE QUEEN ELIZABETH HOSPITAL, KING'S LYNN, NHS FOUNDATION TRUST",27265,28041,776,True
2025-06,2025-07,RD1,ROYAL UNITED HOSPITALS BATH NHS FOUNDATION TRUST,41848,41010,-838,True
2025-06,2025-07,RD8,MILTON KEYNES UNIVERSITY HOSPITAL NHS FOUNDATION TRUST,33513,34705,1192,True
2025-06,2025-07,RDE,EAST SUFFOLK AND NORTH ESSEX NHS FOUNDATION TRUST,92050,92240,190,True
2025-06,2025-07,RDR,SUSSEX COMMUNITY NHS FOUNDATION TRUST,13327,13961,634,True
2025-06,2025-07,RDU,FRIMLEY HEALTH NHS FOUNDATION TRUST,74184,71588,-2596,True
2025-06,2025-07,REF,ROYAL CORNWALL HOSPITALS NHS TRUST,40614,40859,245,True
2025-06,2025-07,REM,LIVERPOOL UNIVERSITY HOSPITALS NHS FOUNDATION TRUST,68055,65798,-2257,True
2025-06,2025-07,REN,THE CLATTERBRIDGE CANCER CENTRE NHS FOUNDATION TRUST,1112,1154,42,True
2025-06,2025-07,REP,LIVERPOOL WOMEN'S NHS FOUNDATION TRUST,16290,16410,120,True
2025-06,2025-07,RET,THE WALTON CENTRE NHS FOUNDATION TRUST,14248,14233,-15,True
2025-06,2025-07,RF4,"BARKING, HAVERING AND REDBRIDGE UNIVERSITY HOSPITALS NHS TRUST",56931,57908,977,True
2025-06,2025-07,RFF,BARNSLEY HOSPITAL NHS FOUNDATION TRUST,25499,25973,474,True
2025-06,2025-07,RFR,THE ROTHERHAM NHS FOUNDATION TRUST,30954,31308,354,True
2025-06,2025-07,RFS,CHESTERFIELD ROYAL HOSPITAL NHS FOUNDATION TRUST,31524,31827,303,True
2025-06,2025-07,RGM,ROYAL PAPWORTH HOSPITAL NHS FOUNDATION TRUST,6648,6369,-279,True
2025-06,2025-07,RGN,NORTH WEST ANGLIA NHS FOUNDATION TRUST,76252,78896,2644,True
2025-06,2025-07,RGP,JAMES PAGET UNIVERSITY HOSPITALS NHS FOUNDATION TRUST,34615,35167,552,True
2025-06,2025-07,RGR,WEST SUFFOLK NHS FOUNDATION TRUST,35129,35218,89,True
2025-06,2025-07,RGT,CAMBRIDGE UNIVERSITY HOSPITALS NHS FOUNDATION TRUST,66129,66901,772,True
2025-06,2025-07,RH5,SOMERSET NHS FOUNDATION TRUST,57390,57854,464,True
2025-06,2025-07,RH8,ROYAL DEVON UNIVERSITY HEALTHCARE NHS FOUNDATION TRUST,73740,74801,1061,True
2025-06,2025-07,RHM,UNIVERSITY HOSPITAL SOUTHAMPTON NHS FOUNDATION TRUST,62639,63002,363,True
2025-06,2025-07,RHQ,SHEFFIELD TEACHING HOSPITALS NHS FOUNDATION TRUST,91256,0,-91256,False
2025-06,2025-07,RHU,PORTSMOUTH HOSPITALS UNIVERSITY NHS TRUST,59029,58799,-230,True
2025-06,2025-07,RHW,ROYAL BERKSHIRE NHS FOUNDATION TRUST,36524,36763,239,True
2025-06,2025-07,RJ1,GUY'S AND ST THOMAS' NHS FOUNDATION TRUST,118688,112663,-6025,True
2025-06,2025-07,RJ2,LEWISHAM AND GREENWICH NHS TRUST,53026,55547,2521,True
2025-06,2025-07,RJ6,CROYDON HEALTH SERVICES NHS TRUST,36632,37022,390,True
2025-06,2025-07,RJ7,ST GEORGE'S UNIVERSITY HOSPITALS NHS FOUNDATION TRUST,71047,71702,655,True
2025-06,2025-07,RJ8,CORNWALL PARTNERSHIP NHS FOUNDATION TRUST,449,429,-20,True
2025-06,2025-07,RJC,SOUTH WARWICKSHIRE UNIVERSITY NHS FOUNDATION TRUST,33389,33301,-88,True
2025-06,2025-07,RJE,UNIVERSITY HOSPITALS OF NORTH MIDLANDS NHS TRUST,64546,65637,1091,True
2025-06,2025-07,RJL,NORTHERN LINCOLNSHIRE AND GOOLE NHS FOUNDATION TRUST,39592,39114,-478,True
2025-06,2025-07,RJN,EAST CHESHIRE NHS TRUST,14121,16968,2847,True
2025-06,2025-07,RJR,COUNTESS OF CHESTER HOSPITAL NHS FOUNDATION TRUST,34246,34989,743,True
2025-06,2025-07,RJZ,KING'S COLLEGE HOSPITAL NHS FOUNDATION TRUST,84437,81667,-2770,True
2025-06,2025-07,RK5,SHERWOOD FOREST HOSPITALS NHS FOUNDATION TRUST,35440,36077,637,True
2025-06,2025-07,RK9,UNIVERSITY HOSPITALS PLYMOUTH NHS TRUST,48276,49312,1036,True
2025-06,2025-07,RKB,UNIVERSITY HOSPITALS COVENTRY AND WARWICKSHIRE NHS TRUST,76987,76129,-858,True
2025-06,2025-07,RKE,WHITTINGTON HEALTH NHS TRUST,25317,26454,1137,True
2025-06,2025-07,RL1,THE ROBERT JONES AND AGNES HUNT ORTHOPAEDIC HOSPITAL NHS FOUNDATION TRUST,17324,17298,-26,True
2025-06,2025-07,RL4,THE ROYAL WOLVERHAMPTON NHS TRUST,79749,78434,-1315,True
2025-06,2025-07,RLQ,WYE VALLEY NHS TRUST,22842,22704,-138,True
2025-06,2025-07,RLT,GEORGE ELIOT HOSPITAL NHS TRUST,20279,20525,246,True
2025-06,2025-07,RM1,NORFOLK AND NORWICH UNIVERSITY HOSPITALS NHS FOUNDATION TRUST,80826,81834,1008,True
2025-06,2025-07,RM3,NORTHERN CARE ALLIANCE NHS FOUNDATION TRUST,136427,137339,912,True
2025-06,2025-07,RMC,BOLTON NHS FOUNDATION TRUST,37252,37565,313,True
2025-06,2025-07,RMP,TAMESIDE AND GLOSSOP INTEGRATED CARE NHS FOUNDATION TRUST,17017,17203,186,True
2025-06,2025-07,RN3,GREAT WESTERN HOSPITALS NHS FOUNDATION TRUST,38213,39225,1012,True
2025-06,2025-07,RN5,HAMPSHIRE HOSPITALS NHS FOUNDATION TRUST,50346,50560,214,True
2025-06,2025-07,RN7,DARTFORD AND GRAVESHAM NHS TRUST,32577,32329,-248,True
2025-06,2025-07,RNA,THE DUDLEY GROUP NHS FOUNDATION TRUST,46663,46838,175,True
2025-06,2025-07,RNN,NORTH CUMBRIA INTEGRATED CARE NHS FOUNDATION TRUST,38030,37928,-102,True
2025-06,2025-07,RNQ,KETTERING GENERAL HOSPITAL NHS FOUNDATION TRUST,24955,25824,869,True
2025-06,2025-07,RNS,NORTHAMPTON GENERAL HOSPITAL NHS TRUST,42422,43440,1018,True
2025-06,2025-07,RNZ,SALISBURY NHS FOUNDATION TRUST,29121,30219,1098,True
2025-06,2025-07,RP4,GREAT ORMOND STREET HOSPITAL FOR CHILDREN NHS FOUNDATION TRUST,8092,8080,-12,True
2025-06,2025-07,RP5,DONCASTER AND BASSETLAW TEACHING HOSPITALS NHS FOUNDATION TRUST,55406,56997,1591,True
2025-06,2025-07,RP6,MOORFIELDS EYE HOSPITAL NHS FOUNDATION TRUST,34491,34982,491,True
2025-06,2025-07,RP7,LINCOLNSHIRE PARTNERSHIP NHS FOUNDATION TRUST,44,49,5,True
2025-06,2025-07,RPA,MEDWAY NHS FOUNDATION TRUST,39993,39335,-658,True
2025-06,2025-07,RPC,QUEEN VICTORIA HOSPITAL NHS FOUNDATION TRUST,17869,18727,858,True
2025-06,2025-07,RPG,OXLEAS NHS FOUNDATION TRUST,1892,1745,-147,True
2025-06,2025-07,RPY,THE ROYAL MARSDEN NHS FOUNDATION TRUST,1965,1935,-30,True
2025-06,2025-07,RQ3,BIRMINGHAM WOMEN'S AND CHILDREN'S NHS FOUNDATION TRUST,28273,26011,-2262,True
2025-06,2025-07,RQM,CHELSEA AND WESTMINSTER HOSPITAL NHS FOUNDATION TRUST,70301,69459,-842,True
2025-06,2025-07,RQW,THE PRINCESS ALEXANDRA HOSPITAL NHS TRUST,48443,46788,-1655,True
2025-06,2025-07,RQX,HOMERTON HEALTHCARE NHS FOUNDATION TRUST,36119,35456,-663,True
2025-06,2025-07,RR7,GATESHEAD HEALTH NHS FOUNDATION TRUST,13202,13344,142,True
2025-06,2025-07,RR8,LEEDS TEACHING HOSPITALS NHS TRUST,88152,88129,-23,True
2025-06,2025-07,RRE,MIDLANDS PARTNERSHIP UNIVERSITY NHS FOUNDATION TRUST,7393,7131,-262,True
2025-06,2025-07,RRF,"WRIGHTINGTON, WIGAN AND LEIGH NHS FOUNDATION TRUST",49368,48840,-528,True
2025-06,2025-07,RRJ,THE ROYAL ORTHOPAEDIC HOSPITAL NHS FOUNDATION TRUST,12954,13345,391,True
2025-06,2025-07,RRK,UNIVERSITY HOSPITALS BIRMINGHAM NHS FOUNDATION TRUST,104142,101231,-2911,True
2025-06,2025-07,RRV,UNIVERSITY COLLEGE LONDON HOSPITALS NHS FOUNDATION TRUST,72181,73337,1156,True
2025-06,2025-07,RT1,CAMBRIDGESHIRE AND PETERBOROUGH NHS FOUNDATION TRUST,333,336,3,True
2025-06,2025-07,RTD,THE NEWCASTLE UPON TYNE HOSPITALS NHS FOUNDATION TRUST,88950,88051,-899,True
2025-06,2025-07,RTE,GLOUCESTERSHIRE HOSPITALS NHS FOUNDATION TRUST,60281,59146,-1135,True
2025-06,2025-07,RTF,NORTHUMBRIA HEALTHCARE NHS FOUNDATION TRUST,36625,36740,115,True
2025-06,2025-07,RTG,UNIVERSITY HOSPITALS OF DERBY AND BURTON NHS FOUNDATION TRUST,100955,98832,-2123,True
2025-06,2025-07,RTH,OXFORD UNIVERSITY HOSPITALS NHS FOUNDATION TRUST,86825,86940,115,True
2025-06,2025-07,RTK,ASHFORD AND ST PETER'S HOSPITALS NHS FOUNDATION TRUST,55342,55868,526,True
2025-06,2025-07,RTP,SURREY AND SUSSEX HEALTHCARE NHS TRUST,52412,52178,-234,True
2025-06,2025-07,RTR,SOUTH TEES HOSPITALS NHS FOUNDATION TRUST,56521,56969,448,True
2025-06,2025-07,RTX,UNIVERSITY HOSPITALS OF MORECAMBE BAY NHS FOUNDATION TRUST,35035,34936,-99,True
2025-06,2025-07,RVJ,NORTH BRISTOL NHS TRUST,43915,44047,132,True
2025-06,2025-07,RVR,EPSOM AND ST HELIER UNIVERSITY HOSPITALS NHS TRUST,56109,58157,2048,True
2025-06,2025-07,RVV,EAST KENT HOSPITALS UNIVERSITY NHS FOUNDATION TRUST,80689,79988,-701,True
2025-06,2025-07,RVW,NORTH TEES AND HARTLEPOOL NHS FOUNDATION TRUST,20870,21231,361,True
2025-06,2025-07,RW1,HAMPSHIRE AND ISLE OF WIGHT HEALTHCARE NHS FOUNDATION TRUST,3955,4058,103,True
2025-06,2025-07,RW4,MERSEY CARE NHS FOUNDATION TRUST,29,41,12,True
2025-06,2025-07,RW5,LANCASHIRE & SOUTH CUMBRIA NHS FOUNDATION TRUST,2197,2356,159,True
2025-06,2025-07,RWA,HULL UNIVERSITY TEACHING HOSPITALS NHS TRUST,79235,79776,541,True
2025-06,2025-07,RWD,UNITED LINCOLNSHIRE TEACHING HOSPITALS NHS TRUST,70363,69761,-602,True
2025-06,2025-07,RWE,UNIVERSITY HOSPITALS OF LEICESTER NHS TRUST,109577,109615,38,True
2025-06,2025-07,RWF,MAIDSTONE AND TUNBRIDGE WELLS NHS TRUST,47980,48306,326,True
2025-06,2025-07,RWG,WEST HERTFORDSHIRE TEACHING HOSPITALS NHS TRUST,46914,46777,-137,True
2025-06,2025-07,RWH,EAST AND NORTH HERTFORDSHIRE NHS TRUST,52513,51774,-739,True
2025-06,2025-07,RWJ,STOCKPORT NHS FOUNDATION TRUST,34356,34772,416,True
2025-06,2025-07,RWP,WORCESTERSHIRE ACUTE HOSPITALS NHS TRUST,55488,55666,178,True
2025-06,2025-07,RWW,WARRINGTON AND HALTON TEACHING HOSPITALS NHS FOUNDATION TRUST,32542,33311,769,True
2025-06,2025-07,RWX,BERKSHIRE HEALTHCARE NHS FOUNDATION TRUST,90,82,-8,True
2025-06,2025-07,RWY,CALDERDALE AND HUDDERSFIELD NHS FOUNDATION TRUST,36565,36627,62,True
2025-06,2025-07,RX1,NOTTINGHAM UNIVERSITY HOSPITALS NHS TRUST,81613,81531,-82,True
2025-06,2025-07,RX4,"CUMBRIA, NORTHUMBERLAND, TYNE AND WEAR NHS FOUNDATION TRUST",169,161,-8,True
2025-06,2025-07,RXC,EAST SUSSEX HEALTHCARE NHS TRUST,61539,62073,534,True
2025-06,2025-07,RXF,MID YORKSHIRE TEACHING NHS TRUST,56631,57209,578,True
2025-06,2025-07,RXG,SOUTH WEST YORKSHIRE PARTNERSHIP NHS FOUNDATION TRUST,4114,4249,135,True
2025-06,2025-07,RXK,SANDWELL AND WEST BIRMINGHAM HOSPITALS NHS TRUST,65540,63805,-1735,True
2025-06,2025-07,RXL,BLACKPOOL TEACHING HOSPITALS NHS FOUNDATION TRUST,37267,40514,3247,True
2025-06,2025-07,RXN,LANCASHIRE TEACHING HOSPITALS NHS FOUNDATION TRUST,63253,64573,1320,True
2025-06,2025-07,RXP,COUNTY DURHAM AND DARLINGTON NHS FOUNDATION TRUST,39405,40665,1260,True
2025-06,2025-07,RXQ,BUCKINGHAMSHIRE HEALTHCARE NHS TRUST,49406,50829,1423,True
2025-06,2025-07,RXR,EAST LANCASHIRE HOSPITALS NHS TRUST,58187,57368,-819,True
2025-06,2025-07,RXW,THE SHREWSBURY AND TELFORD HOSPITAL NHS TRUST,37630,34742,-2888,True
2025-06,2025-07,RYJ,IMPERIAL COLLEGE HEALTHCARE NHS TRUST,88971,89967,996,True
2025-06,2025-07,RYR,UNIVERSITY HOSPITALS SUSSEX NHS FOUNDATION TRUST,113122,114879,1757,True
2025-06,2025-07,RYW,BIRMINGHAM COMMUNITY HEALTHCARE NHS FOUNDATION TRUST,15163,15664,501,True
2025-06,2025-07,RYY,KENT COMMUNITY HEALTH NHS FOUNDATION TRUST,3708,3193,-515,True
2025-06,2025-07,S1Z4X,NEWMEDICA - BIRMINGHAM,687,712,25,True
2025-06,2025-07,S3H9L,THE HAMPTONS HOSPITAL LTD,2327,1949,-378,True
2025-06,2025-07,S4E3I,MIDLAND EYE (EYE-DOCS LTD),766,507,-259,True
2025-06,2025-07,S5E5Y,HCRG CARE DERMATOLOGY THE IRONSTONE CENTRE,4534,3912,-622,True
2025-06,2025-07,T4I8V,SPAMEDICA CHESTERFIELD,97,98,1,True
2025-06,2025-07,T8R5I,SPAMEDICA WOKINGHAM,169,141,-28,True
2025-06,2025-07,T8V3L,SPAMEDICA DONCASTER,165,115,-50,True
2025-06,2025-07,TAD,BRADFORD DISTRICT CARE NHS FOUNDATION TRUST,574,571,-3,True
2025-06,2025-07,V4U1Y,SPAMEDICA CHESTER,128,136,8,True
2025-06,2025-07,V5F1D,SPAMEDICA TELFORD,124,136,12,True
2025-06,2025-07,V8A3H,SPAMEDICA SHEFFIELD COMMUNITY DIAGNOSTIC & TREATMENT CENTRE,0,1,1,False
2025-06,2025-07,V8N5R,SPAMEDICA DALSTON,279,240,-39,True
2025-06,2025-07,Y8L9S,SPAMEDICA BROMLEY,373,256,-117,True
2025-06,2025-07,Y9S1N,FAIRFIELD INDEPENDENT HOSPITAL,2163,2242,79,True
2025-06,2025-07,Z1E5F,NEWMEDICA - HARROGATE,147,158,11,True
2025-06,2025-07,Z2L9B,NEWMEDICA - MANCHESTER WEST,302,380,78,True
2025-06,2025-07,Z5J5V,SPAMEDICA HAYDOCK,163,126,-37,True
2025-06,2025-07,Z9Z1G,SPAMEDICA GATESHEAD,158,123,-35,True
2025-07,2025-08,A0C5S,SPAMEDICA GLOUCESTER,71,64,-7,True
2025-07,2025-08,A1D1B,SPAMEDICA WEMBLEY,145,153,8,True
2025-07,2025-08,A1U4J,SPAMEDICA PORTSMOUTH,87,95,8,True
2025-07,2025-08,A4M8P,BUCKSHAW HOSPITAL,3316,3230,-86,True
2025-07,2025-08,A4Q9X,NEWMEDICA LEICESTER,299,387,88,True
2025-07,2025-08,AAH,TETBURY HOSPITAL TRUST LTD,372,342,-30,True
2025-07,2025-08,AAV,COMMUNITY HEALTH AND EYECARE LIMITED,3481,3451,-30,True
2025-07,2025-08,ACG08,NEWMEDICA OPHTHALMOLOGY - NUNEATON - CAMP HILL - GP LED HEALTH CENTRE,28,21,-7,True
2025-07,2025-08,ACG12,NEWMEDICA COMMUNITY OPHTHALMOLOGY - NORTH EAST LINCOLNSHIRE - GRIMSBY,954,1058,104,True
2025-07,2025-08,ACG13,NEWMEDICA - GLOUCESTER (ASPEN MEDICAL CENTRE),290,361,71,True
2025-07,2025-08,ACG19,NEWMEDICA COMMUNITY OPHTHALMOLOGY - LEEDS,564,590,26,True
2025-07,2025-08,ACG20,NEWMEDICA - BRISTOL - LITFIELD HOUSE,293,312,19,True
2025-07,2025-08,ACG22,NEWMEDICA - BRIGG - RIVERSIDE SURGERY,902,979,77,True
2025-07,2025-08,ACG24,NEWMEDICA - TEESSIDE - NORTH ORMESBY,889,1000,111,True
2025-07,2025-08,ACG26,NEWMEDICA - NORTH DERBYSHIRE - MIDLAND COURT,956,919,-37,True
2025-07,2025-08,ACG30,NEWMEDICA - WORKSOP - DUKERIES,153,148,-5,True
2025-07,2025-08,ACG31,NEWMEDICA - WORCESTER,755,796,41,True
2025-07,2025-08,ACG36,NEWMEDICA - EXETER - GLEN HOUSE,205,244,39,True
2025-07,2025-08,ACG37,NEWMEDICA - IPSWICH,711,761,50,True
2025-07,2025-08,ACG38,NEWMEDICA - LANGFORD,339,327,-12,True
2025-07,2025-08,ACG39,NEWMEDICA - SWINDON,131,56,-75,True
2025-07,2025-08,ACG40,NEWMEDICA - WAKEFIELD,562,532,-30,True
2025-07,2025-08,ACM,EYE CARE MEDICAL LTD,8,12,4,True
2025-07,2025-08,ADN,PRIMARY INTEGRATED COMMUNITY SERVICES LTD,2908,0,-2908,False
2025-07,2025-08,ADP02,KIMS HOSPITAL (NEWNHAM COURT),1305,1207,-98,True
2025-07,2025-08,AHP,ST MICHAEL'S CLINIC LIMITED,1559,1755,196,True
2025-07,2025-08,AJ8,THE GRANGE MEDICAL CENTRE HQ,183,295,112,True
2025-07,2025-08,AQK,VERNOVA HEALTHCARE COMMUNITY INTEREST COMPANY,307,298,-9,True
2025-07,2025-08,AWR,ONE STOP DOCTORS LIMITED,13,28,15,True
2025-07,2025-08,AY1,MEDEFER,389,357,-32,True
2025-07,2025-08,B1A5K,NEWMEDICA - NOTTINGHAM,690,668,-22,True
2025-07,2025-08,B3M1X,CLAREMONT PRIVATE HOSPITAL,2079,2146,67,True
2025-07,2025-08,B4N1U,SPAMEDICA ROMFORD,303,336,33,True
2025-07,2025-08,B5M7B,NEWMEDICA - NORWICH,1010,1230,220,True
2025-07,2025-08,B9J4U,SPAMEDICA PETERBOROUGH,178,211,33,True
2025-07,2025-08,B9M3W,SPAMEDICA SOUTHAMPTON,484,511,27,True
2025-07,2025-08,C3Y0A,SPAMEDICA BLACKPOOL,158,165,7,True
2025-07,2025-08,C5Y9L,NEWMEDICA - BERKSHIRE - BRACKNELL,45,70,25,True
2025-07,2025-08,C9A7J,NEWMEDICA - BRADFORD & HUDDERSFIELD,239,277,38,True
2025-07,2025-08,D0V5X,NEWMEDICA - SWINDON MURDOCK ROAD,0,53,53,False
2025-07,2025-08,D3O0Z,PLYMOUTH NEWMEDICA LTD,380,378,-2,True
2025-07,2025-08,D5P5H,SPAMEDICA BEXHILL,135,237,102,True
2025-07,2025-08,DFQ,NORWICH & NORFOLK SURGICAL LTD (N2S),856,874,18,True
2025-07,2025-08,DFY01,COTSWOLDS SURGICAL PARTNERS,184,2,-182,True
2025-07,2025-08,DJH01,THE ROYAL BUCKINGHAMSHIRE HOSPITAL LTD,3,9,6,True
2025-07,2025-08,DPK,THE STONEYGATE EYE HOSPITAL,269,279,10,True
2025-07,2025-08,DTT,PHOENIX PUBLIC HEALTH LTD,248,238,-10,True
2025-07,2025-08,DX1,THE NEW FOSCOTE HOSPITAL LTD,334,314,-20,True
2025-07,2025-08,DXV,OMNES HEALTHCARE LTD,10075,11055,980,True
2025-07,2025-08,E1U4T,SPAMEDICA CARLISLE,167,187,20,True
2025-07,2025-08,E3D4A,SPAMEDICA TRURO,148,139,-9,True
2025-07,2025-08,F0R0W,NEWMEDICA - DARLINGTON,28,33,5,True
2025-07,2025-08,F1Y1H,NEWMEDICA - CHESHIRE OAKS,221,228,7,True
2025-07,2025-08,F7F6D,NEWMEDICA - HERTFORSHIRE - WELWYN GARDEN CITY,251,322,71,True
2025-07,2025-08,F9Z4V,CIRCLE READING HOSPITAL,1712,1759,47,True
2025-07,2025-08,G3O5P,SPAMEDICA NEWARK,248,303,55,True
2025-07,2025-08,G3Q3Z,NUFFIELD HEALTH HIGHGATE HOSPITAL,790,811,21,True
2025-07,2025-08,G3Z1Q,SULIS HOSPITAL BATH (FOXCOTE AVENUE),3316,3273,-43,True
2025-07,2025-08,G4H0I,NEWMEDICA SUFFOLK - BURY ST EDMUNDS - CLARITY HOUSE,530,605,75,True
2025-07,2025-08,G5X2Q,SPAMEDICA NORTH TYNESIDE,140,188,48,True
2025-07,2025-08,G6S7A,SPAMEDICA TAUNTON,190,258,68,True
2025-07,2025-08,GEC01,RAPID INVESTIGATION SERVICE,139,105,-34,True
2025-07,2025-08,H1T2P,SPAMEDICA SWINDON,54,61,7,True
2025-07,2025-08,H2K1G,NEWMEDICA - BROMSGROVE,309,381,72,True
2025-07,2025-08,H4I8B,NUFFIELD HEALTH THE HOLLY HOSPITAL,2544,2591,47,True
2025-07,2025-08,H4J9P,NEWMEDICA AZTEC WEST,729,675,-54,True
2025-07,2025-08,I1H7K,SPAMEDICA SALE,78,74,-4,True
2025-07,2025-08,I2C7H,SPAMEDICA BRADFORD,116,143,27,True
2025-07,2025-08,I9A4A,SPAMEDICA BRIGHTON,331,244,-87,True
2025-07,2025-08,J0M7P,SPAMEDICA HEREFORD DIAGNOSTIC AND TREATMENT CENTRE,22,19,-3,True
2025-07,2025-08,J2H6H,SPAMEDICA COLCHESTER,86,82,-4,True
2025-07,2025-08,J3J8Z,NEWMEDICA - OXFORDSHIRE,497,561,64,True
2025-07,2025-08,J3X4C,SPAMEDICA WORCESTER,113,187,74,True
2025-07,2025-08,J7V1N,SPAMEDICA SOLIHULL,141,236,95,True
2025-07,2025-08,K8I4X,GLENDON WOOD HOSPITAL,1244,1317,73,True
2025-07,2025-08,K9J3O,SPAMEDICA LUTON,144,178,34,True
2025-07,2025-08,L0D9W,NEWMEDICA - GLOUCESTER (BRIGHOUSE COURT),885,836,-49,True
2025-07,2025-08,L4R3R,NEWMEDICA - HAMPSHIRE,1457,1455,-2,True
2025-07,2025-08,L6O7H,SPAMEDICA POOLE,388,424,36,True
2025-07,2025-08,L9D3Z,SPAMEDICA LEICESTER,107,116,9,True
2025-07,2025-08,M0N7E,SPAMEDICA SITTINGBOURNE,106,129,23,True
2025-07,2025-08,M2Y6D,PRACTICE PLUS GROUP HOSPITAL BIRMINGHAM,614,692,78,True
2025-07,2025-08,M3R0W,SPAMEDICA NORWICH,180,186,6,True
2025-07,2025-08,M4C5R,NEWMEDICA - NORTHAMPTON,616,707,91,True
2025-07,2025-08,M5E1S,SPAMEDICA EXETER,118,190,72,True
2025-07,2025-08,M6L9D,NEWMEDICA - NOTTINGHAM - KEYWORTH,0,16,16,False
2025-07,2025-08,M7C9Q,SPAMEDICA EPSOM,155,164,9,True
2025-07,2025-08,M9U8M,ENDOCARE DIAGNOSTICS LTD,120,101,-19,True
2025-07,2025-08,N1N0Y,SPAMEDICA CROYDON,50,77,27,True
2025-07,2025-08,N6Z0R,NEWMEDICA - LINCOLN,44,58,14,True
2025-07,2025-08,N8R1N,NEWMEDICA - BERKSHIRE,715,837,122,True
2025-07,2025-08,NAM01,PROBUS SURGICAL CENTRE,1262,1322,60,True
2025-07,2025-08,NCN,DMC HEALTHCARE,1601,1551,-50,True
2025-07,2025-08,NCR,ISIGHT,1018,1019,1,True
2025-07,2025-08,NDJ,FIRST COMMUNITY HEALTH AND CARE CIC,750,689,-61,True
2025-07,2025-08,NDL01,SUFFOLK GP FEDERATION,88,54,-34,True
2025-07,2025-08,NEQ,PHOENIX HEALTH SOLUTIONS LIMITED HQ,592,516,-76,True
2025-07,2025-08,NEY,PIONEER HEALTHCARE LIMITED,1968,1613,-355,True
2025-07,2025-08,NFH,SOMERSET SURGICAL SERVICES HQ,1112,1104,-8,True
2025-07,2025-08,NL3,CARE PLUS GROUP,222,193,-29,True
2025-07,2025-08,NL8,LOCALA COMMUNITY PARTNERSHIPS CIC,1091,1245,154,True
2025-07,2025-08,NLE01,LANCASTER HOUSE CONSULTING DIAGNOSTICS SURGICAL LTD HQ,344,381,37,True
2025-07,2025-08,NLG,COMMUNITAS CLINICS,12836,13176,340,True
2025-07,2025-08,NLX,SIRONA CARE & HEALTH,7769,7701,-68,True
2025-07,2025-08,NMG,CONNECT HEALTH LIMITED,16761,17910,1149,True
2025-07,2025-08,NN4,TYNESIDE SURGICAL SERVICES LTD,1327,1338,11,True
2025-07,2025-08,NN5,MANCHESTER SURGICAL SERVICES LTD,359,375,16,True
2025-07,2025-08,NN8,SPENCER PRIVATE HOSPITALS LTD,3053,3209,156,True
2025-07,2025-08,NNE,DORKING HEALTHCARE LIMITED (DHC),6213,6391,178,True
2025-07,2025-08,NNH,OPTEGRA UK,6337,6365,28,True
2025-07,2025-08,NPG01,SPAMEDICA MANCHESTER,170,152,-18,True
2025-07,2025-08,NPG02,SPAMEDICA WIRRAL,147,171,24,True
2025-07,2025-08,NPG06,SPAMEDICA LIVERPOOL,287,327,40,True
2025-07,2025-08,NPG07,SPAMEDICA EYE HOSPITAL (WAKEFIELD),230,214,-16,True
2025-07,2025-08,NPG08,SPAMEDICA BOLTON,158,153,-5,True
2025-07,2025-08,NPG10,SPAMEDICA SHEFFIELD,111,162,51,True
2025-07,2025-08,NPG11,SPAMEDICA BIRMINGHAM,260,325,65,True
2025-07,2025-08,NPG13,SPAMEDICA SKELMERSDALE,77,88,11,True
2025-07,2025-08,NPG14,SPAMEDICA WIDNES,116,135,19,True
2025-07,2025-08,NPG15,SPAMEDICA NEWCASTLE-UNDER-LYME,134,153,19,True
2025-07,2025-08,NPG16,SPAMEDICA CHELMSFORD,236,249,13,True
2025-07,2025-08,NPG17,SPAMEDICA PRESTON,156,212,56,True
2025-07,2025-08,NPG18,SPAMEDICA HULL,166,169,3,True
2025-07,2025-08,NPG19,SPAMEDICA BEDFORD,152,212,60,True
2025-07,2025-08,NPG20,SPAMEDICA WOLVERHAMPTON,290,324,34,True
2025-07,2025-08,NPG21,SPAMEDICA COVENTRY,232,278,46,True
2025-07,2025-08,NPG22,SPAMEDICA STOCKTON-ON-TEES,226,210,-16,True
2025-07,2025-08,NPG23,SPAMEDICA DERBY,154,189,35,True
2025-07,2025-08,NPR01,ABOUT HEALTH HQ,1252,1147,-105,True
2025-07,2025-08,NQH,NOVUS HEALTH LTD,727,904,177,True
2025-07,2025-08,NQM01,ORTHOPAEDICS & SPINE SPECIALIST HOSPITAL SITE,169,170,1,True
2025-07,2025-08,NQT5K,ST MARTINS HOSPITAL,127,153,26,True
2025-07,2025-08,NQX,PROVIDE ENTERPRISES,111,105,-6,True
2025-07,2025-08,NR5,LIVEWELL SOUTHWEST,75,62,-13,True
2025-07,2025-08,NRF,UNIVERSITY OF SOUTHAMPTON AUDITORY IMPLANT SERVICE,179,184,5,True
2025-07,2025-08,NRL,HEART NETWORKS,391,415,24,True
2025-07,2025-08,NRP,BEACON MEDICAL SERVICES GROUP LIMITED,849,921,72,True
2025-07,2025-08,NT202,"NUFFIELD HEALTH, BOURNEMOUTH HOSPITAL",551,264,-287,True
2025-07,2025-08,NT204,"NUFFIELD HEALTH, BRENTWOOD HOSPITAL",1776,1797,21,True
2025-07,2025-08,NT205,"NUFFIELD HEALTH, BRIGHTON HOSPITAL",910,864,-46,True
2025-07,2025-08,NT206,"NUFFIELD HEALTH, BRISTOL HOSPITAL (CHESTERFIELD)",643,636,-7,True
2025-07,2025-08,NT209,"NUFFIELD HEALTH, CAMBRIDGE HOSPITAL",339,324,-15,True
2025-07,2025-08,NT210,"NUFFIELD HEALTH, THE GROSVENOR HOSPITAL, CHESTER",384,422,38,True
2025-07,2025-08,NT211,"NUFFIELD HEALTH, CHELTENHAM HOSPITAL",52,112,60,True
2025-07,2025-08,NT212,"NUFFIELD HEALTH, CHICHESTER HOSPITAL",1367,1158,-209,True
2025-07,2025-08,NT213,"NUFFIELD HEALTH, DERBY HOSPITAL",1058,1066,8,True
2025-07,2025-08,NT214,"NUFFIELD HEALTH, WESSEX HOSPITAL",650,678,28,True
2025-07,2025-08,NT215,"NUFFIELD HEALTH, EXETER HOSPITAL",584,521,-63,True
2025-07,2025-08,NT216,"NUFFIELD HEALTH, GUILDFORD HOSPITAL",481,443,-38,True
2025-07,2025-08,NT218,"NUFFIELD HEALTH, HAYWARDS HEATH HOSPITAL",397,422,25,True
2025-07,2025-08,NT219,"NUFFIELD HEALTH, HEREFORD HOSPITAL",297,322,25,True
2025-07,2025-08,NT224,"NUFFIELD HEALTH, WARWICKSHIRE HOSPITAL",343,383,40,True
2025-07,2025-08,NT225,"NUFFIELD HEALTH, LEEDS HOSPITAL",1639,1583,-56,True
2025-07,2025-08,NT226,"NUFFIELD HEALTH, LEICESTER HOSPITAL",462,413,-49,True
2025-07,2025-08,NT229,"NUFFIELD HEALTH, NEWCASTLE UPON TYNE HOSPITAL",575,632,57,True
2025-07,2025-08,NT230,"NUFFIELD HEALTH, NORTH STAFFORDSHIRE HOSPITAL",1528,1479,-49,True
2025-07,2025-08,NT233,"NUFFIELD HEALTH, PLYMOUTH HOSPITAL",979,998,19,True
2025-07,2025-08,NT235,"NUFFIELD HEALTH, SHREWSBURY HOSPITAL",158,206,48,True
2025-07,2025-08,NT237,"NUFFIELD HEALTH, TEES HOSPITAL",1242,1280,38,True
2025-07,2025-08,NT238,"NUFFIELD HEALTH, TAUNTON HOSPITAL",271,273,2,True
2025-07,2025-08,NT239,"NUFFIELD HEALTH, TUNBRIDGE WELLS HOSPITAL",159,133,-26,True
2025-07,2025-08,NT241,"NUFFIELD HEALTH, WOKING HOSPITAL",395,485,90,True
2025-07,2025-08,NT242,"NUFFIELD HEALTH, WOLVERHAMPTON HOSPITAL",454,474,20,True
2025-07,2025-08,NT244,NUFFIELD HOSPITAL OXFORD (THE MANOR),106,113,7,True
2025-07,2025-08,NT245,"NUFFIELD HEALTH, YORK HOSPITAL",864,932,68,True
2025-07,2025-08,NT301,SPIRE SOUTH BANK HOSPITAL,778,864,86,True
2025-07,2025-08,NT302,SPIRE BRISTOL HOSPITAL,756,762,6,True
2025-07,2025-08,NT304,SPIRE SOUTHAMPTON HOSPITAL,553,407,-146,True
2025-07,2025-08,NT305,SPIRE PORTSMOUTH HOSPITAL,440,418,-22,True
2025-07,2025-08,NT308,SPIRE GATWICK PARK HOSPITAL,1013,949,-64,True
2025-07,2025-08,NT30A,SPIRE NOTTINGHAM HOSPITAL,559,626,67,True
2025-07,2025-08,NT312,SPIRE ALEXANDRA HOSPITAL,1336,1105,-231,True
2025-07,2025-08,NT313,SPIRE WELLESLEY HOSPITAL,1148,1091,-57,True
2025-07,2025-08,NT314,SPIRE LONDON EAST,2433,2453,20,True
2025-07,2025-08,NT315,SPIRE BUSHEY HOSPITAL,948,935,-13,True
2025-07,2025-08,NT316,SPIRE HARPENDEN HOSPITAL,501,536,35,True
2025-07,2025-08,NT317,SPIRE CAMBRIDGE LEA HOSPITAL,434,353,-81,True
2025-07,2025-08,NT318,SPIRE NORWICH HOSPITAL,480,548,68,True
2025-07,2025-08,NT319,SPIRE HARTSWOOD HOSPITAL,1390,1399,9,True
2025-07,2025-08,NT320,SPIRE PARKWAY HOSPITAL,1216,1322,106,True
2025-07,2025-08,NT321,SPIRE LITTLE ASTON HOSPITAL,1464,1343,-121,True
2025-07,2025-08,NT322,SPIRE LEICESTER HOSPITAL,729,762,33,True
2025-07,2025-08,NT324,SPIRE CHESHIRE HOSPITAL,1447,1443,-4,True
2025-07,2025-08,NT325,SPIRE MURRAYFIELD HOSPITAL,629,629,0,True
2025-07,2025-08,NT327,SPIRE MANCHESTER HOSPITAL,1295,1380,85,True
2025-07,2025-08,NT332,SPIRE LEEDS HOSPITAL,1035,1040,5,True
2025-07,2025-08,NT333,SPIRE WASHINGTON HOSPITAL,1314,1357,43,True
2025-07,2025-08,NT337,SPIRE LIVERPOOL HOSPITAL,3127,3072,-55,True
2025-07,2025-08,NT339,SPIRE REGENCY HOSPITAL,1770,1710,-60,True
2025-07,2025-08,NT343,SPIRE THAMES VALLEY HOSPITAL,364,351,-13,True
2025-07,2025-08,NT344,SPIRE DUNEDIN HOSPITAL,251,266,15,True
2025-07,2025-08,NT345,SPIRE CLARE PARK HOSPITAL,316,325,9,True
2025-07,2025-08,NT347,SPIRE FYLDE COAST HOSPITAL,4177,4004,-173,True
2025-07,2025-08,NT348,SPIRE ELLAND HOSPITAL,1542,1453,-89,True
2025-07,2025-08,NT350,SPIRE METHLEY PARK HOSPITAL,1291,1166,-125,True
2025-07,2025-08,NT351,SPIRE HULL AND EAST RIDING HOSPITAL,2035,2030,-5,True
2025-07,2025-08,NT364,SPIRE MONTEFIORE HOSPITAL,986,877,-109,True
2025-07,2025-08,NT3X3,SPIRE ST ANTHONY'S HOSPITAL,542,637,95,True
2025-07,2025-08,NT401,ALEXANDRA HOSPITAL,822,873,51,True
2025-07,2025-08,NT402,BATH CLINIC,740,787,47,True
2025-07,2025-08,NT403,BEARDWOOD HOSPITAL,2372,2368,-4,True
2025-07,2025-08,NT404,BEAUMONT HOSPITAL,3032,2900,-132,True
2025-07,2025-08,NT405,BISHOPS WOOD HOSPITAL,551,523,-28,True
2025-07,2025-08,NT406,BLACKHEATH HOSPITAL,1505,1494,-11,True
2025-07,2025-08,NT408,CHAUCER HOSPITAL,805,809,4,True
2025-07,2025-08,NT409,CHELSFIELD PARK HOSPITAL,764,811,47,True
2025-07,2025-08,NT410,CHILTERN HOSPITAL,451,419,-32,True
2025-07,2025-08,NT411,CLEMENTINE CHURCHILL HOSPITAL,1965,2000,35,True
2025-07,2025-08,NT412,DROITWICH SPA HOSPITAL,1690,1853,163,True
2025-07,2025-08,NT416,HENDON HOSPITAL,1043,1115,72,True
2025-07,2025-08,NT417,GORING HALL HOSPITAL,1025,1063,38,True
2025-07,2025-08,NT418,HAMPSHIRE CLINIC,252,290,38,True
2025-07,2025-08,NT419,HARBOUR HOSPITAL,146,130,-16,True
2025-07,2025-08,NT420,HIGHFIELD HOSPITAL,993,1000,7,True
2025-07,2025-08,NT421,KINGS OAK HOSPITAL,938,1003,65,True
2025-07,2025-08,NT422,LONDON INDEPENDENT HOSPITAL,3819,3844,25,True
2025-07,2025-08,NT423,MANOR HOSPITAL,860,846,-14,True
2025-07,2025-08,NT424,MERIDEN HOSPITAL,1812,1837,25,True
2025-07,2025-08,NT427,PARK HOSPITAL,1443,1628,185,True
2025-07,2025-08,NT428,PRINCESS MARGARET HOSPITAL,80,67,-13,True
2025-07,2025-08,NT429,PRIORY HOSPITAL,595,552,-43,True
2025-07,2025-08,NT430,RIDGEWAY HOSPITAL,326,328,2,True
2025-07,2025-08,NT431,RUNNYMEDE HOSPITAL,91,100,9,True
2025-07,2025-08,NT433,SARUM ROAD HOSPITAL,367,383,16,True
2025-07,2025-08,NT434,SAXON CLINIC,625,634,9,True
2025-07,2025-08,NT435,SHELBURNE HOSPITAL,160,161,1,True
2025-07,2025-08,NT436,SHIRLEY OAKS HOSPITAL,773,828,55,True
2025-07,2025-08,NT437,SLOANE HOSPITAL,895,858,-37,True
2025-07,2025-08,NT440,THORNBURY HOSPITAL,650,632,-18,True
2025-07,2025-08,NT441,THREE SHIRES HOSPITAL,3519,3516,-3,True
2025-07,2025-08,NT443,WINTERBOURNE HOSPITAL,315,316,1,True
2025-07,2025-08,NT445,EDGBASTON HOSPITAL,1,1,0,True
2025-07,2025-08,NT446,ST EDMUNDS HOSPITAL,668,684,16,True
2025-07,2025-08,NT447,DUCHY HOSPITAL,433,398,-35,True
2025-07,2025-08,NT448,HUDDERSFIELD PRIVATE HOSPITAL,789,746,-43,True
2025-07,2025-08,NT449,LANCASTER PRIVATE HOSPITAL,421,408,-13,True
2025-07,2025-08,NT450,LINCOLN PRIVATE HOSPITAL,1278,1260,-18,True
2025-07,2025-08,NT451,CAVELL HOSPITAL,1330,1347,17,True
2025-07,2025-08,NT455,MOUNT ALVERNIA HOSPITAL,260,264,4,True
2025-07,2025-08,NT457,WOODLANDS HOSPITAL,2167,2228,61,True
2025-07,2025-08,NT490,SOUTHEND PRIVATE HOSPITAL,1554,1670,116,True
2025-07,2025-08,NTE02,ST HUGH'S HOSPITAL,2259,2164,-95,True
2025-07,2025-08,NTP11,PRACTICE PLUS GROUP HOSPITAL - SOUTHAMPTON,7943,8141,198,True
2025-07,2025-08,NTP13,PRACTICE PLUS GROUP HOSPITAL - BARLBOROUGH,2098,2034,-64,True
2025-07,2025-08,NTP15,PRACTICE PLUS GROUP HOSPITAL - ILFORD,5659,5822,163,True
2025-07,2025-08,NTP16,PRACTICE PLUS GROUP SURGICAL CENTRE - GILLINGHAM,1076,930,-146,True
2025-07,2025-08,NTPAD,PRACTICE PLUS GROUP SURGICAL CENTRE - ST MARYS PORTSMOUTH,2193,2134,-59,True
2025-07,2025-08,NTPAE,PRACTICE PLUS GROUP OPHTHALMOLOGY - NORTH WEST,2431,318,-2113,True
2025-07,2025-08,NTPH1,PRACTICE PLUS GROUP HOSPITAL - SHEPTON MALLET,2680,2747,67,True
2025-07,2025-08,NTPH2,PRACTICE PLUS GROUP HOSPITAL - EMERSONS GREEN,5070,4873,-197,True
2025-07,2025-08,NTPH3,PRACTICE PLUS GROUP SURGICAL CENTRE - DEVIZES,2785,2742,-43,True
2025-07,2025-08,NTPH5,PRACTICE PLUS GROUP HOSPITAL - PLYMOUTH,2185,2306,121,True
2025-07,2025-08,NTX,THE ONE HEALTH GROUP PLC,4579,4777,198,True
2025-07,2025-08,NV1,INHEALTH LIMITED,1840,1755,-85,True
2025-07,2025-08,NVC01,ASHTEAD HOSPITAL,944,1061,117,True
2025-07,2025-08,NVC02,THE BERKSHIRE INDEPENDENT HOSPITAL,1165,1196,31,True
2025-07,2025-08,NVC04,DUCHY HOSPITAL,1955,1938,-17,True
2025-07,2025-08,NVC05,EUXTON HALL HOSPITAL,3221,3213,-8,True
2025-07,2025-08,NVC06,FITZWILLIAM HOSPITAL,6089,5865,-224,True
2025-07,2025-08,NVC07,FULWOOD HALL HOSPITAL,5780,5286,-494,True
2025-07,2025-08,NVC08,MOUNT STUART HOSPITAL,1962,2029,67,True
2025-07,2025-08,NVC09,NEW HALL HOSPITAL,3419,3364,-55,True
2025-07,2025-08,NVC0I,BEACON PARK HOSPITAL,944,899,-45,True
2025-07,2025-08,NVC0R,TEES VALLEY HOSPITAL,3992,4039,47,True
2025-07,2025-08,NVC0Y,EXETER MEDICAL,297,217,-80,True
2025-07,2025-08,NVC11,NORTH DOWNS HOSPITAL,1692,1745,53,True
2025-07,2025-08,NVC12,OAKLANDS HOSPITAL,4307,4199,-108,True
2025-07,2025-08,NVC13,OAKS HOSPITAL,746,785,39,True
2025-07,2025-08,NVC14,PARK HILL HOSPITAL,828,804,-24,True
2025-07,2025-08,NVC15,PINEHILL HOSPITAL,1405,1269,-136,True
2025-07,2025-08,NVC16,RENACRES HOSPITAL,4586,4680,94,True
2025-07,2025-08,NVC17,ROWLEY HALL HOSPITAL,2353,2343,-10,True
2025-07,2025-08,NVC18,SPRINGFIELD HOSPITAL,4715,4759,44,True
2025-07,2025-08,NVC19,RIVERS HOSPITAL,4106,4257,151,True
2025-07,2025-08,NVC1H,STOURSIDE HOSPITAL,2913,3047,134,True
2025-07,2025-08,NVC20,THE YORKSHIRE CLINIC,7251,7328,77,True
2025-07,2025-08,NVC21,WEST MIDLANDS HOSPITAL,852,800,-52,True
2025-07,2025-08,NVC22,WINFIELD HOSPITAL,1620,1636,16,True
2025-07,2025-08,NVC23,WOODLAND HOSPITAL,4771,4786,15,True
2025-07,2025-08,NVC25,THE CHERWELL HOSPITAL,2171,2176,5,True
2025-07,2025-08,NVC27,BOSTON WEST HOSPITAL,1749,1814,65,True
2025-07,2025-08,NVC28,CLIFTON PARK HOSPITAL,1677,1691,14,True
2025-07,2025-08,NVC29,COBALT HOSPITAL,1623,1607,-16,True
2025-07,2025-08,NVC31,BLAKELANDS HOSPITAL,2244,2299,55,True
2025-07,2025-08,NVC40,WOODTHORPE HOSPITAL,3489,3370,-119,True
2025-07,2025-08,NVC44,THE WESTBOURNE CENTRE,3270,3204,-66,True
2025-07,2025-08,NVL,DMC DERMATOLOGY,234,156,-78,True
2025-07,2025-08,NVM,EPSOMEDICAL GROUP,2612,2935,323,True
2025-07,2025-08,NWF01,BENENDEN HOSPITAL,1477,1505,28,True
2025-07,2025-08,NWV01,GP CARE UK,530,515,-15,True
2025-07,2025-08,NX5,ANGLIA COMMUNITY EYE SERVICE LTD,2244,2082,-162,True
2025-07,2025-08,NXM01,THE HORDER CENTRE - ST JOHNS ROAD,1038,1073,35,True
2025-07,2025-08,NXP,INDEPENDENT HEALTH GROUP,1224,1006,-218,True
2025-07,2025-08,NYG,SUSSEX COMMUNITY DERMATOLOGY SERVICE,17137,17171,34,True
2025-07,2025-08,NYR,HEALTHSHARE DIAGNOSTICS,2571,2501,-70,True
2025-07,2025-08,O1P6X,SPAMEDICA OLDHAM,225,231,6,True
2025-07,2025-08,O5Y9D,SPAMEDICA OXFORD,169,205,36,True
2025-07,2025-08,O6X7Z,SPAMEDICA CAMBRIDGE,161,237,76,True
2025-07,2025-08,P0C3F,SPAMEDICA LEEDS,111,96,-15,True
2025-07,2025-08,P1B7M,SPAMEDICA BRISTOL,63,91,28,True
2025-07,2025-08,P5Y6K,NEWMEDICA - SHREWSBURY,170,263,93,True
2025-07,2025-08,Q1S8W,NEWMEDICA - BURY ST EDMUNDS,1,2,1,True
2025-07,2025-08,Q1W6P,SPAMEDICA WATFORD,145,159,14,True
2025-07,2025-08,Q2Y5H,OVIVA UK LTD,8389,20681,12292,True
2025-07,2025-08,Q8X0X,SPAMEDICA ISLE OF WIGHT COMMUNITY DIAGNOSTIC & TREATMENT CENTRE,35,41,6,True
2025-07,2025-08,R0A,MANCHESTER UNIVERSITY NHS FOUNDATION TRUST,186088,187912,1824,True
2025-07,2025-08,R0B,SOUTH TYNESIDE AND SUNDERLAND NHS FOUNDATION TRUST,59131,59244,113,True
2025-07,2025-08,R0D,UNIVERSITY HOSPITALS DORSET NHS FOUNDATION TRUST,62180,63148,968,True
2025-07,2025-08,R0F4N,NUFFIELD HEALTH PARKSIDE HOSPITAL,970,953,-17,True
2025-07,2025-08,R1A,HEREFORDSHIRE AND WORCESTERSHIRE HEALTH AND CARE NHS TRUST,103,108,5,True
2025-07,2025-08,R1D,SHROPSHIRE COMMUNITY HEALTH NHS TRUST,8525,7972,-553,True
2025-07,2025-08,R1F,ISLE OF WIGHT NHS TRUST,13760,13899,139,True
2025-07,2025-08,R1G7E,SPAMEDICA KENDAL,135,134,-1,True
2025-07,2025-08,R1H,BARTS HEALTH NHS TRUST,134381,133989,-392,True
2025-07,2025-08,R1K,LONDON NORTH WEST UNIVERSITY HEALTHCARE NHS TRUST,86790,86371,-419,True
2025-07,2025-08,R5J3Z,BORDER HEALTH ALLIANCE LIMITED,449,434,-15,True
2025-07,2025-08,R7W2O,NEWCASTLE NEWMEDICA LTD,598,670,72,True
2025-07,2025-08,RA2,ROYAL SURREY COUNTY HOSPITAL NHS FOUNDATION TRUST,30472,30188,-284,True
2025-07,2025-08,RA7,UNIVERSITY HOSPITALS BRISTOL AND WESTON NHS FOUNDATION TRUST,54179,53855,-324,True
2025-07,2025-08,RA9,TORBAY AND SOUTH DEVON NHS FOUNDATION TRUST,32959,32117,-842,True
2025-07,2025-08,RAE,BRADFORD TEACHING HOSPITALS NHS FOUNDATION TRUST,33149,33728,579,True
2025-07,2025-08,RAJ,MID AND SOUTH ESSEX NHS FOUNDATION TRUST,173767,176716,2949,True
2025-07,2025-08,RAL,ROYAL FREE LONDON NHS FOUNDATION TRUST,143040,140244,-2796,True
2025-07,2025-08,RAN,ROYAL NATIONAL ORTHOPAEDIC HOSPITAL NHS TRUST,8709,8955,246,True
2025-07,2025-08,RAS,THE HILLINGDON HOSPITALS NHS FOUNDATION TRUST,32152,34613,2461,True
2025-07,2025-08,RAX,KINGSTON AND RICHMOND NHS FOUNDATION TRUST,42638,42931,293,True
2025-07,2025-08,RBD,DORSET COUNTY HOSPITAL NHS FOUNDATION TRUST,22405,22300,-105,True
2025-07,2025-08,RBK,WALSALL HEALTHCARE NHS TRUST,28308,28353,45,True
2025-07,2025-08,RBL,WIRRAL UNIVERSITY TEACHING HOSPITAL NHS FOUNDATION TRUST,47312,47271,-41,True
2025-07,2025-08,RBN,MERSEY AND WEST LANCASHIRE TEACHING HOSPITALS NHS TRUST,75581,76046,465,True
2025-07,2025-08,RBQ,LIVERPOOL HEART AND CHEST HOSPITAL NHS FOUNDATION TRUST,5079,4967,-112,True
2025-07,2025-08,RBS,ALDER HEY CHILDREN'S NHS FOUNDATION TRUST,18022,17993,-29,True
2025-07,2025-08,RBT,MID CHESHIRE HOSPITALS NHS FOUNDATION TRUST,42114,44339,2225,True
2025-07,2025-08,RBV,THE CHRISTIE NHS FOUNDATION TRUST,2735,2700,-35,True
2025-07,2025-08,RC9,BEDFORDSHIRE HOSPITALS NHS FOUNDATION TRUST,87732,86939,-793,True
2025-07,2025-08,RCB,YORK AND SCARBOROUGH TEACHING HOSPITALS NHS FOUNDATION TRUST,55402,56810,1408,True
2025-07,2025-08,RCD,HARROGATE AND DISTRICT NHS FOUNDATION TRUST,19883,20094,211,True
2025-07,2025-08,RCF,AIREDALE NHS FOUNDATION TRUST,14138,14032,-106,True
2025-07,2025-08,RCU,SHEFFIELD CHILDREN'S NHS FOUNDATION TRUST,12258,12272,14,True
2025-07,2025-08,RCX,"THE QUEEN ELIZABETH HOSPITAL, KING'S LYNN, NHS FOUNDATION TRUST",28041,28493,452,True
2025-07,2025-08,RD1,ROYAL UNITED HOSPITALS BATH NHS FOUNDATION TRUST,41010,39324,-1686,True
2025-07,2025-08,RD8,MILTON KEYNES UNIVERSITY HOSPITAL NHS FOUNDATION TRUST,34705,37614,2909,True
2025-07,2025-08,RDE,EAST SUFFOLK AND NORTH ESSEX NHS FOUNDATION TRUST,92240,93276,1036,True
2025-07,2025-08,RDR,SUSSEX COMMUNITY NHS FOUNDATION TRUST,13961,14087,126,True
2025-07,2025-08,RDU,FRIMLEY HEALTH NHS FOUNDATION TRUST,71588,71038,-550,True
2025-07,2025-08,REF,ROYAL CORNWALL HOSPITALS NHS TRUST,40859,41244,385,True
2025-07,2025-08,REM,LIVERPOOL UNIVERSITY HOSPITALS NHS FOUNDATION TRUST,65798,66543,745,True
2025-07,2025-08,REN,THE CLATTERBRIDGE CANCER CENTRE NHS FOUNDATION TRUST,1154,1121,-33,True
2025-07,2025-08,REP,LIVERPOOL WOMEN'S NHS FOUNDATION TRUST,16410,16567,157,True
2025-07,2025-08,RET,THE WALTON CENTRE NHS FOUNDATION TRUST,14233,14766,533,True
2025-07,2025-08,RF4,"BARKING, HAVERING AND REDBRIDGE UNIVERSITY HOSPITALS NHS TRUST",57908,57909,1,True
2025-07,2025-08,RFF,BARNSLEY HOSPITAL NHS FOUNDATION TRUST,25973,26332,359,True
2025-07,2025-08,RFR,THE ROTHERHAM NHS FOUNDATION TRUST,31308,31705,397,True
2025-07,2025-08,RFS,CHESTERFIELD ROYAL HOSPITAL NHS FOUNDATION TRUST,31827,32396,569,True
2025-07,2025-08,RGM,ROYAL PAPWORTH HOSPITAL NHS FOUNDATION TRUST,6369,6141,-228,True
2025-07,2025-08,RGN,NORTH WEST ANGLIA NHS FOUNDATION TRUST,78896,78005,-891,True
2025-07,2025-08,RGP,JAMES PAGET UNIVERSITY HOSPITALS NHS FOUNDATION TRUST,35167,35421,254,True
2025-07,2025-08,RGR,WEST SUFFOLK NHS FOUNDATION TRUST,35218,33669,-1549,True
2025-07,2025-08,RGT,CAMBRIDGE UNIVERSITY HOSPITALS NHS FOUNDATION TRUST,66901,66120,-781,True
2025-07,2025-08,RH5,SOMERSET NHS FOUNDATION TRUST,57854,57664,-190,True
2025-07,2025-08,RH8,ROYAL DEVON UNIVERSITY HEALTHCARE NHS FOUNDATION TRUST,74801,75910,1109,True
2025-07,2025-08,RHM,UNIVERSITY HOSPITAL SOUTHAMPTON NHS FOUNDATION TRUST,63002,63017,15,True
2025-07,2025-08,RHU,PORTSMOUTH HOSPITALS UNIVERSITY NHS TRUST,58799,57489,-1310,True
2025-07,2025-08,RHW,ROYAL BERKSHIRE NHS FOUNDATION TRUST,36763,35008,-1755,True
2025-07,2025-08,RJ1,GUY'S AND ST THOMAS' NHS FOUNDATION TRUST,112663,112198,-465,True
2025-07,2025-08,RJ2,LEWISHAM AND GREENWICH NHS TRUST,55547,53533,-2014,True
2025-07,2025-08,RJ6,CROYDON HEALTH SERVICES NHS TRUST,37022,36886,-136,True
2025-07,2025-08,RJ7,ST GEORGE'S UNIVERSITY HOSPITALS NHS FOUNDATION TRUST,71702,71199,-503,True
2025-07,2025-08,RJ8,CORNWALL PARTNERSHIP NHS FOUNDATION TRUST,429,434,5,True
2025-07,2025-08,RJC,SOUTH WARWICKSHIRE UNIVERSITY NHS FOUNDATION TRUST,33301,33099,-202,True
2025-07,2025-08,RJE,UNIVERSITY HOSPITALS OF NORTH MIDLANDS NHS TRUST,65637,66395,758,True
2025-07,2025-08,RJL,NORTHERN LINCOLNSHIRE AND GOOLE NHS FOUNDATION TRUST,39114,39698,584,True
2025-07,2025-08,RJN,EAST CHESHIRE NHS TRUST,16968,18240,1272,True
2025-07,2025-08,RJR,COUNTESS OF CHESTER HOSPITAL NHS FOUNDATION TRUST,34989,34477,-512,True
2025-07,2025-08,RJZ,KING'S COLLEGE HOSPITAL NHS FOUNDATION TRUST,81667,79616,-2051,True
2025-07,2025-08,RK5,SHERWOOD FOREST HOSPITALS NHS FOUNDATION TRUST,36077,36130,53,True
2025-07,2025-08,RK9,UNIVERSITY HOSPITALS PLYMOUTH NHS TRUST,49312,49961,649,True
2025-07,2025-08,RKB,UNIVERSITY HOSPITALS COVENTRY AND WARWICKSHIRE NHS TRUST,76129,75394,-735,True
2025-07,2025-08,RKE,WHITTINGTON HEALTH NHS TRUST,26454,26972,518,True
2025-07,2025-08,RL1,THE ROBERT JONES AND AGNES HUNT ORTHOPAEDIC HOSPITAL NHS FOUNDATION TRUST,17298,17001,-297,True
2025-07,2025-08,RL4,THE ROYAL WOLVERHAMPTON NHS TRUST,78434,77147,-1287,True
2025-07,2025-08,RLQ,WYE VALLEY NHS TRUST,22704,22658,-46,True
2025-07,2025-08,RLT,GEORGE ELIOT HOSPITAL NHS TRUST,20525,20217,-308,True
2025-07,2025-08,RM1,NORFOLK AND NORWICH UNIVERSITY HOSPITALS NHS FOUNDATION TRUST,81834,82572,738,True
2025-07,2025-08,RM3,NORTHERN CARE ALLIANCE NHS FOUNDATION TRUST,137339,139016,1677,True
2025-07,2025-08,RMC,BOLTON NHS FOUNDATION TRUST,37565,37521,-44,True
2025-07,2025-08,RMP,TAMESIDE AND GLOSSOP INTEGRATED CARE NHS FOUNDATION TRUST,17203,17096,-107,True
2025-07,2025-08,RN3,GREAT WESTERN HOSPITALS NHS FOUNDATION TRUST,39225,40120,895,True
2025-07,2025-08,RN5,HAMPSHIRE HOSPITALS NHS FOUNDATION TRUST,50560,50837,277,True
2025-07,2025-08,RN7,DARTFORD AND GRAVESHAM NHS TRUST,32329,32175,-154,True
2025-07,2025-08,RNA,THE DUDLEY GROUP NHS FOUNDATION TRUST,46838,46377,-461,True
2025-07,2025-08,RNN,NORTH CUMBRIA INTEGRATED CARE NHS FOUNDATION TRUST,37928,35037,-2891,True
2025-07,2025-08,RNQ,KETTERING GENERAL HOSPITAL NHS FOUNDATION TRUST,25824,25618,-206,True
2025-07,2025-08,RNS,NORTHAMPTON GENERAL HOSPITAL NHS TRUST,43440,43621,181,True
2025-07,2025-08,RNZ,SALISBURY NHS FOUNDATION TRUST,30219,30048,-171,True
2025-07,2025-08,RP4,GREAT ORMOND STREET HOSPITAL FOR CHILDREN NHS FOUNDATION TRUST,8080,8000,-80,True
2025-07,2025-08,RP5,DONCASTER AND BASSETLAW TEACHING HOSPITALS NHS FOUNDATION TRUST,56997,57218,221,True
2025-07,2025-08,RP6,MOORFIELDS EYE HOSPITAL NHS FOUNDATION TRUST,34982,34788,-194,True
2025-07,2025-08,RP7,LINCOLNSHIRE PARTNERSHIP NHS FOUNDATION TRUST,49,38,-11,True
2025-07,2025-08,RPA,MEDWAY NHS FOUNDATION TRUST,39335,39907,572,True
2025-07,2025-08,RPC,QUEEN VICTORIA HOSPITAL NHS FOUNDATION TRUST,18727,19018,291,True
2025-07,2025-08,RPG,OXLEAS NHS FOUNDATION TRUST,1745,1501,-244,True
2025-07,2025-08,RPY,THE ROYAL MARSDEN NHS FOUNDATION TRUST,1935,1917,-18,True
2025-07,2025-08,RQ3,BIRMINGHAM WOMEN'S AND CHILDREN'S NHS FOUNDATION TRUST,26011,24893,-1118,True
2025-07,2025-08,RQM,CHELSEA AND WESTMINSTER HOSPITAL NHS FOUNDATION TRUST,69459,72302,2843,True
2025-07,2025-08,RQW,THE PRINCESS ALEXANDRA HOSPITAL NHS TRUST,46788,44367,-2421,True
2025-07,2025-08,RQX,HOMERTON HEALTHCARE NHS FOUNDATION TRUST,35456,34340,-1116,True
2025-07,2025-08,RR7,GATESHEAD HEALTH NHS FOUNDATION TRUST,13344,13533,189,True
2025-07,2025-08,RR8,LEEDS TEACHING HOSPITALS NHS TRUST,88129,88350,221,True
2025-07,2025-08,RRE,MIDLANDS PARTNERSHIP UNIVERSITY NHS FOUNDATION TRUST,7131,7329,198,True
2025-07,2025-08,RRF,"WRIGHTINGTON, WIGAN AND LEIGH NHS FOUNDATION TRUST",48840,49337,497,True
2025-07,2025-08,RRJ,THE ROYAL ORTHOPAEDIC HOSPITAL NHS FOUNDATION TRUST,13345,13447,102,True
2025-07,2025-08,RRK,UNIVERSITY HOSPITALS BIRMINGHAM NHS FOUNDATION TRUST,101231,97857,-3374,True
2025-07,2025-08,RRV,UNIVERSITY COLLEGE LONDON HOSPITALS NHS FOUNDATION TRUST,73337,73646,309,True
2025-07,2025-08,RT1,CAMBRIDGESHIRE AND PETERBOROUGH NHS FOUNDATION TRUST,336,335,-1,True
2025-07,2025-08,RTD,THE NEWCASTLE UPON TYNE HOSPITALS NHS FOUNDATION TRUST,88051,88516,465,True
2025-07,2025-08,RTE,GLOUCESTERSHIRE HOSPITALS NHS FOUNDATION TRUST,59146,59797,651,True
2025-07,2025-08,RTF,NORTHUMBRIA HEALTHCARE NHS FOUNDATION TRUST,36740,36371,-369,True
2025-07,2025-08,RTG,UNIVERSITY HOSPITALS OF DERBY AND BURTON NHS FOUNDATION TRUST,98832,95660,-3172,True
2025-07,2025-08,RTH,OXFORD UNIVERSITY HOSPITALS NHS FOUNDATION TRUST,86940,86270,-670,True
2025-07,2025-08,RTK,ASHFORD AND ST PETER'S HOSPITALS NHS FOUNDATION TRUST,55868,55231,-637,True
2025-07,2025-08,RTP,SURREY AND SUSSEX HEALTHCARE NHS TRUST,52178,50444,-1734,True
2025-07,2025-08,RTR,SOUTH TEES HOSPITALS NHS FOUNDATION TRUST,56969,57384,415,True
2025-07,2025-08,RTX,UNIVERSITY HOSPITALS OF MORECAMBE BAY NHS FOUNDATION TRUST,34936,34468,-468,True
2025-07,2025-08,RVJ,NORTH BRISTOL NHS TRUST,44047,44445,398,True
2025-07,2025-08,RVR,EPSOM AND ST HELIER UNIVERSITY HOSPITALS NHS TRUST,58157,59695,1538,True
2025-07,2025-08,RVV,EAST KENT HOSPITALS UNIVERSITY NHS FOUNDATION TRUST,79988,80049,61,True
2025-07,2025-08,RVW,NORTH TEES AND HARTLEPOOL NHS FOUNDATION TRUST,21231,20921,-310,True
2025-07,2025-08,RW1,HAMPSHIRE AND ISLE OF WIGHT HEALTHCARE NHS FOUNDATION TRUST,4058,4152,94,True
2025-07,2025-08,RW4,MERSEY CARE NHS FOUNDATION TRUST,41,55,14,True
2025-07,2025-08,RW5,LANCASHIRE & SOUTH CUMBRIA NHS FOUNDATION TRUST,2356,2217,-139,True
2025-07,2025-08,RWA,HULL UNIVERSITY TEACHING HOSPITALS NHS TRUST,79776,80655,879,True
2025-07,2025-08,RWD,UNITED LINCOLNSHIRE TEACHING HOSPITALS NHS TRUST,69761,69626,-135,True
2025-07,2025-08,RWE,UNIVERSITY HOSPITALS OF LEICESTER NHS TRUST,109615,110707,1092,True
2025-07,2025-08,RWF,MAIDSTONE AND TUNBRIDGE WELLS NHS TRUST,48306,48845,539,True
2025-07,2025-08,RWG,WEST HERTFORDSHIRE TEACHING HOSPITALS NHS TRUST,46777,46946,169,True
2025-07,2025-08,RWH,EAST AND NORTH HERTFORDSHIRE NHS TRUST,51774,50842,-932,True
2025-07,2025-08,RWJ,STOCKPORT NHS FOUNDATION TRUST,34772,35231,459,True
2025-07,2025-08,RWP,WORCESTERSHIRE ACUTE HOSPITALS NHS TRUST,55666,56592,926,True
2025-07,2025-08,RWW,WARRINGTON AND HALTON TEACHING HOSPITALS NHS FOUNDATION TRUST,33311,32498,-813,True
2025-07,2025-08,RWX,BERKSHIRE HEALTHCARE NHS FOUNDATION TRUST,82,82,0,True
2025-07,2025-08,RWY,CALDERDALE AND HUDDERSFIELD NHS FOUNDATION TRUST,36627,36645,18,True
2025-07,2025-08,RX1,NOTTINGHAM UNIVERSITY HOSPITALS NHS TRUST,81531,82994,1463,True
2025-07,2025-08,RX4,"CUMBRIA, NORTHUMBERLAND, TYNE AND WEAR NHS FOUNDATION TRUST",161,155,-6,True
2025-07,2025-08,RXC,EAST SUSSEX HEALTHCARE NHS TRUST,62073,62138,65,True
2025-07,2025-08,RXF,MID YORKSHIRE TEACHING NHS TRUST,57209,56517,-692,True
2025-07,2025-08,RXG,SOUTH WEST YORKSHIRE PARTNERSHIP NHS FOUNDATION TRUST,4249,4432,183,True
2025-07,2025-08,RXK,SANDWELL AND WEST BIRMINGHAM HOSPITALS NHS TRUST,63805,65604,1799,True
2025-07,2025-08,RXL,BLACKPOOL TEACHING HOSPITALS NHS FOUNDATION TRUST,40514,42602,2088,True
2025-07,2025-08,RXN,LANCASHIRE TEACHING HOSPITALS NHS FOUNDATION TRUST,64573,65328,755,True
2025-07,2025-08,RXP,COUNTY DURHAM AND DARLINGTON NHS FOUNDATION TRUST,40665,41444,779,True
2025-07,2025-08,RXQ,BUCKINGHAMSHIRE HEALTHCARE NHS TRUST,50829,50253,-576,True
2025-07,2025-08,RXR,EAST LANCASHIRE HOSPITALS NHS TRUST,57368,57212,-156,True
2025-07,2025-08,RXW,THE SHREWSBURY AND TELFORD HOSPITAL NHS TRUST,34742,32670,-2072,True
2025-07,2025-08,RYJ,IMPERIAL COLLEGE HEALTHCARE NHS TRUST,89967,91059,1092,True
2025-07,2025-08,RYR,UNIVERSITY HOSPITALS SUSSEX NHS FOUNDATION TRUST,114879,114700,-179,True
2025-07,2025-08,RYW,BIRMINGHAM COMMUNITY HEALTHCARE NHS FOUNDATION TRUST,15664,16229,565,True
2025-07,2025-08,RYY,KENT COMMUNITY HEALTH NHS FOUNDATION TRUST,3193,3641,448,True
2025-07,2025-08,S1Z4X,NEWMEDICA - BIRMINGHAM,712,781,69,True
2025-07,2025-08,S3H9L,THE HAMPTONS HOSPITAL LTD,1949,1813,-136,True
2025-07,2025-08,S4E3I,MIDLAND EYE (EYE-DOCS LTD),507,373,-134,True
2025-07,2025-08,S5E5Y,HCRG CARE DERMATOLOGY THE IRONSTONE CENTRE,3912,2206,-1706,True
2025-07,2025-08,T4I8V,SPAMEDICA CHESTERFIELD,98,98,0,True
2025-07,2025-08,T8R5I,SPAMEDICA WOKINGHAM,141,186,45,True
2025-07,2025-08,T8V3L,SPAMEDICA DONCASTER,115,153,38,True
2025-07,2025-08,TAD,BRADFORD DISTRICT CARE NHS FOUNDATION TRUST,571,584,13,True
2025-07,2025-08,U0K8N,CES MEDICAL,0,32,32,False
2025-07,2025-08,V4U1Y,SPAMEDICA CHESTER,136,166,30,True
2025-07,2025-08,V5F1D,SPAMEDICA TELFORD,136,173,37,True
2025-07,2025-08,V8A3H,SPAMEDICA SHEFFIELD COMMUNITY DIAGNOSTIC & TREATMENT CENTRE,1,2,1,True
2025-07,2025-08,V8N5R,SPAMEDICA DALSTON,240,261,21,True
2025-07,2025-08,Y8L9S,SPAMEDICA BROMLEY,256,304,48,True
2025-07,2025-08,Y9S1N,FAIRFIELD INDEPENDENT HOSPITAL,2242,2342,100,True
2025-07,2025-08,Z1E5F,NEWMEDICA - HARROGATE,158,204,46,True
2025-07,2025-08,Z2L9B,NEWMEDICA - MANCHESTER WEST,380,399,19,True
2025-07,2025-08,Z5J5V,SPAMEDICA HAYDOCK,126,153,27,True
2025-07,2025-08,Z9Z1G,SPAMEDICA GATESHEAD,123,118,-5,True
2025-08,2025-09,A0C5S,SPAMEDICA GLOUCESTER,64,70,6,True
2025-08,2025-09,A1D1B,SPAMEDICA WEMBLEY,153,138,-15,True
2025-08,2025-09,A1U4J,SPAMEDICA PORTSMOUTH,95,102,7,True
2025-08,2025-09,A4M8P,BUCKSHAW HOSPITAL,3230,3295,65,True
2025-08,2025-09,A4Q9X,NEWMEDICA LEICESTER,387,454,67,True
2025-08,2025-09,AAH,TETBURY HOSPITAL TRUST LTD,342,347,5,True
2025-08,2025-09,AAV,COMMUNITY HEALTH AND EYECARE LIMITED,3451,3748,297,True
2025-08,2025-09,ACG08,NEWMEDICA OPHTHALMOLOGY - NUNEATON - CAMP HILL - GP LED HEALTH CENTRE,21,17,-4,True
2025-08,2025-09,ACG12,NEWMEDICA COMMUNITY OPHTHALMOLOGY - NORTH EAST LINCOLNSHIRE - GRIMSBY,1058,1187,129,True
2025-08,2025-09,ACG13,NEWMEDICA - GLOUCESTER (ASPEN MEDICAL CENTRE),361,369,8,True
2025-08,2025-09,ACG19,NEWMEDICA COMMUNITY OPHTHALMOLOGY - LEEDS,590,673,83,True
2025-08,2025-09,ACG20,NEWMEDICA - BRISTOL - LITFIELD HOUSE,312,295,-17,True
2025-08,2025-09,ACG22,NEWMEDICA - BRIGG - RIVERSIDE SURGERY,979,1001,22,True
2025-08,2025-09,ACG24,NEWMEDICA - TEESSIDE - NORTH ORMESBY,1000,965,-35,True
2025-08,2025-09,ACG26,NEWMEDICA - NORTH DERBYSHIRE - MIDLAND COURT,919,983,64,True
2025-08,2025-09,ACG30,NEWMEDICA - WORKSOP - DUKERIES,148,146,-2,True
2025-08,2025-09,ACG31,NEWMEDICA - WORCESTER,796,757,-39,True
2025-08,2025-09,ACG36,NEWMEDICA - EXETER - GLEN HOUSE,244,236,-8,True
2025-08,2025-09,ACG37,NEWMEDICA - IPSWICH,761,861,100,True
2025-08,2025-09,ACG38,NEWMEDICA - LANGFORD,327,310,-17,True
2025-08,2025-09,ACG39,NEWMEDICA - SWINDON,56,52,-4,True
2025-08,2025-09,ACG40,NEWMEDICA - WAKEFIELD,532,608,76,True
2025-08,2025-09,ACM,EYE CARE MEDICAL LTD,12,8,-4,True
2025-08,2025-09,ADP02,KIMS HOSPITAL (NEWNHAM COURT),1207,1337,130,True
2025-08,2025-09,AHP,ST MICHAEL'S CLINIC LIMITED,1755,1512,-243,True
2025-08,2025-09,AJ8,THE GRANGE MEDICAL CENTRE HQ,295,257,-38,True
2025-08,2025-09,AQK,VERNOVA HEALTHCARE COMMUNITY INTEREST COMPANY,298,281,-17,True
2025-08,2025-09,AWR,ONE STOP DOCTORS LIMITED,28,58,30,True
2025-08,2025-09,AY1,MEDEFER,357,363,6,True
2025-08,2025-09,B1A5K,NEWMEDICA - NOTTINGHAM,668,713,45,True
2025-08,2025-09,B3M1X,CLAREMONT PRIVATE HOSPITAL,2146,2040,-106,True
2025-08,2025-09,B4N1U,SPAMEDICA ROMFORD,336,331,-5,True
2025-08,2025-09,B5M7B,NEWMEDICA - NORWICH,1230,1418,188,True
2025-08,2025-09,B9J4U,SPAMEDICA PETERBOROUGH,211,216,5,True
2025-08,2025-09,B9M3W,SPAMEDICA SOUTHAMPTON,511,522,11,True
2025-08,2025-09,C3Y0A,SPAMEDICA BLACKPOOL,165,160,-5,True
2025-08,2025-09,C5Y9L,NEWMEDICA - BERKSHIRE - BRACKNELL,70,71,1,True
2025-08,2025-09,C9A7J,NEWMEDICA - BRADFORD & HUDDERSFIELD,277,357,80,True
2025-08,2025-09,D0V5X,NEWMEDICA - SWINDON MURDOCK ROAD,53,70,17,True
2025-08,2025-09,D3O0Z,PLYMOUTH NEWMEDICA LTD,378,371,-7,True
2025-08,2025-09,D5P5H,SPAMEDICA BEXHILL,237,219,-18,True
2025-08,2025-09,DFQ,NORWICH & NORFOLK SURGICAL LTD (N2S),874,914,40,True
2025-08,2025-09,DFY01,COTSWOLDS SURGICAL PARTNERS,2,147,145,True
2025-08,2025-09,DJH01,THE ROYAL BUCKINGHAMSHIRE HOSPITAL LTD,9,3,-6,True
2025-08,2025-09,DPK,THE STONEYGATE EYE HOSPITAL,279,367,88,True
2025-08,2025-09,DTT,PHOENIX PUBLIC HEALTH LTD,238,237,-1,True
2025-08,2025-09,DX1,THE NEW FOSCOTE HOSPITAL LTD,314,292,-22,True
2025-08,2025-09,DXV,OMNES HEALTHCARE LTD,11055,11052,-3,True
2025-08,2025-09,E1U4T,SPAMEDICA CARLISLE,187,251,64,True
2025-08,2025-09,E3D4A,SPAMEDICA TRURO,139,147,8,True
2025-08,2025-09,F0R0W,NEWMEDICA - DARLINGTON,33,46,13,True
2025-08,2025-09,F1Y1H,NEWMEDICA - CHESHIRE OAKS,228,274,46,True
2025-08,2025-09,F7F6D,NEWMEDICA - HERTFORSHIRE - WELWYN GARDEN CITY,322,434,112,True
2025-08,2025-09,F9Z4V,CIRCLE READING HOSPITAL,1759,1691,-68,True
2025-08,2025-09,G3O5P,SPAMEDICA NEWARK,303,321,18,True
2025-08,2025-09,G3Q3Z,NUFFIELD HEALTH HIGHGATE HOSPITAL,811,779,-32,True
2025-08,2025-09,G3Z1Q,SULIS HOSPITAL BATH (FOXCOTE AVENUE),3273,3306,33,True
2025-08,2025-09,G4H0I,NEWMEDICA SUFFOLK - BURY ST EDMUNDS - CLARITY HOUSE,605,598,-7,True
2025-08,2025-09,G5X2Q,SPAMEDICA NORTH TYNESIDE,188,218,30,True
2025-08,2025-09,G6S7A,SPAMEDICA TAUNTON,258,237,-21,True
2025-08,2025-09,GEC01,RAPID INVESTIGATION SERVICE,105,80,-25,True
2025-08,2025-09,H1T2P,SPAMEDICA SWINDON,61,71,10,True
2025-08,2025-09,H2K1G,NEWMEDICA - BROMSGROVE,381,351,-30,True
2025-08,2025-09,H4I8B,NUFFIELD HEALTH THE HOLLY HOSPITAL,2591,2774,183,True
2025-08,2025-09,H4J9P,NEWMEDICA AZTEC WEST,675,675,0,True
2025-08,2025-09,H4Y7F,SPAMEDICA DORCHESTER,0,6,6,False
2025-08,2025-09,I1H7K,SPAMEDICA SALE,74,115,41,True
2025-08,2025-09,I2C7H,SPAMEDICA BRADFORD,143,174,31,True
2025-08,2025-09,I9A4A,SPAMEDICA BRIGHTON,244,262,18,True
2025-08,2025-09,J0M7P,SPAMEDICA HEREFORD DIAGNOSTIC AND TREATMENT CENTRE,19,17,-2,True
2025-08,2025-09,J2H6H,SPAMEDICA COLCHESTER,82,74,-8,True
2025-08,2025-09,J3J8Z,NEWMEDICA - OXFORDSHIRE,561,510,-51,True
2025-08,2025-09,J3X4C,SPAMEDICA WORCESTER,187,229,42,True
2025-08,2025-09,J7V1N,SPAMEDICA SOLIHULL,236,324,88,True
2025-08,2025-09,K8I4X,GLENDON WOOD HOSPITAL,1317,1407,90,True
2025-08,2025-09,K9J3O,SPAMEDICA LUTON,178,226,48,True
2025-08,2025-09,L0D9W,NEWMEDICA - GLOUCESTER (BRIGHOUSE COURT),836,1022,186,True
2025-08,2025-09,L4R3R,NEWMEDICA - HAMPSHIRE,1455,1678,223,True
2025-08,2025-09,L6O7H,SPAMEDICA POOLE,424,497,73,True
2025-08,2025-09,L9D3Z,SPAMEDICA LEICESTER,116,128,12,True
2025-08,2025-09,M0N7E,SPAMEDICA SITTINGBOURNE,129,120,-9,True
2025-08,2025-09,M2Y6D,PRACTICE PLUS GROUP HOSPITAL BIRMINGHAM,692,704,12,True
2025-08,2025-09,M3R0W,SPAMEDICA NORWICH,186,203,17,True
2025-08,2025-09,M4C5R,NEWMEDICA - NORTHAMPTON,707,817,110,True
2025-08,2025-09,M5E1S,SPAMEDICA EXETER,190,249,59,True
2025-08,2025-09,M6L9D,NEWMEDICA - NOTTINGHAM - KEYWORTH,16,17,1,True
2025-08,2025-09,M7C9Q,SPAMEDICA EPSOM,164,168,4,True
2025-08,2025-09,M9U8M,ENDOCARE DIAGNOSTICS LTD,101,129,28,True
2025-08,2025-09,N1N0Y,SPAMEDICA CROYDON,77,80,3,True
2025-08,2025-09,N6Z0R,NEWMEDICA - LINCOLN,58,47,-11,True
2025-08,2025-09,N8R1N,NEWMEDICA - BERKSHIRE,837,948,111,True
2025-08,2025-09,NAM01,PROBUS SURGICAL CENTRE,1322,1336,14,True
2025-08,2025-09,NCN,DMC HEALTHCARE,1551,2043,492,True
2025-08,2025-09,NCR,ISIGHT,1019,1331,312,True
2025-08,2025-09,NDJ,FIRST COMMUNITY HEALTH AND CARE CIC,689,701,12,True
2025-08,2025-09,NDL01,SUFFOLK GP FEDERATION,54,81,27,True
2025-08,2025-09,NEQ,PHOENIX HEALTH SOLUTIONS LIMITED HQ,516,586,70,True
2025-08,2025-09,NEY,PIONEER HEALTHCARE LIMITED,1613,1237,-376,True
2025-08,2025-09,NFH,SOMERSET SURGICAL SERVICES HQ,1104,1011,-93,True
2025-08,2025-09,NL3,CARE PLUS GROUP,193,202,9,True
2025-08,2025-09,NL8,LOCALA COMMUNITY PARTNERSHIPS CIC,1245,1285,40,True
2025-08,2025-09,NLE01,LANCASTER HOUSE CONSULTING DIAGNOSTICS SURGICAL LTD HQ,381,764,383,True
2025-08,2025-09,NLG,COMMUNITAS CLINICS,13176,13558,382,True
2025-08,2025-09,NLX,SIRONA CARE & HEALTH,7701,7499,-202,True
2025-08,2025-09,NMG,CONNECT HEALTH LIMITED,17910,15685,-2225,True
2025-08,2025-09,NN4,TYNESIDE SURGICAL SERVICES LTD,1338,1397,59,True
2025-08,2025-09,NN5,MANCHESTER SURGICAL SERVICES LTD,375,338,-37,True
2025-08,2025-09,NN8,SPENCER PRIVATE HOSPITALS LTD,3209,3215,6,True
2025-08,2025-09,NNE,DORKING HEALTHCARE LIMITED (DHC),6391,6368,-23,True
2025-08,2025-09,NNH,OPTEGRA UK,6365,6697,332,True
2025-08,2025-09,NP9,BESPOKE HEALTHCARE LTD,0,407,407,False
2025-08,2025-09,NPG01,SPAMEDICA MANCHESTER,152,179,27,True
2025-08,2025-09,NPG02,SPAMEDICA WIRRAL,171,168,-3,True
2025-08,2025-09,NPG06,SPAMEDICA LIVERPOOL,327,379,52,True
2025-08,2025-09,NPG07,SPAMEDICA EYE HOSPITAL (WAKEFIELD),214,311,97,True
2025-08,2025-09,NPG08,SPAMEDICA BOLTON,153,255,102,True
2025-08,2025-09,NPG10,SPAMEDICA SHEFFIELD,162,239,77,True
2025-08,2025-09,NPG11,SPAMEDICA BIRMINGHAM,325,523,198,True
2025-08,2025-09,NPG13,SPAMEDICA SKELMERSDALE,88,89,1,True
2025-08,2025-09,NPG14,SPAMEDICA WIDNES,135,187,52,True
2025-08,2025-09,NPG15,SPAMEDICA NEWCASTLE-UNDER-LYME,153,150,-3,True
2025-08,2025-09,NPG16,SPAMEDICA CHELMSFORD,249,345,96,True
2025-08,2025-09,NPG17,SPAMEDICA PRESTON,212,182,-30,True
2025-08,2025-09,NPG18,SPAMEDICA HULL,169,232,63,True
2025-08,2025-09,NPG19,SPAMEDICA BEDFORD,212,255,43,True
2025-08,2025-09,NPG20,SPAMEDICA WOLVERHAMPTON,324,351,27,True
2025-08,2025-09,NPG21,SPAMEDICA COVENTRY,278,303,25,True
2025-08,2025-09,NPG22,SPAMEDICA STOCKTON-ON-TEES,210,231,21,True
2025-08,2025-09,NPG23,SPAMEDICA DERBY,189,220,31,True
2025-08,2025-09,NPR01,ABOUT HEALTH HQ,1147,1122,-25,True
2025-08,2025-09,NQH,NOVUS HEALTH LTD,904,1263,359,True
2025-08,2025-09,NQM01,ORTHOPAEDICS & SPINE SPECIALIST HOSPITAL SITE,170,128,-42,True
2025-08,2025-09,NQT5K,ST MARTINS HOSPITAL,153,174,21,True
2025-08,2025-09,NQX,PROVIDE ENTERPRISES,105,87,-18,True
2025-08,2025-09,NR5,LIVEWELL SOUTHWEST,62,62,0,True
2025-08,2025-09,NRF,UNIVERSITY OF SOUTHAMPTON AUDITORY IMPLANT SERVICE,184,205,21,True
2025-08,2025-09,NRL,HEART NETWORKS,415,398,-17,True
2025-08,2025-09,NRP,BEACON MEDICAL SERVICES GROUP LIMITED,921,993,72,True
2025-08,2025-09,NT202,"NUFFIELD HEALTH, BOURNEMOUTH HOSPITAL",264,275,11,True
2025-08,2025-09,NT204,"NUFFIELD HEALTH, BRENTWOOD HOSPITAL",1797,1904,107,True
2025-08,2025-09,NT205,"NUFFIELD HEALTH, BRIGHTON HOSPITAL",864,869,5,True
2025-08,2025-09,NT206,"NUFFIELD HEALTH, BRISTOL HOSPITAL (CHESTERFIELD)",636,576,-60,True
2025-08,2025-09,NT209,"NUFFIELD HEALTH, CAMBRIDGE HOSPITAL",324,291,-33,True
2025-08,2025-09,NT210,"NUFFIELD HEALTH, THE GROSVENOR HOSPITAL, CHESTER",422,428,6,True
2025-08,2025-09,NT211,"NUFFIELD HEALTH, CHELTENHAM HOSPITAL",112,136,24,True
2025-08,2025-09,NT212,"NUFFIELD HEALTH, CHICHESTER HOSPITAL",1158,875,-283,True
2025-08,2025-09,NT213,"NUFFIELD HEALTH, DERBY HOSPITAL",1066,1033,-33,True
2025-08,2025-09,NT214,"NUFFIELD HEALTH, WESSEX HOSPITAL",678,683,5,True
2025-08,2025-09,NT215,"NUFFIELD HEALTH, EXETER HOSPITAL",521,518,-3,True
2025-08,2025-09,NT216,"NUFFIELD HEALTH, GUILDFORD HOSPITAL",443,402,-41,True
2025-08,2025-09,NT218,"NUFFIELD HEALTH, HAYWARDS HEATH HOSPITAL",422,454,32,True
2025-08,2025-09,NT219,"NUFFIELD HEALTH, HEREFORD HOSPITAL",322,336,14,True
2025-08,2025-09,NT224,"NUFFIELD HEALTH, WARWICKSHIRE HOSPITAL",383,431,48,True
2025-08,2025-09,NT225,"NUFFIELD HEALTH, LEEDS HOSPITAL",1583,1441,-142,True
2025-08,2025-09,NT226,"NUFFIELD HEALTH, LEICESTER HOSPITAL",413,392,-21,True
2025-08,2025-09,NT229,"NUFFIELD HEALTH, NEWCASTLE UPON TYNE HOSPITAL",632,570,-62,True
2025-08,2025-09,NT230,"NUFFIELD HEALTH, NORTH STAFFORDSHIRE HOSPITAL",1479,1379,-100,True
2025-08,2025-09,NT233,"NUFFIELD HEALTH, PLYMOUTH HOSPITAL",998,1035,37,True
2025-08,2025-09,NT235,"NUFFIELD HEALTH, SHREWSBURY HOSPITAL",206,259,53,True
2025-08,2025-09,NT237,"NUFFIELD HEALTH, TEES HOSPITAL",1280,1262,-18,True
2025-08,2025-09,NT238,"NUFFIELD HEALTH, TAUNTON HOSPITAL",273,286,13,True
2025-08,2025-09,NT239,"NUFFIELD HEALTH, TUNBRIDGE WELLS HOSPITAL",133,125,-8,True
2025-08,2025-09,NT241,"NUFFIELD HEALTH, WOKING HOSPITAL",485,519,34,True
2025-08,2025-09,NT242,"NUFFIELD HEALTH, WOLVERHAMPTON HOSPITAL",474,502,28,True
2025-08,2025-09,NT244,NUFFIELD HOSPITAL OXFORD (THE MANOR),113,115,2,True
2025-08,2025-09,NT245,"NUFFIELD HEALTH, YORK HOSPITAL",932,978,46,True
2025-08,2025-09,NT301,SPIRE SOUTH BANK HOSPITAL,864,892,28,True
2025-08,2025-09,NT302,SPIRE BRISTOL HOSPITAL,762,743,-19,True
2025-08,2025-09,NT304,SPIRE SOUTHAMPTON HOSPITAL,407,426,19,True
2025-08,2025-09,NT305,SPIRE PORTSMOUTH HOSPITAL,418,476,58,True
2025-08,2025-09,NT308,SPIRE GATWICK PARK HOSPITAL,949,939,-10,True
2025-08,2025-09,NT30A,SPIRE NOTTINGHAM HOSPITAL,626,709,83,True
2025-08,2025-09,NT312,SPIRE ALEXANDRA HOSPITAL,1105,1155,50,True
2025-08,2025-09,NT313,SPIRE WELLESLEY HOSPITAL,1091,1038,-53,True
2025-08,2025-09,NT314,SPIRE LONDON EAST,2453,2829,376,True
2025-08,2025-09,NT315,SPIRE BUSHEY HOSPITAL,935,977,42,True
2025-08,2025-09,NT316,SPIRE HARPENDEN HOSPITAL,536,562,26,True
2025-08,2025-09,NT317,SPIRE CAMBRIDGE LEA HOSPITAL,353,340,-13,True
2025-08,2025-09,NT318,SPIRE NORWICH HOSPITAL,548,551,3,True
2025-08,2025-09,NT319,SPIRE HARTSWOOD HOSPITAL,1399,1271,-128,True
2025-08,2025-09,NT320,SPIRE PARKWAY HOSPITAL,1322,1554,232,True
2025-08,2025-09,NT321,SPIRE LITTLE ASTON HOSPITAL,1343,1313,-30,True
2025-08,2025-09,NT322,SPIRE LEICESTER HOSPITAL,762,1079,317,True
2025-08,2025-09,NT324,SPIRE CHESHIRE HOSPITAL,1443,1517,74,True
2025-08,2025-09,NT325,SPIRE MURRAYFIELD HOSPITAL,629,728,99,True
2025-08,2025-09,NT327,SPIRE MANCHESTER HOSPITAL,1380,1501,121,True
2025-08,2025-09,NT332,SPIRE LEEDS HOSPITAL,1040,1087,47,True
2025-08,2025-09,NT333,SPIRE WASHINGTON HOSPITAL,1357,1455,98,True
2025-08,2025-09,NT337,SPIRE LIVERPOOL HOSPITAL,3072,3539,467,True
2025-08,2025-09,NT339,SPIRE REGENCY HOSPITAL,1710,2040,330,True
2025-08,2025-09,NT343,SPIRE THAMES VALLEY HOSPITAL,351,336,-15,True
2025-08,2025-09,NT344,SPIRE DUNEDIN HOSPITAL,266,277,11,True
2025-08,2025-09,NT345,SPIRE CLARE PARK HOSPITAL,325,359,34,True
2025-08,2025-09,NT347,SPIRE FYLDE COAST HOSPITAL,4004,4594,590,True
2025-08,2025-09,NT348,SPIRE ELLAND HOSPITAL,1453,1637,184,True
2025-08,2025-09,NT350,SPIRE METHLEY PARK HOSPITAL,1166,1146,-20,True
2025-08,2025-09,NT351,SPIRE HULL AND EAST RIDING HOSPITAL,2030,2260,230,True
2025-08,2025-09,NT364,SPIRE MONTEFIORE HOSPITAL,877,806,-71,True
2025-08,2025-09,NT3X3,SPIRE ST ANTHONY'S HOSPITAL,637,882,245,True
2025-08,2025-09,NT401,ALEXANDRA HOSPITAL,873,846,-27,True
2025-08,2025-09,NT402,BATH CLINIC,787,824,37,True
2025-08,2025-09,NT403,BEARDWOOD HOSPITAL,2368,2404,36,True
2025-08,2025-09,NT404,BEAUMONT HOSPITAL,2900,2899,-1,True
2025-08,2025-09,NT405,BISHOPS WOOD HOSPITAL,523,566,43,True
2025-08,2025-09,NT406,BLACKHEATH HOSPITAL,1494,1616,122,True
2025-08,2025-09,NT408,CHAUCER HOSPITAL,809,829,20,True
2025-08,2025-09,NT409,CHELSFIELD PARK HOSPITAL,811,834,23,True
2025-08,2025-09,NT410,CHILTERN HOSPITAL,419,429,10,True
2025-08,2025-09,NT411,CLEMENTINE CHURCHILL HOSPITAL,2000,1855,-145,True
2025-08,2025-09,NT412,DROITWICH SPA HOSPITAL,1853,1728,-125,True
2025-08,2025-09,NT416,HENDON HOSPITAL,1115,1194,79,True
2025-08,2025-09,NT417,GORING HALL HOSPITAL,1063,1027,-36,True
2025-08,2025-09,NT418,HAMPSHIRE CLINIC,290,294,4,True
2025-08,2025-09,NT419,HARBOUR HOSPITAL,130,113,-17,True
2025-08,2025-09,NT420,HIGHFIELD HOSPITAL,1000,972,-28,True
2025-08,2025-09,NT421,KINGS OAK HOSPITAL,1003,1023,20,True
2025-08,2025-09,NT422,LONDON INDEPENDENT HOSPITAL,3844,3570,-274,True
2025-08,2025-09,NT423,MANOR HOSPITAL,846,838,-8,True
2025-08,2025-09,NT424,MERIDEN HOSPITAL,1837,1914,77,True
2025-08,2025-09,NT427,PARK HOSPITAL,1628,1739,111,True
2025-08,2025-09,NT428,PRINCESS MARGARET HOSPITAL,67,79,12,True
2025-08,2025-09,NT429,PRIORY HOSPITAL,552,484,-68,True
2025-08,2025-09,NT430,RIDGEWAY HOSPITAL,328,338,10,True
2025-08,2025-09,NT431,RUNNYMEDE HOSPITAL,100,125,25,True
2025-08,2025-09,NT433,SARUM ROAD HOSPITAL,383,394,11,True
2025-08,2025-09,NT434,SAXON CLINIC,634,668,34,True
2025-08,2025-09,NT435,SHELBURNE HOSPITAL,161,192,31,True
2025-08,2025-09,NT436,SHIRLEY OAKS HOSPITAL,828,870,42,True
2025-08,2025-09,NT437,SLOANE HOSPITAL,858,872,14,True
2025-08,2025-09,NT440,THORNBURY HOSPITAL,632,620,-12,True
2025-08,2025-09,NT441,THREE SHIRES HOSPITAL,3516,3625,109,True
2025-08,2025-09,NT443,WINTERBOURNE HOSPITAL,316,304,-12,True
2025-08,2025-09,NT445,EDGBASTON HOSPITAL,1,1,0,True
2025-08,2025-09,NT446,ST EDMUNDS HOSPITAL,684,632,-52,True
2025-08,2025-09,NT447,DUCHY HOSPITAL,398,378,-20,True
2025-08,2025-09,NT448,HUDDERSFIELD PRIVATE HOSPITAL,746,717,-29,True
2025-08,2025-09,NT449,LANCASTER PRIVATE HOSPITAL,408,354,-54,True
2025-08,2025-09,NT450,LINCOLN PRIVATE HOSPITAL,1260,1269,9,True
2025-08,2025-09,NT451,CAVELL HOSPITAL,1347,1390,43,True
2025-08,2025-09,NT455,MOUNT ALVERNIA HOSPITAL,264,268,4,True
2025-08,2025-09,NT457,WOODLANDS HOSPITAL,2228,2332,104,True
2025-08,2025-09,NT490,SOUTHEND PRIVATE HOSPITAL,1670,1412,-258,True
2025-08,2025-09,NTE02,ST HUGH'S HOSPITAL,2164,2045,-119,True
2025-08,2025-09,NTP11,PRACTICE PLUS GROUP HOSPITAL - SOUTHAMPTON,8141,8494,353,True
2025-08,2025-09,NTP13,PRACTICE PLUS GROUP HOSPITAL - BARLBOROUGH,2034,2013,-21,True
2025-08,2025-09,NTP15,PRACTICE PLUS GROUP HOSPITAL - ILFORD,5822,6073,251,True
2025-08,2025-09,NTP16,PRACTICE PLUS GROUP SURGICAL CENTRE - GILLINGHAM,930,1019,89,True
2025-08,2025-09,NTPAD,PRACTICE PLUS GROUP SURGICAL CENTRE - ST MARYS PORTSMOUTH,2134,2327,193,True
2025-08,2025-09,NTPAE,PRACTICE PLUS GROUP OPHTHALMOLOGY - NORTH WEST,318,389,71,True
2025-08,2025-09,NTPH1,PRACTICE PLUS GROUP HOSPITAL - SHEPTON MALLET,2747,2723,-24,True
2025-08,2025-09,NTPH2,PRACTICE PLUS GROUP HOSPITAL - EMERSONS GREEN,4873,4458,-415,True
2025-08,2025-09,NTPH3,PRACTICE PLUS GROUP SURGICAL CENTRE - DEVIZES,2742,2509,-233,True
2025-08,2025-09,NTPH5,PRACTICE PLUS GROUP HOSPITAL - PLYMOUTH,2306,2296,-10,True
2025-08,2025-09,NTX,THE ONE HEALTH GROUP PLC,4777,5420,643,True
2025-08,2025-09,NV1,INHEALTH LIMITED,1755,1403,-352,True
2025-08,2025-09,NVC01,ASHTEAD HOSPITAL,1061,1027,-34,True
2025-08,2025-09,NVC02,THE BERKSHIRE INDEPENDENT HOSPITAL,1196,1122,-74,True
2025-08,2025-09,NVC04,DUCHY HOSPITAL,1938,2005,67,True
2025-08,2025-09,NVC05,EUXTON HALL HOSPITAL,3213,3071,-142,True
2025-08,2025-09,NVC06,FITZWILLIAM HOSPITAL,5865,5779,-86,True
2025-08,2025-09,NVC07,FULWOOD HALL HOSPITAL,5286,5234,-52,True
2025-08,2025-09,NVC08,MOUNT STUART HOSPITAL,2029,1907,-122,True
2025-08,2025-09,NVC09,NEW HALL HOSPITAL,3364,3298,-66,True
2025-08,2025-09,NVC0I,BEACON PARK HOSPITAL,899,993,94,True
2025-08,2025-09,NVC0R,TEES VALLEY HOSPITAL,4039,4326,287,True
2025-08,2025-09,NVC0Y,EXETER MEDICAL,217,193,-24,True
2025-08,2025-09,NVC11,NORTH DOWNS HOSPITAL,1745,1726,-19,True
2025-08,2025-09,NVC12,OAKLANDS HOSPITAL,4199,4215,16,True
2025-08,2025-09,NVC13,OAKS HOSPITAL,785,764,-21,True
2025-08,2025-09,NVC14,PARK HILL HOSPITAL,804,778,-26,True
2025-08,2025-09,NVC15,PINEHILL HOSPITAL,1269,1360,91,True
2025-08,2025-09,NVC16,RENACRES HOSPITAL,4680,4858,178,True
2025-08,2025-09,NVC17,ROWLEY HALL HOSPITAL,2343,2359,16,True
2025-08,2025-09,NVC18,SPRINGFIELD HOSPITAL,4759,4842,83,True
2025-08,2025-09,NVC19,RIVERS HOSPITAL,4257,4396,139,True
2025-08,2025-09,NVC1H,STOURSIDE HOSPITAL,3047,3278,231,True
2025-08,2025-09,NVC20,THE YORKSHIRE CLINIC,7328,7311,-17,True
2025-08,2025-09,NVC21,WEST MIDLANDS HOSPITAL,800,639,-161,True
2025-08,2025-09,NVC22,WINFIELD HOSPITAL,1636,1542,-94,True
2025-08,2025-09,NVC23,WOODLAND HOSPITAL,4786,4899,113,True
2025-08,2025-09,NVC25,THE CHERWELL HOSPITAL,2176,2164,-12,True
2025-08,2025-09,NVC27,BOSTON WEST HOSPITAL,1814,1864,50,True
2025-08,2025-09,NVC28,CLIFTON PARK HOSPITAL,1691,1715,24,True
2025-08,2025-09,NVC29,COBALT HOSPITAL,1607,1619,12,True
2025-08,2025-09,NVC31,BLAKELANDS HOSPITAL,2299,2181,-118,True
2025-08,2025-09,NVC40,WOODTHORPE HOSPITAL,3370,3647,277,True
2025-08,2025-09,NVC44,THE WESTBOURNE CENTRE,3204,3407,203,True
2025-08,2025-09,NVL,DMC DERMATOLOGY,156,238,82,True
2025-08,2025-09,NVM,EPSOMEDICAL GROUP,2935,2989,54,True
2025-08,2025-09,NWF01,BENENDEN HOSPITAL,1505,1511,6,True
2025-08,2025-09,NWV01,COHESE HEALTHCARE,515,550,35,True
2025-08,2025-09,NX5,ANGLIA COMMUNITY EYE SERVICE LTD,2082,2058,-24,True
2025-08,2025-09,NXM01,THE HORDER CENTRE - ST JOHNS ROAD,1073,1118,45,True
2025-08,2025-09,NXP,INDEPENDENT HEALTH GROUP,1006,1027,21,True
2025-08,2025-09,NYG,SUSSEX COMMUNITY DERMATOLOGY SERVICE,17171,17681,510,True
2025-08,2025-09,NYR,HEALTHSHARE DIAGNOSTICS,2501,2464,-37,True
2025-08,2025-09,O1P6X,SPAMEDICA OLDHAM,231,344,113,True
2025-08,2025-09,O5Y9D,SPAMEDICA OXFORD,205,196,-9,True
2025-08,2025-09,O6X7Z,SPAMEDICA CAMBRIDGE,237,279,42,True
2025-08,2025-09,P0C3F,SPAMEDICA LEEDS,96,147,51,True
2025-08,2025-09,P1B7M,SPAMEDICA BRISTOL,91,101,10,True
2025-08,2025-09,P5Y6K,NEWMEDICA - SHREWSBURY,263,321,58,True
2025-08,2025-09,Q1S8W,NEWMEDICA - BURY ST EDMUNDS,2,0,-2,False
2025-08,2025-09,Q1W6P,SPAMEDICA WATFORD,159,190,31,True
2025-08,2025-09,Q2Y5H,OVIVA UK LTD,20681,18233,-2448,True
2025-08,2025-09,Q8X0X,SPAMEDICA ISLE OF WIGHT COMMUNITY DIAGNOSTIC & TREATMENT CENTRE,41,53,12,True
2025-08,2025-09,R0A,MANCHESTER UNIVERSITY NHS FOUNDATION TRUST,187912,185690,-2222,True
2025-08,2025-09,R0B,SOUTH TYNESIDE AND SUNDERLAND NHS FOUNDATION TRUST,59244,58707,-537,True
2025-08,2025-09,R0D,UNIVERSITY HOSPITALS DORSET NHS FOUNDATION TRUST,63148,62683,-465,True
2025-08,2025-09,R0F4N,NUFFIELD HEALTH PARKSIDE HOSPITAL,953,925,-28,True
2025-08,2025-09,R1A,HEREFORDSHIRE AND WORCESTERSHIRE HEALTH AND CARE NHS TRUST,108,91,-17,True
2025-08,2025-09,R1D,SHROPSHIRE COMMUNITY HEALTH NHS TRUST,7972,7845,-127,True
2025-08,2025-09,R1F,ISLE OF WIGHT NHS TRUST,13899,13738,-161,True
2025-08,2025-09,R1G7E,SPAMEDICA KENDAL,134,208,74,True
2025-08,2025-09,R1H,BARTS HEALTH NHS TRUST,133989,133434,-555,True
2025-08,2025-09,R1K,LONDON NORTH WEST UNIVERSITY HEALTHCARE NHS TRUST,86371,86136,-235,True
2025-08,2025-09,R5J3Z,BORDER HEALTH ALLIANCE LIMITED,434,478,44,True
2025-08,2025-09,R7W2O,NEWCASTLE NEWMEDICA LTD,670,730,60,True
2025-08,2025-09,RA2,ROYAL SURREY NHS FOUNDATION TRUST,30188,29697,-491,True
2025-08,2025-09,RA7,UNIVERSITY HOSPITALS BRISTOL AND WESTON NHS FOUNDATION TRUST,53855,53657,-198,True
2025-08,2025-09,RA9,TORBAY AND SOUTH DEVON NHS FOUNDATION TRUST,32117,32106,-11,True
2025-08,2025-09,RAE,BRADFORD TEACHING HOSPITALS NHS FOUNDATION TRUST,33728,33405,-323,True
2025-08,2025-09,RAJ,MID AND SOUTH ESSEX NHS FOUNDATION TRUST,176716,178849,2133,True
2025-08,2025-09,RAL,ROYAL FREE LONDON NHS FOUNDATION TRUST,140244,137161,-3083,True
2025-08,2025-09,RAN,ROYAL NATIONAL ORTHOPAEDIC HOSPITAL NHS TRUST,8955,9052,97,True
2025-08,2025-09,RAS,THE HILLINGDON HOSPITALS NHS FOUNDATION TRUST,34613,36914,2301,True
2025-08,2025-09,RAX,KINGSTON AND RICHMOND NHS FOUNDATION TRUST,42931,43891,960,True
2025-08,2025-09,RBD,DORSET COUNTY HOSPITAL NHS FOUNDATION TRUST,22300,21410,-890,True
2025-08,2025-09,RBK,WALSALL HEALTHCARE NHS TRUST,28353,29431,1078,True
2025-08,2025-09,RBL,WIRRAL UNIVERSITY TEACHING HOSPITAL NHS FOUNDATION TRUST,47271,48195,924,True
2025-08,2025-09,RBN,MERSEY AND WEST LANCASHIRE TEACHING HOSPITALS NHS TRUST,76046,76984,938,True
2025-08,2025-09,RBQ,LIVERPOOL HEART AND CHEST HOSPITAL NHS FOUNDATION TRUST,4967,4876,-91,True
2025-08,2025-09,RBS,ALDER HEY CHILDREN'S NHS FOUNDATION TRUST,17993,17469,-524,True
2025-08,2025-09,RBT,MID CHESHIRE HOSPITALS NHS FOUNDATION TRUST,44339,43704,-635,True
2025-08,2025-09,RBV,THE CHRISTIE NHS FOUNDATION TRUST,2700,2786,86,True
2025-08,2025-09,RC9,BEDFORDSHIRE HOSPITALS NHS FOUNDATION TRUST,86939,85869,-1070,True
2025-08,2025-09,RCB,YORK AND SCARBOROUGH TEACHING HOSPITALS NHS FOUNDATION TRUST,56810,57445,635,True
2025-08,2025-09,RCD,HARROGATE AND DISTRICT NHS FOUNDATION TRUST,20094,20364,270,True
2025-08,2025-09,RCF,AIREDALE NHS FOUNDATION TRUST,14032,13819,-213,True
2025-08,2025-09,RCU,SHEFFIELD CHILDREN'S NHS FOUNDATION TRUST,12272,11707,-565,True
2025-08,2025-09,RCX,"THE QUEEN ELIZABETH HOSPITAL, KING'S LYNN, NHS FOUNDATION TRUST",28493,28052,-441,True
2025-08,2025-09,RD1,ROYAL UNITED HOSPITALS BATH NHS FOUNDATION TRUST,39324,38517,-807,True
2025-08,2025-09,RD8,MILTON KEYNES UNIVERSITY HOSPITAL NHS FOUNDATION TRUST,37614,35578,-2036,True
2025-08,2025-09,RDE,EAST SUFFOLK AND NORTH ESSEX NHS FOUNDATION TRUST,93276,93049,-227,True
2025-08,2025-09,RDR,SUSSEX COMMUNITY NHS FOUNDATION TRUST,14087,14237,150,True
2025-08,2025-09,RDU,FRIMLEY HEALTH NHS FOUNDATION TRUST,71038,70234,-804,True
2025-08,2025-09,REF,ROYAL CORNWALL HOSPITALS NHS TRUST,41244,40486,-758,True
2025-08,2025-09,REM,LIVERPOOL UNIVERSITY HOSPITALS NHS FOUNDATION TRUST,66543,65581,-962,True
2025-08,2025-09,REN,THE CLATTERBRIDGE CANCER CENTRE NHS FOUNDATION TRUST,1121,940,-181,True
2025-08,2025-09,REP,LIVERPOOL WOMEN'S NHS FOUNDATION TRUST,16567,17035,468,True
2025-08,2025-09,RET,THE WALTON CENTRE NHS FOUNDATION TRUST,14766,14533,-233,True
2025-08,2025-09,RF4,"BARKING, HAVERING AND REDBRIDGE UNIVERSITY HOSPITALS NHS TRUST",57909,60522,2613,True
2025-08,2025-09,RFF,BARNSLEY HOSPITAL NHS FOUNDATION TRUST,26332,25053,-1279,True
2025-08,2025-09,RFR,THE ROTHERHAM NHS FOUNDATION TRUST,31705,31179,-526,True
2025-08,2025-09,RFS,CHESTERFIELD ROYAL HOSPITAL NHS FOUNDATION TRUST,32396,32040,-356,True
2025-08,2025-09,RGM,ROYAL PAPWORTH HOSPITAL NHS FOUNDATION TRUST,6141,6080,-61,True
2025-08,2025-09,RGN,NORTH WEST ANGLIA NHS FOUNDATION TRUST,78005,78086,81,True
2025-08,2025-09,RGP,JAMES PAGET UNIVERSITY HOSPITALS NHS FOUNDATION TRUST,35421,34827,-594,True
2025-08,2025-09,RGR,WEST SUFFOLK NHS FOUNDATION TRUST,33669,32624,-1045,True
2025-08,2025-09,RGT,CAMBRIDGE UNIVERSITY HOSPITALS NHS FOUNDATION TRUST,66120,66369,249,True
2025-08,2025-09,RH5,SOMERSET NHS FOUNDATION TRUST,57664,57917,253,True
2025-08,2025-09,RH8,ROYAL DEVON UNIVERSITY HEALTHCARE NHS FOUNDATION TRUST,75910,74220,-1690,True
2025-08,2025-09,RHM,UNIVERSITY HOSPITAL SOUTHAMPTON NHS FOUNDATION TRUST,63017,63157,140,True
2025-08,2025-09,RHU,PORTSMOUTH HOSPITALS UNIVERSITY NHS TRUST,57489,59196,1707,True
2025-08,2025-09,RHW,ROYAL BERKSHIRE NHS FOUNDATION TRUST,35008,34512,-496,True
2025-08,2025-09,RJ1,GUY'S AND ST THOMAS' NHS FOUNDATION TRUST,112198,110802,-1396,True
2025-08,2025-09,RJ2,LEWISHAM AND GREENWICH NHS TRUST,53533,54488,955,True
2025-08,2025-09,RJ6,CROYDON HEALTH SERVICES NHS TRUST,36886,36820,-66,True
2025-08,2025-09,RJ7,ST GEORGE'S UNIVERSITY HOSPITALS NHS FOUNDATION TRUST,71199,70382,-817,True
2025-08,2025-09,RJ8,CORNWALL PARTNERSHIP NHS FOUNDATION TRUST,434,539,105,True
2025-08,2025-09,RJC,SOUTH WARWICKSHIRE UNIVERSITY NHS FOUNDATION TRUST,33099,32630,-469,True
2025-08,2025-09,RJE,UNIVERSITY HOSPITALS OF NORTH MIDLANDS NHS TRUST,66395,65281,-1114,True
2025-08,2025-09,RJL,NORTHERN LINCOLNSHIRE AND GOOLE NHS FOUNDATION TRUST,39698,40146,448,True
2025-08,2025-09,RJN,EAST CHESHIRE NHS TRUST,18240,19328,1088,True
2025-08,2025-09,RJR,COUNTESS OF CHESTER HOSPITAL NHS FOUNDATION TRUST,34477,34103,-374,True
2025-08,2025-09,RJZ,KING'S COLLEGE HOSPITAL NHS FOUNDATION TRUST,79616,81224,1608,True
2025-08,2025-09,RK5,SHERWOOD FOREST HOSPITALS NHS FOUNDATION TRUST,36130,36372,242,True
2025-08,2025-09,RK9,UNIVERSITY HOSPITALS PLYMOUTH NHS TRUST,49961,48731,-1230,True
2025-08,2025-09,RKB,UNIVERSITY HOSPITALS COVENTRY AND WARWICKSHIRE NHS TRUST,75394,74523,-871,True
2025-08,2025-09,RKE,WHITTINGTON HEALTH NHS TRUST,26972,27050,78,True
2025-08,2025-09,RL1,THE ROBERT JONES AND AGNES HUNT ORTHOPAEDIC HOSPITAL NHS FOUNDATION TRUST,17001,17085,84,True
2025-08,2025-09,RL4,THE ROYAL WOLVERHAMPTON NHS TRUST,77147,75065,-2082,True
2025-08,2025-09,RLQ,WYE VALLEY NHS TRUST,22658,22595,-63,True
2025-08,2025-09,RLT,GEORGE ELIOT HOSPITAL NHS TRUST,20217,20438,221,True
2025-08,2025-09,RM1,NORFOLK AND NORWICH UNIVERSITY HOSPITALS NHS FOUNDATION TRUST,82572,83312,740,True
2025-08,2025-09,RM3,NORTHERN CARE ALLIANCE NHS FOUNDATION TRUST,139016,140404,1388,True
2025-08,2025-09,RMC,BOLTON NHS FOUNDATION TRUST,37521,37555,34,True
2025-08,2025-09,RMP,TAMESIDE AND GLOSSOP INTEGRATED CARE NHS FOUNDATION TRUST,17096,17273,177,True
2025-08,2025-09,RN3,GREAT WESTERN HOSPITALS NHS FOUNDATION TRUST,40120,40631,511,True
2025-08,2025-09,RN5,HAMPSHIRE HOSPITALS NHS FOUNDATION TRUST,50837,50640,-197,True
2025-08,2025-09,RN7,DARTFORD AND GRAVESHAM NHS TRUST,32175,31978,-197,True
2025-08,2025-09,RNA,THE DUDLEY GROUP NHS FOUNDATION TRUST,46377,46768,391,True
2025-08,2025-09,RNN,NORTH CUMBRIA INTEGRATED CARE NHS FOUNDATION TRUST,35037,39132,4095,True
2025-08,2025-09,RNQ,KETTERING GENERAL HOSPITAL NHS FOUNDATION TRUST,25618,25262,-356,True
2025-08,2025-09,RNS,NORTHAMPTON GENERAL HOSPITAL NHS TRUST,43621,44903,1282,True
2025-08,2025-09,RNZ,SALISBURY NHS FOUNDATION TRUST,30048,30147,99,True
2025-08,2025-09,RP4,GREAT ORMOND STREET HOSPITAL FOR CHILDREN NHS FOUNDATION TRUST,8000,7950,-50,True
2025-08,2025-09,RP5,DONCASTER AND BASSETLAW TEACHING HOSPITALS NHS FOUNDATION TRUST,57218,56364,-854,True
2025-08,2025-09,RP6,MOORFIELDS EYE HOSPITAL NHS FOUNDATION TRUST,34788,34148,-640,True
2025-08,2025-09,RP7,LINCOLNSHIRE PARTNERSHIP NHS FOUNDATION TRUST,38,40,2,True
2025-08,2025-09,RPA,MEDWAY NHS FOUNDATION TRUST,39907,39089,-818,True
2025-08,2025-09,RPC,QUEEN VICTORIA HOSPITAL NHS FOUNDATION TRUST,19018,19767,749,True
2025-08,2025-09,RPG,OXLEAS NHS FOUNDATION TRUST,1501,1449,-52,True
2025-08,2025-09,RPY,THE ROYAL MARSDEN NHS FOUNDATION TRUST,1917,1911,-6,True
2025-08,2025-09,RQ3,BIRMINGHAM WOMEN'S AND CHILDREN'S NHS FOUNDATION TRUST,24893,24432,-461,True
2025-08,2025-09,RQM,CHELSEA AND WESTMINSTER HOSPITAL NHS FOUNDATION TRUST,72302,75260,2958,True
2025-08,2025-09,RQW,THE PRINCESS ALEXANDRA HOSPITAL NHS TRUST,44367,43440,-927,True
2025-08,2025-09,RQX,HOMERTON HEALTHCARE NHS FOUNDATION TRUST,34340,33155,-1185,True
2025-08,2025-09,RR7,GATESHEAD HEALTH NHS FOUNDATION TRUST,13533,13399,-134,True
2025-08,2025-09,RR8,LEEDS TEACHING HOSPITALS NHS TRUST,88350,87646,-704,True
2025-08,2025-09,RRE,MIDLANDS PARTNERSHIP UNIVERSITY NHS FOUNDATION TRUST,7329,7517,188,True
2025-08,2025-09,RRF,"WRIGHTINGTON, WIGAN AND LEIGH NHS FOUNDATION TRUST",49337,48473,-864,True
2025-08,2025-09,RRJ,THE ROYAL ORTHOPAEDIC HOSPITAL NHS FOUNDATION TRUST,13447,13351,-96,True
2025-08,2025-09,RRK,UNIVERSITY HOSPITALS BIRMINGHAM NHS FOUNDATION TRUST,97857,97570,-287,True
2025-08,2025-09,RRV,UNIVERSITY COLLEGE LONDON HOSPITALS NHS FOUNDATION TRUST,73646,72763,-883,True
2025-08,2025-09,RT1,CAMBRIDGESHIRE AND PETERBOROUGH NHS FOUNDATION TRUST,335,13,-322,True
2025-08,2025-09,RTD,THE NEWCASTLE UPON TYNE HOSPITALS NHS FOUNDATION TRUST,88516,87519,-997,True
2025-08,2025-09,RTE,GLOUCESTERSHIRE HOSPITALS NHS FOUNDATION TRUST,59797,63422,3625,True
2025-08,2025-09,RTF,NORTHUMBRIA HEALTHCARE NHS FOUNDATION TRUST,36371,35404,-967,True
2025-08,2025-09,RTG,UNIVERSITY HOSPITALS OF DERBY AND BURTON NHS FOUNDATION TRUST,95660,94828,-832,True
2025-08,2025-09,RTH,OXFORD UNIVERSITY HOSPITALS NHS FOUNDATION TRUST,86270,85326,-944,True
2025-08,2025-09,RTK,ASHFORD AND ST PETER'S HOSPITALS NHS FOUNDATION TRUST,55231,55841,610,True
2025-08,2025-09,RTP,SURREY AND SUSSEX HEALTHCARE NHS TRUST,50444,46037,-4407,True
2025-08,2025-09,RTR,SOUTH TEES HOSPITALS NHS FOUNDATION TRUST,57384,56433,-951,True
2025-08,2025-09,RTX,UNIVERSITY HOSPITALS OF MORECAMBE BAY NHS FOUNDATION TRUST,34468,34049,-419,True
2025-08,2025-09,RVJ,NORTH BRISTOL NHS TRUST,44445,44058,-387,True
2025-08,2025-09,RVR,EPSOM AND ST HELIER UNIVERSITY HOSPITALS NHS TRUST,59695,58636,-1059,True
2025-08,2025-09,RVV,EAST KENT HOSPITALS UNIVERSITY NHS FOUNDATION TRUST,80049,78901,-1148,True
2025-08,2025-09,RVW,NORTH TEES AND HARTLEPOOL NHS FOUNDATION TRUST,20921,21490,569,True
2025-08,2025-09,RW1,HAMPSHIRE AND ISLE OF WIGHT HEALTHCARE NHS FOUNDATION TRUST,4152,3983,-169,True
2025-08,2025-09,RW4,MERSEY CARE NHS FOUNDATION TRUST,55,44,-11,True
2025-08,2025-09,RW5,LANCASHIRE & SOUTH CUMBRIA NHS FOUNDATION TRUST,2217,2513,296,True
2025-08,2025-09,RWA,HULL UNIVERSITY TEACHING HOSPITALS NHS TRUST,80655,80583,-72,True
2025-08,2025-09,RWD,UNITED LINCOLNSHIRE TEACHING HOSPITALS NHS TRUST,69626,68719,-907,True
2025-08,2025-09,RWE,UNIVERSITY HOSPITALS OF LEICESTER NHS TRUST,110707,109211,-1496,True
2025-08,2025-09,RWF,MAIDSTONE AND TUNBRIDGE WELLS NHS TRUST,48845,48693,-152,True
2025-08,2025-09,RWG,WEST HERTFORDSHIRE TEACHING HOSPITALS NHS TRUST,46946,46595,-351,True
2025-08,2025-09,RWH,EAST AND NORTH HERTFORDSHIRE TEACHING NHS TRUST,50842,50992,150,True
2025-08,2025-09,RWJ,STOCKPORT NHS FOUNDATION TRUST,35231,34954,-277,True
2025-08,2025-09,RWP,WORCESTERSHIRE ACUTE HOSPITALS NHS TRUST,56592,57352,760,True
2025-08,2025-09,RWW,WARRINGTON AND HALTON TEACHING HOSPITALS NHS FOUNDATION TRUST,32498,32461,-37,True
2025-08,2025-09,RWX,BERKSHIRE HEALTHCARE NHS FOUNDATION TRUST,82,77,-5,True
2025-08,2025-09,RWY,CALDERDALE AND HUDDERSFIELD NHS FOUNDATION TRUST,36645,36943,298,True
2025-08,2025-09,RX1,NOTTINGHAM UNIVERSITY HOSPITALS NHS TRUST,82994,85251,2257,True
2025-08,2025-09,RX4,"CUMBRIA, NORTHUMBERLAND, TYNE AND WEAR NHS FOUNDATION TRUST",155,162,7,True
2025-08,2025-09,RXC,EAST SUSSEX HEALTHCARE NHS TRUST,62138,61334,-804,True
2025-08,2025-09,RXF,MID YORKSHIRE TEACHING NHS TRUST,56517,57148,631,True
2025-08,2025-09,RXG,SOUTH WEST YORKSHIRE PARTNERSHIP NHS FOUNDATION TRUST,4432,4685,253,True
2025-08,2025-09,RXK,SANDWELL AND WEST BIRMINGHAM HOSPITALS NHS TRUST,65604,66524,920,True
2025-08,2025-09,RXL,BLACKPOOL TEACHING HOSPITALS NHS FOUNDATION TRUST,42602,42630,28,True
2025-08,2025-09,RXN,LANCASHIRE TEACHING HOSPITALS NHS FOUNDATION TRUST,65328,65322,-6,True
2025-08,2025-09,RXP,COUNTY DURHAM AND DARLINGTON NHS FOUNDATION TRUST,41444,42310,866,True
2025-08,2025-09,RXQ,BUCKINGHAMSHIRE HEALTHCARE NHS TRUST,50253,48888,-1365,True
2025-08,2025-09,RXR,EAST LANCASHIRE HOSPITALS NHS TRUST,57212,55623,-1589,True
2025-08,2025-09,RXW,THE SHREWSBURY AND TELFORD HOSPITAL NHS TRUST,32670,31652,-1018,True
2025-08,2025-09,RYJ,IMPERIAL COLLEGE HEALTHCARE NHS TRUST,91059,91255,196,True
2025-08,2025-09,RYR,UNIVERSITY HOSPITALS SUSSEX NHS FOUNDATION TRUST,114700,113252,-1448,True
2025-08,2025-09,RYW,BIRMINGHAM COMMUNITY HEALTHCARE NHS FOUNDATION TRUST,16229,15355,-874,True
2025-08,2025-09,RYY,KENT COMMUNITY HEALTH NHS FOUNDATION TRUST,3641,3860,219,True
2025-08,2025-09,S1Z4X,NEWMEDICA - BIRMINGHAM,781,810,29,True
2025-08,2025-09,S3H9L,THE HAMPTONS HOSPITAL LTD,1813,1800,-13,True
2025-08,2025-09,S4E3I,MIDLAND EYE (EYE-DOCS LTD),373,367,-6,True
2025-08,2025-09,S5E5Y,HCRG CARE DERMATOLOGY THE IRONSTONE CENTRE,2206,1314,-892,True
2025-08,2025-09,T4I8V,SPAMEDICA CHESTERFIELD,98,117,19,True
2025-08,2025-09,T8R5I,SPAMEDICA WOKINGHAM,186,203,17,True
2025-08,2025-09,T8V3L,SPAMEDICA DONCASTER,153,149,-4,True
2025-08,2025-09,TAD,BRADFORD DISTRICT CARE NHS FOUNDATION TRUST,584,538,-46,True
2025-08,2025-09,U0K8N,CES MEDICAL,32,39,7,True
2025-08,2025-09,V4U1Y,SPAMEDICA CHESTER,166,163,-3,True
2025-08,2025-09,V5F1D,SPAMEDICA TELFORD,173,207,34,True
2025-08,2025-09,V8A3H,SPAMEDICA SHEFFIELD COMMUNITY DIAGNOSTIC & TREATMENT CENTRE,2,0,-2,False
2025-08,2025-09,V8N5R,SPAMEDICA DALSTON,261,239,-22,True
2025-08,2025-09,Y8L9S,SPAMEDICA BROMLEY,304,312,8,True
2025-08,2025-09,Y9S1N,FAIRFIELD INDEPENDENT HOSPITAL,2342,2414,72,True
2025-08,2025-09,Z1E5F,NEWMEDICA - HARROGATE,204,221,17,True
2025-08,2025-09,Z2L9B,NEWMEDICA - MANCHESTER WEST,399,335,-64,True
2025-08,2025-09,Z5J5V,SPAMEDICA HAYDOCK,153,132,-21,True
2025-08,2025-09,Z9Z1G,SPAMEDICA GATESHEAD,118,170,52,True
2025-09,2025-10,A0C5S,SPAMEDICA GLOUCESTER,70,62,-8,True
2025-09,2025-10,A1D1B,SPAMEDICA WEMBLEY,138,163,25,True
2025-09,2025-10,A1U4J,SPAMEDICA PORTSMOUTH,102,107,5,True
2025-09,2025-10,A4M8P,BUCKSHAW HOSPITAL,3295,3024,-271,True
2025-09,2025-10,A4Q9X,NEWMEDICA LEICESTER,454,583,129,True
2025-09,2025-10,AAH,TETBURY HOSPITAL TRUST LTD,347,378,31,True
2025-09,2025-10,AAV,COMMUNITY HEALTH AND EYECARE LIMITED,3748,3977,229,True
2025-09,2025-10,ACG08,NEWMEDICA OPHTHALMOLOGY - NUNEATON - CAMP HILL - GP LED HEALTH CENTRE,17,19,2,True
2025-09,2025-10,ACG12,NEWMEDICA COMMUNITY OPHTHALMOLOGY - NORTH EAST LINCOLNSHIRE - GRIMSBY,1187,1222,35,True
2025-09,2025-10,ACG13,NEWMEDICA - GLOUCESTER (ASPEN MEDICAL CENTRE),369,382,13,True
2025-09,2025-10,ACG19,NEWMEDICA COMMUNITY OPHTHALMOLOGY - LEEDS,673,727,54,True
2025-09,2025-10,ACG20,NEWMEDICA - BRISTOL - LITFIELD HOUSE,295,335,40,True
2025-09,2025-10,ACG22,NEWMEDICA - BRIGG - RIVERSIDE SURGERY,1001,942,-59,True
2025-09,2025-10,ACG24,NEWMEDICA - TEESSIDE - NORTH ORMESBY,965,1060,95,True
2025-09,2025-10,ACG26,NEWMEDICA - NORTH DERBYSHIRE - MIDLAND COURT,983,1013,30,True
2025-09,2025-10,ACG30,NEWMEDICA - WORKSOP - DUKERIES,146,137,-9,True
2025-09,2025-10,ACG31,NEWMEDICA - WORCESTER,757,752,-5,True
2025-09,2025-10,ACG36,NEWMEDICA - EXETER - GLEN HOUSE,236,343,107,True
2025-09,2025-10,ACG37,NEWMEDICA - IPSWICH,861,896,35,True
2025-09,2025-10,ACG38,NEWMEDICA - LANGFORD,310,373,63,True
2025-09,2025-10,ACG39,NEWMEDICA - SWINDON,52,34,-18,True
2025-09,2025-10,ACG40,NEWMEDICA - WAKEFIELD,608,607,-1,True
2025-09,2025-10,ACM,EYE CARE MEDICAL LTD,8,13,5,True
2025-09,2025-10,ADP02,KIMS HOSPITAL (NEWNHAM COURT),1337,1379,42,True
2025-09,2025-10,AHP,ST MICHAEL'S CLINIC LIMITED,1512,1574,62,True
2025-09,2025-10,AJ8,THE GRANGE MEDICAL CENTRE HQ,257,218,-39,True
2025-09,2025-10,AQK,VERNOVA HEALTHCARE COMMUNITY INTEREST COMPANY,281,276,-5,True
2025-09,2025-10,AVQ03,ONE HATFIELD HOSPITAL,0,990,990,False
2025-09,2025-10,AWR,ONE STOP DOCTORS LIMITED,58,159,101,True
2025-09,2025-10,AY1,MEDEFER,363,319,-44,True
2025-09,2025-10,B1A5K,NEWMEDICA - NOTTINGHAM,713,744,31,True
2025-09,2025-10,B3M1X,CLAREMONT PRIVATE HOSPITAL,2040,1950,-90,True
2025-09,2025-10,B4N1U,SPAMEDICA ROMFORD,331,296,-35,True
2025-09,2025-10,B5M7B,NEWMEDICA - NORWICH,1418,1577,159,True
2025-09,2025-10,B9J4U,SPAMEDICA PETERBOROUGH,216,160,-56,True
2025-09,2025-10,B9M3W,SPAMEDICA SOUTHAMPTON,522,468,-54,True
2025-09,2025-10,C3Y0A,SPAMEDICA BLACKPOOL,160,125,-35,True
2025-09,2025-10,C5Y9L,NEWMEDICA - BERKSHIRE - BRACKNELL,71,79,8,True
2025-09,2025-10,C9A7J,NEWMEDICA - BRADFORD & HUDDERSFIELD,357,400,43,True
2025-09,2025-10,D0V5X,NEWMEDICA - SWINDON MURDOCK ROAD,70,110,40,True
2025-09,2025-10,D3O0Z,PLYMOUTH NEWMEDICA LTD,371,383,12,True
2025-09,2025-10,D5P5H,SPAMEDICA BEXHILL,219,221,2,True
2025-09,2025-10,DFQ,NORWICH & NORFOLK SURGICAL LTD (N2S),914,1026,112,True
2025-09,2025-10,DFY01,COTSWOLDS SURGICAL PARTNERS,147,212,65,True
2025-09,2025-10,DJH01,THE ROYAL BUCKINGHAMSHIRE HOSPITAL LTD,3,9,6,True
2025-09,2025-10,DPK,THE STONEYGATE EYE HOSPITAL,367,469,102,True
2025-09,2025-10,DTT,PHOENIX PUBLIC HEALTH LTD,237,222,-15,True
2025-09,2025-10,DX1,THE NEW FOSCOTE HOSPITAL LTD,292,327,35,True
2025-09,2025-10,DXV,OMNES HEALTHCARE LTD,11052,12060,1008,True
2025-09,2025-10,E1U4T,SPAMEDICA CARLISLE,251,357,106,True
2025-09,2025-10,E3D4A,SPAMEDICA TRURO,147,160,13,True
2025-09,2025-10,F0R0W,NEWMEDICA - DARLINGTON,46,44,-2,True
2025-09,2025-10,F1Y1H,NEWMEDICA - CHESHIRE OAKS,274,390,116,True
2025-09,2025-10,F7F6D,NEWMEDICA - HERTFORSHIRE - WELWYN GARDEN CITY,434,649,215,True
2025-09,2025-10,F9Z4V,CIRCLE READING HOSPITAL,1691,1725,34,True
2025-09,2025-10,G3O5P,SPAMEDICA NEWARK,321,314,-7,True
2025-09,2025-10,G3Q3Z,NUFFIELD HEALTH HIGHGATE HOSPITAL,779,788,9,True
2025-09,2025-10,G3Z1Q,SULIS HOSPITAL BATH (FOXCOTE AVENUE),3306,3318,12,True
2025-09,2025-10,G4H0I,NEWMEDICA SUFFOLK - BURY ST EDMUNDS - CLARITY HOUSE,598,635,37,True
2025-09,2025-10,G5X2Q,SPAMEDICA NORTH TYNESIDE,218,246,28,True
2025-09,2025-10,G6S7A,SPAMEDICA TAUNTON,237,328,91,True
2025-09,2025-10,GEC01,RAPID INVESTIGATION SERVICE,80,126,46,True
2025-09,2025-10,H1T2P,SPAMEDICA SWINDON,71,66,-5,True
2025-09,2025-10,H2K1G,NEWMEDICA - BROMSGROVE,351,360,9,True
2025-09,2025-10,H4I8B,NUFFIELD HEALTH THE HOLLY HOSPITAL,2774,2835,61,True
2025-09,2025-10,H4J9P,NEWMEDICA AZTEC WEST,675,777,102,True
2025-09,2025-10,H4Y7F,SPAMEDICA DORCHESTER,6,115,109,True
2025-09,2025-10,I1H7K,SPAMEDICA SALE,115,132,17,True
2025-09,2025-10,I2C7H,SPAMEDICA BRADFORD,174,242,68,True
2025-09,2025-10,I9A4A,SPAMEDICA BRIGHTON,262,209,-53,True
2025-09,2025-10,J0M7P,SPAMEDICA HEREFORD DIAGNOSTIC AND TREATMENT CENTRE,17,22,5,True
2025-09,2025-10,J2H6H,SPAMEDICA COLCHESTER,74,87,13,True
2025-09,2025-10,J3J8Z,NEWMEDICA - OXFORDSHIRE,510,544,34,True
2025-09,2025-10,J3X4C,SPAMEDICA WORCESTER,229,316,87,True
2025-09,2025-10,J7V1N,SPAMEDICA SOLIHULL,324,261,-63,True
2025-09,2025-10,K8I4X,GLENDON WOOD HOSPITAL,1407,1486,79,True
2025-09,2025-10,K9J3O,SPAMEDICA LUTON,226,196,-30,True
2025-09,2025-10,L0D9W,NEWMEDICA - GLOUCESTER (BRIGHOUSE COURT),1022,1049,27,True
2025-09,2025-10,L4R3R,NEWMEDICA - HAMPSHIRE,1678,1926,248,True
2025-09,2025-10,L6O7H,SPAMEDICA POOLE,497,526,29,True
2025-09,2025-10,L9D3Z,SPAMEDICA LEICESTER,128,136,8,True
2025-09,2025-10,M0N7E,SPAMEDICA SITTINGBOURNE,120,106,-14,True
2025-09,2025-10,M2Y6D,PRACTICE PLUS GROUP HOSPITAL BIRMINGHAM,704,787,83,True
2025-09,2025-10,M3R0W,SPAMEDICA NORWICH,203,177,-26,True
2025-09,2025-10,M4C5R,NEWMEDICA - NORTHAMPTON,817,988,171,True
2025-09,2025-10,M5E1S,SPAMEDICA EXETER,249,277,28,True
2025-09,2025-10,M6L9D,NEWMEDICA - NOTTINGHAM - KEYWORTH,17,24,7,True
2025-09,2025-10,M7C9Q,SPAMEDICA EPSOM,168,145,-23,True
2025-09,2025-10,M9U8M,ENDOCARE DIAGNOSTICS LTD,129,116,-13,True
2025-09,2025-10,N1N0Y,SPAMEDICA CROYDON,80,93,13,True
2025-09,2025-10,N6Z0R,NEWMEDICA - LINCOLN,47,55,8,True
2025-09,2025-10,N8R1N,NEWMEDICA - BERKSHIRE,948,1173,225,True
2025-09,2025-10,NAM01,PROBUS SURGICAL CENTRE,1336,1280,-56,True
2025-09,2025-10,NCN,DMC HEALTHCARE,2043,2342,299,True
2025-09,2025-10,NCR,ISIGHT,1331,1276,-55,True
2025-09,2025-10,NDJ,FIRST COMMUNITY HEALTH AND CARE CIC,701,797,96,True
2025-09,2025-10,NDL01,SUFFOLK GP FEDERATION,81,49,-32,True
2025-09,2025-10,NEQ,PHOENIX HEALTH SOLUTIONS LIMITED HQ,586,509,-77,True
2025-09,2025-10,NEY,PIONEER HEALTHCARE LIMITED,1237,1416,179,True
2025-09,2025-10,NFH,SOMERSET SURGICAL SERVICES HQ,1011,1100,89,True
2025-09,2025-10,NHW,STANDARD HEALTH LTD,0,118,118,False
2025-09,2025-10,NL3,CARE PLUS GROUP,202,200,-2,True
2025-09,2025-10,NL8,LOCALA COMMUNITY PARTNERSHIPS CIC,1285,1277,-8,True
2025-09,2025-10,NLE01,LANCASTER HOUSE CONSULTING DIAGNOSTICS SURGICAL LTD HQ,764,834,70,True
2025-09,2025-10,NLG,COMMUNITAS CLINICS,13558,13750,192,True
2025-09,2025-10,NLX,SIRONA CARE & HEALTH,7499,7168,-331,True
2025-09,2025-10,NMG,CORA HEALTH MSK (FORMERLY CONNECT HEALTH LTD),15685,16505,820,True
2025-09,2025-10,NN4,TYNESIDE SURGICAL SERVICES LTD,1397,1440,43,True
2025-09,2025-10,NN5,MANCHESTER SURGICAL SERVICES LTD,338,339,1,True
2025-09,2025-10,NN8,SPENCER PRIVATE HOSPITALS LTD,3215,3405,190,True
2025-09,2025-10,NNE,DORKING HEALTHCARE LIMITED (DHC),6368,6403,35,True
2025-09,2025-10,NNH,OPTEGRA UK,6697,7191,494,True
2025-09,2025-10,NP9,BESPOKE HEALTHCARE LTD,407,173,-234,True
2025-09,2025-10,NPG01,SPAMEDICA MANCHESTER,179,216,37,True
2025-09,2025-10,NPG02,SPAMEDICA WIRRAL,168,201,33,True
2025-09,2025-10,NPG06,SPAMEDICA LIVERPOOL,379,419,40,True
2025-09,2025-10,NPG07,SPAMEDICA EYE HOSPITAL (WAKEFIELD),311,374,63,True
2025-09,2025-10,NPG08,SPAMEDICA BOLTON,255,371,116,True
2025-09,2025-10,NPG10,SPAMEDICA SHEFFIELD,239,264,25,True
2025-09,2025-10,NPG11,SPAMEDICA BIRMINGHAM,523,474,-49,True
2025-09,2025-10,NPG13,SPAMEDICA SKELMERSDALE,89,98,9,True
2025-09,2025-10,NPG14,SPAMEDICA WIDNES,187,229,42,True
2025-09,2025-10,NPG15,SPAMEDICA NEWCASTLE-UNDER-LYME,150,95,-55,True
2025-09,2025-10,NPG16,SPAMEDICA CHELMSFORD,345,449,104,True
2025-09,2025-10,NPG17,SPAMEDICA PRESTON,182,208,26,True
2025-09,2025-10,NPG18,SPAMEDICA HULL,232,333,101,True
2025-09,2025-10,NPG19,SPAMEDICA BEDFORD,255,217,-38,True
2025-09,2025-10,NPG20,SPAMEDICA WOLVERHAMPTON,351,418,67,True
2025-09,2025-10,NPG21,SPAMEDICA COVENTRY,303,333,30,True
2025-09,2025-10,NPG22,SPAMEDICA STOCKTON-ON-TEES,231,290,59,True
2025-09,2025-10,NPG23,SPAMEDICA DERBY,220,208,-12,True
2025-09,2025-10,NPR01,ABOUT HEALTH HQ,1122,1108,-14,True
2025-09,2025-10,NQH,NOVUS HEALTH LTD,1263,1321,58,True
2025-09,2025-10,NQM01,ORTHOPAEDICS & SPINE SPECIALIST HOSPITAL SITE,128,145,17,True
2025-09,2025-10,NQT5K,ST MARTINS HOSPITAL,174,122,-52,True
2025-09,2025-10,NQX,PROVIDE ENTERPRISES,87,103,16,True
2025-09,2025-10,NR5,LIVEWELL SOUTHWEST,62,60,-2,True
2025-09,2025-10,NRF,UNIVERSITY OF SOUTHAMPTON AUDITORY IMPLANT SERVICE,205,205,0,True
2025-09,2025-10,NRL,HEART NETWORKS,398,555,157,True
2025-09,2025-10,NRP,BEACON MEDICAL SERVICES GROUP LIMITED,993,1053,60,True
2025-09,2025-10,NT202,"NUFFIELD HEALTH, BOURNEMOUTH HOSPITAL",275,266,-9,True
2025-09,2025-10,NT204,"NUFFIELD HEALTH, BRENTWOOD HOSPITAL",1904,2134,230,True
2025-09,2025-10,NT205,"NUFFIELD HEALTH, BRIGHTON HOSPITAL",869,808,-61,True
2025-09,2025-10,NT206,"NUFFIELD HEALTH, BRISTOL HOSPITAL (CHESTERFIELD)",576,623,47,True
2025-09,2025-10,NT209,"NUFFIELD HEALTH, CAMBRIDGE HOSPITAL",291,309,18,True
2025-09,2025-10,NT210,"NUFFIELD HEALTH, THE GROSVENOR HOSPITAL, CHESTER",428,469,41,True
2025-09,2025-10,NT211,"NUFFIELD HEALTH, CHELTENHAM HOSPITAL",136,117,-19,True
2025-09,2025-10,NT212,"NUFFIELD HEALTH, CHICHESTER HOSPITAL",875,862,-13,True
2025-09,2025-10,NT213,"NUFFIELD HEALTH, DERBY HOSPITAL",1033,1063,30,True
2025-09,2025-10,NT214,"NUFFIELD HEALTH, WESSEX HOSPITAL",683,588,-95,True
2025-09,2025-10,NT215,"NUFFIELD HEALTH, EXETER HOSPITAL",518,434,-84,True
2025-09,2025-10,NT216,"NUFFIELD HEALTH, GUILDFORD HOSPITAL",402,323,-79,True
2025-09,2025-10,NT218,"NUFFIELD HEALTH, HAYWARDS HEATH HOSPITAL",454,444,-10,True
2025-09,2025-10,NT219,"NUFFIELD HEALTH, HEREFORD HOSPITAL",336,345,9,True
2025-09,2025-10,NT224,"NUFFIELD HEALTH, WARWICKSHIRE HOSPITAL",431,430,-1,True
2025-09,2025-10,NT225,"NUFFIELD HEALTH, LEEDS HOSPITAL",1441,1343,-98,True
2025-09,2025-10,NT226,"NUFFIELD HEALTH, LEICESTER HOSPITAL",392,388,-4,True
2025-09,2025-10,NT229,"NUFFIELD HEALTH, NEWCASTLE UPON TYNE HOSPITAL",570,533,-37,True
2025-09,2025-10,NT230,"NUFFIELD HEALTH, NORTH STAFFORDSHIRE HOSPITAL",1379,1136,-243,True
2025-09,2025-10,NT233,"NUFFIELD HEALTH, PLYMOUTH HOSPITAL",1035,997,-38,True
2025-09,2025-10,NT235,"NUFFIELD HEALTH, SHREWSBURY HOSPITAL",259,364,105,True
2025-09,2025-10,NT237,"NUFFIELD HEALTH, TEES HOSPITAL",1262,1267,5,True
2025-09,2025-10,NT238,"NUFFIELD HEALTH, TAUNTON HOSPITAL",286,306,20,True
2025-09,2025-10,NT239,"NUFFIELD HEALTH, TUNBRIDGE WELLS HOSPITAL",125,83,-42,True
2025-09,2025-10,NT241,"NUFFIELD HEALTH, WOKING HOSPITAL",519,514,-5,True
2025-09,2025-10,NT242,"NUFFIELD HEALTH, WOLVERHAMPTON HOSPITAL",502,545,43,True
2025-09,2025-10,NT244,NUFFIELD HOSPITAL OXFORD (THE MANOR),115,127,12,True
2025-09,2025-10,NT245,"NUFFIELD HEALTH, YORK HOSPITAL",978,1072,94,True
2025-09,2025-10,NT301,SPIRE SOUTH BANK HOSPITAL,892,912,20,True
2025-09,2025-10,NT302,SPIRE BRISTOL HOSPITAL,743,746,3,True
2025-09,2025-10,NT304,SPIRE SOUTHAMPTON HOSPITAL,426,428,2,True
2025-09,2025-10,NT305,SPIRE PORTSMOUTH HOSPITAL,476,461,-15,True
2025-09,2025-10,NT308,SPIRE GATWICK PARK HOSPITAL,939,1121,182,True
2025-09,2025-10,NT30A,SPIRE NOTTINGHAM HOSPITAL,709,722,13,True
2025-09,2025-10,NT312,SPIRE ALEXANDRA HOSPITAL,1155,1095,-60,True
2025-09,2025-10,NT313,SPIRE WELLESLEY HOSPITAL,1038,1096,58,True
2025-09,2025-10,NT314,SPIRE LONDON EAST,2829,2537,-292,True
2025-09,2025-10,NT315,SPIRE BUSHEY HOSPITAL,977,1051,74,True
2025-09,2025-10,NT316,SPIRE HARPENDEN HOSPITAL,562,506,-56,True
2025-09,2025-10,NT317,SPIRE CAMBRIDGE LEA HOSPITAL,340,320,-20,True
2025-09,2025-10,NT318,SPIRE NORWICH HOSPITAL,551,452,-99,True
2025-09,2025-10,NT319,SPIRE HARTSWOOD HOSPITAL,1271,1214,-57,True
2025-09,2025-10,NT320,SPIRE PARKWAY HOSPITAL,1554,1588,34,True
2025-09,2025-10,NT321,SPIRE LITTLE ASTON HOSPITAL,1313,1286,-27,True
2025-09,2025-10,NT322,SPIRE LEICESTER HOSPITAL,1079,1071,-8,True
2025-09,2025-10,NT324,SPIRE CHESHIRE HOSPITAL,1517,1653,136,True
2025-09,2025-10,NT325,SPIRE MURRAYFIELD HOSPITAL,728,787,59,True
2025-09,2025-10,NT327,SPIRE MANCHESTER HOSPITAL,1501,1522,21,True
2025-09,2025-10,NT332,SPIRE LEEDS HOSPITAL,1087,1093,6,True
2025-09,2025-10,NT333,SPIRE WASHINGTON HOSPITAL,1455,1417,-38,True
2025-09,2025-10,NT337,SPIRE LIVERPOOL HOSPITAL,3539,3671,132,True
2025-09,2025-10,NT339,SPIRE REGENCY HOSPITAL,2040,1913,-127,True
2025-09,2025-10,NT343,SPIRE THAMES VALLEY HOSPITAL,336,353,17,True
2025-09,2025-10,NT344,SPIRE DUNEDIN HOSPITAL,277,276,-1,True
2025-09,2025-10,NT345,SPIRE CLARE PARK HOSPITAL,359,382,23,True
2025-09,2025-10,NT347,SPIRE FYLDE COAST HOSPITAL,4594,4877,283,True
2025-09,2025-10,NT348,SPIRE ELLAND HOSPITAL,1637,1610,-27,True
2025-09,2025-10,NT350,SPIRE METHLEY PARK HOSPITAL,1146,1066,-80,True
2025-09,2025-10,NT351,SPIRE HULL AND EAST RIDING HOSPITAL,2260,2541,281,True
2025-09,2025-10,NT364,SPIRE MONTEFIORE HOSPITAL,806,877,71,True
2025-09,2025-10,NT3X3,SPIRE ST ANTHONY'S HOSPITAL,882,1035,153,True
2025-09,2025-10,NT401,ALEXANDRA HOSPITAL,846,875,29,True
2025-09,2025-10,NT402,BATH CLINIC,824,811,-13,True
2025-09,2025-10,NT403,BEARDWOOD HOSPITAL,2404,2186,-218,True
2025-09,2025-10,NT404,BEAUMONT HOSPITAL,2899,2842,-57,True
2025-09,2025-10,NT405,BISHOPS WOOD HOSPITAL,566,569,3,True
2025-09,2025-10,NT406,BLACKHEATH HOSPITAL,1616,1609,-7,True
2025-09,2025-10,NT408,CHAUCER HOSPITAL,829,821,-8,True
2025-09,2025-10,NT409,CHELSFIELD PARK HOSPITAL,834,802,-32,True
2025-09,2025-10,NT410,CHILTERN HOSPITAL,429,457,28,True
2025-09,2025-10,NT411,CLEMENTINE CHURCHILL HOSPITAL,1855,1894,39,True
2025-09,2025-10,NT412,DROITWICH SPA HOSPITAL,1728,1806,78,True
2025-09,2025-10,NT416,HENDON HOSPITAL,1194,1198,4,True
2025-09,2025-10,NT417,GORING HALL HOSPITAL,1027,981,-46,True
2025-09,2025-10,NT418,HAMPSHIRE CLINIC,294,317,23,True
2025-09,2025-10,NT419,HARBOUR HOSPITAL,113,122,9,True
2025-09,2025-10,NT420,HIGHFIELD HOSPITAL,972,908,-64,True
2025-09,2025-10,NT421,KINGS OAK HOSPITAL,1023,1027,4,True
2025-09,2025-10,NT422,LONDON INDEPENDENT HOSPITAL,3570,3538,-32,True
2025-09,2025-10,NT423,MANOR HOSPITAL,838,760,-78,True
2025-09,2025-10,NT424,MERIDEN HOSPITAL,1914,1838,-76,True
2025-09,2025-10,NT427,PARK HOSPITAL,1739,1701,-38,True
2025-09,2025-10,NT428,PRINCESS MARGARET HOSPITAL,79,80,1,True
2025-09,2025-10,NT429,PRIORY HOSPITAL,484,438,-46,True
2025-09,2025-10,NT430,RIDGEWAY HOSPITAL,338,321,-17,True
2025-09,2025-10,NT431,RUNNYMEDE HOSPITAL,125,139,14,True
2025-09,2025-10,NT433,SARUM ROAD HOSPITAL,394,399,5,True
2025-09,2025-10,NT434,SAXON CLINIC,668,653,-15,True
2025-09,2025-10,NT435,SHELBURNE HOSPITAL,192,168,-24,True
2025-09,2025-10,NT436,SHIRLEY OAKS HOSPITAL,870,872,2,True
2025-09,2025-10,NT437,SLOANE HOSPITAL,872,821,-51,True
2025-09,2025-10,NT440,THORNBURY HOSPITAL,620,564,-56,True
2025-09,2025-10,NT441,THREE SHIRES HOSPITAL,3625,3662,37,True
2025-09,2025-10,NT443,WINTERBOURNE HOSPITAL,304,324,20,True
2025-09,2025-10,NT445,EDGBASTON HOSPITAL,1,1,0,True
2025-09,2025-10,NT446,ST EDMUNDS HOSPITAL,632,623,-9,True
2025-09,2025-10,NT447,DUCHY HOSPITAL,378,340,-38,True
2025-09,2025-10,NT448,HUDDERSFIELD PRIVATE HOSPITAL,717,729,12,True
2025-09,2025-10,NT449,LANCASTER PRIVATE HOSPITAL,354,343,-11,True
2025-09,2025-10,NT450,LINCOLN PRIVATE HOSPITAL,1269,1272,3,True
2025-09,2025-10,NT451,CAVELL HOSPITAL,1390,1316,-74,True
2025-09,2025-10,NT455,MOUNT ALVERNIA HOSPITAL,268,272,4,True
2025-09,2025-10,NT457,WOODLANDS HOSPITAL,2332,2315,-17,True
2025-09,2025-10,NT490,SOUTHEND PRIVATE HOSPITAL,1412,1287,-125,True
2025-09,2025-10,NTE02,ST HUGH'S HOSPITAL,2045,2009,-36,True
2025-09,2025-10,NTP11,PRACTICE PLUS GROUP HOSPITAL - SOUTHAMPTON,8494,8323,-171,True
2025-09,2025-10,NTP13,PRACTICE PLUS GROUP HOSPITAL - BARLBOROUGH,2013,2062,49,True
2025-09,2025-10,NTP15,PRACTICE PLUS GROUP HOSPITAL - ILFORD,6073,5810,-263,True
2025-09,2025-10,NTP16,PRACTICE PLUS GROUP SURGICAL CENTRE - GILLINGHAM,1019,1019,0,True
2025-09,2025-10,NTPAD,PRACTICE PLUS GROUP SURGICAL CENTRE - ST MARYS PORTSMOUTH,2327,2350,23,True
2025-09,2025-10,NTPAE,PRACTICE PLUS GROUP OPHTHALMOLOGY - NORTH WEST,389,1822,1433,True
2025-09,2025-10,NTPH1,PRACTICE PLUS GROUP HOSPITAL - SHEPTON MALLET,2723,2992,269,True
2025-09,2025-10,NTPH2,PRACTICE PLUS GROUP HOSPITAL - EMERSONS GREEN,4458,4220,-238,True
2025-09,2025-10,NTPH3,PRACTICE PLUS GROUP SURGICAL CENTRE - DEVIZES,2509,2510,1,True
2025-09,2025-10,NTPH5,PRACTICE PLUS GROUP HOSPITAL - PLYMOUTH,2296,1900,-396,True
2025-09,2025-10,NTX,THE ONE HEALTH GROUP PLC,5420,5468,48,True
2025-09,2025-10,NV1,INHEALTH LIMITED,1403,846,-557,True
2025-09,2025-10,NVC01,ASHTEAD HOSPITAL,1027,1076,49,True
2025-09,2025-10,NVC02,THE BERKSHIRE INDEPENDENT HOSPITAL,1122,1110,-12,True
2025-09,2025-10,NVC04,DUCHY HOSPITAL,2005,1992,-13,True
2025-09,2025-10,NVC05,EUXTON HALL HOSPITAL,3071,2777,-294,True
2025-09,2025-10,NVC06,FITZWILLIAM HOSPITAL,5779,5911,132,True
2025-09,2025-10,NVC07,FULWOOD HALL HOSPITAL,5234,5172,-62,True
2025-09,2025-10,NVC08,MOUNT STUART HOSPITAL,1907,2018,111,True
2025-09,2025-10,NVC09,NEW HALL HOSPITAL,3298,3320,22,True
2025-09,2025-10,NVC0I,BEACON PARK HOSPITAL,993,1029,36,True
2025-09,2025-10,NVC0R,TEES VALLEY HOSPITAL,4326,4658,332,True
2025-09,2025-10,NVC0Y,EXETER MEDICAL,193,191,-2,True
2025-09,2025-10,NVC11,NORTH DOWNS HOSPITAL,1726,1580,-146,True
2025-09,2025-10,NVC12,OAKLANDS HOSPITAL,4215,4087,-128,True
2025-09,2025-10,NVC13,OAKS HOSPITAL,764,809,45,True
2025-09,2025-10,NVC14,PARK HILL HOSPITAL,778,715,-63,True
2025-09,2025-10,NVC15,PINEHILL HOSPITAL,1360,1465,105,True
2025-09,2025-10,NVC16,RENACRES HOSPITAL,4858,4971,113,True
2025-09,2025-10,NVC17,ROWLEY HALL HOSPITAL,2359,2400,41,True
2025-09,2025-10,NVC18,SPRINGFIELD HOSPITAL,4842,5009,167,True
2025-09,2025-10,NVC19,RIVERS HOSPITAL,4396,4256,-140,True
2025-09,2025-10,NVC1H,STOURSIDE HOSPITAL,3278,3407,129,True
2025-09,2025-10,NVC20,THE YORKSHIRE CLINIC,7311,7343,32,True
2025-09,2025-10,NVC21,WEST MIDLANDS HOSPITAL,639,504,-135,True
2025-09,2025-10,NVC22,WINFIELD HOSPITAL,1542,1459,-83,True
2025-09,2025-10,NVC23,WOODLAND HOSPITAL,4899,5041,142,True
2025-09,2025-10,NVC25,THE CHERWELL HOSPITAL,2164,2217,53,True
2025-09,2025-10,NVC27,BOSTON WEST HOSPITAL,1864,2145,281,True
2025-09,2025-10,NVC28,CLIFTON PARK HOSPITAL,1715,1751,36,True
2025-09,2025-10,NVC29,COBALT HOSPITAL,1619,1611,-8,True
2025-09,2025-10,NVC31,BLAKELANDS HOSPITAL,2181,2364,183,True
2025-09,2025-10,NVC40,WOODTHORPE HOSPITAL,3647,3966,319,True
2025-09,2025-10,NVC44,THE WESTBOURNE CENTRE,3407,3501,94,True
2025-09,2025-10,NVL,DMC DERMATOLOGY,238,0,-238,False
2025-09,2025-10,NVM,EPSOMEDICAL GROUP,2989,3187,198,True
2025-09,2025-10,NWF01,BENENDEN HOSPITAL,1511,1577,66,True
2025-09,2025-10,NWV01,COHESE HEALTHCARE,550,715,165,True
2025-09,2025-10,NX5,ANGLIA COMMUNITY EYE SERVICE LTD,2058,2055,-3,True
2025-09,2025-10,NXM01,THE HORDER CENTRE - ST JOHNS ROAD,1118,1214,96,True
2025-09,2025-10,NXP,INDEPENDENT HEALTH GROUP,1027,1042,15,True
2025-09,2025-10,NYG,SUSSEX COMMUNITY DERMATOLOGY SERVICE,17681,17270,-411,True
2025-09,2025-10,NYR,CORA HEALTH DIAGNOSTICS (FORMERLY HEALTHSHARE DIAGNOSTICS),2464,2529,65,True
2025-09,2025-10,O1P6X,SPAMEDICA OLDHAM,344,353,9,True
2025-09,2025-10,O5Y9D,SPAMEDICA OXFORD,196,212,16,True
2025-09,2025-10,O6X7Z,SPAMEDICA CAMBRIDGE,279,206,-73,True
2025-09,2025-10,P0C3F,SPAMEDICA LEEDS,147,187,40,True
2025-09,2025-10,P1B7M,SPAMEDICA BRISTOL,101,128,27,True
2025-09,2025-10,P5Y6K,NEWMEDICA - SHREWSBURY,321,451,130,True
2025-09,2025-10,Q1W6P,SPAMEDICA WATFORD,190,176,-14,True
2025-09,2025-10,Q2Y5H,OVIVA UK LTD,18233,15553,-2680,True
2025-09,2025-10,Q8X0X,SPAMEDICA ISLE OF WIGHT COMMUNITY DIAGNOSTIC & TREATMENT CENTRE,53,37,-16,True
2025-09,2025-10,R0A,MANCHESTER UNIVERSITY NHS FOUNDATION TRUST,185690,183865,-1825,True
2025-09,2025-10,R0B,SOUTH TYNESIDE AND SUNDERLAND NHS FOUNDATION TRUST,58707,58689,-18,True
2025-09,2025-10,R0D,UNIVERSITY HOSPITALS DORSET NHS FOUNDATION TRUST,62683,65090,2407,True
2025-09,2025-10,R0F4N,NUFFIELD HEALTH PARKSIDE HOSPITAL,925,903,-22,True
2025-09,2025-10,R1A,HEREFORDSHIRE AND WORCESTERSHIRE HEALTH AND CARE NHS TRUST,91,90,-1,True
2025-09,2025-10,R1D,SHROPSHIRE COMMUNITY HEALTH NHS TRUST,7845,7863,18,True
2025-09,2025-10,R1F,ISLE OF WIGHT NHS TRUST,13738,13961,223,True
2025-09,2025-10,R1G7E,SPAMEDICA KENDAL,208,256,48,True
2025-09,2025-10,R1H,BARTS HEALTH NHS TRUST,133434,132811,-623,True
2025-09,2025-10,R1K,LONDON NORTH WEST UNIVERSITY HEALTHCARE NHS TRUST,86136,85582,-554,True
2025-09,2025-10,R5J3Z,BORDER HEALTH ALLIANCE LIMITED,478,602,124,True
2025-09,2025-10,R7W2O,NEWCASTLE NEWMEDICA LTD,730,828,98,True
2025-09,2025-10,RA2,ROYAL SURREY NHS FOUNDATION TRUST,29697,29535,-162,True
2025-09,2025-10,RA7,UNIVERSITY HOSPITALS BRISTOL AND WESTON NHS FOUNDATION TRUST,53657,52496,-1161,True
2025-09,2025-10,RA9,TORBAY AND SOUTH DEVON NHS FOUNDATION TRUST,32106,31775,-331,True
2025-09,2025-10,RAE,BRADFORD TEACHING HOSPITALS NHS FOUNDATION TRUST,33405,32204,-1201,True
2025-09,2025-10,RAJ,MID AND SOUTH ESSEX NHS FOUNDATION TRUST,178849,181077,2228,True
2025-09,2025-10,RAL,ROYAL FREE LONDON NHS FOUNDATION TRUST,137161,137088,-73,True
2025-09,2025-10,RAN,ROYAL NATIONAL ORTHOPAEDIC HOSPITAL NHS TRUST,9052,9060,8,True
2025-09,2025-10,RAS,THE HILLINGDON HOSPITALS NHS FOUNDATION TRUST,36914,35752,-1162,True
2025-09,2025-10,RAX,KINGSTON AND RICHMOND NHS FOUNDATION TRUST,43891,45214,1323,True
2025-09,2025-10,RBD,DORSET COUNTY HOSPITAL NHS FOUNDATION TRUST,21410,21238,-172,True
2025-09,2025-10,RBK,WALSALL HEALTHCARE NHS TRUST,29431,30387,956,True
2025-09,2025-10,RBL,WIRRAL UNIVERSITY TEACHING HOSPITAL NHS FOUNDATION TRUST,48195,49453,1258,True
2025-09,2025-10,RBN,MERSEY AND WEST LANCASHIRE TEACHING HOSPITALS NHS TRUST,76984,76480,-504,True
2025-09,2025-10,RBQ,LIVERPOOL HEART AND CHEST HOSPITAL NHS FOUNDATION TRUST,4876,4902,26,True
2025-09,2025-10,RBS,ALDER HEY CHILDREN'S NHS FOUNDATION TRUST,17469,17490,21,True
2025-09,2025-10,RBT,MID CHESHIRE HOSPITALS NHS FOUNDATION TRUST,43704,43202,-502,True
2025-09,2025-10,RBV,THE CHRISTIE NHS FOUNDATION TRUST,2786,3652,866,True
2025-09,2025-10,RC9,BEDFORDSHIRE HOSPITALS NHS FOUNDATION TRUST,85869,87558,1689,True
2025-09,2025-10,RCB,YORK AND SCARBOROUGH TEACHING HOSPITALS NHS FOUNDATION TRUST,57445,58724,1279,True
2025-09,2025-10,RCD,HARROGATE AND DISTRICT NHS FOUNDATION TRUST,20364,19492,-872,True
2025-09,2025-10,RCF,AIREDALE NHS FOUNDATION TRUST,13819,14098,279,True
2025-09,2025-10,RCU,SHEFFIELD CHILDREN'S NHS FOUNDATION TRUST,11707,11561,-146,True
2025-09,2025-10,RCX,"THE QUEEN ELIZABETH HOSPITAL, KING'S LYNN, NHS FOUNDATION TRUST",28052,27123,-929,True
2025-09,2025-10,RD1,ROYAL UNITED HOSPITALS BATH NHS FOUNDATION TRUST,38517,38848,331,True
2025-09,2025-10,RD8,MILTON KEYNES UNIVERSITY HOSPITAL NHS FOUNDATION TRUST,35578,35155,-423,True
2025-09,2025-10,RDE,EAST SUFFOLK AND NORTH ESSEX NHS FOUNDATION TRUST,93049,97619,4570,True
2025-09,2025-10,RDR,SUSSEX COMMUNITY NHS FOUNDATION TRUST,14237,14148,-89,True
2025-09,2025-10,RDU,FRIMLEY HEALTH NHS FOUNDATION TRUST,70234,68992,-1242,True
2025-09,2025-10,REF,ROYAL CORNWALL HOSPITALS NHS TRUST,40486,40742,256,True
2025-09,2025-10,REM,LIVERPOOL UNIVERSITY HOSPITALS NHS FOUNDATION TRUST,65581,65325,-256,True
2025-09,2025-10,REN,THE CLATTERBRIDGE CANCER CENTRE NHS FOUNDATION TRUST,940,988,48,True
2025-09,2025-10,REP,LIVERPOOL WOMEN'S NHS FOUNDATION TRUST,17035,15337,-1698,True
2025-09,2025-10,RET,THE WALTON CENTRE NHS FOUNDATION TRUST,14533,14299,-234,True
2025-09,2025-10,RF4,"BARKING, HAVERING AND REDBRIDGE UNIVERSITY HOSPITALS NHS TRUST",60522,58662,-1860,True
2025-09,2025-10,RFF,BARNSLEY HOSPITAL NHS FOUNDATION TRUST,25053,24972,-81,True
2025-09,2025-10,RFR,THE ROTHERHAM NHS FOUNDATION TRUST,31179,31161,-18,True
2025-09,2025-10,RFS,CHESTERFIELD ROYAL HOSPITAL NHS FOUNDATION TRUST,32040,31295,-745,True
2025-09,2025-10,RGM,ROYAL PAPWORTH HOSPITAL NHS FOUNDATION TRUST,6080,5893,-187,True
2025-09,2025-10,RGN,NORTH WEST ANGLIA NHS FOUNDATION TRUST,78086,78398,312,True
2025-09,2025-10,RGP,JAMES PAGET UNIVERSITY HOSPITALS NHS FOUNDATION TRUST,34827,34399,-428,True
2025-09,2025-10,RGR,WEST SUFFOLK NHS FOUNDATION TRUST,32624,33196,572,True
2025-09,2025-10,RGT,CAMBRIDGE UNIVERSITY HOSPITALS NHS FOUNDATION TRUST,66369,65444,-925,True
2025-09,2025-10,RH5,SOMERSET NHS FOUNDATION TRUST,57917,58051,134,True
2025-09,2025-10,RH8,ROYAL DEVON UNIVERSITY HEALTHCARE NHS FOUNDATION TRUST,74220,73730,-490,True
2025-09,2025-10,RHM,UNIVERSITY HOSPITAL SOUTHAMPTON NHS FOUNDATION TRUST,63157,63957,800,True
2025-09,2025-10,RHU,PORTSMOUTH HOSPITALS UNIVERSITY NHS TRUST,59196,58617,-579,True
2025-09,2025-10,RHW,ROYAL BERKSHIRE NHS FOUNDATION TRUST,34512,35561,1049,True
2025-09,2025-10,RJ1,GUY'S AND ST THOMAS' NHS FOUNDATION TRUST,110802,110452,-350,True
2025-09,2025-10,RJ2,LEWISHAM AND GREENWICH NHS TRUST,54488,55958,1470,True
2025-09,2025-10,RJ6,CROYDON HEALTH SERVICES NHS TRUST,36820,37105,285,True
2025-09,2025-10,RJ7,ST GEORGE'S UNIVERSITY HOSPITALS NHS FOUNDATION TRUST,70382,69198,-1184,True
2025-09,2025-10,RJ8,CORNWALL PARTNERSHIP NHS FOUNDATION TRUST,539,685,146,True
2025-09,2025-10,RJC,SOUTH WARWICKSHIRE UNIVERSITY NHS FOUNDATION TRUST,32630,32354,-276,True
2025-09,2025-10,RJE,UNIVERSITY HOSPITALS OF NORTH MIDLANDS NHS TRUST,65281,65758,477,True
2025-09,2025-10,RJL,NORTHERN LINCOLNSHIRE AND GOOLE NHS FOUNDATION TRUST,40146,40156,10,True
2025-09,2025-10,RJN,EAST CHESHIRE NHS TRUST,19328,20773,1445,True
2025-09,2025-10,RJR,COUNTESS OF CHESTER HOSPITAL NHS FOUNDATION TRUST,34103,33262,-841,True
2025-09,2025-10,RJZ,KING'S COLLEGE HOSPITAL NHS FOUNDATION TRUST,81224,84565,3341,True
2025-09,2025-10,RK5,SHERWOOD FOREST HOSPITALS NHS FOUNDATION TRUST,36372,36255,-117,True
2025-09,2025-10,RK9,UNIVERSITY HOSPITALS PLYMOUTH NHS TRUST,48731,49238,507,True
2025-09,2025-10,RKB,UNIVERSITY HOSPITALS COVENTRY AND WARWICKSHIRE NHS TRUST,74523,73518,-1005,True
2025-09,2025-10,RKE,WHITTINGTON HEALTH NHS TRUST,27050,26699,-351,True
2025-09,2025-10,RL1,THE ROBERT JONES AND AGNES HUNT ORTHOPAEDIC HOSPITAL NHS FOUNDATION TRUST,17085,17391,306,True
2025-09,2025-10,RL4,THE ROYAL WOLVERHAMPTON NHS TRUST,75065,76656,1591,True
2025-09,2025-10,RLQ,WYE VALLEY NHS TRUST,22595,22403,-192,True
2025-09,2025-10,RLT,GEORGE ELIOT HOSPITAL NHS TRUST,20438,20058,-380,True
2025-09,2025-10,RM1,NORFOLK AND NORWICH UNIVERSITY HOSPITALS NHS FOUNDATION TRUST,83312,82707,-605,True
2025-09,2025-10,RM3,NORTHERN CARE ALLIANCE NHS FOUNDATION TRUST,140404,140935,531,True
2025-09,2025-10,RMC,BOLTON NHS FOUNDATION TRUST,37555,37366,-189,True
2025-09,2025-10,RMP,TAMESIDE AND GLOSSOP INTEGRATED CARE NHS FOUNDATION TRUST,17273,17116,-157,True
2025-09,2025-10,RN3,GREAT WESTERN HOSPITALS NHS FOUNDATION TRUST,40631,41602,971,True
2025-09,2025-10,RN5,HAMPSHIRE HOSPITALS NHS FOUNDATION TRUST,50640,50714,74,True
2025-09,2025-10,RN7,DARTFORD AND GRAVESHAM NHS TRUST,31978,31447,-531,True
2025-09,2025-10,RNA,THE DUDLEY GROUP NHS FOUNDATION TRUST,46768,46899,131,True
2025-09,2025-10,RNN,NORTH CUMBRIA INTEGRATED CARE NHS FOUNDATION TRUST,39132,39432,300,True
2025-09,2025-10,RNQ,KETTERING GENERAL HOSPITAL NHS FOUNDATION TRUST,25262,25433,171,True
2025-09,2025-10,RNS,NORTHAMPTON GENERAL HOSPITAL NHS TRUST,44903,43949,-954,True
2025-09,2025-10,RNZ,SALISBURY NHS FOUNDATION TRUST,30147,29121,-1026,True
2025-09,2025-10,RP4,GREAT ORMOND STREET HOSPITAL FOR CHILDREN NHS FOUNDATION TRUST,7950,7746,-204,True
2025-09,2025-10,RP5,DONCASTER AND BASSETLAW TEACHING HOSPITALS NHS FOUNDATION TRUST,56364,55898,-466,True
2025-09,2025-10,RP6,MOORFIELDS EYE HOSPITAL NHS FOUNDATION TRUST,34148,34839,691,True
2025-09,2025-10,RP7,LINCOLNSHIRE PARTNERSHIP NHS FOUNDATION TRUST,40,34,-6,True
2025-09,2025-10,RPA,MEDWAY NHS FOUNDATION TRUST,39089,38102,-987,True
2025-09,2025-10,RPC,QUEEN VICTORIA HOSPITAL NHS FOUNDATION TRUST,19767,19807,40,True
2025-09,2025-10,RPG,OXLEAS NHS FOUNDATION TRUST,1449,1238,-211,True
2025-09,2025-10,RPY,THE ROYAL MARSDEN NHS FOUNDATION TRUST,1911,1968,57,True
2025-09,2025-10,RQ3,BIRMINGHAM WOMEN'S AND CHILDREN'S NHS FOUNDATION TRUST,24432,23294,-1138,True
2025-09,2025-10,RQM,CHELSEA AND WESTMINSTER HOSPITAL NHS FOUNDATION TRUST,75260,75930,670,True
2025-09,2025-10,RQW,THE PRINCESS ALEXANDRA HOSPITAL NHS TRUST,43440,42194,-1246,True
2025-09,2025-10,RQX,HOMERTON HEALTHCARE NHS FOUNDATION TRUST,33155,30726,-2429,True
2025-09,2025-10,RR7,GATESHEAD HEALTH NHS FOUNDATION TRUST,13399,13225,-174,True
2025-09,2025-10,RR8,LEEDS TEACHING HOSPITALS NHS TRUST,87646,87762,116,True
2025-09,2025-10,RRE,MIDLANDS PARTNERSHIP UNIVERSITY NHS FOUNDATION TRUST,7517,7812,295,True
2025-09,2025-10,RRF,"WRIGHTINGTON, WIGAN AND LEIGH NHS FOUNDATION TRUST",48473,48514,41,True
2025-09,2025-10,RRJ,THE ROYAL ORTHOPAEDIC HOSPITAL NHS FOUNDATION TRUST,13351,13452,101,True
2025-09,2025-10,RRK,UNIVERSITY HOSPITALS BIRMINGHAM NHS FOUNDATION TRUST,97570,95805,-1765,True
2025-09,2025-10,RRV,UNIVERSITY COLLEGE LONDON HOSPITALS NHS FOUNDATION TRUST,72763,71963,-800,True
2025-09,2025-10,RT1,CAMBRIDGESHIRE AND PETERBOROUGH NHS FOUNDATION TRUST,13,275,262,True
2025-09,2025-10,RTD,THE NEWCASTLE UPON TYNE HOSPITALS NHS FOUNDATION TRUST,87519,89175,1656,True
2025-09,2025-10,RTE,GLOUCESTERSHIRE HOSPITALS NHS FOUNDATION TRUST,63422,62288,-1134,True
2025-09,2025-10,RTF,NORTHUMBRIA HEALTHCARE NHS FOUNDATION TRUST,35404,35028,-376,True
2025-09,2025-10,RTG,UNIVERSITY HOSPITALS OF DERBY AND BURTON NHS FOUNDATION TRUST,94828,95954,1126,True
2025-09,2025-10,RTH,OXFORD UNIVERSITY HOSPITALS NHS FOUNDATION TRUST,85326,84361,-965,True
2025-09,2025-10,RTK,ASHFORD AND ST PETER'S HOSPITALS NHS FOUNDATION TRUST,55841,54378,-1463,True
2025-09,2025-10,RTP,SURREY AND SUSSEX HEALTHCARE NHS TRUST,46037,45791,-246,True
2025-09,2025-10,RTR,SOUTH TEES HOSPITALS NHS FOUNDATION TRUST,56433,56596,163,True
2025-09,2025-10,RTX,UNIVERSITY HOSPITALS OF MORECAMBE BAY NHS FOUNDATION TRUST,34049,34026,-23,True
2025-09,2025-10,RVJ,NORTH BRISTOL NHS TRUST,44058,43546,-512,True
2025-09,2025-10,RVR,EPSOM AND ST HELIER UNIVERSITY HOSPITALS NHS TRUST,58636,57873,-763,True
2025-09,2025-10,RVV,EAST KENT HOSPITALS UNIVERSITY NHS FOUNDATION TRUST,78901,78432,-469,True
2025-09,2025-10,RVW,NORTH TEES AND HARTLEPOOL NHS FOUNDATION TRUST,21490,22291,801,True
2025-09,2025-10,RW1,HAMPSHIRE AND ISLE OF WIGHT HEALTHCARE NHS FOUNDATION TRUST,3983,4066,83,True
2025-09,2025-10,RW4,MERSEY CARE NHS FOUNDATION TRUST,44,47,3,True
2025-09,2025-10,RW5,LANCASHIRE & SOUTH CUMBRIA NHS FOUNDATION TRUST,2513,2927,414,True
2025-09,2025-10,RWA,HULL UNIVERSITY TEACHING HOSPITALS NHS TRUST,80583,81279,696,True
2025-09,2025-10,RWD,UNITED LINCOLNSHIRE TEACHING HOSPITALS NHS TRUST,68719,68805,86,True
2025-09,2025-10,RWE,UNIVERSITY HOSPITALS OF LEICESTER NHS TRUST,109211,109389,178,True
2025-09,2025-10,RWF,MAIDSTONE AND TUNBRIDGE WELLS NHS TRUST,48693,49853,1160,True
2025-09,2025-10,RWG,WEST HERTFORDSHIRE TEACHING HOSPITALS NHS TRUST,46595,46492,-103,True
2025-09,2025-10,RWH,EAST AND NORTH HERTFORDSHIRE TEACHING NHS TRUST,50992,52299,1307,True
2025-09,2025-10,RWJ,STOCKPORT NHS FOUNDATION TRUST,34954,35049,95,True
2025-09,2025-10,RWP,WORCESTERSHIRE ACUTE HOSPITALS NHS TRUST,57352,58054,702,True
2025-09,2025-10,RWW,WARRINGTON AND HALTON TEACHING HOSPITALS NHS FOUNDATION TRUST,32461,32732,271,True
2025-09,2025-10,RWX,BERKSHIRE HEALTHCARE NHS FOUNDATION TRUST,77,85,8,True
2025-09,2025-10,RWY,CALDERDALE AND HUDDERSFIELD NHS FOUNDATION TRUST,36943,35937,-1006,True
2025-09,2025-10,RX1,NOTTINGHAM UNIVERSITY HOSPITALS NHS TRUST,85251,88132,2881,True
2025-09,2025-10,RX4,"CUMBRIA, NORTHUMBERLAND, TYNE AND WEAR NHS FOUNDATION TRUST",162,158,-4,True
2025-09,2025-10,RXC,EAST SUSSEX HEALTHCARE NHS TRUST,61334,61542,208,True
2025-09,2025-10,RXF,MID YORKSHIRE TEACHING NHS TRUST,57148,56456,-692,True
2025-09,2025-10,RXG,SOUTH WEST YORKSHIRE PARTNERSHIP NHS FOUNDATION TRUST,4685,4780,95,True
2025-09,2025-10,RXK,SANDWELL AND WEST BIRMINGHAM HOSPITALS NHS TRUST,66524,64755,-1769,True
2025-09,2025-10,RXL,BLACKPOOL TEACHING HOSPITALS NHS FOUNDATION TRUST,42630,43530,900,True
2025-09,2025-10,RXN,LANCASHIRE TEACHING HOSPITALS NHS FOUNDATION TRUST,65322,64304,-1018,True
2025-09,2025-10,RXP,COUNTY DURHAM AND DARLINGTON NHS FOUNDATION TRUST,42310,42287,-23,True
2025-09,2025-10,RXQ,BUCKINGHAMSHIRE HEALTHCARE NHS TRUST,48888,48284,-604,True
2025-09,2025-10,RXR,EAST LANCASHIRE HOSPITALS NHS TRUST,55623,54296,-1327,True
2025-09,2025-10,RXW,THE SHREWSBURY AND TELFORD HOSPITAL NHS TRUST,31652,32263,611,True
2025-09,2025-10,RYJ,IMPERIAL COLLEGE HEALTHCARE NHS TRUST,91255,90174,-1081,True
2025-09,2025-10,RYR,UNIVERSITY HOSPITALS SUSSEX NHS FOUNDATION TRUST,113252,116138,2886,True
2025-09,2025-10,RYW,BIRMINGHAM COMMUNITY HEALTHCARE NHS FOUNDATION TRUST,15355,15463,108,True
2025-09,2025-10,RYY,KENT COMMUNITY HEALTH NHS FOUNDATION TRUST,3860,3953,93,True
2025-09,2025-10,S1Z4X,NEWMEDICA - BIRMINGHAM,810,800,-10,True
2025-09,2025-10,S3H9L,THE HAMPTONS HOSPITAL LTD,1800,1669,-131,True
2025-09,2025-10,S4E3I,MIDLAND EYE (EYE-DOCS LTD),367,411,44,True
2025-09,2025-10,S5E5Y,HCRG CARE DERMATOLOGY THE IRONSTONE CENTRE,1314,1465,151,True
2025-09,2025-10,T4I8V,SPAMEDICA CHESTERFIELD,117,76,-41,True
2025-09,2025-10,T8R5I,SPAMEDICA WOKINGHAM,203,204,1,True
2025-09,2025-10,T8V3L,SPAMEDICA DONCASTER,149,143,-6,True
2025-09,2025-10,TAD,BRADFORD DISTRICT CARE NHS FOUNDATION TRUST,538,496,-42,True
2025-09,2025-10,U0K8N,CES MEDICAL,39,46,7,True
2025-09,2025-10,V3J9W,PASTEL HEALTH,0,16,16,False
2025-09,2025-10,V4U1Y,SPAMEDICA CHESTER,163,172,9,True
2025-09,2025-10,V5F1D,SPAMEDICA TELFORD,207,355,148,True
2025-09,2025-10,V8N5R,SPAMEDICA DALSTON,239,230,-9,True
2025-09,2025-10,Y8L9S,SPAMEDICA BROMLEY,312,310,-2,True
2025-09,2025-10,Y9S1N,FAIRFIELD INDEPENDENT HOSPITAL,2414,2496,82,True
2025-09,2025-10,Z1E5F,NEWMEDICA - HARROGATE,221,229,8,True
2025-09,2025-10,Z2L9B,NEWMEDICA - MANCHESTER WEST,335,399,64,True
2025-09,2025-10,Z5J5V,SPAMEDICA HAYDOCK,132,150,18,True
2025-09,2025-10,Z9Z1G,SPAMEDICA GATESHEAD,170,278,108,True
2025-10,2025-11,A0C5S,SPAMEDICA GLOUCESTER,62,67,5,True
2025-10,2025-11,A1D1B,SPAMEDICA WEMBLEY,163,229,66,True
2025-10,2025-11,A1U4J,SPAMEDICA PORTSMOUTH,107,133,26,True
2025-10,2025-11,A4M8P,BUCKSHAW HOSPITAL,3024,2992,-32,True
2025-10,2025-11,A4Q9X,NEWMEDICA LEICESTER,583,709,126,True
2025-10,2025-11,A4Y8X,ACES NOTTINGHAM,0,1,1,False
2025-10,2025-11,A9P5F,ACES WHITE CITY,0,9,9,False
2025-10,2025-11,AAH,TETBURY HOSPITAL TRUST LTD,378,309,-69,True
2025-10,2025-11,AAV,COMMUNITY HEALTH AND EYECARE LIMITED,3977,4422,445,True
2025-10,2025-11,ACG08,NEWMEDICA OPHTHALMOLOGY - NUNEATON - CAMP HILL - GP LED HEALTH CENTRE,19,20,1,True
2025-10,2025-11,ACG12,NEWMEDICA COMMUNITY OPHTHALMOLOGY - NORTH EAST LINCOLNSHIRE - GRIMSBY,1222,1268,46,True
2025-10,2025-11,ACG13,NEWMEDICA - GLOUCESTER (ASPEN MEDICAL CENTRE),382,432,50,True
2025-10,2025-11,ACG19,NEWMEDICA COMMUNITY OPHTHALMOLOGY - LEEDS,727,749,22,True
2025-10,2025-11,ACG20,NEWMEDICA - BRISTOL - LITFIELD HOUSE,335,380,45,True
2025-10,2025-11,ACG22,NEWMEDICA - BRIGG - RIVERSIDE SURGERY,942,981,39,True
2025-10,2025-11,ACG24,NEWMEDICA - TEESSIDE - NORTH ORMESBY,1060,1171,111,True
2025-10,2025-11,ACG26,NEWMEDICA - NORTH DERBYSHIRE - MIDLAND COURT,1013,1189,176,True
2025-10,2025-11,ACG30,NEWMEDICA - WORKSOP - DUKERIES,137,160,23,True
2025-10,2025-11,ACG31,NEWMEDICA - WORCESTER,752,744,-8,True
2025-10,2025-11,ACG36,NEWMEDICA - EXETER - GLEN HOUSE,343,438,95,True
2025-10,2025-11,ACG37,NEWMEDICA - IPSWICH,896,930,34,True
2025-10,2025-11,ACG38,NEWMEDICA - LANGFORD,373,468,95,True
2025-10,2025-11,ACG39,NEWMEDICA - SWINDON,34,25,-9,True
2025-10,2025-11,ACG40,NEWMEDICA - WAKEFIELD,607,642,35,True
2025-10,2025-11,ACM,EYE CARE MEDICAL LTD,13,4,-9,True
2025-10,2025-11,ADP02,KIMS HOSPITAL (NEWNHAM COURT),1379,1413,34,True
2025-10,2025-11,AHP,ST MICHAEL'S CLINIC LIMITED,1574,1640,66,True
2025-10,2025-11,AJ8,THE GRANGE MEDICAL CENTRE HQ,218,290,72,True
2025-10,2025-11,AQK,VERNOVA HEALTHCARE COMMUNITY INTEREST COMPANY,276,268,-8,True
2025-10,2025-11,AVQ01,ONE ASHFORD HOSPITAL,0,1076,1076,False
2025-10,2025-11,AVQ03,ONE HATFIELD HOSPITAL,990,387,-603,True
2025-10,2025-11,AWR,ONE STOP DOCTORS LIMITED,159,263,104,True
2025-10,2025-11,AY1,MEDEFER,319,259,-60,True
2025-10,2025-11,B1A5K,NEWMEDICA - NOTTINGHAM,744,649,-95,True
2025-10,2025-11,B3M1X,CLAREMONT PRIVATE HOSPITAL,1950,2029,79,True
2025-10,2025-11,B4N1U,SPAMEDICA ROMFORD,296,332,36,True
2025-10,2025-11,B5M7B,NEWMEDICA - NORWICH,1577,1594,17,True
2025-10,2025-11,B9J4U,SPAMEDICA PETERBOROUGH,160,159,-1,True
2025-10,2025-11,B9M3W,SPAMEDICA SOUTHAMPTON,468,420,-48,True
2025-10,2025-11,C3Y0A,SPAMEDICA BLACKPOOL,125,178,53,True
2025-10,2025-11,C5Y9L,NEWMEDICA - BERKSHIRE - BRACKNELL,79,71,-8,True
2025-10,2025-11,C9A7J,NEWMEDICA - BRADFORD & HUDDERSFIELD,400,457,57,True
2025-10,2025-11,D0V5X,NEWMEDICA - SWINDON MURDOCK ROAD,110,130,20,True
2025-10,2025-11,D2L5T,ACES LIVERPOOL,0,18,18,False
2025-10,2025-11,D3O0Z,PLYMOUTH NEWMEDICA LTD,383,434,51,True
2025-10,2025-11,D5P5H,SPAMEDICA BEXHILL,221,272,51,True
2025-10,2025-11,DFQ,NORWICH & NORFOLK SURGICAL LTD (N2S),1026,1081,55,True
2025-10,2025-11,DFY01,COTSWOLDS SURGICAL PARTNERS,212,252,40,True
2025-10,2025-11,DJH01,THE ROYAL BUCKINGHAMSHIRE HOSPITAL LTD,9,17,8,True
2025-10,2025-11,DPK,THE STONEYGATE EYE HOSPITAL,469,486,17,True
2025-10,2025-11,DTT,PHOENIX PUBLIC HEALTH LTD,222,204,-18,True
2025-10,2025-11,DX1,THE NEW FOSCOTE HOSPITAL LTD,327,336,9,True
2025-10,2025-11,DXV,OMNES HEALTHCARE LTD,12060,13004,944,True
2025-10,2025-11,E1U4T,SPAMEDICA CARLISLE,357,414,57,True
2025-10,2025-11,E3D4A,SPAMEDICA TRURO,160,155,-5,True
2025-10,2025-11,F0R0W,NEWMEDICA - DARLINGTON,44,58,14,True
2025-10,2025-11,F1Y1H,NEWMEDICA - CHESHIRE OAKS,390,499,109,True
2025-10,2025-11,F7B2B,ANGLIA COMMUNITY EYE SERVICE - BURY ST EDMUNDS,0,2,2,False
2025-10,2025-11,F7F6D,NEWMEDICA - HERTFORSHIRE - WELWYN GARDEN CITY,649,835,186,True
2025-10,2025-11,F9Z4V,CIRCLE READING HOSPITAL,1725,1676,-49,True
2025-10,2025-11,G3O5P,SPAMEDICA NEWARK,314,401,87,True
2025-10,2025-11,G3Q3Z,NUFFIELD HEALTH HIGHGATE HOSPITAL,788,786,-2,True
2025-10,2025-11,G3Z1Q,SULIS HOSPITAL BATH (FOXCOTE AVENUE),3318,3411,93,True
2025-10,2025-11,G4H0I,NEWMEDICA SUFFOLK - BURY ST EDMUNDS - CLARITY HOUSE,635,654,19,True
2025-10,2025-11,G5X2Q,SPAMEDICA NORTH TYNESIDE,246,278,32,True
2025-10,2025-11,G6S7A,SPAMEDICA TAUNTON,328,418,90,True
2025-10,2025-11,GEC01,RAPID INVESTIGATION SERVICE,126,116,-10,True
2025-10,2025-11,H1T2P,SPAMEDICA SWINDON,66,40,-26,True
2025-10,2025-11,H2K1G,NEWMEDICA - BROMSGROVE,360,337,-23,True
2025-10,2025-11,H3W7Q,ACES CHELMSFORD,0,8,8,False
2025-10,2025-11,H4I8B,NUFFIELD HEALTH THE HOLLY HOSPITAL,2835,3122,287,True
2025-10,2025-11,H4J9P,NEWMEDICA AZTEC WEST,777,924,147,True
2025-10,2025-11,H4Y7F,SPAMEDICA DORCHESTER,115,176,61,True
2025-10,2025-11,H7X1I,ANGLIA COMMUNITY EYE SERVICE - CAMBRIDGE,0,17,17,False
2025-10,2025-11,I1H7K,SPAMEDICA SALE,132,129,-3,True
2025-10,2025-11,I2C7H,SPAMEDICA BRADFORD,242,214,-28,True
2025-10,2025-11,I7G8X,ACES NEWCASTLE,0,7,7,False
2025-10,2025-11,I9A4A,SPAMEDICA BRIGHTON,209,224,15,True
2025-10,2025-11,J0M7P,SPAMEDICA HEREFORD DIAGNOSTIC AND TREATMENT CENTRE,22,33,11,True
2025-10,2025-11,J2H6H,SPAMEDICA COLCHESTER,87,105,18,True
2025-10,2025-11,J3J8Z,NEWMEDICA - OXFORDSHIRE,544,641,97,True
2025-10,2025-11,J3X4C,SPAMEDICA WORCESTER,316,375,59,True
2025-10,2025-11,J7V1N,SPAMEDICA SOLIHULL,261,261,0,True
2025-10,2025-11,K8I4X,GLENDON WOOD HOSPITAL,1486,1412,-74,True
2025-10,2025-11,K9J3O,SPAMEDICA LUTON,196,174,-22,True
2025-10,2025-11,L0D9W,NEWMEDICA - GLOUCESTER (BRIGHOUSE COURT),1049,1167,118,True
2025-10,2025-11,L4R3R,NEWMEDICA - HAMPSHIRE,1926,2165,239,True
2025-10,2025-11,L6O7H,SPAMEDICA POOLE,526,542,16,True
2025-10,2025-11,L9D3Z,SPAMEDICA LEICESTER,136,109,-27,True
2025-10,2025-11,M0N7E,SPAMEDICA SITTINGBOURNE,106,119,13,True
2025-10,2025-11,M2Y6D,PRACTICE PLUS GROUP HOSPITAL BIRMINGHAM,787,831,44,True
2025-10,2025-11,M3R0W,SPAMEDICA NORWICH,177,172,-5,True
2025-10,2025-11,M4C5R,NEWMEDICA - NORTHAMPTON,988,995,7,True
2025-10,2025-11,M5E1S,SPAMEDICA EXETER,277,265,-12,True
2025-10,2025-11,M6L9D,NEWMEDICA - NOTTINGHAM - KEYWORTH,24,36,12,True
2025-10,2025-11,M7C9Q,SPAMEDICA EPSOM,145,168,23,True
2025-10,2025-11,M9U8M,ENDOCARE DIAGNOSTICS LTD,116,119,3,True
2025-10,2025-11,N1M9Z,ACES EXETER,0,5,5,False
2025-10,2025-11,N1N0Y,SPAMEDICA CROYDON,93,79,-14,True
2025-10,2025-11,N6Z0R,NEWMEDICA - LINCOLN,55,50,-5,True
2025-10,2025-11,N8R1N,NEWMEDICA - BERKSHIRE,1173,1222,49,True
2025-10,2025-11,NAM01,PROBUS SURGICAL CENTRE,1280,1276,-4,True
2025-10,2025-11,NCN,DMC HEALTHCARE,2342,1732,-610,True
2025-10,2025-11,NCR,ISIGHT,1276,1172,-104,True
2025-10,2025-11,NDJ,FIRST COMMUNITY HEALTH AND CARE CIC,797,639,-158,True
2025-10,2025-11,NDL01,SUFFOLK GP FEDERATION,49,81,32,True
2025-10,2025-11,NEQ,PHOENIX HEALTH SOLUTIONS LIMITED HQ,509,605,96,True
2025-10,2025-11,NEY,PIONEER HEALTHCARE LIMITED,1416,789,-627,True
2025-10,2025-11,NFH,SOMERSET SURGICAL SERVICES HQ,1100,1153,53,True
2025-10,2025-11,NHW,STANDARD HEALTH LTD,118,92,-26,True
2025-10,2025-11,NL3,CARE PLUS GROUP,200,209,9,True
2025-10,2025-11,NL8,LOCALA COMMUNITY PARTNERSHIPS CIC,1277,1160,-117,True
2025-10,2025-11,NLE01,LANCASTER HOUSE CONSULTING DIAGNOSTICS SURGICAL LTD HQ,834,1020,186,True
2025-10,2025-11,NLG,COMMUNITAS CLINICS,13750,3318,-10432,True
2025-10,2025-11,NLX,SIRONA CARE & HEALTH,7168,6911,-257,True
2025-10,2025-11,NMG,CORA HEALTH MSK (FORMERLY CONNECT HEALTH LTD),16505,17912,1407,True
2025-10,2025-11,NN4,TYNESIDE SURGICAL SERVICES LTD,1440,1420,-20,True
2025-10,2025-11,NN5,MANCHESTER SURGICAL SERVICES LTD,339,320,-19,True
2025-10,2025-11,NN8,SPENCER PRIVATE HOSPITALS LTD,3405,3341,-64,True
2025-10,2025-11,NNE,DORKING HEALTHCARE LIMITED (DHC),6403,6406,3,True
2025-10,2025-11,NNH,OPTEGRA UK,7191,7491,300,True
2025-10,2025-11,NP9,BESPOKE HEALTHCARE LTD,173,521,348,True
2025-10,2025-11,NPG01,SPAMEDICA MANCHESTER,216,243,27,True
2025-10,2025-11,NPG02,SPAMEDICA WIRRAL,201,226,25,True
2025-10,2025-11,NPG06,SPAMEDICA LIVERPOOL,419,388,-31,True
2025-10,2025-11,NPG07,SPAMEDICA EYE HOSPITAL (WAKEFIELD),374,421,47,True
2025-10,2025-11,NPG08,SPAMEDICA BOLTON,371,475,104,True
2025-10,2025-11,NPG10,SPAMEDICA SHEFFIELD,264,308,44,True
2025-10,2025-11,NPG11,SPAMEDICA BIRMINGHAM,474,555,81,True
2025-10,2025-11,NPG13,SPAMEDICA SKELMERSDALE,98,99,1,True
2025-10,2025-11,NPG14,SPAMEDICA WIDNES,229,188,-41,True
2025-10,2025-11,NPG15,SPAMEDICA NEWCASTLE-UNDER-LYME,95,124,29,True
2025-10,2025-11,NPG16,SPAMEDICA CHELMSFORD,449,499,50,True
2025-10,2025-11,NPG17,SPAMEDICA PRESTON,208,219,11,True
2025-10,2025-11,NPG18,SPAMEDICA HULL,333,382,49,True
2025-10,2025-11,NPG19,SPAMEDICA BEDFORD,217,209,-8,True
2025-10,2025-11,NPG20,SPAMEDICA WOLVERHAMPTON,418,482,64,True
2025-10,2025-11,NPG21,SPAMEDICA COVENTRY,333,374,41,True
2025-10,2025-11,NPG22,SPAMEDICA STOCKTON-ON-TEES,290,315,25,True
2025-10,2025-11,NPG23,SPAMEDICA DERBY,208,185,-23,True
2025-10,2025-11,NPR01,ABOUT HEALTH HQ,1108,1133,25,True
2025-10,2025-11,NQH,NOVUS HEALTH LTD,1321,1199,-122,True
2025-10,2025-11,NQM01,ORTHOPAEDICS & SPINE SPECIALIST HOSPITAL SITE,145,156,11,True
2025-10,2025-11,NQT5K,ST MARTINS HOSPITAL,122,124,2,True
2025-10,2025-11,NQX,PROVIDE ENTERPRISES,103,107,4,True
2025-10,2025-11,NR5,LIVEWELL SOUTHWEST,60,77,17,True
2025-10,2025-11,NRF,UNIVERSITY OF SOUTHAMPTON AUDITORY IMPLANT SERVICE,205,187,-18,True
2025-10,2025-11,NRL,HEART NETWORKS,555,535,-20,True
2025-10,2025-11,NRP,BEACON MEDICAL SERVICES GROUP LIMITED,1053,1032,-21,True
2025-10,2025-11,NT202,"NUFFIELD HEALTH, BOURNEMOUTH HOSPITAL",266,331,65,True
2025-10,2025-11,NT204,"NUFFIELD HEALTH, BRENTWOOD HOSPITAL",2134,4,-2130,True
2025-10,2025-11,NT205,"NUFFIELD HEALTH, BRIGHTON HOSPITAL",808,761,-47,True
2025-10,2025-11,NT206,"NUFFIELD HEALTH, BRISTOL HOSPITAL (CHESTERFIELD)",623,708,85,True
2025-10,2025-11,NT209,"NUFFIELD HEALTH, CAMBRIDGE HOSPITAL",309,299,-10,True
2025-10,2025-11,NT210,"NUFFIELD HEALTH, THE GROSVENOR HOSPITAL, CHESTER",469,537,68,True
2025-10,2025-11,NT211,"NUFFIELD HEALTH, CHELTENHAM HOSPITAL",117,85,-32,True
2025-10,2025-11,NT212,"NUFFIELD HEALTH, CHICHESTER HOSPITAL",862,791,-71,True
2025-10,2025-11,NT213,"NUFFIELD HEALTH, DERBY HOSPITAL",1063,1028,-35,True
2025-10,2025-11,NT214,"NUFFIELD HEALTH, WESSEX HOSPITAL",588,621,33,True
2025-10,2025-11,NT215,"NUFFIELD HEALTH, EXETER HOSPITAL",434,431,-3,True
2025-10,2025-11,NT216,"NUFFIELD HEALTH, GUILDFORD HOSPITAL",323,240,-83,True
2025-10,2025-11,NT218,"NUFFIELD HEALTH, HAYWARDS HEATH HOSPITAL",444,445,1,True
2025-10,2025-11,NT219,"NUFFIELD HEALTH, HEREFORD HOSPITAL",345,348,3,True
2025-10,2025-11,NT224,"NUFFIELD HEALTH, WARWICKSHIRE HOSPITAL",430,452,22,True
2025-10,2025-11,NT225,"NUFFIELD HEALTH, LEEDS HOSPITAL",1343,1285,-58,True
2025-10,2025-11,NT226,"NUFFIELD HEALTH, LEICESTER HOSPITAL",388,368,-20,True
2025-10,2025-11,NT229,"NUFFIELD HEALTH, NEWCASTLE UPON TYNE HOSPITAL",533,562,29,True
2025-10,2025-11,NT230,"NUFFIELD HEALTH, NORTH STAFFORDSHIRE HOSPITAL",1136,1108,-28,True
2025-10,2025-11,NT233,"NUFFIELD HEALTH, PLYMOUTH HOSPITAL",997,981,-16,True
2025-10,2025-11,NT235,"NUFFIELD HEALTH, SHREWSBURY HOSPITAL",364,482,118,True
2025-10,2025-11,NT237,"NUFFIELD HEALTH, TEES HOSPITAL",1267,1269,2,True
2025-10,2025-11,NT238,"NUFFIELD HEALTH, TAUNTON HOSPITAL",306,337,31,True
2025-10,2025-11,NT239,"NUFFIELD HEALTH, TUNBRIDGE WELLS HOSPITAL",83,81,-2,True
2025-10,2025-11,NT241,"NUFFIELD HEALTH, WOKING HOSPITAL",514,478,-36,True
2025-10,2025-11,NT242,"NUFFIELD HEALTH, WOLVERHAMPTON HOSPITAL",545,631,86,True
2025-10,2025-11,NT244,NUFFIELD HOSPITAL OXFORD (THE MANOR),127,121,-6,True
2025-10,2025-11,NT245,"NUFFIELD HEALTH, YORK HOSPITAL",1072,1065,-7,True
2025-10,2025-11,NT301,SPIRE SOUTH BANK HOSPITAL,912,952,40,True
2025-10,2025-11,NT302,SPIRE BRISTOL HOSPITAL,746,728,-18,True
2025-10,2025-11,NT304,SPIRE SOUTHAMPTON HOSPITAL,428,427,-1,True
2025-10,2025-11,NT305,SPIRE PORTSMOUTH HOSPITAL,461,467,6,True
2025-10,2025-11,NT308,SPIRE GATWICK PARK HOSPITAL,1121,1114,-7,True
2025-10,2025-11,NT30A,SPIRE NOTTINGHAM HOSPITAL,722,764,42,True
2025-10,2025-11,NT312,SPIRE ALEXANDRA HOSPITAL,1095,1309,214,True
2025-10,2025-11,NT313,SPIRE WELLESLEY HOSPITAL,1096,1068,-28,True
2025-10,2025-11,NT314,SPIRE LONDON EAST,2537,2578,41,True
2025-10,2025-11,NT315,SPIRE BUSHEY HOSPITAL,1051,1157,106,True
2025-10,2025-11,NT316,SPIRE HARPENDEN HOSPITAL,506,502,-4,True
2025-10,2025-11,NT317,SPIRE CAMBRIDGE LEA HOSPITAL,320,334,14,True
2025-10,2025-11,NT318,SPIRE NORWICH HOSPITAL,452,499,47,True
2025-10,2025-11,NT319,SPIRE HARTSWOOD HOSPITAL,1214,1186,-28,True
2025-10,2025-11,NT320,SPIRE PARKWAY HOSPITAL,1588,1554,-34,True
2025-10,2025-11,NT321,SPIRE LITTLE ASTON HOSPITAL,1286,1212,-74,True
2025-10,2025-11,NT322,SPIRE LEICESTER HOSPITAL,1071,1197,126,True
2025-10,2025-11,NT324,SPIRE CHESHIRE HOSPITAL,1653,1452,-201,True
2025-10,2025-11,NT325,SPIRE MURRAYFIELD HOSPITAL,787,796,9,True
2025-10,2025-11,NT327,SPIRE MANCHESTER HOSPITAL,1522,1399,-123,True
2025-10,2025-11,NT332,SPIRE LEEDS HOSPITAL,1093,1138,45,True
2025-10,2025-11,NT333,SPIRE WASHINGTON HOSPITAL,1417,1526,109,True
2025-10,2025-11,NT337,SPIRE LIVERPOOL HOSPITAL,3671,3743,72,True
2025-10,2025-11,NT339,SPIRE REGENCY HOSPITAL,1913,1826,-87,True
2025-10,2025-11,NT343,SPIRE THAMES VALLEY HOSPITAL,353,444,91,True
2025-10,2025-11,NT344,SPIRE DUNEDIN HOSPITAL,276,238,-38,True
2025-10,2025-11,NT345,SPIRE CLARE PARK HOSPITAL,382,451,69,True
2025-10,2025-11,NT347,SPIRE FYLDE COAST HOSPITAL,4877,4135,-742,True
2025-10,2025-11,NT348,SPIRE ELLAND HOSPITAL,1610,1521,-89,True
2025-10,2025-11,NT350,SPIRE METHLEY PARK HOSPITAL,1066,982,-84,True
2025-10,2025-11,NT351,SPIRE HULL AND EAST RIDING HOSPITAL,2541,2661,120,True
2025-10,2025-11,NT364,SPIRE MONTEFIORE HOSPITAL,877,802,-75,True
2025-10,2025-11,NT3X3,SPIRE ST ANTHONY'S HOSPITAL,1035,560,-475,True
2025-10,2025-11,NT401,ALEXANDRA HOSPITAL,875,971,96,True
2025-10,2025-11,NT402,BATH CLINIC,811,883,72,True
2025-10,2025-11,NT403,BEARDWOOD HOSPITAL,2186,2159,-27,True
2025-10,2025-11,NT404,BEAUMONT HOSPITAL,2842,2933,91,True
2025-10,2025-11,NT405,BISHOPS WOOD HOSPITAL,569,561,-8,True
2025-10,2025-11,NT406,BLACKHEATH HOSPITAL,1609,1506,-103,True
2025-10,2025-11,NT408,CHAUCER HOSPITAL,821,841,20,True
2025-10,2025-11,NT409,CHELSFIELD PARK HOSPITAL,802,808,6,True
2025-10,2025-11,NT410,CHILTERN HOSPITAL,457,490,33,True
2025-10,2025-11,NT411,CLEMENTINE CHURCHILL HOSPITAL,1894,1979,85,True
2025-10,2025-11,NT412,DROITWICH SPA HOSPITAL,1806,1782,-24,True
2025-10,2025-11,NT416,HENDON HOSPITAL,1198,1173,-25,True
2025-10,2025-11,NT417,GORING HALL HOSPITAL,981,942,-39,True
2025-10,2025-11,NT418,HAMPSHIRE CLINIC,317,337,20,True
2025-10,2025-11,NT419,HARBOUR HOSPITAL,122,132,10,True
2025-10,2025-11,NT420,HIGHFIELD HOSPITAL,908,881,-27,True
2025-10,2025-11,NT421,KINGS OAK HOSPITAL,1027,1136,109,True
2025-10,2025-11,NT422,LONDON INDEPENDENT HOSPITAL,3538,3787,249,True
2025-10,2025-11,NT423,MANOR HOSPITAL,760,725,-35,True
2025-10,2025-11,NT424,MERIDEN HOSPITAL,1838,1787,-51,True
2025-10,2025-11,NT427,PARK HOSPITAL,1701,1733,32,True
2025-10,2025-11,NT428,PRINCESS MARGARET HOSPITAL,80,75,-5,True
2025-10,2025-11,NT429,PRIORY HOSPITAL,438,423,-15,True
2025-10,2025-11,NT430,RIDGEWAY HOSPITAL,321,320,-1,True
2025-10,2025-11,NT431,RUNNYMEDE HOSPITAL,139,153,14,True
2025-10,2025-11,NT433,SARUM ROAD HOSPITAL,399,367,-32,True
2025-10,2025-11,NT434,SAXON CLINIC,653,642,-11,True
2025-10,2025-11,NT435,SHELBURNE HOSPITAL,168,177,9,True
2025-10,2025-11,NT436,SHIRLEY OAKS HOSPITAL,872,908,36,True
2025-10,2025-11,NT437,SLOANE HOSPITAL,821,827,6,True
2025-10,2025-11,NT440,THORNBURY HOSPITAL,564,571,7,True
2025-10,2025-11,NT441,THREE SHIRES HOSPITAL,3662,3573,-89,True
2025-10,2025-11,NT443,WINTERBOURNE HOSPITAL,324,338,14,True
2025-10,2025-11,NT445,EDGBASTON HOSPITAL,1,1,0,True
2025-10,2025-11,NT446,ST EDMUNDS HOSPITAL,623,583,-40,True
2025-10,2025-11,NT447,DUCHY HOSPITAL,340,314,-26,True
2025-10,2025-11,NT448,HUDDERSFIELD PRIVATE HOSPITAL,729,799,70,True
2025-10,2025-11,NT449,LANCASTER PRIVATE HOSPITAL,343,339,-4,True
2025-10,2025-11,NT450,LINCOLN PRIVATE HOSPITAL,1272,1279,7,True
2025-10,2025-11,NT451,CAVELL HOSPITAL,1316,1230,-86,True
2025-10,2025-11,NT455,MOUNT ALVERNIA HOSPITAL,272,269,-3,True
2025-10,2025-11,NT457,WOODLANDS HOSPITAL,2315,2469,154,True
2025-10,2025-11,NT490,SOUTHEND PRIVATE HOSPITAL,1287,1480,193,True
2025-10,2025-11,NTE02,ST HUGH'S HOSPITAL,2009,1929,-80,True
2025-10,2025-11,NTP11,PRACTICE PLUS GROUP HOSPITAL - SOUTHAMPTON,8323,8154,-169,True
2025-10,2025-11,NTP13,PRACTICE PLUS GROUP HOSPITAL - BARLBOROUGH,2062,1948,-114,True
2025-10,2025-11,NTP15,PRACTICE PLUS GROUP HOSPITAL - ILFORD,5810,5660,-150,True
2025-10,2025-11,NTP16,PRACTICE PLUS GROUP SURGICAL CENTRE - GILLINGHAM,1019,990,-29,True
2025-10,2025-11,NTPAD,PRACTICE PLUS GROUP SURGICAL CENTRE - ST MARYS PORTSMOUTH,2350,2261,-89,True
2025-10,2025-11,NTPAE,PRACTICE PLUS GROUP OPHTHALMOLOGY - NORTH WEST,1822,2551,729,True
2025-10,2025-11,NTPH1,PRACTICE PLUS GROUP HOSPITAL - SHEPTON MALLET,2992,3011,19,True
2025-10,2025-11,NTPH2,PRACTICE PLUS GROUP HOSPITAL - EMERSONS GREEN,4220,4393,173,True
2025-10,2025-11,NTPH3,PRACTICE PLUS GROUP SURGICAL CENTRE - DEVIZES,2510,2589,79,True
2025-10,2025-11,NTPH5,PRACTICE PLUS GROUP HOSPITAL - PLYMOUTH,1900,1827,-73,True
2025-10,2025-11,NTX,THE ONE HEALTH GROUP PLC,5468,5214,-254,True
2025-10,2025-11,NV1,INHEALTH LIMITED,846,856,10,True
2025-10,2025-11,NVC01,ASHTEAD HOSPITAL,1076,1044,-32,True
2025-10,2025-11,NVC02,THE BERKSHIRE INDEPENDENT HOSPITAL,1110,1069,-41,True
2025-10,2025-11,NVC04,DUCHY HOSPITAL,1992,2094,102,True
2025-10,2025-11,NVC05,EUXTON HALL HOSPITAL,2777,2972,195,True
2025-10,2025-11,NVC06,FITZWILLIAM HOSPITAL,5911,6072,161,True
2025-10,2025-11,NVC07,FULWOOD HALL HOSPITAL,5172,4840,-332,True
2025-10,2025-11,NVC08,MOUNT STUART HOSPITAL,2018,2145,127,True
2025-10,2025-11,NVC09,NEW HALL HOSPITAL,3320,3246,-74,True
2025-10,2025-11,NVC0I,BEACON PARK HOSPITAL,1029,1014,-15,True
2025-10,2025-11,NVC0R,TEES VALLEY HOSPITAL,4658,4560,-98,True
2025-10,2025-11,NVC0Y,EXETER MEDICAL,191,199,8,True
2025-10,2025-11,NVC11,NORTH DOWNS HOSPITAL,1580,1557,-23,True
2025-10,2025-11,NVC12,OAKLANDS HOSPITAL,4087,4105,18,True
2025-10,2025-11,NVC13,OAKS HOSPITAL,809,885,76,True
2025-10,2025-11,NVC14,PARK HILL HOSPITAL,715,763,48,True
2025-10,2025-11,NVC15,PINEHILL HOSPITAL,1465,1551,86,True
2025-10,2025-11,NVC16,RENACRES HOSPITAL,4971,4958,-13,True
2025-10,2025-11,NVC17,ROWLEY HALL HOSPITAL,2400,2438,38,True
2025-10,2025-11,NVC18,SPRINGFIELD HOSPITAL,5009,5115,106,True
2025-10,2025-11,NVC19,RIVERS HOSPITAL,4256,4246,-10,True
2025-10,2025-11,NVC1H,STOURSIDE HOSPITAL,3407,3489,82,True
2025-10,2025-11,NVC20,THE YORKSHIRE CLINIC,7343,7167,-176,True
2025-10,2025-11,NVC21,WEST MIDLANDS HOSPITAL,504,412,-92,True
2025-10,2025-11,NVC22,WINFIELD HOSPITAL,1459,1356,-103,True
2025-10,2025-11,NVC23,WOODLAND HOSPITAL,5041,5111,70,True
2025-10,2025-11,NVC25,THE CHERWELL HOSPITAL,2217,2243,26,True
2025-10,2025-11,NVC27,BOSTON WEST HOSPITAL,2145,2220,75,True
2025-10,2025-11,NVC28,CLIFTON PARK HOSPITAL,1751,1798,47,True
2025-10,2025-11,NVC29,COBALT HOSPITAL,1611,1677,66,True
2025-10,2025-11,NVC31,BLAKELANDS HOSPITAL,2364,2200,-164,True
2025-10,2025-11,NVC40,WOODTHORPE HOSPITAL,3966,4110,144,True
2025-10,2025-11,NVC44,THE WESTBOURNE CENTRE,3501,3420,-81,True
2025-10,2025-11,NVM,EPSOMEDICAL GROUP,3187,3130,-57,True
2025-10,2025-11,NWF01,BENENDEN HOSPITAL,1577,1518,-59,True
2025-10,2025-11,NWV01,COHESE HEALTHCARE,715,796,81,True
2025-10,2025-11,NX5,ANGLIA COMMUNITY EYE SERVICE LTD,2055,0,-2055,False
2025-10,2025-11,NX501,ANGLIA COMMUNITY EYE SERVICE LTD,0,1562,1562,False
2025-10,2025-11,NX504,ANGLIA COMMUNITY EYE SERVICES FAKENHAM,0,14,14,False
2025-10,2025-11,NX507,ANGLIA COMMUNITY EYE SERVICE - THETFORD HEALTHY LIVING CENTRE,0,13,13,False
2025-10,2025-11,NXM01,THE HORDER CENTRE - ST JOHNS ROAD,1214,1249,35,True
2025-10,2025-11,NXP,INDEPENDENT HEALTH GROUP,1042,938,-104,True
2025-10,2025-11,NYG,SUSSEX COMMUNITY DERMATOLOGY SERVICE,17270,17025,-245,True
2025-10,2025-11,NYR,CORA HEALTH DIAGNOSTICS (FORMERLY HEALTHSHARE DIAGNOSTICS),2529,2403,-126,True
2025-10,2025-11,O1P6X,SPAMEDICA OLDHAM,353,361,8,True
2025-10,2025-11,O5Y9D,SPAMEDICA OXFORD,212,254,42,True
2025-10,2025-11,O6X7Z,SPAMEDICA CAMBRIDGE,206,244,38,True
2025-10,2025-11,O9Q4E,ANGLIA COMMUNITY EYE SERVICE - PETERBOROUGH,0,50,50,False
2025-10,2025-11,P0C3F,SPAMEDICA LEEDS,187,234,47,True
2025-10,2025-11,P1B7M,SPAMEDICA BRISTOL,128,120,-8,True
2025-10,2025-11,P5Y6K,NEWMEDICA - SHREWSBURY,451,588,137,True
2025-10,2025-11,Q1W6P,SPAMEDICA WATFORD,176,213,37,True
2025-10,2025-11,Q2Y5H,OVIVA UK LTD,15553,11417,-4136,True
2025-10,2025-11,Q8X0X,SPAMEDICA ISLE OF WIGHT COMMUNITY DIAGNOSTIC & TREATMENT CENTRE,37,30,-7,True
2025-10,2025-11,R0A,MANCHESTER UNIVERSITY NHS FOUNDATION TRUST,183865,179651,-4214,True
2025-10,2025-11,R0B,SOUTH TYNESIDE AND SUNDERLAND NHS FOUNDATION TRUST,58689,57650,-1039,True
2025-10,2025-11,R0D,UNIVERSITY HOSPITALS DORSET NHS FOUNDATION TRUST,65090,62963,-2127,True
2025-10,2025-11,R0F4N,NUFFIELD HEALTH PARKSIDE HOSPITAL,903,888,-15,True
2025-10,2025-11,R1A,HEREFORDSHIRE AND WORCESTERSHIRE HEALTH AND CARE NHS TRUST,90,82,-8,True
2025-10,2025-11,R1D,SHROPSHIRE COMMUNITY HEALTH NHS TRUST,7863,7818,-45,True
2025-10,2025-11,R1F,ISLE OF WIGHT NHS TRUST,13961,14379,418,True
2025-10,2025-11,R1G7E,SPAMEDICA KENDAL,256,277,21,True
2025-10,2025-11,R1H,BARTS HEALTH NHS TRUST,132811,133206,395,True
2025-10,2025-11,R1K,LONDON NORTH WEST UNIVERSITY HEALTHCARE NHS TRUST,85582,84346,-1236,True
2025-10,2025-11,R5J3Z,BORDER HEALTH ALLIANCE LIMITED,602,487,-115,True
2025-10,2025-11,R7W2O,NEWCASTLE NEWMEDICA LTD,828,899,71,True
2025-10,2025-11,RA2,ROYAL SURREY NHS FOUNDATION TRUST,29535,29253,-282,True
2025-10,2025-11,RA7,UNIVERSITY HOSPITALS BRISTOL AND WESTON NHS FOUNDATION TRUST,52496,52104,-392,True
2025-10,2025-11,RA9,TORBAY AND SOUTH DEVON NHS FOUNDATION TRUST,31775,31980,205,True
2025-10,2025-11,RAE,BRADFORD TEACHING HOSPITALS NHS FOUNDATION TRUST,32204,31832,-372,True
2025-10,2025-11,RAJ,MID AND SOUTH ESSEX NHS FOUNDATION TRUST,181077,180236,-841,True
2025-10,2025-11,RAL,ROYAL FREE LONDON NHS FOUNDATION TRUST,137088,136901,-187,True
2025-10,2025-11,RAN,ROYAL NATIONAL ORTHOPAEDIC HOSPITAL NHS TRUST,9060,9682,622,True
2025-10,2025-11,RAS,THE HILLINGDON HOSPITALS NHS FOUNDATION TRUST,35752,35053,-699,True
2025-10,2025-11,RAX,KINGSTON AND RICHMOND NHS FOUNDATION TRUST,45214,45402,188,True
2025-10,2025-11,RBD,DORSET COUNTY HOSPITAL NHS FOUNDATION TRUST,21238,21125,-113,True
2025-10,2025-11,RBK,WALSALL HEALTHCARE NHS TRUST,30387,30408,21,True
2025-10,2025-11,RBL,WIRRAL UNIVERSITY TEACHING HOSPITAL NHS FOUNDATION TRUST,49453,48066,-1387,True
2025-10,2025-11,RBN,MERSEY AND WEST LANCASHIRE TEACHING HOSPITALS NHS TRUST,76480,74838,-1642,True
2025-10,2025-11,RBQ,LIVERPOOL HEART AND CHEST HOSPITAL NHS FOUNDATION TRUST,4902,4876,-26,True
2025-10,2025-11,RBS,ALDER HEY CHILDREN'S NHS FOUNDATION TRUST,17490,16892,-598,True
2025-10,2025-11,RBT,MID CHESHIRE HOSPITALS NHS FOUNDATION TRUST,43202,41889,-1313,True
2025-10,2025-11,RBV,THE CHRISTIE NHS FOUNDATION TRUST,3652,3525,-127,True
2025-10,2025-11,RC9,BEDFORDSHIRE HOSPITALS NHS FOUNDATION TRUST,87558,86104,-1454,True
2025-10,2025-11,RCB,YORK AND SCARBOROUGH TEACHING HOSPITALS NHS FOUNDATION TRUST,58724,57766,-958,True
2025-10,2025-11,RCD,HARROGATE AND DISTRICT NHS FOUNDATION TRUST,19492,19221,-271,True
2025-10,2025-11,RCF,AIREDALE NHS FOUNDATION TRUST,14098,14125,27,True
2025-10,2025-11,RCU,SHEFFIELD CHILDREN'S NHS FOUNDATION TRUST,11561,11376,-185,True
2025-10,2025-11,RCX,"THE QUEEN ELIZABETH HOSPITAL, KING'S LYNN, NHS FOUNDATION TRUST",27123,26307,-816,True
2025-10,2025-11,RD1,ROYAL UNITED HOSPITALS BATH NHS FOUNDATION TRUST,38848,38588,-260,True
2025-10,2025-11,RD8,MILTON KEYNES UNIVERSITY HOSPITAL NHS FOUNDATION TRUST,35155,35010,-145,True
2025-10,2025-11,RDE,EAST SUFFOLK AND NORTH ESSEX NHS FOUNDATION TRUST,97619,93416,-4203,True
2025-10,2025-11,RDR,SUSSEX COMMUNITY NHS FOUNDATION TRUST,14148,13799,-349,True
2025-10,2025-11,RDU,FRIMLEY HEALTH NHS FOUNDATION TRUST,68992,68207,-785,True
2025-10,2025-11,REF,ROYAL CORNWALL HOSPITALS NHS TRUST,40742,40984,242,True
2025-10,2025-11,REM,LIVERPOOL UNIVERSITY HOSPITALS NHS FOUNDATION TRUST,65325,63650,-1675,True
2025-10,2025-11,REN,THE CLATTERBRIDGE CANCER CENTRE NHS FOUNDATION TRUST,988,934,-54,True
2025-10,2025-11,REP,LIVERPOOL WOMEN'S NHS FOUNDATION TRUST,15337,14203,-1134,True
2025-10,2025-11,RET,THE WALTON CENTRE NHS FOUNDATION TRUST,14299,14020,-279,True
2025-10,2025-11,RF4,"BARKING, HAVERING AND REDBRIDGE UNIVERSITY HOSPITALS NHS TRUST",58662,0,-58662,False
2025-10,2025-11,RFF,BARNSLEY HOSPITAL NHS FOUNDATION TRUST,24972,24239,-733,True
2025-10,2025-11,RFR,THE ROTHERHAM NHS FOUNDATION TRUST,31161,31123,-38,True
2025-10,2025-11,RFS,CHESTERFIELD ROYAL HOSPITAL NHS FOUNDATION TRUST,31295,30159,-1136,True
2025-10,2025-11,RGM,ROYAL PAPWORTH HOSPITAL NHS FOUNDATION TRUST,5893,5702,-191,True
2025-10,2025-11,RGN,NORTH WEST ANGLIA NHS FOUNDATION TRUST,78398,79107,709,True
2025-10,2025-11,RGP,JAMES PAGET UNIVERSITY HOSPITALS NHS FOUNDATION TRUST,34399,33890,-509,True
2025-10,2025-11,RGR,WEST SUFFOLK NHS FOUNDATION TRUST,33196,32930,-266,True
2025-10,2025-11,RGT,CAMBRIDGE UNIVERSITY HOSPITALS NHS FOUNDATION TRUST,65444,64069,-1375,True
2025-10,2025-11,RH5,SOMERSET NHS FOUNDATION TRUST,58051,56643,-1408,True
2025-10,2025-11,RH8,ROYAL DEVON UNIVERSITY HEALTHCARE NHS FOUNDATION TRUST,73730,72670,-1060,True
2025-10,2025-11,RHM,UNIVERSITY HOSPITAL SOUTHAMPTON NHS FOUNDATION TRUST,63957,63399,-558,True
2025-10,2025-11,RHU,PORTSMOUTH HOSPITALS UNIVERSITY NHS TRUST,58617,57498,-1119,True
2025-10,2025-11,RHW,ROYAL BERKSHIRE NHS FOUNDATION TRUST,35561,34174,-1387,True
2025-10,2025-11,RJ1,GUY'S AND ST THOMAS' NHS FOUNDATION TRUST,110452,108842,-1610,True
2025-10,2025-11,RJ2,LEWISHAM AND GREENWICH NHS TRUST,55958,56331,373,True
2025-10,2025-11,RJ6,CROYDON HEALTH SERVICES NHS TRUST,37105,37328,223,True
2025-10,2025-11,RJ7,ST GEORGE'S UNIVERSITY HOSPITALS NHS FOUNDATION TRUST,69198,68475,-723,True
2025-10,2025-11,RJ8,CORNWALL PARTNERSHIP NHS FOUNDATION TRUST,685,698,13,True
2025-10,2025-11,RJC,SOUTH WARWICKSHIRE UNIVERSITY NHS FOUNDATION TRUST,32354,31676,-678,True
2025-10,2025-11,RJE,UNIVERSITY HOSPITALS OF NORTH MIDLANDS NHS TRUST,65758,64345,-1413,True
2025-10,2025-11,RJL,NORTHERN LINCOLNSHIRE AND GOOLE NHS FOUNDATION TRUST,40156,39296,-860,True
2025-10,2025-11,RJN,EAST CHESHIRE NHS TRUST,20773,19399,-1374,True
2025-10,2025-11,RJR,COUNTESS OF CHESTER HOSPITAL NHS FOUNDATION TRUST,33262,31747,-1515,True
2025-10,2025-11,RJZ,KING'S COLLEGE HOSPITAL NHS FOUNDATION TRUST,84565,86197,1632,True
2025-10,2025-11,RK5,SHERWOOD FOREST HOSPITALS NHS FOUNDATION TRUST,36255,36314,59,True
2025-10,2025-11,RK9,UNIVERSITY HOSPITALS PLYMOUTH NHS TRUST,49238,49131,-107,True
2025-10,2025-11,RKB,UNIVERSITY HOSPITALS COVENTRY AND WARWICKSHIRE NHS TRUST,73518,71138,-2380,True
2025-10,2025-11,RKE,WHITTINGTON HEALTH NHS TRUST,26699,27941,1242,True
2025-10,2025-11,RL1,THE ROBERT JONES AND AGNES HUNT ORTHOPAEDIC HOSPITAL NHS FOUNDATION TRUST,17391,16887,-504,True
2025-10,2025-11,RL4,THE ROYAL WOLVERHAMPTON NHS TRUST,76656,76577,-79,True
2025-10,2025-11,RLQ,WYE VALLEY NHS TRUST,22403,21913,-490,True
2025-10,2025-11,RLT,GEORGE ELIOT HOSPITAL NHS TRUST,20058,19680,-378,True
2025-10,2025-11,RM1,NORFOLK AND NORWICH UNIVERSITY HOSPITALS NHS FOUNDATION TRUST,82707,77065,-5642,True
2025-10,2025-11,RM3,NORTHERN CARE ALLIANCE NHS FOUNDATION TRUST,140935,137786,-3149,True
2025-10,2025-11,RMC,BOLTON NHS FOUNDATION TRUST,37366,37478,112,True
2025-10,2025-11,RMP,TAMESIDE AND GLOSSOP INTEGRATED CARE NHS FOUNDATION TRUST,17116,17009,-107,True
2025-10,2025-11,RN3,GREAT WESTERN HOSPITALS NHS FOUNDATION TRUST,41602,41803,201,True
2025-10,2025-11,RN5,HAMPSHIRE HOSPITALS NHS FOUNDATION TRUST,50714,50211,-503,True
2025-10,2025-11,RN7,DARTFORD AND GRAVESHAM NHS TRUST,31447,31761,314,True
2025-10,2025-11,RNA,THE DUDLEY GROUP NHS FOUNDATION TRUST,46899,47180,281,True
2025-10,2025-11,RNN,NORTH CUMBRIA INTEGRATED CARE NHS FOUNDATION TRUST,39432,38847,-585,True
2025-10,2025-11,RNQ,KETTERING GENERAL HOSPITAL NHS FOUNDATION TRUST,25433,25061,-372,True
2025-10,2025-11,RNS,NORTHAMPTON GENERAL HOSPITAL NHS TRUST,43949,43576,-373,True
2025-10,2025-11,RNZ,SALISBURY NHS FOUNDATION TRUST,29121,29187,66,True
2025-10,2025-11,RP4,GREAT ORMOND STREET HOSPITAL FOR CHILDREN NHS FOUNDATION TRUST,7746,7675,-71,True
2025-10,2025-11,RP5,DONCASTER AND BASSETLAW TEACHING HOSPITALS NHS FOUNDATION TRUST,55898,54165,-1733,True
2025-10,2025-11,RP6,MOORFIELDS EYE HOSPITAL NHS FOUNDATION TRUST,34839,34528,-311,True
2025-10,2025-11,RP7,LINCOLNSHIRE PARTNERSHIP NHS FOUNDATION TRUST,34,33,-1,True
2025-10,2025-11,RPA,MEDWAY NHS FOUNDATION TRUST,38102,37104,-998,True
2025-10,2025-11,RPC,QUEEN VICTORIA HOSPITAL NHS FOUNDATION TRUST,19807,20018,211,True
2025-10,2025-11,RPG,OXLEAS NHS FOUNDATION TRUST,1238,1313,75,True
2025-10,2025-11,RPY,THE ROYAL MARSDEN NHS FOUNDATION TRUST,1968,2066,98,True
2025-10,2025-11,RQ3,BIRMINGHAM WOMEN'S AND CHILDREN'S NHS FOUNDATION TRUST,23294,22359,-935,True
2025-10,2025-11,RQM,CHELSEA AND WESTMINSTER HOSPITAL NHS FOUNDATION TRUST,75930,74677,-1253,True
2025-10,2025-11,RQW,THE PRINCESS ALEXANDRA HOSPITAL NHS TRUST,42194,41155,-1039,True
2025-10,2025-11,RQX,HOMERTON HEALTHCARE NHS FOUNDATION TRUST,30726,27827,-2899,True
2025-10,2025-11,RR7,GATESHEAD HEALTH NHS FOUNDATION TRUST,13225,12755,-470,True
2025-10,2025-11,RR8,LEEDS TEACHING HOSPITALS NHS TRUST,87762,87079,-683,True
2025-10,2025-11,RRE,MIDLANDS PARTNERSHIP UNIVERSITY NHS FOUNDATION TRUST,7812,7401,-411,True
2025-10,2025-11,RRF,"WRIGHTINGTON, WIGAN AND LEIGH NHS FOUNDATION TRUST",48514,47410,-1104,True
2025-10,2025-11,RRJ,THE ROYAL ORTHOPAEDIC HOSPITAL NHS FOUNDATION TRUST,13452,13196,-256,True
2025-10,2025-11,RRK,UNIVERSITY HOSPITALS BIRMINGHAM NHS FOUNDATION TRUST,95805,95219,-586,True
2025-10,2025-11,RRV,UNIVERSITY COLLEGE LONDON HOSPITALS NHS FOUNDATION TRUST,71963,72761,798,True
2025-10,2025-11,RT1,CAMBRIDGESHIRE AND PETERBOROUGH NHS FOUNDATION TRUST,275,295,20,True
2025-10,2025-11,RTD,THE NEWCASTLE UPON TYNE HOSPITALS NHS FOUNDATION TRUST,89175,86465,-2710,True
2025-10,2025-11,RTE,GLOUCESTERSHIRE HOSPITALS NHS FOUNDATION TRUST,62288,63147,859,True
2025-10,2025-11,RTF,NORTHUMBRIA HEALTHCARE NHS FOUNDATION TRUST,35028,34936,-92,True
2025-10,2025-11,RTG,UNIVERSITY HOSPITALS OF DERBY AND BURTON NHS FOUNDATION TRUST,95954,96487,533,True
2025-10,2025-11,RTH,OXFORD UNIVERSITY HOSPITALS NHS FOUNDATION TRUST,84361,84058,-303,True
2025-10,2025-11,RTK,ASHFORD AND ST PETER'S HOSPITALS NHS FOUNDATION TRUST,54378,51956,-2422,True
2025-10,2025-11,RTP,SURREY AND SUSSEX HEALTHCARE NHS TRUST,45791,45659,-132,True
2025-10,2025-11,RTR,SOUTH TEES HOSPITALS NHS FOUNDATION TRUST,56596,56009,-587,True
2025-10,2025-11,RTX,UNIVERSITY HOSPITALS OF MORECAMBE BAY NHS FOUNDATION TRUST,34026,33887,-139,True
2025-10,2025-11,RVJ,NORTH BRISTOL NHS TRUST,43546,43312,-234,True
2025-10,2025-11,RVR,EPSOM AND ST HELIER UNIVERSITY HOSPITALS NHS TRUST,57873,57796,-77,True
2025-10,2025-11,RVV,EAST KENT HOSPITALS UNIVERSITY NHS FOUNDATION TRUST,78432,76842,-1590,True
2025-10,2025-11,RVW,NORTH TEES AND HARTLEPOOL NHS FOUNDATION TRUST,22291,21991,-300,True
2025-10,2025-11,RW1,HAMPSHIRE AND ISLE OF WIGHT HEALTHCARE NHS FOUNDATION TRUST,4066,4480,414,True
2025-10,2025-11,RW4,MERSEY CARE NHS FOUNDATION TRUST,47,53,6,True
2025-10,2025-11,RW5,LANCASHIRE & SOUTH CUMBRIA NHS FOUNDATION TRUST,2927,3216,289,True
2025-10,2025-11,RWA,HULL UNIVERSITY TEACHING HOSPITALS NHS TRUST,81279,80790,-489,True
2025-10,2025-11,RWD,UNITED LINCOLNSHIRE TEACHING HOSPITALS NHS TRUST,68805,67471,-1334,True
2025-10,2025-11,RWE,UNIVERSITY HOSPITALS OF LEICESTER NHS TRUST,109389,109189,-200,True
2025-10,2025-11,RWF,MAIDSTONE AND TUNBRIDGE WELLS NHS TRUST,49853,49595,-258,True
2025-10,2025-11,RWG,WEST HERTFORDSHIRE TEACHING HOSPITALS NHS TRUST,46492,46575,83,True
2025-10,2025-11,RWH,EAST AND NORTH HERTFORDSHIRE TEACHING NHS TRUST,52299,53183,884,True
2025-10,2025-11,RWJ,STOCKPORT NHS FOUNDATION TRUST,35049,34647,-402,True
2025-10,2025-11,RWP,WORCESTERSHIRE ACUTE HOSPITALS NHS TRUST,58054,57550,-504,True
2025-10,2025-11,RWW,WARRINGTON AND HALTON TEACHING HOSPITALS NHS FOUNDATION TRUST,32732,32589,-143,True
2025-10,2025-11,RWX,BERKSHIRE HEALTHCARE NHS FOUNDATION TRUST,85,91,6,True
2025-10,2025-11,RWY,CALDERDALE AND HUDDERSFIELD NHS FOUNDATION TRUST,35937,36201,264,True
2025-10,2025-11,RX1,NOTTINGHAM UNIVERSITY HOSPITALS NHS TRUST,88132,87950,-182,True
2025-10,2025-11,RX4,"CUMBRIA, NORTHUMBERLAND, TYNE AND WEAR NHS FOUNDATION TRUST",158,158,0,True
2025-10,2025-11,RXC,EAST SUSSEX HEALTHCARE NHS TRUST,61542,61650,108,True
2025-10,2025-11,RXF,MID YORKSHIRE TEACHING NHS TRUST,56456,56182,-274,True
2025-10,2025-11,RXG,SOUTH WEST YORKSHIRE PARTNERSHIP NHS FOUNDATION TRUST,4780,4616,-164,True
2025-10,2025-11,RXK,SANDWELL AND WEST BIRMINGHAM HOSPITALS NHS TRUST,64755,67619,2864,True
2025-10,2025-11,RXL,BLACKPOOL TEACHING HOSPITALS NHS FOUNDATION TRUST,43530,43292,-238,True
2025-10,2025-11,RXN,LANCASHIRE TEACHING HOSPITALS NHS FOUNDATION TRUST,64304,64378,74,True
2025-10,2025-11,RXP,COUNTY DURHAM AND DARLINGTON NHS FOUNDATION TRUST,42287,40835,-1452,True
2025-10,2025-11,RXQ,BUCKINGHAMSHIRE HEALTHCARE NHS TRUST,48284,48005,-279,True
2025-10,2025-11,RXR,EAST LANCASHIRE HOSPITALS NHS TRUST,54296,52313,-1983,True
2025-10,2025-11,RXW,THE SHREWSBURY AND TELFORD HOSPITAL NHS TRUST,32263,33621,1358,True
2025-10,2025-11,RYJ,IMPERIAL COLLEGE HEALTHCARE NHS TRUST,90174,90223,49,True
2025-10,2025-11,RYR,UNIVERSITY HOSPITALS SUSSEX NHS FOUNDATION TRUST,116138,115980,-158,True
2025-10,2025-11,RYW,BIRMINGHAM COMMUNITY HEALTHCARE NHS FOUNDATION TRUST,15463,14862,-601,True
2025-10,2025-11,RYY,KENT COMMUNITY HEALTH NHS FOUNDATION TRUST,3953,4128,175,True
2025-10,2025-11,S0L9O,ACES BIRMINGHAM,0,1,1,False
2025-10,2025-11,S1Z4X,NEWMEDICA - BIRMINGHAM,800,836,36,True
2025-10,2025-11,S3H9L,THE HAMPTONS HOSPITAL LTD,1669,1662,-7,True
2025-10,2025-11,S4E3I,MIDLAND EYE (EYE-DOCS LTD),411,515,104,True
2025-10,2025-11,S5E5Y,HCRG CARE DERMATOLOGY THE IRONSTONE CENTRE,1465,1129,-336,True
2025-10,2025-11,T1T4S,ACES BRISTOL,0,12,12,False
2025-10,2025-11,T4I8V,SPAMEDICA CHESTERFIELD,76,89,13,True
2025-10,2025-11,T8R5I,SPAMEDICA WOKINGHAM,204,210,6,True
2025-10,2025-11,T8V3L,SPAMEDICA DONCASTER,143,144,1,True
2025-10,2025-11,TAD,BRADFORD DISTRICT CARE NHS FOUNDATION TRUST,496,615,119,True
2025-10,2025-11,U0K8N,CES MEDICAL,46,141,95,True
2025-10,2025-11,U1P4Z,ACES MILTON KEYNES,0,18,18,False
2025-10,2025-11,U6A5N,ACES CHISWICK,0,3,3,False
2025-10,2025-11,V3J9W,PASTEL HEALTH,16,30,14,True
2025-10,2025-11,V4U1Y,SPAMEDICA CHESTER,172,153,-19,True
2025-10,2025-11,V5F1D,SPAMEDICA TELFORD,355,384,29,True
2025-10,2025-11,V8A3H,SPAMEDICA SHEFFIELD COMMUNITY DIAGNOSTIC & TREATMENT CENTRE,0,1,1,False
2025-10,2025-11,V8N5R,SPAMEDICA DALSTON,230,302,72,True
2025-10,2025-11,W7J4C,ACES MANCHESTER,0,6,6,False
2025-10,2025-11,X7Y2H,ACES WILMSLOW,0,1,1,False
2025-10,2025-11,Y7W8F,ACES SOUTHAMPTON - EAST ST,0,1,1,False
2025-10,2025-11,Y8L9S,SPAMEDICA BROMLEY,310,383,73,True
2025-10,2025-11,Y9S1N,FAIRFIELD INDEPENDENT HOSPITAL,2496,2416,-80,True
2025-10,2025-11,Z1E5F,NEWMEDICA - HARROGATE,229,243,14,True
2025-10,2025-11,Z2L9B,NEWMEDICA - MANCHESTER WEST,399,422,23,True
2025-10,2025-11,Z4F8Y,ACES DARTFORD,0,39,39,False
2025-10,2025-11,Z5J5V,SPAMEDICA HAYDOCK,150,197,47,True
2025-10,2025-11,Z9Z1G,SPAMEDICA GATESHEAD,278,315,37,True
2025-11,2025-12,A0C5S,SPAMEDICA GLOUCESTER,67,83,16,True
2025-11,2025-12,A1D1B,SPAMEDICA WEMBLEY,229,278,49,True
2025-11,2025-12,A1U4J,SPAMEDICA PORTSMOUTH,133,131,-2,True
2025-11,2025-12,A4M8P,BUCKSHAW HOSPITAL,2992,3028,36,True
2025-11,2025-12,A4Q9X,NEWMEDICA LEICESTER,709,781,72,True
2025-11,2025-12,A4Y8X,ACES NOTTINGHAM,1,3,2,True
2025-11,2025-12,A9P5F,ACES WHITE CITY,9,11,2,True
2025-11,2025-12,AAH,TETBURY HOSPITAL TRUST LTD,309,289,-20,True
2025-11,2025-12,AAV,COMMUNITY HEALTH AND EYECARE LIMITED,4422,4898,476,True
2025-11,2025-12,ACG08,NEWMEDICA OPHTHALMOLOGY - NUNEATON - CAMP HILL - GP LED HEALTH CENTRE,20,3,-17,True
2025-11,2025-12,ACG12,NEWMEDICA COMMUNITY OPHTHALMOLOGY - NORTH EAST LINCOLNSHIRE - GRIMSBY,1268,1311,43,True
2025-11,2025-12,ACG13,NEWMEDICA - GLOUCESTER (ASPEN MEDICAL CENTRE),432,458,26,True
2025-11,2025-12,ACG19,NEWMEDICA COMMUNITY OPHTHALMOLOGY - LEEDS,749,738,-11,True
2025-11,2025-12,ACG20,NEWMEDICA - BRISTOL - LITFIELD HOUSE,380,459,79,True
2025-11,2025-12,ACG22,NEWMEDICA - BRIGG - RIVERSIDE SURGERY,981,984,3,True
2025-11,2025-12,ACG24,NEWMEDICA - TEESSIDE - NORTH ORMESBY,1171,1352,181,True
2025-11,2025-12,ACG26,NEWMEDICA - NORTH DERBYSHIRE - MIDLAND COURT,1189,1239,50,True
2025-11,2025-12,ACG30,NEWMEDICA - WORKSOP - DUKERIES,160,164,4,True
2025-11,2025-12,ACG31,NEWMEDICA - WORCESTER,744,708,-36,True
2025-11,2025-12,ACG36,NEWMEDICA - EXETER - GLEN HOUSE,438,424,-14,True
2025-11,2025-12,ACG37,NEWMEDICA - IPSWICH,930,975,45,True
2025-11,2025-12,ACG38,NEWMEDICA - LANGFORD,468,479,11,True
2025-11,2025-12,ACG39,NEWMEDICA - SWINDON,25,20,-5,True
2025-11,2025-12,ACG40,NEWMEDICA - WAKEFIELD,642,667,25,True
2025-11,2025-12,ACM,EYE CARE MEDICAL LTD,4,1,-3,True
2025-11,2025-12,ADP02,KIMS HOSPITAL (NEWNHAM COURT),1413,1520,107,True
2025-11,2025-12,AHP,ST MICHAEL'S CLINIC LIMITED,1640,1791,151,True
2025-11,2025-12,AJ8,THE GRANGE MEDICAL CENTRE HQ,290,336,46,True
2025-11,2025-12,AQK,VERNOVA HEALTHCARE COMMUNITY INTEREST COMPANY,268,271,3,True
2025-11,2025-12,AVQ01,ONE ASHFORD HOSPITAL,1076,1079,3,True
2025-11,2025-12,AVQ03,ONE HATFIELD HOSPITAL,387,352,-35,True
2025-11,2025-12,AWR,ONE STOP DOCTORS LIMITED,263,327,64,True
2025-11,2025-12,AY1,MEDEFER,259,243,-16,True
2025-11,2025-12,B1A5K,NEWMEDICA - NOTTINGHAM,649,574,-75,True
2025-11,2025-12,B3M1X,CLAREMONT PRIVATE HOSPITAL,2029,2138,109,True
2025-11,2025-12,B4N1U,SPAMEDICA ROMFORD,332,442,110,True
2025-11,2025-12,B5M7B,NEWMEDICA - NORWICH,1594,1596,2,True
2025-11,2025-12,B9J4U,SPAMEDICA PETERBOROUGH,159,191,32,True
2025-11,2025-12,B9M3W,SPAMEDICA SOUTHAMPTON,420,446,26,True
2025-11,2025-12,C3Y0A,SPAMEDICA BLACKPOOL,178,247,69,True
2025-11,2025-12,C5Y9L,NEWMEDICA - BERKSHIRE - BRACKNELL,71,81,10,True
2025-11,2025-12,C9A7J,NEWMEDICA - BRADFORD & HUDDERSFIELD,457,520,63,True
2025-11,2025-12,D0V5X,NEWMEDICA - SWINDON MURDOCK ROAD,130,128,-2,True
2025-11,2025-12,D2L5T,ACES LIVERPOOL,18,18,0,True
2025-11,2025-12,D3O0Z,PLYMOUTH NEWMEDICA LTD,434,446,12,True
2025-11,2025-12,D5P5H,SPAMEDICA BEXHILL,272,342,70,True
2025-11,2025-12,DFQ,NORWICH & NORFOLK SURGICAL LTD (N2S),1081,1141,60,True
2025-11,2025-12,DFY01,COTSWOLDS SURGICAL PARTNERS,252,233,-19,True
2025-11,2025-12,DJH01,THE ROYAL BUCKINGHAMSHIRE HOSPITAL LTD,17,29,12,True
2025-11,2025-12,DPK,THE STONEYGATE EYE HOSPITAL,486,526,40,True
2025-11,2025-12,DTT,PHOENIX PUBLIC HEALTH LTD,204,177,-27,True
2025-11,2025-12,DX1,THE NEW FOSCOTE HOSPITAL LTD,336,319,-17,True
2025-11,2025-12,DXV,OMNES HEALTHCARE LTD,13004,13997,993,True
2025-11,2025-12,E1U4T,SPAMEDICA CARLISLE,414,469,55,True
2025-11,2025-12,E3D4A,SPAMEDICA TRURO,155,274,119,True
2025-11,2025-12,F0R0W,NEWMEDICA - DARLINGTON,58,63,5,True
2025-11,2025-12,F1Y1H,NEWMEDICA - CHESHIRE OAKS,499,533,34,True
2025-11,2025-12,F4B0R,SPAMEDICA GUILDFORD,0,1,1,False
2025-11,2025-12,F7B2B,ANGLIA COMMUNITY EYE SERVICE - BURY ST EDMUNDS,2,2,0,True
2025-11,2025-12,F7F6D,NEWMEDICA - HERTFORSHIRE - WELWYN GARDEN CITY,835,925,90,True
2025-11,2025-12,F9Z4V,CIRCLE READING HOSPITAL,1676,1742,66,True
2025-11,2025-12,G3O5P,SPAMEDICA NEWARK,401,467,66,True
2025-11,2025-12,G3Q3Z,NUFFIELD HEALTH HIGHGATE HOSPITAL,786,762,-24,True
2025-11,2025-12,G3Z1Q,SULIS HOSPITAL BATH (FOXCOTE AVENUE),3411,3445,34,True
2025-11,2025-12,G4H0I,NEWMEDICA SUFFOLK - BURY ST EDMUNDS - CLARITY HOUSE,654,680,26,True
2025-11,2025-12,G5X2Q,SPAMEDICA NORTH TYNESIDE,278,292,14,True
2025-11,2025-12,G6S7A,SPAMEDICA TAUNTON,418,527,109,True
2025-11,2025-12,GEC01,RAPID INVESTIGATION SERVICE,116,100,-16,True
2025-11,2025-12,H1T2P,SPAMEDICA SWINDON,40,76,36,True
2025-11,2025-12,H2K1G,NEWMEDICA - BROMSGROVE,337,319,-18,True
2025-11,2025-12,H3W7Q,ACES CHELMSFORD,8,9,1,True
2025-11,2025-12,H4I8B,NUFFIELD HEALTH THE HOLLY HOSPITAL,3122,3237,115,True
2025-11,2025-12,H4J9P,NEWMEDICA AZTEC WEST,924,945,21,True
2025-11,2025-12,H4Y7F,SPAMEDICA DORCHESTER,176,205,29,True
2025-11,2025-12,H7X1I,ANGLIA COMMUNITY EYE SERVICE - CAMBRIDGE,17,21,4,True
2025-11,2025-12,I1H7K,SPAMEDICA SALE,129,169,40,True
2025-11,2025-12,I2C7H,SPAMEDICA BRADFORD,214,247,33,True
2025-11,2025-12,I7G8X,ACES NEWCASTLE,7,7,0,True
2025-11,2025-12,I9A4A,SPAMEDICA BRIGHTON,224,286,62,True
2025-11,2025-12,J0M7P,SPAMEDICA HEREFORD DIAGNOSTIC AND TREATMENT CENTRE,33,39,6,True
2025-11,2025-12,J2H6H,SPAMEDICA COLCHESTER,105,138,33,True
2025-11,2025-12,J3J8Z,NEWMEDICA - OXFORDSHIRE,641,654,13,True
2025-11,2025-12,J3X4C,SPAMEDICA WORCESTER,375,380,5,True
2025-11,2025-12,J7V1N,SPAMEDICA SOLIHULL,261,329,68,True
2025-11,2025-12,K3V9U,SPAMEDICA STEVENAGE COMMUNITY DIAGNOSTIC & TREATMENT CENTRE,0,3,3,False
2025-11,2025-12,K7J9E,ANGLIA COMMUNITY EYE SERVICE - NORWICH,0,1,1,False
2025-11,2025-12,K8I4X,GLENDON WOOD HOSPITAL,1412,1432,20,True
2025-11,2025-12,K9J3O,SPAMEDICA LUTON,174,267,93,True
2025-11,2025-12,L0D9W,NEWMEDICA - GLOUCESTER (BRIGHOUSE COURT),1167,1257,90,True
2025-11,2025-12,L4R3R,NEWMEDICA - HAMPSHIRE,2165,2266,101,True
2025-11,2025-12,L6O7H,SPAMEDICA POOLE,542,588,46,True
2025-11,2025-12,L9D3Z,SPAMEDICA LEICESTER,109,146,37,True
2025-11,2025-12,M0N7E,SPAMEDICA SITTINGBOURNE,119,180,61,True
2025-11,2025-12,M2Y6D,PRACTICE PLUS GROUP HOSPITAL BIRMINGHAM,831,914,83,True
2025-11,2025-12,M3R0W,SPAMEDICA NORWICH,172,220,48,True
2025-11,2025-12,M4C5R,NEWMEDICA - NORTHAMPTON,995,943,-52,True
2025-11,2025-12,M5E1S,SPAMEDICA EXETER,265,279,14,True
2025-11,2025-12,M6L9D,NEWMEDICA - NOTTINGHAM - KEYWORTH,36,19,-17,True
2025-11,2025-12,M7C9Q,SPAMEDICA EPSOM,168,215,47,True
2025-11,2025-12,M9U8M,ENDOCARE DIAGNOSTICS LTD,119,158,39,True
2025-11,2025-12,N1M9Z,ACES EXETER,5,6,1,True
2025-11,2025-12,N1N0Y,SPAMEDICA CROYDON,79,102,23,True
2025-11,2025-12,N6Z0R,NEWMEDICA - LINCOLN,50,41,-9,True
2025-11,2025-12,N8R1N,NEWMEDICA - BERKSHIRE,1222,1479,257,True
2025-11,2025-12,NAM01,PROBUS SURGICAL CENTRE,1276,1108,-168,True
2025-11,2025-12,NCN,DMC HEALTHCARE,1732,1634,-98,True
2025-11,2025-12,NCR,ISIGHT,1172,1366,194,True
2025-11,2025-12,NDJ,FIRST COMMUNITY HEALTH AND CARE CIC,639,587,-52,True
2025-11,2025-12,NDL01,SUFFOLK GP FEDERATION,81,93,12,True
2025-11,2025-12,NEQ,PHOENIX HEALTH SOLUTIONS LIMITED HQ,605,614,9,True
2025-11,2025-12,NEY,PIONEER HEALTHCARE LIMITED,789,743,-46,True
2025-11,2025-12,NFH,SOMERSET SURGICAL SERVICES HQ,1153,1225,72,True
2025-11,2025-12,NHW,STANDARD HEALTH LTD,92,82,-10,True
2025-11,2025-12,NL3,CARE PLUS GROUP,209,187,-22,True
2025-11,2025-12,NL8,LOCALA COMMUNITY PARTNERSHIPS CIC,1160,1141,-19,True
2025-11,2025-12,NLE01,LANCASTER HOUSE CONSULTING DIAGNOSTICS SURGICAL LTD HQ,1020,1148,128,True
2025-11,2025-12,NLG,COMMUNITAS CLINICS,3318,3292,-26,True
2025-11,2025-12,NLX,SIRONA CARE & HEALTH,6911,6452,-459,True
2025-11,2025-12,NMG,CORA HEALTH MSK (FORMERLY CONNECT HEALTH LTD),17912,18609,697,True
2025-11,2025-12,NN4,TYNESIDE SURGICAL SERVICES LTD,1420,1433,13,True
2025-11,2025-12,NN5,MANCHESTER SURGICAL SERVICES LTD,320,329,9,True
2025-11,2025-12,NN8,SPENCER PRIVATE HOSPITALS LTD,3341,3467,126,True
2025-11,2025-12,NNE,DORKING HEALTHCARE LIMITED (DHC),6406,6336,-70,True
2025-11,2025-12,NNH,OPTEGRA UK,7491,7704,213,True
2025-11,2025-12,NP9,BESPOKE HEALTHCARE LTD,521,422,-99,True
2025-11,2025-12,NPG01,SPAMEDICA MANCHESTER,243,294,51,True
2025-11,2025-12,NPG02,SPAMEDICA WIRRAL,226,296,70,True
2025-11,2025-12,NPG06,SPAMEDICA LIVERPOOL,388,407,19,True
2025-11,2025-12,NPG07,SPAMEDICA EYE HOSPITAL (WAKEFIELD),421,514,93,True
2025-11,2025-12,NPG08,SPAMEDICA BOLTON,475,613,138,True
2025-11,2025-12,NPG10,SPAMEDICA SHEFFIELD,308,393,85,True
2025-11,2025-12,NPG11,SPAMEDICA BIRMINGHAM,555,603,48,True
2025-11,2025-12,NPG13,SPAMEDICA SKELMERSDALE,99,85,-14,True
2025-11,2025-12,NPG14,SPAMEDICA WIDNES,188,251,63,True
2025-11,2025-12,NPG15,SPAMEDICA NEWCASTLE-UNDER-LYME,124,188,64,True
2025-11,2025-12,NPG16,SPAMEDICA CHELMSFORD,499,562,63,True
2025-11,2025-12,NPG17,SPAMEDICA PRESTON,219,227,8,True
2025-11,2025-12,NPG18,SPAMEDICA HULL,382,465,83,True
2025-11,2025-12,NPG19,SPAMEDICA BEDFORD,209,245,36,True
2025-11,2025-12,NPG20,SPAMEDICA WOLVERHAMPTON,482,602,120,True
2025-11,2025-12,NPG21,SPAMEDICA COVENTRY,374,440,66,True
2025-11,2025-12,NPG22,SPAMEDICA STOCKTON-ON-TEES,315,394,79,True
2025-11,2025-12,NPG23,SPAMEDICA DERBY,185,213,28,True
2025-11,2025-12,NPR01,ABOUT HEALTH HQ,1133,1349,216,True
2025-11,2025-12,NQH,NOVUS HEALTH LTD,1199,1100,-99,True
2025-11,2025-12,NQM01,ORTHOPAEDICS & SPINE SPECIALIST HOSPITAL SITE,156,157,1,True
2025-11,2025-12,NQT5K,ST MARTINS HOSPITAL,124,135,11,True
2025-11,2025-12,NQX,PROVIDE ENTERPRISES,107,79,-28,True
2025-11,2025-12,NR5,LIVEWELL SOUTHWEST,77,64,-13,True
2025-11,2025-12,NRF,UNIVERSITY OF SOUTHAMPTON AUDITORY IMPLANT SERVICE,187,193,6,True
2025-11,2025-12,NRL,HEART NETWORKS,535,859,324,True
2025-11,2025-12,NRP,BEACON MEDICAL SERVICES GROUP LIMITED,1032,969,-63,True
2025-11,2025-12,NT202,"NUFFIELD HEALTH, BOURNEMOUTH HOSPITAL",331,396,65,True
2025-11,2025-12,NT204,"NUFFIELD HEALTH, BRENTWOOD HOSPITAL",4,4,0,True
2025-11,2025-12,NT205,"NUFFIELD HEALTH, BRIGHTON HOSPITAL",761,762,1,True
2025-11,2025-12,NT206,"NUFFIELD HEALTH, BRISTOL HOSPITAL (CHESTERFIELD)",708,831,123,True
2025-11,2025-12,NT209,"NUFFIELD HEALTH, CAMBRIDGE HOSPITAL",299,280,-19,True
2025-11,2025-12,NT210,"NUFFIELD HEALTH, THE GROSVENOR HOSPITAL, CHESTER",537,580,43,True
2025-11,2025-12,NT211,"NUFFIELD HEALTH, CHELTENHAM HOSPITAL",85,64,-21,True
2025-11,2025-12,NT212,"NUFFIELD HEALTH, CHICHESTER HOSPITAL",791,624,-167,True
2025-11,2025-12,NT213,"NUFFIELD HEALTH, DERBY HOSPITAL",1028,1047,19,True
2025-11,2025-12,NT214,"NUFFIELD HEALTH, WESSEX HOSPITAL",621,587,-34,True
2025-11,2025-12,NT215,"NUFFIELD HEALTH, EXETER HOSPITAL",431,466,35,True
2025-11,2025-12,NT216,"NUFFIELD HEALTH, GUILDFORD HOSPITAL",240,164,-76,True
2025-11,2025-12,NT218,"NUFFIELD HEALTH, HAYWARDS HEATH HOSPITAL",445,432,-13,True
2025-11,2025-12,NT219,"NUFFIELD HEALTH, HEREFORD HOSPITAL",348,401,53,True
2025-11,2025-12,NT224,"NUFFIELD HEALTH, WARWICKSHIRE HOSPITAL",452,472,20,True
2025-11,2025-12,NT225,"NUFFIELD HEALTH, LEEDS HOSPITAL",1285,0,-1285,False
2025-11,2025-12,NT226,"NUFFIELD HEALTH, LEICESTER HOSPITAL",368,374,6,True
2025-11,2025-12,NT229,"NUFFIELD HEALTH, NEWCASTLE UPON TYNE HOSPITAL",562,580,18,True
2025-11,2025-12,NT230,"NUFFIELD HEALTH, NORTH STAFFORDSHIRE HOSPITAL",1108,1097,-11,True
2025-11,2025-12,NT233,"NUFFIELD HEALTH, PLYMOUTH HOSPITAL",981,1060,79,True
2025-11,2025-12,NT235,"NUFFIELD HEALTH, SHREWSBURY HOSPITAL",482,597,115,True
2025-11,2025-12,NT237,"NUFFIELD HEALTH, TEES HOSPITAL",1269,1368,99,True
2025-11,2025-12,NT238,"NUFFIELD HEALTH, TAUNTON HOSPITAL",337,464,127,True
2025-11,2025-12,NT239,"NUFFIELD HEALTH, TUNBRIDGE WELLS HOSPITAL",81,135,54,True
2025-11,2025-12,NT241,"NUFFIELD HEALTH, WOKING HOSPITAL",478,287,-191,True
2025-11,2025-12,NT242,"NUFFIELD HEALTH, WOLVERHAMPTON HOSPITAL",631,665,34,True
2025-11,2025-12,NT244,NUFFIELD HOSPITAL OXFORD (THE MANOR),121,102,-19,True
2025-11,2025-12,NT245,"NUFFIELD HEALTH, YORK HOSPITAL",1065,1079,14,True
2025-11,2025-12,NT301,SPIRE SOUTH BANK HOSPITAL,952,961,9,True
2025-11,2025-12,NT302,SPIRE BRISTOL HOSPITAL,728,798,70,True
2025-11,2025-12,NT304,SPIRE SOUTHAMPTON HOSPITAL,427,379,-48,True
2025-11,2025-12,NT305,SPIRE PORTSMOUTH HOSPITAL,467,447,-20,True
2025-11,2025-12,NT308,SPIRE GATWICK PARK HOSPITAL,1114,1209,95,True
2025-11,2025-12,NT30A,SPIRE NOTTINGHAM HOSPITAL,764,780,16,True
2025-11,2025-12,NT312,SPIRE ALEXANDRA HOSPITAL,1309,1404,95,True
2025-11,2025-12,NT313,SPIRE WELLESLEY HOSPITAL,1068,1011,-57,True
2025-11,2025-12,NT314,SPIRE LONDON EAST,2578,3019,441,True
2025-11,2025-12,NT315,SPIRE BUSHEY HOSPITAL,1157,1131,-26,True
2025-11,2025-12,NT316,SPIRE HARPENDEN HOSPITAL,502,462,-40,True
2025-11,2025-12,NT317,SPIRE CAMBRIDGE LEA HOSPITAL,334,275,-59,True
2025-11,2025-12,NT318,SPIRE NORWICH HOSPITAL,499,441,-58,True
2025-11,2025-12,NT319,SPIRE HARTSWOOD HOSPITAL,1186,1094,-92,True
2025-11,2025-12,NT320,SPIRE PARKWAY HOSPITAL,1554,1383,-171,True
2025-11,2025-12,NT321,SPIRE LITTLE ASTON HOSPITAL,1212,1215,3,True
2025-11,2025-12,NT322,SPIRE LEICESTER HOSPITAL,1197,1177,-20,True
2025-11,2025-12,NT324,SPIRE CHESHIRE HOSPITAL,1452,1492,40,True
2025-11,2025-12,NT325,SPIRE MURRAYFIELD HOSPITAL,796,771,-25,True
2025-11,2025-12,NT327,SPIRE MANCHESTER HOSPITAL,1399,1174,-225,True
2025-11,2025-12,NT332,SPIRE LEEDS HOSPITAL,1138,1091,-47,True
2025-11,2025-12,NT333,SPIRE WASHINGTON HOSPITAL,1526,1506,-20,True
2025-11,2025-12,NT337,SPIRE LIVERPOOL HOSPITAL,3743,3455,-288,True
2025-11,2025-12,NT339,SPIRE REGENCY HOSPITAL,1826,1830,4,True
2025-11,2025-12,NT343,SPIRE THAMES VALLEY HOSPITAL,444,415,-29,True
2025-11,2025-12,NT344,SPIRE DUNEDIN HOSPITAL,238,293,55,True
2025-11,2025-12,NT345,SPIRE CLARE PARK HOSPITAL,451,396,-55,True
2025-11,2025-12,NT347,SPIRE FYLDE COAST HOSPITAL,4135,4262,127,True
2025-11,2025-12,NT348,SPIRE ELLAND HOSPITAL,1521,1584,63,True
2025-11,2025-12,NT350,SPIRE METHLEY PARK HOSPITAL,982,953,-29,True
2025-11,2025-12,NT351,SPIRE HULL AND EAST RIDING HOSPITAL,2661,2554,-107,True
2025-11,2025-12,NT364,SPIRE MONTEFIORE HOSPITAL,802,808,6,True
2025-11,2025-12,NT3X3,SPIRE ST ANTHONY'S HOSPITAL,560,730,170,True
2025-11,2025-12,NT401,ALEXANDRA HOSPITAL,971,1037,66,True
2025-11,2025-12,NT402,BATH CLINIC,883,784,-99,True
2025-11,2025-12,NT403,BEARDWOOD HOSPITAL,2159,2257,98,True
2025-11,2025-12,NT404,BEAUMONT HOSPITAL,2933,2938,5,True
2025-11,2025-12,NT405,BISHOPS WOOD HOSPITAL,561,627,66,True
2025-11,2025-12,NT406,BLACKHEATH HOSPITAL,1506,1575,69,True
2025-11,2025-12,NT408,CHAUCER HOSPITAL,841,915,74,True
2025-11,2025-12,NT409,CHELSFIELD PARK HOSPITAL,808,874,66,True
2025-11,2025-12,NT410,CHILTERN HOSPITAL,490,498,8,True
2025-11,2025-12,NT411,CLEMENTINE CHURCHILL HOSPITAL,1979,1842,-137,True
2025-11,2025-12,NT412,DROITWICH SPA HOSPITAL,1782,1862,80,True
2025-11,2025-12,NT416,HENDON HOSPITAL,1173,1163,-10,True
2025-11,2025-12,NT417,GORING HALL HOSPITAL,942,946,4,True
2025-11,2025-12,NT418,HAMPSHIRE CLINIC,337,342,5,True
2025-11,2025-12,NT419,HARBOUR HOSPITAL,132,155,23,True
2025-11,2025-12,NT420,HIGHFIELD HOSPITAL,881,944,63,True
2025-11,2025-12,NT421,KINGS OAK HOSPITAL,1136,1163,27,True
2025-11,2025-12,NT422,LONDON INDEPENDENT HOSPITAL,3787,3988,201,True
2025-11,2025-12,NT423,MANOR HOSPITAL,725,675,-50,True
2025-11,2025-12,NT424,MERIDEN HOSPITAL,1787,1691,-96,True
2025-11,2025-12,NT427,PARK HOSPITAL,1733,1758,25,True
2025-11,2025-12,NT428,PRINCESS MARGARET HOSPITAL,75,73,-2,True
2025-11,2025-12,NT429,PRIORY HOSPITAL,423,364,-59,True
2025-11,2025-12,NT430,RIDGEWAY HOSPITAL,320,339,19,True
2025-11,2025-12,NT431,RUNNYMEDE HOSPITAL,153,154,1,True
2025-11,2025-12,NT433,SARUM ROAD HOSPITAL,367,375,8,True
2025-11,2025-12,NT434,SAXON CLINIC,642,690,48,True
2025-11,2025-12,NT435,SHELBURNE HOSPITAL,177,181,4,True
2025-11,2025-12,NT436,SHIRLEY OAKS HOSPITAL,908,919,11,True
2025-11,2025-12,NT437,SLOANE HOSPITAL,827,878,51,True
2025-11,2025-12,NT440,THORNBURY HOSPITAL,571,583,12,True
2025-11,2025-12,NT441,THREE SHIRES HOSPITAL,3573,3612,39,True
2025-11,2025-12,NT443,WINTERBOURNE HOSPITAL,338,358,20,True
2025-11,2025-12,NT445,EDGBASTON HOSPITAL,1,1,0,True
2025-11,2025-12,NT446,ST EDMUNDS HOSPITAL,583,599,16,True
2025-11,2025-12,NT447,DUCHY HOSPITAL,314,295,-19,True
2025-11,2025-12,NT448,HUDDERSFIELD PRIVATE HOSPITAL,799,772,-27,True
2025-11,2025-12,NT449,LANCASTER PRIVATE HOSPITAL,339,302,-37,True
2025-11,2025-12,NT450,LINCOLN PRIVATE HOSPITAL,1279,1263,-16,True
2025-11,2025-12,NT451,CAVELL HOSPITAL,1230,1284,54,True
2025-11,2025-12,NT455,MOUNT ALVERNIA HOSPITAL,269,261,-8,True
2025-11,2025-12,NT457,WOODLANDS HOSPITAL,2469,2376,-93,True
2025-11,2025-12,NT490,SOUTHEND PRIVATE HOSPITAL,1480,1476,-4,True
2025-11,2025-12,NTE02,ST HUGH'S HOSPITAL,1929,2026,97,True
2025-11,2025-12,NTP11,PRACTICE PLUS GROUP HOSPITAL - SOUTHAMPTON,8154,8095,-59,True
2025-11,2025-12,NTP13,PRACTICE PLUS GROUP HOSPITAL - BARLBOROUGH,1948,1978,30,True
2025-11,2025-12,NTP15,PRACTICE PLUS GROUP HOSPITAL - ILFORD,5660,5471,-189,True
2025-11,2025-12,NTP16,PRACTICE PLUS GROUP SURGICAL CENTRE - GILLINGHAM,990,1059,69,True
2025-11,2025-12,NTPAD,PRACTICE PLUS GROUP SURGICAL CENTRE - ST MARYS PORTSMOUTH,2261,2055,-206,True
2025-11,2025-12,NTPAE,PRACTICE PLUS GROUP OPHTHALMOLOGY - NORTH WEST,2551,2323,-228,True
2025-11,2025-12,NTPH1,PRACTICE PLUS GROUP HOSPITAL - SHEPTON MALLET,3011,3039,28,True
2025-11,2025-12,NTPH2,PRACTICE PLUS GROUP HOSPITAL - EMERSONS GREEN,4393,4523,130,True
2025-11,2025-12,NTPH3,PRACTICE PLUS GROUP SURGICAL CENTRE - DEVIZES,2589,2584,-5,True
2025-11,2025-12,NTPH5,PRACTICE PLUS GROUP HOSPITAL - PLYMOUTH,1827,1846,19,True
2025-11,2025-12,NTX,THE ONE HEALTH GROUP PLC,5214,5373,159,True
2025-11,2025-12,NV1,INHEALTH LIMITED,856,739,-117,True
2025-11,2025-12,NVC01,ASHTEAD HOSPITAL,1044,1084,40,True
2025-11,2025-12,NVC02,THE BERKSHIRE INDEPENDENT HOSPITAL,1069,1133,64,True
2025-11,2025-12,NVC04,DUCHY HOSPITAL,2094,2126,32,True
2025-11,2025-12,NVC05,EUXTON HALL HOSPITAL,2972,3071,99,True
2025-11,2025-12,NVC06,FITZWILLIAM HOSPITAL,6072,6240,168,True
2025-11,2025-12,NVC07,FULWOOD HALL HOSPITAL,4840,4333,-507,True
2025-11,2025-12,NVC08,MOUNT STUART HOSPITAL,2145,2217,72,True
2025-11,2025-12,NVC09,NEW HALL HOSPITAL,3246,3315,69,True
2025-11,2025-12,NVC0I,BEACON PARK HOSPITAL,1014,1103,89,True
2025-11,2025-12,NVC0R,TEES VALLEY HOSPITAL,4560,4726,166,True
2025-11,2025-12,NVC0Y,EXETER MEDICAL,199,221,22,True
2025-11,2025-12,NVC11,NORTH DOWNS HOSPITAL,1557,1569,12,True
2025-11,2025-12,NVC12,OAKLANDS HOSPITAL,4105,4258,153,True
2025-11,2025-12,NVC13,OAKS HOSPITAL,885,913,28,True
2025-11,2025-12,NVC14,PARK HILL HOSPITAL,763,738,-25,True
2025-11,2025-12,NVC15,PINEHILL HOSPITAL,1551,1599,48,True
2025-11,2025-12,NVC16,RENACRES HOSPITAL,4958,4912,-46,True
2025-11,2025-12,NVC17,ROWLEY HALL HOSPITAL,2438,2580,142,True
2025-11,2025-12,NVC18,SPRINGFIELD HOSPITAL,5115,5196,81,True
2025-11,2025-12,NVC19,RIVERS HOSPITAL,4246,4396,150,True
2025-11,2025-12,NVC1H,STOURSIDE HOSPITAL,3489,3445,-44,True
2025-11,2025-12,NVC20,THE YORKSHIRE CLINIC,7167,6988,-179,True
2025-11,2025-12,NVC21,WEST MIDLANDS HOSPITAL,412,512,100,True
2025-11,2025-12,NVC22,WINFIELD HOSPITAL,1356,1245,-111,True
2025-11,2025-12,NVC23,WOODLAND HOSPITAL,5111,5097,-14,True
2025-11,2025-12,NVC25,THE CHERWELL HOSPITAL,2243,2190,-53,True
2025-11,2025-12,NVC27,BOSTON WEST HOSPITAL,2220,2341,121,True
2025-11,2025-12,NVC28,CLIFTON PARK HOSPITAL,1798,1778,-20,True
2025-11,2025-12,NVC29,COBALT HOSPITAL,1677,1652,-25,True
2025-11,2025-12,NVC31,BLAKELANDS HOSPITAL,2200,2392,192,True
2025-11,2025-12,NVC40,WOODTHORPE HOSPITAL,4110,3961,-149,True
2025-11,2025-12,NVC44,THE WESTBOURNE CENTRE,3420,3443,23,True
2025-11,2025-12,NVM,EPSOMEDICAL GROUP,3130,3183,53,True
2025-11,2025-12,NWF01,BENENDEN HOSPITAL,1518,1491,-27,True
2025-11,2025-12,NWV01,COHESE HEALTHCARE,796,689,-107,True
2025-11,2025-12,NX501,ANGLIA COMMUNITY EYE SERVICE LTD,1562,2059,497,True
2025-11,2025-12,NX504,ANGLIA COMMUNITY EYE SERVICES FAKENHAM,14,22,8,True
2025-11,2025-12,NX507,ANGLIA COMMUNITY EYE SERVICE - THETFORD HEALTHY LIVING CENTRE,13,20,7,True
2025-11,2025-12,NXM01,THE HORDER CENTRE - ST JOHNS ROAD,1249,1342,93,True
2025-11,2025-12,NXP,INDEPENDENT HEALTH GROUP,938,931,-7,True
2025-11,2025-12,NYG,SUSSEX COMMUNITY DERMATOLOGY SERVICE,17025,16123,-902,True
2025-11,2025-12,NYR,CORA HEALTH DIAGNOSTICS (FORMERLY HEALTHSHARE DIAGNOSTICS),2403,2479,76,True
2025-11,2025-12,O1P6X,SPAMEDICA OLDHAM,361,483,122,True
2025-11,2025-12,O5Y9D,SPAMEDICA OXFORD,254,270,16,True
2025-11,2025-12,O6X7Z,SPAMEDICA CAMBRIDGE,244,298,54,True
2025-11,2025-12,O9Q4E,ANGLIA COMMUNITY EYE SERVICE - PETERBOROUGH,50,54,4,True
2025-11,2025-12,P0C3F,SPAMEDICA LEEDS,234,255,21,True
2025-11,2025-12,P1B7M,SPAMEDICA BRISTOL,120,109,-11,True
2025-11,2025-12,P5Y6K,NEWMEDICA - SHREWSBURY,588,578,-10,True
2025-11,2025-12,Q1W6P,SPAMEDICA WATFORD,213,288,75,True
2025-11,2025-12,Q2Y5H,OVIVA UK LTD,11417,9849,-1568,True
2025-11,2025-12,Q4W9A,ACES SOUTHAMPTON,0,1,1,False
2025-11,2025-12,Q8X0X,SPAMEDICA ISLE OF WIGHT COMMUNITY DIAGNOSTIC & TREATMENT CENTRE,30,17,-13,True
2025-11,2025-12,R0A,MANCHESTER UNIVERSITY NHS FOUNDATION TRUST,179651,178093,-1558,True
2025-11,2025-12,R0B,SOUTH TYNESIDE AND SUNDERLAND NHS FOUNDATION TRUST,57650,57545,-105,True
2025-11,2025-12,R0D,UNIVERSITY HOSPITALS DORSET NHS FOUNDATION TRUST,62963,63312,349,True
2025-11,2025-12,R0F4N,NUFFIELD HEALTH PARKSIDE HOSPITAL,888,503,-385,True
2025-11,2025-12,R1A,HEREFORDSHIRE AND WORCESTERSHIRE HEALTH AND CARE NHS TRUST,82,71,-11,True
2025-11,2025-12,R1D,SHROPSHIRE COMMUNITY HEALTH NHS TRUST,7818,7575,-243,True
2025-11,2025-12,R1F,ISLE OF WIGHT NHS TRUST,14379,14136,-243,True
2025-11,2025-12,R1G7E,SPAMEDICA KENDAL,277,358,81,True
2025-11,2025-12,R1H,BARTS HEALTH NHS TRUST,133206,132390,-816,True
2025-11,2025-12,R1K,LONDON NORTH WEST UNIVERSITY HEALTHCARE NHS TRUST,84346,82715,-1631,True
2025-11,2025-12,R5J3Z,BORDER HEALTH ALLIANCE LIMITED,487,467,-20,True
2025-11,2025-12,R6X7C,SPAMEDICA MACCLESFIELD COMMUNITY DIAGNOSTIC & TREATMENT CENTRE,0,1,1,False
2025-11,2025-12,R7W2O,NEWCASTLE NEWMEDICA LTD,899,944,45,True
2025-11,2025-12,RA2,ROYAL SURREY NHS FOUNDATION TRUST,29253,29485,232,True
2025-11,2025-12,RA7,UNIVERSITY HOSPITALS BRISTOL AND WESTON NHS FOUNDATION TRUST,52104,50401,-1703,True
2025-11,2025-12,RA9,TORBAY AND SOUTH DEVON NHS FOUNDATION TRUST,31980,32816,836,True
2025-11,2025-12,RAE,BRADFORD TEACHING HOSPITALS NHS FOUNDATION TRUST,31832,31932,100,True
2025-11,2025-12,RAJ,MID AND SOUTH ESSEX NHS FOUNDATION TRUST,180236,179048,-1188,True
2025-11,2025-12,RAL,ROYAL FREE LONDON NHS FOUNDATION TRUST,136901,138633,1732,True
2025-11,2025-12,RAN,ROYAL NATIONAL ORTHOPAEDIC HOSPITAL NHS TRUST,9682,9539,-143,True
2025-11,2025-12,RAS,THE HILLINGDON HOSPITALS NHS FOUNDATION TRUST,35053,34337,-716,True
2025-11,2025-12,RAX,KINGSTON AND RICHMOND NHS FOUNDATION TRUST,45402,45475,73,True
2025-11,2025-12,RBD,DORSET COUNTY HOSPITAL NHS FOUNDATION TRUST,21125,20834,-291,True
2025-11,2025-12,RBK,WALSALL HEALTHCARE NHS TRUST,30408,30295,-113,True
2025-11,2025-12,RBL,WIRRAL UNIVERSITY TEACHING HOSPITAL NHS FOUNDATION TRUST,48066,47125,-941,True
2025-11,2025-12,RBN,MERSEY AND WEST LANCASHIRE TEACHING HOSPITALS NHS TRUST,74838,73780,-1058,True
2025-11,2025-12,RBQ,LIVERPOOL HEART AND CHEST HOSPITAL NHS FOUNDATION TRUST,4876,4909,33,True
2025-11,2025-12,RBS,ALDER HEY CHILDREN'S NHS FOUNDATION TRUST,16892,16723,-169,True
2025-11,2025-12,RBT,MID CHESHIRE HOSPITALS NHS FOUNDATION TRUST,41889,39570,-2319,True
2025-11,2025-12,RBV,THE CHRISTIE NHS FOUNDATION TRUST,3525,3266,-259,True
2025-11,2025-12,RC9,BEDFORDSHIRE HOSPITALS NHS FOUNDATION TRUST,86104,85409,-695,True
2025-11,2025-12,RCB,YORK AND SCARBOROUGH TEACHING HOSPITALS NHS FOUNDATION TRUST,57766,57969,203,True
2025-11,2025-12,RCD,HARROGATE AND DISTRICT NHS FOUNDATION TRUST,19221,18877,-344,True
2025-11,2025-12,RCF,AIREDALE NHS FOUNDATION TRUST,14125,14336,211,True
2025-11,2025-12,RCU,SHEFFIELD CHILDREN'S NHS FOUNDATION TRUST,11376,11646,270,True
2025-11,2025-12,RCX,"THE QUEEN ELIZABETH HOSPITAL, KING'S LYNN, NHS FOUNDATION TRUST",26307,26281,-26,True
2025-11,2025-12,RD1,ROYAL UNITED HOSPITALS BATH NHS FOUNDATION TRUST,38588,40110,1522,True
2025-11,2025-12,RD8,MILTON KEYNES UNIVERSITY HOSPITAL NHS FOUNDATION TRUST,35010,35020,10,True
2025-11,2025-12,RDE,EAST SUFFOLK AND NORTH ESSEX NHS FOUNDATION TRUST,93416,92703,-713,True
2025-11,2025-12,RDR,SUSSEX COMMUNITY NHS FOUNDATION TRUST,13799,13993,194,True
2025-11,2025-12,RDU,FRIMLEY HEALTH NHS FOUNDATION TRUST,68207,67355,-852,True
2025-11,2025-12,REF,ROYAL CORNWALL HOSPITALS NHS TRUST,40984,41187,203,True
2025-11,2025-12,REM,LIVERPOOL UNIVERSITY HOSPITALS NHS FOUNDATION TRUST,63650,63006,-644,True
2025-11,2025-12,REN,THE CLATTERBRIDGE CANCER CENTRE NHS FOUNDATION TRUST,934,860,-74,True
2025-11,2025-12,REP,LIVERPOOL WOMEN'S NHS FOUNDATION TRUST,14203,14129,-74,True
2025-11,2025-12,RET,THE WALTON CENTRE NHS FOUNDATION TRUST,14020,13876,-144,True
2025-11,2025-12,RF4,"BARKING, HAVERING AND REDBRIDGE UNIVERSITY HOSPITALS NHS TRUST",0,68913,68913,False
2025-11,2025-12,RFF,BARNSLEY HOSPITAL NHS FOUNDATION TRUST,24239,22959,-1280,True
2025-11,2025-12,RFR,THE ROTHERHAM NHS FOUNDATION TRUST,31123,30281,-842,True
2025-11,2025-12,RFS,CHESTERFIELD ROYAL HOSPITAL NHS FOUNDATION TRUST,30159,28841,-1318,True
2025-11,2025-12,RGM,ROYAL PAPWORTH HOSPITAL NHS FOUNDATION TRUST,5702,5523,-179,True
2025-11,2025-12,RGN,NORTH WEST ANGLIA NHS FOUNDATION TRUST,79107,78866,-241,True
2025-11,2025-12,RGP,JAMES PAGET UNIVERSITY HOSPITALS NHS FOUNDATION TRUST,33890,33930,40,True
2025-11,2025-12,RGR,WEST SUFFOLK NHS FOUNDATION TRUST,32930,32541,-389,True
2025-11,2025-12,RGT,CAMBRIDGE UNIVERSITY HOSPITALS NHS FOUNDATION TRUST,64069,64282,213,True
2025-11,2025-12,RH5,SOMERSET NHS FOUNDATION TRUST,56643,53768,-2875,True
2025-11,2025-12,RH8,ROYAL DEVON UNIVERSITY HEALTHCARE NHS FOUNDATION TRUST,72670,72323,-347,True
2025-11,2025-12,RHM,UNIVERSITY HOSPITAL SOUTHAMPTON NHS FOUNDATION TRUST,63399,63510,111,True
2025-11,2025-12,RHU,PORTSMOUTH HOSPITALS UNIVERSITY NHS TRUST,57498,56821,-677,True
2025-11,2025-12,RHW,ROYAL BERKSHIRE NHS FOUNDATION TRUST,34174,34236,62,True
2025-11,2025-12,RJ1,GUY'S AND ST THOMAS' NHS FOUNDATION TRUST,108842,108304,-538,True
2025-11,2025-12,RJ2,LEWISHAM AND GREENWICH NHS TRUST,56331,55919,-412,True
2025-11,2025-12,RJ6,CROYDON HEALTH SERVICES NHS TRUST,37328,36007,-1321,True
2025-11,2025-12,RJ7,ST GEORGE'S UNIVERSITY HOSPITALS NHS FOUNDATION TRUST,68475,68653,178,True
2025-11,2025-12,RJ8,CORNWALL PARTNERSHIP NHS FOUNDATION TRUST,698,663,-35,True
2025-11,2025-12,RJC,SOUTH WARWICKSHIRE UNIVERSITY NHS FOUNDATION TRUST,31676,30888,-788,True
2025-11,2025-12,RJE,UNIVERSITY HOSPITALS OF NORTH MIDLANDS NHS TRUST,64345,64590,245,True
2025-11,2025-12,RJL,NORTHERN LINCOLNSHIRE AND GOOLE NHS FOUNDATION TRUST,39296,39294,-2,True
2025-11,2025-12,RJN,EAST CHESHIRE NHS TRUST,19399,19151,-248,True
2025-11,2025-12,RJR,COUNTESS OF CHESTER HOSPITAL NHS FOUNDATION TRUST,31747,30658,-1089,True
2025-11,2025-12,RJZ,KING'S COLLEGE HOSPITAL NHS FOUNDATION TRUST,86197,88008,1811,True
2025-11,2025-12,RK5,SHERWOOD FOREST HOSPITALS NHS FOUNDATION TRUST,36314,35975,-339,True
2025-11,2025-12,RK9,UNIVERSITY HOSPITALS PLYMOUTH NHS TRUST,49131,48113,-1018,True
2025-11,2025-12,RKB,UNIVERSITY HOSPITALS COVENTRY AND WARWICKSHIRE NHS TRUST,71138,69717,-1421,True
2025-11,2025-12,RKE,WHITTINGTON HEALTH NHS TRUST,27941,28783,842,True
2025-11,2025-12,RL1,THE ROBERT JONES AND AGNES HUNT ORTHOPAEDIC HOSPITAL NHS FOUNDATION TRUST,16887,16488,-399,True
2025-11,2025-12,RL4,THE ROYAL WOLVERHAMPTON NHS TRUST,76577,75564,-1013,True
2025-11,2025-12,RLQ,WYE VALLEY NHS TRUST,21913,21753,-160,True
2025-11,2025-12,RLT,GEORGE ELIOT HOSPITAL NHS TRUST,19680,19697,17,True
2025-11,2025-12,RM1,NORFOLK AND NORWICH UNIVERSITY HOSPITALS NHS FOUNDATION TRUST,77065,76301,-764,True
2025-11,2025-12,RM3,NORTHERN CARE ALLIANCE NHS FOUNDATION TRUST,137786,135354,-2432,True
2025-11,2025-12,RMC,BOLTON NHS FOUNDATION TRUST,37478,37532,54,True
2025-11,2025-12,RMP,TAMESIDE AND GLOSSOP INTEGRATED CARE NHS FOUNDATION TRUST,17009,16808,-201,True
2025-11,2025-12,RN3,GREAT WESTERN HOSPITALS NHS FOUNDATION TRUST,41803,42823,1020,True
2025-11,2025-12,RN5,HAMPSHIRE HOSPITALS NHS FOUNDATION TRUST,50211,50471,260,True
2025-11,2025-12,RN7,DARTFORD AND GRAVESHAM NHS TRUST,31761,31775,14,True
2025-11,2025-12,RNA,THE DUDLEY GROUP NHS FOUNDATION TRUST,47180,46881,-299,True
2025-11,2025-12,RNN,NORTH CUMBRIA INTEGRATED CARE NHS FOUNDATION TRUST,38847,38900,53,True
2025-11,2025-12,RNQ,KETTERING GENERAL HOSPITAL NHS FOUNDATION TRUST,25061,25745,684,True
2025-11,2025-12,RNS,NORTHAMPTON GENERAL HOSPITAL NHS TRUST,43576,43335,-241,True
2025-11,2025-12,RNZ,SALISBURY NHS FOUNDATION TRUST,29187,28939,-248,True
2025-11,2025-12,RP4,GREAT ORMOND STREET HOSPITAL FOR CHILDREN NHS FOUNDATION TRUST,7675,8052,377,True
2025-11,2025-12,RP5,DONCASTER AND BASSETLAW TEACHING HOSPITALS NHS FOUNDATION TRUST,54165,53267,-898,True
2025-11,2025-12,RP6,MOORFIELDS EYE HOSPITAL NHS FOUNDATION TRUST,34528,34792,264,True
2025-11,2025-12,RP7,LINCOLNSHIRE PARTNERSHIP NHS FOUNDATION TRUST,33,36,3,True
2025-11,2025-12,RPA,MEDWAY NHS FOUNDATION TRUST,37104,36918,-186,True
2025-11,2025-12,RPC,QUEEN VICTORIA HOSPITAL NHS FOUNDATION TRUST,20018,20177,159,True
2025-11,2025-12,RPG,OXLEAS NHS FOUNDATION TRUST,1313,2010,697,True
2025-11,2025-12,RPY,THE ROYAL MARSDEN NHS FOUNDATION TRUST,2066,1869,-197,True
2025-11,2025-12,RQ3,BIRMINGHAM WOMEN'S AND CHILDREN'S NHS FOUNDATION TRUST,22359,22164,-195,True
2025-11,2025-12,RQM,CHELSEA AND WESTMINSTER HOSPITAL NHS FOUNDATION TRUST,74677,73361,-1316,True
2025-11,2025-12,RQW,THE PRINCESS ALEXANDRA HOSPITAL NHS TRUST,41155,40006,-1149,True
2025-11,2025-12,RQX,HOMERTON HEALTHCARE NHS FOUNDATION TRUST,27827,24914,-2913,True
2025-11,2025-12,RR7,GATESHEAD HEALTH NHS FOUNDATION TRUST,12755,12521,-234,True
2025-11,2025-12,RR8,LEEDS TEACHING HOSPITALS NHS TRUST,87079,85957,-1122,True
2025-11,2025-12,RRE,MIDLANDS PARTNERSHIP UNIVERSITY NHS FOUNDATION TRUST,7401,7976,575,True
2025-11,2025-12,RRF,"WRIGHTINGTON, WIGAN AND LEIGH NHS FOUNDATION TRUST",47410,46450,-960,True
2025-11,2025-12,RRJ,THE ROYAL ORTHOPAEDIC HOSPITAL NHS FOUNDATION TRUST,13196,13177,-19,True
2025-11,2025-12,RRK,UNIVERSITY HOSPITALS BIRMINGHAM NHS FOUNDATION TRUST,95219,94912,-307,True
2025-11,2025-12,RRV,UNIVERSITY COLLEGE LONDON HOSPITALS NHS FOUNDATION TRUST,72761,74383,1622,True
2025-11,2025-12,RT1,CAMBRIDGESHIRE AND PETERBOROUGH NHS FOUNDATION TRUST,295,301,6,True
2025-11,2025-12,RTD,THE NEWCASTLE UPON TYNE HOSPITALS NHS FOUNDATION TRUST,86465,85420,-1045,True
2025-11,2025-12,RTE,GLOUCESTERSHIRE HOSPITALS NHS FOUNDATION TRUST,63147,62157,-990,True
2025-11,2025-12,RTF,NORTHUMBRIA HEALTHCARE NHS FOUNDATION TRUST,34936,35295,359,True
2025-11,2025-12,RTG,UNIVERSITY HOSPITALS OF DERBY AND BURTON NHS FOUNDATION TRUST,96487,96824,337,True
2025-11,2025-12,RTH,OXFORD UNIVERSITY HOSPITALS NHS FOUNDATION TRUST,84058,83675,-383,True
2025-11,2025-12,RTK,ASHFORD AND ST PETER'S HOSPITALS NHS FOUNDATION TRUST,51956,51307,-649,True
2025-11,2025-12,RTP,SURREY AND SUSSEX HEALTHCARE NHS TRUST,45659,46861,1202,True
2025-11,2025-12,RTR,SOUTH TEES HOSPITALS NHS FOUNDATION TRUST,56009,55586,-423,True
2025-11,2025-12,RTX,UNIVERSITY HOSPITALS OF MORECAMBE BAY NHS FOUNDATION TRUST,33887,35368,1481,True
2025-11,2025-12,RVJ,NORTH BRISTOL NHS TRUST,43312,42811,-501,True
2025-11,2025-12,RVR,EPSOM AND ST HELIER UNIVERSITY HOSPITALS NHS TRUST,57796,58715,919,True
2025-11,2025-12,RVV,EAST KENT HOSPITALS UNIVERSITY NHS FOUNDATION TRUST,76842,75948,-894,True
2025-11,2025-12,RVW,NORTH TEES AND HARTLEPOOL NHS FOUNDATION TRUST,21991,22059,68,True
2025-11,2025-12,RW1,HAMPSHIRE AND ISLE OF WIGHT HEALTHCARE NHS FOUNDATION TRUST,4480,4167,-313,True
2025-11,2025-12,RW4,MERSEY CARE NHS FOUNDATION TRUST,53,40,-13,True
2025-11,2025-12,RW5,LANCASHIRE & SOUTH CUMBRIA NHS FOUNDATION TRUST,3216,3450,234,True
2025-11,2025-12,RWA,HULL UNIVERSITY TEACHING HOSPITALS NHS TRUST,80790,81643,853,True
2025-11,2025-12,RWD,UNITED LINCOLNSHIRE TEACHING HOSPITALS NHS TRUST,67471,66860,-611,True
2025-11,2025-12,RWE,UNIVERSITY HOSPITALS OF LEICESTER NHS TRUST,109189,107758,-1431,True
2025-11,2025-12,RWF,MAIDSTONE AND TUNBRIDGE WELLS NHS TRUST,49595,49441,-154,True
2025-11,2025-12,RWG,WEST HERTFORDSHIRE TEACHING HOSPITALS NHS TRUST,46575,45770,-805,True
2025-11,2025-12,RWH,EAST AND NORTH HERTFORDSHIRE TEACHING NHS TRUST,53183,53611,428,True
2025-11,2025-12,RWJ,STOCKPORT NHS FOUNDATION TRUST,34647,34556,-91,True
2025-11,2025-12,RWP,WORCESTERSHIRE ACUTE HOSPITALS NHS TRUST,57550,57454,-96,True
2025-11,2025-12,RWW,WARRINGTON AND HALTON TEACHING HOSPITALS NHS FOUNDATION TRUST,32589,33167,578,True
2025-11,2025-12,RWX,BERKSHIRE HEALTHCARE NHS FOUNDATION TRUST,91,107,16,True
2025-11,2025-12,RWY,CALDERDALE AND HUDDERSFIELD NHS FOUNDATION TRUST,36201,35268,-933,True
2025-11,2025-12,RX1,NOTTINGHAM UNIVERSITY HOSPITALS NHS TRUST,87950,95019,7069,True
2025-11,2025-12,RX4,"CUMBRIA, NORTHUMBERLAND, TYNE AND WEAR NHS FOUNDATION TRUST",158,174,16,True
2025-11,2025-12,RXC,EAST SUSSEX HEALTHCARE NHS TRUST,61650,61350,-300,True
2025-11,2025-12,RXF,MID YORKSHIRE TEACHING NHS TRUST,56182,55665,-517,True
2025-11,2025-12,RXG,SOUTH WEST YORKSHIRE PARTNERSHIP NHS FOUNDATION TRUST,4616,4396,-220,True
2025-11,2025-12,RXK,SANDWELL AND WEST BIRMINGHAM HOSPITALS NHS TRUST,67619,65725,-1894,True
2025-11,2025-12,RXL,BLACKPOOL TEACHING HOSPITALS NHS FOUNDATION TRUST,43292,42518,-774,True
2025-11,2025-12,RXN,LANCASHIRE TEACHING HOSPITALS NHS FOUNDATION TRUST,64378,64035,-343,True
2025-11,2025-12,RXP,COUNTY DURHAM AND DARLINGTON NHS FOUNDATION TRUST,40835,41432,597,True
2025-11,2025-12,RXQ,BUCKINGHAMSHIRE HEALTHCARE NHS TRUST,48005,47420,-585,True
2025-11,2025-12,RXR,EAST LANCASHIRE HOSPITALS NHS TRUST,52313,52670,357,True
2025-11,2025-12,RXW,THE SHREWSBURY AND TELFORD HOSPITAL NHS TRUST,33621,32790,-831,True
2025-11,2025-12,RYJ,IMPERIAL COLLEGE HEALTHCARE NHS TRUST,90223,89718,-505,True
2025-11,2025-12,RYR,UNIVERSITY HOSPITALS SUSSEX NHS FOUNDATION TRUST,115980,116302,322,True
2025-11,2025-12,RYW,BIRMINGHAM COMMUNITY HEALTHCARE NHS FOUNDATION TRUST,14862,14916,54,True
2025-11,2025-12,RYY,KENT COMMUNITY HEALTH NHS FOUNDATION TRUST,4128,4001,-127,True
2025-11,2025-12,S0L9O,ACES BIRMINGHAM,1,1,0,True
2025-11,2025-12,S1Z4X,NEWMEDICA - BIRMINGHAM,836,849,13,True
2025-11,2025-12,S3H9L,THE HAMPTONS HOSPITAL LTD,1662,1733,71,True
2025-11,2025-12,S4E3I,MIDLAND EYE (EYE-DOCS LTD),515,553,38,True
2025-11,2025-12,S5E5Y,HCRG CARE DERMATOLOGY THE IRONSTONE CENTRE,1129,949,-180,True
2025-11,2025-12,T1T4S,ACES BRISTOL,12,15,3,True
2025-11,2025-12,T4I8V,SPAMEDICA CHESTERFIELD,89,128,39,True
2025-11,2025-12,T8R5I,SPAMEDICA WOKINGHAM,210,219,9,True
2025-11,2025-12,T8V3L,SPAMEDICA DONCASTER,144,204,60,True
2025-11,2025-12,TAD,BRADFORD DISTRICT CARE NHS FOUNDATION TRUST,615,654,39,True
2025-11,2025-12,U0K8N,CES MEDICAL,141,98,-43,True
2025-11,2025-12,U1P4Z,ACES MILTON KEYNES,18,20,2,True
2025-11,2025-12,U6A5N,ACES CHISWICK,3,3,0,True
2025-11,2025-12,V3J9W,PASTEL HEALTH,30,51,21,True
2025-11,2025-12,V4U1Y,SPAMEDICA CHESTER,153,193,40,True
2025-11,2025-12,V5F1D,SPAMEDICA TELFORD,384,393,9,True
2025-11,2025-12,V8A3H,SPAMEDICA SHEFFIELD COMMUNITY DIAGNOSTIC & TREATMENT CENTRE,1,1,0,True
2025-11,2025-12,V8N5R,SPAMEDICA DALSTON,302,390,88,True
2025-11,2025-12,W7J4C,ACES MANCHESTER,6,6,0,True
2025-11,2025-12,X7M7U,ACES LAKESIDE,0,2,2,False
2025-11,2025-12,X7Y2H,ACES WILMSLOW,1,1,0,True
2025-11,2025-12,Y7W8F,ACES SOUTHAMPTON - EAST ST,1,1,0,True
2025-11,2025-12,Y8L9S,SPAMEDICA BROMLEY,383,419,36,True
2025-11,2025-12,Y9S1N,FAIRFIELD INDEPENDENT HOSPITAL,2416,2287,-129,True
2025-11,2025-12,Z1E5F,NEWMEDICA - HARROGATE,243,247,4,True
2025-11,2025-12,Z2L9B,NEWMEDICA - MANCHESTER WEST,422,377,-45,True
2025-11,2025-12,Z4F8Y,ACES DARTFORD,39,59,20,True
2025-11,2025-12,Z5J5V,SPAMEDICA HAYDOCK,197,275,78,True
2025-11,2025-12,Z9Z1G,SPAMEDICA GATESHEAD,315,331,16,True
2025-12,2026-01,A0C5S,SPAMEDICA GLOUCESTER,83,49,-34,True
2025-12,2026-01,A1D1B,SPAMEDICA WEMBLEY,278,258,-20,True
2025-12,2026-01,A1U4J,SPAMEDICA PORTSMOUTH,131,163,32,True
2025-12,2026-01,A4M8P,BUCKSHAW HOSPITAL,3028,3030,2,True
2025-12,2026-01,A4Q9X,NEWMEDICA LEICESTER,781,802,21,True
2025-12,2026-01,A4Y8X,ACES NOTTINGHAM,3,33,30,True
2025-12,2026-01,A9P5F,ACES WHITE CITY,11,109,98,True
2025-12,2026-01,AAH,TETBURY HOSPITAL TRUST LTD,289,313,24,True
2025-12,2026-01,AAV,COMMUNITY HEALTH AND EYECARE LIMITED,4898,5017,119,True
2025-12,2026-01,ACG08,NEWMEDICA OPHTHALMOLOGY - NUNEATON - CAMP HILL - GP LED HEALTH CENTRE,3,19,16,True
2025-12,2026-01,ACG12,NEWMEDICA COMMUNITY OPHTHALMOLOGY - NORTH EAST LINCOLNSHIRE - GRIMSBY,1311,1133,-178,True
2025-12,2026-01,ACG13,NEWMEDICA - GLOUCESTER (ASPEN MEDICAL CENTRE),458,461,3,True
2025-12,2026-01,ACG19,NEWMEDICA COMMUNITY OPHTHALMOLOGY - LEEDS,738,700,-38,True
2025-12,2026-01,ACG20,NEWMEDICA - BRISTOL - LITFIELD HOUSE,459,464,5,True
2025-12,2026-01,ACG22,NEWMEDICA - BRIGG - RIVERSIDE SURGERY,984,851,-133,True
2025-12,2026-01,ACG24,NEWMEDICA - TEESSIDE - NORTH ORMESBY,1352,1427,75,True
2025-12,2026-01,ACG26,NEWMEDICA - NORTH DERBYSHIRE - MIDLAND COURT,1239,1219,-20,True
2025-12,2026-01,ACG30,NEWMEDICA - WORKSOP - DUKERIES,164,163,-1,True
2025-12,2026-01,ACG31,NEWMEDICA - WORCESTER,708,686,-22,True
2025-12,2026-01,ACG36,NEWMEDICA - EXETER - GLEN HOUSE,424,427,3,True
2025-12,2026-01,ACG37,NEWMEDICA - IPSWICH,975,1039,64,True
2025-12,2026-01,ACG38,NEWMEDICA - LANGFORD,479,416,-63,True
2025-12,2026-01,ACG39,NEWMEDICA - SWINDON,20,15,-5,True
2025-12,2026-01,ACG40,NEWMEDICA - WAKEFIELD,667,644,-23,True
2025-12,2026-01,ACM,EYE CARE MEDICAL LTD,1,6,5,True
2025-12,2026-01,ADP02,KIMS HOSPITAL (NEWNHAM COURT),1520,1557,37,True
2025-12,2026-01,AHP,ST MICHAEL'S CLINIC LIMITED,1791,1656,-135,True
2025-12,2026-01,AJ8,THE GRANGE MEDICAL CENTRE HQ,336,311,-25,True
2025-12,2026-01,AQK,VERNOVA HEALTHCARE COMMUNITY INTEREST COMPANY,271,269,-2,True
2025-12,2026-01,AVQ01,ONE ASHFORD HOSPITAL,1079,1098,19,True
2025-12,2026-01,AVQ03,ONE HATFIELD HOSPITAL,352,384,32,True
2025-12,2026-01,AWR,ONE STOP DOCTORS LIMITED,327,394,67,True
2025-12,2026-01,AY1,MEDEFER,243,249,6,True
2025-12,2026-01,B1A5K,NEWMEDICA - NOTTINGHAM,574,592,18,True
2025-12,2026-01,B3M1X,CLAREMONT PRIVATE HOSPITAL,2138,2373,235,True
2025-12,2026-01,B4N1U,SPAMEDICA ROMFORD,442,375,-67,True
2025-12,2026-01,B5M7B,NEWMEDICA - NORWICH,1596,1541,-55,True
2025-12,2026-01,B9J4U,SPAMEDICA PETERBOROUGH,191,280,89,True
2025-12,2026-01,B9M3W,SPAMEDICA SOUTHAMPTON,446,414,-32,True
2025-12,2026-01,C3Y0A,SPAMEDICA BLACKPOOL,247,180,-67,True
2025-12,2026-01,C5Y9L,NEWMEDICA - BERKSHIRE - BRACKNELL,81,107,26,True
2025-12,2026-01,C9A7J,NEWMEDICA - BRADFORD & HUDDERSFIELD,520,596,76,True
2025-12,2026-01,D0V5X,NEWMEDICA - SWINDON MURDOCK ROAD,128,141,13,True
2025-12,2026-01,D1V5N,ACES BOLTON,0,1,1,False
2025-12,2026-01,D2L5T,ACES LIVERPOOL,18,62,44,True
2025-12,2026-01,D3O0Z,PLYMOUTH NEWMEDICA LTD,446,494,48,True
2025-12,2026-01,D5P5H,SPAMEDICA BEXHILL,342,241,-101,True
2025-12,2026-01,DFQ,NORWICH & NORFOLK SURGICAL LTD (N2S),1141,1128,-13,True
2025-12,2026-01,DFY01,COTSWOLDS SURGICAL PARTNERS,233,217,-16,True
2025-12,2026-01,DJH01,THE ROYAL BUCKINGHAMSHIRE HOSPITAL LTD,29,42,13,True
2025-12,2026-01,DPK,THE STONEYGATE EYE HOSPITAL,526,539,13,True
2025-12,2026-01,DTT,PHOENIX PUBLIC HEALTH LTD,177,147,-30,True
2025-12,2026-01,DX1,THE NEW FOSCOTE HOSPITAL LTD,319,331,12,True
2025-12,2026-01,DXV,OMNES HEALTHCARE LTD,13997,15169,1172,True
2025-12,2026-01,E1U4T,SPAMEDICA CARLISLE,469,489,20,True
2025-12,2026-01,E3D4A,SPAMEDICA TRURO,274,286,12,True
2025-12,2026-01,E6F9I,ACES BRADFORD,0,1,1,False
2025-12,2026-01,F0R0W,NEWMEDICA - DARLINGTON,63,61,-2,True
2025-12,2026-01,F1Y1H,NEWMEDICA - CHESHIRE OAKS,533,557,24,True
2025-12,2026-01,F2C9F,ACES HARLEY STREET,0,3,3,False
2025-12,2026-01,F4B0R,SPAMEDICA GUILDFORD,1,10,9,True
2025-12,2026-01,F7B2B,ANGLIA COMMUNITY EYE SERVICE - BURY ST EDMUNDS,2,12,10,True
2025-12,2026-01,F7F6D,NEWMEDICA - HERTFORSHIRE - WELWYN GARDEN CITY,925,998,73,True
2025-12,2026-01,F9Z4V,CIRCLE READING HOSPITAL,1742,1772,30,True
2025-12,2026-01,G3O5P,SPAMEDICA NEWARK,467,428,-39,True
2025-12,2026-01,G3Q3Z,NUFFIELD HEALTH HIGHGATE HOSPITAL,762,808,46,True
2025-12,2026-01,G3Z1Q,SULIS HOSPITAL BATH (FOXCOTE AVENUE),3445,3648,203,True
2025-12,2026-01,G4H0I,NEWMEDICA SUFFOLK - BURY ST EDMUNDS - CLARITY HOUSE,680,613,-67,True
2025-12,2026-01,G5X2Q,SPAMEDICA NORTH TYNESIDE,292,314,22,True
2025-12,2026-01,G6S7A,SPAMEDICA TAUNTON,527,690,163,True
2025-12,2026-01,GEC01,RAPID INVESTIGATION SERVICE,100,106,6,True
2025-12,2026-01,H1T2P,SPAMEDICA SWINDON,76,51,-25,True
2025-12,2026-01,H2K1G,NEWMEDICA - BROMSGROVE,319,323,4,True
2025-12,2026-01,H3W7Q,ACES CHELMSFORD,9,74,65,True
2025-12,2026-01,H4I8B,NUFFIELD HEALTH THE HOLLY HOSPITAL,3237,3365,128,True
2025-12,2026-01,H4J9P,NEWMEDICA AZTEC WEST,945,938,-7,True
2025-12,2026-01,H4Y7F,SPAMEDICA DORCHESTER,205,223,18,True
2025-12,2026-01,H7X1I,ANGLIA COMMUNITY EYE SERVICE - CAMBRIDGE,21,229,208,True
2025-12,2026-01,I1H7K,SPAMEDICA SALE,169,155,-14,True
2025-12,2026-01,I2C7H,SPAMEDICA BRADFORD,247,179,-68,True
2025-12,2026-01,I7G8X,ACES NEWCASTLE,7,24,17,True
2025-12,2026-01,I9A4A,SPAMEDICA BRIGHTON,286,274,-12,True
2025-12,2026-01,J0M7P,SPAMEDICA HEREFORD DIAGNOSTIC AND TREATMENT CENTRE,39,24,-15,True
2025-12,2026-01,J2H6H,SPAMEDICA COLCHESTER,138,146,8,True
2025-12,2026-01,J3J8Z,NEWMEDICA - OXFORDSHIRE,654,639,-15,True
2025-12,2026-01,J3X4C,SPAMEDICA WORCESTER,380,347,-33,True
2025-12,2026-01,J7V1N,SPAMEDICA SOLIHULL,329,385,56,True
2025-12,2026-01,K3V9U,SPAMEDICA STEVENAGE COMMUNITY DIAGNOSTIC & TREATMENT CENTRE,3,5,2,True
2025-12,2026-01,K7J9E,ANGLIA COMMUNITY EYE SERVICE - NORWICH,1,14,13,True
2025-12,2026-01,K8I4X,GLENDON WOOD HOSPITAL,1432,1342,-90,True
2025-12,2026-01,K9J3O,SPAMEDICA LUTON,267,236,-31,True
2025-12,2026-01,L0D9W,NEWMEDICA - GLOUCESTER (BRIGHOUSE COURT),1257,1319,62,True
2025-12,2026-01,L4R3R,NEWMEDICA - HAMPSHIRE,2266,2533,267,True
2025-12,2026-01,L6O7H,SPAMEDICA POOLE,588,493,-95,True
2025-12,2026-01,L9D3Z,SPAMEDICA LEICESTER,146,222,76,True
2025-12,2026-01,M0N7E,SPAMEDICA SITTINGBOURNE,180,156,-24,True
2025-12,2026-01,M2Y6D,PRACTICE PLUS GROUP HOSPITAL BIRMINGHAM,914,1049,135,True
2025-12,2026-01,M3R0W,SPAMEDICA NORWICH,220,288,68,True
2025-12,2026-01,M4C5R,NEWMEDICA - NORTHAMPTON,943,1095,152,True
2025-12,2026-01,M5E1S,SPAMEDICA EXETER,279,303,24,True
2025-12,2026-01,M6L9D,NEWMEDICA - NOTTINGHAM - KEYWORTH,19,33,14,True
2025-12,2026-01,M7C9Q,SPAMEDICA EPSOM,215,268,53,True
2025-12,2026-01,M9U8M,ENDOCARE DIAGNOSTICS LTD,158,130,-28,True
2025-12,2026-01,N1L8R,ACES MANCHESTER ST JOHNS STREET,0,8,8,False
2025-12,2026-01,N1M9Z,ACES EXETER,6,49,43,True
2025-12,2026-01,N1N0Y,SPAMEDICA CROYDON,102,110,8,True
2025-12,2026-01,N6Z0R,NEWMEDICA - LINCOLN,41,31,-10,True
2025-12,2026-01,N8R1N,NEWMEDICA - BERKSHIRE,1479,1500,21,True
2025-12,2026-01,N8Z8E,ACES TORQUAY,0,5,5,False
2025-12,2026-01,NAM01,PROBUS SURGICAL CENTRE,1108,1019,-89,True
2025-12,2026-01,NCN,DMC HEALTHCARE,1634,1328,-306,True
2025-12,2026-01,NCR,ISIGHT,1366,1433,67,True
2025-12,2026-01,NDJ,FIRST COMMUNITY HEALTH AND CARE CIC,587,697,110,True
2025-12,2026-01,NDL01,SUFFOLK GP FEDERATION,93,109,16,True
2025-12,2026-01,NEQ,PHOENIX HEALTH SOLUTIONS LIMITED HQ,614,596,-18,True
2025-12,2026-01,NEY,PIONEER HEALTHCARE LIMITED,743,635,-108,True
2025-12,2026-01,NFH,SOMERSET SURGICAL SERVICES HQ,1225,1249,24,True
2025-12,2026-01,NHW,STANDARD HEALTH LTD,82,103,21,True
2025-12,2026-01,NL3,CARE PLUS GROUP,187,197,10,True
2025-12,2026-01,NL8,LOCALA COMMUNITY PARTNERSHIPS CIC,1141,1290,149,True
2025-12,2026-01,NLE01,LANCASTER HOUSE CONSULTING DIAGNOSTICS SURGICAL LTD HQ,1148,1278,130,True
2025-12,2026-01,NLG,COMMUNITAS CLINICS,3292,3467,175,True
2025-12,2026-01,NLX,SIRONA CARE & HEALTH,6452,6168,-284,True
2025-12,2026-01,NMG,CORA HEALTH MSK (FORMERLY CONNECT HEALTH LTD),18609,16393,-2216,True
2025-12,2026-01,NN4,TYNESIDE SURGICAL SERVICES LTD,1433,1476,43,True
2025-12,2026-01,NN5,MANCHESTER SURGICAL SERVICES LTD,329,343,14,True
2025-12,2026-01,NN8,SPENCER PRIVATE HOSPITALS LTD,3467,3496,29,True
2025-12,2026-01,NNE,DORKING HEALTHCARE LIMITED (DHC),6336,6501,165,True
2025-12,2026-01,NNH,OPTEGRA UK,7704,7983,279,True
2025-12,2026-01,NP9,BESPOKE HEALTHCARE LTD,422,315,-107,True
2025-12,2026-01,NPG01,SPAMEDICA MANCHESTER,294,300,6,True
2025-12,2026-01,NPG02,SPAMEDICA WIRRAL,296,275,-21,True
2025-12,2026-01,NPG06,SPAMEDICA LIVERPOOL,407,276,-131,True
2025-12,2026-01,NPG07,SPAMEDICA EYE HOSPITAL (WAKEFIELD),514,568,54,True
2025-12,2026-01,NPG08,SPAMEDICA BOLTON,613,573,-40,True
2025-12,2026-01,NPG10,SPAMEDICA SHEFFIELD,393,371,-22,True
2025-12,2026-01,NPG11,SPAMEDICA BIRMINGHAM,603,693,90,True
2025-12,2026-01,NPG13,SPAMEDICA SKELMERSDALE,85,56,-29,True
2025-12,2026-01,NPG14,SPAMEDICA WIDNES,251,212,-39,True
2025-12,2026-01,NPG15,SPAMEDICA NEWCASTLE-UNDER-LYME,188,215,27,True
2025-12,2026-01,NPG16,SPAMEDICA CHELMSFORD,562,530,-32,True
2025-12,2026-01,NPG17,SPAMEDICA PRESTON,227,173,-54,True
2025-12,2026-01,NPG18,SPAMEDICA HULL,465,393,-72,True
2025-12,2026-01,NPG19,SPAMEDICA BEDFORD,245,260,15,True
2025-12,2026-01,NPG20,SPAMEDICA WOLVERHAMPTON,602,509,-93,True
2025-12,2026-01,NPG21,SPAMEDICA COVENTRY,440,405,-35,True
2025-12,2026-01,NPG22,SPAMEDICA STOCKTON-ON-TEES,394,342,-52,True
2025-12,2026-01,NPG23,SPAMEDICA DERBY,213,215,2,True
2025-12,2026-01,NPR01,ABOUT HEALTH HQ,1349,1522,173,True
2025-12,2026-01,NQH,NOVUS HEALTH LTD,1100,1003,-97,True
2025-12,2026-01,NQM01,ORTHOPAEDICS & SPINE SPECIALIST HOSPITAL SITE,157,165,8,True
2025-12,2026-01,NQT5K,ST MARTINS HOSPITAL,135,119,-16,True
2025-12,2026-01,NQX,PROVIDE ENTERPRISES,79,94,15,True
2025-12,2026-01,NR5,LIVEWELL SOUTHWEST,64,81,17,True
2025-12,2026-01,NRF,UNIVERSITY OF SOUTHAMPTON AUDITORY IMPLANT SERVICE,193,138,-55,True
2025-12,2026-01,NRL,HEART NETWORKS,859,981,122,True
2025-12,2026-01,NRP,BEACON MEDICAL SERVICES GROUP LIMITED,969,2999,2030,True
2025-12,2026-01,NT202,"NUFFIELD HEALTH, BOURNEMOUTH HOSPITAL",396,417,21,True
2025-12,2026-01,NT204,"NUFFIELD HEALTH, BRENTWOOD HOSPITAL",4,5,1,True
2025-12,2026-01,NT205,"NUFFIELD HEALTH, BRIGHTON HOSPITAL",762,869,107,True
2025-12,2026-01,NT206,"NUFFIELD HEALTH, BRISTOL HOSPITAL (CHESTERFIELD)",831,748,-83,True
2025-12,2026-01,NT209,"NUFFIELD HEALTH, CAMBRIDGE HOSPITAL",280,288,8,True
2025-12,2026-01,NT210,"NUFFIELD HEALTH, THE GROSVENOR HOSPITAL, CHESTER",580,493,-87,True
2025-12,2026-01,NT211,"NUFFIELD HEALTH, CHELTENHAM HOSPITAL",64,79,15,True
2025-12,2026-01,NT212,"NUFFIELD HEALTH, CHICHESTER HOSPITAL",624,549,-75,True
2025-12,2026-01,NT213,"NUFFIELD HEALTH, DERBY HOSPITAL",1047,1096,49,True
2025-12,2026-01,NT214,"NUFFIELD HEALTH, WESSEX HOSPITAL",587,574,-13,True
2025-12,2026-01,NT215,"NUFFIELD HEALTH, EXETER HOSPITAL",466,468,2,True
2025-12,2026-01,NT216,"NUFFIELD HEALTH, GUILDFORD HOSPITAL",164,402,238,True
2025-12,2026-01,NT218,"NUFFIELD HEALTH, HAYWARDS HEATH HOSPITAL",432,455,23,True
2025-12,2026-01,NT219,"NUFFIELD HEALTH, HEREFORD HOSPITAL",401,408,7,True
2025-12,2026-01,NT224,"NUFFIELD HEALTH, WARWICKSHIRE HOSPITAL",472,449,-23,True
2025-12,2026-01,NT226,"NUFFIELD HEALTH, LEICESTER HOSPITAL",374,436,62,True
2025-12,2026-01,NT229,"NUFFIELD HEALTH, NEWCASTLE UPON TYNE HOSPITAL",580,554,-26,True
2025-12,2026-01,NT230,"NUFFIELD HEALTH, NORTH STAFFORDSHIRE HOSPITAL",1097,1076,-21,True
2025-12,2026-01,NT233,"NUFFIELD HEALTH, PLYMOUTH HOSPITAL",1060,950,-110,True
2025-12,2026-01,NT235,"NUFFIELD HEALTH, SHREWSBURY HOSPITAL",597,567,-30,True
2025-12,2026-01,NT237,"NUFFIELD HEALTH, TEES HOSPITAL",1368,1424,56,True
2025-12,2026-01,NT238,"NUFFIELD HEALTH, TAUNTON HOSPITAL",464,472,8,True
2025-12,2026-01,NT239,"NUFFIELD HEALTH, TUNBRIDGE WELLS HOSPITAL",135,135,0,True
2025-12,2026-01,NT241,"NUFFIELD HEALTH, WOKING HOSPITAL",287,244,-43,True
2025-12,2026-01,NT242,"NUFFIELD HEALTH, WOLVERHAMPTON HOSPITAL",665,645,-20,True
2025-12,2026-01,NT244,NUFFIELD HOSPITAL OXFORD (THE MANOR),102,93,-9,True
2025-12,2026-01,NT245,"NUFFIELD HEALTH, YORK HOSPITAL",1079,1094,15,True
2025-12,2026-01,NT301,SPIRE SOUTH BANK HOSPITAL,961,951,-10,True
2025-12,2026-01,NT302,SPIRE BRISTOL HOSPITAL,798,818,20,True
2025-12,2026-01,NT304,SPIRE SOUTHAMPTON HOSPITAL,379,367,-12,True
2025-12,2026-01,NT305,SPIRE PORTSMOUTH HOSPITAL,447,457,10,True
2025-12,2026-01,NT308,SPIRE GATWICK PARK HOSPITAL,1209,1140,-69,True
2025-12,2026-01,NT30A,SPIRE NOTTINGHAM HOSPITAL,780,774,-6,True
2025-12,2026-01,NT312,SPIRE ALEXANDRA HOSPITAL,1404,1155,-249,True
2025-12,2026-01,NT313,SPIRE WELLESLEY HOSPITAL,1011,1313,302,True
2025-12,2026-01,NT314,SPIRE LONDON EAST,3019,2761,-258,True
2025-12,2026-01,NT315,SPIRE BUSHEY HOSPITAL,1131,1232,101,True
2025-12,2026-01,NT316,SPIRE HARPENDEN HOSPITAL,462,616,154,True
2025-12,2026-01,NT317,SPIRE CAMBRIDGE LEA HOSPITAL,275,209,-66,True
2025-12,2026-01,NT318,SPIRE NORWICH HOSPITAL,441,542,101,True
2025-12,2026-01,NT319,SPIRE HARTSWOOD HOSPITAL,1094,1270,176,True
2025-12,2026-01,NT320,SPIRE PARKWAY HOSPITAL,1383,1373,-10,True
2025-12,2026-01,NT321,SPIRE LITTLE ASTON HOSPITAL,1215,1342,127,True
2025-12,2026-01,NT322,SPIRE LEICESTER HOSPITAL,1177,1115,-62,True
2025-12,2026-01,NT324,SPIRE CHESHIRE HOSPITAL,1492,1369,-123,True
2025-12,2026-01,NT325,SPIRE MURRAYFIELD HOSPITAL,771,830,59,True
2025-12,2026-01,NT327,SPIRE MANCHESTER HOSPITAL,1174,1113,-61,True
2025-12,2026-01,NT332,SPIRE LEEDS HOSPITAL,1091,984,-107,True
2025-12,2026-01,NT333,SPIRE WASHINGTON HOSPITAL,1506,1592,86,True
2025-12,2026-01,NT337,SPIRE LIVERPOOL HOSPITAL,3455,3373,-82,True
2025-12,2026-01,NT339,SPIRE REGENCY HOSPITAL,1830,1820,-10,True
2025-12,2026-01,NT343,SPIRE THAMES VALLEY HOSPITAL,415,379,-36,True
2025-12,2026-01,NT344,SPIRE DUNEDIN HOSPITAL,293,297,4,True
2025-12,2026-01,NT345,SPIRE CLARE PARK HOSPITAL,396,368,-28,True
2025-12,2026-01,NT347,SPIRE FYLDE COAST HOSPITAL,4262,4631,369,True
2025-12,2026-01,NT348,SPIRE ELLAND HOSPITAL,1584,1553,-31,True
2025-12,2026-01,NT350,SPIRE METHLEY PARK HOSPITAL,953,941,-12,True
2025-12,2026-01,NT351,SPIRE HULL AND EAST RIDING HOSPITAL,2554,2717,163,True
2025-12,2026-01,NT364,SPIRE MONTEFIORE HOSPITAL,808,797,-11,True
2025-12,2026-01,NT3X3,SPIRE ST ANTHONY'S HOSPITAL,730,872,142,True
2025-12,2026-01,NT401,ALEXANDRA HOSPITAL,1037,1004,-33,True
2025-12,2026-01,NT402,BATH CLINIC,784,761,-23,True
2025-12,2026-01,NT403,BEARDWOOD HOSPITAL,2257,2415,158,True
2025-12,2026-01,NT404,BEAUMONT HOSPITAL,2938,2944,6,True
2025-12,2026-01,NT405,BISHOPS WOOD HOSPITAL,627,621,-6,True
2025-12,2026-01,NT406,BLACKHEATH HOSPITAL,1575,1572,-3,True
2025-12,2026-01,NT408,CHAUCER HOSPITAL,915,933,18,True
2025-12,2026-01,NT409,CHELSFIELD PARK HOSPITAL,874,800,-74,True
2025-12,2026-01,NT410,CHILTERN HOSPITAL,498,455,-43,True
2025-12,2026-01,NT411,CLEMENTINE CHURCHILL HOSPITAL,1842,1908,66,True
2025-12,2026-01,NT412,DROITWICH SPA HOSPITAL,1862,1997,135,True
2025-12,2026-01,NT416,HENDON HOSPITAL,1163,1178,15,True
2025-12,2026-01,NT417,GORING HALL HOSPITAL,946,915,-31,True
2025-12,2026-01,NT418,HAMPSHIRE CLINIC,342,336,-6,True
2025-12,2026-01,NT419,HARBOUR HOSPITAL,155,147,-8,True
2025-12,2026-01,NT420,HIGHFIELD HOSPITAL,944,901,-43,True
2025-12,2026-01,NT421,KINGS OAK HOSPITAL,1163,1151,-12,True
2025-12,2026-01,NT422,LONDON INDEPENDENT HOSPITAL,3988,3916,-72,True
2025-12,2026-01,NT423,MANOR HOSPITAL,675,601,-74,True
2025-12,2026-01,NT424,MERIDEN HOSPITAL,1691,1741,50,True
2025-12,2026-01,NT427,PARK HOSPITAL,1758,1740,-18,True
2025-12,2026-01,NT428,PRINCESS MARGARET HOSPITAL,73,70,-3,True
2025-12,2026-01,NT429,PRIORY HOSPITAL,364,503,139,True
2025-12,2026-01,NT430,RIDGEWAY HOSPITAL,339,343,4,True
2025-12,2026-01,NT431,RUNNYMEDE HOSPITAL,154,153,-1,True
2025-12,2026-01,NT433,SARUM ROAD HOSPITAL,375,370,-5,True
2025-12,2026-01,NT434,SAXON CLINIC,690,721,31,True
2025-12,2026-01,NT435,SHELBURNE HOSPITAL,181,199,18,True
2025-12,2026-01,NT436,SHIRLEY OAKS HOSPITAL,919,883,-36,True
2025-12,2026-01,NT437,SLOANE HOSPITAL,878,815,-63,True
2025-12,2026-01,NT440,THORNBURY HOSPITAL,583,631,48,True
2025-12,2026-01,NT441,THREE SHIRES HOSPITAL,3612,3467,-145,True
2025-12,2026-01,NT443,WINTERBOURNE HOSPITAL,358,383,25,True
2025-12,2026-01,NT445,EDGBASTON HOSPITAL,1,1,0,True
2025-12,2026-01,NT446,ST EDMUNDS HOSPITAL,599,571,-28,True
2025-12,2026-01,NT447,DUCHY HOSPITAL,295,286,-9,True
2025-12,2026-01,NT448,HUDDERSFIELD PRIVATE HOSPITAL,772,787,15,True
2025-12,2026-01,NT449,LANCASTER PRIVATE HOSPITAL,302,291,-11,True
2025-12,2026-01,NT450,LINCOLN PRIVATE HOSPITAL,1263,1226,-37,True
2025-12,2026-01,NT451,CAVELL HOSPITAL,1284,1220,-64,True
2025-12,2026-01,NT455,MOUNT ALVERNIA HOSPITAL,261,251,-10,True
2025-12,2026-01,NT457,WOODLANDS HOSPITAL,2376,2403,27,True
2025-12,2026-01,NT490,SOUTHEND PRIVATE HOSPITAL,1476,1433,-43,True
2025-12,2026-01,NTE02,ST HUGH'S HOSPITAL,2026,1998,-28,True
2025-12,2026-01,NTP11,PRACTICE PLUS GROUP HOSPITAL - SOUTHAMPTON,8095,8984,889,True
2025-12,2026-01,NTP13,PRACTICE PLUS GROUP HOSPITAL - BARLBOROUGH,1978,1959,-19,True
2025-12,2026-01,NTP15,PRACTICE PLUS GROUP HOSPITAL - ILFORD,5471,5032,-439,True
2025-12,2026-01,NTP16,PRACTICE PLUS GROUP SURGICAL CENTRE - GILLINGHAM,1059,979,-80,True
2025-12,2026-01,NTPAD,PRACTICE PLUS GROUP SURGICAL CENTRE - ST MARYS PORTSMOUTH,2055,2070,15,True
2025-12,2026-01,NTPAE,PRACTICE PLUS GROUP OPHTHALMOLOGY - NORTH WEST,2323,2164,-159,True
2025-12,2026-01,NTPH1,PRACTICE PLUS GROUP HOSPITAL - SHEPTON MALLET,3039,2934,-105,True
2025-12,2026-01,NTPH2,PRACTICE PLUS GROUP HOSPITAL - EMERSONS GREEN,4523,4975,452,True
2025-12,2026-01,NTPH3,PRACTICE PLUS GROUP SURGICAL CENTRE - DEVIZES,2584,2831,247,True
2025-12,2026-01,NTPH5,PRACTICE PLUS GROUP HOSPITAL - PLYMOUTH,1846,1774,-72,True
2025-12,2026-01,NTX,THE ONE HEALTH GROUP PLC,5373,5398,25,True
2025-12,2026-01,NV1,INHEALTH LIMITED,739,780,41,True
2025-12,2026-01,NVC01,ASHTEAD HOSPITAL,1084,938,-146,True
2025-12,2026-01,NVC02,THE BERKSHIRE INDEPENDENT HOSPITAL,1133,1006,-127,True
2025-12,2026-01,NVC04,DUCHY HOSPITAL,2126,1783,-343,True
2025-12,2026-01,NVC05,EUXTON HALL HOSPITAL,3071,3245,174,True
2025-12,2026-01,NVC06,FITZWILLIAM HOSPITAL,6240,6469,229,True
2025-12,2026-01,NVC07,FULWOOD HALL HOSPITAL,4333,4190,-143,True
2025-12,2026-01,NVC08,MOUNT STUART HOSPITAL,2217,2392,175,True
2025-12,2026-01,NVC09,NEW HALL HOSPITAL,3315,3313,-2,True
2025-12,2026-01,NVC0I,BEACON PARK HOSPITAL,1103,1132,29,True
2025-12,2026-01,NVC0R,TEES VALLEY HOSPITAL,4726,4292,-434,True
2025-12,2026-01,NVC0Y,EXETER MEDICAL,221,245,24,True
2025-12,2026-01,NVC11,NORTH DOWNS HOSPITAL,1569,1559,-10,True
2025-12,2026-01,NVC12,OAKLANDS HOSPITAL,4258,4256,-2,True
2025-12,2026-01,NVC13,OAKS HOSPITAL,913,990,77,True
2025-12,2026-01,NVC14,PARK HILL HOSPITAL,738,733,-5,True
2025-12,2026-01,NVC15,PINEHILL HOSPITAL,1599,1607,8,True
2025-12,2026-01,NVC16,RENACRES HOSPITAL,4912,5128,216,True
2025-12,2026-01,NVC17,ROWLEY HALL HOSPITAL,2580,2575,-5,True
2025-12,2026-01,NVC18,SPRINGFIELD HOSPITAL,5196,5105,-91,True
2025-12,2026-01,NVC19,RIVERS HOSPITAL,4396,4396,0,True
2025-12,2026-01,NVC1H,STOURSIDE HOSPITAL,3445,3405,-40,True
2025-12,2026-01,NVC20,THE YORKSHIRE CLINIC,6988,7063,75,True
2025-12,2026-01,NVC21,WEST MIDLANDS HOSPITAL,512,508,-4,True
2025-12,2026-01,NVC22,WINFIELD HOSPITAL,1245,1196,-49,True
2025-12,2026-01,NVC23,WOODLAND HOSPITAL,5097,5121,24,True
2025-12,2026-01,NVC25,THE CHERWELL HOSPITAL,2190,2132,-58,True
2025-12,2026-01,NVC27,BOSTON WEST HOSPITAL,2341,2421,80,True
2025-12,2026-01,NVC28,CLIFTON PARK HOSPITAL,1778,1598,-180,True
2025-12,2026-01,NVC29,COBALT HOSPITAL,1652,1721,69,True
2025-12,2026-01,NVC31,BLAKELANDS HOSPITAL,2392,2286,-106,True
2025-12,2026-01,NVC40,WOODTHORPE HOSPITAL,3961,3866,-95,True
2025-12,2026-01,NVC44,THE WESTBOURNE CENTRE,3443,3504,61,True
2025-12,2026-01,NVM,EPSOMEDICAL GROUP,3183,3126,-57,True
2025-12,2026-01,NWF01,BENENDEN HOSPITAL,1491,1507,16,True
2025-12,2026-01,NWV01,COHESE HEALTHCARE,689,827,138,True
2025-12,2026-01,NX501,ANGLIA COMMUNITY EYE SERVICE LTD,2059,479,-1580,True
2025-12,2026-01,NX504,ANGLIA COMMUNITY EYE SERVICES FAKENHAM,22,169,147,True
2025-12,2026-01,NX507,ANGLIA COMMUNITY EYE SERVICE - THETFORD HEALTHY LIVING CENTRE,20,144,124,True
2025-12,2026-01,NXM01,THE HORDER CENTRE - ST JOHNS ROAD,1342,1401,59,True
2025-12,2026-01,NXP,INDEPENDENT HEALTH GROUP,931,966,35,True
2025-12,2026-01,NYG,SUSSEX COMMUNITY DERMATOLOGY SERVICE,16123,15436,-687,True
2025-12,2026-01,NYR,CORA HEALTH DIAGNOSTICS (FORMERLY HEALTHSHARE DIAGNOSTICS),2479,2351,-128,True
2025-12,2026-01,O1B1P,ACES PLYMOUTH,0,1,1,False
2025-12,2026-01,O1P6X,SPAMEDICA OLDHAM,483,486,3,True
2025-12,2026-01,O5Y9D,SPAMEDICA OXFORD,270,194,-76,True
2025-12,2026-01,O6X7Z,SPAMEDICA CAMBRIDGE,298,373,75,True
2025-12,2026-01,O9Q4E,ANGLIA COMMUNITY EYE SERVICE - PETERBOROUGH,54,416,362,True
2025-12,2026-01,P0C3F,SPAMEDICA LEEDS,255,261,6,True
2025-12,2026-01,P1B7M,SPAMEDICA BRISTOL,109,112,3,True
2025-12,2026-01,P1G3N,ACES LEEDS WHITE ROSE,0,4,4,False
2025-12,2026-01,P5Y6K,NEWMEDICA - SHREWSBURY,578,510,-68,True
2025-12,2026-01,Q1W6P,SPAMEDICA WATFORD,288,289,1,True
2025-12,2026-01,Q2Y5H,OVIVA UK LTD,9849,9569,-280,True
2025-12,2026-01,Q4W9A,ACES SOUTHAMPTON,1,21,20,True
2025-12,2026-01,Q8X0X,SPAMEDICA ISLE OF WIGHT COMMUNITY DIAGNOSTIC & TREATMENT CENTRE,17,16,-1,True
2025-12,2026-01,R0A,MANCHESTER UNIVERSITY NHS FOUNDATION TRUST,178093,174556,-3537,True
2025-12,2026-01,R0B,SOUTH TYNESIDE AND SUNDERLAND NHS FOUNDATION TRUST,57545,57255,-290,True
2025-12,2026-01,R0D,UNIVERSITY HOSPITALS DORSET NHS FOUNDATION TRUST,63312,65934,2622,True
2025-12,2026-01,R0F4N,NUFFIELD HEALTH PARKSIDE HOSPITAL,503,359,-144,True
2025-12,2026-01,R1A,HEREFORDSHIRE AND WORCESTERSHIRE HEALTH AND CARE NHS TRUST,71,53,-18,True
2025-12,2026-01,R1D,SHROPSHIRE COMMUNITY HEALTH NHS TRUST,7575,7598,23,True
2025-12,2026-01,R1F,ISLE OF WIGHT NHS TRUST,14136,13863,-273,True
2025-12,2026-01,R1G7E,SPAMEDICA KENDAL,358,238,-120,True
2025-12,2026-01,R1H,BARTS HEALTH NHS TRUST,132390,132010,-380,True
2025-12,2026-01,R1K,LONDON NORTH WEST UNIVERSITY HEALTHCARE NHS TRUST,82715,82810,95,True
2025-12,2026-01,R5J3Z,BORDER HEALTH ALLIANCE LIMITED,467,494,27,True
2025-12,2026-01,R6X7C,SPAMEDICA MACCLESFIELD COMMUNITY DIAGNOSTIC & TREATMENT CENTRE,1,11,10,True
2025-12,2026-01,R7W2O,NEWCASTLE NEWMEDICA LTD,944,894,-50,True
2025-12,2026-01,RA2,ROYAL SURREY NHS FOUNDATION TRUST,29485,29568,83,True
2025-12,2026-01,RA7,UNIVERSITY HOSPITALS BRISTOL AND WESTON NHS FOUNDATION TRUST,50401,50188,-213,True
2025-12,2026-01,RA9,TORBAY AND SOUTH DEVON NHS FOUNDATION TRUST,32816,33051,235,True
2025-12,2026-01,RAE,BRADFORD TEACHING HOSPITALS NHS FOUNDATION TRUST,31932,31608,-324,True
2025-12,2026-01,RAJ,MID AND SOUTH ESSEX NHS FOUNDATION TRUST,179048,176540,-2508,True
2025-12,2026-01,RAL,ROYAL FREE LONDON NHS FOUNDATION TRUST,138633,140160,1527,True
2025-12,2026-01,RAN,ROYAL NATIONAL ORTHOPAEDIC HOSPITAL NHS TRUST,9539,9142,-397,True
2025-12,2026-01,RAS,THE HILLINGDON HOSPITALS NHS FOUNDATION TRUST,34337,33451,-886,True
2025-12,2026-01,RAX,KINGSTON AND RICHMOND NHS FOUNDATION TRUST,45475,44946,-529,True
2025-12,2026-01,RBD,DORSET COUNTY HOSPITAL NHS FOUNDATION TRUST,20834,21205,371,True
2025-12,2026-01,RBK,WALSALL HEALTHCARE NHS TRUST,30295,29571,-724,True
2025-12,2026-01,RBL,WIRRAL UNIVERSITY TEACHING HOSPITAL NHS FOUNDATION TRUST,47125,46478,-647,True
2025-12,2026-01,RBN,MERSEY AND WEST LANCASHIRE TEACHING HOSPITALS NHS TRUST,73780,72747,-1033,True
2025-12,2026-01,RBQ,LIVERPOOL HEART AND CHEST HOSPITAL NHS FOUNDATION TRUST,4909,5052,143,True
2025-12,2026-01,RBS,ALDER HEY CHILDREN'S NHS FOUNDATION TRUST,16723,16535,-188,True
2025-12,2026-01,RBT,MID CHESHIRE HOSPITALS NHS FOUNDATION TRUST,39570,37395,-2175,True
2025-12,2026-01,RBV,THE CHRISTIE NHS FOUNDATION TRUST,3266,3437,171,True
2025-12,2026-01,RC9,BEDFORDSHIRE HOSPITALS NHS FOUNDATION TRUST,85409,86207,798,True
2025-12,2026-01,RCB,YORK AND SCARBOROUGH TEACHING HOSPITALS NHS FOUNDATION TRUST,57969,56768,-1201,True
2025-12,2026-01,RCD,HARROGATE AND DISTRICT NHS FOUNDATION TRUST,18877,19336,459,True
2025-12,2026-01,RCF,AIREDALE NHS FOUNDATION TRUST,14336,14438,102,True
2025-12,2026-01,RCU,SHEFFIELD CHILDREN'S NHS FOUNDATION TRUST,11646,11426,-220,True
2025-12,2026-01,RCX,"THE QUEEN ELIZABETH HOSPITAL, KING'S LYNN, NHS FOUNDATION TRUST",26281,26144,-137,True
2025-12,2026-01,RD1,ROYAL UNITED HOSPITALS BATH NHS FOUNDATION TRUST,40110,40133,23,True
2025-12,2026-01,RD8,MILTON KEYNES UNIVERSITY HOSPITAL NHS FOUNDATION TRUST,35020,34751,-269,True
2025-12,2026-01,RDE,EAST SUFFOLK AND NORTH ESSEX NHS FOUNDATION TRUST,92703,90776,-1927,True
2025-12,2026-01,RDR,SUSSEX COMMUNITY NHS FOUNDATION TRUST,13993,14410,417,True
2025-12,2026-01,RDU,FRIMLEY HEALTH NHS FOUNDATION TRUST,67355,66825,-530,True
2025-12,2026-01,REF,ROYAL CORNWALL HOSPITALS NHS TRUST,41187,40916,-271,True
2025-12,2026-01,REM,LIVERPOOL UNIVERSITY HOSPITALS NHS FOUNDATION TRUST,63006,63111,105,True
2025-12,2026-01,REN,THE CLATTERBRIDGE CANCER CENTRE NHS FOUNDATION TRUST,860,965,105,True
2025-12,2026-01,REP,LIVERPOOL WOMEN'S NHS FOUNDATION TRUST,14129,13458,-671,True
2025-12,2026-01,RET,THE WALTON CENTRE NHS FOUNDATION TRUST,13876,13091,-785,True
2025-12,2026-01,RF4,"BARKING, HAVERING AND REDBRIDGE UNIVERSITY HOSPITALS NHS TRUST",68913,69334,421,True
2025-12,2026-01,RFF,BARNSLEY HOSPITAL NHS FOUNDATION TRUST,22959,22143,-816,True
2025-12,2026-01,RFR,THE ROTHERHAM NHS FOUNDATION TRUST,30281,29661,-620,True
2025-12,2026-01,RFS,CHESTERFIELD ROYAL HOSPITAL NHS FOUNDATION TRUST,28841,28292,-549,True
2025-12,2026-01,RGM,ROYAL PAPWORTH HOSPITAL NHS FOUNDATION TRUST,5523,5335,-188,True
2025-12,2026-01,RGN,NORTH WEST ANGLIA NHS FOUNDATION TRUST,78866,78406,-460,True
2025-12,2026-01,RGP,JAMES PAGET UNIVERSITY HOSPITALS NHS FOUNDATION TRUST,33930,33378,-552,True
2025-12,2026-01,RGR,WEST SUFFOLK NHS FOUNDATION TRUST,32541,31923,-618,True
2025-12,2026-01,RGT,CAMBRIDGE UNIVERSITY HOSPITALS NHS FOUNDATION TRUST,64282,62482,-1800,True
2025-12,2026-01,RH5,SOMERSET NHS FOUNDATION TRUST,53768,53128,-640,True
2025-12,2026-01,RH8,ROYAL DEVON UNIVERSITY HEALTHCARE NHS FOUNDATION TRUST,72323,73169,846,True
2025-12,2026-01,RHM,UNIVERSITY HOSPITAL SOUTHAMPTON NHS FOUNDATION TRUST,63510,62670,-840,True
2025-12,2026-01,RHU,PORTSMOUTH HOSPITALS UNIVERSITY NHS TRUST,56821,56761,-60,True
2025-12,2026-01,RHW,ROYAL BERKSHIRE NHS FOUNDATION TRUST,34236,34560,324,True
2025-12,2026-01,RJ1,GUY'S AND ST THOMAS' NHS FOUNDATION TRUST,108304,107591,-713,True
2025-12,2026-01,RJ2,LEWISHAM AND GREENWICH NHS TRUST,55919,56367,448,True
2025-12,2026-01,RJ6,CROYDON HEALTH SERVICES NHS TRUST,36007,36235,228,True
2025-12,2026-01,RJ7,ST GEORGE'S UNIVERSITY HOSPITALS NHS FOUNDATION TRUST,68653,68034,-619,True
2025-12,2026-01,RJ8,CORNWALL PARTNERSHIP NHS FOUNDATION TRUST,663,664,1,True
2025-12,2026-01,RJC,SOUTH WARWICKSHIRE UNIVERSITY NHS FOUNDATION TRUST,30888,30329,-559,True
2025-12,2026-01,RJE,UNIVERSITY HOSPITALS OF NORTH MIDLANDS NHS TRUST,64590,65375,785,True
2025-12,2026-01,RJL,NORTHERN LINCOLNSHIRE AND GOOLE NHS FOUNDATION TRUST,39294,39644,350,True
2025-12,2026-01,RJN,EAST CHESHIRE NHS TRUST,19151,19788,637,True
2025-12,2026-01,RJR,COUNTESS OF CHESTER HOSPITAL NHS FOUNDATION TRUST,30658,29823,-835,True
2025-12,2026-01,RJZ,KING'S COLLEGE HOSPITAL NHS FOUNDATION TRUST,88008,83931,-4077,True
2025-12,2026-01,RK5,SHERWOOD FOREST HOSPITALS NHS FOUNDATION TRUST,35975,35671,-304,True
2025-12,2026-01,RK9,UNIVERSITY HOSPITALS PLYMOUTH NHS TRUST,48113,47943,-170,True
2025-12,2026-01,RKB,UNIVERSITY HOSPITALS COVENTRY AND WARWICKSHIRE NHS TRUST,69717,69698,-19,True
2025-12,2026-01,RKE,WHITTINGTON HEALTH NHS TRUST,28783,27921,-862,True
2025-12,2026-01,RL1,THE ROBERT JONES AND AGNES HUNT ORTHOPAEDIC HOSPITAL NHS FOUNDATION TRUST,16488,16447,-41,True
2025-12,2026-01,RL4,THE ROYAL WOLVERHAMPTON NHS TRUST,75564,78829,3265,True
2025-12,2026-01,RLQ,WYE VALLEY NHS TRUST,21753,21423,-330,True
2025-12,2026-01,RLT,GEORGE ELIOT HOSPITAL NHS TRUST,19697,20287,590,True
2025-12,2026-01,RM1,NORFOLK AND NORWICH UNIVERSITY HOSPITALS NHS FOUNDATION TRUST,76301,68949,-7352,True
2025-12,2026-01,RM3,NORTHERN CARE ALLIANCE NHS FOUNDATION TRUST,135354,134110,-1244,True
2025-12,2026-01,RMC,BOLTON NHS FOUNDATION TRUST,37532,38836,1304,True
2025-12,2026-01,RMP,TAMESIDE AND GLOSSOP INTEGRATED CARE NHS FOUNDATION TRUST,16808,16984,176,True
2025-12,2026-01,RN3,GREAT WESTERN HOSPITALS NHS FOUNDATION TRUST,42823,43940,1117,True
2025-12,2026-01,RN5,HAMPSHIRE HOSPITALS NHS FOUNDATION TRUST,50471,50752,281,True
2025-12,2026-01,RN7,DARTFORD AND GRAVESHAM NHS TRUST,31775,30886,-889,True
2025-12,2026-01,RNA,THE DUDLEY GROUP NHS FOUNDATION TRUST,46881,46677,-204,True
2025-12,2026-01,RNN,NORTH CUMBRIA INTEGRATED CARE NHS FOUNDATION TRUST,38900,38515,-385,True
2025-12,2026-01,RNQ,KETTERING GENERAL HOSPITAL NHS FOUNDATION TRUST,25745,24589,-1156,True
2025-12,2026-01,RNS,NORTHAMPTON GENERAL HOSPITAL NHS TRUST,43335,42778,-557,True
2025-12,2026-01,RNZ,SALISBURY NHS FOUNDATION TRUST,28939,29340,401,True
2025-12,2026-01,RP4,GREAT ORMOND STREET HOSPITAL FOR CHILDREN NHS FOUNDATION TRUST,8052,8250,198,True
2025-12,2026-01,RP5,DONCASTER AND BASSETLAW TEACHING HOSPITALS NHS FOUNDATION TRUST,53267,51969,-1298,True
2025-12,2026-01,RP6,MOORFIELDS EYE HOSPITAL NHS FOUNDATION TRUST,34792,34110,-682,True
2025-12,2026-01,RP7,LINCOLNSHIRE PARTNERSHIP NHS FOUNDATION TRUST,36,18,-18,True
2025-12,2026-01,RPA,MEDWAY NHS FOUNDATION TRUST,36918,35317,-1601,True
2025-12,2026-01,RPC,QUEEN VICTORIA HOSPITAL NHS FOUNDATION TRUST,20177,19906,-271,True
2025-12,2026-01,RPG,OXLEAS NHS FOUNDATION TRUST,2010,2663,653,True
2025-12,2026-01,RPY,THE ROYAL MARSDEN NHS FOUNDATION TRUST,1869,1907,38,True
2025-12,2026-01,RQ3,BIRMINGHAM WOMEN'S AND CHILDREN'S NHS FOUNDATION TRUST,22164,21272,-892,True
2025-12,2026-01,RQM,CHELSEA AND WESTMINSTER HOSPITAL NHS FOUNDATION TRUST,73361,74107,746,True
2025-12,2026-01,RQW,THE PRINCESS ALEXANDRA HOSPITAL NHS TRUST,40006,40165,159,True
2025-12,2026-01,RQX,HOMERTON HEALTHCARE NHS FOUNDATION TRUST,24914,24474,-440,True
2025-12,2026-01,RR7,GATESHEAD HEALTH NHS FOUNDATION TRUST,12521,12578,57,True
2025-12,2026-01,RR8,LEEDS TEACHING HOSPITALS NHS TRUST,85957,86894,937,True
2025-12,2026-01,RRE,MIDLANDS PARTNERSHIP UNIVERSITY NHS FOUNDATION TRUST,7976,8291,315,True
2025-12,2026-01,RRF,"WRIGHTINGTON, WIGAN AND LEIGH TEACHING HOSPITALS NHS FOUNDATION TRUST",46450,45540,-910,True
2025-12,2026-01,RRJ,THE ROYAL ORTHOPAEDIC HOSPITAL NHS FOUNDATION TRUST,13177,12989,-188,True
2025-12,2026-01,RRK,UNIVERSITY HOSPITALS BIRMINGHAM NHS FOUNDATION TRUST,94912,93085,-1827,True
2025-12,2026-01,RRV,UNIVERSITY COLLEGE LONDON HOSPITALS NHS FOUNDATION TRUST,74383,75679,1296,True
2025-12,2026-01,RT1,CAMBRIDGESHIRE AND PETERBOROUGH NHS FOUNDATION TRUST,301,320,19,True
2025-12,2026-01,RTD,THE NEWCASTLE UPON TYNE HOSPITALS NHS FOUNDATION TRUST,85420,83779,-1641,True
2025-12,2026-01,RTE,GLOUCESTERSHIRE HOSPITALS NHS FOUNDATION TRUST,62157,62862,705,True
2025-12,2026-01,RTF,NORTHUMBRIA HEALTHCARE NHS FOUNDATION TRUST,35295,35729,434,True
2025-12,2026-01,RTG,UNIVERSITY HOSPITALS OF DERBY AND BURTON NHS FOUNDATION TRUST,96824,97678,854,True
2025-12,2026-01,RTH,OXFORD UNIVERSITY HOSPITALS NHS FOUNDATION TRUST,83675,85010,1335,True
2025-12,2026-01,RTK,ASHFORD AND ST PETER'S HOSPITALS NHS FOUNDATION TRUST,51307,50616,-691,True
2025-12,2026-01,RTP,SURREY AND SUSSEX HEALTHCARE NHS TRUST,46861,46773,-88,True
2025-12,2026-01,RTR,SOUTH TEES HOSPITALS NHS FOUNDATION TRUST,55586,55924,338,True
2025-12,2026-01,RTX,UNIVERSITY HOSPITALS OF MORECAMBE BAY NHS FOUNDATION TRUST,35368,35369,1,True
2025-12,2026-01,RVJ,NORTH BRISTOL NHS TRUST,42811,41939,-872,True
2025-12,2026-01,RVR,EPSOM AND ST HELIER UNIVERSITY HOSPITALS NHS TRUST,58715,60059,1344,True
2025-12,2026-01,RVV,EAST KENT HOSPITALS UNIVERSITY NHS FOUNDATION TRUST,75948,75193,-755,True
2025-12,2026-01,RVW,NORTH TEES AND HARTLEPOOL NHS FOUNDATION TRUST,22059,21898,-161,True
2025-12,2026-01,RW1,HAMPSHIRE AND ISLE OF WIGHT HEALTHCARE NHS FOUNDATION TRUST,4167,4170,3,True
2025-12,2026-01,RW4,MERSEY CARE NHS FOUNDATION TRUST,40,52,12,True
2025-12,2026-01,RW5,LANCASHIRE & SOUTH CUMBRIA NHS FOUNDATION TRUST,3450,3592,142,True
2025-12,2026-01,RWA,HULL UNIVERSITY TEACHING HOSPITALS NHS TRUST,81643,81337,-306,True
2025-12,2026-01,RWD,UNITED LINCOLNSHIRE TEACHING HOSPITALS NHS TRUST,66860,67360,500,True
2025-12,2026-01,RWE,UNIVERSITY HOSPITALS OF LEICESTER NHS TRUST,107758,105809,-1949,True
2025-12,2026-01,RWF,MAIDSTONE AND TUNBRIDGE WELLS NHS TRUST,49441,49523,82,True
2025-12,2026-01,RWG,WEST HERTFORDSHIRE TEACHING HOSPITALS NHS TRUST,45770,45066,-704,True
2025-12,2026-01,RWH,EAST AND NORTH HERTFORDSHIRE TEACHING NHS TRUST,53611,53111,-500,True
2025-12,2026-01,RWJ,STOCKPORT NHS FOUNDATION TRUST,34556,34319,-237,True
2025-12,2026-01,RWP,WORCESTERSHIRE ACUTE HOSPITALS NHS TRUST,57454,56319,-1135,True
2025-12,2026-01,RWW,WARRINGTON AND HALTON TEACHING HOSPITALS NHS FOUNDATION TRUST,33167,33246,79,True
2025-12,2026-01,RWX,BERKSHIRE HEALTHCARE NHS FOUNDATION TRUST,107,102,-5,True
2025-12,2026-01,RWY,CALDERDALE AND HUDDERSFIELD NHS FOUNDATION TRUST,35268,35447,179,True
2025-12,2026-01,RX1,NOTTINGHAM UNIVERSITY HOSPITALS NHS TRUST,95019,92782,-2237,True
2025-12,2026-01,RX4,"CUMBRIA, NORTHUMBERLAND, TYNE AND WEAR NHS FOUNDATION TRUST",174,176,2,True
2025-12,2026-01,RXC,EAST SUSSEX HEALTHCARE NHS TRUST,61350,59716,-1634,True
2025-12,2026-01,RXF,MID YORKSHIRE TEACHING NHS TRUST,55665,54322,-1343,True
2025-12,2026-01,RXG,SOUTH WEST YORKSHIRE PARTNERSHIP NHS FOUNDATION TRUST,4396,4029,-367,True
2025-12,2026-01,RXK,SANDWELL AND WEST BIRMINGHAM HOSPITALS NHS TRUST,65725,64236,-1489,True
2025-12,2026-01,RXL,BLACKPOOL TEACHING HOSPITALS NHS FOUNDATION TRUST,42518,42257,-261,True
2025-12,2026-01,RXN,LANCASHIRE TEACHING HOSPITALS NHS FOUNDATION TRUST,64035,63320,-715,True
2025-12,2026-01,RXP,COUNTY DURHAM AND DARLINGTON NHS FOUNDATION TRUST,41432,42122,690,True
2025-12,2026-01,RXQ,BUCKINGHAMSHIRE HEALTHCARE NHS TRUST,47420,47010,-410,True
2025-12,2026-01,RXR,EAST LANCASHIRE HOSPITALS NHS TRUST,52670,51475,-1195,True
2025-12,2026-01,RXW,THE SHREWSBURY AND TELFORD HOSPITAL NHS TRUST,32790,33637,847,True
2025-12,2026-01,RYJ,IMPERIAL COLLEGE HEALTHCARE NHS TRUST,89718,88338,-1380,True
2025-12,2026-01,RYR,UNIVERSITY HOSPITALS SUSSEX NHS FOUNDATION TRUST,116302,116178,-124,True
2025-12,2026-01,RYW,BIRMINGHAM COMMUNITY HEALTHCARE NHS FOUNDATION TRUST,14916,15359,443,True
2025-12,2026-01,RYY,KENT COMMUNITY HEALTH NHS FOUNDATION TRUST,4001,3960,-41,True
2025-12,2026-01,S0L9O,ACES BIRMINGHAM,1,16,15,True
2025-12,2026-01,S1Z4X,NEWMEDICA - BIRMINGHAM,849,836,-13,True
2025-12,2026-01,S3H9L,THE HAMPTONS HOSPITAL LTD,1733,1669,-64,True
2025-12,2026-01,S4E3I,MIDLAND EYE (EYE-DOCS LTD),553,564,11,True
2025-12,2026-01,S5E5Y,HCRG CARE DERMATOLOGY THE IRONSTONE CENTRE,949,1027,78,True
2025-12,2026-01,S8O6A,ACES MANCHESTER TRAFFORD,0,4,4,False
2025-12,2026-01,T1I9W,ACES LINCOLN,0,3,3,False
2025-12,2026-01,T1T4S,ACES BRISTOL,15,61,46,True
2025-12,2026-01,T4I8V,SPAMEDICA CHESTERFIELD,128,161,33,True
2025-12,2026-01,T8R5I,SPAMEDICA WOKINGHAM,219,232,13,True
2025-12,2026-01,T8V3L,SPAMEDICA DONCASTER,204,167,-37,True
2025-12,2026-01,TAD,BRADFORD DISTRICT CARE NHS FOUNDATION TRUST,654,666,12,True
2025-12,2026-01,U0K8N,CES MEDICAL,98,88,-10,True
2025-12,2026-01,U1P4Z,ACES MILTON KEYNES,20,130,110,True
2025-12,2026-01,U6A5N,ACES CHISWICK,3,9,6,True
2025-12,2026-01,V3J9W,PASTEL HEALTH,51,49,-2,True
2025-12,2026-01,V4U1Y,SPAMEDICA CHESTER,193,204,11,True
2025-12,2026-01,V5F1D,SPAMEDICA TELFORD,393,373,-20,True
2025-12,2026-01,V8A3H,SPAMEDICA SHEFFIELD COMMUNITY DIAGNOSTIC & TREATMENT CENTRE,1,1,0,True
2025-12,2026-01,V8N5R,SPAMEDICA DALSTON,390,350,-40,True
2025-12,2026-01,W7J4C,ACES MANCHESTER,6,109,103,True
2025-12,2026-01,X0R3Y,ACES LEEDS KING STREET,0,22,22,False
2025-12,2026-01,X1M4L,ACES MAIDSTONE,0,3,3,False
2025-12,2026-01,X7M7U,ACES LAKESIDE,2,7,5,True
2025-12,2026-01,X7Y2H,ACES WILMSLOW,1,12,11,True
2025-12,2026-01,Y7W8F,ACES SOUTHAMPTON - EAST ST,1,7,6,True
2025-12,2026-01,Y8L9S,SPAMEDICA BROMLEY,419,324,-95,True
2025-12,2026-01,Y9S1N,FAIRFIELD INDEPENDENT HOSPITAL,2287,2097,-190,True
2025-12,2026-01,Z1E5F,NEWMEDICA - HARROGATE,247,222,-25,True
2025-12,2026-01,Z2L9B,NEWMEDICA - MANCHESTER WEST,377,379,2,True
2025-12,2026-01,Z4F8Y,ACES DARTFORD,59,293,234,True
2025-12,2026-01,Z5J5V,SPAMEDICA HAYDOCK,275,248,-27,True
2025-12,2026-01,Z9Z1G,SPAMEDICA GATESHEAD,331,338,7,True
2026-01,2026-02,A0C5S,SPAMEDICA GLOUCESTER,49,68,19,True
2026-01,2026-02,A1D1B,SPAMEDICA WEMBLEY,258,380,122,True
2026-01,2026-02,A1U4J,SPAMEDICA PORTSMOUTH,163,211,48,True
2026-01,2026-02,A4M8P,BUCKSHAW HOSPITAL,3030,2911,-119,True
2026-01,2026-02,A4Q9X,NEWMEDICA LEICESTER,802,877,75,True
2026-01,2026-02,A4Y8X,ACES NOTTINGHAM,33,37,4,True
2026-01,2026-02,A9P5F,ACES WHITE CITY,109,108,-1,True
2026-01,2026-02,AAH,TETBURY HOSPITAL TRUST LTD,313,306,-7,True
2026-01,2026-02,AAV,COMMUNITY HEALTH AND EYECARE LIMITED,5017,4915,-102,True
2026-01,2026-02,ACG08,NEWMEDICA OPHTHALMOLOGY - NUNEATON - CAMP HILL - GP LED HEALTH CENTRE,19,7,-12,True
2026-01,2026-02,ACG12,NEWMEDICA COMMUNITY OPHTHALMOLOGY - NORTH EAST LINCOLNSHIRE - GRIMSBY,1133,1097,-36,True
2026-01,2026-02,ACG13,NEWMEDICA - GLOUCESTER (ASPEN MEDICAL CENTRE),461,516,55,True
2026-01,2026-02,ACG19,NEWMEDICA COMMUNITY OPHTHALMOLOGY - LEEDS,700,713,13,True
2026-01,2026-02,ACG20,NEWMEDICA - BRISTOL - LITFIELD HOUSE,464,464,0,True
2026-01,2026-02,ACG22,NEWMEDICA - BRIGG - RIVERSIDE SURGERY,851,881,30,True
2026-01,2026-02,ACG24,NEWMEDICA - TEESSIDE - NORTH ORMESBY,1427,1413,-14,True
2026-01,2026-02,ACG26,NEWMEDICA - NORTH DERBYSHIRE - MIDLAND COURT,1219,1185,-34,True
2026-01,2026-02,ACG30,NEWMEDICA - WORKSOP - DUKERIES,163,129,-34,True
2026-01,2026-02,ACG31,NEWMEDICA - WORCESTER,686,678,-8,True
2026-01,2026-02,ACG36,NEWMEDICA - EXETER - GLEN HOUSE,427,399,-28,True
2026-01,2026-02,ACG37,NEWMEDICA - IPSWICH,1039,1110,71,True
2026-01,2026-02,ACG38,NEWMEDICA - LANGFORD,416,431,15,True
2026-01,2026-02,ACG39,NEWMEDICA - SWINDON,15,0,-15,False
2026-01,2026-02,ACG40,NEWMEDICA - WAKEFIELD,644,578,-66,True
2026-01,2026-02,ACM,EYE CARE MEDICAL LTD,6,13,7,True
2026-01,2026-02,ADP02,KIMS HOSPITAL (NEWNHAM COURT),1557,1464,-93,True
2026-01,2026-02,AHP,ST MICHAEL'S CLINIC LIMITED,1656,1723,67,True
2026-01,2026-02,AJ8,THE GRANGE MEDICAL CENTRE HQ,311,133,-178,True
2026-01,2026-02,AQK,VERNOVA HEALTHCARE COMMUNITY INTEREST COMPANY,269,271,2,True
2026-01,2026-02,AVQ01,ONE ASHFORD HOSPITAL,1098,986,-112,True
2026-01,2026-02,AVQ03,ONE HATFIELD HOSPITAL,384,447,63,True
2026-01,2026-02,AWR,ONE STOP DOCTORS LIMITED,394,440,46,True
2026-01,2026-02,AY1,MEDEFER,249,238,-11,True
2026-01,2026-02,B1A5K,NEWMEDICA - NOTTINGHAM,592,601,9,True
2026-01,2026-02,B3M1X,CLAREMONT PRIVATE HOSPITAL,2373,2596,223,True
2026-01,2026-02,B4N1U,SPAMEDICA ROMFORD,375,593,218,True
2026-01,2026-02,B5M7B,NEWMEDICA - NORWICH,1541,1530,-11,True
2026-01,2026-02,B9J4U,SPAMEDICA PETERBOROUGH,280,506,226,True
2026-01,2026-02,B9M3W,SPAMEDICA SOUTHAMPTON,414,514,100,True
2026-01,2026-02,C3Y0A,SPAMEDICA BLACKPOOL,180,147,-33,True
2026-01,2026-02,C5Y9L,NEWMEDICA - BERKSHIRE - BRACKNELL,107,124,17,True
2026-01,2026-02,C9A7J,NEWMEDICA - BRADFORD & HUDDERSFIELD,596,589,-7,True
2026-01,2026-02,D0V5X,NEWMEDICA - SWINDON MURDOCK ROAD,141,145,4,True
2026-01,2026-02,D1V5N,ACES BOLTON,1,1,0,True
2026-01,2026-02,D2L5T,ACES LIVERPOOL,62,67,5,True
2026-01,2026-02,D3O0Z,PLYMOUTH NEWMEDICA LTD,494,502,8,True
2026-01,2026-02,D5P5H,SPAMEDICA BEXHILL,241,243,2,True
2026-01,2026-02,DFQ,NORWICH & NORFOLK SURGICAL LTD (N2S),1128,1058,-70,True
2026-01,2026-02,DFY01,COTSWOLDS SURGICAL PARTNERS,217,278,61,True
2026-01,2026-02,DJH01,THE ROYAL BUCKINGHAMSHIRE HOSPITAL LTD,42,41,-1,True
2026-01,2026-02,DPK,THE STONEYGATE EYE HOSPITAL,539,641,102,True
2026-01,2026-02,DTT,PHOENIX PUBLIC HEALTH LTD,147,156,9,True
2026-01,2026-02,DX1,THE NEW FOSCOTE HOSPITAL LTD,331,302,-29,True
2026-01,2026-02,DXV,OMNES HEALTHCARE LTD,15169,11578,-3591,True
2026-01,2026-02,E1U4T,SPAMEDICA CARLISLE,489,600,111,True
2026-01,2026-02,E3D4A,SPAMEDICA TRURO,286,302,16,True
2026-01,2026-02,E6F9I,ACES BRADFORD,1,2,1,True
2026-01,2026-02,F0R0W,NEWMEDICA - DARLINGTON,61,76,15,True
2026-01,2026-02,F1Y1H,NEWMEDICA - CHESHIRE OAKS,557,623,66,True
2026-01,2026-02,F2C9F,ACES HARLEY STREET,3,3,0,True
2026-01,2026-02,F4B0R,SPAMEDICA GUILDFORD,10,14,4,True
2026-01,2026-02,F7B2B,ANGLIA COMMUNITY EYE SERVICE - BURY ST EDMUNDS,12,16,4,True
2026-01,2026-02,F7F6D,NEWMEDICA - HERTFORSHIRE - WELWYN GARDEN CITY,998,1001,3,True
2026-01,2026-02,F9Z4V,CIRCLE READING HOSPITAL,1772,1734,-38,True
2026-01,2026-02,G3O5P,SPAMEDICA NEWARK,428,570,142,True
2026-01,2026-02,G3Q3Z,NUFFIELD HEALTH HIGHGATE HOSPITAL,808,858,50,True
2026-01,2026-02,G3Z1Q,SULIS HOSPITAL BATH (FOXCOTE AVENUE),3648,3726,78,True
2026-01,2026-02,G4H0I,NEWMEDICA SUFFOLK - BURY ST EDMUNDS - CLARITY HOUSE,613,626,13,True
2026-01,2026-02,G5X2Q,SPAMEDICA NORTH TYNESIDE,314,381,67,True
2026-01,2026-02,G6S7A,SPAMEDICA TAUNTON,690,817,127,True
2026-01,2026-02,GEC01,RAPID INVESTIGATION SERVICE,106,95,-11,True
2026-01,2026-02,H1T2P,SPAMEDICA SWINDON,51,73,22,True
2026-01,2026-02,H2K1G,NEWMEDICA - BROMSGROVE,323,331,8,True
2026-01,2026-02,H3W7Q,ACES CHELMSFORD,74,72,-2,True
2026-01,2026-02,H4I8B,NUFFIELD HEALTH THE HOLLY HOSPITAL,3365,3720,355,True
2026-01,2026-02,H4J9P,NEWMEDICA AZTEC WEST,938,1017,79,True
2026-01,2026-02,H4Y7F,SPAMEDICA DORCHESTER,223,321,98,True
2026-01,2026-02,H7X1I,ANGLIA COMMUNITY EYE SERVICE - CAMBRIDGE,229,260,31,True
2026-01,2026-02,I1H7K,SPAMEDICA SALE,155,167,12,True
2026-01,2026-02,I2C7H,SPAMEDICA BRADFORD,179,222,43,True
2026-01,2026-02,I7G8X,ACES NEWCASTLE,24,33,9,True
2026-01,2026-02,I9A4A,SPAMEDICA BRIGHTON,274,287,13,True
2026-01,2026-02,J0M7P,SPAMEDICA HEREFORD DIAGNOSTIC AND TREATMENT CENTRE,24,24,0,True
2026-01,2026-02,J2H6H,SPAMEDICA COLCHESTER,146,184,38,True
2026-01,2026-02,J3J8Z,NEWMEDICA - OXFORDSHIRE,639,726,87,True
2026-01,2026-02,J3X4C,SPAMEDICA WORCESTER,347,368,21,True
2026-01,2026-02,J7V1N,SPAMEDICA SOLIHULL,385,460,75,True
2026-01,2026-02,K3V9U,SPAMEDICA STEVENAGE COMMUNITY DIAGNOSTIC & TREATMENT CENTRE,5,7,2,True
2026-01,2026-02,K7J9E,ANGLIA COMMUNITY EYE SERVICE - NORWICH,14,12,-2,True
2026-01,2026-02,K8I4X,GLENDON WOOD HOSPITAL,1342,1299,-43,True
2026-01,2026-02,K9J3O,SPAMEDICA LUTON,236,221,-15,True
2026-01,2026-02,L0D9W,NEWMEDICA - GLOUCESTER (BRIGHOUSE COURT),1319,1264,-55,True
2026-01,2026-02,L4R3R,NEWMEDICA - HAMPSHIRE,2533,2462,-71,True
2026-01,2026-02,L6O7H,SPAMEDICA POOLE,493,756,263,True
2026-01,2026-02,L9D3Z,SPAMEDICA LEICESTER,222,334,112,True
2026-01,2026-02,M0N7E,SPAMEDICA SITTINGBOURNE,156,176,20,True
2026-01,2026-02,M2Y6D,PRACTICE PLUS GROUP HOSPITAL BIRMINGHAM,1049,1269,220,True
2026-01,2026-02,M3R0W,SPAMEDICA NORWICH,288,393,105,True
2026-01,2026-02,M4C5R,NEWMEDICA - NORTHAMPTON,1095,1248,153,True
2026-01,2026-02,M5E1S,SPAMEDICA EXETER,303,336,33,True
2026-01,2026-02,M6L9D,NEWMEDICA - NOTTINGHAM - KEYWORTH,33,8,-25,True
2026-01,2026-02,M7C9Q,SPAMEDICA EPSOM,268,345,77,True
2026-01,2026-02,M9U8M,ENDOCARE DIAGNOSTICS LTD,130,124,-6,True
2026-01,2026-02,N1L8R,ACES MANCHESTER ST JOHNS STREET,8,11,3,True
2026-01,2026-02,N1M9Z,ACES EXETER,49,47,-2,True
2026-01,2026-02,N1N0Y,SPAMEDICA CROYDON,110,161,51,True
2026-01,2026-02,N6Z0R,NEWMEDICA - LINCOLN,31,31,0,True
2026-01,2026-02,N8R1N,NEWMEDICA - BERKSHIRE,1500,1567,67,True
2026-01,2026-02,N8Z8E,ACES TORQUAY,5,5,0,True
2026-01,2026-02,NAM01,PROBUS SURGICAL CENTRE,1019,883,-136,True
2026-01,2026-02,NCN,DMC HEALTHCARE,1328,1328,0,True
2026-01,2026-02,NCR,ISIGHT,1433,1432,-1,True
2026-01,2026-02,NDJ,FIRST COMMUNITY HEALTH AND CARE CIC,697,729,32,True
2026-01,2026-02,NDL01,SUFFOLK GP FEDERATION,109,181,72,True
2026-01,2026-02,NEQ,PHOENIX HEALTH SOLUTIONS LIMITED HQ,596,613,17,True
2026-01,2026-02,NEY,PIONEER HEALTHCARE LIMITED,635,480,-155,True
2026-01,2026-02,NFH,SOMERSET SURGICAL SERVICES HQ,1249,1400,151,True
2026-01,2026-02,NHW,STANDARD HEALTH LTD,103,82,-21,True
2026-01,2026-02,NL3,CARE PLUS GROUP,197,183,-14,True
2026-01,2026-02,NL8,LOCALA COMMUNITY PARTNERSHIPS CIC,1290,1196,-94,True
2026-01,2026-02,NLE01,LANCASTER HOUSE CONSULTING DIAGNOSTICS SURGICAL LTD HQ,1278,1285,7,True
2026-01,2026-02,NLG,COMMUNITAS CLINICS,3467,4004,537,True
2026-01,2026-02,NLX,SIRONA CARE & HEALTH,6168,6108,-60,True
2026-01,2026-02,NMG,CORA HEALTH MSK (FORMERLY CONNECT HEALTH LTD),16393,16531,138,True
2026-01,2026-02,NN4,TYNESIDE SURGICAL SERVICES LTD,1476,1388,-88,True
2026-01,2026-02,NN5,MANCHESTER SURGICAL SERVICES LTD,343,326,-17,True
2026-01,2026-02,NN8,SPENCER PRIVATE HOSPITALS LTD,3496,3603,107,True
2026-01,2026-02,NNE,DORKING HEALTHCARE LIMITED (DHC),6501,6598,97,True
2026-01,2026-02,NNH,OPTEGRA UK,7983,7868,-115,True
2026-01,2026-02,NP9,BESPOKE HEALTHCARE LTD,315,458,143,True
2026-01,2026-02,NPG01,SPAMEDICA MANCHESTER,300,361,61,True
2026-01,2026-02,NPG02,SPAMEDICA WIRRAL,275,341,66,True
2026-01,2026-02,NPG06,SPAMEDICA LIVERPOOL,276,454,178,True
2026-01,2026-02,NPG07,SPAMEDICA EYE HOSPITAL (WAKEFIELD),568,639,71,True
2026-01,2026-02,NPG08,SPAMEDICA BOLTON,573,685,112,True
2026-01,2026-02,NPG10,SPAMEDICA SHEFFIELD,371,425,54,True
2026-01,2026-02,NPG11,SPAMEDICA BIRMINGHAM,693,864,171,True
2026-01,2026-02,NPG13,SPAMEDICA SKELMERSDALE,56,78,22,True
2026-01,2026-02,NPG14,SPAMEDICA WIDNES,212,254,42,True
2026-01,2026-02,NPG15,SPAMEDICA NEWCASTLE-UNDER-LYME,215,289,74,True
2026-01,2026-02,NPG16,SPAMEDICA CHELMSFORD,530,673,143,True
2026-01,2026-02,NPG17,SPAMEDICA PRESTON,173,273,100,True
2026-01,2026-02,NPG18,SPAMEDICA HULL,393,384,-9,True
2026-01,2026-02,NPG19,SPAMEDICA BEDFORD,260,319,59,True
2026-01,2026-02,NPG20,SPAMEDICA WOLVERHAMPTON,509,575,66,True
2026-01,2026-02,NPG21,SPAMEDICA COVENTRY,405,536,131,True
2026-01,2026-02,NPG22,SPAMEDICA STOCKTON-ON-TEES,342,431,89,True
2026-01,2026-02,NPG23,SPAMEDICA DERBY,215,395,180,True
2026-01,2026-02,NPR01,ABOUT HEALTH HQ,1522,1347,-175,True
2026-01,2026-02,NQH,NOVUS HEALTH LTD,1003,824,-179,True
2026-01,2026-02,NQM01,ORTHOPAEDICS & SPINE SPECIALIST HOSPITAL SITE,165,153,-12,True
2026-01,2026-02,NQT5K,ST MARTINS HOSPITAL,119,144,25,True
2026-01,2026-02,NQX,PROVIDE ENTERPRISES,94,144,50,True
2026-01,2026-02,NR5,LIVEWELL SOUTHWEST,81,85,4,True
2026-01,2026-02,NRF,UNIVERSITY OF SOUTHAMPTON AUDITORY IMPLANT SERVICE,138,197,59,True
2026-01,2026-02,NRL,HEART NETWORKS,981,880,-101,True
2026-01,2026-02,NRP,BEACON MEDICAL SERVICES GROUP LIMITED,2999,4158,1159,True
2026-01,2026-02,NT202,"NUFFIELD HEALTH, BOURNEMOUTH HOSPITAL",417,471,54,True
2026-01,2026-02,NT204,"NUFFIELD HEALTH, BRENTWOOD HOSPITAL",5,7,2,True
2026-01,2026-02,NT205,"NUFFIELD HEALTH, BRIGHTON HOSPITAL",869,826,-43,True
2026-01,2026-02,NT206,"NUFFIELD HEALTH, BRISTOL HOSPITAL (CHESTERFIELD)",748,740,-8,True
2026-01,2026-02,NT209,"NUFFIELD HEALTH, CAMBRIDGE HOSPITAL",288,243,-45,True
2026-01,2026-02,NT210,"NUFFIELD HEALTH, THE GROSVENOR HOSPITAL, CHESTER",493,502,9,True
2026-01,2026-02,NT211,"NUFFIELD HEALTH, CHELTENHAM HOSPITAL",79,56,-23,True
2026-01,2026-02,NT212,"NUFFIELD HEALTH, CHICHESTER HOSPITAL",549,479,-70,True
2026-01,2026-02,NT213,"NUFFIELD HEALTH, DERBY HOSPITAL",1096,1157,61,True
2026-01,2026-02,NT214,"NUFFIELD HEALTH, WESSEX HOSPITAL",574,553,-21,True
2026-01,2026-02,NT215,"NUFFIELD HEALTH, EXETER HOSPITAL",468,499,31,True
2026-01,2026-02,NT216,"NUFFIELD HEALTH, GUILDFORD HOSPITAL",402,110,-292,True
2026-01,2026-02,NT218,"NUFFIELD HEALTH, HAYWARDS HEATH HOSPITAL",455,447,-8,True
2026-01,2026-02,NT219,"NUFFIELD HEALTH, HEREFORD HOSPITAL",408,457,49,True
2026-01,2026-02,NT224,"NUFFIELD HEALTH, WARWICKSHIRE HOSPITAL",449,349,-100,True
2026-01,2026-02,NT226,"NUFFIELD HEALTH, LEICESTER HOSPITAL",436,448,12,True
2026-01,2026-02,NT229,"NUFFIELD HEALTH, NEWCASTLE UPON TYNE HOSPITAL",554,546,-8,True
2026-01,2026-02,NT230,"NUFFIELD HEALTH, NORTH STAFFORDSHIRE HOSPITAL",1076,1145,69,True
2026-01,2026-02,NT233,"NUFFIELD HEALTH, PLYMOUTH HOSPITAL",950,933,-17,True
2026-01,2026-02,NT235,"NUFFIELD HEALTH, SHREWSBURY HOSPITAL",567,550,-17,True
2026-01,2026-02,NT237,"NUFFIELD HEALTH, TEES HOSPITAL",1424,1548,124,True
2026-01,2026-02,NT238,"NUFFIELD HEALTH, TAUNTON HOSPITAL",472,483,11,True
2026-01,2026-02,NT239,"NUFFIELD HEALTH, TUNBRIDGE WELLS HOSPITAL",135,198,63,True
2026-01,2026-02,NT241,"NUFFIELD HEALTH, WOKING HOSPITAL",244,267,23,True
2026-01,2026-02,NT242,"NUFFIELD HEALTH, WOLVERHAMPTON HOSPITAL",645,647,2,True
2026-01,2026-02,NT244,NUFFIELD HOSPITAL OXFORD (THE MANOR),93,101,8,True
2026-01,2026-02,NT245,"NUFFIELD HEALTH, YORK HOSPITAL",1094,1147,53,True
2026-01,2026-02,NT301,SPIRE SOUTH BANK HOSPITAL,951,925,-26,True
2026-01,2026-02,NT302,SPIRE BRISTOL HOSPITAL,818,843,25,True
2026-01,2026-02,NT304,SPIRE SOUTHAMPTON HOSPITAL,367,358,-9,True
2026-01,2026-02,NT305,SPIRE PORTSMOUTH HOSPITAL,457,478,21,True
2026-01,2026-02,NT308,SPIRE GATWICK PARK HOSPITAL,1140,1214,74,True
2026-01,2026-02,NT30A,SPIRE NOTTINGHAM HOSPITAL,774,744,-30,True
2026-01,2026-02,NT312,SPIRE ALEXANDRA HOSPITAL,1155,1241,86,True
2026-01,2026-02,NT313,SPIRE WELLESLEY HOSPITAL,1313,1347,34,True
2026-01,2026-02,NT314,SPIRE LONDON EAST,2761,2787,26,True
2026-01,2026-02,NT315,SPIRE BUSHEY HOSPITAL,1232,1132,-100,True
2026-01,2026-02,NT316,SPIRE HARPENDEN HOSPITAL,616,779,163,True
2026-01,2026-02,NT317,SPIRE CAMBRIDGE LEA HOSPITAL,209,260,51,True
2026-01,2026-02,NT318,SPIRE NORWICH HOSPITAL,542,639,97,True
2026-01,2026-02,NT319,SPIRE HARTSWOOD HOSPITAL,1270,1377,107,True
2026-01,2026-02,NT320,SPIRE PARKWAY HOSPITAL,1373,1435,62,True
2026-01,2026-02,NT321,SPIRE LITTLE ASTON HOSPITAL,1342,1474,132,True
2026-01,2026-02,NT322,SPIRE LEICESTER HOSPITAL,1115,1317,202,True
2026-01,2026-02,NT324,SPIRE CHESHIRE HOSPITAL,1369,1338,-31,True
2026-01,2026-02,NT325,SPIRE MURRAYFIELD HOSPITAL,830,912,82,True
2026-01,2026-02,NT327,SPIRE MANCHESTER HOSPITAL,1113,994,-119,True
2026-01,2026-02,NT332,SPIRE LEEDS HOSPITAL,984,925,-59,True
2026-01,2026-02,NT333,SPIRE WASHINGTON HOSPITAL,1592,1596,4,True
2026-01,2026-02,NT337,SPIRE LIVERPOOL HOSPITAL,3373,2857,-516,True
2026-01,2026-02,NT339,SPIRE REGENCY HOSPITAL,1820,1967,147,True
2026-01,2026-02,NT343,SPIRE THAMES VALLEY HOSPITAL,379,462,83,True
2026-01,2026-02,NT344,SPIRE DUNEDIN HOSPITAL,297,340,43,True
2026-01,2026-02,NT345,SPIRE CLARE PARK HOSPITAL,368,488,120,True
2026-01,2026-02,NT347,SPIRE FYLDE COAST HOSPITAL,4631,4981,350,True
2026-01,2026-02,NT348,SPIRE ELLAND HOSPITAL,1553,1503,-50,True
2026-01,2026-02,NT350,SPIRE METHLEY PARK HOSPITAL,941,994,53,True
2026-01,2026-02,NT351,SPIRE HULL AND EAST RIDING HOSPITAL,2717,2635,-82,True
2026-01,2026-02,NT364,SPIRE MONTEFIORE HOSPITAL,797,751,-46,True
2026-01,2026-02,NT3X3,SPIRE ST ANTHONY'S HOSPITAL,872,930,58,True
2026-01,2026-02,NT401,ALEXANDRA HOSPITAL,1004,922,-82,True
2026-01,2026-02,NT402,BATH CLINIC,761,776,15,True
2026-01,2026-02,NT403,BEARDWOOD HOSPITAL,2415,2305,-110,True
2026-01,2026-02,NT404,BEAUMONT HOSPITAL,2944,3149,205,True
2026-01,2026-02,NT405,BISHOPS WOOD HOSPITAL,621,573,-48,True
2026-01,2026-02,NT406,BLACKHEATH HOSPITAL,1572,1541,-31,True
2026-01,2026-02,NT408,CHAUCER HOSPITAL,933,951,18,True
2026-01,2026-02,NT409,CHELSFIELD PARK HOSPITAL,800,765,-35,True
2026-01,2026-02,NT410,CHILTERN HOSPITAL,455,412,-43,True
2026-01,2026-02,NT411,CLEMENTINE CHURCHILL HOSPITAL,1908,1964,56,True
2026-01,2026-02,NT412,DROITWICH SPA HOSPITAL,1997,1739,-258,True
2026-01,2026-02,NT416,HENDON HOSPITAL,1178,1130,-48,True
2026-01,2026-02,NT417,GORING HALL HOSPITAL,915,829,-86,True
2026-01,2026-02,NT418,HAMPSHIRE CLINIC,336,298,-38,True
2026-01,2026-02,NT419,HARBOUR HOSPITAL,147,182,35,True
2026-01,2026-02,NT420,HIGHFIELD HOSPITAL,901,909,8,True
2026-01,2026-02,NT421,KINGS OAK HOSPITAL,1151,1140,-11,True
2026-01,2026-02,NT422,LONDON INDEPENDENT HOSPITAL,3916,3864,-52,True
2026-01,2026-02,NT423,MANOR HOSPITAL,601,542,-59,True
2026-01,2026-02,NT424,MERIDEN HOSPITAL,1741,1765,24,True
2026-01,2026-02,NT427,PARK HOSPITAL,1740,1928,188,True
2026-01,2026-02,NT428,PRINCESS MARGARET HOSPITAL,70,89,19,True
2026-01,2026-02,NT429,PRIORY HOSPITAL,503,614,111,True
2026-01,2026-02,NT430,RIDGEWAY HOSPITAL,343,360,17,True
2026-01,2026-02,NT431,RUNNYMEDE HOSPITAL,153,149,-4,True
2026-01,2026-02,NT433,SARUM ROAD HOSPITAL,370,373,3,True
2026-01,2026-02,NT434,SAXON CLINIC,721,698,-23,True
2026-01,2026-02,NT435,SHELBURNE HOSPITAL,199,189,-10,True
2026-01,2026-02,NT436,SHIRLEY OAKS HOSPITAL,883,900,17,True
2026-01,2026-02,NT437,SLOANE HOSPITAL,815,853,38,True
2026-01,2026-02,NT440,THORNBURY HOSPITAL,631,662,31,True
2026-01,2026-02,NT441,THREE SHIRES HOSPITAL,3467,3537,70,True
2026-01,2026-02,NT443,WINTERBOURNE HOSPITAL,383,423,40,True
2026-01,2026-02,NT445,EDGBASTON HOSPITAL,1,1,0,True
2026-01,2026-02,NT446,ST EDMUNDS HOSPITAL,571,579,8,True
2026-01,2026-02,NT447,DUCHY HOSPITAL,286,266,-20,True
2026-01,2026-02,NT448,HUDDERSFIELD PRIVATE HOSPITAL,787,821,34,True
2026-01,2026-02,NT449,LANCASTER PRIVATE HOSPITAL,291,336,45,True
2026-01,2026-02,NT450,LINCOLN PRIVATE HOSPITAL,1226,1230,4,True
2026-01,2026-02,NT451,CAVELL HOSPITAL,1220,1269,49,True
2026-01,2026-02,NT455,MOUNT ALVERNIA HOSPITAL,251,237,-14,True
2026-01,2026-02,NT457,WOODLANDS HOSPITAL,2403,2510,107,True
2026-01,2026-02,NT490,SOUTHEND PRIVATE HOSPITAL,1433,1363,-70,True
2026-01,2026-02,NTE02,ST HUGH'S HOSPITAL,1998,1983,-15,True
2026-01,2026-02,NTP11,PRACTICE PLUS GROUP HOSPITAL - SOUTHAMPTON,8984,9590,606,True
2026-01,2026-02,NTP13,PRACTICE PLUS GROUP HOSPITAL - BARLBOROUGH,1959,1964,5,True
2026-01,2026-02,NTP15,PRACTICE PLUS GROUP HOSPITAL - ILFORD,5032,4822,-210,True
2026-01,2026-02,NTP16,PRACTICE PLUS GROUP SURGICAL CENTRE - GILLINGHAM,979,945,-34,True
2026-01,2026-02,NTPAD,PRACTICE PLUS GROUP SURGICAL CENTRE - ST MARYS PORTSMOUTH,2070,1968,-102,True
2026-01,2026-02,NTPAE,PRACTICE PLUS GROUP OPHTHALMOLOGY - NORTH WEST,2164,1338,-826,True
2026-01,2026-02,NTPH1,PRACTICE PLUS GROUP HOSPITAL - SHEPTON MALLET,2934,2816,-118,True
2026-01,2026-02,NTPH2,PRACTICE PLUS GROUP HOSPITAL - EMERSONS GREEN,4975,5079,104,True
2026-01,2026-02,NTPH3,PRACTICE PLUS GROUP SURGICAL CENTRE - DEVIZES,2831,3096,265,True
2026-01,2026-02,NTPH5,PRACTICE PLUS GROUP HOSPITAL - PLYMOUTH,1774,1668,-106,True
2026-01,2026-02,NTX,THE ONE HEALTH GROUP PLC,5398,5498,100,True
2026-01,2026-02,NV1,INHEALTH LIMITED,780,774,-6,True
2026-01,2026-02,NVC01,ASHTEAD HOSPITAL,938,967,29,True
2026-01,2026-02,NVC02,THE BERKSHIRE INDEPENDENT HOSPITAL,1006,1012,6,True
2026-01,2026-02,NVC04,DUCHY HOSPITAL,1783,1776,-7,True
2026-01,2026-02,NVC05,EUXTON HALL HOSPITAL,3245,3326,81,True
2026-01,2026-02,NVC06,FITZWILLIAM HOSPITAL,6469,6665,196,True
2026-01,2026-02,NVC07,FULWOOD HALL HOSPITAL,4190,4221,31,True
2026-01,2026-02,NVC08,MOUNT STUART HOSPITAL,2392,2288,-104,True
2026-01,2026-02,NVC09,NEW HALL HOSPITAL,3313,3454,141,True
2026-01,2026-02,NVC0I,BEACON PARK HOSPITAL,1132,1237,105,True
2026-01,2026-02,NVC0R,TEES VALLEY HOSPITAL,4292,4254,-38,True
2026-01,2026-02,NVC0Y,EXETER MEDICAL,245,261,16,True
2026-01,2026-02,NVC11,NORTH DOWNS HOSPITAL,1559,1447,-112,True
2026-01,2026-02,NVC12,OAKLANDS HOSPITAL,4256,4092,-164,True
2026-01,2026-02,NVC13,OAKS HOSPITAL,990,1101,111,True
2026-01,2026-02,NVC14,PARK HILL HOSPITAL,733,726,-7,True
2026-01,2026-02,NVC15,PINEHILL HOSPITAL,1607,1655,48,True
2026-01,2026-02,NVC16,RENACRES HOSPITAL,5128,5247,119,True
2026-01,2026-02,NVC17,ROWLEY HALL HOSPITAL,2575,2590,15,True
2026-01,2026-02,NVC18,SPRINGFIELD HOSPITAL,5105,5052,-53,True
2026-01,2026-02,NVC19,RIVERS HOSPITAL,4396,4593,197,True
2026-01,2026-02,NVC1H,STOURSIDE HOSPITAL,3405,3316,-89,True
2026-01,2026-02,NVC20,THE YORKSHIRE CLINIC,7063,7190,127,True
2026-01,2026-02,NVC21,WEST MIDLANDS HOSPITAL,508,479,-29,True
2026-01,2026-02,NVC22,WINFIELD HOSPITAL,1196,1127,-69,True
2026-01,2026-02,NVC23,WOODLAND HOSPITAL,5121,5164,43,True
2026-01,2026-02,NVC25,THE CHERWELL HOSPITAL,2132,2031,-101,True
2026-01,2026-02,NVC27,BOSTON WEST HOSPITAL,2421,2405,-16,True
2026-01,2026-02,NVC28,CLIFTON PARK HOSPITAL,1598,1527,-71,True
2026-01,2026-02,NVC29,COBALT HOSPITAL,1721,1684,-37,True
2026-01,2026-02,NVC31,BLAKELANDS HOSPITAL,2286,2393,107,True
2026-01,2026-02,NVC40,WOODTHORPE HOSPITAL,3866,3781,-85,True
2026-01,2026-02,NVC44,THE WESTBOURNE CENTRE,3504,3540,36,True
2026-01,2026-02,NVM,EPSOMEDICAL GROUP,3126,2986,-140,True
2026-01,2026-02,NWF01,BENENDEN HOSPITAL,1507,1556,49,True
2026-01,2026-02,NWV01,COHESE HEALTHCARE,827,839,12,True
2026-01,2026-02,NX501,ANGLIA COMMUNITY EYE SERVICE LTD,479,592,113,True
2026-01,2026-02,NX504,ANGLIA COMMUNITY EYE SERVICES FAKENHAM,169,173,4,True
2026-01,2026-02,NX507,ANGLIA COMMUNITY EYE SERVICE - THETFORD HEALTHY LIVING CENTRE,144,444,300,True
2026-01,2026-02,NXM01,THE HORDER CENTRE - ST JOHNS ROAD,1401,1319,-82,True
2026-01,2026-02,NXP,INDEPENDENT HEALTH GROUP,966,975,9,True
2026-01,2026-02,NYG,SUSSEX COMMUNITY DERMATOLOGY SERVICE,15436,14455,-981,True
2026-01,2026-02,NYR,CORA HEALTH DIAGNOSTICS (FORMERLY HEALTHSHARE DIAGNOSTICS),2351,2098,-253,True
2026-01,2026-02,O1B1P,ACES PLYMOUTH,1,1,0,True
2026-01,2026-02,O1P6X,SPAMEDICA OLDHAM,486,646,160,True
2026-01,2026-02,O5Y9D,SPAMEDICA OXFORD,194,199,5,True
2026-01,2026-02,O6X7Z,SPAMEDICA CAMBRIDGE,373,552,179,True
2026-01,2026-02,O9Q4E,ANGLIA COMMUNITY EYE SERVICE - PETERBOROUGH,416,444,28,True
2026-01,2026-02,P0C3F,SPAMEDICA LEEDS,261,278,17,True
2026-01,2026-02,P1B7M,SPAMEDICA BRISTOL,112,90,-22,True
2026-01,2026-02,P1G3N,ACES LEEDS WHITE ROSE,4,6,2,True
2026-01,2026-02,P5Y6K,NEWMEDICA - SHREWSBURY,510,456,-54,True
2026-01,2026-02,Q1W6P,SPAMEDICA WATFORD,289,335,46,True
2026-01,2026-02,Q2Y5H,OVIVA UK LTD,9569,9531,-38,True
2026-01,2026-02,Q4W9A,ACES SOUTHAMPTON,21,35,14,True
2026-01,2026-02,Q8X0X,SPAMEDICA ISLE OF WIGHT COMMUNITY DIAGNOSTIC & TREATMENT CENTRE,16,25,9,True
2026-01,2026-02,R0A,MANCHESTER UNIVERSITY NHS FOUNDATION TRUST,174556,171407,-3149,True
2026-01,2026-02,R0B,SOUTH TYNESIDE AND SUNDERLAND NHS FOUNDATION TRUST,57255,57295,40,True
2026-01,2026-02,R0D,UNIVERSITY HOSPITALS DORSET NHS FOUNDATION TRUST,65934,66112,178,True
2026-01,2026-02,R0F4N,NUFFIELD HEALTH PARKSIDE HOSPITAL,359,793,434,True
2026-01,2026-02,R1A,HEREFORDSHIRE AND WORCESTERSHIRE HEALTH AND CARE NHS TRUST,53,43,-10,True
2026-01,2026-02,R1D,SHROPSHIRE COMMUNITY HEALTH NHS TRUST,7598,7548,-50,True
2026-01,2026-02,R1F,ISLE OF WIGHT NHS TRUST,13863,13079,-784,True
2026-01,2026-02,R1G7E,SPAMEDICA KENDAL,238,310,72,True
2026-01,2026-02,R1H,BARTS HEALTH NHS TRUST,132010,128237,-3773,True
2026-01,2026-02,R1K,LONDON NORTH WEST UNIVERSITY HEALTHCARE NHS TRUST,82810,83489,679,True
2026-01,2026-02,R5J3Z,BORDER HEALTH ALLIANCE LIMITED,494,510,16,True
2026-01,2026-02,R6X7C,SPAMEDICA MACCLESFIELD COMMUNITY DIAGNOSTIC & TREATMENT CENTRE,11,32,21,True
2026-01,2026-02,R7W2O,NEWCASTLE NEWMEDICA LTD,894,890,-4,True
2026-01,2026-02,RA2,ROYAL SURREY NHS FOUNDATION TRUST,29568,30012,444,True
2026-01,2026-02,RA7,UNIVERSITY HOSPITALS BRISTOL AND WESTON NHS FOUNDATION TRUST,50188,49836,-352,True
2026-01,2026-02,RA9,TORBAY AND SOUTH DEVON NHS FOUNDATION TRUST,33051,33601,550,True
2026-01,2026-02,RAE,BRADFORD TEACHING HOSPITALS NHS FOUNDATION TRUST,31608,31261,-347,True
2026-01,2026-02,RAJ,MID AND SOUTH ESSEX NHS FOUNDATION TRUST,176540,176856,316,True
2026-01,2026-02,RAL,ROYAL FREE LONDON NHS FOUNDATION TRUST,140160,139908,-252,True
2026-01,2026-02,RAN,ROYAL NATIONAL ORTHOPAEDIC HOSPITAL NHS TRUST,9142,9125,-17,True
2026-01,2026-02,RAS,THE HILLINGDON HOSPITALS NHS FOUNDATION TRUST,33451,33386,-65,True
2026-01,2026-02,RAX,KINGSTON AND RICHMOND NHS FOUNDATION TRUST,44946,44158,-788,True
2026-01,2026-02,RBD,DORSET COUNTY HOSPITAL NHS FOUNDATION TRUST,21205,21134,-71,True
2026-01,2026-02,RBK,WALSALL HEALTHCARE NHS TRUST,29571,28527,-1044,True
2026-01,2026-02,RBL,WIRRAL UNIVERSITY TEACHING HOSPITAL NHS FOUNDATION TRUST,46478,46197,-281,True
2026-01,2026-02,RBN,MERSEY AND WEST LANCASHIRE TEACHING HOSPITALS NHS TRUST,72747,74555,1808,True
2026-01,2026-02,RBQ,LIVERPOOL HEART AND CHEST HOSPITAL NHS FOUNDATION TRUST,5052,5245,193,True
2026-01,2026-02,RBS,ALDER HEY CHILDREN'S NHS FOUNDATION TRUST,16535,15999,-536,True
2026-01,2026-02,RBT,MID CHESHIRE HOSPITALS NHS FOUNDATION TRUST,37395,34544,-2851,True
2026-01,2026-02,RBV,THE CHRISTIE NHS FOUNDATION TRUST,3437,3248,-189,True
2026-01,2026-02,RC9,BEDFORDSHIRE HOSPITALS NHS FOUNDATION TRUST,86207,84432,-1775,True
2026-01,2026-02,RCB,YORK AND SCARBOROUGH TEACHING HOSPITALS NHS FOUNDATION TRUST,56768,56639,-129,True
2026-01,2026-02,RCD,HARROGATE AND DISTRICT NHS FOUNDATION TRUST,19336,19871,535,True
2026-01,2026-02,RCF,AIREDALE NHS FOUNDATION TRUST,14438,14603,165,True
2026-01,2026-02,RCU,SHEFFIELD CHILDREN'S NHS FOUNDATION TRUST,11426,11069,-357,True
2026-01,2026-02,RCX,"THE QUEEN ELIZABETH HOSPITAL, KING'S LYNN, NHS FOUNDATION TRUST",26144,25345,-799,True
2026-01,2026-02,RD1,ROYAL UNITED HOSPITALS BATH NHS FOUNDATION TRUST,40133,40302,169,True
2026-01,2026-02,RD8,MILTON KEYNES UNIVERSITY HOSPITAL NHS FOUNDATION TRUST,34751,35112,361,True
2026-01,2026-02,RDE,EAST SUFFOLK AND NORTH ESSEX NHS FOUNDATION TRUST,90776,89252,-1524,True
2026-01,2026-02,RDR,SUSSEX COMMUNITY NHS FOUNDATION TRUST,14410,13002,-1408,True
2026-01,2026-02,RDU,FRIMLEY HEALTH NHS FOUNDATION TRUST,66825,66142,-683,True
2026-01,2026-02,REF,ROYAL CORNWALL HOSPITALS NHS TRUST,40916,40839,-77,True
2026-01,2026-02,REM,LIVERPOOL UNIVERSITY HOSPITALS NHS FOUNDATION TRUST,63111,61846,-1265,True
2026-01,2026-02,REN,THE CLATTERBRIDGE CANCER CENTRE NHS FOUNDATION TRUST,965,769,-196,True
2026-01,2026-02,REP,LIVERPOOL WOMEN'S NHS FOUNDATION TRUST,13458,13137,-321,True
2026-01,2026-02,RET,THE WALTON CENTRE NHS FOUNDATION TRUST,13091,12853,-238,True
2026-01,2026-02,RF4,"BARKING, HAVERING AND REDBRIDGE UNIVERSITY HOSPITALS NHS TRUST",69334,69915,581,True
2026-01,2026-02,RFF,BARNSLEY HOSPITAL NHS FOUNDATION TRUST,22143,21900,-243,True
2026-01,2026-02,RFR,THE ROTHERHAM NHS FOUNDATION TRUST,29661,29088,-573,True
2026-01,2026-02,RFS,CHESTERFIELD ROYAL HOSPITAL NHS FOUNDATION TRUST,28292,27629,-663,True
2026-01,2026-02,RGM,ROYAL PAPWORTH HOSPITAL NHS FOUNDATION TRUST,5335,5471,136,True
2026-01,2026-02,RGN,NORTH WEST ANGLIA NHS FOUNDATION TRUST,78406,78171,-235,True
2026-01,2026-02,RGP,JAMES PAGET UNIVERSITY HOSPITALS NHS FOUNDATION TRUST,33378,33120,-258,True
2026-01,2026-02,RGR,WEST SUFFOLK NHS FOUNDATION TRUST,31923,31093,-830,True
2026-01,2026-02,RGT,CAMBRIDGE UNIVERSITY HOSPITALS NHS FOUNDATION TRUST,62482,61088,-1394,True
2026-01,2026-02,RH5,SOMERSET NHS FOUNDATION TRUST,53128,52967,-161,True
2026-01,2026-02,RH8,ROYAL DEVON UNIVERSITY HEALTHCARE NHS FOUNDATION TRUST,73169,72025,-1144,True
2026-01,2026-02,RHM,UNIVERSITY HOSPITAL SOUTHAMPTON NHS FOUNDATION TRUST,62670,62702,32,True
2026-01,2026-02,RHU,PORTSMOUTH HOSPITALS UNIVERSITY NHS TRUST,56761,56710,-51,True
2026-01,2026-02,RHW,ROYAL BERKSHIRE NHS FOUNDATION TRUST,34560,34767,207,True
2026-01,2026-02,RJ1,GUY'S AND ST THOMAS' NHS FOUNDATION TRUST,107591,106928,-663,True
2026-01,2026-02,RJ2,LEWISHAM AND GREENWICH NHS TRUST,56367,54916,-1451,True
2026-01,2026-02,RJ6,CROYDON HEALTH SERVICES NHS TRUST,36235,34756,-1479,True
2026-01,2026-02,RJ7,ST GEORGE'S UNIVERSITY HOSPITALS NHS FOUNDATION TRUST,68034,68056,22,True
2026-01,2026-02,RJ8,CORNWALL PARTNERSHIP NHS FOUNDATION TRUST,664,678,14,True
2026-01,2026-02,RJC,SOUTH WARWICKSHIRE UNIVERSITY NHS FOUNDATION TRUST,30329,30117,-212,True
2026-01,2026-02,RJE,UNIVERSITY HOSPITALS OF NORTH MIDLANDS NHS TRUST,65375,64550,-825,True
2026-01,2026-02,RJL,NORTHERN LINCOLNSHIRE AND GOOLE NHS FOUNDATION TRUST,39644,39443,-201,True
2026-01,2026-02,RJN,EAST CHESHIRE NHS TRUST,19788,19445,-343,True
2026-01,2026-02,RJR,COUNTESS OF CHESTER HOSPITAL NHS FOUNDATION TRUST,29823,29639,-184,True
2026-01,2026-02,RJZ,KING'S COLLEGE HOSPITAL NHS FOUNDATION TRUST,83931,83857,-74,True
2026-01,2026-02,RK5,SHERWOOD FOREST HOSPITALS NHS FOUNDATION TRUST,35671,34351,-1320,True
2026-01,2026-02,RK9,UNIVERSITY HOSPITALS PLYMOUTH NHS TRUST,47943,47354,-589,True
2026-01,2026-02,RKB,UNIVERSITY HOSPITALS COVENTRY AND WARWICKSHIRE NHS TRUST,69698,70813,1115,True
2026-01,2026-02,RKE,WHITTINGTON HEALTH NHS TRUST,27921,25095,-2826,True
2026-01,2026-02,RL1,THE ROBERT JONES AND AGNES HUNT ORTHOPAEDIC HOSPITAL NHS FOUNDATION TRUST,16447,15556,-891,True
2026-01,2026-02,RL4,THE ROYAL WOLVERHAMPTON NHS TRUST,78829,77558,-1271,True
2026-01,2026-02,RLQ,WYE VALLEY NHS TRUST,21423,21483,60,True
2026-01,2026-02,RLT,GEORGE ELIOT HOSPITAL NHS TRUST,20287,19944,-343,True
2026-01,2026-02,RM1,NORFOLK AND NORWICH UNIVERSITY HOSPITALS NHS FOUNDATION TRUST,68949,66421,-2528,True
2026-01,2026-02,RM3,NORTHERN CARE ALLIANCE NHS FOUNDATION TRUST,134110,130603,-3507,True
2026-01,2026-02,RMC,BOLTON NHS FOUNDATION TRUST,38836,37369,-1467,True
2026-01,2026-02,RMP,TAMESIDE AND GLOSSOP INTEGRATED CARE NHS FOUNDATION TRUST,16984,16400,-584,True
2026-01,2026-02,RN3,GREAT WESTERN HOSPITALS NHS FOUNDATION TRUST,43940,44277,337,True
2026-01,2026-02,RN5,HAMPSHIRE HOSPITALS NHS FOUNDATION TRUST,50752,50076,-676,True
2026-01,2026-02,RN7,DARTFORD AND GRAVESHAM NHS TRUST,30886,30719,-167,True
2026-01,2026-02,RNA,THE DUDLEY GROUP NHS FOUNDATION TRUST,46677,46864,187,True
2026-01,2026-02,RNN,NORTH CUMBRIA INTEGRATED CARE NHS FOUNDATION TRUST,38515,38059,-456,True
2026-01,2026-02,RNQ,KETTERING GENERAL HOSPITAL NHS FOUNDATION TRUST,24589,24048,-541,True
2026-01,2026-02,RNS,NORTHAMPTON GENERAL HOSPITAL NHS TRUST,42778,42537,-241,True
2026-01,2026-02,RNZ,SALISBURY NHS FOUNDATION TRUST,29340,29949,609,True
2026-01,2026-02,RP4,GREAT ORMOND STREET HOSPITAL FOR CHILDREN NHS FOUNDATION TRUST,8250,8448,198,True
2026-01,2026-02,RP5,DONCASTER AND BASSETLAW TEACHING HOSPITALS NHS FOUNDATION TRUST,51969,51903,-66,True
2026-01,2026-02,RP6,MOORFIELDS EYE HOSPITAL NHS FOUNDATION TRUST,34110,34802,692,True
2026-01,2026-02,RP7,LINCOLNSHIRE PARTNERSHIP NHS FOUNDATION TRUST,18,16,-2,True
2026-01,2026-02,RPA,MEDWAY NHS FOUNDATION TRUST,35317,34774,-543,True
2026-01,2026-02,RPC,QUEEN VICTORIA HOSPITAL NHS FOUNDATION TRUST,19906,20025,119,True
2026-01,2026-02,RPG,OXLEAS NHS FOUNDATION TRUST,2663,2794,131,True
2026-01,2026-02,RPY,THE ROYAL MARSDEN NHS FOUNDATION TRUST,1907,1969,62,True
2026-01,2026-02,RQ3,BIRMINGHAM WOMEN'S AND CHILDREN'S NHS FOUNDATION TRUST,21272,21533,261,True
2026-01,2026-02,RQM,CHELSEA AND WESTMINSTER HOSPITAL NHS FOUNDATION TRUST,74107,74704,597,True
2026-01,2026-02,RQW,THE PRINCESS ALEXANDRA HOSPITAL NHS TRUST,40165,38734,-1431,True
2026-01,2026-02,RQX,HOMERTON HEALTHCARE NHS FOUNDATION TRUST,24474,25171,697,True
2026-01,2026-02,RR7,GATESHEAD HEALTH NHS FOUNDATION TRUST,12578,12307,-271,True
2026-01,2026-02,RR8,LEEDS TEACHING HOSPITALS NHS TRUST,86894,85738,-1156,True
2026-01,2026-02,RRE,MIDLANDS PARTNERSHIP UNIVERSITY NHS FOUNDATION TRUST,8291,8593,302,True
2026-01,2026-02,RRF,"WRIGHTINGTON, WIGAN AND LEIGH TEACHING HOSPITALS NHS FOUNDATION TRUST",45540,44382,-1158,True
2026-01,2026-02,RRJ,THE ROYAL ORTHOPAEDIC HOSPITAL NHS FOUNDATION TRUST,12989,12803,-186,True
2026-01,2026-02,RRK,UNIVERSITY HOSPITALS BIRMINGHAM NHS FOUNDATION TRUST,93085,91186,-1899,True
2026-01,2026-02,RRV,UNIVERSITY COLLEGE LONDON HOSPITALS NHS FOUNDATION TRUST,75679,75321,-358,True
2026-01,2026-02,RT1,CAMBRIDGESHIRE AND PETERBOROUGH NHS FOUNDATION TRUST,320,275,-45,True
2026-01,2026-02,RTD,THE NEWCASTLE UPON TYNE HOSPITALS NHS FOUNDATION TRUST,83779,81883,-1896,True
2026-01,2026-02,RTE,GLOUCESTERSHIRE HOSPITALS NHS FOUNDATION TRUST,62862,67262,4400,True
2026-01,2026-02,RTF,NORTHUMBRIA HEALTHCARE NHS FOUNDATION TRUST,35729,36143,414,True
2026-01,2026-02,RTG,UNIVERSITY HOSPITALS OF DERBY AND BURTON NHS FOUNDATION TRUST,97678,96841,-837,True
2026-01,2026-02,RTH,OXFORD UNIVERSITY HOSPITALS NHS FOUNDATION TRUST,85010,86933,1923,True
2026-01,2026-02,RTK,ASHFORD AND ST PETER'S HOSPITALS NHS FOUNDATION TRUST,50616,49632,-984,True
2026-01,2026-02,RTP,SURREY AND SUSSEX HEALTHCARE NHS TRUST,46773,47455,682,True
2026-01,2026-02,RTR,SOUTH TEES HOSPITALS NHS FOUNDATION TRUST,55924,55372,-552,True
2026-01,2026-02,RTX,UNIVERSITY HOSPITALS OF MORECAMBE BAY NHS FOUNDATION TRUST,35369,34786,-583,True
2026-01,2026-02,RVJ,NORTH BRISTOL NHS TRUST,41939,41193,-746,True
2026-01,2026-02,RVR,EPSOM AND ST HELIER UNIVERSITY HOSPITALS NHS TRUST,60059,60263,204,True
2026-01,2026-02,RVV,EAST KENT HOSPITALS UNIVERSITY NHS FOUNDATION TRUST,75193,73875,-1318,True
2026-01,2026-02,RVW,NORTH TEES AND HARTLEPOOL NHS FOUNDATION TRUST,21898,22141,243,True
2026-01,2026-02,RW1,HAMPSHIRE AND ISLE OF WIGHT HEALTHCARE NHS FOUNDATION TRUST,4170,4425,255,True
2026-01,2026-02,RW4,MERSEY CARE NHS FOUNDATION TRUST,52,49,-3,True
2026-01,2026-02,RW5,LANCASHIRE & SOUTH CUMBRIA NHS FOUNDATION TRUST,3592,3628,36,True
2026-01,2026-02,RWA,HULL UNIVERSITY TEACHING HOSPITALS NHS TRUST,81337,81319,-18,True
2026-01,2026-02,RWD,UNITED LINCOLNSHIRE TEACHING HOSPITALS NHS TRUST,67360,69051,1691,True
2026-01,2026-02,RWE,UNIVERSITY HOSPITALS OF LEICESTER NHS TRUST,105809,117425,11616,True
2026-01,2026-02,RWF,MAIDSTONE AND TUNBRIDGE WELLS NHS TRUST,49523,50207,684,True
2026-01,2026-02,RWG,WEST HERTFORDSHIRE TEACHING HOSPITALS NHS TRUST,45066,44698,-368,True
2026-01,2026-02,RWH,EAST AND NORTH HERTFORDSHIRE TEACHING NHS TRUST,53111,53765,654,True
2026-01,2026-02,RWJ,STOCKPORT NHS FOUNDATION TRUST,34319,34274,-45,True
2026-01,2026-02,RWP,WORCESTERSHIRE ACUTE HOSPITALS NHS TRUST,56319,55673,-646,True
2026-01,2026-02,RWW,WARRINGTON AND HALTON TEACHING HOSPITALS NHS FOUNDATION TRUST,33246,33689,443,True
2026-01,2026-02,RWX,BERKSHIRE HEALTHCARE NHS FOUNDATION TRUST,102,94,-8,True
2026-01,2026-02,RWY,CALDERDALE AND HUDDERSFIELD NHS FOUNDATION TRUST,35447,35620,173,True
2026-01,2026-02,RX1,NOTTINGHAM UNIVERSITY HOSPITALS NHS TRUST,92782,91720,-1062,True
2026-01,2026-02,RX4,"CUMBRIA, NORTHUMBERLAND, TYNE AND WEAR NHS FOUNDATION TRUST",176,183,7,True
2026-01,2026-02,RXC,EAST SUSSEX HEALTHCARE NHS TRUST,59716,59724,8,True
2026-01,2026-02,RXF,MID YORKSHIRE TEACHING NHS TRUST,54322,53785,-537,True
2026-01,2026-02,RXG,SOUTH WEST YORKSHIRE PARTNERSHIP NHS FOUNDATION TRUST,4029,4127,98,True
2026-01,2026-02,RXK,SANDWELL AND WEST BIRMINGHAM HOSPITALS NHS TRUST,64236,66872,2636,True
2026-01,2026-02,RXL,BLACKPOOL TEACHING HOSPITALS NHS FOUNDATION TRUST,42257,42962,705,True
2026-01,2026-02,RXN,LANCASHIRE TEACHING HOSPITALS NHS FOUNDATION TRUST,63320,64093,773,True
2026-01,2026-02,RXP,COUNTY DURHAM AND DARLINGTON NHS FOUNDATION TRUST,42122,42294,172,True
2026-01,2026-02,RXQ,BUCKINGHAMSHIRE HEALTHCARE NHS TRUST,47010,46076,-934,True
2026-01,2026-02,RXR,EAST LANCASHIRE HOSPITALS NHS TRUST,51475,50332,-1143,True
2026-01,2026-02,RXW,THE SHREWSBURY AND TELFORD HOSPITAL NHS TRUST,33637,33359,-278,True
2026-01,2026-02,RYJ,IMPERIAL COLLEGE HEALTHCARE NHS TRUST,88338,87373,-965,True
2026-01,2026-02,RYR,UNIVERSITY HOSPITALS SUSSEX NHS FOUNDATION TRUST,116178,114053,-2125,True
2026-01,2026-02,RYW,BIRMINGHAM COMMUNITY HEALTHCARE NHS FOUNDATION TRUST,15359,14817,-542,True
2026-01,2026-02,RYY,KENT COMMUNITY HEALTH NHS FOUNDATION TRUST,3960,4126,166,True
2026-01,2026-02,S0L9O,ACES BIRMINGHAM,16,18,2,True
2026-01,2026-02,S1Z4X,NEWMEDICA - BIRMINGHAM,836,871,35,True
2026-01,2026-02,S3H9L,THE HAMPTONS HOSPITAL LTD,1669,1383,-286,True
2026-01,2026-02,S4E3I,MIDLAND EYE (EYE-DOCS LTD),564,621,57,True
2026-01,2026-02,S5E5Y,HCRG CARE DERMATOLOGY THE IRONSTONE CENTRE,1027,1012,-15,True
2026-01,2026-02,S8O6A,ACES MANCHESTER TRAFFORD,4,3,-1,True
2026-01,2026-02,T1I9W,ACES LINCOLN,3,6,3,True
2026-01,2026-02,T1T4S,ACES BRISTOL,61,78,17,True
2026-01,2026-02,T4I8V,SPAMEDICA CHESTERFIELD,161,166,5,True
2026-01,2026-02,T8R5I,SPAMEDICA WOKINGHAM,232,271,39,True
2026-01,2026-02,T8V3L,SPAMEDICA DONCASTER,167,262,95,True
2026-01,2026-02,TAD,BRADFORD DISTRICT CARE NHS FOUNDATION TRUST,666,616,-50,True
2026-01,2026-02,U0K8N,CES MEDICAL,88,68,-20,True
2026-01,2026-02,U1P4Z,ACES MILTON KEYNES,130,162,32,True
2026-01,2026-02,U6A5N,ACES CHISWICK,9,9,0,True
2026-01,2026-02,V3J9W,PASTEL HEALTH,49,56,7,True
2026-01,2026-02,V4U1Y,SPAMEDICA CHESTER,204,236,32,True
2026-01,2026-02,V5F1D,SPAMEDICA TELFORD,373,392,19,True
2026-01,2026-02,V8A3H,SPAMEDICA SHEFFIELD COMMUNITY DIAGNOSTIC & TREATMENT CENTRE,1,0,-1,False
2026-01,2026-02,V8N5R,SPAMEDICA DALSTON,350,359,9,True
2026-01,2026-02,W7J4C,ACES MANCHESTER,109,106,-3,True
2026-01,2026-02,X0R3Y,ACES LEEDS KING STREET,22,25,3,True
2026-01,2026-02,X1M4L,ACES MAIDSTONE,3,2,-1,True
2026-01,2026-02,X7M7U,ACES LAKESIDE,7,7,0,True
2026-01,2026-02,X7Y2H,ACES WILMSLOW,12,10,-2,True
2026-01,2026-02,Y7W8F,ACES SOUTHAMPTON - EAST ST,7,14,7,True
2026-01,2026-02,Y8L9S,SPAMEDICA BROMLEY,324,449,125,True
2026-01,2026-02,Y9S1N,FAIRFIELD INDEPENDENT HOSPITAL,2097,1985,-112,True
2026-01,2026-02,Z1E5F,NEWMEDICA - HARROGATE,222,225,3,True
2026-01,2026-02,Z2L9B,NEWMEDICA - MANCHESTER WEST,379,366,-13,True
2026-01,2026-02,Z4F8Y,ACES DARTFORD,293,363,70,True
2026-01,2026-02,Z5J5V,SPAMEDICA HAYDOCK,248,273,25,True
2026-01,2026-02,Z9Z1G,SPAMEDICA GATESHEAD,338,449,111,True
2026-02,2026-03,A0C5S,SPAMEDICA GLOUCESTER,68,64,-4,True
2026-02,2026-03,A1D1B,SPAMEDICA WEMBLEY,380,391,11,True
2026-02,2026-03,A1S9E,OPTEGRA EYE HOSPITAL YORK,0,472,472,False
2026-02,2026-03,A1U4J,SPAMEDICA PORTSMOUTH,211,196,-15,True
2026-02,2026-03,A4M8P,BUCKSHAW HOSPITAL,2911,2848,-63,True
2026-02,2026-03,A4Q9X,NEWMEDICA LEICESTER,877,871,-6,True
2026-02,2026-03,A4Y8X,ACES NOTTINGHAM,37,28,-9,True
2026-02,2026-03,A5E1F,OPTEGRA EYE HOSPITAL PRESTON,0,233,233,False
2026-02,2026-03,A6U7U,OPTEGRA EYE HOSPITAL NOTTINGHAM,0,75,75,False
2026-02,2026-03,A8L1O,OPTEGRA EYE HOSPITAL LEICESTER,0,121,121,False
2026-02,2026-03,A9P5F,ACES WHITE CITY,108,107,-1,True
2026-02,2026-03,AAH,TETBURY HOSPITAL TRUST LTD,306,257,-49,True
2026-02,2026-03,AAV,COMMUNITY HEALTH AND EYECARE LIMITED,4915,5310,395,True
2026-02,2026-03,ACG08,NEWMEDICA OPHTHALMOLOGY - NUNEATON - CAMP HILL - GP LED HEALTH CENTRE,7,17,10,True
2026-02,2026-03,ACG12,NEWMEDICA COMMUNITY OPHTHALMOLOGY - NORTH EAST LINCOLNSHIRE - GRIMSBY,1097,1057,-40,True
2026-02,2026-03,ACG13,NEWMEDICA - GLOUCESTER (ASPEN MEDICAL CENTRE),516,526,10,True
2026-02,2026-03,ACG19,NEWMEDICA COMMUNITY OPHTHALMOLOGY - LEEDS,713,645,-68,True
2026-02,2026-03,ACG20,NEWMEDICA - BRISTOL - LITFIELD HOUSE,464,402,-62,True
2026-02,2026-03,ACG22,NEWMEDICA - BRIGG - RIVERSIDE SURGERY,881,890,9,True
2026-02,2026-03,ACG24,NEWMEDICA - TEESSIDE - NORTH ORMESBY,1413,1369,-44,True
2026-02,2026-03,ACG26,NEWMEDICA - NORTH DERBYSHIRE - MIDLAND COURT,1185,1241,56,True
2026-02,2026-03,ACG30,NEWMEDICA - WORKSOP - DUKERIES,129,162,33,True
2026-02,2026-03,ACG31,NEWMEDICA - WORCESTER,678,814,136,True
2026-02,2026-03,ACG36,NEWMEDICA - EXETER - GLEN HOUSE,399,383,-16,True
2026-02,2026-03,ACG37,NEWMEDICA - IPSWICH,1110,1169,59,True
2026-02,2026-03,ACG38,NEWMEDICA - LANGFORD,431,404,-27,True
2026-02,2026-03,ACG40,NEWMEDICA - WAKEFIELD,578,609,31,True
2026-02,2026-03,ACM,EYE CARE MEDICAL LTD,13,7,-6,True
2026-02,2026-03,ADP02,KIMS HOSPITAL (NEWNHAM COURT),1464,1377,-87,True
2026-02,2026-03,AHP,ST MICHAEL'S CLINIC LIMITED,1723,1716,-7,True
2026-02,2026-03,AJ8,THE GRANGE MEDICAL CENTRE HQ,133,237,104,True
2026-02,2026-03,AQK,VERNOVA HEALTHCARE COMMUNITY INTEREST COMPANY,271,293,22,True
2026-02,2026-03,AVQ01,ONE ASHFORD HOSPITAL,986,995,9,True
2026-02,2026-03,AVQ03,ONE HATFIELD HOSPITAL,447,212,-235,True
2026-02,2026-03,AWR,ONE STOP DOCTORS LIMITED,440,521,81,True
2026-02,2026-03,AY1,MEDEFER,238,246,8,True
2026-02,2026-03,B1A5K,NEWMEDICA - NOTTINGHAM,601,634,33,True
2026-02,2026-03,B3M1X,CLAREMONT PRIVATE HOSPITAL,2596,2748,152,True
2026-02,2026-03,B4N1U,SPAMEDICA ROMFORD,593,793,200,True
2026-02,2026-03,B5M7B,NEWMEDICA - NORWICH,1530,1611,81,True
2026-02,2026-03,B6Z0N,OPTEGRA EYE HOSPITAL UTTOXETER,0,258,258,False
2026-02,2026-03,B9J4U,SPAMEDICA PETERBOROUGH,506,504,-2,True
2026-02,2026-03,B9M3W,SPAMEDICA SOUTHAMPTON,514,454,-60,True
2026-02,2026-03,C3Y0A,SPAMEDICA BLACKPOOL,147,171,24,True
2026-02,2026-03,C5Y9L,NEWMEDICA - BERKSHIRE - BRACKNELL,124,164,40,True
2026-02,2026-03,C9A7J,NEWMEDICA - BRADFORD & HUDDERSFIELD,589,685,96,True
2026-02,2026-03,D0V5X,NEWMEDICA - SWINDON MURDOCK ROAD,145,148,3,True
2026-02,2026-03,D0Y2J,OPTEGRA AT HAVANT HEALTH CENTRE (HAVANT),0,25,25,False
2026-02,2026-03,D1V5N,ACES BOLTON,1,0,-1,False
2026-02,2026-03,D2L5T,ACES LIVERPOOL,67,72,5,True
2026-02,2026-03,D3O0Z,PLYMOUTH NEWMEDICA LTD,502,537,35,True
2026-02,2026-03,D5P5H,SPAMEDICA BEXHILL,243,175,-68,True
2026-02,2026-03,D9E5L,OPTEGRA EYE HOSPITAL BRIGHTON,0,758,758,False
2026-02,2026-03,DFQ,NORWICH & NORFOLK SURGICAL LTD (N2S),1058,1127,69,True
2026-02,2026-03,DFY01,COTSWOLDS SURGICAL PARTNERS,278,294,16,True
2026-02,2026-03,DJH01,THE ROYAL BUCKINGHAMSHIRE HOSPITAL LTD,41,35,-6,True
2026-02,2026-03,DPK,THE STONEYGATE EYE HOSPITAL,641,674,33,True
2026-02,2026-03,DTT,PHOENIX PUBLIC HEALTH LTD,156,145,-11,True
2026-02,2026-03,DX1,THE NEW FOSCOTE HOSPITAL LTD,302,342,40,True
2026-02,2026-03,DXN,MODALITY LLP,0,264,264,False
2026-02,2026-03,DXV,OMNES HEALTHCARE LTD,11578,12475,897,True
2026-02,2026-03,E1U4T,SPAMEDICA CARLISLE,600,738,138,True
2026-02,2026-03,E3D4A,SPAMEDICA TRURO,302,308,6,True
2026-02,2026-03,E4K5T,OPTEGRA EYE HOSPITAL NEWCASTLE,0,436,436,False
2026-02,2026-03,E6F9I,ACES BRADFORD,2,1,-1,True
2026-02,2026-03,F0R0W,NEWMEDICA - DARLINGTON,76,73,-3,True
2026-02,2026-03,F1Y1H,NEWMEDICA - CHESHIRE OAKS,623,636,13,True
2026-02,2026-03,F2C9F,ACES HARLEY STREET,3,2,-1,True
2026-02,2026-03,F4B0R,SPAMEDICA GUILDFORD,14,19,5,True
2026-02,2026-03,F7B2B,ANGLIA COMMUNITY EYE SERVICE - BURY ST EDMUNDS,16,13,-3,True
2026-02,2026-03,F7F6D,NEWMEDICA - HERTFORSHIRE - WELWYN GARDEN CITY,1001,832,-169,True
2026-02,2026-03,F9Z4V,CIRCLE READING HOSPITAL,1734,1817,83,True
2026-02,2026-03,G3E7R,OPTEGRA EYE HOSPITAL MAIDSTONE,0,472,472,False
2026-02,2026-03,G3O5P,SPAMEDICA NEWARK,570,540,-30,True
2026-02,2026-03,G3Q3Z,NUFFIELD HEALTH HIGHGATE HOSPITAL,858,956,98,True
2026-02,2026-03,G3Z1Q,SULIS HOSPITAL BATH (FOXCOTE AVENUE),3726,3640,-86,True
2026-02,2026-03,G4H0I,NEWMEDICA SUFFOLK - BURY ST EDMUNDS - CLARITY HOUSE,626,642,16,True
2026-02,2026-03,G5X2Q,SPAMEDICA NORTH TYNESIDE,381,425,44,True
2026-02,2026-03,G6S7A,SPAMEDICA TAUNTON,817,788,-29,True
2026-02,2026-03,GEC01,RAPID INVESTIGATION SERVICE,95,104,9,True
2026-02,2026-03,H1T2P,SPAMEDICA SWINDON,73,83,10,True
2026-02,2026-03,H2K1G,NEWMEDICA - BROMSGROVE,331,390,59,True
2026-02,2026-03,H3W7Q,ACES CHELMSFORD,72,68,-4,True
2026-02,2026-03,H4I8B,NUFFIELD HEALTH THE HOLLY HOSPITAL,3720,4143,423,True
2026-02,2026-03,H4J9P,NEWMEDICA AZTEC WEST,1017,841,-176,True
2026-02,2026-03,H4Y7F,SPAMEDICA DORCHESTER,321,494,173,True
2026-02,2026-03,H7X1I,ANGLIA COMMUNITY EYE SERVICE - CAMBRIDGE,260,274,14,True
2026-02,2026-03,I1H7K,SPAMEDICA SALE,167,203,36,True
2026-02,2026-03,I2C7H,SPAMEDICA BRADFORD,222,179,-43,True
2026-02,2026-03,I7G8X,ACES NEWCASTLE,33,31,-2,True
2026-02,2026-03,I7Q4A,OPTEGRA EYE HOSPITAL WEST LONDON,0,560,560,False
2026-02,2026-03,I9A4A,SPAMEDICA BRIGHTON,287,215,-72,True
2026-02,2026-03,J0M7P,SPAMEDICA HEREFORD DIAGNOSTIC AND TREATMENT CENTRE,24,25,1,True
2026-02,2026-03,J2H6H,SPAMEDICA COLCHESTER,184,150,-34,True
2026-02,2026-03,J3J8Z,NEWMEDICA - OXFORDSHIRE,726,815,89,True
2026-02,2026-03,J3X4C,SPAMEDICA WORCESTER,368,370,2,True
2026-02,2026-03,J7V1N,SPAMEDICA SOLIHULL,460,466,6,True
2026-02,2026-03,K3V9U,SPAMEDICA STEVENAGE COMMUNITY DIAGNOSTIC & TREATMENT CENTRE,7,5,-2,True
2026-02,2026-03,K7J9E,ANGLIA COMMUNITY EYE SERVICE - NORWICH,12,15,3,True
2026-02,2026-03,K8I4X,GLENDON WOOD HOSPITAL,1299,1341,42,True
2026-02,2026-03,K9J3O,SPAMEDICA LUTON,221,158,-63,True
2026-02,2026-03,L0D9W,NEWMEDICA - GLOUCESTER (BRIGHOUSE COURT),1264,1386,122,True
2026-02,2026-03,L4R3R,NEWMEDICA - HAMPSHIRE,2462,2322,-140,True
2026-02,2026-03,L6O7H,SPAMEDICA POOLE,756,998,242,True
2026-02,2026-03,L9D3Z,SPAMEDICA LEICESTER,334,340,6,True
2026-02,2026-03,M0N7E,SPAMEDICA SITTINGBOURNE,176,189,13,True
2026-02,2026-03,M2O7D,OPTEGRA EYE HOSPITAL COLCHESTER,0,339,339,False
2026-02,2026-03,M2Y6D,PRACTICE PLUS GROUP HOSPITAL BIRMINGHAM,1269,1404,135,True
2026-02,2026-03,M3R0W,SPAMEDICA NORWICH,393,346,-47,True
2026-02,2026-03,M4C5R,NEWMEDICA - NORTHAMPTON,1248,1404,156,True
2026-02,2026-03,M5E1S,SPAMEDICA EXETER,336,328,-8,True
2026-02,2026-03,M6L9D,NEWMEDICA - NOTTINGHAM - KEYWORTH,8,6,-2,True
2026-02,2026-03,M7C9Q,SPAMEDICA EPSOM,345,336,-9,True
2026-02,2026-03,M9U8M,ENDOCARE DIAGNOSTICS LTD,124,83,-41,True
2026-02,2026-03,N1L8R,ACES MANCHESTER ST JOHNS STREET,11,13,2,True
2026-02,2026-03,N1M9Z,ACES EXETER,47,49,2,True
2026-02,2026-03,N1N0Y,SPAMEDICA CROYDON,161,157,-4,True
2026-02,2026-03,N6Z0R,NEWMEDICA - LINCOLN,31,33,2,True
2026-02,2026-03,N8R1N,NEWMEDICA - BERKSHIRE,1567,1515,-52,True
2026-02,2026-03,N8Z8E,ACES TORQUAY,5,3,-2,True
2026-02,2026-03,NAM01,PROBUS SURGICAL CENTRE,883,828,-55,True
2026-02,2026-03,NCN,DMC HEALTHCARE,1328,1227,-101,True
2026-02,2026-03,NCR,ISIGHT,1432,1411,-21,True
2026-02,2026-03,NDJ,FIRST COMMUNITY HEALTH AND CARE CIC,729,860,131,True
2026-02,2026-03,NDL01,SUFFOLK GP FEDERATION,181,66,-115,True
2026-02,2026-03,NEQ,PHOENIX HEALTH SOLUTIONS LIMITED HQ,613,589,-24,True
2026-02,2026-03,NEY,PIONEER HEALTHCARE LIMITED,480,715,235,True
2026-02,2026-03,NFH,SOMERSET SURGICAL SERVICES HQ,1400,1504,104,True
2026-02,2026-03,NHW,STANDARD HEALTH LTD,82,120,38,True
2026-02,2026-03,NID,THE LIVING CARE GROUP,0,232,232,False
2026-02,2026-03,NL3,CARE PLUS GROUP,183,185,2,True
2026-02,2026-03,NL8,LOCALA COMMUNITY PARTNERSHIPS CIC,1196,1249,53,True
2026-02,2026-03,NLE01,LANCASTER HOUSE CONSULTING DIAGNOSTICS SURGICAL LTD HQ,1285,1200,-85,True
2026-02,2026-03,NLG,COMMUNITAS CLINICS,4004,4469,465,True
2026-02,2026-03,NLX,SIRONA CARE & HEALTH,6108,5776,-332,True
2026-02,2026-03,NMG,CORA HEALTH MSK (FORMERLY CONNECT HEALTH LTD),16531,18453,1922,True
2026-02,2026-03,NN4,TYNESIDE SURGICAL SERVICES LTD,1388,1417,29,True
2026-02,2026-03,NN5,MANCHESTER SURGICAL SERVICES LTD,326,380,54,True
2026-02,2026-03,NN8,SPENCER PRIVATE HOSPITALS LTD,3603,3581,-22,True
2026-02,2026-03,NNE,DORKING HEALTHCARE LIMITED (DHC),6598,6519,-79,True
2026-02,2026-03,NNH,OPTEGRA UK,7868,0,-7868,False
2026-02,2026-03,NNH02,OPTEGRA YORKSHIRE EYE HOSPITAL,0,634,634,False
2026-02,2026-03,NNH03,OPTEGRA (SURREY EYE HOSPITAL),0,859,859,False
2026-02,2026-03,NNH04,OPTEGRA (MANCHESTER EYE HOSPITAL),0,814,814,False
2026-02,2026-03,NNH05,OPTEGRA (BIRMINGHAM EYE HOSPITAL),0,682,682,False
2026-02,2026-03,NNH06,OPTEGRA (SOLENT EYE HOSPITAL),0,647,647,False
2026-02,2026-03,NNH07,OPTEGRA LONDON EYE HOSPITAL,0,874,874,False
2026-02,2026-03,NP9,BESPOKE HEALTHCARE LTD,458,423,-35,True
2026-02,2026-03,NPG01,SPAMEDICA MANCHESTER,361,357,-4,True
2026-02,2026-03,NPG02,SPAMEDICA WIRRAL,341,358,17,True
2026-02,2026-03,NPG06,SPAMEDICA LIVERPOOL,454,393,-61,True
2026-02,2026-03,NPG07,SPAMEDICA EYE HOSPITAL (WAKEFIELD),639,561,-78,True
2026-02,2026-03,NPG08,SPAMEDICA BOLTON,685,698,13,True
2026-02,2026-03,NPG10,SPAMEDICA SHEFFIELD,425,379,-46,True
2026-02,2026-03,NPG11,SPAMEDICA BIRMINGHAM,864,785,-79,True
2026-02,2026-03,NPG13,SPAMEDICA SKELMERSDALE,78,86,8,True
2026-02,2026-03,NPG14,SPAMEDICA WIDNES,254,283,29,True
2026-02,2026-03,NPG15,SPAMEDICA NEWCASTLE-UNDER-LYME,289,315,26,True
2026-02,2026-03,NPG16,SPAMEDICA CHELMSFORD,673,801,128,True
2026-02,2026-03,NPG17,SPAMEDICA PRESTON,273,299,26,True
2026-02,2026-03,NPG18,SPAMEDICA HULL,384,327,-57,True
2026-02,2026-03,NPG19,SPAMEDICA BEDFORD,319,251,-68,True
2026-02,2026-03,NPG20,SPAMEDICA WOLVERHAMPTON,575,661,86,True
2026-02,2026-03,NPG21,SPAMEDICA COVENTRY,536,507,-29,True
2026-02,2026-03,NPG22,SPAMEDICA STOCKTON-ON-TEES,431,462,31,True
2026-02,2026-03,NPG23,SPAMEDICA DERBY,395,476,81,True
2026-02,2026-03,NPR01,ABOUT HEALTH HQ,1347,1635,288,True
2026-02,2026-03,NQH,NOVUS HEALTH LTD,824,765,-59,True
2026-02,2026-03,NQM01,ORTHOPAEDICS & SPINE SPECIALIST HOSPITAL SITE,153,237,84,True
2026-02,2026-03,NQT5K,ST MARTINS HOSPITAL,144,149,5,True
2026-02,2026-03,NQX,PROVIDE ENTERPRISES,144,152,8,True
2026-02,2026-03,NR5,LIVEWELL SOUTHWEST,85,68,-17,True
2026-02,2026-03,NRF,UNIVERSITY OF SOUTHAMPTON AUDITORY IMPLANT SERVICE,197,191,-6,True
2026-02,2026-03,NRL,HEART NETWORKS,880,993,113,True
2026-02,2026-03,NRP,BEACON MEDICAL SERVICES GROUP LIMITED,4158,4433,275,True
2026-02,2026-03,NT202,"NUFFIELD HEALTH, BOURNEMOUTH HOSPITAL",471,560,89,True
2026-02,2026-03,NT204,"NUFFIELD HEALTH, BRENTWOOD HOSPITAL",7,10,3,True
2026-02,2026-03,NT205,"NUFFIELD HEALTH, BRIGHTON HOSPITAL",826,827,1,True
2026-02,2026-03,NT206,"NUFFIELD HEALTH, BRISTOL HOSPITAL (CHESTERFIELD)",740,755,15,True
2026-02,2026-03,NT209,"NUFFIELD HEALTH, CAMBRIDGE HOSPITAL",243,207,-36,True
2026-02,2026-03,NT210,"NUFFIELD HEALTH, THE GROSVENOR HOSPITAL, CHESTER",502,409,-93,True
2026-02,2026-03,NT211,"NUFFIELD HEALTH, CHELTENHAM HOSPITAL",56,30,-26,True
2026-02,2026-03,NT212,"NUFFIELD HEALTH, CHICHESTER HOSPITAL",479,427,-52,True
2026-02,2026-03,NT213,"NUFFIELD HEALTH, DERBY HOSPITAL",1157,1162,5,True
2026-02,2026-03,NT214,"NUFFIELD HEALTH, WESSEX HOSPITAL",553,610,57,True
2026-02,2026-03,NT215,"NUFFIELD HEALTH, EXETER HOSPITAL",499,416,-83,True
2026-02,2026-03,NT216,"NUFFIELD HEALTH, GUILDFORD HOSPITAL",110,141,31,True
2026-02,2026-03,NT218,"NUFFIELD HEALTH, HAYWARDS HEATH HOSPITAL",447,432,-15,True
2026-02,2026-03,NT219,"NUFFIELD HEALTH, HEREFORD HOSPITAL",457,487,30,True
2026-02,2026-03,NT224,"NUFFIELD HEALTH, WARWICKSHIRE HOSPITAL",349,399,50,True
2026-02,2026-03,NT226,"NUFFIELD HEALTH, LEICESTER HOSPITAL",448,465,17,True
2026-02,2026-03,NT229,"NUFFIELD HEALTH, NEWCASTLE UPON TYNE HOSPITAL",546,518,-28,True
2026-02,2026-03,NT230,"NUFFIELD HEALTH, NORTH STAFFORDSHIRE HOSPITAL",1145,1328,183,True
2026-02,2026-03,NT233,"NUFFIELD HEALTH, PLYMOUTH HOSPITAL",933,887,-46,True
2026-02,2026-03,NT235,"NUFFIELD HEALTH, SHREWSBURY HOSPITAL",550,462,-88,True
2026-02,2026-03,NT237,"NUFFIELD HEALTH, TEES HOSPITAL",1548,1642,94,True
2026-02,2026-03,NT238,"NUFFIELD HEALTH, TAUNTON HOSPITAL",483,467,-16,True
2026-02,2026-03,NT239,"NUFFIELD HEALTH, TUNBRIDGE WELLS HOSPITAL",198,72,-126,True
2026-02,2026-03,NT241,"NUFFIELD HEALTH, WOKING HOSPITAL",267,328,61,True
2026-02,2026-03,NT242,"NUFFIELD HEALTH, WOLVERHAMPTON HOSPITAL",647,606,-41,True
2026-02,2026-03,NT244,NUFFIELD HOSPITAL OXFORD (THE MANOR),101,92,-9,True
2026-02,2026-03,NT245,"NUFFIELD HEALTH, YORK HOSPITAL",1147,1146,-1,True
2026-02,2026-03,NT301,SPIRE SOUTH BANK HOSPITAL,925,842,-83,True
2026-02,2026-03,NT302,SPIRE BRISTOL HOSPITAL,843,755,-88,True
2026-02,2026-03,NT304,SPIRE SOUTHAMPTON HOSPITAL,358,352,-6,True
2026-02,2026-03,NT305,SPIRE PORTSMOUTH HOSPITAL,478,460,-18,True
2026-02,2026-03,NT308,SPIRE GATWICK PARK HOSPITAL,1214,1274,60,True
2026-02,2026-03,NT30A,SPIRE NOTTINGHAM HOSPITAL,744,695,-49,True
2026-02,2026-03,NT312,SPIRE ALEXANDRA HOSPITAL,1241,1107,-134,True
2026-02,2026-03,NT313,SPIRE WELLESLEY HOSPITAL,1347,1170,-177,True
2026-02,2026-03,NT314,SPIRE LONDON EAST,2787,3296,509,True
2026-02,2026-03,NT315,SPIRE BUSHEY HOSPITAL,1132,1249,117,True
2026-02,2026-03,NT316,SPIRE HARPENDEN HOSPITAL,779,907,128,True
2026-02,2026-03,NT317,SPIRE CAMBRIDGE LEA HOSPITAL,260,316,56,True
2026-02,2026-03,NT318,SPIRE NORWICH HOSPITAL,639,957,318,True
2026-02,2026-03,NT319,SPIRE HARTSWOOD HOSPITAL,1377,1175,-202,True
2026-02,2026-03,NT320,SPIRE PARKWAY HOSPITAL,1435,1476,41,True
2026-02,2026-03,NT321,SPIRE LITTLE ASTON HOSPITAL,1474,1339,-135,True
2026-02,2026-03,NT322,SPIRE LEICESTER HOSPITAL,1317,1240,-77,True
2026-02,2026-03,NT324,SPIRE CHESHIRE HOSPITAL,1338,1111,-227,True
2026-02,2026-03,NT325,SPIRE MURRAYFIELD HOSPITAL,912,829,-83,True
2026-02,2026-03,NT327,SPIRE MANCHESTER HOSPITAL,994,894,-100,True
2026-02,2026-03,NT332,SPIRE LEEDS HOSPITAL,925,787,-138,True
2026-02,2026-03,NT333,SPIRE WASHINGTON HOSPITAL,1596,1642,46,True
2026-02,2026-03,NT337,SPIRE LIVERPOOL HOSPITAL,2857,2578,-279,True
2026-02,2026-03,NT339,SPIRE REGENCY HOSPITAL,1967,2057,90,True
2026-02,2026-03,NT343,SPIRE THAMES VALLEY HOSPITAL,462,493,31,True
2026-02,2026-03,NT344,SPIRE DUNEDIN HOSPITAL,340,303,-37,True
2026-02,2026-03,NT345,SPIRE CLARE PARK HOSPITAL,488,454,-34,True
2026-02,2026-03,NT347,SPIRE FYLDE COAST HOSPITAL,4981,3347,-1634,True
2026-02,2026-03,NT348,SPIRE ELLAND HOSPITAL,1503,1282,-221,True
2026-02,2026-03,NT350,SPIRE METHLEY PARK HOSPITAL,994,917,-77,True
2026-02,2026-03,NT351,SPIRE HULL AND EAST RIDING HOSPITAL,2635,2525,-110,True
2026-02,2026-03,NT364,SPIRE MONTEFIORE HOSPITAL,751,610,-141,True
2026-02,2026-03,NT3X3,SPIRE ST ANTHONY'S HOSPITAL,930,1064,134,True
2026-02,2026-03,NT401,ALEXANDRA HOSPITAL,922,778,-144,True
2026-02,2026-03,NT402,BATH CLINIC,776,748,-28,True
2026-02,2026-03,NT403,BEARDWOOD HOSPITAL,2305,2362,57,True
2026-02,2026-03,NT404,BEAUMONT HOSPITAL,3149,3115,-34,True
2026-02,2026-03,NT405,BISHOPS WOOD HOSPITAL,573,521,-52,True
2026-02,2026-03,NT406,BLACKHEATH HOSPITAL,1541,1510,-31,True
2026-02,2026-03,NT408,CHAUCER HOSPITAL,951,921,-30,True
2026-02,2026-03,NT409,CHELSFIELD PARK HOSPITAL,765,768,3,True
2026-02,2026-03,NT410,CHILTERN HOSPITAL,412,421,9,True
2026-02,2026-03,NT411,CLEMENTINE CHURCHILL HOSPITAL,1964,2005,41,True
2026-02,2026-03,NT412,DROITWICH SPA HOSPITAL,1739,1563,-176,True
2026-02,2026-03,NT416,HENDON HOSPITAL,1130,1128,-2,True
2026-02,2026-03,NT417,GORING HALL HOSPITAL,829,784,-45,True
2026-02,2026-03,NT418,HAMPSHIRE CLINIC,298,319,21,True
2026-02,2026-03,NT419,HARBOUR HOSPITAL,182,194,12,True
2026-02,2026-03,NT420,HIGHFIELD HOSPITAL,909,932,23,True
2026-02,2026-03,NT421,KINGS OAK HOSPITAL,1140,1125,-15,True
2026-02,2026-03,NT422,LONDON INDEPENDENT HOSPITAL,3864,3735,-129,True
2026-02,2026-03,NT423,MANOR HOSPITAL,542,660,118,True
2026-02,2026-03,NT424,MERIDEN HOSPITAL,1765,1834,69,True
2026-02,2026-03,NT427,PARK HOSPITAL,1928,1973,45,True
2026-02,2026-03,NT428,PRINCESS MARGARET HOSPITAL,89,71,-18,True
2026-02,2026-03,NT429,PRIORY HOSPITAL,614,669,55,True
2026-02,2026-03,NT430,RIDGEWAY HOSPITAL,360,448,88,True
2026-02,2026-03,NT431,RUNNYMEDE HOSPITAL,149,182,33,True
2026-02,2026-03,NT433,SARUM ROAD HOSPITAL,373,343,-30,True
2026-02,2026-03,NT434,SAXON CLINIC,698,688,-10,True
2026-02,2026-03,NT435,SHELBURNE HOSPITAL,189,180,-9,True
2026-02,2026-03,NT436,SHIRLEY OAKS HOSPITAL,900,968,68,True
2026-02,2026-03,NT437,SLOANE HOSPITAL,853,863,10,True
2026-02,2026-03,NT440,THORNBURY HOSPITAL,662,712,50,True
2026-02,2026-03,NT441,THREE SHIRES HOSPITAL,3537,3631,94,True
2026-02,2026-03,NT443,WINTERBOURNE HOSPITAL,423,402,-21,True
2026-02,2026-03,NT445,EDGBASTON HOSPITAL,1,1,0,True
2026-02,2026-03,NT446,ST EDMUNDS HOSPITAL,579,545,-34,True
2026-02,2026-03,NT447,DUCHY HOSPITAL,266,289,23,True
2026-02,2026-03,NT448,HUDDERSFIELD PRIVATE HOSPITAL,821,974,153,True
2026-02,2026-03,NT449,LANCASTER PRIVATE HOSPITAL,336,332,-4,True
2026-02,2026-03,NT450,LINCOLN PRIVATE HOSPITAL,1230,1126,-104,True
2026-02,2026-03,NT451,CAVELL HOSPITAL,1269,1348,79,True
2026-02,2026-03,NT455,MOUNT ALVERNIA HOSPITAL,237,223,-14,True
2026-02,2026-03,NT457,WOODLANDS HOSPITAL,2510,2661,151,True
2026-02,2026-03,NT490,SOUTHEND PRIVATE HOSPITAL,1363,1038,-325,True
2026-02,2026-03,NTE02,ST HUGH'S HOSPITAL,1983,1941,-42,True
2026-02,2026-03,NTP11,PRACTICE PLUS GROUP HOSPITAL - SOUTHAMPTON,9590,10619,1029,True
2026-02,2026-03,NTP13,PRACTICE PLUS GROUP HOSPITAL - BARLBOROUGH,1964,1953,-11,True
2026-02,2026-03,NTP15,PRACTICE PLUS GROUP HOSPITAL - ILFORD,4822,4719,-103,True
2026-02,2026-03,NTP16,PRACTICE PLUS GROUP SURGICAL CENTRE - GILLINGHAM,945,1030,85,True
2026-02,2026-03,NTPAD,PRACTICE PLUS GROUP SURGICAL CENTRE - ST MARYS PORTSMOUTH,1968,1863,-105,True
2026-02,2026-03,NTPAE,PRACTICE PLUS GROUP OPHTHALMOLOGY - NORTH WEST,1338,1585,247,True
2026-02,2026-03,NTPH1,PRACTICE PLUS GROUP HOSPITAL - SHEPTON MALLET,2816,2705,-111,True
2026-02,2026-03,NTPH2,PRACTICE PLUS GROUP HOSPITAL - EMERSONS GREEN,5079,5173,94,True
2026-02,2026-03,NTPH3,PRACTICE PLUS GROUP SURGICAL CENTRE - DEVIZES,3096,2913,-183,True
2026-02,2026-03,NTPH5,PRACTICE PLUS GROUP HOSPITAL - PLYMOUTH,1668,1571,-97,True
2026-02,2026-03,NTX,THE ONE HEALTH GROUP PLC,5498,5728,230,True
2026-02,2026-03,NV1,INHEALTH LIMITED,774,1014,240,True
2026-02,2026-03,NVC01,ASHTEAD HOSPITAL,967,1033,66,True
2026-02,2026-03,NVC02,THE BERKSHIRE INDEPENDENT HOSPITAL,1012,1095,83,True
2026-02,2026-03,NVC04,DUCHY HOSPITAL,1776,1620,-156,True
2026-02,2026-03,NVC05,EUXTON HALL HOSPITAL,3326,3342,16,True
2026-02,2026-03,NVC06,FITZWILLIAM HOSPITAL,6665,6880,215,True
2026-02,2026-03,NVC07,FULWOOD HALL HOSPITAL,4221,4313,92,True
2026-02,2026-03,NVC08,MOUNT STUART HOSPITAL,2288,2311,23,True
2026-02,2026-03,NVC09,NEW HALL HOSPITAL,3454,3426,-28,True
2026-02,2026-03,NVC0I,BEACON PARK HOSPITAL,1237,1443,206,True
2026-02,2026-03,NVC0R,TEES VALLEY HOSPITAL,4254,4304,50,True
2026-02,2026-03,NVC0Y,EXETER MEDICAL,261,256,-5,True
2026-02,2026-03,NVC11,NORTH DOWNS HOSPITAL,1447,1514,67,True
2026-02,2026-03,NVC12,OAKLANDS HOSPITAL,4092,3806,-286,True
2026-02,2026-03,NVC13,OAKS HOSPITAL,1101,1146,45,True
2026-02,2026-03,NVC14,PARK HILL HOSPITAL,726,765,39,True
2026-02,2026-03,NVC15,PINEHILL HOSPITAL,1655,1812,157,True
2026-02,2026-03,NVC16,RENACRES HOSPITAL,5247,5292,45,True
2026-02,2026-03,NVC17,ROWLEY HALL HOSPITAL,2590,2629,39,True
2026-02,2026-03,NVC18,SPRINGFIELD HOSPITAL,5052,4974,-78,True
2026-02,2026-03,NVC19,RIVERS HOSPITAL,4593,4766,173,True
2026-02,2026-03,NVC1H,STOURSIDE HOSPITAL,3316,2961,-355,True
2026-02,2026-03,NVC20,THE YORKSHIRE CLINIC,7190,7414,224,True
2026-02,2026-03,NVC21,WEST MIDLANDS HOSPITAL,479,439,-40,True
2026-02,2026-03,NVC22,WINFIELD HOSPITAL,1127,1115,-12,True
2026-02,2026-03,NVC23,WOODLAND HOSPITAL,5164,5086,-78,True
2026-02,2026-03,NVC25,THE CHERWELL HOSPITAL,2031,2059,28,True
2026-02,2026-03,NVC27,BOSTON WEST HOSPITAL,2405,2408,3,True
2026-02,2026-03,NVC28,CLIFTON PARK HOSPITAL,1527,1443,-84,True
2026-02,2026-03,NVC29,COBALT HOSPITAL,1684,1815,131,True
2026-02,2026-03,NVC31,BLAKELANDS HOSPITAL,2393,2318,-75,True
2026-02,2026-03,NVC40,WOODTHORPE HOSPITAL,3781,3599,-182,True
2026-02,2026-03,NVC44,THE WESTBOURNE CENTRE,3540,3665,125,True
2026-02,2026-03,NVM,EPSOMEDICAL GROUP,2986,3129,143,True
2026-02,2026-03,NWF01,BENENDEN HOSPITAL,1556,1432,-124,True
2026-02,2026-03,NWV01,COHESE HEALTHCARE,839,951,112,True
2026-02,2026-03,NX501,ANGLIA COMMUNITY EYE SERVICE LTD,592,680,88,True
2026-02,2026-03,NX504,ANGLIA COMMUNITY EYE SERVICES FAKENHAM,173,224,51,True
2026-02,2026-03,NX507,ANGLIA COMMUNITY EYE SERVICE - THETFORD HEALTHY LIVING CENTRE,444,179,-265,True
2026-02,2026-03,NXM01,THE HORDER CENTRE - ST JOHNS ROAD,1319,1247,-72,True
2026-02,2026-03,NXP,INDEPENDENT HEALTH GROUP,975,1091,116,True
2026-02,2026-03,NYG,SUSSEX COMMUNITY DERMATOLOGY SERVICE,14455,13362,-1093,True
2026-02,2026-03,NYR,CORA HEALTH DIAGNOSTICS (FORMERLY HEALTHSHARE DIAGNOSTICS),2098,1912,-186,True
2026-02,2026-03,O1B1P,ACES PLYMOUTH,1,2,1,True
2026-02,2026-03,O1P6X,SPAMEDICA OLDHAM,646,628,-18,True
2026-02,2026-03,O5Y9D,SPAMEDICA OXFORD,199,177,-22,True
2026-02,2026-03,O6X7Z,SPAMEDICA CAMBRIDGE,552,524,-28,True
2026-02,2026-03,O9Q4E,ANGLIA COMMUNITY EYE SERVICE - PETERBOROUGH,444,446,2,True
2026-02,2026-03,P0C3F,SPAMEDICA LEEDS,278,271,-7,True
2026-02,2026-03,P1B7M,SPAMEDICA BRISTOL,90,156,66,True
2026-02,2026-03,P1G3N,ACES LEEDS WHITE ROSE,6,6,0,True
2026-02,2026-03,P5Y6K,NEWMEDICA - SHREWSBURY,456,466,10,True
2026-02,2026-03,Q1W6P,SPAMEDICA WATFORD,335,380,45,True
2026-02,2026-03,Q2Y5H,OVIVA UK LTD,9531,9856,325,True
2026-02,2026-03,Q4W9A,ACES SOUTHAMPTON,35,34,-1,True
2026-02,2026-03,Q6V1S,OPTEGRA EYE HOSPITAL SHEFFIELD,0,258,258,False
2026-02,2026-03,Q8X0X,SPAMEDICA ISLE OF WIGHT COMMUNITY DIAGNOSTIC & TREATMENT CENTRE,25,23,-2,True
2026-02,2026-03,R0A,MANCHESTER UNIVERSITY NHS FOUNDATION TRUST,171407,165568,-5839,True
2026-02,2026-03,R0B,SOUTH TYNESIDE AND SUNDERLAND NHS FOUNDATION TRUST,57295,57881,586,True
2026-02,2026-03,R0D,UNIVERSITY HOSPITALS DORSET NHS FOUNDATION TRUST,66112,66498,386,True
2026-02,2026-03,R0F4N,NUFFIELD HEALTH PARKSIDE HOSPITAL,793,821,28,True
2026-02,2026-03,R1A,HEREFORDSHIRE AND WORCESTERSHIRE HEALTH AND CARE NHS TRUST,43,40,-3,True
2026-02,2026-03,R1D,SHROPSHIRE COMMUNITY HEALTH NHS TRUST,7548,8032,484,True
2026-02,2026-03,R1F,ISLE OF WIGHT NHS TRUST,13079,13219,140,True
2026-02,2026-03,R1G7E,SPAMEDICA KENDAL,310,447,137,True
2026-02,2026-03,R1H,BARTS HEALTH NHS TRUST,128237,121430,-6807,True
2026-02,2026-03,R1K,LONDON NORTH WEST UNIVERSITY HEALTHCARE NHS TRUST,83489,81757,-1732,True
2026-02,2026-03,R5J3Z,BORDER HEALTH ALLIANCE LIMITED,510,560,50,True
2026-02,2026-03,R6X7C,SPAMEDICA MACCLESFIELD COMMUNITY DIAGNOSTIC & TREATMENT CENTRE,32,49,17,True
2026-02,2026-03,R7W2O,NEWCASTLE NEWMEDICA LTD,890,895,5,True
2026-02,2026-03,RA2,ROYAL SURREY NHS FOUNDATION TRUST,30012,30331,319,True
2026-02,2026-03,RA7,UNIVERSITY HOSPITALS BRISTOL AND WESTON NHS FOUNDATION TRUST,49836,49624,-212,True
2026-02,2026-03,RA9,TORBAY AND SOUTH DEVON NHS FOUNDATION TRUST,33601,33473,-128,True
2026-02,2026-03,RAE,BRADFORD TEACHING HOSPITALS NHS FOUNDATION TRUST,31261,31444,183,True
2026-02,2026-03,RAJ,MID AND SOUTH ESSEX NHS FOUNDATION TRUST,176856,173933,-2923,True
2026-02,2026-03,RAL,ROYAL FREE LONDON NHS FOUNDATION TRUST,139908,133309,-6599,True
2026-02,2026-03,RAN,ROYAL NATIONAL ORTHOPAEDIC HOSPITAL NHS TRUST,9125,9032,-93,True
2026-02,2026-03,RAS,THE HILLINGDON HOSPITALS NHS FOUNDATION TRUST,33386,32985,-401,True
2026-02,2026-03,RAX,KINGSTON AND RICHMOND NHS FOUNDATION TRUST,44158,43861,-297,True
2026-02,2026-03,RBD,DORSET COUNTY HOSPITAL NHS FOUNDATION TRUST,21134,21492,358,True
2026-02,2026-03,RBK,WALSALL HEALTHCARE NHS TRUST,28527,27301,-1226,True
2026-02,2026-03,RBL,WIRRAL UNIVERSITY TEACHING HOSPITAL NHS FOUNDATION TRUST,46197,43525,-2672,True
2026-02,2026-03,RBN,MERSEY AND WEST LANCASHIRE TEACHING HOSPITALS NHS TRUST,74555,76787,2232,True
2026-02,2026-03,RBQ,LIVERPOOL HEART AND CHEST HOSPITAL NHS FOUNDATION TRUST,5245,5331,86,True
2026-02,2026-03,RBS,ALDER HEY CHILDREN'S NHS FOUNDATION TRUST,15999,15751,-248,True
2026-02,2026-03,RBT,MID CHESHIRE HOSPITALS NHS FOUNDATION TRUST,34544,30569,-3975,True
2026-02,2026-03,RBV,THE CHRISTIE NHS FOUNDATION TRUST,3248,3013,-235,True
2026-02,2026-03,RC9,BEDFORDSHIRE HOSPITALS NHS FOUNDATION TRUST,84432,84240,-192,True
2026-02,2026-03,RCB,YORK AND SCARBOROUGH TEACHING HOSPITALS NHS FOUNDATION TRUST,56639,54964,-1675,True
2026-02,2026-03,RCD,HARROGATE AND DISTRICT NHS FOUNDATION TRUST,19871,20768,897,True
2026-02,2026-03,RCF,AIREDALE NHS FOUNDATION TRUST,14603,14202,-401,True
2026-02,2026-03,RCU,SHEFFIELD CHILDREN'S NHS FOUNDATION TRUST,11069,10811,-258,True
2026-02,2026-03,RCX,"THE QUEEN ELIZABETH HOSPITAL, KING'S LYNN, NHS FOUNDATION TRUST",25345,25029,-316,True
2026-02,2026-03,RD1,ROYAL UNITED HOSPITALS BATH NHS FOUNDATION TRUST,40302,39076,-1226,True
2026-02,2026-03,RD8,MILTON KEYNES UNIVERSITY HOSPITAL NHS FOUNDATION TRUST,35112,33442,-1670,True
2026-02,2026-03,RDE,EAST SUFFOLK AND NORTH ESSEX NHS FOUNDATION TRUST,89252,88571,-681,True
2026-02,2026-03,RDR,SUSSEX COMMUNITY NHS FOUNDATION TRUST,13002,13174,172,True
2026-02,2026-03,RDU,FRIMLEY HEALTH NHS FOUNDATION TRUST,66142,66833,691,True
2026-02,2026-03,REF,ROYAL CORNWALL HOSPITALS NHS TRUST,40839,41856,1017,True
2026-02,2026-03,REM,LIVERPOOL UNIVERSITY HOSPITALS NHS FOUNDATION TRUST,61846,59668,-2178,True
2026-02,2026-03,REN,THE CLATTERBRIDGE CANCER CENTRE NHS FOUNDATION TRUST,769,722,-47,True
2026-02,2026-03,REP,LIVERPOOL WOMEN'S NHS FOUNDATION TRUST,13137,11638,-1499,True
2026-02,2026-03,RET,THE WALTON CENTRE NHS FOUNDATION TRUST,12853,12179,-674,True
2026-02,2026-03,RF4,"BARKING, HAVERING AND REDBRIDGE UNIVERSITY HOSPITALS NHS TRUST",69915,68871,-1044,True
2026-02,2026-03,RFF,BARNSLEY HOSPITAL NHS FOUNDATION TRUST,21900,21493,-407,True
2026-02,2026-03,RFR,THE ROTHERHAM NHS FOUNDATION TRUST,29088,28271,-817,True
2026-02,2026-03,RFS,CHESTERFIELD ROYAL HOSPITAL NHS FOUNDATION TRUST,27629,27036,-593,True
2026-02,2026-03,RGM,ROYAL PAPWORTH HOSPITAL NHS FOUNDATION TRUST,5471,5283,-188,True
2026-02,2026-03,RGN,NORTH WEST ANGLIA NHS FOUNDATION TRUST,78171,79174,1003,True
2026-02,2026-03,RGP,JAMES PAGET UNIVERSITY HOSPITALS NHS FOUNDATION TRUST,33120,32827,-293,True
2026-02,2026-03,RGR,WEST SUFFOLK NHS FOUNDATION TRUST,31093,29127,-1966,True
2026-02,2026-03,RGT,CAMBRIDGE UNIVERSITY HOSPITALS NHS FOUNDATION TRUST,61088,58435,-2653,True
2026-02,2026-03,RH5,SOMERSET NHS FOUNDATION TRUST,52967,52284,-683,True
2026-02,2026-03,RH8,ROYAL DEVON UNIVERSITY HEALTHCARE NHS FOUNDATION TRUST,72025,70694,-1331,True
2026-02,2026-03,RHM,UNIVERSITY HOSPITAL SOUTHAMPTON NHS FOUNDATION TRUST,62702,59678,-3024,True
2026-02,2026-03,RHU,PORTSMOUTH HOSPITALS UNIVERSITY NHS TRUST,56710,53416,-3294,True
2026-02,2026-03,RHW,ROYAL BERKSHIRE NHS FOUNDATION TRUST,34767,34676,-91,True
2026-02,2026-03,RJ1,GUY'S AND ST THOMAS' NHS FOUNDATION TRUST,106928,105592,-1336,True
2026-02,2026-03,RJ2,LEWISHAM AND GREENWICH NHS TRUST,54916,55294,378,True
2026-02,2026-03,RJ6,CROYDON HEALTH SERVICES NHS TRUST,34756,32327,-2429,True
2026-02,2026-03,RJ7,ST GEORGE'S UNIVERSITY HOSPITALS NHS FOUNDATION TRUST,68056,66980,-1076,True
2026-02,2026-03,RJ8,CORNWALL PARTNERSHIP NHS FOUNDATION TRUST,678,649,-29,True
2026-02,2026-03,RJC,SOUTH WARWICKSHIRE UNIVERSITY NHS FOUNDATION TRUST,30117,29705,-412,True
2026-02,2026-03,RJE,UNIVERSITY HOSPITALS OF NORTH MIDLANDS NHS TRUST,64550,65266,716,True
2026-02,2026-03,RJL,NORTHERN LINCOLNSHIRE AND GOOLE NHS FOUNDATION TRUST,39443,39515,72,True
2026-02,2026-03,RJN,EAST CHESHIRE NHS TRUST,19445,16262,-3183,True
2026-02,2026-03,RJR,COUNTESS OF CHESTER HOSPITAL NHS FOUNDATION TRUST,29639,27662,-1977,True
2026-02,2026-03,RJZ,KING'S COLLEGE HOSPITAL NHS FOUNDATION TRUST,83857,83892,35,True
2026-02,2026-03,RK5,SHERWOOD FOREST HOSPITALS NHS FOUNDATION TRUST,34351,33135,-1216,True
2026-02,2026-03,RK9,UNIVERSITY HOSPITALS PLYMOUTH NHS TRUST,47354,45707,-1647,True
2026-02,2026-03,RKB,UNIVERSITY HOSPITALS COVENTRY AND WARWICKSHIRE NHS TRUST,70813,70957,144,True
2026-02,2026-03,RKE,WHITTINGTON HEALTH NHS TRUST,25095,21819,-3276,True
2026-02,2026-03,RL1,THE ROBERT JONES AND AGNES HUNT ORTHOPAEDIC HOSPITAL NHS FOUNDATION TRUST,15556,14081,-1475,True
2026-02,2026-03,RL4,THE ROYAL WOLVERHAMPTON NHS TRUST,77558,72276,-5282,True
2026-02,2026-03,RLQ,WYE VALLEY NHS TRUST,21483,21368,-115,True
2026-02,2026-03,RLT,GEORGE ELIOT HOSPITAL NHS TRUST,19944,19118,-826,True
2026-02,2026-03,RM1,NORFOLK AND NORWICH UNIVERSITY HOSPITALS NHS FOUNDATION TRUST,66421,67120,699,True
2026-02,2026-03,RM3,NORTHERN CARE ALLIANCE NHS FOUNDATION TRUST,130603,129021,-1582,True
2026-02,2026-03,RMC,BOLTON NHS FOUNDATION TRUST,37369,37849,480,True
2026-02,2026-03,RMP,TAMESIDE AND GLOSSOP INTEGRATED CARE NHS FOUNDATION TRUST,16400,16393,-7,True
2026-02,2026-03,RN3,GREAT WESTERN HOSPITALS NHS FOUNDATION TRUST,44277,42647,-1630,True
2026-02,2026-03,RN5,HAMPSHIRE HOSPITALS NHS FOUNDATION TRUST,50076,48487,-1589,True
2026-02,2026-03,RN7,DARTFORD AND GRAVESHAM NHS TRUST,30719,29570,-1149,True
2026-02,2026-03,RNA,THE DUDLEY GROUP NHS FOUNDATION TRUST,46864,45642,-1222,True
2026-02,2026-03,RNN,NORTH CUMBRIA INTEGRATED CARE NHS FOUNDATION TRUST,38059,35053,-3006,True
2026-02,2026-03,RNQ,KETTERING GENERAL HOSPITAL NHS FOUNDATION TRUST,24048,23670,-378,True
2026-02,2026-03,RNS,NORTHAMPTON GENERAL HOSPITAL NHS TRUST,42537,39770,-2767,True
2026-02,2026-03,RNZ,SALISBURY NHS FOUNDATION TRUST,29949,30337,388,True
2026-02,2026-03,RP4,GREAT ORMOND STREET HOSPITAL FOR CHILDREN NHS FOUNDATION TRUST,8448,8467,19,True
2026-02,2026-03,RP5,DONCASTER AND BASSETLAW TEACHING HOSPITALS NHS FOUNDATION TRUST,51903,52233,330,True
2026-02,2026-03,RP6,MOORFIELDS EYE HOSPITAL NHS FOUNDATION TRUST,34802,37655,2853,True
2026-02,2026-03,RP7,LINCOLNSHIRE PARTNERSHIP NHS FOUNDATION TRUST,16,7,-9,True
2026-02,2026-03,RPA,MEDWAY NHS FOUNDATION TRUST,34774,34096,-678,True
2026-02,2026-03,RPC,QUEEN VICTORIA HOSPITAL NHS FOUNDATION TRUST,20025,20829,804,True
2026-02,2026-03,RPG,OXLEAS NHS FOUNDATION TRUST,2794,2079,-715,True
2026-02,2026-03,RPY,THE ROYAL MARSDEN NHS FOUNDATION TRUST,1969,1962,-7,True
2026-02,2026-03,RQ3,BIRMINGHAM WOMEN'S AND CHILDREN'S NHS FOUNDATION TRUST,21533,21666,133,True
2026-02,2026-03,RQM,CHELSEA AND WESTMINSTER HOSPITAL NHS FOUNDATION TRUST,74704,75601,897,True
2026-02,2026-03,RQW,THE PRINCESS ALEXANDRA HOSPITAL NHS TRUST,38734,39762,1028,True
2026-02,2026-03,RQX,HOMERTON HEALTHCARE NHS FOUNDATION TRUST,25171,26282,1111,True
2026-02,2026-03,RR7,GATESHEAD HEALTH NHS FOUNDATION TRUST,12307,11571,-736,True
2026-02,2026-03,RR8,LEEDS TEACHING HOSPITALS NHS TRUST,85738,85103,-635,True
2026-02,2026-03,RRE,MIDLANDS PARTNERSHIP UNIVERSITY NHS FOUNDATION TRUST,8593,8953,360,True
2026-02,2026-03,RRF,"WRIGHTINGTON, WIGAN AND LEIGH TEACHING HOSPITALS NHS FOUNDATION TRUST",44382,44346,-36,True
2026-02,2026-03,RRJ,THE ROYAL ORTHOPAEDIC HOSPITAL NHS FOUNDATION TRUST,12803,12520,-283,True
2026-02,2026-03,RRK,UNIVERSITY HOSPITALS BIRMINGHAM NHS FOUNDATION TRUST,91186,89322,-1864,True
2026-02,2026-03,RRV,UNIVERSITY COLLEGE LONDON HOSPITALS NHS FOUNDATION TRUST,75321,74306,-1015,True
2026-02,2026-03,RT1,CAMBRIDGESHIRE AND PETERBOROUGH NHS FOUNDATION TRUST,275,196,-79,True
2026-02,2026-03,RTD,THE NEWCASTLE UPON TYNE HOSPITALS NHS FOUNDATION TRUST,81883,81186,-697,True
2026-02,2026-03,RTE,GLOUCESTERSHIRE HOSPITALS NHS FOUNDATION TRUST,67262,67038,-224,True
2026-02,2026-03,RTF,NORTHUMBRIA HEALTHCARE NHS FOUNDATION TRUST,36143,37199,1056,True
2026-02,2026-03,RTG,UNIVERSITY HOSPITALS OF DERBY AND BURTON NHS FOUNDATION TRUST,96841,93272,-3569,True
2026-02,2026-03,RTH,OXFORD UNIVERSITY HOSPITALS NHS FOUNDATION TRUST,86933,88149,1216,True
2026-02,2026-03,RTK,ASHFORD AND ST PETER'S HOSPITALS NHS FOUNDATION TRUST,49632,50926,1294,True
2026-02,2026-03,RTP,SURREY AND SUSSEX HEALTHCARE NHS TRUST,47455,47262,-193,True
2026-02,2026-03,RTR,SOUTH TEES HOSPITALS NHS FOUNDATION TRUST,55372,54168,-1204,True
2026-02,2026-03,RTX,UNIVERSITY HOSPITALS OF MORECAMBE BAY NHS FOUNDATION TRUST,34786,33939,-847,True
2026-02,2026-03,RVJ,NORTH BRISTOL NHS TRUST,41193,39175,-2018,True
2026-02,2026-03,RVR,EPSOM AND ST HELIER UNIVERSITY HOSPITALS NHS TRUST,60263,58194,-2069,True
2026-02,2026-03,RVV,EAST KENT HOSPITALS UNIVERSITY NHS FOUNDATION TRUST,73875,79207,5332,True
2026-02,2026-03,RVW,NORTH TEES AND HARTLEPOOL NHS FOUNDATION TRUST,22141,21532,-609,True
2026-02,2026-03,RW1,HAMPSHIRE AND ISLE OF WIGHT HEALTHCARE NHS FOUNDATION TRUST,4425,4364,-61,True
2026-02,2026-03,RW4,MERSEY CARE NHS FOUNDATION TRUST,49,53,4,True
2026-02,2026-03,RW5,LANCASHIRE & SOUTH CUMBRIA NHS FOUNDATION TRUST,3628,4033,405,True
2026-02,2026-03,RWA,HULL UNIVERSITY TEACHING HOSPITALS NHS TRUST,81319,80999,-320,True
2026-02,2026-03,RWD,UNITED LINCOLNSHIRE TEACHING HOSPITALS NHS TRUST,69051,67751,-1300,True
2026-02,2026-03,RWE,UNIVERSITY HOSPITALS OF LEICESTER NHS TRUST,117425,113957,-3468,True
2026-02,2026-03,RWF,MAIDSTONE AND TUNBRIDGE WELLS NHS TRUST,50207,46178,-4029,True
2026-02,2026-03,RWG,WEST HERTFORDSHIRE TEACHING HOSPITALS NHS TRUST,44698,45388,690,True
2026-02,2026-03,RWH,EAST AND NORTH HERTFORDSHIRE TEACHING NHS TRUST,53765,54291,526,True
2026-02,2026-03,RWJ,STOCKPORT NHS FOUNDATION TRUST,34274,33981,-293,True
2026-02,2026-03,RWP,WORCESTERSHIRE ACUTE HOSPITALS NHS TRUST,55673,55579,-94,True
2026-02,2026-03,RWW,WARRINGTON AND HALTON TEACHING HOSPITALS NHS FOUNDATION TRUST,33689,33113,-576,True
2026-02,2026-03,RWX,BERKSHIRE HEALTHCARE NHS FOUNDATION TRUST,94,100,6,True
2026-02,2026-03,RWY,CALDERDALE AND HUDDERSFIELD NHS FOUNDATION TRUST,35620,36179,559,True
2026-02,2026-03,RX1,NOTTINGHAM UNIVERSITY HOSPITALS NHS TRUST,91720,83187,-8533,True
2026-02,2026-03,RX4,"CUMBRIA, NORTHUMBERLAND, TYNE AND WEAR NHS FOUNDATION TRUST",183,153,-30,True
2026-02,2026-03,RXC,EAST SUSSEX HEALTHCARE NHS TRUST,59724,57337,-2387,True
2026-02,2026-03,RXF,MID YORKSHIRE TEACHING NHS TRUST,53785,53903,118,True
2026-02,2026-03,RXG,SOUTH WEST YORKSHIRE PARTNERSHIP NHS FOUNDATION TRUST,4127,4316,189,True
2026-02,2026-03,RXK,SANDWELL AND WEST BIRMINGHAM HOSPITALS NHS TRUST,66872,65757,-1115,True
2026-02,2026-03,RXL,BLACKPOOL TEACHING HOSPITALS NHS FOUNDATION TRUST,42962,40281,-2681,True
2026-02,2026-03,RXN,LANCASHIRE TEACHING HOSPITALS NHS FOUNDATION TRUST,64093,65155,1062,True
2026-02,2026-03,RXP,COUNTY DURHAM AND DARLINGTON NHS FOUNDATION TRUST,42294,43012,718,True
2026-02,2026-03,RXQ,BUCKINGHAMSHIRE HEALTHCARE NHS TRUST,46076,45888,-188,True
2026-02,2026-03,RXR,EAST LANCASHIRE HOSPITALS NHS TRUST,50332,47719,-2613,True
2026-02,2026-03,RXW,THE SHREWSBURY AND TELFORD HOSPITAL NHS TRUST,33359,34275,916,True
2026-02,2026-03,RYJ,IMPERIAL COLLEGE HEALTHCARE NHS TRUST,87373,83878,-3495,True
2026-02,2026-03,RYR,UNIVERSITY HOSPITALS SUSSEX NHS FOUNDATION TRUST,114053,112521,-1532,True
2026-02,2026-03,RYW,BIRMINGHAM COMMUNITY HEALTHCARE NHS FOUNDATION TRUST,14817,14919,102,True
2026-02,2026-03,RYY,KENT COMMUNITY HEALTH NHS FOUNDATION TRUST,4126,4391,265,True
2026-02,2026-03,S0L9O,ACES BIRMINGHAM,18,17,-1,True
2026-02,2026-03,S1Z4X,NEWMEDICA - BIRMINGHAM,871,949,78,True
2026-02,2026-03,S3H9L,THE HAMPTONS HOSPITAL LTD,1383,914,-469,True
2026-02,2026-03,S4E3I,MIDLAND EYE (EYE-DOCS LTD),621,643,22,True
2026-02,2026-03,S5E5Y,HCRG CARE DERMATOLOGY THE IRONSTONE CENTRE,1012,1209,197,True
2026-02,2026-03,S8O6A,ACES MANCHESTER TRAFFORD,3,3,0,True
2026-02,2026-03,T1I9W,ACES LINCOLN,6,10,4,True
2026-02,2026-03,T1T4S,ACES BRISTOL,78,71,-7,True
2026-02,2026-03,T4I8V,SPAMEDICA CHESTERFIELD,166,178,12,True
2026-02,2026-03,T8R5I,SPAMEDICA WOKINGHAM,271,236,-35,True
2026-02,2026-03,T8V3L,SPAMEDICA DONCASTER,262,253,-9,True
2026-02,2026-03,TAD,BRADFORD DISTRICT CARE NHS FOUNDATION TRUST,616,541,-75,True
2026-02,2026-03,U0K8N,CES MEDICAL,68,69,1,True
2026-02,2026-03,U1P4Z,ACES MILTON KEYNES,162,143,-19,True
2026-02,2026-03,U6A5N,ACES CHISWICK,9,12,3,True
2026-02,2026-03,V3J9W,PASTEL HEALTH,56,39,-17,True
2026-02,2026-03,V4U1Y,SPAMEDICA CHESTER,236,206,-30,True
2026-02,2026-03,V5F1D,SPAMEDICA TELFORD,392,384,-8,True
2026-02,2026-03,V8A3H,SPAMEDICA SHEFFIELD COMMUNITY DIAGNOSTIC & TREATMENT CENTRE,0,11,11,False
2026-02,2026-03,V8N5R,SPAMEDICA DALSTON,359,397,38,True
2026-02,2026-03,W7J4C,ACES MANCHESTER,106,105,-1,True
2026-02,2026-03,X0R3Y,ACES LEEDS KING STREET,25,28,3,True
2026-02,2026-03,X1M4L,ACES MAIDSTONE,2,5,3,True
2026-02,2026-03,X7M7U,ACES LAKESIDE,7,9,2,True
2026-02,2026-03,X7Y2H,ACES WILMSLOW,10,5,-5,True
2026-02,2026-03,Y7W8F,ACES SOUTHAMPTON - EAST ST,14,10,-4,True
2026-02,2026-03,Y8L9S,SPAMEDICA BROMLEY,449,595,146,True
2026-02,2026-03,Y9S1N,FAIRFIELD INDEPENDENT HOSPITAL,1985,1625,-360,True
2026-02,2026-03,Z1E5F,NEWMEDICA - HARROGATE,225,243,18,True
2026-02,2026-03,Z2L9B,NEWMEDICA - MANCHESTER WEST,366,344,-22,True
2026-02,2026-03,Z4F8Y,ACES DARTFORD,363,367,4,True
2026-02,2026-03,Z5J5V,SPAMEDICA HAYDOCK,273,296,23,True
2026-02,2026-03,Z9Z1G,SPAMEDICA GATESHEAD,449,509,60,True
2026-03,2026-04,A0C5S,SPAMEDICA GLOUCESTER,64,108,44,True
2026-03,2026-04,A1D1B,SPAMEDICA WEMBLEY,391,420,29,True
2026-03,2026-04,A1S9E,OPTEGRA EYE HOSPITAL YORK,472,584,112,True
2026-03,2026-04,A1U4J,SPAMEDICA PORTSMOUTH,196,206,10,True
2026-03,2026-04,A4M8P,BUCKSHAW HOSPITAL,2848,3060,212,True
2026-03,2026-04,A4Q9X,NEWMEDICA LEICESTER,871,880,9,True
2026-03,2026-04,A4Y8X,ACES NOTTINGHAM,28,26,-2,True
2026-03,2026-04,A5E1F,OPTEGRA EYE HOSPITAL PRESTON,233,234,1,True
2026-03,2026-04,A6U7U,OPTEGRA EYE HOSPITAL NOTTINGHAM,75,114,39,True
2026-03,2026-04,A8L1O,OPTEGRA EYE HOSPITAL LEICESTER,121,190,69,True
2026-03,2026-04,A9P5F,ACES WHITE CITY,107,110,3,True
2026-03,2026-04,AAH,TETBURY HOSPITAL TRUST LTD,257,354,97,True
2026-03,2026-04,AAV,COMMUNITY HEALTH AND EYECARE LIMITED,5310,5261,-49,True
2026-03,2026-04,ACG08,NEWMEDICA OPHTHALMOLOGY - NUNEATON - CAMP HILL - GP LED HEALTH CENTRE,17,18,1,True
2026-03,2026-04,ACG12,NEWMEDICA COMMUNITY OPHTHALMOLOGY - NORTH EAST LINCOLNSHIRE - GRIMSBY,1057,1019,-38,True
2026-03,2026-04,ACG13,NEWMEDICA - GLOUCESTER (ASPEN MEDICAL CENTRE),526,475,-51,True
2026-03,2026-04,ACG19,NEWMEDICA COMMUNITY OPHTHALMOLOGY - LEEDS,645,585,-60,True
2026-03,2026-04,ACG20,NEWMEDICA - BRISTOL - LITFIELD HOUSE,402,428,26,True
2026-03,2026-04,ACG22,NEWMEDICA - BRIGG - RIVERSIDE SURGERY,890,735,-155,True
2026-03,2026-04,ACG24,NEWMEDICA - TEESSIDE - NORTH ORMESBY,1369,1387,18,True
2026-03,2026-04,ACG26,NEWMEDICA - NORTH DERBYSHIRE - MIDLAND COURT,1241,1368,127,True
2026-03,2026-04,ACG30,NEWMEDICA - WORKSOP - DUKERIES,162,173,11,True
2026-03,2026-04,ACG31,NEWMEDICA - WORCESTER,814,868,54,True
2026-03,2026-04,ACG36,NEWMEDICA - EXETER - GLEN HOUSE,383,482,99,True
2026-03,2026-04,ACG37,NEWMEDICA - IPSWICH,1169,1218,49,True
2026-03,2026-04,ACG38,NEWMEDICA - LANGFORD,404,471,67,True
2026-03,2026-04,ACG40,NEWMEDICA - WAKEFIELD,609,557,-52,True
2026-03,2026-04,ACM,EYE CARE MEDICAL LTD,7,8,1,True
2026-03,2026-04,ADP02,KIMS HOSPITAL (NEWNHAM COURT),1377,1331,-46,True
2026-03,2026-04,AHP,ST MICHAEL'S CLINIC LIMITED,1716,1691,-25,True
2026-03,2026-04,AJ8,THE GRANGE MEDICAL CENTRE HQ,237,216,-21,True
2026-03,2026-04,AQK,VERNOVA HEALTHCARE COMMUNITY INTEREST COMPANY,293,281,-12,True
2026-03,2026-04,AVQ01,ONE ASHFORD HOSPITAL,995,980,-15,True
2026-03,2026-04,AVQ03,ONE HATFIELD HOSPITAL,212,598,386,True
2026-03,2026-04,AWR,ONE STOP DOCTORS LIMITED,521,647,126,True
2026-03,2026-04,AY1,MEDEFER,246,256,10,True
2026-03,2026-04,B1A5K,NEWMEDICA - NOTTINGHAM,634,619,-15,True
2026-03,2026-04,B3M1X,CLAREMONT PRIVATE HOSPITAL,2748,2935,187,True
2026-03,2026-04,B4N1U,SPAMEDICA ROMFORD,793,984,191,True
2026-03,2026-04,B5M7B,NEWMEDICA - NORWICH,1611,1675,64,True
2026-03,2026-04,B6Z0N,OPTEGRA EYE HOSPITAL UTTOXETER,258,315,57,True
2026-03,2026-04,B9J4U,SPAMEDICA PETERBOROUGH,504,518,14,True
2026-03,2026-04,B9M3W,SPAMEDICA SOUTHAMPTON,454,386,-68,True
2026-03,2026-04,C3Y0A,SPAMEDICA BLACKPOOL,171,190,19,True
2026-03,2026-04,C5Y9L,NEWMEDICA - BERKSHIRE - BRACKNELL,164,171,7,True
2026-03,2026-04,C9A7J,NEWMEDICA - BRADFORD & HUDDERSFIELD,685,630,-55,True
2026-03,2026-04,D0V5X,NEWMEDICA - SWINDON MURDOCK ROAD,148,168,20,True
2026-03,2026-04,D0Y2J,OPTEGRA AT HAVANT HEALTH CENTRE (HAVANT),25,20,-5,True
2026-03,2026-04,D2L5T,ACES LIVERPOOL,72,60,-12,True
2026-03,2026-04,D3O0Z,PLYMOUTH NEWMEDICA LTD,537,650,113,True
2026-03,2026-04,D5P5H,SPAMEDICA BEXHILL,175,231,56,True
2026-03,2026-04,D9E5L,OPTEGRA EYE HOSPITAL BRIGHTON,758,661,-97,True
2026-03,2026-04,DFQ,NORWICH & NORFOLK SURGICAL LTD (N2S),1127,1125,-2,True
2026-03,2026-04,DFY01,COTSWOLDS SURGICAL PARTNERS,294,275,-19,True
2026-03,2026-04,DJH01,THE ROYAL BUCKINGHAMSHIRE HOSPITAL LTD,35,32,-3,True
2026-03,2026-04,DPK,THE STONEYGATE EYE HOSPITAL,674,752,78,True
2026-03,2026-04,DTT,PHOENIX PUBLIC HEALTH LTD,145,158,13,True
2026-03,2026-04,DX1,THE NEW FOSCOTE HOSPITAL LTD,342,375,33,True
2026-03,2026-04,DXN,MODALITY LLP,264,2665,2401,True
2026-03,2026-04,DXV,OMNES HEALTHCARE LTD,12475,13304,829,True
2026-03,2026-04,E1U4T,SPAMEDICA CARLISLE,738,914,176,True
2026-03,2026-04,E3D4A,SPAMEDICA TRURO,308,337,29,True
2026-03,2026-04,E4K5T,OPTEGRA EYE HOSPITAL NEWCASTLE,436,426,-10,True
2026-03,2026-04,E6F9I,ACES BRADFORD,1,1,0,True
2026-03,2026-04,F0R0W,NEWMEDICA - DARLINGTON,73,65,-8,True
2026-03,2026-04,F1Y1H,NEWMEDICA - CHESHIRE OAKS,636,582,-54,True
2026-03,2026-04,F2C9F,ACES HARLEY STREET,2,1,-1,True
2026-03,2026-04,F4B0R,SPAMEDICA GUILDFORD,19,27,8,True
2026-03,2026-04,F7B2B,ANGLIA COMMUNITY EYE SERVICE - BURY ST EDMUNDS,13,13,0,True
2026-03,2026-04,F7F6D,NEWMEDICA - HERTFORSHIRE - WELWYN GARDEN CITY,832,946,114,True
2026-03,2026-04,F9Z4V,CIRCLE READING HOSPITAL,1817,1599,-218,True
2026-03,2026-04,G3E7R,OPTEGRA EYE HOSPITAL MAIDSTONE,472,435,-37,True
2026-03,2026-04,G3O5P,SPAMEDICA NEWARK,540,573,33,True
2026-03,2026-04,G3Q3Z,NUFFIELD HEALTH HIGHGATE HOSPITAL,956,998,42,True
2026-03,2026-04,G3Z1Q,SULIS HOSPITAL BATH (FOXCOTE AVENUE),3640,3782,142,True
2026-03,2026-04,G4H0I,NEWMEDICA SUFFOLK - BURY ST EDMUNDS - CLARITY HOUSE,642,673,31,True
2026-03,2026-04,G5X2Q,SPAMEDICA NORTH TYNESIDE,425,464,39,True
2026-03,2026-04,G6S7A,SPAMEDICA TAUNTON,788,768,-20,True
2026-03,2026-04,GEC01,RAPID INVESTIGATION SERVICE,104,99,-5,True
2026-03,2026-04,H1T2P,SPAMEDICA SWINDON,83,109,26,True
2026-03,2026-04,H2K1G,NEWMEDICA - BROMSGROVE,390,434,44,True
2026-03,2026-04,H3W7Q,ACES CHELMSFORD,68,60,-8,True
2026-03,2026-04,H4I8B,NUFFIELD HEALTH THE HOLLY HOSPITAL,4143,4237,94,True
2026-03,2026-04,H4J9P,NEWMEDICA AZTEC WEST,841,894,53,True
2026-03,2026-04,H4Y7F,SPAMEDICA DORCHESTER,494,554,60,True
2026-03,2026-04,H7X1I,ANGLIA COMMUNITY EYE SERVICE - CAMBRIDGE,274,224,-50,True
2026-03,2026-04,I1H7K,SPAMEDICA SALE,203,260,57,True
2026-03,2026-04,I2C7H,SPAMEDICA BRADFORD,179,246,67,True
2026-03,2026-04,I7G8X,ACES NEWCASTLE,31,29,-2,True
2026-03,2026-04,I7Q4A,OPTEGRA EYE HOSPITAL WEST LONDON,560,638,78,True
2026-03,2026-04,I9A4A,SPAMEDICA BRIGHTON,215,276,61,True
2026-03,2026-04,J0M7P,SPAMEDICA HEREFORD DIAGNOSTIC AND TREATMENT CENTRE,25,42,17,True
2026-03,2026-04,J2H6H,SPAMEDICA COLCHESTER,150,184,34,True
2026-03,2026-04,J3J8Z,NEWMEDICA - OXFORDSHIRE,815,958,143,True
2026-03,2026-04,J3X4C,SPAMEDICA WORCESTER,370,433,63,True
2026-03,2026-04,J7V1N,SPAMEDICA SOLIHULL,466,467,1,True
2026-03,2026-04,K3V9U,SPAMEDICA STEVENAGE COMMUNITY DIAGNOSTIC & TREATMENT CENTRE,5,7,2,True
2026-03,2026-04,K7J9E,ANGLIA COMMUNITY EYE SERVICE - NORWICH,15,12,-3,True
2026-03,2026-04,K8I4X,GLENDON WOOD HOSPITAL,1341,1327,-14,True
2026-03,2026-04,K9J3O,SPAMEDICA LUTON,158,203,45,True
2026-03,2026-04,L0D9W,NEWMEDICA - GLOUCESTER (BRIGHOUSE COURT),1386,1330,-56,True
2026-03,2026-04,L4R3R,NEWMEDICA - HAMPSHIRE,2322,2321,-1,True
2026-03,2026-04,L6O7H,SPAMEDICA POOLE,998,1000,2,True
2026-03,2026-04,L9D3Z,SPAMEDICA LEICESTER,340,362,22,True
2026-03,2026-04,M0N7E,SPAMEDICA SITTINGBOURNE,189,192,3,True
2026-03,2026-04,M2O7D,OPTEGRA EYE HOSPITAL COLCHESTER,339,272,-67,True
2026-03,2026-04,M2Y6D,PRACTICE PLUS GROUP HOSPITAL BIRMINGHAM,1404,1494,90,True
2026-03,2026-04,M3R0W,SPAMEDICA NORWICH,346,351,5,True
2026-03,2026-04,M4C5R,NEWMEDICA - NORTHAMPTON,1404,1500,96,True
2026-03,2026-04,M5E1S,SPAMEDICA EXETER,328,347,19,True
2026-03,2026-04,M6L9D,NEWMEDICA - NOTTINGHAM - KEYWORTH,6,23,17,True
2026-03,2026-04,M7C9Q,SPAMEDICA EPSOM,336,423,87,True
2026-03,2026-04,M9U8M,ENDOCARE DIAGNOSTICS LTD,83,78,-5,True
2026-03,2026-04,N1L8R,ACES MANCHESTER ST JOHNS STREET,13,13,0,True
2026-03,2026-04,N1M9Z,ACES EXETER,49,49,0,True
2026-03,2026-04,N1N0Y,SPAMEDICA CROYDON,157,153,-4,True
2026-03,2026-04,N6Z0R,NEWMEDICA - LINCOLN,33,32,-1,True
2026-03,2026-04,N8R1N,NEWMEDICA - BERKSHIRE,1515,1552,37,True
2026-03,2026-04,N8Z8E,ACES TORQUAY,3,3,0,True
2026-03,2026-04,NAM01,PROBUS SURGICAL CENTRE,828,867,39,True
2026-03,2026-04,NCN,DMC HEALTHCARE,1227,2326,1099,True
2026-03,2026-04,NCR,ISIGHT,1411,1348,-63,True
2026-03,2026-04,NDJ,FIRST COMMUNITY HEALTH AND CARE CIC,860,846,-14,True
2026-03,2026-04,NDL01,SUFFOLK GP FEDERATION,66,0,-66,False
2026-03,2026-04,NEQ,PHOENIX HEALTH SOLUTIONS LIMITED HQ,589,561,-28,True
2026-03,2026-04,NEY,PIONEER HEALTHCARE LIMITED,715,101,-614,True
2026-03,2026-04,NFH,SOMERSET SURGICAL SERVICES HQ,1504,1574,70,True
2026-03,2026-04,NHW,STANDARD HEALTH LTD,120,124,4,True
2026-03,2026-04,NID,THE LIVING CARE GROUP,232,152,-80,True
2026-03,2026-04,NL3,CARE PLUS GROUP,185,182,-3,True
2026-03,2026-04,NL8,LOCALA COMMUNITY PARTNERSHIPS CIC,1249,1286,37,True
2026-03,2026-04,NLE01,LANCASTER HOUSE CONSULTING DIAGNOSTICS SURGICAL LTD HQ,1200,1311,111,True
2026-03,2026-04,NLG,COMMUNITAS CLINICS,4469,4440,-29,True
2026-03,2026-04,NLX,SIRONA CARE & HEALTH,5776,5230,-546,True
2026-03,2026-04,NMG,CORA HEALTH MSK (FORMERLY CONNECT HEALTH LTD),18453,19190,737,True
2026-03,2026-04,NN4,TYNESIDE SURGICAL SERVICES LTD,1417,1391,-26,True
2026-03,2026-04,NN5,MANCHESTER SURGICAL SERVICES LTD,380,367,-13,True
2026-03,2026-04,NN8,SPENCER PRIVATE HOSPITALS LTD,3581,3720,139,True
2026-03,2026-04,NNE,DORKING HEALTHCARE LIMITED (DHC),6519,6438,-81,True
2026-03,2026-04,NNH02,OPTEGRA YORKSHIRE EYE HOSPITAL,634,842,208,True
2026-03,2026-04,NNH03,OPTEGRA (SURREY EYE HOSPITAL),859,741,-118,True
2026-03,2026-04,NNH04,OPTEGRA (MANCHESTER EYE HOSPITAL),814,794,-20,True
2026-03,2026-04,NNH05,OPTEGRA (BIRMINGHAM EYE HOSPITAL),682,700,18,True
2026-03,2026-04,NNH06,OPTEGRA (SOLENT EYE HOSPITAL),647,695,48,True
2026-03,2026-04,NNH07,OPTEGRA LONDON EYE HOSPITAL,874,876,2,True
2026-03,2026-04,NP9,BESPOKE HEALTHCARE LTD,423,614,191,True
2026-03,2026-04,NPG01,SPAMEDICA MANCHESTER,357,364,7,True
2026-03,2026-04,NPG02,SPAMEDICA WIRRAL,358,392,34,True
2026-03,2026-04,NPG06,SPAMEDICA LIVERPOOL,393,418,25,True
2026-03,2026-04,NPG07,SPAMEDICA EYE HOSPITAL (WAKEFIELD),561,660,99,True
2026-03,2026-04,NPG08,SPAMEDICA BOLTON,698,782,84,True
2026-03,2026-04,NPG10,SPAMEDICA SHEFFIELD,379,448,69,True
2026-03,2026-04,NPG11,SPAMEDICA BIRMINGHAM,785,793,8,True
2026-03,2026-04,NPG13,SPAMEDICA SKELMERSDALE,86,118,32,True
2026-03,2026-04,NPG14,SPAMEDICA WIDNES,283,290,7,True
2026-03,2026-04,NPG15,SPAMEDICA NEWCASTLE-UNDER-LYME,315,390,75,True
2026-03,2026-04,NPG16,SPAMEDICA CHELMSFORD,801,931,130,True
2026-03,2026-04,NPG17,SPAMEDICA PRESTON,299,365,66,True
2026-03,2026-04,NPG18,SPAMEDICA HULL,327,493,166,True
2026-03,2026-04,NPG19,SPAMEDICA BEDFORD,251,325,74,True
2026-03,2026-04,NPG20,SPAMEDICA WOLVERHAMPTON,661,831,170,True
2026-03,2026-04,NPG21,SPAMEDICA COVENTRY,507,662,155,True
2026-03,2026-04,NPG22,SPAMEDICA STOCKTON-ON-TEES,462,499,37,True
2026-03,2026-04,NPG23,SPAMEDICA DERBY,476,540,64,True
2026-03,2026-04,NPR01,ABOUT HEALTH HQ,1635,1396,-239,True
2026-03,2026-04,NQH,NOVUS HEALTH LTD,765,883,118,True
2026-03,2026-04,NQM01,ORTHOPAEDICS & SPINE SPECIALIST HOSPITAL SITE,237,152,-85,True
2026-03,2026-04,NQT5K,ST MARTINS HOSPITAL,149,110,-39,True
2026-03,2026-04,NQX,PROVIDE ENTERPRISES,152,190,38,True
2026-03,2026-04,NR5,LIVEWELL SOUTHWEST,68,64,-4,True
2026-03,2026-04,NRF,UNIVERSITY OF SOUTHAMPTON AUDITORY IMPLANT SERVICE,191,180,-11,True
2026-03,2026-04,NRL,HEART NETWORKS,993,932,-61,True
2026-03,2026-04,NRP,BEACON MEDICAL SERVICES GROUP LIMITED,4433,4686,253,True
2026-03,2026-04,NT202,"NUFFIELD HEALTH, BOURNEMOUTH HOSPITAL",560,487,-73,True
2026-03,2026-04,NT204,"NUFFIELD HEALTH, BRENTWOOD HOSPITAL",10,2236,2226,True
2026-03,2026-04,NT205,"NUFFIELD HEALTH, BRIGHTON HOSPITAL",827,810,-17,True
2026-03,2026-04,NT206,"NUFFIELD HEALTH, BRISTOL HOSPITAL (CHESTERFIELD)",755,681,-74,True
2026-03,2026-04,NT209,"NUFFIELD HEALTH, CAMBRIDGE HOSPITAL",207,192,-15,True
2026-03,2026-04,NT210,"NUFFIELD HEALTH, THE GROSVENOR HOSPITAL, CHESTER",409,444,35,True
2026-03,2026-04,NT211,"NUFFIELD HEALTH, CHELTENHAM HOSPITAL",30,47,17,True
2026-03,2026-04,NT212,"NUFFIELD HEALTH, CHICHESTER HOSPITAL",427,436,9,True
2026-03,2026-04,NT213,"NUFFIELD HEALTH, DERBY HOSPITAL",1162,1193,31,True
2026-03,2026-04,NT214,"NUFFIELD HEALTH, WESSEX HOSPITAL",610,583,-27,True
2026-03,2026-04,NT215,"NUFFIELD HEALTH, EXETER HOSPITAL",416,381,-35,True
2026-03,2026-04,NT216,"NUFFIELD HEALTH, GUILDFORD HOSPITAL",141,72,-69,True
2026-03,2026-04,NT218,"NUFFIELD HEALTH, HAYWARDS HEATH HOSPITAL",432,444,12,True
2026-03,2026-04,NT219,"NUFFIELD HEALTH, HEREFORD HOSPITAL",487,462,-25,True
2026-03,2026-04,NT224,"NUFFIELD HEALTH, WARWICKSHIRE HOSPITAL",399,403,4,True
2026-03,2026-04,NT226,"NUFFIELD HEALTH, LEICESTER HOSPITAL",465,469,4,True
2026-03,2026-04,NT229,"NUFFIELD HEALTH, NEWCASTLE UPON TYNE HOSPITAL",518,507,-11,True
2026-03,2026-04,NT230,"NUFFIELD HEALTH, NORTH STAFFORDSHIRE HOSPITAL",1328,1228,-100,True
2026-03,2026-04,NT233,"NUFFIELD HEALTH, PLYMOUTH HOSPITAL",887,946,59,True
2026-03,2026-04,NT235,"NUFFIELD HEALTH, SHREWSBURY HOSPITAL",462,530,68,True
2026-03,2026-04,NT237,"NUFFIELD HEALTH, TEES HOSPITAL",1642,1652,10,True
2026-03,2026-04,NT238,"NUFFIELD HEALTH, TAUNTON HOSPITAL",467,533,66,True
2026-03,2026-04,NT239,"NUFFIELD HEALTH, TUNBRIDGE WELLS HOSPITAL",72,79,7,True
2026-03,2026-04,NT241,"NUFFIELD HEALTH, WOKING HOSPITAL",328,261,-67,True
2026-03,2026-04,NT242,"NUFFIELD HEALTH, WOLVERHAMPTON HOSPITAL",606,533,-73,True
2026-03,2026-04,NT244,NUFFIELD HOSPITAL OXFORD (THE MANOR),92,82,-10,True
2026-03,2026-04,NT245,"NUFFIELD HEALTH, YORK HOSPITAL",1146,1193,47,True
2026-03,2026-04,NT301,SPIRE SOUTH BANK HOSPITAL,842,761,-81,True
2026-03,2026-04,NT302,SPIRE BRISTOL HOSPITAL,755,733,-22,True
2026-03,2026-04,NT304,SPIRE SOUTHAMPTON HOSPITAL,352,307,-45,True
2026-03,2026-04,NT305,SPIRE PORTSMOUTH HOSPITAL,460,473,13,True
2026-03,2026-04,NT308,SPIRE GATWICK PARK HOSPITAL,1274,1282,8,True
2026-03,2026-04,NT30A,SPIRE NOTTINGHAM HOSPITAL,695,625,-70,True
2026-03,2026-04,NT312,SPIRE ALEXANDRA HOSPITAL,1107,995,-112,True
2026-03,2026-04,NT313,SPIRE WELLESLEY HOSPITAL,1170,1179,9,True
2026-03,2026-04,NT314,SPIRE LONDON EAST,3296,3436,140,True
2026-03,2026-04,NT315,SPIRE BUSHEY HOSPITAL,1249,1078,-171,True
2026-03,2026-04,NT316,SPIRE HARPENDEN HOSPITAL,907,714,-193,True
2026-03,2026-04,NT317,SPIRE CAMBRIDGE LEA HOSPITAL,316,309,-7,True
2026-03,2026-04,NT318,SPIRE NORWICH HOSPITAL,957,974,17,True
2026-03,2026-04,NT319,SPIRE HARTSWOOD HOSPITAL,1175,1074,-101,True
2026-03,2026-04,NT320,SPIRE PARKWAY HOSPITAL,1476,1371,-105,True
2026-03,2026-04,NT321,SPIRE LITTLE ASTON HOSPITAL,1339,1185,-154,True
2026-03,2026-04,NT322,SPIRE LEICESTER HOSPITAL,1240,923,-317,True
2026-03,2026-04,NT324,SPIRE CHESHIRE HOSPITAL,1111,1071,-40,True
2026-03,2026-04,NT325,SPIRE MURRAYFIELD HOSPITAL,829,749,-80,True
2026-03,2026-04,NT327,SPIRE MANCHESTER HOSPITAL,894,631,-263,True
2026-03,2026-04,NT332,SPIRE LEEDS HOSPITAL,787,764,-23,True
2026-03,2026-04,NT333,SPIRE WASHINGTON HOSPITAL,1642,1795,153,True
2026-03,2026-04,NT337,SPIRE LIVERPOOL HOSPITAL,2578,2223,-355,True
2026-03,2026-04,NT339,SPIRE REGENCY HOSPITAL,2057,2004,-53,True
2026-03,2026-04,NT343,SPIRE THAMES VALLEY HOSPITAL,493,448,-45,True
2026-03,2026-04,NT344,SPIRE DUNEDIN HOSPITAL,303,284,-19,True
2026-03,2026-04,NT345,SPIRE CLARE PARK HOSPITAL,454,352,-102,True
2026-03,2026-04,NT347,SPIRE FYLDE COAST HOSPITAL,3347,3362,15,True
2026-03,2026-04,NT348,SPIRE ELLAND HOSPITAL,1282,1286,4,True
2026-03,2026-04,NT350,SPIRE METHLEY PARK HOSPITAL,917,827,-90,True
2026-03,2026-04,NT351,SPIRE HULL AND EAST RIDING HOSPITAL,2525,2570,45,True
2026-03,2026-04,NT364,SPIRE MONTEFIORE HOSPITAL,610,610,0,True
2026-03,2026-04,NT3X3,SPIRE ST ANTHONY'S HOSPITAL,1064,1026,-38,True
2026-03,2026-04,NT401,ALEXANDRA HOSPITAL,778,678,-100,True
2026-03,2026-04,NT402,BATH CLINIC,748,669,-79,True
2026-03,2026-04,NT403,BEARDWOOD HOSPITAL,2362,2233,-129,True
2026-03,2026-04,NT404,BEAUMONT HOSPITAL,3115,3194,79,True
2026-03,2026-04,NT405,BISHOPS WOOD HOSPITAL,521,543,22,True
2026-03,2026-04,NT406,BLACKHEATH HOSPITAL,1510,1485,-25,True
2026-03,2026-04,NT408,CHAUCER HOSPITAL,921,846,-75,True
2026-03,2026-04,NT409,CHELSFIELD PARK HOSPITAL,768,754,-14,True
2026-03,2026-04,NT410,CHILTERN HOSPITAL,421,381,-40,True
2026-03,2026-04,NT411,CLEMENTINE CHURCHILL HOSPITAL,2005,2114,109,True
2026-03,2026-04,NT412,DROITWICH SPA HOSPITAL,1563,1465,-98,True
2026-03,2026-04,NT416,HENDON HOSPITAL,1128,1190,62,True
2026-03,2026-04,NT417,GORING HALL HOSPITAL,784,784,0,True
2026-03,2026-04,NT418,HAMPSHIRE CLINIC,319,337,18,True
2026-03,2026-04,NT419,HARBOUR HOSPITAL,194,189,-5,True
2026-03,2026-04,NT420,HIGHFIELD HOSPITAL,932,941,9,True
2026-03,2026-04,NT421,KINGS OAK HOSPITAL,1125,1242,117,True
2026-03,2026-04,NT422,LONDON INDEPENDENT HOSPITAL,3735,3991,256,True
2026-03,2026-04,NT423,MANOR HOSPITAL,660,671,11,True
2026-03,2026-04,NT424,MERIDEN HOSPITAL,1834,1877,43,True
2026-03,2026-04,NT427,PARK HOSPITAL,1973,2104,131,True
2026-03,2026-04,NT428,PRINCESS MARGARET HOSPITAL,71,64,-7,True
2026-03,2026-04,NT429,PRIORY HOSPITAL,669,625,-44,True
2026-03,2026-04,NT430,RIDGEWAY HOSPITAL,448,430,-18,True
2026-03,2026-04,NT431,RUNNYMEDE HOSPITAL,182,224,42,True
2026-03,2026-04,NT433,SARUM ROAD HOSPITAL,343,284,-59,True
2026-03,2026-04,NT434,SAXON CLINIC,688,785,97,True
2026-03,2026-04,NT435,SHELBURNE HOSPITAL,180,149,-31,True
2026-03,2026-04,NT436,SHIRLEY OAKS HOSPITAL,968,1018,50,True
2026-03,2026-04,NT437,SLOANE HOSPITAL,863,882,19,True
2026-03,2026-04,NT440,THORNBURY HOSPITAL,712,677,-35,True
2026-03,2026-04,NT441,THREE SHIRES HOSPITAL,3631,3666,35,True
2026-03,2026-04,NT443,WINTERBOURNE HOSPITAL,402,417,15,True
2026-03,2026-04,NT445,EDGBASTON HOSPITAL,1,1,0,True
2026-03,2026-04,NT446,ST EDMUNDS HOSPITAL,545,521,-24,True
2026-03,2026-04,NT447,DUCHY HOSPITAL,289,323,34,True
2026-03,2026-04,NT448,HUDDERSFIELD PRIVATE HOSPITAL,974,1077,103,True
2026-03,2026-04,NT449,LANCASTER PRIVATE HOSPITAL,332,299,-33,True
2026-03,2026-04,NT450,LINCOLN PRIVATE HOSPITAL,1126,1152,26,True
2026-03,2026-04,NT451,CAVELL HOSPITAL,1348,1334,-14,True
2026-03,2026-04,NT455,MOUNT ALVERNIA HOSPITAL,223,229,6,True
2026-03,2026-04,NT457,WOODLANDS HOSPITAL,2661,2757,96,True
2026-03,2026-04,NT490,SOUTHEND PRIVATE HOSPITAL,1038,1252,214,True
2026-03,2026-04,NTE02,ST HUGH'S HOSPITAL,1941,2063,122,True
2026-03,2026-04,NTP11,PRACTICE PLUS GROUP HOSPITAL - SOUTHAMPTON,10619,10899,280,True
2026-03,2026-04,NTP13,PRACTICE PLUS GROUP HOSPITAL - BARLBOROUGH,1953,1867,-86,True
2026-03,2026-04,NTP15,PRACTICE PLUS GROUP HOSPITAL - ILFORD,4719,4656,-63,True
2026-03,2026-04,NTP16,PRACTICE PLUS GROUP SURGICAL CENTRE - GILLINGHAM,1030,1032,2,True
2026-03,2026-04,NTPAD,PRACTICE PLUS GROUP SURGICAL CENTRE - ST MARYS PORTSMOUTH,1863,1756,-107,True
2026-03,2026-04,NTPAE,PRACTICE PLUS GROUP OPHTHALMOLOGY - NORTH WEST,1585,1748,163,True
2026-03,2026-04,NTPH1,PRACTICE PLUS GROUP HOSPITAL - SHEPTON MALLET,2705,2857,152,True
2026-03,2026-04,NTPH2,PRACTICE PLUS GROUP HOSPITAL - EMERSONS GREEN,5173,5770,597,True
2026-03,2026-04,NTPH3,PRACTICE PLUS GROUP SURGICAL CENTRE - DEVIZES,2913,3157,244,True
2026-03,2026-04,NTPH5,PRACTICE PLUS GROUP HOSPITAL - PLYMOUTH,1571,1592,21,True
2026-03,2026-04,NTX,THE ONE HEALTH GROUP PLC,5728,5314,-414,True
2026-03,2026-04,NV1,INHEALTH LIMITED,1014,1063,49,True
2026-03,2026-04,NVC01,ASHTEAD HOSPITAL,1033,1028,-5,True
2026-03,2026-04,NVC02,THE BERKSHIRE INDEPENDENT HOSPITAL,1095,1139,44,True
2026-03,2026-04,NVC04,DUCHY HOSPITAL,1620,1736,116,True
2026-03,2026-04,NVC05,EUXTON HALL HOSPITAL,3342,3350,8,True
2026-03,2026-04,NVC06,FITZWILLIAM HOSPITAL,6880,6612,-268,True
2026-03,2026-04,NVC07,FULWOOD HALL HOSPITAL,4313,4419,106,True
2026-03,2026-04,NVC08,MOUNT STUART HOSPITAL,2311,2274,-37,True
2026-03,2026-04,NVC09,NEW HALL HOSPITAL,3426,3471,45,True
2026-03,2026-04,NVC0I,BEACON PARK HOSPITAL,1443,1403,-40,True
2026-03,2026-04,NVC0R,TEES VALLEY HOSPITAL,4304,4297,-7,True
2026-03,2026-04,NVC0Y,EXETER MEDICAL,256,272,16,True
2026-03,2026-04,NVC11,NORTH DOWNS HOSPITAL,1514,1469,-45,True
2026-03,2026-04,NVC12,OAKLANDS HOSPITAL,3806,3652,-154,True
2026-03,2026-04,NVC13,OAKS HOSPITAL,1146,1122,-24,True
2026-03,2026-04,NVC14,PARK HILL HOSPITAL,765,722,-43,True
2026-03,2026-04,NVC15,PINEHILL HOSPITAL,1812,1818,6,True
2026-03,2026-04,NVC16,RENACRES HOSPITAL,5292,4927,-365,True
2026-03,2026-04,NVC17,ROWLEY HALL HOSPITAL,2629,2552,-77,True
2026-03,2026-04,NVC18,SPRINGFIELD HOSPITAL,4974,4671,-303,True
2026-03,2026-04,NVC19,RIVERS HOSPITAL,4766,4499,-267,True
2026-03,2026-04,NVC1H,STOURSIDE HOSPITAL,2961,2961,0,True
2026-03,2026-04,NVC20,THE YORKSHIRE CLINIC,7414,7488,74,True
2026-03,2026-04,NVC21,WEST MIDLANDS HOSPITAL,439,497,58,True
2026-03,2026-04,NVC22,WINFIELD HOSPITAL,1115,1195,80,True
2026-03,2026-04,NVC23,WOODLAND HOSPITAL,5086,4941,-145,True
2026-03,2026-04,NVC25,THE CHERWELL HOSPITAL,2059,2034,-25,True
2026-03,2026-04,NVC27,BOSTON WEST HOSPITAL,2408,2411,3,True
2026-03,2026-04,NVC28,CLIFTON PARK HOSPITAL,1443,1567,124,True
2026-03,2026-04,NVC29,COBALT HOSPITAL,1815,1916,101,True
2026-03,2026-04,NVC31,BLAKELANDS HOSPITAL,2318,2257,-61,True
2026-03,2026-04,NVC40,WOODTHORPE HOSPITAL,3599,3672,73,True
2026-03,2026-04,NVC44,THE WESTBOURNE CENTRE,3665,3422,-243,True
2026-03,2026-04,NVM,EPSOMEDICAL GROUP,3129,3210,81,True
2026-03,2026-04,NWF01,BENENDEN HOSPITAL,1432,1415,-17,True
2026-03,2026-04,NWV01,COHESE HEALTHCARE,951,954,3,True
2026-03,2026-04,NX501,ANGLIA COMMUNITY EYE SERVICE LTD,680,566,-114,True
2026-03,2026-04,NX504,ANGLIA COMMUNITY EYE SERVICES FAKENHAM,224,233,9,True
2026-03,2026-04,NX507,ANGLIA COMMUNITY EYE SERVICE - THETFORD HEALTHY LIVING CENTRE,179,185,6,True
2026-03,2026-04,NXM01,THE HORDER CENTRE - ST JOHNS ROAD,1247,1242,-5,True
2026-03,2026-04,NXP,INDEPENDENT HEALTH GROUP,1091,1121,30,True
2026-03,2026-04,NYG,SUSSEX COMMUNITY DERMATOLOGY SERVICE,13362,13907,545,True
2026-03,2026-04,NYR,CORA HEALTH DIAGNOSTICS (FORMERLY HEALTHSHARE DIAGNOSTICS),1912,1803,-109,True
2026-03,2026-04,O1B1P,ACES PLYMOUTH,2,0,-2,False
2026-03,2026-04,O1P6X,SPAMEDICA OLDHAM,628,746,118,True
2026-03,2026-04,O5Y9D,SPAMEDICA OXFORD,177,200,23,True
2026-03,2026-04,O6X7Z,SPAMEDICA CAMBRIDGE,524,484,-40,True
2026-03,2026-04,O9Q4E,ANGLIA COMMUNITY EYE SERVICE - PETERBOROUGH,446,359,-87,True
2026-03,2026-04,P0C3F,SPAMEDICA LEEDS,271,334,63,True
2026-03,2026-04,P1B7M,SPAMEDICA BRISTOL,156,208,52,True
2026-03,2026-04,P1G3N,ACES LEEDS WHITE ROSE,6,5,-1,True
2026-03,2026-04,P5Y6K,NEWMEDICA - SHREWSBURY,466,495,29,True
2026-03,2026-04,Q1W6P,SPAMEDICA WATFORD,380,451,71,True
2026-03,2026-04,Q2Y5H,OVIVA UK LTD,9856,7478,-2378,True
2026-03,2026-04,Q4W9A,ACES SOUTHAMPTON,34,43,9,True
2026-03,2026-04,Q6V1S,OPTEGRA EYE HOSPITAL SHEFFIELD,258,310,52,True
2026-03,2026-04,Q8X0X,SPAMEDICA ISLE OF WIGHT COMMUNITY DIAGNOSTIC & TREATMENT CENTRE,23,27,4,True
2026-03,2026-04,R0A,MANCHESTER UNIVERSITY NHS FOUNDATION TRUST,165568,167994,2426,True
2026-03,2026-04,R0B,SOUTH TYNESIDE AND SUNDERLAND NHS FOUNDATION TRUST,57881,58740,859,True
2026-03,2026-04,R0D,UNIVERSITY HOSPITALS DORSET NHS FOUNDATION TRUST,66498,67778,1280,True
2026-03,2026-04,R0F4N,NUFFIELD HEALTH PARKSIDE HOSPITAL,821,821,0,True
2026-03,2026-04,R1A,HEREFORDSHIRE AND WORCESTERSHIRE HEALTH AND CARE NHS TRUST,40,31,-9,True
2026-03,2026-04,R1D,SHROPSHIRE COMMUNITY HEALTH NHS TRUST,8032,7890,-142,True
2026-03,2026-04,R1F,ISLE OF WIGHT NHS TRUST,13219,12757,-462,True
2026-03,2026-04,R1G7E,SPAMEDICA KENDAL,447,454,7,True
2026-03,2026-04,R1H,BARTS HEALTH NHS TRUST,121430,121731,301,True
2026-03,2026-04,R1K,LONDON NORTH WEST UNIVERSITY HEALTHCARE NHS TRUST,81757,82788,1031,True
2026-03,2026-04,R5J3Z,BORDER HEALTH ALLIANCE LIMITED,560,654,94,True
2026-03,2026-04,R6B6E,ACES DARLINGTON,0,1,1,False
2026-03,2026-04,R6X7C,SPAMEDICA MACCLESFIELD COMMUNITY DIAGNOSTIC & TREATMENT CENTRE,49,80,31,True
2026-03,2026-04,R7W2O,NEWCASTLE NEWMEDICA LTD,895,948,53,True
2026-03,2026-04,RA2,ROYAL SURREY NHS FOUNDATION TRUST,30331,30954,623,True
2026-03,2026-04,RA7,UNIVERSITY HOSPITALS BRISTOL AND WESTON NHS FOUNDATION TRUST,49624,50201,577,True
2026-03,2026-04,RA9,TORBAY AND SOUTH DEVON NHS FOUNDATION TRUST,33473,0,-33473,False
2026-03,2026-04,RAE,BRADFORD TEACHING HOSPITALS NHS FOUNDATION TRUST,31444,31090,-354,True
2026-03,2026-04,RAJ,MID AND SOUTH ESSEX NHS FOUNDATION TRUST,173933,174353,420,True
2026-03,2026-04,RAL,ROYAL FREE LONDON NHS FOUNDATION TRUST,133309,136889,3580,True
2026-03,2026-04,RAN,ROYAL NATIONAL ORTHOPAEDIC HOSPITAL NHS TRUST,9032,8622,-410,True
2026-03,2026-04,RAS,THE HILLINGDON HOSPITALS NHS FOUNDATION TRUST,32985,33464,479,True
2026-03,2026-04,RAX,KINGSTON AND RICHMOND NHS FOUNDATION TRUST,43861,41136,-2725,True
2026-03,2026-04,RBD,DORSET COUNTY HOSPITAL NHS FOUNDATION TRUST,21492,21963,471,True
2026-03,2026-04,RBK,WALSALL HEALTHCARE NHS TRUST,27301,27972,671,True
2026-03,2026-04,RBL,WIRRAL UNIVERSITY TEACHING HOSPITAL NHS FOUNDATION TRUST,43525,43867,342,True
2026-03,2026-04,RBN,MERSEY AND WEST LANCASHIRE TEACHING HOSPITALS NHS TRUST,76787,78814,2027,True
2026-03,2026-04,RBQ,LIVERPOOL HEART AND CHEST HOSPITAL NHS FOUNDATION TRUST,5331,5297,-34,True
2026-03,2026-04,RBS,ALDER HEY CHILDREN'S NHS FOUNDATION TRUST,15751,16085,334,True
2026-03,2026-04,RBT,MID CHESHIRE HOSPITALS NHS FOUNDATION TRUST,30569,30398,-171,True
2026-03,2026-04,RBV,THE CHRISTIE NHS FOUNDATION TRUST,3013,3028,15,True
2026-03,2026-04,RC9,BEDFORDSHIRE HOSPITALS NHS FOUNDATION TRUST,84240,79577,-4663,True
2026-03,2026-04,RCB,YORK AND SCARBOROUGH TEACHING HOSPITALS NHS FOUNDATION TRUST,54964,55096,132,True
2026-03,2026-04,RCD,HARROGATE AND DISTRICT NHS FOUNDATION TRUST,20768,21420,652,True
2026-03,2026-04,RCF,AIREDALE NHS FOUNDATION TRUST,14202,14344,142,True
2026-03,2026-04,RCU,SHEFFIELD CHILDREN'S NHS FOUNDATION TRUST,10811,11308,497,True
2026-03,2026-04,RCX,"THE QUEEN ELIZABETH HOSPITAL, KING'S LYNN, NHS FOUNDATION TRUST",25029,25153,124,True
2026-03,2026-04,RD1,ROYAL UNITED HOSPITALS BATH NHS FOUNDATION TRUST,39076,39208,132,True
2026-03,2026-04,RD8,MILTON KEYNES UNIVERSITY HOSPITAL NHS FOUNDATION TRUST,33442,35611,2169,True
2026-03,2026-04,RDE,EAST SUFFOLK AND NORTH ESSEX NHS FOUNDATION TRUST,88571,91406,2835,True
2026-03,2026-04,RDR,SUSSEX COMMUNITY NHS FOUNDATION TRUST,13174,12734,-440,True
2026-03,2026-04,RDU,FRIMLEY HEALTH NHS FOUNDATION TRUST,66833,66122,-711,True
2026-03,2026-04,REF,ROYAL CORNWALL HOSPITALS NHS TRUST,41856,42098,242,True
2026-03,2026-04,REM,LIVERPOOL UNIVERSITY HOSPITALS NHS FOUNDATION TRUST,59668,58725,-943,True
2026-03,2026-04,REN,THE CLATTERBRIDGE CANCER CENTRE NHS FOUNDATION TRUST,722,841,119,True
2026-03,2026-04,REP,LIVERPOOL WOMEN'S NHS FOUNDATION TRUST,11638,11606,-32,True
2026-03,2026-04,RET,THE WALTON CENTRE NHS FOUNDATION TRUST,12179,12184,5,True
2026-03,2026-04,RF4,"BARKING, HAVERING AND REDBRIDGE UNIVERSITY HOSPITALS NHS TRUST",68871,72238,3367,True
2026-03,2026-04,RFF,BARNSLEY HOSPITAL NHS FOUNDATION TRUST,21493,21858,365,True
2026-03,2026-04,RFR,THE ROTHERHAM NHS FOUNDATION TRUST,28271,29419,1148,True
2026-03,2026-04,RFS,CHESTERFIELD ROYAL HOSPITAL NHS FOUNDATION TRUST,27036,27425,389,True
2026-03,2026-04,RGM,ROYAL PAPWORTH HOSPITAL NHS FOUNDATION TRUST,5283,5271,-12,True
2026-03,2026-04,RGN,NORTH WEST ANGLIA NHS FOUNDATION TRUST,79174,78841,-333,True
2026-03,2026-04,RGP,JAMES PAGET UNIVERSITY HOSPITALS NHS FOUNDATION TRUST,32827,32908,81,True
2026-03,2026-04,RGR,WEST SUFFOLK NHS FOUNDATION TRUST,29127,31001,1874,True
2026-03,2026-04,RGT,CAMBRIDGE UNIVERSITY HOSPITALS NHS FOUNDATION TRUST,58435,59754,1319,True
2026-03,2026-04,RH5,SOMERSET NHS FOUNDATION TRUST,52284,53871,1587,True
2026-03,2026-04,RH8,ROYAL DEVON UNIVERSITY HEALTHCARE NHS FOUNDATION TRUST,70694,73702,3008,True
2026-03,2026-04,RHM,UNIVERSITY HOSPITAL SOUTHAMPTON NHS FOUNDATION TRUST,59678,61231,1553,True
2026-03,2026-04,RHU,PORTSMOUTH HOSPITALS UNIVERSITY NHS TRUST,53416,56582,3166,True
2026-03,2026-04,RHW,ROYAL BERKSHIRE NHS FOUNDATION TRUST,34676,35323,647,True
2026-03,2026-04,RJ1,GUY'S AND ST THOMAS' NHS FOUNDATION TRUST,105592,109709,4117,True
2026-03,2026-04,RJ2,LEWISHAM AND GREENWICH NHS TRUST,55294,56289,995,True
2026-03,2026-04,RJ6,CROYDON HEALTH SERVICES NHS TRUST,32327,34194,1867,True
2026-03,2026-04,RJ7,ST GEORGE'S UNIVERSITY HOSPITALS NHS FOUNDATION TRUST,66980,68123,1143,True
2026-03,2026-04,RJ8,CORNWALL PARTNERSHIP NHS FOUNDATION TRUST,649,703,54,True
2026-03,2026-04,RJC,SOUTH WARWICKSHIRE UNIVERSITY NHS FOUNDATION TRUST,29705,31157,1452,True
2026-03,2026-04,RJE,UNIVERSITY HOSPITALS OF NORTH MIDLANDS NHS TRUST,65266,68324,3058,True
2026-03,2026-04,RJL,NORTHERN LINCOLNSHIRE AND GOOLE NHS FOUNDATION TRUST,39515,40793,1278,True
2026-03,2026-04,RJN,EAST CHESHIRE NHS TRUST,16262,16874,612,True
2026-03,2026-04,RJR,COUNTESS OF CHESTER HOSPITAL NHS FOUNDATION TRUST,27662,28907,1245,True
2026-03,2026-04,RJZ,KING'S COLLEGE HOSPITAL NHS FOUNDATION TRUST,83892,86512,2620,True
2026-03,2026-04,RK5,SHERWOOD FOREST HOSPITALS NHS FOUNDATION TRUST,33135,33261,126,True
2026-03,2026-04,RK9,UNIVERSITY HOSPITALS PLYMOUTH NHS TRUST,45707,46284,577,True
2026-03,2026-04,RKB,UNIVERSITY HOSPITALS COVENTRY AND WARWICKSHIRE NHS TRUST,70957,73164,2207,True
2026-03,2026-04,RKE,WHITTINGTON HEALTH NHS TRUST,21819,22421,602,True
2026-03,2026-04,RL1,THE ROBERT JONES AND AGNES HUNT ORTHOPAEDIC HOSPITAL NHS FOUNDATION TRUST,14081,13697,-384,True
2026-03,2026-04,RL4,THE ROYAL WOLVERHAMPTON NHS TRUST,72276,73591,1315,True
2026-03,2026-04,RLQ,WYE VALLEY NHS TRUST,21368,21725,357,True
2026-03,2026-04,RLT,GEORGE ELIOT HOSPITAL NHS TRUST,19118,19569,451,True
2026-03,2026-04,RM1,NORFOLK AND NORWICH UNIVERSITY HOSPITALS NHS FOUNDATION TRUST,67120,68475,1355,True
2026-03,2026-04,RM3,NORTHERN CARE ALLIANCE NHS FOUNDATION TRUST,129021,132806,3785,True
2026-03,2026-04,RMC,BOLTON NHS FOUNDATION TRUST,37849,36779,-1070,True
2026-03,2026-04,RMP,TAMESIDE AND GLOSSOP INTEGRATED CARE NHS FOUNDATION TRUST,16393,16283,-110,True
2026-03,2026-04,RN3,GREAT WESTERN HOSPITALS NHS FOUNDATION TRUST,42647,44170,1523,True
2026-03,2026-04,RN5,HAMPSHIRE HOSPITALS NHS FOUNDATION TRUST,48487,48812,325,True
2026-03,2026-04,RN7,DARTFORD AND GRAVESHAM NHS TRUST,29570,30534,964,True
2026-03,2026-04,RNA,THE DUDLEY GROUP NHS FOUNDATION TRUST,45642,46627,985,True
2026-03,2026-04,RNN,NORTH CUMBRIA INTEGRATED CARE NHS FOUNDATION TRUST,35053,34977,-76,True
2026-03,2026-04,RNQ,KETTERING GENERAL HOSPITAL NHS FOUNDATION TRUST,23670,25455,1785,True
2026-03,2026-04,RNS,NORTHAMPTON GENERAL HOSPITAL NHS TRUST,39770,40833,1063,True
2026-03,2026-04,RNZ,SALISBURY NHS FOUNDATION TRUST,30337,30082,-255,True
2026-03,2026-04,RP4,GREAT ORMOND STREET HOSPITAL FOR CHILDREN NHS FOUNDATION TRUST,8467,8324,-143,True
2026-03,2026-04,RP5,DONCASTER AND BASSETLAW TEACHING HOSPITALS NHS FOUNDATION TRUST,52233,53487,1254,True
2026-03,2026-04,RP6,MOORFIELDS EYE HOSPITAL NHS FOUNDATION TRUST,37655,36163,-1492,True
2026-03,2026-04,RP7,LINCOLNSHIRE PARTNERSHIP NHS FOUNDATION TRUST,7,10,3,True
2026-03,2026-04,RPA,MEDWAY NHS FOUNDATION TRUST,34096,34086,-10,True
2026-03,2026-04,RPC,QUEEN VICTORIA HOSPITAL NHS FOUNDATION TRUST,20829,21360,531,True
2026-03,2026-04,RPG,OXLEAS NHS FOUNDATION TRUST,2079,1590,-489,True
2026-03,2026-04,RPY,THE ROYAL MARSDEN NHS FOUNDATION TRUST,1962,1804,-158,True
2026-03,2026-04,RQ3,BIRMINGHAM WOMEN'S AND CHILDREN'S NHS FOUNDATION TRUST,21666,21616,-50,True
2026-03,2026-04,RQM,CHELSEA AND WESTMINSTER HOSPITAL NHS FOUNDATION TRUST,75601,76088,487,True
2026-03,2026-04,RQW,THE PRINCESS ALEXANDRA HOSPITAL NHS TRUST,39762,38611,-1151,True
2026-03,2026-04,RQX,HOMERTON HEALTHCARE NHS FOUNDATION TRUST,26282,26849,567,True
2026-03,2026-04,RR7,GATESHEAD HEALTH NHS FOUNDATION TRUST,11571,11812,241,True
2026-03,2026-04,RR8,LEEDS TEACHING HOSPITALS NHS TRUST,85103,86702,1599,True
2026-03,2026-04,RRE,MIDLANDS PARTNERSHIP UNIVERSITY NHS FOUNDATION TRUST,8953,9277,324,True
2026-03,2026-04,RRF,"WRIGHTINGTON, WIGAN AND LEIGH TEACHING HOSPITALS NHS FOUNDATION TRUST",44346,44088,-258,True
2026-03,2026-04,RRJ,THE ROYAL ORTHOPAEDIC HOSPITAL NHS FOUNDATION TRUST,12520,12610,90,True
2026-03,2026-04,RRK,UNIVERSITY HOSPITALS BIRMINGHAM NHS FOUNDATION TRUST,89322,90728,1406,True
2026-03,2026-04,RRV,UNIVERSITY COLLEGE LONDON HOSPITALS NHS FOUNDATION TRUST,74306,76663,2357,True
2026-03,2026-04,RT1,CAMBRIDGESHIRE AND PETERBOROUGH NHS FOUNDATION TRUST,196,153,-43,True
2026-03,2026-04,RTD,THE NEWCASTLE UPON TYNE HOSPITALS NHS FOUNDATION TRUST,81186,83074,1888,True
2026-03,2026-04,RTE,GLOUCESTERSHIRE HOSPITALS NHS FOUNDATION TRUST,67038,68685,1647,True
2026-03,2026-04,RTF,NORTHUMBRIA HEALTHCARE NHS FOUNDATION TRUST,37199,37392,193,True
2026-03,2026-04,RTG,UNIVERSITY HOSPITALS OF DERBY AND BURTON NHS FOUNDATION TRUST,93272,94758,1486,True
2026-03,2026-04,RTH,OXFORD UNIVERSITY HOSPITALS NHS FOUNDATION TRUST,88149,90141,1992,True
2026-03,2026-04,RTK,ASHFORD AND ST PETER'S HOSPITALS NHS FOUNDATION TRUST,50926,51389,463,True
2026-03,2026-04,RTP,SURREY AND SUSSEX HEALTHCARE NHS TRUST,47262,47331,69,True
2026-03,2026-04,RTR,SOUTH TEES HOSPITALS NHS FOUNDATION TRUST,54168,55452,1284,True
2026-03,2026-04,RTX,UNIVERSITY HOSPITALS OF MORECAMBE BAY NHS FOUNDATION TRUST,33939,34407,468,True
2026-03,2026-04,RVJ,NORTH BRISTOL NHS TRUST,39175,40068,893,True
2026-03,2026-04,RVR,EPSOM AND ST HELIER UNIVERSITY HOSPITALS NHS TRUST,58194,58819,625,True
2026-03,2026-04,RVV,EAST KENT HOSPITALS UNIVERSITY NHS FOUNDATION TRUST,79207,80656,1449,True
2026-03,2026-04,RVW,NORTH TEES AND HARTLEPOOL NHS FOUNDATION TRUST,21532,22572,1040,True
2026-03,2026-04,RW1,HAMPSHIRE AND ISLE OF WIGHT HEALTHCARE NHS FOUNDATION TRUST,4364,4400,36,True
2026-03,2026-04,RW4,MERSEY CARE NHS FOUNDATION TRUST,53,0,-53,False
2026-03,2026-04,RW5,LANCASHIRE & SOUTH CUMBRIA NHS FOUNDATION TRUST,4033,3816,-217,True
2026-03,2026-04,RWA,HULL UNIVERSITY TEACHING HOSPITALS NHS TRUST,80999,83615,2616,True
2026-03,2026-04,RWD,UNITED LINCOLNSHIRE TEACHING HOSPITALS NHS TRUST,67751,69075,1324,True
2026-03,2026-04,RWE,UNIVERSITY HOSPITALS OF LEICESTER NHS TRUST,113957,114975,1018,True
2026-03,2026-04,RWF,MAIDSTONE AND TUNBRIDGE WELLS NHS TRUST,46178,48280,2102,True
2026-03,2026-04,RWG,WEST HERTFORDSHIRE TEACHING HOSPITALS NHS TRUST,45388,45979,591,True
2026-03,2026-04,RWH,EAST AND NORTH HERTFORDSHIRE TEACHING NHS TRUST,54291,54845,554,True
2026-03,2026-04,RWJ,STOCKPORT NHS FOUNDATION TRUST,33981,34315,334,True
2026-03,2026-04,RWP,WORCESTERSHIRE ACUTE HOSPITALS NHS TRUST,55579,57215,1636,True
2026-03,2026-04,RWW,NORTH CHESHIRE AND MERSEY NHS FOUNDATION TRUST,33113,33645,532,True
2026-03,2026-04,RWX,BERKSHIRE HEALTHCARE NHS FOUNDATION TRUST,100,99,-1,True
2026-03,2026-04,RWY,CALDERDALE AND HUDDERSFIELD NHS FOUNDATION TRUST,36179,35985,-194,True
2026-03,2026-04,RX1,NOTTINGHAM UNIVERSITY HOSPITALS NHS TRUST,83187,85166,1979,True
2026-03,2026-04,RX4,"CUMBRIA, NORTHUMBERLAND, TYNE AND WEAR NHS FOUNDATION TRUST",153,139,-14,True
2026-03,2026-04,RXC,EAST SUSSEX HEALTHCARE NHS TRUST,57337,57384,47,True
2026-03,2026-04,RXF,MID YORKSHIRE TEACHING NHS TRUST,53903,55239,1336,True
2026-03,2026-04,RXG,SOUTH WEST YORKSHIRE PARTNERSHIP NHS FOUNDATION TRUST,4316,4385,69,True
2026-03,2026-04,RXK,SANDWELL AND WEST BIRMINGHAM HOSPITALS NHS TRUST,65757,65630,-127,True
2026-03,2026-04,RXL,BLACKPOOL TEACHING HOSPITALS NHS FOUNDATION TRUST,40281,40352,71,True
2026-03,2026-04,RXN,LANCASHIRE TEACHING HOSPITALS NHS FOUNDATION TRUST,65155,61323,-3832,True
2026-03,2026-04,RXP,COUNTY DURHAM AND DARLINGTON NHS FOUNDATION TRUST,43012,52770,9758,True
2026-03,2026-04,RXQ,BUCKINGHAMSHIRE HEALTHCARE NHS TRUST,45888,46352,464,True
2026-03,2026-04,RXR,EAST LANCASHIRE HOSPITALS NHS TRUST,47719,47348,-371,True
2026-03,2026-04,RXW,THE SHREWSBURY AND TELFORD HOSPITAL NHS TRUST,34275,35084,809,True
2026-03,2026-04,RYJ,IMPERIAL COLLEGE HEALTHCARE NHS TRUST,83878,83754,-124,True
2026-03,2026-04,RYR,UNIVERSITY HOSPITALS SUSSEX NHS FOUNDATION TRUST,112521,115702,3181,True
2026-03,2026-04,RYW,BIRMINGHAM COMMUNITY HEALTHCARE NHS FOUNDATION TRUST,14919,14412,-507,True
2026-03,2026-04,RYY,KENT COMMUNITY HEALTH NHS FOUNDATION TRUST,4391,4825,434,True
2026-03,2026-04,S0L9O,ACES BIRMINGHAM,17,18,1,True
2026-03,2026-04,S1Z4X,NEWMEDICA - BIRMINGHAM,949,936,-13,True
2026-03,2026-04,S3H9L,THE HAMPTONS HOSPITAL LTD,914,735,-179,True
2026-03,2026-04,S4E3I,MIDLAND EYE (EYE-DOCS LTD),643,659,16,True
2026-03,2026-04,S5E5Y,HCRG CARE DERMATOLOGY THE IRONSTONE CENTRE,1209,0,-1209,False
2026-03,2026-04,S8O6A,ACES MANCHESTER TRAFFORD,3,2,-1,True
2026-03,2026-04,T1I9W,ACES LINCOLN,10,10,0,True
2026-03,2026-04,T1T4S,ACES BRISTOL,71,68,-3,True
2026-03,2026-04,T4I8V,SPAMEDICA CHESTERFIELD,178,226,48,True
2026-03,2026-04,T8R5I,SPAMEDICA WOKINGHAM,236,225,-11,True
2026-03,2026-04,T8V3L,SPAMEDICA DONCASTER,253,404,151,True
2026-03,2026-04,TAD,BRADFORD DISTRICT CARE NHS FOUNDATION TRUST,541,568,27,True
2026-03,2026-04,U0K8N,CES MEDICAL,69,56,-13,True
2026-03,2026-04,U1P4Z,ACES MILTON KEYNES,143,137,-6,True
2026-03,2026-04,U6A5N,ACES CHISWICK,12,6,-6,True
2026-03,2026-04,V3J9W,PASTEL HEALTH,39,118,79,True
2026-03,2026-04,V4U1Y,SPAMEDICA CHESTER,206,247,41,True
2026-03,2026-04,V5F1D,SPAMEDICA TELFORD,384,465,81,True
2026-03,2026-04,V8A3H,SPAMEDICA SHEFFIELD COMMUNITY DIAGNOSTIC & TREATMENT CENTRE,11,38,27,True
2026-03,2026-04,V8N5R,SPAMEDICA DALSTON,397,522,125,True
2026-03,2026-04,W7J4C,ACES MANCHESTER,105,74,-31,True
2026-03,2026-04,X0R3Y,ACES LEEDS KING STREET,28,11,-17,True
2026-03,2026-04,X1M4L,ACES MAIDSTONE,5,2,-3,True
2026-03,2026-04,X7M7U,ACES LAKESIDE,9,11,2,True
2026-03,2026-04,X7Y2H,ACES WILMSLOW,5,5,0,True
2026-03,2026-04,Y7W8F,ACES SOUTHAMPTON - EAST ST,10,15,5,True
2026-03,2026-04,Y8L9S,SPAMEDICA BROMLEY,595,621,26,True
2026-03,2026-04,Y9S1N,FAIRFIELD INDEPENDENT HOSPITAL,1625,1694,69,True
2026-03,2026-04,Z1E5F,NEWMEDICA - HARROGATE,243,236,-7,True
2026-03,2026-04,Z2L9B,NEWMEDICA - MANCHESTER WEST,344,317,-27,True
2026-03,2026-04,Z4F8Y,ACES DARTFORD,367,369,2,True
2026-03,2026-04,Z5J5V,SPAMEDICA HAYDOCK,296,324,28,True
2026-03,2026-04,Z9Z1G,SPAMEDICA GATESHEAD,509,579,70,True
2026-04,2026-05,A0C5S,SPAMEDICA GLOUCESTER,108,102,-6,True
2026-04,2026-05,A1D1B,SPAMEDICA WEMBLEY,420,433,13,True
2026-04,2026-05,A1S9E,OPTEGRA EYE HOSPITAL YORK,584,665,81,True
2026-04,2026-05,A1U4J,SPAMEDICA PORTSMOUTH,206,226,20,True
2026-04,2026-05,A4M8P,BUCKSHAW HOSPITAL,3060,3084,24,True
2026-04,2026-05,A4Q9X,NEWMEDICA LEICESTER,880,906,26,True
2026-04,2026-05,A4Y8X,ACES NOTTINGHAM,26,49,23,True
2026-04,2026-05,A5E1F,OPTEGRA EYE HOSPITAL PRESTON,234,239,5,True
2026-04,2026-05,A6U7U,OPTEGRA EYE HOSPITAL NOTTINGHAM,114,170,56,True
2026-04,2026-05,A8L1O,OPTEGRA EYE HOSPITAL LEICESTER,190,199,9,True
2026-04,2026-05,A9P5F,ACES WHITE CITY,110,146,36,True
2026-04,2026-05,A9T5Y,RSA (ATHENA SURGICAL CENTRE),0,5,5,False
2026-04,2026-05,AAH,TETBURY HOSPITAL TRUST LTD,354,291,-63,True
2026-04,2026-05,AAV,COMMUNITY HEALTH AND EYECARE LIMITED,5261,5424,163,True
2026-04,2026-05,ACG08,NEWMEDICA OPHTHALMOLOGY - NUNEATON - CAMP HILL - GP LED HEALTH CENTRE,18,9,-9,True
2026-04,2026-05,ACG12,NEWMEDICA COMMUNITY OPHTHALMOLOGY - NORTH EAST LINCOLNSHIRE - GRIMSBY,1019,994,-25,True
2026-04,2026-05,ACG13,NEWMEDICA - GLOUCESTER (ASPEN MEDICAL CENTRE),475,461,-14,True
2026-04,2026-05,ACG19,NEWMEDICA COMMUNITY OPHTHALMOLOGY - LEEDS,585,687,102,True
2026-04,2026-05,ACG20,NEWMEDICA - BRISTOL - LITFIELD HOUSE,428,357,-71,True
2026-04,2026-05,ACG22,NEWMEDICA - BRIGG - RIVERSIDE SURGERY,735,721,-14,True
2026-04,2026-05,ACG24,NEWMEDICA - TEESSIDE - NORTH ORMESBY,1387,1631,244,True
2026-04,2026-05,ACG26,NEWMEDICA - NORTH DERBYSHIRE - MIDLAND COURT,1368,1237,-131,True
2026-04,2026-05,ACG30,NEWMEDICA - WORKSOP - DUKERIES,173,160,-13,True
2026-04,2026-05,ACG31,NEWMEDICA - WORCESTER,868,917,49,True
2026-04,2026-05,ACG36,NEWMEDICA - EXETER - GLEN HOUSE,482,490,8,True
2026-04,2026-05,ACG37,NEWMEDICA - IPSWICH,1218,1212,-6,True
2026-04,2026-05,ACG38,NEWMEDICA - LANGFORD,471,432,-39,True
2026-04,2026-05,ACG40,NEWMEDICA - WAKEFIELD,557,593,36,True
2026-04,2026-05,ACM,EYE CARE MEDICAL LTD,8,3,-5,True
2026-04,2026-05,ADP02,KIMS HOSPITAL (NEWNHAM COURT),1331,1287,-44,True
2026-04,2026-05,AHP,ST MICHAEL'S CLINIC LIMITED,1691,1818,127,True
2026-04,2026-05,AJ8,THE GRANGE MEDICAL CENTRE HQ,216,154,-62,True
2026-04,2026-05,AQK,VERNOVA HEALTHCARE COMMUNITY INTEREST COMPANY,281,296,15,True
2026-04,2026-05,AVQ01,ONE ASHFORD HOSPITAL,980,964,-16,True
2026-04,2026-05,AVQ03,ONE HATFIELD HOSPITAL,598,481,-117,True
2026-04,2026-05,AWR,ONE STOP DOCTORS LIMITED,647,687,40,True
2026-04,2026-05,AY1,MEDEFER,256,256,0,True
2026-04,2026-05,B1A5K,NEWMEDICA - NOTTINGHAM,619,714,95,True
2026-04,2026-05,B3M1X,CLAREMONT PRIVATE HOSPITAL,2935,3092,157,True
2026-04,2026-05,B4N1U,SPAMEDICA ROMFORD,984,977,-7,True
2026-04,2026-05,B5M7B,NEWMEDICA - NORWICH,1675,1688,13,True
2026-04,2026-05,B6Z0N,OPTEGRA EYE HOSPITAL UTTOXETER,315,262,-53,True
2026-04,2026-05,B9J4U,SPAMEDICA PETERBOROUGH,518,439,-79,True
2026-04,2026-05,B9M3W,SPAMEDICA SOUTHAMPTON,386,433,47,True
2026-04,2026-05,C3Y0A,SPAMEDICA BLACKPOOL,190,231,41,True
2026-04,2026-05,C5Y9L,NEWMEDICA - BERKSHIRE - BRACKNELL,171,141,-30,True
2026-04,2026-05,C9A7J,NEWMEDICA - BRADFORD & HUDDERSFIELD,630,850,220,True
2026-04,2026-05,D0V5X,NEWMEDICA - SWINDON MURDOCK ROAD,168,147,-21,True
2026-04,2026-05,D0Y2J,OPTEGRA AT HAVANT HEALTH CENTRE (HAVANT),20,17,-3,True
2026-04,2026-05,D1V5N,ACES BOLTON,0,1,1,False
2026-04,2026-05,D2L5T,ACES LIVERPOOL,60,40,-20,True
2026-04,2026-05,D3O0Z,PLYMOUTH NEWMEDICA LTD,650,682,32,True
2026-04,2026-05,D5P5H,SPAMEDICA BEXHILL,231,263,32,True
2026-04,2026-05,D9E5L,OPTEGRA EYE HOSPITAL BRIGHTON,661,737,76,True
2026-04,2026-05,DFQ,NORWICH & NORFOLK SURGICAL LTD (N2S),1125,1040,-85,True
2026-04,2026-05,DFY01,COTSWOLDS SURGICAL PARTNERS,275,268,-7,True
2026-04,2026-05,DJH01,THE ROYAL BUCKINGHAMSHIRE HOSPITAL LTD,32,31,-1,True
2026-04,2026-05,DPK,THE STONEYGATE EYE HOSPITAL,752,782,30,True
2026-04,2026-05,DTT,PHOENIX PUBLIC HEALTH LTD,158,179,21,True
2026-04,2026-05,DX1,THE NEW FOSCOTE HOSPITAL LTD,375,399,24,True
2026-04,2026-05,DXN,MODALITY LLP,2665,2026,-639,True
2026-04,2026-05,DXV,OMNES HEALTHCARE LTD,13304,14182,878,True
2026-04,2026-05,E1U4T,SPAMEDICA CARLISLE,914,926,12,True
2026-04,2026-05,E3D4A,SPAMEDICA TRURO,337,346,9,True
2026-04,2026-05,E4K5T,OPTEGRA EYE HOSPITAL NEWCASTLE,426,487,61,True
2026-04,2026-05,E6F9I,ACES BRADFORD,1,3,2,True
2026-04,2026-05,F0R0W,NEWMEDICA - DARLINGTON,65,78,13,True
2026-04,2026-05,F1Y1H,NEWMEDICA - CHESHIRE OAKS,582,451,-131,True
2026-04,2026-05,F2C9F,ACES HARLEY STREET,1,0,-1,False
2026-04,2026-05,F4B0R,SPAMEDICA GUILDFORD,27,37,10,True
2026-04,2026-05,F7B2B,ANGLIA COMMUNITY EYE SERVICE - BURY ST EDMUNDS,13,16,3,True
2026-04,2026-05,F7F6D,NEWMEDICA - HERTFORSHIRE - WELWYN GARDEN CITY,946,1056,110,True
2026-04,2026-05,F9Z4V,CIRCLE READING HOSPITAL,1599,1726,127,True
2026-04,2026-05,G3E7R,OPTEGRA EYE HOSPITAL MAIDSTONE,435,433,-2,True
2026-04,2026-05,G3O5P,SPAMEDICA NEWARK,573,570,-3,True
2026-04,2026-05,G3Q3Z,NUFFIELD HEALTH HIGHGATE HOSPITAL,998,1096,98,True
2026-04,2026-05,G3Z1Q,SULIS HOSPITAL BATH (FOXCOTE AVENUE),3782,3759,-23,True
2026-04,2026-05,G4H0I,NEWMEDICA SUFFOLK - BURY ST EDMUNDS - CLARITY HOUSE,673,641,-32,True
2026-04,2026-05,G5X2Q,SPAMEDICA NORTH TYNESIDE,464,487,23,True
2026-04,2026-05,G6S7A,SPAMEDICA TAUNTON,768,758,-10,True
2026-04,2026-05,GEC01,RAPID INVESTIGATION SERVICE,99,147,48,True
2026-04,2026-05,H1T2P,SPAMEDICA SWINDON,109,128,19,True
2026-04,2026-05,H2K1G,NEWMEDICA - BROMSGROVE,434,467,33,True
2026-04,2026-05,H3W7Q,ACES CHELMSFORD,60,88,28,True
2026-04,2026-05,H4I8B,NUFFIELD HEALTH THE HOLLY HOSPITAL,4237,4165,-72,True
2026-04,2026-05,H4J9P,NEWMEDICA AZTEC WEST,894,757,-137,True
2026-04,2026-05,H4Y7F,SPAMEDICA DORCHESTER,554,616,62,True
2026-04,2026-05,H7X1I,ANGLIA COMMUNITY EYE SERVICE - CAMBRIDGE,224,269,45,True
2026-04,2026-05,I1H7K,SPAMEDICA SALE,260,260,0,True
2026-04,2026-05,I2C7H,SPAMEDICA BRADFORD,246,319,73,True
2026-04,2026-05,I7G8X,ACES NEWCASTLE,29,30,1,True
2026-04,2026-05,I7Q4A,OPTEGRA EYE HOSPITAL WEST LONDON,638,644,6,True
2026-04,2026-05,I9A4A,SPAMEDICA BRIGHTON,276,254,-22,True
2026-04,2026-05,J0M7P,SPAMEDICA HEREFORD DIAGNOSTIC AND TREATMENT CENTRE,42,40,-2,True
2026-04,2026-05,J2H6H,SPAMEDICA COLCHESTER,184,203,19,True
2026-04,2026-05,J3J8Z,NEWMEDICA - OXFORDSHIRE,958,1035,77,True
2026-04,2026-05,J3X4C,SPAMEDICA WORCESTER,433,448,15,True
2026-04,2026-05,J7V1N,SPAMEDICA SOLIHULL,467,488,21,True
2026-04,2026-05,K3V9U,SPAMEDICA STEVENAGE COMMUNITY DIAGNOSTIC & TREATMENT CENTRE,7,4,-3,True
2026-04,2026-05,K7J9E,ANGLIA COMMUNITY EYE SERVICE - NORWICH,12,15,3,True
2026-04,2026-05,K8I4X,GLENDON WOOD HOSPITAL,1327,1534,207,True
2026-04,2026-05,K9J3O,SPAMEDICA LUTON,203,263,60,True
2026-04,2026-05,L0D9W,NEWMEDICA - GLOUCESTER (BRIGHOUSE COURT),1330,1196,-134,True
2026-04,2026-05,L4R3R,NEWMEDICA - HAMPSHIRE,2321,2332,11,True
2026-04,2026-05,L6O7H,SPAMEDICA POOLE,1000,1018,18,True
2026-04,2026-05,L9D3Z,SPAMEDICA LEICESTER,362,391,29,True
2026-04,2026-05,M0N7E,SPAMEDICA SITTINGBOURNE,192,208,16,True
2026-04,2026-05,M2O7D,OPTEGRA EYE HOSPITAL COLCHESTER,272,287,15,True
2026-04,2026-05,M2Y6D,PRACTICE PLUS GROUP HOSPITAL BIRMINGHAM,1494,1634,140,True
2026-04,2026-05,M3R0W,SPAMEDICA NORWICH,351,356,5,True
2026-04,2026-05,M4C5R,NEWMEDICA - NORTHAMPTON,1500,1346,-154,True
2026-04,2026-05,M5E1S,SPAMEDICA EXETER,347,392,45,True
2026-04,2026-05,M6L9D,NEWMEDICA - NOTTINGHAM - KEYWORTH,23,29,6,True
2026-04,2026-05,M7C9Q,SPAMEDICA EPSOM,423,421,-2,True
2026-04,2026-05,M9U8M,ENDOCARE DIAGNOSTICS LTD,78,71,-7,True
2026-04,2026-05,N1L8R,ACES MANCHESTER ST JOHNS STREET,13,15,2,True
2026-04,2026-05,N1M9Z,ACES EXETER,49,75,26,True
2026-04,2026-05,N1N0Y,SPAMEDICA CROYDON,153,197,44,True
2026-04,2026-05,N6Z0R,NEWMEDICA - LINCOLN,32,27,-5,True
2026-04,2026-05,N8R1N,NEWMEDICA - BERKSHIRE,1552,1406,-146,True
2026-04,2026-05,N8Z8E,ACES TORQUAY,3,1,-2,True
2026-04,2026-05,NAM01,PROBUS SURGICAL CENTRE,867,595,-272,True
2026-04,2026-05,NCN,DMC HEALTHCARE,2326,1886,-440,True
2026-04,2026-05,NCR,ISIGHT,1348,1335,-13,True
2026-04,2026-05,NDJ,FIRST COMMUNITY HEALTH AND CARE CIC,846,883,37,True
2026-04,2026-05,NEQ,PHOENIX HEALTH SOLUTIONS LIMITED HQ,561,568,7,True
2026-04,2026-05,NEY,PIONEER HEALTHCARE LIMITED,101,106,5,True
2026-04,2026-05,NFH,SOMERSET SURGICAL SERVICES HQ,1574,1575,1,True
2026-04,2026-05,NHW,STANDARD HEALTH LTD,124,105,-19,True
2026-04,2026-05,NID,THE LIVING CARE GROUP,152,565,413,True
2026-04,2026-05,NL3,CARE PLUS GROUP,182,229,47,True
2026-04,2026-05,NL8,LOCALA COMMUNITY PARTNERSHIPS CIC,1286,1294,8,True
2026-04,2026-05,NLE01,LANCASTER HOUSE CONSULTING DIAGNOSTICS SURGICAL LTD HQ,1311,1271,-40,True
2026-04,2026-05,NLG,COMMUNITAS CLINICS,4440,4299,-141,True
2026-04,2026-05,NLX,SIRONA CARE & HEALTH,5230,4533,-697,True
2026-04,2026-05,NMG,CORA HEALTH MSK (FORMERLY CONNECT HEALTH LTD),19190,21802,2612,True
2026-04,2026-05,NN4,TYNESIDE SURGICAL SERVICES LTD,1391,1443,52,True
2026-04,2026-05,NN5,MANCHESTER SURGICAL SERVICES LTD,367,388,21,True
2026-04,2026-05,NN8,SPENCER PRIVATE HOSPITALS LTD,3720,3799,79,True
2026-04,2026-05,NNE,DORKING HEALTHCARE LIMITED (DHC),6438,6230,-208,True
2026-04,2026-05,NNH02,OPTEGRA YORKSHIRE EYE HOSPITAL,842,807,-35,True
2026-04,2026-05,NNH03,OPTEGRA (SURREY EYE HOSPITAL),741,946,205,True
2026-04,2026-05,NNH04,OPTEGRA (MANCHESTER EYE HOSPITAL),794,784,-10,True
2026-04,2026-05,NNH05,OPTEGRA (BIRMINGHAM EYE HOSPITAL),700,782,82,True
2026-04,2026-05,NNH06,OPTEGRA (SOLENT EYE HOSPITAL),695,683,-12,True
2026-04,2026-05,NNH07,OPTEGRA LONDON EYE HOSPITAL,876,906,30,True
2026-04,2026-05,NP9,BESPOKE HEALTHCARE LTD,614,608,-6,True
2026-04,2026-05,NPG01,SPAMEDICA MANCHESTER,364,375,11,True
2026-04,2026-05,NPG02,SPAMEDICA WIRRAL,392,482,90,True
2026-04,2026-05,NPG06,SPAMEDICA LIVERPOOL,418,470,52,True
2026-04,2026-05,NPG07,SPAMEDICA EYE HOSPITAL (WAKEFIELD),660,781,121,True
2026-04,2026-05,NPG08,SPAMEDICA BOLTON,782,756,-26,True
2026-04,2026-05,NPG10,SPAMEDICA SHEFFIELD,448,485,37,True
2026-04,2026-05,NPG11,SPAMEDICA BIRMINGHAM,793,805,12,True
2026-04,2026-05,NPG13,SPAMEDICA SKELMERSDALE,118,154,36,True
2026-04,2026-05,NPG14,SPAMEDICA WIDNES,290,326,36,True
2026-04,2026-05,NPG15,SPAMEDICA NEWCASTLE-UNDER-LYME,390,329,-61,True
2026-04,2026-05,NPG16,SPAMEDICA CHELMSFORD,931,800,-131,True
2026-04,2026-05,NPG17,SPAMEDICA PRESTON,365,397,32,True
2026-04,2026-05,NPG18,SPAMEDICA HULL,493,571,78,True
2026-04,2026-05,NPG19,SPAMEDICA BEDFORD,325,368,43,True
2026-04,2026-05,NPG20,SPAMEDICA WOLVERHAMPTON,831,898,67,True
2026-04,2026-05,NPG21,SPAMEDICA COVENTRY,662,815,153,True
2026-04,2026-05,NPG22,SPAMEDICA STOCKTON-ON-TEES,499,509,10,True
2026-04,2026-05,NPG23,SPAMEDICA DERBY,540,607,67,True
2026-04,2026-05,NPR01,ABOUT HEALTH HQ,1396,1341,-55,True
2026-04,2026-05,NQH,NOVUS HEALTH LTD,883,853,-30,True
2026-04,2026-05,NQM01,ORTHOPAEDICS & SPINE SPECIALIST HOSPITAL SITE,152,153,1,True
2026-04,2026-05,NQT5K,ST MARTINS HOSPITAL,110,129,19,True
2026-04,2026-05,NQX,PROVIDE ENTERPRISES,190,239,49,True
2026-04,2026-05,NR5,LIVEWELL SOUTHWEST,64,63,-1,True
2026-04,2026-05,NRF,UNIVERSITY OF SOUTHAMPTON AUDITORY IMPLANT SERVICE,180,172,-8,True
2026-04,2026-05,NRL,HEART NETWORKS,932,569,-363,True
2026-04,2026-05,NRP,BEACON MEDICAL SERVICES GROUP LIMITED,4686,4103,-583,True
2026-04,2026-05,NT202,"NUFFIELD HEALTH, BOURNEMOUTH HOSPITAL",487,463,-24,True
2026-04,2026-05,NT204,"NUFFIELD HEALTH, BRENTWOOD HOSPITAL",2236,2394,158,True
2026-04,2026-05,NT205,"NUFFIELD HEALTH, BRIGHTON HOSPITAL",810,759,-51,True
2026-04,2026-05,NT206,"NUFFIELD HEALTH, BRISTOL HOSPITAL (CHESTERFIELD)",681,620,-61,True
2026-04,2026-05,NT209,"NUFFIELD HEALTH, CAMBRIDGE HOSPITAL",192,206,14,True
2026-04,2026-05,NT210,"NUFFIELD HEALTH, THE GROSVENOR HOSPITAL, CHESTER",444,479,35,True
2026-04,2026-05,NT211,"NUFFIELD HEALTH, CHELTENHAM HOSPITAL",47,40,-7,True
2026-04,2026-05,NT212,"NUFFIELD HEALTH, CHICHESTER HOSPITAL",436,461,25,True
2026-04,2026-05,NT213,"NUFFIELD HEALTH, DERBY HOSPITAL",1193,1138,-55,True
2026-04,2026-05,NT214,"NUFFIELD HEALTH, WESSEX HOSPITAL",583,556,-27,True
2026-04,2026-05,NT215,"NUFFIELD HEALTH, EXETER HOSPITAL",381,390,9,True
2026-04,2026-05,NT216,"NUFFIELD HEALTH, GUILDFORD HOSPITAL",72,80,8,True
2026-04,2026-05,NT218,"NUFFIELD HEALTH, HAYWARDS HEATH HOSPITAL",444,476,32,True
2026-04,2026-05,NT219,"NUFFIELD HEALTH, HEREFORD HOSPITAL",462,398,-64,True
2026-04,2026-05,NT224,"NUFFIELD HEALTH, WARWICKSHIRE HOSPITAL",403,427,24,True
2026-04,2026-05,NT226,"NUFFIELD HEALTH, LEICESTER HOSPITAL",469,452,-17,True
2026-04,2026-05,NT229,"NUFFIELD HEALTH, NEWCASTLE UPON TYNE HOSPITAL",507,464,-43,True
2026-04,2026-05,NT230,"NUFFIELD HEALTH, NORTH STAFFORDSHIRE HOSPITAL",1228,1167,-61,True
2026-04,2026-05,NT233,"NUFFIELD HEALTH, PLYMOUTH HOSPITAL",946,1011,65,True
2026-04,2026-05,NT235,"NUFFIELD HEALTH, SHREWSBURY HOSPITAL",530,614,84,True
2026-04,2026-05,NT237,"NUFFIELD HEALTH, TEES HOSPITAL",1652,1683,31,True
2026-04,2026-05,NT238,"NUFFIELD HEALTH, TAUNTON HOSPITAL",533,555,22,True
2026-04,2026-05,NT239,"NUFFIELD HEALTH, TUNBRIDGE WELLS HOSPITAL",79,99,20,True
2026-04,2026-05,NT241,"NUFFIELD HEALTH, WOKING HOSPITAL",261,377,116,True
2026-04,2026-05,NT242,"NUFFIELD HEALTH, WOLVERHAMPTON HOSPITAL",533,489,-44,True
2026-04,2026-05,NT244,NUFFIELD HOSPITAL OXFORD (THE MANOR),82,106,24,True
2026-04,2026-05,NT245,"NUFFIELD HEALTH, YORK HOSPITAL",1193,1279,86,True
2026-04,2026-05,NT301,SPIRE SOUTH BANK HOSPITAL,761,748,-13,True
2026-04,2026-05,NT302,SPIRE BRISTOL HOSPITAL,733,794,61,True
2026-04,2026-05,NT304,SPIRE SOUTHAMPTON HOSPITAL,307,238,-69,True
2026-04,2026-05,NT305,SPIRE PORTSMOUTH HOSPITAL,473,439,-34,True
2026-04,2026-05,NT308,SPIRE GATWICK PARK HOSPITAL,1282,1411,129,True
2026-04,2026-05,NT30A,SPIRE NOTTINGHAM HOSPITAL,625,644,19,True
2026-04,2026-05,NT312,SPIRE ALEXANDRA HOSPITAL,995,1401,406,True
2026-04,2026-05,NT313,SPIRE WELLESLEY HOSPITAL,1179,1118,-61,True
2026-04,2026-05,NT314,SPIRE LONDON EAST,3436,3390,-46,True
2026-04,2026-05,NT315,SPIRE BUSHEY HOSPITAL,1078,1122,44,True
2026-04,2026-05,NT316,SPIRE HARPENDEN HOSPITAL,714,761,47,True
2026-04,2026-05,NT317,SPIRE CAMBRIDGE LEA HOSPITAL,309,382,73,True
2026-04,2026-05,NT318,SPIRE NORWICH HOSPITAL,974,923,-51,True
2026-04,2026-05,NT319,SPIRE HARTSWOOD HOSPITAL,1074,1003,-71,True
2026-04,2026-05,NT320,SPIRE PARKWAY HOSPITAL,1371,1300,-71,True
2026-04,2026-05,NT321,SPIRE LITTLE ASTON HOSPITAL,1185,1353,168,True
2026-04,2026-05,NT322,SPIRE LEICESTER HOSPITAL,923,819,-104,True
2026-04,2026-05,NT324,SPIRE CHESHIRE HOSPITAL,1071,1179,108,True
2026-04,2026-05,NT325,SPIRE MURRAYFIELD HOSPITAL,749,870,121,True
2026-04,2026-05,NT327,SPIRE MANCHESTER HOSPITAL,631,582,-49,True
2026-04,2026-05,NT332,SPIRE LEEDS HOSPITAL,764,867,103,True
2026-04,2026-05,NT333,SPIRE WASHINGTON HOSPITAL,1795,2053,258,True
2026-04,2026-05,NT337,SPIRE LIVERPOOL HOSPITAL,2223,2379,156,True
2026-04,2026-05,NT339,SPIRE REGENCY HOSPITAL,2004,2181,177,True
2026-04,2026-05,NT343,SPIRE THAMES VALLEY HOSPITAL,448,458,10,True
2026-04,2026-05,NT344,SPIRE DUNEDIN HOSPITAL,284,293,9,True
2026-04,2026-05,NT345,SPIRE CLARE PARK HOSPITAL,352,328,-24,True
2026-04,2026-05,NT347,SPIRE FYLDE COAST HOSPITAL,3362,3531,169,True
2026-04,2026-05,NT348,SPIRE ELLAND HOSPITAL,1286,1382,96,True
2026-04,2026-05,NT350,SPIRE METHLEY PARK HOSPITAL,827,906,79,True
2026-04,2026-05,NT351,SPIRE HULL AND EAST RIDING HOSPITAL,2570,2847,277,True
2026-04,2026-05,NT364,SPIRE MONTEFIORE HOSPITAL,610,626,16,True
2026-04,2026-05,NT3X3,SPIRE ST ANTHONY'S HOSPITAL,1026,1052,26,True
2026-04,2026-05,NT401,ALEXANDRA HOSPITAL,678,604,-74,True
2026-04,2026-05,NT402,BATH CLINIC,669,683,14,True
2026-04,2026-05,NT403,BEARDWOOD HOSPITAL,2233,2120,-113,True
2026-04,2026-05,NT404,BEAUMONT HOSPITAL,3194,3426,232,True
2026-04,2026-05,NT405,BISHOPS WOOD HOSPITAL,543,609,66,True
2026-04,2026-05,NT406,BLACKHEATH HOSPITAL,1485,1389,-96,True
2026-04,2026-05,NT408,CHAUCER HOSPITAL,846,861,15,True
2026-04,2026-05,NT409,CHELSFIELD PARK HOSPITAL,754,725,-29,True
2026-04,2026-05,NT410,CHILTERN HOSPITAL,381,402,21,True
2026-04,2026-05,NT411,CLEMENTINE CHURCHILL HOSPITAL,2114,2115,1,True
2026-04,2026-05,NT412,DROITWICH SPA HOSPITAL,1465,1346,-119,True
2026-04,2026-05,NT416,HENDON HOSPITAL,1190,1279,89,True
2026-04,2026-05,NT417,GORING HALL HOSPITAL,784,817,33,True
2026-04,2026-05,NT418,HAMPSHIRE CLINIC,337,374,37,True
2026-04,2026-05,NT419,HARBOUR HOSPITAL,189,167,-22,True
2026-04,2026-05,NT420,HIGHFIELD HOSPITAL,941,909,-32,True
2026-04,2026-05,NT421,KINGS OAK HOSPITAL,1242,1389,147,True
2026-04,2026-05,NT422,LONDON INDEPENDENT HOSPITAL,3991,4128,137,True
2026-04,2026-05,NT423,MANOR HOSPITAL,671,700,29,True
2026-04,2026-05,NT424,MERIDEN HOSPITAL,1877,1803,-74,True
2026-04,2026-05,NT427,PARK HOSPITAL,2104,2182,78,True
2026-04,2026-05,NT428,PRINCESS MARGARET HOSPITAL,64,49,-15,True
2026-04,2026-05,NT429,PRIORY HOSPITAL,625,569,-56,True
2026-04,2026-05,NT430,RIDGEWAY HOSPITAL,430,377,-53,True
2026-04,2026-05,NT431,RUNNYMEDE HOSPITAL,224,236,12,True
2026-04,2026-05,NT433,SARUM ROAD HOSPITAL,284,273,-11,True
2026-04,2026-05,NT434,SAXON CLINIC,785,803,18,True
2026-04,2026-05,NT435,SHELBURNE HOSPITAL,149,136,-13,True
2026-04,2026-05,NT436,SHIRLEY OAKS HOSPITAL,1018,1032,14,True
2026-04,2026-05,NT437,SLOANE HOSPITAL,882,694,-188,True
2026-04,2026-05,NT440,THORNBURY HOSPITAL,677,695,18,True
2026-04,2026-05,NT441,THREE SHIRES HOSPITAL,3666,3642,-24,True
2026-04,2026-05,NT443,WINTERBOURNE HOSPITAL,417,422,5,True
2026-04,2026-05,NT445,EDGBASTON HOSPITAL,1,1,0,True
2026-04,2026-05,NT446,ST EDMUNDS HOSPITAL,521,513,-8,True
2026-04,2026-05,NT447,DUCHY HOSPITAL,323,349,26,True
2026-04,2026-05,NT448,HUDDERSFIELD PRIVATE HOSPITAL,1077,1146,69,True
2026-04,2026-05,NT449,LANCASTER PRIVATE HOSPITAL,299,296,-3,True
2026-04,2026-05,NT450,LINCOLN PRIVATE HOSPITAL,1152,1164,12,True
2026-04,2026-05,NT451,CAVELL HOSPITAL,1334,1370,36,True
2026-04,2026-05,NT455,MOUNT ALVERNIA HOSPITAL,229,251,22,True
2026-04,2026-05,NT457,WOODLANDS HOSPITAL,2757,2849,92,True
2026-04,2026-05,NT490,SOUTHEND PRIVATE HOSPITAL,1252,1268,16,True
2026-04,2026-05,NTE02,ST HUGH'S HOSPITAL,2063,2157,94,True
2026-04,2026-05,NTP11,PRACTICE PLUS GROUP HOSPITAL - SOUTHAMPTON,10899,10853,-46,True
2026-04,2026-05,NTP13,PRACTICE PLUS GROUP HOSPITAL - BARLBOROUGH,1867,1760,-107,True
2026-04,2026-05,NTP15,PRACTICE PLUS GROUP HOSPITAL - ILFORD,4656,4836,180,True
2026-04,2026-05,NTP16,PRACTICE PLUS GROUP SURGICAL CENTRE - GILLINGHAM,1032,1002,-30,True
2026-04,2026-05,NTPAD,PRACTICE PLUS GROUP SURGICAL CENTRE - ST MARYS PORTSMOUTH,1756,1848,92,True
2026-04,2026-05,NTPAE,PRACTICE PLUS GROUP OPHTHALMOLOGY - NORTH WEST,1748,1590,-158,True
2026-04,2026-05,NTPH1,PRACTICE PLUS GROUP HOSPITAL - SHEPTON MALLET,2857,2721,-136,True
2026-04,2026-05,NTPH2,PRACTICE PLUS GROUP HOSPITAL - EMERSONS GREEN,5770,5735,-35,True
2026-04,2026-05,NTPH3,PRACTICE PLUS GROUP SURGICAL CENTRE - DEVIZES,3157,2850,-307,True
2026-04,2026-05,NTPH5,PRACTICE PLUS GROUP HOSPITAL - PLYMOUTH,1592,1564,-28,True
2026-04,2026-05,NTX,THE ONE HEALTH GROUP PLC,5314,5045,-269,True
2026-04,2026-05,NV1,INHEALTH LIMITED,1063,935,-128,True
2026-04,2026-05,NVC01,ASHTEAD HOSPITAL,1028,1070,42,True
2026-04,2026-05,NVC02,THE BERKSHIRE INDEPENDENT HOSPITAL,1139,1206,67,True
2026-04,2026-05,NVC04,DUCHY HOSPITAL,1736,1729,-7,True
2026-04,2026-05,NVC05,EUXTON HALL HOSPITAL,3350,3228,-122,True
2026-04,2026-05,NVC06,FITZWILLIAM HOSPITAL,6612,6539,-73,True
2026-04,2026-05,NVC07,FULWOOD HALL HOSPITAL,4419,4110,-309,True
2026-04,2026-05,NVC08,MOUNT STUART HOSPITAL,2274,2266,-8,True
2026-04,2026-05,NVC09,NEW HALL HOSPITAL,3471,3441,-30,True
2026-04,2026-05,NVC0I,BEACON PARK HOSPITAL,1403,1272,-131,True
2026-04,2026-05,NVC0R,TEES VALLEY HOSPITAL,4297,4210,-87,True
2026-04,2026-05,NVC0Y,EXETER MEDICAL,272,266,-6,True
2026-04,2026-05,NVC11,NORTH DOWNS HOSPITAL,1469,1497,28,True
2026-04,2026-05,NVC12,OAKLANDS HOSPITAL,3652,3582,-70,True
2026-04,2026-05,NVC13,OAKS HOSPITAL,1122,1051,-71,True
2026-04,2026-05,NVC14,PARK HILL HOSPITAL,722,723,1,True
2026-04,2026-05,NVC15,PINEHILL HOSPITAL,1818,1842,24,True
2026-04,2026-05,NVC16,RENACRES HOSPITAL,4927,4874,-53,True
2026-04,2026-05,NVC17,ROWLEY HALL HOSPITAL,2552,2479,-73,True
2026-04,2026-05,NVC18,SPRINGFIELD HOSPITAL,4671,4602,-69,True
2026-04,2026-05,NVC19,RIVERS HOSPITAL,4499,4279,-220,True
2026-04,2026-05,NVC1H,STOURSIDE HOSPITAL,2961,2978,17,True
2026-04,2026-05,NVC20,THE YORKSHIRE CLINIC,7488,7428,-60,True
2026-04,2026-05,NVC21,WEST MIDLANDS HOSPITAL,497,574,77,True
2026-04,2026-05,NVC22,WINFIELD HOSPITAL,1195,1281,86,True
2026-04,2026-05,NVC23,WOODLAND HOSPITAL,4941,4817,-124,True
2026-04,2026-05,NVC25,THE CHERWELL HOSPITAL,2034,2092,58,True
2026-04,2026-05,NVC27,BOSTON WEST HOSPITAL,2411,2346,-65,True
2026-04,2026-05,NVC28,CLIFTON PARK HOSPITAL,1567,1621,54,True
2026-04,2026-05,NVC29,COBALT HOSPITAL,1916,2052,136,True
2026-04,2026-05,NVC31,BLAKELANDS HOSPITAL,2257,2178,-79,True
2026-04,2026-05,NVC40,WOODTHORPE HOSPITAL,3672,3642,-30,True
2026-04,2026-05,NVC44,THE WESTBOURNE CENTRE,3422,3289,-133,True
2026-04,2026-05,NVM,EPSOMEDICAL GROUP,3210,3024,-186,True
2026-04,2026-05,NWF01,BENENDEN HOSPITAL,1415,1526,111,True
2026-04,2026-05,NWV01,COHESE HEALTHCARE,954,1016,62,True
2026-04,2026-05,NX501,ANGLIA COMMUNITY EYE SERVICE LTD,566,783,217,True
2026-04,2026-05,NX504,ANGLIA COMMUNITY EYE SERVICES FAKENHAM,233,401,168,True
2026-04,2026-05,NX505,ANGLIA COMMUNITY EYE SERVICE - FAKENHAM MEDICAL PRACTICE,0,4,4,False
2026-04,2026-05,NX507,ANGLIA COMMUNITY EYE SERVICE - THETFORD HEALTHY LIVING CENTRE,185,267,82,True
2026-04,2026-05,NXM01,THE HORDER CENTRE - ST JOHNS ROAD,1242,1297,55,True
2026-04,2026-05,NXP,INDEPENDENT HEALTH GROUP,1121,987,-134,True
2026-04,2026-05,NYG,SUSSEX COMMUNITY DERMATOLOGY SERVICE,13907,13952,45,True
2026-04,2026-05,NYR,CORA HEALTH DIAGNOSTICS (FORMERLY HEALTHSHARE DIAGNOSTICS),1803,1671,-132,True
2026-04,2026-05,O1P6X,SPAMEDICA OLDHAM,746,718,-28,True
2026-04,2026-05,O5Y9D,SPAMEDICA OXFORD,200,201,1,True
2026-04,2026-05,O6X7Z,SPAMEDICA CAMBRIDGE,484,488,4,True
2026-04,2026-05,O9Q4E,ANGLIA COMMUNITY EYE SERVICE - PETERBOROUGH,359,347,-12,True
2026-04,2026-05,P0C3F,SPAMEDICA LEEDS,334,382,48,True
2026-04,2026-05,P1B7M,SPAMEDICA BRISTOL,208,304,96,True
2026-04,2026-05,P1G3N,ACES LEEDS WHITE ROSE,5,12,7,True
2026-04,2026-05,P1N3Z,DEEPING SURGICAL,0,133,133,False
2026-04,2026-05,P5Y6K,NEWMEDICA - SHREWSBURY,495,457,-38,True
2026-04,2026-05,Q1W6P,SPAMEDICA WATFORD,451,536,85,True
2026-04,2026-05,Q2Y5H,OVIVA UK LTD,7478,8096,618,True
2026-04,2026-05,Q4W9A,ACES SOUTHAMPTON,43,42,-1,True
2026-04,2026-05,Q6V1S,OPTEGRA EYE HOSPITAL SHEFFIELD,310,339,29,True
2026-04,2026-05,Q8X0X,SPAMEDICA ISLE OF WIGHT COMMUNITY DIAGNOSTIC & TREATMENT CENTRE,27,37,10,True
2026-04,2026-05,R0A,MANCHESTER UNIVERSITY NHS FOUNDATION TRUST,167994,167980,-14,True
2026-04,2026-05,R0B,SOUTH TYNESIDE AND SUNDERLAND NHS FOUNDATION TRUST,58740,58846,106,True
2026-04,2026-05,R0D,UNIVERSITY HOSPITALS DORSET NHS FOUNDATION TRUST,67778,67474,-304,True
2026-04,2026-05,R0F4N,NUFFIELD HEALTH PARKSIDE HOSPITAL,821,795,-26,True
2026-04,2026-05,R1A,HEREFORDSHIRE AND WORCESTERSHIRE HEALTH AND CARE NHS TRUST,31,22,-9,True
2026-04,2026-05,R1D,SHROPSHIRE COMMUNITY HEALTH NHS TRUST,7890,7907,17,True
2026-04,2026-05,R1F,ISLE OF WIGHT NHS TRUST,12757,12762,5,True
2026-04,2026-05,R1G7E,SPAMEDICA KENDAL,454,453,-1,True
2026-04,2026-05,R1H,BARTS HEALTH NHS TRUST,121731,121632,-99,True
2026-04,2026-05,R1K,LONDON NORTH WEST UNIVERSITY HEALTHCARE NHS TRUST,82788,82247,-541,True
2026-04,2026-05,R5J3Z,BORDER HEALTH ALLIANCE LIMITED,654,641,-13,True
2026-04,2026-05,R6B6E,ACES DARLINGTON,1,1,0,True
2026-04,2026-05,R6X7C,SPAMEDICA MACCLESFIELD COMMUNITY DIAGNOSTIC & TREATMENT CENTRE,80,83,3,True
2026-04,2026-05,R7W2O,NEWCASTLE NEWMEDICA LTD,948,865,-83,True
2026-04,2026-05,RA2,ROYAL SURREY NHS FOUNDATION TRUST,30954,31027,73,True
2026-04,2026-05,RA7,UNIVERSITY HOSPITALS BRISTOL AND WESTON NHS FOUNDATION TRUST,50201,49981,-220,True
2026-04,2026-05,RAE,BRADFORD TEACHING HOSPITALS NHS FOUNDATION TRUST,31090,31523,433,True
2026-04,2026-05,RAJ,MID AND SOUTH ESSEX NHS FOUNDATION TRUST,174353,171450,-2903,True
2026-04,2026-05,RAL,ROYAL FREE LONDON NHS FOUNDATION TRUST,136889,139220,2331,True
2026-04,2026-05,RAN,ROYAL NATIONAL ORTHOPAEDIC HOSPITAL NHS TRUST,8622,8669,47,True
2026-04,2026-05,RAS,THE HILLINGDON HOSPITALS NHS FOUNDATION TRUST,33464,33222,-242,True
2026-04,2026-05,RAX,KINGSTON AND RICHMOND NHS FOUNDATION TRUST,41136,40322,-814,True
2026-04,2026-05,RBD,DORSET COUNTY HOSPITAL NHS FOUNDATION TRUST,21963,22349,386,True
2026-04,2026-05,RBK,WALSALL HEALTHCARE NHS TRUST,27972,27781,-191,True
2026-04,2026-05,RBL,WIRRAL UNIVERSITY TEACHING HOSPITAL NHS FOUNDATION TRUST,43867,45285,1418,True
2026-04,2026-05,RBN,MERSEY AND WEST LANCASHIRE TEACHING HOSPITALS NHS TRUST,78814,80142,1328,True
2026-04,2026-05,RBQ,LIVERPOOL HEART AND CHEST HOSPITAL NHS FOUNDATION TRUST,5297,5082,-215,True
2026-04,2026-05,RBS,ALDER HEY CHILDREN'S NHS FOUNDATION TRUST,16085,16227,142,True
2026-04,2026-05,RBT,MID CHESHIRE HOSPITALS NHS FOUNDATION TRUST,30398,29096,-1302,True
2026-04,2026-05,RBV,THE CHRISTIE NHS FOUNDATION TRUST,3028,2965,-63,True
2026-04,2026-05,RC9,BEDFORDSHIRE HOSPITALS NHS FOUNDATION TRUST,79577,81846,2269,True
2026-04,2026-05,RCB,YORK AND SCARBOROUGH TEACHING HOSPITALS NHS FOUNDATION TRUST,55096,55884,788,True
2026-04,2026-05,RCD,HARROGATE AND DISTRICT NHS FOUNDATION TRUST,21420,21807,387,True
2026-04,2026-05,RCF,AIREDALE NHS FOUNDATION TRUST,14344,14234,-110,True
2026-04,2026-05,RCU,SHEFFIELD CHILDREN'S NHS FOUNDATION TRUST,11308,11305,-3,True
2026-04,2026-05,RCX,"THE QUEEN ELIZABETH HOSPITAL, KING'S LYNN, NHS FOUNDATION TRUST",25153,25600,447,True
2026-04,2026-05,RD1,ROYAL UNITED HOSPITALS BATH NHS FOUNDATION TRUST,39208,40029,821,True
2026-04,2026-05,RD8,MILTON KEYNES UNIVERSITY HOSPITAL NHS FOUNDATION TRUST,35611,36441,830,True
2026-04,2026-05,RDE,EAST SUFFOLK AND NORTH ESSEX NHS FOUNDATION TRUST,91406,90274,-1132,True
2026-04,2026-05,RDR,SUSSEX COMMUNITY NHS FOUNDATION TRUST,12734,12717,-17,True
2026-04,2026-05,RDU,FRIMLEY HEALTH NHS FOUNDATION TRUST,66122,66704,582,True
2026-04,2026-05,REF,ROYAL CORNWALL HOSPITALS NHS TRUST,42098,42570,472,True
2026-04,2026-05,REM,LIVERPOOL UNIVERSITY HOSPITALS NHS FOUNDATION TRUST,58725,60427,1702,True
2026-04,2026-05,REN,THE CLATTERBRIDGE CANCER CENTRE NHS FOUNDATION TRUST,841,627,-214,True
2026-04,2026-05,REP,LIVERPOOL WOMEN'S NHS FOUNDATION TRUST,11606,11346,-260,True
2026-04,2026-05,RET,THE WALTON CENTRE NHS FOUNDATION TRUST,12184,12183,-1,True
2026-04,2026-05,RF4,"BARKING, HAVERING AND REDBRIDGE UNIVERSITY HOSPITALS NHS TRUST",72238,68701,-3537,True
2026-04,2026-05,RFF,BARNSLEY HOSPITAL NHS FOUNDATION TRUST,21858,22323,465,True
2026-04,2026-05,RFR,THE ROTHERHAM NHS FOUNDATION TRUST,29419,29736,317,True
2026-04,2026-05,RFS,CHESTERFIELD ROYAL HOSPITAL NHS FOUNDATION TRUST,27425,27339,-86,True
2026-04,2026-05,RGM,ROYAL PAPWORTH HOSPITAL NHS FOUNDATION TRUST,5271,5403,132,True
2026-04,2026-05,RGN,NORTH WEST ANGLIA NHS FOUNDATION TRUST,78841,78208,-633,True
2026-04,2026-05,RGP,JAMES PAGET UNIVERSITY HOSPITALS NHS FOUNDATION TRUST,32908,32805,-103,True
2026-04,2026-05,RGR,WEST SUFFOLK NHS FOUNDATION TRUST,31001,33138,2137,True
2026-04,2026-05,RGT,CAMBRIDGE UNIVERSITY HOSPITALS NHS FOUNDATION TRUST,59754,59827,73,True
2026-04,2026-05,RH5,SOMERSET NHS FOUNDATION TRUST,53871,53989,118,True
2026-04,2026-05,RH8,ROYAL DEVON UNIVERSITY HEALTHCARE NHS FOUNDATION TRUST,73702,75678,1976,True
2026-04,2026-05,RHM,UNIVERSITY HOSPITAL SOUTHAMPTON NHS FOUNDATION TRUST,61231,63132,1901,True
2026-04,2026-05,RHU,PORTSMOUTH HOSPITALS UNIVERSITY NHS TRUST,56582,56564,-18,True
2026-04,2026-05,RHW,ROYAL BERKSHIRE NHS FOUNDATION TRUST,35323,36116,793,True
2026-04,2026-05,RJ1,GUY'S AND ST THOMAS' NHS FOUNDATION TRUST,109709,111790,2081,True
2026-04,2026-05,RJ2,LEWISHAM AND GREENWICH NHS TRUST,56289,57283,994,True
2026-04,2026-05,RJ6,CROYDON HEALTH SERVICES NHS TRUST,34194,35642,1448,True
2026-04,2026-05,RJ7,ST GEORGE'S UNIVERSITY HOSPITALS NHS FOUNDATION TRUST,68123,69351,1228,True
2026-04,2026-05,RJ8,CORNWALL PARTNERSHIP NHS FOUNDATION TRUST,703,705,2,True
2026-04,2026-05,RJC,SOUTH WARWICKSHIRE UNIVERSITY NHS FOUNDATION TRUST,31157,31023,-134,True
2026-04,2026-05,RJE,UNIVERSITY HOSPITALS OF NORTH MIDLANDS NHS TRUST,68324,70468,2144,True
2026-04,2026-05,RJL,NORTHERN LINCOLNSHIRE AND GOOLE NHS FOUNDATION TRUST,40793,41548,755,True
2026-04,2026-05,RJN,EAST CHESHIRE NHS TRUST,16874,17025,151,True
2026-04,2026-05,RJR,COUNTESS OF CHESTER HOSPITAL NHS FOUNDATION TRUST,28907,29294,387,True
2026-04,2026-05,RJZ,KING'S COLLEGE HOSPITAL NHS FOUNDATION TRUST,86512,88648,2136,True
2026-04,2026-05,RK5,SHERWOOD FOREST HOSPITALS NHS FOUNDATION TRUST,33261,33002,-259,True
2026-04,2026-05,RK9,UNIVERSITY HOSPITALS PLYMOUTH NHS TRUST,46284,47642,1358,True
2026-04,2026-05,RKB,UNIVERSITY HOSPITALS COVENTRY AND WARWICKSHIRE NHS TRUST,73164,73658,494,True
2026-04,2026-05,RKE,WHITTINGTON HEALTH NHS TRUST,22421,23279,858,True
2026-04,2026-05,RL1,THE ROBERT JONES AND AGNES HUNT ORTHOPAEDIC HOSPITAL NHS FOUNDATION TRUST,13697,13635,-62,True
2026-04,2026-05,RL4,THE ROYAL WOLVERHAMPTON NHS TRUST,73591,73004,-587,True
2026-04,2026-05,RLQ,WYE VALLEY NHS TRUST,21725,22402,677,True
2026-04,2026-05,RLT,GEORGE ELIOT HOSPITAL NHS TRUST,19569,19240,-329,True
2026-04,2026-05,RM1,NORFOLK AND NORWICH UNIVERSITY HOSPITALS NHS FOUNDATION TRUST,68475,68309,-166,True
2026-04,2026-05,RM3,NORTHERN CARE ALLIANCE NHS FOUNDATION TRUST,132806,134451,1645,True
2026-04,2026-05,RMC,BOLTON NHS FOUNDATION TRUST,36779,37294,515,True
2026-04,2026-05,RMP,TAMESIDE AND GLOSSOP INTEGRATED CARE NHS FOUNDATION TRUST,16283,16882,599,True
2026-04,2026-05,RN3,GREAT WESTERN HOSPITALS NHS FOUNDATION TRUST,44170,43947,-223,True
2026-04,2026-05,RN5,HAMPSHIRE HOSPITALS NHS FOUNDATION TRUST,48812,49903,1091,True
2026-04,2026-05,RN7,DARTFORD AND GRAVESHAM NHS TRUST,30534,31404,870,True
2026-04,2026-05,RNA,THE DUDLEY GROUP NHS FOUNDATION TRUST,46627,46240,-387,True
2026-04,2026-05,RNN,NORTH CUMBRIA INTEGRATED CARE NHS FOUNDATION TRUST,34977,35436,459,True
2026-04,2026-05,RNQ,KETTERING GENERAL HOSPITAL NHS FOUNDATION TRUST,25455,26713,1258,True
2026-04,2026-05,RNS,NORTHAMPTON GENERAL HOSPITAL NHS TRUST,40833,40765,-68,True
2026-04,2026-05,RNZ,SALISBURY NHS FOUNDATION TRUST,30082,30284,202,True
2026-04,2026-05,RP4,GREAT ORMOND STREET HOSPITAL FOR CHILDREN NHS FOUNDATION TRUST,8324,8216,-108,True
2026-04,2026-05,RP5,DONCASTER AND BASSETLAW TEACHING HOSPITALS NHS FOUNDATION TRUST,53487,54201,714,True
2026-04,2026-05,RP6,MOORFIELDS EYE HOSPITAL NHS FOUNDATION TRUST,36163,39279,3116,True
2026-04,2026-05,RP7,LINCOLNSHIRE PARTNERSHIP NHS FOUNDATION TRUST,10,14,4,True
2026-04,2026-05,RPA,MEDWAY NHS FOUNDATION TRUST,34086,34464,378,True
2026-04,2026-05,RPC,QUEEN VICTORIA HOSPITAL NHS FOUNDATION TRUST,21360,21761,401,True
2026-04,2026-05,RPG,OXLEAS NHS FOUNDATION TRUST,1590,1435,-155,True
2026-04,2026-05,RPY,THE ROYAL MARSDEN NHS FOUNDATION TRUST,1804,1919,115,True
2026-04,2026-05,RQ3,BIRMINGHAM WOMEN'S AND CHILDREN'S NHS FOUNDATION TRUST,21616,21820,204,True
2026-04,2026-05,RQM,CHELSEA AND WESTMINSTER HOSPITAL NHS FOUNDATION TRUST,76088,75402,-686,True
2026-04,2026-05,RQW,THE PRINCESS ALEXANDRA HOSPITAL NHS TRUST,38611,38802,191,True
2026-04,2026-05,RQX,HOMERTON HEALTHCARE NHS FOUNDATION TRUST,26849,27439,590,True
2026-04,2026-05,RR7,GATESHEAD HEALTH NHS FOUNDATION TRUST,11812,11890,78,True
2026-04,2026-05,RR8,LEEDS TEACHING HOSPITALS NHS TRUST,86702,87178,476,True
2026-04,2026-05,RRE,MIDLANDS PARTNERSHIP UNIVERSITY NHS FOUNDATION TRUST,9277,9466,189,True
2026-04,2026-05,RRF,"WRIGHTINGTON, WIGAN AND LEIGH TEACHING HOSPITALS NHS FOUNDATION TRUST",44088,44669,581,True
2026-04,2026-05,RRJ,THE ROYAL ORTHOPAEDIC HOSPITAL NHS FOUNDATION TRUST,12610,12929,319,True
2026-04,2026-05,RRK,UNIVERSITY HOSPITALS BIRMINGHAM NHS FOUNDATION TRUST,90728,92753,2025,True
2026-04,2026-05,RRV,UNIVERSITY COLLEGE LONDON HOSPITALS NHS FOUNDATION TRUST,76663,77296,633,True
2026-04,2026-05,RT1,CAMBRIDGESHIRE AND PETERBOROUGH NHS FOUNDATION TRUST,153,85,-68,True
2026-04,2026-05,RTD,THE NEWCASTLE UPON TYNE HOSPITALS NHS FOUNDATION TRUST,83074,86073,2999,True
2026-04,2026-05,RTE,GLOUCESTERSHIRE HOSPITALS NHS FOUNDATION TRUST,68685,70013,1328,True
2026-04,2026-05,RTF,NORTHUMBRIA HEALTHCARE NHS FOUNDATION TRUST,37392,39508,2116,True
2026-04,2026-05,RTG,UNIVERSITY HOSPITALS OF DERBY AND BURTON NHS FOUNDATION TRUST,94758,93839,-919,True
2026-04,2026-05,RTH,OXFORD UNIVERSITY HOSPITALS NHS FOUNDATION TRUST,90141,91088,947,True
2026-04,2026-05,RTK,ASHFORD AND ST PETER'S HOSPITALS NHS FOUNDATION TRUST,51389,52856,1467,True
2026-04,2026-05,RTP,SURREY AND SUSSEX HEALTHCARE NHS TRUST,47331,48870,1539,True
2026-04,2026-05,RTR,SOUTH TEES HOSPITALS NHS FOUNDATION TRUST,55452,56517,1065,True
2026-04,2026-05,RTX,UNIVERSITY HOSPITALS OF MORECAMBE BAY NHS FOUNDATION TRUST,34407,34920,513,True
2026-04,2026-05,RVJ,NORTH BRISTOL NHS TRUST,40068,41187,1119,True
2026-04,2026-05,RVR,EPSOM AND ST HELIER UNIVERSITY HOSPITALS NHS TRUST,58819,57350,-1469,True
2026-04,2026-05,RVV,EAST KENT HOSPITALS UNIVERSITY NHS FOUNDATION TRUST,80656,81965,1309,True
2026-04,2026-05,RVW,NORTH TEES AND HARTLEPOOL NHS FOUNDATION TRUST,22572,22873,301,True
2026-04,2026-05,RW1,HAMPSHIRE AND ISLE OF WIGHT HEALTHCARE NHS FOUNDATION TRUST,4400,4480,80,True
2026-04,2026-05,RW5,LANCASHIRE & SOUTH CUMBRIA NHS FOUNDATION TRUST,3816,4141,325,True
2026-04,2026-05,RWA,HULL UNIVERSITY TEACHING HOSPITALS NHS TRUST,83615,84208,593,True
2026-04,2026-05,RWD,UNITED LINCOLNSHIRE TEACHING HOSPITALS NHS TRUST,69075,69127,52,True
2026-04,2026-05,RWE,UNIVERSITY HOSPITALS OF LEICESTER NHS TRUST,114975,116000,1025,True
2026-04,2026-05,RWF,MAIDSTONE AND TUNBRIDGE WELLS NHS TRUST,48280,50329,2049,True
2026-04,2026-05,RWG,WEST HERTFORDSHIRE TEACHING HOSPITALS NHS TRUST,45979,45471,-508,True
2026-04,2026-05,RWH,EAST AND NORTH HERTFORDSHIRE TEACHING NHS TRUST,54845,53977,-868,True
2026-04,2026-05,RWJ,STOCKPORT NHS FOUNDATION TRUST,34315,34641,326,True
2026-04,2026-05,RWP,WORCESTERSHIRE ACUTE HOSPITALS NHS TRUST,57215,57614,399,True
2026-04,2026-05,RWW,NORTH CHESHIRE AND MERSEY NHS FOUNDATION TRUST,33645,33915,270,True
2026-04,2026-05,RWX,BERKSHIRE HEALTHCARE NHS FOUNDATION TRUST,99,115,16,True
2026-04,2026-05,RWY,CALDERDALE AND HUDDERSFIELD NHS FOUNDATION TRUST,35985,35973,-12,True
2026-04,2026-05,RX1,NOTTINGHAM UNIVERSITY HOSPITALS NHS TRUST,85166,84603,-563,True
2026-04,2026-05,RX4,"CUMBRIA, NORTHUMBERLAND, TYNE AND WEAR NHS FOUNDATION TRUST",139,133,-6,True
2026-04,2026-05,RXC,EAST SUSSEX HEALTHCARE NHS TRUST,57384,57635,251,True
2026-04,2026-05,RXF,MID YORKSHIRE TEACHING NHS TRUST,55239,55588,349,True
2026-04,2026-05,RXG,SOUTH WEST YORKSHIRE PARTNERSHIP NHS FOUNDATION TRUST,4385,4465,80,True
2026-04,2026-05,RXK,SANDWELL AND WEST BIRMINGHAM HOSPITALS NHS TRUST,65630,66145,515,True
2026-04,2026-05,RXL,BLACKPOOL TEACHING HOSPITALS NHS FOUNDATION TRUST,40352,41044,692,True
2026-04,2026-05,RXN,LANCASHIRE TEACHING HOSPITALS NHS FOUNDATION TRUST,61323,60417,-906,True
2026-04,2026-05,RXP,COUNTY DURHAM AND DARLINGTON NHS FOUNDATION TRUST,52770,52361,-409,True
2026-04,2026-05,RXQ,BUCKINGHAMSHIRE HEALTHCARE NHS TRUST,46352,46675,323,True
2026-04,2026-05,RXR,EAST LANCASHIRE HOSPITALS NHS TRUST,47348,46707,-641,True
2026-04,2026-05,RXW,THE SHREWSBURY AND TELFORD HOSPITAL NHS TRUST,35084,36456,1372,True
2026-04,2026-05,RYJ,IMPERIAL COLLEGE HEALTHCARE NHS TRUST,83754,83437,-317,True
2026-04,2026-05,RYR,UNIVERSITY HOSPITALS SUSSEX NHS FOUNDATION TRUST,115702,116196,494,True
2026-04,2026-05,RYW,BIRMINGHAM COMMUNITY HEALTHCARE NHS FOUNDATION TRUST,14412,14636,224,True
2026-04,2026-05,RYY,KENT COMMUNITY HEALTH NHS FOUNDATION TRUST,4825,4572,-253,True
2026-04,2026-05,S0L9O,ACES BIRMINGHAM,18,21,3,True
2026-04,2026-05,S1Z4X,NEWMEDICA - BIRMINGHAM,936,957,21,True
2026-04,2026-05,S3H9L,THE HAMPTONS HOSPITAL LTD,735,744,9,True
2026-04,2026-05,S4E3I,MIDLAND EYE (EYE-DOCS LTD),659,638,-21,True
2026-04,2026-05,S5D8W,ACES MIDDLESBOROUGH,0,1,1,False
2026-04,2026-05,S8O6A,ACES MANCHESTER TRAFFORD,2,4,2,True
2026-04,2026-05,T1I9W,ACES LINCOLN,10,7,-3,True
2026-04,2026-05,T1T4S,ACES BRISTOL,68,83,15,True
2026-04,2026-05,T4I8V,SPAMEDICA CHESTERFIELD,226,229,3,True
2026-04,2026-05,T8R5I,SPAMEDICA WOKINGHAM,225,242,17,True
2026-04,2026-05,T8V3L,SPAMEDICA DONCASTER,404,499,95,True
2026-04,2026-05,TAD,BRADFORD DISTRICT CARE NHS FOUNDATION TRUST,568,571,3,True
2026-04,2026-05,U0K8N,CES MEDICAL,56,58,2,True
2026-04,2026-05,U1P4Z,ACES MILTON KEYNES,137,144,7,True
2026-04,2026-05,U6A5N,ACES CHISWICK,6,5,-1,True
2026-04,2026-05,V3J9W,PASTEL HEALTH,118,188,70,True
2026-04,2026-05,V4U1Y,SPAMEDICA CHESTER,247,218,-29,True
2026-04,2026-05,V5F1D,SPAMEDICA TELFORD,465,504,39,True
2026-04,2026-05,V8A3H,SPAMEDICA SHEFFIELD COMMUNITY DIAGNOSTIC & TREATMENT CENTRE,38,59,21,True
2026-04,2026-05,V8N5R,SPAMEDICA DALSTON,522,555,33,True
2026-04,2026-05,W7J4C,ACES MANCHESTER,74,77,3,True
2026-04,2026-05,X0R3Y,ACES LEEDS KING STREET,11,23,12,True
2026-04,2026-05,X1M4L,ACES MAIDSTONE,2,3,1,True
2026-04,2026-05,X7M7U,ACES LAKESIDE,11,9,-2,True
2026-04,2026-05,X7Y2H,ACES WILMSLOW,5,6,1,True
2026-04,2026-05,Y7W8F,ACES SOUTHAMPTON - EAST ST,15,18,3,True
2026-04,2026-05,Y8L9S,SPAMEDICA BROMLEY,621,704,83,True
2026-04,2026-05,Y9S1N,FAIRFIELD INDEPENDENT HOSPITAL,1694,1600,-94,True
2026-04,2026-05,Z1E5F,NEWMEDICA - HARROGATE,236,276,40,True
2026-04,2026-05,Z2L9B,NEWMEDICA - MANCHESTER WEST,317,355,38,True
2026-04,2026-05,Z4F8Y,ACES DARTFORD,369,486,117,True
2026-04,2026-05,Z5J5V,SPAMEDICA HAYDOCK,324,353,29,True
2026-04,2026-05,Z9Z1G,SPAMEDICA GATESHEAD,579,580,1,True
