candidate_id,previous_period,period,provider,provider_name,code_a,code_b,before_a,after_a,change_a,before_b,after_b,change_b,absolute_change_ratio,paired_net_change,target_code,target_change_share_national_pct,classification,disposition
RC001,2025-09,2025-10,RDE,EAST SUFFOLK AND NORTH ESSEX NHS FOUNDATION TRUST,C_100,X05,14084,7515,-6569,173,9376,9203,0.7137889818537434,2634,C_100,1.6779354930994934,possible recoding or service mix change; cause unconfirmed,caveat; preserve reported codes
RC002,2025-08,2025-09,RL4,THE ROYAL WOLVERHAMPTON NHS TRUST,C_100,X05,6709,2499,-4210,2066,6099,4033,0.957957244655582,-177,C_100,1.0692606608589643,possible recoding or service mix change; cause unconfirmed,caveat; preserve reported codes
RC003,2024-08,2024-09,RBT,MID CHESHIRE HOSPITALS NHS FOUNDATION TRUST,C_100,X05,5181,1493,-3688,352,4072,3720,0.9913978494623656,32,C_100,0.8912410434866664,possible recoding or service mix change; cause unconfirmed,caveat; preserve reported codes
RC004,2025-09,2025-10,RL4,THE ROYAL WOLVERHAMPTON NHS TRUST,C_100,X05,2499,5245,2746,6099,3716,-2383,0.8678077203204662,363,C_100,0.7014173944361712,possible recoding or service mix change; cause unconfirmed,caveat; preserve reported codes
RC005,2024-01,2024-02,RJL,NORTHERN LINCOLNSHIRE AND GOOLE NHS FOUNDATION TRUST,C_301,X05,0,2574,2574,2299,476,-1823,0.7082362082362083,751,C_301,0.6592393392239724,possible recoding or service mix change; cause unconfirmed,caveat; preserve reported codes
RC006,2024-01,2024-02,RJL,NORTHERN LINCOLNSHIRE AND GOOLE NHS FOUNDATION TRUST,C_300,C_301,4242,70,-4172,0,2574,2574,0.6169702780441035,-1598,C_301,0.6592393392239724,"known RJL recoding, verified pattern",caveat; preserve reported codes
RC007,2024-02,2024-03,RAJ,MID AND SOUTH ESSEX NHS FOUNDATION TRUST,C_120,X05,12902,15916,3014,7774,2742,-5032,0.598966613672496,-2018,C_120,0.4714052223690693,possible recoding or service mix change; cause unconfirmed,caveat; preserve reported codes
RC008,2024-12,2025-01,RQW,THE PRINCESS ALEXANDRA HOSPITAL NHS TRUST,C_300,C_400,616,10,-606,983,2027,1044,0.5804597701149425,438,C_400,0.4480975170075327,possible recoding or service mix change; cause unconfirmed,caveat; preserve reported codes
RC009,2025-05,2025-06,RKB,UNIVERSITY HOSPITALS COVENTRY AND WARWICKSHIRE NHS TRUST,C_400,X04,3266,4211,945,1875,475,-1400,0.675,-455,C_400,0.4245569108430487,possible recoding or service mix change; cause unconfirmed,caveat; preserve reported codes
RC010,2025-06,2025-07,RLT,GEORGE ELIOT HOSPITAL NHS TRUST,C_100,C_301,2862,1460,-1402,207,1178,971,0.6925820256776034,-431,C_100,0.3548289127353715,possible recoding or service mix change; cause unconfirmed,caveat; preserve reported codes
RC011,2025-06,2025-07,RLT,GEORGE ELIOT HOSPITAL NHS TRUST,C_100,C_340,2862,1460,-1402,10,916,906,0.6462196861626248,-496,C_100,0.3548289127353715,possible recoding or service mix change; cause unconfirmed,caveat; preserve reported codes
RC012,2025-06,2025-07,RLT,GEORGE ELIOT HOSPITAL NHS TRUST,C_100,X05,2862,1460,-1402,544,1321,777,0.5542082738944365,-625,C_100,0.3548289127353715,possible recoding or service mix change; cause unconfirmed,caveat; preserve reported codes
RC013,2025-06,2025-07,RLT,GEORGE ELIOT HOSPITAL NHS TRUST,C_100,C_320,2862,1460,-1402,327,1255,928,0.6619115549215406,-474,C_100,0.3548289127353715,possible recoding or service mix change; cause unconfirmed,caveat; preserve reported codes
RC014,2024-10,2024-11,RTK,ASHFORD AND ST PETER'S HOSPITALS NHS FOUNDATION TRUST,C_120,C_140,4590,2527,-2063,2023,4021,1998,0.9684924866698982,-65,C_120,0.3257694190471679,possible recoding or service mix change; cause unconfirmed,caveat; preserve reported codes
RC015,2024-10,2024-11,RTK,ASHFORD AND ST PETER'S HOSPITALS NHS FOUNDATION TRUST,C_101,C_120,976,2038,1062,4590,2527,-2063,0.5147842947164324,-1001,C_120,0.3257694190471679,possible recoding or service mix change; cause unconfirmed,caveat; preserve reported codes
RC016,2024-10,2024-11,RTK,ASHFORD AND ST PETER'S HOSPITALS NHS FOUNDATION TRUST,C_330,C_400,4771,3837,-934,401,1130,729,0.7805139186295503,-205,C_400,0.3107907044162975,possible recoding or service mix change; cause unconfirmed,caveat; preserve reported codes
RC017,2024-10,2024-11,RTK,ASHFORD AND ST PETER'S HOSPITALS NHS FOUNDATION TRUST,C_340,C_400,1467,923,-544,401,1130,729,0.7462277091906722,185,C_400,0.3107907044162975,possible recoding or service mix change; cause unconfirmed,caveat; preserve reported codes
RC018,2024-10,2024-11,RTK,ASHFORD AND ST PETER'S HOSPITALS NHS FOUNDATION TRUST,C_140,C_301,2023,4021,1998,4911,3756,-1155,0.5780780780780781,843,C_301,0.2940367813282825,possible recoding or service mix change; cause unconfirmed,caveat; preserve reported codes
RC019,2024-10,2024-11,RTK,ASHFORD AND ST PETER'S HOSPITALS NHS FOUNDATION TRUST,C_301,C_400,4911,3756,-1155,401,1130,729,0.6311688311688312,-426,C_301,0.2940367813282825,possible recoding or service mix change; cause unconfirmed,caveat; preserve reported codes
RC020,2024-10,2024-11,RTK,ASHFORD AND ST PETER'S HOSPITALS NHS FOUNDATION TRUST,C_101,C_301,976,2038,1062,4911,3756,-1155,0.9194805194805196,-93,C_301,0.2940367813282825,possible recoding or service mix change; cause unconfirmed,caveat; preserve reported codes
RC021,2025-01,2025-02,RLT,GEORGE ELIOT HOSPITAL NHS TRUST,C_100,C_320,2021,3202,1181,1185,247,-938,0.79424216765453,243,C_100,0.2897164164458836,possible recoding or service mix change; cause unconfirmed,caveat; preserve reported codes
RC022,2025-11,2025-12,RAN,ROYAL NATIONAL ORTHOPAEDIC HOSPITAL NHS TRUST,C_110,X05,7170,5011,-2159,0,2105,2105,0.9749884205650764,-54,C_110,0.255697833615205,possible recoding or service mix change; cause unconfirmed,caveat; preserve reported codes
RC023,2025-05,2025-06,RTK,ASHFORD AND ST PETER'S HOSPITALS NHS FOUNDATION TRUST,C_120,C_301,2873,4408,1535,3535,2013,-1522,0.9915309446254073,13,C_120,0.2413825638445087,possible recoding or service mix change; cause unconfirmed,caveat; preserve reported codes
RC024,2024-06,2024-07,R1K,LONDON NORTH WEST UNIVERSITY HEALTHCARE NHS TRUST,C_320,X06,11158,12118,960,1107,118,-989,0.9706774519716884,-29,C_320,0.2297398196542415,possible recoding or service mix change; cause unconfirmed,caveat; preserve reported codes
RC025,2024-05,2024-06,RFS,CHESTERFIELD ROYAL HOSPITAL NHS FOUNDATION TRUST,C_100,X05,564,1500,936,3784,3195,-589,0.6292735042735043,347,C_100,0.2208964241211343,possible recoding or service mix change; cause unconfirmed,caveat; preserve reported codes
RC026,2024-04,2024-05,RFS,CHESTERFIELD ROYAL HOSPITAL NHS FOUNDATION TRUST,C_100,X05,1421,564,-857,3323,3784,461,0.5379229871645275,-396,C_100,0.2024688441320654,possible recoding or service mix change; cause unconfirmed,caveat; preserve reported codes
RC027,2024-03,2024-04,R1K,LONDON NORTH WEST UNIVERSITY HEALTHCARE NHS TRUST,C_320,X06,8706,9504,798,1298,580,-718,0.899749373433584,80,C_320,0.1945634391404099,possible recoding or service mix change; cause unconfirmed,caveat; preserve reported codes
RC028,2025-04,2025-05,RX1,NOTTINGHAM UNIVERSITY HOSPITALS NHS TRUST,C_301,X06,6138,5407,-731,1236,2252,1016,0.719488188976378,285,C_301,0.1939768979087114,possible recoding or service mix change; cause unconfirmed,caveat; preserve reported codes
RC029,2024-07,2024-08,NTX,THE ONE HEALTH GROUP PLC,C_110,C_150,2607,1105,-1502,0,1538,1538,0.976592977893368,36,C_110,0.1758876941849327,possible recoding or service mix change; cause unconfirmed,caveat; preserve reported codes
RC030,2024-08,2024-09,RD8,MILTON KEYNES UNIVERSITY HOSPITAL NHS FOUNDATION TRUST,C_300,C_301,522,158,-364,913,1539,626,0.5814696485623003,262,C_301,0.1604095825507173,possible recoding or service mix change; cause unconfirmed,caveat; preserve reported codes
RC031,2024-08,2024-09,RD8,MILTON KEYNES UNIVERSITY HOSPITAL NHS FOUNDATION TRUST,C_301,X02,913,1539,626,4568,4064,-504,0.805111821086262,122,C_301,0.1604095825507173,possible recoding or service mix change; cause unconfirmed,caveat; preserve reported codes
RC032,2024-03,2024-04,R1K,LONDON NORTH WEST UNIVERSITY HEALTHCARE NHS TRUST,C_120,X06,8453,9492,1039,1298,580,-718,0.6910490856592878,321,C_120,0.1592962143001698,possible recoding or service mix change; cause unconfirmed,caveat; preserve reported codes
RC033,2024-03,2024-04,R1K,LONDON NORTH WEST UNIVERSITY HEALTHCARE NHS TRUST,C_301,X06,9269,9859,590,1298,580,-718,0.8217270194986073,-128,C_301,0.1504457273413435,possible recoding or service mix change; cause unconfirmed,caveat; preserve reported codes
RC034,2024-01,2024-02,RJL,NORTHERN LINCOLNSHIRE AND GOOLE NHS FOUNDATION TRUST,C_100,X04,4672,4041,-631,0,401,401,0.6354992076069731,-230,C_100,0.1495593805255199,possible recoding or service mix change; cause unconfirmed,caveat; preserve reported codes
RC035,2024-04,2024-05,NT304,SPIRE SOUTHAMPTON HOSPITAL,C_100,C_110,0,626,626,981,335,-646,0.9690402476780186,-20,C_100,0.1478943948969346,possible recoding or service mix change; cause unconfirmed,caveat; preserve reported codes
RC036,2025-07,2025-08,RET,THE WALTON CENTRE NHS FOUNDATION TRUST,C_400,X05,6643,6956,313,508,252,-256,0.8178913738019169,57,C_400,0.1428343258721792,possible recoding or service mix change; cause unconfirmed,caveat; preserve reported codes
RC037,2025-09,2025-10,RD8,MILTON KEYNES UNIVERSITY HOSPITAL NHS FOUNDATION TRUST,C_140,C_400,1320,984,-336,433,745,312,0.9285714285714286,-24,C_400,0.1407974006633723,possible recoding or service mix change; cause unconfirmed,caveat; preserve reported codes
RC038,2025-09,2025-10,RD8,MILTON KEYNES UNIVERSITY HOSPITAL NHS FOUNDATION TRUST,C_330,C_400,894,709,-185,433,745,312,0.592948717948718,127,C_400,0.1407974006633723,possible recoding or service mix change; cause unconfirmed,caveat; preserve reported codes
RC039,2025-09,2025-10,RD8,MILTON KEYNES UNIVERSITY HOSPITAL NHS FOUNDATION TRUST,C_400,C_502,433,745,312,4729,4516,-213,0.6826923076923077,99,C_400,0.1407974006633723,possible recoding or service mix change; cause unconfirmed,caveat; preserve reported codes
RC040,2024-12,2025-01,RQW,THE PRINCESS ALEXANDRA HOSPITAL NHS TRUST,C_130,C_300,2293,3088,795,616,10,-606,0.7622641509433963,189,C_130,0.1370944934574024,possible recoding or service mix change; cause unconfirmed,caveat; preserve reported codes
RC041,2024-01,2024-02,RTK,ASHFORD AND ST PETER'S HOSPITALS NHS FOUNDATION TRUST,C_400,C_502,365,684,319,3721,3320,-401,0.7955112219451371,-82,C_400,0.1364647501711156,possible recoding or service mix change; cause unconfirmed,caveat; preserve reported codes
RC042,2024-05,2024-06,RD8,MILTON KEYNES UNIVERSITY HOSPITAL NHS FOUNDATION TRUST,C_120,X04,3589,2693,-896,0,1404,1404,0.6381766381766382,508,C_120,0.1360798375546939,possible recoding or service mix change; cause unconfirmed,caveat; preserve reported codes
RC043,2026-01,2026-02,RWD,UNITED LINCOLNSHIRE TEACHING HOSPITALS NHS TRUST,C_300,C_400,266,637,371,3121,2833,-288,0.7762803234501348,83,C_400,0.1348522945960752,possible recoding or service mix change; cause unconfirmed,caveat; preserve reported codes
RC044,2025-09,2025-10,RPA,MEDWAY NHS FOUNDATION TRUST,C_120,X06,7078,6252,-826,252,731,479,0.5799031476997578,-347,C_120,0.1345333841498174,possible recoding or service mix change; cause unconfirmed,caveat; preserve reported codes
RC045,2026-03,2026-04,RDU,FRIMLEY HEALTH NHS FOUNDATION TRUST,C_100,X04,1148,646,-502,458,776,318,0.6334661354581673,-184,C_100,0.1314796966014332,possible recoding or service mix change; cause unconfirmed,caveat; preserve reported codes
RC046,2024-06,2024-07,NT304,SPIRE SOUTHAMPTON HOSPITAL,C_100,C_110,500,0,-500,362,624,262,0.524,-238,C_100,0.1191097262620271,possible recoding or service mix change; cause unconfirmed,caveat; preserve reported codes
RC047,2024-01,2024-02,RWF,MAIDSTONE AND TUNBRIDGE WELLS NHS TRUST,C_120,X04,4570,3823,-747,1780,2711,931,0.8023630504833512,184,C_120,0.1189736728940704,possible recoding or service mix change; cause unconfirmed,caveat; preserve reported codes
RC048,2024-03,2024-04,RD8,MILTON KEYNES UNIVERSITY HOSPITAL NHS FOUNDATION TRUST,C_120,X04,2866,3637,771,1360,0,-1360,0.5669117647058823,-589,C_120,0.1182072966558527,possible recoding or service mix change; cause unconfirmed,caveat; preserve reported codes
RC049,2024-10,2024-11,R1K,LONDON NORTH WEST UNIVERSITY HEALTHCARE NHS TRUST,C_301,X06,9663,9201,-462,167,460,293,0.6341991341991342,-169,C_301,0.117614712531313,possible recoding or service mix change; cause unconfirmed,caveat; preserve reported codes
RC050,2025-06,2025-07,RWG,WEST HERTFORDSHIRE TEACHING HOSPITALS NHS TRUST,C_301,X04,4351,3919,-432,818,1526,708,0.6101694915254238,276,C_301,0.1152331871579014,possible recoding or service mix change; cause unconfirmed,caveat; preserve reported codes
RC051,2025-01,2025-02,RLT,GEORGE ELIOT HOSPITAL NHS TRUST,C_301,X06,678,225,-453,1245,1529,284,0.6269315673289183,-169,C_301,0.1149162861491628,possible recoding or service mix change; cause unconfirmed,caveat; preserve reported codes
RC052,2024-12,2025-01,RQW,THE PRINCESS ALEXANDRA HOSPITAL NHS TRUST,C_110,C_300,6105,7072,967,616,10,-606,0.6266804550155118,361,C_110,0.1140379945823107,possible recoding or service mix change; cause unconfirmed,caveat; preserve reported codes
RC053,2024-02,2024-03,RQM,CHELSEA AND WESTMINSTER HOSPITAL NHS FOUNDATION TRUST,C_110,C_300,4133,5055,922,833,26,-807,0.8752711496746204,115,C_110,0.1103598184928104,possible recoding or service mix change; cause unconfirmed,caveat; preserve reported codes
RC054,2026-01,2026-02,RWD,UNITED LINCOLNSHIRE TEACHING HOSPITALS NHS TRUST,C_300,C_301,266,637,371,5942,5524,-418,0.8875598086124402,-47,C_301,0.1103333227751206,possible recoding or service mix change; cause unconfirmed,caveat; preserve reported codes
RC055,2026-03,2026-04,RAL,ROYAL FREE LONDON NHS FOUNDATION TRUST,C_320,C_430,8234,8643,409,348,123,-225,0.5501222493887531,184,C_320,0.1083848536804475,possible recoding or service mix change; cause unconfirmed,caveat; preserve reported codes
RC056,2024-01,2024-02,RQM,CHELSEA AND WESTMINSTER HOSPITAL NHS FOUNDATION TRUST,C_110,C_300,5031,4133,-898,23,833,810,0.9020044543429844,-88,C_110,0.1066060112494272,possible recoding or service mix change; cause unconfirmed,caveat; preserve reported codes
RC057,2024-10,2024-11,RTK,ASHFORD AND ST PETER'S HOSPITALS NHS FOUNDATION TRUST,C_130,C_400,6918,6296,-622,401,1130,729,0.8532235939643347,107,C_130,0.1065716317281909,possible recoding or service mix change; cause unconfirmed,caveat; preserve reported codes
RC058,2024-10,2024-11,RTK,ASHFORD AND ST PETER'S HOSPITALS NHS FOUNDATION TRUST,C_101,C_130,976,2038,1062,6918,6296,-622,0.5856873822975518,440,C_130,0.1065716317281909,possible recoding or service mix change; cause unconfirmed,caveat; preserve reported codes
RC059,2024-09,2024-10,RL4,THE ROYAL WOLVERHAMPTON NHS TRUST,C_110,X05,9611,8707,-904,774,1641,867,0.959070796460177,-37,C_110,0.1056494401982095,possible recoding or service mix change; cause unconfirmed,caveat; preserve reported codes
RC060,2026-02,2026-03,NDJ,FIRST COMMUNITY HEALTH AND CARE CIC,C_101,C_110,729,0,-729,0,860,860,0.8476744186046512,131,C_110,0.1051340887502857,possible recoding or service mix change; cause unconfirmed,caveat; preserve reported codes
RC061,2026-03,2026-04,RAL,ROYAL FREE LONDON NHS FOUNDATION TRUST,C_301,C_430,7347,7734,387,348,123,-225,0.5813953488372093,162,C_301,0.104161900429836,possible recoding or service mix change; cause unconfirmed,caveat; preserve reported codes
RC062,2025-11,2025-12,RPA,MEDWAY NHS FOUNDATION TRUST,C_120,X06,4922,5535,613,702,280,-422,0.6884176182707994,191,C_120,0.1039684397271379,possible recoding or service mix change; cause unconfirmed,caveat; preserve reported codes
RC063,2025-09,2025-10,RYJ,IMPERIAL COLLEGE HEALTHCARE NHS TRUST,C_400,X06,5271,5043,-228,349,544,195,0.8552631578947368,-33,C_400,0.1028904081770798,possible recoding or service mix change; cause unconfirmed,caveat; preserve reported codes
RC064,2026-02,2026-03,RJN,EAST CHESHIRE NHS TRUST,C_100,X04,1780,1397,-383,296,574,278,0.7258485639686684,-105,C_100,0.1018064667042349,possible recoding or service mix change; cause unconfirmed,caveat; preserve reported codes
RC065,2025-06,2025-07,NRL,HEART NETWORKS,C_170,C_320,540,0,-540,0,391,391,0.7240740740740741,-149,C_320,0.1006963759606073,possible recoding or service mix change; cause unconfirmed,caveat; preserve reported codes
RC066,2025-09,2025-10,RPA,MEDWAY NHS FOUNDATION TRUST,C_301,X06,3743,3358,-385,252,731,479,0.8037578288100209,94,C_301,0.1006672802577082,possible recoding or service mix change; cause unconfirmed,caveat; preserve reported codes
RC067,2026-02,2026-03,RRF,"WRIGHTINGTON, WIGAN AND LEIGH TEACHING HOSPITALS NHS FOUNDATION TRUST",C_160,C_320,872,246,-626,2639,3014,375,0.5990415335463258,-251,C_320,0.1001514289605884,possible recoding or service mix change; cause unconfirmed,caveat; preserve reported codes
RC068,2024-09,2024-10,RP5,DONCASTER AND BASSETLAW TEACHING HOSPITALS NHS FOUNDATION TRUST,C_300,C_301,615,43,-572,3215,3596,381,0.666083916083916,-191,C_301,0.0970431141415505,possible recoding or service mix change; cause unconfirmed,caveat; preserve reported codes
RC069,2024-10,2024-11,DTT,PHOENIX PUBLIC HEALTH LTD,C_100,X05,389,0,-389,0,413,413,0.9418886198547216,24,C_100,0.0950946790982384,possible recoding or service mix change; cause unconfirmed,caveat; preserve reported codes
RC070,2025-01,2025-02,RX1,NOTTINGHAM UNIVERSITY HOSPITALS NHS TRUST,C_120,X06,8387,7786,-601,1872,2953,1081,0.5559666975023126,480,C_120,0.0947823947615773,possible recoding or service mix change; cause unconfirmed,caveat; preserve reported codes
RC071,2025-08,2025-09,RRF,"WRIGHTINGTON, WIGAN AND LEIGH NHS FOUNDATION TRUST",C_140,C_301,665,1282,617,5250,4893,-357,0.5786061588330632,260,C_301,0.0940466123461863,possible recoding or service mix change; cause unconfirmed,caveat; preserve reported codes
RC072,2024-03,2024-04,NDJ,FIRST COMMUNITY HEALTH AND CARE CIC,C_101,C_110,719,0,-719,0,783,783,0.9182630906768838,64,C_110,0.0940083202766221,possible recoding or service mix change; cause unconfirmed,caveat; preserve reported codes
RC073,2026-03,2026-04,RAL,ROYAL FREE LONDON NHS FOUNDATION TRUST,C_400,C_430,5401,5595,194,348,123,-225,0.8622222222222222,-31,C_400,0.0938744501812164,possible recoding or service mix change; cause unconfirmed,caveat; preserve reported codes
RC074,2024-10,2024-11,RCB,YORK AND SCARBOROUGH TEACHING HOSPITALS NHS FOUNDATION TRUST,C_100,X05,553,170,-383,4246,4724,478,0.801255230125523,95,C_100,0.0936279231224301,possible recoding or service mix change; cause unconfirmed,caveat; preserve reported codes
RC075,2025-07,2025-08,RYJ,IMPERIAL COLLEGE HEALTHCARE NHS TRUST,C_120,X06,7541,8115,574,640,309,-331,0.5766550522648084,243,C_120,0.0920408699946763,possible recoding or service mix change; cause unconfirmed,caveat; preserve reported codes
RC076,2024-02,2024-03,NDJ,FIRST COMMUNITY HEALTH AND CARE CIC,C_101,C_110,0,719,719,764,0,-764,0.9410994764397904,-45,C_110,0.0914478322435002,possible recoding or service mix change; cause unconfirmed,caveat; preserve reported codes
RC077,2025-05,2025-06,RD8,MILTON KEYNES UNIVERSITY HOSPITAL NHS FOUNDATION TRUST,C_130,X06,3145,3682,537,594,66,-528,0.9832402234636872,9,C_130,0.0906541787862469,possible recoding or service mix change; cause unconfirmed,caveat; preserve reported codes
RC078,2026-02,2026-03,RJN,EAST CHESHIRE NHS TRUST,C_301,X04,2097,1766,-331,296,574,278,0.8398791540785498,-53,C_301,0.0903736993422651,possible recoding or service mix change; cause unconfirmed,caveat; preserve reported codes
RC079,2024-08,2024-09,RD8,MILTON KEYNES UNIVERSITY HOSPITAL NHS FOUNDATION TRUST,C_300,C_320,522,158,-364,1079,1446,367,0.9918256130790192,3,C_320,0.0890422259100746,possible recoding or service mix change; cause unconfirmed,caveat; preserve reported codes
RC080,2025-09,2025-10,R0D,UNIVERSITY HOSPITALS DORSET NHS FOUNDATION TRUST,C_100,C_140,667,1010,343,3263,2982,-281,0.8192419825072886,62,C_100,0.0876133162023331,possible recoding or service mix change; cause unconfirmed,caveat; preserve reported codes
RC081,2025-09,2025-10,R0D,UNIVERSITY HOSPITALS DORSET NHS FOUNDATION TRUST,C_100,C_101,667,1010,343,3509,3277,-232,0.6763848396501457,111,C_100,0.0876133162023331,possible recoding or service mix change; cause unconfirmed,caveat; preserve reported codes
RC082,2025-09,2025-10,R0D,UNIVERSITY HOSPITALS DORSET NHS FOUNDATION TRUST,C_100,C_430,667,1010,343,601,423,-178,0.5189504373177842,165,C_100,0.0876133162023331,possible recoding or service mix change; cause unconfirmed,caveat; preserve reported codes
RC083,2024-10,2024-11,R1K,LONDON NORTH WEST UNIVERSITY HEALTHCARE NHS TRUST,C_120,X06,7301,6759,-542,167,460,293,0.540590405904059,-249,C_120,0.0855875061190329,possible recoding or service mix change; cause unconfirmed,caveat; preserve reported codes
RC084,2024-11,2024-12,RXC,EAST SUSSEX HEALTHCARE NHS TRUST,C_400,C_410,2356,2158,-198,270,570,300,0.66,102,C_400,0.0847766050823146,possible recoding or service mix change; cause unconfirmed,caveat; preserve reported codes
RC085,2025-06,2025-07,RKB,UNIVERSITY HOSPITALS COVENTRY AND WARWICKSHIRE NHS TRUST,C_320,X04,3168,2839,-329,475,1054,579,0.5682210708117443,250,C_320,0.0847291756804087,possible recoding or service mix change; cause unconfirmed,caveat; preserve reported codes
RC086,2026-01,2026-02,NDJ,FIRST COMMUNITY HEALTH AND CARE CIC,C_101,C_110,0,729,729,697,0,-697,0.9561042524005487,32,C_110,0.0840287506118305,possible recoding or service mix change; cause unconfirmed,caveat; preserve reported codes
RC087,2024-04,2024-05,RQM,CHELSEA AND WESTMINSTER HOSPITAL NHS FOUNDATION TRUST,C_110,C_300,4708,4007,-701,26,766,740,0.9472972972972972,39,C_110,0.0836784122827017,possible recoding or service mix change; cause unconfirmed,caveat; preserve reported codes
RC088,2025-01,2025-02,RLT,GEORGE ELIOT HOSPITAL NHS TRUST,C_130,C_320,986,1471,485,1185,247,-938,0.5170575692963753,-453,C_130,0.0832768138462727,possible recoding or service mix change; cause unconfirmed,caveat; preserve reported codes
RC089,2025-01,2025-02,RLT,GEORGE ELIOT HOSPITAL NHS TRUST,C_130,C_340,986,1471,485,486,1,-485,1.0,0,C_130,0.0832768138462727,possible recoding or service mix change; cause unconfirmed,caveat; preserve reported codes
RC090,2025-01,2025-02,RLT,GEORGE ELIOT HOSPITAL NHS TRUST,C_130,C_301,986,1471,485,678,225,-453,0.934020618556701,32,C_130,0.0832768138462727,possible recoding or service mix change; cause unconfirmed,caveat; preserve reported codes
RC091,2025-05,2025-06,NRL,HEART NETWORKS,C_170,C_320,0,540,540,323,0,-323,0.5981481481481481,217,C_320,0.0817086466973769,possible recoding or service mix change; cause unconfirmed,caveat; preserve reported codes
RC092,2025-06,2025-07,RLT,GEORGE ELIOT HOSPITAL NHS TRUST,C_130,C_340,1677,1200,-477,10,916,906,0.5264900662251656,429,C_130,0.0814522752847841,possible recoding or service mix change; cause unconfirmed,caveat; preserve reported codes
RC093,2025-06,2025-07,RLT,GEORGE ELIOT HOSPITAL NHS TRUST,C_130,C_320,1677,1200,-477,327,1255,928,0.5140086206896551,451,C_130,0.0814522752847841,possible recoding or service mix change; cause unconfirmed,caveat; preserve reported codes
RC094,2025-06,2025-07,RLT,GEORGE ELIOT HOSPITAL NHS TRUST,C_130,X04,1677,1200,-477,387,879,492,0.9695121951219512,15,C_130,0.0814522752847841,possible recoding or service mix change; cause unconfirmed,caveat; preserve reported codes
RC095,2025-06,2025-07,RLT,GEORGE ELIOT HOSPITAL NHS TRUST,C_130,X05,1677,1200,-477,544,1321,777,0.6138996138996139,300,C_130,0.0814522752847841,possible recoding or service mix change; cause unconfirmed,caveat; preserve reported codes
RC096,2025-06,2025-07,RLT,GEORGE ELIOT HOSPITAL NHS TRUST,C_130,C_140,1677,1200,-477,91,678,587,0.8126064735945485,110,C_130,0.0814522752847841,possible recoding or service mix change; cause unconfirmed,caveat; preserve reported codes
RC097,2025-08,2025-09,R1K,LONDON NORTH WEST UNIVERSITY HEALTHCARE NHS TRUST,C_400,X06,2163,1985,-178,4,97,93,0.5224719101123596,-85,C_400,0.0811966006906272,possible recoding or service mix change; cause unconfirmed,caveat; preserve reported codes
RC098,2024-09,2024-10,R0D,UNIVERSITY HOSPITALS DORSET NHS FOUNDATION TRUST,C_300,C_301,458,177,-281,5245,5563,318,0.8836477987421384,37,C_301,0.0809966149527901,possible recoding or service mix change; cause unconfirmed,caveat; preserve reported codes
RC099,2024-09,2024-10,R0D,UNIVERSITY HOSPITALS DORSET NHS FOUNDATION TRUST,C_301,C_430,5245,5563,318,355,134,-221,0.6949685534591195,97,C_301,0.0809966149527901,possible recoding or service mix change; cause unconfirmed,caveat; preserve reported codes
RC100,2024-05,2024-06,RQM,CHELSEA AND WESTMINSTER HOSPITAL NHS FOUNDATION TRUST,C_110,C_300,4007,4680,673,766,20,-746,0.9021447721179624,-73,C_110,0.0801149464967864,possible recoding or service mix change; cause unconfirmed,caveat; preserve reported codes
RC101,2026-02,2026-03,NT3X3,SPIRE ST ANTHONY'S HOSPITAL,C_100,C_110,615,317,-298,96,279,183,0.6140939597315436,-115,C_100,0.0792123422398485,possible recoding or service mix change; cause unconfirmed,caveat; preserve reported codes
RC102,2026-02,2026-03,NT3X3,SPIRE ST ANTHONY'S HOSPITAL,C_100,X05,615,317,-298,137,372,235,0.7885906040268457,-63,C_100,0.0792123422398485,possible recoding or service mix change; cause unconfirmed,caveat; preserve reported codes
RC103,2025-06,2025-07,RJN,EAST CHESHIRE NHS TRUST,C_100,X06,1432,1738,306,163,10,-153,0.5,153,C_100,0.077444826888034,possible recoding or service mix change; cause unconfirmed,caveat; preserve reported codes
RC104,2025-07,2025-08,RRF,"WRIGHTINGTON, WIGAN AND LEIGH NHS FOUNDATION TRUST",C_320,X06,1947,2240,293,272,4,-268,0.9146757679180888,25,C_320,0.0757659994259368,possible recoding or service mix change; cause unconfirmed,caveat; preserve reported codes
RC105,2025-07,2025-08,RRF,"WRIGHTINGTON, WIGAN AND LEIGH NHS FOUNDATION TRUST",C_300,C_320,422,155,-267,1947,2240,293,0.9112627986348124,26,C_320,0.0757659994259368,possible recoding or service mix change; cause unconfirmed,caveat; preserve reported codes
RC106,2025-08,2025-09,RET,THE WALTON CENTRE NHS FOUNDATION TRUST,C_400,X05,6956,6790,-166,252,450,198,0.8383838383838383,32,C_400,0.0757226725541804,possible recoding or service mix change; cause unconfirmed,caveat; preserve reported codes
RC107,2024-09,2024-10,R1K,LONDON NORTH WEST UNIVERSITY HEALTHCARE NHS TRUST,C_400,X06,3481,3305,-176,69,167,98,0.5568181818181818,-78,C_400,0.075080839881577,possible recoding or service mix change; cause unconfirmed,caveat; preserve reported codes
RC108,2025-04,2025-05,RVR,EPSOM AND ST HELIER UNIVERSITY HOSPITALS NHS TRUST,C_130,X06,2267,2708,441,880,350,-530,0.8320754716981132,-89,C_130,0.0748033232351674,possible recoding or service mix change; cause unconfirmed,caveat; preserve reported codes
RC109,2024-09,2024-10,R0D,UNIVERSITY HOSPITALS DORSET NHS FOUNDATION TRUST,C_300,C_400,458,177,-281,2834,3007,173,0.6156583629893239,-108,C_400,0.073801052838141,possible recoding or service mix change; cause unconfirmed,caveat; preserve reported codes
RC110,2024-09,2024-10,R0D,UNIVERSITY HOSPITALS DORSET NHS FOUNDATION TRUST,C_400,C_430,2834,3007,173,355,134,-221,0.7828054298642534,-48,C_400,0.073801052838141,possible recoding or service mix change; cause unconfirmed,caveat; preserve reported codes
RC111,2024-01,2024-02,RTK,ASHFORD AND ST PETER'S HOSPITALS NHS FOUNDATION TRUST,C_320,C_400,2377,2083,-294,365,684,319,0.9216300940438872,25,C_320,0.0736668554275433,possible recoding or service mix change; cause unconfirmed,caveat; preserve reported codes
RC112,2026-04,2026-05,RDE,EAST SUFFOLK AND NORTH ESSEX NHS FOUNDATION TRUST,C_130,X06,8216,8675,459,1048,265,-783,0.5862068965517241,-324,C_130,0.0734951507611311,possible recoding or service mix change; cause unconfirmed,caveat; preserve reported codes
RC113,2026-02,2026-03,NT347,SPIRE FYLDE COAST HOSPITAL,C_100,X05,668,392,-276,165,445,280,0.9857142857142858,4,C_100,0.0733644512020074,possible recoding or service mix change; cause unconfirmed,caveat; preserve reported codes
RC114,2026-02,2026-03,RJN,EAST CHESHIRE NHS TRUST,C_320,X04,1547,1274,-273,296,574,278,0.9820143884892086,5,C_320,0.0729102402833083,possible recoding or service mix change; cause unconfirmed,caveat; preserve reported codes
RC115,2025-05,2025-06,RNN,NORTH CUMBRIA INTEGRATED CARE NHS FOUNDATION TRUST,C_400,C_430,1434,1272,-162,58,223,165,0.9818181818181818,3,C_400,0.0727811847159512,possible recoding or service mix change; cause unconfirmed,caveat; preserve reported codes
RC116,2025-04,2025-05,RVR,EPSOM AND ST HELIER UNIVERSITY HOSPITALS NHS TRUST,C_320,X06,2414,2703,289,880,350,-530,0.5452830188679245,-241,C_320,0.0722431369019943,possible recoding or service mix change; cause unconfirmed,caveat; preserve reported codes
RC117,2024-10,2024-11,RTK,ASHFORD AND ST PETER'S HOSPITALS NHS FOUNDATION TRUST,C_101,C_110,976,2038,1062,7704,7094,-610,0.5743879472693032,452,C_110,0.071439027960767,possible recoding or service mix change; cause unconfirmed,caveat; preserve reported codes
RC118,2024-10,2024-11,RTK,ASHFORD AND ST PETER'S HOSPITALS NHS FOUNDATION TRUST,C_110,C_400,7704,7094,-610,401,1130,729,0.8367626886145405,119,C_110,0.071439027960767,possible recoding or service mix change; cause unconfirmed,caveat; preserve reported codes
RC119,2025-05,2025-06,RTK,ASHFORD AND ST PETER'S HOSPITALS NHS FOUNDATION TRUST,C_100,C_130,249,528,279,6264,5909,-355,0.7859154929577464,-76,C_100,0.0706348784396527,possible recoding or service mix change; cause unconfirmed,caveat; preserve reported codes
RC120,2025-05,2025-06,RTK,ASHFORD AND ST PETER'S HOSPITALS NHS FOUNDATION TRUST,C_100,X02,249,528,279,2365,2197,-168,0.6021505376344086,111,C_100,0.0706348784396527,possible recoding or service mix change; cause unconfirmed,caveat; preserve reported codes
RC121,2025-05,2025-06,RTK,ASHFORD AND ST PETER'S HOSPITALS NHS FOUNDATION TRUST,C_100,C_502,249,528,279,3143,2968,-175,0.6272401433691757,104,C_100,0.0706348784396527,possible recoding or service mix change; cause unconfirmed,caveat; preserve reported codes
RC122,2024-08,2024-09,RD8,MILTON KEYNES UNIVERSITY HOSPITAL NHS FOUNDATION TRUST,C_120,C_300,2284,2736,452,522,158,-364,0.8053097345132744,88,C_120,0.0706286417893422,possible recoding or service mix change; cause unconfirmed,caveat; preserve reported codes
RC123,2026-02,2026-03,RJN,EAST CHESHIRE NHS TRUST,C_110,X04,2071,1521,-550,296,574,278,0.5054545454545455,-272,C_110,0.0672369172240199,possible recoding or service mix change; cause unconfirmed,caveat; preserve reported codes
RC124,2024-11,2024-12,R1K,LONDON NORTH WEST UNIVERSITY HEALTHCARE NHS TRUST,C_120,X06,6759,7180,421,460,33,-427,0.9859484777517564,-6,C_120,0.0664680519177059,possible recoding or service mix change; cause unconfirmed,caveat; preserve reported codes
RC125,2024-02,2024-03,NT351,SPIRE HULL AND EAST RIDING HOSPITAL,C_100,C_110,536,809,273,978,796,-182,0.6666666666666666,91,C_100,0.064794970201434,possible recoding or service mix change; cause unconfirmed,caveat; preserve reported codes
RC126,2024-02,2024-03,NT423,MANOR HOSPITAL,C_110,C_502,231,767,536,275,0,-275,0.5130597014925373,261,C_110,0.0641571179090525,possible recoding or service mix change; cause unconfirmed,caveat; preserve reported codes
RC127,2025-09,2025-10,RD8,MILTON KEYNES UNIVERSITY HOSPITAL NHS FOUNDATION TRUST,C_120,C_400,3869,3478,-391,433,745,312,0.7979539641943734,-79,C_120,0.063683478453485,possible recoding or service mix change; cause unconfirmed,caveat; preserve reported codes
RC128,2026-03,2026-04,RAL,ROYAL FREE LONDON NHS FOUNDATION TRUST,C_120,C_430,10160,10527,367,348,123,-225,0.6130790190735694,142,C_120,0.0623854708148188,possible recoding or service mix change; cause unconfirmed,caveat; preserve reported codes
RC129,2026-04,2026-05,RXP,COUNTY DURHAM AND DARLINGTON NHS FOUNDATION TRUST,C_120,X03,3955,3588,-367,486,744,258,0.7029972752043597,-109,C_120,0.0617501022157686,possible recoding or service mix change; cause unconfirmed,caveat; preserve reported codes
RC130,2024-07,2024-08,RWP,WORCESTERSHIRE ACUTE HOSPITALS NHS TRUST,C_300,C_301,187,429,242,3948,3709,-239,0.987603305785124,3,C_301,0.0611719417868349,possible recoding or service mix change; cause unconfirmed,caveat; preserve reported codes
RC131,2025-10,2025-11,NT347,SPIRE FYLDE COAST HOSPITAL,C_100,C_150,472,703,231,331,160,-171,0.7402597402597403,60,C_100,0.0605866677857277,possible recoding or service mix change; cause unconfirmed,caveat; preserve reported codes
RC132,2025-05,2025-06,RBN,MERSEY AND WEST LANCASHIRE TEACHING HOSPITALS NHS TRUST,C_320,X06,2655,2417,-238,230,353,123,0.5168067226890757,-115,C_320,0.0602063712506988,possible recoding or service mix change; cause unconfirmed,caveat; preserve reported codes
RC133,2024-09,2024-10,RTD,THE NEWCASTLE UPON TYNE HOSPITALS NHS FOUNDATION TRUST,C_320,X03,3987,4234,247,167,37,-130,0.5263157894736842,117,C_320,0.0599489826876075,possible recoding or service mix change; cause unconfirmed,caveat; preserve reported codes
RC134,2024-03,2024-04,NT423,MANOR HOSPITAL,C_110,C_502,767,268,-499,0,335,335,0.6713426853707415,-164,C_110,0.0599107941481921,possible recoding or service mix change; cause unconfirmed,caveat; preserve reported codes
RC135,2024-06,2024-07,RJ2,LEWISHAM AND GREENWICH NHS TRUST,C_120,C_300,14960,14574,-386,590,966,376,0.9740932642487048,-10,C_120,0.0587124928320564,possible recoding or service mix change; cause unconfirmed,caveat; preserve reported codes
RC136,2025-03,2025-04,RGP,JAMES PAGET UNIVERSITY HOSPITALS NHS FOUNDATION TRUST,C_300,C_400,204,99,-105,2029,2160,131,0.8015267175572519,26,C_400,0.0585608339778005,possible recoding or service mix change; cause unconfirmed,caveat; preserve reported codes
RC137,2025-11,2025-12,RRV,UNIVERSITY COLLEGE LONDON HOSPITALS NHS FOUNDATION TRUST,C_170,C_400,93,0,-93,5162,5290,128,0.7265625,35,C_400,0.058217277796476,possible recoding or service mix change; cause unconfirmed,caveat; preserve reported codes
RC138,2024-12,2025-01,RKE,WHITTINGTON HEALTH NHS TRUST,C_160,C_301,27,185,158,2047,1822,-225,0.7022222222222222,-67,C_301,0.0568379889961653,possible recoding or service mix change; cause unconfirmed,caveat; preserve reported codes
RC139,2024-01,2024-02,RCX,"THE QUEEN ELIZABETH HOSPITAL, KING'S LYNN, NHS FOUNDATION TRUST",C_320,X06,1828,1603,-225,75,326,251,0.896414342629482,26,C_320,0.0563776954802627,possible recoding or service mix change; cause unconfirmed,caveat; preserve reported codes
RC140,2025-11,2025-12,RXK,SANDWELL AND WEST BIRMINGHAM HOSPITALS NHS TRUST,C_120,X06,7069,6741,-328,412,632,220,0.6707317073170732,-108,C_120,0.0556307475212092,possible recoding or service mix change; cause unconfirmed,caveat; preserve reported codes
RC141,2024-03,2024-04,RWP,WORCESTERSHIRE ACUTE HOSPITALS NHS TRUST,C_300,C_301,198,76,-122,4319,4534,215,0.5674418604651162,93,C_301,0.0548234430142184,possible recoding or service mix change; cause unconfirmed,caveat; preserve reported codes
RC142,2024-08,2024-09,REM,LIVERPOOL UNIVERSITY HOSPITALS NHS FOUNDATION TRUST,C_300,C_320,137,250,113,3539,3315,-224,0.5044642857142857,-111,C_320,0.0543472986481109,possible recoding or service mix change; cause unconfirmed,caveat; preserve reported codes
RC143,2025-04,2025-05,RVR,EPSOM AND ST HELIER UNIVERSITY HOSPITALS NHS TRUST,C_110,X06,6271,6728,457,880,350,-530,0.8622641509433963,-73,C_110,0.0541855683793416,possible recoding or service mix change; cause unconfirmed,caveat; preserve reported codes
RC144,2025-11,2025-12,RXK,SANDWELL AND WEST BIRMINGHAM HOSPITALS NHS TRUST,C_320,X06,5767,5558,-209,412,632,220,0.95,11,C_320,0.0540458070538828,possible recoding or service mix change; cause unconfirmed,caveat; preserve reported codes
RC145,2025-07,2025-08,RRF,"WRIGHTINGTON, WIGAN AND LEIGH NHS FOUNDATION TRUST",C_300,C_301,422,155,-267,5046,5250,204,0.7640449438202247,-63,C_301,0.0540298594429097,possible recoding or service mix change; cause unconfirmed,caveat; preserve reported codes
RC146,2025-07,2025-08,RRF,"WRIGHTINGTON, WIGAN AND LEIGH NHS FOUNDATION TRUST",C_301,X06,5046,5250,204,272,4,-268,0.7611940298507462,-64,C_301,0.0540298594429097,possible recoding or service mix change; cause unconfirmed,caveat; preserve reported codes
RC147,2024-12,2025-01,RTP,SURREY AND SUSSEX HEALTHCARE NHS TRUST,C_320,C_410,5639,5420,-219,443,825,382,0.5732984293193717,163,C_320,0.052746172891839,possible recoding or service mix change; cause unconfirmed,caveat; preserve reported codes
RC148,2025-11,2025-12,RPA,MEDWAY NHS FOUNDATION TRUST,C_301,X04,3503,3302,-201,24,133,109,0.5422885572139303,-92,C_301,0.0527228326587783,possible recoding or service mix change; cause unconfirmed,caveat; preserve reported codes
RC149,2024-10,2024-11,RRK,UNIVERSITY HOSPITALS BIRMINGHAM NHS FOUNDATION TRUST,C_130,C_300,12751,12444,-307,482,1044,562,0.5462633451957295,255,C_130,0.0526004677500878,possible recoding or service mix change; cause unconfirmed,caveat; preserve reported codes
RC150,2024-09,2024-10,RP5,DONCASTER AND BASSETLAW TEACHING HOSPITALS NHS FOUNDATION TRUST,C_110,C_300,10196,10646,450,615,43,-572,0.7867132867132867,-122,C_110,0.0525909823995512,possible recoding or service mix change; cause unconfirmed,caveat; preserve reported codes
RC151,2025-05,2025-06,RVR,EPSOM AND ST HELIER UNIVERSITY HOSPITALS NHS TRUST,C_100,X06,4077,3870,-207,350,597,247,0.8380566801619433,40,C_100,0.0524065227132907,possible recoding or service mix change; cause unconfirmed,caveat; preserve reported codes
RC152,2024-12,2025-01,RJZ,KING'S COLLEGE HOSPITAL NHS FOUNDATION TRUST,C_400,C_430,2925,2803,-122,285,448,163,0.7484662576687117,41,C_400,0.0523638860870871,possible recoding or service mix change; cause unconfirmed,caveat; preserve reported codes
RC153,2024-09,2024-10,RRF,"WRIGHTINGTON, WIGAN AND LEIGH NHS FOUNDATION TRUST",C_130,X06,2282,1975,-307,275,621,346,0.8872832369942196,39,C_130,0.051697252804618,possible recoding or service mix change; cause unconfirmed,caveat; preserve reported codes
RC154,2024-10,2024-11,RGP,JAMES PAGET UNIVERSITY HOSPITALS NHS FOUNDATION TRUST,C_100,C_300,4057,3849,-208,45,149,104,0.5,-104,C_100,0.0508475404946879,possible recoding or service mix change; cause unconfirmed,caveat; preserve reported codes
RC155,2025-09,2025-10,RTF,NORTHUMBRIA HEALTHCARE NHS FOUNDATION TRUST,C_100,X03,6236,6037,-199,0,213,213,0.9342723004694836,14,C_100,0.0508310493418784,possible recoding or service mix change; cause unconfirmed,caveat; preserve reported codes
RC156,2024-10,2024-11,RF4,"BARKING, HAVERING AND REDBRIDGE UNIVERSITY HOSPITALS NHS TRUST",C_100,X04,4479,4273,-206,399,673,274,0.7518248175182481,68,C_100,0.0503586218360851,possible recoding or service mix change; cause unconfirmed,caveat; preserve reported codes
RC157,2025-08,2025-09,RN5,HAMPSHIRE HOSPITALS NHS FOUNDATION TRUST,C_300,C_400,10,126,116,2090,1980,-110,0.9482758620689656,6,C_400,0.0501776745840955,possible recoding or service mix change; cause unconfirmed,caveat; preserve reported codes
RC158,2026-01,2026-02,RWD,UNITED LINCOLNSHIRE TEACHING HOSPITALS NHS TRUST,C_300,C_320,266,637,371,1615,1424,-191,0.5148247978436657,180,C_320,0.0500774758854667,possible recoding or service mix change; cause unconfirmed,caveat; preserve reported codes
RC159,2025-09,2025-10,RWG,WEST HERTFORDSHIRE TEACHING HOSPITALS NHS TRUST,C_300,C_320,261,39,-222,4655,4849,194,0.8738738738738738,-28,C_320,0.0500610280057905,possible recoding or service mix change; cause unconfirmed,caveat; preserve reported codes
RC160,2026-01,2026-02,RAL,ROYAL FREE LONDON NHS FOUNDATION TRUST,C_320,C_430,8769,8582,-187,147,329,182,0.9732620320855616,-5,C_320,0.0490287329349858,possible recoding or service mix change; cause unconfirmed,caveat; preserve reported codes
RC161,2025-06,2025-07,RJN,EAST CHESHIRE NHS TRUST,C_320,X06,867,1057,190,163,10,-153,0.8052631578947368,37,C_320,0.048931742794157,possible recoding or service mix change; cause unconfirmed,caveat; preserve reported codes
RC162,2024-01,2024-02,RTK,ASHFORD AND ST PETER'S HOSPITALS NHS FOUNDATION TRUST,C_100,C_400,980,774,-206,365,684,319,0.64576802507837,113,C_100,0.0488260418197418,possible recoding or service mix change; cause unconfirmed,caveat; preserve reported codes
RC163,2026-03,2026-04,RAL,ROYAL FREE LONDON NHS FOUNDATION TRUST,C_130,C_430,6657,6955,298,348,123,-225,0.7550335570469798,73,C_130,0.0487958238634502,possible recoding or service mix change; cause unconfirmed,caveat; preserve reported codes
RC164,2026-02,2026-03,RJN,EAST CHESHIRE NHS TRUST,C_130,X04,2366,2076,-290,296,574,278,0.9586206896551724,-12,C_130,0.0481703569589555,possible recoding or service mix change; cause unconfirmed,caveat; preserve reported codes
RC165,2025-05,2025-06,RXL,BLACKPOOL TEACHING HOSPITALS NHS FOUNDATION TRUST,C_110,X04,3081,2674,-407,587,1167,580,0.7017241379310345,173,C_110,0.047975142510927,possible recoding or service mix change; cause unconfirmed,caveat; preserve reported codes
RC166,2025-04,2025-05,RJL,NORTHERN LINCOLNSHIRE AND GOOLE NHS FOUNDATION TRUST,C_100,X06,4262,4449,187,381,136,-245,0.763265306122449,-58,C_100,0.0474344795397587,possible recoding or service mix change; cause unconfirmed,caveat; preserve reported codes
RC167,2025-01,2025-02,NT351,SPIRE HULL AND EAST RIDING HOSPITAL,C_400,C_502,269,161,-108,58,130,72,0.6666666666666666,-36,C_400,0.047002502448047,possible recoding or service mix change; cause unconfirmed,caveat; preserve reported codes
RC168,2025-10,2025-11,NT308,SPIRE GATWICK PARK HOSPITAL,C_100,X05,43,222,179,443,267,-176,0.9832402234636872,3,C_100,0.0469481105352609,possible recoding or service mix change; cause unconfirmed,caveat; preserve reported codes
RC169,2025-10,2025-11,NT339,SPIRE REGENCY HOSPITAL,C_100,X05,315,491,176,485,288,-197,0.8934010152284264,-21,C_100,0.0461612706938878,possible recoding or service mix change; cause unconfirmed,caveat; preserve reported codes
RC170,2025-10,2025-11,RTP,SURREY AND SUSSEX HEALTHCARE NHS TRUST,C_320,X06,1850,2027,177,307,128,-179,0.988826815642458,-2,C_320,0.0461389277000396,possible recoding or service mix change; cause unconfirmed,caveat; preserve reported codes
RC171,2024-08,2024-09,NTP11,PRACTICE PLUS GROUP HOSPITAL - SOUTHAMPTON,C_101,C_130,900,1058,158,536,260,-276,0.572463768115942,-118,C_130,0.0459713445285771,possible recoding or service mix change; cause unconfirmed,caveat; preserve reported codes
RC172,2024-11,2024-12,RWH,EAST AND NORTH HERTFORDSHIRE NHS TRUST,C_300,C_400,192,76,-116,453,560,107,0.9224137931034484,-9,C_400,0.0458136199182205,possible recoding or service mix change; cause unconfirmed,caveat; preserve reported codes
RC173,2024-05,2024-06,RGN,NORTH WEST ANGLIA NHS FOUNDATION TRUST,C_100,X06,7068,6874,-194,390,639,249,0.7791164658634538,55,C_100,0.0457840879054487,possible recoding or service mix change; cause unconfirmed,caveat; preserve reported codes
RC174,2025-06,2025-07,RLT,GEORGE ELIOT HOSPITAL NHS TRUST,C_120,X04,2677,2393,-284,387,879,492,0.5772357723577236,208,C_120,0.0451826396843579,possible recoding or service mix change; cause unconfirmed,caveat; preserve reported codes
RC175,2025-06,2025-07,RN7,DARTFORD AND GRAVESHAM NHS TRUST,C_301,X06,3063,2895,-168,87,214,127,0.7559523809523809,-41,C_301,0.0448129061169616,possible recoding or service mix change; cause unconfirmed,caveat; preserve reported codes
RC176,2024-05,2024-06,REM,LIVERPOOL UNIVERSITY HOSPITALS NHS FOUNDATION TRUST,C_120,C_300,6552,6847,295,525,40,-485,0.6082474226804123,-190,C_120,0.0448030715163333,possible recoding or service mix change; cause unconfirmed,caveat; preserve reported codes
RC177,2024-06,2024-07,RWP,WORCESTERSHIRE ACUTE HOSPITALS NHS TRUST,C_300,C_301,51,187,136,4122,3948,-174,0.7816091954022989,-38,C_301,0.0446586691716586,possible recoding or service mix change; cause unconfirmed,caveat; preserve reported codes
RC178,2025-02,2025-03,NT3X3,SPIRE ST ANTHONY'S HOSPITAL,C_100,C_110,317,497,180,399,136,-263,0.6844106463878327,-83,C_100,0.044555999465328,possible recoding or service mix change; cause unconfirmed,caveat; preserve reported codes
RC179,2025-05,2025-06,RXK,SANDWELL AND WEST BIRMINGHAM HOSPITALS NHS TRUST,C_100,X06,5211,5036,-175,263,519,256,0.68359375,81,C_100,0.044305031279352,possible recoding or service mix change; cause unconfirmed,caveat; preserve reported codes
RC180,2025-06,2025-07,RD8,MILTON KEYNES UNIVERSITY HOSPITAL NHS FOUNDATION TRUST,C_301,X06,1533,1368,-165,66,274,208,0.7932692307692307,43,C_301,0.0440126756505873,possible recoding or service mix change; cause unconfirmed,caveat; preserve reported codes
RC181,2024-06,2024-07,NT332,SPIRE LEEDS HOSPITAL,C_100,C_110,184,1,-183,618,840,222,0.8243243243243243,39,C_100,0.0435941598119019,possible recoding or service mix change; cause unconfirmed,caveat; preserve reported codes
RC182,2025-07,2025-08,NVC20,THE YORKSHIRE CLINIC,C_100,C_301,1530,1359,-171,324,494,170,0.9941520467836256,-1,C_100,0.0432375028445725,possible recoding or service mix change; cause unconfirmed,caveat; preserve reported codes
RC183,2024-07,2024-08,NT332,SPIRE LEEDS HOSPITAL,C_100,C_110,1,183,182,840,658,-182,1.0,0,C_100,0.0431604858637551,possible recoding or service mix change; cause unconfirmed,caveat; preserve reported codes
RC184,2026-03,2026-04,RDU,FRIMLEY HEALTH NHS FOUNDATION TRUST,C_301,X04,1998,1839,-159,458,776,318,0.5,159,C_301,0.0427951994014055,possible recoding or service mix change; cause unconfirmed,caveat; preserve reported codes
RC185,2024-08,2024-09,RTD,THE NEWCASTLE UPON TYNE HOSPITALS NHS FOUNDATION TRUST,C_130,X03,10431,10175,-256,10,167,157,0.61328125,-99,C_130,0.0426400876786802,possible recoding or service mix change; cause unconfirmed,caveat; preserve reported codes
RC186,2025-06,2025-07,RKB,UNIVERSITY HOSPITALS COVENTRY AND WARWICKSHIRE NHS TRUST,C_400,X06,4211,4118,-93,182,292,110,0.8454545454545455,17,C_400,0.0426040707502439,possible recoding or service mix change; cause unconfirmed,caveat; preserve reported codes
RC187,2024-07,2024-08,RWP,WORCESTERSHIRE ACUTE HOSPITALS NHS TRUST,C_100,C_300,4843,4665,-178,187,429,242,0.7355371900826446,64,C_100,0.0422119037568594,possible recoding or service mix change; cause unconfirmed,caveat; preserve reported codes
RC188,2026-04,2026-05,NT337,SPIRE LIVERPOOL HOSPITAL,C_100,C_120,778,617,-161,280,449,169,0.9526627218934912,8,C_100,0.0422021667273923,possible recoding or service mix change; cause unconfirmed,caveat; preserve reported codes
RC189,2025-08,2025-09,R1K,LONDON NORTH WEST UNIVERSITY HEALTHCARE NHS TRUST,C_100,X06,3059,2894,-165,4,97,93,0.5636363636363636,-72,C_100,0.0419068905087242,possible recoding or service mix change; cause unconfirmed,caveat; preserve reported codes
RC190,2024-06,2024-07,R1F,ISLE OF WIGHT NHS TRUST,C_130,C_140,2418,2166,-252,423,707,284,0.8873239436619719,32,C_130,0.0415280338947857,possible recoding or service mix change; cause unconfirmed,caveat; preserve reported codes
RC191,2026-02,2026-03,RJN,EAST CHESHIRE NHS TRUST,C_120,X04,1741,1501,-240,296,574,278,0.8633093525179856,38,C_120,0.0414397552291791,possible recoding or service mix change; cause unconfirmed,caveat; preserve reported codes
RC192,2024-02,2024-03,RDE,EAST SUFFOLK AND NORTH ESSEX NHS FOUNDATION TRUST,C_400,X06,3056,2960,-96,127,202,75,0.78125,-21,C_400,0.0414184078936582,possible recoding or service mix change; cause unconfirmed,caveat; preserve reported codes
RC193,2024-06,2024-07,RWP,WORCESTERSHIRE ACUTE HOSPITALS NHS TRUST,C_300,C_320,51,187,136,2505,2333,-172,0.7906976744186046,-36,C_320,0.0411617176880516,possible recoding or service mix change; cause unconfirmed,caveat; preserve reported codes
RC194,2024-02,2024-03,NT423,MANOR HOSPITAL,C_100,C_502,50,223,173,275,0,-275,0.6290909090909091,-102,C_100,0.0410605488822274,possible recoding or service mix change; cause unconfirmed,caveat; preserve reported codes
RC195,2025-05,2025-06,RXK,SANDWELL AND WEST BIRMINGHAM HOSPITALS NHS TRUST,C_120,X06,6833,6575,-258,263,519,256,0.992248062015504,-2,C_120,0.0405711410240281,possible recoding or service mix change; cause unconfirmed,caveat; preserve reported codes
RC196,2025-07,2025-08,NT3X3,SPIRE ST ANTHONY'S HOSPITAL,C_100,C_110,153,313,160,178,71,-107,0.66875,53,C_100,0.0404561430124655,possible recoding or service mix change; cause unconfirmed,caveat; preserve reported codes
RC197,2025-05,2025-06,RNZ,SALISBURY NHS FOUNDATION TRUST,C_110,X06,2615,2958,343,715,341,-374,0.9171122994652406,-31,C_110,0.040431139757366,possible recoding or service mix change; cause unconfirmed,caveat; preserve reported codes
RC198,2025-05,2025-06,RCB,YORK AND SCARBOROUGH TEACHING HOSPITALS NHS FOUNDATION TRUST,C_100,C_330,199,40,-159,2711,2828,117,0.7358490566037735,-42,C_100,0.0402542855623827,possible recoding or service mix change; cause unconfirmed,caveat; preserve reported codes
RC199,2025-05,2025-06,RCB,YORK AND SCARBOROUGH TEACHING HOSPITALS NHS FOUNDATION TRUST,C_100,C_502,199,40,-159,2689,2906,217,0.7327188940092166,58,C_100,0.0402542855623827,possible recoding or service mix change; cause unconfirmed,caveat; preserve reported codes
RC200,2025-05,2025-06,RCB,YORK AND SCARBOROUGH TEACHING HOSPITALS NHS FOUNDATION TRUST,C_100,C_130,199,40,-159,5211,5355,144,0.9056603773584906,-15,C_100,0.0402542855623827,possible recoding or service mix change; cause unconfirmed,caveat; preserve reported codes
RC201,2025-05,2025-06,RCB,YORK AND SCARBOROUGH TEACHING HOSPITALS NHS FOUNDATION TRUST,C_100,X02,199,40,-159,5739,6045,306,0.5196078431372549,147,C_100,0.0402542855623827,possible recoding or service mix change; cause unconfirmed,caveat; preserve reported codes
RC202,2025-02,2025-03,RVJ,NORTH BRISTOL NHS TRUST,C_400,X06,4422,4331,-91,104,168,64,0.7032967032967034,-27,C_400,0.0402441181673447,possible recoding or service mix change; cause unconfirmed,caveat; preserve reported codes
RC203,2025-03,2025-04,RGP,JAMES PAGET UNIVERSITY HOSPITALS NHS FOUNDATION TRUST,C_300,C_320,204,99,-105,2215,2379,164,0.6402439024390244,59,C_320,0.0400958388342868,possible recoding or service mix change; cause unconfirmed,caveat; preserve reported codes
RC204,2025-11,2025-12,RNS,NORTHAMPTON GENERAL HOSPITAL NHS TRUST,C_301,C_410,2993,2842,-151,374,626,252,0.5992063492063492,101,C_301,0.0396077001565946,possible recoding or service mix change; cause unconfirmed,caveat; preserve reported codes
RC205,2026-03,2026-04,NT3X3,SPIRE ST ANTHONY'S HOSPITAL,C_100,C_110,317,468,151,279,92,-187,0.8074866310160428,-36,C_100,0.0395486736789171,possible recoding or service mix change; cause unconfirmed,caveat; preserve reported codes
RC206,2024-07,2024-08,NT304,SPIRE SOUTHAMPTON HOSPITAL,C_100,C_110,0,166,166,624,378,-246,0.6747967479674797,-80,C_100,0.0393661574361722,possible recoding or service mix change; cause unconfirmed,caveat; preserve reported codes
RC207,2026-03,2026-04,RAL,ROYAL FREE LONDON NHS FOUNDATION TRUST,C_100,C_430,4105,4255,150,348,123,-225,0.6666666666666666,-75,C_100,0.0392867619326991,possible recoding or service mix change; cause unconfirmed,caveat; preserve reported codes
RC208,2025-09,2025-10,RRF,"WRIGHTINGTON, WIGAN AND LEIGH NHS FOUNDATION TRUST",C_320,X06,2295,2143,-152,5,300,295,0.5152542372881356,143,C_320,0.039223073489073,possible recoding or service mix change; cause unconfirmed,caveat; preserve reported codes
RC209,2025-04,2025-05,RJL,NORTHERN LINCOLNSHIRE AND GOOLE NHS FOUNDATION TRUST,C_301,X06,2919,3066,147,381,136,-245,0.6,-98,C_301,0.0390076662005206,possible recoding or service mix change; cause unconfirmed,caveat; preserve reported codes
RC210,2025-08,2025-09,NEY,PIONEER HEALTHCARE LIMITED,C_400,X05,220,135,-85,54,97,43,0.5058823529411764,-42,C_400,0.0387736576331647,possible recoding or service mix change; cause unconfirmed,caveat; preserve reported codes
RC211,2024-06,2024-07,RD8,MILTON KEYNES UNIVERSITY HOSPITAL NHS FOUNDATION TRUST,C_110,X06,3756,4079,323,313,27,-286,0.8854489164086687,37,C_110,0.0379563724989042,possible recoding or service mix change; cause unconfirmed,caveat; preserve reported codes
RC212,2025-11,2025-12,RXK,SANDWELL AND WEST BIRMINGHAM HOSPITALS NHS TRUST,C_130,X06,8453,8225,-228,412,632,220,0.9649122807017544,-8,C_130,0.0379247194319276,possible recoding or service mix change; cause unconfirmed,caveat; preserve reported codes
RC213,2024-02,2024-03,NEY,PIONEER HEALTHCARE LIMITED,C_120,X06,460,701,241,135,14,-121,0.5020746887966805,120,C_120,0.0376936491675334,possible recoding or service mix change; cause unconfirmed,caveat; preserve reported codes
RC214,2024-02,2024-03,RAJ,MID AND SOUTH ESSEX NHS FOUNDATION TRUST,C_170,C_320,210,14,-196,11768,11920,152,0.7755102040816326,-44,C_320,0.0375027140121982,possible recoding or service mix change; cause unconfirmed,caveat; preserve reported codes
RC215,2024-10,2024-11,RWH,EAST AND NORTH HERTFORDSHIRE NHS TRUST,C_120,C_300,5625,5862,237,443,192,-251,0.9442231075697212,-14,C_120,0.03742479511109,possible recoding or service mix change; cause unconfirmed,caveat; preserve reported codes
RC216,2024-06,2024-07,RWP,WORCESTERSHIRE ACUTE HOSPITALS NHS TRUST,C_100,C_300,5000,4843,-157,51,187,136,0.8662420382165605,-21,C_100,0.0374004540462765,possible recoding or service mix change; cause unconfirmed,caveat; preserve reported codes
RC217,2024-06,2024-07,NT351,SPIRE HULL AND EAST RIDING HOSPITAL,C_100,C_330,649,493,-156,58,147,89,0.5705128205128205,-67,C_100,0.0371622345937524,possible recoding or service mix change; cause unconfirmed,caveat; preserve reported codes
RC218,2024-09,2024-10,NT3X3,SPIRE ST ANTHONY'S HOSPITAL,C_100,C_110,537,384,-153,175,379,204,0.75,51,C_100,0.0370779655102218,possible recoding or service mix change; cause unconfirmed,caveat; preserve reported codes
RC219,2024-08,2024-09,RRF,"WRIGHTINGTON, WIGAN AND LEIGH NHS FOUNDATION TRUST",C_100,X06,1991,1839,-152,70,275,205,0.7414634146341463,53,C_100,0.0367322772803615,possible recoding or service mix change; cause unconfirmed,caveat; preserve reported codes
RC220,2026-01,2026-02,RJL,NORTHERN LINCOLNSHIRE AND GOOLE NHS FOUNDATION TRUST,C_100,C_300,5465,5605,140,145,58,-87,0.6214285714285714,53,C_100,0.0363637308148852,possible recoding or service mix change; cause unconfirmed,caveat; preserve reported codes
RC221,2026-02,2026-03,RWH,EAST AND NORTH HERTFORDSHIRE TEACHING NHS TRUST,C_300,C_320,140,59,-81,3634,3767,133,0.6090225563909775,52,C_320,0.0355203734713553,possible recoding or service mix change; cause unconfirmed,caveat; preserve reported codes
RC222,2024-09,2024-10,R0D,UNIVERSITY HOSPITALS DORSET NHS FOUNDATION TRUST,C_320,C_430,4267,4413,146,355,134,-221,0.6606334841628959,-75,C_320,0.0354354310623105,possible recoding or service mix change; cause unconfirmed,caveat; preserve reported codes
RC223,2024-09,2024-10,R0D,UNIVERSITY HOSPITALS DORSET NHS FOUNDATION TRUST,C_300,C_320,458,177,-281,4267,4413,146,0.5195729537366548,-135,C_320,0.0354354310623105,possible recoding or service mix change; cause unconfirmed,caveat; preserve reported codes
RC224,2026-03,2026-04,RDE,EAST SUFFOLK AND NORTH ESSEX NHS FOUNDATION TRUST,C_110,X06,10443,10153,-290,688,1048,360,0.8055555555555556,70,C_110,0.0353679671102297,possible recoding or service mix change; cause unconfirmed,caveat; preserve reported codes
RC225,2026-04,2026-05,RXP,COUNTY DURHAM AND DARLINGTON NHS FOUNDATION TRUST,C_110,X02,10691,10983,292,750,172,-578,0.5051903114186851,-286,C_110,0.0352674042224262,possible recoding or service mix change; cause unconfirmed,caveat; preserve reported codes
RC226,2025-02,2025-03,NTPH2,PRACTICE PLUS GROUP HOSPITAL - EMERSONS GREEN,C_120,C_140,358,135,-223,1836,2134,298,0.7483221476510067,75,C_120,0.0349673925144691,possible recoding or service mix change; cause unconfirmed,caveat; preserve reported codes
RC227,2025-11,2025-12,RRF,"WRIGHTINGTON, WIGAN AND LEIGH NHS FOUNDATION TRUST",C_301,X06,4950,4818,-132,3,100,97,0.7348484848484849,-35,C_301,0.0346239498057648,possible recoding or service mix change; cause unconfirmed,caveat; preserve reported codes
RC228,2024-10,2024-11,R0D,UNIVERSITY HOSPITALS DORSET NHS FOUNDATION TRUST,C_320,C_430,4413,4271,-142,134,207,73,0.5140845070422535,-69,C_320,0.0344985083039367,possible recoding or service mix change; cause unconfirmed,caveat; preserve reported codes
RC229,2026-03,2026-04,NT320,SPIRE PARKWAY HOSPITAL,C_100,C_110,193,323,130,1078,905,-173,0.7514450867052023,-43,C_100,0.0340485270083392,possible recoding or service mix change; cause unconfirmed,caveat; preserve reported codes
RC230,2025-03,2025-04,NTP11,PRACTICE PLUS GROUP HOSPITAL - SOUTHAMPTON,C_100,C_301,844,709,-135,170,261,91,0.674074074074074,-44,C_100,0.0340046951667993,possible recoding or service mix change; cause unconfirmed,caveat; preserve reported codes
RC231,2025-11,2025-12,RXK,SANDWELL AND WEST BIRMINGHAM HOSPITALS NHS TRUST,C_100,X06,4775,4644,-131,412,632,220,0.5954545454545455,89,C_100,0.0339776110886322,possible recoding or service mix change; cause unconfirmed,caveat; preserve reported codes
RC232,2025-12,2026-01,NCR,ISIGHT,C_120,C_130,199,0,-199,1167,1433,266,0.7481203007518797,67,C_120,0.0338623690385639,possible recoding or service mix change; cause unconfirmed,caveat; preserve reported codes
RC233,2024-06,2024-07,RLT,GEORGE ELIOT HOSPITAL NHS TRUST,C_130,C_320,364,569,205,1644,1391,-253,0.8102766798418972,-48,C_130,0.0337827259858376,possible recoding or service mix change; cause unconfirmed,caveat; preserve reported codes
RC234,2025-09,2025-10,NEY,PIONEER HEALTHCARE LIMITED,C_400,X05,135,61,-74,97,170,73,0.9864864864864864,-1,C_400,0.0333942552855434,possible recoding or service mix change; cause unconfirmed,caveat; preserve reported codes
RC235,2025-06,2025-07,RRF,"WRIGHTINGTON, WIGAN AND LEIGH NHS FOUNDATION TRUST",C_110,X06,8512,8232,-280,26,272,246,0.8785714285714286,-34,C_110,0.0330401803993849,possible recoding or service mix change; cause unconfirmed,caveat; preserve reported codes
RC236,2025-06,2025-07,RRF,"WRIGHTINGTON, WIGAN AND LEIGH NHS FOUNDATION TRUST",C_110,C_300,8512,8232,-280,231,422,191,0.6821428571428572,-89,C_110,0.0330401803993849,possible recoding or service mix change; cause unconfirmed,caveat; preserve reported codes
RC237,2024-06,2024-07,RAS,THE HILLINGDON HOSPITALS NHS FOUNDATION TRUST,C_120,C_400,1810,1595,-215,591,936,345,0.6231884057971014,130,C_120,0.032702554297648,possible recoding or service mix change; cause unconfirmed,caveat; preserve reported codes
RC238,2026-04,2026-05,NT318,SPIRE NORWICH HOSPITAL,C_100,C_110,132,8,-124,842,915,73,0.5887096774193549,-51,C_100,0.0325035321378674,possible recoding or service mix change; cause unconfirmed,caveat; preserve reported codes
RC239,2024-05,2024-06,RGN,NORTH WEST ANGLIA NHS FOUNDATION TRUST,C_110,X06,6106,5836,-270,390,639,249,0.9222222222222224,-21,C_110,0.0321412118189188,possible recoding or service mix change; cause unconfirmed,caveat; preserve reported codes
RC240,2024-08,2024-09,RTD,THE NEWCASTLE UPON TYNE HOSPITALS NHS FOUNDATION TRUST,C_320,X03,4119,3987,-132,10,167,157,0.8407643312101911,25,C_320,0.032026086703351,possible recoding or service mix change; cause unconfirmed,caveat; preserve reported codes
RC241,2025-03,2025-04,RW1,HAMPSHIRE AND ISLE OF WIGHT HEALTHCARE NHS FOUNDATION TRUST,C_110,X03,2459,2727,268,241,0,-241,0.8992537313432836,27,C_110,0.0317490404207932,possible recoding or service mix change; cause unconfirmed,caveat; preserve reported codes
RC242,2025-05,2025-06,RLT,GEORGE ELIOT HOSPITAL NHS TRUST,C_100,C_140,2986,2862,-124,23,91,68,0.5483870967741935,-56,C_100,0.0313932793065123,possible recoding or service mix change; cause unconfirmed,caveat; preserve reported codes
RC243,2025-03,2025-04,NT351,SPIRE HULL AND EAST RIDING HOSPITAL,C_101,C_400,89,162,73,193,123,-70,0.958904109589041,3,C_400,0.0312920486904277,possible recoding or service mix change; cause unconfirmed,caveat; preserve reported codes
RC244,2024-06,2024-07,RD8,MILTON KEYNES UNIVERSITY HOSPITAL NHS FOUNDATION TRUST,C_120,C_300,2693,2488,-205,262,536,274,0.7481751824817519,69,C_120,0.031181505260548,possible recoding or service mix change; cause unconfirmed,caveat; preserve reported codes
RC245,2024-02,2024-03,NT423,MANOR HOSPITAL,C_101,C_301,83,0,-83,0,121,121,0.6859504132231405,38,C_301,0.0309895659924088,possible recoding or service mix change; cause unconfirmed,caveat; preserve reported codes
RC246,2025-01,2025-02,RLT,GEORGE ELIOT HOSPITAL NHS TRUST,C_110,C_301,1865,2117,252,678,225,-453,0.5562913907284768,-201,C_110,0.0299394083402637,possible recoding or service mix change; cause unconfirmed,caveat; preserve reported codes
RC247,2025-01,2025-02,RLT,GEORGE ELIOT HOSPITAL NHS TRUST,C_110,C_340,1865,2117,252,486,1,-485,0.5195876288659794,-233,C_110,0.0299394083402637,possible recoding or service mix change; cause unconfirmed,caveat; preserve reported codes
RC248,2025-09,2025-10,RTF,NORTHUMBRIA HEALTHCARE NHS FOUNDATION TRUST,C_320,X03,1801,1685,-116,0,213,213,0.5446009389671361,97,C_320,0.0299333981890294,possible recoding or service mix change; cause unconfirmed,caveat; preserve reported codes
RC249,2024-10,2024-11,RF4,"BARKING, HAVERING AND REDBRIDGE UNIVERSITY HOSPITALS NHS TRUST",C_120,X04,4587,4398,-189,399,673,274,0.6897810218978102,85,C_120,0.0298450897721351,possible recoding or service mix change; cause unconfirmed,caveat; preserve reported codes
RC250,2024-02,2024-03,RA2,ROYAL SURREY COUNTY HOSPITAL NHS FOUNDATION TRUST,C_400,C_430,1106,1175,69,142,18,-124,0.5564516129032258,-55,C_400,0.0297694806735668,possible recoding or service mix change; cause unconfirmed,caveat; preserve reported codes
RC251,2024-02,2024-03,RA2,ROYAL SURREY COUNTY HOSPITAL NHS FOUNDATION TRUST,C_300,C_400,47,1,-46,1106,1175,69,0.6666666666666666,23,C_400,0.0297694806735668,possible recoding or service mix change; cause unconfirmed,caveat; preserve reported codes
RC252,2024-08,2024-09,RRF,"WRIGHTINGTON, WIGAN AND LEIGH NHS FOUNDATION TRUST",C_130,X06,2460,2282,-178,70,275,205,0.8682926829268293,27,C_130,0.0296481859640823,possible recoding or service mix change; cause unconfirmed,caveat; preserve reported codes
RC253,2025-03,2025-04,RGP,JAMES PAGET UNIVERSITY HOSPITALS NHS FOUNDATION TRUST,C_120,C_300,2916,3103,187,204,99,-105,0.5614973262032086,82,C_120,0.029268414841434,possible recoding or service mix change; cause unconfirmed,caveat; preserve reported codes
RC254,2025-07,2025-08,RRF,"WRIGHTINGTON, WIGAN AND LEIGH NHS FOUNDATION TRUST",C_110,X06,8232,8482,250,272,4,-268,0.9328358208955224,-18,C_110,0.0291895464061246,possible recoding or service mix change; cause unconfirmed,caveat; preserve reported codes
RC255,2025-07,2025-08,RRF,"WRIGHTINGTON, WIGAN AND LEIGH NHS FOUNDATION TRUST",C_110,C_300,8232,8482,250,422,155,-267,0.9363295880149812,-17,C_110,0.0291895464061246,possible recoding or service mix change; cause unconfirmed,caveat; preserve reported codes
RC256,2024-12,2025-01,RTH,OXFORD UNIVERSITY HOSPITALS NHS FOUNDATION TRUST,C_400,X03,3475,3543,68,85,9,-76,0.8947368421052632,-8,C_400,0.0291864283108354,possible recoding or service mix change; cause unconfirmed,caveat; preserve reported codes
RC257,2026-03,2026-04,RAL,ROYAL FREE LONDON NHS FOUNDATION TRUST,C_110,C_430,10402,10641,239,348,123,-225,0.9414225941422594,14,C_110,0.0291480832391203,possible recoding or service mix change; cause unconfirmed,caveat; preserve reported codes
RC258,2026-03,2026-04,RGP,JAMES PAGET UNIVERSITY HOSPITALS NHS FOUNDATION TRUST,C_400,X06,2469,2409,-60,3,40,37,0.6166666666666667,-23,C_400,0.0290333351075927,possible recoding or service mix change; cause unconfirmed,caveat; preserve reported codes
RC259,2025-12,2026-01,RTP,SURREY AND SUSSEX HEALTHCARE NHS TRUST,C_100,X06,1181,1069,-112,115,206,91,0.8125,-21,C_100,0.0290104333951531,possible recoding or service mix change; cause unconfirmed,caveat; preserve reported codes
RC260,2026-01,2026-02,RAL,ROYAL FREE LONDON NHS FOUNDATION TRUST,C_110,C_430,11182,10942,-240,147,329,182,0.7583333333333333,-58,C_110,0.0289338596080908,possible recoding or service mix change; cause unconfirmed,caveat; preserve reported codes
RC261,2026-03,2026-04,NT313,SPIRE WELLESLEY HOSPITAL,C_100,C_110,100,210,110,1055,955,-100,0.9090909090909092,10,C_100,0.0288102920839793,possible recoding or service mix change; cause unconfirmed,caveat; preserve reported codes
RC262,2025-09,2025-10,RWG,WEST HERTFORDSHIRE TEACHING HOSPITALS NHS TRUST,C_130,C_300,2730,2902,172,261,39,-222,0.7747747747747747,-50,C_130,0.0287340480092483,possible recoding or service mix change; cause unconfirmed,caveat; preserve reported codes
RC263,2026-03,2026-04,RDU,FRIMLEY HEALTH NHS FOUNDATION TRUST,C_120,X04,5438,5270,-168,458,776,318,0.5283018867924528,150,C_120,0.0285579266945219,possible recoding or service mix change; cause unconfirmed,caveat; preserve reported codes
RC264,2026-03,2026-04,NT321,SPIRE LITTLE ASTON HOSPITAL,C_100,C_110,208,317,109,1010,792,-218,0.5,-109,C_100,0.0285483803377613,possible recoding or service mix change; cause unconfirmed,caveat; preserve reported codes
RC265,2024-02,2024-03,RCX,"THE QUEEN ELIZABETH HOSPITAL, KING'S LYNN, NHS FOUNDATION TRUST",C_300,C_301,89,170,81,1381,1272,-109,0.7431192660550459,-28,C_301,0.0279162206047319,possible recoding or service mix change; cause unconfirmed,caveat; preserve reported codes
RC266,2024-11,2024-12,RCB,YORK AND SCARBOROUGH TEACHING HOSPITALS NHS FOUNDATION TRUST,C_100,C_101,170,57,-113,3091,3161,70,0.6194690265486725,-43,C_100,0.0276974361488308,possible recoding or service mix change; cause unconfirmed,caveat; preserve reported codes
RC267,2024-11,2024-12,RCB,YORK AND SCARBOROUGH TEACHING HOSPITALS NHS FOUNDATION TRUST,C_100,C_110,170,57,-113,4198,4265,67,0.5929203539823009,-46,C_100,0.0276974361488308,possible recoding or service mix change; cause unconfirmed,caveat; preserve reported codes
RC268,2024-11,2024-12,RCB,YORK AND SCARBOROUGH TEACHING HOSPITALS NHS FOUNDATION TRUST,C_100,C_120,170,57,-113,6017,6082,65,0.5752212389380531,-48,C_100,0.0276974361488308,possible recoding or service mix change; cause unconfirmed,caveat; preserve reported codes
RC269,2025-10,2025-11,RXW,THE SHREWSBURY AND TELFORD HOSPITAL NHS TRUST,C_320,X05,2898,2794,-104,121,190,69,0.6634615384615384,-35,C_320,0.0271098784226221,possible recoding or service mix change; cause unconfirmed,caveat; preserve reported codes
RC270,2025-05,2025-06,RNN,NORTH CUMBRIA INTEGRATED CARE NHS FOUNDATION TRUST,C_130,C_430,2712,2553,-159,58,223,165,0.9636363636363636,6,C_130,0.0268417400875479,possible recoding or service mix change; cause unconfirmed,caveat; preserve reported codes
RC271,2024-11,2024-12,RD8,MILTON KEYNES UNIVERSITY HOSPITAL NHS FOUNDATION TRUST,C_100,X06,1279,1170,-109,30,112,82,0.7522935779816514,-27,C_100,0.026716995931173,possible recoding or service mix change; cause unconfirmed,caveat; preserve reported codes
RC272,2024-12,2025-01,RCX,"THE QUEEN ELIZABETH HOSPITAL, KING'S LYNN, NHS FOUNDATION TRUST",C_110,X06,2133,1907,-226,109,286,177,0.7831858407079646,-49,C_110,0.0266521062829392,possible recoding or service mix change; cause unconfirmed,caveat; preserve reported codes
RC273,2025-09,2025-10,RXL,BLACKPOOL TEACHING HOSPITALS NHS FOUNDATION TRUST,C_300,C_320,68,15,-53,5103,5206,103,0.5145631067961165,50,C_320,0.0265787932195692,possible recoding or service mix change; cause unconfirmed,caveat; preserve reported codes
RC274,2025-11,2025-12,RRV,UNIVERSITY COLLEGE LONDON HOSPITALS NHS FOUNDATION TRUST,C_170,C_301,93,0,-93,3349,3450,101,0.9207920792079208,8,C_301,0.026492567654411,possible recoding or service mix change; cause unconfirmed,caveat; preserve reported codes
RC275,2025-03,2025-04,RD8,MILTON KEYNES UNIVERSITY HOSPITAL NHS FOUNDATION TRUST,C_130,X06,3325,3170,-155,171,385,214,0.7242990654205608,59,C_130,0.0263319283975407,possible recoding or service mix change; cause unconfirmed,caveat; preserve reported codes
RC276,2024-09,2024-10,NEY,PIONEER HEALTHCARE LIMITED,C_130,C_150,204,48,-156,0,102,102,0.6538461538461539,-54,C_130,0.0262696138029981,possible recoding or service mix change; cause unconfirmed,caveat; preserve reported codes
RC277,2024-10,2024-11,RGP,JAMES PAGET UNIVERSITY HOSPITALS NHS FOUNDATION TRUST,C_120,C_300,3125,2959,-166,45,149,104,0.6265060240963856,-62,C_120,0.0262131476305525,possible recoding or service mix change; cause unconfirmed,caveat; preserve reported codes
RC278,2024-06,2024-07,NT332,SPIRE LEEDS HOSPITAL,C_110,C_160,618,840,222,153,0,-153,0.6891891891891891,69,C_110,0.026087661593674,possible recoding or service mix change; cause unconfirmed,caveat; preserve reported codes
RC279,2024-04,2024-05,RDE,EAST SUFFOLK AND NORTH ESSEX NHS FOUNDATION TRUST,C_400,X05,3040,2979,-61,62,126,64,0.953125,3,C_400,0.0260423337346414,possible recoding or service mix change; cause unconfirmed,caveat; preserve reported codes
RC280,2026-01,2026-02,RAL,ROYAL FREE LONDON NHS FOUNDATION TRUST,C_130,C_430,6960,6804,-156,147,329,182,0.8571428571428571,26,C_130,0.0259747179412038,possible recoding or service mix change; cause unconfirmed,caveat; preserve reported codes
RC281,2025-06,2025-07,NYR,HEALTHSHARE DIAGNOSTICS,C_110,C_502,246,466,220,724,462,-262,0.8396946564885496,-42,C_110,0.0259601417423739,possible recoding or service mix change; cause unconfirmed,caveat; preserve reported codes
RC282,2025-06,2025-07,NYR,HEALTHSHARE DIAGNOSTICS,C_110,C_330,246,466,220,848,738,-110,0.5,110,C_110,0.0259601417423739,possible recoding or service mix change; cause unconfirmed,caveat; preserve reported codes
RC283,2025-06,2025-07,RKB,UNIVERSITY HOSPITALS COVENTRY AND WARWICKSHIRE NHS TRUST,C_110,X06,8526,8307,-219,182,292,110,0.502283105022831,-109,C_110,0.0258421410980903,possible recoding or service mix change; cause unconfirmed,caveat; preserve reported codes
RC284,2025-01,2025-02,NT351,SPIRE HULL AND EAST RIDING HOSPITAL,C_100,C_502,453,348,-105,58,130,72,0.6857142857142857,-33,C_100,0.0257580217839269,possible recoding or service mix change; cause unconfirmed,caveat; preserve reported codes
RC285,2024-04,2024-05,NT313,SPIRE WELLESLEY HOSPITAL,C_100,C_110,203,312,109,1150,1092,-58,0.5321100917431193,51,C_100,0.025751579942118,possible recoding or service mix change; cause unconfirmed,caveat; preserve reported codes
RC286,2025-12,2026-01,RRF,"WRIGHTINGTON, WIGAN AND LEIGH TEACHING HOSPITALS NHS FOUNDATION TRUST",C_100,X06,1848,1947,99,100,1,-99,1.0,0,C_100,0.0256431509475014,possible recoding or service mix change; cause unconfirmed,caveat; preserve reported codes
RC287,2024-11,2024-12,RD8,MILTON KEYNES UNIVERSITY HOSPITAL NHS FOUNDATION TRUST,C_130,X06,3801,3650,-151,30,112,82,0.543046357615894,-69,C_130,0.0256220560087963,possible recoding or service mix change; cause unconfirmed,caveat; preserve reported codes
RC288,2024-09,2024-10,R1K,LONDON NORTH WEST UNIVERSITY HEALTHCARE NHS TRUST,C_100,X06,2527,2423,-104,69,167,98,0.9423076923076924,-6,C_100,0.0252033229611965,possible recoding or service mix change; cause unconfirmed,caveat; preserve reported codes
RC289,2025-11,2025-12,RXK,SANDWELL AND WEST BIRMINGHAM HOSPITALS NHS TRUST,C_110,X06,5707,5497,-210,412,632,220,0.9545454545454546,10,C_110,0.0248710259653511,possible recoding or service mix change; cause unconfirmed,caveat; preserve reported codes
RC290,2024-12,2025-01,RCX,"THE QUEEN ELIZABETH HOSPITAL, KING'S LYNN, NHS FOUNDATION TRUST",C_100,X06,1532,1431,-101,109,286,177,0.5706214689265536,76,C_100,0.0248205425623155,possible recoding or service mix change; cause unconfirmed,caveat; preserve reported codes
RC291,2025-05,2025-06,REM,LIVERPOOL UNIVERSITY HOSPITALS NHS FOUNDATION TRUST,C_100,C_300,2591,2493,-98,20,131,111,0.8828828828828829,13,C_100,0.0248108175164371,possible recoding or service mix change; cause unconfirmed,caveat; preserve reported codes
RC292,2024-08,2024-09,RTD,THE NEWCASTLE UPON TYNE HOSPITALS NHS FOUNDATION TRUST,C_110,X03,8451,8242,-209,10,167,157,0.7511961722488039,-52,C_110,0.0245337703239983,possible recoding or service mix change; cause unconfirmed,caveat; preserve reported codes
RC293,2025-02,2025-03,NEY,PIONEER HEALTHCARE LIMITED,C_100,C_110,424,523,99,191,68,-123,0.8048780487804879,-24,C_100,0.0245057997059304,possible recoding or service mix change; cause unconfirmed,caveat; preserve reported codes
RC294,2024-11,2024-12,RQW,THE PRINCESS ALEXANDRA HOSPITAL NHS TRUST,C_320,X05,2941,3042,101,232,83,-149,0.6778523489932886,-48,C_320,0.0244579891658372,possible recoding or service mix change; cause unconfirmed,caveat; preserve reported codes
RC295,2024-09,2024-10,NT304,SPIRE SOUTHAMPTON HOSPITAL,C_100,C_110,100,0,-100,406,528,122,0.819672131147541,22,C_100,0.0242339643857659,possible recoding or service mix change; cause unconfirmed,caveat; preserve reported codes
RC296,2024-09,2024-10,RTD,THE NEWCASTLE UPON TYNE HOSPITALS NHS FOUNDATION TRUST,C_100,X03,840,940,100,167,37,-130,0.7692307692307693,-30,C_100,0.0242339643857659,possible recoding or service mix change; cause unconfirmed,caveat; preserve reported codes
RC297,2025-07,2025-08,NYR,HEALTHSHARE DIAGNOSTICS,C_101,C_130,213,297,84,173,31,-142,0.5915492957746479,-58,C_130,0.0241752741425013,possible recoding or service mix change; cause unconfirmed,caveat; preserve reported codes
RC298,2024-12,2025-01,RWH,EAST AND NORTH HERTFORDSHIRE NHS TRUST,C_130,C_300,3006,2866,-140,76,274,198,0.7070707070707071,58,C_130,0.0241424265208004,possible recoding or service mix change; cause unconfirmed,caveat; preserve reported codes
RC299,2026-04,2026-05,RW1,HAMPSHIRE AND ISLE OF WIGHT HEALTHCARE NHS FOUNDATION TRUST,C_110,X05,3236,3433,197,114,15,-99,0.5025380710659898,98,C_110,0.0237934199719793,possible recoding or service mix change; cause unconfirmed,caveat; preserve reported codes
RC300,2025-03,2025-04,NTP11,PRACTICE PLUS GROUP HOSPITAL - SOUTHAMPTON,C_101,C_301,429,363,-66,170,261,91,0.7252747252747253,25,C_301,0.0235133005180677,possible recoding or service mix change; cause unconfirmed,caveat; preserve reported codes
RC301,2024-01,2024-02,RMP,TAMESIDE AND GLOSSOP INTEGRATED CARE NHS FOUNDATION TRUST,C_110,C_330,1842,2040,198,548,260,-288,0.6875,-90,C_110,0.0235055570460875,possible recoding or service mix change; cause unconfirmed,caveat; preserve reported codes
RC302,2026-03,2026-04,NT343,SPIRE THAMES VALLEY HOSPITAL,C_110,C_160,449,259,-190,0,106,106,0.5578947368421052,-84,C_110,0.0231721163825643,possible recoding or service mix change; cause unconfirmed,caveat; preserve reported codes
RC303,2025-05,2025-06,RRF,"WRIGHTINGTON, WIGAN AND LEIGH NHS FOUNDATION TRUST",C_300,C_320,135,231,96,1783,1692,-91,0.9479166666666666,5,C_320,0.0230200831252671,possible recoding or service mix change; cause unconfirmed,caveat; preserve reported codes
RC304,2025-04,2025-05,RDU,FRIMLEY HEALTH NHS FOUNDATION TRUST,C_300,C_400,66,9,-57,2897,2948,51,0.8947368421052632,-6,C_400,0.0229310360332005,possible recoding or service mix change; cause unconfirmed,caveat; preserve reported codes
RC305,2025-09,2025-10,RD8,MILTON KEYNES UNIVERSITY HOSPITAL NHS FOUNDATION TRUST,C_130,X06,4168,4031,-137,25,176,151,0.9072847682119204,14,C_130,0.0228870033562036,possible recoding or service mix change; cause unconfirmed,caveat; preserve reported codes
RC306,2024-12,2025-01,RKE,WHITTINGTON HEALTH NHS TRUST,C_100,C_160,5318,5225,-93,27,185,158,0.5886075949367089,65,C_100,0.0228545589930232,possible recoding or service mix change; cause unconfirmed,caveat; preserve reported codes
RC307,2024-06,2024-07,RAS,THE HILLINGDON HOSPITALS NHS FOUNDATION TRUST,C_110,C_400,4455,4261,-194,591,936,345,0.5623188405797102,151,C_110,0.0227973258971746,possible recoding or service mix change; cause unconfirmed,caveat; preserve reported codes
RC308,2025-11,2025-12,RRV,UNIVERSITY COLLEGE LONDON HOSPITALS NHS FOUNDATION TRUST,C_120,C_170,6567,6701,134,93,0,-93,0.6940298507462687,41,C_120,0.0227271956336647,possible recoding or service mix change; cause unconfirmed,caveat; preserve reported codes
RC309,2024-02,2024-03,RXR,EAST LANCASHIRE HOSPITALS NHS TRUST,C_320,X06,5872,5963,91,114,50,-64,0.7032967032967034,27,C_320,0.0224522827309871,possible recoding or service mix change; cause unconfirmed,caveat; preserve reported codes
RC310,2025-10,2025-11,RTK,ASHFORD AND ST PETER'S HOSPITALS NHS FOUNDATION TRUST,C_300,C_320,167,52,-115,1463,1549,86,0.7478260869565218,-29,C_320,0.0224177840802452,possible recoding or service mix change; cause unconfirmed,caveat; preserve reported codes
RC311,2026-02,2026-03,NT404,BEAUMONT HOSPITAL,C_301,C_502,105,24,-81,553,597,44,0.5432098765432098,-37,C_301,0.0221156182680467,possible recoding or service mix change; cause unconfirmed,caveat; preserve reported codes
RC312,2025-09,2025-10,RD8,MILTON KEYNES UNIVERSITY HOSPITAL NHS FOUNDATION TRUST,C_320,X06,2032,1947,-85,25,176,151,0.5629139072847682,66,C_320,0.0219339555695474,possible recoding or service mix change; cause unconfirmed,caveat; preserve reported codes
RC313,2025-06,2025-07,NYR,HEALTHSHARE DIAGNOSTICS,C_130,C_330,45,173,128,848,738,-110,0.859375,18,C_130,0.0218572143321852,possible recoding or service mix change; cause unconfirmed,caveat; preserve reported codes
RC314,2025-06,2025-07,NYR,HEALTHSHARE DIAGNOSTICS,C_101,C_130,285,213,-72,45,173,128,0.5625,56,C_130,0.0218572143321852,possible recoding or service mix change; cause unconfirmed,caveat; preserve reported codes
RC315,2025-07,2025-08,RPC,QUEEN VICTORIA HOSPITAL NHS FOUNDATION TRUST,C_140,C_320,6944,6900,-44,148,232,84,0.5238095238095238,40,C_320,0.0217213104156269,possible recoding or service mix change; cause unconfirmed,caveat; preserve reported codes
RC316,2024-06,2024-07,R1F,ISLE OF WIGHT NHS TRUST,C_120,C_140,1368,1226,-142,423,707,284,0.5,142,C_120,0.0215988963268186,possible recoding or service mix change; cause unconfirmed,caveat; preserve reported codes
RC317,2025-01,2025-02,NT337,SPIRE LIVERPOOL HOSPITAL,C_100,C_301,795,707,-88,53,99,46,0.5227272727272727,-42,C_100,0.0215876753998626,possible recoding or service mix change; cause unconfirmed,caveat; preserve reported codes
RC318,2025-05,2025-06,RRF,"WRIGHTINGTON, WIGAN AND LEIGH NHS FOUNDATION TRUST",C_130,C_300,1736,1609,-127,135,231,96,0.7559055118110236,-31,C_130,0.0214396288749596,possible recoding or service mix change; cause unconfirmed,caveat; preserve reported codes
RC319,2024-07,2024-08,NT332,SPIRE LEEDS HOSPITAL,C_110,C_160,840,658,-182,0,171,171,0.9395604395604396,-11,C_110,0.0213126233965763,possible recoding or service mix change; cause unconfirmed,caveat; preserve reported codes
RC320,2026-02,2026-03,RWH,EAST AND NORTH HERTFORDSHIRE TEACHING NHS TRUST,C_130,C_300,2705,2833,128,140,59,-81,0.6328125,47,C_130,0.0212613989336079,possible recoding or service mix change; cause unconfirmed,caveat; preserve reported codes
RC321,2025-05,2025-06,RW1,HAMPSHIRE AND ISLE OF WIGHT HEALTHCARE NHS FOUNDATION TRUST,C_301,C_320,203,124,-79,184,323,139,0.5683453237410072,60,C_301,0.0211305089777915,possible recoding or service mix change; cause unconfirmed,caveat; preserve reported codes
RC322,2024-12,2025-01,RTH,OXFORD UNIVERSITY HOSPITALS NHS FOUNDATION TRUST,C_130,X03,5714,5836,122,85,9,-76,0.6229508196721312,46,C_130,0.0210384002538403,possible recoding or service mix change; cause unconfirmed,caveat; preserve reported codes
RC323,2024-12,2025-01,RCX,"THE QUEEN ELIZABETH HOSPITAL, KING'S LYNN, NHS FOUNDATION TRUST",C_130,X06,1758,1636,-122,109,286,177,0.6892655367231638,55,C_130,0.0210384002538403,possible recoding or service mix change; cause unconfirmed,caveat; preserve reported codes
RC324,2025-06,2025-07,RRF,"WRIGHTINGTON, WIGAN AND LEIGH NHS FOUNDATION TRUST",C_130,C_300,1609,1486,-123,231,422,191,0.643979057591623,68,C_130,0.0210034168973342,possible recoding or service mix change; cause unconfirmed,caveat; preserve reported codes
RC325,2025-06,2025-07,RRF,"WRIGHTINGTON, WIGAN AND LEIGH NHS FOUNDATION TRUST",C_130,X06,1609,1486,-123,26,272,246,0.5,123,C_130,0.0210034168973342,possible recoding or service mix change; cause unconfirmed,caveat; preserve reported codes
RC326,2025-08,2025-09,RBK,WALSALL HEALTHCARE NHS TRUST,C_100,C_160,1743,1825,82,61,14,-47,0.573170731707317,35,C_100,0.0208264546770629,possible recoding or service mix change; cause unconfirmed,caveat; preserve reported codes
RC327,2026-02,2026-03,RN5,HAMPSHIRE HOSPITALS NHS FOUNDATION TRUST,C_130,C_300,2663,2787,124,234,40,-194,0.6391752577319587,-70,C_130,0.0205969802169327,possible recoding or service mix change; cause unconfirmed,caveat; preserve reported codes
RC328,2024-06,2024-07,RWW,WARRINGTON AND HALTON TEACHING HOSPITALS NHS FOUNDATION TRUST,C_130,C_430,3300,3177,-123,130,228,98,0.7967479674796748,-25,C_130,0.0202696355915025,possible recoding or service mix change; cause unconfirmed,caveat; preserve reported codes
RC329,2025-06,2025-07,RN5,HAMPSHIRE HOSPITALS NHS FOUNDATION TRUST,C_300,C_400,48,6,-42,1975,2019,44,0.9545454545454546,2,C_400,0.0201567646560293,possible recoding or service mix change; cause unconfirmed,caveat; preserve reported codes
RC330,2025-04,2025-05,RW1,HAMPSHIRE AND ISLE OF WIGHT HEALTHCARE NHS FOUNDATION TRUST,C_320,C_340,264,184,-80,1,55,54,0.675,-26,C_320,0.0199981001804828,possible recoding or service mix change; cause unconfirmed,caveat; preserve reported codes
RC331,2025-02,2025-03,RWD,UNITED LINCOLNSHIRE TEACHING HOSPITALS NHS TRUST,C_170,C_400,44,5,-39,3264,3309,45,0.8666666666666667,6,C_400,0.0199009375552803,possible recoding or service mix change; cause unconfirmed,caveat; preserve reported codes
RC332,2024-03,2024-04,RCD,HARROGATE AND DISTRICT NHS FOUNDATION TRUST,C_320,X06,1306,1387,81,94,11,-83,0.9759036144578314,-2,C_320,0.0197489205142521,possible recoding or service mix change; cause unconfirmed,caveat; preserve reported codes
RC333,2024-03,2024-04,RWP,WORCESTERSHIRE ACUTE HOSPITALS NHS TRUST,C_130,C_300,5501,5622,121,198,76,-122,0.9918032786885246,-1,C_130,0.019732100049901,possible recoding or service mix change; cause unconfirmed,caveat; preserve reported codes
RC334,2024-07,2024-08,RWF,MAIDSTONE AND TUNBRIDGE WELLS NHS TRUST,C_300,C_400,21,45,24,1013,967,-46,0.5217391304347826,-22,C_400,0.0194403708884672,possible recoding or service mix change; cause unconfirmed,caveat; preserve reported codes
RC335,2024-02,2024-03,RA2,ROYAL SURREY COUNTY HOSPITAL NHS FOUNDATION TRUST,C_110,C_430,6031,6193,162,142,18,-124,0.7654320987654321,38,C_110,0.0193907707113181,possible recoding or service mix change; cause unconfirmed,caveat; preserve reported codes
RC336,2024-11,2024-12,B3M1X,CLAREMONT PRIVATE HOSPITAL,C_100,C_110,154,75,-79,805,850,45,0.569620253164557,-34,C_100,0.0193636942987401,possible recoding or service mix change; cause unconfirmed,caveat; preserve reported codes
RC337,2025-08,2025-09,R1K,LONDON NORTH WEST UNIVERSITY HEALTHCARE NHS TRUST,C_130,X06,1919,1805,-114,4,97,93,0.8157894736842105,-21,C_130,0.0193279633243418,possible recoding or service mix change; cause unconfirmed,caveat; preserve reported codes
RC338,2024-05,2024-06,RGN,NORTH WEST ANGLIA NHS FOUNDATION TRUST,C_120,X06,9407,9280,-127,390,639,249,0.5100401606425703,122,C_120,0.0192881019748282,possible recoding or service mix change; cause unconfirmed,caveat; preserve reported codes
RC339,2024-08,2024-09,REM,LIVERPOOL UNIVERSITY HOSPITALS NHS FOUNDATION TRUST,C_110,C_300,5795,5632,-163,137,250,113,0.6932515337423313,-50,C_110,0.0191339931235011,possible recoding or service mix change; cause unconfirmed,caveat; preserve reported codes
RC340,2024-01,2024-02,RWJ,STOCKPORT NHS FOUNDATION TRUST,C_300,C_320,69,1,-68,4608,4684,76,0.8947368421052632,8,C_320,0.0190431326955554,possible recoding or service mix change; cause unconfirmed,caveat; preserve reported codes
RC341,2026-03,2026-04,RA7,UNIVERSITY HOSPITALS BRISTOL AND WESTON NHS FOUNDATION TRUST,C_120,X06,5303,5191,-112,296,478,182,0.6153846153846154,70,C_120,0.0190386177963479,possible recoding or service mix change; cause unconfirmed,caveat; preserve reported codes
RC342,2024-03,2024-04,NT490,SOUTHEND PRIVATE HOSPITAL,C_130,C_160,971,1087,116,107,0,-107,0.9224137931034484,9,C_130,0.0189167240147811,possible recoding or service mix change; cause unconfirmed,caveat; preserve reported codes
RC343,2024-03,2024-04,RCD,HARROGATE AND DISTRICT NHS FOUNDATION TRUST,C_301,X06,962,1036,74,94,11,-83,0.891566265060241,-9,C_301,0.0188694641072193,possible recoding or service mix change; cause unconfirmed,caveat; preserve reported codes
RC344,2025-11,2025-12,NEY,PIONEER HEALTHCARE LIMITED,C_100,C_120,239,167,-72,10,56,46,0.6388888888888888,-26,C_100,0.0186747175448971,possible recoding or service mix change; cause unconfirmed,caveat; preserve reported codes
RC345,2025-09,2025-10,NT347,SPIRE FYLDE COAST HOSPITAL,C_100,C_400,545,472,-73,36,92,56,0.7671232876712328,-17,C_100,0.0186465658389805,possible recoding or service mix change; cause unconfirmed,caveat; preserve reported codes
RC346,2025-11,2025-12,RPA,MEDWAY NHS FOUNDATION TRUST,C_320,X04,3217,3145,-72,24,133,109,0.6605504587155964,37,C_320,0.0186186512338735,possible recoding or service mix change; cause unconfirmed,caveat; preserve reported codes
RC347,2024-09,2024-10,NVC16,RENACRES HOSPITAL,C_100,C_301,511,435,-76,122,236,114,0.6666666666666666,38,C_100,0.0184178129331821,possible recoding or service mix change; cause unconfirmed,caveat; preserve reported codes
RC348,2024-05,2024-06,AY1,MEDEFER,C_100,C_410,298,220,-78,35,150,115,0.6782608695652174,37,C_100,0.0184080353434278,possible recoding or service mix change; cause unconfirmed,caveat; preserve reported codes
RC349,2025-09,2025-10,RYJ,IMPERIAL COLLEGE HEALTHCARE NHS TRUST,C_120,X06,8283,8170,-113,349,544,195,0.5794871794871795,82,C_120,0.0184046881464035,possible recoding or service mix change; cause unconfirmed,caveat; preserve reported codes
RC350,2024-11,2024-12,RLT,GEORGE ELIOT HOSPITAL NHS TRUST,C_140,C_301,63,25,-38,716,789,73,0.5205479452054794,35,C_301,0.0184045058264127,possible recoding or service mix change; cause unconfirmed,caveat; preserve reported codes
RC351,2025-10,2025-11,RXL,BLACKPOOL TEACHING HOSPITALS NHS FOUNDATION TRUST,C_100,C_300,1146,1076,-70,15,56,41,0.5857142857142857,-29,C_100,0.0183595962987053,possible recoding or service mix change; cause unconfirmed,caveat; preserve reported codes
RC352,2025-09,2025-10,RKE,WHITTINGTON HEALTH NHS TRUST,C_110,C_300,1661,1817,156,310,0,-310,0.5032258064516129,-154,C_110,0.0181628086222112,possible recoding or service mix change; cause unconfirmed,caveat; preserve reported codes
RC353,2025-08,2025-09,NEY,PIONEER HEALTHCARE LIMITED,C_100,X05,306,235,-71,54,97,43,0.6056338028169014,-28,C_100,0.0180326619764813,possible recoding or service mix change; cause unconfirmed,caveat; preserve reported codes
RC354,2025-03,2025-04,RWW,WARRINGTON AND HALTON TEACHING HOSPITALS NHS FOUNDATION TRUST,C_130,C_430,2499,2393,-106,86,180,94,0.8867924528301887,-12,C_130,0.0180076413557375,possible recoding or service mix change; cause unconfirmed,caveat; preserve reported codes
RC355,2024-11,2024-12,RWG,WEST HERTFORDSHIRE TEACHING HOSPITALS NHS TRUST,C_120,X06,3444,3330,-114,114,188,74,0.6491228070175439,-40,C_120,0.0179984748660771,possible recoding or service mix change; cause unconfirmed,caveat; preserve reported codes
RC356,2024-08,2024-09,RXP,COUNTY DURHAM AND DARLINGTON NHS FOUNDATION TRUST,C_320,X02,1731,1657,-74,79,128,49,0.6621621621621622,-25,C_320,0.0179540183033937,possible recoding or service mix change; cause unconfirmed,caveat; preserve reported codes
RC357,2024-05,2024-06,NT351,SPIRE HULL AND EAST RIDING HOSPITAL,C_400,C_502,152,110,-42,29,100,71,0.5915492957746479,29,C_400,0.0179367601086455,possible recoding or service mix change; cause unconfirmed,caveat; preserve reported codes
RC358,2024-03,2024-04,NT490,SOUTHEND PRIVATE HOSPITAL,C_100,C_160,12,88,76,107,0,-107,0.7102803738317757,-31,C_100,0.017914514764153,possible recoding or service mix change; cause unconfirmed,caveat; preserve reported codes
RC359,2024-03,2024-04,RAP,NORTH MIDDLESEX UNIVERSITY HOSPITAL NHS TRUST,C_100,C_300,1414,1338,-76,0,106,106,0.7169811320754716,30,C_100,0.017914514764153,possible recoding or service mix change; cause unconfirmed,caveat; preserve reported codes
RC360,2024-03,2024-04,NEY,PIONEER HEALTHCARE LIMITED,C_400,X06,296,255,-41,14,45,31,0.7560975609756098,-10,C_400,0.0175124616114027,possible recoding or service mix change; cause unconfirmed,caveat; preserve reported codes
RC361,2024-03,2024-04,NEY,PIONEER HEALTHCARE LIMITED,C_101,C_400,11,55,44,296,255,-41,0.9318181818181818,3,C_400,0.0175124616114027,possible recoding or service mix change; cause unconfirmed,caveat; preserve reported codes
RC362,2026-02,2026-03,NT343,SPIRE THAMES VALLEY HOSPITAL,C_110,C_160,306,449,143,98,0,-98,0.6853146853146853,45,C_110,0.0174815984782451,possible recoding or service mix change; cause unconfirmed,caveat; preserve reported codes
RC363,2024-04,2024-05,RBD,DORSET COUNTY HOSPITAL NHS FOUNDATION TRUST,C_130,C_410,2987,3094,107,148,13,-135,0.7925925925925926,-28,C_130,0.0174427608467074,possible recoding or service mix change; cause unconfirmed,caveat; preserve reported codes
RC364,2024-04,2024-05,AY1,MEDEFER,C_301,C_410,1448,1381,-67,0,35,35,0.5223880597014925,-32,C_301,0.0171567434964418,possible recoding or service mix change; cause unconfirmed,caveat; preserve reported codes
RC365,2024-01,2024-02,AAH,TETBURY HOSPITAL TRUST LTD,C_100,C_130,107,35,-72,99,159,60,0.8333333333333334,-12,C_100,0.0170654126748612,possible recoding or service mix change; cause unconfirmed,caveat; preserve reported codes
RC366,2025-10,2025-11,RD8,MILTON KEYNES UNIVERSITY HOSPITAL NHS FOUNDATION TRUST,C_100,C_170,1450,1515,65,41,4,-37,0.5692307692307692,28,C_100,0.0170481965630835,possible recoding or service mix change; cause unconfirmed,caveat; preserve reported codes
RC367,2024-11,2024-12,RD8,MILTON KEYNES UNIVERSITY HOSPITAL NHS FOUNDATION TRUST,C_320,X06,1316,1246,-70,30,112,82,0.8536585365853658,12,C_320,0.0169510816000852,possible recoding or service mix change; cause unconfirmed,caveat; preserve reported codes
RC368,2026-04,2026-05,NT343,SPIRE THAMES VALLEY HOSPITAL,C_110,C_160,259,399,140,106,0,-106,0.7571428571428571,34,C_110,0.0169090294217111,possible recoding or service mix change; cause unconfirmed,caveat; preserve reported codes
RC369,2024-07,2024-08,RXF,MID YORKSHIRE TEACHING NHS TRUST,C_300,C_400,39,63,24,1892,1852,-40,0.6,-16,C_400,0.0169046703377975,possible recoding or service mix change; cause unconfirmed,caveat; preserve reported codes
RC370,2024-11,2024-12,RQW,THE PRINCESS ALEXANDRA HOSPITAL NHS TRUST,C_120,X05,3303,3410,107,232,83,-149,0.7181208053691275,-42,C_120,0.0168933053567566,possible recoding or service mix change; cause unconfirmed,caveat; preserve reported codes
RC371,2025-07,2025-08,NEY,PIONEER HEALTHCARE LIMITED,C_400,X06,257,220,-37,31,53,22,0.5945945945945946,-15,C_400,0.0168845688730691,possible recoding or service mix change; cause unconfirmed,caveat; preserve reported codes
RC372,2025-05,2025-06,RLT,GEORGE ELIOT HOSPITAL NHS TRUST,C_120,C_140,2784,2677,-107,23,91,68,0.6355140186915887,-39,C_120,0.0168260158510504,possible recoding or service mix change; cause unconfirmed,caveat; preserve reported codes
RC373,2024-06,2024-07,RWP,WORCESTERSHIRE ACUTE HOSPITALS NHS TRUST,C_110,C_300,4986,4843,-143,51,187,136,0.951048951048951,-7,C_110,0.0168042144499792,possible recoding or service mix change; cause unconfirmed,caveat; preserve reported codes
RC374,2024-02,2024-03,RDE,EAST SUFFOLK AND NORTH ESSEX NHS FOUNDATION TRUST,C_320,X06,2998,2930,-68,127,202,75,0.9066666666666666,7,C_320,0.0167775299528255,possible recoding or service mix change; cause unconfirmed,caveat; preserve reported codes
RC375,2025-09,2025-10,RD8,MILTON KEYNES UNIVERSITY HOSPITAL NHS FOUNDATION TRUST,C_110,X06,3827,3683,-144,25,176,151,0.9536423841059604,7,C_110,0.0167656694974257,possible recoding or service mix change; cause unconfirmed,caveat; preserve reported codes
RC376,2024-01,2024-02,RDR,SUSSEX COMMUNITY NHS FOUNDATION TRUST,C_110,C_300,4774,4915,141,236,0,-236,0.597457627118644,-95,C_110,0.0167388057752441,possible recoding or service mix change; cause unconfirmed,caveat; preserve reported codes
RC377,2025-11,2025-12,RPA,MEDWAY NHS FOUNDATION TRUST,C_110,X04,2689,2548,-141,24,133,109,0.7730496453900709,-32,C_110,0.0166991174338786,possible recoding or service mix change; cause unconfirmed,caveat; preserve reported codes
RC378,2025-05,2025-06,REM,LIVERPOOL UNIVERSITY HOSPITALS NHS FOUNDATION TRUST,C_130,C_300,8005,7907,-98,20,131,111,0.8828828828828829,13,C_130,0.0165439655885515,possible recoding or service mix change; cause unconfirmed,caveat; preserve reported codes
RC379,2025-03,2025-04,RWW,WARRINGTON AND HALTON TEACHING HOSPITALS NHS FOUNDATION TRUST,C_301,C_430,2516,2452,-64,86,180,94,0.6808510638297872,30,C_301,0.0165368267379817,possible recoding or service mix change; cause unconfirmed,caveat; preserve reported codes
RC380,2024-02,2024-03,RA2,ROYAL SURREY COUNTY HOSPITAL NHS FOUNDATION TRUST,C_300,C_320,47,1,-46,2186,2253,67,0.6865671641791045,21,C_320,0.0165308015711663,possible recoding or service mix change; cause unconfirmed,caveat; preserve reported codes
RC381,2024-02,2024-03,RA2,ROYAL SURREY COUNTY HOSPITAL NHS FOUNDATION TRUST,C_320,C_430,2186,2253,67,142,18,-124,0.5403225806451613,-57,C_320,0.0165308015711663,possible recoding or service mix change; cause unconfirmed,caveat; preserve reported codes
RC382,2025-03,2025-04,RPC,QUEEN VICTORIA HOSPITAL NHS FOUNDATION TRUST,C_130,X04,2012,2109,97,112,0,-112,0.8660714285714286,-15,C_130,0.01647869067459,possible recoding or service mix change; cause unconfirmed,caveat; preserve reported codes
RC383,2026-03,2026-04,RAX,KINGSTON AND RICHMOND NHS FOUNDATION TRUST,C_400,C_430,800,834,34,33,13,-20,0.5882352941176471,14,C_400,0.0164522232276358,possible recoding or service mix change; cause unconfirmed,caveat; preserve reported codes
RC384,2025-12,2026-01,RD8,MILTON KEYNES UNIVERSITY HOSPITAL NHS FOUNDATION TRUST,C_170,C_301,5,120,115,855,792,-63,0.5478260869565217,52,C_301,0.0164487855313349,possible recoding or service mix change; cause unconfirmed,caveat; preserve reported codes
RC385,2025-12,2026-01,RD8,MILTON KEYNES UNIVERSITY HOSPITAL NHS FOUNDATION TRUST,C_301,X06,855,792,-63,42,75,33,0.5238095238095238,-30,C_301,0.0164487855313349,possible recoding or service mix change; cause unconfirmed,caveat; preserve reported codes
RC386,2024-04,2024-05,RJ8,CORNWALL PARTNERSHIP NHS FOUNDATION TRUST,C_110,X02,0,137,137,905,818,-87,0.635036496350365,50,C_110,0.0163536982635237,possible recoding or service mix change; cause unconfirmed,caveat; preserve reported codes
RC387,2024-01,2024-02,RNQ,KETTERING GENERAL HOSPITAL NHS FOUNDATION TRUST,C_400,X06,1064,1026,-38,35,55,20,0.5263157894736842,-18,C_400,0.0162559890485968,possible recoding or service mix change; cause unconfirmed,caveat; preserve reported codes
RC388,2024-12,2025-01,RCX,"THE QUEEN ELIZABETH HOSPITAL, KING'S LYNN, NHS FOUNDATION TRUST",C_120,X06,2362,2259,-103,109,286,177,0.5819209039548022,74,C_120,0.0161535433503076,possible recoding or service mix change; cause unconfirmed,caveat; preserve reported codes
RC389,2024-01,2024-02,RWJ,STOCKPORT NHS FOUNDATION TRUST,C_300,C_301,69,1,-68,3409,3472,63,0.9264705882352942,-5,C_301,0.0161352285824049,possible recoding or service mix change; cause unconfirmed,caveat; preserve reported codes
RC390,2024-01,2024-02,RWJ,STOCKPORT NHS FOUNDATION TRUST,C_100,C_300,4029,4097,68,69,1,-68,1.0,0,C_100,0.0161173341929244,possible recoding or service mix change; cause unconfirmed,caveat; preserve reported codes
RC391,2026-03,2026-04,NT318,SPIRE NORWICH HOSPITAL,C_100,C_110,71,132,61,886,842,-44,0.7213114754098361,17,C_100,0.0159766165192976,possible recoding or service mix change; cause unconfirmed,caveat; preserve reported codes
RC392,2026-03,2026-04,NTP15,PRACTICE PLUS GROUP HOSPITAL - ILFORD,C_100,C_130,746,807,61,86,14,-72,0.8472222222222222,-11,C_100,0.0159766165192976,possible recoding or service mix change; cause unconfirmed,caveat; preserve reported codes
RC393,2025-01,2025-02,NT347,SPIRE FYLDE COAST HOSPITAL,C_100,X05,447,512,65,89,24,-65,1.0,0,C_100,0.0159454420567167,possible recoding or service mix change; cause unconfirmed,caveat; preserve reported codes
RC394,2025-12,2026-01,RDU,FRIMLEY HEALTH NHS FOUNDATION TRUST,C_110,X04,12277,12144,-133,173,358,185,0.7189189189189189,52,C_110,0.0158945652537633,possible recoding or service mix change; cause unconfirmed,caveat; preserve reported codes
RC395,2024-06,2024-07,RJ7,ST GEORGE'S UNIVERSITY HOSPITALS NHS FOUNDATION TRUST,C_130,X06,189,93,-96,3041,3095,54,0.5625,-42,C_130,0.0158202033884898,possible recoding or service mix change; cause unconfirmed,caveat; preserve reported codes
RC396,2024-06,2024-07,RJ7,ST GEORGE'S UNIVERSITY HOSPITALS NHS FOUNDATION TRUST,C_130,X05,189,93,-96,6170,6324,154,0.6233766233766234,58,C_130,0.0158202033884898,possible recoding or service mix change; cause unconfirmed,caveat; preserve reported codes
RC397,2024-06,2024-07,RJ7,ST GEORGE'S UNIVERSITY HOSPITALS NHS FOUNDATION TRUST,C_130,X02,189,93,-96,9571,9729,158,0.6075949367088608,62,C_130,0.0158202033884898,possible recoding or service mix change; cause unconfirmed,caveat; preserve reported codes
RC398,2024-06,2024-07,RJ7,ST GEORGE'S UNIVERSITY HOSPITALS NHS FOUNDATION TRUST,C_130,C_502,189,93,-96,3540,3661,121,0.7933884297520661,25,C_130,0.0158202033884898,possible recoding or service mix change; cause unconfirmed,caveat; preserve reported codes
RC399,2024-06,2024-07,RJ7,ST GEORGE'S UNIVERSITY HOSPITALS NHS FOUNDATION TRUST,C_130,C_150,189,93,-96,3626,3687,61,0.6354166666666666,-35,C_130,0.0158202033884898,possible recoding or service mix change; cause unconfirmed,caveat; preserve reported codes
RC400,2024-06,2024-07,RJ7,ST GEORGE'S UNIVERSITY HOSPITALS NHS FOUNDATION TRUST,C_130,C_330,189,93,-96,5029,5155,126,0.7619047619047619,30,C_130,0.0158202033884898,possible recoding or service mix change; cause unconfirmed,caveat; preserve reported codes
RC401,2024-06,2024-07,RJ7,ST GEORGE'S UNIVERSITY HOSPITALS NHS FOUNDATION TRUST,C_130,C_301,189,93,-96,2735,2790,55,0.5729166666666666,-41,C_130,0.0158202033884898,possible recoding or service mix change; cause unconfirmed,caveat; preserve reported codes
RC402,2025-12,2026-01,RL4,THE ROYAL WOLVERHAMPTON NHS TRUST,C_130,X06,9641,9548,-93,147,223,76,0.8172043010752689,-17,C_130,0.0155874194440487,possible recoding or service mix change; cause unconfirmed,caveat; preserve reported codes
RC403,2024-01,2024-02,NT347,SPIRE FYLDE COAST HOSPITAL,C_120,X05,259,356,97,107,53,-54,0.5567010309278351,43,C_120,0.0154490579260037,possible recoding or service mix change; cause unconfirmed,caveat; preserve reported codes
RC404,2026-02,2026-03,NT316,SPIRE HARPENDEN HOSPITAL,C_100,C_120,177,119,-58,67,125,58,1.0,0,C_100,0.0154171672815812,possible recoding or service mix change; cause unconfirmed,caveat; preserve reported codes
RC405,2026-02,2026-03,NT316,SPIRE HARPENDEN HOSPITAL,C_100,X05,177,119,-58,32,86,54,0.9310344827586208,-4,C_100,0.0154171672815812,possible recoding or service mix change; cause unconfirmed,caveat; preserve reported codes
RC406,2024-05,2024-06,RJL,NORTHERN LINCOLNSHIRE AND GOOLE NHS FOUNDATION TRUST,C_100,C_300,4742,4677,-65,63,110,47,0.7230769230769231,-18,C_100,0.0153400294528565,possible recoding or service mix change; cause unconfirmed,caveat; preserve reported codes
RC407,2025-11,2025-12,RRV,UNIVERSITY COLLEGE LONDON HOSPITALS NHS FOUNDATION TRUST,C_110,C_170,3414,3543,129,93,0,-93,0.7209302325581395,36,C_110,0.0152779159501442,possible recoding or service mix change; cause unconfirmed,caveat; preserve reported codes
RC408,2025-12,2026-01,RWP,WORCESTERSHIRE ACUTE HOSPITALS NHS TRUST,C_320,C_430,2294,2236,-58,44,79,35,0.603448275862069,-23,C_320,0.0151167639699749,possible recoding or service mix change; cause unconfirmed,caveat; preserve reported codes
RC409,2024-09,2024-10,NEY,PIONEER HEALTHCARE LIMITED,C_120,C_150,358,262,-96,0,102,102,0.9411764705882352,6,C_120,0.0150553519423756,possible recoding or service mix change; cause unconfirmed,caveat; preserve reported codes
RC410,2024-09,2024-10,NEY,PIONEER HEALTHCARE LIMITED,C_120,X02,358,262,-96,71,129,58,0.6041666666666666,-38,C_120,0.0150553519423756,possible recoding or service mix change; cause unconfirmed,caveat; preserve reported codes
RC411,2025-08,2025-09,RCF,AIREDALE NHS FOUNDATION TRUST,C_400,C_430,869,836,-33,30,47,17,0.5151515151515151,-16,C_400,0.0150533023752286,possible recoding or service mix change; cause unconfirmed,caveat; preserve reported codes
RC412,2025-05,2025-06,RBN,MERSEY AND WEST LANCASHIRE TEACHING HOSPITALS NHS TRUST,C_120,X06,7726,7631,-95,230,353,123,0.7723577235772358,28,C_120,0.0149389860359793,possible recoding or service mix change; cause unconfirmed,caveat; preserve reported codes
RC413,2024-03,2024-04,NEY,PIONEER HEALTHCARE LIMITED,C_100,C_101,478,415,-63,11,55,44,0.6984126984126984,-19,C_100,0.0148501898702847,possible recoding or service mix change; cause unconfirmed,caveat; preserve reported codes
RC414,2025-12,2026-01,RRF,"WRIGHTINGTON, WIGAN AND LEIGH TEACHING HOSPITALS NHS FOUNDATION TRUST",C_120,X06,4743,4830,87,100,1,-99,0.8787878787878788,-12,C_120,0.0148041512882164,possible recoding or service mix change; cause unconfirmed,caveat; preserve reported codes
RC415,2025-11,2025-12,R1F,ISLE OF WIGHT NHS TRUST,C_130,X04,2424,2335,-89,21,73,52,0.5842696629213483,-37,C_130,0.0148039474975506,possible recoding or service mix change; cause unconfirmed,caveat; preserve reported codes
RC416,2024-05,2024-06,K8I4X,GLENDON WOOD HOSPITAL,C_130,C_301,712,622,-90,199,303,104,0.8653846153846154,14,C_130,0.0147474257549043,possible recoding or service mix change; cause unconfirmed,caveat; preserve reported codes
RC417,2025-06,2025-07,RJN,EAST CHESHIRE NHS TRUST,C_120,X06,1538,1630,92,163,10,-153,0.6013071895424836,-61,C_120,0.0146366297569046,possible recoding or service mix change; cause unconfirmed,caveat; preserve reported codes
RC418,2025-03,2025-04,NT351,SPIRE HULL AND EAST RIDING HOSPITAL,C_100,C_101,370,312,-58,89,162,73,0.7945205479452054,15,C_100,0.0146094245901804,possible recoding or service mix change; cause unconfirmed,caveat; preserve reported codes
RC419,2025-02,2025-03,RXL,BLACKPOOL TEACHING HOSPITALS NHS FOUNDATION TRUST,C_100,C_160,1159,1100,-59,46,76,30,0.5084745762711864,-29,C_100,0.014604466491413,possible recoding or service mix change; cause unconfirmed,caveat; preserve reported codes
RC420,2025-02,2025-03,NEY,PIONEER HEALTHCARE LIMITED,C_110,X02,191,68,-123,69,156,87,0.7073170731707317,-36,C_110,0.0145896050842994,possible recoding or service mix change; cause unconfirmed,caveat; preserve reported codes
RC421,2025-02,2025-03,NEY,PIONEER HEALTHCARE LIMITED,C_110,C_502,191,68,-123,869,1053,184,0.6684782608695652,61,C_110,0.0145896050842994,possible recoding or service mix change; cause unconfirmed,caveat; preserve reported codes
RC422,2026-01,2026-02,RAX,KINGSTON AND RICHMOND NHS FOUNDATION TRUST,C_120,X06,4312,4397,85,174,84,-90,0.9444444444444444,-5,C_120,0.0144958678249717,possible recoding or service mix change; cause unconfirmed,caveat; preserve reported codes
RC423,2024-10,2024-11,NVC16,RENACRES HOSPITAL,C_100,C_120,435,376,-59,48,84,36,0.6101694915254238,-23,C_100,0.0144231004287816,possible recoding or service mix change; cause unconfirmed,caveat; preserve reported codes
RC424,2024-10,2024-11,RVJ,NORTH BRISTOL NHS TRUST,C_320,C_430,1723,1664,-59,124,214,90,0.6555555555555556,31,C_320,0.0143338872530441,possible recoding or service mix change; cause unconfirmed,caveat; preserve reported codes
RC425,2025-05,2025-06,RRF,"WRIGHTINGTON, WIGAN AND LEIGH NHS FOUNDATION TRUST",C_100,C_300,1793,1737,-56,135,231,96,0.5833333333333334,40,C_100,0.0141776100093926,possible recoding or service mix change; cause unconfirmed,caveat; preserve reported codes
RC426,2025-03,2025-04,NTP11,PRACTICE PLUS GROUP HOSPITAL - SOUTHAMPTON,C_110,C_301,1277,1158,-119,170,261,91,0.7647058823529411,-28,C_110,0.014097521679382,possible recoding or service mix change; cause unconfirmed,caveat; preserve reported codes
RC427,2024-05,2024-06,NVC23,WOODLAND HOSPITAL,C_400,C_502,9,42,33,793,741,-52,0.6346153846153846,-19,C_400,0.0140931686567929,possible recoding or service mix change; cause unconfirmed,caveat; preserve reported codes
RC428,2024-07,2024-08,RAX,KINGSTON HOSPITAL NHS FOUNDATION TRUST,C_110,C_160,3279,3159,-120,222,358,136,0.8823529411764706,16,C_110,0.0140522791625778,possible recoding or service mix change; cause unconfirmed,caveat; preserve reported codes
RC429,2025-11,2025-12,NT412,DROITWICH SPA HOSPITAL,C_100,C_301,471,417,-54,100,165,65,0.8307692307692308,11,C_100,0.0140060381586728,possible recoding or service mix change; cause unconfirmed,caveat; preserve reported codes
RC430,2024-05,2024-06,NT351,SPIRE HULL AND EAST RIDING HOSPITAL,C_100,C_502,707,649,-58,29,100,71,0.8169014084507042,13,C_100,0.0136880262810104,possible recoding or service mix change; cause unconfirmed,caveat; preserve reported codes
RC431,2025-02,2025-03,NEQ,PHOENIX HEALTH SOLUTIONS LIMITED HQ,C_301,X06,333,387,54,77,6,-71,0.7605633802816901,-17,C_301,0.0136638984620523,possible recoding or service mix change; cause unconfirmed,caveat; preserve reported codes
RC432,2025-10,2025-11,NVC40,WOODTHORPE HOSPITAL,C_101,C_110,244,109,-135,2094,2209,115,0.8518518518518519,-20,C_110,0.0136028511576026,possible recoding or service mix change; cause unconfirmed,caveat; preserve reported codes
RC433,2024-04,2024-05,NT308,SPIRE GATWICK PARK HOSPITAL,C_100,C_110,36,93,57,392,302,-90,0.6333333333333333,-33,C_100,0.0134664225385387,possible recoding or service mix change; cause unconfirmed,caveat; preserve reported codes
RC434,2024-10,2024-11,RGP,JAMES PAGET UNIVERSITY HOSPITALS NHS FOUNDATION TRUST,C_130,C_300,3129,3051,-78,45,149,104,0.75,26,C_130,0.0133642882231493,possible recoding or service mix change; cause unconfirmed,caveat; preserve reported codes
RC435,2025-08,2025-09,R1K,LONDON NORTH WEST UNIVERSITY HEALTHCARE NHS TRUST,C_110,X06,7088,6974,-114,4,97,93,0.8157894736842105,-21,C_110,0.0132424944677736,possible recoding or service mix change; cause unconfirmed,caveat; preserve reported codes
RC436,2024-11,2024-12,RTD,THE NEWCASTLE UPON TYNE HOSPITALS NHS FOUNDATION TRUST,C_100,X03,887,941,54,79,0,-79,0.6835443037974683,-25,C_100,0.0132359429383793,possible recoding or service mix change; cause unconfirmed,caveat; preserve reported codes
RC437,2025-01,2025-02,NVC02,THE BERKSHIRE INDEPENDENT HOSPITAL,C_301,C_502,7,59,52,134,106,-28,0.5384615384615384,24,C_301,0.013191273465246,possible recoding or service mix change; cause unconfirmed,caveat; preserve reported codes
RC438,2025-02,2025-03,NT337,SPIRE LIVERPOOL HOSPITAL,C_110,C_160,1469,1358,-111,0,114,114,0.9736842105263158,3,C_110,0.0131662289785141,possible recoding or service mix change; cause unconfirmed,caveat; preserve reported codes
RC439,2026-03,2026-04,RNS,NORTHAMPTON GENERAL HOSPITAL NHS TRUST,C_100,C_160,2511,2461,-50,93,154,61,0.819672131147541,11,C_100,0.0130955873108997,possible recoding or service mix change; cause unconfirmed,caveat; preserve reported codes
RC440,2024-02,2024-03,RCX,"THE QUEEN ELIZABETH HOSPITAL, KING'S LYNN, NHS FOUNDATION TRUST",C_300,C_320,89,170,81,1603,1550,-53,0.654320987654321,28,C_320,0.0130766042279375,possible recoding or service mix change; cause unconfirmed,caveat; preserve reported codes
RC441,2024-10,2024-11,RTD,THE NEWCASTLE UPON TYNE HOSPITALS NHS FOUNDATION TRUST,C_100,X03,940,887,-53,37,79,42,0.7924528301886793,-11,C_100,0.0129563444529733,possible recoding or service mix change; cause unconfirmed,caveat; preserve reported codes
RC442,2024-04,2024-05,RBD,DORSET COUNTY HOSPITAL NHS FOUNDATION TRUST,C_120,C_410,3792,3877,85,148,13,-135,0.6296296296296297,-50,C_120,0.0129449246757677,possible recoding or service mix change; cause unconfirmed,caveat; preserve reported codes
RC443,2024-07,2024-08,RAX,KINGSTON HOSPITAL NHS FOUNDATION TRUST,C_120,C_160,4235,4151,-84,222,358,136,0.6176470588235294,52,C_120,0.0129026906718154,possible recoding or service mix change; cause unconfirmed,caveat; preserve reported codes
RC444,2024-11,2024-12,NT343,SPIRE THAMES VALLEY HOSPITAL,C_110,C_160,393,283,-110,0,57,57,0.5181818181818182,-53,C_110,0.0128926092531428,possible recoding or service mix change; cause unconfirmed,caveat; preserve reported codes
RC445,2024-10,2024-11,NT351,SPIRE HULL AND EAST RIDING HOSPITAL,C_101,C_320,60,107,47,334,281,-53,0.8867924528301887,-6,C_320,0.012876203803582,possible recoding or service mix change; cause unconfirmed,caveat; preserve reported codes
RC446,2025-02,2025-03,RWE,UNIVERSITY HOSPITALS OF LEICESTER NHS TRUST,C_120,C_150,7253,7171,-82,61,125,64,0.7804878048780488,-18,C_120,0.0128579649604774,possible recoding or service mix change; cause unconfirmed,caveat; preserve reported codes
RC447,2025-09,2025-10,RCB,YORK AND SCARBOROUGH TEACHING HOSPITALS NHS FOUNDATION TRUST,C_100,C_120,32,82,50,8782,8742,-40,0.8,10,C_100,0.0127716204376578,possible recoding or service mix change; cause unconfirmed,caveat; preserve reported codes
RC448,2025-09,2025-10,RCB,YORK AND SCARBOROUGH TEACHING HOSPITALS NHS FOUNDATION TRUST,C_100,C_110,32,82,50,4981,4938,-43,0.86,7,C_100,0.0127716204376578,possible recoding or service mix change; cause unconfirmed,caveat; preserve reported codes
RC449,2025-09,2025-10,RCB,YORK AND SCARBOROUGH TEACHING HOSPITALS NHS FOUNDATION TRUST,C_100,C_340,32,82,50,2373,2314,-59,0.847457627118644,-9,C_100,0.0127716204376578,possible recoding or service mix change; cause unconfirmed,caveat; preserve reported codes
RC450,2025-09,2025-10,RCB,YORK AND SCARBOROUGH TEACHING HOSPITALS NHS FOUNDATION TRUST,C_100,C_400,32,82,50,1567,1480,-87,0.5747126436781609,-37,C_100,0.0127716204376578,possible recoding or service mix change; cause unconfirmed,caveat; preserve reported codes
RC451,2025-02,2025-03,RJR,COUNTESS OF CHESTER HOSPITAL NHS FOUNDATION TRUST,C_300,C_320,54,5,-49,1508,1561,53,0.9245283018867924,4,C_320,0.0127651170296295,possible recoding or service mix change; cause unconfirmed,caveat; preserve reported codes
RC452,2025-12,2026-01,RWY,CALDERDALE AND HUDDERSFIELD NHS FOUNDATION TRUST,C_120,X06,5283,5208,-75,125,211,86,0.872093023255814,11,C_120,0.0127621993863934,possible recoding or service mix change; cause unconfirmed,caveat; preserve reported codes
RC453,2025-01,2025-02,RWJ,STOCKPORT NHS FOUNDATION TRUST,C_100,C_430,3812,3760,-52,76,115,39,0.75,-13,C_100,0.0127563536453733,possible recoding or service mix change; cause unconfirmed,caveat; preserve reported codes
RC454,2025-01,2025-02,RJR,COUNTESS OF CHESTER HOSPITAL NHS FOUNDATION TRUST,C_110,C_300,1964,2071,107,116,54,-62,0.5794392523364486,45,C_110,0.0127123678270167,possible recoding or service mix change; cause unconfirmed,caveat; preserve reported codes
RC455,2025-01,2025-02,NWF01,BENENDEN HOSPITAL,C_301,C_502,275,225,-50,21,68,47,0.94,-3,C_301,0.0126839167935058,possible recoding or service mix change; cause unconfirmed,caveat; preserve reported codes
RC456,2025-03,2025-04,RW1,HAMPSHIRE AND ISLE OF WIGHT HEALTHCARE NHS FOUNDATION TRUST,C_301,C_330,230,181,-49,0,54,54,0.9074074074074074,5,C_301,0.0126610079712672,possible recoding or service mix change; cause unconfirmed,caveat; preserve reported codes
RC457,2025-02,2025-03,RVJ,NORTH BRISTOL NHS TRUST,C_301,X06,1043,993,-50,104,168,64,0.78125,14,C_301,0.0126517578352336,possible recoding or service mix change; cause unconfirmed,caveat; preserve reported codes
RC458,2025-08,2025-09,RVV,EAST KENT HOSPITALS UNIVERSITY NHS FOUNDATION TRUST,C_110,X06,7865,7973,108,181,66,-115,0.9391304347826088,-7,C_110,0.0125455210747329,possible recoding or service mix change; cause unconfirmed,caveat; preserve reported codes
RC459,2025-08,2025-09,RN5,HAMPSHIRE HOSPITALS NHS FOUNDATION TRUST,C_120,C_300,4174,4097,-77,10,126,116,0.6637931034482759,39,C_120,0.0124690096529566,possible recoding or service mix change; cause unconfirmed,caveat; preserve reported codes
RC460,2024-09,2024-10,RW1,HAMPSHIRE AND ISLE OF WIGHT HEALTHCARE NHS FOUNDATION TRUST,C_120,X02,82,161,79,285,236,-49,0.620253164556962,30,C_120,0.0123893000359132,possible recoding or service mix change; cause unconfirmed,caveat; preserve reported codes
RC461,2024-12,2025-01,NT314,SPIRE LONDON EAST,C_110,C_502,898,793,-105,0,56,56,0.5333333333333333,-49,C_110,0.012382615750923,possible recoding or service mix change; cause unconfirmed,caveat; preserve reported codes
RC462,2025-03,2025-04,R1F,ISLE OF WIGHT NHS TRUST,C_110,X06,2385,2489,104,76,19,-57,0.5480769230769231,47,C_110,0.0123205231483675,possible recoding or service mix change; cause unconfirmed,caveat; preserve reported codes
RC463,2025-07,2025-08,RW1,HAMPSHIRE AND ISLE OF WIGHT HEALTHCARE NHS FOUNDATION TRUST,C_320,C_430,300,253,-47,20,45,25,0.5319148936170213,-22,C_320,0.0121535903516007,possible recoding or service mix change; cause unconfirmed,caveat; preserve reported codes
RC464,2025-05,2025-06,NNE,DORKING HEALTHCARE LIMITED (DHC),C_300,C_400,57,92,35,419,392,-27,0.7714285714285715,8,C_400,0.0121301974526585,possible recoding or service mix change; cause unconfirmed,caveat; preserve reported codes
RC465,2025-02,2025-03,RCB,YORK AND SCARBOROUGH TEACHING HOSPITALS NHS FOUNDATION TRUST,C_100,C_101,75,26,-49,3372,3449,77,0.6363636363636364,28,C_100,0.0121291331877837,possible recoding or service mix change; cause unconfirmed,caveat; preserve reported codes
RC466,2025-02,2025-03,RCB,YORK AND SCARBOROUGH TEACHING HOSPITALS NHS FOUNDATION TRUST,C_100,C_130,75,26,-49,4759,4808,49,1.0,0,C_100,0.0121291331877837,possible recoding or service mix change; cause unconfirmed,caveat; preserve reported codes
RC467,2025-02,2025-03,RCB,YORK AND SCARBOROUGH TEACHING HOSPITALS NHS FOUNDATION TRUST,C_100,C_301,75,26,-49,1429,1519,90,0.5444444444444444,41,C_100,0.0121291331877837,possible recoding or service mix change; cause unconfirmed,caveat; preserve reported codes
RC468,2025-02,2025-03,RCB,YORK AND SCARBOROUGH TEACHING HOSPITALS NHS FOUNDATION TRUST,C_100,C_410,75,26,-49,331,387,56,0.875,7,C_100,0.0121291331877837,possible recoding or service mix change; cause unconfirmed,caveat; preserve reported codes
RC469,2025-05,2025-06,RBN,MERSEY AND WEST LANCASHIRE TEACHING HOSPITALS NHS TRUST,C_130,X06,3497,3426,-71,230,353,123,0.5772357723577236,52,C_130,0.0119859342529302,possible recoding or service mix change; cause unconfirmed,caveat; preserve reported codes
RC470,2024-10,2024-11,RVJ,NORTH BRISTOL NHS TRUST,C_170,C_400,12,26,14,4363,4335,-28,0.5,-14,C_400,0.0119370915276492,possible recoding or service mix change; cause unconfirmed,caveat; preserve reported codes
RC471,2025-06,2025-07,RD8,MILTON KEYNES UNIVERSITY HOSPITAL NHS FOUNDATION TRUST,C_110,C_300,3559,3660,101,195,82,-113,0.8938053097345132,-12,C_110,0.0119180650726352,possible recoding or service mix change; cause unconfirmed,caveat; preserve reported codes
RC472,2024-11,2024-12,RHM,UNIVERSITY HOSPITAL SOUTHAMPTON NHS FOUNDATION TRUST,C_300,C_301,64,104,40,1352,1305,-47,0.851063829787234,-7,C_301,0.0118494763539917,possible recoding or service mix change; cause unconfirmed,caveat; preserve reported codes
RC473,2025-01,2025-02,RWJ,STOCKPORT NHS FOUNDATION TRUST,C_130,C_430,1822,1753,-69,76,115,39,0.5652173913043478,-30,C_130,0.0118476291863769,possible recoding or service mix change; cause unconfirmed,caveat; preserve reported codes
RC474,2025-06,2025-07,RVJ,NORTH BRISTOL NHS TRUST,C_320,X06,1989,1943,-46,98,159,61,0.7540983606557377,15,C_320,0.0118466324659538,possible recoding or service mix change; cause unconfirmed,caveat; preserve reported codes
RC475,2024-12,2025-01,NVC07,FULWOOD HALL HOSPITAL,C_110,C_400,2639,2739,100,113,51,-62,0.62,38,C_110,0.0117929673818315,possible recoding or service mix change; cause unconfirmed,caveat; preserve reported codes
RC476,2025-01,2025-02,NEY,PIONEER HEALTHCARE LIMITED,C_100,C_130,472,424,-48,90,136,46,0.9583333333333334,-2,C_100,0.0117750956726523,possible recoding or service mix change; cause unconfirmed,caveat; preserve reported codes
RC477,2024-11,2024-12,NT347,SPIRE FYLDE COAST HOSPITAL,C_120,X05,140,214,74,156,76,-80,0.925,-6,C_120,0.0116832205271027,possible recoding or service mix change; cause unconfirmed,caveat; preserve reported codes
RC478,2024-10,2024-11,RW1,HAMPSHIRE AND ISLE OF WIGHT HEALTHCARE NHS FOUNDATION TRUST,C_110,X05,2254,2155,-99,81,138,57,0.5757575757575758,-42,C_110,0.0115942028985507,possible recoding or service mix change; cause unconfirmed,caveat; preserve reported codes
RC479,2025-08,2025-09,RPC,QUEEN VICTORIA HOSPITAL NHS FOUNDATION TRUST,C_320,X04,232,277,45,77,15,-62,0.7258064516129032,-17,C_320,0.0115843832216942,possible recoding or service mix change; cause unconfirmed,caveat; preserve reported codes
RC480,2024-03,2024-04,NT347,SPIRE FYLDE COAST HOSPITAL,C_101,C_400,172,146,-26,0,27,27,0.9629629629629628,1,C_400,0.0115325966709237,possible recoding or service mix change; cause unconfirmed,caveat; preserve reported codes
RC481,2024-03,2024-04,NT347,SPIRE FYLDE COAST HOSPITAL,C_400,X05,0,27,27,47,21,-26,0.9629629629629628,1,C_400,0.0115325966709237,possible recoding or service mix change; cause unconfirmed,caveat; preserve reported codes
RC482,2024-03,2024-04,NT347,SPIRE FYLDE COAST HOSPITAL,C_400,C_502,0,27,27,257,226,-31,0.8709677419354839,-4,C_400,0.0115325966709237,possible recoding or service mix change; cause unconfirmed,caveat; preserve reported codes
RC483,2024-03,2024-04,NT347,SPIRE FYLDE COAST HOSPITAL,C_150,C_400,141,106,-35,0,27,27,0.7714285714285715,-8,C_400,0.0115325966709237,possible recoding or service mix change; cause unconfirmed,caveat; preserve reported codes
RC484,2024-11,2024-12,RH5,SOMERSET NHS FOUNDATION TRUST,C_100,C_300,2077,2030,-47,30,56,26,0.5531914893617021,-21,C_100,0.0115201725574783,possible recoding or service mix change; cause unconfirmed,caveat; preserve reported codes
RC485,2024-05,2024-06,RGN,NORTH WEST ANGLIA NHS FOUNDATION TRUST,C_300,C_301,34,9,-25,4302,4347,45,0.5555555555555556,20,C_301,0.0115094518175982,possible recoding or service mix change; cause unconfirmed,caveat; preserve reported codes
RC486,2026-01,2026-02,NEY,PIONEER HEALTHCARE LIMITED,C_100,C_400,94,138,44,30,7,-23,0.5227272727272727,21,C_100,0.0114286011132496,possible recoding or service mix change; cause unconfirmed,caveat; preserve reported codes
RC487,2026-01,2026-02,NEY,PIONEER HEALTHCARE LIMITED,C_100,C_120,94,138,44,45,1,-44,1.0,0,C_100,0.0114286011132496,possible recoding or service mix change; cause unconfirmed,caveat; preserve reported codes
RC488,2024-01,2024-02,RTX,UNIVERSITY HOSPITALS OF MORECAMBE BAY NHS FOUNDATION TRUST,C_100,C_300,2403,2355,-48,44,68,24,0.5,-24,C_100,0.0113769417832408,possible recoding or service mix change; cause unconfirmed,caveat; preserve reported codes
RC489,2025-11,2025-12,R1F,ISLE OF WIGHT NHS TRUST,C_110,X04,2607,2511,-96,21,73,52,0.5416666666666666,-44,C_110,0.0113696118698747,possible recoding or service mix change; cause unconfirmed,caveat; preserve reported codes
RC490,2024-12,2025-01,RKE,WHITTINGTON HEALTH NHS TRUST,C_110,C_160,2591,2495,-96,27,185,158,0.6075949367088608,62,C_110,0.0113212486865582,possible recoding or service mix change; cause unconfirmed,caveat; preserve reported codes
RC491,2025-08,2025-09,RN5,HAMPSHIRE HOSPITALS NHS FOUNDATION TRUST,C_110,C_300,6212,6115,-97,10,126,116,0.8362068965517241,19,C_110,0.0112677365208249,possible recoding or service mix change; cause unconfirmed,caveat; preserve reported codes
RC492,2024-08,2024-09,RWG,WEST HERTFORDSHIRE TEACHING HOSPITALS NHS TRUST,C_120,X03,4479,4551,72,44,3,-41,0.5694444444444444,31,C_120,0.0112505801080368,possible recoding or service mix change; cause unconfirmed,caveat; preserve reported codes
RC493,2025-05,2025-06,RW1,HAMPSHIRE AND ISLE OF WIGHT HEALTHCARE NHS FOUNDATION TRUST,C_110,C_320,2840,2745,-95,184,323,139,0.6834532374100719,44,C_110,0.0111981290873171,possible recoding or service mix change; cause unconfirmed,caveat; preserve reported codes
RC494,2025-06,2025-07,RN5,HAMPSHIRE HOSPITALS NHS FOUNDATION TRUST,C_130,C_300,2721,2786,65,48,6,-42,0.6461538461538462,23,C_130,0.0110993666530628,possible recoding or service mix change; cause unconfirmed,caveat; preserve reported codes
RC495,2026-01,2026-02,RXL,BLACKPOOL TEACHING HOSPITALS NHS FOUNDATION TRUST,C_120,C_300,4017,4082,65,72,3,-69,0.9420289855072465,-4,C_120,0.0110850753955666,possible recoding or service mix change; cause unconfirmed,caveat; preserve reported codes
RC496,2024-01,2024-02,NT351,SPIRE HULL AND EAST RIDING HOSPITAL,C_101,C_110,49,104,55,1071,978,-93,0.5913978494623656,-38,C_110,0.0110404889155865,possible recoding or service mix change; cause unconfirmed,caveat; preserve reported codes
RC497,2025-08,2025-09,RN5,HAMPSHIRE HOSPITALS NHS FOUNDATION TRUST,C_130,C_300,2814,2749,-65,10,126,116,0.5603448275862069,51,C_130,0.0110203299656335,possible recoding or service mix change; cause unconfirmed,caveat; preserve reported codes
RC498,2025-09,2025-10,RLT,GEORGE ELIOT HOSPITAL NHS TRUST,C_301,C_430,1252,1210,-42,55,90,35,0.8333333333333334,-7,C_301,0.0109818851190227,possible recoding or service mix change; cause unconfirmed,caveat; preserve reported codes
RC499,2024-02,2024-03,RGP,JAMES PAGET UNIVERSITY HOSPITALS NHS FOUNDATION TRUST,C_320,C_430,1750,1794,44,60,12,-48,0.9166666666666666,-4,C_320,0.0108560487930047,possible recoding or service mix change; cause unconfirmed,caveat; preserve reported codes
RC500,2025-09,2025-10,RQX,HOMERTON HEALTHCARE NHS FOUNDATION TRUST,C_400,X06,598,622,24,34,6,-28,0.8571428571428571,-4,C_400,0.0108305692817978,possible recoding or service mix change; cause unconfirmed,caveat; preserve reported codes
RC501,2026-01,2026-02,NEY,PIONEER HEALTHCARE LIMITED,C_400,X05,30,7,-23,23,60,37,0.6216216216216216,14,C_400,0.0107694540823254,possible recoding or service mix change; cause unconfirmed,caveat; preserve reported codes
RC502,2026-03,2026-04,NT316,SPIRE HARPENDEN HOSPITAL,C_100,X05,119,160,41,86,21,-65,0.6307692307692307,-24,C_100,0.0107383815949377,possible recoding or service mix change; cause unconfirmed,caveat; preserve reported codes
RC503,2024-10,2024-11,RWJ,STOCKPORT NHS FOUNDATION TRUST,C_300,C_301,3,49,46,3512,3470,-42,0.9130434782608696,4,C_301,0.0106922465937557,possible recoding or service mix change; cause unconfirmed,caveat; preserve reported codes
RC504,2026-02,2026-03,R0A,MANCHESTER UNIVERSITY NHS FOUNDATION TRUST,C_400,X03,215,193,-22,9,20,11,0.5,-11,C_400,0.0106802338000271,possible recoding or service mix change; cause unconfirmed,caveat; preserve reported codes
RC505,2024-04,2024-05,ADP02,KIMS HOSPITAL (NEWNHAM COURT),C_100,X02,165,120,-45,5,63,58,0.7758620689655172,13,C_100,0.0106313862146358,possible recoding or service mix change; cause unconfirmed,caveat; preserve reported codes
RC506,2025-01,2025-02,NEY,PIONEER HEALTHCARE LIMITED,C_110,C_130,280,191,-89,90,136,46,0.5168539325842697,-43,C_110,0.010573838659855,possible recoding or service mix change; cause unconfirmed,caveat; preserve reported codes
RC507,2025-01,2025-02,NEY,PIONEER HEALTHCARE LIMITED,C_110,C_120,280,191,-89,131,259,128,0.6953125,39,C_110,0.010573838659855,possible recoding or service mix change; cause unconfirmed,caveat; preserve reported codes
RC508,2025-12,2026-01,R1F,ISLE OF WIGHT NHS TRUST,C_130,X04,2335,2398,63,73,17,-56,0.8888888888888888,7,C_130,0.0105592196233878,possible recoding or service mix change; cause unconfirmed,caveat; preserve reported codes
RC509,2025-01,2025-02,RCB,YORK AND SCARBOROUGH TEACHING HOSPITALS NHS FOUNDATION TRUST,C_100,C_340,32,75,43,1216,1182,-34,0.7906976744186046,9,C_100,0.010548523206751,possible recoding or service mix change; cause unconfirmed,caveat; preserve reported codes
RC510,2025-01,2025-02,RCB,YORK AND SCARBOROUGH TEACHING HOSPITALS NHS FOUNDATION TRUST,C_100,C_160,32,75,43,222,180,-42,0.9767441860465116,1,C_100,0.010548523206751,possible recoding or service mix change; cause unconfirmed,caveat; preserve reported codes
RC511,2025-12,2026-01,NT212,"NUFFIELD HEALTH, CHICHESTER HOSPITAL",C_110,X02,562,474,-88,0,60,60,0.6818181818181818,-28,C_110,0.0105167048295576,possible recoding or service mix change; cause unconfirmed,caveat; preserve reported codes
RC512,2024-01,2024-02,RVW,NORTH TEES AND HARTLEPOOL NHS FOUNDATION TRUST,C_140,C_301,80,0,-80,1097,1138,41,0.5125,-39,C_301,0.0105007043155333,possible recoding or service mix change; cause unconfirmed,caveat; preserve reported codes
RC513,2024-09,2024-10,RPC,QUEEN VICTORIA HOSPITAL NHS FOUNDATION TRUST,C_130,C_340,2101,2039,-62,0,57,57,0.9193548387096774,-5,C_130,0.0104404875370889,possible recoding or service mix change; cause unconfirmed,caveat; preserve reported codes
RC514,2024-08,2024-09,NVC23,WOODLAND HOSPITAL,C_100,C_301,411,368,-43,4,27,23,0.5348837209302325,-20,C_100,0.0103913679148391,possible recoding or service mix change; cause unconfirmed,caveat; preserve reported codes
RC515,2026-02,2026-03,RA7,UNIVERSITY HOSPITALS BRISTOL AND WESTON NHS FOUNDATION TRUST,C_100,C_170,54,93,39,431,403,-28,0.717948717948718,11,C_100,0.0103667159307184,possible recoding or service mix change; cause unconfirmed,caveat; preserve reported codes
RC516,2026-02,2026-03,RA7,UNIVERSITY HOSPITALS BRISTOL AND WESTON NHS FOUNDATION TRUST,C_100,C_140,54,93,39,2579,2513,-66,0.5909090909090909,-27,C_100,0.0103667159307184,possible recoding or service mix change; cause unconfirmed,caveat; preserve reported codes
RC517,2026-02,2026-03,RA7,UNIVERSITY HOSPITALS BRISTOL AND WESTON NHS FOUNDATION TRUST,C_100,C_410,54,93,39,669,604,-65,0.6,-26,C_100,0.0103667159307184,possible recoding or service mix change; cause unconfirmed,caveat; preserve reported codes
RC518,2026-02,2026-03,RA7,UNIVERSITY HOSPITALS BRISTOL AND WESTON NHS FOUNDATION TRUST,C_100,C_430,54,93,39,210,170,-40,0.975,-1,C_100,0.0103667159307184,possible recoding or service mix change; cause unconfirmed,caveat; preserve reported codes
RC519,2026-02,2026-03,RA7,UNIVERSITY HOSPITALS BRISTOL AND WESTON NHS FOUNDATION TRUST,C_100,C_502,54,93,39,3523,3451,-72,0.5416666666666666,-33,C_100,0.0103667159307184,possible recoding or service mix change; cause unconfirmed,caveat; preserve reported codes
RC520,2026-02,2026-03,RA7,UNIVERSITY HOSPITALS BRISTOL AND WESTON NHS FOUNDATION TRUST,C_100,C_340,54,93,39,1297,1242,-55,0.7090909090909091,-16,C_100,0.0103667159307184,possible recoding or service mix change; cause unconfirmed,caveat; preserve reported codes
RC521,2026-02,2026-03,RA7,UNIVERSITY HOSPITALS BRISTOL AND WESTON NHS FOUNDATION TRUST,C_100,X06,54,93,39,325,296,-29,0.7435897435897436,10,C_100,0.0103667159307184,possible recoding or service mix change; cause unconfirmed,caveat; preserve reported codes
RC522,2026-03,2026-04,NTPH5,PRACTICE PLUS GROUP HOSPITAL - PLYMOUTH,C_110,C_130,1253,1338,85,101,40,-61,0.7176470588235294,24,C_110,0.0103664731185156,possible recoding or service mix change; cause unconfirmed,caveat; preserve reported codes
RC523,2025-12,2026-01,AAH,TETBURY HOSPITAL TRUST LTD,C_100,C_130,89,49,-40,70,134,64,0.625,24,C_100,0.0103608690696975,possible recoding or service mix change; cause unconfirmed,caveat; preserve reported codes
RC524,2025-01,2025-02,NWF01,BENENDEN HOSPITAL,C_130,C_502,275,215,-60,21,68,47,0.7833333333333333,-13,C_130,0.0103022862490234,possible recoding or service mix change; cause unconfirmed,caveat; preserve reported codes
RC525,2025-08,2025-09,NT337,SPIRE LIVERPOOL HOSPITAL,C_160,C_301,124,103,-21,72,111,39,0.5384615384615384,18,C_301,0.0102739996680707,possible recoding or service mix change; cause unconfirmed,caveat; preserve reported codes
RC526,2026-04,2026-05,NT316,SPIRE HARPENDEN HOSPITAL,C_100,X05,160,121,-39,21,66,45,0.8666666666666667,6,C_100,0.0102228851078776,possible recoding or service mix change; cause unconfirmed,caveat; preserve reported codes
RC527,2024-02,2024-03,RJN,EAST CHESHIRE NHS TRUST,C_100,X06,1527,1570,43,26,0,-26,0.6046511627906976,17,C_100,0.0102058011672588,possible recoding or service mix change; cause unconfirmed,caveat; preserve reported codes
RC528,2025-09,2025-10,RBT,MID CHESHIRE HOSPITALS NHS FOUNDATION TRUST,C_140,C_301,25,0,-25,1892,1931,39,0.6410256410256411,14,C_301,0.0101974647533782,possible recoding or service mix change; cause unconfirmed,caveat; preserve reported codes
RC529,2025-12,2026-01,NT315,SPIRE BUSHEY HOSPITAL,C_101,C_301,46,22,-24,1,40,39,0.6153846153846154,15,C_301,0.0101825815193978,possible recoding or service mix change; cause unconfirmed,caveat; preserve reported codes
RC530,2025-07,2025-08,R1F,ISLE OF WIGHT NHS TRUST,C_301,C_430,798,760,-38,11,33,22,0.5789473684210527,-16,C_301,0.0100643855825028,possible recoding or service mix change; cause unconfirmed,caveat; preserve reported codes
RC531,2025-03,2025-04,RTR,SOUTH TEES HOSPITALS NHS FOUNDATION TRUST,C_120,C_140,6917,6981,64,62,22,-40,0.625,24,C_120,0.0100169975927902,possible recoding or service mix change; cause unconfirmed,caveat; preserve reported codes
RC532,2025-01,2025-02,RA7,UNIVERSITY HOSPITALS BRISTOL AND WESTON NHS FOUNDATION TRUST,C_300,C_400,27,5,-22,579,602,23,0.9565217391304348,1,C_400,0.01000979218801,possible recoding or service mix change; cause unconfirmed,caveat; preserve reported codes
RC533,2024-10,2024-11,RVJ,NORTH BRISTOL NHS TRUST,C_110,C_430,5510,5425,-85,124,214,90,0.9444444444444444,5,C_110,0.0099546186502708,possible recoding or service mix change; cause unconfirmed,caveat; preserve reported codes
RC534,2024-11,2024-12,NT339,SPIRE REGENCY HOSPITAL,C_120,X05,73,136,63,178,120,-58,0.9206349206349206,5,C_120,0.0099465255838847,possible recoding or service mix change; cause unconfirmed,caveat; preserve reported codes
RC535,2025-09,2025-10,RL4,THE ROYAL WOLVERHAMPTON NHS TRUST,C_400,X06,2481,2459,-22,52,83,31,0.7096774193548387,9,C_400,0.009928021841648,possible recoding or service mix change; cause unconfirmed,caveat; preserve reported codes
RC536,2024-01,2024-02,RWE,UNIVERSITY HOSPITALS OF LEICESTER NHS TRUST,C_120,C_300,7173,7111,-62,57,96,39,0.6290322580645161,-23,C_120,0.0098746555815694,possible recoding or service mix change; cause unconfirmed,caveat; preserve reported codes
RC537,2024-12,2025-01,NT435,SHELBURNE HOSPITAL,C_301,X06,39,0,-39,1,23,22,0.5641025641025641,-17,C_301,0.0098519180926686,possible recoding or service mix change; cause unconfirmed,caveat; preserve reported codes
RC538,2024-12,2025-01,NT435,SHELBURNE HOSPITAL,C_301,C_502,39,0,-39,0,20,20,0.5128205128205128,-19,C_301,0.0098519180926686,possible recoding or service mix change; cause unconfirmed,caveat; preserve reported codes
RC539,2026-02,2026-03,RD8,MILTON KEYNES UNIVERSITY HOSPITAL NHS FOUNDATION TRUST,C_100,C_300,1823,1860,37,116,53,-63,0.5873015873015873,-26,C_100,0.0098350894727328,possible recoding or service mix change; cause unconfirmed,caveat; preserve reported codes
RC540,2024-11,2024-12,NT435,SHELBURNE HOSPITAL,C_301,C_502,0,39,39,27,0,-27,0.6923076923076923,12,C_301,0.0098325442086314,possible recoding or service mix change; cause unconfirmed,caveat; preserve reported codes
RC541,2025-05,2025-06,RLT,GEORGE ELIOT HOSPITAL NHS TRUST,C_130,C_140,1735,1677,-58,23,91,68,0.8529411764705882,10,C_130,0.0097913265728162,possible recoding or service mix change; cause unconfirmed,caveat; preserve reported codes
RC542,2024-06,2024-07,NT310,SPIRE TUNBRIDGE WELLS HOSPITAL,C_100,C_120,164,123,-41,38,68,30,0.7317073170731707,-11,C_100,0.0097669975534862,possible recoding or service mix change; cause unconfirmed,caveat; preserve reported codes
RC543,2024-06,2024-07,RCB,YORK AND SCARBOROUGH TEACHING HOSPITALS NHS FOUNDATION TRUST,C_110,C_170,3925,4008,83,50,3,-47,0.5662650602409639,36,C_110,0.0097534951003376,possible recoding or service mix change; cause unconfirmed,caveat; preserve reported codes
RC544,2026-01,2026-02,RJL,NORTHERN LINCOLNSHIRE AND GOOLE NHS FOUNDATION TRUST,C_120,C_300,5096,5153,57,145,58,-87,0.6551724137931034,-30,C_120,0.0097207584238046,possible recoding or service mix change; cause unconfirmed,caveat; preserve reported codes
RC545,2024-09,2024-10,NVC07,FULWOOD HALL HOSPITAL,C_110,C_400,2731,2648,-83,37,79,42,0.5060240963855421,-41,C_110,0.0097001145314727,possible recoding or service mix change; cause unconfirmed,caveat; preserve reported codes
RC546,2024-09,2024-10,NVC07,FULWOOD HALL HOSPITAL,C_110,X05,2731,2648,-83,26,85,59,0.7108433734939759,-24,C_110,0.0097001145314727,possible recoding or service mix change; cause unconfirmed,caveat; preserve reported codes
RC547,2024-09,2024-10,RGP,JAMES PAGET UNIVERSITY HOSPITALS NHS FOUNDATION TRUST,C_100,C_300,4097,4057,-40,20,45,25,0.625,-15,C_100,0.0096935857543063,possible recoding or service mix change; cause unconfirmed,caveat; preserve reported codes
RC548,2025-09,2025-10,RXL,BLACKPOOL TEACHING HOSPITALS NHS FOUNDATION TRUST,C_130,C_300,3728,3786,58,68,15,-53,0.913793103448276,5,C_130,0.0096893882821883,possible recoding or service mix change; cause unconfirmed,caveat; preserve reported codes
RC549,2024-03,2024-04,RWP,WORCESTERSHIRE ACUTE HOSPITALS NHS TRUST,C_110,C_300,4549,4629,80,198,76,-122,0.6557377049180327,-42,C_110,0.0096049369375859,possible recoding or service mix change; cause unconfirmed,caveat; preserve reported codes
RC550,2025-11,2025-12,RCB,YORK AND SCARBOROUGH TEACHING HOSPITALS NHS FOUNDATION TRUST,C_100,C_410,72,35,-37,564,610,46,0.8043478260869565,9,C_100,0.009596729849461,possible recoding or service mix change; cause unconfirmed,caveat; preserve reported codes
RC551,2025-11,2025-12,RCB,YORK AND SCARBOROUGH TEACHING HOSPITALS NHS FOUNDATION TRUST,C_100,C_502,72,35,-37,3503,3564,61,0.6065573770491803,24,C_100,0.009596729849461,possible recoding or service mix change; cause unconfirmed,caveat; preserve reported codes
RC552,2025-11,2025-12,RCB,YORK AND SCARBOROUGH TEACHING HOSPITALS NHS FOUNDATION TRUST,C_100,C_101,72,35,-37,3496,3557,61,0.6065573770491803,24,C_100,0.009596729849461,possible recoding or service mix change; cause unconfirmed,caveat; preserve reported codes
RC553,2025-11,2025-12,RCB,YORK AND SCARBOROUGH TEACHING HOSPITALS NHS FOUNDATION TRUST,C_100,C_301,72,35,-37,1812,1851,39,0.9487179487179488,2,C_100,0.009596729849461,possible recoding or service mix change; cause unconfirmed,caveat; preserve reported codes
RC554,2024-06,2024-07,REM,LIVERPOOL UNIVERSITY HOSPITALS NHS FOUNDATION TRUST,C_300,C_320,40,107,67,3599,3559,-40,0.5970149253731343,27,C_320,0.0095724924855933,possible recoding or service mix change; cause unconfirmed,caveat; preserve reported codes
RC555,2025-05,2025-06,RBN,MERSEY AND WEST LANCASHIRE TEACHING HOSPITALS NHS TRUST,C_110,X06,6971,6890,-81,230,353,123,0.6585365853658537,42,C_110,0.0095478784849756,possible recoding or service mix change; cause unconfirmed,caveat; preserve reported codes
RC556,2025-09,2025-10,RQX,HOMERTON HEALTHCARE NHS FOUNDATION TRUST,C_320,X06,1176,1213,37,34,6,-28,0.7567567567567568,9,C_320,0.0095477218361559,possible recoding or service mix change; cause unconfirmed,caveat; preserve reported codes
RC557,2026-04,2026-05,S3H9L,THE HAMPTONS HOSPITAL LTD,C_320,C_502,98,62,-36,1,69,68,0.5294117647058824,32,C_320,0.0095132141186667,possible recoding or service mix change; cause unconfirmed,caveat; preserve reported codes
RC558,2025-08,2025-09,REM,LIVERPOOL UNIVERSITY HOSPITALS NHS FOUNDATION TRUST,C_300,C_301,25,44,19,7155,7119,-36,0.5277777777777778,-17,C_301,0.0094836920012961,possible recoding or service mix change; cause unconfirmed,caveat; preserve reported codes
RC559,2024-03,2024-04,RCD,HARROGATE AND DISTRICT NHS FOUNDATION TRUST,C_100,C_300,2228,2268,40,32,5,-27,0.675,13,C_100,0.0094286919811331,possible recoding or service mix change; cause unconfirmed,caveat; preserve reported codes
RC560,2025-09,2025-10,RW1,HAMPSHIRE AND ISLE OF WIGHT HEALTHCARE NHS FOUNDATION TRUST,C_301,C_430,185,149,-36,12,38,26,0.7222222222222222,-10,C_301,0.0094130443877337,possible recoding or service mix change; cause unconfirmed,caveat; preserve reported codes
RC561,2025-06,2025-07,RVJ,NORTH BRISTOL NHS TRUST,C_100,X06,757,720,-37,98,159,61,0.6065573770491803,24,C_100,0.0093642437740433,possible recoding or service mix change; cause unconfirmed,caveat; preserve reported codes
RC562,2026-01,2026-02,NT420,HIGHFIELD HOSPITAL,C_301,X06,116,81,-35,15,67,52,0.6730769230769231,17,C_301,0.009238436117534,possible recoding or service mix change; cause unconfirmed,caveat; preserve reported codes
RC563,2024-11,2024-12,NT351,SPIRE HULL AND EAST RIDING HOSPITAL,C_160,C_320,127,195,68,281,243,-38,0.5588235294117647,30,C_320,0.0092020157257605,possible recoding or service mix change; cause unconfirmed,caveat; preserve reported codes
RC564,2025-09,2025-10,RBT,MID CHESHIRE HOSPITALS NHS FOUNDATION TRUST,C_100,C_140,1733,1769,36,25,0,-25,0.6944444444444444,11,C_100,0.0091955667151136,possible recoding or service mix change; cause unconfirmed,caveat; preserve reported codes
RC565,2025-02,2025-03,RVJ,NORTH BRISTOL NHS TRUST,C_100,X06,803,766,-37,104,168,64,0.578125,27,C_100,0.0091587332234285,possible recoding or service mix change; cause unconfirmed,caveat; preserve reported codes
RC566,2024-11,2024-12,RHM,UNIVERSITY HOSPITAL SOUTHAMPTON NHS FOUNDATION TRUST,C_120,C_300,1634,1576,-58,64,104,40,0.6896551724137931,-18,C_120,0.0091571187915129,possible recoding or service mix change; cause unconfirmed,caveat; preserve reported codes
RC567,2025-01,2025-02,NVC18,SPRINGFIELD HOSPITAL,C_110,X05,1616,1693,77,73,0,-73,0.948051948051948,4,C_110,0.0091481525484139,possible recoding or service mix change; cause unconfirmed,caveat; preserve reported codes
RC568,2025-08,2025-09,R0D,UNIVERSITY HOSPITALS DORSET NHS FOUNDATION TRUST,C_100,C_300,703,667,-36,2,33,31,0.8611111111111112,-5,C_100,0.0091433215655398,possible recoding or service mix change; cause unconfirmed,caveat; preserve reported codes
RC569,2025-05,2025-06,RNZ,SALISBURY NHS FOUNDATION TRUST,C_301,X03,1166,1200,34,78,27,-51,0.6666666666666666,-17,C_301,0.0090941431043659,possible recoding or service mix change; cause unconfirmed,caveat; preserve reported codes
RC570,2024-08,2024-09,RXP,COUNTY DURHAM AND DARLINGTON NHS FOUNDATION TRUST,C_120,X02,2967,2909,-58,79,128,49,0.8448275862068966,-9,C_120,0.0090629673092518,possible recoding or service mix change; cause unconfirmed,caveat; preserve reported codes
RC571,2024-05,2024-06,K8I4X,GLENDON WOOD HOSPITAL,C_110,C_301,411,335,-76,199,303,104,0.7307692307692307,28,C_110,0.0090471559193993,possible recoding or service mix change; cause unconfirmed,caveat; preserve reported codes
RC572,2024-11,2024-12,NVC23,WOODLAND HOSPITAL,C_101,C_400,439,454,15,21,0,-21,0.7142857142857143,-6,C_400,0.0089914581147909,possible recoding or service mix change; cause unconfirmed,caveat; preserve reported codes
RC573,2024-03,2024-04,RHQ,SHEFFIELD TEACHING HOSPITALS NHS FOUNDATION TRUST,C_300,C_400,7,18,11,9358,9337,-21,0.5238095238095238,-10,C_400,0.0089697974107184,possible recoding or service mix change; cause unconfirmed,caveat; preserve reported codes
RC574,2025-08,2025-09,RW1,HAMPSHIRE AND ISLE OF WIGHT HEALTHCARE NHS FOUNDATION TRUST,C_301,C_430,151,185,34,45,12,-33,0.9705882352941176,1,C_301,0.0089568202234463,possible recoding or service mix change; cause unconfirmed,caveat; preserve reported codes
RC575,2026-04,2026-05,RRV,UNIVERSITY COLLEGE LONDON HOSPITALS NHS FOUNDATION TRUST,C_100,C_330,55,89,34,2725,2693,-32,0.9411764705882352,2,C_100,0.0089122588119959,possible recoding or service mix change; cause unconfirmed,caveat; preserve reported codes
RC576,2026-04,2026-05,RRV,UNIVERSITY COLLEGE LONDON HOSPITALS NHS FOUNDATION TRUST,C_100,C_320,55,89,34,889,826,-63,0.5396825396825397,-29,C_100,0.0089122588119959,possible recoding or service mix change; cause unconfirmed,caveat; preserve reported codes
RC577,2026-04,2026-05,RRV,UNIVERSITY COLLEGE LONDON HOSPITALS NHS FOUNDATION TRUST,C_100,C_120,55,89,34,6889,6870,-19,0.5588235294117647,15,C_100,0.0089122588119959,possible recoding or service mix change; cause unconfirmed,caveat; preserve reported codes
RC578,2026-04,2026-05,RRV,UNIVERSITY COLLEGE LONDON HOSPITALS NHS FOUNDATION TRUST,C_100,C_410,55,89,34,974,945,-29,0.8529411764705882,5,C_100,0.0089122588119959,possible recoding or service mix change; cause unconfirmed,caveat; preserve reported codes
RC579,2025-12,2026-01,R0A,MANCHESTER UNIVERSITY NHS FOUNDATION TRUST,C_120,X03,10373,10425,52,37,9,-28,0.5384615384615384,24,C_120,0.0088484582412327,possible recoding or service mix change; cause unconfirmed,caveat; preserve reported codes
RC580,2025-01,2025-02,NWF01,BENENDEN HOSPITAL,C_100,C_502,211,175,-36,21,68,47,0.7659574468085106,11,C_100,0.0088313217544892,possible recoding or service mix change; cause unconfirmed,caveat; preserve reported codes
RC581,2024-10,2024-11,NT351,SPIRE HULL AND EAST RIDING HOSPITAL,C_100,C_101,470,434,-36,60,107,47,0.7659574468085106,11,C_100,0.0088005358548498,possible recoding or service mix change; cause unconfirmed,caveat; preserve reported codes
RC582,2024-09,2024-10,NEY,PIONEER HEALTHCARE LIMITED,C_110,C_120,122,197,75,358,262,-96,0.78125,-21,C_110,0.0087651637332585,possible recoding or service mix change; cause unconfirmed,caveat; preserve reported codes
RC583,2026-04,2026-05,NT215,"NUFFIELD HEALTH, EXETER HOSPITAL",C_100,C_320,148,181,33,27,10,-17,0.5151515151515151,16,C_100,0.0086501335528195,possible recoding or service mix change; cause unconfirmed,caveat; preserve reported codes
RC584,2025-08,2025-09,RR8,LEEDS TEACHING HOSPITALS NHS TRUST,C_130,C_300,5074,5023,-51,50,85,35,0.6862745098039216,-16,C_130,0.0086467204345739,possible recoding or service mix change; cause unconfirmed,caveat; preserve reported codes
RC585,2026-03,2026-04,RRV,UNIVERSITY COLLEGE LONDON HOSPITALS NHS FOUNDATION TRUST,C_100,C_301,22,55,33,3550,3503,-47,0.7021276595744681,-14,C_100,0.0086430876251938,possible recoding or service mix change; cause unconfirmed,caveat; preserve reported codes
RC586,2026-03,2026-04,RRV,UNIVERSITY COLLEGE LONDON HOSPITALS NHS FOUNDATION TRUST,C_100,C_410,22,55,33,995,974,-21,0.6363636363636364,12,C_100,0.0086430876251938,possible recoding or service mix change; cause unconfirmed,caveat; preserve reported codes
RC587,2024-06,2024-07,REM,LIVERPOOL UNIVERSITY HOSPITALS NHS FOUNDATION TRUST,C_100,C_300,3221,3185,-36,40,107,67,0.5373134328358209,31,C_100,0.0085759002908659,possible recoding or service mix change; cause unconfirmed,caveat; preserve reported codes
RC588,2025-12,2026-01,RD8,MILTON KEYNES UNIVERSITY HOSPITAL NHS FOUNDATION TRUST,C_120,X06,4050,4000,-50,42,75,33,0.66,-17,C_120,0.0085081329242623,possible recoding or service mix change; cause unconfirmed,caveat; preserve reported codes
RC589,2024-03,2024-04,RCD,HARROGATE AND DISTRICT NHS FOUNDATION TRUST,C_130,C_300,1815,1867,52,32,5,-27,0.5192307692307693,25,C_130,0.0084799107652467,possible recoding or service mix change; cause unconfirmed,caveat; preserve reported codes
RC590,2024-03,2024-04,RCD,HARROGATE AND DISTRICT NHS FOUNDATION TRUST,C_130,X06,1815,1867,52,94,11,-83,0.6265060240963856,-31,C_130,0.0084799107652467,possible recoding or service mix change; cause unconfirmed,caveat; preserve reported codes
RC591,2024-07,2024-08,RXF,MID YORKSHIRE TEACHING NHS TRUST,C_300,C_301,39,63,24,2840,2807,-33,0.7272727272727273,-9,C_301,0.0084463350584332,possible recoding or service mix change; cause unconfirmed,caveat; preserve reported codes
RC592,2024-09,2024-10,R1K,LONDON NORTH WEST UNIVERSITY HEALTHCARE NHS TRUST,C_130,X06,2495,2445,-50,69,167,98,0.5102040816326531,48,C_130,0.0084197480137814,possible recoding or service mix change; cause unconfirmed,caveat; preserve reported codes
RC593,2024-12,2025-01,NTPAD,PRACTICE PLUS GROUP SURGICAL CENTRE - ST MARYS PORTSMOUTH,C_100,C_320,288,254,-34,13,33,20,0.5882352941176471,-14,C_100,0.0083554301694923,possible recoding or service mix change; cause unconfirmed,caveat; preserve reported codes
RC594,2025-05,2025-06,RXL,BLACKPOOL TEACHING HOSPITALS NHS FOUNDATION TRUST,C_100,C_300,1190,1157,-33,0,28,28,0.8484848484848485,-5,C_100,0.0083546630412492,possible recoding or service mix change; cause unconfirmed,caveat; preserve reported codes
RC595,2024-11,2024-12,NT351,SPIRE HULL AND EAST RIDING HOSPITAL,C_100,C_160,434,400,-34,127,195,68,0.5,34,C_100,0.0083337418500906,possible recoding or service mix change; cause unconfirmed,caveat; preserve reported codes
RC596,2024-03,2024-04,RFR,THE ROTHERHAM NHS FOUNDATION TRUST,C_130,C_430,2229,2178,-51,77,132,55,0.9272727272727272,4,C_130,0.0083168355582227,possible recoding or service mix change; cause unconfirmed,caveat; preserve reported codes
RC597,2025-11,2025-12,M2Y6D,PRACTICE PLUS GROUP HOSPITAL BIRMINGHAM,C_100,C_101,83,51,-32,0,24,24,0.75,-8,C_100,0.0082998744643987,possible recoding or service mix change; cause unconfirmed,caveat; preserve reported codes
RC598,2024-02,2024-03,RA2,ROYAL SURREY COUNTY HOSPITAL NHS FOUNDATION TRUST,C_120,C_170,3998,4051,53,35,7,-28,0.5283018867924528,25,C_120,0.0082894747131919,possible recoding or service mix change; cause unconfirmed,caveat; preserve reported codes
RC599,2024-02,2024-03,RA2,ROYAL SURREY COUNTY HOSPITAL NHS FOUNDATION TRUST,C_120,C_300,3998,4051,53,47,1,-46,0.8679245283018868,7,C_120,0.0082894747131919,possible recoding or service mix change; cause unconfirmed,caveat; preserve reported codes
RC600,2024-04,2024-05,NT347,SPIRE FYLDE COAST HOSPITAL,C_100,C_400,356,321,-35,27,57,30,0.8571428571428571,-5,C_100,0.0082688559447167,possible recoding or service mix change; cause unconfirmed,caveat; preserve reported codes
RC601,2024-04,2024-05,NT347,SPIRE FYLDE COAST HOSPITAL,C_100,X05,356,321,-35,21,47,26,0.7428571428571429,-9,C_100,0.0082688559447167,possible recoding or service mix change; cause unconfirmed,caveat; preserve reported codes
RC602,2024-01,2024-02,RWE,UNIVERSITY HOSPITALS OF LEICESTER NHS TRUST,C_300,C_320,57,96,39,8159,8126,-33,0.8461538461538461,6,C_320,0.0082687286704385,possible recoding or service mix change; cause unconfirmed,caveat; preserve reported codes
RC603,2024-09,2024-10,RNZ,SALISBURY NHS FOUNDATION TRUST,C_100,X03,1109,1075,-34,40,79,39,0.8717948717948718,5,C_100,0.0082395478911604,possible recoding or service mix change; cause unconfirmed,caveat; preserve reported codes
RC604,2024-08,2024-09,F9Z4V,CIRCLE READING HOSPITAL,C_100,X06,121,155,34,32,11,-21,0.6176470588235294,13,C_100,0.0082164304442913,possible recoding or service mix change; cause unconfirmed,caveat; preserve reported codes
RC605,2025-12,2026-01,RWJ,STOCKPORT NHS FOUNDATION TRUST,C_120,C_300,3909,3957,48,60,0,-60,0.8,-12,C_120,0.0081678076072918,possible recoding or service mix change; cause unconfirmed,caveat; preserve reported codes
RC606,2024-10,2024-11,NTPAD,PRACTICE PLUS GROUP SURGICAL CENTRE - ST MARYS PORTSMOUTH,C_301,C_320,407,439,32,51,24,-27,0.84375,5,C_301,0.0081464735952424,possible recoding or service mix change; cause unconfirmed,caveat; preserve reported codes
RC607,2024-08,2024-09,NT422,LONDON INDEPENDENT HOSPITAL,C_110,X06,1766,1697,-69,147,255,108,0.6388888888888888,39,C_110,0.0080996658007458,possible recoding or service mix change; cause unconfirmed,caveat; preserve reported codes
RC608,2026-01,2026-02,RAX,KINGSTON AND RICHMOND NHS FOUNDATION TRUST,C_110,X06,3285,3352,67,174,84,-90,0.7444444444444445,-23,C_110,0.008077369140592,possible recoding or service mix change; cause unconfirmed,caveat; preserve reported codes
RC609,2025-03,2025-04,NVC02,THE BERKSHIRE INDEPENDENT HOSPITAL,C_100,C_130,138,106,-32,21,79,58,0.5517241379310345,26,C_100,0.0080603721876857,possible recoding or service mix change; cause unconfirmed,caveat; preserve reported codes
RC610,2025-11,2025-12,NT322,SPIRE LEICESTER HOSPITAL,C_100,C_110,36,67,31,1161,1110,-51,0.6078431372549019,-20,C_100,0.0080405033873862,possible recoding or service mix change; cause unconfirmed,caveat; preserve reported codes
RC611,2024-04,2024-05,NT239,"NUFFIELD HEALTH, TUNBRIDGE WELLS HOSPITAL",C_100,X05,100,66,-34,0,39,39,0.8717948717948718,5,C_100,0.0080326029177248,possible recoding or service mix change; cause unconfirmed,caveat; preserve reported codes
RC612,2024-05,2024-06,RBD,DORSET COUNTY HOSPITAL NHS FOUNDATION TRUST,C_100,C_430,1333,1299,-34,39,59,20,0.5882352941176471,-14,C_100,0.0080240154061095,possible recoding or service mix change; cause unconfirmed,caveat; preserve reported codes
RC613,2024-12,2025-01,NT343,SPIRE THAMES VALLEY HOSPITAL,C_110,C_160,283,351,68,57,0,-57,0.8382352941176471,11,C_110,0.0080192178196454,possible recoding or service mix change; cause unconfirmed,caveat; preserve reported codes
RC614,2025-12,2026-01,RWY,CALDERDALE AND HUDDERSFIELD NHS FOUNDATION TRUST,C_110,X06,2984,2917,-67,125,211,86,0.7790697674418605,19,C_110,0.008007036631595,possible recoding or service mix change; cause unconfirmed,caveat; preserve reported codes
RC615,2025-01,2025-02,NEY,PIONEER HEALTHCARE LIMITED,C_130,C_150,90,136,46,139,82,-57,0.8070175438596491,-11,C_130,0.0078984194575846,possible recoding or service mix change; cause unconfirmed,caveat; preserve reported codes
RC616,2025-01,2025-02,NEY,PIONEER HEALTHCARE LIMITED,C_130,X02,90,136,46,107,69,-38,0.8260869565217391,8,C_130,0.0078984194575846,possible recoding or service mix change; cause unconfirmed,caveat; preserve reported codes
RC617,2024-06,2024-07,RGP,JAMES PAGET UNIVERSITY HOSPITALS NHS FOUNDATION TRUST,C_320,C_430,1894,1861,-33,10,40,30,0.9090909090909092,-3,C_320,0.0078973063006145,possible recoding or service mix change; cause unconfirmed,caveat; preserve reported codes
RC618,2026-04,2026-05,NT350,SPIRE METHLEY PARK HOSPITAL,C_100,C_301,215,185,-30,0,20,20,0.6666666666666666,-10,C_100,0.0078637577752905,possible recoding or service mix change; cause unconfirmed,caveat; preserve reported codes
RC619,2025-12,2026-01,NEY,PIONEER HEALTHCARE LIMITED,C_400,X06,47,30,-17,19,36,17,1.0,0,C_400,0.0078549876861516,possible recoding or service mix change; cause unconfirmed,caveat; preserve reported codes
RC620,2026-01,2026-02,RTH,OXFORD UNIVERSITY HOSPITALS NHS FOUNDATION TRUST,C_130,X03,5007,4960,-47,1,31,30,0.6382978723404256,-17,C_130,0.0078257163027986,possible recoding or service mix change; cause unconfirmed,caveat; preserve reported codes
RC621,2025-03,2025-04,DX1,THE NEW FOSCOTE HOSPITAL LTD,C_100,X05,228,197,-31,10,60,50,0.62,19,C_100,0.0078084855568205,possible recoding or service mix change; cause unconfirmed,caveat; preserve reported codes
RC622,2025-11,2025-12,NEY,PIONEER HEALTHCARE LIMITED,C_120,X05,10,56,46,94,62,-32,0.6956521739130435,14,C_120,0.0078018731279744,possible recoding or service mix change; cause unconfirmed,caveat; preserve reported codes
RC623,2024-03,2024-04,RFR,THE ROTHERHAM NHS FOUNDATION TRUST,C_100,C_430,1653,1620,-33,77,132,55,0.6,22,C_100,0.0077786708844348,possible recoding or service mix change; cause unconfirmed,caveat; preserve reported codes
RC624,2024-08,2024-09,NVC17,ROWLEY HALL HOSPITAL,C_110,C_301,1911,1845,-66,38,80,42,0.6363636363636364,-24,C_110,0.0077475064181047,possible recoding or service mix change; cause unconfirmed,caveat; preserve reported codes
RC625,2024-08,2024-09,NVC18,SPRINGFIELD HOSPITAL,C_100,X05,592,560,-32,3,29,26,0.8125,-6,C_100,0.0077331110063918,possible recoding or service mix change; cause unconfirmed,caveat; preserve reported codes
RC626,2026-04,2026-05,RQM,CHELSEA AND WESTMINSTER HOSPITAL NHS FOUNDATION TRUST,C_110,C_300,5760,5824,64,57,22,-35,0.546875,29,C_110,0.0077298420213536,possible recoding or service mix change; cause unconfirmed,caveat; preserve reported codes
RC627,2025-08,2025-09,RW1,HAMPSHIRE AND ISLE OF WIGHT HEALTHCARE NHS FOUNDATION TRUST,C_320,C_430,253,283,30,45,12,-33,0.9090909090909092,-3,C_320,0.0077229221477961,possible recoding or service mix change; cause unconfirmed,caveat; preserve reported codes
RC628,2026-01,2026-02,NVC04,DUCHY HOSPITAL,C_110,C_320,1317,1253,-64,93,141,48,0.75,-16,C_110,0.0077156958954908,possible recoding or service mix change; cause unconfirmed,caveat; preserve reported codes
RC629,2025-03,2025-04,NTP11,PRACTICE PLUS GROUP HOSPITAL - SOUTHAMPTON,C_120,C_301,796,747,-49,170,261,91,0.5384615384615384,42,C_120,0.00766926378198,possible recoding or service mix change; cause unconfirmed,caveat; preserve reported codes
RC630,2024-01,2024-02,NNE,DORKING HEALTHCARE LIMITED (DHC),C_110,X06,566,502,-64,0,71,71,0.9014084507042254,7,C_110,0.0075977558128767,possible recoding or service mix change; cause unconfirmed,caveat; preserve reported codes
RC631,2025-06,2025-07,RNZ,SALISBURY NHS FOUNDATION TRUST,C_100,X03,1105,1075,-30,27,64,37,0.8108108108108109,7,C_100,0.0075926300870621,possible recoding or service mix change; cause unconfirmed,caveat; preserve reported codes
RC632,2024-10,2024-11,NTPAD,PRACTICE PLUS GROUP SURGICAL CENTRE - ST MARYS PORTSMOUTH,C_120,C_320,42,90,48,51,24,-27,0.5625,21,C_120,0.0075797053389549,possible recoding or service mix change; cause unconfirmed,caveat; preserve reported codes
RC633,2025-12,2026-01,RD8,MILTON KEYNES UNIVERSITY HOSPITAL NHS FOUNDATION TRUST,C_320,X06,2060,2031,-29,42,75,33,0.8787878787878788,4,C_320,0.0075583819849874,possible recoding or service mix change; cause unconfirmed,caveat; preserve reported codes
RC634,2025-03,2025-04,RMP,TAMESIDE AND GLOSSOP INTEGRATED CARE NHS FOUNDATION TRUST,C_100,C_130,1256,1226,-30,36,55,19,0.6333333333333333,-11,C_100,0.0075565989259554,possible recoding or service mix change; cause unconfirmed,caveat; preserve reported codes
RC635,2024-07,2024-08,NTP15,PRACTICE PLUS GROUP HOSPITAL - ILFORD,C_120,C_301,94,143,49,265,192,-73,0.6712328767123288,-24,C_120,0.007526569558559,possible recoding or service mix change; cause unconfirmed,caveat; preserve reported codes
RC636,2024-07,2024-08,NTP15,PRACTICE PLUS GROUP HOSPITAL - ILFORD,C_120,C_502,94,143,49,898,845,-53,0.9245283018867924,-4,C_120,0.007526569558559,possible recoding or service mix change; cause unconfirmed,caveat; preserve reported codes
RC637,2025-06,2025-07,RWW,WARRINGTON AND HALTON TEACHING HOSPITALS NHS FOUNDATION TRUST,C_130,C_430,2044,2000,-44,104,174,70,0.6285714285714286,26,C_130,0.0075134174266886,possible recoding or service mix change; cause unconfirmed,caveat; preserve reported codes
RC638,2026-01,2026-02,NEY,PIONEER HEALTHCARE LIMITED,C_120,X05,45,1,-44,23,60,37,0.8409090909090909,-7,C_120,0.0075037433446912,possible recoding or service mix change; cause unconfirmed,caveat; preserve reported codes
RC639,2024-10,2024-11,RTD,THE NEWCASTLE UPON TYNE HOSPITALS NHS FOUNDATION TRUST,C_110,X03,8145,8081,-64,37,79,42,0.65625,-22,C_110,0.0074952422778509,possible recoding or service mix change; cause unconfirmed,caveat; preserve reported codes
RC640,2026-01,2026-02,RXL,BLACKPOOL TEACHING HOSPITALS NHS FOUNDATION TRUST,C_130,C_300,3526,3571,45,72,3,-69,0.6521739130434783,-24,C_130,0.0074927070984242,possible recoding or service mix change; cause unconfirmed,caveat; preserve reported codes
RC641,2025-06,2025-07,RNQ,KETTERING GENERAL HOSPITAL NHS FOUNDATION TRUST,C_120,C_160,2630,2583,-47,63,97,34,0.723404255319149,-13,C_120,0.0074774086801578,possible recoding or service mix change; cause unconfirmed,caveat; preserve reported codes
RC642,2024-06,2024-07,RGP,JAMES PAGET UNIVERSITY HOSPITALS NHS FOUNDATION TRUST,C_100,C_430,4292,4261,-31,10,40,30,0.967741935483871,-1,C_100,0.0073848030282456,possible recoding or service mix change; cause unconfirmed,caveat; preserve reported codes
RC643,2024-06,2024-07,G3Q3Z,NUFFIELD HEALTH HIGHGATE HOSPITAL,C_100,C_160,128,159,31,39,17,-22,0.7096774193548387,9,C_100,0.0073848030282456,possible recoding or service mix change; cause unconfirmed,caveat; preserve reported codes
RC644,2025-08,2025-09,AY1,MEDEFER,C_301,X02,158,130,-28,10,44,34,0.8235294117647058,6,C_301,0.0073762048898969,possible recoding or service mix change; cause unconfirmed,caveat; preserve reported codes
RC645,2025-10,2025-11,NTPH3,PRACTICE PLUS GROUP SURGICAL CENTRE - DEVIZES,C_130,C_301,364,320,-44,93,171,78,0.5641025641025641,34,C_130,0.0073593363216699,possible recoding or service mix change; cause unconfirmed,caveat; preserve reported codes
RC646,2024-03,2024-04,RJZ,KING'S COLLEGE HOSPITAL NHS FOUNDATION TRUST,C_320,X03,5202,5232,30,28,7,-21,0.7,9,C_320,0.0073144150052785,possible recoding or service mix change; cause unconfirmed,caveat; preserve reported codes
RC647,2024-06,2024-07,RGP,JAMES PAGET UNIVERSITY HOSPITALS NHS FOUNDATION TRUST,C_130,C_430,2897,2853,-44,10,40,30,0.6818181818181818,-14,C_130,0.0072509265530578,possible recoding or service mix change; cause unconfirmed,caveat; preserve reported codes
RC648,2024-10,2024-11,RMC,BOLTON NHS FOUNDATION TRUST,C_140,C_400,3367,3355,-12,24,41,17,0.7058823529411765,5,C_400,0.0072475198560727,possible recoding or service mix change; cause unconfirmed,caveat; preserve reported codes
RC649,2024-10,2024-11,RMC,BOLTON NHS FOUNDATION TRUST,C_400,C_410,24,41,17,972,950,-22,0.7727272727272727,-5,C_400,0.0072475198560727,possible recoding or service mix change; cause unconfirmed,caveat; preserve reported codes
RC650,2024-10,2024-11,RMC,BOLTON NHS FOUNDATION TRUST,C_400,C_430,24,41,17,252,239,-13,0.7647058823529411,4,C_400,0.0072475198560727,possible recoding or service mix change; cause unconfirmed,caveat; preserve reported codes
RC651,2024-10,2024-11,RMC,BOLTON NHS FOUNDATION TRUST,C_400,X05,24,41,17,738,727,-11,0.6470588235294118,6,C_400,0.0072475198560727,possible recoding or service mix change; cause unconfirmed,caveat; preserve reported codes
RC652,2025-10,2025-11,RCD,HARROGATE AND DISTRICT NHS FOUNDATION TRUST,C_130,C_430,1818,1775,-43,45,70,25,0.5813953488372093,-18,C_130,0.0071920786779955,possible recoding or service mix change; cause unconfirmed,caveat; preserve reported codes
RC653,2026-02,2026-03,RJR,COUNTESS OF CHESTER HOSPITAL NHS FOUNDATION TRUST,C_100,C_300,876,849,-27,41,62,21,0.7777777777777778,-6,C_100,0.007176957182805,possible recoding or service mix change; cause unconfirmed,caveat; preserve reported codes
RC654,2025-09,2025-10,RMC,BOLTON NHS FOUNDATION TRUST,C_100,C_300,3227,3255,28,27,13,-14,0.5,14,C_100,0.0071521074450884,possible recoding or service mix change; cause unconfirmed,caveat; preserve reported codes
RC655,2024-12,2025-01,RP5,DONCASTER AND BASSETLAW TEACHING HOSPITALS NHS FOUNDATION TRUST,C_100,C_300,2955,2926,-29,46,71,25,0.8620689655172413,-4,C_100,0.0071266904386846,possible recoding or service mix change; cause unconfirmed,caveat; preserve reported codes
RC656,2025-04,2025-05,G3Z1Q,SULIS HOSPITAL BATH (FOXCOTE AVENUE),C_100,C_301,204,176,-28,40,61,21,0.75,-7,C_100,0.007102488915044,possible recoding or service mix change; cause unconfirmed,caveat; preserve reported codes
RC657,2024-09,2024-10,NVC04,DUCHY HOSPITAL,C_320,X06,116,145,29,17,2,-15,0.5172413793103449,14,C_320,0.0070385445260753,possible recoding or service mix change; cause unconfirmed,caveat; preserve reported codes
RC658,2025-11,2025-12,R1F,ISLE OF WIGHT NHS TRUST,C_100,X04,779,752,-27,21,73,52,0.5192307692307693,25,C_100,0.0070030190793364,possible recoding or service mix change; cause unconfirmed,caveat; preserve reported codes
RC659,2026-01,2026-02,NTX,THE ONE HEALTH GROUP PLC,C_101,C_110,147,225,78,1715,1657,-58,0.7435897435897436,20,C_110,0.0069923494052886,possible recoding or service mix change; cause unconfirmed,caveat; preserve reported codes
RC660,2025-06,2025-07,RJ8,CORNWALL PARTNERSHIP NHS FOUNDATION TRUST,C_110,X02,99,40,-59,350,389,39,0.6610169491525424,-20,C_110,0.0069620380127275,possible recoding or service mix change; cause unconfirmed,caveat; preserve reported codes
RC661,2025-01,2025-02,NT351,SPIRE HULL AND EAST RIDING HOSPITAL,C_120,C_502,190,146,-44,58,130,72,0.6111111111111112,28,C_120,0.0069391437096662,possible recoding or service mix change; cause unconfirmed,caveat; preserve reported codes
RC662,2025-01,2025-02,NVC18,SPRINGFIELD HOSPITAL,C_120,X05,899,943,44,73,0,-73,0.6027397260273972,-29,C_120,0.0069391437096662,possible recoding or service mix change; cause unconfirmed,caveat; preserve reported codes
RC663,2025-02,2025-03,AAH,TETBURY HOSPITAL TRUST LTD,C_100,C_502,66,38,-28,22,40,18,0.6428571428571429,-10,C_100,0.0069309332501621,possible recoding or service mix change; cause unconfirmed,caveat; preserve reported codes
RC664,2026-02,2026-03,NT436,SHIRLEY OAKS HOSPITAL,C_100,C_101,39,65,26,129,109,-20,0.7692307692307693,6,C_100,0.0069111439538122,possible recoding or service mix change; cause unconfirmed,caveat; preserve reported codes
RC665,2024-02,2024-03,RNQ,KETTERING GENERAL HOSPITAL NHS FOUNDATION TRUST,C_100,X06,1445,1416,-29,55,86,31,0.935483870967742,2,C_100,0.0068829821825699,possible recoding or service mix change; cause unconfirmed,caveat; preserve reported codes
RC666,2025-04,2025-05,NEY,PIONEER HEALTHCARE LIMITED,C_100,C_110,525,498,-27,100,154,54,0.5,27,C_100,0.0068488285966496,possible recoding or service mix change; cause unconfirmed,caveat; preserve reported codes
RC667,2024-12,2025-01,NTPAD,PRACTICE PLUS GROUP SURGICAL CENTRE - ST MARYS PORTSMOUTH,C_301,C_320,320,293,-27,13,33,20,0.7407407407407407,-7,C_301,0.0068205586795398,possible recoding or service mix change; cause unconfirmed,caveat; preserve reported codes
RC668,2026-04,2026-05,DXN,MODALITY LLP,C_100,C_410,62,36,-26,19,52,33,0.7878787878787878,7,C_100,0.0068152567385851,possible recoding or service mix change; cause unconfirmed,caveat; preserve reported codes
RC669,2024-09,2024-10,NVC18,SPRINGFIELD HOSPITAL,C_100,X05,560,532,-28,29,56,27,0.9642857142857144,-1,C_100,0.0067855100280144,possible recoding or service mix change; cause unconfirmed,caveat; preserve reported codes
RC670,2026-01,2026-02,NN5,MANCHESTER SURGICAL SERVICES LTD,C_100,C_410,132,158,26,68,32,-36,0.7222222222222222,-10,C_100,0.0067532642941929,possible recoding or service mix change; cause unconfirmed,caveat; preserve reported codes
RC671,2026-01,2026-02,RCB,YORK AND SCARBOROUGH TEACHING HOSPITALS NHS FOUNDATION TRUST,C_100,C_430,41,67,26,219,206,-13,0.5,13,C_100,0.0067532642941929,possible recoding or service mix change; cause unconfirmed,caveat; preserve reported codes
RC672,2026-01,2026-02,RCB,YORK AND SCARBOROUGH TEACHING HOSPITALS NHS FOUNDATION TRUST,C_100,C_340,41,67,26,2156,2104,-52,0.5,-26,C_100,0.0067532642941929,possible recoding or service mix change; cause unconfirmed,caveat; preserve reported codes
RC673,2025-03,2025-04,K8I4X,GLENDON WOOD HOSPITAL,C_110,C_120,406,349,-57,9,41,32,0.5614035087719298,-25,C_110,0.0067525944178552,possible recoding or service mix change; cause unconfirmed,caveat; preserve reported codes
RC674,2024-03,2024-04,NRP,BEACON MEDICAL SERVICES GROUP LIMITED,C_120,C_301,449,405,-44,51,87,36,0.8181818181818182,-8,C_120,0.0067459417027983,possible recoding or service mix change; cause unconfirmed,caveat; preserve reported codes
RC675,2024-12,2025-01,NTPAD,PRACTICE PLUS GROUP SURGICAL CENTRE - ST MARYS PORTSMOUTH,C_130,C_320,541,502,-39,13,33,20,0.5128205128205128,-19,C_130,0.0067253902450801,possible recoding or service mix change; cause unconfirmed,caveat; preserve reported codes
RC676,2024-02,2024-03,RKE,WHITTINGTON HEALTH NHS TRUST,C_160,C_320,31,68,37,1122,1095,-27,0.7297297297297297,10,C_320,0.0066616663047983,possible recoding or service mix change; cause unconfirmed,caveat; preserve reported codes
RC677,2025-09,2025-10,NT450,LINCOLN PRIVATE HOSPITAL,C_100,C_110,49,75,26,941,899,-42,0.6190476190476191,-16,C_100,0.0066412426275821,possible recoding or service mix change; cause unconfirmed,caveat; preserve reported codes
RC678,2025-09,2025-10,NN5,MANCHESTER SURGICAL SERVICES LTD,C_100,C_301,152,126,-26,27,42,15,0.5769230769230769,-11,C_100,0.0066412426275821,possible recoding or service mix change; cause unconfirmed,caveat; preserve reported codes
RC679,2025-03,2025-04,RW1,HAMPSHIRE AND ISLE OF WIGHT HEALTHCARE NHS FOUNDATION TRUST,C_320,C_330,291,264,-27,0,54,54,0.5,27,C_320,0.0066011441983277,possible recoding or service mix change; cause unconfirmed,caveat; preserve reported codes
RC680,2025-03,2025-04,RH5,SOMERSET NHS FOUNDATION TRUST,C_300,C_320,69,23,-46,3931,3958,27,0.5869565217391305,-19,C_320,0.0066011441983277,possible recoding or service mix change; cause unconfirmed,caveat; preserve reported codes
RC681,2025-05,2025-06,NVC02,THE BERKSHIRE INDEPENDENT HOSPITAL,C_110,C_301,675,731,56,57,25,-32,0.5714285714285714,24,C_110,0.0066010024093658,possible recoding or service mix change; cause unconfirmed,caveat; preserve reported codes
RC682,2024-10,2024-11,NTPAD,PRACTICE PLUS GROUP SURGICAL CENTRE - ST MARYS PORTSMOUTH,C_101,C_320,140,165,25,51,24,-27,0.925925925925926,-2,C_320,0.0065595755225795,possible recoding or service mix change; cause unconfirmed,caveat; preserve reported codes
RC683,2024-01,2024-02,RWH,EAST AND NORTH HERTFORDSHIRE NHS TRUST,C_300,C_320,64,103,39,3296,3270,-26,0.6666666666666666,13,C_320,0.0065147559221637,possible recoding or service mix change; cause unconfirmed,caveat; preserve reported codes
RC684,2026-04,2026-05,NT314,SPIRE LONDON EAST,C_150,C_301,423,394,-29,0,24,24,0.8275862068965517,-5,C_301,0.006485662632044,possible recoding or service mix change; cause unconfirmed,caveat; preserve reported codes
RC685,2025-11,2025-12,R0F4N,NUFFIELD HEALTH PARKSIDE HOSPITAL,C_100,C_101,25,0,-25,310,336,26,0.9615384615384616,1,C_100,0.0064842769253115,possible recoding or service mix change; cause unconfirmed,caveat; preserve reported codes
RC686,2024-06,2024-07,RAN,ROYAL NATIONAL ORTHOPAEDIC HOSPITAL NHS TRUST,C_301,X06,18,43,25,54,10,-44,0.5681818181818182,-19,C_301,0.006416475455698,possible recoding or service mix change; cause unconfirmed,caveat; preserve reported codes
RC687,2025-05,2025-06,RPC,QUEEN VICTORIA HOSPITAL NHS FOUNDATION TRUST,C_130,X02,2144,2106,-38,18,43,25,0.6578947368421053,-13,C_130,0.0064150070649485,possible recoding or service mix change; cause unconfirmed,caveat; preserve reported codes
RC688,2024-07,2024-08,RWF,MAIDSTONE AND TUNBRIDGE WELLS NHS TRUST,C_130,C_300,6278,6239,-39,21,45,24,0.6153846153846154,-15,C_130,0.0064122378381222,possible recoding or service mix change; cause unconfirmed,caveat; preserve reported codes
RC689,2024-03,2024-04,RAE,BRADFORD TEACHING HOSPITALS NHS FOUNDATION TRUST,C_300,C_400,26,40,14,1214,1199,-15,0.9333333333333332,-1,C_400,0.0064069981505132,possible recoding or service mix change; cause unconfirmed,caveat; preserve reported codes
RC690,2024-08,2024-09,RWG,WEST HERTFORDSHIRE TEACHING HOSPITALS NHS TRUST,C_301,X03,3100,3125,25,44,3,-41,0.6097560975609756,-16,C_301,0.0064061334884471,possible recoding or service mix change; cause unconfirmed,caveat; preserve reported codes
RC691,2024-04,2024-05,RRE,MIDLANDS PARTNERSHIP NHS FOUNDATION TRUST,C_400,C_430,75,90,15,11,3,-8,0.5333333333333333,7,C_400,0.0064038525576987,possible recoding or service mix change; cause unconfirmed,caveat; preserve reported codes
RC692,2025-04,2025-05,NEY,PIONEER HEALTHCARE LIMITED,C_110,C_120,100,154,54,233,152,-81,0.6666666666666666,-27,C_110,0.0064026710995283,possible recoding or service mix change; cause unconfirmed,caveat; preserve reported codes
RC693,2025-04,2025-05,NEY,PIONEER HEALTHCARE LIMITED,C_110,C_130,100,154,54,95,24,-71,0.7605633802816901,-17,C_110,0.0064026710995283,possible recoding or service mix change; cause unconfirmed,caveat; preserve reported codes
RC694,2025-04,2025-05,NEY,PIONEER HEALTHCARE LIMITED,C_110,X05,100,154,54,294,260,-34,0.6296296296296297,20,C_110,0.0064026710995283,possible recoding or service mix change; cause unconfirmed,caveat; preserve reported codes
RC695,2025-04,2025-05,NEY,PIONEER HEALTHCARE LIMITED,C_110,C_400,100,154,54,419,314,-105,0.5142857142857142,-51,C_110,0.0064026710995283,possible recoding or service mix change; cause unconfirmed,caveat; preserve reported codes
RC696,2025-04,2025-05,NEY,PIONEER HEALTHCARE LIMITED,C_110,X02,100,154,54,141,55,-86,0.627906976744186,-32,C_110,0.0064026710995283,possible recoding or service mix change; cause unconfirmed,caveat; preserve reported codes
RC697,2026-02,2026-03,RAX,KINGSTON AND RICHMOND NHS FOUNDATION TRUST,C_100,C_430,1375,1351,-24,10,33,23,0.9583333333333334,-1,C_100,0.0063795174958267,possible recoding or service mix change; cause unconfirmed,caveat; preserve reported codes
RC698,2025-09,2025-10,NVC15,PINEHILL HOSPITAL,C_301,X06,56,32,-24,30,48,18,0.75,-6,C_301,0.0062753629251558,possible recoding or service mix change; cause unconfirmed,caveat; preserve reported codes
RC699,2024-01,2024-02,RJC,SOUTH WARWICKSHIRE UNIVERSITY NHS FOUNDATION TRUST,C_130,C_300,1507,1545,38,83,39,-44,0.8636363636363636,-6,C_130,0.0062525503823928,possible recoding or service mix change; cause unconfirmed,caveat; preserve reported codes
RC700,2024-01,2024-02,RA7,UNIVERSITY HOSPITALS BRISTOL AND WESTON NHS FOUNDATION TRUST,C_130,C_300,6570,6532,-38,35,54,19,0.5,-19,C_130,0.0062525503823928,possible recoding or service mix change; cause unconfirmed,caveat; preserve reported codes
RC701,2026-01,2026-02,RRV,UNIVERSITY COLLEGE LONDON HOSPITALS NHS FOUNDATION TRUST,C_100,C_410,12,36,24,1049,1037,-12,0.5,12,C_100,0.0062337824254088,possible recoding or service mix change; cause unconfirmed,caveat; preserve reported codes
RC702,2024-08,2024-09,NVC07,FULWOOD HALL HOSPITAL,C_110,C_400,2784,2731,-53,0,37,37,0.6981132075471698,-16,C_110,0.0062214824266598,possible recoding or service mix change; cause unconfirmed,caveat; preserve reported codes
RC703,2025-07,2025-08,RJE,UNIVERSITY HOSPITALS OF NORTH MIDLANDS NHS TRUST,C_320,X05,4792,4768,-24,9,22,13,0.5416666666666666,-11,C_320,0.0062060886901791,possible recoding or service mix change; cause unconfirmed,caveat; preserve reported codes
RC704,2025-07,2025-08,RJ8,CORNWALL PARTNERSHIP NHS FOUNDATION TRUST,C_110,X02,40,93,53,389,341,-48,0.9056603773584906,5,C_110,0.0061881838380984,possible recoding or service mix change; cause unconfirmed,caveat; preserve reported codes
RC705,2025-09,2025-10,RPC,QUEEN VICTORIA HOSPITAL NHS FOUNDATION TRUST,C_130,X04,2215,2178,-37,15,36,21,0.5675675675675675,-16,C_130,0.0061811614903615,possible recoding or service mix change; cause unconfirmed,caveat; preserve reported codes
RC706,2024-12,2025-01,AAH,TETBURY HOSPITAL TRUST LTD,C_100,C_140,29,54,25,34,10,-24,0.96,1,C_100,0.0061436986540384,possible recoding or service mix change; cause unconfirmed,caveat; preserve reported codes
RC707,2024-09,2024-10,RAN,ROYAL NATIONAL ORTHOPAEDIC HOSPITAL NHS TRUST,C_301,X04,26,50,24,591,552,-39,0.6153846153846154,-15,C_301,0.0061129520719086,possible recoding or service mix change; cause unconfirmed,caveat; preserve reported codes
RC708,2024-09,2024-10,RAN,ROYAL NATIONAL ORTHOPAEDIC HOSPITAL NHS TRUST,C_301,X02,26,50,24,1557,1515,-42,0.5714285714285714,-18,C_301,0.0061129520719086,possible recoding or service mix change; cause unconfirmed,caveat; preserve reported codes
RC709,2024-12,2025-01,RP5,DONCASTER AND BASSETLAW TEACHING HOSPITALS NHS FOUNDATION TRUST,C_300,C_301,46,71,25,3922,3898,-24,0.96,1,C_301,0.0060627188262576,possible recoding or service mix change; cause unconfirmed,caveat; preserve reported codes
RC710,2024-11,2024-12,RWJ,STOCKPORT NHS FOUNDATION TRUST,C_300,C_320,49,4,-45,4451,4476,25,0.5555555555555556,-20,C_320,0.0060539577143161,possible recoding or service mix change; cause unconfirmed,caveat; preserve reported codes
RC711,2025-02,2025-03,NT411,CLEMENTINE CHURCHILL HOSPITAL,C_101,C_110,50,6,-44,584,635,51,0.8627450980392157,7,C_110,0.0060493484495875,possible recoding or service mix change; cause unconfirmed,caveat; preserve reported codes
RC712,2026-04,2026-05,NT324,SPIRE CHESHIRE HOSPITAL,C_100,C_301,342,319,-23,0,12,12,0.5217391304347826,-11,C_100,0.006028880961056,possible recoding or service mix change; cause unconfirmed,caveat; preserve reported codes
RC713,2024-01,2024-02,NT447,DUCHY HOSPITAL,C_150,C_400,5,14,9,28,14,-14,0.6428571428571429,-5,C_400,0.0059890485968514,possible recoding or service mix change; cause unconfirmed,caveat; preserve reported codes
RC714,2026-03,2026-04,NT441,THREE SHIRES HOSPITAL,C_110,C_150,2198,2149,-49,61,95,34,0.6938775510204082,-15,C_110,0.005975966856556,possible recoding or service mix change; cause unconfirmed,caveat; preserve reported codes
RC715,2025-12,2026-01,NT427,PARK HOSPITAL,C_100,C_301,191,168,-23,23,39,16,0.6956521739130435,-7,C_100,0.0059574997150761,possible recoding or service mix change; cause unconfirmed,caveat; preserve reported codes
RC716,2025-04,2025-05,G3Z1Q,SULIS HOSPITAL BATH (FOXCOTE AVENUE),C_130,C_301,376,341,-35,40,61,21,0.6,-14,C_130,0.0059367716853307,possible recoding or service mix change; cause unconfirmed,caveat; preserve reported codes
RC717,2024-07,2024-08,NT327,SPIRE MANCHESTER HOSPITAL,C_100,C_110,34,59,25,588,555,-33,0.7575757575757576,-8,C_100,0.0059286381680982,possible recoding or service mix change; cause unconfirmed,caveat; preserve reported codes
RC718,2024-01,2024-02,NT312,SPIRE ALEXANDRA HOSPITAL,C_100,C_120,100,75,-25,0,20,20,0.8,-5,C_100,0.0059254905121045,possible recoding or service mix change; cause unconfirmed,caveat; preserve reported codes
RC719,2025-06,2025-07,RNZ,SALISBURY NHS FOUNDATION TRUST,C_320,X03,2065,2042,-23,27,64,37,0.6216216216216216,14,C_320,0.0059233162329769,possible recoding or service mix change; cause unconfirmed,caveat; preserve reported codes
RC720,2024-08,2024-09,NT233,"NUFFIELD HEALTH, PLYMOUTH HOSPITAL",C_150,C_301,19,33,14,46,23,-23,0.6086956521739131,-9,C_301,0.0058936428093714,possible recoding or service mix change; cause unconfirmed,caveat; preserve reported codes
RC721,2024-10,2024-11,NT224,"NUFFIELD HEALTH, WARWICKSHIRE HOSPITAL",C_100,C_110,45,69,24,198,183,-15,0.625,9,C_100,0.0058670239032332,possible recoding or service mix change; cause unconfirmed,caveat; preserve reported codes
RC722,2025-09,2025-10,RL1,THE ROBERT JONES AND AGNES HUNT ORTHOPAEDIC HOSPITAL NHS FOUNDATION TRUST,C_400,C_430,277,264,-13,16,25,9,0.6923076923076923,-4,C_400,0.0058665583609738,possible recoding or service mix change; cause unconfirmed,caveat; preserve reported codes
RC723,2024-04,2024-05,ADP02,KIMS HOSPITAL (NEWNHAM COURT),C_110,X02,1030,981,-49,5,63,58,0.8448275862068966,9,C_110,0.0058491329555668,possible recoding or service mix change; cause unconfirmed,caveat; preserve reported codes
RC724,2026-02,2026-03,NT490,SOUTHEND PRIVATE HOSPITAL,C_100,X06,44,66,22,31,12,-19,0.8636363636363636,3,C_100,0.0058478910378411,possible recoding or service mix change; cause unconfirmed,caveat; preserve reported codes
RC725,2025-08,2025-09,NT219,"NUFFIELD HEALTH, HEREFORD HOSPITAL",C_100,X06,71,94,23,17,0,-17,0.7391304347826086,6,C_100,0.0058415665557615,possible recoding or service mix change; cause unconfirmed,caveat; preserve reported codes
RC726,2025-04,2025-05,AAH,TETBURY HOSPITAL TRUST LTD,C_100,C_502,43,20,-23,12,38,26,0.8846153846153846,3,C_100,0.0058341873230719,possible recoding or service mix change; cause unconfirmed,caveat; preserve reported codes
RC727,2025-02,2025-03,R1K,LONDON NORTH WEST UNIVERSITY HEALTHCARE NHS TRUST,C_300,C_301,17,4,-13,9989,10012,23,0.5652173913043478,10,C_301,0.0058198086042074,possible recoding or service mix change; cause unconfirmed,caveat; preserve reported codes
RC728,2025-08,2025-09,NTPH5,PRACTICE PLUS GROUP HOSPITAL - PLYMOUTH,C_110,C_130,1966,2016,50,123,50,-73,0.684931506849315,-23,C_110,0.0058081116086726,possible recoding or service mix change; cause unconfirmed,caveat; preserve reported codes
RC729,2024-12,2025-01,NWF01,BENENDEN HOSPITAL,C_120,C_502,205,168,-37,0,21,21,0.5675675675675675,-16,C_120,0.0058027291646736,possible recoding or service mix change; cause unconfirmed,caveat; preserve reported codes
RC730,2024-09,2024-10,H4I8B,NUFFIELD HEALTH THE HOLLY HOSPITAL,C_120,X02,352,315,-37,5,24,19,0.5135135135135135,-18,C_120,0.0058025835611239,possible recoding or service mix change; cause unconfirmed,caveat; preserve reported codes
RC731,2024-12,2025-01,RP5,DONCASTER AND BASSETLAW TEACHING HOSPITALS NHS FOUNDATION TRUST,C_300,C_320,46,71,25,3102,3078,-24,0.96,1,C_320,0.0057804025086946,possible recoding or service mix change; cause unconfirmed,caveat; preserve reported codes
RC732,2024-02,2024-03,NT242,"NUFFIELD HEALTH, WOLVERHAMPTON HOSPITAL",C_110,X06,281,329,48,28,0,-28,0.5833333333333334,20,C_110,0.0057454135440942,possible recoding or service mix change; cause unconfirmed,caveat; preserve reported codes
RC733,2026-02,2026-03,NT411,CLEMENTINE CHURCHILL HOSPITAL,C_301,X06,191,170,-21,5,21,16,0.7619047619047619,-5,C_301,0.0057336788102343,possible recoding or service mix change; cause unconfirmed,caveat; preserve reported codes
RC734,2026-03,2026-04,NT449,LANCASTER PRIVATE HOSPITAL,C_110,C_502,290,243,-47,1,30,29,0.6170212765957447,-18,C_110,0.0057320498420027,possible recoding or service mix change; cause unconfirmed,caveat; preserve reported codes
RC735,2026-01,2026-02,R0F4N,NUFFIELD HEALTH PARKSIDE HOSPITAL,C_100,C_160,0,22,22,96,67,-29,0.7586206896551724,-7,C_100,0.0057143005566248,possible recoding or service mix change; cause unconfirmed,caveat; preserve reported codes
RC736,2025-12,2026-01,NVC02,THE BERKSHIRE INDEPENDENT HOSPITAL,C_101,C_130,235,198,-37,34,68,34,0.918918918918919,-3,C_130,0.0056986264634156,possible recoding or service mix change; cause unconfirmed,caveat; preserve reported codes
RC737,2024-10,2024-11,NVC16,RENACRES HOSPITAL,C_120,X02,48,84,36,954,923,-31,0.8611111111111112,5,C_120,0.0056847790042162,possible recoding or service mix change; cause unconfirmed,caveat; preserve reported codes
RC738,2024-10,2024-11,NVC16,RENACRES HOSPITAL,C_101,C_120,210,172,-38,48,84,36,0.9473684210526316,-2,C_120,0.0056847790042162,possible recoding or service mix change; cause unconfirmed,caveat; preserve reported codes
RC739,2025-06,2025-07,RWY,CALDERDALE AND HUDDERSFIELD NHS FOUNDATION TRUST,C_300,C_320,30,66,36,1747,1725,-22,0.6111111111111112,14,C_320,0.0056657807445866,possible recoding or service mix change; cause unconfirmed,caveat; preserve reported codes
RC740,2024-02,2024-03,RJN,EAST CHESHIRE NHS TRUST,C_301,X06,1453,1475,22,26,0,-26,0.8461538461538461,-4,C_301,0.0056344665440743,possible recoding or service mix change; cause unconfirmed,caveat; preserve reported codes
RC741,2024-06,2024-07,REM,LIVERPOOL UNIVERSITY HOSPITALS NHS FOUNDATION TRUST,C_120,C_300,6847,6810,-37,40,107,67,0.5522388059701493,30,C_120,0.0056278814372696,possible recoding or service mix change; cause unconfirmed,caveat; preserve reported codes
RC742,2024-02,2024-03,RJN,EAST CHESHIRE NHS TRUST,C_110,X06,1380,1427,47,26,0,-26,0.5531914893617021,21,C_110,0.0056257174285922,possible recoding or service mix change; cause unconfirmed,caveat; preserve reported codes
RC743,2024-03,2024-04,RAE,BRADFORD TEACHING HOSPITALS NHS FOUNDATION TRUST,C_300,C_301,26,40,14,1418,1396,-22,0.6363636363636364,-8,C_301,0.0056098406805246,possible recoding or service mix change; cause unconfirmed,caveat; preserve reported codes
RC744,2025-10,2025-11,RVV,EAST KENT HOSPITALS UNIVERSITY NHS FOUNDATION TRUST,C_120,C_170,8062,8095,33,20,1,-19,0.5757575757575758,14,C_120,0.0056081532351396,possible recoding or service mix change; cause unconfirmed,caveat; preserve reported codes
RC745,2025-06,2025-07,NT441,THREE SHIRES HOSPITAL,C_301,C_502,10,31,21,771,757,-14,0.6666666666666666,7,C_301,0.0056016132646202,possible recoding or service mix change; cause unconfirmed,caveat; preserve reported codes
RC746,2025-04,2025-05,RA7,UNIVERSITY HOSPITALS BRISTOL AND WESTON NHS FOUNDATION TRUST,C_100,C_400,27,49,22,605,578,-27,0.8148148148148148,-5,C_100,0.0055805270046774,possible recoding or service mix change; cause unconfirmed,caveat; preserve reported codes
RC747,2025-02,2025-03,RVJ,NORTH BRISTOL NHS TRUST,C_110,X06,5352,5305,-47,104,168,64,0.734375,17,C_110,0.0055748897476591,possible recoding or service mix change; cause unconfirmed,caveat; preserve reported codes
RC748,2025-04,2025-05,G3Z1Q,SULIS HOSPITAL BATH (FOXCOTE AVENUE),C_301,C_502,40,61,21,188,177,-11,0.5238095238095238,10,C_301,0.0055725237429315,possible recoding or service mix change; cause unconfirmed,caveat; preserve reported codes
RC749,2024-12,2025-01,NT3X3,SPIRE ST ANTHONY'S HOSPITAL,C_301,X05,8,30,22,263,237,-26,0.8461538461538461,-4,C_301,0.0055574922574028,possible recoding or service mix change; cause unconfirmed,caveat; preserve reported codes
RC750,2026-04,2026-05,RJN,EAST CHESHIRE NHS TRUST,C_100,C_160,1413,1392,-21,18,29,11,0.5238095238095238,-10,C_100,0.0055046304427033,possible recoding or service mix change; cause unconfirmed,caveat; preserve reported codes
RC751,2026-03,2026-04,NT416,HENDON HOSPITAL,C_100,X06,291,270,-21,10,22,12,0.5714285714285714,-9,C_100,0.0055001466705778,possible recoding or service mix change; cause unconfirmed,caveat; preserve reported codes
RC752,2025-02,2025-03,NT451,CAVELL HOSPITAL,C_120,C_301,59,24,-35,338,368,30,0.8571428571428571,-5,C_120,0.0054881557758135,possible recoding or service mix change; cause unconfirmed,caveat; preserve reported codes
RC753,2025-02,2025-03,NT451,CAVELL HOSPITAL,C_120,X06,59,24,-35,29,96,67,0.5223880597014925,32,C_120,0.0054881557758135,possible recoding or service mix change; cause unconfirmed,caveat; preserve reported codes
RC754,2025-02,2025-03,RXL,BLACKPOOL TEACHING HOSPITALS NHS FOUNDATION TRUST,C_130,C_160,2805,2773,-32,46,76,30,0.9375,-2,C_130,0.0054599681956852,possible recoding or service mix change; cause unconfirmed,caveat; preserve reported codes
RC755,2025-05,2025-06,RQ3,BIRMINGHAM WOMEN'S AND CHILDREN'S NHS FOUNDATION TRUST,C_130,X06,0,32,32,322,261,-61,0.5245901639344263,-29,C_130,0.0054021112125882,possible recoding or service mix change; cause unconfirmed,caveat; preserve reported codes
RC756,2025-05,2025-06,AAH,TETBURY HOSPITAL TRUST LTD,C_130,C_140,126,94,-32,23,39,16,0.5,-16,C_130,0.0054021112125882,possible recoding or service mix change; cause unconfirmed,caveat; preserve reported codes
RC757,2025-01,2025-02,NT315,SPIRE BUSHEY HOSPITAL,C_100,X05,126,104,-22,40,84,44,0.5,22,C_100,0.0053969188499656,possible recoding or service mix change; cause unconfirmed,caveat; preserve reported codes
RC758,2024-09,2024-10,G3Q3Z,NUFFIELD HEALTH HIGHGATE HOSPITAL,C_110,X02,421,375,-46,0,38,38,0.8260869565217391,-8,C_110,0.0053759670897319,possible recoding or service mix change; cause unconfirmed,caveat; preserve reported codes
RC759,2024-07,2024-08,RQM,CHELSEA AND WESTMINSTER HOSPITAL NHS FOUNDATION TRUST,C_300,C_301,35,53,18,1560,1539,-21,0.8571428571428571,-3,C_301,0.0053749404917302,possible recoding or service mix change; cause unconfirmed,caveat; preserve reported codes
RC760,2025-09,2025-10,RXL,BLACKPOOL TEACHING HOSPITALS NHS FOUNDATION TRUST,C_120,C_300,4107,4140,33,68,15,-53,0.6226415094339622,-20,C_120,0.0053748204321355,possible recoding or service mix change; cause unconfirmed,caveat; preserve reported codes
RC761,2024-05,2024-06,RA2,ROYAL SURREY COUNTY HOSPITAL NHS FOUNDATION TRUST,C_301,C_430,1161,1140,-21,6,20,14,0.6666666666666666,-7,C_301,0.0053710775148791,possible recoding or service mix change; cause unconfirmed,caveat; preserve reported codes
RC762,2024-10,2024-11,NT451,CAVELL HOSPITAL,C_120,X06,114,80,-34,56,85,29,0.8529411764705882,-5,C_120,0.0053689579484264,possible recoding or service mix change; cause unconfirmed,caveat; preserve reported codes
RC763,2025-03,2025-04,RL1,THE ROBERT JONES AND AGNES HUNT ORTHOPAEDIC HOSPITAL NHS FOUNDATION TRUST,C_400,C_430,408,420,12,18,8,-10,0.8333333333333334,2,C_400,0.0053643512040733,possible recoding or service mix change; cause unconfirmed,caveat; preserve reported codes
RC764,2024-09,2024-10,NVC23,WOODLAND HOSPITAL,C_101,C_301,476,448,-28,27,48,21,0.75,-7,C_301,0.0053488330629201,possible recoding or service mix change; cause unconfirmed,caveat; preserve reported codes
RC765,2025-05,2025-06,NVC19,RIVERS HOSPITAL,C_100,X02,598,619,21,13,2,-11,0.5238095238095238,10,C_100,0.0053166037535222,possible recoding or service mix change; cause unconfirmed,caveat; preserve reported codes
RC766,2025-04,2025-05,NT420,HIGHFIELD HOSPITAL,C_301,X06,132,152,20,51,24,-27,0.7407407407407407,-7,C_301,0.0053071654694585,possible recoding or service mix change; cause unconfirmed,caveat; preserve reported codes
RC767,2025-02,2025-03,RR8,LEEDS TEACHING HOSPITALS NHS TRUST,C_400,C_430,2056,2044,-12,21,40,19,0.631578947368421,7,C_400,0.0053069166814081,possible recoding or service mix change; cause unconfirmed,caveat; preserve reported codes
RC768,2025-03,2025-04,RQX,HOMERTON HEALTHCARE NHS FOUNDATION TRUST,C_101,C_130,3323,3345,22,43,12,-31,0.7096774193548387,-9,C_130,0.0052663856795081,possible recoding or service mix change; cause unconfirmed,caveat; preserve reported codes
RC769,2025-03,2025-04,RQX,HOMERTON HEALTHCARE NHS FOUNDATION TRUST,C_130,C_301,43,12,-31,944,986,42,0.7380952380952381,11,C_130,0.0052663856795081,possible recoding or service mix change; cause unconfirmed,caveat; preserve reported codes
RC770,2025-10,2025-11,NT304,SPIRE SOUTHAMPTON HOSPITAL,C_100,C_110,4,24,20,417,397,-20,1.0,0,C_100,0.0052455989424872,possible recoding or service mix change; cause unconfirmed,caveat; preserve reported codes
RC771,2024-03,2024-04,NT421,KINGS OAK HOSPITAL,C_100,X06,114,136,22,17,0,-17,0.7727272727272727,5,C_100,0.0051857805896232,possible recoding or service mix change; cause unconfirmed,caveat; preserve reported codes
RC772,2025-08,2025-09,RBK,WALSALL HEALTHCARE NHS TRUST,C_120,C_160,3733,3765,32,61,14,-47,0.6808510638297872,-15,C_120,0.0051819260895404,possible recoding or service mix change; cause unconfirmed,caveat; preserve reported codes
RC773,2024-08,2024-09,NVC18,SPRINGFIELD HOSPITAL,C_110,X05,1739,1695,-44,3,29,26,0.5909090909090909,-18,C_110,0.0051650042787364,possible recoding or service mix change; cause unconfirmed,caveat; preserve reported codes
RC774,2025-06,2025-07,RXF,MID YORKSHIRE TEACHING NHS TRUST,C_300,C_320,30,55,25,1192,1172,-20,0.8,5,C_320,0.005150709767806,possible recoding or service mix change; cause unconfirmed,caveat; preserve reported codes
RC775,2024-09,2024-10,NTPAD,PRACTICE PLUS GROUP SURGICAL CENTRE - ST MARYS PORTSMOUTH,C_110,C_120,333,377,44,116,42,-74,0.5945945945945946,-30,C_110,0.0051422293901783,possible recoding or service mix change; cause unconfirmed,caveat; preserve reported codes
RC776,2025-09,2025-10,NT448,HUDDERSFIELD PRIVATE HOSPITAL,C_110,X06,297,341,44,25,2,-23,0.5227272727272727,21,C_110,0.0051228434575467,possible recoding or service mix change; cause unconfirmed,caveat; preserve reported codes
RC777,2024-09,2024-10,NVC07,FULWOOD HALL HOSPITAL,C_100,C_301,557,578,21,27,13,-14,0.6666666666666666,7,C_100,0.0050891325210108,possible recoding or service mix change; cause unconfirmed,caveat; preserve reported codes
RC778,2025-05,2025-06,NT450,LINCOLN PRIVATE HOSPITAL,C_101,C_301,147,135,-12,18,37,19,0.631578947368421,7,C_301,0.0050820211465574,possible recoding or service mix change; cause unconfirmed,caveat; preserve reported codes
RC779,2025-06,2025-07,NVC02,THE BERKSHIRE INDEPENDENT HOSPITAL,C_101,C_301,200,225,25,25,6,-19,0.76,6,C_301,0.0050681262870373,possible recoding or service mix change; cause unconfirmed,caveat; preserve reported codes
RC780,2025-06,2025-07,RNQ,KETTERING GENERAL HOSPITAL NHS FOUNDATION TRUST,C_160,C_301,63,97,34,726,707,-19,0.5588235294117647,15,C_301,0.0050681262870373,possible recoding or service mix change; cause unconfirmed,caveat; preserve reported codes
RC781,2025-10,2025-11,NT424,MERIDEN HOSPITAL,C_301,X06,182,201,19,20,5,-15,0.7894736842105263,4,C_301,0.0050616994522708,possible recoding or service mix change; cause unconfirmed,caveat; preserve reported codes
RC782,2024-03,2024-04,NT421,KINGS OAK HOSPITAL,C_120,X06,188,221,33,17,0,-17,0.5151515151515151,16,C_120,0.0050594562770987,possible recoding or service mix change; cause unconfirmed,caveat; preserve reported codes
RC783,2025-07,2025-08,NVC21,WEST MIDLANDS HOSPITAL,C_100,C_130,69,49,-20,3,13,10,0.5,-10,C_100,0.0050570178765581,possible recoding or service mix change; cause unconfirmed,caveat; preserve reported codes
RC784,2025-09,2025-10,RW1,HAMPSHIRE AND ISLE OF WIGHT HEALTHCARE NHS FOUNDATION TRUST,C_120,C_300,48,79,31,241,221,-20,0.6451612903225806,11,C_120,0.0050490737392788,possible recoding or service mix change; cause unconfirmed,caveat; preserve reported codes
RC785,2025-09,2025-10,RW1,HAMPSHIRE AND ISLE OF WIGHT HEALTHCARE NHS FOUNDATION TRUST,C_120,C_301,48,79,31,185,149,-36,0.8611111111111112,-5,C_120,0.0050490737392788,possible recoding or service mix change; cause unconfirmed,caveat; preserve reported codes
RC786,2025-01,2025-02,NT337,SPIRE LIVERPOOL HOSPITAL,C_120,C_301,465,433,-32,53,99,46,0.6956521739130435,14,C_120,0.0050466499706663,possible recoding or service mix change; cause unconfirmed,caveat; preserve reported codes
RC787,2025-09,2025-10,RLT,GEORGE ELIOT HOSPITAL NHS TRUST,C_110,C_430,2087,2044,-43,55,90,35,0.813953488372093,-8,C_110,0.0050064151971479,possible recoding or service mix change; cause unconfirmed,caveat; preserve reported codes
RC788,2025-10,2025-11,NT305,SPIRE PORTSMOUTH HOSPITAL,C_100,C_110,0,19,19,461,448,-13,0.6842105263157895,6,C_100,0.0049833189953628,possible recoding or service mix change; cause unconfirmed,caveat; preserve reported codes
RC789,2025-10,2025-11,NT225,"NUFFIELD HEALTH, LEEDS HOSPITAL",C_100,C_301,270,251,-19,17,31,14,0.7368421052631579,-5,C_100,0.0049833189953628,possible recoding or service mix change; cause unconfirmed,caveat; preserve reported codes
RC790,2024-01,2024-02,NT225,"NUFFIELD HEALTH, LEEDS HOSPITAL",C_100,C_120,373,352,-21,38,74,36,0.5833333333333334,15,C_100,0.0049774120301678,possible recoding or service mix change; cause unconfirmed,caveat; preserve reported codes
RC791,2024-05,2024-06,RAP,NORTH MIDDLESEX UNIVERSITY HOSPITAL NHS TRUST,C_100,C_430,1284,1263,-21,24,38,14,0.6666666666666666,-7,C_100,0.0049560095155382,possible recoding or service mix change; cause unconfirmed,caveat; preserve reported codes
RC792,2024-05,2024-06,R1K,LONDON NORTH WEST UNIVERSITY HEALTHCARE NHS TRUST,C_100,X03,2858,2837,-21,5,39,34,0.6176470588235294,13,C_100,0.0049560095155382,possible recoding or service mix change; cause unconfirmed,caveat; preserve reported codes
RC793,2024-05,2024-06,RHQ,SHEFFIELD TEACHING HOSPITALS NHS FOUNDATION TRUST,C_100,C_300,1395,1416,21,21,4,-17,0.8095238095238095,4,C_100,0.0049560095155382,possible recoding or service mix change; cause unconfirmed,caveat; preserve reported codes
RC794,2024-03,2024-04,NT347,SPIRE FYLDE COAST HOSPITAL,C_100,X05,335,356,21,47,21,-26,0.8076923076923077,-5,C_100,0.0049500632900949,possible recoding or service mix change; cause unconfirmed,caveat; preserve reported codes
RC795,2025-04,2025-05,NT447,DUCHY HOSPITAL,C_101,C_400,65,54,-11,14,25,11,1.0,0,C_400,0.004945909732651,possible recoding or service mix change; cause unconfirmed,caveat; preserve reported codes
RC796,2026-03,2026-04,RGP,JAMES PAGET UNIVERSITY HOSPITALS NHS FOUNDATION TRUST,C_120,X06,3687,3658,-29,3,40,37,0.7837837837837838,8,C_120,0.0049296421079829,possible recoding or service mix change; cause unconfirmed,caveat; preserve reported codes
RC797,2025-07,2025-08,NT343,SPIRE THAMES VALLEY HOSPITAL,C_110,C_160,280,322,42,57,0,-57,0.7368421052631579,-15,C_110,0.0049038437962289,possible recoding or service mix change; cause unconfirmed,caveat; preserve reported codes
RC798,2024-10,2024-11,RKE,WHITTINGTON HEALTH NHS TRUST,C_120,C_430,866,835,-31,114,176,62,0.5,31,C_120,0.0048952263647417,possible recoding or service mix change; cause unconfirmed,caveat; preserve reported codes
RC799,2026-03,2026-04,NTP15,PRACTICE PLUS GROUP HOSPITAL - ILFORD,C_110,C_130,2206,2246,40,86,14,-72,0.5555555555555556,-32,C_110,0.0048783402910661,possible recoding or service mix change; cause unconfirmed,caveat; preserve reported codes
RC800,2025-04,2025-05,RMP,TAMESIDE AND GLOSSOP INTEGRATED CARE NHS FOUNDATION TRUST,C_120,C_300,1688,1657,-31,20,57,37,0.8378378378378378,6,C_120,0.0048723905205284,possible recoding or service mix change; cause unconfirmed,caveat; preserve reported codes
RC801,2024-05,2024-06,NT451,CAVELL HOSPITAL,C_120,X06,232,264,32,70,26,-44,0.7272727272727273,-12,C_120,0.0048599941983819,possible recoding or service mix change; cause unconfirmed,caveat; preserve reported codes
RC802,2024-05,2024-06,RR7,GATESHEAD HEALTH NHS FOUNDATION TRUST,C_300,C_301,33,51,18,1400,1381,-19,0.9473684210526316,-1,C_301,0.0048595463229859,possible recoding or service mix change; cause unconfirmed,caveat; preserve reported codes
RC803,2025-04,2025-05,RQM,CHELSEA AND WESTMINSTER HOSPITAL NHS FOUNDATION TRUST,C_100,C_300,4502,4521,19,32,14,-18,0.9473684210526316,1,C_100,0.0048195460494942,possible recoding or service mix change; cause unconfirmed,caveat; preserve reported codes
RC804,2025-05,2025-06,NVC19,RIVERS HOSPITAL,C_301,X06,493,475,-18,4,19,15,0.8333333333333334,-3,C_301,0.0048145463493702,possible recoding or service mix change; cause unconfirmed,caveat; preserve reported codes
RC805,2025-05,2025-06,NNE,DORKING HEALTHCARE LIMITED (DHC),C_300,C_320,57,92,35,622,603,-19,0.5428571428571428,16,C_320,0.0048063909821986,possible recoding or service mix change; cause unconfirmed,caveat; preserve reported codes
RC806,2025-07,2025-08,REM,LIVERPOOL UNIVERSITY HOSPITALS NHS FOUNDATION TRUST,C_100,C_300,2307,2288,-19,9,25,16,0.8421052631578947,-3,C_100,0.0048041669827302,possible recoding or service mix change; cause unconfirmed,caveat; preserve reported codes
RC807,2025-10,2025-11,NTPAD,PRACTICE PLUS GROUP SURGICAL CENTRE - ST MARYS PORTSMOUTH,C_301,C_320,377,395,18,9,0,-9,0.5,9,C_301,0.0047952942179407,possible recoding or service mix change; cause unconfirmed,caveat; preserve reported codes
RC808,2024-06,2024-07,RVV,EAST KENT HOSPITALS UNIVERSITY NHS FOUNDATION TRUST,C_130,C_300,7249,7278,29,21,6,-15,0.5172413793103449,14,C_130,0.0047790197736062,possible recoding or service mix change; cause unconfirmed,caveat; preserve reported codes
RC809,2025-07,2025-08,NT437,SLOANE HOSPITAL,C_301,X06,29,47,18,211,184,-27,0.6666666666666666,-9,C_301,0.0047673405390802,possible recoding or service mix change; cause unconfirmed,caveat; preserve reported codes
RC810,2025-07,2025-08,NT441,THREE SHIRES HOSPITAL,C_301,X06,31,13,-18,5,15,10,0.5555555555555556,-8,C_301,0.0047673405390802,possible recoding or service mix change; cause unconfirmed,caveat; preserve reported codes
RC811,2024-01,2024-02,RW1,SOUTHERN HEALTH NHS FOUNDATION TRUST,C_110,C_430,1793,1753,-40,18,55,37,0.925,-3,C_110,0.0047485973830479,possible recoding or service mix change; cause unconfirmed,caveat; preserve reported codes
RC812,2025-02,2025-03,NT351,SPIRE HULL AND EAST RIDING HOSPITAL,C_101,C_120,52,89,37,146,116,-30,0.8108108108108109,7,C_120,0.0047041335221258,possible recoding or service mix change; cause unconfirmed,caveat; preserve reported codes
RC813,2024-09,2024-10,RA9,TORBAY AND SOUTH DEVON NHS FOUNDATION TRUST,C_170,C_400,14,6,-8,1015,1026,11,0.7272727272727273,3,C_400,0.0046925524925985,possible recoding or service mix change; cause unconfirmed,caveat; preserve reported codes
RC814,2024-10,2024-11,NT351,SPIRE HULL AND EAST RIDING HOSPITAL,C_101,C_110,60,107,47,1008,968,-40,0.851063829787234,7,C_110,0.0046845264236568,possible recoding or service mix change; cause unconfirmed,caveat; preserve reported codes
RC815,2025-09,2025-10,NEQ,PHOENIX HEALTH SOLUTIONS LIMITED HQ,C_130,X02,198,170,-28,26,42,16,0.5714285714285714,-12,C_130,0.0046776357224357,possible recoding or service mix change; cause unconfirmed,caveat; preserve reported codes
RC816,2024-12,2025-01,RTK,ASHFORD AND ST PETER'S HOSPITALS NHS FOUNDATION TRUST,C_100,C_160,354,335,-19,16,29,13,0.6842105263157895,-6,C_100,0.0046692109770692,possible recoding or service mix change; cause unconfirmed,caveat; preserve reported codes
RC817,2025-12,2026-01,RJ1,GUY'S AND ST THOMAS' NHS FOUNDATION TRUST,C_100,X03,1575,1557,-18,6,15,9,0.5,-9,C_100,0.0046623910813639,possible recoding or service mix change; cause unconfirmed,caveat; preserve reported codes
RC818,2024-01,2024-02,NVC16,RENACRES HOSPITAL,C_120,C_301,114,85,-29,42,83,41,0.7073170731707317,12,C_120,0.0046187905139598,possible recoding or service mix change; cause unconfirmed,caveat; preserve reported codes
RC819,2024-09,2024-10,RPC,QUEEN VICTORIA HOSPITAL NHS FOUNDATION TRUST,C_320,X03,175,194,19,37,0,-37,0.5135135135135135,-18,C_320,0.004611460206739,possible recoding or service mix change; cause unconfirmed,caveat; preserve reported codes
RC820,2024-03,2024-04,RAL,ROYAL FREE LONDON NHS FOUNDATION TRUST,C_140,C_301,12,3,-9,4096,4114,18,0.5,9,C_301,0.004589869647702,possible recoding or service mix change; cause unconfirmed,caveat; preserve reported codes
RC821,2025-04,2025-05,RQX,HOMERTON HEALTHCARE NHS FOUNDATION TRUST,C_130,X04,12,39,27,3438,3399,-39,0.6923076923076923,-12,C_130,0.0045797953001122,possible recoding or service mix change; cause unconfirmed,caveat; preserve reported codes
RC822,2025-04,2025-05,RQX,HOMERTON HEALTHCARE NHS FOUNDATION TRUST,C_130,X05,12,39,27,314,262,-52,0.5192307692307693,-25,C_130,0.0045797953001122,possible recoding or service mix change; cause unconfirmed,caveat; preserve reported codes
RC823,2025-04,2025-05,RQX,HOMERTON HEALTHCARE NHS FOUNDATION TRUST,C_101,C_130,3345,3306,-39,12,39,27,0.6923076923076923,-12,C_130,0.0045797953001122,possible recoding or service mix change; cause unconfirmed,caveat; preserve reported codes
RC824,2025-04,2025-05,RQX,HOMERTON HEALTHCARE NHS FOUNDATION TRUST,C_130,C_430,12,39,27,190,173,-17,0.6296296296296297,10,C_130,0.0045797953001122,possible recoding or service mix change; cause unconfirmed,caveat; preserve reported codes
RC825,2024-10,2024-11,RW1,HAMPSHIRE AND ISLE OF WIGHT HEALTHCARE NHS FOUNDATION TRUST,C_120,X05,161,132,-29,81,138,57,0.5087719298245614,28,C_120,0.0045794053089519,possible recoding or service mix change; cause unconfirmed,caveat; preserve reported codes
RC826,2024-06,2024-07,NT310,SPIRE TUNBRIDGE WELLS HOSPITAL,C_120,C_502,38,68,30,81,48,-33,0.9090909090909092,-3,C_120,0.0045631471112997,possible recoding or service mix change; cause unconfirmed,caveat; preserve reported codes
RC827,2025-12,2026-01,NT457,WOODLANDS HOSPITAL,C_110,C_301,731,693,-38,30,58,28,0.7368421052631579,-10,C_110,0.004541304358218,possible recoding or service mix change; cause unconfirmed,caveat; preserve reported codes
RC828,2025-09,2025-10,RQX,HOMERTON HEALTHCARE NHS FOUNDATION TRUST,C_110,X06,2713,2752,39,34,6,-28,0.717948717948718,11,C_110,0.0045407021555528,possible recoding or service mix change; cause unconfirmed,caveat; preserve reported codes
RC829,2025-06,2025-07,NT416,HENDON HOSPITAL,C_101,C_301,44,74,30,103,86,-17,0.5666666666666667,13,C_301,0.0045346393094544,possible recoding or service mix change; cause unconfirmed,caveat; preserve reported codes
RC830,2025-11,2025-12,RD8,MILTON KEYNES UNIVERSITY HOSPITAL NHS FOUNDATION TRUST,C_110,C_300,3339,3301,-38,49,75,26,0.6842105263157895,-12,C_110,0.0045004713651587,possible recoding or service mix change; cause unconfirmed,caveat; preserve reported codes
RC831,2025-07,2025-08,RW1,HAMPSHIRE AND ISLE OF WIGHT HEALTHCARE NHS FOUNDATION TRUST,C_120,C_320,42,70,28,300,253,-47,0.5957446808510638,-19,C_120,0.0044897985363256,possible recoding or service mix change; cause unconfirmed,caveat; preserve reported codes
RC832,2026-01,2026-02,RTP,SURREY AND SUSSEX HEALTHCARE NHS TRUST,C_300,C_301,50,77,27,3566,3549,-17,0.6296296296296297,10,C_301,0.004487240399945,possible recoding or service mix change; cause unconfirmed,caveat; preserve reported codes
RC833,2026-04,2026-05,AAH,TETBURY HOSPITAL TRUST LTD,C_130,C_502,114,142,28,65,21,-44,0.6363636363636364,-16,C_130,0.0044833643165831,possible recoding or service mix change; cause unconfirmed,caveat; preserve reported codes
RC834,2024-01,2024-02,RW1,SOUTHERN HEALTH NHS FOUNDATION TRUST,C_120,C_430,188,160,-28,18,55,37,0.7567567567567568,9,C_120,0.0044595218755474,possible recoding or service mix change; cause unconfirmed,caveat; preserve reported codes
RC835,2025-12,2026-01,RW1,HAMPSHIRE AND ISLE OF WIGHT HEALTHCARE NHS FOUNDATION TRUST,C_120,C_340,62,36,-26,27,42,15,0.5769230769230769,-11,C_120,0.0044242291206163,possible recoding or service mix change; cause unconfirmed,caveat; preserve reported codes
RC836,2024-05,2024-06,RQX,HOMERTON HEALTHCARE NHS FOUNDATION TRUST,C_130,C_400,13,40,27,1009,957,-52,0.5192307692307693,-25,C_130,0.0044242277264713,possible recoding or service mix change; cause unconfirmed,caveat; preserve reported codes
RC837,2025-03,2025-04,NVC31,BLAKELANDS HOSPITAL,C_130,X02,324,298,-26,43,66,23,0.8846153846153846,-3,C_130,0.0044169686344261,possible recoding or service mix change; cause unconfirmed,caveat; preserve reported codes
RC838,2025-01,2025-02,ADP02,KIMS HOSPITAL (NEWNHAM COURT),C_100,C_130,114,96,-18,0,12,12,0.6666666666666666,-6,C_100,0.0044156608772446,possible recoding or service mix change; cause unconfirmed,caveat; preserve reported codes
RC839,2025-04,2025-05,RWW,WARRINGTON AND HALTON TEACHING HOSPITALS NHS FOUNDATION TRUST,C_110,C_300,3657,3694,37,40,15,-25,0.6756756756756757,12,C_110,0.0043870153830101,possible recoding or service mix change; cause unconfirmed,caveat; preserve reported codes
RC840,2024-09,2024-10,NVC04,DUCHY HOSPITAL,C_100,X06,295,313,18,17,2,-15,0.8333333333333334,3,C_100,0.0043621135894378,possible recoding or service mix change; cause unconfirmed,caveat; preserve reported codes
RC841,2024-08,2024-09,AAH,TETBURY HOSPITAL TRUST LTD,C_100,C_502,23,41,18,23,7,-16,0.8888888888888888,2,C_100,0.0043498749410954,possible recoding or service mix change; cause unconfirmed,caveat; preserve reported codes
RC842,2024-10,2024-11,NTPAD,PRACTICE PLUS GROUP SURGICAL CENTRE - ST MARYS PORTSMOUTH,C_110,C_320,377,414,37,51,24,-27,0.7297297297297297,10,C_110,0.0043331869418825,possible recoding or service mix change; cause unconfirmed,caveat; preserve reported codes
RC843,2026-04,2026-05,NTPH5,PRACTICE PLUS GROUP HOSPITAL - PLYMOUTH,C_130,C_301,40,67,27,151,117,-34,0.7941176470588235,-7,C_130,0.0043232441624194,possible recoding or service mix change; cause unconfirmed,caveat; preserve reported codes
RC844,2025-08,2025-09,RA7,UNIVERSITY HOSPITALS BRISTOL AND WESTON NHS FOUNDATION TRUST,C_100,C_330,32,49,17,2180,2166,-14,0.8235294117647058,3,C_100,0.0043176796281715,possible recoding or service mix change; cause unconfirmed,caveat; preserve reported codes
RC845,2025-08,2025-09,RA7,UNIVERSITY HOSPITALS BRISTOL AND WESTON NHS FOUNDATION TRUST,C_100,X06,32,49,17,476,462,-14,0.8235294117647058,3,C_100,0.0043176796281715,possible recoding or service mix change; cause unconfirmed,caveat; preserve reported codes
RC846,2025-08,2025-09,RA7,UNIVERSITY HOSPITALS BRISTOL AND WESTON NHS FOUNDATION TRUST,C_100,X03,32,49,17,42,33,-9,0.5294117647058824,8,C_100,0.0043176796281715,possible recoding or service mix change; cause unconfirmed,caveat; preserve reported codes
RC847,2025-08,2025-09,RA7,UNIVERSITY HOSPITALS BRISTOL AND WESTON NHS FOUNDATION TRUST,C_100,C_301,32,49,17,1151,1127,-24,0.7083333333333334,-7,C_100,0.0043176796281715,possible recoding or service mix change; cause unconfirmed,caveat; preserve reported codes
RC848,2025-08,2025-09,RA7,UNIVERSITY HOSPITALS BRISTOL AND WESTON NHS FOUNDATION TRUST,C_100,C_430,32,49,17,161,149,-12,0.7058823529411765,5,C_100,0.0043176796281715,possible recoding or service mix change; cause unconfirmed,caveat; preserve reported codes
RC849,2025-04,2025-05,RQX,HOMERTON HEALTHCARE NHS FOUNDATION TRUST,C_100,C_130,5761,5744,-17,12,39,27,0.6296296296296297,10,C_100,0.0043122254127053,possible recoding or service mix change; cause unconfirmed,caveat; preserve reported codes
RC850,2024-02,2024-03,RNQ,KETTERING GENERAL HOSPITAL NHS FOUNDATION TRUST,C_110,X06,2505,2469,-36,55,86,31,0.8611111111111112,-5,C_110,0.0043090601580706,possible recoding or service mix change; cause unconfirmed,caveat; preserve reported codes
RC851,2024-06,2024-07,RJN,EAST CHESHIRE NHS TRUST,C_300,C_320,17,28,11,844,826,-18,0.6111111111111112,-7,C_320,0.004307621618517,possible recoding or service mix change; cause unconfirmed,caveat; preserve reported codes
RC852,2025-05,2025-06,RPC,QUEEN VICTORIA HOSPITAL NHS FOUNDATION TRUST,C_320,X02,181,164,-17,18,43,25,0.68,8,C_320,0.0043004550893356,possible recoding or service mix change; cause unconfirmed,caveat; preserve reported codes
RC853,2024-07,2024-08,RA7,UNIVERSITY HOSPITALS BRISTOL AND WESTON NHS FOUNDATION TRUST,C_100,X03,110,92,-18,22,44,22,0.8181818181818182,4,C_100,0.0042686194810307,possible recoding or service mix change; cause unconfirmed,caveat; preserve reported codes
RC854,2024-07,2024-08,NT239,"NUFFIELD HEALTH, TUNBRIDGE WELLS HOSPITAL",C_100,X05,41,59,18,37,17,-20,0.9,-2,C_100,0.0042686194810307,possible recoding or service mix change; cause unconfirmed,caveat; preserve reported codes
RC855,2024-07,2024-08,NT347,SPIRE FYLDE COAST HOSPITAL,C_100,C_400,392,410,18,33,12,-21,0.8571428571428571,-3,C_100,0.0042686194810307,possible recoding or service mix change; cause unconfirmed,caveat; preserve reported codes
RC856,2024-09,2024-10,NT347,SPIRE FYLDE COAST HOSPITAL,C_150,C_400,93,83,-10,3,13,10,1.0,0,C_400,0.0042659568114532,possible recoding or service mix change; cause unconfirmed,caveat; preserve reported codes
RC857,2024-10,2024-11,NT3X3,SPIRE ST ANTHONY'S HOSPITAL,C_120,C_502,42,15,-27,155,192,37,0.7297297297297297,10,C_120,0.0042635842531621,possible recoding or service mix change; cause unconfirmed,caveat; preserve reported codes
RC858,2024-05,2024-06,RMP,TAMESIDE AND GLOSSOP INTEGRATED CARE NHS FOUNDATION TRUST,C_120,C_430,1822,1850,28,42,20,-22,0.7857142857142857,6,C_120,0.0042524949235841,possible recoding or service mix change; cause unconfirmed,caveat; preserve reported codes
RC859,2024-08,2024-09,NFH,SOMERSET SURGICAL SERVICES HQ,C_110,C_130,56,92,36,294,275,-19,0.5277777777777778,17,C_110,0.0042259125916934,possible recoding or service mix change; cause unconfirmed,caveat; preserve reported codes
RC860,2026-04,2026-05,RCB,YORK AND SCARBOROUGH TEACHING HOSPITALS NHS FOUNDATION TRUST,C_100,C_400,31,47,16,1173,1162,-11,0.6875,5,C_100,0.0041940041468216,possible recoding or service mix change; cause unconfirmed,caveat; preserve reported codes
RC861,2024-04,2024-05,NT347,SPIRE FYLDE COAST HOSPITAL,C_110,X05,1447,1412,-35,21,47,26,0.7428571428571429,-9,C_110,0.0041779521111192,possible recoding or service mix change; cause unconfirmed,caveat; preserve reported codes
RC862,2024-04,2024-05,NT347,SPIRE FYLDE COAST HOSPITAL,C_110,C_400,1447,1412,-35,27,57,30,0.8571428571428571,-5,C_110,0.0041779521111192,possible recoding or service mix change; cause unconfirmed,caveat; preserve reported codes
RC863,2025-12,2026-01,NT427,PARK HOSPITAL,C_101,C_301,56,41,-15,23,39,16,0.9375,1,C_301,0.0041774693412914,possible recoding or service mix change; cause unconfirmed,caveat; preserve reported codes
RC864,2025-12,2026-01,NT427,PARK HOSPITAL,C_301,X06,23,39,16,27,17,-10,0.625,6,C_301,0.0041774693412914,possible recoding or service mix change; cause unconfirmed,caveat; preserve reported codes
RC865,2024-11,2024-12,NT315,SPIRE BUSHEY HOSPITAL,C_100,X05,159,142,-17,1,17,16,0.9411764705882352,-1,C_100,0.0041668709250453,possible recoding or service mix change; cause unconfirmed,caveat; preserve reported codes
RC866,2026-03,2026-04,RFF,BARNSLEY HOSPITAL NHS FOUNDATION TRUST,C_110,C_300,2828,2794,-34,24,41,17,0.5,-17,C_110,0.0041465892474062,possible recoding or service mix change; cause unconfirmed,caveat; preserve reported codes
RC867,2025-11,2025-12,NTPH5,PRACTICE PLUS GROUP HOSPITAL - PLYMOUTH,C_110,C_130,1614,1579,-35,30,65,35,1.0,0,C_110,0.0041451709942251,possible recoding or service mix change; cause unconfirmed,caveat; preserve reported codes
RC868,2025-12,2026-01,RD8,MILTON KEYNES UNIVERSITY HOSPITAL NHS FOUNDATION TRUST,C_100,C_430,1861,1845,-16,9,23,14,0.875,-2,C_100,0.004144347627879,possible recoding or service mix change; cause unconfirmed,caveat; preserve reported codes
RC869,2025-08,2025-09,RD8,MILTON KEYNES UNIVERSITY HOSPITAL NHS FOUNDATION TRUST,C_400,C_430,442,433,-9,11,17,6,0.6666666666666666,-3,C_400,0.004105446102335,possible recoding or service mix change; cause unconfirmed,caveat; preserve reported codes
RC870,2026-01,2026-02,NT403,BEARDWOOD HOSPITAL,C_120,C_150,114,90,-24,24,39,15,0.625,-9,C_120,0.0040929509152861,possible recoding or service mix change; cause unconfirmed,caveat; preserve reported codes
RC871,2024-02,2024-03,NT242,"NUFFIELD HEALTH, WOLVERHAMPTON HOSPITAL",C_130,X06,82,107,25,28,0,-28,0.8928571428571429,-3,C_130,0.0040893640548171,possible recoding or service mix change; cause unconfirmed,caveat; preserve reported codes
RC872,2024-02,2024-03,RKE,WHITTINGTON HEALTH NHS TRUST,C_130,C_160,1175,1150,-25,31,68,37,0.6756756756756757,12,C_130,0.0040893640548171,possible recoding or service mix change; cause unconfirmed,caveat; preserve reported codes
RC873,2024-03,2024-04,RMC,BOLTON NHS FOUNDATION TRUST,C_300,C_301,1,22,21,1784,1768,-16,0.7619047619047619,5,C_301,0.0040798841312906,possible recoding or service mix change; cause unconfirmed,caveat; preserve reported codes
RC874,2025-10,2025-11,G3Z1Q,SULIS HOSPITAL BATH (FOXCOTE AVENUE),C_120,X02,413,437,24,13,0,-13,0.5416666666666666,11,C_120,0.0040786568982833,possible recoding or service mix change; cause unconfirmed,caveat; preserve reported codes
RC875,2025-08,2025-09,NT430,RIDGEWAY HOSPITAL,C_100,C_301,96,80,-16,2,12,10,0.625,-6,C_100,0.0040636984735732,possible recoding or service mix change; cause unconfirmed,caveat; preserve reported codes
RC876,2024-08,2024-09,NVC23,WOODLAND HOSPITAL,C_120,C_301,40,14,-26,4,27,23,0.8846153846153846,-3,C_120,0.0040627094834577,possible recoding or service mix change; cause unconfirmed,caveat; preserve reported codes
RC877,2024-08,2024-09,NVC23,WOODLAND HOSPITAL,C_101,C_120,455,476,21,40,14,-26,0.8076923076923077,-5,C_120,0.0040627094834577,possible recoding or service mix change; cause unconfirmed,caveat; preserve reported codes
RC878,2025-02,2025-03,RAN,ROYAL NATIONAL ORTHOPAEDIC HOSPITAL NHS TRUST,C_301,X06,12,28,16,30,5,-25,0.64,-9,C_301,0.0040485625072747,possible recoding or service mix change; cause unconfirmed,caveat; preserve reported codes
RC879,2024-02,2024-03,NVC17,ROWLEY HALL HOSPITAL,C_100,C_101,289,306,17,31,12,-19,0.8947368421052632,-2,C_100,0.0040348516242651,possible recoding or service mix change; cause unconfirmed,caveat; preserve reported codes
RC880,2026-02,2026-03,NN4,TYNESIDE SURGICAL SERVICES LTD,C_110,X06,444,477,33,50,0,-50,0.66,-17,C_110,0.0040342150334411,possible recoding or service mix change; cause unconfirmed,caveat; preserve reported codes
RC881,2024-04,2024-05,RTH,OXFORD UNIVERSITY HOSPITALS NHS FOUNDATION TRUST,C_100,X03,1895,1878,-17,2,12,10,0.5882352941176471,-7,C_100,0.0040163014588624,possible recoding or service mix change; cause unconfirmed,caveat; preserve reported codes
RC882,2026-02,2026-03,NVC02,THE BERKSHIRE INDEPENDENT HOSPITAL,C_101,C_130,213,253,40,43,19,-24,0.6,16,C_130,0.0039865123000514,possible recoding or service mix change; cause unconfirmed,caveat; preserve reported codes
RC883,2026-04,2026-05,RW1,HAMPSHIRE AND ISLE OF WIGHT HEALTHCARE NHS FOUNDATION TRUST,C_320,X04,297,282,-15,9,20,11,0.7333333333333333,-4,C_320,0.0039638392161111,possible recoding or service mix change; cause unconfirmed,caveat; preserve reported codes
RC884,2025-09,2025-10,RXW,THE SHREWSBURY AND TELFORD HOSPITAL NHS TRUST,C_110,X02,1793,1827,34,33,13,-20,0.5882352941176471,14,C_110,0.0039585608535588,possible recoding or service mix change; cause unconfirmed,caveat; preserve reported codes
RC885,2025-01,2025-02,RTG,UNIVERSITY HOSPITALS OF DERBY AND BURTON NHS FOUNDATION TRUST,C_130,C_300,11323,11346,23,15,3,-12,0.5217391304347826,11,C_130,0.0039492097287923,possible recoding or service mix change; cause unconfirmed,caveat; preserve reported codes
RC886,2024-12,2025-01,NT315,SPIRE BUSHEY HOSPITAL,C_100,X05,142,126,-16,17,40,23,0.6956521739130435,7,C_100,0.0039319671385846,possible recoding or service mix change; cause unconfirmed,caveat; preserve reported codes
RC887,2024-11,2024-12,NT344,SPIRE DUNEDIN HOSPITAL,C_100,C_160,106,90,-16,0,17,17,0.9411764705882352,1,C_100,0.0039217608706309,possible recoding or service mix change; cause unconfirmed,caveat; preserve reported codes
RC888,2025-07,2025-08,NTP15,PRACTICE PLUS GROUP HOSPITAL - ILFORD,C_130,C_301,35,58,23,203,168,-35,0.6571428571428571,-12,C_130,0.0039157134174473,possible recoding or service mix change; cause unconfirmed,caveat; preserve reported codes
RC889,2025-07,2025-08,NEY,PIONEER HEALTHCARE LIMITED,C_130,X06,27,4,-23,31,53,22,0.9565217391304348,-1,C_130,0.0039157134174473,possible recoding or service mix change; cause unconfirmed,caveat; preserve reported codes
RC890,2025-07,2025-08,NTP15,PRACTICE PLUS GROUP HOSPITAL - ILFORD,C_101,C_130,252,234,-18,35,58,23,0.782608695652174,5,C_130,0.0039157134174473,possible recoding or service mix change; cause unconfirmed,caveat; preserve reported codes
RC891,2026-03,2026-04,RTP,SURREY AND SUSSEX HEALTHCARE NHS TRUST,C_120,C_300,5564,5587,23,55,19,-36,0.6388888888888888,-13,C_120,0.0039097161546071,possible recoding or service mix change; cause unconfirmed,caveat; preserve reported codes
RC892,2024-12,2025-01,NEY,PIONEER HEALTHCARE LIMITED,C_110,X04,313,280,-33,4,21,17,0.5151515151515151,-16,C_110,0.0038916792360044,possible recoding or service mix change; cause unconfirmed,caveat; preserve reported codes
RC893,2024-12,2025-01,NT315,SPIRE BUSHEY HOSPITAL,C_110,X05,317,284,-33,17,40,23,0.696969696969697,-10,C_110,0.0038916792360044,possible recoding or service mix change; cause unconfirmed,caveat; preserve reported codes
RC894,2026-03,2026-04,RXW,THE SHREWSBURY AND TELFORD HOSPITAL NHS TRUST,C_400,X02,6,14,8,7,0,-7,0.875,1,C_400,0.003871111347679,possible recoding or service mix change; cause unconfirmed,caveat; preserve reported codes
RC895,2026-03,2026-04,RXW,THE SHREWSBURY AND TELFORD HOSPITAL NHS TRUST,C_101,C_400,1963,1959,-4,6,14,8,0.5,4,C_400,0.003871111347679,possible recoding or service mix change; cause unconfirmed,caveat; preserve reported codes
RC896,2024-08,2024-09,NT233,"NUFFIELD HEALTH, PLYMOUTH HOSPITAL",C_100,C_150,121,105,-16,19,33,14,0.875,-2,C_100,0.0038665555031959,possible recoding or service mix change; cause unconfirmed,caveat; preserve reported codes
RC897,2024-01,2024-02,NNE,DORKING HEALTHCARE LIMITED (DHC),C_400,X03,472,463,-9,0,6,6,0.6666666666666666,-3,C_400,0.0038501026694045,possible recoding or service mix change; cause unconfirmed,caveat; preserve reported codes
RC898,2024-06,2024-07,NT339,SPIRE REGENCY HOSPITAL,C_100,C_502,188,204,16,29,5,-24,0.6666666666666666,-8,C_100,0.0038115112403848,possible recoding or service mix change; cause unconfirmed,caveat; preserve reported codes
RC899,2025-01,2025-02,NVC23,WOODLAND HOSPITAL,C_301,X02,84,99,15,15,4,-11,0.7333333333333333,4,C_301,0.0038051750380517,possible recoding or service mix change; cause unconfirmed,caveat; preserve reported codes
RC900,2025-06,2025-07,NT420,HIGHFIELD HOSPITAL,C_100,X06,78,63,-15,10,23,13,0.8666666666666667,-2,C_100,0.003796315043531,possible recoding or service mix change; cause unconfirmed,caveat; preserve reported codes
RC901,2024-12,2025-01,NEY,PIONEER HEALTHCARE LIMITED,C_130,X04,112,90,-22,4,21,17,0.7727272727272727,-5,C_130,0.00379380988184,possible recoding or service mix change; cause unconfirmed,caveat; preserve reported codes
RC902,2025-07,2025-08,AAH,TETBURY HOSPITAL TRUST LTD,C_100,C_110,58,43,-15,22,35,13,0.8666666666666667,-2,C_100,0.0037927634074186,possible recoding or service mix change; cause unconfirmed,caveat; preserve reported codes
RC903,2024-12,2025-01,S3H9L,THE HAMPTONS HOSPITAL LTD,C_301,X02,141,156,15,37,17,-20,0.75,-5,C_301,0.003789199266411,possible recoding or service mix change; cause unconfirmed,caveat; preserve reported codes
RC904,2026-04,2026-05,NT424,MERIDEN HOSPITAL,C_301,X06,173,159,-14,12,19,7,0.5,-7,C_301,0.0037833032020256,possible recoding or service mix change; cause unconfirmed,caveat; preserve reported codes
RC905,2024-05,2024-06,NT241,"NUFFIELD HEALTH, WOKING HOSPITAL",C_100,X02,51,35,-16,0,21,21,0.7619047619047619,5,C_100,0.0037760072499339,possible recoding or service mix change; cause unconfirmed,caveat; preserve reported codes
RC906,2024-03,2024-04,K8I4X,GLENDON WOOD HOSPITAL,C_100,C_502,98,114,16,23,8,-15,0.9375,1,C_100,0.0037714767924532,possible recoding or service mix change; cause unconfirmed,caveat; preserve reported codes
RC907,2025-08,2025-09,NT233,"NUFFIELD HEALTH, PLYMOUTH HOSPITAL",C_160,C_301,75,59,-16,9,23,14,0.875,-2,C_301,0.0036881024449484,possible recoding or service mix change; cause unconfirmed,caveat; preserve reported codes
RC908,2024-11,2024-12,R1F,ISLE OF WIGHT NHS TRUST,C_100,X03,822,807,-15,0,8,8,0.5333333333333333,-7,C_100,0.0036766508162164,possible recoding or service mix change; cause unconfirmed,caveat; preserve reported codes
RC909,2024-11,2024-12,NTPH5,PRACTICE PLUS GROUP HOSPITAL - PLYMOUTH,C_100,C_130,52,37,-15,35,59,24,0.625,9,C_100,0.0036766508162164,possible recoding or service mix change; cause unconfirmed,caveat; preserve reported codes
RC910,2024-11,2024-12,NT3X3,SPIRE ST ANTHONY'S HOSPITAL,C_100,C_120,491,476,-15,15,28,13,0.8666666666666667,-2,C_100,0.0036766508162164,possible recoding or service mix change; cause unconfirmed,caveat; preserve reported codes
RC911,2025-11,2025-12,RTK,ASHFORD AND ST PETER'S HOSPITALS NHS FOUNDATION TRUST,C_170,C_301,3,12,9,1317,1303,-14,0.6428571428571429,-5,C_301,0.0036722371006114,possible recoding or service mix change; cause unconfirmed,caveat; preserve reported codes
RC912,2024-03,2024-04,H4I8B,NUFFIELD HEALTH THE HOLLY HOSPITAL,C_320,X06,90,75,-15,13,22,9,0.6,-6,C_320,0.0036572075026392,possible recoding or service mix change; cause unconfirmed,caveat; preserve reported codes
RC913,2025-05,2025-06,NT403,BEARDWOOD HOSPITAL,C_110,C_150,1233,1202,-31,22,63,41,0.7560975609756098,10,C_110,0.0036541263337561,possible recoding or service mix change; cause unconfirmed,caveat; preserve reported codes
RC914,2025-08,2025-09,NVC12,OAKLANDS HOSPITAL,C_110,C_301,2866,2835,-31,29,57,28,0.9032258064516128,-3,C_110,0.003601029197377,possible recoding or service mix change; cause unconfirmed,caveat; preserve reported codes
RC915,2025-05,2025-06,NVC09,NEW HALL HOSPITAL,C_101,C_400,216,207,-9,5,13,8,0.8888888888888888,-1,C_400,0.0035941325785654,possible recoding or service mix change; cause unconfirmed,caveat; preserve reported codes
RC916,2025-05,2025-06,NVC09,NEW HALL HOSPITAL,C_400,C_502,5,13,8,151,145,-6,0.75,2,C_400,0.0035941325785654,possible recoding or service mix change; cause unconfirmed,caveat; preserve reported codes
RC917,2025-05,2025-06,RMC,BOLTON NHS FOUNDATION TRUST,C_400,X06,87,95,8,26,10,-16,0.5,-8,C_400,0.0035941325785654,possible recoding or service mix change; cause unconfirmed,caveat; preserve reported codes
RC918,2025-06,2025-07,R1K,LONDON NORTH WEST UNIVERSITY HEALTHCARE NHS TRUST,C_130,X03,1932,1953,21,27,4,-23,0.9130434782608696,-2,C_130,0.0035859492263741,possible recoding or service mix change; cause unconfirmed,caveat; preserve reported codes
RC919,2025-06,2025-07,R1K,LONDON NORTH WEST UNIVERSITY HEALTHCARE NHS TRUST,C_130,X06,1932,1953,21,16,5,-11,0.5238095238095238,10,C_130,0.0035859492263741,possible recoding or service mix change; cause unconfirmed,caveat; preserve reported codes
RC920,2025-09,2025-10,NWF01,BENENDEN HOSPITAL,C_120,C_130,180,158,-22,59,91,32,0.6875,10,C_120,0.0035832136214237,possible recoding or service mix change; cause unconfirmed,caveat; preserve reported codes
RC921,2025-02,2025-03,RQX,HOMERTON HEALTHCARE NHS FOUNDATION TRUST,C_130,X06,22,43,21,239,225,-14,0.6666666666666666,7,C_130,0.0035831041284184,possible recoding or service mix change; cause unconfirmed,caveat; preserve reported codes
RC922,2025-03,2025-04,RWD,UNITED LINCOLNSHIRE TEACHING HOSPITALS NHS TRUST,C_170,C_400,5,0,-5,3309,3317,8,0.625,3,C_400,0.0035762341360488,possible recoding or service mix change; cause unconfirmed,caveat; preserve reported codes
RC923,2025-09,2025-10,NT455,MOUNT ALVERNIA HOSPITAL,C_100,C_301,51,37,-14,11,20,9,0.6428571428571429,-5,C_100,0.0035760537225442,possible recoding or service mix change; cause unconfirmed,caveat; preserve reported codes
RC924,2024-09,2024-10,NVC07,FULWOOD HALL HOSPITAL,C_301,C_502,27,13,-14,882,907,25,0.56,11,C_301,0.0035658887086134,possible recoding or service mix change; cause unconfirmed,caveat; preserve reported codes
RC925,2025-03,2025-04,NN4,TYNESIDE SURGICAL SERVICES LTD,C_110,X06,475,445,-30,12,35,23,0.7666666666666667,-7,C_110,0.003553997062029,possible recoding or service mix change; cause unconfirmed,caveat; preserve reported codes
RC926,2025-04,2025-05,NT345,SPIRE CLARE PARK HOSPITAL,C_100,C_120,113,99,-14,12,22,10,0.7142857142857143,-4,C_100,0.003551244457522,possible recoding or service mix change; cause unconfirmed,caveat; preserve reported codes
RC927,2025-06,2025-07,NT344,SPIRE DUNEDIN HOSPITAL,C_100,X05,61,47,-14,17,28,11,0.7857142857142857,-3,C_100,0.0035432273739623,possible recoding or service mix change; cause unconfirmed,caveat; preserve reported codes
RC928,2025-07,2025-08,R1F,ISLE OF WIGHT NHS TRUST,C_100,X04,855,841,-14,24,41,17,0.8235294117647058,3,C_100,0.0035399125135907,possible recoding or service mix change; cause unconfirmed,caveat; preserve reported codes
RC929,2025-07,2025-08,R1F,ISLE OF WIGHT NHS TRUST,C_100,C_430,855,841,-14,11,33,22,0.6363636363636364,8,C_100,0.0035399125135907,possible recoding or service mix change; cause unconfirmed,caveat; preserve reported codes
RC930,2025-03,2025-04,NTPH5,PRACTICE PLUS GROUP HOSPITAL - PLYMOUTH,C_100,C_301,26,40,14,121,108,-13,0.9285714285714286,1,C_100,0.0035264128321125,possible recoding or service mix change; cause unconfirmed,caveat; preserve reported codes
RC931,2024-10,2024-11,NT427,PARK HOSPITAL,C_110,C_301,663,633,-30,44,71,27,0.9,-3,C_110,0.0035133948177426,possible recoding or service mix change; cause unconfirmed,caveat; preserve reported codes
RC932,2024-04,2024-05,K8I4X,GLENDON WOOD HOSPITAL,C_120,C_130,0,23,23,728,712,-16,0.6956521739130435,7,C_120,0.0035027443240312,possible recoding or service mix change; cause unconfirmed,caveat; preserve reported codes
RC933,2026-04,2026-05,NT451,CAVELL HOSPITAL,C_110,X06,508,537,29,55,27,-28,0.9655172413793104,1,C_110,0.0035025846659258,possible recoding or service mix change; cause unconfirmed,caveat; preserve reported codes
RC934,2025-11,2025-12,NT457,WOODLANDS HOSPITAL,C_130,C_301,458,437,-21,12,30,18,0.8571428571428571,-3,C_130,0.003493066263467,possible recoding or service mix change; cause unconfirmed,caveat; preserve reported codes
RC935,2025-01,2025-02,NVC09,NEW HALL HOSPITAL,C_400,C_502,9,17,8,193,178,-15,0.5333333333333333,-7,C_400,0.0034816668480034,possible recoding or service mix change; cause unconfirmed,caveat; preserve reported codes
RC936,2025-05,2025-06,NVC01,ASHTEAD HOSPITAL,C_301,X02,104,91,-13,5,13,8,0.6153846153846154,-5,C_301,0.003477172363434,possible recoding or service mix change; cause unconfirmed,caveat; preserve reported codes
RC937,2024-02,2024-03,RJN,EAST CHESHIRE NHS TRUST,C_320,X06,841,855,14,26,0,-26,0.5384615384615384,-12,C_320,0.0034541973432287,possible recoding or service mix change; cause unconfirmed,caveat; preserve reported codes
RC938,2024-12,2025-01,NWF01,BENENDEN HOSPITAL,C_130,C_502,295,275,-20,0,21,21,0.9523809523809524,1,C_130,0.0034489180744,possible recoding or service mix change; cause unconfirmed,caveat; preserve reported codes
RC939,2025-01,2025-02,NT337,SPIRE LIVERPOOL HOSPITAL,C_110,C_301,1498,1469,-29,53,99,46,0.6304347826086957,17,C_110,0.0034454081026494,possible recoding or service mix change; cause unconfirmed,caveat; preserve reported codes
RC940,2025-03,2025-04,NT451,CAVELL HOSPITAL,C_120,X06,24,2,-22,96,124,28,0.7857142857142857,6,C_120,0.0034433429225216,possible recoding or service mix change; cause unconfirmed,caveat; preserve reported codes
RC941,2024-11,2024-12,RR7,GATESHEAD HEALTH NHS FOUNDATION TRUST,C_100,C_300,1815,1801,-14,42,67,25,0.56,11,C_100,0.003431540761802,possible recoding or service mix change; cause unconfirmed,caveat; preserve reported codes
RC942,2024-11,2024-12,NT424,MERIDEN HOSPITAL,C_400,X06,14,6,-8,1,5,4,0.5,-4,C_400,0.0034253173770632,possible recoding or service mix change; cause unconfirmed,caveat; preserve reported codes
RC943,2026-03,2026-04,RCB,YORK AND SCARBOROUGH TEACHING HOSPITALS NHS FOUNDATION TRUST,C_100,X04,44,31,-13,1,8,7,0.5384615384615384,-6,C_100,0.0034048527008339,possible recoding or service mix change; cause unconfirmed,caveat; preserve reported codes
RC944,2024-08,2024-09,RVJ,NORTH BRISTOL NHS TRUST,C_170,C_320,15,7,-8,1693,1707,14,0.5714285714285714,6,C_320,0.0033967061655069,possible recoding or service mix change; cause unconfirmed,caveat; preserve reported codes
RC945,2025-07,2025-08,NAM01,PROBUS SURGICAL CENTRE,C_101,C_110,51,94,43,199,170,-29,0.6744186046511628,14,C_110,0.0033859873831104,possible recoding or service mix change; cause unconfirmed,caveat; preserve reported codes
RC946,2025-05,2025-06,RQX,HOMERTON HEALTHCARE NHS FOUNDATION TRUST,C_130,C_300,39,19,-20,244,257,13,0.65,-7,C_130,0.0033763195078676,possible recoding or service mix change; cause unconfirmed,caveat; preserve reported codes
RC947,2025-05,2025-06,RQX,HOMERTON HEALTHCARE NHS FOUNDATION TRUST,C_130,X05,39,19,-20,262,287,25,0.8,5,C_130,0.0033763195078676,possible recoding or service mix change; cause unconfirmed,caveat; preserve reported codes
RC948,2025-05,2025-06,RQX,HOMERTON HEALTHCARE NHS FOUNDATION TRUST,C_130,C_400,39,19,-20,712,739,27,0.7407407407407407,7,C_130,0.0033763195078676,possible recoding or service mix change; cause unconfirmed,caveat; preserve reported codes
RC949,2024-03,2024-04,RHQ,SHEFFIELD TEACHING HOSPITALS NHS FOUNDATION TRUST,C_120,C_300,5221,5199,-22,7,18,11,0.5,-11,C_120,0.0033729708513991,possible recoding or service mix change; cause unconfirmed,caveat; preserve reported codes
RC950,2025-12,2026-01,NT437,SLOANE HOSPITAL,C_100,C_150,121,108,-13,2,13,11,0.8461538461538461,-2,C_100,0.0033672824476517,possible recoding or service mix change; cause unconfirmed,caveat; preserve reported codes
RC951,2025-09,2025-10,RPC,QUEEN VICTORIA HOSPITAL NHS FOUNDATION TRUST,C_320,X02,277,264,-13,12,20,8,0.6153846153846154,-5,C_320,0.0033546049694601,possible recoding or service mix change; cause unconfirmed,caveat; preserve reported codes
RC952,2025-09,2025-10,RPC,QUEEN VICTORIA HOSPITAL NHS FOUNDATION TRUST,C_320,X04,277,264,-13,15,36,21,0.6190476190476191,8,C_320,0.0033546049694601,possible recoding or service mix change; cause unconfirmed,caveat; preserve reported codes
RC953,2024-02,2024-03,NWX,HERE,C_100,X06,21,35,14,849,838,-11,0.7857142857142857,3,C_100,0.0033228189846889,possible recoding or service mix change; cause unconfirmed,caveat; preserve reported codes
RC954,2024-07,2024-08,RXF,MID YORKSHIRE TEACHING NHS TRUST,C_100,C_300,2185,2171,-14,39,63,24,0.5833333333333334,10,C_100,0.003320037374135,possible recoding or service mix change; cause unconfirmed,caveat; preserve reported codes
RC955,2025-04,2025-05,NT351,SPIRE HULL AND EAST RIDING HOSPITAL,C_110,C_160,979,1007,28,110,54,-56,0.5,-28,C_110,0.0033199035330887,possible recoding or service mix change; cause unconfirmed,caveat; preserve reported codes
RC956,2024-01,2024-02,NT409,CHELSFIELD PARK HOSPITAL,C_100,C_120,112,98,-14,10,18,8,0.5714285714285714,-6,C_100,0.0033182746867785,possible recoding or service mix change; cause unconfirmed,caveat; preserve reported codes
RC957,2024-09,2024-10,NN4,TYNESIDE SURGICAL SERVICES LTD,C_301,X06,206,193,-13,0,10,10,0.7692307692307693,-3,C_301,0.0033111823722838,possible recoding or service mix change; cause unconfirmed,caveat; preserve reported codes
RC958,2024-09,2024-10,NT233,"NUFFIELD HEALTH, PLYMOUTH HOSPITAL",C_150,C_301,33,54,21,23,10,-13,0.6190476190476191,8,C_301,0.0033111823722838,possible recoding or service mix change; cause unconfirmed,caveat; preserve reported codes
RC959,2024-03,2024-04,RPY,THE ROYAL MARSDEN NHS FOUNDATION TRUST,C_100,X04,117,103,-14,4,11,7,0.5,-7,C_100,0.0033000421933966,possible recoding or service mix change; cause unconfirmed,caveat; preserve reported codes
RC960,2024-09,2024-10,RPC,QUEEN VICTORIA HOSPITAL NHS FOUNDATION TRUST,C_120,X03,123,144,21,37,0,-37,0.5675675675675675,-16,C_120,0.0032933582373946,possible recoding or service mix change; cause unconfirmed,caveat; preserve reported codes
RC961,2025-05,2025-06,RMC,BOLTON NHS FOUNDATION TRUST,C_320,X06,3016,3029,13,26,10,-16,0.8125,-3,C_320,0.0032885833036095,possible recoding or service mix change; cause unconfirmed,caveat; preserve reported codes
RC962,2024-11,2024-12,RJ1,GUY'S AND ST THOMAS' NHS FOUNDATION TRUST,C_150,C_301,21,10,-11,3239,3252,13,0.8461538461538461,2,C_301,0.0032775147362104,possible recoding or service mix change; cause unconfirmed,caveat; preserve reported codes
RC963,2024-12,2025-01,RP5,DONCASTER AND BASSETLAW TEACHING HOSPITALS NHS FOUNDATION TRUST,C_130,C_300,3971,3952,-19,46,71,25,0.76,6,C_130,0.00327647217068,possible recoding or service mix change; cause unconfirmed,caveat; preserve reported codes
RC964,2025-03,2025-04,NT421,KINGS OAK HOSPITAL,C_100,C_120,108,121,13,26,4,-22,0.5909090909090909,-9,C_100,0.0032745262012473,possible recoding or service mix change; cause unconfirmed,caveat; preserve reported codes
RC965,2025-07,2025-08,REM,LIVERPOOL UNIVERSITY HOSPITALS NHS FOUNDATION TRUST,C_110,C_300,5113,5085,-28,9,25,16,0.5714285714285714,-12,C_110,0.0032692291974859,possible recoding or service mix change; cause unconfirmed,caveat; preserve reported codes
RC966,2026-04,2026-05,NT324,SPIRE CHESHIRE HOSPITAL,C_160,C_301,66,51,-15,0,12,12,0.8,-3,C_301,0.003242831316022,possible recoding or service mix change; cause unconfirmed,caveat; preserve reported codes
RC967,2025-03,2025-04,RMP,TAMESIDE AND GLOSSOP INTEGRATED CARE NHS FOUNDATION TRUST,C_130,C_320,36,55,19,997,959,-38,0.5,-19,C_130,0.0032277847713114,possible recoding or service mix change; cause unconfirmed,caveat; preserve reported codes
RC968,2024-05,2024-06,NVC23,WOODLAND HOSPITAL,C_110,C_400,3544,3517,-27,9,42,33,0.8181818181818182,6,C_110,0.0032141211818918,possible recoding or service mix change; cause unconfirmed,caveat; preserve reported codes
RC969,2024-05,2024-06,NVC23,WOODLAND HOSPITAL,C_110,C_120,3544,3517,-27,6,30,24,0.8888888888888888,-3,C_110,0.0032141211818918,possible recoding or service mix change; cause unconfirmed,caveat; preserve reported codes
RC970,2025-06,2025-07,NT420,HIGHFIELD HOSPITAL,C_301,X06,156,144,-12,10,23,13,0.9230769230769232,1,C_301,0.0032009218654972,possible recoding or service mix change; cause unconfirmed,caveat; preserve reported codes
RC971,2025-03,2025-04,R1K,LONDON NORTH WEST UNIVERSITY HEALTHCARE NHS TRUST,C_110,C_430,7171,7144,-27,65,113,48,0.5625,21,C_110,0.0031985973558261,possible recoding or service mix change; cause unconfirmed,caveat; preserve reported codes
RC972,2025-11,2025-12,RJ1,GUY'S AND ST THOMAS' NHS FOUNDATION TRUST,C_110,X03,4442,4469,27,26,6,-20,0.7407407407407407,7,C_110,0.0031977033384022,possible recoding or service mix change; cause unconfirmed,caveat; preserve reported codes
RC973,2024-06,2024-07,NT339,SPIRE REGENCY HOSPITAL,C_120,C_502,123,144,21,29,5,-24,0.875,-3,C_120,0.0031942029779098,possible recoding or service mix change; cause unconfirmed,caveat; preserve reported codes
RC974,2025-06,2025-07,NT351,SPIRE HULL AND EAST RIDING HOSPITAL,C_110,C_502,1024,1051,27,44,1,-43,0.627906976744186,-16,C_110,0.0031860173956549,possible recoding or service mix change; cause unconfirmed,caveat; preserve reported codes
RC975,2024-01,2024-02,NT312,SPIRE ALEXANDRA HOSPITAL,C_120,X05,0,20,20,554,518,-36,0.5555555555555556,-16,C_120,0.0031853727682482,possible recoding or service mix change; cause unconfirmed,caveat; preserve reported codes
RC976,2025-09,2025-10,RMC,BOLTON NHS FOUNDATION TRUST,C_130,C_300,3796,3815,19,27,13,-14,0.7368421052631579,5,C_130,0.0031741099545099,possible recoding or service mix change; cause unconfirmed,caveat; preserve reported codes
RC977,2025-09,2025-10,NVC02,THE BERKSHIRE INDEPENDENT HOSPITAL,C_130,C_502,33,52,19,63,46,-17,0.8947368421052632,2,C_130,0.0031741099545099,possible recoding or service mix change; cause unconfirmed,caveat; preserve reported codes
RC978,2025-11,2025-12,NVC02,THE BERKSHIRE INDEPENDENT HOSPITAL,C_130,C_502,53,34,-19,31,48,17,0.8947368421052632,-2,C_130,0.0031603932859939,possible recoding or service mix change; cause unconfirmed,caveat; preserve reported codes
RC979,2025-11,2025-12,RJN,EAST CHESHIRE NHS TRUST,C_130,C_300,2422,2441,19,27,13,-14,0.7368421052631579,5,C_130,0.0031603932859939,possible recoding or service mix change; cause unconfirmed,caveat; preserve reported codes
RC980,2024-09,2024-10,NT218,"NUFFIELD HEALTH, HAYWARDS HEATH HOSPITAL",C_100,C_110,50,37,-13,0,14,14,0.9285714285714286,1,C_100,0.0031504153701495,possible recoding or service mix change; cause unconfirmed,caveat; preserve reported codes
RC981,2024-09,2024-10,RTK,ASHFORD AND ST PETER'S HOSPITALS NHS FOUNDATION TRUST,C_100,C_170,675,688,13,14,4,-10,0.7692307692307693,3,C_100,0.0031504153701495,possible recoding or service mix change; cause unconfirmed,caveat; preserve reported codes
RC982,2025-10,2025-11,NTPAD,PRACTICE PLUS GROUP SURGICAL CENTRE - ST MARYS PORTSMOUTH,C_100,C_320,405,417,12,9,0,-9,0.75,3,C_100,0.0031473593654923,possible recoding or service mix change; cause unconfirmed,caveat; preserve reported codes
RC983,2025-09,2025-10,NVC13,OAKS HOSPITAL,C_101,C_301,60,52,-8,3,15,12,0.6666666666666666,4,C_301,0.0031376814625779,possible recoding or service mix change; cause unconfirmed,caveat; preserve reported codes
RC984,2024-07,2024-08,AAH,TETBURY HOSPITAL TRUST LTD,C_130,X06,156,137,-19,8,18,10,0.5263157894736842,-9,C_130,0.0031239107416492,possible recoding or service mix change; cause unconfirmed,caveat; preserve reported codes
RC985,2024-03,2024-04,NT421,KINGS OAK HOSPITAL,C_110,X06,674,700,26,17,0,-17,0.6538461538461539,9,C_110,0.0031216045047154,possible recoding or service mix change; cause unconfirmed,caveat; preserve reported codes
RC986,2025-02,2025-03,RMC,BOLTON NHS FOUNDATION TRUST,C_400,X06,64,71,7,14,6,-8,0.875,-1,C_400,0.003095701397488,possible recoding or service mix change; cause unconfirmed,caveat; preserve reported codes
RC987,2025-08,2025-09,REM,LIVERPOOL UNIVERSITY HOSPITALS NHS FOUNDATION TRUST,C_300,C_320,25,44,19,2109,2097,-12,0.631578947368421,7,C_320,0.0030891688591184,possible recoding or service mix change; cause unconfirmed,caveat; preserve reported codes
RC988,2024-07,2024-08,RGN,NORTH WEST ANGLIA NHS FOUNDATION TRUST,C_100,C_300,6707,6694,-13,15,26,11,0.8461538461538461,-2,C_100,0.003082891847411,possible recoding or service mix change; cause unconfirmed,caveat; preserve reported codes
RC989,2024-07,2024-08,G3Q3Z,NUFFIELD HEALTH HIGHGATE HOSPITAL,C_100,C_160,159,172,13,17,7,-10,0.7692307692307693,3,C_100,0.003082891847411,possible recoding or service mix change; cause unconfirmed,caveat; preserve reported codes
RC990,2024-05,2024-06,NT3X3,SPIRE ST ANTHONY'S HOSPITAL,C_150,C_301,8,14,6,20,8,-12,0.5,-6,C_301,0.0030691871513595,possible recoding or service mix change; cause unconfirmed,caveat; preserve reported codes
RC991,2024-05,2024-06,NT490,SOUTHEND PRIVATE HOSPITAL,C_100,C_330,92,79,-13,10,25,15,0.8666666666666667,2,C_100,0.0030680058905713,possible recoding or service mix change; cause unconfirmed,caveat; preserve reported codes
RC992,2025-05,2025-06,NT420,HIGHFIELD HOSPITAL,C_110,X06,728,754,26,24,10,-14,0.5384615384615384,12,C_110,0.0030647511186341,possible recoding or service mix change; cause unconfirmed,caveat; preserve reported codes
RC993,2026-02,2026-03,NT410,CHILTERN HOSPITAL,C_110,X06,300,275,-25,5,28,23,0.92,-2,C_110,0.0030562235101827,possible recoding or service mix change; cause unconfirmed,caveat; preserve reported codes
RC994,2025-04,2025-05,NTPAD,PRACTICE PLUS GROUP SURGICAL CENTRE - ST MARYS PORTSMOUTH,C_130,C_320,441,459,18,13,2,-11,0.6111111111111112,7,C_130,0.0030531968667415,possible recoding or service mix change; cause unconfirmed,caveat; preserve reported codes
RC995,2024-11,2024-12,RR7,GATESHEAD HEALTH NHS FOUNDATION TRUST,C_110,C_300,1581,1555,-26,42,67,25,0.9615384615384616,-1,C_110,0.0030473440052883,possible recoding or service mix change; cause unconfirmed,caveat; preserve reported codes
RC996,2025-07,2025-08,NEY,PIONEER HEALTHCARE LIMITED,C_120,X06,109,90,-19,31,53,22,0.8636363636363636,3,C_120,0.0030466490067924,possible recoding or service mix change; cause unconfirmed,caveat; preserve reported codes
RC997,2025-05,2025-06,NVC01,ASHTEAD HOSPITAL,C_100,X02,201,189,-12,5,13,8,0.6666666666666666,-4,C_100,0.003038059287727,possible recoding or service mix change; cause unconfirmed,caveat; preserve reported codes
RC998,2025-05,2025-06,NVC06,FITZWILLIAM HOSPITAL,C_100,C_410,387,399,12,14,5,-9,0.75,3,C_100,0.003038059287727,possible recoding or service mix change; cause unconfirmed,caveat; preserve reported codes
RC999,2025-06,2025-07,NT333,SPIRE WASHINGTON HOSPITAL,C_100,C_160,108,120,12,9,3,-6,0.5,6,C_100,0.0030370520348248,possible recoding or service mix change; cause unconfirmed,caveat; preserve reported codes
RC1000,2025-07,2025-08,NT313,SPIRE WELLESLEY HOSPITAL,C_100,C_160,113,125,12,32,15,-17,0.7058823529411765,-5,C_100,0.0030342107259349,possible recoding or service mix change; cause unconfirmed,caveat; preserve reported codes
RC1001,2024-12,2025-01,NVC1H,STOURSIDE HOSPITAL,C_301,X06,8,20,12,16,8,-8,0.6666666666666666,4,C_301,0.0030313594131288,possible recoding or service mix change; cause unconfirmed,caveat; preserve reported codes
RC1002,2024-12,2025-01,NVC1H,STOURSIDE HOSPITAL,C_301,X02,8,20,12,130,113,-17,0.7058823529411765,-5,C_301,0.0030313594131288,possible recoding or service mix change; cause unconfirmed,caveat; preserve reported codes
RC1003,2024-12,2025-01,NVC1H,STOURSIDE HOSPITAL,C_101,C_301,256,240,-16,8,20,12,0.75,-4,C_301,0.0030313594131288,possible recoding or service mix change; cause unconfirmed,caveat; preserve reported codes
RC1004,2024-02,2024-03,NT347,SPIRE FYLDE COAST HOSPITAL,C_150,C_400,135,141,6,7,0,-7,0.8571428571428571,-1,C_400,0.0030200922422459,possible recoding or service mix change; cause unconfirmed,caveat; preserve reported codes
RC1005,2024-08,2024-09,RHQ,SHEFFIELD TEACHING HOSPITALS NHS FOUNDATION TRUST,C_130,C_300,4548,4566,18,22,2,-20,0.9,-2,C_130,0.0029981311649072,possible recoding or service mix change; cause unconfirmed,caveat; preserve reported codes
RC1006,2024-08,2024-09,NVC23,WOODLAND HOSPITAL,C_400,X02,33,26,-7,5,16,11,0.6363636363636364,4,C_400,0.0029822767552828,possible recoding or service mix change; cause unconfirmed,caveat; preserve reported codes
RC1007,2024-08,2024-09,NVC23,WOODLAND HOSPITAL,C_330,C_400,0,5,5,33,26,-7,0.7142857142857143,-2,C_400,0.0029822767552828,possible recoding or service mix change; cause unconfirmed,caveat; preserve reported codes
RC1008,2024-01,2024-02,RR7,GATESHEAD HEALTH NHS FOUNDATION TRUST,C_110,C_300,1665,1690,25,52,24,-28,0.8928571428571429,-3,C_110,0.0029678733644049,possible recoding or service mix change; cause unconfirmed,caveat; preserve reported codes
RC1009,2024-12,2025-01,NT3X3,SPIRE ST ANTHONY'S HOSPITAL,C_110,C_301,509,484,-25,8,30,22,0.88,-3,C_110,0.0029482418454578,possible recoding or service mix change; cause unconfirmed,caveat; preserve reported codes
RC1010,2026-03,2026-04,NVC02,THE BERKSHIRE INDEPENDENT HOSPITAL,C_101,C_130,253,231,-22,19,37,18,0.8181818181818182,-4,C_130,0.0029473987568527,possible recoding or service mix change; cause unconfirmed,caveat; preserve reported codes
RC1011,2024-06,2024-07,RVV,EAST KENT HOSPITALS UNIVERSITY NHS FOUNDATION TRUST,C_110,C_300,5929,5954,25,21,6,-15,0.6,10,C_110,0.0029377997290173,possible recoding or service mix change; cause unconfirmed,caveat; preserve reported codes
RC1012,2025-07,2025-08,NT427,PARK HOSPITAL,C_301,X06,73,62,-11,7,14,7,0.6363636363636364,-4,C_301,0.0029133747738823,possible recoding or service mix change; cause unconfirmed,caveat; preserve reported codes
RC1013,2024-09,2024-10,AAH,TETBURY HOSPITAL TRUST LTD,C_100,C_101,41,29,-12,33,54,21,0.5714285714285714,9,C_100,0.0029080757262919,possible recoding or service mix change; cause unconfirmed,caveat; preserve reported codes
RC1014,2025-08,2025-09,RAN,ROYAL NATIONAL ORTHOPAEDIC HOSPITAL NHS TRUST,C_160,C_301,6,13,7,30,19,-11,0.6363636363636364,-4,C_301,0.0028977947781738,possible recoding or service mix change; cause unconfirmed,caveat; preserve reported codes
RC1015,2026-04,2026-05,RXW,THE SHREWSBURY AND TELFORD HOSPITAL NHS TRUST,C_400,X02,14,8,-6,0,10,10,0.6,4,C_400,0.0028904379495233,possible recoding or service mix change; cause unconfirmed,caveat; preserve reported codes
RC1016,2024-05,2024-06,NVC12,OAKLANDS HOSPITAL,C_120,C_320,68,49,-19,23,38,15,0.7894736842105263,-4,C_120,0.0028856215552892,possible recoding or service mix change; cause unconfirmed,caveat; preserve reported codes
RC1017,2024-02,2024-03,RJ2,LEWISHAM AND GREENWICH NHS TRUST,C_110,X06,6242,6218,-24,3,15,12,0.5,-12,C_110,0.0028727067720471,possible recoding or service mix change; cause unconfirmed,caveat; preserve reported codes
RC1018,2024-09,2024-10,RQX,HOMERTON HEALTHCARE NHS FOUNDATION TRUST,C_130,X02,32,49,17,2734,2718,-16,0.9411764705882352,1,C_130,0.0028627143246856,possible recoding or service mix change; cause unconfirmed,caveat; preserve reported codes
RC1019,2025-10,2025-11,G3Z1Q,SULIS HOSPITAL BATH (FOXCOTE AVENUE),C_130,X02,356,373,17,13,0,-13,0.7647058823529411,4,C_130,0.0028433799424633,possible recoding or service mix change; cause unconfirmed,caveat; preserve reported codes
RC1020,2025-03,2025-04,NT410,CHILTERN HOSPITAL,C_301,X06,30,19,-11,10,16,6,0.5454545454545454,-5,C_301,0.0028422670955906,possible recoding or service mix change; cause unconfirmed,caveat; preserve reported codes
RC1021,2025-06,2025-07,RWJ,STOCKPORT NHS FOUNDATION TRUST,C_170,C_320,3,11,8,3849,3838,-11,0.7272727272727273,-3,C_320,0.0028328903722933,possible recoding or service mix change; cause unconfirmed,caveat; preserve reported codes
RC1022,2025-03,2025-04,RMP,TAMESIDE AND GLOSSOP INTEGRATED CARE NHS FOUNDATION TRUST,C_120,C_130,1706,1688,-18,36,55,19,0.9473684210526316,1,C_120,0.0028172805729722,possible recoding or service mix change; cause unconfirmed,caveat; preserve reported codes
RC1023,2024-01,2024-02,NNE,DORKING HEALTHCARE LIMITED (DHC),C_301,X03,238,227,-11,0,6,6,0.5454545454545454,-5,C_301,0.0028172621334357,possible recoding or service mix change; cause unconfirmed,caveat; preserve reported codes
RC1024,2024-02,2024-03,F9Z4V,CIRCLE READING HOSPITAL,C_120,C_502,34,52,18,125,115,-10,0.5555555555555556,8,C_120,0.0028152932988199,possible recoding or service mix change; cause unconfirmed,caveat; preserve reported codes
RC1025,2024-05,2024-06,NEQ,PHOENIX HEALTH SOLUTIONS LIMITED HQ,C_301,C_502,282,293,11,6,0,-6,0.5454545454545454,5,C_301,0.0028134215554128,possible recoding or service mix change; cause unconfirmed,caveat; preserve reported codes
RC1026,2025-09,2025-10,R0F4N,NUFFIELD HEALTH PARKSIDE HOSPITAL,C_100,C_120,20,31,11,91,75,-16,0.6875,-5,C_100,0.0028097564962847,possible recoding or service mix change; cause unconfirmed,caveat; preserve reported codes
RC1027,2025-09,2025-10,R0F4N,NUFFIELD HEALTH PARKSIDE HOSPITAL,C_100,C_101,20,31,11,365,354,-11,1.0,0,C_100,0.0028097564962847,possible recoding or service mix change; cause unconfirmed,caveat; preserve reported codes
RC1028,2025-09,2025-10,NT490,SOUTHEND PRIVATE HOSPITAL,C_100,C_110,8,19,11,112,96,-16,0.6875,-5,C_100,0.0028097564962847,possible recoding or service mix change; cause unconfirmed,caveat; preserve reported codes
RC1029,2026-03,2026-04,NT348,SPIRE ELLAND HOSPITAL,C_110,C_160,762,739,-23,0,15,15,0.6521739130434783,-8,C_110,0.002805045667363,possible recoding or service mix change; cause unconfirmed,caveat; preserve reported codes
RC1030,2024-07,2024-08,RXF,MID YORKSHIRE TEACHING NHS TRUST,C_130,C_300,5224,5207,-17,39,63,24,0.7083333333333334,7,C_130,0.0027950780320019,possible recoding or service mix change; cause unconfirmed,caveat; preserve reported codes
RC1031,2025-06,2025-07,RRV,UNIVERSITY COLLEGE LONDON HOSPITALS NHS FOUNDATION TRUST,C_100,X04,18,29,11,5079,5070,-9,0.8181818181818182,2,C_100,0.0027839643652561,possible recoding or service mix change; cause unconfirmed,caveat; preserve reported codes
RC1032,2025-06,2025-07,NT441,THREE SHIRES HOSPITAL,C_100,C_301,515,504,-11,10,31,21,0.5238095238095238,10,C_100,0.0027839643652561,possible recoding or service mix change; cause unconfirmed,caveat; preserve reported codes
RC1033,2025-06,2025-07,RRV,UNIVERSITY COLLEGE LONDON HOSPITALS NHS FOUNDATION TRUST,C_100,C_120,18,29,11,6607,6597,-10,0.9090909090909092,1,C_100,0.0027839643652561,possible recoding or service mix change; cause unconfirmed,caveat; preserve reported codes
RC1034,2025-06,2025-07,RRV,UNIVERSITY COLLEGE LONDON HOSPITALS NHS FOUNDATION TRUST,C_100,C_410,18,29,11,1330,1322,-8,0.7272727272727273,3,C_100,0.0027839643652561,possible recoding or service mix change; cause unconfirmed,caveat; preserve reported codes
RC1035,2025-06,2025-07,RRV,UNIVERSITY COLLEGE LONDON HOSPITALS NHS FOUNDATION TRUST,C_100,C_340,18,29,11,708,693,-15,0.7333333333333333,-4,C_100,0.0027839643652561,possible recoding or service mix change; cause unconfirmed,caveat; preserve reported codes
RC1036,2025-06,2025-07,RRV,UNIVERSITY COLLEGE LONDON HOSPITALS NHS FOUNDATION TRUST,C_100,C_320,18,29,11,1092,1086,-6,0.5454545454545454,5,C_100,0.0027839643652561,possible recoding or service mix change; cause unconfirmed,caveat; preserve reported codes
RC1037,2024-07,2024-08,G3Q3Z,NUFFIELD HEALTH HIGHGATE HOSPITAL,C_120,C_160,162,180,18,17,7,-10,0.5555555555555556,8,C_120,0.0027648622868175,possible recoding or service mix change; cause unconfirmed,caveat; preserve reported codes
RC1038,2025-04,2025-05,NTPAD,PRACTICE PLUS GROUP SURGICAL CENTRE - ST MARYS PORTSMOUTH,C_101,C_320,122,138,16,13,2,-11,0.6875,5,C_320,0.0027497387748163,possible recoding or service mix change; cause unconfirmed,caveat; preserve reported codes
RC1039,2024-04,2024-05,NT239,"NUFFIELD HEALTH, TUNBRIDGE WELLS HOSPITAL",C_110,X05,169,146,-23,0,39,39,0.5897435897435898,16,C_110,0.0027455113873069,possible recoding or service mix change; cause unconfirmed,caveat; preserve reported codes
RC1040,2025-02,2025-03,ADP02,KIMS HOSPITAL (NEWNHAM COURT),C_110,C_130,796,819,23,12,0,-12,0.5217391304347826,11,C_110,0.0027281375360885,possible recoding or service mix change; cause unconfirmed,caveat; preserve reported codes
RC1041,2024-12,2025-01,NT215,"NUFFIELD HEALTH, EXETER HOSPITAL",C_100,C_110,0,11,11,254,245,-9,0.8181818181818182,2,C_100,0.0027032274077769,possible recoding or service mix change; cause unconfirmed,caveat; preserve reported codes
RC1042,2024-12,2025-01,S3H9L,THE HAMPTONS HOSPITAL LTD,C_100,X02,7,18,11,37,17,-20,0.55,-9,C_100,0.0027032274077769,possible recoding or service mix change; cause unconfirmed,caveat; preserve reported codes
RC1043,2024-12,2025-01,S3H9L,THE HAMPTONS HOSPITAL LTD,C_100,C_330,7,18,11,335,327,-8,0.7272727272727273,3,C_100,0.0027032274077769,possible recoding or service mix change; cause unconfirmed,caveat; preserve reported codes
RC1044,2026-04,2026-05,RXW,THE SHREWSBURY AND TELFORD HOSPITAL NHS TRUST,C_301,X02,1824,1814,-10,0,10,10,1.0,0,C_301,0.0027023594300183,possible recoding or service mix change; cause unconfirmed,caveat; preserve reported codes
RC1045,2024-08,2024-09,NVC20,THE YORKSHIRE CLINIC,C_110,C_300,1652,1675,23,28,0,-28,0.8214285714285714,-5,C_110,0.0026998886002486,possible recoding or service mix change; cause unconfirmed,caveat; preserve reported codes
RC1046,2025-01,2025-02,S3H9L,THE HAMPTONS HOSPITAL LTD,C_100,X02,18,29,11,17,10,-7,0.6363636363636364,4,C_100,0.0026984594249828,possible recoding or service mix change; cause unconfirmed,caveat; preserve reported codes
RC1047,2024-11,2024-12,NT315,SPIRE BUSHEY HOSPITAL,C_110,X05,340,317,-23,1,17,16,0.6956521739130435,-7,C_110,0.0026957273892935,possible recoding or service mix change; cause unconfirmed,caveat; preserve reported codes
RC1048,2024-10,2024-11,NT430,RIDGEWAY HOSPITAL,C_100,C_502,10,21,11,11,4,-7,0.6363636363636364,4,C_100,0.0026890526223152,possible recoding or service mix change; cause unconfirmed,caveat; preserve reported codes
RC1049,2024-10,2024-11,NT430,RIDGEWAY HOSPITAL,C_100,C_130,10,21,11,306,296,-10,0.9090909090909092,1,C_100,0.0026890526223152,possible recoding or service mix change; cause unconfirmed,caveat; preserve reported codes
RC1050,2024-10,2024-11,NT430,RIDGEWAY HOSPITAL,C_100,C_110,10,21,11,12,2,-10,0.9090909090909092,1,C_100,0.0026890526223152,possible recoding or service mix change; cause unconfirmed,caveat; preserve reported codes
RC1051,2025-03,2025-04,NT424,MERIDEN HOSPITAL,C_400,X06,7,1,-6,7,15,8,0.75,2,C_400,0.0026821756020366,possible recoding or service mix change; cause unconfirmed,caveat; preserve reported codes
RC1052,2025-09,2025-10,NVC13,OAKS HOSPITAL,C_110,C_301,283,260,-23,3,15,12,0.5217391304347826,-11,C_110,0.0026778499891721,possible recoding or service mix change; cause unconfirmed,caveat; preserve reported codes
RC1053,2025-10,2025-11,NTE02,ST HUGH'S HOSPITAL,C_130,C_301,56,72,16,44,19,-25,0.64,-9,C_130,0.002676122298789,possible recoding or service mix change; cause unconfirmed,caveat; preserve reported codes
RC1054,2025-05,2025-06,RBD,DORSET COUNTY HOSPITAL NHS FOUNDATION TRUST,C_300,C_301,6,11,5,1191,1181,-10,0.5,-5,C_301,0.0026747479718723,possible recoding or service mix change; cause unconfirmed,caveat; preserve reported codes
RC1055,2026-02,2026-03,NT3X3,SPIRE ST ANTHONY'S HOSPITAL,C_320,C_502,14,4,-10,28,44,16,0.625,6,C_320,0.0026707047722823,possible recoding or service mix change; cause unconfirmed,caveat; preserve reported codes
RC1056,2024-04,2024-05,NVC12,OAKLANDS HOSPITAL,C_101,C_320,324,306,-18,12,23,11,0.6111111111111112,-7,C_320,0.002667449118408,possible recoding or service mix change; cause unconfirmed,caveat; preserve reported codes
RC1057,2024-09,2024-10,NT405,BISHOPS WOOD HOSPITAL,C_100,X06,65,54,-11,6,12,6,0.5454545454545454,-5,C_100,0.0026657360824342,possible recoding or service mix change; cause unconfirmed,caveat; preserve reported codes
RC1058,2026-04,2026-05,NT449,LANCASTER PRIVATE HOSPITAL,C_110,C_502,243,221,-22,30,47,17,0.7727272727272727,-5,C_110,0.0026571331948403,possible recoding or service mix change; cause unconfirmed,caveat; preserve reported codes
RC1059,2025-11,2025-12,RH5,SOMERSET NHS FOUNDATION TRUST,C_170,C_301,12,20,8,2334,2324,-10,0.8,-2,C_301,0.0026230265004367,possible recoding or service mix change; cause unconfirmed,caveat; preserve reported codes
RC1060,2026-04,2026-05,NT424,MERIDEN HOSPITAL,C_100,X06,336,326,-10,12,19,7,0.7,-3,C_100,0.0026212525917635,possible recoding or service mix change; cause unconfirmed,caveat; preserve reported codes
RC1061,2026-04,2026-05,NT325,SPIRE MURRAYFIELD HOSPITAL,C_100,C_301,246,236,-10,0,7,7,0.7,-3,C_100,0.0026212525917635,possible recoding or service mix change; cause unconfirmed,caveat; preserve reported codes
RC1062,2024-07,2024-08,NT239,"NUFFIELD HEALTH, TUNBRIDGE WELLS HOSPITAL",C_120,X05,36,53,17,37,17,-20,0.85,-3,C_120,0.0026112588264388,possible recoding or service mix change; cause unconfirmed,caveat; preserve reported codes
RC1063,2024-02,2024-03,NT424,MERIDEN HOSPITAL,C_100,C_400,212,223,11,8,2,-6,0.5454545454545454,5,C_100,0.0026107863451127,possible recoding or service mix change; cause unconfirmed,caveat; preserve reported codes
RC1064,2024-02,2024-03,NT233,"NUFFIELD HEALTH, PLYMOUTH HOSPITAL",C_100,C_502,89,100,11,25,5,-20,0.55,-9,C_100,0.0026107863451127,possible recoding or service mix change; cause unconfirmed,caveat; preserve reported codes
RC1065,2024-07,2024-08,RHW,ROYAL BERKSHIRE NHS FOUNDATION TRUST,C_100,X05,2071,2060,-11,19,33,14,0.7857142857142857,3,C_100,0.0026086007939632,possible recoding or service mix change; cause unconfirmed,caveat; preserve reported codes
RC1066,2026-01,2026-02,NVC1H,STOURSIDE HOSPITAL,C_100,C_301,533,523,-10,7,15,8,0.8,-2,C_100,0.0025974093439203,possible recoding or service mix change; cause unconfirmed,caveat; preserve reported codes
RC1067,2024-03,2024-04,NT316,SPIRE HARPENDEN HOSPITAL,C_100,X05,112,123,11,17,3,-14,0.7857142857142857,-3,C_100,0.0025928902948116,possible recoding or service mix change; cause unconfirmed,caveat; preserve reported codes
RC1068,2025-12,2026-01,RHM,UNIVERSITY HOSPITAL SOUTHAMPTON NHS FOUNDATION TRUST,C_100,X03,902,912,10,7,0,-7,0.7,3,C_100,0.0025902172674243,possible recoding or service mix change; cause unconfirmed,caveat; preserve reported codes
RC1069,2025-03,2025-04,K8I4X,GLENDON WOOD HOSPITAL,C_301,C_502,210,220,10,9,2,-7,0.7,3,C_301,0.0025838791778096,possible recoding or service mix change; cause unconfirmed,caveat; preserve reported codes
RC1070,2024-11,2024-12,NVC18,SPRINGFIELD HOSPITAL,C_160,C_400,16,9,-7,0,6,6,0.8571428571428571,-1,C_400,0.0025689880327974,possible recoding or service mix change; cause unconfirmed,caveat; preserve reported codes
RC1071,2026-02,2026-03,RVJ,NORTH BRISTOL NHS TRUST,C_110,C_170,5347,5368,21,22,7,-15,0.7142857142857143,6,C_110,0.0025672277485534,possible recoding or service mix change; cause unconfirmed,caveat; preserve reported codes
RC1072,2024-08,2024-09,RAS,THE HILLINGDON HOSPITALS NHS FOUNDATION TRUST,C_160,C_301,13,6,-7,957,967,10,0.7,3,C_301,0.0025624533953788,possible recoding or service mix change; cause unconfirmed,caveat; preserve reported codes
RC1073,2025-06,2025-07,NVC02,THE BERKSHIRE INDEPENDENT HOSPITAL,C_130,C_502,23,38,15,71,56,-15,1.0,0,C_130,0.0025613923045529,possible recoding or service mix change; cause unconfirmed,caveat; preserve reported codes
RC1074,2025-06,2025-07,NVC02,THE BERKSHIRE INDEPENDENT HOSPITAL,C_130,C_301,23,38,15,25,6,-19,0.7894736842105263,-4,C_130,0.0025613923045529,possible recoding or service mix change; cause unconfirmed,caveat; preserve reported codes
RC1075,2024-07,2024-08,NT449,LANCASTER HOSPITAL,C_150,C_301,23,13,-10,15,25,10,1.0,0,C_301,0.0025594954722525,possible recoding or service mix change; cause unconfirmed,caveat; preserve reported codes
RC1076,2025-02,2025-03,NT205,"NUFFIELD HEALTH, BRIGHTON HOSPITAL",C_130,C_160,26,11,-15,111,119,8,0.5333333333333333,-7,C_130,0.0025593600917274,possible recoding or service mix change; cause unconfirmed,caveat; preserve reported codes
RC1077,2025-02,2025-03,NVC23,WOODLAND HOSPITAL,C_130,C_502,1,16,15,704,688,-16,0.9375,-1,C_130,0.0025593600917274,possible recoding or service mix change; cause unconfirmed,caveat; preserve reported codes
RC1078,2025-09,2025-10,NT233,"NUFFIELD HEALTH, PLYMOUTH HOSPITAL",C_100,C_301,126,136,10,23,7,-16,0.625,-6,C_100,0.0025543240875315,possible recoding or service mix change; cause unconfirmed,caveat; preserve reported codes
RC1079,2026-04,2026-05,NTPH5,PRACTICE PLUS GROUP HOSPITAL - PLYMOUTH,C_110,C_130,1338,1317,-21,40,67,27,0.7777777777777778,6,C_110,0.0025363544132566,possible recoding or service mix change; cause unconfirmed,caveat; preserve reported codes
RC1080,2025-05,2025-06,RWW,WARRINGTON AND HALTON TEACHING HOSPITALS NHS FOUNDATION TRUST,C_300,C_320,15,29,14,2100,2090,-10,0.7142857142857143,4,C_320,0.002529679464315,possible recoding or service mix change; cause unconfirmed,caveat; preserve reported codes
RC1081,2025-07,2025-08,NT437,SLOANE HOSPITAL,C_100,C_301,100,90,-10,29,47,18,0.5555555555555556,8,C_100,0.002528508938279,possible recoding or service mix change; cause unconfirmed,caveat; preserve reported codes
RC1082,2024-01,2024-02,NNE,DORKING HEALTHCARE LIMITED (DHC),C_320,X03,419,409,-10,0,6,6,0.6,-4,C_320,0.0025056753546783,possible recoding or service mix change; cause unconfirmed,caveat; preserve reported codes
RC1083,2025-02,2025-03,NT210,"NUFFIELD HEALTH, THE GROSVENOR HOSPITAL, CHESTER",C_110,X06,265,244,-21,14,29,15,0.7142857142857143,-6,C_110,0.0024909081851242,possible recoding or service mix change; cause unconfirmed,caveat; preserve reported codes
RC1084,2025-11,2025-12,RWG,WEST HERTFORDSHIRE TEACHING HOSPITALS NHS TRUST,C_110,C_300,4056,4035,-21,33,60,27,0.7777777777777778,6,C_110,0.0024871025965351,possible recoding or service mix change; cause unconfirmed,caveat; preserve reported codes
RC1085,2024-12,2025-01,R1K,LONDON NORTH WEST UNIVERSITY HEALTHCARE NHS TRUST,C_110,X03,7542,7521,-21,14,26,12,0.5714285714285714,-9,C_110,0.0024765231501846,possible recoding or service mix change; cause unconfirmed,caveat; preserve reported codes
RC1086,2025-02,2025-03,RBD,DORSET COUNTY HOSPITAL NHS FOUNDATION TRUST,C_100,C_300,1076,1086,10,12,4,-8,0.8,2,C_100,0.0024753333036293,possible recoding or service mix change; cause unconfirmed,caveat; preserve reported codes
RC1087,2025-07,2025-08,B3M1X,CLAREMONT PRIVATE HOSPITAL,C_110,C_130,1022,1001,-21,4,16,12,0.5714285714285714,-9,C_110,0.0024519218981144,possible recoding or service mix change; cause unconfirmed,caveat; preserve reported codes
RC1088,2024-04,2024-05,AAH,TETBURY HOSPITAL TRUST LTD,C_130,C_140,112,127,15,20,8,-12,0.8,3,C_130,0.0024452468476692,possible recoding or service mix change; cause unconfirmed,caveat; preserve reported codes
RC1089,2025-09,2025-10,NT403,BEARDWOOD HOSPITAL,C_120,C_301,109,94,-15,21,33,12,0.8,-3,C_120,0.0024431001964252,possible recoding or service mix change; cause unconfirmed,caveat; preserve reported codes
RC1090,2026-02,2026-03,RAS,THE HILLINGDON HOSPITALS NHS FOUNDATION TRUST,C_160,C_400,13,23,10,654,649,-5,0.5,5,C_400,0.0024273258636425,possible recoding or service mix change; cause unconfirmed,caveat; preserve reported codes
RC1091,2026-02,2026-03,R1F,ISLE OF WIGHT NHS TRUST,C_400,X05,1,6,5,1120,1115,-5,1.0,0,C_400,0.0024273258636425,possible recoding or service mix change; cause unconfirmed,caveat; preserve reported codes
RC1092,2024-09,2024-10,NN8,SPENCER PRIVATE HOSPITALS LTD,C_100,X04,295,305,10,9,0,-9,0.9,1,C_100,0.0024233964385765,possible recoding or service mix change; cause unconfirmed,caveat; preserve reported codes
RC1093,2026-03,2026-04,R1F,ISLE OF WIGHT NHS TRUST,C_400,X06,6,1,-5,55,60,5,1.0,0,C_400,0.0024194445922993,possible recoding or service mix change; cause unconfirmed,caveat; preserve reported codes
RC1094,2026-03,2026-04,R1F,ISLE OF WIGHT NHS TRUST,C_400,C_430,6,1,-5,30,35,5,1.0,0,C_400,0.0024194445922993,possible recoding or service mix change; cause unconfirmed,caveat; preserve reported codes
RC1095,2026-02,2026-03,NT411,CLEMENTINE CHURCHILL HOSPITAL,C_120,X06,482,468,-14,5,21,16,0.875,2,C_120,0.0024173190550354,possible recoding or service mix change; cause unconfirmed,caveat; preserve reported codes
RC1096,2024-12,2025-01,NVC1H,STOURSIDE HOSPITAL,C_130,C_301,237,223,-14,8,20,12,0.8571428571428571,-2,C_130,0.00241424265208,possible recoding or service mix change; cause unconfirmed,caveat; preserve reported codes
RC1097,2024-02,2024-03,NT408,CHAUCER HOSPITAL,C_110,C_502,621,641,20,45,17,-28,0.7142857142857143,-8,C_110,0.0023939223100392,possible recoding or service mix change; cause unconfirmed,caveat; preserve reported codes
RC1098,2025-06,2025-07,NFH,SOMERSET SURGICAL SERVICES HQ,C_130,X05,252,266,14,15,7,-8,0.5714285714285714,6,C_130,0.0023906328175827,possible recoding or service mix change; cause unconfirmed,caveat; preserve reported codes
RC1099,2024-07,2024-08,RJ2,LEWISHAM AND GREENWICH NHS TRUST,C_320,X06,3917,3907,-10,12,20,8,0.8,-2,C_320,0.0023885217200222,possible recoding or service mix change; cause unconfirmed,caveat; preserve reported codes
RC1100,2025-11,2025-12,NT324,SPIRE CHESHIRE HOSPITAL,C_101,C_120,19,7,-12,152,166,14,0.8571428571428571,2,C_120,0.0023744831259052,possible recoding or service mix change; cause unconfirmed,caveat; preserve reported codes
RC1101,2024-07,2024-08,R0F4N,NUFFIELD HEALTH PARKSIDE HOSPITAL,C_100,X05,14,24,10,47,36,-11,0.9090909090909092,-1,C_100,0.0023714552672392,possible recoding or service mix change; cause unconfirmed,caveat; preserve reported codes
RC1102,2024-07,2024-08,R0F4N,NUFFIELD HEALTH PARKSIDE HOSPITAL,C_100,C_120,14,24,10,115,103,-12,0.8333333333333334,-2,C_100,0.0023714552672392,possible recoding or service mix change; cause unconfirmed,caveat; preserve reported codes
RC1103,2024-07,2024-08,R0F4N,NUFFIELD HEALTH PARKSIDE HOSPITAL,C_100,C_101,14,24,10,375,368,-7,0.7,3,C_100,0.0023714552672392,possible recoding or service mix change; cause unconfirmed,caveat; preserve reported codes
RC1104,2025-08,2025-09,NVC18,SPRINGFIELD HOSPITAL,C_160,C_301,3,19,16,284,275,-9,0.5625,7,C_301,0.002370923000324,possible recoding or service mix change; cause unconfirmed,caveat; preserve reported codes
RC1105,2025-11,2025-12,NT427,PARK HOSPITAL,C_150,C_301,4,10,6,32,23,-9,0.6666666666666666,-3,C_301,0.002360723850393,possible recoding or service mix change; cause unconfirmed,caveat; preserve reported codes
RC1106,2025-06,2025-07,RWY,CALDERDALE AND HUDDERSFIELD NHS FOUNDATION TRUST,C_110,C_300,2699,2679,-20,30,66,36,0.5555555555555556,16,C_110,0.0023600128856703,possible recoding or service mix change; cause unconfirmed,caveat; preserve reported codes
RC1107,2024-05,2024-06,NT406,BLACKHEATH HOSPITAL,C_100,C_502,128,118,-10,4,9,5,0.5,-5,C_100,0.0023600045312087,possible recoding or service mix change; cause unconfirmed,caveat; preserve reported codes
RC1108,2024-08,2024-09,NT325,SPIRE MURRAYFIELD HOSPITAL,C_110,X05,396,376,-20,28,54,26,0.7692307692307693,6,C_110,0.0023477292176074,possible recoding or service mix change; cause unconfirmed,caveat; preserve reported codes
RC1109,2025-12,2026-01,NTX,THE ONE HEALTH GROUP PLC,C_100,X06,577,586,9,16,0,-16,0.5625,-7,C_100,0.0023311955406819,possible recoding or service mix change; cause unconfirmed,caveat; preserve reported codes
RC1110,2025-07,2025-08,NT351,SPIRE HULL AND EAST RIDING HOSPITAL,C_320,C_400,10,19,9,89,82,-7,0.7777777777777778,2,C_320,0.0023272832588171,possible recoding or service mix change; cause unconfirmed,caveat; preserve reported codes
RC1111,2025-09,2025-10,RVV,EAST KENT HOSPITALS UNIVERSITY NHS FOUNDATION TRUST,C_300,C_320,12,5,-7,5294,5303,9,0.7777777777777778,2,C_320,0.0023224188250109,possible recoding or service mix change; cause unconfirmed,caveat; preserve reported codes
RC1112,2024-01,2024-02,RAN,ROYAL NATIONAL ORTHOPAEDIC HOSPITAL NHS TRUST,C_301,X03,17,8,-9,21,32,11,0.8181818181818182,2,C_301,0.0023050326546292,possible recoding or service mix change; cause unconfirmed,caveat; preserve reported codes
RC1113,2024-01,2024-02,RAN,ROYAL NATIONAL ORTHOPAEDIC HOSPITAL NHS TRUST,C_301,X04,17,8,-9,546,560,14,0.6428571428571429,5,C_301,0.0023050326546292,possible recoding or service mix change; cause unconfirmed,caveat; preserve reported codes
RC1114,2024-01,2024-02,RAN,ROYAL NATIONAL ORTHOPAEDIC HOSPITAL NHS TRUST,C_301,X06,17,8,-9,57,64,7,0.7777777777777778,-2,C_301,0.0023050326546292,possible recoding or service mix change; cause unconfirmed,caveat; preserve reported codes
RC1115,2024-05,2024-06,NT406,BLACKHEATH HOSPITAL,C_301,C_502,197,188,-9,4,9,5,0.5555555555555556,-4,C_301,0.0023018903635196,possible recoding or service mix change; cause unconfirmed,caveat; preserve reported codes
RC1116,2024-03,2024-04,NT347,SPIRE FYLDE COAST HOSPITAL,C_120,C_400,242,227,-15,0,27,27,0.5555555555555556,12,C_120,0.0022997528532267,possible recoding or service mix change; cause unconfirmed,caveat; preserve reported codes
RC1117,2024-03,2024-04,RQX,HOMERTON HEALTHCARE NHS FOUNDATION TRUST,C_130,X06,25,11,-14,247,259,12,0.8571428571428571,-2,C_130,0.0022830528983356,possible recoding or service mix change; cause unconfirmed,caveat; preserve reported codes
RC1118,2024-03,2024-04,RQX,HOMERTON HEALTHCARE NHS FOUNDATION TRUST,C_130,C_410,25,11,-14,156,163,7,0.5,-7,C_130,0.0022830528983356,possible recoding or service mix change; cause unconfirmed,caveat; preserve reported codes
RC1119,2024-03,2024-04,RQX,HOMERTON HEALTHCARE NHS FOUNDATION TRUST,C_130,C_340,25,11,-14,1306,1328,22,0.6363636363636364,8,C_130,0.0022830528983356,possible recoding or service mix change; cause unconfirmed,caveat; preserve reported codes
RC1120,2024-03,2024-04,RQX,HOMERTON HEALTHCARE NHS FOUNDATION TRUST,C_130,C_160,25,11,-14,577,592,15,0.9333333333333332,1,C_130,0.0022830528983356,possible recoding or service mix change; cause unconfirmed,caveat; preserve reported codes
RC1121,2024-03,2024-04,RQX,HOMERTON HEALTHCARE NHS FOUNDATION TRUST,C_101,C_130,2441,2448,7,25,11,-14,0.5,-7,C_130,0.0022830528983356,possible recoding or service mix change; cause unconfirmed,caveat; preserve reported codes
RC1122,2025-05,2025-06,NT427,PARK HOSPITAL,C_100,X06,118,109,-9,8,13,5,0.5555555555555556,-4,C_100,0.0022785444657952,possible recoding or service mix change; cause unconfirmed,caveat; preserve reported codes
RC1123,2025-01,2025-02,RQW,THE PRINCESS ALEXANDRA HOSPITAL NHS TRUST,C_130,C_300,3088,3101,13,10,2,-8,0.6153846153846154,5,C_130,0.0022321620206217,possible recoding or service mix change; cause unconfirmed,caveat; preserve reported codes
RC1124,2025-02,2025-03,NT450,LINCOLN PRIVATE HOSPITAL,C_100,C_502,18,27,9,16,0,-16,0.5625,-7,C_100,0.0022277999732664,possible recoding or service mix change; cause unconfirmed,caveat; preserve reported codes
RC1125,2025-02,2025-03,R0F4N,NUFFIELD HEALTH PARKSIDE HOSPITAL,C_100,C_160,14,23,9,189,181,-8,0.8888888888888888,1,C_100,0.0022277999732664,possible recoding or service mix change; cause unconfirmed,caveat; preserve reported codes
RC1126,2025-02,2025-03,R0F4N,NUFFIELD HEALTH PARKSIDE HOSPITAL,C_100,X05,14,23,9,38,33,-5,0.5555555555555556,4,C_100,0.0022277999732664,possible recoding or service mix change; cause unconfirmed,caveat; preserve reported codes
RC1127,2025-06,2025-07,NVC19,RIVERS HOSPITAL,C_120,X02,151,137,-14,2,10,8,0.5714285714285714,-6,C_120,0.0022273132238767,possible recoding or service mix change; cause unconfirmed,caveat; preserve reported codes
RC1128,2024-11,2024-12,RHQ,SHEFFIELD TEACHING HOSPITALS NHS FOUNDATION TRUST,C_120,C_300,4525,4511,-14,11,23,12,0.8571428571428571,-2,C_120,0.002210339018641,possible recoding or service mix change; cause unconfirmed,caveat; preserve reported codes
RC1129,2026-03,2026-04,RW1,HAMPSHIRE AND ISLE OF WIGHT HEALTHCARE NHS FOUNDATION TRUST,C_120,X04,43,30,-13,0,9,9,0.6923076923076923,-4,C_120,0.0022098395656475,possible recoding or service mix change; cause unconfirmed,caveat; preserve reported codes
RC1130,2025-04,2025-05,RGT,CAMBRIDGE UNIVERSITY HOSPITALS NHS FOUNDATION TRUST,C_130,X03,5912,5899,-13,13,20,7,0.5384615384615384,-6,C_130,0.0022050866259799,possible recoding or service mix change; cause unconfirmed,caveat; preserve reported codes
RC1131,2025-08,2025-09,NVC19,RIVERS HOSPITAL,C_130,X06,340,327,-13,5,17,12,0.9230769230769232,-1,C_130,0.0022040659931267,possible recoding or service mix change; cause unconfirmed,caveat; preserve reported codes
RC1132,2025-05,2025-06,NT3X3,SPIRE ST ANTHONY'S HOSPITAL,C_120,C_502,20,34,14,52,44,-8,0.5714285714285714,6,C_120,0.0022015347842495,possible recoding or service mix change; cause unconfirmed,caveat; preserve reported codes
RC1133,2026-02,2026-03,RA9,TORBAY AND SOUTH DEVON NHS FOUNDATION TRUST,C_110,C_300,3047,3029,-18,21,45,24,0.75,6,C_110,0.0022004809273315,possible recoding or service mix change; cause unconfirmed,caveat; preserve reported codes
RC1134,2025-03,2025-04,NT412,DROITWICH SPA HOSPITAL,C_120,C_130,73,59,-14,10,20,10,0.7142857142857143,-4,C_120,0.0021912182234228,possible recoding or service mix change; cause unconfirmed,caveat; preserve reported codes
RC1135,2026-02,2026-03,NT350,SPIRE METHLEY PARK HOSPITAL,C_101,C_301,26,18,-8,0,8,8,1.0,0,C_301,0.0021842585943749,possible recoding or service mix change; cause unconfirmed,caveat; preserve reported codes
RC1136,2024-09,2024-10,NT239,"NUFFIELD HEALTH, TUNBRIDGE WELLS HOSPITAL",C_100,C_101,85,76,-9,14,22,8,0.8888888888888888,-1,C_100,0.0021810567947189,possible recoding or service mix change; cause unconfirmed,caveat; preserve reported codes
RC1137,2024-11,2024-12,R1D,SHROPSHIRE COMMUNITY HEALTH NHS TRUST,C_320,X04,88,79,-9,13,21,8,0.8888888888888888,-1,C_320,0.0021794247771538,possible recoding or service mix change; cause unconfirmed,caveat; preserve reported codes
RC1138,2024-02,2024-03,NT447,DUCHY HOSPITAL,C_110,C_400,212,230,18,14,5,-9,0.5,9,C_110,0.0021545300790353,possible recoding or service mix change; cause unconfirmed,caveat; preserve reported codes
RC1139,2026-03,2026-04,NT350,SPIRE METHLEY PARK HOSPITAL,C_160,C_301,17,23,6,8,0,-8,0.75,-2,C_301,0.0021532175799449,possible recoding or service mix change; cause unconfirmed,caveat; preserve reported codes
RC1140,2024-12,2025-01,NT411,CLEMENTINE CHURCHILL HOSPITAL,C_400,X06,1,6,5,6,2,-4,0.8,1,C_400,0.0021460609052084,possible recoding or service mix change; cause unconfirmed,caveat; preserve reported codes
RC1141,2024-05,2024-06,NT241,"NUFFIELD HEALTH, WOKING HOSPITAL",C_110,X02,250,232,-18,0,21,21,0.8571428571428571,3,C_110,0.0021427474545945,possible recoding or service mix change; cause unconfirmed,caveat; preserve reported codes
RC1142,2024-07,2024-08,RQX,HOMERTON HEALTHCARE NHS FOUNDATION TRUST,C_130,C_301,22,35,13,1281,1256,-25,0.52,-12,C_130,0.0021374126127074,possible recoding or service mix change; cause unconfirmed,caveat; preserve reported codes
RC1143,2024-07,2024-08,RQX,HOMERTON HEALTHCARE NHS FOUNDATION TRUST,C_130,C_430,22,35,13,248,235,-13,1.0,0,C_130,0.0021374126127074,possible recoding or service mix change; cause unconfirmed,caveat; preserve reported codes
RC1144,2024-07,2024-08,RQX,HOMERTON HEALTHCARE NHS FOUNDATION TRUST,C_130,C_160,22,35,13,597,576,-21,0.6190476190476191,-8,C_130,0.0021374126127074,possible recoding or service mix change; cause unconfirmed,caveat; preserve reported codes
RC1145,2024-02,2024-03,NT447,DUCHY HOSPITAL,C_100,C_400,139,148,9,14,5,-9,1.0,0,C_100,0.0021360979187285,possible recoding or service mix change; cause unconfirmed,caveat; preserve reported codes
RC1146,2024-05,2024-06,NT447,DUCHY HOSPITAL,C_150,C_400,12,5,-7,7,12,5,0.7142857142857143,-2,C_400,0.0021353285843625,possible recoding or service mix change; cause unconfirmed,caveat; preserve reported codes
RC1147,2024-04,2024-05,NVC23,WOODLAND HOSPITAL,C_400,C_502,4,9,5,801,793,-8,0.625,-3,C_400,0.0021346175192329,possible recoding or service mix change; cause unconfirmed,caveat; preserve reported codes
RC1148,2024-04,2024-05,NVC23,WOODLAND HOSPITAL,C_400,X02,4,9,5,7,4,-3,0.6,2,C_400,0.0021346175192329,possible recoding or service mix change; cause unconfirmed,caveat; preserve reported codes
RC1149,2024-04,2024-05,NT239,"NUFFIELD HEALTH, TUNBRIDGE WELLS HOSPITAL",C_101,C_400,38,29,-9,0,5,5,0.5555555555555556,-4,C_400,0.0021346175192329,possible recoding or service mix change; cause unconfirmed,caveat; preserve reported codes
RC1150,2024-04,2024-05,NT239,"NUFFIELD HEALTH, TUNBRIDGE WELLS HOSPITAL",C_400,C_502,0,5,5,3,0,-3,0.6,2,C_400,0.0021346175192329,possible recoding or service mix change; cause unconfirmed,caveat; preserve reported codes
RC1151,2024-07,2024-08,RTG,UNIVERSITY HOSPITALS OF DERBY AND BURTON NHS FOUNDATION TRUST,C_100,C_300,5947,5956,9,12,5,-7,0.7777777777777778,2,C_100,0.0021343097405153,possible recoding or service mix change; cause unconfirmed,caveat; preserve reported codes
RC1152,2025-04,2025-05,G3Z1Q,SULIS HOSPITAL BATH (FOXCOTE AVENUE),C_110,C_301,1729,1711,-18,40,61,21,0.8571428571428571,3,C_110,0.0021342236998427,possible recoding or service mix change; cause unconfirmed,caveat; preserve reported codes
RC1153,2024-09,2024-10,NVC23,WOODLAND HOSPITAL,C_330,C_400,5,12,7,26,21,-5,0.7142857142857143,2,C_400,0.0021329784057266,possible recoding or service mix change; cause unconfirmed,caveat; preserve reported codes
RC1154,2025-10,2025-11,NVC13,OAKS HOSPITAL,C_301,C_502,15,7,-8,164,176,12,0.6666666666666666,4,C_301,0.0021312418746403,possible recoding or service mix change; cause unconfirmed,caveat; preserve reported codes
RC1155,2024-03,2024-04,NVC02,THE BERKSHIRE INDEPENDENT HOSPITAL,C_101,C_130,254,245,-9,21,34,13,0.6923076923076923,4,C_130,0.0021199776913116,possible recoding or service mix change; cause unconfirmed,caveat; preserve reported codes
RC1156,2025-09,2025-10,NT315,SPIRE BUSHEY HOSPITAL,C_101,C_120,27,46,19,86,73,-13,0.6842105263157895,6,C_120,0.0021173535035685,possible recoding or service mix change; cause unconfirmed,caveat; preserve reported codes
RC1157,2026-01,2026-02,NT233,"NUFFIELD HEALTH, PLYMOUTH HOSPITAL",C_160,C_301,36,32,-4,8,16,8,0.5,4,C_301,0.0021116425411506,possible recoding or service mix change; cause unconfirmed,caveat; preserve reported codes
RC1158,2026-01,2026-02,NVC1H,STOURSIDE HOSPITAL,C_301,X02,7,15,8,282,277,-5,0.625,3,C_301,0.0021116425411506,possible recoding or service mix change; cause unconfirmed,caveat; preserve reported codes
RC1159,2026-01,2026-02,NVC1H,STOURSIDE HOSPITAL,C_301,C_502,7,15,8,484,469,-15,0.5333333333333333,-7,C_301,0.0021116425411506,possible recoding or service mix change; cause unconfirmed,caveat; preserve reported codes
RC1160,2026-04,2026-05,NT333,SPIRE WASHINGTON HOSPITAL,C_100,C_301,200,192,-8,0,4,4,0.5,-4,C_100,0.0020970020734108,possible recoding or service mix change; cause unconfirmed,caveat; preserve reported codes
RC1161,2026-04,2026-05,NT408,CHAUCER HOSPITAL,C_100,X06,98,106,8,4,0,-4,0.5,4,C_100,0.0020970020734108,possible recoding or service mix change; cause unconfirmed,caveat; preserve reported codes
RC1162,2025-09,2025-10,NVC1H,STOURSIDE HOSPITAL,C_301,X02,6,14,8,292,288,-4,0.5,4,C_301,0.0020917876417186,possible recoding or service mix change; cause unconfirmed,caveat; preserve reported codes
RC1163,2025-07,2025-08,RJN,EAST CHESHIRE NHS TRUST,C_120,X06,1630,1617,-13,10,17,7,0.5384615384615384,-6,C_120,0.0020845493204369,possible recoding or service mix change; cause unconfirmed,caveat; preserve reported codes
RC1164,2026-02,2026-03,NVC02,THE BERKSHIRE INDEPENDENT HOSPITAL,C_110,C_130,580,597,17,43,19,-24,0.7083333333333334,-7,C_110,0.0020782319869242,possible recoding or service mix change; cause unconfirmed,caveat; preserve reported codes
RC1165,2026-01,2026-02,RWA,HULL UNIVERSITY TEACHING HOSPITALS NHS TRUST,C_100,X03,7080,7088,8,11,2,-9,0.8888888888888888,-1,C_100,0.0020779274751362,possible recoding or service mix change; cause unconfirmed,caveat; preserve reported codes
RC1166,2026-01,2026-02,AAH,TETBURY HOSPITAL TRUST LTD,C_100,X06,49,57,8,26,10,-16,0.5,-8,C_100,0.0020779274751362,possible recoding or service mix change; cause unconfirmed,caveat; preserve reported codes
RC1167,2026-01,2026-02,AAH,TETBURY HOSPITAL TRUST LTD,C_100,C_140,49,57,8,19,6,-13,0.6153846153846154,-5,C_100,0.0020779274751362,possible recoding or service mix change; cause unconfirmed,caveat; preserve reported codes
RC1168,2025-06,2025-07,NT351,SPIRE HULL AND EAST RIDING HOSPITAL,C_120,C_320,114,101,-13,2,10,8,0.6153846153846154,-5,C_120,0.0020682194221713,possible recoding or service mix change; cause unconfirmed,caveat; preserve reported codes
RC1169,2025-01,2025-02,AAH,TETBURY HOSPITAL TRUST LTD,C_130,C_140,126,114,-12,10,27,17,0.7058823529411765,5,C_130,0.0020604572498046,possible recoding or service mix change; cause unconfirmed,caveat; preserve reported codes
RC1170,2025-06,2025-07,NT351,SPIRE HULL AND EAST RIDING HOSPITAL,C_320,C_330,2,10,8,94,83,-11,0.7272727272727273,-3,C_320,0.0020602839071224,possible recoding or service mix change; cause unconfirmed,caveat; preserve reported codes
RC1171,2025-06,2025-07,NT351,SPIRE HULL AND EAST RIDING HOSPITAL,C_150,C_320,111,107,-4,2,10,8,0.5,4,C_320,0.0020602839071224,possible recoding or service mix change; cause unconfirmed,caveat; preserve reported codes
RC1172,2024-10,2024-11,NT404,BEAUMONT HOSPITAL,C_120,C_301,283,270,-13,4,11,7,0.5384615384615384,-6,C_120,0.0020528368626336,possible recoding or service mix change; cause unconfirmed,caveat; preserve reported codes
RC1173,2025-02,2025-03,NVC31,BLAKELANDS HOSPITAL,C_130,X02,336,324,-12,19,43,24,0.5,12,C_130,0.0020474880733819,possible recoding or service mix change; cause unconfirmed,caveat; preserve reported codes
RC1174,2025-02,2025-03,ADP02,KIMS HOSPITAL (NEWNHAM COURT),C_101,C_130,30,41,11,12,0,-12,0.9166666666666666,-1,C_130,0.0020474880733819,possible recoding or service mix change; cause unconfirmed,caveat; preserve reported codes
RC1175,2024-05,2024-06,RAN,ROYAL NATIONAL ORTHOPAEDIC HOSPITAL NHS TRUST,C_301,X03,10,18,8,28,20,-8,1.0,0,C_301,0.002046124767573,possible recoding or service mix change; cause unconfirmed,caveat; preserve reported codes
RC1176,2024-05,2024-06,RAN,ROYAL NATIONAL ORTHOPAEDIC HOSPITAL NHS TRUST,C_101,C_301,79,74,-5,10,18,8,0.625,3,C_301,0.002046124767573,possible recoding or service mix change; cause unconfirmed,caveat; preserve reported codes
RC1177,2024-03,2024-04,NT408,CHAUCER HOSPITAL,C_301,C_502,81,89,8,17,1,-16,0.5,-8,C_301,0.0020399420656453,possible recoding or service mix change; cause unconfirmed,caveat; preserve reported codes
RC1178,2025-02,2025-03,NT339,SPIRE REGENCY HOSPITAL,C_120,C_150,150,137,-13,14,22,8,0.6153846153846154,-5,C_120,0.0020384578595878,possible recoding or service mix change; cause unconfirmed,caveat; preserve reported codes
RC1179,2025-03,2025-04,A4M8P,BUCKSHAW HOSPITAL,C_120,X06,511,524,13,13,2,-11,0.8461538461538461,2,C_120,0.0020347026360355,possible recoding or service mix change; cause unconfirmed,caveat; preserve reported codes
RC1180,2025-08,2025-09,H4I8B,NUFFIELD HEALTH THE HOLLY HOSPITAL,C_100,C_502,353,345,-8,0,9,9,0.8888888888888888,1,C_100,0.0020318492367866,possible recoding or service mix change; cause unconfirmed,caveat; preserve reported codes
RC1181,2025-12,2026-01,NT339,SPIRE REGENCY HOSPITAL,C_110,C_120,899,916,17,39,13,-26,0.6538461538461539,-9,C_110,0.0020316361602554,possible recoding or service mix change; cause unconfirmed,caveat; preserve reported codes
RC1182,2025-01,2025-02,RW1,HAMPSHIRE AND ISLE OF WIGHT HEALTHCARE NHS FOUNDATION TRUST,C_301,X04,191,199,8,11,3,-8,1.0,0,C_301,0.0020294266869609,possible recoding or service mix change; cause unconfirmed,caveat; preserve reported codes
RC1183,2025-05,2025-06,NT3X3,SPIRE ST ANTHONY'S HOSPITAL,C_100,C_120,421,413,-8,20,34,14,0.5714285714285714,6,C_100,0.0020253728584846,possible recoding or service mix change; cause unconfirmed,caveat; preserve reported codes
RC1184,2025-02,2025-03,NT408,CHAUCER HOSPITAL,C_101,C_301,3,9,6,27,19,-8,0.75,-2,C_301,0.0020242812536373,possible recoding or service mix change; cause unconfirmed,caveat; preserve reported codes
RC1185,2025-01,2025-02,NT301,SPIRE SOUTH BANK HOSPITAL,C_110,C_301,624,607,-17,14,23,9,0.5294117647058824,-8,C_110,0.0020197219912082,possible recoding or service mix change; cause unconfirmed,caveat; preserve reported codes
RC1186,2024-11,2024-12,RA2,ROYAL SURREY COUNTY HOSPITAL NHS FOUNDATION TRUST,C_300,C_301,4,0,-4,1151,1159,8,0.5,4,C_301,0.0020169321453602,possible recoding or service mix change; cause unconfirmed,caveat; preserve reported codes
RC1187,2025-11,2025-12,RJN,EAST CHESHIRE NHS TRUST,C_110,C_300,2035,2052,17,27,13,-14,0.8235294117647058,3,C_110,0.0020133687686236,possible recoding or service mix change; cause unconfirmed,caveat; preserve reported codes
RC1188,2025-10,2025-11,NEY,PIONEER HEALTHCARE LIMITED,C_110,C_150,18,1,-17,74,93,19,0.8947368421052632,2,C_110,0.0020108562580803,possible recoding or service mix change; cause unconfirmed,caveat; preserve reported codes
RC1189,2025-05,2025-06,NT351,SPIRE HULL AND EAST RIDING HOSPITAL,C_110,C_320,1007,1024,17,25,2,-23,0.7391304347826086,-6,C_110,0.0020038757314146,possible recoding or service mix change; cause unconfirmed,caveat; preserve reported codes
RC1190,2025-02,2025-03,NT402,BATH CLINIC,C_100,X06,43,35,-8,6,16,10,0.8,2,C_100,0.0019802666429034,possible recoding or service mix change; cause unconfirmed,caveat; preserve reported codes
RC1191,2025-09,2025-10,NVC02,THE BERKSHIRE INDEPENDENT HOSPITAL,C_110,C_130,704,687,-17,33,52,19,0.8947368421052632,2,C_110,0.0019792804267794,possible recoding or service mix change; cause unconfirmed,caveat; preserve reported codes
RC1192,2024-12,2025-01,NT405,BISHOPS WOOD HOSPITAL,C_100,X06,70,78,8,7,3,-4,0.5,4,C_100,0.0019659835692923,possible recoding or service mix change; cause unconfirmed,caveat; preserve reported codes
RC1193,2024-11,2024-12,NT204,"NUFFIELD HEALTH, BRENTWOOD HOSPITAL",C_100,X06,118,126,8,10,1,-9,0.8888888888888888,-1,C_100,0.0019608804353154,possible recoding or service mix change; cause unconfirmed,caveat; preserve reported codes
RC1194,2024-10,2024-11,NT440,THORNBURY HOSPITAL,C_100,C_120,63,71,8,4,0,-4,0.5,4,C_100,0.001955674634411,possible recoding or service mix change; cause unconfirmed,caveat; preserve reported codes
RC1195,2024-10,2024-11,NT440,THORNBURY HOSPITAL,C_100,X06,63,71,8,5,1,-4,0.5,4,C_100,0.001955674634411,possible recoding or service mix change; cause unconfirmed,caveat; preserve reported codes
RC1196,2024-09,2024-10,NT406,BLACKHEATH HOSPITAL,C_100,C_150,114,122,8,8,2,-6,0.75,2,C_100,0.0019387171508612,possible recoding or service mix change; cause unconfirmed,caveat; preserve reported codes
RC1197,2024-08,2024-09,NT448,THE HUDDERSFIELD PRIVATE HOSPITAL,C_100,X06,201,193,-8,1,7,6,0.75,-2,C_100,0.0019332777515979,possible recoding or service mix change; cause unconfirmed,caveat; preserve reported codes
RC1198,2024-07,2024-08,RTE,GLOUCESTERSHIRE HOSPITALS NHS FOUNDATION TRUST,C_100,C_170,54,46,-8,6,15,9,0.8888888888888888,1,C_100,0.0018971642137914,possible recoding or service mix change; cause unconfirmed,caveat; preserve reported codes
RC1199,2024-07,2024-08,NT209,"NUFFIELD HEALTH, CAMBRIDGE HOSPITAL",C_100,X06,13,5,-8,0,4,4,0.5,-4,C_100,0.0018971642137914,possible recoding or service mix change; cause unconfirmed,caveat; preserve reported codes
RC1200,2024-07,2024-08,NT209,"NUFFIELD HEALTH, CAMBRIDGE HOSPITAL",C_100,C_150,13,5,-8,50,54,4,0.5,-4,C_100,0.0018971642137914,possible recoding or service mix change; cause unconfirmed,caveat; preserve reported codes
RC1201,2024-01,2024-02,NVC21,WEST MIDLANDS HOSPITAL,C_100,X02,246,254,8,18,7,-11,0.7272727272727273,-3,C_100,0.0018961569638734,possible recoding or service mix change; cause unconfirmed,caveat; preserve reported codes
RC1202,2024-01,2024-02,NVC04,DUCHY HOSPITAL,C_100,X06,278,270,-8,10,16,6,0.75,-2,C_100,0.0018961569638734,possible recoding or service mix change; cause unconfirmed,caveat; preserve reported codes
RC1203,2025-01,2025-02,K8I4X,GLENDON WOOD HOSPITAL,C_120,X02,0,12,12,47,32,-15,0.8,-3,C_120,0.0018924937389998,possible recoding or service mix change; cause unconfirmed,caveat; preserve reported codes
RC1204,2024-04,2024-05,NT421,KINGS OAK HOSPITAL,C_100,X06,136,128,-8,0,5,5,0.625,-3,C_100,0.0018900242159352,possible recoding or service mix change; cause unconfirmed,caveat; preserve reported codes
RC1205,2025-06,2025-07,NT416,HENDON HOSPITAL,C_101,C_110,44,74,30,268,252,-16,0.5333333333333333,14,C_110,0.0018880103085362,possible recoding or service mix change; cause unconfirmed,caveat; preserve reported codes
RC1206,2024-05,2024-06,RTP,SURREY AND SUSSEX HEALTHCARE NHS TRUST,C_100,C_300,1531,1523,-8,26,41,15,0.5333333333333333,7,C_100,0.0018880036249669,possible recoding or service mix change; cause unconfirmed,caveat; preserve reported codes
RC1207,2024-12,2025-01,NT315,SPIRE BUSHEY HOSPITAL,C_120,X05,86,74,-12,17,40,23,0.5217391304347826,11,C_120,0.0018819662155698,possible recoding or service mix change; cause unconfirmed,caveat; preserve reported codes
RC1208,2025-02,2025-03,RQX,HOMERTON HEALTHCARE NHS FOUNDATION TRUST,C_120,C_130,3208,3196,-12,22,43,21,0.5714285714285714,9,C_120,0.0018816534088503,possible recoding or service mix change; cause unconfirmed,caveat; preserve reported codes
RC1209,2025-06,2025-07,NVC19,RIVERS HOSPITAL,C_130,X02,333,322,-11,2,10,8,0.7272727272727273,-3,C_130,0.0018783543566721,possible recoding or service mix change; cause unconfirmed,caveat; preserve reported codes
RC1210,2025-06,2025-07,NT422,LONDON INDEPENDENT HOSPITAL,C_130,C_301,19,30,11,153,136,-17,0.6470588235294118,-6,C_130,0.0018783543566721,possible recoding or service mix change; cause unconfirmed,caveat; preserve reported codes
RC1211,2025-12,2026-01,NEY,PIONEER HEALTHCARE LIMITED,C_120,X06,56,45,-11,19,36,17,0.6470588235294118,6,C_120,0.0018717892433377,possible recoding or service mix change; cause unconfirmed,caveat; preserve reported codes
RC1212,2025-07,2025-08,NT437,SLOANE HOSPITAL,C_110,C_301,440,424,-16,29,47,18,0.8888888888888888,2,C_110,0.0018681309699919,possible recoding or service mix change; cause unconfirmed,caveat; preserve reported codes
RC1213,2025-06,2025-07,NVC01,ASHTEAD HOSPITAL,C_301,X02,91,84,-7,13,24,11,0.6363636363636364,4,C_301,0.00186720442154,possible recoding or service mix change; cause unconfirmed,caveat; preserve reported codes
RC1214,2025-09,2025-10,R1F,ISLE OF WIGHT NHS TRUST,C_110,X06,2680,2664,-16,16,41,25,0.64,9,C_110,0.0018628521663806,possible recoding or service mix change; cause unconfirmed,caveat; preserve reported codes
RC1215,2025-08,2025-09,NT239,"NUFFIELD HEALTH, TUNBRIDGE WELLS HOSPITAL",C_101,C_110,17,8,-9,56,72,16,0.5625,7,C_110,0.0018585957147752,possible recoding or service mix change; cause unconfirmed,caveat; preserve reported codes
RC1216,2025-04,2025-05,NT421,KINGS OAK HOSPITAL,C_301,C_502,21,28,7,16,7,-9,0.7777777777777778,-2,C_301,0.0018575079143105,possible recoding or service mix change; cause unconfirmed,caveat; preserve reported codes
RC1217,2025-08,2025-09,NT410,CHILTERN HOSPITAL,C_301,X06,13,20,7,22,16,-6,0.8571428571428571,1,C_301,0.0018440512224742,possible recoding or service mix change; cause unconfirmed,caveat; preserve reported codes
RC1218,2025-08,2025-09,NT410,CHILTERN HOSPITAL,C_101,C_301,31,25,-6,13,20,7,0.8571428571428571,1,C_301,0.0018440512224742,possible recoding or service mix change; cause unconfirmed,caveat; preserve reported codes
RC1219,2024-03,2024-04,NT3X3,SPIRE ST ANTHONY'S HOSPITAL,C_120,X05,23,35,12,52,40,-12,1.0,0,C_120,0.0018398022825813,possible recoding or service mix change; cause unconfirmed,caveat; preserve reported codes
RC1220,2024-03,2024-04,NT3X3,SPIRE ST ANTHONY'S HOSPITAL,C_120,C_502,23,35,12,71,52,-19,0.631578947368421,-7,C_120,0.0018398022825813,possible recoding or service mix change; cause unconfirmed,caveat; preserve reported codes
RC1221,2025-09,2025-10,G3Z1Q,SULIS HOSPITAL BATH (FOXCOTE AVENUE),C_130,X02,367,356,-11,0,13,13,0.8461538461538461,2,C_130,0.0018376426052426,possible recoding or service mix change; cause unconfirmed,caveat; preserve reported codes
RC1222,2025-11,2025-12,NT233,"NUFFIELD HEALTH, PLYMOUTH HOSPITAL",C_301,X06,5,12,7,52,48,-4,0.5714285714285714,3,C_301,0.0018361185503057,possible recoding or service mix change; cause unconfirmed,caveat; preserve reported codes
RC1223,2025-11,2025-12,RW1,HAMPSHIRE AND ISLE OF WIGHT HEALTHCARE NHS FOUNDATION TRUST,C_301,X04,171,178,7,6,2,-4,0.5714285714285714,3,C_301,0.0018361185503057,possible recoding or service mix change; cause unconfirmed,caveat; preserve reported codes
RC1224,2026-03,2026-04,NT345,SPIRE CLARE PARK HOSPITAL,C_100,C_301,67,74,7,5,0,-5,0.7142857142857143,2,C_100,0.0018333822235259,possible recoding or service mix change; cause unconfirmed,caveat; preserve reported codes
RC1225,2026-03,2026-04,NT212,"NUFFIELD HEALTH, CHICHESTER HOSPITAL",C_100,C_110,11,18,7,359,351,-8,0.875,-1,C_100,0.0018333822235259,possible recoding or service mix change; cause unconfirmed,caveat; preserve reported codes
RC1226,2025-09,2025-10,NVC19,RIVERS HOSPITAL,C_301,X02,530,537,7,11,4,-7,1.0,0,C_301,0.0018303141865037,possible recoding or service mix change; cause unconfirmed,caveat; preserve reported codes
RC1227,2024-05,2024-06,NT3X3,SPIRE ST ANTHONY'S HOSPITAL,C_120,C_301,30,42,12,20,8,-12,1.0,0,C_120,0.0018224978243932,possible recoding or service mix change; cause unconfirmed,caveat; preserve reported codes
RC1228,2025-11,2025-12,NT427,PARK HOSPITAL,C_100,C_150,198,191,-7,4,10,6,0.8571428571428571,-1,C_100,0.0018155975390872,possible recoding or service mix change; cause unconfirmed,caveat; preserve reported codes
RC1229,2025-11,2025-12,RVV,EAST KENT HOSPITALS UNIVERSITY NHS FOUNDATION TRUST,C_300,C_320,2,6,4,5058,5051,-7,0.5714285714285714,-3,C_320,0.0018101466477377,possible recoding or service mix change; cause unconfirmed,caveat; preserve reported codes
RC1230,2025-11,2025-12,NTPAD,PRACTICE PLUS GROUP SURGICAL CENTRE - ST MARYS PORTSMOUTH,C_101,C_320,119,113,-6,0,7,7,0.8571428571428571,1,C_320,0.0018101466477377,possible recoding or service mix change; cause unconfirmed,caveat; preserve reported codes
RC1231,2024-02,2024-03,RJL,NORTHERN LINCOLNSHIRE AND GOOLE NHS FOUNDATION TRUST,C_170,C_301,8,3,-5,2574,2581,7,0.7142857142857143,2,C_301,0.0017927848094781,possible recoding or service mix change; cause unconfirmed,caveat; preserve reported codes
RC1232,2025-12,2026-01,NT427,PARK HOSPITAL,C_110,C_301,1082,1067,-15,23,39,16,0.9375,1,C_110,0.0017926201414018,possible recoding or service mix change; cause unconfirmed,caveat; preserve reported codes
RC1233,2025-09,2025-10,NT428,PRINCESS MARGARET HOSPITAL,C_100,C_110,10,3,-7,33,46,13,0.5384615384615384,6,C_100,0.0017880268612721,possible recoding or service mix change; cause unconfirmed,caveat; preserve reported codes
RC1234,2024-09,2024-10,NT347,SPIRE FYLDE COAST HOSPITAL,C_150,C_301,93,83,-10,7,14,7,0.7,-3,C_301,0.0017829443543067,possible recoding or service mix change; cause unconfirmed,caveat; preserve reported codes
RC1235,2024-09,2024-10,NVC1H,STOURSIDE HOSPITAL,C_301,X06,27,20,-7,6,11,5,0.7142857142857143,-2,C_301,0.0017829443543067,possible recoding or service mix change; cause unconfirmed,caveat; preserve reported codes
RC1236,2024-10,2024-11,NT404,BEAUMONT HOSPITAL,C_301,X06,4,11,7,124,116,-8,0.875,-1,C_301,0.0017820410989592,possible recoding or service mix change; cause unconfirmed,caveat; preserve reported codes
RC1237,2024-10,2024-11,S3H9L,THE HAMPTONS HOSPITAL LTD,C_301,C_502,96,89,-7,3,7,4,0.5714285714285714,-3,C_301,0.0017820410989592,possible recoding or service mix change; cause unconfirmed,caveat; preserve reported codes
RC1238,2025-02,2025-03,NT339,SPIRE REGENCY HOSPITAL,C_110,C_150,793,778,-15,14,22,8,0.5333333333333333,-7,C_110,0.0017792201322316,possible recoding or service mix change; cause unconfirmed,caveat; preserve reported codes
RC1239,2025-08,2025-09,NT405,BISHOPS WOOD HOSPITAL,C_100,X06,68,75,7,7,3,-4,0.5714285714285714,3,C_100,0.0017778680821883,possible recoding or service mix change; cause unconfirmed,caveat; preserve reported codes
RC1240,2025-01,2025-02,NT437,SLOANE HOSPITAL,C_301,C_502,27,34,7,12,4,-8,0.875,-1,C_301,0.0017757483510908,possible recoding or service mix change; cause unconfirmed,caveat; preserve reported codes
RC1241,2025-05,2025-06,NT402,BATH CLINIC,C_100,X06,42,49,7,7,1,-6,0.8571428571428571,1,C_100,0.001772201251174,possible recoding or service mix change; cause unconfirmed,caveat; preserve reported codes
RC1242,2025-06,2025-07,R0F4N,NUFFIELD HEALTH PARKSIDE HOSPITAL,C_100,X02,19,12,-7,2,9,7,1.0,0,C_100,0.0017716136869811,possible recoding or service mix change; cause unconfirmed,caveat; preserve reported codes
RC1243,2025-06,2025-07,NTX,THE ONE HEALTH GROUP PLC,C_100,X06,556,549,-7,2,10,8,0.875,1,C_100,0.0017716136869811,possible recoding or service mix change; cause unconfirmed,caveat; preserve reported codes
RC1244,2025-06,2025-07,NT424,MERIDEN HOSPITAL,C_100,X06,282,275,-7,10,18,8,0.875,1,C_100,0.0017716136869811,possible recoding or service mix change; cause unconfirmed,caveat; preserve reported codes
RC1245,2025-07,2025-08,NT225,"NUFFIELD HEALTH, LEEDS HOSPITAL",C_100,C_301,308,301,-7,0,4,4,0.5714285714285714,-3,C_100,0.0017699562567953,possible recoding or service mix change; cause unconfirmed,caveat; preserve reported codes
RC1246,2024-12,2025-01,NVC02,THE BERKSHIRE INDEPENDENT HOSPITAL,C_101,C_301,174,162,-12,0,7,7,0.5833333333333334,-5,C_301,0.0017682929909918,possible recoding or service mix change; cause unconfirmed,caveat; preserve reported codes
RC1247,2025-05,2025-06,AAH,TETBURY HOSPITAL TRUST LTD,C_110,C_140,35,20,-15,23,39,16,0.9375,1,C_110,0.0017681256453658,possible recoding or service mix change; cause unconfirmed,caveat; preserve reported codes
RC1248,2025-03,2025-04,NT455,MOUNT ALVERNIA HOSPITAL,C_100,C_101,44,37,-7,21,33,12,0.5833333333333334,5,C_100,0.0017632064160562,possible recoding or service mix change; cause unconfirmed,caveat; preserve reported codes
RC1249,2025-03,2025-04,A4M8P,BUCKSHAW HOSPITAL,C_100,X06,1011,1018,7,13,2,-11,0.6363636363636364,-4,C_100,0.0017632064160562,possible recoding or service mix change; cause unconfirmed,caveat; preserve reported codes
RC1250,2024-09,2024-10,RTG,UNIVERSITY HOSPITALS OF DERBY AND BURTON NHS FOUNDATION TRUST,C_110,C_300,16583,16568,-15,5,30,25,0.6,10,C_110,0.0017530327466517,possible recoding or service mix change; cause unconfirmed,caveat; preserve reported codes
RC1251,2024-01,2024-02,B3M1X,CLAREMONT PRIVATE HOSPITAL,C_120,C_130,72,83,11,15,7,-8,0.7272727272727273,3,C_120,0.0017519550225365,possible recoding or service mix change; cause unconfirmed,caveat; preserve reported codes
RC1252,2025-09,2025-10,NT416,HENDON HOSPITAL,C_110,X06,320,335,15,26,11,-15,1.0,0,C_110,0.0017464239059818,possible recoding or service mix change; cause unconfirmed,caveat; preserve reported codes
RC1253,2025-02,2025-03,RWJ,STOCKPORT NHS FOUNDATION TRUST,C_100,C_170,3760,3767,7,7,3,-4,0.5714285714285714,3,C_100,0.0017327333125405,possible recoding or service mix change; cause unconfirmed,caveat; preserve reported codes
RC1254,2024-12,2025-01,NT422,LONDON INDEPENDENT HOSPITAL,C_100,C_130,1120,1113,-7,11,17,6,0.8571428571428571,-1,C_100,0.0017202356231307,possible recoding or service mix change; cause unconfirmed,caveat; preserve reported codes
RC1255,2025-01,2025-02,NVC09,NEW HALL HOSPITAL,C_130,C_400,152,142,-10,9,17,8,0.8,-2,C_130,0.0017170477081705,possible recoding or service mix change; cause unconfirmed,caveat; preserve reported codes
RC1256,2024-11,2024-12,NT441,THREE SHIRES HOSPITAL,C_100,C_301,611,604,-7,2,10,8,0.875,1,C_100,0.001715770380901,possible recoding or service mix change; cause unconfirmed,caveat; preserve reported codes
RC1257,2024-10,2024-11,RMC,BOLTON NHS FOUNDATION TRUST,C_130,X06,3979,3969,-10,2,10,8,0.8,-2,C_130,0.0017133702850191,possible recoding or service mix change; cause unconfirmed,caveat; preserve reported codes
RC1258,2024-10,2024-11,RMC,BOLTON NHS FOUNDATION TRUST,C_130,C_400,3979,3969,-10,24,41,17,0.5882352941176471,7,C_130,0.0017133702850191,possible recoding or service mix change; cause unconfirmed,caveat; preserve reported codes
RC1259,2025-03,2025-04,NT3X3,SPIRE ST ANTHONY'S HOSPITAL,C_150,C_320,24,19,-5,5,12,7,0.7142857142857143,2,C_320,0.0017114077551219,possible recoding or service mix change; cause unconfirmed,caveat; preserve reported codes
RC1260,2025-03,2025-04,NT3X3,SPIRE ST ANTHONY'S HOSPITAL,C_320,C_502,5,12,7,64,57,-7,1.0,0,C_320,0.0017114077551219,possible recoding or service mix change; cause unconfirmed,caveat; preserve reported codes
RC1261,2024-03,2024-04,NVC13,OAKS HOSPITAL,C_400,X02,0,4,4,34,31,-3,0.75,1,C_400,0.0017085328401368,possible recoding or service mix change; cause unconfirmed,caveat; preserve reported codes
RC1262,2024-03,2024-04,NVC13,OAKS HOSPITAL,C_101,C_400,35,33,-2,0,4,4,0.5,2,C_400,0.0017085328401368,possible recoding or service mix change; cause unconfirmed,caveat; preserve reported codes
RC1263,2024-05,2024-06,NT440,THORNBURY HOSPITAL,C_400,X06,4,0,-4,3,7,4,1.0,0,C_400,0.00170826286749,possible recoding or service mix change; cause unconfirmed,caveat; preserve reported codes
RC1264,2024-10,2024-11,NT239,"NUFFIELD HEALTH, TUNBRIDGE WELLS HOSPITAL",C_400,X05,1,5,4,8,0,-8,0.5,-4,C_400,0.0017052987896641,possible recoding or service mix change; cause unconfirmed,caveat; preserve reported codes
RC1265,2025-07,2025-08,NT417,GORING HALL HOSPITAL,C_101,C_130,8,2,-6,138,148,10,0.6,4,C_130,0.0017024840945423,possible recoding or service mix change; cause unconfirmed,caveat; preserve reported codes
RC1266,2025-07,2025-08,NVC21,WEST MIDLANDS HOSPITAL,C_101,C_130,39,30,-9,3,13,10,0.9,1,C_130,0.0017024840945423,possible recoding or service mix change; cause unconfirmed,caveat; preserve reported codes
RC1267,2025-07,2025-08,NVC21,WEST MIDLANDS HOSPITAL,C_130,C_502,3,13,10,88,82,-6,0.6,4,C_130,0.0017024840945423,possible recoding or service mix change; cause unconfirmed,caveat; preserve reported codes
RC1268,2025-10,2025-11,G3Q3Z,NUFFIELD HEALTH HIGHGATE HOSPITAL,C_120,X02,190,180,-10,0,18,18,0.5555555555555556,8,C_120,0.0016994403742847,possible recoding or service mix change; cause unconfirmed,caveat; preserve reported codes
RC1269,2024-09,2024-10,RKE,WHITTINGTON HEALTH NHS TRUST,C_320,X04,1432,1425,-7,4,10,6,0.8571428571428571,-1,C_320,0.0016989590235354,possible recoding or service mix change; cause unconfirmed,caveat; preserve reported codes
RC1270,2024-06,2024-07,NT440,THORNBURY HOSPITAL,C_400,X06,0,4,4,7,5,-2,0.5,2,C_400,0.0016988384192308,possible recoding or service mix change; cause unconfirmed,caveat; preserve reported codes
RC1271,2024-09,2024-10,NT312,SPIRE ALEXANDRA HOSPITAL,C_100,C_120,48,41,-7,3,7,4,0.5714285714285714,-3,C_100,0.0016963775070036,possible recoding or service mix change; cause unconfirmed,caveat; preserve reported codes
RC1272,2024-09,2024-10,NT347,SPIRE FYLDE COAST HOSPITAL,C_100,C_400,380,373,-7,3,13,10,0.7,3,C_100,0.0016963775070036,possible recoding or service mix change; cause unconfirmed,caveat; preserve reported codes
RC1273,2024-09,2024-10,NT347,SPIRE FYLDE COAST HOSPITAL,C_100,C_301,380,373,-7,7,14,7,1.0,0,C_100,0.0016963775070036,possible recoding or service mix change; cause unconfirmed,caveat; preserve reported codes
RC1274,2025-04,2025-05,NVC06,FITZWILLIAM HOSPITAL,C_130,X06,152,162,10,8,3,-5,0.5,5,C_130,0.001696220481523,possible recoding or service mix change; cause unconfirmed,caveat; preserve reported codes
RC1275,2024-11,2024-12,RYR,UNIVERSITY HOSPITALS SUSSEX NHS FOUNDATION TRUST,C_300,C_320,15,7,-8,8045,8052,7,0.875,-1,C_320,0.0016951081600085,possible recoding or service mix change; cause unconfirmed,caveat; preserve reported codes
RC1276,2024-09,2024-10,NT406,BLACKHEATH HOSPITAL,C_130,C_150,61,71,10,8,2,-6,0.6,4,C_130,0.0016839496027562,possible recoding or service mix change; cause unconfirmed,caveat; preserve reported codes
RC1277,2024-03,2024-04,NT408,CHAUCER HOSPITAL,C_110,C_502,641,655,14,17,1,-16,0.875,-2,C_110,0.0016808639640775,possible recoding or service mix change; cause unconfirmed,caveat; preserve reported codes
RC1278,2024-03,2024-04,NVC44,THE WESTBOURNE CENTRE,C_110,C_130,253,239,-14,22,38,16,0.875,2,C_110,0.0016808639640775,possible recoding or service mix change; cause unconfirmed,caveat; preserve reported codes
RC1279,2024-05,2024-06,RTP,SURREY AND SUSSEX HEALTHCARE NHS TRUST,C_120,C_300,6504,6493,-11,26,41,15,0.7333333333333333,4,C_120,0.0016706230056937,possible recoding or service mix change; cause unconfirmed,caveat; preserve reported codes
RC1280,2025-09,2025-10,NVC19,RIVERS HOSPITAL,C_130,X02,327,337,10,11,4,-7,0.7,3,C_130,0.0016705841865842,possible recoding or service mix change; cause unconfirmed,caveat; preserve reported codes
RC1281,2025-09,2025-10,NVC1H,STOURSIDE HOSPITAL,C_130,C_301,250,240,-10,6,14,8,0.8,-2,C_130,0.0016705841865842,possible recoding or service mix change; cause unconfirmed,caveat; preserve reported codes
RC1282,2025-01,2025-02,NT210,"NUFFIELD HEALTH, THE GROSVENOR HOSPITAL, CHESTER",C_110,X06,279,265,-14,0,14,14,1.0,0,C_110,0.0016633004633479,possible recoding or service mix change; cause unconfirmed,caveat; preserve reported codes
RC1283,2026-02,2026-03,AAH,TETBURY HOSPITAL TRUST LTD,C_130,C_140,128,118,-10,6,26,20,0.5,10,C_130,0.0016610467916881,possible recoding or service mix change; cause unconfirmed,caveat; preserve reported codes
RC1284,2025-04,2025-05,NT233,"NUFFIELD HEALTH, PLYMOUTH HOSPITAL",C_101,C_110,14,23,9,638,624,-14,0.6428571428571429,-5,C_110,0.0016599517665443,possible recoding or service mix change; cause unconfirmed,caveat; preserve reported codes
RC1285,2024-01,2024-02,NNE,DORKING HEALTHCARE LIMITED (DHC),C_100,X03,117,110,-7,0,6,6,0.8571428571428571,-1,C_100,0.0016591373433892,possible recoding or service mix change; cause unconfirmed,caveat; preserve reported codes
RC1286,2025-06,2025-07,NVC02,THE BERKSHIRE INDEPENDENT HOSPITAL,C_110,C_301,731,745,14,25,6,-19,0.7368421052631579,-5,C_110,0.0016520090199692,possible recoding or service mix change; cause unconfirmed,caveat; preserve reported codes
RC1287,2024-07,2024-08,NT239,"NUFFIELD HEALTH, TUNBRIDGE WELLS HOSPITAL",C_110,X05,115,129,14,37,17,-20,0.7,-6,C_110,0.0016394325689674,possible recoding or service mix change; cause unconfirmed,caveat; preserve reported codes
RC1288,2025-09,2025-10,ADP02,KIMS HOSPITAL (NEWNHAM COURT),C_120,X02,17,27,10,222,213,-9,0.9,1,C_120,0.0016287334642835,possible recoding or service mix change; cause unconfirmed,caveat; preserve reported codes
RC1289,2026-04,2026-05,RDE,EAST SUFFOLK AND NORTH ESSEX NHS FOUNDATION TRUST,C_301,X03,3916,3922,6,3,0,-3,0.5,3,C_301,0.001621415658011,possible recoding or service mix change; cause unconfirmed,caveat; preserve reported codes
RC1290,2025-05,2025-06,NT427,PARK HOSPITAL,C_301,X06,56,50,-6,8,13,5,0.8333333333333334,-1,C_301,0.0016048487831234,possible recoding or service mix change; cause unconfirmed,caveat; preserve reported codes
RC1291,2025-06,2025-07,NVC1H,STOURSIDE HOSPITAL,C_301,X06,9,3,-6,16,21,5,0.8333333333333334,-1,C_301,0.0016004609327486,possible recoding or service mix change; cause unconfirmed,caveat; preserve reported codes
RC1292,2025-04,2025-05,NT411,CLEMENTINE CHURCHILL HOSPITAL,C_301,X06,191,185,-6,3,6,3,0.5,-3,C_301,0.0015921496408375,possible recoding or service mix change; cause unconfirmed,caveat; preserve reported codes
RC1293,2025-11,2025-12,RAN,ROYAL NATIONAL ORTHOPAEDIC HOSPITAL NHS TRUST,C_101,C_301,89,94,5,8,2,-6,0.8333333333333334,-1,C_301,0.001573815900262,possible recoding or service mix change; cause unconfirmed,caveat; preserve reported codes
RC1294,2025-10,2025-11,K8I4X,GLENDON WOOD HOSPITAL,C_100,C_502,176,182,6,5,2,-3,0.5,3,C_100,0.0015736796827461,possible recoding or service mix change; cause unconfirmed,caveat; preserve reported codes
RC1295,2025-05,2025-06,RWW,WARRINGTON AND HALTON TEACHING HOSPITALS NHS FOUNDATION TRUST,C_120,C_300,3025,3015,-10,15,29,14,0.7142857142857143,4,C_120,0.0015725248458925,possible recoding or service mix change; cause unconfirmed,caveat; preserve reported codes
RC1296,2025-04,2025-05,NT345,SPIRE CLARE PARK HOSPITAL,C_120,X05,12,22,10,29,24,-5,0.5,5,C_120,0.0015717388775898,possible recoding or service mix change; cause unconfirmed,caveat; preserve reported codes
RC1297,2025-12,2026-01,NVC09,NEW HALL HOSPITAL,C_301,C_400,44,50,6,9,4,-5,0.8333333333333334,1,C_301,0.0015665510029842,possible recoding or service mix change; cause unconfirmed,caveat; preserve reported codes
RC1298,2025-12,2026-01,NT3X3,SPIRE ST ANTHONY'S HOSPITAL,C_150,C_320,24,19,-5,7,13,6,0.8333333333333334,1,C_320,0.0015638031693077,possible recoding or service mix change; cause unconfirmed,caveat; preserve reported codes
RC1299,2025-12,2026-01,NT3X3,SPIRE ST ANTHONY'S HOSPITAL,C_320,C_502,7,13,6,36,33,-3,0.5,3,C_320,0.0015638031693077,possible recoding or service mix change; cause unconfirmed,caveat; preserve reported codes
RC1300,2026-01,2026-02,NT233,"NUFFIELD HEALTH, PLYMOUTH HOSPITAL",C_100,C_301,136,130,-6,8,16,8,0.75,2,C_100,0.0015584456063522,possible recoding or service mix change; cause unconfirmed,caveat; preserve reported codes
RC1301,2025-11,2025-12,RBD,DORSET COUNTY HOSPITAL NHS FOUNDATION TRUST,C_100,X06,1084,1090,6,3,0,-3,0.5,3,C_100,0.0015562264620747,possible recoding or service mix change; cause unconfirmed,caveat; preserve reported codes
RC1302,2024-02,2024-03,NT30A,SPIRE NOTTINGHAM HOSPITAL,C_110,C_150,407,394,-13,13,25,12,0.9230769230769232,-1,C_110,0.0015560495015255,possible recoding or service mix change; cause unconfirmed,caveat; preserve reported codes
RC1303,2026-02,2026-03,RAS,THE HILLINGDON HOSPITALS NHS FOUNDATION TRUST,C_120,C_160,3673,3664,-9,13,23,10,0.9,1,C_120,0.0015539908210942,possible recoding or service mix change; cause unconfirmed,caveat; preserve reported codes
RC1304,2025-12,2026-01,NT401,ALEXANDRA HOSPITAL,C_101,C_110,19,0,-19,626,639,13,0.6842105263157895,-6,C_110,0.0015536041225482,possible recoding or service mix change; cause unconfirmed,caveat; preserve reported codes
RC1305,2025-03,2025-04,NVC06,FITZWILLIAM HOSPITAL,C_301,X06,114,108,-6,5,8,3,0.5,-3,C_301,0.0015503275066857,possible recoding or service mix change; cause unconfirmed,caveat; preserve reported codes
RC1306,2025-03,2025-04,NT440,THORNBURY HOSPITAL,C_301,X06,5,11,6,5,2,-3,0.5,3,C_301,0.0015503275066857,possible recoding or service mix change; cause unconfirmed,caveat; preserve reported codes
RC1307,2025-03,2025-04,NVC13,OAKS HOSPITAL,C_301,X02,8,2,-6,42,45,3,0.5,-3,C_301,0.0015503275066857,possible recoding or service mix change; cause unconfirmed,caveat; preserve reported codes
RC1308,2025-09,2025-10,NT3X3,SPIRE ST ANTHONY'S HOSPITAL,C_320,C_502,9,15,6,44,35,-9,0.6666666666666666,-3,C_320,0.0015482792166739,possible recoding or service mix change; cause unconfirmed,caveat; preserve reported codes
RC1309,2025-06,2025-07,R1D,SHROPSHIRE COMMUNITY HEALTH NHS TRUST,C_320,C_410,56,50,-6,10,16,6,1.0,0,C_320,0.0015452129303418,possible recoding or service mix change; cause unconfirmed,caveat; preserve reported codes
RC1310,2025-02,2025-03,NT301,SPIRE SOUTH BANK HOSPITAL,C_101,C_110,13,21,8,607,594,-13,0.6153846153846154,-5,C_110,0.0015419907812674,possible recoding or service mix change; cause unconfirmed,caveat; preserve reported codes
RC1311,2025-04,2025-05,NT410,CHILTERN HOSPITAL,C_110,X06,392,405,13,16,3,-13,1.0,0,C_110,0.0015413837832197,possible recoding or service mix change; cause unconfirmed,caveat; preserve reported codes
RC1312,2025-10,2025-11,NVC13,OAKS HOSPITAL,C_110,C_301,260,273,13,15,7,-8,0.6153846153846154,5,C_110,0.0015377136091202,possible recoding or service mix change; cause unconfirmed,caveat; preserve reported codes
RC1313,2024-01,2024-02,NT324,SPIRE CHESHIRE HOSPITAL,C_160,C_301,87,83,-4,7,13,6,0.6666666666666666,2,C_301,0.0015366884364195,possible recoding or service mix change; cause unconfirmed,caveat; preserve reported codes
RC1314,2024-01,2024-02,RPY,THE ROYAL MARSDEN NHS FOUNDATION TRUST,C_301,C_320,32,38,6,4,0,-4,0.6666666666666666,2,C_301,0.0015366884364195,possible recoding or service mix change; cause unconfirmed,caveat; preserve reported codes
RC1315,2024-01,2024-02,RPY,THE ROYAL MARSDEN NHS FOUNDATION TRUST,C_301,X04,32,38,6,14,6,-8,0.75,-2,C_301,0.0015366884364195,possible recoding or service mix change; cause unconfirmed,caveat; preserve reported codes
RC1316,2024-04,2024-05,NT424,MERIDEN HOSPITAL,C_301,X06,162,156,-6,2,11,9,0.6666666666666666,3,C_301,0.0015364247907261,possible recoding or service mix change; cause unconfirmed,caveat; preserve reported codes
RC1317,2025-02,2025-03,NVC13,OAKS HOSPITAL,C_130,C_301,10,19,9,13,8,-5,0.5555555555555556,4,C_130,0.0015356160550364,possible recoding or service mix change; cause unconfirmed,caveat; preserve reported codes
RC1318,2026-01,2026-02,NT339,SPIRE REGENCY HOSPITAL,C_101,C_120,56,70,14,13,4,-9,0.6428571428571429,5,C_120,0.0015348565932323,possible recoding or service mix change; cause unconfirmed,caveat; preserve reported codes
RC1319,2024-03,2024-04,NT316,SPIRE HARPENDEN HOSPITAL,C_120,X05,137,147,10,17,3,-14,0.7142857142857143,-4,C_120,0.0015331685688178,possible recoding or service mix change; cause unconfirmed,caveat; preserve reported codes
RC1320,2025-12,2026-01,NVC19,RIVERS HOSPITAL,C_120,X02,181,190,9,10,2,-8,0.8888888888888888,1,C_120,0.0015314639263672,possible recoding or service mix change; cause unconfirmed,caveat; preserve reported codes
RC1321,2025-12,2026-01,NVC05,EUXTON HALL HOSPITAL,C_120,X02,14,23,9,103,98,-5,0.5555555555555556,4,C_120,0.0015314639263672,possible recoding or service mix change; cause unconfirmed,caveat; preserve reported codes
RC1322,2025-12,2026-01,RJE,UNIVERSITY HOSPITALS OF NORTH MIDLANDS NHS TRUST,C_120,X05,3756,3747,-9,26,43,17,0.5294117647058824,8,C_120,0.0015314639263672,possible recoding or service mix change; cause unconfirmed,caveat; preserve reported codes
RC1323,2025-03,2025-04,NVC23,WOODLAND HOSPITAL,C_101,C_130,397,408,11,16,7,-9,0.8181818181818182,2,C_130,0.0015289506811475,possible recoding or service mix change; cause unconfirmed,caveat; preserve reported codes
RC1324,2025-03,2025-04,NT450,LINCOLN PRIVATE HOSPITAL,C_130,C_301,92,83,-9,6,12,6,0.6666666666666666,-3,C_130,0.0015289506811475,possible recoding or service mix change; cause unconfirmed,caveat; preserve reported codes
RC1325,2024-06,2024-07,RJN,EAST CHESHIRE NHS TRUST,C_110,C_300,1336,1323,-13,17,28,11,0.8461538461538461,-2,C_110,0.001527655859089,possible recoding or service mix change; cause unconfirmed,caveat; preserve reported codes
RC1326,2024-07,2024-08,RCD,HARROGATE AND DISTRICT NHS FOUNDATION TRUST,C_110,C_430,3314,3301,-13,32,53,21,0.6190476190476191,8,C_110,0.0015223302426125,possible recoding or service mix change; cause unconfirmed,caveat; preserve reported codes
RC1327,2025-01,2025-02,NT455,MOUNT ALVERNIA HOSPITAL,C_101,C_301,27,24,-3,11,17,6,0.5,3,C_301,0.0015220700152207,possible recoding or service mix change; cause unconfirmed,caveat; preserve reported codes
RC1328,2025-04,2025-05,K8I4X,GLENDON WOOD HOSPITAL,C_100,C_502,161,155,-6,2,6,4,0.6666666666666666,-2,C_100,0.0015219619103665,possible recoding or service mix change; cause unconfirmed,caveat; preserve reported codes
RC1329,2025-06,2025-07,NT218,"NUFFIELD HEALTH, HAYWARDS HEATH HOSPITAL",C_100,C_130,32,38,6,7,1,-6,1.0,0,C_100,0.0015185260174124,possible recoding or service mix change; cause unconfirmed,caveat; preserve reported codes
RC1330,2025-06,2025-07,NVC09,NEW HALL HOSPITAL,C_100,C_400,119,125,6,13,3,-10,0.6,-4,C_100,0.0015185260174124,possible recoding or service mix change; cause unconfirmed,caveat; preserve reported codes
RC1331,2025-06,2025-07,NVC13,OAKS HOSPITAL,C_100,C_301,174,168,-6,2,9,7,0.8571428571428571,1,C_100,0.0015185260174124,possible recoding or service mix change; cause unconfirmed,caveat; preserve reported codes
RC1332,2025-02,2025-03,NT450,LINCOLN PRIVATE HOSPITAL,C_301,X06,0,6,6,4,1,-3,0.5,3,C_301,0.001518210940228,possible recoding or service mix change; cause unconfirmed,caveat; preserve reported codes
RC1333,2025-07,2025-08,AAH,TETBURY HOSPITAL TRUST LTD,C_110,X06,22,35,13,14,6,-8,0.6153846153846154,5,C_110,0.0015178564131184,possible recoding or service mix change; cause unconfirmed,caveat; preserve reported codes
RC1334,2025-07,2025-08,AAH,TETBURY HOSPITAL TRUST LTD,C_101,C_110,49,31,-18,22,35,13,0.7222222222222222,-5,C_110,0.0015178564131184,possible recoding or service mix change; cause unconfirmed,caveat; preserve reported codes
RC1335,2025-07,2025-08,NT239,"NUFFIELD HEALTH, TUNBRIDGE WELLS HOSPITAL",C_100,C_150,59,53,-6,0,4,4,0.6666666666666666,-2,C_100,0.0015171053629674,possible recoding or service mix change; cause unconfirmed,caveat; preserve reported codes
RC1336,2025-07,2025-08,ADP02,KIMS HOSPITAL (NEWNHAM COURT),C_100,C_120,42,36,-6,0,3,3,0.5,-3,C_100,0.0015171053629674,possible recoding or service mix change; cause unconfirmed,caveat; preserve reported codes
RC1337,2025-07,2025-08,NT423,MANOR HOSPITAL,C_100,X06,59,65,6,16,7,-9,0.6666666666666666,-3,C_100,0.0015171053629674,possible recoding or service mix change; cause unconfirmed,caveat; preserve reported codes
RC1338,2024-12,2025-01,NT233,"NUFFIELD HEALTH, PLYMOUTH HOSPITAL",C_301,X06,2,8,6,58,49,-9,0.6666666666666666,-3,C_301,0.0015156797065644,possible recoding or service mix change; cause unconfirmed,caveat; preserve reported codes
RC1339,2025-03,2025-04,NT448,HUDDERSFIELD PRIVATE HOSPITAL,C_100,X06,196,202,6,8,3,-5,0.8333333333333334,1,C_100,0.001511319785191,possible recoding or service mix change; cause unconfirmed,caveat; preserve reported codes
RC1340,2025-03,2025-04,RTD,THE NEWCASTLE UPON TYNE HOSPITALS NHS FOUNDATION TRUST,C_100,X03,898,892,-6,1,8,7,0.8571428571428571,1,C_100,0.001511319785191,possible recoding or service mix change; cause unconfirmed,caveat; preserve reported codes
RC1341,2024-01,2024-02,NVC12,OAKLANDS HOSPITAL,C_160,C_320,1,4,3,18,12,-6,0.5,-3,C_320,0.001503405212807,possible recoding or service mix change; cause unconfirmed,caveat; preserve reported codes
RC1342,2025-11,2025-12,RMP,TAMESIDE AND GLOSSOP INTEGRATED CARE NHS FOUNDATION TRUST,C_130,C_300,10,1,-9,41,51,10,0.9,1,C_130,0.0014970283986287,possible recoding or service mix change; cause unconfirmed,caveat; preserve reported codes
RC1343,2025-02,2025-03,NT428,PRINCESS MARGARET HOSPITAL,C_100,X06,24,18,-6,2,5,3,0.5,-3,C_100,0.0014851999821776,possible recoding or service mix change; cause unconfirmed,caveat; preserve reported codes
RC1344,2025-02,2025-03,NT424,MERIDEN HOSPITAL,C_100,C_400,331,325,-6,4,7,3,0.5,-3,C_100,0.0014851999821776,possible recoding or service mix change; cause unconfirmed,caveat; preserve reported codes
RC1345,2025-01,2025-02,NT455,MOUNT ALVERNIA HOSPITAL,C_100,C_301,45,39,-6,11,17,6,1.0,0,C_100,0.0014718869590815,possible recoding or service mix change; cause unconfirmed,caveat; preserve reported codes
RC1346,2024-11,2024-12,S3H9L,THE HAMPTONS HOSPITAL LTD,C_100,C_330,1,7,6,347,335,-12,0.5,-6,C_100,0.0014706603264865,possible recoding or service mix change; cause unconfirmed,caveat; preserve reported codes
RC1347,2024-03,2024-04,NYR,HEALTHSHARE DIAGNOSTICS,C_130,C_330,68,59,-9,0,17,17,0.5294117647058824,8,C_130,0.0014676768632157,possible recoding or service mix change; cause unconfirmed,caveat; preserve reported codes
RC1348,2024-04,2024-05,RTH,OXFORD UNIVERSITY HOSPITALS NHS FOUNDATION TRUST,C_320,X03,3149,3143,-6,2,12,10,0.6,4,C_320,0.0014549722464043,possible recoding or service mix change; cause unconfirmed,caveat; preserve reported codes
RC1349,2025-06,2025-07,AAH,TETBURY HOSPITAL TRUST LTD,C_101,C_120,41,49,8,9,0,-9,0.8888888888888888,-1,C_120,0.0014318442153493,possible recoding or service mix change; cause unconfirmed,caveat; preserve reported codes
RC1350,2024-06,2024-07,F9Z4V,CIRCLE READING HOSPITAL,C_100,C_301,83,89,6,5,1,-4,0.6666666666666666,2,C_100,0.0014293167151443,possible recoding or service mix change; cause unconfirmed,caveat; preserve reported codes
RC1351,2024-06,2024-07,NT302,SPIRE BRISTOL HOSPITAL,C_100,C_110,6,0,-6,921,933,12,0.5,6,C_100,0.0014293167151443,possible recoding or service mix change; cause unconfirmed,caveat; preserve reported codes
RC1352,2025-01,2025-02,NT490,SOUTHEND PRIVATE HOSPITAL,C_110,C_330,123,111,-12,4,11,7,0.5833333333333334,-5,C_110,0.0014256861114411,possible recoding or service mix change; cause unconfirmed,caveat; preserve reported codes
RC1353,2025-01,2025-02,NT226,"NUFFIELD HEALTH, LEICESTER HOSPITAL",C_110,C_120,471,483,12,9,3,-6,0.5,6,C_110,0.0014256861114411,possible recoding or service mix change; cause unconfirmed,caveat; preserve reported codes
RC1354,2024-02,2024-03,R1D,SHROPSHIRE COMMUNITY HEALTH NHS TRUST,C_100,C_410,71,65,-6,7,13,6,1.0,0,C_100,0.0014240652791523,possible recoding or service mix change; cause unconfirmed,caveat; preserve reported codes
RC1355,2024-02,2024-03,NT310,SPIRE TUNBRIDGE WELLS HOSPITAL,C_100,C_101,106,100,-6,0,3,3,0.5,-3,C_100,0.0014240652791523,possible recoding or service mix change; cause unconfirmed,caveat; preserve reported codes
RC1356,2024-02,2024-03,NT427,PARK HOSPITAL,C_100,C_150,120,114,-6,0,3,3,0.5,-3,C_100,0.0014240652791523,possible recoding or service mix change; cause unconfirmed,caveat; preserve reported codes
RC1357,2024-10,2024-11,NT225,"NUFFIELD HEALTH, LEEDS HOSPITAL",C_120,C_502,57,48,-9,15,25,10,0.9,1,C_120,0.001421194751054,possible recoding or service mix change; cause unconfirmed,caveat; preserve reported codes
RC1358,2024-04,2024-05,K8I4X,GLENDON WOOD HOSPITAL,C_100,C_502,114,108,-6,8,15,7,0.8571428571428571,1,C_100,0.0014175181619514,possible recoding or service mix change; cause unconfirmed,caveat; preserve reported codes
RC1359,2025-06,2025-07,NFH,SOMERSET SURGICAL SERVICES HQ,C_110,X05,138,150,12,15,7,-8,0.6666666666666666,4,C_110,0.0014160077314022,possible recoding or service mix change; cause unconfirmed,caveat; preserve reported codes
RC1360,2024-05,2024-06,DFQ,NORWICH & NORFOLK SURGICAL LTD (N2S),C_100,C_160,176,170,-6,3,6,3,0.5,-3,C_100,0.0014160027187252,possible recoding or service mix change; cause unconfirmed,caveat; preserve reported codes
RC1361,2024-12,2025-01,RTK,ASHFORD AND ST PETER'S HOSPITALS NHS FOUNDATION TRUST,C_110,C_160,7689,7677,-12,16,29,13,0.9230769230769232,1,C_110,0.0014151560858197,possible recoding or service mix change; cause unconfirmed,caveat; preserve reported codes
RC1362,2024-09,2024-10,NN5,MANCHESTER SURGICAL SERVICES LTD,C_120,C_410,14,5,-9,36,52,16,0.5625,7,C_120,0.0014114392445977,possible recoding or service mix change; cause unconfirmed,caveat; preserve reported codes
RC1363,2024-02,2024-03,NVC22,WINFIELD HOSPITAL,C_120,C_160,56,47,-9,2,10,8,0.8888888888888888,-1,C_120,0.0014076466494099,possible recoding or service mix change; cause unconfirmed,caveat; preserve reported codes
RC1364,2024-11,2024-12,NT490,SOUTHEND PRIVATE HOSPITAL,C_110,C_330,107,119,12,12,4,-8,0.6666666666666666,4,C_110,0.0014064664639792,possible recoding or service mix change; cause unconfirmed,caveat; preserve reported codes
RC1365,2024-07,2024-08,RJ2,LEWISHAM AND GREENWICH NHS TRUST,C_110,X06,6525,6513,-12,12,20,8,0.6666666666666666,-4,C_110,0.0014052279162577,possible recoding or service mix change; cause unconfirmed,caveat; preserve reported codes
RC1366,2025-07,2025-08,NT339,SPIRE REGENCY HOSPITAL,C_110,C_150,781,769,-12,18,30,12,1.0,0,C_110,0.0014010982274939,possible recoding or service mix change; cause unconfirmed,caveat; preserve reported codes
RC1367,2025-10,2025-11,NT447,DUCHY HOSPITAL,C_150,C_400,0,5,5,13,10,-3,0.6,2,C_400,0.0013873217291578,possible recoding or service mix change; cause unconfirmed,caveat; preserve reported codes
RC1368,2025-10,2025-11,NT411,CLEMENTINE CHURCHILL HOSPITAL,C_400,X06,3,0,-3,4,9,5,0.6,2,C_400,0.0013873217291578,possible recoding or service mix change; cause unconfirmed,caveat; preserve reported codes
RC1369,2024-10,2024-11,NT411,CLEMENTINE CHURCHILL HOSPITAL,C_130,C_400,30,22,-8,2,6,4,0.5,-4,C_130,0.0013706962280153,possible recoding or service mix change; cause unconfirmed,caveat; preserve reported codes
RC1370,2024-04,2024-05,NT239,"NUFFIELD HEALTH, TUNBRIDGE WELLS HOSPITAL",C_120,C_400,49,40,-9,0,5,5,0.5555555555555556,-4,C_120,0.0013706390833165,possible recoding or service mix change; cause unconfirmed,caveat; preserve reported codes
RC1371,2024-04,2024-05,NVC16,RENACRES HOSPITAL,C_120,C_160,68,59,-9,7,12,5,0.5555555555555556,-4,C_120,0.0013706390833165,possible recoding or service mix change; cause unconfirmed,caveat; preserve reported codes
RC1372,2025-08,2025-09,RTH,OXFORD UNIVERSITY HOSPITALS NHS FOUNDATION TRUST,C_400,X03,3229,3232,3,2,0,-2,0.6666666666666666,1,C_400,0.0013684820341116,possible recoding or service mix change; cause unconfirmed,caveat; preserve reported codes
RC1373,2025-08,2025-09,RTH,OXFORD UNIVERSITY HOSPITALS NHS FOUNDATION TRUST,C_170,C_400,3,1,-2,3229,3232,3,0.6666666666666666,1,C_400,0.0013684820341116,possible recoding or service mix change; cause unconfirmed,caveat; preserve reported codes
RC1374,2025-08,2025-09,NT411,CLEMENTINE CHURCHILL HOSPITAL,C_400,C_502,3,0,-3,199,205,6,0.5,3,C_400,0.0013684820341116,possible recoding or service mix change; cause unconfirmed,caveat; preserve reported codes
RC1375,2026-03,2026-04,ADP02,KIMS HOSPITAL (NEWNHAM COURT),C_120,X02,15,23,8,294,283,-11,0.7272727272727273,-3,C_120,0.0013599012711677,possible recoding or service mix change; cause unconfirmed,caveat; preserve reported codes
RC1376,2025-10,2025-11,NVC13,OAKS HOSPITAL,C_120,C_301,63,71,8,15,7,-8,1.0,0,C_120,0.0013595522994277,possible recoding or service mix change; cause unconfirmed,caveat; preserve reported codes
RC1377,2026-04,2026-05,NT418,HAMPSHIRE CLINIC,C_301,X06,29,24,-5,3,9,6,0.8333333333333334,1,C_301,0.0013511797150091,possible recoding or service mix change; cause unconfirmed,caveat; preserve reported codes
RC1378,2025-05,2025-06,NVC19,RIVERS HOSPITAL,C_130,X02,325,333,8,13,2,-11,0.7272727272727273,-3,C_130,0.001350527803147,possible recoding or service mix change; cause unconfirmed,caveat; preserve reported codes
RC1379,2026-03,2026-04,NT419,HARBOUR HOSPITAL,C_110,X06,194,183,-11,0,6,6,0.5454545454545454,-5,C_110,0.0013415435800431,possible recoding or service mix change; cause unconfirmed,caveat; preserve reported codes
RC1380,2025-05,2025-06,NVC06,FITZWILLIAM HOSPITAL,C_301,C_410,89,94,5,14,5,-9,0.5555555555555556,-4,C_301,0.0013373739859361,possible recoding or service mix change; cause unconfirmed,caveat; preserve reported codes
RC1381,2025-06,2025-07,NT364,SPIRE MONTEFIORE HOSPITAL,C_301,X05,7,2,-5,3,8,5,1.0,0,C_301,0.0013337174439571,possible recoding or service mix change; cause unconfirmed,caveat; preserve reported codes
RC1382,2026-01,2026-02,NVC19,RIVERS HOSPITAL,C_130,X06,365,357,-8,20,32,12,0.6666666666666666,4,C_130,0.0013320368174976,possible recoding or service mix change; cause unconfirmed,caveat; preserve reported codes
RC1383,2025-10,2025-11,NT441,THREE SHIRES HOSPITAL,C_301,X06,18,13,-5,9,14,5,1.0,0,C_301,0.0013320261716502,possible recoding or service mix change; cause unconfirmed,caveat; preserve reported codes
RC1384,2026-02,2026-03,NT405,BISHOPS WOOD HOSPITAL,C_100,X06,57,52,-5,3,9,6,0.8333333333333334,1,C_100,0.0013290661449639,possible recoding or service mix change; cause unconfirmed,caveat; preserve reported codes
RC1385,2026-02,2026-03,NT405,BISHOPS WOOD HOSPITAL,C_130,X06,25,17,-8,3,9,6,0.75,-2,C_130,0.0013288374333504,possible recoding or service mix change; cause unconfirmed,caveat; preserve reported codes
RC1386,2026-04,2026-05,AAH,TETBURY HOSPITAL TRUST LTD,C_110,C_140,30,19,-11,16,28,12,0.9166666666666666,1,C_110,0.0013285665974201,possible recoding or service mix change; cause unconfirmed,caveat; preserve reported codes
RC1387,2025-02,2025-03,NT411,CLEMENTINE CHURCHILL HOSPITAL,C_150,C_400,2,0,-2,3,6,3,0.6666666666666666,1,C_400,0.001326729170352,possible recoding or service mix change; cause unconfirmed,caveat; preserve reported codes
RC1388,2025-02,2025-03,NT424,MERIDEN HOSPITAL,C_400,X06,4,7,3,10,7,-3,1.0,0,C_400,0.001326729170352,possible recoding or service mix change; cause unconfirmed,caveat; preserve reported codes
RC1389,2025-02,2025-03,NT440,THORNBURY HOSPITAL,C_400,X06,4,1,-3,2,5,3,1.0,0,C_400,0.001326729170352,possible recoding or service mix change; cause unconfirmed,caveat; preserve reported codes
RC1390,2024-03,2024-04,RR8,LEEDS TEACHING HOSPITALS NHS TRUST,C_110,C_430,8413,8402,-11,26,41,15,0.7333333333333333,4,C_110,0.001320678828918,possible recoding or service mix change; cause unconfirmed,caveat; preserve reported codes
RC1391,2024-02,2024-03,RWP,WORCESTERSHIRE ACUTE HOSPITALS NHS TRUST,C_110,C_160,4538,4549,11,14,5,-9,0.8181818181818182,2,C_110,0.0013166572705215,possible recoding or service mix change; cause unconfirmed,caveat; preserve reported codes
RC1392,2024-02,2024-03,NVC22,WINFIELD HOSPITAL,C_110,C_160,530,519,-11,2,10,8,0.7272727272727273,-3,C_110,0.0013166572705215,possible recoding or service mix change; cause unconfirmed,caveat; preserve reported codes
RC1393,2024-02,2024-03,NT3X3,SPIRE ST ANTHONY'S HOSPITAL,C_110,C_150,119,108,-11,11,17,6,0.5454545454545454,-5,C_110,0.0013166572705215,possible recoding or service mix change; cause unconfirmed,caveat; preserve reported codes
RC1394,2026-04,2026-05,K8I4X,GLENDON WOOD HOSPITAL,C_100,C_502,208,203,-5,1,6,5,1.0,0,C_100,0.0013106262958817,possible recoding or service mix change; cause unconfirmed,caveat; preserve reported codes
RC1395,2026-03,2026-04,NT437,SLOANE HOSPITAL,C_100,C_150,108,113,5,8,2,-6,0.8333333333333334,-1,C_100,0.0013095587310899,possible recoding or service mix change; cause unconfirmed,caveat; preserve reported codes
RC1396,2025-09,2025-10,NT421,KINGS OAK HOSPITAL,C_301,X06,14,19,5,7,2,-5,1.0,0,C_301,0.0013073672760741,possible recoding or service mix change; cause unconfirmed,caveat; preserve reported codes
RC1397,2025-01,2025-02,NVC31,BLAKELANDS HOSPITAL,C_110,X02,1028,1017,-11,4,19,15,0.7333333333333333,4,C_110,0.0013068789354877,possible recoding or service mix change; cause unconfirmed,caveat; preserve reported codes
RC1398,2025-01,2025-02,RTH,OXFORD UNIVERSITY HOSPITALS NHS FOUNDATION TRUST,C_110,X03,8178,8189,11,9,3,-6,0.5454545454545454,5,C_110,0.0013068789354877,possible recoding or service mix change; cause unconfirmed,caveat; preserve reported codes
RC1399,2025-01,2025-02,NT440,THORNBURY HOSPITAL,C_400,X06,7,4,-3,0,2,2,0.6666666666666666,-1,C_400,0.0013056250680013,possible recoding or service mix change; cause unconfirmed,caveat; preserve reported codes
RC1400,2025-12,2026-01,F9Z4V,CIRCLE READING HOSPITAL,C_301,X06,6,11,5,44,40,-4,0.8,1,C_301,0.0013054591691535,possible recoding or service mix change; cause unconfirmed,caveat; preserve reported codes
RC1401,2025-02,2025-03,NT238,"NUFFIELD HEALTH, TAUNTON HOSPITAL",C_101,C_110,7,0,-7,227,238,11,0.6363636363636364,4,C_110,0.0013047614303032,possible recoding or service mix change; cause unconfirmed,caveat; preserve reported codes
RC1402,2025-02,2025-03,NT410,CHILTERN HOSPITAL,C_110,X06,437,426,-11,3,10,7,0.6363636363636364,-4,C_110,0.0013047614303032,possible recoding or service mix change; cause unconfirmed,caveat; preserve reported codes
RC1403,2025-03,2025-04,NT455,MOUNT ALVERNIA HOSPITAL,C_101,C_110,21,33,12,108,97,-11,0.9166666666666666,1,C_110,0.0013031322560773,possible recoding or service mix change; cause unconfirmed,caveat; preserve reported codes
RC1404,2025-03,2025-04,NT436,SHIRLEY OAKS HOSPITAL,C_110,C_502,364,375,11,17,3,-14,0.7857142857142857,-3,C_110,0.0013031322560773,possible recoding or service mix change; cause unconfirmed,caveat; preserve reported codes
RC1405,2026-01,2026-02,NT448,HUDDERSFIELD PRIVATE HOSPITAL,C_100,X06,262,257,-5,3,10,7,0.7142857142857143,2,C_100,0.0012987046719601,possible recoding or service mix change; cause unconfirmed,caveat; preserve reported codes
RC1406,2026-01,2026-02,NT406,BLACKHEATH HOSPITAL,C_100,C_150,159,154,-5,3,6,3,0.6,-2,C_100,0.0012987046719601,possible recoding or service mix change; cause unconfirmed,caveat; preserve reported codes
RC1407,2025-08,2025-09,NT351,SPIRE HULL AND EAST RIDING HOSPITAL,C_120,C_320,98,90,-8,19,33,14,0.5714285714285714,6,C_120,0.0012954815223851,possible recoding or service mix change; cause unconfirmed,caveat; preserve reported codes
RC1408,2025-12,2026-01,NT402,BATH CLINIC,C_100,X06,36,31,-5,0,5,5,1.0,0,C_100,0.0012951086337121,possible recoding or service mix change; cause unconfirmed,caveat; preserve reported codes
RC1409,2025-12,2026-01,RMP,TAMESIDE AND GLOSSOP INTEGRATED CARE NHS FOUNDATION TRUST,C_100,C_170,1246,1251,5,3,0,-3,0.6,2,C_100,0.0012951086337121,possible recoding or service mix change; cause unconfirmed,caveat; preserve reported codes
RC1410,2024-12,2025-01,RA9,TORBAY AND SOUTH DEVON NHS FOUNDATION TRUST,C_170,C_400,3,5,2,1071,1068,-3,0.6666666666666666,-1,C_400,0.001287636543125,possible recoding or service mix change; cause unconfirmed,caveat; preserve reported codes
RC1411,2024-03,2024-04,AAH,TETBURY HOSPITAL TRUST LTD,C_101,C_400,47,53,6,3,0,-3,0.5,3,C_400,0.0012813996301026,possible recoding or service mix change; cause unconfirmed,caveat; preserve reported codes
RC1412,2024-03,2024-04,AAH,TETBURY HOSPITAL TRUST LTD,C_340,C_400,0,5,5,3,0,-3,0.6,2,C_400,0.0012813996301026,possible recoding or service mix change; cause unconfirmed,caveat; preserve reported codes
RC1413,2024-03,2024-04,AAH,TETBURY HOSPITAL TRUST LTD,C_400,C_502,3,0,-3,16,19,3,1.0,0,C_400,0.0012813996301026,possible recoding or service mix change; cause unconfirmed,caveat; preserve reported codes
RC1414,2024-05,2024-06,NT411,CLEMENTINE CHURCHILL HOSPITAL,C_400,C_502,1,4,3,328,323,-5,0.6,-2,C_400,0.0012811971506175,possible recoding or service mix change; cause unconfirmed,caveat; preserve reported codes
RC1415,2024-01,2024-02,NT424,MERIDEN HOSPITAL,C_301,C_400,123,118,-5,2,8,6,0.8333333333333334,1,C_301,0.0012805736970162,possible recoding or service mix change; cause unconfirmed,caveat; preserve reported codes
RC1416,2024-02,2024-03,NT347,SPIRE FYLDE COAST HOSPITAL,C_301,C_400,5,10,5,7,0,-7,0.7142857142857143,-2,C_301,0.0012805605781987,possible recoding or service mix change; cause unconfirmed,caveat; preserve reported codes
RC1417,2024-02,2024-03,NT347,SPIRE FYLDE COAST HOSPITAL,C_301,X05,5,10,5,53,47,-6,0.8333333333333334,-1,C_301,0.0012805605781987,possible recoding or service mix change; cause unconfirmed,caveat; preserve reported codes
RC1418,2024-07,2024-08,G3Q3Z,NUFFIELD HEALTH HIGHGATE HOSPITAL,C_160,C_301,17,7,-10,41,46,5,0.5,-5,C_301,0.0012797477361262,possible recoding or service mix change; cause unconfirmed,caveat; preserve reported codes
RC1419,2024-07,2024-08,NT421,KINGS OAK HOSPITAL,C_301,X06,15,10,-5,1,9,8,0.625,3,C_301,0.0012797477361262,possible recoding or service mix change; cause unconfirmed,caveat; preserve reported codes
RC1420,2024-10,2024-11,NT424,MERIDEN HOSPITAL,C_400,X06,11,14,3,4,1,-3,1.0,0,C_400,0.0012789740922481,possible recoding or service mix change; cause unconfirmed,caveat; preserve reported codes
RC1421,2024-05,2024-06,NT324,SPIRE CHESHIRE HOSPITAL,C_101,C_301,9,14,5,16,11,-5,1.0,0,C_301,0.0012788279797331,possible recoding or service mix change; cause unconfirmed,caveat; preserve reported codes
RC1422,2024-01,2024-02,NT409,CHELSFIELD PARK HOSPITAL,C_101,C_120,39,35,-4,10,18,8,0.5,4,C_120,0.0012741491072992,possible recoding or service mix change; cause unconfirmed,caveat; preserve reported codes
RC1423,2024-01,2024-02,NT409,CHELSFIELD PARK HOSPITAL,C_120,C_502,10,18,8,74,58,-16,0.5,-8,C_120,0.0012741491072992,possible recoding or service mix change; cause unconfirmed,caveat; preserve reported codes
RC1424,2025-04,2025-05,RPY,THE ROYAL MARSDEN NHS FOUNDATION TRUST,C_100,X04,111,106,-5,4,8,4,0.8,-1,C_100,0.0012683015919721,possible recoding or service mix change; cause unconfirmed,caveat; preserve reported codes
RC1425,2025-04,2025-05,NT447,DUCHY HOSPITAL,C_100,C_150,154,149,-5,3,7,4,0.8,-1,C_100,0.0012683015919721,possible recoding or service mix change; cause unconfirmed,caveat; preserve reported codes
RC1426,2024-07,2024-08,RMC,BOLTON NHS FOUNDATION TRUST,C_300,C_400,3,5,2,16,13,-3,0.6666666666666666,-1,C_400,0.0012678502753348,possible recoding or service mix change; cause unconfirmed,caveat; preserve reported codes
RC1427,2025-06,2025-07,NVC21,WEST MIDLANDS HOSPITAL,C_100,C_130,74,69,-5,0,3,3,0.6,-2,C_100,0.0012654383478436,possible recoding or service mix change; cause unconfirmed,caveat; preserve reported codes
RC1428,2025-02,2025-03,NT428,PRINCESS MARGARET HOSPITAL,C_301,X06,39,34,-5,2,5,3,0.6,-2,C_301,0.0012651757835233,possible recoding or service mix change; cause unconfirmed,caveat; preserve reported codes
RC1429,2025-02,2025-03,RPY,THE ROYAL MARSDEN NHS FOUNDATION TRUST,C_301,X04,49,44,-5,6,10,4,0.8,-1,C_301,0.0012651757835233,possible recoding or service mix change; cause unconfirmed,caveat; preserve reported codes
RC1430,2025-07,2025-08,RTE,GLOUCESTERSHIRE HOSPITALS NHS FOUNDATION TRUST,C_100,C_300,3,8,5,132,126,-6,0.8333333333333334,-1,C_100,0.0012642544691395,possible recoding or service mix change; cause unconfirmed,caveat; preserve reported codes
RC1431,2025-07,2025-08,RTE,GLOUCESTERSHIRE HOSPITALS NHS FOUNDATION TRUST,C_100,C_140,3,8,5,3086,3078,-8,0.625,-3,C_100,0.0012642544691395,possible recoding or service mix change; cause unconfirmed,caveat; preserve reported codes
RC1432,2025-07,2025-08,RTE,GLOUCESTERSHIRE HOSPITALS NHS FOUNDATION TRUST,C_100,X04,3,8,5,1210,1206,-4,0.8,1,C_100,0.0012642544691395,possible recoding or service mix change; cause unconfirmed,caveat; preserve reported codes
RC1433,2024-10,2024-11,NT345,SPIRE CLARE PARK HOSPITAL,C_101,C_120,5,9,4,11,3,-8,0.5,-4,C_120,0.0012632842231591,possible recoding or service mix change; cause unconfirmed,caveat; preserve reported codes
RC1434,2025-03,2025-04,R1F,ISLE OF WIGHT NHS TRUST,C_100,X03,856,861,5,7,2,-5,1.0,0,C_100,0.0012594331543259,possible recoding or service mix change; cause unconfirmed,caveat; preserve reported codes
RC1435,2025-03,2025-04,NT212,"NUFFIELD HEALTH, CHICHESTER HOSPITAL",C_100,C_140,45,40,-5,4,12,8,0.625,3,C_100,0.0012594331543259,possible recoding or service mix change; cause unconfirmed,caveat; preserve reported codes
RC1436,2025-03,2025-04,AAH,TETBURY HOSPITAL TRUST LTD,C_100,C_320,38,43,5,3,0,-3,0.6,2,C_100,0.0012594331543259,possible recoding or service mix change; cause unconfirmed,caveat; preserve reported codes
RC1437,2025-02,2025-03,NVC20,THE YORKSHIRE CLINIC,C_120,C_300,783,775,-8,1,5,4,0.5,-4,C_120,0.0012544356059002,possible recoding or service mix change; cause unconfirmed,caveat; preserve reported codes
RC1438,2025-02,2025-03,R1D,SHROPSHIRE COMMUNITY HEALTH NHS TRUST,C_100,C_410,47,42,-5,2,5,3,0.6,-2,C_100,0.0012376666518146,possible recoding or service mix change; cause unconfirmed,caveat; preserve reported codes
RC1439,2025-02,2025-03,NT410,CHILTERN HOSPITAL,C_100,X06,25,20,-5,3,10,7,0.7142857142857143,2,C_100,0.0012376666518146,possible recoding or service mix change; cause unconfirmed,caveat; preserve reported codes
RC1440,2025-02,2025-03,RPY,THE ROYAL MARSDEN NHS FOUNDATION TRUST,C_100,X04,129,124,-5,6,10,4,0.8,-1,C_100,0.0012376666518146,possible recoding or service mix change; cause unconfirmed,caveat; preserve reported codes
RC1441,2024-12,2025-01,NT339,SPIRE REGENCY HOSPITAL,C_100,C_150,328,333,5,5,0,-5,1.0,0,C_100,0.0012287397308076,possible recoding or service mix change; cause unconfirmed,caveat; preserve reported codes
RC1442,2026-02,2026-03,R1K,LONDON NORTH WEST UNIVERSITY HEALTHCARE NHS TRUST,C_110,C_300,6717,6727,10,7,2,-5,0.5,5,C_110,0.001222489404073,possible recoding or service mix change; cause unconfirmed,caveat; preserve reported codes
RC1443,2026-03,2026-04,RMP,TAMESIDE AND GLOSSOP INTEGRATED CARE NHS FOUNDATION TRUST,C_110,C_430,3127,3137,10,15,1,-14,0.7142857142857143,-4,C_110,0.0012195850727665,possible recoding or service mix change; cause unconfirmed,caveat; preserve reported codes
RC1444,2024-09,2024-10,RWA,HULL UNIVERSITY TEACHING HOSPITALS NHS TRUST,C_320,X03,5812,5807,-5,10,17,7,0.7142857142857143,2,C_320,0.0012135421596681,possible recoding or service mix change; cause unconfirmed,caveat; preserve reported codes
RC1445,2024-09,2024-10,RX1,NOTTINGHAM UNIVERSITY HOSPITALS NHS TRUST,C_100,X03,1947,1952,5,3,0,-3,0.6,2,C_100,0.0012116982192882,possible recoding or service mix change; cause unconfirmed,caveat; preserve reported codes
RC1446,2024-09,2024-10,NVC08,MOUNT STUART HOSPITAL,C_100,C_301,196,191,-5,1,6,5,1.0,0,C_100,0.0012116982192882,possible recoding or service mix change; cause unconfirmed,caveat; preserve reported codes
RC1447,2026-02,2026-03,NT3X3,SPIRE ST ANTHONY'S HOSPITAL,C_120,C_320,10,17,7,14,4,-10,0.7,-3,C_120,0.0012086595275177,possible recoding or service mix change; cause unconfirmed,caveat; preserve reported codes
RC1448,2024-03,2024-04,NVC02,THE BERKSHIRE INDEPENDENT HOSPITAL,C_110,C_130,558,548,-10,21,34,13,0.7692307692307693,3,C_110,0.0012006171171982,possible recoding or service mix change; cause unconfirmed,caveat; preserve reported codes
RC1449,2024-10,2024-11,RBD,DORSET COUNTY HOSPITAL NHS FOUNDATION TRUST,C_130,X06,2625,2632,7,12,4,-8,0.875,-1,C_130,0.0011993591995134,possible recoding or service mix change; cause unconfirmed,caveat; preserve reported codes
RC1450,2024-07,2024-08,NNE,DORKING HEALTHCARE LIMITED (DHC),C_320,C_430,515,510,-5,15,23,8,0.625,3,C_320,0.0011942608600111,possible recoding or service mix change; cause unconfirmed,caveat; preserve reported codes
RC1451,2025-04,2025-05,NVC23,WOODLAND HOSPITAL,C_130,C_301,7,0,-7,93,103,10,0.7,3,C_130,0.0011873543370661,possible recoding or service mix change; cause unconfirmed,caveat; preserve reported codes
RC1452,2024-01,2024-02,NT429,PRIORY HOSPITAL,C_110,X06,897,907,10,11,1,-10,1.0,0,C_110,0.0011871493457619,possible recoding or service mix change; cause unconfirmed,caveat; preserve reported codes
RC1453,2024-01,2024-02,NT404,BEAUMONT HOSPITAL,C_100,C_400,663,658,-5,2,5,3,0.6,-2,C_100,0.0011850981024209,possible recoding or service mix change; cause unconfirmed,caveat; preserve reported codes
RC1454,2024-04,2024-05,NT204,"NUFFIELD HEALTH, BRENTWOOD HOSPITAL",C_100,X06,75,80,5,10,1,-9,0.5555555555555556,-4,C_100,0.0011812651349595,possible recoding or service mix change; cause unconfirmed,caveat; preserve reported codes
RC1455,2024-09,2024-10,NT412,DROITWICH SPA HOSPITAL,C_130,X06,21,14,-7,7,12,5,0.7142857142857143,-2,C_130,0.0011787647219294,possible recoding or service mix change; cause unconfirmed,caveat; preserve reported codes
RC1456,2024-03,2024-04,H4I8B,NUFFIELD HEALTH THE HOLLY HOSPITAL,C_100,X06,503,498,-5,13,22,9,0.5555555555555556,4,C_100,0.0011785864976416,possible recoding or service mix change; cause unconfirmed,caveat; preserve reported codes
RC1457,2025-10,2025-11,F9Z4V,CIRCLE READING HOSPITAL,C_130,C_301,144,137,-7,6,10,4,0.5714285714285714,-3,C_130,0.0011708035057202,possible recoding or service mix change; cause unconfirmed,caveat; preserve reported codes
RC1458,2025-07,2025-08,NT423,MANOR HOSPITAL,C_110,X06,397,407,10,16,7,-9,0.9,1,C_110,0.0011675818562449,possible recoding or service mix change; cause unconfirmed,caveat; preserve reported codes
RC1459,2025-09,2025-10,NT343,SPIRE THAMES VALLEY HOSPITAL,C_110,C_160,301,291,-10,0,20,20,0.5,10,C_110,0.0011642826039879,possible recoding or service mix change; cause unconfirmed,caveat; preserve reported codes
RC1460,2024-06,2024-07,NVC23,WOODLAND HOSPITAL,C_130,C_400,7,14,7,42,30,-12,0.5833333333333334,-5,C_130,0.0011535564970773,possible recoding or service mix change; cause unconfirmed,caveat; preserve reported codes
RC1461,2024-07,2024-08,NT402,BATH CLINIC,C_130,X06,164,157,-7,0,9,9,0.7777777777777778,2,C_130,0.0011509144837655,possible recoding or service mix change; cause unconfirmed,caveat; preserve reported codes
RC1462,2024-05,2024-06,NVC20,THE YORKSHIRE CLINIC,C_130,C_300,492,485,-7,6,16,10,0.7,3,C_130,0.0011470220031592,possible recoding or service mix change; cause unconfirmed,caveat; preserve reported codes
RC1463,2025-08,2025-09,NT345,SPIRE CLARE PARK HOSPITAL,C_101,C_120,15,10,-5,11,18,7,0.7142857142857143,2,C_120,0.0011335463320869,possible recoding or service mix change; cause unconfirmed,caveat; preserve reported codes
RC1464,2025-08,2025-09,NT225,"NUFFIELD HEALTH, LEEDS HOSPITAL",C_120,C_301,31,24,-7,4,13,9,0.7777777777777778,2,C_120,0.0011335463320869,possible recoding or service mix change; cause unconfirmed,caveat; preserve reported codes
RC1465,2025-06,2025-07,NT3X3,SPIRE ST ANTHONY'S HOSPITAL,C_120,C_320,34,41,7,15,6,-9,0.7777777777777778,-2,C_120,0.0011136566119383,possible recoding or service mix change; cause unconfirmed,caveat; preserve reported codes
RC1466,2024-09,2024-10,NT233,"NUFFIELD HEALTH, PLYMOUTH HOSPITAL",C_101,C_120,17,21,4,8,1,-7,0.5714285714285714,-3,C_120,0.0010977860791315,possible recoding or service mix change; cause unconfirmed,caveat; preserve reported codes
RC1467,2024-09,2024-10,NT233,"NUFFIELD HEALTH, PLYMOUTH HOSPITAL",C_120,X06,8,1,-7,46,51,5,0.7142857142857143,-2,C_120,0.0010977860791315,possible recoding or service mix change; cause unconfirmed,caveat; preserve reported codes
RC1468,2025-03,2025-04,NT404,BEAUMONT HOSPITAL,C_120,C_301,242,249,7,7,2,-5,0.7142857142857143,2,C_120,0.0010956091117114,possible recoding or service mix change; cause unconfirmed,caveat; preserve reported codes
RC1469,2024-08,2024-09,NT233,"NUFFIELD HEALTH, PLYMOUTH HOSPITAL",C_120,C_150,15,8,-7,19,33,14,0.5,7,C_120,0.0010938063993924,possible recoding or service mix change; cause unconfirmed,caveat; preserve reported codes
RC1470,2026-02,2026-03,NT440,THORNBURY HOSPITAL,C_150,C_301,7,5,-2,4,8,4,0.5,2,C_301,0.0010921292971874,possible recoding or service mix change; cause unconfirmed,caveat; preserve reported codes
RC1471,2026-02,2026-03,NT314,SPIRE LONDON EAST,C_160,C_301,45,41,-4,0,4,4,1.0,0,C_301,0.0010921292971874,possible recoding or service mix change; cause unconfirmed,caveat; preserve reported codes
RC1472,2026-04,2026-05,R1F,ISLE OF WIGHT NHS TRUST,C_300,C_301,2,8,6,800,796,-4,0.6666666666666666,2,C_301,0.0010809437720073,possible recoding or service mix change; cause unconfirmed,caveat; preserve reported codes
RC1473,2026-03,2026-04,NT314,SPIRE LONDON EAST,C_160,C_301,41,43,2,4,0,-4,0.5,-2,C_301,0.0010766087899724,possible recoding or service mix change; cause unconfirmed,caveat; preserve reported codes
RC1474,2025-05,2025-06,NVC18,SPRINGFIELD HOSPITAL,C_160,C_301,1,3,2,320,316,-4,0.5,-2,C_301,0.0010698991887489,possible recoding or service mix change; cause unconfirmed,caveat; preserve reported codes
RC1475,2025-05,2025-06,NT417,GORING HALL HOSPITAL,C_301,X06,39,35,-4,2,4,2,0.5,-2,C_301,0.0010698991887489,possible recoding or service mix change; cause unconfirmed,caveat; preserve reported codes
RC1476,2025-04,2025-05,RJE,UNIVERSITY HOSPITALS OF NORTH MIDLANDS NHS TRUST,C_110,C_410,6153,6162,9,5,0,-5,0.5555555555555556,4,C_110,0.0010671118499213,possible recoding or service mix change; cause unconfirmed,caveat; preserve reported codes
RC1477,2024-06,2024-07,NT3X3,SPIRE ST ANTHONY'S HOSPITAL,C_120,C_301,42,35,-7,8,16,8,0.875,1,C_120,0.0010647343259699,possible recoding or service mix change; cause unconfirmed,caveat; preserve reported codes
RC1478,2025-06,2025-07,R0F4N,NUFFIELD HEALTH PARKSIDE HOSPITAL,C_110,X02,307,298,-9,2,9,7,0.7777777777777778,-2,C_110,0.0010620057985516,possible recoding or service mix change; cause unconfirmed,caveat; preserve reported codes
RC1479,2025-07,2025-08,NVC02,THE BERKSHIRE INDEPENDENT HOSPITAL,C_301,C_502,6,2,-4,56,59,3,0.75,-1,C_301,0.0010594090086845,possible recoding or service mix change; cause unconfirmed,caveat; preserve reported codes
RC1480,2025-07,2025-08,NT225,"NUFFIELD HEALTH, LEEDS HOSPITAL",C_301,C_502,0,4,4,12,6,-6,0.6666666666666666,-2,C_301,0.0010594090086845,possible recoding or service mix change; cause unconfirmed,caveat; preserve reported codes
RC1481,2025-07,2025-08,NT440,THORNBURY HOSPITAL,C_301,C_400,10,6,-4,0,2,2,0.5,-2,C_301,0.0010594090086845,possible recoding or service mix change; cause unconfirmed,caveat; preserve reported codes
RC1482,2024-10,2024-11,NT225,"NUFFIELD HEALTH, LEEDS HOSPITAL",C_110,C_502,1159,1150,-9,15,25,10,0.9,1,C_110,0.0010540184453227,possible recoding or service mix change; cause unconfirmed,caveat; preserve reported codes
RC1483,2024-10,2024-11,NT447,DUCHY HOSPITAL,C_110,C_150,237,228,-9,5,10,5,0.5555555555555556,-4,C_110,0.0010540184453227,possible recoding or service mix change; cause unconfirmed,caveat; preserve reported codes
RC1484,2024-07,2024-08,RQM,CHELSEA AND WESTMINSTER HOSPITAL NHS FOUNDATION TRUST,C_110,C_300,4691,4682,-9,35,53,18,0.5,9,C_110,0.0010539209371933,possible recoding or service mix change; cause unconfirmed,caveat; preserve reported codes
RC1485,2025-08,2025-09,G3Z1Q,SULIS HOSPITAL BATH (FOXCOTE AVENUE),C_301,X06,88,84,-4,2,5,3,0.75,-1,C_301,0.0010537435556995,possible recoding or service mix change; cause unconfirmed,caveat; preserve reported codes
RC1486,2025-10,2025-11,RTE,GLOUCESTERSHIRE HOSPITALS NHS FOUNDATION TRUST,C_100,C_170,5,1,-4,23,29,6,0.6666666666666666,2,C_100,0.0010491197884974,possible recoding or service mix change; cause unconfirmed,caveat; preserve reported codes
RC1487,2025-10,2025-11,RTE,GLOUCESTERSHIRE HOSPITALS NHS FOUNDATION TRUST,C_100,C_400,5,1,-4,2476,2482,6,0.6666666666666666,2,C_100,0.0010491197884974,possible recoding or service mix change; cause unconfirmed,caveat; preserve reported codes
RC1488,2025-10,2025-11,RTE,GLOUCESTERSHIRE HOSPITALS NHS FOUNDATION TRUST,C_100,X04,5,1,-4,1207,1215,8,0.5,4,C_100,0.0010491197884974,possible recoding or service mix change; cause unconfirmed,caveat; preserve reported codes
RC1489,2026-01,2026-02,RW1,HAMPSHIRE AND ISLE OF WIGHT HEALTHCARE NHS FOUNDATION TRUST,C_320,X04,256,260,4,3,1,-2,0.5,2,C_320,0.0010487429504809,possible recoding or service mix change; cause unconfirmed,caveat; preserve reported codes
RC1490,2026-04,2026-05,NT226,"NUFFIELD HEALTH, LEICESTER HOSPITAL",C_100,C_160,2,6,4,15,13,-2,0.5,2,C_100,0.0010485010367054,possible recoding or service mix change; cause unconfirmed,caveat; preserve reported codes
RC1491,2026-04,2026-05,R0F4N,NUFFIELD HEALTH PARKSIDE HOSPITAL,C_100,X02,24,28,4,5,2,-3,0.75,1,C_100,0.0010485010367054,possible recoding or service mix change; cause unconfirmed,caveat; preserve reported codes
RC1492,2026-04,2026-05,NT440,THORNBURY HOSPITAL,C_100,X06,86,82,-4,7,14,7,0.5714285714285714,3,C_100,0.0010485010367054,possible recoding or service mix change; cause unconfirmed,caveat; preserve reported codes
RC1493,2026-04,2026-05,NT440,THORNBURY HOSPITAL,C_100,C_400,86,82,-4,0,5,5,0.8,1,C_100,0.0010485010367054,possible recoding or service mix change; cause unconfirmed,caveat; preserve reported codes
RC1494,2025-09,2025-10,NT404,BEAUMONT HOSPITAL,C_301,C_502,6,10,4,418,415,-3,0.75,1,C_301,0.0010458938208593,possible recoding or service mix change; cause unconfirmed,caveat; preserve reported codes
RC1495,2025-09,2025-10,NT225,"NUFFIELD HEALTH, LEEDS HOSPITAL",C_150,C_301,4,1,-3,13,17,4,0.75,1,C_301,0.0010458938208593,possible recoding or service mix change; cause unconfirmed,caveat; preserve reported codes
RC1496,2025-09,2025-10,NT225,"NUFFIELD HEALTH, LEEDS HOSPITAL",C_301,C_502,13,17,4,5,2,-3,0.75,1,C_301,0.0010458938208593,possible recoding or service mix change; cause unconfirmed,caveat; preserve reported codes
RC1497,2025-10,2025-11,NT304,SPIRE SOUTHAMPTON HOSPITAL,C_101,C_320,0,4,4,4,0,-4,1.0,0,C_320,0.0010426876316393,possible recoding or service mix change; cause unconfirmed,caveat; preserve reported codes
RC1498,2025-12,2026-01,NT449,LANCASTER PRIVATE HOSPITAL,C_100,X06,39,35,-4,2,4,2,0.5,-2,C_100,0.0010360869069697,possible recoding or service mix change; cause unconfirmed,caveat; preserve reported codes
RC1499,2025-12,2026-01,NT417,GORING HALL HOSPITAL,C_100,X06,39,35,-4,0,2,2,0.5,-2,C_100,0.0010360869069697,possible recoding or service mix change; cause unconfirmed,caveat; preserve reported codes
RC1500,2024-12,2025-01,NT422,LONDON INDEPENDENT HOSPITAL,C_130,C_301,11,17,6,137,131,-6,1.0,0,C_130,0.00103467542232,possible recoding or service mix change; cause unconfirmed,caveat; preserve reported codes
RC1501,2025-03,2025-04,NT216,"NUFFIELD HEALTH, GUILDFORD HOSPITAL",C_301,C_502,7,3,-4,106,111,5,0.8,1,C_301,0.0010335516711238,possible recoding or service mix change; cause unconfirmed,caveat; preserve reported codes
RC1502,2024-10,2024-11,RR8,LEEDS TEACHING HOSPITALS NHS TRUST,C_130,C_300,4242,4236,-6,1,6,5,0.8333333333333334,-1,C_130,0.0010280221710114,possible recoding or service mix change; cause unconfirmed,caveat; preserve reported codes
RC1503,2024-06,2024-07,F9Z4V,CIRCLE READING HOSPITAL,C_301,C_502,5,1,-4,80,88,8,0.5,4,C_301,0.0010266360729116,possible recoding or service mix change; cause unconfirmed,caveat; preserve reported codes
RC1504,2024-06,2024-07,NT440,THORNBURY HOSPITAL,C_301,X06,5,9,4,7,5,-2,0.5,2,C_301,0.0010266360729116,possible recoding or service mix change; cause unconfirmed,caveat; preserve reported codes
RC1505,2024-06,2024-07,F9Z4V,CIRCLE READING HOSPITAL,C_301,X06,5,1,-4,26,33,7,0.5714285714285714,3,C_301,0.0010266360729116,possible recoding or service mix change; cause unconfirmed,caveat; preserve reported codes
RC1506,2024-08,2024-09,NT447,DUCHY HOSPITAL,C_301,C_400,12,8,-4,12,19,7,0.5714285714285714,3,C_301,0.0010249813581515,possible recoding or service mix change; cause unconfirmed,caveat; preserve reported codes
RC1507,2025-06,2025-07,RAX,KINGSTON AND RICHMOND NHS FOUNDATION TRUST,C_130,C_430,4997,4991,-6,4,9,5,0.8333333333333334,-1,C_130,0.0010245569218211,possible recoding or service mix change; cause unconfirmed,caveat; preserve reported codes
RC1508,2024-01,2024-02,NT233,"NUFFIELD HEALTH, PLYMOUTH HOSPITAL",C_101,C_301,1,3,2,97,93,-4,0.5,-2,C_301,0.001024458957613,possible recoding or service mix change; cause unconfirmed,caveat; preserve reported codes
RC1509,2024-04,2024-05,NT347,SPIRE FYLDE COAST HOSPITAL,C_301,C_320,7,3,-4,1,3,2,0.5,-2,C_301,0.0010242831938174,possible recoding or service mix change; cause unconfirmed,caveat; preserve reported codes
RC1510,2024-05,2024-06,NT408,CHAUCER HOSPITAL,C_301,C_502,93,97,4,5,2,-3,0.75,1,C_301,0.0010230623837865,possible recoding or service mix change; cause unconfirmed,caveat; preserve reported codes
RC1511,2025-09,2025-10,NT304,SPIRE SOUTHAMPTON HOSPITAL,C_100,C_110,0,4,4,422,417,-5,0.8,-1,C_100,0.0010217296350126,possible recoding or service mix change; cause unconfirmed,caveat; preserve reported codes
RC1512,2025-09,2025-10,NT225,"NUFFIELD HEALTH, LEEDS HOSPITAL",C_100,C_160,274,270,-4,1,3,2,0.5,-2,C_100,0.0010217296350126,possible recoding or service mix change; cause unconfirmed,caveat; preserve reported codes
RC1513,2025-07,2025-08,RQ3,BIRMINGHAM WOMEN'S AND CHILDREN'S NHS FOUNDATION TRUST,C_130,X03,29,23,-6,2,6,4,0.6666666666666666,-2,C_130,0.0010214904567254,possible recoding or service mix change; cause unconfirmed,caveat; preserve reported codes
RC1514,2025-12,2026-01,F9Z4V,CIRCLE READING HOSPITAL,C_120,C_301,73,67,-6,6,11,5,0.8333333333333334,-1,C_120,0.0010209759509114,possible recoding or service mix change; cause unconfirmed,caveat; preserve reported codes
RC1515,2025-10,2025-11,NVC20,THE YORKSHIRE CLINIC,C_120,C_300,705,711,6,4,1,-3,0.5,3,C_120,0.0010196642245708,possible recoding or service mix change; cause unconfirmed,caveat; preserve reported codes
RC1516,2025-03,2025-04,K8I4X,GLENDON WOOD HOSPITAL,C_130,C_502,692,698,6,9,2,-7,0.8571428571428571,-1,C_130,0.0010193004540983,possible recoding or service mix change; cause unconfirmed,caveat; preserve reported codes
RC1517,2024-10,2024-11,NVC13,OAKS HOSPITAL,C_301,C_400,17,13,-4,0,2,2,0.5,-2,C_301,0.0010183091994053,possible recoding or service mix change; cause unconfirmed,caveat; preserve reported codes
RC1518,2025-01,2025-02,NT364,SPIRE MONTEFIORE HOSPITAL,C_301,X05,5,1,-4,2,4,2,0.5,-2,C_301,0.0010147133434804,possible recoding or service mix change; cause unconfirmed,caveat; preserve reported codes
RC1519,2025-01,2025-02,NT447,DUCHY HOSPITAL,C_150,C_301,5,3,-2,7,11,4,0.5,2,C_301,0.0010147133434804,possible recoding or service mix change; cause unconfirmed,caveat; preserve reported codes
RC1520,2025-01,2025-02,NT216,"NUFFIELD HEALTH, GUILDFORD HOSPITAL",C_140,C_301,6,4,-2,5,9,4,0.5,2,C_301,0.0010147133434804,possible recoding or service mix change; cause unconfirmed,caveat; preserve reported codes
RC1521,2025-02,2025-03,NT301,SPIRE SOUTH BANK HOSPITAL,C_101,C_301,13,21,8,23,19,-4,0.5,4,C_301,0.0010121406268186,possible recoding or service mix change; cause unconfirmed,caveat; preserve reported codes
RC1522,2025-02,2025-03,NT233,"NUFFIELD HEALTH, PLYMOUTH HOSPITAL",C_160,C_301,65,69,4,5,1,-4,1.0,0,C_301,0.0010121406268186,possible recoding or service mix change; cause unconfirmed,caveat; preserve reported codes
RC1523,2024-12,2025-01,NT405,BISHOPS WOOD HOSPITAL,C_301,X06,14,18,4,7,3,-4,1.0,0,C_301,0.0010104531377096,possible recoding or service mix change; cause unconfirmed,caveat; preserve reported codes
RC1524,2025-03,2025-04,NVC01,ASHTEAD HOSPITAL,C_100,C_330,251,255,4,4,0,-4,1.0,0,C_100,0.0010075465234607,possible recoding or service mix change; cause unconfirmed,caveat; preserve reported codes
RC1525,2025-03,2025-04,NT418,HAMPSHIRE CLINIC,C_100,X06,28,32,4,2,0,-2,0.5,2,C_100,0.0010075465234607,possible recoding or service mix change; cause unconfirmed,caveat; preserve reported codes
RC1526,2025-03,2025-04,NT202,"NUFFIELD HEALTH, BOURNEMOUTH HOSPITAL",C_100,C_502,74,78,4,2,0,-2,0.5,2,C_100,0.0010075465234607,possible recoding or service mix change; cause unconfirmed,caveat; preserve reported codes
RC1527,2025-10,2025-11,NT411,CLEMENTINE CHURCHILL HOSPITAL,C_130,C_400,35,41,6,3,0,-3,0.5,3,C_130,0.0010035458620458,possible recoding or service mix change; cause unconfirmed,caveat; preserve reported codes
RC1528,2024-01,2024-02,RPY,THE ROYAL MARSDEN NHS FOUNDATION TRUST,C_140,C_320,91,97,6,4,0,-4,0.6666666666666666,2,C_320,0.0010022701418713,possible recoding or service mix change; cause unconfirmed,caveat; preserve reported codes
RC1529,2024-08,2024-09,NT402,BATH CLINIC,C_130,X06,157,163,6,9,0,-9,0.6666666666666666,-3,C_130,0.000999377054969,possible recoding or service mix change; cause unconfirmed,caveat; preserve reported codes
RC1530,2025-02,2025-03,NT327,SPIRE MANCHESTER HOSPITAL,C_100,C_320,156,160,4,2,0,-2,0.5,2,C_100,0.0009901333214517,possible recoding or service mix change; cause unconfirmed,caveat; preserve reported codes
RC1531,2024-01,2024-02,RET,THE WALTON CENTRE NHS FOUNDATION TRUST,C_130,X03,17,11,-6,2,10,8,0.75,2,C_130,0.0009872447972199,possible recoding or service mix change; cause unconfirmed,caveat; preserve reported codes
RC1532,2024-02,2024-03,RW1,SOUTHERN HEALTH NHS FOUNDATION TRUST,C_320,X04,251,247,-4,8,13,5,0.8,1,C_320,0.0009869135266367,possible recoding or service mix change; cause unconfirmed,caveat; preserve reported codes
RC1533,2024-05,2024-06,NTE02,ST HUGH'S HOSPITAL,C_130,X02,44,50,6,5,1,-4,0.6666666666666666,2,C_130,0.0009831617169936,possible recoding or service mix change; cause unconfirmed,caveat; preserve reported codes
RC1534,2024-05,2024-06,F9Z4V,CIRCLE READING HOSPITAL,C_130,C_301,87,93,6,11,5,-6,1.0,0,C_130,0.0009831617169936,possible recoding or service mix change; cause unconfirmed,caveat; preserve reported codes
RC1535,2024-12,2025-01,NT433,SARUM ROAD HOSPITAL,C_100,C_301,19,23,4,2,0,-2,0.5,2,C_100,0.0009829917846461,possible recoding or service mix change; cause unconfirmed,caveat; preserve reported codes
RC1536,2024-12,2025-01,NT433,SARUM ROAD HOSPITAL,C_100,C_130,19,23,4,10,3,-7,0.5714285714285714,-3,C_100,0.0009829917846461,possible recoding or service mix change; cause unconfirmed,caveat; preserve reported codes
RC1537,2025-01,2025-02,NT364,SPIRE MONTEFIORE HOSPITAL,C_100,C_301,308,312,4,5,1,-4,1.0,0,C_100,0.000981257972721,possible recoding or service mix change; cause unconfirmed,caveat; preserve reported codes
RC1538,2025-01,2025-02,NVC09,NEW HALL HOSPITAL,C_100,C_400,124,120,-4,9,17,8,0.5,4,C_100,0.000981257972721,possible recoding or service mix change; cause unconfirmed,caveat; preserve reported codes
RC1539,2024-11,2024-12,NT410,CHILTERN HOSPITAL,C_100,X06,30,26,-4,4,8,4,1.0,0,C_100,0.0009804402176577,possible recoding or service mix change; cause unconfirmed,caveat; preserve reported codes
RC1540,2024-11,2024-12,NT312,SPIRE ALEXANDRA HOSPITAL,C_100,C_160,46,42,-4,0,6,6,0.6666666666666666,2,C_100,0.0009804402176577,possible recoding or service mix change; cause unconfirmed,caveat; preserve reported codes
RC1541,2024-11,2024-12,RCX,"THE QUEEN ELIZABETH HOSPITAL, KING'S LYNN, NHS FOUNDATION TRUST",C_100,C_170,1536,1532,-4,0,4,4,1.0,0,C_100,0.0009804402176577,possible recoding or service mix change; cause unconfirmed,caveat; preserve reported codes
RC1542,2024-03,2024-04,NT450,LINCOLN HOSPITAL,C_130,X06,117,123,6,9,4,-5,0.8333333333333334,1,C_130,0.0009784512421438,possible recoding or service mix change; cause unconfirmed,caveat; preserve reported codes
RC1543,2024-04,2024-05,NT408,CHAUCER HOSPITAL,C_130,C_502,37,31,-6,1,5,4,0.6666666666666666,-2,C_130,0.0009780987390677,possible recoding or service mix change; cause unconfirmed,caveat; preserve reported codes
RC1544,2024-10,2024-11,NN5,MANCHESTER SURGICAL SERVICES LTD,C_100,C_410,0,4,4,52,47,-5,0.8,-1,C_100,0.0009778373172055,possible recoding or service mix change; cause unconfirmed,caveat; preserve reported codes
RC1545,2024-10,2024-11,NN5,MANCHESTER SURGICAL SERVICES LTD,C_100,C_120,0,4,4,5,0,-5,0.8,-1,C_100,0.0009778373172055,possible recoding or service mix change; cause unconfirmed,caveat; preserve reported codes
RC1546,2024-09,2024-10,RA9,TORBAY AND SOUTH DEVON NHS FOUNDATION TRUST,C_170,C_320,14,6,-8,2886,2890,4,0.5,-4,C_320,0.0009708337277345,possible recoding or service mix change; cause unconfirmed,caveat; preserve reported codes
RC1547,2024-08,2024-09,RPY,THE ROYAL MARSDEN NHS FOUNDATION TRUST,C_320,X06,0,4,4,341,333,-8,0.5,-4,C_320,0.0009704874758591,possible recoding or service mix change; cause unconfirmed,caveat; preserve reported codes
RC1548,2026-03,2026-04,NT446,ST EDMUNDS HOSPITAL,C_400,X06,2,0,-2,1,2,1,0.5,-1,C_400,0.0009677778369197,possible recoding or service mix change; cause unconfirmed,caveat; preserve reported codes
RC1549,2024-08,2024-09,NT333,SPIRE WASHINGTON HOSPITAL,C_100,X05,143,139,-4,0,2,2,0.5,-2,C_100,0.0009666388757989,possible recoding or service mix change; cause unconfirmed,caveat; preserve reported codes
RC1550,2024-08,2024-09,NT317,SPIRE CAMBRIDGE LEA HOSPITAL,C_100,C_150,17,13,-4,7,11,4,1.0,0,C_100,0.0009666388757989,possible recoding or service mix change; cause unconfirmed,caveat; preserve reported codes
RC1551,2026-04,2026-05,NVC09,NEW HALL HOSPITAL,C_160,C_400,1,0,-1,4,6,2,0.5,1,C_400,0.0009634793165077,possible recoding or service mix change; cause unconfirmed,caveat; preserve reported codes
RC1552,2024-01,2024-02,RTX,UNIVERSITY HOSPITALS OF MORECAMBE BAY NHS FOUNDATION TRUST,C_120,C_170,2840,2834,-6,11,18,7,0.8571428571428571,1,C_120,0.0009556118304744,possible recoding or service mix change; cause unconfirmed,caveat; preserve reported codes
RC1553,2024-01,2024-02,NVC05,EUXTON HALL HOSPITAL,C_120,C_301,5,11,6,11,2,-9,0.6666666666666666,-3,C_120,0.0009556118304744,possible recoding or service mix change; cause unconfirmed,caveat; preserve reported codes
RC1554,2024-01,2024-02,NVC05,EUXTON HALL HOSPITAL,C_120,C_502,5,11,6,254,246,-8,0.75,-2,C_120,0.0009556118304744,possible recoding or service mix change; cause unconfirmed,caveat; preserve reported codes
RC1555,2025-06,2025-07,NT403,BEARDWOOD HOSPITAL,C_120,X06,110,116,6,14,6,-8,0.75,-2,C_120,0.0009545628102329,possible recoding or service mix change; cause unconfirmed,caveat; preserve reported codes
RC1556,2025-01,2025-02,K8I4X,GLENDON WOOD HOSPITAL,C_110,C_120,402,394,-8,0,12,12,0.6666666666666666,4,C_110,0.0009504574076274,possible recoding or service mix change; cause unconfirmed,caveat; preserve reported codes
RC1557,2024-07,2024-08,NT333,SPIRE WASHINGTON HOSPITAL,C_100,X05,139,143,4,2,0,-2,0.5,2,C_100,0.0009485821068957,possible recoding or service mix change; cause unconfirmed,caveat; preserve reported codes
RC1558,2025-03,2025-04,NT3X3,SPIRE ST ANTHONY'S HOSPITAL,C_110,C_320,136,128,-8,5,12,7,0.875,-1,C_110,0.0009477325498744,possible recoding or service mix change; cause unconfirmed,caveat; preserve reported codes
RC1559,2025-11,2025-12,RNA,THE DUDLEY GROUP NHS FOUNDATION TRUST,C_110,C_300,4584,4592,8,6,2,-4,0.5,4,C_110,0.0009474676558228,possible recoding or service mix change; cause unconfirmed,caveat; preserve reported codes
RC1560,2024-04,2024-05,NT402,BATH CLINIC,C_100,X06,56,52,-4,0,2,2,0.5,-2,C_100,0.0009450121079676,possible recoding or service mix change; cause unconfirmed,caveat; preserve reported codes
RC1561,2025-06,2025-07,NVC19,RIVERS HOSPITAL,C_110,X02,1562,1554,-8,2,10,8,1.0,0,C_110,0.0009440051542681,possible recoding or service mix change; cause unconfirmed,caveat; preserve reported codes
RC1562,2024-05,2024-06,RTE,GLOUCESTERSHIRE HOSPITALS NHS FOUNDATION TRUST,C_100,C_170,60,56,-4,7,12,5,0.8,1,C_100,0.0009440018124834,possible recoding or service mix change; cause unconfirmed,caveat; preserve reported codes
RC1563,2024-03,2024-04,NT450,LINCOLN HOSPITAL,C_100,X06,20,24,4,9,4,-5,0.8,-1,C_100,0.0009428691981133,possible recoding or service mix change; cause unconfirmed,caveat; preserve reported codes
RC1564,2024-12,2025-01,NT316,SPIRE HARPENDEN HOSPITAL,C_120,C_502,57,63,6,8,0,-8,0.75,-2,C_120,0.0009409831077849,possible recoding or service mix change; cause unconfirmed,caveat; preserve reported codes
RC1565,2024-09,2024-10,NT225,"NUFFIELD HEALTH, LEEDS HOSPITAL",C_120,C_150,51,57,6,6,2,-4,0.6666666666666666,2,C_120,0.0009409594963984,possible recoding or service mix change; cause unconfirmed,caveat; preserve reported codes
RC1566,2024-08,2024-09,NT418,HAMPSHIRE CLINIC,C_110,X06,173,181,8,7,3,-4,0.5,4,C_110,0.0009390916870429,possible recoding or service mix change; cause unconfirmed,caveat; preserve reported codes
RC1567,2026-01,2026-02,RJ6,CROYDON HEALTH SERVICES NHS TRUST,C_400,X06,669,671,2,2,0,-2,1.0,0,C_400,0.0009364742680283,possible recoding or service mix change; cause unconfirmed,caveat; preserve reported codes
RC1568,2026-01,2026-02,RTF,NORTHUMBRIA HEALTHCARE NHS FOUNDATION TRUST,C_400,C_430,3,1,-2,570,572,2,1.0,0,C_400,0.0009364742680283,possible recoding or service mix change; cause unconfirmed,caveat; preserve reported codes
RC1569,2024-03,2024-04,AAH,TETBURY HOSPITAL TRUST LTD,C_120,C_400,16,22,6,3,0,-3,0.5,3,C_120,0.0009199011412906,possible recoding or service mix change; cause unconfirmed,caveat; preserve reported codes
RC1570,2025-07,2025-08,R1F,ISLE OF WIGHT NHS TRUST,C_400,X03,0,2,2,3,0,-3,0.6666666666666666,-1,C_400,0.0009126793985442,possible recoding or service mix change; cause unconfirmed,caveat; preserve reported codes
RC1571,2025-07,2025-08,NT440,THORNBURY HOSPITAL,C_400,X06,0,2,2,4,2,-2,1.0,0,C_400,0.0009126793985442,possible recoding or service mix change; cause unconfirmed,caveat; preserve reported codes
RC1572,2025-07,2025-08,NT440,THORNBURY HOSPITAL,C_400,C_502,0,2,2,219,217,-2,1.0,0,C_400,0.0009126793985442,possible recoding or service mix change; cause unconfirmed,caveat; preserve reported codes
RC1573,2025-07,2025-08,NT440,THORNBURY HOSPITAL,C_150,C_400,2,1,-1,0,2,2,0.5,1,C_400,0.0009126793985442,possible recoding or service mix change; cause unconfirmed,caveat; preserve reported codes
RC1574,2025-07,2025-08,NT440,THORNBURY HOSPITAL,C_140,C_400,1,0,-1,0,2,2,0.5,1,C_400,0.0009126793985442,possible recoding or service mix change; cause unconfirmed,caveat; preserve reported codes
RC1575,2025-07,2025-08,NT239,"NUFFIELD HEALTH, TUNBRIDGE WELLS HOSPITAL",C_150,C_400,0,4,4,2,0,-2,0.5,2,C_400,0.0009126793985442,possible recoding or service mix change; cause unconfirmed,caveat; preserve reported codes
RC1576,2024-06,2024-07,K8I4X,GLENDON WOOD HOSPITAL,C_120,C_502,14,8,-6,4,9,5,0.8333333333333334,-1,C_120,0.0009126294222599,possible recoding or service mix change; cause unconfirmed,caveat; preserve reported codes
RC1577,2024-06,2024-07,NVC19,RIVERS HOSPITAL,C_120,X06,127,121,-6,3,6,3,0.5,-3,C_120,0.0009126294222599,possible recoding or service mix change; cause unconfirmed,caveat; preserve reported codes
RC1578,2025-11,2025-12,NVC18,SPRINGFIELD HOSPITAL,C_400,X06,2,0,-2,0,1,1,0.5,-1,C_400,0.0009096449655699,possible recoding or service mix change; cause unconfirmed,caveat; preserve reported codes
RC1579,2025-11,2025-12,NVC18,SPRINGFIELD HOSPITAL,C_101,C_400,768,772,4,2,0,-2,0.5,2,C_400,0.0009096449655699,possible recoding or service mix change; cause unconfirmed,caveat; preserve reported codes
RC1580,2025-11,2025-12,R1F,ISLE OF WIGHT NHS TRUST,C_300,C_400,6,5,-1,0,2,2,0.5,1,C_400,0.0009096449655699,possible recoding or service mix change; cause unconfirmed,caveat; preserve reported codes
RC1581,2025-11,2025-12,R1F,ISLE OF WIGHT NHS TRUST,C_400,X03,0,2,2,2,1,-1,0.5,1,C_400,0.0009096449655699,possible recoding or service mix change; cause unconfirmed,caveat; preserve reported codes
RC1582,2025-09,2025-10,NT440,THORNBURY HOSPITAL,C_101,C_400,0,1,1,2,0,-2,0.5,-1,C_400,0.0009025474401498,possible recoding or service mix change; cause unconfirmed,caveat; preserve reported codes
RC1583,2025-04,2025-05,NT440,THORNBURY HOSPITAL,C_400,C_502,3,1,-2,244,246,2,1.0,0,C_400,0.0008992563150274,possible recoding or service mix change; cause unconfirmed,caveat; preserve reported codes
RC1584,2025-05,2025-06,RJN,EAST CHESHIRE NHS TRUST,C_160,C_400,46,45,-1,0,2,2,0.5,1,C_400,0.0008985331446413,possible recoding or service mix change; cause unconfirmed,caveat; preserve reported codes
RC1585,2025-03,2025-04,NT440,THORNBURY HOSPITAL,C_400,X06,1,3,2,5,2,-3,0.6666666666666666,-1,C_400,0.0008940585340122,possible recoding or service mix change; cause unconfirmed,caveat; preserve reported codes
RC1586,2025-03,2025-04,NVC15,PINEHILL HOSPITAL,C_101,C_400,17,20,3,2,0,-2,0.6666666666666666,1,C_400,0.0008940585340122,possible recoding or service mix change; cause unconfirmed,caveat; preserve reported codes
RC1587,2026-02,2026-03,AAH,TETBURY HOSPITAL TRUST LTD,C_101,C_120,36,29,-7,0,5,5,0.7142857142857143,-2,C_120,0.0008633282339412,possible recoding or service mix change; cause unconfirmed,caveat; preserve reported codes
RC1588,2026-02,2026-03,AAH,TETBURY HOSPITAL TRUST LTD,C_120,C_130,0,5,5,128,118,-10,0.5,-5,C_120,0.0008633282339412,possible recoding or service mix change; cause unconfirmed,caveat; preserve reported codes
RC1589,2026-02,2026-03,AAH,TETBURY HOSPITAL TRUST LTD,C_120,C_502,0,5,5,36,27,-9,0.5555555555555556,-4,C_120,0.0008633282339412,possible recoding or service mix change; cause unconfirmed,caveat; preserve reported codes
RC1590,2024-12,2025-01,NT424,MERIDEN HOSPITAL,C_400,X06,6,4,-2,5,9,4,0.5,2,C_400,0.0008584243620833,possible recoding or service mix change; cause unconfirmed,caveat; preserve reported codes
RC1591,2024-12,2025-01,NT440,THORNBURY HOSPITAL,C_400,X06,5,7,2,3,0,-3,0.6666666666666666,-1,C_400,0.0008584243620833,possible recoding or service mix change; cause unconfirmed,caveat; preserve reported codes
RC1592,2024-10,2024-11,NVC23,WOODLAND HOSPITAL,C_130,C_330,7,2,-5,12,17,5,1.0,0,C_130,0.0008566851425095,possible recoding or service mix change; cause unconfirmed,caveat; preserve reported codes
RC1593,2024-11,2024-12,NT447,DUCHY HOSPITAL,C_400,C_502,15,17,2,3,1,-2,1.0,0,C_400,0.0008563293442658,possible recoding or service mix change; cause unconfirmed,caveat; preserve reported codes
RC1594,2024-01,2024-02,NVC23,WOODLAND HOSPITAL,C_400,X02,6,8,2,3,0,-3,0.6666666666666666,-1,C_400,0.0008555783709787,possible recoding or service mix change; cause unconfirmed,caveat; preserve reported codes
RC1595,2024-01,2024-02,NVC23,WOODLAND HOSPITAL,C_400,X06,6,8,2,1,0,-1,0.5,1,C_400,0.0008555783709787,possible recoding or service mix change; cause unconfirmed,caveat; preserve reported codes
RC1596,2024-03,2024-04,R1K,LONDON NORTH WEST UNIVERSITY HEALTHCARE NHS TRUST,C_400,X03,3947,3949,2,7,3,-4,0.5,-2,C_400,0.0008542664200684,possible recoding or service mix change; cause unconfirmed,caveat; preserve reported codes
RC1597,2024-03,2024-04,NT447,DUCHY HOSPITAL,C_400,X06,5,7,2,1,0,-1,0.5,1,C_400,0.0008542664200684,possible recoding or service mix change; cause unconfirmed,caveat; preserve reported codes
RC1598,2025-06,2025-07,NVC23,WOODLAND HOSPITAL,C_130,C_301,0,5,5,114,107,-7,0.7142857142857143,-2,C_130,0.0008537974348509,possible recoding or service mix change; cause unconfirmed,caveat; preserve reported codes
RC1599,2024-09,2024-10,RJL,NORTHERN LINCOLNSHIRE AND GOOLE NHS FOUNDATION TRUST,C_160,C_400,4,2,-2,0,2,2,1.0,0,C_400,0.0008531913622906,possible recoding or service mix change; cause unconfirmed,caveat; preserve reported codes
RC1600,2024-09,2024-10,RJL,NORTHERN LINCOLNSHIRE AND GOOLE NHS FOUNDATION TRUST,C_170,C_400,1,0,-1,0,2,2,0.5,1,C_400,0.0008531913622906,possible recoding or service mix change; cause unconfirmed,caveat; preserve reported codes
RC1601,2024-09,2024-10,RDE,EAST SUFFOLK AND NORTH ESSEX NHS FOUNDATION TRUST,C_400,X03,3152,3150,-2,2,5,3,0.6666666666666666,1,C_400,0.0008531913622906,possible recoding or service mix change; cause unconfirmed,caveat; preserve reported codes
RC1602,2026-01,2026-02,NT239,"NUFFIELD HEALTH, TUNBRIDGE WELLS HOSPITAL",C_120,C_502,14,9,-5,0,7,7,0.7142857142857143,2,C_120,0.0008526981073512,possible recoding or service mix change; cause unconfirmed,caveat; preserve reported codes
RC1603,2026-01,2026-02,NT239,"NUFFIELD HEALTH, TUNBRIDGE WELLS HOSPITAL",C_120,C_150,14,9,-5,1,4,3,0.6,-2,C_120,0.0008526981073512,possible recoding or service mix change; cause unconfirmed,caveat; preserve reported codes
RC1604,2024-08,2024-09,NEY,PIONEER HEALTHCARE LIMITED,C_170,C_400,2,0,-2,270,272,2,1.0,0,C_400,0.0008520790729379,possible recoding or service mix change; cause unconfirmed,caveat; preserve reported codes
RC1605,2024-08,2024-09,NEY,PIONEER HEALTHCARE LIMITED,C_400,X04,270,272,2,1,0,-1,0.5,1,C_400,0.0008520790729379,possible recoding or service mix change; cause unconfirmed,caveat; preserve reported codes
RC1606,2025-07,2025-08,NT411,CLEMENTINE CHURCHILL HOSPITAL,C_130,X06,39,34,-5,5,8,3,0.6,-2,C_130,0.0008512420472711,possible recoding or service mix change; cause unconfirmed,caveat; preserve reported codes
RC1607,2025-07,2025-08,NT411,CLEMENTINE CHURCHILL HOSPITAL,C_130,C_320,39,34,-5,0,3,3,0.6,-2,C_130,0.0008512420472711,possible recoding or service mix change; cause unconfirmed,caveat; preserve reported codes
RC1608,2025-07,2025-08,NT411,CLEMENTINE CHURCHILL HOSPITAL,C_101,C_130,1,4,3,39,34,-5,0.6,-2,C_130,0.0008512420472711,possible recoding or service mix change; cause unconfirmed,caveat; preserve reported codes
RC1609,2025-10,2025-11,NT412,DROITWICH SPA HOSPITAL,C_120,X06,53,48,-5,7,14,7,0.7142857142857143,2,C_120,0.0008497201871423,possible recoding or service mix change; cause unconfirmed,caveat; preserve reported codes
RC1610,2024-06,2024-07,NT411,CLEMENTINE CHURCHILL HOSPITAL,C_400,C_410,4,2,-2,0,1,1,0.5,-1,C_400,0.0008494192096154,possible recoding or service mix change; cause unconfirmed,caveat; preserve reported codes
RC1611,2025-08,2025-09,NT436,SHIRLEY OAKS HOSPITAL,C_130,C_502,64,59,-5,12,22,10,0.5,5,C_130,0.0008477176896641,possible recoding or service mix change; cause unconfirmed,caveat; preserve reported codes
RC1612,2024-07,2024-08,NT411,CLEMENTINE CHURCHILL HOSPITAL,C_400,X06,2,4,2,4,3,-1,0.5,1,C_400,0.0008452335168898,possible recoding or service mix change; cause unconfirmed,caveat; preserve reported codes
RC1613,2025-05,2025-06,NT411,CLEMENTINE CHURCHILL HOSPITAL,C_130,C_400,42,47,5,6,1,-5,1.0,0,C_130,0.0008440798769669,possible recoding or service mix change; cause unconfirmed,caveat; preserve reported codes
RC1614,2025-05,2025-06,NT405,BISHOPS WOOD HOSPITAL,C_130,X06,30,25,-5,4,7,3,0.6,-2,C_130,0.0008440798769669,possible recoding or service mix change; cause unconfirmed,caveat; preserve reported codes
RC1615,2026-04,2026-05,NT3X3,SPIRE ST ANTHONY'S HOSPITAL,C_120,C_400,13,8,-5,1,4,3,0.6,-2,C_120,0.0008412820465363,possible recoding or service mix change; cause unconfirmed,caveat; preserve reported codes
RC1616,2026-04,2026-05,NT3X3,SPIRE ST ANTHONY'S HOSPITAL,C_120,C_301,13,8,-5,0,3,3,0.6,-2,C_120,0.0008412820465363,possible recoding or service mix change; cause unconfirmed,caveat; preserve reported codes
RC1617,2025-12,2026-01,RET,THE WALTON CENTRE NHS FOUNDATION TRUST,C_130,X03,7,2,-5,30,33,3,0.6,-2,C_130,0.0008380333034434,possible recoding or service mix change; cause unconfirmed,caveat; preserve reported codes
RC1618,2025-01,2025-02,NT455,MOUNT ALVERNIA HOSPITAL,C_110,C_301,100,93,-7,11,17,6,0.8571428571428571,-1,C_110,0.0008316502316739,possible recoding or service mix change; cause unconfirmed,caveat; preserve reported codes
RC1619,2024-01,2024-02,NT433,SARUM ROAD HOSPITAL,C_110,C_130,317,310,-7,4,11,7,1.0,0,C_110,0.0008310045420333,possible recoding or service mix change; cause unconfirmed,caveat; preserve reported codes
RC1620,2024-01,2024-02,NT408,CHAUCER HOSPITAL,C_130,X06,27,32,5,4,1,-3,0.6,2,C_130,0.0008227039976832,possible recoding or service mix change; cause unconfirmed,caveat; preserve reported codes
RC1621,2024-10,2024-11,NT406,BLACKHEATH HOSPITAL,C_110,C_502,419,426,7,6,2,-4,0.5714285714285714,3,C_110,0.0008197921241399,possible recoding or service mix change; cause unconfirmed,caveat; preserve reported codes
RC1622,2026-02,2026-03,NT405,BISHOPS WOOD HOSPITAL,C_301,X06,20,17,-3,3,9,6,0.5,3,C_301,0.0008190969728906,possible recoding or service mix change; cause unconfirmed,caveat; preserve reported codes
RC1623,2025-07,2025-08,RQX,HOMERTON HEALTHCARE NHS FOUNDATION TRUST,C_110,C_130,2699,2706,7,18,6,-12,0.5833333333333334,-5,C_110,0.0008173072993714,possible recoding or service mix change; cause unconfirmed,caveat; preserve reported codes
RC1624,2025-07,2025-08,NT239,"NUFFIELD HEALTH, TUNBRIDGE WELLS HOSPITAL",C_110,C_150,63,56,-7,0,4,4,0.5714285714285714,-3,C_110,0.0008173072993714,possible recoding or service mix change; cause unconfirmed,caveat; preserve reported codes
RC1625,2024-03,2024-04,AAH,TETBURY HOSPITAL TRUST LTD,C_130,C_400,107,112,5,3,0,-3,0.6,2,C_130,0.0008153760351198,possible recoding or service mix change; cause unconfirmed,caveat; preserve reported codes
RC1626,2024-04,2024-05,B3M1X,CLAREMONT PRIVATE HOSPITAL,C_101,C_130,58,55,-3,6,11,5,0.6,2,C_130,0.0008150822825564,possible recoding or service mix change; cause unconfirmed,caveat; preserve reported codes
RC1627,2024-04,2024-05,B3M1X,CLAREMONT PRIVATE HOSPITAL,C_130,C_150,6,11,5,479,472,-7,0.7142857142857143,-2,C_130,0.0008150822825564,possible recoding or service mix change; cause unconfirmed,caveat; preserve reported codes
RC1628,2026-04,2026-05,NT3X3,SPIRE ST ANTHONY'S HOSPITAL,C_301,C_320,0,3,3,4,1,-3,1.0,0,C_301,0.0008107078290055,possible recoding or service mix change; cause unconfirmed,caveat; preserve reported codes
RC1629,2026-04,2026-05,RRF,"WRIGHTINGTON, WIGAN AND LEIGH TEACHING HOSPITALS NHS FOUNDATION TRUST",C_301,X05,4474,4471,-3,2,4,2,0.6666666666666666,-1,C_301,0.0008107078290055,possible recoding or service mix change; cause unconfirmed,caveat; preserve reported codes
RC1630,2025-08,2025-09,NT3X3,SPIRE ST ANTHONY'S HOSPITAL,C_120,C_150,29,24,-5,13,21,8,0.625,3,C_120,0.0008096759514906,possible recoding or service mix change; cause unconfirmed,caveat; preserve reported codes
RC1631,2026-03,2026-04,RW1,HAMPSHIRE AND ISLE OF WIGHT HEALTHCARE NHS FOUNDATION TRUST,C_301,X03,151,154,3,5,0,-5,0.6,-2,C_301,0.0008074565924793,possible recoding or service mix change; cause unconfirmed,caveat; preserve reported codes
RC1632,2026-04,2026-05,NT417,GORING HALL HOSPITAL,C_130,X06,97,102,5,5,2,-3,0.6,2,C_130,0.0008006007708184,possible recoding or service mix change; cause unconfirmed,caveat; preserve reported codes
RC1633,2025-10,2025-11,RAN,ROYAL NATIONAL ORTHOPAEDIC HOSPITAL NHS TRUST,C_301,X03,11,8,-3,7,12,5,0.6,2,C_301,0.0007992157029901,possible recoding or service mix change; cause unconfirmed,caveat; preserve reported codes
RC1634,2026-02,2026-03,NT237,"NUFFIELD HEALTH, TEES HOSPITAL",C_100,C_101,177,180,3,5,2,-3,1.0,0,C_100,0.0007974396869783,possible recoding or service mix change; cause unconfirmed,caveat; preserve reported codes
RC1635,2026-02,2026-03,NT428,PRINCESS MARGARET HOSPITAL,C_100,X06,3,0,-3,0,3,3,1.0,0,C_100,0.0007974396869783,possible recoding or service mix change; cause unconfirmed,caveat; preserve reported codes
RC1636,2025-04,2025-05,NT440,THORNBURY HOSPITAL,C_301,C_400,11,14,3,3,1,-2,0.6666666666666666,1,C_301,0.0007960748204187,possible recoding or service mix change; cause unconfirmed,caveat; preserve reported codes
RC1637,2025-04,2025-05,NVC01,ASHTEAD HOSPITAL,C_301,X02,107,104,-3,3,5,2,0.6666666666666666,-1,C_301,0.0007960748204187,possible recoding or service mix change; cause unconfirmed,caveat; preserve reported codes
RC1638,2025-07,2025-08,NT347,SPIRE FYLDE COAST HOSPITAL,C_301,X05,5,8,3,17,13,-4,0.75,-1,C_301,0.0007945567565133,possible recoding or service mix change; cause unconfirmed,caveat; preserve reported codes
RC1639,2026-04,2026-05,NT3X3,SPIRE ST ANTHONY'S HOSPITAL,C_320,C_400,4,1,-3,1,4,3,1.0,0,C_320,0.0007927678432222,possible recoding or service mix change; cause unconfirmed,caveat; preserve reported codes
RC1640,2026-04,2026-05,NT3X3,SPIRE ST ANTHONY'S HOSPITAL,C_320,C_502,4,1,-3,37,42,5,0.6,2,C_320,0.0007927678432222,possible recoding or service mix change; cause unconfirmed,caveat; preserve reported codes
RC1641,2026-01,2026-02,NT440,THORNBURY HOSPITAL,C_150,C_301,3,7,4,7,4,-3,0.75,1,C_301,0.0007918659529314,possible recoding or service mix change; cause unconfirmed,caveat; preserve reported codes
RC1642,2026-01,2026-02,NT324,SPIRE CHESHIRE HOSPITAL,C_160,C_301,80,83,3,4,1,-3,1.0,0,C_301,0.0007918659529314,possible recoding or service mix change; cause unconfirmed,caveat; preserve reported codes
RC1643,2025-08,2025-09,NNE,DORKING HEALTHCARE LIMITED (DHC),C_301,X03,248,251,3,3,1,-2,0.6666666666666666,1,C_301,0.0007903076667746,possible recoding or service mix change; cause unconfirmed,caveat; preserve reported codes
RC1644,2025-10,2025-11,ADP02,KIMS HOSPITAL (NEWNHAM COURT),C_100,C_301,52,49,-3,0,2,2,0.6666666666666666,-1,C_100,0.000786839841373,possible recoding or service mix change; cause unconfirmed,caveat; preserve reported codes
RC1645,2025-10,2025-11,NT237,"NUFFIELD HEALTH, TEES HOSPITAL",C_100,C_101,158,155,-3,0,6,6,0.5,3,C_100,0.000786839841373,possible recoding or service mix change; cause unconfirmed,caveat; preserve reported codes
RC1646,2025-10,2025-11,NT423,MANOR HOSPITAL,C_100,X06,62,65,3,7,2,-5,0.6,-2,C_100,0.000786839841373,possible recoding or service mix change; cause unconfirmed,caveat; preserve reported codes
RC1647,2026-01,2026-02,F9Z4V,CIRCLE READING HOSPITAL,C_320,X06,0,3,3,40,35,-5,0.6,-2,C_320,0.0007865572128607,possible recoding or service mix change; cause unconfirmed,caveat; preserve reported codes
RC1648,2026-01,2026-02,F9Z4V,CIRCLE READING HOSPITAL,C_320,C_502,0,3,3,98,94,-4,0.75,-1,C_320,0.0007865572128607,possible recoding or service mix change; cause unconfirmed,caveat; preserve reported codes
RC1649,2025-09,2025-10,NT440,THORNBURY HOSPITAL,C_301,C_400,11,14,3,2,0,-2,0.6666666666666666,1,C_301,0.0007844203656444,possible recoding or service mix change; cause unconfirmed,caveat; preserve reported codes
RC1650,2025-12,2026-01,NVC05,EUXTON HALL HOSPITAL,C_301,X02,1,4,3,103,98,-5,0.6,-2,C_301,0.0007832755014921,possible recoding or service mix change; cause unconfirmed,caveat; preserve reported codes
RC1651,2025-12,2026-01,NT417,GORING HALL HOSPITAL,C_301,X06,11,8,-3,0,2,2,0.6666666666666666,-1,C_301,0.0007832755014921,possible recoding or service mix change; cause unconfirmed,caveat; preserve reported codes
RC1652,2026-01,2026-02,RRF,"WRIGHTINGTON, WIGAN AND LEIGH TEACHING HOSPITALS NHS FOUNDATION TRUST",C_100,X06,1947,1944,-3,1,5,4,0.75,1,C_100,0.0007792228031761,possible recoding or service mix change; cause unconfirmed,caveat; preserve reported codes
RC1653,2026-01,2026-02,NT420,HIGHFIELD HOSPITAL,C_100,C_150,130,127,-3,2,4,2,0.6666666666666666,-1,C_100,0.0007792228031761,possible recoding or service mix change; cause unconfirmed,caveat; preserve reported codes
RC1654,2025-11,2025-12,NT428,PRINCESS MARGARET HOSPITAL,C_100,C_110,4,1,-3,38,43,5,0.6,2,C_100,0.0007781132310373,possible recoding or service mix change; cause unconfirmed,caveat; preserve reported codes
RC1655,2025-12,2026-01,NT239,"NUFFIELD HEALTH, TUNBRIDGE WELLS HOSPITAL",C_100,C_150,56,59,3,6,1,-5,0.6,-2,C_100,0.0007770651802273,possible recoding or service mix change; cause unconfirmed,caveat; preserve reported codes
RC1656,2025-12,2026-01,R1F,ISLE OF WIGHT NHS TRUST,C_100,X03,752,749,-3,1,3,2,0.6666666666666666,-1,C_100,0.0007770651802273,possible recoding or service mix change; cause unconfirmed,caveat; preserve reported codes
RC1657,2025-03,2025-04,RPY,THE ROYAL MARSDEN NHS FOUNDATION TRUST,C_301,X04,44,47,3,10,4,-6,0.5,-3,C_301,0.0007751637533428,possible recoding or service mix change; cause unconfirmed,caveat; preserve reported codes
RC1658,2025-08,2025-09,NT411,CLEMENTINE CHURCHILL HOSPITAL,C_320,C_502,3,0,-3,199,205,6,0.5,3,C_320,0.0007722922147796,possible recoding or service mix change; cause unconfirmed,caveat; preserve reported codes
RC1659,2024-06,2024-07,NVC23,WOODLAND HOSPITAL,C_160,C_301,37,34,-3,1,4,3,1.0,0,C_301,0.0007699770546837,possible recoding or service mix change; cause unconfirmed,caveat; preserve reported codes
RC1660,2024-06,2024-07,NT347,SPIRE FYLDE COAST HOSPITAL,C_101,C_301,171,169,-2,1,4,3,0.6666666666666666,1,C_301,0.0007699770546837,possible recoding or service mix change; cause unconfirmed,caveat; preserve reported codes
RC1661,2024-06,2024-07,NVC23,WOODLAND HOSPITAL,C_101,C_301,450,448,-2,1,4,3,0.6666666666666666,1,C_301,0.0007699770546837,possible recoding or service mix change; cause unconfirmed,caveat; preserve reported codes
RC1662,2024-01,2024-02,A4M8P,BUCKSHAW HOSPITAL,C_160,C_301,1,3,2,12,9,-3,0.6666666666666666,-1,C_301,0.0007683442182097,possible recoding or service mix change; cause unconfirmed,caveat; preserve reported codes
RC1663,2024-02,2024-03,NT424,MERIDEN HOSPITAL,C_301,C_400,118,121,3,8,2,-6,0.5,-3,C_301,0.0007683363469192,possible recoding or service mix change; cause unconfirmed,caveat; preserve reported codes
RC1664,2024-04,2024-05,NT402,BATH CLINIC,C_301,X06,16,13,-3,0,2,2,0.6666666666666666,-1,C_301,0.000768212395363,possible recoding or service mix change; cause unconfirmed,caveat; preserve reported codes
RC1665,2024-07,2024-08,NT404,BEAUMONT HOSPITAL,C_120,C_301,291,286,-5,5,8,3,0.6,-2,C_120,0.0007680173018937,possible recoding or service mix change; cause unconfirmed,caveat; preserve reported codes
RC1666,2024-07,2024-08,NT404,BEAUMONT HOSPITAL,C_301,C_502,5,8,3,432,426,-6,0.5,-3,C_301,0.0007678486416757,possible recoding or service mix change; cause unconfirmed,caveat; preserve reported codes
RC1667,2024-03,2024-04,NVC16,RENACRES HOSPITAL,C_120,C_160,73,68,-5,0,7,7,0.7142857142857143,2,C_120,0.0007665842844089,possible recoding or service mix change; cause unconfirmed,caveat; preserve reported codes
RC1668,2025-09,2025-10,NT302,SPIRE BRISTOL HOSPITAL,C_100,C_110,3,0,-3,740,746,6,0.5,3,C_100,0.0007662972262594,possible recoding or service mix change; cause unconfirmed,caveat; preserve reported codes
RC1669,2024-09,2024-10,NT404,BEAUMONT HOSPITAL,C_301,C_400,7,4,-3,0,2,2,0.6666666666666666,-1,C_301,0.0007641190089885,possible recoding or service mix change; cause unconfirmed,caveat; preserve reported codes
RC1670,2025-08,2025-09,NVC06,FITZWILLIAM HOSPITAL,C_100,X06,373,370,-3,9,14,5,0.6,2,C_100,0.0007619434637949,possible recoding or service mix change; cause unconfirmed,caveat; preserve reported codes
RC1671,2024-04,2024-05,RW1,SOUTHERN HEALTH NHS FOUNDATION TRUST,C_120,X04,173,178,5,13,6,-7,0.7142857142857143,-2,C_120,0.0007614661573981,possible recoding or service mix change; cause unconfirmed,caveat; preserve reported codes
RC1672,2025-04,2025-05,NT218,"NUFFIELD HEALTH, HAYWARDS HEATH HOSPITAL",C_100,C_130,18,21,3,7,2,-5,0.6,-2,C_100,0.0007609809551832,possible recoding or service mix change; cause unconfirmed,caveat; preserve reported codes
RC1673,2025-04,2025-05,NT490,SOUTHEND PRIVATE HOSPITAL,C_100,X06,3,6,3,48,45,-3,1.0,0,C_100,0.0007609809551832,possible recoding or service mix change; cause unconfirmed,caveat; preserve reported codes
RC1674,2025-06,2025-07,NT431,RUNNYMEDE HOSPITAL,C_100,C_130,18,21,3,2,0,-2,0.6666666666666666,1,C_100,0.0007592630087062,possible recoding or service mix change; cause unconfirmed,caveat; preserve reported codes
RC1675,2025-06,2025-07,NT421,KINGS OAK HOSPITAL,C_100,C_120,116,119,3,2,0,-2,0.6666666666666666,1,C_100,0.0007592630087062,possible recoding or service mix change; cause unconfirmed,caveat; preserve reported codes
RC1676,2025-02,2025-03,NVC23,WOODLAND HOSPITAL,C_301,X02,99,102,3,4,1,-3,1.0,0,C_301,0.000759105470114,possible recoding or service mix change; cause unconfirmed,caveat; preserve reported codes
RC1677,2025-02,2025-03,NT405,BISHOPS WOOD HOSPITAL,C_301,X06,16,13,-3,2,4,2,0.6666666666666666,-1,C_301,0.000759105470114,possible recoding or service mix change; cause unconfirmed,caveat; preserve reported codes
RC1678,2025-02,2025-03,NT409,CHELSFIELD PARK HOSPITAL,C_150,C_301,2,4,2,47,44,-3,0.6666666666666666,-1,C_301,0.000759105470114,possible recoding or service mix change; cause unconfirmed,caveat; preserve reported codes
RC1679,2025-05,2025-06,RJN,EAST CHESHIRE NHS TRUST,C_320,C_400,870,867,-3,0,2,2,0.6666666666666666,-1,C_320,0.0007589038392945,possible recoding or service mix change; cause unconfirmed,caveat; preserve reported codes
RC1680,2025-05,2025-06,RL1,THE ROBERT JONES AND AGNES HUNT ORTHOPAEDIC HOSPITAL NHS FOUNDATION TRUST,C_320,C_430,0,3,3,9,6,-3,1.0,0,C_320,0.0007589038392945,possible recoding or service mix change; cause unconfirmed,caveat; preserve reported codes
RC1681,2025-07,2025-08,NT321,SPIRE LITTLE ASTON HOSPITAL,C_100,X05,147,150,3,6,0,-6,0.5,-3,C_100,0.0007585526814837,possible recoding or service mix change; cause unconfirmed,caveat; preserve reported codes
RC1682,2024-12,2025-01,NT418,HAMPSHIRE CLINIC,C_301,X06,36,39,3,5,0,-5,0.6,-2,C_301,0.0007578398532822,possible recoding or service mix change; cause unconfirmed,caveat; preserve reported codes
RC1683,2024-11,2024-12,NT233,"NUFFIELD HEALTH, PLYMOUTH HOSPITAL",C_150,C_301,95,97,2,5,2,-3,0.6666666666666666,-1,C_301,0.0007563495545101,possible recoding or service mix change; cause unconfirmed,caveat; preserve reported codes
RC1684,2024-11,2024-12,RTK,ASHFORD AND ST PETER'S HOSPITALS NHS FOUNDATION TRUST,C_170,C_301,4,7,3,3756,3753,-3,1.0,0,C_301,0.0007563495545101,possible recoding or service mix change; cause unconfirmed,caveat; preserve reported codes
RC1685,2024-12,2025-01,NT450,LINCOLN PRIVATE HOSPITAL,C_100,X06,17,14,-3,3,5,2,0.6666666666666666,-1,C_100,0.0007372438384846,possible recoding or service mix change; cause unconfirmed,caveat; preserve reported codes
RC1686,2024-11,2024-12,NT447,DUCHY HOSPITAL,C_100,C_502,179,182,3,3,1,-2,0.6666666666666666,1,C_100,0.0007353301632432,possible recoding or service mix change; cause unconfirmed,caveat; preserve reported codes
RC1687,2026-02,2026-03,AAH,TETBURY HOSPITAL TRUST LTD,C_110,C_120,29,23,-6,0,5,5,0.8333333333333334,-1,C_110,0.0007334936424438,possible recoding or service mix change; cause unconfirmed,caveat; preserve reported codes
RC1688,2026-02,2026-03,NT428,PRINCESS MARGARET HOSPITAL,C_110,X06,57,51,-6,0,3,3,0.5,-3,C_110,0.0007334936424438,possible recoding or service mix change; cause unconfirmed,caveat; preserve reported codes
RC1689,2026-02,2026-03,NT449,LANCASTER PRIVATE HOSPITAL,C_110,C_150,284,290,6,5,2,-3,0.5,3,C_110,0.0007334936424438,possible recoding or service mix change; cause unconfirmed,caveat; preserve reported codes
RC1690,2025-03,2025-04,AAH,TETBURY HOSPITAL TRUST LTD,C_101,C_320,31,34,3,3,0,-3,1.0,0,C_320,0.0007334604664808,possible recoding or service mix change; cause unconfirmed,caveat; preserve reported codes
RC1691,2024-10,2024-11,NT209,"NUFFIELD HEALTH, CAMBRIDGE HOSPITAL",C_100,C_150,5,2,-3,52,54,2,0.6666666666666666,-1,C_100,0.0007333779879041,possible recoding or service mix change; cause unconfirmed,caveat; preserve reported codes
RC1692,2024-09,2024-10,RPY,THE ROYAL MARSDEN NHS FOUNDATION TRUST,C_320,C_330,4,1,-3,15,20,5,0.6,2,C_320,0.0007281252958009,possible recoding or service mix change; cause unconfirmed,caveat; preserve reported codes
RC1693,2024-09,2024-10,NT3X3,SPIRE ST ANTHONY'S HOSPITAL,C_320,C_502,4,7,3,159,155,-4,0.75,-1,C_320,0.0007281252958009,possible recoding or service mix change; cause unconfirmed,caveat; preserve reported codes
RC1694,2024-09,2024-10,K8I4X,GLENDON WOOD HOSPITAL,C_100,C_120,184,181,-3,1,4,3,1.0,0,C_100,0.0007270189315729,possible recoding or service mix change; cause unconfirmed,caveat; preserve reported codes
RC1695,2024-09,2024-10,NT428,PRINCESS MARGARET HOSPITAL,C_100,X06,24,27,3,2,0,-2,0.6666666666666666,1,C_100,0.0007270189315729,possible recoding or service mix change; cause unconfirmed,caveat; preserve reported codes
RC1696,2024-08,2024-09,NT316,SPIRE HARPENDEN HOSPITAL,C_100,C_502,124,121,-3,5,11,6,0.5,3,C_100,0.0007249791568492,possible recoding or service mix change; cause unconfirmed,caveat; preserve reported codes
RC1697,2024-08,2024-09,NT226,"NUFFIELD HEALTH, LEICESTER HOSPITAL",C_100,C_120,4,1,-3,15,19,4,0.75,1,C_100,0.0007249791568492,possible recoding or service mix change; cause unconfirmed,caveat; preserve reported codes
RC1698,2025-02,2025-03,AAH,TETBURY HOSPITAL TRUST LTD,C_101,C_320,33,31,-2,0,3,3,0.6666666666666666,1,C_320,0.0007225537941299,possible recoding or service mix change; cause unconfirmed,caveat; preserve reported codes
RC1699,2024-12,2025-01,RPY,THE ROYAL MARSDEN NHS FOUNDATION TRUST,C_320,X05,0,3,3,516,513,-3,1.0,0,C_320,0.0007225503135868,possible recoding or service mix change; cause unconfirmed,caveat; preserve reported codes
RC1700,2024-05,2024-06,RTG,UNIVERSITY HOSPITALS OF DERBY AND BURTON NHS FOUNDATION TRUST,C_110,C_300,16139,16133,-6,3,8,5,0.8333333333333334,-1,C_110,0.0007142491515315,possible recoding or service mix change; cause unconfirmed,caveat; preserve reported codes
RC1701,2024-01,2024-02,RCF,AIREDALE NHS FOUNDATION TRUST,C_110,C_300,1739,1745,6,7,3,-4,0.6666666666666666,2,C_110,0.0007122896074571,possible recoding or service mix change; cause unconfirmed,caveat; preserve reported codes
RC1702,2024-07,2024-08,NT315,SPIRE BUSHEY HOSPITAL,C_100,X05,165,168,3,2,0,-2,0.6666666666666666,1,C_100,0.0007114365801717,possible recoding or service mix change; cause unconfirmed,caveat; preserve reported codes
RC1703,2025-06,2025-07,RAS,THE HILLINGDON HOSPITALS NHS FOUNDATION TRUST,C_110,C_160,4146,4140,-6,8,14,6,1.0,0,C_110,0.0007080038657011,possible recoding or service mix change; cause unconfirmed,caveat; preserve reported codes
RC1704,2024-03,2024-04,NVC13,OAKS HOSPITAL,C_100,C_400,179,176,-3,0,4,4,0.75,1,C_100,0.0007071518985849,possible recoding or service mix change; cause unconfirmed,caveat; preserve reported codes
RC1705,2024-03,2024-04,RFF,BARNSLEY HOSPITAL NHS FOUNDATION TRUST,C_100,C_300,1710,1707,-3,7,13,6,0.5,3,C_100,0.0007071518985849,possible recoding or service mix change; cause unconfirmed,caveat; preserve reported codes
RC1706,2024-11,2024-12,NT204,"NUFFIELD HEALTH, BRENTWOOD HOSPITAL",C_110,X06,374,380,6,10,1,-9,0.6666666666666666,-3,C_110,0.0007032332319896,possible recoding or service mix change; cause unconfirmed,caveat; preserve reported codes
RC1707,2025-07,2025-08,NVC02,THE BERKSHIRE INDEPENDENT HOSPITAL,C_110,C_301,745,751,6,6,2,-4,0.6666666666666666,2,C_110,0.0007005491137469,possible recoding or service mix change; cause unconfirmed,caveat; preserve reported codes
RC1708,2025-09,2025-10,R1K,LONDON NORTH WEST UNIVERSITY HEALTHCARE NHS TRUST,C_110,X03,6974,6968,-6,6,17,11,0.5454545454545454,5,C_110,0.0006985695623927,possible recoding or service mix change; cause unconfirmed,caveat; preserve reported codes
RC1709,2026-02,2026-03,NVC22,WINFIELD HOSPITAL,C_120,C_160,13,9,-4,1,3,2,0.5,-2,C_120,0.0006906625871529,possible recoding or service mix change; cause unconfirmed,caveat; preserve reported codes
RC1710,2025-01,2025-02,RBD,DORSET COUNTY HOSPITAL NHS FOUNDATION TRUST,C_130,C_410,2640,2644,4,3,0,-3,0.75,1,C_130,0.0006868190832682,possible recoding or service mix change; cause unconfirmed,caveat; preserve reported codes
RC1711,2025-01,2025-02,NT408,CHAUCER HOSPITAL,C_130,X06,34,38,4,2,0,-2,0.5,2,C_130,0.0006868190832682,possible recoding or service mix change; cause unconfirmed,caveat; preserve reported codes
RC1712,2025-01,2025-02,NT408,CHAUCER HOSPITAL,C_101,C_130,7,3,-4,34,38,4,1.0,0,C_130,0.0006868190832682,possible recoding or service mix change; cause unconfirmed,caveat; preserve reported codes
RC1713,2025-02,2025-03,R1F,ISLE OF WIGHT NHS TRUST,C_130,C_300,2201,2197,-4,1,3,2,0.5,-2,C_130,0.0006824960244606,possible recoding or service mix change; cause unconfirmed,caveat; preserve reported codes
RC1714,2025-02,2025-03,K8I4X,GLENDON WOOD HOSPITAL,C_130,C_502,696,692,-4,5,9,4,1.0,0,C_130,0.0006824960244606,possible recoding or service mix change; cause unconfirmed,caveat; preserve reported codes
RC1715,2026-01,2026-02,RW1,HAMPSHIRE AND ISLE OF WIGHT HEALTHCARE NHS FOUNDATION TRUST,C_120,X04,36,40,4,3,1,-2,0.5,2,C_120,0.000682158485881,possible recoding or service mix change; cause unconfirmed,caveat; preserve reported codes
RC1716,2025-07,2025-08,AAH,TETBURY HOSPITAL TRUST LTD,C_130,X06,138,142,4,14,6,-8,0.5,-4,C_130,0.0006809936378169,possible recoding or service mix change; cause unconfirmed,caveat; preserve reported codes
RC1717,2025-12,2026-01,NT239,"NUFFIELD HEALTH, TUNBRIDGE WELLS HOSPITAL",C_120,C_150,10,14,4,6,1,-5,0.8,-1,C_120,0.0006806506339409,possible recoding or service mix change; cause unconfirmed,caveat; preserve reported codes
RC1718,2025-10,2025-11,AAH,TETBURY HOSPITAL TRUST LTD,C_120,X06,5,1,-4,13,16,3,0.75,-1,C_120,0.0006797761497138,possible recoding or service mix change; cause unconfirmed,caveat; preserve reported codes
RC1719,2025-03,2025-04,NVC44,THE WESTBOURNE CENTRE,C_130,X02,11,15,4,2,0,-2,0.5,2,C_130,0.0006795336360655,possible recoding or service mix change; cause unconfirmed,caveat; preserve reported codes
RC1720,2025-11,2025-12,RPC,QUEEN VICTORIA HOSPITAL NHS FOUNDATION TRUST,C_120,X04,143,147,4,7,0,-7,0.5714285714285714,-3,C_120,0.0006784237502586,possible recoding or service mix change; cause unconfirmed,caveat; preserve reported codes
RC1721,2025-05,2025-06,NVC12,OAKLANDS HOSPITAL,C_130,C_301,2,6,4,29,27,-2,0.5,2,C_130,0.0006752639015735,possible recoding or service mix change; cause unconfirmed,caveat; preserve reported codes
RC1722,2025-05,2025-06,NVC12,OAKLANDS HOSPITAL,C_130,C_502,2,6,4,3,1,-2,0.5,2,C_130,0.0006752639015735,possible recoding or service mix change; cause unconfirmed,caveat; preserve reported codes
RC1723,2024-09,2024-10,NVC23,WOODLAND HOSPITAL,C_130,C_330,11,7,-4,5,12,7,0.5714285714285714,3,C_130,0.0006735798411025,possible recoding or service mix change; cause unconfirmed,caveat; preserve reported codes
RC1724,2025-09,2025-10,RQX,HOMERTON HEALTHCARE NHS FOUNDATION TRUST,C_130,C_430,4,0,-4,175,183,8,0.5,4,C_130,0.0006682336746336,possible recoding or service mix change; cause unconfirmed,caveat; preserve reported codes
RC1725,2024-08,2024-09,NVC23,WOODLAND HOSPITAL,C_130,C_330,15,11,-4,0,5,5,0.8,1,C_130,0.0006662513699793,possible recoding or service mix change; cause unconfirmed,caveat; preserve reported codes
RC1726,2024-08,2024-09,NT408,CHAUCER HOSPITAL,C_130,X06,26,30,4,4,1,-3,0.75,1,C_130,0.0006662513699793,possible recoding or service mix change; cause unconfirmed,caveat; preserve reported codes
RC1727,2026-02,2026-03,NT446,ST EDMUNDS HOSPITAL,C_130,C_400,28,24,-4,0,2,2,0.5,-2,C_130,0.0006644187166752,possible recoding or service mix change; cause unconfirmed,caveat; preserve reported codes
RC1728,2024-01,2024-02,NT411,CLEMENTINE CHURCHILL HOSPITAL,C_130,X06,36,32,-4,4,9,5,0.8,1,C_130,0.0006581631981466,possible recoding or service mix change; cause unconfirmed,caveat; preserve reported codes
RC1729,2024-01,2024-02,RH5,SOMERSET NHS FOUNDATION TRUST,C_130,C_300,5197,5193,-4,12,20,8,0.5,4,C_130,0.0006581631981466,possible recoding or service mix change; cause unconfirmed,caveat; preserve reported codes
RC1730,2024-03,2024-04,RET,THE WALTON CENTRE NHS FOUNDATION TRUST,C_130,X03,11,15,4,9,1,-8,0.5,-4,C_130,0.0006523008280959,possible recoding or service mix change; cause unconfirmed,caveat; preserve reported codes
RC1731,2024-03,2024-04,NT431,RUNNYMEDE HOSPITAL,C_130,X06,17,13,-4,3,5,2,0.5,-2,C_130,0.0006523008280959,possible recoding or service mix change; cause unconfirmed,caveat; preserve reported codes
RC1732,2025-09,2025-10,RGN,NORTH WEST ANGLIA NHS FOUNDATION TRUST,C_120,X03,7308,7304,-4,2,4,2,0.5,-2,C_120,0.0006514933857134,possible recoding or service mix change; cause unconfirmed,caveat; preserve reported codes
RC1733,2025-07,2025-08,NT239,"NUFFIELD HEALTH, TUNBRIDGE WELLS HOSPITAL",C_120,C_150,7,3,-4,0,4,4,1.0,0,C_120,0.0006413997909036,possible recoding or service mix change; cause unconfirmed,caveat; preserve reported codes
RC1734,2024-10,2024-11,K8I4X,GLENDON WOOD HOSPITAL,C_120,X06,4,0,-4,1,3,2,0.5,-2,C_120,0.0006316421115795,possible recoding or service mix change; cause unconfirmed,caveat; preserve reported codes
RC1735,2024-10,2024-11,NVC13,OAKS HOSPITAL,C_120,C_400,59,55,-4,0,2,2,0.5,-2,C_120,0.0006316421115795,possible recoding or service mix change; cause unconfirmed,caveat; preserve reported codes
RC1736,2024-10,2024-11,NT440,THORNBURY HOSPITAL,C_120,C_301,4,0,-4,8,10,2,0.5,-2,C_120,0.0006316421115795,possible recoding or service mix change; cause unconfirmed,caveat; preserve reported codes
RC1737,2025-05,2025-06,NT412,DROITWICH SPA HOSPITAL,C_120,C_320,49,53,4,3,0,-3,0.75,1,C_120,0.000629009938357,possible recoding or service mix change; cause unconfirmed,caveat; preserve reported codes
RC1738,2024-12,2025-01,NT437,SLOANE HOSPITAL,C_120,C_301,0,4,4,33,27,-6,0.6666666666666666,-2,C_120,0.0006273220718566,possible recoding or service mix change; cause unconfirmed,caveat; preserve reported codes
RC1739,2024-12,2025-01,NT437,SLOANE HOSPITAL,C_120,X06,0,4,4,208,206,-2,0.5,2,C_120,0.0006273220718566,possible recoding or service mix change; cause unconfirmed,caveat; preserve reported codes
RC1740,2024-12,2025-01,NT437,SLOANE HOSPITAL,C_101,C_120,118,113,-5,0,4,4,0.8,-1,C_120,0.0006273220718566,possible recoding or service mix change; cause unconfirmed,caveat; preserve reported codes
RC1741,2024-12,2025-01,NT437,SLOANE HOSPITAL,C_120,C_502,0,4,4,14,12,-2,0.5,2,C_120,0.0006273220718566,possible recoding or service mix change; cause unconfirmed,caveat; preserve reported codes
RC1742,2024-09,2024-10,NVC23,WOODLAND HOSPITAL,C_120,C_330,14,10,-4,5,12,7,0.5714285714285714,3,C_120,0.0006273063309323,possible recoding or service mix change; cause unconfirmed,caveat; preserve reported codes
RC1743,2025-03,2025-04,NVC23,WOODLAND HOSPITAL,C_120,C_160,2,6,4,7,4,-3,0.75,1,C_120,0.0006260623495493,possible recoding or service mix change; cause unconfirmed,caveat; preserve reported codes
RC1744,2025-03,2025-04,NVC23,WOODLAND HOSPITAL,C_120,C_330,2,6,4,36,32,-4,1.0,0,C_120,0.0006260623495493,possible recoding or service mix change; cause unconfirmed,caveat; preserve reported codes
RC1745,2024-02,2024-03,NT312,SPIRE ALEXANDRA HOSPITAL,C_120,C_150,20,16,-4,0,8,8,0.5,4,C_120,0.000625620733071,possible recoding or service mix change; cause unconfirmed,caveat; preserve reported codes
RC1746,2024-02,2024-03,RJL,NORTHERN LINCOLNSHIRE AND GOOLE NHS FOUNDATION TRUST,C_120,C_170,6533,6537,4,8,3,-5,0.8,-1,C_120,0.000625620733071,possible recoding or service mix change; cause unconfirmed,caveat; preserve reported codes
RC1747,2024-08,2024-09,H4I8B,NUFFIELD HEALTH THE HOLLY HOSPITAL,C_120,X02,356,352,-4,1,5,4,1.0,0,C_120,0.0006250322282242,possible recoding or service mix change; cause unconfirmed,caveat; preserve reported codes
RC1748,2024-04,2024-05,NT433,SARUM ROAD HOSPITAL,C_110,C_301,304,299,-5,0,3,3,0.6,-2,C_110,0.0005968503015884,possible recoding or service mix change; cause unconfirmed,caveat; preserve reported codes
RC1749,2025-01,2025-02,NT430,RIDGEWAY HOSPITAL,C_110,C_120,9,14,5,3,0,-3,0.6,2,C_110,0.0005940358797671,possible recoding or service mix change; cause unconfirmed,caveat; preserve reported codes
RC1750,2025-01,2025-02,NT430,RIDGEWAY HOSPITAL,C_110,C_130,9,14,5,262,252,-10,0.5,-5,C_110,0.0005940358797671,possible recoding or service mix change; cause unconfirmed,caveat; preserve reported codes
RC1751,2025-01,2025-02,NT202,"NUFFIELD HEALTH, BOURNEMOUTH HOSPITAL",C_101,C_110,6,16,10,439,434,-5,0.5,5,C_110,0.0005940358797671,possible recoding or service mix change; cause unconfirmed,caveat; preserve reported codes
RC1752,2024-01,2024-02,NT409,CHELSFIELD PARK HOSPITAL,C_110,C_120,264,259,-5,10,18,8,0.625,3,C_110,0.0005935746728809,possible recoding or service mix change; cause unconfirmed,caveat; preserve reported codes
RC1753,2024-01,2024-02,NT324,SPIRE CHESHIRE HOSPITAL,C_110,C_301,641,636,-5,7,13,6,0.8333333333333334,1,C_110,0.0005935746728809,possible recoding or service mix change; cause unconfirmed,caveat; preserve reported codes
RC1754,2024-01,2024-02,NT324,SPIRE CHESHIRE HOSPITAL,C_101,C_110,4,9,5,641,636,-5,1.0,0,C_110,0.0005935746728809,possible recoding or service mix change; cause unconfirmed,caveat; preserve reported codes
RC1755,2024-01,2024-02,NT455,MOUNT ALVERNIA HOSPITAL,C_110,C_301,61,56,-5,9,16,7,0.7142857142857143,2,C_110,0.0005935746728809,possible recoding or service mix change; cause unconfirmed,caveat; preserve reported codes
RC1756,2025-04,2025-05,NT209,"NUFFIELD HEALTH, CAMBRIDGE HOSPITAL",C_110,C_160,284,289,5,9,0,-9,0.5555555555555556,-4,C_110,0.0005928399166229,possible recoding or service mix change; cause unconfirmed,caveat; preserve reported codes
RC1757,2025-11,2025-12,RAX,KINGSTON AND RICHMOND NHS FOUNDATION TRUST,C_110,C_430,3231,3236,5,7,2,-5,1.0,0,C_110,0.0005921672848893,possible recoding or service mix change; cause unconfirmed,caveat; preserve reported codes
RC1758,2025-10,2025-11,NT412,DROITWICH SPA HOSPITAL,C_110,X06,1134,1129,-5,7,14,7,0.7142857142857143,2,C_110,0.0005914283112001,possible recoding or service mix change; cause unconfirmed,caveat; preserve reported codes
RC1759,2024-12,2025-01,NVC20,THE YORKSHIRE CLINIC,C_110,X06,1835,1830,-5,3,7,4,0.8,-1,C_110,0.0005896483690915,possible recoding or service mix change; cause unconfirmed,caveat; preserve reported codes
RC1760,2024-06,2024-07,NT410,CHILTERN HOSPITAL,C_110,X06,319,324,5,15,6,-9,0.5555555555555556,-4,C_110,0.0005875599458034,possible recoding or service mix change; cause unconfirmed,caveat; preserve reported codes
RC1761,2024-08,2024-09,NT490,SOUTHEND PRIVATE HOSPITAL,C_110,C_330,136,131,-5,10,17,7,0.7142857142857143,2,C_110,0.0005869323044018,possible recoding or service mix change; cause unconfirmed,caveat; preserve reported codes
RC1762,2024-10,2024-11,NT345,SPIRE CLARE PARK HOSPITAL,C_101,C_110,5,9,4,126,121,-5,0.8,-1,C_110,0.0005855658029571,possible recoding or service mix change; cause unconfirmed,caveat; preserve reported codes
RC1763,2024-09,2024-10,NN4,TYNESIDE SURGICAL SERVICES LTD,C_110,X06,452,447,-5,0,10,10,0.5,5,C_110,0.0005843442488839,possible recoding or service mix change; cause unconfirmed,caveat; preserve reported codes
RC1764,2025-08,2025-09,NT430,RIDGEWAY HOSPITAL,C_110,C_301,22,17,-5,2,12,10,0.5,5,C_110,0.0005808111608672,possible recoding or service mix change; cause unconfirmed,caveat; preserve reported codes
RC1765,2026-02,2026-03,NVC07,FULWOOD HALL HOSPITAL,C_301,X05,3,1,-2,0,2,2,1.0,0,C_301,0.0005460646485937,possible recoding or service mix change; cause unconfirmed,caveat; preserve reported codes
RC1766,2026-02,2026-03,NVC07,FULWOOD HALL HOSPITAL,C_160,C_301,4,8,4,3,1,-2,0.5,2,C_301,0.0005460646485937,possible recoding or service mix change; cause unconfirmed,caveat; preserve reported codes
RC1767,2026-02,2026-03,NVC07,FULWOOD HALL HOSPITAL,C_301,X06,3,1,-2,0,1,1,0.5,-1,C_301,0.0005460646485937,possible recoding or service mix change; cause unconfirmed,caveat; preserve reported codes
RC1768,2026-04,2026-05,NT332,SPIRE LEEDS HOSPITAL,C_301,X05,0,2,2,1,0,-1,0.5,1,C_301,0.0005404718860036,possible recoding or service mix change; cause unconfirmed,caveat; preserve reported codes
RC1769,2026-04,2026-05,NT417,GORING HALL HOSPITAL,C_301,X06,9,11,2,5,2,-3,0.6666666666666666,-1,C_301,0.0005404718860036,possible recoding or service mix change; cause unconfirmed,caveat; preserve reported codes
RC1770,2026-04,2026-05,RAN,ROYAL NATIONAL ORTHOPAEDIC HOSPITAL NHS TRUST,C_301,C_400,1,3,2,1,0,-1,0.5,1,C_301,0.0005404718860036,possible recoding or service mix change; cause unconfirmed,caveat; preserve reported codes
RC1771,2026-04,2026-05,NT319,SPIRE HARTSWOOD HOSPITAL,C_301,X05,0,2,2,1,0,-1,0.5,1,C_301,0.0005404718860036,possible recoding or service mix change; cause unconfirmed,caveat; preserve reported codes
RC1772,2026-03,2026-04,NT446,ST EDMUNDS HOSPITAL,C_301,X06,22,20,-2,1,2,1,0.5,-1,C_301,0.0005383043949862,possible recoding or service mix change; cause unconfirmed,caveat; preserve reported codes
RC1773,2026-03,2026-04,NT417,GORING HALL HOSPITAL,C_101,C_301,1,0,-1,7,9,2,0.5,1,C_301,0.0005383043949862,possible recoding or service mix change; cause unconfirmed,caveat; preserve reported codes
RC1774,2026-03,2026-04,NT315,SPIRE BUSHEY HOSPITAL,C_101,C_301,1,3,2,19,17,-2,1.0,0,C_301,0.0005383043949862,possible recoding or service mix change; cause unconfirmed,caveat; preserve reported codes
RC1775,2025-05,2025-06,NT233,"NUFFIELD HEALTH, PLYMOUTH HOSPITAL",C_101,C_301,23,20,-3,1,3,2,0.6666666666666666,-1,C_301,0.0005349495943744,possible recoding or service mix change; cause unconfirmed,caveat; preserve reported codes
RC1776,2025-05,2025-06,NT233,"NUFFIELD HEALTH, PLYMOUTH HOSPITAL",C_160,C_301,67,65,-2,1,3,2,1.0,0,C_301,0.0005349495943744,possible recoding or service mix change; cause unconfirmed,caveat; preserve reported codes
RC1777,2025-05,2025-06,NT433,SARUM ROAD HOSPITAL,C_301,X06,0,2,2,50,46,-4,0.5,-2,C_301,0.0005349495943744,possible recoding or service mix change; cause unconfirmed,caveat; preserve reported codes
RC1778,2025-05,2025-06,NT437,SLOANE HOSPITAL,C_150,C_301,1,3,2,32,30,-2,1.0,0,C_301,0.0005349495943744,possible recoding or service mix change; cause unconfirmed,caveat; preserve reported codes
RC1779,2025-05,2025-06,NT447,DUCHY HOSPITAL,C_301,C_502,12,14,2,1,0,-1,0.5,1,C_301,0.0005349495943744,possible recoding or service mix change; cause unconfirmed,caveat; preserve reported codes
RC1780,2025-06,2025-07,NT301,SPIRE SOUTH BANK HOSPITAL,C_301,X05,23,21,-2,0,1,1,0.5,-1,C_301,0.0005334869775828,possible recoding or service mix change; cause unconfirmed,caveat; preserve reported codes
RC1781,2025-06,2025-07,NT347,SPIRE FYLDE COAST HOSPITAL,C_301,C_320,7,5,-2,0,1,1,0.5,-1,C_301,0.0005334869775828,possible recoding or service mix change; cause unconfirmed,caveat; preserve reported codes
RC1782,2025-10,2025-11,NT433,SARUM ROAD HOSPITAL,C_301,C_330,3,1,-2,0,1,1,0.5,-1,C_301,0.00053281046866,possible recoding or service mix change; cause unconfirmed,caveat; preserve reported codes
RC1783,2025-10,2025-11,ADP02,KIMS HOSPITAL (NEWNHAM COURT),C_101,C_301,25,24,-1,0,2,2,0.5,1,C_301,0.00053281046866,possible recoding or service mix change; cause unconfirmed,caveat; preserve reported codes
RC1784,2026-02,2026-03,NT417,GORING HALL HOSPITAL,C_100,X06,23,21,-2,0,2,2,1.0,0,C_100,0.0005316264579855,possible recoding or service mix change; cause unconfirmed,caveat; preserve reported codes
RC1785,2026-02,2026-03,NT443,WINTERBOURNE HOSPITAL,C_100,X06,31,33,2,1,0,-1,0.5,1,C_100,0.0005316264579855,possible recoding or service mix change; cause unconfirmed,caveat; preserve reported codes
RC1786,2025-04,2025-05,NVC07,FULWOOD HALL HOSPITAL,C_160,C_301,1,2,1,4,2,-2,0.5,-1,C_301,0.0005307165469458,possible recoding or service mix change; cause unconfirmed,caveat; preserve reported codes
RC1787,2025-04,2025-05,NT447,DUCHY HOSPITAL,C_150,C_301,3,7,4,14,12,-2,0.5,2,C_301,0.0005307165469458,possible recoding or service mix change; cause unconfirmed,caveat; preserve reported codes
RC1788,2025-04,2025-05,NT364,SPIRE MONTEFIORE HOSPITAL,C_140,C_301,1,0,-1,0,2,2,0.5,1,C_301,0.0005307165469458,possible recoding or service mix change; cause unconfirmed,caveat; preserve reported codes
RC1789,2025-04,2025-05,NVC21,WEST MIDLANDS HOSPITAL,C_301,X02,3,5,2,12,11,-1,0.5,1,C_301,0.0005307165469458,possible recoding or service mix change; cause unconfirmed,caveat; preserve reported codes
RC1790,2025-04,2025-05,NVC21,WEST MIDLANDS HOSPITAL,C_301,C_502,3,5,2,97,96,-1,0.5,1,C_301,0.0005307165469458,possible recoding or service mix change; cause unconfirmed,caveat; preserve reported codes
RC1791,2025-04,2025-05,NT301,SPIRE SOUTH BANK HOSPITAL,C_301,X05,20,22,2,1,0,-1,0.5,1,C_301,0.0005307165469458,possible recoding or service mix change; cause unconfirmed,caveat; preserve reported codes
RC1792,2025-04,2025-05,NT324,SPIRE CHESHIRE HOSPITAL,C_301,C_502,2,0,-2,0,1,1,0.5,-1,C_301,0.0005307165469458,possible recoding or service mix change; cause unconfirmed,caveat; preserve reported codes
RC1793,2025-07,2025-08,NVC1H,STOURSIDE HOSPITAL,C_301,X06,3,5,2,21,20,-1,0.5,1,C_301,0.0005297045043422,possible recoding or service mix change; cause unconfirmed,caveat; preserve reported codes
RC1794,2025-07,2025-08,NT403,BEARDWOOD HOSPITAL,C_301,C_410,24,22,-2,0,1,1,0.5,-1,C_301,0.0005297045043422,possible recoding or service mix change; cause unconfirmed,caveat; preserve reported codes
RC1795,2025-07,2025-08,NT404,BEAUMONT HOSPITAL,C_301,C_400,8,6,-2,1,2,1,0.5,-1,C_301,0.0005297045043422,possible recoding or service mix change; cause unconfirmed,caveat; preserve reported codes
RC1796,2025-07,2025-08,NT430,RIDGEWAY HOSPITAL,C_301,X06,4,2,-2,0,1,1,0.5,-1,C_301,0.0005297045043422,possible recoding or service mix change; cause unconfirmed,caveat; preserve reported codes
RC1797,2025-07,2025-08,RAN,ROYAL NATIONAL ORTHOPAEDIC HOSPITAL NHS TRUST,C_301,X03,32,30,-2,1,3,2,1.0,0,C_301,0.0005297045043422,possible recoding or service mix change; cause unconfirmed,caveat; preserve reported codes
RC1798,2026-01,2026-02,A4M8P,BUCKSHAW HOSPITAL,C_301,X06,13,11,-2,0,1,1,0.5,-1,C_301,0.0005279106352876,possible recoding or service mix change; cause unconfirmed,caveat; preserve reported codes
RC1799,2026-01,2026-02,NT446,ST EDMUNDS HOSPITAL,C_301,C_330,13,15,2,1,0,-1,0.5,1,C_301,0.0005279106352876,possible recoding or service mix change; cause unconfirmed,caveat; preserve reported codes
RC1800,2025-08,2025-09,NVC40,WOODTHORPE HOSPITAL,C_301,X06,74,76,2,2,0,-2,1.0,0,C_301,0.0005268717778497,possible recoding or service mix change; cause unconfirmed,caveat; preserve reported codes
RC1801,2025-08,2025-09,NVC05,EUXTON HALL HOSPITAL,C_160,C_301,3,1,-2,0,2,2,1.0,0,C_301,0.0005268717778497,possible recoding or service mix change; cause unconfirmed,caveat; preserve reported codes
RC1802,2025-08,2025-09,NVC05,EUXTON HALL HOSPITAL,C_301,C_400,0,2,2,2,1,-1,0.5,1,C_301,0.0005268717778497,possible recoding or service mix change; cause unconfirmed,caveat; preserve reported codes
RC1803,2025-08,2025-09,NVC05,EUXTON HALL HOSPITAL,C_301,C_502,0,2,2,225,221,-4,0.5,-2,C_301,0.0005268717778497,possible recoding or service mix change; cause unconfirmed,caveat; preserve reported codes
RC1804,2025-08,2025-09,NT405,BISHOPS WOOD HOSPITAL,C_301,X06,23,25,2,7,3,-4,0.5,-2,C_301,0.0005268717778497,possible recoding or service mix change; cause unconfirmed,caveat; preserve reported codes
RC1805,2025-10,2025-11,NT327,SPIRE MANCHESTER HOSPITAL,C_100,C_301,300,298,-2,0,2,2,1.0,0,C_100,0.0005245598942487,possible recoding or service mix change; cause unconfirmed,caveat; preserve reported codes
RC1806,2025-10,2025-11,NT212,"NUFFIELD HEALTH, CHICHESTER HOSPITAL",C_100,C_101,20,22,2,1,0,-1,0.5,1,C_100,0.0005245598942487,possible recoding or service mix change; cause unconfirmed,caveat; preserve reported codes
RC1807,2025-10,2025-11,NT219,"NUFFIELD HEALTH, HEREFORD HOSPITAL",C_100,X06,87,89,2,3,1,-2,1.0,0,C_100,0.0005245598942487,possible recoding or service mix change; cause unconfirmed,caveat; preserve reported codes
RC1808,2025-10,2025-11,RWG,WEST HERTFORDSHIRE TEACHING HOSPITALS NHS TRUST,C_100,C_150,3271,3273,2,3,0,-3,0.6666666666666666,-1,C_100,0.0005245598942487,possible recoding or service mix change; cause unconfirmed,caveat; preserve reported codes
RC1809,2025-10,2025-11,NT408,CHAUCER HOSPITAL,C_100,X06,98,96,-2,1,2,1,0.5,-1,C_100,0.0005245598942487,possible recoding or service mix change; cause unconfirmed,caveat; preserve reported codes
RC1810,2025-10,2025-11,NT239,"NUFFIELD HEALTH, TUNBRIDGE WELLS HOSPITAL",C_100,C_120,18,16,-2,0,3,3,0.6666666666666666,1,C_100,0.0005245598942487,possible recoding or service mix change; cause unconfirmed,caveat; preserve reported codes
RC1811,2025-10,2025-11,NVC17,ROWLEY HALL HOSPITAL,C_100,C_400,123,121,-2,0,1,1,0.5,-1,C_100,0.0005245598942487,possible recoding or service mix change; cause unconfirmed,caveat; preserve reported codes
RC1812,2026-01,2026-02,AAH,TETBURY HOSPITAL TRUST LTD,C_101,C_320,37,36,-1,0,2,2,0.5,1,C_320,0.0005243714752404,possible recoding or service mix change; cause unconfirmed,caveat; preserve reported codes
RC1813,2026-01,2026-02,AAH,TETBURY HOSPITAL TRUST LTD,C_320,C_340,0,2,2,4,2,-2,1.0,0,C_320,0.0005243714752404,possible recoding or service mix change; cause unconfirmed,caveat; preserve reported codes
RC1814,2026-04,2026-05,NT239,"NUFFIELD HEALTH, TUNBRIDGE WELLS HOSPITAL",C_100,C_101,11,13,2,6,2,-4,0.5,-2,C_100,0.0005242505183527,possible recoding or service mix change; cause unconfirmed,caveat; preserve reported codes
RC1815,2026-04,2026-05,DJH01,THE ROYAL BUCKINGHAMSHIRE HOSPITAL LTD,C_100,C_110,31,29,-2,1,2,1,0.5,-1,C_100,0.0005242505183527,possible recoding or service mix change; cause unconfirmed,caveat; preserve reported codes
RC1816,2026-04,2026-05,NT433,SARUM ROAD HOSPITAL,C_100,X06,7,5,-2,1,4,3,0.6666666666666666,1,C_100,0.0005242505183527,possible recoding or service mix change; cause unconfirmed,caveat; preserve reported codes
RC1817,2026-04,2026-05,NT239,"NUFFIELD HEALTH, TUNBRIDGE WELLS HOSPITAL",C_100,C_150,11,13,2,1,0,-1,0.5,1,C_100,0.0005242505183527,possible recoding or service mix change; cause unconfirmed,caveat; preserve reported codes
RC1818,2025-09,2025-10,NVC27,BOSTON WEST HOSPITAL,C_300,C_301,1,0,-1,119,121,2,0.5,1,C_301,0.0005229469104296,possible recoding or service mix change; cause unconfirmed,caveat; preserve reported codes
RC1819,2025-09,2025-10,NT410,CHILTERN HOSPITAL,C_301,C_320,20,18,-2,0,1,1,0.5,-1,C_301,0.0005229469104296,possible recoding or service mix change; cause unconfirmed,caveat; preserve reported codes
RC1820,2026-01,2026-02,RBD,DORSET COUNTY HOSPITAL NHS FOUNDATION TRUST,C_100,X06,1193,1195,2,1,0,-1,0.5,1,C_100,0.000519481868784,possible recoding or service mix change; cause unconfirmed,caveat; preserve reported codes
RC1821,2026-01,2026-02,NT435,SHELBURNE HOSPITAL,C_100,C_502,7,9,2,1,0,-1,0.5,1,C_100,0.000519481868784,possible recoding or service mix change; cause unconfirmed,caveat; preserve reported codes
RC1822,2026-01,2026-02,NVC01,ASHTEAD HOSPITAL,C_100,C_502,173,171,-2,0,1,1,0.5,-1,C_100,0.000519481868784,possible recoding or service mix change; cause unconfirmed,caveat; preserve reported codes
RC1823,2025-11,2025-12,NT219,"NUFFIELD HEALTH, HEREFORD HOSPITAL",C_100,X06,89,87,-2,1,2,1,0.5,-1,C_100,0.0005187421540249,possible recoding or service mix change; cause unconfirmed,caveat; preserve reported codes
RC1824,2025-11,2025-12,NT312,SPIRE ALEXANDRA HOSPITAL,C_100,C_160,184,182,-2,0,1,1,0.5,-1,C_100,0.0005187421540249,possible recoding or service mix change; cause unconfirmed,caveat; preserve reported codes
RC1825,2025-11,2025-12,NT490,SOUTHEND PRIVATE HOSPITAL,C_100,C_330,37,39,2,1,0,-1,0.5,1,C_100,0.0005187421540249,possible recoding or service mix change; cause unconfirmed,caveat; preserve reported codes
RC1826,2025-12,2026-01,NT443,WINTERBOURNE HOSPITAL,C_100,X06,34,32,-2,0,1,1,0.5,-1,C_100,0.0005180434534848,possible recoding or service mix change; cause unconfirmed,caveat; preserve reported codes
RC1827,2026-02,2026-03,RQ3,BIRMINGHAM WOMEN'S AND CHILDREN'S NHS FOUNDATION TRUST,C_120,X03,1,4,3,4,1,-3,1.0,0,C_120,0.0005179969403647,possible recoding or service mix change; cause unconfirmed,caveat; preserve reported codes
RC1828,2024-12,2025-01,NT411,CLEMENTINE CHURCHILL HOSPITAL,C_130,C_150,38,35,-3,0,4,4,0.75,1,C_130,0.00051733771116,possible recoding or service mix change; cause unconfirmed,caveat; preserve reported codes
RC1829,2024-12,2025-01,NT411,CLEMENTINE CHURCHILL HOSPITAL,C_130,C_400,38,35,-3,1,6,5,0.6,2,C_130,0.00051733771116,possible recoding or service mix change; cause unconfirmed,caveat; preserve reported codes
RC1830,2025-03,2025-04,NT364,SPIRE MONTEFIORE HOSPITAL,C_140,C_301,0,1,1,2,0,-2,0.5,-1,C_301,0.0005167758355619,possible recoding or service mix change; cause unconfirmed,caveat; preserve reported codes
RC1831,2025-03,2025-04,NT233,"NUFFIELD HEALTH, PLYMOUTH HOSPITAL",C_101,C_301,15,14,-1,1,3,2,0.5,1,C_301,0.0005167758355619,possible recoding or service mix change; cause unconfirmed,caveat; preserve reported codes
RC1832,2025-03,2025-04,NVC31,BLAKELANDS HOSPITAL,C_301,X06,285,283,-2,0,1,1,0.5,-1,C_301,0.0005167758355619,possible recoding or service mix change; cause unconfirmed,caveat; preserve reported codes
RC1833,2025-03,2025-04,F9Z4V,CIRCLE READING HOSPITAL,C_301,C_400,16,14,-2,0,1,1,0.5,-1,C_301,0.0005167758355619,possible recoding or service mix change; cause unconfirmed,caveat; preserve reported codes
RC1834,2025-09,2025-10,NT304,SPIRE SOUTHAMPTON HOSPITAL,C_101,C_320,1,0,-1,2,4,2,0.5,1,C_320,0.0005160930722246,possible recoding or service mix change; cause unconfirmed,caveat; preserve reported codes
RC1835,2025-08,2025-09,NT412,DROITWICH SPA HOSPITAL,C_101,C_320,5,3,-2,0,2,2,1.0,0,C_320,0.0005148614765197,possible recoding or service mix change; cause unconfirmed,caveat; preserve reported codes
RC1836,2025-08,2025-09,NT304,SPIRE SOUTHAMPTON HOSPITAL,C_320,X05,0,2,2,2,1,-1,0.5,1,C_320,0.0005148614765197,possible recoding or service mix change; cause unconfirmed,caveat; preserve reported codes
RC1837,2024-06,2024-07,NVC15,PINEHILL HOSPITAL,C_301,C_400,52,50,-2,0,1,1,0.5,-1,C_301,0.0005133180364558,possible recoding or service mix change; cause unconfirmed,caveat; preserve reported codes
RC1838,2024-06,2024-07,RPY,THE ROYAL MARSDEN NHS FOUNDATION TRUST,C_301,C_320,32,34,2,1,0,-1,0.5,1,C_301,0.0005133180364558,possible recoding or service mix change; cause unconfirmed,caveat; preserve reported codes
RC1839,2024-06,2024-07,RPY,THE ROYAL MARSDEN NHS FOUNDATION TRUST,C_301,C_340,32,34,2,1,0,-1,0.5,1,C_301,0.0005133180364558,possible recoding or service mix change; cause unconfirmed,caveat; preserve reported codes
RC1840,2024-08,2024-09,NT428,PRINCESS MARGARET HOSPITAL,C_301,C_400,34,32,-2,0,1,1,0.5,-1,C_301,0.0005124906790757,possible recoding or service mix change; cause unconfirmed,caveat; preserve reported codes
RC1841,2024-08,2024-09,NT428,PRINCESS MARGARET HOSPITAL,C_301,X06,34,32,-2,1,2,1,0.5,-1,C_301,0.0005124906790757,possible recoding or service mix change; cause unconfirmed,caveat; preserve reported codes
RC1842,2024-08,2024-09,NVC13,OAKS HOSPITAL,C_301,C_400,20,18,-2,0,1,1,0.5,-1,C_301,0.0005124906790757,possible recoding or service mix change; cause unconfirmed,caveat; preserve reported codes
RC1843,2024-08,2024-09,NT409,CHELSFIELD PARK HOSPITAL,C_150,C_301,3,1,-2,30,32,2,1.0,0,C_301,0.0005124906790757,possible recoding or service mix change; cause unconfirmed,caveat; preserve reported codes
RC1844,2024-08,2024-09,NT436,SHIRLEY OAKS HOSPITAL,C_150,C_301,3,1,-2,214,216,2,1.0,0,C_301,0.0005124906790757,possible recoding or service mix change; cause unconfirmed,caveat; preserve reported codes
RC1845,2025-06,2025-07,RGP,JAMES PAGET UNIVERSITY HOSPITALS NHS FOUNDATION TRUST,C_130,X06,3596,3599,3,2,0,-2,0.6666666666666666,1,C_130,0.0005122784609105,possible recoding or service mix change; cause unconfirmed,caveat; preserve reported codes
RC1846,2025-06,2025-07,NVC21,WEST MIDLANDS HOSPITAL,C_101,C_130,41,39,-2,0,3,3,0.6666666666666666,1,C_130,0.0005122784609105,possible recoding or service mix change; cause unconfirmed,caveat; preserve reported codes
RC1847,2024-01,2024-02,NT440,THORNBURY HOSPITAL,C_301,X06,3,1,-2,3,5,2,1.0,0,C_301,0.0005122294788065,possible recoding or service mix change; cause unconfirmed,caveat; preserve reported codes
RC1848,2024-01,2024-02,NT440,THORNBURY HOSPITAL,C_301,C_502,3,1,-2,80,83,3,0.6666666666666666,1,C_301,0.0005122294788065,possible recoding or service mix change; cause unconfirmed,caveat; preserve reported codes
RC1849,2024-01,2024-02,NEY,PIONEER HEALTHCARE LIMITED,C_301,C_400,2,0,-2,333,336,3,0.6666666666666666,1,C_301,0.0005122294788065,possible recoding or service mix change; cause unconfirmed,caveat; preserve reported codes
RC1850,2024-01,2024-02,NT440,THORNBURY HOSPITAL,C_301,C_400,3,1,-2,2,3,1,0.5,-1,C_301,0.0005122294788065,possible recoding or service mix change; cause unconfirmed,caveat; preserve reported codes
RC1851,2024-02,2024-03,NT440,THORNBURY HOSPITAL,C_301,X06,1,3,2,5,3,-2,1.0,0,C_301,0.0005122242312794,possible recoding or service mix change; cause unconfirmed,caveat; preserve reported codes
RC1852,2024-02,2024-03,NT401,ALEXANDRA HOSPITAL,C_301,X06,98,100,2,3,0,-3,0.6666666666666666,-1,C_301,0.0005122242312794,possible recoding or service mix change; cause unconfirmed,caveat; preserve reported codes
RC1853,2024-02,2024-03,NT401,ALEXANDRA HOSPITAL,C_301,C_502,98,100,2,1,0,-1,0.5,1,C_301,0.0005122242312794,possible recoding or service mix change; cause unconfirmed,caveat; preserve reported codes
RC1854,2024-02,2024-03,NTE02,ST HUGH'S HOSPITAL,C_150,C_301,0,1,1,237,235,-2,0.5,-1,C_301,0.0005122242312794,possible recoding or service mix change; cause unconfirmed,caveat; preserve reported codes
RC1855,2024-07,2024-08,NT412,DROITWICH SPA HOSPITAL,C_301,C_502,82,80,-2,0,1,1,0.5,-1,C_301,0.0005118990944505,possible recoding or service mix change; cause unconfirmed,caveat; preserve reported codes
RC1856,2024-07,2024-08,NVC15,PINEHILL HOSPITAL,C_301,C_400,50,48,-2,1,2,1,0.5,-1,C_301,0.0005118990944505,possible recoding or service mix change; cause unconfirmed,caveat; preserve reported codes
RC1857,2024-05,2024-06,NT347,SPIRE FYLDE COAST HOSPITAL,C_150,C_301,93,94,1,3,1,-2,0.5,-1,C_301,0.0005115311918932,possible recoding or service mix change; cause unconfirmed,caveat; preserve reported codes
RC1858,2025-09,2025-10,NT411,CLEMENTINE CHURCHILL HOSPITAL,C_100,C_410,315,317,2,1,0,-1,0.5,1,C_100,0.0005108648175063,possible recoding or service mix change; cause unconfirmed,caveat; preserve reported codes
RC1859,2025-09,2025-10,NT408,CHAUCER HOSPITAL,C_100,C_301,96,98,2,1,0,-1,0.5,1,C_100,0.0005108648175063,possible recoding or service mix change; cause unconfirmed,caveat; preserve reported codes
RC1860,2025-09,2025-10,NT410,CHILTERN HOSPITAL,C_100,C_140,38,40,2,1,0,-1,0.5,1,C_100,0.0005108648175063,possible recoding or service mix change; cause unconfirmed,caveat; preserve reported codes
RC1861,2025-09,2025-10,NT317,SPIRE CAMBRIDGE LEA HOSPITAL,C_100,X05,41,39,-2,0,1,1,0.5,-1,C_100,0.0005108648175063,possible recoding or service mix change; cause unconfirmed,caveat; preserve reported codes
RC1862,2024-03,2024-04,NT402,BATH CLINIC,C_301,X06,14,16,2,1,0,-1,0.5,1,C_301,0.0005099855164113,possible recoding or service mix change; cause unconfirmed,caveat; preserve reported codes
RC1863,2026-03,2026-04,NVC22,WINFIELD HOSPITAL,C_120,C_160,9,6,-3,3,5,2,0.6666666666666666,-1,C_120,0.0005099629766878,possible recoding or service mix change; cause unconfirmed,caveat; preserve reported codes
RC1864,2025-10,2025-11,NT239,"NUFFIELD HEALTH, TUNBRIDGE WELLS HOSPITAL",C_101,C_120,5,2,-3,0,3,3,1.0,0,C_120,0.0005098321122854,possible recoding or service mix change; cause unconfirmed,caveat; preserve reported codes
RC1865,2024-09,2024-10,NT431,RUNNYMEDE HOSPITAL,C_301,X06,27,29,2,1,0,-1,0.5,1,C_301,0.000509412672659,possible recoding or service mix change; cause unconfirmed,caveat; preserve reported codes
RC1866,2024-09,2024-10,RPY,THE ROYAL MARSDEN NHS FOUNDATION TRUST,C_301,C_340,44,42,-2,0,1,1,0.5,-1,C_301,0.000509412672659,possible recoding or service mix change; cause unconfirmed,caveat; preserve reported codes
RC1867,2024-09,2024-10,RFS,CHESTERFIELD ROYAL HOSPITAL NHS FOUNDATION TRUST,C_301,X06,1715,1713,-2,0,1,1,0.5,-1,C_301,0.000509412672659,possible recoding or service mix change; cause unconfirmed,caveat; preserve reported codes
RC1868,2024-09,2024-10,RA2,ROYAL SURREY COUNTY HOSPITAL NHS FOUNDATION TRUST,C_300,C_301,0,2,2,1125,1123,-2,1.0,0,C_301,0.000509412672659,possible recoding or service mix change; cause unconfirmed,caveat; preserve reported codes
RC1869,2024-09,2024-10,NVC05,EUXTON HALL HOSPITAL,C_301,X05,4,2,-2,0,1,1,0.5,-1,C_301,0.000509412672659,possible recoding or service mix change; cause unconfirmed,caveat; preserve reported codes
RC1870,2024-10,2024-11,NT216,"NUFFIELD HEALTH, GUILDFORD HOSPITAL",C_140,C_301,8,6,-2,0,2,2,1.0,0,C_301,0.0005091545997026,possible recoding or service mix change; cause unconfirmed,caveat; preserve reported codes
RC1871,2024-10,2024-11,NT347,SPIRE FYLDE COAST HOSPITAL,C_301,C_320,14,12,-2,1,3,2,1.0,0,C_301,0.0005091545997026,possible recoding or service mix change; cause unconfirmed,caveat; preserve reported codes
RC1872,2024-10,2024-11,NT216,"NUFFIELD HEALTH, GUILDFORD HOSPITAL",C_101,C_301,18,16,-2,0,2,2,1.0,0,C_301,0.0005091545997026,possible recoding or service mix change; cause unconfirmed,caveat; preserve reported codes
RC1873,2024-10,2024-11,NT440,THORNBURY HOSPITAL,C_301,X06,8,10,2,5,1,-4,0.5,-2,C_301,0.0005091545997026,possible recoding or service mix change; cause unconfirmed,caveat; preserve reported codes
RC1874,2025-08,2025-09,NT405,BISHOPS WOOD HOSPITAL,C_130,X06,19,22,3,7,3,-4,0.75,-1,C_130,0.0005086306137984,possible recoding or service mix change; cause unconfirmed,caveat; preserve reported codes
RC1875,2025-08,2025-09,G3Z1Q,SULIS HOSPITAL BATH (FOXCOTE AVENUE),C_130,X06,370,367,-3,2,5,3,1.0,0,C_130,0.0005086306137984,possible recoding or service mix change; cause unconfirmed,caveat; preserve reported codes
RC1876,2025-08,2025-09,NT443,WINTERBOURNE HOSPITAL,C_100,X06,48,50,2,1,0,-1,0.5,1,C_100,0.0005079623091966,possible recoding or service mix change; cause unconfirmed,caveat; preserve reported codes
RC1877,2025-08,2025-09,AAH,TETBURY HOSPITAL TRUST LTD,C_100,C_340,43,41,-2,0,4,4,0.5,2,C_100,0.0005079623091966,possible recoding or service mix change; cause unconfirmed,caveat; preserve reported codes
RC1878,2025-08,2025-09,RPY,THE ROYAL MARSDEN NHS FOUNDATION TRUST,C_100,C_340,123,125,2,1,0,-1,0.5,1,C_100,0.0005079623091966,possible recoding or service mix change; cause unconfirmed,caveat; preserve reported codes
RC1879,2025-01,2025-02,NVC21,WEST MIDLANDS HOSPITAL,C_301,X06,3,5,2,10,7,-3,0.6666666666666666,-1,C_301,0.0005073566717402,possible recoding or service mix change; cause unconfirmed,caveat; preserve reported codes
RC1880,2025-04,2025-05,NT30A,SPIRE NOTTINGHAM HOSPITAL,C_100,X05,66,64,-2,0,1,1,0.5,-1,C_100,0.0005073206367888,possible recoding or service mix change; cause unconfirmed,caveat; preserve reported codes
RC1881,2025-04,2025-05,NT431,RUNNYMEDE HOSPITAL,C_100,X06,21,19,-2,0,1,1,0.5,-1,C_100,0.0005073206367888,possible recoding or service mix change; cause unconfirmed,caveat; preserve reported codes
RC1882,2025-04,2025-05,NT404,BEAUMONT HOSPITAL,C_100,C_301,354,352,-2,2,4,2,1.0,0,C_100,0.0005073206367888,possible recoding or service mix change; cause unconfirmed,caveat; preserve reported codes
RC1883,2025-04,2025-05,NT233,"NUFFIELD HEALTH, PLYMOUTH HOSPITAL",C_100,C_301,117,119,2,3,1,-2,1.0,0,C_100,0.0005073206367888,possible recoding or service mix change; cause unconfirmed,caveat; preserve reported codes
RC1884,2025-05,2025-06,NT410,CHILTERN HOSPITAL,C_100,C_400,25,23,-2,0,1,1,0.5,-1,C_100,0.0005063432146211,possible recoding or service mix change; cause unconfirmed,caveat; preserve reported codes
RC1885,2025-06,2025-07,NT437,SLOANE HOSPITAL,C_100,C_150,102,100,-2,3,6,3,0.6666666666666666,1,C_100,0.0005061753391374,possible recoding or service mix change; cause unconfirmed,caveat; preserve reported codes
RC1886,2025-02,2025-03,NT216,"NUFFIELD HEALTH, GUILDFORD HOSPITAL",C_301,X06,9,7,-2,1,2,1,0.5,-1,C_301,0.0005060703134093,possible recoding or service mix change; cause unconfirmed,caveat; preserve reported codes
RC1887,2025-05,2025-06,R1F,ISLE OF WIGHT NHS TRUST,C_320,X03,851,849,-2,1,5,4,0.5,2,C_320,0.000505935892863,possible recoding or service mix change; cause unconfirmed,caveat; preserve reported codes
RC1888,2025-07,2025-08,NT430,RIDGEWAY HOSPITAL,C_100,X06,98,96,-2,0,1,1,0.5,-1,C_100,0.0005057017876558,possible recoding or service mix change; cause unconfirmed,caveat; preserve reported codes
RC1889,2025-07,2025-08,NT430,RIDGEWAY HOSPITAL,C_100,C_120,98,96,-2,0,1,1,0.5,-1,C_100,0.0005057017876558,possible recoding or service mix change; cause unconfirmed,caveat; preserve reported codes
RC1890,2024-12,2025-01,NT417,GORING HALL HOSPITAL,C_301,X06,48,46,-2,0,4,4,0.5,2,C_301,0.0005052265688548,possible recoding or service mix change; cause unconfirmed,caveat; preserve reported codes
RC1891,2024-12,2025-01,NT417,GORING HALL HOSPITAL,C_301,C_400,48,46,-2,0,1,1,0.5,-1,C_301,0.0005052265688548,possible recoding or service mix change; cause unconfirmed,caveat; preserve reported codes
RC1892,2026-04,2026-05,RQ3,BIRMINGHAM WOMEN'S AND CHILDREN'S NHS FOUNDATION TRUST,C_120,X03,6,3,-3,1,4,3,1.0,0,C_120,0.0005047692279218,possible recoding or service mix change; cause unconfirmed,caveat; preserve reported codes
RC1893,2024-11,2024-12,NT417,GORING HALL HOSPITAL,C_301,X06,46,48,2,3,0,-3,0.6666666666666666,-1,C_301,0.00050423303634,possible recoding or service mix change; cause unconfirmed,caveat; preserve reported codes
RC1894,2024-11,2024-12,NVC07,FULWOOD HALL HOSPITAL,C_301,X06,11,9,-2,0,2,2,1.0,0,C_301,0.00050423303634,possible recoding or service mix change; cause unconfirmed,caveat; preserve reported codes
RC1895,2025-03,2025-04,NT402,BATH CLINIC,C_100,C_120,35,37,2,1,0,-1,0.5,1,C_100,0.0005037732617303,possible recoding or service mix change; cause unconfirmed,caveat; preserve reported codes
RC1896,2025-03,2025-04,RBD,DORSET COUNTY HOSPITAL NHS FOUNDATION TRUST,C_100,X06,1086,1088,2,3,0,-3,0.6666666666666666,-1,C_100,0.0005037732617303,possible recoding or service mix change; cause unconfirmed,caveat; preserve reported codes
RC1897,2024-01,2024-02,AAH,TETBURY HOSPITAL TRUST LTD,C_320,C_340,0,2,2,2,1,-1,0.5,1,C_320,0.0005011350709356,possible recoding or service mix change; cause unconfirmed,caveat; preserve reported codes
RC1898,2025-04,2025-05,AAH,TETBURY HOSPITAL TRUST LTD,C_140,C_320,25,23,-2,0,2,2,1.0,0,C_320,0.000499952504512,possible recoding or service mix change; cause unconfirmed,caveat; preserve reported codes
RC1899,2025-02,2025-03,RMP,TAMESIDE AND GLOSSOP INTEGRATED CARE NHS FOUNDATION TRUST,C_100,C_170,1258,1256,-2,2,5,3,0.6666666666666666,1,C_100,0.0004950666607258,possible recoding or service mix change; cause unconfirmed,caveat; preserve reported codes
RC1900,2024-02,2024-03,NT3X3,SPIRE ST ANTHONY'S HOSPITAL,C_320,C_502,1,3,2,72,71,-1,0.5,1,C_320,0.0004934567633183,possible recoding or service mix change; cause unconfirmed,caveat; preserve reported codes
RC1901,2024-02,2024-03,AAH,TETBURY HOSPITAL TRUST LTD,C_140,C_320,29,32,3,2,0,-2,0.6666666666666666,1,C_320,0.0004934567633183,possible recoding or service mix change; cause unconfirmed,caveat; preserve reported codes
RC1902,2024-02,2024-03,AAH,TETBURY HOSPITAL TRUST LTD,C_320,C_400,2,0,-2,0,3,3,0.6666666666666666,1,C_320,0.0004934567633183,possible recoding or service mix change; cause unconfirmed,caveat; preserve reported codes
RC1903,2024-05,2024-06,NT431,RUNNYMEDE HOSPITAL,C_130,X06,5,2,-3,3,5,2,0.6666666666666666,-1,C_130,0.0004915808584968,possible recoding or service mix change; cause unconfirmed,caveat; preserve reported codes
RC1904,2024-12,2025-01,NT312,SPIRE ALEXANDRA HOSPITAL,C_100,C_160,42,40,-2,6,10,4,0.5,2,C_100,0.000491495892323,possible recoding or service mix change; cause unconfirmed,caveat; preserve reported codes
RC1905,2024-12,2025-01,NT431,RUNNYMEDE HOSPITAL,C_100,C_120,35,33,-2,0,1,1,0.5,-1,C_100,0.000491495892323,possible recoding or service mix change; cause unconfirmed,caveat; preserve reported codes
RC1906,2024-12,2025-01,NT431,RUNNYMEDE HOSPITAL,C_100,X06,35,33,-2,0,1,1,0.5,-1,C_100,0.000491495892323,possible recoding or service mix change; cause unconfirmed,caveat; preserve reported codes
RC1907,2024-02,2024-03,NEY,PIONEER HEALTHCARE LIMITED,C_130,C_150,0,3,3,159,156,-3,1.0,0,C_130,0.000490723686578,possible recoding or service mix change; cause unconfirmed,caveat; preserve reported codes
RC1908,2025-01,2025-02,NN8,SPENCER PRIVATE HOSPITALS LTD,C_100,X04,328,326,-2,4,7,3,0.6666666666666666,1,C_100,0.0004906289863605,possible recoding or service mix change; cause unconfirmed,caveat; preserve reported codes
RC1909,2024-11,2024-12,NT420,HIGHFIELD HOSPITAL,C_100,C_400,54,52,-2,0,1,1,0.5,-1,C_100,0.0004902201088288,possible recoding or service mix change; cause unconfirmed,caveat; preserve reported codes
RC1910,2024-11,2024-12,NT409,CHELSFIELD PARK HOSPITAL,C_100,C_150,91,89,-2,2,4,2,1.0,0,C_100,0.0004902201088288,possible recoding or service mix change; cause unconfirmed,caveat; preserve reported codes
RC1911,2026-02,2026-03,NVC23,WOODLAND HOSPITAL,C_110,C_160,3546,3542,-4,0,2,2,0.5,-2,C_110,0.0004889957616292,possible recoding or service mix change; cause unconfirmed,caveat; preserve reported codes
RC1912,2024-10,2024-11,NT428,PRINCESS MARGARET HOSPITAL,C_100,X06,27,25,-2,0,1,1,0.5,-1,C_100,0.0004889186586027,possible recoding or service mix change; cause unconfirmed,caveat; preserve reported codes
RC1913,2024-10,2024-11,NT402,BATH CLINIC,C_100,C_320,53,55,2,1,0,-1,0.5,1,C_100,0.0004889186586027,possible recoding or service mix change; cause unconfirmed,caveat; preserve reported codes
RC1914,2025-09,2025-10,NT412,DROITWICH SPA HOSPITAL,C_120,X06,56,53,-3,4,7,3,1.0,0,C_120,0.000488620039285,possible recoding or service mix change; cause unconfirmed,caveat; preserve reported codes
RC1915,2026-03,2026-04,NT324,SPIRE CHESHIRE HOSPITAL,C_110,C_301,596,600,4,7,0,-7,0.5714285714285714,-3,C_110,0.0004878340291066,possible recoding or service mix change; cause unconfirmed,caveat; preserve reported codes
RC1916,2024-03,2024-04,RDE,EAST SUFFOLK AND NORTH ESSEX NHS FOUNDATION TRUST,C_320,X03,2930,2932,2,2,0,-2,1.0,0,C_320,0.0004876276670185,possible recoding or service mix change; cause unconfirmed,caveat; preserve reported codes
RC1917,2024-03,2024-04,RDE,EAST SUFFOLK AND NORTH ESSEX NHS FOUNDATION TRUST,C_170,C_320,2,0,-2,2930,2932,2,1.0,0,C_320,0.0004876276670185,possible recoding or service mix change; cause unconfirmed,caveat; preserve reported codes
RC1918,2025-01,2025-02,RPY,THE ROYAL MARSDEN NHS FOUNDATION TRUST,C_140,C_320,119,122,3,3,1,-2,0.6666666666666666,1,C_320,0.0004859310803948,possible recoding or service mix change; cause unconfirmed,caveat; preserve reported codes
RC1919,2025-01,2025-02,RPY,THE ROYAL MARSDEN NHS FOUNDATION TRUST,C_101,C_320,85,87,2,3,1,-2,1.0,0,C_320,0.0004859310803948,possible recoding or service mix change; cause unconfirmed,caveat; preserve reported codes
RC1920,2024-09,2024-10,NT451,CAVELL HOSPITAL,C_320,C_502,0,2,2,247,246,-1,0.5,1,C_320,0.0004854168638672,possible recoding or service mix change; cause unconfirmed,caveat; preserve reported codes
RC1921,2024-09,2024-10,NT339,SPIRE REGENCY HOSPITAL,C_100,C_502,197,199,2,2,0,-2,1.0,0,C_100,0.0004846792877153,possible recoding or service mix change; cause unconfirmed,caveat; preserve reported codes
RC1922,2024-09,2024-10,NT339,SPIRE REGENCY HOSPITAL,C_100,C_330,197,199,2,1,0,-1,0.5,1,C_100,0.0004846792877153,possible recoding or service mix change; cause unconfirmed,caveat; preserve reported codes
RC1923,2024-09,2024-10,NT350,SPIRE METHLEY PARK HOSPITAL,C_100,X05,296,298,2,1,0,-1,0.5,1,C_100,0.0004846792877153,possible recoding or service mix change; cause unconfirmed,caveat; preserve reported codes
RC1924,2024-11,2024-12,NT412,DROITWICH SPA HOSPITAL,C_320,X06,2,4,2,13,9,-4,0.5,-2,C_320,0.0004843166171452,possible recoding or service mix change; cause unconfirmed,caveat; preserve reported codes
RC1925,2024-11,2024-12,RPY,THE ROYAL MARSDEN NHS FOUNDATION TRUST,C_170,C_320,0,1,1,2,0,-2,0.5,-1,C_320,0.0004843166171452,possible recoding or service mix change; cause unconfirmed,caveat; preserve reported codes
RC1926,2026-03,2026-04,RTF,NORTHUMBRIA HEALTHCARE NHS FOUNDATION TRUST,C_400,X03,1,2,1,249,248,-1,1.0,0,C_400,0.0004838889184598,possible recoding or service mix change; cause unconfirmed,caveat; preserve reported codes
RC1927,2026-03,2026-04,NVC18,SPRINGFIELD HOSPITAL,C_160,C_400,5,4,-1,0,1,1,1.0,0,C_400,0.0004838889184598,possible recoding or service mix change; cause unconfirmed,caveat; preserve reported codes
RC1928,2026-03,2026-04,NVC13,OAKS HOSPITAL,C_400,C_502,1,0,-1,175,177,2,0.5,1,C_400,0.0004838889184598,possible recoding or service mix change; cause unconfirmed,caveat; preserve reported codes
RC1929,2024-08,2024-09,NT435,SHELBURNE HOSPITAL,C_100,X06,2,4,2,17,14,-3,0.6666666666666666,-1,C_100,0.0004833194378994,possible recoding or service mix change; cause unconfirmed,caveat; preserve reported codes
RC1930,2024-08,2024-09,NT435,SHELBURNE HOSPITAL,C_100,C_101,2,4,2,13,12,-1,0.5,1,C_100,0.0004833194378994,possible recoding or service mix change; cause unconfirmed,caveat; preserve reported codes
RC1931,2024-08,2024-09,NT434,SAXON CLINIC,C_100,C_502,136,134,-2,0,1,1,0.5,-1,C_100,0.0004833194378994,possible recoding or service mix change; cause unconfirmed,caveat; preserve reported codes
RC1932,2024-08,2024-09,NT406,BLACKHEATH HOSPITAL,C_100,C_320,116,114,-2,0,1,1,0.5,-1,C_100,0.0004833194378994,possible recoding or service mix change; cause unconfirmed,caveat; preserve reported codes
RC1933,2026-04,2026-05,NT457,WOODLANDS HOSPITAL,C_110,C_150,760,764,4,2,0,-2,0.5,2,C_110,0.0004831151263346,possible recoding or service mix change; cause unconfirmed,caveat; preserve reported codes
RC1934,2026-01,2026-02,AAH,TETBURY HOSPITAL TRUST LTD,C_110,C_320,33,29,-4,0,2,2,0.5,-2,C_110,0.0004822309934681,possible recoding or service mix change; cause unconfirmed,caveat; preserve reported codes
RC1935,2025-02,2025-03,RBD,DORSET COUNTY HOSPITAL NHS FOUNDATION TRUST,C_320,X06,991,989,-2,1,3,2,1.0,0,C_320,0.0004817025294199,possible recoding or service mix change; cause unconfirmed,caveat; preserve reported codes
RC1936,2025-07,2025-08,NT409,CHELSFIELD PARK HOSPITAL,C_120,C_150,10,7,-3,1,6,5,0.6,2,C_120,0.0004810498431777,possible recoding or service mix change; cause unconfirmed,caveat; preserve reported codes
RC1937,2025-07,2025-08,NT225,"NUFFIELD HEALTH, LEEDS HOSPITAL",C_120,C_301,34,31,-3,0,4,4,0.75,1,C_120,0.0004810498431777,possible recoding or service mix change; cause unconfirmed,caveat; preserve reported codes
RC1938,2024-06,2024-07,RTF,NORTHUMBRIA HEALTHCARE NHS FOUNDATION TRUST,C_320,C_400,1898,1896,-2,0,2,2,1.0,0,C_320,0.0004786246242796,possible recoding or service mix change; cause unconfirmed,caveat; preserve reported codes
RC1939,2025-12,2026-01,NT239,"NUFFIELD HEALTH, TUNBRIDGE WELLS HOSPITAL",C_101,C_110,0,2,2,63,59,-4,0.5,-2,C_110,0.0004780320377071,possible recoding or service mix change; cause unconfirmed,caveat; preserve reported codes
RC1940,2025-12,2026-01,NT301,SPIRE SOUTH BANK HOSPITAL,C_101,C_110,4,0,-4,755,759,4,1.0,0,C_110,0.0004780320377071,possible recoding or service mix change; cause unconfirmed,caveat; preserve reported codes
RC1941,2025-12,2026-01,NT3X3,SPIRE ST ANTHONY'S HOSPITAL,C_110,C_320,100,96,-4,7,13,6,0.6666666666666666,2,C_110,0.0004780320377071,possible recoding or service mix change; cause unconfirmed,caveat; preserve reported codes
RC1942,2024-07,2024-08,AAH,TETBURY HOSPITAL TRUST LTD,C_320,C_340,2,0,-2,3,4,1,0.5,-1,C_320,0.0004777043440044,possible recoding or service mix change; cause unconfirmed,caveat; preserve reported codes
RC1943,2024-04,2024-05,NVC27,BOSTON WEST HOSPITAL,C_110,X06,697,693,-4,1,3,2,0.5,-2,C_110,0.0004774802412707,possible recoding or service mix change; cause unconfirmed,caveat; preserve reported codes
RC1944,2024-06,2024-07,R0F4N,NUFFIELD HEALTH PARKSIDE HOSPITAL,C_100,X02,16,14,-2,0,1,1,0.5,-1,C_100,0.0004764389050481,possible recoding or service mix change; cause unconfirmed,caveat; preserve reported codes
RC1945,2024-06,2024-07,NT428,PRINCESS MARGARET HOSPITAL,C_100,X06,19,21,2,1,0,-1,0.5,1,C_100,0.0004764389050481,possible recoding or service mix change; cause unconfirmed,caveat; preserve reported codes
RC1946,2024-02,2024-03,NT226,"NUFFIELD HEALTH, LEICESTER HOSPITAL",C_100,X06,3,5,2,12,10,-2,1.0,0,C_100,0.0004746884263841,possible recoding or service mix change; cause unconfirmed,caveat; preserve reported codes
RC1947,2024-02,2024-03,NT226,"NUFFIELD HEALTH, LEICESTER HOSPITAL",C_100,C_160,3,5,2,11,9,-2,1.0,0,C_100,0.0004746884263841,possible recoding or service mix change; cause unconfirmed,caveat; preserve reported codes
RC1948,2024-02,2024-03,NT408,CHAUCER HOSPITAL,C_100,X06,184,182,-2,1,3,2,1.0,0,C_100,0.0004746884263841,possible recoding or service mix change; cause unconfirmed,caveat; preserve reported codes
RC1949,2024-02,2024-03,NT317,SPIRE CAMBRIDGE LEA HOSPITAL,C_100,C_120,14,16,2,2,0,-2,1.0,0,C_100,0.0004746884263841,possible recoding or service mix change; cause unconfirmed,caveat; preserve reported codes
RC1950,2024-02,2024-03,NT226,"NUFFIELD HEALTH, LEICESTER HOSPITAL",C_100,C_120,3,5,2,25,21,-4,0.5,-2,C_100,0.0004746884263841,possible recoding or service mix change; cause unconfirmed,caveat; preserve reported codes
RC1951,2024-02,2024-03,R0F4N,NUFFIELD HEALTH PARKSIDE HOSPITAL,C_100,X06,20,18,-2,1,2,1,0.5,-1,C_100,0.0004746884263841,possible recoding or service mix change; cause unconfirmed,caveat; preserve reported codes
RC1952,2024-07,2024-08,NT302,SPIRE BRISTOL HOSPITAL,C_100,C_101,0,2,2,1,0,-1,0.5,1,C_100,0.0004742910534478,possible recoding or service mix change; cause unconfirmed,caveat; preserve reported codes
RC1953,2024-07,2024-08,NT302,SPIRE BRISTOL HOSPITAL,C_100,C_320,0,2,2,1,0,-1,0.5,1,C_100,0.0004742910534478,possible recoding or service mix change; cause unconfirmed,caveat; preserve reported codes
RC1954,2024-01,2024-02,NT226,"NUFFIELD HEALTH, LEICESTER HOSPITAL",C_100,C_110,1,3,2,187,184,-3,0.6666666666666666,-1,C_100,0.0004740392409683,possible recoding or service mix change; cause unconfirmed,caveat; preserve reported codes
RC1955,2024-01,2024-02,NT226,"NUFFIELD HEALTH, LEICESTER HOSPITAL",C_100,C_160,1,3,2,13,11,-2,1.0,0,C_100,0.0004740392409683,possible recoding or service mix change; cause unconfirmed,caveat; preserve reported codes
RC1956,2024-01,2024-02,G3Z1Q,SULIS HOSPITAL BATH (FOXCOTE AVENUE),C_100,X02,409,407,-2,1,3,2,1.0,0,C_100,0.0004740392409683,possible recoding or service mix change; cause unconfirmed,caveat; preserve reported codes
RC1957,2024-01,2024-02,NT212,"NUFFIELD HEALTH, CHICHESTER HOSPITAL",C_100,C_130,26,24,-2,0,1,1,0.5,-1,C_100,0.0004740392409683,possible recoding or service mix change; cause unconfirmed,caveat; preserve reported codes
RC1958,2025-11,2025-12,NT423,MANOR HOSPITAL,C_110,X06,410,406,-4,2,4,2,0.5,-2,C_110,0.0004737338279114,possible recoding or service mix change; cause unconfirmed,caveat; preserve reported codes
RC1959,2024-10,2024-11,RVV,EAST KENT HOSPITALS UNIVERSITY NHS FOUNDATION TRUST,C_120,C_170,9124,9121,-3,6,11,5,0.6,2,C_120,0.0004737315836846,possible recoding or service mix change; cause unconfirmed,caveat; preserve reported codes
RC1960,2024-11,2024-12,NT409,CHELSFIELD PARK HOSPITAL,C_120,C_150,14,11,-3,2,4,2,0.6666666666666666,-1,C_120,0.000473644075423,possible recoding or service mix change; cause unconfirmed,caveat; preserve reported codes
RC1961,2025-10,2025-11,ADP02,KIMS HOSPITAL (NEWNHAM COURT),C_110,C_301,915,911,-4,0,2,2,0.5,-2,C_110,0.00047314264896,possible recoding or service mix change; cause unconfirmed,caveat; preserve reported codes
RC1962,2025-01,2025-02,NT216,"NUFFIELD HEALTH, GUILDFORD HOSPITAL",C_120,C_301,14,11,-3,5,9,4,0.75,1,C_120,0.0004731234347499,possible recoding or service mix change; cause unconfirmed,caveat; preserve reported codes
RC1963,2025-01,2025-02,NN8,SPENCER PRIVATE HOSPITALS LTD,C_120,X04,259,256,-3,4,7,3,1.0,0,C_120,0.0004731234347499,possible recoding or service mix change; cause unconfirmed,caveat; preserve reported codes
RC1964,2024-04,2024-05,NT408,CHAUCER HOSPITAL,C_100,C_502,178,176,-2,1,5,4,0.5,2,C_100,0.0004725060539838,possible recoding or service mix change; cause unconfirmed,caveat; preserve reported codes
RC1965,2024-05,2024-06,NT440,THORNBURY HOSPITAL,C_100,C_400,68,70,2,4,0,-4,0.5,-2,C_100,0.0004720009062417,possible recoding or service mix change; cause unconfirmed,caveat; preserve reported codes
RC1966,2024-05,2024-06,NT440,THORNBURY HOSPITAL,C_100,C_150,68,70,2,3,0,-3,0.6666666666666666,-1,C_100,0.0004720009062417,possible recoding or service mix change; cause unconfirmed,caveat; preserve reported codes
RC1967,2024-05,2024-06,RA7,UNIVERSITY HOSPITALS BRISTOL AND WESTON NHS FOUNDATION TRUST,C_100,C_160,115,117,2,1,0,-1,0.5,1,C_100,0.0004720009062417,possible recoding or service mix change; cause unconfirmed,caveat; preserve reported codes
RC1968,2025-05,2025-06,NT457,WOODLANDS HOSPITAL,C_120,C_150,149,152,3,2,0,-2,0.6666666666666666,1,C_120,0.0004717574537677,possible recoding or service mix change; cause unconfirmed,caveat; preserve reported codes
RC1969,2024-12,2025-01,NT410,CHILTERN HOSPITAL,C_110,X06,415,419,4,8,1,-7,0.5714285714285714,-3,C_110,0.0004717186952732,possible recoding or service mix change; cause unconfirmed,caveat; preserve reported codes
RC1970,2025-04,2025-05,NT437,SLOANE HOSPITAL,C_101,C_120,97,100,3,4,1,-3,1.0,0,C_120,0.0004715216632769,possible recoding or service mix change; cause unconfirmed,caveat; preserve reported codes
RC1971,2025-04,2025-05,NT430,RIDGEWAY HOSPITAL,C_120,C_130,3,0,-3,208,213,5,0.6,2,C_120,0.0004715216632769,possible recoding or service mix change; cause unconfirmed,caveat; preserve reported codes
RC1972,2025-05,2025-06,RVR,EPSOM AND ST HELIER UNIVERSITY HOSPITALS NHS TRUST,C_110,C_160,6728,6724,-4,1,3,2,0.5,-2,C_110,0.0004715001720975,possible recoding or service mix change; cause unconfirmed,caveat; preserve reported codes
RC1973,2024-03,2024-04,RM1,NORFOLK AND NORWICH UNIVERSITY HOSPITALS NHS FOUNDATION TRUST,C_100,X03,7480,7478,-2,1,4,3,0.6666666666666666,1,C_100,0.0004714345990566,possible recoding or service mix change; cause unconfirmed,caveat; preserve reported codes
RC1974,2024-12,2025-01,NVC20,THE YORKSHIRE CLINIC,C_120,X06,790,787,-3,3,7,4,0.75,1,C_120,0.0004704915538924,possible recoding or service mix change; cause unconfirmed,caveat; preserve reported codes
RC1975,2024-12,2025-01,NVC23,WOODLAND HOSPITAL,C_120,C_130,8,5,-3,1,3,2,0.6666666666666666,-1,C_120,0.0004704915538924,possible recoding or service mix change; cause unconfirmed,caveat; preserve reported codes
RC1976,2024-12,2025-01,R0F4N,NUFFIELD HEALTH PARKSIDE HOSPITAL,C_120,X02,124,127,3,2,0,-2,0.6666666666666666,1,C_120,0.0004704915538924,possible recoding or service mix change; cause unconfirmed,caveat; preserve reported codes
RC1977,2024-12,2025-01,A4M8P,BUCKSHAW HOSPITAL,C_120,X06,505,502,-3,7,11,4,0.75,1,C_120,0.0004704915538924,possible recoding or service mix change; cause unconfirmed,caveat; preserve reported codes
RC1978,2024-09,2024-10,K8I4X,GLENDON WOOD HOSPITAL,C_120,X06,1,4,3,3,1,-2,0.6666666666666666,1,C_120,0.0004704797481992,possible recoding or service mix change; cause unconfirmed,caveat; preserve reported codes
RC1979,2025-02,2025-03,NT226,"NUFFIELD HEALTH, LEICESTER HOSPITAL",C_120,C_160,3,0,-3,24,26,2,0.6666666666666666,-1,C_120,0.0004704133522125,possible recoding or service mix change; cause unconfirmed,caveat; preserve reported codes
RC1980,2025-02,2025-03,K8I4X,GLENDON WOOD HOSPITAL,C_120,C_502,12,9,-3,5,9,4,0.75,1,C_120,0.0004704133522125,possible recoding or service mix change; cause unconfirmed,caveat; preserve reported codes
RC1981,2024-08,2024-09,NT327,SPIRE MANCHESTER HOSPITAL,C_120,C_320,3,0,-3,0,2,2,0.6666666666666666,-1,C_120,0.0004687741711682,possible recoding or service mix change; cause unconfirmed,caveat; preserve reported codes
RC1982,2024-08,2024-09,NT327,SPIRE MANCHESTER HOSPITAL,C_120,X05,3,0,-3,5,7,2,0.6666666666666666,-1,C_120,0.0004687741711682,possible recoding or service mix change; cause unconfirmed,caveat; preserve reported codes
RC1983,2024-08,2024-09,NT412,DROITWICH SPA HOSPITAL,C_120,X06,101,98,-3,4,7,3,1.0,0,C_120,0.0004687741711682,possible recoding or service mix change; cause unconfirmed,caveat; preserve reported codes
RC1984,2026-01,2026-02,RJL,NORTHERN LINCOLNSHIRE AND GOOLE NHS FOUNDATION TRUST,C_150,C_400,0,1,1,4,3,-1,1.0,0,C_400,0.0004682371340141,possible recoding or service mix change; cause unconfirmed,caveat; preserve reported codes
RC1985,2026-01,2026-02,RJL,NORTHERN LINCOLNSHIRE AND GOOLE NHS FOUNDATION TRUST,C_160,C_400,0,1,1,4,3,-1,1.0,0,C_400,0.0004682371340141,possible recoding or service mix change; cause unconfirmed,caveat; preserve reported codes
RC1986,2026-01,2026-02,NT440,THORNBURY HOSPITAL,C_400,X06,0,1,1,4,2,-2,0.5,-1,C_400,0.0004682371340141,possible recoding or service mix change; cause unconfirmed,caveat; preserve reported codes
RC1987,2025-09,2025-10,NT3X3,SPIRE ST ANTHONY'S HOSPITAL,C_110,C_320,101,97,-4,9,15,6,0.6666666666666666,2,C_110,0.0004657130415951,possible recoding or service mix change; cause unconfirmed,caveat; preserve reported codes
RC1988,2025-10,2025-11,NVC23,WOODLAND HOSPITAL,C_400,X06,1,0,-1,1,2,1,1.0,0,C_400,0.0004624405763859,possible recoding or service mix change; cause unconfirmed,caveat; preserve reported codes
RC1989,2025-10,2025-11,R1F,ISLE OF WIGHT NHS TRUST,C_400,X06,1,0,-1,41,43,2,0.5,1,C_400,0.0004624405763859,possible recoding or service mix change; cause unconfirmed,caveat; preserve reported codes
RC1990,2025-10,2025-11,NT225,"NUFFIELD HEALTH, LEEDS HOSPITAL",C_400,C_502,1,2,1,2,1,-1,1.0,0,C_400,0.0004624405763859,possible recoding or service mix change; cause unconfirmed,caveat; preserve reported codes
RC1991,2025-10,2025-11,NVC18,SPRINGFIELD HOSPITAL,C_300,C_400,1,0,-1,1,2,1,1.0,0,C_400,0.0004624405763859,possible recoding or service mix change; cause unconfirmed,caveat; preserve reported codes
RC1992,2025-10,2025-11,NVC17,ROWLEY HALL HOSPITAL,C_101,C_400,4,2,-2,0,1,1,0.5,-1,C_400,0.0004624405763859,possible recoding or service mix change; cause unconfirmed,caveat; preserve reported codes
RC1993,2025-10,2025-11,NVC07,FULWOOD HALL HOSPITAL,C_400,X05,1,0,-1,0,1,1,1.0,0,C_400,0.0004624405763859,possible recoding or service mix change; cause unconfirmed,caveat; preserve reported codes
RC1994,2025-10,2025-11,NVC07,FULWOOD HALL HOSPITAL,C_160,C_400,0,1,1,1,0,-1,1.0,0,C_400,0.0004624405763859,possible recoding or service mix change; cause unconfirmed,caveat; preserve reported codes
RC1995,2025-12,2026-01,RJL,NORTHERN LINCOLNSHIRE AND GOOLE NHS FOUNDATION TRUST,C_160,C_400,1,0,-1,3,4,1,1.0,0,C_400,0.0004620580991853,possible recoding or service mix change; cause unconfirmed,caveat; preserve reported codes
RC1996,2025-12,2026-01,R1F,ISLE OF WIGHT NHS TRUST,C_400,X03,2,1,-1,1,3,2,0.5,1,C_400,0.0004620580991853,possible recoding or service mix change; cause unconfirmed,caveat; preserve reported codes
RC1997,2024-03,2024-04,NVC23,WOODLAND HOSPITAL,C_120,X02,8,5,-3,1,7,6,0.5,3,C_120,0.0004599505706453,possible recoding or service mix change; cause unconfirmed,caveat; preserve reported codes
RC1998,2025-06,2025-07,NVC07,FULWOOD HALL HOSPITAL,C_160,C_400,1,3,2,15,14,-1,0.5,1,C_400,0.000458108287637,possible recoding or service mix change; cause unconfirmed,caveat; preserve reported codes
RC1999,2025-07,2025-08,NVC18,SPRINGFIELD HOSPITAL,C_160,C_400,4,3,-1,0,1,1,1.0,0,C_400,0.0004563396992721,possible recoding or service mix change; cause unconfirmed,caveat; preserve reported codes
RC2000,2025-08,2025-09,R1F,ISLE OF WIGHT NHS TRUST,C_400,X03,2,1,-1,0,1,1,1.0,0,C_400,0.0004561606780372,possible recoding or service mix change; cause unconfirmed,caveat; preserve reported codes
RC2001,2025-08,2025-09,RTD,THE NEWCASTLE UPON TYNE HOSPITALS NHS FOUNDATION TRUST,C_400,X03,1697,1698,1,3,1,-2,0.5,-1,C_400,0.0004561606780372,possible recoding or service mix change; cause unconfirmed,caveat; preserve reported codes
RC2002,2025-08,2025-09,RJL,NORTHERN LINCOLNSHIRE AND GOOLE NHS FOUNDATION TRUST,C_160,C_400,3,1,-2,1,2,1,0.5,-1,C_400,0.0004561606780372,possible recoding or service mix change; cause unconfirmed,caveat; preserve reported codes
RC2003,2025-08,2025-09,NT401,ALEXANDRA HOSPITAL,C_400,C_502,0,1,1,1,0,-1,1.0,0,C_400,0.0004561606780372,possible recoding or service mix change; cause unconfirmed,caveat; preserve reported codes
RC2004,2025-08,2025-09,RJL,NORTHERN LINCOLNSHIRE AND GOOLE NHS FOUNDATION TRUST,C_150,C_400,1,0,-1,1,2,1,1.0,0,C_400,0.0004561606780372,possible recoding or service mix change; cause unconfirmed,caveat; preserve reported codes
RC2005,2025-08,2025-09,NT225,"NUFFIELD HEALTH, LEEDS HOSPITAL",C_400,X02,0,1,1,2,1,-1,1.0,0,C_400,0.0004561606780372,possible recoding or service mix change; cause unconfirmed,caveat; preserve reported codes
RC2006,2025-08,2025-09,NT225,"NUFFIELD HEALTH, LEEDS HOSPITAL",C_400,C_502,0,1,1,6,5,-1,1.0,0,C_400,0.0004561606780372,possible recoding or service mix change; cause unconfirmed,caveat; preserve reported codes
RC2007,2025-08,2025-09,NT225,"NUFFIELD HEALTH, LEEDS HOSPITAL",C_150,C_400,5,4,-1,0,1,1,1.0,0,C_400,0.0004561606780372,possible recoding or service mix change; cause unconfirmed,caveat; preserve reported codes
RC2008,2024-05,2024-06,NT409,CHELSFIELD PARK HOSPITAL,C_120,C_150,22,25,3,2,0,-2,0.6666666666666666,1,C_120,0.0004556244560983,possible recoding or service mix change; cause unconfirmed,caveat; preserve reported codes
RC2009,2025-11,2025-12,NVC28,CLIFTON PARK HOSPITAL,C_400,X02,1,0,-1,5,6,1,1.0,0,C_400,0.0004548224827849,possible recoding or service mix change; cause unconfirmed,caveat; preserve reported codes
RC2010,2025-09,2025-10,NVC09,NEW HALL HOSPITAL,C_400,C_410,2,1,-1,0,1,1,1.0,0,C_400,0.0004512737200749,possible recoding or service mix change; cause unconfirmed,caveat; preserve reported codes
RC2011,2025-09,2025-10,RJL,NORTHERN LINCOLNSHIRE AND GOOLE NHS FOUNDATION TRUST,C_160,C_400,1,0,-1,2,3,1,1.0,0,C_400,0.0004512737200749,possible recoding or service mix change; cause unconfirmed,caveat; preserve reported codes
RC2012,2025-09,2025-10,NT401,ALEXANDRA HOSPITAL,C_400,X06,1,0,-1,0,1,1,1.0,0,C_400,0.0004512737200749,possible recoding or service mix change; cause unconfirmed,caveat; preserve reported codes
RC2013,2025-04,2025-05,NVC01,ASHTEAD HOSPITAL,C_400,X02,1,0,-1,3,5,2,0.5,1,C_400,0.0004496281575137,possible recoding or service mix change; cause unconfirmed,caveat; preserve reported codes
RC2014,2025-04,2025-05,NVC18,SPRINGFIELD HOSPITAL,C_160,C_400,2,1,-1,0,1,1,1.0,0,C_400,0.0004496281575137,possible recoding or service mix change; cause unconfirmed,caveat; preserve reported codes
RC2015,2025-04,2025-05,NT424,MERIDEN HOSPITAL,C_101,C_400,0,1,1,1,0,-1,1.0,0,C_400,0.0004496281575137,possible recoding or service mix change; cause unconfirmed,caveat; preserve reported codes
RC2016,2025-04,2025-05,NT347,SPIRE FYLDE COAST HOSPITAL,C_400,X05,0,1,1,14,12,-2,0.5,-1,C_400,0.0004496281575137,possible recoding or service mix change; cause unconfirmed,caveat; preserve reported codes
RC2017,2025-04,2025-05,F9Z4V,CIRCLE READING HOSPITAL,C_400,X06,1,0,-1,32,34,2,0.5,1,C_400,0.0004496281575137,possible recoding or service mix change; cause unconfirmed,caveat; preserve reported codes
RC2018,2025-05,2025-06,NVC18,SPRINGFIELD HOSPITAL,C_160,C_400,1,3,2,1,0,-1,0.5,1,C_400,0.0004492665723206,possible recoding or service mix change; cause unconfirmed,caveat; preserve reported codes
RC2019,2025-05,2025-06,NT440,THORNBURY HOSPITAL,C_400,X06,1,0,-1,2,3,1,1.0,0,C_400,0.0004492665723206,possible recoding or service mix change; cause unconfirmed,caveat; preserve reported codes
RC2020,2025-05,2025-06,NVC23,WOODLAND HOSPITAL,C_300,C_400,1,0,-1,0,1,1,1.0,0,C_400,0.0004492665723206,possible recoding or service mix change; cause unconfirmed,caveat; preserve reported codes
RC2021,2025-05,2025-06,NT410,CHILTERN HOSPITAL,C_400,C_502,0,1,1,1,0,-1,1.0,0,C_400,0.0004492665723206,possible recoding or service mix change; cause unconfirmed,caveat; preserve reported codes
RC2022,2025-05,2025-06,NT441,THREE SHIRES HOSPITAL,C_400,X06,0,1,1,8,7,-1,1.0,0,C_400,0.0004492665723206,possible recoding or service mix change; cause unconfirmed,caveat; preserve reported codes
RC2023,2025-05,2025-06,NT441,THREE SHIRES HOSPITAL,C_400,C_410,0,1,1,1,0,-1,1.0,0,C_400,0.0004492665723206,possible recoding or service mix change; cause unconfirmed,caveat; preserve reported codes
RC2024,2025-03,2025-04,NVC01,ASHTEAD HOSPITAL,C_160,C_400,13,12,-1,0,1,1,1.0,0,C_400,0.0004470292670061,possible recoding or service mix change; cause unconfirmed,caveat; preserve reported codes
RC2025,2025-02,2025-03,NVC16,RENACRES HOSPITAL,C_400,X05,1,0,-1,0,1,1,1.0,0,C_400,0.000442243056784,possible recoding or service mix change; cause unconfirmed,caveat; preserve reported codes
RC2026,2025-02,2025-03,NT347,SPIRE FYLDE COAST HOSPITAL,C_400,C_502,1,0,-1,273,274,1,1.0,0,C_400,0.000442243056784,possible recoding or service mix change; cause unconfirmed,caveat; preserve reported codes
RC2027,2025-02,2025-03,NVC05,EUXTON HALL HOSPITAL,C_101,C_400,5,3,-2,0,1,1,0.5,-1,C_400,0.000442243056784,possible recoding or service mix change; cause unconfirmed,caveat; preserve reported codes
RC2028,2025-02,2025-03,NVC16,RENACRES HOSPITAL,C_160,C_400,0,1,1,1,0,-1,1.0,0,C_400,0.000442243056784,possible recoding or service mix change; cause unconfirmed,caveat; preserve reported codes
RC2029,2025-01,2025-02,RRF,"WRIGHTINGTON, WIGAN AND LEIGH NHS FOUNDATION TRUST",C_150,C_400,10,11,1,1,0,-1,1.0,0,C_400,0.0004352083560004,possible recoding or service mix change; cause unconfirmed,caveat; preserve reported codes
RC2030,2025-01,2025-02,NT417,GORING HALL HOSPITAL,C_150,C_400,0,1,1,1,0,-1,1.0,0,C_400,0.0004352083560004,possible recoding or service mix change; cause unconfirmed,caveat; preserve reported codes
RC2031,2025-01,2025-02,B3M1X,CLAREMONT PRIVATE HOSPITAL,C_150,C_400,359,360,1,1,0,-1,1.0,0,C_400,0.0004352083560004,possible recoding or service mix change; cause unconfirmed,caveat; preserve reported codes
RC2032,2025-01,2025-02,NVC18,SPRINGFIELD HOSPITAL,C_300,C_400,0,1,1,4,3,-1,1.0,0,C_400,0.0004352083560004,possible recoding or service mix change; cause unconfirmed,caveat; preserve reported codes
RC2033,2025-01,2025-02,RTF,NORTHUMBRIA HEALTHCARE NHS FOUNDATION TRUST,C_400,C_430,0,1,1,483,481,-2,0.5,-1,C_400,0.0004352083560004,possible recoding or service mix change; cause unconfirmed,caveat; preserve reported codes
RC2034,2025-01,2025-02,RTF,NORTHUMBRIA HEALTHCARE NHS FOUNDATION TRUST,C_400,C_410,0,1,1,804,802,-2,0.5,-1,C_400,0.0004352083560004,possible recoding or service mix change; cause unconfirmed,caveat; preserve reported codes
RC2035,2024-02,2024-03,RMC,BOLTON NHS FOUNDATION TRUST,C_300,C_400,3,1,-2,10,11,1,0.5,-1,C_400,0.0004314417488922,possible recoding or service mix change; cause unconfirmed,caveat; preserve reported codes
RC2036,2024-02,2024-03,NVC18,SPRINGFIELD HOSPITAL,C_400,X06,1,2,1,4,3,-1,1.0,0,C_400,0.0004314417488922,possible recoding or service mix change; cause unconfirmed,caveat; preserve reported codes
RC2037,2024-02,2024-03,NVC18,SPRINGFIELD HOSPITAL,C_400,X05,1,2,1,1,0,-1,1.0,0,C_400,0.0004314417488922,possible recoding or service mix change; cause unconfirmed,caveat; preserve reported codes
RC2038,2024-02,2024-03,NVC16,RENACRES HOSPITAL,C_400,X02,0,1,1,660,658,-2,0.5,-1,C_400,0.0004314417488922,possible recoding or service mix change; cause unconfirmed,caveat; preserve reported codes
RC2039,2024-02,2024-03,NVC16,RENACRES HOSPITAL,C_300,C_400,1,0,-1,0,1,1,1.0,0,C_400,0.0004314417488922,possible recoding or service mix change; cause unconfirmed,caveat; preserve reported codes
RC2040,2024-02,2024-03,NVC16,RENACRES HOSPITAL,C_400,X06,0,1,1,4,3,-1,1.0,0,C_400,0.0004314417488922,possible recoding or service mix change; cause unconfirmed,caveat; preserve reported codes
RC2041,2024-12,2025-01,B3M1X,CLAREMONT PRIVATE HOSPITAL,C_101,C_400,75,73,-2,0,1,1,0.5,-1,C_400,0.0004292121810416,possible recoding or service mix change; cause unconfirmed,caveat; preserve reported codes
RC2042,2024-11,2024-12,RJL,NORTHERN LINCOLNSHIRE AND GOOLE NHS FOUNDATION TRUST,C_330,C_400,0,1,1,1,0,-1,1.0,0,C_400,0.0004281646721329,possible recoding or service mix change; cause unconfirmed,caveat; preserve reported codes
RC2043,2024-11,2024-12,RJL,NORTHERN LINCOLNSHIRE AND GOOLE NHS FOUNDATION TRUST,C_400,X05,1,0,-1,645,647,2,0.5,1,C_400,0.0004281646721329,possible recoding or service mix change; cause unconfirmed,caveat; preserve reported codes
RC2044,2024-11,2024-12,RJL,NORTHERN LINCOLNSHIRE AND GOOLE NHS FOUNDATION TRUST,C_400,X03,1,0,-1,0,1,1,1.0,0,C_400,0.0004281646721329,possible recoding or service mix change; cause unconfirmed,caveat; preserve reported codes
RC2045,2024-11,2024-12,NT420,HIGHFIELD HOSPITAL,C_101,C_400,1,0,-1,0,1,1,1.0,0,C_400,0.0004281646721329,possible recoding or service mix change; cause unconfirmed,caveat; preserve reported codes
RC2046,2024-01,2024-02,NVC16,RENACRES HOSPITAL,C_400,X06,1,0,-1,3,4,1,1.0,0,C_400,0.0004277891854893,possible recoding or service mix change; cause unconfirmed,caveat; preserve reported codes
RC2047,2024-01,2024-02,NVC16,RENACRES HOSPITAL,C_300,C_400,0,1,1,1,0,-1,1.0,0,C_400,0.0004277891854893,possible recoding or service mix change; cause unconfirmed,caveat; preserve reported codes
RC2048,2024-01,2024-02,NT440,THORNBURY HOSPITAL,C_150,C_400,1,0,-1,2,3,1,1.0,0,C_400,0.0004277891854893,possible recoding or service mix change; cause unconfirmed,caveat; preserve reported codes
RC2049,2024-01,2024-02,NVC09,NEW HALL HOSPITAL,C_330,C_400,1,0,-1,4,5,1,1.0,0,C_400,0.0004277891854893,possible recoding or service mix change; cause unconfirmed,caveat; preserve reported codes
RC2050,2024-03,2024-04,RCB,YORK AND SCARBOROUGH TEACHING HOSPITALS NHS FOUNDATION TRUST,C_300,C_400,0,1,1,1678,1677,-1,1.0,0,C_400,0.0004271332100342,possible recoding or service mix change; cause unconfirmed,caveat; preserve reported codes
RC2051,2024-03,2024-04,RCF,AIREDALE NHS FOUNDATION TRUST,C_400,X06,770,771,1,2,0,-2,0.5,-1,C_400,0.0004271332100342,possible recoding or service mix change; cause unconfirmed,caveat; preserve reported codes
RC2052,2024-05,2024-06,NVC01,ASHTEAD HOSPITAL,C_101,C_400,95,96,1,1,0,-1,1.0,0,C_400,0.0004270657168725,possible recoding or service mix change; cause unconfirmed,caveat; preserve reported codes
RC2053,2024-05,2024-06,NVC01,ASHTEAD HOSPITAL,C_400,C_502,1,0,-1,0,1,1,1.0,0,C_400,0.0004270657168725,possible recoding or service mix change; cause unconfirmed,caveat; preserve reported codes
RC2054,2024-05,2024-06,R1F,ISLE OF WIGHT NHS TRUST,C_340,C_400,303,302,-1,0,1,1,1.0,0,C_400,0.0004270657168725,possible recoding or service mix change; cause unconfirmed,caveat; preserve reported codes
RC2055,2024-05,2024-06,R1F,ISLE OF WIGHT NHS TRUST,C_400,C_430,0,1,1,87,86,-1,1.0,0,C_400,0.0004270657168725,possible recoding or service mix change; cause unconfirmed,caveat; preserve reported codes
RC2056,2024-05,2024-06,NT337,SPIRE LIVERPOOL HOSPITAL,C_330,C_400,1,0,-1,0,1,1,1.0,0,C_400,0.0004270657168725,possible recoding or service mix change; cause unconfirmed,caveat; preserve reported codes
RC2057,2024-04,2024-05,NVC20,THE YORKSHIRE CLINIC,C_400,X06,286,287,1,1,0,-1,1.0,0,C_400,0.0004269235038465,possible recoding or service mix change; cause unconfirmed,caveat; preserve reported codes
RC2058,2024-09,2024-10,NT440,THORNBURY HOSPITAL,C_400,X06,4,3,-1,3,5,2,0.5,1,C_400,0.0004265956811453,possible recoding or service mix change; cause unconfirmed,caveat; preserve reported codes
RC2059,2024-09,2024-10,NT411,CLEMENTINE CHURCHILL HOSPITAL,C_150,C_400,0,1,1,3,2,-1,1.0,0,C_400,0.0004265956811453,possible recoding or service mix change; cause unconfirmed,caveat; preserve reported codes
RC2060,2024-10,2024-11,NT428,PRINCESS MARGARET HOSPITAL,C_400,X06,1,0,-1,0,1,1,1.0,0,C_400,0.000426324697416,possible recoding or service mix change; cause unconfirmed,caveat; preserve reported codes
RC2061,2024-10,2024-11,RJL,NORTHERN LINCOLNSHIRE AND GOOLE NHS FOUNDATION TRUST,C_170,C_400,0,1,1,2,1,-1,1.0,0,C_400,0.000426324697416,possible recoding or service mix change; cause unconfirmed,caveat; preserve reported codes
RC2062,2024-10,2024-11,NVC40,WOODTHORPE HOSPITAL,C_400,X06,0,1,1,1,0,-1,1.0,0,C_400,0.000426324697416,possible recoding or service mix change; cause unconfirmed,caveat; preserve reported codes
RC2063,2024-08,2024-09,NT411,CLEMENTINE CHURCHILL HOSPITAL,C_400,X06,4,3,-1,3,5,2,0.5,1,C_400,0.0004260395364689,possible recoding or service mix change; cause unconfirmed,caveat; preserve reported codes
RC2064,2024-08,2024-09,R1F,ISLE OF WIGHT NHS TRUST,C_300,C_400,1,0,-1,1,2,1,1.0,0,C_400,0.0004260395364689,possible recoding or service mix change; cause unconfirmed,caveat; preserve reported codes
RC2065,2024-08,2024-09,NT424,MERIDEN HOSPITAL,C_400,X06,6,7,1,3,1,-2,0.5,-1,C_400,0.0004260395364689,possible recoding or service mix change; cause unconfirmed,caveat; preserve reported codes
RC2066,2024-08,2024-09,NT424,MERIDEN HOSPITAL,C_101,C_400,1,0,-1,6,7,1,1.0,0,C_400,0.0004260395364689,possible recoding or service mix change; cause unconfirmed,caveat; preserve reported codes
RC2067,2024-08,2024-09,NT440,THORNBURY HOSPITAL,C_101,C_400,1,0,-1,3,4,1,1.0,0,C_400,0.0004260395364689,possible recoding or service mix change; cause unconfirmed,caveat; preserve reported codes
RC2068,2024-07,2024-08,NT440,THORNBURY HOSPITAL,C_101,C_400,0,1,1,4,3,-1,1.0,0,C_400,0.0004226167584449,possible recoding or service mix change; cause unconfirmed,caveat; preserve reported codes
RC2069,2024-07,2024-08,NVC19,RIVERS HOSPITAL,C_400,X06,0,1,1,6,5,-1,1.0,0,C_400,0.0004226167584449,possible recoding or service mix change; cause unconfirmed,caveat; preserve reported codes
RC2070,2024-07,2024-08,NVC19,RIVERS HOSPITAL,C_400,X02,0,1,1,83,82,-1,1.0,0,C_400,0.0004226167584449,possible recoding or service mix change; cause unconfirmed,caveat; preserve reported codes
RC2071,2024-04,2024-05,NT440,THORNBURY HOSPITAL,C_110,C_150,300,297,-3,1,3,2,0.6666666666666666,-1,C_110,0.000358110180953,possible recoding or service mix change; cause unconfirmed,caveat; preserve reported codes
RC2072,2025-01,2025-02,AAH,TETBURY HOSPITAL TRUST LTD,C_110,C_340,26,29,3,2,0,-2,0.6666666666666666,1,C_110,0.0003564215278602,possible recoding or service mix change; cause unconfirmed,caveat; preserve reported codes
RC2073,2025-04,2025-05,NT430,RIDGEWAY HOSPITAL,C_110,C_120,20,23,3,3,0,-3,1.0,0,C_110,0.0003557039499737,possible recoding or service mix change; cause unconfirmed,caveat; preserve reported codes
RC2074,2025-03,2025-04,NVC09,NEW HALL HOSPITAL,C_110,X06,2761,2764,3,3,1,-2,0.6666666666666666,1,C_110,0.0003553997062029,possible recoding or service mix change; cause unconfirmed,caveat; preserve reported codes
RC2075,2025-03,2025-04,NT224,"NUFFIELD HEALTH, WARWICKSHIRE HOSPITAL",C_101,C_110,3,6,3,169,166,-3,1.0,0,C_110,0.0003553997062029,possible recoding or service mix change; cause unconfirmed,caveat; preserve reported codes
RC2076,2025-11,2025-12,NT244,NUFFIELD HOSPITAL OXFORD (THE MANOR),C_101,C_110,4,0,-4,99,102,3,0.75,-1,C_110,0.0003553003709335,possible recoding or service mix change; cause unconfirmed,caveat; preserve reported codes
RC2077,2025-10,2025-11,NT218,"NUFFIELD HEALTH, HAYWARDS HEATH HOSPITAL",C_110,C_130,383,380,-3,2,6,4,0.75,1,C_110,0.00035485698672,possible recoding or service mix change; cause unconfirmed,caveat; preserve reported codes
RC2078,2025-10,2025-11,NT219,"NUFFIELD HEALTH, HEREFORD HOSPITAL",C_110,X06,255,258,3,3,1,-2,0.6666666666666666,1,C_110,0.00035485698672,possible recoding or service mix change; cause unconfirmed,caveat; preserve reported codes
RC2079,2025-10,2025-11,NT490,SOUTHEND PRIVATE HOSPITAL,C_110,C_330,96,99,3,3,1,-2,0.6666666666666666,1,C_110,0.00035485698672,possible recoding or service mix change; cause unconfirmed,caveat; preserve reported codes
RC2080,2025-06,2025-07,K8I4X,GLENDON WOOD HOSPITAL,C_110,C_502,330,333,3,4,0,-4,0.75,-1,C_110,0.0003540019328505,possible recoding or service mix change; cause unconfirmed,caveat; preserve reported codes
RC2081,2024-12,2025-01,NT430,RIDGEWAY HOSPITAL,C_110,C_502,6,9,3,3,1,-2,0.6666666666666666,1,C_110,0.0003537890214549,possible recoding or service mix change; cause unconfirmed,caveat; preserve reported codes
RC2082,2024-06,2024-07,NT408,CHAUCER HOSPITAL,C_110,X06,666,663,-3,1,3,2,0.6666666666666666,-1,C_110,0.000352535967482,possible recoding or service mix change; cause unconfirmed,caveat; preserve reported codes
RC2083,2025-07,2025-08,NT440,THORNBURY HOSPITAL,C_110,C_400,301,298,-3,0,2,2,0.6666666666666666,-1,C_110,0.0003502745568734,possible recoding or service mix change; cause unconfirmed,caveat; preserve reported codes
RC2084,2025-09,2025-10,NNE,DORKING HEALTHCARE LIMITED (DHC),C_110,X03,678,675,-3,1,4,3,1.0,0,C_110,0.0003492847811963,possible recoding or service mix change; cause unconfirmed,caveat; preserve reported codes
RC2085,2025-09,2025-10,NT226,"NUFFIELD HEALTH, LEICESTER HOSPITAL",C_101,C_110,0,4,4,370,367,-3,0.75,1,C_110,0.0003492847811963,possible recoding or service mix change; cause unconfirmed,caveat; preserve reported codes
RC2086,2026-02,2026-03,R0F4N,NUFFIELD HEALTH PARKSIDE HOSPITAL,C_120,X06,80,78,-2,1,2,1,0.5,-1,C_120,0.0003453312935764,possible recoding or service mix change; cause unconfirmed,caveat; preserve reported codes
RC2087,2026-02,2026-03,R0F4N,NUFFIELD HEALTH PARKSIDE HOSPITAL,C_120,X02,80,78,-2,2,4,2,1.0,0,C_120,0.0003453312935764,possible recoding or service mix change; cause unconfirmed,caveat; preserve reported codes
RC2088,2026-02,2026-03,NT351,SPIRE HULL AND EAST RIDING HOSPITAL,C_120,C_301,97,95,-2,1,2,1,0.5,-1,C_120,0.0003453312935764,possible recoding or service mix change; cause unconfirmed,caveat; preserve reported codes
RC2089,2024-12,2025-01,NVC23,WOODLAND HOSPITAL,C_130,X06,1,3,2,1,0,-1,0.5,1,C_130,0.00034489180744,possible recoding or service mix change; cause unconfirmed,caveat; preserve reported codes
RC2090,2024-12,2025-01,NVC23,WOODLAND HOSPITAL,C_130,C_160,1,3,2,22,18,-4,0.5,-2,C_130,0.00034489180744,possible recoding or service mix change; cause unconfirmed,caveat; preserve reported codes
RC2091,2025-01,2025-02,B3M1X,CLAREMONT PRIVATE HOSPITAL,C_130,C_400,9,11,2,1,0,-1,0.5,1,C_130,0.0003434095416341,possible recoding or service mix change; cause unconfirmed,caveat; preserve reported codes
RC2092,2025-01,2025-02,NVC23,WOODLAND HOSPITAL,C_130,C_330,3,1,-2,31,34,3,0.6666666666666666,1,C_130,0.0003434095416341,possible recoding or service mix change; cause unconfirmed,caveat; preserve reported codes
RC2093,2025-01,2025-02,B3M1X,CLAREMONT PRIVATE HOSPITAL,C_130,C_330,9,11,2,1,0,-1,0.5,1,C_130,0.0003434095416341,possible recoding or service mix change; cause unconfirmed,caveat; preserve reported codes
RC2094,2025-06,2025-07,NVC1H,STOURSIDE HOSPITAL,C_130,C_160,226,224,-2,0,1,1,0.5,-1,C_130,0.0003415189739403,possible recoding or service mix change; cause unconfirmed,caveat; preserve reported codes
RC2095,2025-07,2025-08,RYR,UNIVERSITY HOSPITALS SUSSEX NHS FOUNDATION TRUST,C_130,C_300,12917,12915,-2,3,6,3,0.6666666666666666,1,C_130,0.0003404968189084,possible recoding or service mix change; cause unconfirmed,caveat; preserve reported codes
RC2096,2026-03,2026-04,NVC05,EUXTON HALL HOSPITAL,C_120,C_410,27,25,-2,0,1,1,0.5,-1,C_120,0.0003399753177919,possible recoding or service mix change; cause unconfirmed,caveat; preserve reported codes
RC2097,2025-10,2025-11,NT317,SPIRE CAMBRIDGE LEA HOSPITAL,C_120,X05,0,2,2,1,0,-1,0.5,1,C_120,0.0003398880748569,possible recoding or service mix change; cause unconfirmed,caveat; preserve reported codes
RC2098,2025-03,2025-04,NVC01,ASHTEAD HOSPITAL,C_130,C_330,123,125,2,4,0,-4,0.5,-2,C_130,0.0003397668180327,possible recoding or service mix change; cause unconfirmed,caveat; preserve reported codes
RC2099,2025-03,2025-04,NVC25,THE CHERWELL HOSPITAL,C_130,X06,1,3,2,2,1,-1,0.5,1,C_130,0.0003397668180327,possible recoding or service mix change; cause unconfirmed,caveat; preserve reported codes
RC2100,2025-03,2025-04,NT446,ST EDMUNDS HOSPITAL,C_130,X06,37,35,-2,0,1,1,0.5,-1,C_130,0.0003397668180327,possible recoding or service mix change; cause unconfirmed,caveat; preserve reported codes
RC2101,2025-04,2025-05,B3M1X,CLAREMONT PRIVATE HOSPITAL,C_130,C_330,5,3,-2,0,1,1,0.5,-1,C_130,0.0003392440963046,possible recoding or service mix change; cause unconfirmed,caveat; preserve reported codes
RC2102,2025-04,2025-05,NVC15,PINEHILL HOSPITAL,C_130,C_410,106,104,-2,0,1,1,0.5,-1,C_130,0.0003392440963046,possible recoding or service mix change; cause unconfirmed,caveat; preserve reported codes
RC2103,2025-11,2025-12,NT317,SPIRE CAMBRIDGE LEA HOSPITAL,C_120,X05,2,0,-2,0,1,1,0.5,-1,C_120,0.0003392118751293,possible recoding or service mix change; cause unconfirmed,caveat; preserve reported codes
RC2104,2025-11,2025-12,K8I4X,GLENDON WOOD HOSPITAL,C_120,C_502,5,3,-2,2,4,2,1.0,0,C_120,0.0003392118751293,possible recoding or service mix change; cause unconfirmed,caveat; preserve reported codes
RC2105,2025-08,2025-09,RD1,ROYAL UNITED HOSPITALS BATH NHS FOUNDATION TRUST,C_130,C_300,2642,2640,-2,0,3,3,0.6666666666666666,1,C_130,0.0003390870758656,possible recoding or service mix change; cause unconfirmed,caveat; preserve reported codes
RC2106,2024-09,2024-10,NVC25,THE CHERWELL HOSPITAL,C_130,X06,3,1,-2,1,2,1,0.5,-1,C_130,0.0003367899205512,possible recoding or service mix change; cause unconfirmed,caveat; preserve reported codes
RC2107,2025-12,2026-01,ADP02,KIMS HOSPITAL (NEWNHAM COURT),C_101,C_130,35,31,-4,0,2,2,0.5,-2,C_130,0.0003352133213773,possible recoding or service mix change; cause unconfirmed,caveat; preserve reported codes
RC2108,2025-12,2026-01,ADP02,KIMS HOSPITAL (NEWNHAM COURT),C_130,C_300,0,2,2,1,0,-1,0.5,1,C_130,0.0003352133213773,possible recoding or service mix change; cause unconfirmed,caveat; preserve reported codes
RC2109,2025-12,2026-01,ADP02,KIMS HOSPITAL (NEWNHAM COURT),C_130,C_301,0,2,2,8,7,-1,0.5,1,C_130,0.0003352133213773,possible recoding or service mix change; cause unconfirmed,caveat; preserve reported codes
RC2110,2025-12,2026-01,NEY,PIONEER HEALTHCARE LIMITED,C_130,C_140,2,0,-2,0,1,1,0.5,-1,C_130,0.0003352133213773,possible recoding or service mix change; cause unconfirmed,caveat; preserve reported codes
RC2111,2025-12,2026-01,ADP02,KIMS HOSPITAL (NEWNHAM COURT),C_130,C_502,0,2,2,163,162,-1,0.5,1,C_130,0.0003352133213773,possible recoding or service mix change; cause unconfirmed,caveat; preserve reported codes
RC2112,2025-09,2025-10,B3M1X,CLAREMONT PRIVATE HOSPITAL,C_130,C_330,16,18,2,1,0,-1,0.5,1,C_130,0.0003341168373168,possible recoding or service mix change; cause unconfirmed,caveat; preserve reported codes
RC2113,2026-01,2026-02,NVC27,BOSTON WEST HOSPITAL,C_130,X02,666,664,-2,0,1,1,0.5,-1,C_130,0.0003330092043744,possible recoding or service mix change; cause unconfirmed,caveat; preserve reported codes
RC2114,2026-01,2026-02,NT406,BLACKHEATH HOSPITAL,C_130,C_150,137,135,-2,3,6,3,0.6666666666666666,1,C_130,0.0003330092043744,possible recoding or service mix change; cause unconfirmed,caveat; preserve reported codes
RC2115,2024-06,2024-07,F9Z4V,CIRCLE READING HOSPITAL,C_130,C_301,93,95,2,5,1,-4,0.5,-2,C_130,0.0003295875705935,possible recoding or service mix change; cause unconfirmed,caveat; preserve reported codes
RC2116,2024-01,2024-02,NVC09,NEW HALL HOSPITAL,C_130,C_330,147,149,2,1,0,-1,0.5,1,C_130,0.0003290815990733,possible recoding or service mix change; cause unconfirmed,caveat; preserve reported codes
RC2117,2024-07,2024-08,NT412,DROITWICH SPA HOSPITAL,C_130,C_502,20,18,-2,0,1,1,0.5,-1,C_130,0.0003288327096472,possible recoding or service mix change; cause unconfirmed,caveat; preserve reported codes
RC2118,2024-05,2024-06,NVC12,OAKLANDS HOSPITAL,C_130,C_160,12,10,-2,0,1,1,0.5,-1,C_130,0.0003277205723312,possible recoding or service mix change; cause unconfirmed,caveat; preserve reported codes
RC2119,2026-03,2026-04,NVC12,OAKLANDS HOSPITAL,C_130,C_320,2,0,-2,2,3,1,0.5,-1,C_130,0.0003274887507614,possible recoding or service mix change; cause unconfirmed,caveat; preserve reported codes
RC2120,2026-03,2026-04,NVC13,OAKS HOSPITAL,C_130,C_400,21,23,2,1,0,-1,0.5,1,C_130,0.0003274887507614,possible recoding or service mix change; cause unconfirmed,caveat; preserve reported codes
RC2121,2025-09,2025-10,NT404,BEAUMONT HOSPITAL,C_120,C_301,174,172,-2,6,10,4,0.5,2,C_120,0.0003257466928567,possible recoding or service mix change; cause unconfirmed,caveat; preserve reported codes
RC2122,2025-09,2025-10,K8I4X,GLENDON WOOD HOSPITAL,C_120,C_502,10,8,-2,2,5,3,0.6666666666666666,1,C_120,0.0003257466928567,possible recoding or service mix change; cause unconfirmed,caveat; preserve reported codes
RC2123,2025-08,2025-09,A4M8P,BUCKSHAW HOSPITAL,C_120,X06,565,563,-2,0,1,1,0.5,-1,C_120,0.0003238703805962,possible recoding or service mix change; cause unconfirmed,caveat; preserve reported codes
RC2124,2025-08,2025-09,NT451,CAVELL HOSPITAL,C_120,C_301,2,0,-2,313,317,4,0.5,2,C_120,0.0003238703805962,possible recoding or service mix change; cause unconfirmed,caveat; preserve reported codes
RC2125,2025-07,2025-08,AAH,TETBURY HOSPITAL TRUST LTD,C_120,C_340,0,2,2,1,0,-1,0.5,1,C_120,0.0003206998954518,possible recoding or service mix change; cause unconfirmed,caveat; preserve reported codes
RC2126,2025-07,2025-08,AAH,TETBURY HOSPITAL TRUST LTD,C_120,C_320,0,2,2,1,0,-1,0.5,1,C_120,0.0003206998954518,possible recoding or service mix change; cause unconfirmed,caveat; preserve reported codes
RC2127,2026-04,2026-05,NVC01,ASHTEAD HOSPITAL,C_130,C_502,82,80,-2,0,2,2,1.0,0,C_130,0.0003202403083273,possible recoding or service mix change; cause unconfirmed,caveat; preserve reported codes
RC2128,2026-04,2026-05,NVC01,ASHTEAD HOSPITAL,C_130,C_400,82,80,-2,1,2,1,0.5,-1,C_130,0.0003202403083273,possible recoding or service mix change; cause unconfirmed,caveat; preserve reported codes
RC2129,2024-01,2024-02,NT424,MERIDEN HOSPITAL,C_120,X06,3,1,-2,0,1,1,0.5,-1,C_120,0.0003185372768248,possible recoding or service mix change; cause unconfirmed,caveat; preserve reported codes
RC2130,2024-01,2024-02,NVC09,NEW HALL HOSPITAL,C_120,C_130,2,0,-2,147,149,2,1.0,0,C_120,0.0003185372768248,possible recoding or service mix change; cause unconfirmed,caveat; preserve reported codes
RC2131,2024-01,2024-02,NT351,SPIRE HULL AND EAST RIDING HOSPITAL,C_120,C_160,90,92,2,1,0,-1,0.5,1,C_120,0.0003185372768248,possible recoding or service mix change; cause unconfirmed,caveat; preserve reported codes
RC2132,2024-01,2024-02,NVC09,NEW HALL HOSPITAL,C_120,C_400,2,0,-2,4,5,1,0.5,-1,C_120,0.0003185372768248,possible recoding or service mix change; cause unconfirmed,caveat; preserve reported codes
RC2133,2025-06,2025-07,NVC05,EUXTON HALL HOSPITAL,C_120,X06,11,13,2,1,0,-1,0.5,1,C_120,0.0003181876034109,possible recoding or service mix change; cause unconfirmed,caveat; preserve reported codes
RC2134,2024-10,2024-11,NVC05,EUXTON HALL HOSPITAL,C_101,C_120,1,3,2,8,6,-2,1.0,0,C_120,0.0003158210557897,possible recoding or service mix change; cause unconfirmed,caveat; preserve reported codes
RC2135,2024-10,2024-11,NVC05,EUXTON HALL HOSPITAL,C_120,X05,8,6,-2,1,2,1,0.5,-1,C_120,0.0003158210557897,possible recoding or service mix change; cause unconfirmed,caveat; preserve reported codes
RC2136,2024-10,2024-11,NT316,SPIRE HARPENDEN HOSPITAL,C_120,X05,88,86,-2,0,1,1,0.5,-1,C_120,0.0003158210557897,possible recoding or service mix change; cause unconfirmed,caveat; preserve reported codes
RC2137,2024-11,2024-12,NT412,DROITWICH SPA HOSPITAL,C_120,C_320,83,81,-2,2,4,2,1.0,0,C_120,0.0003157627169487,possible recoding or service mix change; cause unconfirmed,caveat; preserve reported codes
RC2138,2025-04,2025-05,NVC12,OAKLANDS HOSPITAL,C_120,C_301,2,0,-2,27,29,2,1.0,0,C_120,0.0003143477755179,possible recoding or service mix change; cause unconfirmed,caveat; preserve reported codes
RC2139,2025-04,2025-05,NVC12,OAKLANDS HOSPITAL,C_120,C_130,2,0,-2,1,2,1,0.5,-1,C_120,0.0003143477755179,possible recoding or service mix change; cause unconfirmed,caveat; preserve reported codes
RC2140,2025-04,2025-05,NT451,CAVELL HOSPITAL,C_120,C_320,2,0,-2,0,1,1,0.5,-1,C_120,0.0003143477755179,possible recoding or service mix change; cause unconfirmed,caveat; preserve reported codes
RC2141,2025-04,2025-05,NVC05,EUXTON HALL HOSPITAL,C_120,X06,5,7,2,1,0,-1,0.5,1,C_120,0.0003143477755179,possible recoding or service mix change; cause unconfirmed,caveat; preserve reported codes
RC2142,2025-04,2025-05,NT451,CAVELL HOSPITAL,C_101,C_120,158,162,4,2,0,-2,0.5,2,C_120,0.0003143477755179,possible recoding or service mix change; cause unconfirmed,caveat; preserve reported codes
RC2143,2025-04,2025-05,RPC,QUEEN VICTORIA HOSPITAL NHS FOUNDATION TRUST,C_120,X05,121,119,-2,0,2,2,1.0,0,C_120,0.0003143477755179,possible recoding or service mix change; cause unconfirmed,caveat; preserve reported codes
RC2144,2024-12,2025-01,NN5,MANCHESTER SURGICAL SERVICES LTD,C_120,C_502,0,2,2,1,0,-1,0.5,1,C_120,0.0003136610359283,possible recoding or service mix change; cause unconfirmed,caveat; preserve reported codes
RC2145,2024-12,2025-01,NN5,MANCHESTER SURGICAL SERVICES LTD,C_120,C_301,0,2,2,42,40,-2,1.0,0,C_120,0.0003136610359283,possible recoding or service mix change; cause unconfirmed,caveat; preserve reported codes
RC2146,2024-09,2024-10,NT430,RIDGEWAY HOSPITAL,C_120,X06,2,0,-2,0,1,1,0.5,-1,C_120,0.0003136531654661,possible recoding or service mix change; cause unconfirmed,caveat; preserve reported codes
RC2147,2025-02,2025-03,NVC23,WOODLAND HOSPITAL,C_120,X06,4,2,-2,0,1,1,0.5,-1,C_120,0.000313608901475,possible recoding or service mix change; cause unconfirmed,caveat; preserve reported codes
RC2148,2024-02,2024-03,NT409,CHELSFIELD PARK HOSPITAL,C_120,C_150,18,20,2,1,0,-1,0.5,1,C_120,0.0003128103665355,possible recoding or service mix change; cause unconfirmed,caveat; preserve reported codes
RC2149,2024-02,2024-03,K8I4X,GLENDON WOOD HOSPITAL,C_120,X02,2,0,-2,109,110,1,0.5,-1,C_120,0.0003128103665355,possible recoding or service mix change; cause unconfirmed,caveat; preserve reported codes
RC2150,2024-08,2024-09,AAH,TETBURY HOSPITAL TRUST LTD,C_120,C_340,5,7,2,4,0,-4,0.5,-2,C_120,0.0003125161141121,possible recoding or service mix change; cause unconfirmed,caveat; preserve reported codes
RC2151,2024-07,2024-08,K8I4X,GLENDON WOOD HOSPITAL,C_120,X06,8,6,-2,3,5,2,1.0,0,C_120,0.0003072069207575,possible recoding or service mix change; cause unconfirmed,caveat; preserve reported codes
RC2152,2024-06,2024-07,R0F4N,NUFFIELD HEALTH PARKSIDE HOSPITAL,C_120,X02,117,115,-2,0,1,1,0.5,-1,C_120,0.0003042098074199,possible recoding or service mix change; cause unconfirmed,caveat; preserve reported codes
RC2153,2024-06,2024-07,NT347,SPIRE FYLDE COAST HOSPITAL,C_120,C_130,193,195,2,1,0,-1,0.5,1,C_120,0.0003042098074199,possible recoding or service mix change; cause unconfirmed,caveat; preserve reported codes
RC2154,2026-02,2026-03,NVC05,EUXTON HALL HOSPITAL,C_160,C_301,0,1,1,3,2,-1,1.0,0,C_301,0.0002730323242968,possible recoding or service mix change; cause unconfirmed,caveat; preserve reported codes
RC2155,2026-02,2026-03,NT301,SPIRE SOUTH BANK HOSPITAL,C_301,X05,22,21,-1,0,2,2,0.5,1,C_301,0.0002730323242968,possible recoding or service mix change; cause unconfirmed,caveat; preserve reported codes
RC2156,2026-02,2026-03,NT327,SPIRE MANCHESTER HOSPITAL,C_301,X05,0,1,1,8,7,-1,1.0,0,C_301,0.0002730323242968,possible recoding or service mix change; cause unconfirmed,caveat; preserve reported codes
RC2157,2026-02,2026-03,NVC05,EUXTON HALL HOSPITAL,C_301,X06,3,2,-1,0,1,1,1.0,0,C_301,0.0002730323242968,possible recoding or service mix change; cause unconfirmed,caveat; preserve reported codes
RC2158,2026-02,2026-03,NT417,GORING HALL HOSPITAL,C_301,X06,8,7,-1,0,2,2,0.5,1,C_301,0.0002730323242968,possible recoding or service mix change; cause unconfirmed,caveat; preserve reported codes
RC2159,2026-04,2026-05,NVC21,WEST MIDLANDS HOSPITAL,C_301,X02,1,0,-1,18,20,2,0.5,1,C_301,0.0002702359430018,possible recoding or service mix change; cause unconfirmed,caveat; preserve reported codes
RC2160,2026-04,2026-05,NT312,SPIRE ALEXANDRA HOSPITAL,C_160,C_301,8,7,-1,0,1,1,1.0,0,C_301,0.0002702359430018,possible recoding or service mix change; cause unconfirmed,caveat; preserve reported codes
RC2161,2026-04,2026-05,NVC09,NEW HALL HOSPITAL,C_301,X06,36,35,-1,0,1,1,1.0,0,C_301,0.0002702359430018,possible recoding or service mix change; cause unconfirmed,caveat; preserve reported codes
RC2162,2026-04,2026-05,NT322,SPIRE LEICESTER HOSPITAL,C_301,X05,0,1,1,1,0,-1,1.0,0,C_301,0.0002702359430018,possible recoding or service mix change; cause unconfirmed,caveat; preserve reported codes
RC2163,2026-03,2026-04,G3Q3Z,NUFFIELD HEALTH HIGHGATE HOSPITAL,C_300,C_301,0,1,1,42,41,-1,1.0,0,C_301,0.0002691521974931,possible recoding or service mix change; cause unconfirmed,caveat; preserve reported codes
RC2164,2026-03,2026-04,NVC07,FULWOOD HALL HOSPITAL,C_301,X06,1,2,1,1,0,-1,1.0,0,C_301,0.0002691521974931,possible recoding or service mix change; cause unconfirmed,caveat; preserve reported codes
RC2165,2026-03,2026-04,NT351,SPIRE HULL AND EAST RIDING HOSPITAL,C_301,C_502,2,1,-1,0,1,1,1.0,0,C_301,0.0002691521974931,possible recoding or service mix change; cause unconfirmed,caveat; preserve reported codes
RC2166,2026-03,2026-04,NT320,SPIRE PARKWAY HOSPITAL,C_301,X05,1,0,-1,21,22,1,1.0,0,C_301,0.0002691521974931,possible recoding or service mix change; cause unconfirmed,caveat; preserve reported codes
RC2167,2026-03,2026-04,NT319,SPIRE HARTSWOOD HOSPITAL,C_301,X05,1,0,-1,0,1,1,1.0,0,C_301,0.0002691521974931,possible recoding or service mix change; cause unconfirmed,caveat; preserve reported codes
RC2168,2026-03,2026-04,NT325,SPIRE MURRAYFIELD HOSPITAL,C_301,C_400,1,0,-1,0,1,1,1.0,0,C_301,0.0002691521974931,possible recoding or service mix change; cause unconfirmed,caveat; preserve reported codes
RC2169,2025-05,2025-06,NT441,THREE SHIRES HOSPITAL,C_301,C_410,9,10,1,1,0,-1,1.0,0,C_301,0.0002674747971872,possible recoding or service mix change; cause unconfirmed,caveat; preserve reported codes
RC2170,2025-05,2025-06,NT347,SPIRE FYLDE COAST HOSPITAL,C_160,C_301,1,0,-1,6,7,1,1.0,0,C_301,0.0002674747971872,possible recoding or service mix change; cause unconfirmed,caveat; preserve reported codes
RC2171,2025-05,2025-06,NT225,"NUFFIELD HEALTH, LEEDS HOSPITAL",C_301,C_502,1,0,-1,11,13,2,0.5,1,C_301,0.0002674747971872,possible recoding or service mix change; cause unconfirmed,caveat; preserve reported codes
RC2172,2025-05,2025-06,NVC05,EUXTON HALL HOSPITAL,C_301,X06,1,0,-1,0,1,1,1.0,0,C_301,0.0002674747971872,possible recoding or service mix change; cause unconfirmed,caveat; preserve reported codes
RC2173,2025-05,2025-06,A4M8P,BUCKSHAW HOSPITAL,C_160,C_301,0,1,1,7,6,-1,1.0,0,C_301,0.0002674747971872,possible recoding or service mix change; cause unconfirmed,caveat; preserve reported codes
RC2174,2026-02,2026-03,NT429,PRIORY HOSPITAL,C_320,X06,1,0,-1,2,3,1,1.0,0,C_320,0.0002670704772282,possible recoding or service mix change; cause unconfirmed,caveat; preserve reported codes
RC2175,2026-02,2026-03,NT411,CLEMENTINE CHURCHILL HOSPITAL,C_320,C_400,1,0,-1,0,1,1,1.0,0,C_320,0.0002670704772282,possible recoding or service mix change; cause unconfirmed,caveat; preserve reported codes
RC2176,2025-06,2025-07,NT404,BEAUMONT HOSPITAL,C_301,C_400,9,8,-1,0,1,1,1.0,0,C_301,0.0002667434887914,possible recoding or service mix change; cause unconfirmed,caveat; preserve reported codes
RC2177,2025-06,2025-07,NVC07,FULWOOD HALL HOSPITAL,C_160,C_301,1,3,2,2,1,-1,0.5,1,C_301,0.0002667434887914,possible recoding or service mix change; cause unconfirmed,caveat; preserve reported codes
RC2178,2025-06,2025-07,NT418,HAMPSHIRE CLINIC,C_301,X06,21,20,-1,0,1,1,1.0,0,C_301,0.0002667434887914,possible recoding or service mix change; cause unconfirmed,caveat; preserve reported codes
RC2179,2025-06,2025-07,NT449,LANCASTER PRIVATE HOSPITAL,C_301,C_320,5,4,-1,0,1,1,1.0,0,C_301,0.0002667434887914,possible recoding or service mix change; cause unconfirmed,caveat; preserve reported codes
RC2180,2025-10,2025-11,AWR,ONE STOP DOCTORS LIMITED,C_301,X02,16,15,-1,0,2,2,0.5,1,C_301,0.00026640523433,possible recoding or service mix change; cause unconfirmed,caveat; preserve reported codes
RC2181,2025-10,2025-11,NT364,SPIRE MONTEFIORE HOSPITAL,C_301,X05,1,2,1,3,2,-1,1.0,0,C_301,0.00026640523433,possible recoding or service mix change; cause unconfirmed,caveat; preserve reported codes
RC2182,2026-02,2026-03,RW1,HAMPSHIRE AND ISLE OF WIGHT HEALTHCARE NHS FOUNDATION TRUST,C_100,X04,0,1,1,1,0,-1,1.0,0,C_100,0.0002658132289927,possible recoding or service mix change; cause unconfirmed,caveat; preserve reported codes
RC2183,2025-04,2025-05,F9Z4V,CIRCLE READING HOSPITAL,C_301,C_320,14,13,-1,0,1,1,1.0,0,C_301,0.0002653582734729,possible recoding or service mix change; cause unconfirmed,caveat; preserve reported codes
RC2184,2025-04,2025-05,NT347,SPIRE FYLDE COAST HOSPITAL,C_301,C_400,7,6,-1,0,1,1,1.0,0,C_301,0.0002653582734729,possible recoding or service mix change; cause unconfirmed,caveat; preserve reported codes
RC2185,2025-04,2025-05,NT441,THREE SHIRES HOSPITAL,C_301,C_330,8,9,1,1,0,-1,1.0,0,C_301,0.0002653582734729,possible recoding or service mix change; cause unconfirmed,caveat; preserve reported codes
RC2186,2025-04,2025-05,NVC05,EUXTON HALL HOSPITAL,C_101,C_301,3,5,2,2,1,-1,0.5,1,C_301,0.0002653582734729,possible recoding or service mix change; cause unconfirmed,caveat; preserve reported codes
RC2187,2026-03,2026-04,NT411,CLEMENTINE CHURCHILL HOSPITAL,C_320,C_400,0,1,1,1,0,-1,1.0,0,C_320,0.0002649996422504,possible recoding or service mix change; cause unconfirmed,caveat; preserve reported codes
RC2188,2026-03,2026-04,NT441,THREE SHIRES HOSPITAL,C_320,X06,0,1,1,11,10,-1,1.0,0,C_320,0.0002649996422504,possible recoding or service mix change; cause unconfirmed,caveat; preserve reported codes
RC2189,2025-07,2025-08,NT449,LANCASTER PRIVATE HOSPITAL,C_301,C_320,4,5,1,1,0,-1,1.0,0,C_301,0.0002648522521711,possible recoding or service mix change; cause unconfirmed,caveat; preserve reported codes
RC2190,2026-04,2026-05,NT411,CLEMENTINE CHURCHILL HOSPITAL,C_101,C_320,0,1,1,1,0,-1,1.0,0,C_320,0.0002642559477407,possible recoding or service mix change; cause unconfirmed,caveat; preserve reported codes
RC2191,2026-04,2026-05,NT411,CLEMENTINE CHURCHILL HOSPITAL,C_320,C_400,1,0,-1,0,1,1,1.0,0,C_320,0.0002642559477407,possible recoding or service mix change; cause unconfirmed,caveat; preserve reported codes
RC2192,2026-04,2026-05,NT411,CLEMENTINE CHURCHILL HOSPITAL,C_320,X06,1,0,-1,8,9,1,1.0,0,C_320,0.0002642559477407,possible recoding or service mix change; cause unconfirmed,caveat; preserve reported codes
RC2193,2026-01,2026-02,NVC11,NORTH DOWNS HOSPITAL,C_301,X06,27,28,1,3,1,-2,0.5,-1,C_301,0.0002639553176438,possible recoding or service mix change; cause unconfirmed,caveat; preserve reported codes
RC2194,2025-08,2025-09,NT402,BATH CLINIC,C_301,C_320,21,20,-1,0,1,1,1.0,0,C_301,0.0002634358889248,possible recoding or service mix change; cause unconfirmed,caveat; preserve reported codes
RC2195,2025-11,2025-12,NVC05,EUXTON HALL HOSPITAL,C_101,C_301,11,9,-2,0,1,1,0.5,-1,C_301,0.0002623026500436,possible recoding or service mix change; cause unconfirmed,caveat; preserve reported codes
RC2196,2025-11,2025-12,NNE,DORKING HEALTHCARE LIMITED (DHC),C_301,X03,311,312,1,1,0,-1,1.0,0,C_301,0.0002623026500436,possible recoding or service mix change; cause unconfirmed,caveat; preserve reported codes
RC2197,2025-11,2025-12,NT418,HAMPSHIRE CLINIC,C_301,X06,28,27,-1,1,2,1,1.0,0,C_301,0.0002623026500436,possible recoding or service mix change; cause unconfirmed,caveat; preserve reported codes
RC2198,2025-11,2025-12,NT401,ALEXANDRA HOSPITAL,C_301,X06,36,37,1,3,1,-2,0.5,-1,C_301,0.0002623026500436,possible recoding or service mix change; cause unconfirmed,caveat; preserve reported codes
RC2199,2025-11,2025-12,NT433,SARUM ROAD HOSPITAL,C_301,X06,1,2,1,43,41,-2,0.5,-1,C_301,0.0002623026500436,possible recoding or service mix change; cause unconfirmed,caveat; preserve reported codes
RC2200,2025-10,2025-11,NT427,PARK HOSPITAL,C_100,C_320,199,198,-1,1,2,1,1.0,0,C_100,0.0002622799471243,possible recoding or service mix change; cause unconfirmed,caveat; preserve reported codes
RC2201,2026-01,2026-02,NT412,DROITWICH SPA HOSPITAL,C_101,C_320,1,0,-1,7,8,1,1.0,0,C_320,0.0002621857376202,possible recoding or service mix change; cause unconfirmed,caveat; preserve reported codes
RC2202,2026-01,2026-02,NT429,PRIORY HOSPITAL,C_150,C_320,1,0,-1,0,1,1,1.0,0,C_320,0.0002621857376202,possible recoding or service mix change; cause unconfirmed,caveat; preserve reported codes
RC2203,2026-04,2026-05,NT428,PRINCESS MARGARET HOSPITAL,C_100,X06,1,0,-1,2,3,1,1.0,0,C_100,0.0002621252591763,possible recoding or service mix change; cause unconfirmed,caveat; preserve reported codes
RC2204,2026-04,2026-05,RTE,GLOUCESTERSHIRE HOSPITALS NHS FOUNDATION TRUST,C_100,C_170,1,2,1,33,32,-1,1.0,0,C_100,0.0002621252591763,possible recoding or service mix change; cause unconfirmed,caveat; preserve reported codes
RC2205,2026-04,2026-05,NVC17,ROWLEY HALL HOSPITAL,C_100,C_130,131,132,1,1,0,-1,1.0,0,C_100,0.0002621252591763,possible recoding or service mix change; cause unconfirmed,caveat; preserve reported codes
RC2206,2026-04,2026-05,NVC14,PARK HILL HOSPITAL,C_100,C_110,1,0,-1,721,723,2,0.5,1,C_100,0.0002621252591763,possible recoding or service mix change; cause unconfirmed,caveat; preserve reported codes
RC2207,2026-04,2026-05,NT344,SPIRE DUNEDIN HOSPITAL,C_100,C_301,73,72,-1,0,2,2,0.5,1,C_100,0.0002621252591763,possible recoding or service mix change; cause unconfirmed,caveat; preserve reported codes
RC2208,2026-04,2026-05,NVC17,ROWLEY HALL HOSPITAL,C_100,C_400,131,132,1,1,0,-1,1.0,0,C_100,0.0002621252591763,possible recoding or service mix change; cause unconfirmed,caveat; preserve reported codes
RC2209,2026-04,2026-05,NTX,THE ONE HEALTH GROUP PLC,C_100,X06,559,558,-1,0,1,1,1.0,0,C_100,0.0002621252591763,possible recoding or service mix change; cause unconfirmed,caveat; preserve reported codes
RC2210,2026-03,2026-04,NT428,PRINCESS MARGARET HOSPITAL,C_100,X06,0,1,1,3,2,-1,1.0,0,C_100,0.0002619117462179,possible recoding or service mix change; cause unconfirmed,caveat; preserve reported codes
RC2211,2025-09,2025-10,NVC02,THE BERKSHIRE INDEPENDENT HOSPITAL,C_301,X06,2,1,-1,0,1,1,1.0,0,C_301,0.0002614734552148,possible recoding or service mix change; cause unconfirmed,caveat; preserve reported codes
RC2212,2025-09,2025-10,NT315,SPIRE BUSHEY HOSPITAL,C_301,C_502,4,3,-1,0,1,1,1.0,0,C_301,0.0002614734552148,possible recoding or service mix change; cause unconfirmed,caveat; preserve reported codes
RC2213,2025-09,2025-10,NVC09,NEW HALL HOSPITAL,C_301,C_410,40,39,-1,0,1,1,1.0,0,C_301,0.0002614734552148,possible recoding or service mix change; cause unconfirmed,caveat; preserve reported codes
RC2214,2025-09,2025-10,NT449,LANCASTER PRIVATE HOSPITAL,C_301,C_320,3,2,-1,0,1,1,1.0,0,C_301,0.0002614734552148,possible recoding or service mix change; cause unconfirmed,caveat; preserve reported codes
RC2215,2025-12,2026-01,NT351,SPIRE HULL AND EAST RIDING HOSPITAL,C_301,C_502,0,1,1,1,0,-1,1.0,0,C_301,0.0002610918338307,possible recoding or service mix change; cause unconfirmed,caveat; preserve reported codes
RC2216,2025-12,2026-01,NT401,ALEXANDRA HOSPITAL,C_301,X06,37,36,-1,1,2,1,1.0,0,C_301,0.0002610918338307,possible recoding or service mix change; cause unconfirmed,caveat; preserve reported codes
RC2217,2025-12,2026-01,NT449,LANCASTER PRIVATE HOSPITAL,C_301,X06,2,1,-1,2,4,2,0.5,1,C_301,0.0002610918338307,possible recoding or service mix change; cause unconfirmed,caveat; preserve reported codes
RC2218,2025-12,2026-01,NT447,DUCHY HOSPITAL,C_150,C_301,3,4,1,1,0,-1,1.0,0,C_301,0.0002610918338307,possible recoding or service mix change; cause unconfirmed,caveat; preserve reported codes
RC2219,2025-12,2026-01,NT447,DUCHY HOSPITAL,C_301,X06,1,0,-1,0,1,1,1.0,0,C_301,0.0002610918338307,possible recoding or service mix change; cause unconfirmed,caveat; preserve reported codes
RC2220,2025-10,2025-11,NT436,SHIRLEY OAKS HOSPITAL,C_320,C_410,1,0,-1,0,1,1,1.0,0,C_320,0.0002606719079098,possible recoding or service mix change; cause unconfirmed,caveat; preserve reported codes
RC2221,2025-10,2025-11,NVC19,RIVERS HOSPITAL,C_320,X02,0,1,1,4,2,-2,0.5,-1,C_320,0.0002606719079098,possible recoding or service mix change; cause unconfirmed,caveat; preserve reported codes
RC2222,2026-01,2026-02,NT429,PRIORY HOSPITAL,C_100,X06,1,0,-1,0,2,2,0.5,1,C_100,0.000259740934392,possible recoding or service mix change; cause unconfirmed,caveat; preserve reported codes
RC2223,2026-01,2026-02,NT429,PRIORY HOSPITAL,C_100,C_320,1,0,-1,0,1,1,1.0,0,C_100,0.000259740934392,possible recoding or service mix change; cause unconfirmed,caveat; preserve reported codes
RC2224,2026-01,2026-02,NVC14,PARK HILL HOSPITAL,C_100,X06,2,3,1,1,0,-1,1.0,0,C_100,0.000259740934392,possible recoding or service mix change; cause unconfirmed,caveat; preserve reported codes
RC2225,2025-11,2025-12,NT304,SPIRE SOUTHAMPTON HOSPITAL,C_100,C_502,24,25,1,1,0,-1,1.0,0,C_100,0.0002593710770124,possible recoding or service mix change; cause unconfirmed,caveat; preserve reported codes
RC2226,2025-07,2025-08,NT449,LANCASTER PRIVATE HOSPITAL,C_320,X06,1,0,-1,4,6,2,0.5,1,C_320,0.0002585870287574,possible recoding or service mix change; cause unconfirmed,caveat; preserve reported codes
RC2227,2025-07,2025-08,NT449,LANCASTER PRIVATE HOSPITAL,C_150,C_320,1,2,1,1,0,-1,1.0,0,C_320,0.0002585870287574,possible recoding or service mix change; cause unconfirmed,caveat; preserve reported codes
RC2228,2025-03,2025-04,NT345,SPIRE CLARE PARK HOSPITAL,C_301,X05,0,1,1,30,29,-1,1.0,0,C_301,0.0002583879177809,possible recoding or service mix change; cause unconfirmed,caveat; preserve reported codes
RC2229,2025-03,2025-04,NT344,SPIRE DUNEDIN HOSPITAL,C_301,X05,0,1,1,16,15,-1,1.0,0,C_301,0.0002583879177809,possible recoding or service mix change; cause unconfirmed,caveat; preserve reported codes
RC2230,2025-03,2025-04,NT449,LANCASTER PRIVATE HOSPITAL,C_150,C_301,3,1,-2,7,8,1,0.5,-1,C_301,0.0002583879177809,possible recoding or service mix change; cause unconfirmed,caveat; preserve reported codes
RC2231,2025-03,2025-04,NT433,SARUM ROAD HOSPITAL,C_301,X06,0,1,1,59,57,-2,0.5,-1,C_301,0.0002583879177809,possible recoding or service mix change; cause unconfirmed,caveat; preserve reported codes
RC2232,2025-09,2025-10,NT410,CHILTERN HOSPITAL,C_140,C_320,1,0,-1,0,1,1,1.0,0,C_320,0.0002580465361123,possible recoding or service mix change; cause unconfirmed,caveat; preserve reported codes
RC2233,2025-06,2025-07,NT347,SPIRE FYLDE COAST HOSPITAL,C_320,C_400,0,1,1,1,0,-1,1.0,0,C_320,0.0002575354883903,possible recoding or service mix change; cause unconfirmed,caveat; preserve reported codes
RC2234,2025-06,2025-07,NT404,BEAUMONT HOSPITAL,C_320,C_400,1,0,-1,0,1,1,1.0,0,C_320,0.0002575354883903,possible recoding or service mix change; cause unconfirmed,caveat; preserve reported codes
RC2235,2025-06,2025-07,G3Z1Q,SULIS HOSPITAL BATH (FOXCOTE AVENUE),C_320,X06,1,0,-1,2,3,1,1.0,0,C_320,0.0002575354883903,possible recoding or service mix change; cause unconfirmed,caveat; preserve reported codes
RC2236,2025-06,2025-07,NT449,LANCASTER PRIVATE HOSPITAL,C_320,X06,0,1,1,6,4,-2,0.5,-1,C_320,0.0002575354883903,possible recoding or service mix change; cause unconfirmed,caveat; preserve reported codes
RC2237,2024-06,2024-07,RA2,ROYAL SURREY COUNTY HOSPITAL NHS FOUNDATION TRUST,C_300,C_301,1,0,-1,1140,1141,1,1.0,0,C_301,0.0002566590182279,possible recoding or service mix change; cause unconfirmed,caveat; preserve reported codes
RC2238,2024-08,2024-09,NT449,THE LANCASTER PRIVATE HOSPITAL,C_301,X06,25,24,-1,1,2,1,1.0,0,C_301,0.0002562453395378,possible recoding or service mix change; cause unconfirmed,caveat; preserve reported codes
RC2239,2024-08,2024-09,NT449,THE LANCASTER PRIVATE HOSPITAL,C_301,C_320,25,24,-1,0,1,1,1.0,0,C_301,0.0002562453395378,possible recoding or service mix change; cause unconfirmed,caveat; preserve reported codes
RC2240,2024-08,2024-09,NT446,ST EDMUNDS HOSPITAL,C_301,X06,5,6,1,1,0,-1,1.0,0,C_301,0.0002562453395378,possible recoding or service mix change; cause unconfirmed,caveat; preserve reported codes
RC2241,2024-08,2024-09,NT449,THE LANCASTER PRIVATE HOSPITAL,C_301,C_502,25,24,-1,0,1,1,1.0,0,C_301,0.0002562453395378,possible recoding or service mix change; cause unconfirmed,caveat; preserve reported codes
RC2242,2024-01,2024-02,NT347,SPIRE FYLDE COAST HOSPITAL,C_301,C_320,6,5,-1,1,2,1,1.0,0,C_301,0.0002561147394032,possible recoding or service mix change; cause unconfirmed,caveat; preserve reported codes
RC2243,2024-01,2024-02,NT430,RIDGEWAY HOSPITAL,C_301,X06,101,100,-1,0,1,1,1.0,0,C_301,0.0002561147394032,possible recoding or service mix change; cause unconfirmed,caveat; preserve reported codes
RC2244,2024-02,2024-03,NT213,"NUFFIELD HEALTH, DERBY HOSPITAL",C_301,X02,0,1,1,8,6,-2,0.5,-1,C_301,0.0002561121156397,possible recoding or service mix change; cause unconfirmed,caveat; preserve reported codes
RC2245,2024-07,2024-08,NT319,SPIRE HARTSWOOD HOSPITAL,C_301,X05,0,1,1,1,0,-1,1.0,0,C_301,0.0002559495472252,possible recoding or service mix change; cause unconfirmed,caveat; preserve reported codes
RC2246,2024-05,2024-06,NVM,EPSOMEDICAL GROUP,C_301,X02,279,280,1,1,0,-1,1.0,0,C_301,0.0002557655959466,possible recoding or service mix change; cause unconfirmed,caveat; preserve reported codes
RC2247,2024-05,2024-06,NT402,BATH CLINIC,C_301,X06,13,14,1,2,0,-2,0.5,-1,C_301,0.0002557655959466,possible recoding or service mix change; cause unconfirmed,caveat; preserve reported codes
RC2248,2024-05,2024-06,NVC23,WOODLAND HOSPITAL,C_301,X06,2,1,-1,0,1,1,1.0,0,C_301,0.0002557655959466,possible recoding or service mix change; cause unconfirmed,caveat; preserve reported codes
RC2249,2024-05,2024-06,NVC01,ASHTEAD HOSPITAL,C_301,C_400,100,101,1,1,0,-1,1.0,0,C_301,0.0002557655959466,possible recoding or service mix change; cause unconfirmed,caveat; preserve reported codes
RC2250,2024-03,2024-04,NEY,PIONEER HEALTHCARE LIMITED,C_160,C_301,0,1,1,1,0,-1,1.0,0,C_301,0.0002549927582056,possible recoding or service mix change; cause unconfirmed,caveat; preserve reported codes
RC2251,2024-09,2024-10,NT324,SPIRE CHESHIRE HOSPITAL,C_301,X05,15,16,1,1,0,-1,1.0,0,C_301,0.0002547063363295,possible recoding or service mix change; cause unconfirmed,caveat; preserve reported codes
RC2252,2024-09,2024-10,A4M8P,BUCKSHAW HOSPITAL,C_140,C_301,0,1,1,3,2,-1,1.0,0,C_301,0.0002547063363295,possible recoding or service mix change; cause unconfirmed,caveat; preserve reported codes
RC2253,2024-10,2024-11,NT213,"NUFFIELD HEALTH, DERBY HOSPITAL",C_301,X02,1,2,1,12,11,-1,1.0,0,C_301,0.0002545772998513,possible recoding or service mix change; cause unconfirmed,caveat; preserve reported codes
RC2254,2024-10,2024-11,NT402,BATH CLINIC,C_301,C_320,6,7,1,1,0,-1,1.0,0,C_301,0.0002545772998513,possible recoding or service mix change; cause unconfirmed,caveat; preserve reported codes
RC2255,2025-08,2025-09,NT402,BATH CLINIC,C_100,C_320,57,56,-1,0,1,1,1.0,0,C_100,0.0002539811545983,possible recoding or service mix change; cause unconfirmed,caveat; preserve reported codes
RC2256,2025-08,2025-09,NT304,SPIRE SOUTHAMPTON HOSPITAL,C_100,C_320,1,0,-1,0,2,2,0.5,1,C_100,0.0002539811545983,possible recoding or service mix change; cause unconfirmed,caveat; preserve reported codes
RC2257,2025-08,2025-09,NT412,DROITWICH SPA HOSPITAL,C_100,C_320,460,459,-1,0,2,2,0.5,1,C_100,0.0002539811545983,possible recoding or service mix change; cause unconfirmed,caveat; preserve reported codes
RC2258,2025-01,2025-02,NT429,PRIORY HOSPITAL,C_301,C_502,1,0,-1,1,2,1,1.0,0,C_301,0.0002536783358701,possible recoding or service mix change; cause unconfirmed,caveat; preserve reported codes
RC2259,2025-01,2025-02,NT440,THORNBURY HOSPITAL,C_150,C_301,1,0,-1,5,6,1,1.0,0,C_301,0.0002536783358701,possible recoding or service mix change; cause unconfirmed,caveat; preserve reported codes
RC2260,2025-04,2025-05,R0F4N,NUFFIELD HEALTH PARKSIDE HOSPITAL,C_100,X06,28,27,-1,1,2,1,1.0,0,C_100,0.0002536603183944,possible recoding or service mix change; cause unconfirmed,caveat; preserve reported codes
RC2261,2025-04,2025-05,NVC11,NORTH DOWNS HOSPITAL,C_100,X06,170,169,-1,1,2,1,1.0,0,C_100,0.0002536603183944,possible recoding or service mix change; cause unconfirmed,caveat; preserve reported codes
RC2262,2025-04,2025-05,R0F4N,NUFFIELD HEALTH PARKSIDE HOSPITAL,C_100,X02,28,27,-1,0,1,1,1.0,0,C_100,0.0002536603183944,possible recoding or service mix change; cause unconfirmed,caveat; preserve reported codes
RC2263,2025-04,2025-05,NT317,SPIRE CAMBRIDGE LEA HOSPITAL,C_100,X05,16,17,1,1,0,-1,1.0,0,C_100,0.0002536603183944,possible recoding or service mix change; cause unconfirmed,caveat; preserve reported codes
RC2264,2025-05,2025-06,NT225,"NUFFIELD HEALTH, LEEDS HOSPITAL",C_100,C_301,287,288,1,1,0,-1,1.0,0,C_100,0.0002531716073105,possible recoding or service mix change; cause unconfirmed,caveat; preserve reported codes
RC2265,2025-05,2025-06,NT429,PRIORY HOSPITAL,C_100,C_120,0,1,1,1,0,-1,1.0,0,C_100,0.0002531716073105,possible recoding or service mix change; cause unconfirmed,caveat; preserve reported codes
RC2266,2025-05,2025-06,NT225,"NUFFIELD HEALTH, LEEDS HOSPITAL",C_100,C_160,287,288,1,2,0,-2,0.5,-1,C_100,0.0002531716073105,possible recoding or service mix change; cause unconfirmed,caveat; preserve reported codes
RC2267,2025-05,2025-06,NT431,RUNNYMEDE HOSPITAL,C_100,C_130,19,18,-1,1,2,1,1.0,0,C_100,0.0002531716073105,possible recoding or service mix change; cause unconfirmed,caveat; preserve reported codes
RC2268,2025-05,2025-06,NVC28,CLIFTON PARK HOSPITAL,C_100,X06,1,0,-1,1,3,2,0.5,1,C_100,0.0002531716073105,possible recoding or service mix change; cause unconfirmed,caveat; preserve reported codes
RC2269,2025-06,2025-07,NT410,CHILTERN HOSPITAL,C_100,C_400,23,24,1,1,0,-1,1.0,0,C_100,0.0002530876695687,possible recoding or service mix change; cause unconfirmed,caveat; preserve reported codes
RC2270,2025-06,2025-07,NT418,HAMPSHIRE CLINIC,C_100,X06,36,35,-1,0,1,1,1.0,0,C_100,0.0002530876695687,possible recoding or service mix change; cause unconfirmed,caveat; preserve reported codes
RC2271,2025-06,2025-07,S3H9L,THE HAMPTONS HOSPITAL LTD,C_100,X06,86,87,1,1,0,-1,1.0,0,C_100,0.0002530876695687,possible recoding or service mix change; cause unconfirmed,caveat; preserve reported codes
RC2272,2025-06,2025-07,NT402,BATH CLINIC,C_100,C_400,49,50,1,1,0,-1,1.0,0,C_100,0.0002530876695687,possible recoding or service mix change; cause unconfirmed,caveat; preserve reported codes
RC2273,2025-06,2025-07,NT209,"NUFFIELD HEALTH, CAMBRIDGE HOSPITAL",C_100,C_301,1,0,-1,27,28,1,1.0,0,C_100,0.0002530876695687,possible recoding or service mix change; cause unconfirmed,caveat; preserve reported codes
RC2274,2025-02,2025-03,NT347,SPIRE FYLDE COAST HOSPITAL,C_301,C_320,7,8,1,1,0,-1,1.0,0,C_301,0.0002530351567046,possible recoding or service mix change; cause unconfirmed,caveat; preserve reported codes
RC2275,2025-02,2025-03,NT441,THREE SHIRES HOSPITAL,C_301,C_330,2,1,-1,0,1,1,1.0,0,C_301,0.0002530351567046,possible recoding or service mix change; cause unconfirmed,caveat; preserve reported codes
RC2276,2025-02,2025-03,NT347,SPIRE FYLDE COAST HOSPITAL,C_301,C_400,7,8,1,1,0,-1,1.0,0,C_301,0.0002530351567046,possible recoding or service mix change; cause unconfirmed,caveat; preserve reported codes
RC2277,2025-02,2025-03,NT364,SPIRE MONTEFIORE HOSPITAL,C_301,X05,1,2,1,4,3,-1,1.0,0,C_301,0.0002530351567046,possible recoding or service mix change; cause unconfirmed,caveat; preserve reported codes
RC2278,2025-02,2025-03,NT364,SPIRE MONTEFIORE HOSPITAL,C_150,C_301,2,1,-1,1,2,1,1.0,0,C_301,0.0002530351567046,possible recoding or service mix change; cause unconfirmed,caveat; preserve reported codes
RC2279,2025-07,2025-08,NT441,THREE SHIRES HOSPITAL,C_100,C_330,504,505,1,1,0,-1,1.0,0,C_100,0.0002528508938279,possible recoding or service mix change; cause unconfirmed,caveat; preserve reported codes
RC2280,2025-07,2025-08,NT446,ST EDMUNDS HOSPITAL,C_100,C_120,69,70,1,1,0,-1,1.0,0,C_100,0.0002528508938279,possible recoding or service mix change; cause unconfirmed,caveat; preserve reported codes
RC2281,2024-11,2024-12,NT440,THORNBURY HOSPITAL,C_301,X06,10,9,-1,1,3,2,0.5,1,C_301,0.00025211651817,possible recoding or service mix change; cause unconfirmed,caveat; preserve reported codes
RC2282,2024-11,2024-12,R1F,ISLE OF WIGHT NHS TRUST,C_300,C_301,0,1,1,759,758,-1,1.0,0,C_301,0.00025211651817,possible recoding or service mix change; cause unconfirmed,caveat; preserve reported codes
RC2283,2024-11,2024-12,NT440,THORNBURY HOSPITAL,C_150,C_301,0,1,1,10,9,-1,1.0,0,C_301,0.00025211651817,possible recoding or service mix change; cause unconfirmed,caveat; preserve reported codes
RC2284,2025-03,2025-04,NT433,SARUM ROAD HOSPITAL,C_100,C_101,18,17,-1,0,1,1,1.0,0,C_100,0.0002518866308651,possible recoding or service mix change; cause unconfirmed,caveat; preserve reported codes
RC2285,2025-03,2025-04,NT433,SARUM ROAD HOSPITAL,C_100,C_301,18,17,-1,0,1,1,1.0,0,C_100,0.0002518866308651,possible recoding or service mix change; cause unconfirmed,caveat; preserve reported codes
RC2286,2024-01,2024-02,NT30A,SPIRE NOTTINGHAM HOSPITAL,C_101,C_320,29,30,1,1,0,-1,1.0,0,C_320,0.0002505675354678,possible recoding or service mix change; cause unconfirmed,caveat; preserve reported codes
RC2287,2024-01,2024-02,NT30A,SPIRE NOTTINGHAM HOSPITAL,C_320,X05,1,0,-1,0,1,1,1.0,0,C_320,0.0002505675354678,possible recoding or service mix change; cause unconfirmed,caveat; preserve reported codes
RC2288,2024-01,2024-02,NT430,RIDGEWAY HOSPITAL,C_320,X06,1,0,-1,0,1,1,1.0,0,C_320,0.0002505675354678,possible recoding or service mix change; cause unconfirmed,caveat; preserve reported codes
RC2289,2025-04,2025-05,G3Z1Q,SULIS HOSPITAL BATH (FOXCOTE AVENUE),C_320,X06,1,0,-1,0,1,1,1.0,0,C_320,0.000249976252256,possible recoding or service mix change; cause unconfirmed,caveat; preserve reported codes
RC2290,2025-04,2025-05,RPY,THE ROYAL MARSDEN NHS FOUNDATION TRUST,C_140,C_320,116,118,2,1,0,-1,0.5,1,C_320,0.000249976252256,possible recoding or service mix change; cause unconfirmed,caveat; preserve reported codes
RC2291,2025-04,2025-05,RPY,THE ROYAL MARSDEN NHS FOUNDATION TRUST,C_170,C_320,0,2,2,1,0,-1,0.5,1,C_320,0.000249976252256,possible recoding or service mix change; cause unconfirmed,caveat; preserve reported codes
RC2292,2025-04,2025-05,RPY,THE ROYAL MARSDEN NHS FOUNDATION TRUST,C_320,C_340,1,0,-1,0,1,1,1.0,0,C_320,0.000249976252256,possible recoding or service mix change; cause unconfirmed,caveat; preserve reported codes
RC2293,2025-04,2025-05,NT451,CAVELL HOSPITAL,C_320,C_502,0,1,1,174,172,-2,0.5,-1,C_320,0.000249976252256,possible recoding or service mix change; cause unconfirmed,caveat; preserve reported codes
RC2294,2025-04,2025-05,F9Z4V,CIRCLE READING HOSPITAL,C_320,C_400,0,1,1,1,0,-1,1.0,0,C_320,0.000249976252256,possible recoding or service mix change; cause unconfirmed,caveat; preserve reported codes
RC2295,2025-04,2025-05,NT211,"NUFFIELD HEALTH, CHELTENHAM HOSPITAL",C_320,X06,0,1,1,3,2,-1,1.0,0,C_320,0.000249976252256,possible recoding or service mix change; cause unconfirmed,caveat; preserve reported codes
RC2296,2025-02,2025-03,NT321,SPIRE LITTLE ASTON HOSPITAL,C_100,X05,192,191,-1,3,5,2,0.5,1,C_100,0.0002475333303629,possible recoding or service mix change; cause unconfirmed,caveat; preserve reported codes
RC2297,2025-02,2025-03,RA9,TORBAY AND SOUTH DEVON NHS FOUNDATION TRUST,C_100,C_170,0,1,1,6,4,-2,0.5,-1,C_100,0.0002475333303629,possible recoding or service mix change; cause unconfirmed,caveat; preserve reported codes
RC2298,2024-02,2024-03,RPY,THE ROYAL MARSDEN NHS FOUNDATION TRUST,C_320,X04,0,1,1,6,4,-2,0.5,-1,C_320,0.0002467283816591,possible recoding or service mix change; cause unconfirmed,caveat; preserve reported codes
RC2299,2024-02,2024-03,RPY,THE ROYAL MARSDEN NHS FOUNDATION TRUST,C_320,C_340,0,1,1,1,0,-1,1.0,0,C_320,0.0002467283816591,possible recoding or service mix change; cause unconfirmed,caveat; preserve reported codes
RC2300,2024-02,2024-03,NT327,SPIRE MANCHESTER HOSPITAL,C_101,C_320,4,3,-1,0,1,1,1.0,0,C_320,0.0002467283816591,possible recoding or service mix change; cause unconfirmed,caveat; preserve reported codes
RC2301,2024-12,2025-01,NT317,SPIRE CAMBRIDGE LEA HOSPITAL,C_100,X05,15,14,-1,0,1,1,1.0,0,C_100,0.0002457479461615,possible recoding or service mix change; cause unconfirmed,caveat; preserve reported codes
RC2302,2024-12,2025-01,NT212,"NUFFIELD HEALTH, CHICHESTER HOSPITAL",C_100,C_101,51,50,-1,0,2,2,0.5,1,C_100,0.0002457479461615,possible recoding or service mix change; cause unconfirmed,caveat; preserve reported codes
RC2303,2025-01,2025-02,RPY,THE ROYAL MARSDEN NHS FOUNDATION TRUST,C_100,C_340,128,129,1,1,0,-1,1.0,0,C_100,0.0002453144931802,possible recoding or service mix change; cause unconfirmed,caveat; preserve reported codes
RC2304,2025-01,2025-02,NT431,RUNNYMEDE HOSPITAL,C_100,C_120,33,34,1,1,0,-1,1.0,0,C_100,0.0002453144931802,possible recoding or service mix change; cause unconfirmed,caveat; preserve reported codes
RC2305,2025-01,2025-02,NT429,PRIORY HOSPITAL,C_100,C_502,2,1,-1,1,2,1,1.0,0,C_100,0.0002453144931802,possible recoding or service mix change; cause unconfirmed,caveat; preserve reported codes
RC2306,2025-01,2025-02,RPY,THE ROYAL MARSDEN NHS FOUNDATION TRUST,C_100,C_320,128,129,1,3,1,-2,0.5,-1,C_100,0.0002453144931802,possible recoding or service mix change; cause unconfirmed,caveat; preserve reported codes
RC2307,2026-02,2026-03,NT339,SPIRE REGENCY HOSPITAL,C_110,C_120,892,894,2,4,1,-3,0.6666666666666666,-1,C_110,0.0002444978808146,possible recoding or service mix change; cause unconfirmed,caveat; preserve reported codes
RC2308,2025-03,2025-04,NT411,CLEMENTINE CHURCHILL HOSPITAL,C_320,X06,0,1,1,5,3,-2,0.5,-1,C_320,0.0002444868221602,possible recoding or service mix change; cause unconfirmed,caveat; preserve reported codes
RC2309,2025-03,2025-04,G3Z1Q,SULIS HOSPITAL BATH (FOXCOTE AVENUE),C_320,X06,0,1,1,1,0,-1,1.0,0,C_320,0.0002444868221602,possible recoding or service mix change; cause unconfirmed,caveat; preserve reported codes
RC2310,2024-10,2024-11,AAH,TETBURY HOSPITAL TRUST LTD,C_100,C_340,29,30,1,1,0,-1,1.0,0,C_100,0.0002444593293013,possible recoding or service mix change; cause unconfirmed,caveat; preserve reported codes
RC2311,2024-10,2024-11,AAH,TETBURY HOSPITAL TRUST LTD,C_100,C_320,29,30,1,2,0,-2,0.5,-1,C_100,0.0002444593293013,possible recoding or service mix change; cause unconfirmed,caveat; preserve reported codes
RC2312,2024-10,2024-11,NT417,GORING HALL HOSPITAL,C_100,C_120,159,160,1,1,0,-1,1.0,0,C_100,0.0002444593293013,possible recoding or service mix change; cause unconfirmed,caveat; preserve reported codes
RC2313,2024-10,2024-11,RA9,TORBAY AND SOUTH DEVON NHS FOUNDATION TRUST,C_100,C_110,1,0,-1,3007,3009,2,0.5,1,C_100,0.0002444593293013,possible recoding or service mix change; cause unconfirmed,caveat; preserve reported codes
RC2314,2026-03,2026-04,NT411,CLEMENTINE CHURCHILL HOSPITAL,C_110,C_320,782,780,-2,0,1,1,0.5,-1,C_110,0.0002439170145533,possible recoding or service mix change; cause unconfirmed,caveat; preserve reported codes
RC2315,2024-03,2024-04,RPY,THE ROYAL MARSDEN NHS FOUNDATION TRUST,C_160,C_320,45,44,-1,1,2,1,1.0,0,C_320,0.0002438138335092,possible recoding or service mix change; cause unconfirmed,caveat; preserve reported codes
RC2316,2024-03,2024-04,NT447,DUCHY HOSPITAL,C_320,C_400,1,0,-1,5,7,2,0.5,1,C_320,0.0002438138335092,possible recoding or service mix change; cause unconfirmed,caveat; preserve reported codes
RC2317,2025-01,2025-02,NVC12,OAKLANDS HOSPITAL,C_320,X06,12,13,1,3,1,-2,0.5,-1,C_320,0.0002429655401974,possible recoding or service mix change; cause unconfirmed,caveat; preserve reported codes
RC2318,2025-01,2025-02,NT427,PARK HOSPITAL,C_320,X06,0,1,1,6,5,-1,1.0,0,C_320,0.0002429655401974,possible recoding or service mix change; cause unconfirmed,caveat; preserve reported codes
RC2319,2025-01,2025-02,NVC20,THE YORKSHIRE CLINIC,C_320,X06,1,0,-1,7,8,1,1.0,0,C_320,0.0002429655401974,possible recoding or service mix change; cause unconfirmed,caveat; preserve reported codes
RC2320,2025-01,2025-02,NVC12,OAKLANDS HOSPITAL,C_160,C_320,2,0,-2,12,13,1,0.5,-1,C_320,0.0002429655401974,possible recoding or service mix change; cause unconfirmed,caveat; preserve reported codes
RC2321,2025-01,2025-02,NT449,LANCASTER PRIVATE HOSPITAL,C_150,C_320,2,3,1,1,0,-1,1.0,0,C_320,0.0002429655401974,possible recoding or service mix change; cause unconfirmed,caveat; preserve reported codes
RC2322,2025-01,2025-02,NT449,LANCASTER PRIVATE HOSPITAL,C_320,X06,1,0,-1,0,1,1,1.0,0,C_320,0.0002429655401974,possible recoding or service mix change; cause unconfirmed,caveat; preserve reported codes
RC2323,2024-10,2024-11,NT402,BATH CLINIC,C_320,X06,1,0,-1,1,2,1,1.0,0,C_320,0.000242947241577,possible recoding or service mix change; cause unconfirmed,caveat; preserve reported codes
RC2324,2024-10,2024-11,S3H9L,THE HAMPTONS HOSPITAL LTD,C_320,X05,0,1,1,21,19,-2,0.5,-1,C_320,0.000242947241577,possible recoding or service mix change; cause unconfirmed,caveat; preserve reported codes
RC2325,2024-10,2024-11,NT412,DROITWICH SPA HOSPITAL,C_320,C_502,1,2,1,1,0,-1,1.0,0,C_320,0.000242947241577,possible recoding or service mix change; cause unconfirmed,caveat; preserve reported codes
RC2326,2024-10,2024-11,NT449,LANCASTER PRIVATE HOSPITAL,C_150,C_320,8,6,-2,0,1,1,0.5,-1,C_320,0.000242947241577,possible recoding or service mix change; cause unconfirmed,caveat; preserve reported codes
RC2327,2024-10,2024-11,RPY,THE ROYAL MARSDEN NHS FOUNDATION TRUST,C_320,X04,1,2,1,12,11,-1,1.0,0,C_320,0.000242947241577,possible recoding or service mix change; cause unconfirmed,caveat; preserve reported codes
RC2328,2024-10,2024-11,NVC12,OAKLANDS HOSPITAL,C_320,X05,32,33,1,1,0,-1,1.0,0,C_320,0.000242947241577,possible recoding or service mix change; cause unconfirmed,caveat; preserve reported codes
RC2329,2024-09,2024-10,NT403,BEARDWOOD HOSPITAL,C_150,C_320,30,28,-2,1,2,1,0.5,-1,C_320,0.0002427084319336,possible recoding or service mix change; cause unconfirmed,caveat; preserve reported codes
RC2330,2024-09,2024-10,NT406,BLACKHEATH HOSPITAL,C_320,C_502,1,0,-1,5,6,1,1.0,0,C_320,0.0002427084319336,possible recoding or service mix change; cause unconfirmed,caveat; preserve reported codes
RC2331,2024-08,2024-09,RTF,NORTHUMBRIA HEALTHCARE NHS FOUNDATION TRUST,C_320,C_400,1964,1965,1,3,1,-2,0.5,-1,C_320,0.0002426218689647,possible recoding or service mix change; cause unconfirmed,caveat; preserve reported codes
RC2332,2024-08,2024-09,NT406,BLACKHEATH HOSPITAL,C_150,C_320,10,8,-2,0,1,1,0.5,-1,C_320,0.0002426218689647,possible recoding or service mix change; cause unconfirmed,caveat; preserve reported codes
RC2333,2024-04,2024-05,AAH,TETBURY HOSPITAL TRUST LTD,C_320,X06,1,0,-1,10,11,1,1.0,0,C_320,0.0002424953744007,possible recoding or service mix change; cause unconfirmed,caveat; preserve reported codes
RC2334,2024-04,2024-05,AAH,TETBURY HOSPITAL TRUST LTD,C_320,X05,1,0,-1,0,1,1,1.0,0,C_320,0.0002424953744007,possible recoding or service mix change; cause unconfirmed,caveat; preserve reported codes
RC2335,2024-04,2024-05,G3Z1Q,SULIS HOSPITAL BATH (FOXCOTE AVENUE),C_320,X05,1,0,-1,0,1,1,1.0,0,C_320,0.0002424953744007,possible recoding or service mix change; cause unconfirmed,caveat; preserve reported codes
RC2336,2024-09,2024-10,NT211,"NUFFIELD HEALTH, CHELTENHAM HOSPITAL",C_100,X02,3,2,-1,0,1,1,1.0,0,C_100,0.0002423396438576,possible recoding or service mix change; cause unconfirmed,caveat; preserve reported codes
RC2337,2024-08,2024-09,RA9,TORBAY AND SOUTH DEVON NHS FOUNDATION TRUST,C_100,C_170,0,1,1,15,14,-1,1.0,0,C_100,0.0002416597189497,possible recoding or service mix change; cause unconfirmed,caveat; preserve reported codes
RC2338,2025-02,2025-03,RLT,GEORGE ELIOT HOSPITAL NHS TRUST,C_320,C_340,247,246,-1,1,2,1,1.0,0,C_320,0.0002408512647099,possible recoding or service mix change; cause unconfirmed,caveat; preserve reported codes
RC2339,2025-02,2025-03,NT347,SPIRE FYLDE COAST HOSPITAL,C_320,C_502,1,0,-1,273,274,1,1.0,0,C_320,0.0002408512647099,possible recoding or service mix change; cause unconfirmed,caveat; preserve reported codes
RC2340,2025-02,2025-03,NT3X3,SPIRE ST ANTHONY'S HOSPITAL,C_320,C_400,6,5,-1,0,1,1,1.0,0,C_320,0.0002408512647099,possible recoding or service mix change; cause unconfirmed,caveat; preserve reported codes
RC2341,2025-02,2025-03,RPY,THE ROYAL MARSDEN NHS FOUNDATION TRUST,C_320,C_330,1,0,-1,15,17,2,0.5,1,C_320,0.0002408512647099,possible recoding or service mix change; cause unconfirmed,caveat; preserve reported codes
RC2342,2025-02,2025-03,NT427,PARK HOSPITAL,C_150,C_320,7,5,-2,1,2,1,0.5,-1,C_320,0.0002408512647099,possible recoding or service mix change; cause unconfirmed,caveat; preserve reported codes
RC2343,2025-02,2025-03,NT427,PARK HOSPITAL,C_101,C_320,49,47,-2,1,2,1,0.5,-1,C_320,0.0002408512647099,possible recoding or service mix change; cause unconfirmed,caveat; preserve reported codes
RC2344,2025-02,2025-03,RPY,THE ROYAL MARSDEN NHS FOUNDATION TRUST,C_101,C_320,87,89,2,1,0,-1,0.5,1,C_320,0.0002408512647099,possible recoding or service mix change; cause unconfirmed,caveat; preserve reported codes
RC2345,2024-12,2025-01,NT412,DROITWICH SPA HOSPITAL,C_101,C_320,0,1,1,4,3,-1,1.0,0,C_320,0.0002408501045289,possible recoding or service mix change; cause unconfirmed,caveat; preserve reported codes
RC2346,2024-03,2024-04,NT402,BATH CLINIC,C_110,X06,301,303,2,1,0,-1,0.5,1,C_110,0.0002401234234396,possible recoding or service mix change; cause unconfirmed,caveat; preserve reported codes
RC2347,2024-02,2024-03,NT428,PRINCESS MARGARET HOSPITAL,C_110,X06,35,33,-2,0,1,1,0.5,-1,C_110,0.0002393922310039,possible recoding or service mix change; cause unconfirmed,caveat; preserve reported codes
RC2348,2024-02,2024-03,NT209,"NUFFIELD HEALTH, CAMBRIDGE HOSPITAL",C_110,C_301,380,382,2,3,0,-3,0.6666666666666666,-1,C_110,0.0002393922310039,possible recoding or service mix change; cause unconfirmed,caveat; preserve reported codes
RC2349,2024-06,2024-07,RPY,THE ROYAL MARSDEN NHS FOUNDATION TRUST,C_160,C_320,40,41,1,1,0,-1,1.0,0,C_320,0.0002393123121398,possible recoding or service mix change; cause unconfirmed,caveat; preserve reported codes
RC2350,2024-07,2024-08,NT327,SPIRE MANCHESTER HOSPITAL,C_320,X05,1,0,-1,4,5,1,1.0,0,C_320,0.0002388521720022,possible recoding or service mix change; cause unconfirmed,caveat; preserve reported codes
RC2351,2024-05,2024-06,NT428,PRINCESS MARGARET HOSPITAL,C_110,X06,49,47,-2,0,1,1,0.5,-1,C_110,0.0002380830505105,possible recoding or service mix change; cause unconfirmed,caveat; preserve reported codes
RC2352,2024-05,2024-06,NT402,BATH CLINIC,C_110,X06,307,309,2,2,0,-2,1.0,0,C_110,0.0002380830505105,possible recoding or service mix change; cause unconfirmed,caveat; preserve reported codes
RC2353,2024-01,2024-02,NVC01,ASHTEAD HOSPITAL,C_110,C_400,310,308,-2,0,1,1,0.5,-1,C_110,0.0002374298691523,possible recoding or service mix change; cause unconfirmed,caveat; preserve reported codes
RC2354,2025-02,2025-03,NT437,SLOANE HOSPITAL,C_110,C_150,346,348,2,2,0,-2,1.0,0,C_110,0.0002372293509642,possible recoding or service mix change; cause unconfirmed,caveat; preserve reported codes
RC2355,2025-02,2025-03,NT431,RUNNYMEDE HOSPITAL,C_110,X06,40,42,2,1,0,-1,0.5,1,C_110,0.0002372293509642,possible recoding or service mix change; cause unconfirmed,caveat; preserve reported codes
RC2356,2024-07,2024-08,NT424,MERIDEN HOSPITAL,C_100,C_101,248,247,-1,0,1,1,1.0,0,C_100,0.0002371455267239,possible recoding or service mix change; cause unconfirmed,caveat; preserve reported codes
RC2357,2024-07,2024-08,RXL,BLACKPOOL TEACHING HOSPITALS NHS FOUNDATION TRUST,C_100,C_300,1040,1041,1,1,0,-1,1.0,0,C_100,0.0002371455267239,possible recoding or service mix change; cause unconfirmed,caveat; preserve reported codes
RC2358,2024-07,2024-08,NT224,"NUFFIELD HEALTH, WARWICKSHIRE HOSPITAL",C_100,X06,21,22,1,2,0,-2,0.5,-1,C_100,0.0002371455267239,possible recoding or service mix change; cause unconfirmed,caveat; preserve reported codes
RC2359,2025-04,2025-05,NT431,RUNNYMEDE HOSPITAL,C_110,X06,51,49,-2,0,1,1,0.5,-1,C_110,0.0002371359666491,possible recoding or service mix change; cause unconfirmed,caveat; preserve reported codes
RC2360,2025-04,2025-05,NT211,"NUFFIELD HEALTH, CHELTENHAM HOSPITAL",C_110,C_320,17,15,-2,0,1,1,0.5,-1,C_110,0.0002371359666491,possible recoding or service mix change; cause unconfirmed,caveat; preserve reported codes
RC2361,2025-04,2025-05,NT437,SLOANE HOSPITAL,C_110,C_150,368,366,-2,0,1,1,0.5,-1,C_110,0.0002371359666491,possible recoding or service mix change; cause unconfirmed,caveat; preserve reported codes
RC2362,2024-01,2024-02,RXW,THE SHREWSBURY AND TELFORD HOSPITAL NHS TRUST,C_100,X03,5873,5874,1,1,0,-1,1.0,0,C_100,0.0002370196204841,possible recoding or service mix change; cause unconfirmed,caveat; preserve reported codes
RC2363,2024-01,2024-02,NT437,SLOANE HOSPITAL,C_100,C_150,131,130,-1,0,2,2,0.5,1,C_100,0.0002370196204841,possible recoding or service mix change; cause unconfirmed,caveat; preserve reported codes
RC2364,2024-01,2024-02,NT440,THORNBURY HOSPITAL,C_100,X06,50,49,-1,3,5,2,0.5,1,C_100,0.0002370196204841,possible recoding or service mix change; cause unconfirmed,caveat; preserve reported codes
RC2365,2025-03,2025-04,NT440,THORNBURY HOSPITAL,C_110,X06,243,245,2,5,2,-3,0.6666666666666666,-1,C_110,0.0002369331374686,possible recoding or service mix change; cause unconfirmed,caveat; preserve reported codes
RC2366,2025-03,2025-04,NVC07,FULWOOD HALL HOSPITAL,C_110,X06,2595,2597,2,4,0,-4,0.5,-2,C_110,0.0002369331374686,possible recoding or service mix change; cause unconfirmed,caveat; preserve reported codes
RC2367,2025-06,2025-07,NT239,"NUFFIELD HEALTH, TUNBRIDGE WELLS HOSPITAL",C_110,C_400,65,63,-2,1,2,1,0.5,-1,C_110,0.000236001288567,possible recoding or service mix change; cause unconfirmed,caveat; preserve reported codes
RC2368,2024-05,2024-06,NT437,SLOANE HOSPITAL,C_100,C_150,117,116,-1,0,2,2,0.5,1,C_100,0.0002360004531208,possible recoding or service mix change; cause unconfirmed,caveat; preserve reported codes
RC2369,2024-05,2024-06,NT435,SHELBURNE HOSPITAL,C_100,X06,1,2,1,13,11,-2,0.5,-1,C_100,0.0002360004531208,possible recoding or service mix change; cause unconfirmed,caveat; preserve reported codes
RC2370,2025-05,2025-06,NT408,CHAUCER HOSPITAL,C_110,C_301,454,456,2,6,2,-4,0.5,-2,C_110,0.0002357500860487,possible recoding or service mix change; cause unconfirmed,caveat; preserve reported codes
RC2371,2025-05,2025-06,NTPAD,PRACTICE PLUS GROUP SURGICAL CENTRE - ST MARYS PORTSMOUTH,C_110,C_320,477,479,2,2,0,-2,1.0,0,C_110,0.0002357500860487,possible recoding or service mix change; cause unconfirmed,caveat; preserve reported codes
RC2372,2024-03,2024-04,NT224,"NUFFIELD HEALTH, WARWICKSHIRE HOSPITAL",C_100,X06,25,24,-1,0,2,2,0.5,1,C_100,0.0002357172995283,possible recoding or service mix change; cause unconfirmed,caveat; preserve reported codes
RC2373,2024-03,2024-04,NVC05,EUXTON HALL HOSPITAL,C_100,C_301,402,403,1,3,1,-2,0.5,-1,C_100,0.0002357172995283,possible recoding or service mix change; cause unconfirmed,caveat; preserve reported codes
RC2374,2024-03,2024-04,NVC1H,STOURSIDE HOSPITAL,C_100,C_330,425,426,1,1,0,-1,1.0,0,C_100,0.0002357172995283,possible recoding or service mix change; cause unconfirmed,caveat; preserve reported codes
RC2375,2024-03,2024-04,NT233,"NUFFIELD HEALTH, PLYMOUTH HOSPITAL",C_100,C_101,100,99,-1,2,4,2,0.5,1,C_100,0.0002357172995283,possible recoding or service mix change; cause unconfirmed,caveat; preserve reported codes
RC2376,2024-06,2024-07,NT310,SPIRE TUNBRIDGE WELLS HOSPITAL,C_110,X05,221,219,-2,0,1,1,0.5,-1,C_110,0.0002350239783213,possible recoding or service mix change; cause unconfirmed,caveat; preserve reported codes
RC2377,2024-11,2024-12,AAH,TETBURY HOSPITAL TRUST LTD,C_110,C_340,34,32,-2,0,4,4,0.5,2,C_110,0.0002344110773298,possible recoding or service mix change; cause unconfirmed,caveat; preserve reported codes
RC2378,2024-11,2024-12,NT431,RUNNYMEDE HOSPITAL,C_110,C_130,68,66,-2,1,2,1,0.5,-1,C_110,0.0002344110773298,possible recoding or service mix change; cause unconfirmed,caveat; preserve reported codes
RC2379,2024-07,2024-08,NT450,LINCOLN HOSPITAL,C_110,X06,1132,1130,-2,1,2,1,0.5,-1,C_110,0.0002342046527096,possible recoding or service mix change; cause unconfirmed,caveat; preserve reported codes
RC2380,2025-08,2025-09,R1F,ISLE OF WIGHT NHS TRUST,C_110,X03,2682,2680,-2,0,1,1,0.5,-1,C_110,0.0002323244643469,possible recoding or service mix change; cause unconfirmed,caveat; preserve reported codes
RC2381,2025-08,2025-09,R1F,ISLE OF WIGHT NHS TRUST,C_110,C_300,2682,2680,-2,2,5,3,0.6666666666666666,1,C_110,0.0002323244643469,possible recoding or service mix change; cause unconfirmed,caveat; preserve reported codes
RC2382,2025-08,2025-09,NVC40,WOODTHORPE HOSPITAL,C_110,X06,1993,1995,2,2,0,-2,1.0,0,C_110,0.0002323244643469,possible recoding or service mix change; cause unconfirmed,caveat; preserve reported codes
RC2383,2025-08,2025-09,NT428,PRINCESS MARGARET HOSPITAL,C_110,X06,35,33,-2,0,1,1,0.5,-1,C_110,0.0002323244643469,possible recoding or service mix change; cause unconfirmed,caveat; preserve reported codes
RC2384,2026-02,2026-03,NVC13,OAKS HOSPITAL,C_120,X06,92,91,-1,0,1,1,1.0,0,C_120,0.0001726656467882,possible recoding or service mix change; cause unconfirmed,caveat; preserve reported codes
RC2385,2026-02,2026-03,NVC13,OAKS HOSPITAL,C_120,C_400,92,91,-1,0,1,1,1.0,0,C_120,0.0001726656467882,possible recoding or service mix change; cause unconfirmed,caveat; preserve reported codes
RC2386,2026-02,2026-03,NT317,SPIRE CAMBRIDGE LEA HOSPITAL,C_120,X05,0,1,1,1,0,-1,1.0,0,C_120,0.0001726656467882,possible recoding or service mix change; cause unconfirmed,caveat; preserve reported codes
RC2387,2024-12,2025-01,NVC21,WEST MIDLANDS HOSPITAL,C_101,C_130,114,113,-1,1,2,1,1.0,0,C_130,0.00017244590372,possible recoding or service mix change; cause unconfirmed,caveat; preserve reported codes
RC2388,2024-10,2024-11,NT350,SPIRE METHLEY PARK HOSPITAL,C_101,C_130,65,67,2,1,0,-1,0.5,1,C_130,0.0001713370285019,possible recoding or service mix change; cause unconfirmed,caveat; preserve reported codes
RC2389,2024-10,2024-11,NT350,SPIRE METHLEY PARK HOSPITAL,C_130,X05,1,0,-1,0,2,2,0.5,1,C_130,0.0001713370285019,possible recoding or service mix change; cause unconfirmed,caveat; preserve reported codes
RC2390,2025-06,2025-07,B3M1X,CLAREMONT PRIVATE HOSPITAL,C_130,C_400,3,4,1,1,0,-1,1.0,0,C_130,0.0001707594869701,possible recoding or service mix change; cause unconfirmed,caveat; preserve reported codes
RC2391,2025-06,2025-07,B3M1X,CLAREMONT PRIVATE HOSPITAL,C_130,X02,3,4,1,1,0,-1,1.0,0,C_130,0.0001707594869701,possible recoding or service mix change; cause unconfirmed,caveat; preserve reported codes
RC2392,2025-02,2025-03,NT441,THREE SHIRES HOSPITAL,C_130,C_330,1,0,-1,0,1,1,1.0,0,C_130,0.0001706240061151,possible recoding or service mix change; cause unconfirmed,caveat; preserve reported codes
RC2393,2025-02,2025-03,NT431,RUNNYMEDE HOSPITAL,C_130,X06,1,2,1,1,0,-1,1.0,0,C_130,0.0001706240061151,possible recoding or service mix change; cause unconfirmed,caveat; preserve reported codes
RC2394,2026-01,2026-02,K8I4X,GLENDON WOOD HOSPITAL,C_120,C_502,2,1,-1,0,2,2,0.5,1,C_120,0.0001705396214702,possible recoding or service mix change; cause unconfirmed,caveat; preserve reported codes
RC2395,2026-01,2026-02,AAH,TETBURY HOSPITAL TRUST LTD,C_120,C_320,1,0,-1,0,2,2,0.5,1,C_120,0.0001705396214702,possible recoding or service mix change; cause unconfirmed,caveat; preserve reported codes
RC2396,2026-01,2026-02,NT237,"NUFFIELD HEALTH, TEES HOSPITAL",C_101,C_120,6,5,-1,0,1,1,1.0,0,C_120,0.0001705396214702,possible recoding or service mix change; cause unconfirmed,caveat; preserve reported codes
RC2397,2025-07,2025-08,NVC01,ASHTEAD HOSPITAL,C_130,C_330,97,96,-1,2,4,2,0.5,1,C_130,0.0001702484094542,possible recoding or service mix change; cause unconfirmed,caveat; preserve reported codes
RC2398,2025-12,2026-01,ADP02,KIMS HOSPITAL (NEWNHAM COURT),C_120,C_130,29,28,-1,0,2,2,0.5,1,C_120,0.0001701626584852,possible recoding or service mix change; cause unconfirmed,caveat; preserve reported codes
RC2399,2025-12,2026-01,NT315,SPIRE BUSHEY HOSPITAL,C_120,C_502,65,64,-1,1,2,1,1.0,0,C_120,0.0001701626584852,possible recoding or service mix change; cause unconfirmed,caveat; preserve reported codes
RC2400,2026-03,2026-04,NT412,DROITWICH SPA HOSPITAL,C_101,C_120,0,1,1,30,29,-1,1.0,0,C_120,0.0001699876588959,possible recoding or service mix change; cause unconfirmed,caveat; preserve reported codes
RC2401,2025-10,2025-11,ADP02,KIMS HOSPITAL (NEWNHAM COURT),C_120,C_301,27,26,-1,0,2,2,0.5,1,C_120,0.0001699440374284,possible recoding or service mix change; cause unconfirmed,caveat; preserve reported codes
RC2402,2025-10,2025-11,NT216,"NUFFIELD HEALTH, GUILDFORD HOSPITAL",C_120,C_301,2,3,1,1,0,-1,1.0,0,C_120,0.0001699440374284,possible recoding or service mix change; cause unconfirmed,caveat; preserve reported codes
RC2403,2025-10,2025-11,NVC05,EUXTON HALL HOSPITAL,C_120,C_400,11,12,1,1,0,-1,1.0,0,C_120,0.0001699440374284,possible recoding or service mix change; cause unconfirmed,caveat; preserve reported codes
RC2404,2025-10,2025-11,NT216,"NUFFIELD HEALTH, GUILDFORD HOSPITAL",C_120,X06,2,3,1,1,0,-1,1.0,0,C_120,0.0001699440374284,possible recoding or service mix change; cause unconfirmed,caveat; preserve reported codes
RC2405,2025-10,2025-11,NT402,BATH CLINIC,C_120,X06,1,0,-1,12,13,1,1.0,0,C_120,0.0001699440374284,possible recoding or service mix change; cause unconfirmed,caveat; preserve reported codes
RC2406,2025-10,2025-11,NVC05,EUXTON HALL HOSPITAL,C_120,C_301,11,12,1,1,0,-1,1.0,0,C_120,0.0001699440374284,possible recoding or service mix change; cause unconfirmed,caveat; preserve reported codes
RC2407,2025-10,2025-11,NT449,LANCASTER PRIVATE HOSPITAL,C_120,C_320,2,1,-1,1,2,1,1.0,0,C_120,0.0001699440374284,possible recoding or service mix change; cause unconfirmed,caveat; preserve reported codes
RC2408,2025-10,2025-11,NT449,LANCASTER PRIVATE HOSPITAL,C_120,C_150,2,1,-1,2,4,2,0.5,1,C_120,0.0001699440374284,possible recoding or service mix change; cause unconfirmed,caveat; preserve reported codes
RC2409,2025-03,2025-04,NVC15,PINEHILL HOSPITAL,C_130,C_400,105,106,1,2,0,-2,0.5,-1,C_130,0.0001698834090163,possible recoding or service mix change; cause unconfirmed,caveat; preserve reported codes
RC2410,2025-03,2025-04,RM1,NORFOLK AND NORWICH UNIVERSITY HOSPITALS NHS FOUNDATION TRUST,C_130,X03,4776,4775,-1,0,1,1,1.0,0,C_130,0.0001698834090163,possible recoding or service mix change; cause unconfirmed,caveat; preserve reported codes
RC2411,2024-11,2024-12,NT427,PARK HOSPITAL,C_130,X06,1,0,-1,6,7,1,1.0,0,C_130,0.0001696824901244,possible recoding or service mix change; cause unconfirmed,caveat; preserve reported codes
RC2412,2024-11,2024-12,NT412,DROITWICH SPA HOSPITAL,C_130,C_320,9,8,-1,2,4,2,0.5,1,C_130,0.0001696824901244,possible recoding or service mix change; cause unconfirmed,caveat; preserve reported codes
RC2413,2025-04,2025-05,NVC21,WEST MIDLANDS HOSPITAL,C_130,C_301,1,0,-1,3,5,2,0.5,1,C_130,0.0001696220481523,possible recoding or service mix change; cause unconfirmed,caveat; preserve reported codes
RC2414,2025-04,2025-05,NVC12,OAKLANDS HOSPITAL,C_130,C_320,1,2,1,8,6,-2,0.5,-1,C_130,0.0001696220481523,possible recoding or service mix change; cause unconfirmed,caveat; preserve reported codes
RC2415,2025-04,2025-05,NVC21,WEST MIDLANDS HOSPITAL,C_130,C_160,1,0,-1,0,1,1,1.0,0,C_130,0.0001696220481523,possible recoding or service mix change; cause unconfirmed,caveat; preserve reported codes
RC2416,2025-11,2025-12,NVC28,CLIFTON PARK HOSPITAL,C_120,C_160,0,1,1,1,0,-1,1.0,0,C_120,0.0001696059375646,possible recoding or service mix change; cause unconfirmed,caveat; preserve reported codes
RC2417,2025-11,2025-12,NVC28,CLIFTON PARK HOSPITAL,C_120,X05,0,1,1,2,0,-2,0.5,-1,C_120,0.0001696059375646,possible recoding or service mix change; cause unconfirmed,caveat; preserve reported codes
RC2418,2025-11,2025-12,NVC28,CLIFTON PARK HOSPITAL,C_120,C_400,0,1,1,1,0,-1,1.0,0,C_120,0.0001696059375646,possible recoding or service mix change; cause unconfirmed,caveat; preserve reported codes
RC2419,2025-11,2025-12,NT204,"NUFFIELD HEALTH, BRENTWOOD HOSPITAL",C_120,C_502,1,0,-1,1,2,1,1.0,0,C_120,0.0001696059375646,possible recoding or service mix change; cause unconfirmed,caveat; preserve reported codes
RC2420,2025-11,2025-12,NT216,"NUFFIELD HEALTH, GUILDFORD HOSPITAL",C_120,X06,3,2,-1,0,1,1,1.0,0,C_120,0.0001696059375646,possible recoding or service mix change; cause unconfirmed,caveat; preserve reported codes
RC2421,2025-11,2025-12,NT430,RIDGEWAY HOSPITAL,C_120,X06,0,1,1,1,0,-1,1.0,0,C_120,0.0001696059375646,possible recoding or service mix change; cause unconfirmed,caveat; preserve reported codes
RC2422,2025-05,2025-06,NT431,RUNNYMEDE HOSPITAL,C_130,X06,1,2,1,1,0,-1,1.0,0,C_130,0.0001688159753933,possible recoding or service mix change; cause unconfirmed,caveat; preserve reported codes
RC2423,2024-09,2024-10,NT431,RUNNYMEDE HOSPITAL,C_130,X06,0,1,1,1,0,-1,1.0,0,C_130,0.0001683949602756,possible recoding or service mix change; cause unconfirmed,caveat; preserve reported codes
RC2424,2024-09,2024-10,NVC21,WEST MIDLANDS HOSPITAL,C_130,X02,0,1,1,16,15,-1,1.0,0,C_130,0.0001683949602756,possible recoding or service mix change; cause unconfirmed,caveat; preserve reported codes
RC2425,2024-09,2024-10,NT427,PARK HOSPITAL,C_130,C_150,0,1,1,2,1,-1,1.0,0,C_130,0.0001683949602756,possible recoding or service mix change; cause unconfirmed,caveat; preserve reported codes
RC2426,2026-04,2026-05,NVC15,PINEHILL HOSPITAL,C_120,X06,0,1,1,116,115,-1,1.0,0,C_120,0.0001682564093072,possible recoding or service mix change; cause unconfirmed,caveat; preserve reported codes
RC2427,2026-04,2026-05,NVC15,PINEHILL HOSPITAL,C_120,X02,0,1,1,151,149,-2,0.5,-1,C_120,0.0001682564093072,possible recoding or service mix change; cause unconfirmed,caveat; preserve reported codes
RC2428,2025-12,2026-01,NT446,ST EDMUNDS HOSPITAL,C_130,C_330,25,24,-1,0,1,1,1.0,0,C_130,0.0001676066606886,possible recoding or service mix change; cause unconfirmed,caveat; preserve reported codes
RC2429,2025-10,2025-11,RWG,WEST HERTFORDSHIRE TEACHING HOSPITALS NHS TRUST,C_130,X03,2902,2901,-1,3,5,2,0.5,1,C_130,0.0001672576436743,possible recoding or service mix change; cause unconfirmed,caveat; preserve reported codes
RC2430,2025-10,2025-11,NVC23,WOODLAND HOSPITAL,C_130,C_400,0,1,1,1,0,-1,1.0,0,C_130,0.0001672576436743,possible recoding or service mix change; cause unconfirmed,caveat; preserve reported codes
RC2431,2025-10,2025-11,NVC23,WOODLAND HOSPITAL,C_130,C_330,0,1,1,21,20,-1,1.0,0,C_130,0.0001672576436743,possible recoding or service mix change; cause unconfirmed,caveat; preserve reported codes
RC2432,2025-10,2025-11,NVC23,WOODLAND HOSPITAL,C_130,X02,0,1,1,4,3,-1,1.0,0,C_130,0.0001672576436743,possible recoding or service mix change; cause unconfirmed,caveat; preserve reported codes
RC2433,2025-09,2025-10,NVC25,THE CHERWELL HOSPITAL,C_130,X06,0,1,1,1,0,-1,1.0,0,C_130,0.0001670584186584,possible recoding or service mix change; cause unconfirmed,caveat; preserve reported codes
RC2434,2025-09,2025-10,NVC12,OAKLANDS HOSPITAL,C_130,X06,4,5,1,1,0,-1,1.0,0,C_130,0.0001670584186584,possible recoding or service mix change; cause unconfirmed,caveat; preserve reported codes
RC2435,2024-08,2024-09,NT437,SLOANE HOSPITAL,C_130,X06,1,0,-1,168,170,2,0.5,1,C_130,0.0001665628424948,possible recoding or service mix change; cause unconfirmed,caveat; preserve reported codes
RC2436,2026-01,2026-02,RQ3,BIRMINGHAM WOMEN'S AND CHILDREN'S NHS FOUNDATION TRUST,C_130,X05,1,0,-1,58,60,2,0.5,1,C_130,0.0001665046021872,possible recoding or service mix change; cause unconfirmed,caveat; preserve reported codes
RC2437,2026-01,2026-02,RJE,UNIVERSITY HOSPITALS OF NORTH MIDLANDS NHS TRUST,C_130,C_410,5524,5525,1,2,0,-2,0.5,-1,C_130,0.0001665046021872,possible recoding or service mix change; cause unconfirmed,caveat; preserve reported codes
RC2438,2026-01,2026-02,B3M1X,CLAREMONT PRIVATE HOSPITAL,C_130,X02,22,21,-1,0,1,1,1.0,0,C_130,0.0001665046021872,possible recoding or service mix change; cause unconfirmed,caveat; preserve reported codes
RC2439,2026-01,2026-02,NVC17,ROWLEY HALL HOSPITAL,C_101,C_130,2,1,-1,0,1,1,1.0,0,C_130,0.0001665046021872,possible recoding or service mix change; cause unconfirmed,caveat; preserve reported codes
RC2440,2025-11,2025-12,NVC25,THE CHERWELL HOSPITAL,C_130,X06,1,0,-1,0,1,1,1.0,0,C_130,0.0001663364887365,possible recoding or service mix change; cause unconfirmed,caveat; preserve reported codes
RC2441,2026-02,2026-03,NVC23,WOODLAND HOSPITAL,C_130,X02,0,1,1,7,6,-1,1.0,0,C_130,0.0001661046791688,possible recoding or service mix change; cause unconfirmed,caveat; preserve reported codes
RC2442,2026-02,2026-03,ADP02,KIMS HOSPITAL (NEWNHAM COURT),C_101,C_130,21,22,1,1,0,-1,1.0,0,C_130,0.0001661046791688,possible recoding or service mix change; cause unconfirmed,caveat; preserve reported codes
RC2443,2026-02,2026-03,NT406,BLACKHEATH HOSPITAL,C_130,C_502,135,134,-1,0,1,1,1.0,0,C_130,0.0001661046791688,possible recoding or service mix change; cause unconfirmed,caveat; preserve reported codes
RC2444,2026-02,2026-03,ADP02,KIMS HOSPITAL (NEWNHAM COURT),C_130,C_502,1,0,-1,147,148,1,1.0,0,C_130,0.0001661046791688,possible recoding or service mix change; cause unconfirmed,caveat; preserve reported codes
RC2445,2024-06,2024-07,NVC02,THE BERKSHIRE INDEPENDENT HOSPITAL,C_130,C_301,29,30,1,2,0,-2,0.5,-1,C_130,0.0001647937852967,possible recoding or service mix change; cause unconfirmed,caveat; preserve reported codes
RC2446,2024-06,2024-07,NT347,SPIRE FYLDE COAST HOSPITAL,C_130,C_320,1,0,-1,3,4,1,1.0,0,C_130,0.0001647937852967,possible recoding or service mix change; cause unconfirmed,caveat; preserve reported codes
RC2447,2024-07,2024-08,NVC23,WOODLAND HOSPITAL,C_130,X06,14,15,1,1,0,-1,1.0,0,C_130,0.0001644163548236,possible recoding or service mix change; cause unconfirmed,caveat; preserve reported codes
RC2448,2024-07,2024-08,NVC25,THE CHERWELL HOSPITAL,C_130,X06,3,2,-1,0,1,1,1.0,0,C_130,0.0001644163548236,possible recoding or service mix change; cause unconfirmed,caveat; preserve reported codes
RC2449,2024-07,2024-08,NT411,CLEMENTINE CHURCHILL HOSPITAL,C_130,C_400,37,36,-1,2,4,2,0.5,1,C_130,0.0001644163548236,possible recoding or service mix change; cause unconfirmed,caveat; preserve reported codes
RC2450,2024-07,2024-08,K8I4X,GLENDON WOOD HOSPITAL,C_130,X06,690,689,-1,3,5,2,0.5,1,C_130,0.0001644163548236,possible recoding or service mix change; cause unconfirmed,caveat; preserve reported codes
RC2451,2024-05,2024-06,NT437,SLOANE HOSPITAL,C_130,C_150,2,1,-1,0,2,2,0.5,1,C_130,0.0001638602861656,possible recoding or service mix change; cause unconfirmed,caveat; preserve reported codes
RC2452,2024-05,2024-06,NT433,SARUM ROAD HOSPITAL,C_101,C_130,1,0,-1,11,12,1,1.0,0,C_130,0.0001638602861656,possible recoding or service mix change; cause unconfirmed,caveat; preserve reported codes
RC2453,2026-03,2026-04,NVC06,FITZWILLIAM HOSPITAL,C_130,X05,206,207,1,1,0,-1,1.0,0,C_130,0.0001637443753807,possible recoding or service mix change; cause unconfirmed,caveat; preserve reported codes
RC2454,2026-03,2026-04,NT446,ST EDMUNDS HOSPITAL,C_130,X06,24,23,-1,1,2,1,1.0,0,C_130,0.0001637443753807,possible recoding or service mix change; cause unconfirmed,caveat; preserve reported codes
RC2455,2026-03,2026-04,NT431,RUNNYMEDE HOSPITAL,C_130,X06,2,1,-1,0,2,2,0.5,1,C_130,0.0001637443753807,possible recoding or service mix change; cause unconfirmed,caveat; preserve reported codes
RC2456,2024-04,2024-05,NVC25,THE CHERWELL HOSPITAL,C_130,X06,2,3,1,1,0,-1,1.0,0,C_130,0.0001630164565112,possible recoding or service mix change; cause unconfirmed,caveat; preserve reported codes
RC2457,2024-04,2024-05,NVC27,BOSTON WEST HOSPITAL,C_130,X02,577,578,1,1,0,-1,1.0,0,C_130,0.0001630164565112,possible recoding or service mix change; cause unconfirmed,caveat; preserve reported codes
RC2458,2025-09,2025-10,NT3X3,SPIRE ST ANTHONY'S HOSPITAL,C_101,C_120,1,0,-1,24,25,1,1.0,0,C_120,0.0001628733464283,possible recoding or service mix change; cause unconfirmed,caveat; preserve reported codes
RC2459,2025-09,2025-10,RQ3,BIRMINGHAM WOMEN'S AND CHILDREN'S NHS FOUNDATION TRUST,C_120,X03,0,1,1,7,6,-1,1.0,0,C_120,0.0001628733464283,possible recoding or service mix change; cause unconfirmed,caveat; preserve reported codes
RC2460,2025-09,2025-10,NT402,BATH CLINIC,C_120,C_320,0,1,1,1,0,-1,1.0,0,C_120,0.0001628733464283,possible recoding or service mix change; cause unconfirmed,caveat; preserve reported codes
RC2461,2025-08,2025-09,NT449,LANCASTER PRIVATE HOSPITAL,C_120,C_301,1,2,1,5,3,-2,0.5,-1,C_120,0.0001619351902981,possible recoding or service mix change; cause unconfirmed,caveat; preserve reported codes
RC2462,2025-08,2025-09,NT449,LANCASTER PRIVATE HOSPITAL,C_120,X06,1,2,1,6,4,-2,0.5,-1,C_120,0.0001619351902981,possible recoding or service mix change; cause unconfirmed,caveat; preserve reported codes
RC2463,2025-07,2025-08,NVC05,EUXTON HALL HOSPITAL,C_120,C_400,13,12,-1,1,2,1,1.0,0,C_120,0.0001603499477259,possible recoding or service mix change; cause unconfirmed,caveat; preserve reported codes
RC2464,2025-07,2025-08,NT430,RIDGEWAY HOSPITAL,C_120,C_301,0,1,1,4,2,-2,0.5,-1,C_120,0.0001603499477259,possible recoding or service mix change; cause unconfirmed,caveat; preserve reported codes
RC2465,2025-07,2025-08,NT446,ST EDMUNDS HOSPITAL,C_120,C_130,1,0,-1,30,31,1,1.0,0,C_120,0.0001603499477259,possible recoding or service mix change; cause unconfirmed,caveat; preserve reported codes
RC2466,2025-07,2025-08,NT446,ST EDMUNDS HOSPITAL,C_120,X06,1,0,-1,1,3,2,0.5,1,C_120,0.0001603499477259,possible recoding or service mix change; cause unconfirmed,caveat; preserve reported codes
RC2467,2026-04,2026-05,NT431,RUNNYMEDE HOSPITAL,C_130,C_301,1,2,1,33,31,-2,0.5,-1,C_130,0.0001601201541636,possible recoding or service mix change; cause unconfirmed,caveat; preserve reported codes
RC2468,2026-04,2026-05,NT431,RUNNYMEDE HOSPITAL,C_130,X06,1,2,1,2,1,-1,1.0,0,C_130,0.0001601201541636,possible recoding or service mix change; cause unconfirmed,caveat; preserve reported codes
RC2469,2026-04,2026-05,NVC21,WEST MIDLANDS HOSPITAL,C_130,X02,1,0,-1,18,20,2,0.5,1,C_130,0.0001601201541636,possible recoding or service mix change; cause unconfirmed,caveat; preserve reported codes
RC2470,2024-01,2024-02,NT317,SPIRE CAMBRIDGE LEA HOSPITAL,C_120,C_150,1,2,1,11,9,-2,0.5,-1,C_120,0.0001592686384124,possible recoding or service mix change; cause unconfirmed,caveat; preserve reported codes
RC2471,2025-06,2025-07,NVC23,WOODLAND HOSPITAL,C_120,C_400,4,5,1,1,0,-1,1.0,0,C_120,0.0001590938017054,possible recoding or service mix change; cause unconfirmed,caveat; preserve reported codes
RC2472,2025-06,2025-07,NT239,"NUFFIELD HEALTH, TUNBRIDGE WELLS HOSPITAL",C_120,C_400,8,7,-1,1,2,1,1.0,0,C_120,0.0001590938017054,possible recoding or service mix change; cause unconfirmed,caveat; preserve reported codes
RC2473,2024-10,2024-11,NT412,DROITWICH SPA HOSPITAL,C_120,C_502,82,83,1,1,0,-1,1.0,0,C_120,0.0001579105278948,possible recoding or service mix change; cause unconfirmed,caveat; preserve reported codes
RC2474,2024-11,2024-12,NVC12,OAKLANDS HOSPITAL,C_120,C_160,10,9,-1,0,1,1,1.0,0,C_120,0.0001578813584743,possible recoding or service mix change; cause unconfirmed,caveat; preserve reported codes
RC2475,2025-01,2025-02,NT402,BATH CLINIC,C_120,C_301,0,1,1,11,9,-2,0.5,-1,C_120,0.0001577078115833,possible recoding or service mix change; cause unconfirmed,caveat; preserve reported codes
RC2476,2025-01,2025-02,NT412,DROITWICH SPA HOSPITAL,C_101,C_120,1,0,-1,67,68,1,1.0,0,C_120,0.0001577078115833,possible recoding or service mix change; cause unconfirmed,caveat; preserve reported codes
RC2477,2025-05,2025-06,NT437,SLOANE HOSPITAL,C_120,C_150,1,0,-1,1,3,2,0.5,1,C_120,0.0001572524845892,possible recoding or service mix change; cause unconfirmed,caveat; preserve reported codes
RC2478,2025-05,2025-06,NVC12,OAKLANDS HOSPITAL,C_120,C_301,0,1,1,29,27,-2,0.5,-1,C_120,0.0001572524845892,possible recoding or service mix change; cause unconfirmed,caveat; preserve reported codes
RC2479,2025-05,2025-06,NVC23,WOODLAND HOSPITAL,C_120,X06,5,4,-1,0,1,1,1.0,0,C_120,0.0001572524845892,possible recoding or service mix change; cause unconfirmed,caveat; preserve reported codes
RC2480,2025-05,2025-06,NT451,CAVELL HOSPITAL,C_120,C_502,0,1,1,172,171,-1,1.0,0,C_120,0.0001572524845892,possible recoding or service mix change; cause unconfirmed,caveat; preserve reported codes
RC2481,2025-05,2025-06,NVC12,OAKLANDS HOSPITAL,C_120,C_502,0,1,1,3,1,-2,0.5,-1,C_120,0.0001572524845892,possible recoding or service mix change; cause unconfirmed,caveat; preserve reported codes
RC2482,2025-05,2025-06,NVC23,WOODLAND HOSPITAL,C_120,C_400,5,4,-1,0,1,1,1.0,0,C_120,0.0001572524845892,possible recoding or service mix change; cause unconfirmed,caveat; preserve reported codes
RC2483,2025-04,2025-05,RR7,GATESHEAD HEALTH NHS FOUNDATION TRUST,C_101,C_120,1047,1045,-2,0,1,1,0.5,-1,C_120,0.0001571738877589,possible recoding or service mix change; cause unconfirmed,caveat; preserve reported codes
RC2484,2025-04,2025-05,NVC15,PINEHILL HOSPITAL,C_120,C_410,1,0,-1,0,1,1,1.0,0,C_120,0.0001571738877589,possible recoding or service mix change; cause unconfirmed,caveat; preserve reported codes
RC2485,2025-04,2025-05,NVC07,FULWOOD HALL HOSPITAL,C_120,C_160,1,0,-1,1,2,1,1.0,0,C_120,0.0001571738877589,possible recoding or service mix change; cause unconfirmed,caveat; preserve reported codes
RC2486,2024-12,2025-01,NT430,RIDGEWAY HOSPITAL,C_120,C_502,2,3,1,3,1,-2,0.5,-1,C_120,0.0001568305179641,possible recoding or service mix change; cause unconfirmed,caveat; preserve reported codes
RC2487,2024-09,2024-10,NT427,PARK HOSPITAL,C_120,C_130,1,0,-1,0,1,1,1.0,0,C_120,0.000156826582733,possible recoding or service mix change; cause unconfirmed,caveat; preserve reported codes
RC2488,2024-09,2024-10,NT417,GORING HALL HOSPITAL,C_120,C_502,0,1,1,176,174,-2,0.5,-1,C_120,0.000156826582733,possible recoding or service mix change; cause unconfirmed,caveat; preserve reported codes
RC2489,2024-09,2024-10,NT410,CHILTERN HOSPITAL,C_120,X06,0,1,1,7,5,-2,0.5,-1,C_120,0.000156826582733,possible recoding or service mix change; cause unconfirmed,caveat; preserve reported codes
RC2490,2024-09,2024-10,NT406,BLACKHEATH HOSPITAL,C_120,C_502,1,0,-1,5,6,1,1.0,0,C_120,0.000156826582733,possible recoding or service mix change; cause unconfirmed,caveat; preserve reported codes
RC2491,2024-09,2024-10,NT405,BISHOPS WOOD HOSPITAL,C_120,C_301,0,1,1,15,14,-1,1.0,0,C_120,0.000156826582733,possible recoding or service mix change; cause unconfirmed,caveat; preserve reported codes
RC2492,2024-09,2024-10,NT3X3,SPIRE ST ANTHONY'S HOSPITAL,C_101,C_120,2,4,2,43,42,-1,0.5,1,C_120,0.000156826582733,possible recoding or service mix change; cause unconfirmed,caveat; preserve reported codes
RC2493,2025-02,2025-03,NVC15,PINEHILL HOSPITAL,C_101,C_120,19,17,-2,0,1,1,0.5,-1,C_120,0.0001568044507375,possible recoding or service mix change; cause unconfirmed,caveat; preserve reported codes
RC2494,2025-02,2025-03,AAH,TETBURY HOSPITAL TRUST LTD,C_120,C_340,10,9,-1,0,2,2,0.5,1,C_120,0.0001568044507375,possible recoding or service mix change; cause unconfirmed,caveat; preserve reported codes
RC2495,2025-02,2025-03,NT449,LANCASTER PRIVATE HOSPITAL,C_120,C_502,0,1,1,1,0,-1,1.0,0,C_120,0.0001568044507375,possible recoding or service mix change; cause unconfirmed,caveat; preserve reported codes
RC2496,2025-02,2025-03,NT216,"NUFFIELD HEALTH, GUILDFORD HOSPITAL",C_120,X06,11,10,-1,1,2,1,1.0,0,C_120,0.0001568044507375,possible recoding or service mix change; cause unconfirmed,caveat; preserve reported codes
RC2497,2025-02,2025-03,NT437,SLOANE HOSPITAL,C_120,C_150,5,6,1,2,0,-2,0.5,-1,C_120,0.0001568044507375,possible recoding or service mix change; cause unconfirmed,caveat; preserve reported codes
RC2498,2025-02,2025-03,NT430,RIDGEWAY HOSPITAL,C_120,C_502,0,1,1,1,0,-1,1.0,0,C_120,0.0001568044507375,possible recoding or service mix change; cause unconfirmed,caveat; preserve reported codes
RC2499,2025-02,2025-03,NT405,BISHOPS WOOD HOSPITAL,C_120,X06,1,0,-1,2,4,2,0.5,1,C_120,0.0001568044507375,possible recoding or service mix change; cause unconfirmed,caveat; preserve reported codes
RC2500,2025-03,2025-04,NVC07,FULWOOD HALL HOSPITAL,C_120,C_160,0,1,1,2,1,-1,1.0,0,C_120,0.0001565155873873,possible recoding or service mix change; cause unconfirmed,caveat; preserve reported codes
RC2501,2025-03,2025-04,NVC18,SPRINGFIELD HOSPITAL,C_120,C_400,919,920,1,1,0,-1,1.0,0,C_120,0.0001565155873873,possible recoding or service mix change; cause unconfirmed,caveat; preserve reported codes
RC2502,2025-03,2025-04,NVC05,EUXTON HALL HOSPITAL,C_120,C_160,6,5,-1,2,4,2,0.5,1,C_120,0.0001565155873873,possible recoding or service mix change; cause unconfirmed,caveat; preserve reported codes
RC2503,2024-02,2024-03,NT327,SPIRE MANCHESTER HOSPITAL,C_120,X05,30,29,-1,0,2,2,0.5,1,C_120,0.0001564051832677,possible recoding or service mix change; cause unconfirmed,caveat; preserve reported codes
RC2504,2024-02,2024-03,NT327,SPIRE MANCHESTER HOSPITAL,C_120,C_320,30,29,-1,0,1,1,1.0,0,C_120,0.0001564051832677,possible recoding or service mix change; cause unconfirmed,caveat; preserve reported codes
RC2505,2024-08,2024-09,NVC05,EUXTON HALL HOSPITAL,C_120,C_160,8,7,-1,1,2,1,1.0,0,C_120,0.000156258057056,possible recoding or service mix change; cause unconfirmed,caveat; preserve reported codes
RC2506,2024-08,2024-09,NVC08,MOUNT STUART HOSPITAL,C_120,C_130,1,0,-1,218,220,2,0.5,1,C_120,0.000156258057056,possible recoding or service mix change; cause unconfirmed,caveat; preserve reported codes
RC2507,2024-08,2024-09,NVC08,MOUNT STUART HOSPITAL,C_120,C_301,1,0,-1,0,1,1,1.0,0,C_120,0.000156258057056,possible recoding or service mix change; cause unconfirmed,caveat; preserve reported codes
RC2508,2024-07,2024-08,NT409,CHELSFIELD PARK HOSPITAL,C_120,C_150,22,21,-1,1,3,2,0.5,1,C_120,0.0001536034603787,possible recoding or service mix change; cause unconfirmed,caveat; preserve reported codes
RC2509,2024-03,2024-04,NT424,MERIDEN HOSPITAL,C_120,X06,1,0,-1,0,2,2,0.5,1,C_120,0.0001533168568817,possible recoding or service mix change; cause unconfirmed,caveat; preserve reported codes
RC2510,2024-06,2024-07,NT427,PARK HOSPITAL,C_120,C_150,0,1,1,5,3,-2,0.5,-1,C_120,0.0001521049037099,possible recoding or service mix change; cause unconfirmed,caveat; preserve reported codes
RC2511,2024-06,2024-07,NT427,PARK HOSPITAL,C_101,C_120,61,60,-1,0,1,1,1.0,0,C_120,0.0001521049037099,possible recoding or service mix change; cause unconfirmed,caveat; preserve reported codes
RC2512,2024-05,2024-06,NT417,GORING HALL HOSPITAL,C_101,C_120,144,146,2,1,0,-1,0.5,1,C_120,0.0001518748186994,possible recoding or service mix change; cause unconfirmed,caveat; preserve reported codes
RC2513,2026-03,2026-04,NVC01,ASHTEAD HOSPITAL,C_110,C_400,466,465,-1,0,1,1,1.0,0,C_110,0.0001219585072766,possible recoding or service mix change; cause unconfirmed,caveat; preserve reported codes
RC2514,2026-04,2026-05,RWG,WEST HERTFORDSHIRE TEACHING HOSPITALS NHS TRUST,C_110,X03,4566,4565,-1,2,4,2,0.5,1,C_110,0.0001207787815836,possible recoding or service mix change; cause unconfirmed,caveat; preserve reported codes
RC2515,2026-04,2026-05,RL1,THE ROBERT JONES AND AGNES HUNT ORTHOPAEDIC HOSPITAL NHS FOUNDATION TRUST,C_110,C_320,8926,8927,1,1,0,-1,1.0,0,C_110,0.0001207787815836,possible recoding or service mix change; cause unconfirmed,caveat; preserve reported codes
RC2516,2026-01,2026-02,NVC27,BOSTON WEST HOSPITAL,C_110,X02,996,995,-1,0,1,1,1.0,0,C_110,0.000120557748367,possible recoding or service mix change; cause unconfirmed,caveat; preserve reported codes
RC2517,2024-05,2024-06,NEY,PIONEER HEALTHCARE LIMITED,C_110,C_140,346,347,1,3,1,-2,0.5,-1,C_110,0.0001190415252552,possible recoding or service mix change; cause unconfirmed,caveat; preserve reported codes
RC2518,2025-01,2025-02,NT428,PRINCESS MARGARET HOSPITAL,C_110,X06,55,54,-1,1,2,1,1.0,0,C_110,0.0001188071759534,possible recoding or service mix change; cause unconfirmed,caveat; preserve reported codes
RC2519,2025-02,2025-03,NVC02,THE BERKSHIRE INDEPENDENT HOSPITAL,C_110,C_300,644,643,-1,0,1,1,1.0,0,C_110,0.0001186146754821,possible recoding or service mix change; cause unconfirmed,caveat; preserve reported codes
RC2520,2025-02,2025-03,S3H9L,THE HAMPTONS HOSPITAL LTD,C_110,C_130,213,214,1,1,0,-1,1.0,0,C_110,0.0001186146754821,possible recoding or service mix change; cause unconfirmed,caveat; preserve reported codes
RC2521,2025-10,2025-11,NT430,RIDGEWAY HOSPITAL,C_110,X06,16,15,-1,0,1,1,1.0,0,C_110,0.00011828566224,possible recoding or service mix change; cause unconfirmed,caveat; preserve reported codes
RC2522,2025-06,2025-07,NT301,SPIRE SOUTH BANK HOSPITAL,C_110,X05,584,583,-1,0,1,1,1.0,0,C_110,0.0001180006442835,possible recoding or service mix change; cause unconfirmed,caveat; preserve reported codes
RC2523,2024-12,2025-01,NT30A,SPIRE NOTTINGHAM HOSPITAL,C_110,C_320,387,388,1,1,0,-1,1.0,0,C_110,0.0001179296738183,possible recoding or service mix change; cause unconfirmed,caveat; preserve reported codes
RC2524,2025-05,2025-06,NT431,RUNNYMEDE HOSPITAL,C_110,C_130,49,48,-1,1,2,1,1.0,0,C_110,0.0001178750430243,possible recoding or service mix change; cause unconfirmed,caveat; preserve reported codes
RC2525,2024-06,2024-07,NT409,CHELSFIELD PARK HOSPITAL,C_110,C_150,298,297,-1,0,1,1,1.0,0,C_110,0.0001175119891606,possible recoding or service mix change; cause unconfirmed,caveat; preserve reported codes
RC2526,2024-08,2024-09,RQM,CHELSEA AND WESTMINSTER HOSPITAL NHS FOUNDATION TRUST,C_110,C_170,4682,4681,-1,0,1,1,1.0,0,C_110,0.0001173864608803,possible recoding or service mix change; cause unconfirmed,caveat; preserve reported codes
RC2527,2024-11,2024-12,NVM,EPSOMEDICAL GROUP,C_110,X02,124,125,1,1,0,-1,1.0,0,C_110,0.0001172055386649,possible recoding or service mix change; cause unconfirmed,caveat; preserve reported codes
RC2528,2025-09,2025-10,NT446,ST EDMUNDS HOSPITAL,C_110,X06,460,459,-1,1,2,1,1.0,0,C_110,0.0001164282603987,possible recoding or service mix change; cause unconfirmed,caveat; preserve reported codes
RC2529,2025-09,2025-10,NT451,CAVELL HOSPITAL,C_110,C_320,350,351,1,1,0,-1,1.0,0,C_110,0.0001164282603987,possible recoding or service mix change; cause unconfirmed,caveat; preserve reported codes
RC2530,2025-08,2025-09,NVC31,BLAKELANDS HOSPITAL,C_110,X06,1144,1143,-1,1,2,1,1.0,0,C_110,0.0001161622321734,possible recoding or service mix change; cause unconfirmed,caveat; preserve reported codes
