period,part,kind,code,name,release,lower_week,upper_week,open_band,count,share,group
2019-02,Part_2,baseline,C_999,"England, all specialties",revised-or-established,0,1,False,409268,0.0987589615141,within18
2019-02,Part_2,baseline,C_999,"England, all specialties",revised-or-established,1,2,False,345081,0.0832702317265,within18
2019-02,Part_2,baseline,C_999,"England, all specialties",revised-or-established,2,3,False,326631,0.0788181298276,within18
2019-02,Part_2,baseline,C_999,"England, all specialties",revised-or-established,3,4,False,300314,0.0724676709836,within18
2019-02,Part_2,baseline,C_999,"England, all specialties",revised-or-established,4,5,False,275326,0.0664379082602,within18
2019-02,Part_2,baseline,C_999,"England, all specialties",revised-or-established,5,6,False,254221,0.0613451380393,within18
2019-02,Part_2,baseline,C_999,"England, all specialties",revised-or-established,6,7,False,233113,0.0562516438994,within18
2019-02,Part_2,baseline,C_999,"England, all specialties",revised-or-established,7,8,False,204062,0.0492414535328,within18
2019-02,Part_2,baseline,C_999,"England, all specialties",revised-or-established,8,9,False,123222,0.0297342493322,within18
2019-02,Part_2,baseline,C_999,"England, all specialties",revised-or-established,9,10,False,97450,0.0235153024413,within18
2019-02,Part_2,baseline,C_999,"England, all specialties",revised-or-established,10,11,False,171430,0.0413671451771,within18
2019-02,Part_2,baseline,C_999,"England, all specialties",revised-or-established,11,12,False,158648,0.0382827675906,within18
2019-02,Part_2,baseline,C_999,"England, all specialties",revised-or-established,12,13,False,149980,0.0361911242703,within18
2019-02,Part_2,baseline,C_999,"England, all specialties",revised-or-established,13,14,False,136587,0.0329593085126,within18
2019-02,Part_2,baseline,C_999,"England, all specialties",revised-or-established,14,15,False,124281,0.029989792742,within18
2019-02,Part_2,baseline,C_999,"England, all specialties",revised-or-established,15,16,False,112683,0.0271911218573,within18
2019-02,Part_2,baseline,C_999,"England, all specialties",revised-or-established,16,17,False,97822,0.0236050683983,within18
2019-02,Part_2,baseline,C_999,"England, all specialties",revised-or-established,17,18,False,84137,0.0203027911904,within18
2019-02,Part_2,baseline,C_999,"England, all specialties",revised-or-established,18,19,False,58680,0.0141598557953,middle
2019-02,Part_2,baseline,C_999,"England, all specialties",revised-or-established,19,20,False,54632,0.0131830477473,middle
2019-02,Part_2,baseline,C_999,"England, all specialties",revised-or-established,20,21,False,49602,0.0119692768773,middle
2019-02,Part_2,baseline,C_999,"England, all specialties",revised-or-established,21,22,False,43052,0.0103887203766,middle
2019-02,Part_2,baseline,C_999,"England, all specialties",revised-or-established,22,23,False,36611,0.00883446626658,middle
2019-02,Part_2,baseline,C_999,"England, all specialties",revised-or-established,23,24,False,33223,0.00801692040028,middle
2019-02,Part_2,baseline,C_999,"England, all specialties",revised-or-established,24,25,False,30290,0.00730916891685,middle
2019-02,Part_2,baseline,C_999,"England, all specialties",revised-or-established,25,26,False,26330,0.00635359582637,middle
2019-02,Part_2,baseline,C_999,"England, all specialties",revised-or-established,26,27,False,18360,0.0044303843286,middle
2019-02,Part_2,baseline,C_999,"England, all specialties",revised-or-established,27,28,False,20431,0.00493012975042,middle
2019-02,Part_2,baseline,C_999,"England, all specialties",revised-or-established,28,29,False,19090,0.00460653795387,middle
2019-02,Part_2,baseline,C_999,"England, all specialties",revised-or-established,29,30,False,17420,0.00420355637278,middle
2019-02,Part_2,baseline,C_999,"England, all specialties",revised-or-established,30,31,False,16049,0.00387272538615,middle
2019-02,Part_2,baseline,C_999,"England, all specialties",revised-or-established,31,32,False,14331,0.00345816110094,middle
2019-02,Part_2,baseline,C_999,"England, all specialties",revised-or-established,32,33,False,13377,0.00322795485641,middle
2019-02,Part_2,baseline,C_999,"England, all specialties",revised-or-established,33,34,False,11801,0.00284765607091,middle
2019-02,Part_2,baseline,C_999,"England, all specialties",revised-or-established,34,35,False,10688,0.00257908211896,middle
2019-02,Part_2,baseline,C_999,"England, all specialties",revised-or-established,35,36,False,9336,0.00225283595271,middle
2019-02,Part_2,baseline,C_999,"England, all specialties",revised-or-established,36,37,False,8278,0.00199753384925,middle
2019-02,Part_2,baseline,C_999,"England, all specialties",revised-or-established,37,38,False,7857,0.0018959438818,middle
2019-02,Part_2,baseline,C_999,"England, all specialties",revised-or-established,38,39,False,6710,0.00161916551443,middle
2019-02,Part_2,baseline,C_999,"England, all specialties",revised-or-established,39,40,False,4626,0.00111628311025,middle
2019-02,Part_2,baseline,C_999,"England, all specialties",revised-or-established,40,41,False,5284,0.00127506267932,middle
2019-02,Part_2,baseline,C_999,"England, all specialties",revised-or-established,41,42,False,4608,0.0011119395962,middle
2019-02,Part_2,baseline,C_999,"England, all specialties",revised-or-established,42,43,False,3159,0.000762286715362,middle
2019-02,Part_2,baseline,C_999,"England, all specialties",revised-or-established,43,44,False,3408,0.000822371993021,middle
2019-02,Part_2,baseline,C_999,"England, all specialties",revised-or-established,44,45,False,2720,0.000656353233867,middle
2019-02,Part_2,baseline,C_999,"England, all specialties",revised-or-established,45,46,False,2239,0.00054028488626,middle
2019-02,Part_2,baseline,C_999,"England, all specialties",revised-or-established,46,47,False,1775,0.000428318746365,middle
2019-02,Part_2,baseline,C_999,"England, all specialties",revised-or-established,47,48,False,860,0.000207523448943,middle
2019-02,Part_2,baseline,C_999,"England, all specialties",revised-or-established,48,49,False,1065,0.000256991247819,middle
2019-02,Part_2,baseline,C_999,"England, all specialties",revised-or-established,49,50,False,903,0.00021789962139,middle
2019-02,Part_2,baseline,C_999,"England, all specialties",revised-or-established,50,51,False,690,0.000166501371827,middle
2019-02,Part_2,baseline,C_999,"England, all specialties",revised-or-established,51,52,False,407,9.8211678744e-05,middle
2019-02,Part_2,baseline,C_999,"England, all specialties",revised-or-established,52,,True,1962,0.000473443031194,over52
2024-01,Part_2,monthly,C_999,"England, all specialties",revised-or-established,0,1,False,411074,0.0542606476261,within18
2024-01,Part_2,monthly,C_999,"England, all specialties",revised-or-established,1,2,False,356961,0.04711787911,within18
2024-01,Part_2,monthly,C_999,"England, all specialties",revised-or-established,2,3,False,332768,0.0439244690476,within18
2024-01,Part_2,monthly,C_999,"England, all specialties",revised-or-established,3,4,False,287612,0.0379640001193,within18
2024-01,Part_2,monthly,C_999,"England, all specialties",revised-or-established,4,5,False,183527,0.0242250638009,within18
2024-01,Part_2,monthly,C_999,"England, all specialties",revised-or-established,5,6,False,154376,0.0203772112513,within18
2024-01,Part_2,monthly,C_999,"England, all specialties",revised-or-established,6,7,False,265677,0.0350686399027,within18
2024-01,Part_2,monthly,C_999,"England, all specialties",revised-or-established,7,8,False,251952,0.0332569773099,within18
2024-01,Part_2,monthly,C_999,"England, all specialties",revised-or-established,8,9,False,245135,0.0323571518895,within18
2024-01,Part_2,monthly,C_999,"England, all specialties",revised-or-established,9,10,False,240283,0.0317167011136,within18
2024-01,Part_2,monthly,C_999,"England, all specialties",revised-or-established,10,11,False,232245,0.030655707021,within18
2024-01,Part_2,monthly,C_999,"England, all specialties",revised-or-established,11,12,False,223725,0.029531090242,within18
2024-01,Part_2,monthly,C_999,"England, all specialties",revised-or-established,12,13,False,209720,0.0276824684124,within18
2024-01,Part_2,monthly,C_999,"England, all specialties",revised-or-established,13,14,False,194288,0.025645486472,within18
2024-01,Part_2,monthly,C_999,"England, all specialties",revised-or-established,14,15,False,191095,0.0252240191745,within18
2024-01,Part_2,monthly,C_999,"England, all specialties",revised-or-established,15,16,False,190004,0.025080010148,within18
2024-01,Part_2,monthly,C_999,"England, all specialties",revised-or-established,16,17,False,179269,0.023663019406,within18
2024-01,Part_2,monthly,C_999,"England, all specialties",revised-or-established,17,18,False,171560,0.0226454524167,within18
2024-01,Part_2,monthly,C_999,"England, all specialties",revised-or-established,18,19,False,158182,0.0208795928782,middle
2024-01,Part_2,monthly,C_999,"England, all specialties",revised-or-established,19,20,False,153178,0.0202190785165,middle
2024-01,Part_2,monthly,C_999,"England, all specialties",revised-or-established,20,21,False,147727,0.0194995613731,middle
2024-01,Part_2,monthly,C_999,"England, all specialties",revised-or-established,21,22,False,138470,0.0182776626028,middle
2024-01,Part_2,monthly,C_999,"England, all specialties",revised-or-established,22,23,False,104805,0.0138339743561,middle
2024-01,Part_2,monthly,C_999,"England, all specialties",revised-or-established,23,24,False,128025,0.0168989510705,middle
2024-01,Part_2,monthly,C_999,"England, all specialties",revised-or-established,24,25,False,123723,0.0163310987955,middle
2024-01,Part_2,monthly,C_999,"England, all specialties",revised-or-established,25,26,False,120810,0.0159465907348,middle
2024-01,Part_2,monthly,C_999,"England, all specialties",revised-or-established,26,27,False,117497,0.0155092837643,middle
2024-01,Part_2,monthly,C_999,"England, all specialties",revised-or-established,27,28,False,112924,0.0149056602279,middle
2024-01,Part_2,monthly,C_999,"England, all specialties",revised-or-established,28,29,False,109367,0.0144361459225,middle
2024-01,Part_2,monthly,C_999,"England, all specialties",revised-or-established,29,30,False,107078,0.0141340041611,middle
2024-01,Part_2,monthly,C_999,"England, all specialties",revised-or-established,30,31,False,103180,0.013619478785,middle
2024-01,Part_2,monthly,C_999,"England, all specialties",revised-or-established,31,32,False,99633,0.0131512844523,middle
2024-01,Part_2,monthly,C_999,"England, all specialties",revised-or-established,32,33,False,95075,0.012549640875,middle
2024-01,Part_2,monthly,C_999,"England, all specialties",revised-or-established,33,34,False,94217,0.0124363872135,middle
2024-01,Part_2,monthly,C_999,"England, all specialties",revised-or-established,34,35,False,87692,0.0115751049972,middle
2024-01,Part_2,monthly,C_999,"England, all specialties",revised-or-established,35,36,False,68827,0.00908497641341,middle
2024-01,Part_2,monthly,C_999,"England, all specialties",revised-or-established,36,37,False,84987,0.0112180523697,middle
2024-01,Part_2,monthly,C_999,"England, all specialties",revised-or-established,37,38,False,81552,0.0107646417317,middle
2024-01,Part_2,monthly,C_999,"England, all specialties",revised-or-established,38,39,False,61783,0.00815518761169,middle
2024-01,Part_2,monthly,C_999,"England, all specialties",revised-or-established,39,40,False,58719,0.00775074796256,middle
2024-01,Part_2,monthly,C_999,"England, all specialties",revised-or-established,40,41,False,67380,0.00889397635718,middle
2024-01,Part_2,monthly,C_999,"England, all specialties",revised-or-established,41,42,False,60471,0.00798200718752,middle
2024-01,Part_2,monthly,C_999,"England, all specialties",revised-or-established,42,43,False,36563,0.00482621634828,middle
2024-01,Part_2,monthly,C_999,"England, all specialties",revised-or-established,43,44,False,57494,0.00758905130127,middle
2024-01,Part_2,monthly,C_999,"England, all specialties",revised-or-established,44,45,False,55388,0.00731106504113,middle
2024-01,Part_2,monthly,C_999,"England, all specialties",revised-or-established,45,46,False,51504,0.00679838762689,middle
2024-01,Part_2,monthly,C_999,"England, all specialties",revised-or-established,46,47,False,48006,0.00633666116062,middle
2024-01,Part_2,monthly,C_999,"England, all specialties",revised-or-established,47,48,False,46951,0.006197404036,middle
2024-01,Part_2,monthly,C_999,"England, all specialties",revised-or-established,48,49,False,42736,0.0056410355239,middle
2024-01,Part_2,monthly,C_999,"England, all specialties",revised-or-established,49,50,False,37833,0.00499385288693,middle
2024-01,Part_2,monthly,C_999,"England, all specialties",revised-or-established,50,51,False,36952,0.00487756328807,middle
2024-01,Part_2,monthly,C_999,"England, all specialties",revised-or-established,51,52,False,34520,0.00455654591644,middle
2024-01,Part_2,monthly,C_999,"England, all specialties",revised-or-established,52,53,False,30802,0.00406578004977,over52
2024-01,Part_2,monthly,C_999,"England, all specialties",revised-or-established,53,54,False,28597,0.00377472605946,over52
2024-01,Part_2,monthly,C_999,"England, all specialties",revised-or-established,54,55,False,25988,0.00343034517023,over52
2024-01,Part_2,monthly,C_999,"England, all specialties",revised-or-established,55,56,False,22179,0.00292756755159,over52
2024-01,Part_2,monthly,C_999,"England, all specialties",revised-or-established,56,57,False,12147,0.0016033708936,over52
2024-01,Part_2,monthly,C_999,"England, all specialties",revised-or-established,57,58,False,8893,0.00117385176231,over52
2024-01,Part_2,monthly,C_999,"England, all specialties",revised-or-established,58,59,False,15913,0.00210047262944,over52
2024-01,Part_2,monthly,C_999,"England, all specialties",revised-or-established,59,60,False,15470,0.00204199783683,over52
2024-01,Part_2,monthly,C_999,"England, all specialties",revised-or-established,60,61,False,15436,0.00203750992949,over52
2024-01,Part_2,monthly,C_999,"England, all specialties",revised-or-established,61,62,False,14319,0.00189006897386,over52
2024-01,Part_2,monthly,C_999,"England, all specialties",revised-or-established,62,63,False,14192,0.00187330531999,over52
2024-01,Part_2,monthly,C_999,"England, all specialties",revised-or-established,63,64,False,13149,0.00173563216267,over52
2024-01,Part_2,monthly,C_999,"England, all specialties",revised-or-established,64,65,False,12096,0.0015966390326,over52
2024-01,Part_2,monthly,C_999,"England, all specialties",revised-or-established,65,66,False,10491,0.00138478340699,over52
2024-01,Part_2,monthly,C_999,"England, all specialties",revised-or-established,66,67,False,9667,0.00127601765279,over52
2024-01,Part_2,monthly,C_999,"England, all specialties",revised-or-established,67,68,False,9400,0.00124077438049,over52
2024-01,Part_2,monthly,C_999,"England, all specialties",revised-or-established,68,69,False,8480,0.00111933688793,over52
2024-01,Part_2,monthly,C_999,"England, all specialties",revised-or-established,69,70,False,7424,0.000979947766039,over52
2024-01,Part_2,monthly,C_999,"England, all specialties",revised-or-established,70,71,False,6341,0.000836994717733,over52
2024-01,Part_2,monthly,C_999,"England, all specialties",revised-or-established,71,72,False,4839,0.000638734811404,over52
2024-01,Part_2,monthly,C_999,"England, all specialties",revised-or-established,72,73,False,4974,0.000656554443464,over52
2024-01,Part_2,monthly,C_999,"England, all specialties",revised-or-established,73,74,False,4348,0.000573924149614,over52
2024-01,Part_2,monthly,C_999,"England, all specialties",revised-or-established,74,75,False,3014,0.000397839785404,over52
2024-01,Part_2,monthly,C_999,"England, all specialties",revised-or-established,75,76,False,3517,0.000464234414488,over52
2024-01,Part_2,monthly,C_999,"England, all specialties",revised-or-established,76,77,False,3043,0.000401667706365,over52
2024-01,Part_2,monthly,C_999,"England, all specialties",revised-or-established,77,78,False,2662,0.000351376744773,over52
2024-01,Part_2,monthly,C_999,"England, all specialties",revised-or-established,78,79,False,1867,0.000246438911529,over52
2024-01,Part_2,monthly,C_999,"England, all specialties",revised-or-established,79,80,False,1625,0.000214495571095,over52
2024-01,Part_2,monthly,C_999,"England, all specialties",revised-or-established,80,81,False,1512,0.000199579879075,over52
2024-01,Part_2,monthly,C_999,"England, all specialties",revised-or-established,81,82,False,1251,0.000165128590425,over52
2024-01,Part_2,monthly,C_999,"England, all specialties",revised-or-established,82,83,False,1070,0.000141237083737,over52
2024-01,Part_2,monthly,C_999,"England, all specialties",revised-or-established,83,84,False,863,0.000113913647911,over52
2024-01,Part_2,monthly,C_999,"England, all specialties",revised-or-established,84,85,False,792,0.00010454184142,over52
2024-01,Part_2,monthly,C_999,"England, all specialties",revised-or-established,85,86,False,711,9.38500621839e-05,over52
2024-01,Part_2,monthly,C_999,"England, all specialties",revised-or-established,86,87,False,385,5.08189506903e-05,over52
2024-01,Part_2,monthly,C_999,"England, all specialties",revised-or-established,87,88,False,525,6.92985691231e-05,over52
2024-01,Part_2,monthly,C_999,"England, all specialties",revised-or-established,88,89,False,479,6.32266944952e-05,over52
2024-01,Part_2,monthly,C_999,"England, all specialties",revised-or-established,89,90,False,414,5.46468716514e-05,over52
2024-01,Part_2,monthly,C_999,"England, all specialties",revised-or-established,90,91,False,360,4.75190188273e-05,over52
2024-01,Part_2,monthly,C_999,"England, all specialties",revised-or-established,91,92,False,238,3.14153513358e-05,over52
2024-01,Part_2,monthly,C_999,"England, all specialties",revised-or-established,92,93,False,235,3.10193595123e-05,over52
2024-01,Part_2,monthly,C_999,"England, all specialties",revised-or-established,93,94,False,153,2.01955830016e-05,over52
2024-01,Part_2,monthly,C_999,"England, all specialties",revised-or-established,94,95,False,211,2.78514249238e-05,over52
2024-01,Part_2,monthly,C_999,"England, all specialties",revised-or-established,95,96,False,172,2.27035312175e-05,over52
2024-01,Part_2,monthly,C_999,"England, all specialties",revised-or-established,96,97,False,159,2.09875666487e-05,over52
2024-01,Part_2,monthly,C_999,"England, all specialties",revised-or-established,97,98,False,130,1.71596456876e-05,over52
2024-01,Part_2,monthly,C_999,"England, all specialties",revised-or-established,98,99,False,93,1.22757465304e-05,over52
2024-01,Part_2,monthly,C_999,"England, all specialties",revised-or-established,99,100,False,113,1.49156920208e-05,over52
2024-01,Part_2,monthly,C_999,"England, all specialties",revised-or-established,100,101,False,80,1.05597819616e-05,over52
2024-01,Part_2,monthly,C_999,"England, all specialties",revised-or-established,101,102,False,69,9.1078119419e-06,over52
2024-01,Part_2,monthly,C_999,"England, all specialties",revised-or-established,102,103,False,58,7.65584192218e-06,over52
2024-01,Part_2,monthly,C_999,"England, all specialties",revised-or-established,103,104,False,72,9.50380376546e-06,over52
2024-01,Part_2,monthly,C_999,"England, all specialties",revised-or-established,104,,True,376,4.96309752196e-05,over52
2024-02,Part_2,monthly,C_999,"England, all specialties",revised-or-established,0,1,False,404780,0.0537063811455,within18
2024-02,Part_2,monthly,C_999,"England, all specialties",revised-or-established,1,2,False,352338,0.0467483544642,within18
2024-02,Part_2,monthly,C_999,"England, all specialties",revised-or-established,2,3,False,327678,0.0434764552621,within18
2024-02,Part_2,monthly,C_999,"England, all specialties",revised-or-established,3,4,False,325433,0.0431785877151,within18
2024-02,Part_2,monthly,C_999,"England, all specialties",revised-or-established,4,5,False,302920,0.0401915533786,within18
2024-02,Part_2,monthly,C_999,"England, all specialties",revised-or-established,5,6,False,286797,0.0380523469375,within18
2024-02,Part_2,monthly,C_999,"England, all specialties",revised-or-established,6,7,False,270106,0.0358377780169,within18
2024-02,Part_2,monthly,C_999,"England, all specialties",revised-or-established,7,8,False,238368,0.0316267667891,within18
2024-02,Part_2,monthly,C_999,"England, all specialties",revised-or-established,8,9,False,158360,0.0210112715999,within18
2024-02,Part_2,monthly,C_999,"England, all specialties",revised-or-established,9,10,False,116230,0.0154214454285,within18
2024-02,Part_2,monthly,C_999,"England, all specialties",revised-or-established,10,11,False,220597,0.0292689030129,within18
2024-02,Part_2,monthly,C_999,"England, all specialties",revised-or-established,11,12,False,209722,0.0278260034255,within18
2024-02,Part_2,monthly,C_999,"England, all specialties",revised-or-established,12,13,False,203917,0.0270557935769,within18
2024-02,Part_2,monthly,C_999,"England, all specialties",revised-or-established,13,14,False,198910,0.0263914627048,within18
2024-02,Part_2,monthly,C_999,"England, all specialties",revised-or-established,14,15,False,193889,0.0257252743068,within18
2024-02,Part_2,monthly,C_999,"England, all specialties",revised-or-established,15,16,False,186772,0.0247809877447,within18
2024-02,Part_2,monthly,C_999,"England, all specialties",revised-or-established,16,17,False,176089,0.0233635627984,within18
2024-02,Part_2,monthly,C_999,"England, all specialties",revised-or-established,17,18,False,165203,0.0219192037264,within18
2024-02,Part_2,monthly,C_999,"England, all specialties",revised-or-established,18,19,False,152576,0.0202438480401,middle
2024-02,Part_2,monthly,C_999,"England, all specialties",revised-or-established,19,20,False,155052,0.0205723647645,middle
2024-02,Part_2,monthly,C_999,"England, all specialties",revised-or-established,20,21,False,147725,0.0196002153138,middle
2024-02,Part_2,monthly,C_999,"England, all specialties",revised-or-established,21,22,False,138420,0.0183656239887,middle
2024-02,Part_2,monthly,C_999,"England, all specialties",revised-or-established,22,23,False,135692,0.018003671798,middle
2024-02,Part_2,monthly,C_999,"England, all specialties",revised-or-established,23,24,False,129158,0.0171367379218,middle
2024-02,Part_2,monthly,C_999,"England, all specialties",revised-or-established,24,25,False,124126,0.0164690900392,middle
2024-02,Part_2,monthly,C_999,"England, all specialties",revised-or-established,25,26,False,116614,0.0154723947105,middle
2024-02,Part_2,monthly,C_999,"England, all specialties",revised-or-established,26,27,False,86916,0.0115320515432,middle
2024-02,Part_2,monthly,C_999,"England, all specialties",revised-or-established,27,28,False,107559,0.0142709734908,middle
2024-02,Part_2,monthly,C_999,"England, all specialties",revised-or-established,28,29,False,105051,0.0139382109929,middle
2024-02,Part_2,monthly,C_999,"England, all specialties",revised-or-established,29,30,False,102008,0.0135344644693,middle
2024-02,Part_2,monthly,C_999,"England, all specialties",revised-or-established,30,31,False,100071,0.0132774624922,middle
2024-02,Part_2,monthly,C_999,"England, all specialties",revised-or-established,31,32,False,95156,0.012625338219,middle
2024-02,Part_2,monthly,C_999,"England, all specialties",revised-or-established,32,33,False,92204,0.0122336656138,middle
2024-02,Part_2,monthly,C_999,"England, all specialties",revised-or-established,33,34,False,89679,0.0118986475487,middle
2024-02,Part_2,monthly,C_999,"England, all specialties",revised-or-established,34,35,False,86415,0.0114655786518,middle
2024-02,Part_2,monthly,C_999,"England, all specialties",revised-or-established,35,36,False,82602,0.0109596682034,middle
2024-02,Part_2,monthly,C_999,"England, all specialties",revised-or-established,36,37,False,78957,0.0104760480659,middle
2024-02,Part_2,monthly,C_999,"England, all specialties",revised-or-established,37,38,False,76335,0.0101281599999,middle
2024-02,Part_2,monthly,C_999,"England, all specialties",revised-or-established,38,39,False,73377,0.0097356913121,middle
2024-02,Part_2,monthly,C_999,"England, all specialties",revised-or-established,39,40,False,54347,0.00721078288481,middle
2024-02,Part_2,monthly,C_999,"England, all specialties",revised-or-established,40,41,False,69341,0.00920019312962,middle
2024-02,Part_2,monthly,C_999,"England, all specialties",revised-or-established,41,42,False,65240,0.00865607071973,middle
2024-02,Part_2,monthly,C_999,"England, all specialties",revised-or-established,42,43,False,49900,0.00662075304896,middle
2024-02,Part_2,monthly,C_999,"England, all specialties",revised-or-established,43,44,False,47079,0.006246461579,middle
2024-02,Part_2,monthly,C_999,"England, all specialties",revised-or-established,44,45,False,54413,0.00721953979265,middle
2024-02,Part_2,monthly,C_999,"England, all specialties",revised-or-established,45,46,False,48547,0.00644123643824,middle
2024-02,Part_2,monthly,C_999,"England, all specialties",revised-or-established,46,47,False,28874,0.00383101449971,middle
2024-02,Part_2,monthly,C_999,"England, all specialties",revised-or-established,47,48,False,45020,0.00597327259047,middle
2024-02,Part_2,monthly,C_999,"England, all specialties",revised-or-established,48,49,False,43207,0.0057327229857,middle
2024-02,Part_2,monthly,C_999,"England, all specialties",revised-or-established,49,50,False,40122,0.00532340388438,middle
2024-02,Part_2,monthly,C_999,"England, all specialties",revised-or-established,50,51,False,36663,0.00486446230529,middle
2024-02,Part_2,monthly,C_999,"England, all specialties",revised-or-established,51,52,False,35433,0.00470126538645,middle
2024-02,Part_2,monthly,C_999,"England, all specialties",revised-or-established,52,53,False,31835,0.00422388122873,over52
2024-02,Part_2,monthly,C_999,"England, all specialties",revised-or-established,53,54,False,28355,0.00376215336079,over52
2024-02,Part_2,monthly,C_999,"England, all specialties",revised-or-established,54,55,False,26455,0.00351006055932,over52
2024-02,Part_2,monthly,C_999,"England, all specialties",revised-or-established,55,56,False,24972,0.00331329549376,over52
2024-02,Part_2,monthly,C_999,"England, all specialties",revised-or-established,56,57,False,22183,0.0029432497973,over52
2024-02,Part_2,monthly,C_999,"England, all specialties",revised-or-established,57,58,False,20098,0.0026666111178,over52
2024-02,Part_2,monthly,C_999,"England, all specialties",revised-or-established,58,59,False,18127,0.00240509800638,over52
2024-02,Part_2,monthly,C_999,"England, all specialties",revised-or-established,59,60,False,15459,0.00205110664096,over52
2024-02,Part_2,monthly,C_999,"England, all specialties",revised-or-established,60,61,False,8922,0.0011837747235,over52
2024-02,Part_2,monthly,C_999,"England, all specialties",revised-or-established,61,62,False,5038,0.000668443965144,over52
2024-02,Part_2,monthly,C_999,"England, all specialties",revised-or-established,62,63,False,9706,0.00128779617421,over52
2024-02,Part_2,monthly,C_999,"England, all specialties",revised-or-established,63,64,False,9453,0.00125422802749,over52
2024-02,Part_2,monthly,C_999,"England, all specialties",revised-or-established,64,65,False,9312,0.00123552008801,over52
2024-02,Part_2,monthly,C_999,"England, all specialties",revised-or-established,65,66,False,8559,0.00113561173038,over52
2024-02,Part_2,monthly,C_999,"England, all specialties",revised-or-established,66,67,False,8120,0.0010773650252,over52
2024-02,Part_2,monthly,C_999,"England, all specialties",revised-or-established,67,68,False,7592,0.00100730976248,over52
2024-02,Part_2,monthly,C_999,"England, all specialties",revised-or-established,68,69,False,7106,0.000942827077474,over52
2024-02,Part_2,monthly,C_999,"England, all specialties",revised-or-established,69,70,False,5960,0.000790775314065,over52
2024-02,Part_2,monthly,C_999,"England, all specialties",revised-or-established,70,71,False,5226,0.000693387884446,over52
2024-02,Part_2,monthly,C_999,"England, all specialties",revised-or-established,71,72,False,4932,0.000654379840431,over52
2024-02,Part_2,monthly,C_999,"England, all specialties",revised-or-established,72,73,False,4613,0.000612054785869,over52
2024-02,Part_2,monthly,C_999,"England, all specialties",revised-or-established,73,74,False,3701,0.000491050241167,over52
2024-02,Part_2,monthly,C_999,"England, all specialties",revised-or-established,74,75,False,2933,0.000389151677207,over52
2024-02,Part_2,monthly,C_999,"England, all specialties",revised-or-established,75,76,False,2221,0.000294683216869,over52
2024-02,Part_2,monthly,C_999,"England, all specialties",revised-or-established,76,77,False,2202,0.000292162288854,over52
2024-02,Part_2,monthly,C_999,"England, all specialties",revised-or-established,77,78,False,1870,0.000248112388809,over52
2024-02,Part_2,monthly,C_999,"England, all specialties",revised-or-established,78,79,False,1013,0.000134405267307,over52
2024-02,Part_2,monthly,C_999,"England, all specialties",revised-or-established,79,80,False,1222,0.000162135475468,over52
2024-02,Part_2,monthly,C_999,"England, all specialties",revised-or-established,80,81,False,1044,0.000138518360383,over52
2024-02,Part_2,monthly,C_999,"England, all specialties",revised-or-established,81,82,False,917,0.000121667946812,over52
2024-02,Part_2,monthly,C_999,"England, all specialties",revised-or-established,82,83,False,765,0.000101500522695,over52
2024-02,Part_2,monthly,C_999,"England, all specialties",revised-or-established,83,84,False,703,9.32743365415e-05,over52
2024-02,Part_2,monthly,C_999,"England, all specialties",revised-or-established,84,85,False,612,8.12004181556e-05,over52
2024-02,Part_2,monthly,C_999,"England, all specialties",revised-or-established,85,86,False,527,6.99225823007e-05,over52
2024-02,Part_2,monthly,C_999,"England, all specialties",revised-or-established,86,87,False,431,5.71852618057e-05,over52
2024-02,Part_2,monthly,C_999,"England, all specialties",revised-or-established,87,88,False,379,5.02858798709e-05,over52
2024-02,Part_2,monthly,C_999,"England, all specialties",revised-or-established,88,89,False,351,4.65708280598e-05,over52
2024-02,Part_2,monthly,C_999,"England, all specialties",revised-or-established,89,90,False,301,3.99368069687e-05,over52
2024-02,Part_2,monthly,C_999,"England, all specialties",revised-or-established,90,91,False,201,2.66687647864e-05,over52
2024-02,Part_2,monthly,C_999,"England, all specialties",revised-or-established,91,92,False,191,2.53419605682e-05,over52
2024-02,Part_2,monthly,C_999,"England, all specialties",revised-or-established,92,93,False,205,2.71994864737e-05,over52
2024-02,Part_2,monthly,C_999,"England, all specialties",revised-or-established,93,94,False,180,2.38824759281e-05,over52
2024-02,Part_2,monthly,C_999,"England, all specialties",revised-or-established,94,95,False,133,1.76464961024e-05,over52
2024-02,Part_2,monthly,C_999,"England, all specialties",revised-or-established,95,96,False,87,1.15431966986e-05,over52
2024-02,Part_2,monthly,C_999,"England, all specialties",revised-or-established,96,97,False,91,1.20739183859e-05,over52
2024-02,Part_2,monthly,C_999,"England, all specialties",revised-or-established,97,98,False,62,8.22618615302e-06,over52
2024-02,Part_2,monthly,C_999,"England, all specialties",revised-or-established,98,99,False,81,1.07471141677e-05,over52
2024-02,Part_2,monthly,C_999,"England, all specialties",revised-or-established,99,100,False,43,5.70525813838e-06,over52
2024-02,Part_2,monthly,C_999,"England, all specialties",revised-or-established,100,101,False,61,8.0935057312e-06,over52
2024-02,Part_2,monthly,C_999,"England, all specialties",revised-or-established,101,102,False,54,7.16474277844e-06,over52
2024-02,Part_2,monthly,C_999,"England, all specialties",revised-or-established,102,103,False,31,4.11309307651e-06,over52
2024-02,Part_2,monthly,C_999,"England, all specialties",revised-or-established,103,104,False,32,4.24577349833e-06,over52
2024-02,Part_2,monthly,C_999,"England, all specialties",revised-or-established,104,,True,252,3.34354662994e-05,over52
2024-03,Part_2,monthly,C_999,"England, all specialties",revised-or-established,0,1,False,288343,0.0382477121781,within18
2024-03,Part_2,monthly,C_999,"England, all specialties",revised-or-established,1,2,False,352183,0.0467158697039,within18
2024-03,Part_2,monthly,C_999,"England, all specialties",revised-or-established,2,3,False,341612,0.0453136627302,within18
2024-03,Part_2,monthly,C_999,"England, all specialties",revised-or-established,3,4,False,324617,0.0430593341407,within18
2024-03,Part_2,monthly,C_999,"England, all specialties",revised-or-established,4,5,False,305858,0.040571016988,within18
2024-03,Part_2,monthly,C_999,"England, all specialties",revised-or-established,5,6,False,289940,0.0384595487629,within18
2024-03,Part_2,monthly,C_999,"England, all specialties",revised-or-established,6,7,False,265670,0.03524021632,within18
2024-03,Part_2,monthly,C_999,"England, all specialties",revised-or-established,7,8,False,270858,0.0359283867656,within18
2024-03,Part_2,monthly,C_999,"England, all specialties",revised-or-established,8,9,False,256212,0.0339856449874,within18
2024-03,Part_2,monthly,C_999,"England, all specialties",revised-or-established,9,10,False,242189,0.0321255420271,within18
2024-03,Part_2,monthly,C_999,"England, all specialties",revised-or-established,10,11,False,229575,0.0304523380949,within18
2024-03,Part_2,monthly,C_999,"England, all specialties",revised-or-established,11,12,False,211156,0.0280091207787,within18
2024-03,Part_2,monthly,C_999,"England, all specialties",revised-or-established,12,13,False,147692,0.0195908383662,within18
2024-03,Part_2,monthly,C_999,"England, all specialties",revised-or-established,13,14,False,87107,0.0115544454511,within18
2024-03,Part_2,monthly,C_999,"England, all specialties",revised-or-established,14,15,False,179888,0.0238615275845,within18
2024-03,Part_2,monthly,C_999,"England, all specialties",revised-or-established,15,16,False,178645,0.0236966478883,within18
2024-03,Part_2,monthly,C_999,"England, all specialties",revised-or-established,16,17,False,172363,0.0228633620867,within18
2024-03,Part_2,monthly,C_999,"England, all specialties",revised-or-established,17,18,False,168820,0.0223933952616,within18
2024-03,Part_2,monthly,C_999,"England, all specialties",revised-or-established,18,19,False,159599,0.0211702611678,middle
2024-03,Part_2,monthly,C_999,"England, all specialties",revised-or-established,19,20,False,154694,0.0205196297038,middle
2024-03,Part_2,monthly,C_999,"England, all specialties",revised-or-established,20,21,False,148736,0.0197293213934,middle
2024-03,Part_2,monthly,C_999,"England, all specialties",revised-or-established,21,22,False,138703,0.0183984782785,middle
2024-03,Part_2,monthly,C_999,"England, all specialties",revised-or-established,22,23,False,130130,0.0172612991671,middle
2024-03,Part_2,monthly,C_999,"England, all specialties",revised-or-established,23,24,False,132266,0.0175446322573,middle
2024-03,Part_2,monthly,C_999,"England, all specialties",revised-or-established,24,25,False,127804,0.0169527632272,middle
2024-03,Part_2,monthly,C_999,"England, all specialties",revised-or-established,25,26,False,118127,0.015669142294,middle
2024-03,Part_2,monthly,C_999,"England, all specialties",revised-or-established,26,27,False,115257,0.0152884466157,middle
2024-03,Part_2,monthly,C_999,"England, all specialties",revised-or-established,27,28,False,110771,0.0146933940678,middle
2024-03,Part_2,monthly,C_999,"England, all specialties",revised-or-established,28,29,False,106708,0.0141544510222,middle
2024-03,Part_2,monthly,C_999,"England, all specialties",revised-or-established,29,30,False,100786,0.0133689179886,middle
2024-03,Part_2,monthly,C_999,"England, all specialties",revised-or-established,30,31,False,77669,0.01030252705,middle
2024-03,Part_2,monthly,C_999,"England, all specialties",revised-or-established,31,32,False,90559,0.0120123414376,middle
2024-03,Part_2,monthly,C_999,"England, all specialties",revised-or-established,32,33,False,89543,0.0118775725146,middle
2024-03,Part_2,monthly,C_999,"England, all specialties",revised-or-established,33,34,False,88155,0.0116934590646,middle
2024-03,Part_2,monthly,C_999,"England, all specialties",revised-or-established,34,35,False,85130,0.0112922031668,middle
2024-03,Part_2,monthly,C_999,"England, all specialties",revised-or-established,35,36,False,81218,0.0107732897545,middle
2024-03,Part_2,monthly,C_999,"England, all specialties",revised-or-established,36,37,False,77736,0.0103114143707,middle
2024-03,Part_2,monthly,C_999,"England, all specialties",revised-or-established,37,38,False,75175,0.00997170648496,middle
2024-03,Part_2,monthly,C_999,"England, all specialties",revised-or-established,38,39,False,72647,0.00963637593632,middle
2024-03,Part_2,monthly,C_999,"England, all specialties",revised-or-established,39,40,False,68798,0.00912581925843,middle
2024-03,Part_2,monthly,C_999,"England, all specialties",revised-or-established,40,41,False,66411,0.00880919187725,middle
2024-03,Part_2,monthly,C_999,"England, all specialties",revised-or-established,41,42,False,62162,0.00824557656825,middle
2024-03,Part_2,monthly,C_999,"England, all specialties",revised-or-established,42,43,False,61807,0.00819848703313,middle
2024-03,Part_2,monthly,C_999,"England, all specialties",revised-or-established,43,44,False,44773,0.00593898522715,middle
2024-03,Part_2,monthly,C_999,"England, all specialties",revised-or-established,44,45,False,56197,0.00745433973176,middle
2024-03,Part_2,monthly,C_999,"England, all specialties",revised-or-established,45,46,False,53781,0.00713386559983,middle
2024-03,Part_2,monthly,C_999,"England, all specialties",revised-or-established,46,47,False,41659,0.00552592378393,middle
2024-03,Part_2,monthly,C_999,"England, all specialties",revised-or-established,47,48,False,38370,0.0050896491896,middle
2024-03,Part_2,monthly,C_999,"England, all specialties",revised-or-established,48,49,False,44000,0.00583644942252,middle
2024-03,Part_2,monthly,C_999,"England, all specialties",revised-or-established,49,50,False,40338,0.00535069765468,middle
2024-03,Part_2,monthly,C_999,"England, all specialties",revised-or-established,50,51,False,28292,0.00375283697868,middle
2024-03,Part_2,monthly,C_999,"England, all specialties",revised-or-established,51,52,False,28802,0.00382048673335,middle
2024-03,Part_2,monthly,C_999,"England, all specialties",revised-or-established,52,53,False,33082,0.00438821408627,over52
2024-03,Part_2,monthly,C_999,"England, all specialties",revised-or-established,53,54,False,31355,0.00415913344644,over52
2024-03,Part_2,monthly,C_999,"England, all specialties",revised-or-established,54,55,False,27614,0.00366290259894,over52
2024-03,Part_2,monthly,C_999,"England, all specialties",revised-or-established,55,56,False,26016,0.00345093336764,over52
2024-03,Part_2,monthly,C_999,"England, all specialties",revised-or-established,56,57,False,24446,0.00324267824052,over52
2024-03,Part_2,monthly,C_999,"England, all specialties",revised-or-established,57,58,False,21390,0.00283731029881,over52
2024-03,Part_2,monthly,C_999,"England, all specialties",revised-or-established,58,59,False,18721,0.00248327658271,over52
2024-03,Part_2,monthly,C_999,"England, all specialties",revised-or-established,59,60,False,18196,0.00241363712937,over52
2024-03,Part_2,monthly,C_999,"England, all specialties",revised-or-established,60,61,False,15933,0.00211345792384,over52
2024-03,Part_2,monthly,C_999,"England, all specialties",revised-or-established,61,62,False,13809,0.00183171659263,over52
2024-03,Part_2,monthly,C_999,"England, all specialties",revised-or-established,62,63,False,12420,0.00164747049608,over52
2024-03,Part_2,monthly,C_999,"England, all specialties",revised-or-established,63,64,False,10499,0.00139265642016,over52
2024-03,Part_2,monthly,C_999,"England, all specialties",revised-or-established,64,65,False,6851,0.000908761704402,over52
2024-03,Part_2,monthly,C_999,"England, all specialties",revised-or-established,65,66,False,2547,0.000337850833617,over52
2024-03,Part_2,monthly,C_999,"England, all specialties",revised-or-established,66,67,False,4975,0.000659916724478,over52
2024-03,Part_2,monthly,C_999,"England, all specialties",revised-or-established,67,68,False,5099,0.000676364900124,over52
2024-03,Part_2,monthly,C_999,"England, all specialties",revised-or-established,68,69,False,4815,0.000638693272033,over52
2024-03,Part_2,monthly,C_999,"England, all specialties",revised-or-established,69,70,False,4536,0.000601684876831,over52
2024-03,Part_2,monthly,C_999,"England, all specialties",revised-or-established,70,71,False,4142,0.000549422125184,over52
2024-03,Part_2,monthly,C_999,"England, all specialties",revised-or-established,71,72,False,3901,0.000517454299938,over52
2024-03,Part_2,monthly,C_999,"England, all specialties",revised-or-established,72,73,False,3464,0.000459487745446,over52
2024-03,Part_2,monthly,C_999,"England, all specialties",revised-or-established,73,74,False,3028,0.000401653837532,over52
2024-03,Part_2,monthly,C_999,"England, all specialties",revised-or-established,74,75,False,2207,0.000292750997171,over52
2024-03,Part_2,monthly,C_999,"England, all specialties",revised-or-established,75,76,False,2110,0.000279884279126,over52
2024-03,Part_2,monthly,C_999,"England, all specialties",revised-or-established,76,77,False,1847,0.000244998229168,over52
2024-03,Part_2,monthly,C_999,"England, all specialties",revised-or-established,77,78,False,1527,0.000202551324277,over52
2024-03,Part_2,monthly,C_999,"England, all specialties",revised-or-established,78,79,False,614,8.14449987598e-05,over52
2024-03,Part_2,monthly,C_999,"England, all specialties",revised-or-established,79,80,False,417,5.53136229362e-05,over52
2024-03,Part_2,monthly,C_999,"England, all specialties",revised-or-established,80,81,False,470,6.23438915588e-05,over52
2024-03,Part_2,monthly,C_999,"England, all specialties",revised-or-established,81,82,False,389,5.15995187582e-05,over52
2024-03,Part_2,monthly,C_999,"England, all specialties",revised-or-established,82,83,False,282,3.74063349353e-05,over52
2024-03,Part_2,monthly,C_999,"England, all specialties",revised-or-established,83,84,False,293,3.88654472909e-05,over52
2024-03,Part_2,monthly,C_999,"England, all specialties",revised-or-established,84,85,False,265,3.51513431129e-05,over52
2024-03,Part_2,monthly,C_999,"England, all specialties",revised-or-established,85,86,False,238,3.15698855127e-05,over52
2024-03,Part_2,monthly,C_999,"England, all specialties",revised-or-established,86,87,False,198,2.62640224014e-05,over52
2024-03,Part_2,monthly,C_999,"England, all specialties",revised-or-established,87,88,False,218,2.8916953957e-05,over52
2024-03,Part_2,monthly,C_999,"England, all specialties",revised-or-established,88,89,False,178,2.36110908457e-05,over52
2024-03,Part_2,monthly,C_999,"England, all specialties",revised-or-established,89,90,False,142,1.88358140454e-05,over52
2024-03,Part_2,monthly,C_999,"England, all specialties",revised-or-established,90,91,False,116,1.5387003023e-05,over52
2024-03,Part_2,monthly,C_999,"England, all specialties",revised-or-established,91,92,False,113,1.49890632897e-05,over52
2024-03,Part_2,monthly,C_999,"England, all specialties",revised-or-established,92,93,False,90,1.19381920006e-05,over52
2024-03,Part_2,monthly,C_999,"England, all specialties",revised-or-established,93,94,False,98,1.29993646229e-05,over52
2024-03,Part_2,monthly,C_999,"England, all specialties",revised-or-established,94,95,False,65,8.622027556e-06,over52
2024-03,Part_2,monthly,C_999,"England, all specialties",revised-or-established,95,96,False,36,4.77527680025e-06,over52
2024-03,Part_2,monthly,C_999,"England, all specialties",revised-or-established,96,97,False,63,8.35673440043e-06,over52
2024-03,Part_2,monthly,C_999,"England, all specialties",revised-or-established,97,98,False,68,9.01996728935e-06,over52
2024-03,Part_2,monthly,C_999,"England, all specialties",revised-or-established,98,99,False,45,5.96909600031e-06,over52
2024-03,Part_2,monthly,C_999,"England, all specialties",revised-or-established,99,100,False,35,4.64263022246e-06,over52
2024-03,Part_2,monthly,C_999,"England, all specialties",revised-or-established,100,101,False,31,4.11204391132e-06,over52
2024-03,Part_2,monthly,C_999,"England, all specialties",revised-or-established,101,102,False,30,3.97939733354e-06,over52
2024-03,Part_2,monthly,C_999,"England, all specialties",revised-or-established,102,103,False,18,2.38763840012e-06,over52
2024-03,Part_2,monthly,C_999,"England, all specialties",revised-or-established,103,104,False,25,3.31616444462e-06,over52
2024-03,Part_2,monthly,C_999,"England, all specialties",revised-or-established,104,,True,232,3.0774006046e-05,over52
2024-04,Part_2,monthly,C_999,"England, all specialties",revised-or-established,0,1,False,420621,0.0555614777664,within18
2024-04,Part_2,monthly,C_999,"England, all specialties",revised-or-established,1,2,False,367297,0.0485177014442,within18
2024-04,Part_2,monthly,C_999,"England, all specialties",revised-or-established,2,3,False,322277,0.0425708330543,within18
2024-04,Part_2,monthly,C_999,"England, all specialties",revised-or-established,3,4,False,304184,0.0401808577149,within18
2024-04,Part_2,monthly,C_999,"England, all specialties",revised-or-established,4,5,False,193765,0.0255951788889,within18
2024-04,Part_2,monthly,C_999,"England, all specialties",revised-or-established,5,6,False,287851,0.0380233676791,within18
2024-04,Part_2,monthly,C_999,"England, all specialties",revised-or-established,6,7,False,278916,0.0368431084817,within18
2024-04,Part_2,monthly,C_999,"England, all specialties",revised-or-established,7,8,False,266950,0.0352624726054,within18
2024-04,Part_2,monthly,C_999,"England, all specialties",revised-or-established,8,9,False,254500,0.0336179032705,within18
2024-04,Part_2,monthly,C_999,"England, all specialties",revised-or-established,9,10,False,240385,0.0317533975548,within18
2024-04,Part_2,monthly,C_999,"England, all specialties",revised-or-established,10,11,False,223669,0.0295453155466,within18
2024-04,Part_2,monthly,C_999,"England, all specialties",revised-or-established,11,12,False,223618,0.0295385787566,within18
2024-04,Part_2,monthly,C_999,"England, all specialties",revised-or-established,12,13,False,216204,0.0285592344153,within18
2024-04,Part_2,monthly,C_999,"England, all specialties",revised-or-established,13,14,False,202528,0.0267527179315,within18
2024-04,Part_2,monthly,C_999,"England, all specialties",revised-or-established,14,15,False,192546,0.0254341563974,within18
2024-04,Part_2,monthly,C_999,"England, all specialties",revised-or-established,15,16,False,180366,0.0238252524216,within18
2024-04,Part_2,monthly,C_999,"England, all specialties",revised-or-established,16,17,False,151997,0.0200778799348,within18
2024-04,Part_2,monthly,C_999,"England, all specialties",revised-or-established,17,18,False,81274,0.0107358014554,within18
2024-04,Part_2,monthly,C_999,"England, all specialties",revised-or-established,18,19,False,107927,0.0142565007712,middle
2024-04,Part_2,monthly,C_999,"England, all specialties",revised-or-established,19,20,False,146941,0.0194100130628,middle
2024-04,Part_2,monthly,C_999,"England, all specialties",revised-or-established,20,21,False,142878,0.0188733154557,middle
2024-04,Part_2,monthly,C_999,"England, all specialties",revised-or-established,21,22,False,138847,0.0183408448542,middle
2024-04,Part_2,monthly,C_999,"England, all specialties",revised-or-established,22,23,False,135211,0.0178605513521,middle
2024-04,Part_2,monthly,C_999,"England, all specialties",revised-or-established,23,24,False,131325,0.0173472343694,middle
2024-04,Part_2,monthly,C_999,"England, all specialties",revised-or-established,24,25,False,126048,0.0166501747404,middle
2024-04,Part_2,monthly,C_999,"England, all specialties",revised-or-established,25,26,False,118347,0.0156329194434,middle
2024-04,Part_2,monthly,C_999,"England, all specialties",revised-or-established,26,27,False,109187,0.0144229391136,middle
2024-04,Part_2,monthly,C_999,"England, all specialties",revised-or-established,27,28,False,110352,0.0145768285332,middle
2024-04,Part_2,monthly,C_999,"England, all specialties",revised-or-established,28,29,False,108260,0.0143004880474,middle
2024-04,Part_2,monthly,C_999,"England, all specialties",revised-or-established,29,30,False,100935,0.0133329000653,middle
2024-04,Part_2,monthly,C_999,"England, all specialties",revised-or-established,30,31,False,98509,0.0130124402093,middle
2024-04,Part_2,monthly,C_999,"England, all specialties",revised-or-established,31,32,False,93956,0.0124110165803,middle
2024-04,Part_2,monthly,C_999,"England, all specialties",revised-or-established,32,33,False,90995,0.0120198864758,middle
2024-04,Part_2,monthly,C_999,"England, all specialties",revised-or-established,33,34,False,87060,0.0115000968909,middle
2024-04,Part_2,monthly,C_999,"England, all specialties",revised-or-established,34,35,False,80549,0.0106400333616,middle
2024-04,Part_2,monthly,C_999,"England, all specialties",revised-or-established,35,36,False,61719,0.00815270480139,middle
2024-04,Part_2,monthly,C_999,"England, all specialties",revised-or-established,36,37,False,74771,0.00987679467757,middle
2024-04,Part_2,monthly,C_999,"England, all specialties",revised-or-established,37,38,False,72885,0.00962766553977,middle
2024-04,Part_2,monthly,C_999,"England, all specialties",revised-or-established,38,39,False,70682,0.00933666262856,middle
2024-04,Part_2,monthly,C_999,"England, all specialties",revised-or-established,39,40,False,67696,0.00894223017604,middle
2024-04,Part_2,monthly,C_999,"England, all specialties",revised-or-established,40,41,False,63502,0.00838822826517,middle
2024-04,Part_2,monthly,C_999,"England, all specialties",revised-or-established,41,42,False,60652,0.00801176058611,middle
2024-04,Part_2,monthly,C_999,"England, all specialties",revised-or-established,42,43,False,59456,0.00785377625482,middle
2024-04,Part_2,monthly,C_999,"England, all specialties",revised-or-established,43,44,False,55951,0.00739078705654,middle
2024-04,Part_2,monthly,C_999,"England, all specialties",revised-or-established,44,45,False,53965,0.0071284485265,middle
2024-04,Part_2,monthly,C_999,"England, all specialties",revised-or-established,45,46,False,50288,0.00664273917355,middle
2024-04,Part_2,monthly,C_999,"England, all specialties",revised-or-established,46,47,False,49551,0.00654538595268,middle
2024-04,Part_2,monthly,C_999,"England, all specialties",revised-or-established,47,48,False,44270,0.00584779794808,middle
2024-04,Part_2,monthly,C_999,"England, all specialties",revised-or-established,48,49,False,35684,0.00471363952969,middle
2024-04,Part_2,monthly,C_999,"England, all specialties",revised-or-established,49,50,False,42071,0.00555732341255,middle
2024-04,Part_2,monthly,C_999,"England, all specialties",revised-or-established,50,51,False,39471,0.00521387921411,middle
2024-04,Part_2,monthly,C_999,"England, all specialties",revised-or-established,51,52,False,28893,0.00381658970214,middle
2024-04,Part_2,monthly,C_999,"England, all specialties",revised-or-established,52,53,False,26502,0.0035007531335,over52
2024-04,Part_2,monthly,C_999,"England, all specialties",revised-or-established,53,54,False,30088,0.0039744419395,over52
2024-04,Part_2,monthly,C_999,"England, all specialties",revised-or-established,54,55,False,26500,0.00350048894565,over52
2024-04,Part_2,monthly,C_999,"England, all specialties",revised-or-established,55,56,False,16269,0.00214903602479,over52
2024-04,Part_2,monthly,C_999,"England, all specialties",revised-or-established,56,57,False,24239,0.00320182458693,over52
2024-04,Part_2,monthly,C_999,"England, all specialties",revised-or-established,57,58,False,23074,0.00304793516725,over52
2024-04,Part_2,monthly,C_999,"England, all specialties",revised-or-established,58,59,False,20010,0.00264319938878,over52
2024-04,Part_2,monthly,C_999,"England, all specialties",revised-or-established,59,60,False,18671,0.00246632562658,over52
2024-04,Part_2,monthly,C_999,"England, all specialties",revised-or-established,60,61,False,17300,0.00228522485886,over52
2024-04,Part_2,monthly,C_999,"England, all specialties",revised-or-established,61,62,False,14771,0.00195115932892,over52
2024-04,Part_2,monthly,C_999,"England, all specialties",revised-or-established,62,63,False,12561,0.00165923176024,over52
2024-04,Part_2,monthly,C_999,"England, all specialties",revised-or-established,63,64,False,11933,0.00157627677692,over52
2024-04,Part_2,monthly,C_999,"England, all specialties",revised-or-established,64,65,False,10274,0.00135713295953,over52
2024-04,Part_2,monthly,C_999,"England, all specialties",revised-or-established,65,66,False,7910,0.0010448629268,over52
2024-04,Part_2,monthly,C_999,"England, all specialties",revised-or-established,66,67,False,7190,0.000949755302613,over52
2024-04,Part_2,monthly,C_999,"England, all specialties",revised-or-established,67,68,False,6073,0.000802206391206,over52
2024-04,Part_2,monthly,C_999,"England, all specialties",revised-or-established,68,69,False,4839,0.000639202490869,over52
2024-04,Part_2,monthly,C_999,"England, all specialties",revised-or-established,69,70,False,1794,0.000236976496925,over52
2024-04,Part_2,monthly,C_999,"England, all specialties",revised-or-established,70,71,False,2154,0.000284530309017,over52
2024-04,Part_2,monthly,C_999,"England, all specialties",revised-or-established,71,72,False,3006,0.000397074330967,over52
2024-04,Part_2,monthly,C_999,"England, all specialties",revised-or-established,72,73,False,2816,0.000371976485697,over52
2024-04,Part_2,monthly,C_999,"England, all specialties",revised-or-established,73,74,False,2442,0.00032257335869,over52
2024-04,Part_2,monthly,C_999,"England, all specialties",revised-or-established,74,75,False,2115,0.00027937864604,over52
2024-04,Part_2,monthly,C_999,"England, all specialties",revised-or-established,75,76,False,1931,0.000255073364304,over52
2024-04,Part_2,monthly,C_999,"England, all specialties",revised-or-established,76,77,False,1687,0.00022284244722,over52
2024-04,Part_2,monthly,C_999,"England, all specialties",revised-or-established,77,78,False,1427,0.000188498027375,over52
2024-04,Part_2,monthly,C_999,"England, all specialties",revised-or-established,78,79,False,744,9.82778783233e-05,over52
2024-04,Part_2,monthly,C_999,"England, all specialties",revised-or-established,79,80,False,655,8.65215192228e-05,over52
2024-04,Part_2,monthly,C_999,"England, all specialties",revised-or-established,80,81,False,607,8.01810109438e-05,over52
2024-04,Part_2,monthly,C_999,"England, all specialties",revised-or-established,81,82,False,546,7.21232816727e-05,over52
2024-04,Part_2,monthly,C_999,"England, all specialties",revised-or-established,82,83,False,311,4.10812098905e-05,over52
2024-04,Part_2,monthly,C_999,"England, all specialties",revised-or-established,83,84,False,235,3.10420717822e-05,over52
2024-04,Part_2,monthly,C_999,"England, all specialties",revised-or-established,84,85,False,185,2.44373756583e-05,over52
2024-04,Part_2,monthly,C_999,"England, all specialties",revised-or-established,85,86,False,198,2.61545966505e-05,over52
2024-04,Part_2,monthly,C_999,"England, all specialties",revised-or-established,86,87,False,146,1.92857126817e-05,over52
2024-04,Part_2,monthly,C_999,"England, all specialties",revised-or-established,87,88,False,110,1.45303314725e-05,over52
2024-04,Part_2,monthly,C_999,"England, all specialties",revised-or-established,88,89,False,127,1.67759281546e-05,over52
2024-04,Part_2,monthly,C_999,"England, all specialties",revised-or-established,89,90,False,95,1.25489226354e-05,over52
2024-04,Part_2,monthly,C_999,"England, all specialties",revised-or-established,90,91,False,96,1.26810165578e-05,over52
2024-04,Part_2,monthly,C_999,"England, all specialties",revised-or-established,91,92,False,113,1.492661324e-05,over52
2024-04,Part_2,monthly,C_999,"England, all specialties",revised-or-established,92,93,False,88,1.1624265178e-05,over52
2024-04,Part_2,monthly,C_999,"England, all specialties",revised-or-established,93,94,False,68,8.98238672847e-06,over52
2024-04,Part_2,monthly,C_999,"England, all specialties",revised-or-established,94,95,False,59,7.79354142617e-06,over52
2024-04,Part_2,monthly,C_999,"England, all specialties",revised-or-established,95,96,False,67,8.85029280599e-06,over52
2024-04,Part_2,monthly,C_999,"England, all specialties",revised-or-established,96,97,False,36,4.75538120919e-06,over52
2024-04,Part_2,monthly,C_999,"England, all specialties",revised-or-established,97,98,False,57,7.52935358122e-06,over52
2024-04,Part_2,monthly,C_999,"England, all specialties",revised-or-established,98,99,False,44,5.81213258901e-06,over52
2024-04,Part_2,monthly,C_999,"England, all specialties",revised-or-established,99,100,False,24,3.17025413946e-06,over52
2024-04,Part_2,monthly,C_999,"England, all specialties",revised-or-established,100,101,False,21,2.77397237203e-06,over52
2024-04,Part_2,monthly,C_999,"England, all specialties",revised-or-established,101,102,False,41,5.41585082158e-06,over52
2024-04,Part_2,monthly,C_999,"England, all specialties",revised-or-established,102,103,False,32,4.22700551928e-06,over52
2024-04,Part_2,monthly,C_999,"England, all specialties",revised-or-established,103,104,False,33,4.35909944176e-06,over52
2024-04,Part_2,monthly,C_999,"England, all specialties",revised-or-established,104,,True,275,3.63258286813e-05,over52
2024-05,Part_2,monthly,C_999,"England, all specialties",revised-or-established,0,1,False,322957,0.0424851183625,within18
2024-05,Part_2,monthly,C_999,"England, all specialties",revised-or-established,1,2,False,372244,0.0489688422908,within18
2024-05,Part_2,monthly,C_999,"England, all specialties",revised-or-established,2,3,False,354832,0.0466782869509,within18
2024-05,Part_2,monthly,C_999,"England, all specialties",revised-or-established,3,4,False,269270,0.0354225727309,within18
2024-05,Part_2,monthly,C_999,"England, all specialties",revised-or-established,4,5,False,326931,0.0430078996007,within18
2024-05,Part_2,monthly,C_999,"England, all specialties",revised-or-established,5,6,False,304563,0.0400653805424,within18
2024-05,Part_2,monthly,C_999,"England, all specialties",revised-or-established,6,7,False,281286,0.0370032821822,within18
2024-05,Part_2,monthly,C_999,"England, all specialties",revised-or-established,7,8,False,251432,0.0330759769261,within18
2024-05,Part_2,monthly,C_999,"England, all specialties",revised-or-established,8,9,False,169070,0.0222412239448,within18
2024-05,Part_2,monthly,C_999,"England, all specialties",revised-or-established,9,10,False,231277,0.0304245788743,within18
2024-05,Part_2,monthly,C_999,"England, all specialties",revised-or-established,10,11,False,231205,0.0304151072465,within18
2024-05,Part_2,monthly,C_999,"England, all specialties",revised-or-established,11,12,False,227186,0.0298864062408,within18
2024-05,Part_2,monthly,C_999,"England, all specialties",revised-or-established,12,13,False,216692,0.0285059164787,within18
2024-05,Part_2,monthly,C_999,"England, all specialties",revised-or-established,13,14,False,202511,0.0266404004394,within18
2024-05,Part_2,monthly,C_999,"England, all specialties",revised-or-established,14,15,False,193447,0.0254480277308,within18
2024-05,Part_2,monthly,C_999,"England, all specialties",revised-or-established,15,16,False,179745,0.023645524327,within18
2024-05,Part_2,monthly,C_999,"England, all specialties",revised-or-established,16,17,False,183310,0.0241145014569,within18
2024-05,Part_2,monthly,C_999,"England, all specialties",revised-or-established,17,18,False,173849,0.0228699032447,within18
2024-05,Part_2,monthly,C_999,"England, all specialties",revised-or-established,18,19,False,159122,0.0209325606941,middle
2024-05,Part_2,monthly,C_999,"England, all specialties",revised-or-established,19,20,False,152764,0.020096163333,middle
2024-05,Part_2,monthly,C_999,"England, all specialties",revised-or-established,20,21,False,139015,0.0182874770609,middle
2024-05,Part_2,monthly,C_999,"England, all specialties",revised-or-established,21,22,False,93790,0.0123381108049,middle
2024-05,Part_2,monthly,C_999,"England, all specialties",revised-or-established,22,23,False,61597,0.0081031091934,middle
2024-05,Part_2,monthly,C_999,"England, all specialties",revised-or-established,23,24,False,125847,0.0165552215637,middle
2024-05,Part_2,monthly,C_999,"England, all specialties",revised-or-established,24,25,False,120481,0.0158493221866,middle
2024-05,Part_2,monthly,C_999,"England, all specialties",revised-or-established,25,26,False,117460,0.0154519084672,middle
2024-05,Part_2,monthly,C_999,"England, all specialties",revised-or-established,26,27,False,114208,0.0150241066084,middle
2024-05,Part_2,monthly,C_999,"England, all specialties",revised-or-established,27,28,False,112551,0.014806127617,middle
2024-05,Part_2,monthly,C_999,"England, all specialties",revised-or-established,28,29,False,107657,0.0141623200226,middle
2024-05,Part_2,monthly,C_999,"England, all specialties",revised-or-established,29,30,False,103526,0.0136188853736,middle
2024-05,Part_2,monthly,C_999,"England, all specialties",revised-or-established,30,31,False,96093,0.0126410713464,middle
2024-05,Part_2,monthly,C_999,"England, all specialties",revised-or-established,31,32,False,92220,0.0121315766972,middle
2024-05,Part_2,monthly,C_999,"England, all specialties",revised-or-established,32,33,False,92950,0.0122276084797,middle
2024-05,Part_2,monthly,C_999,"England, all specialties",revised-or-established,33,34,False,89250,0.0117408720475,middle
2024-05,Part_2,monthly,C_999,"England, all specialties",revised-or-established,34,35,False,82940,0.010910789105,middle
2024-05,Part_2,monthly,C_999,"England, all specialties",revised-or-established,35,36,False,82229,0.0108172567798,middle
2024-05,Part_2,monthly,C_999,"England, all specialties",revised-or-established,36,37,False,76489,0.0100621575579,middle
2024-05,Part_2,monthly,C_999,"England, all specialties",revised-or-established,37,38,False,74392,0.00978629639618,middle
2024-05,Part_2,monthly,C_999,"England, all specialties",revised-or-established,38,39,False,69131,0.00909420980971,middle
2024-05,Part_2,monthly,C_999,"England, all specialties",revised-or-established,39,40,False,51966,0.00683614741536,middle
2024-05,Part_2,monthly,C_999,"England, all specialties",revised-or-established,40,41,False,61824,0.00813297113127,middle
2024-05,Part_2,monthly,C_999,"England, all specialties",revised-or-established,41,42,False,59971,0.007889208264,middle
2024-05,Part_2,monthly,C_999,"England, all specialties",revised-or-established,42,43,False,58166,0.0076517598153,middle
2024-05,Part_2,monthly,C_999,"England, all specialties",revised-or-established,43,44,False,55922,0.00735656074668,middle
2024-05,Part_2,monthly,C_999,"England, all specialties",revised-or-established,44,45,False,52739,0.00693783586458,middle
2024-05,Part_2,monthly,C_999,"England, all specialties",revised-or-established,45,46,False,49867,0.00656002315287,middle
2024-05,Part_2,monthly,C_999,"England, all specialties",revised-or-established,46,47,False,47461,0.00624351292154,middle
2024-05,Part_2,monthly,C_999,"England, all specialties",revised-or-established,47,48,False,45962,0.00604631889129,middle
2024-05,Part_2,monthly,C_999,"England, all specialties",revised-or-established,48,49,False,42199,0.00555129478468,middle
2024-05,Part_2,monthly,C_999,"England, all specialties",revised-or-established,49,50,False,40031,0.00526609354548,middle
2024-05,Part_2,monthly,C_999,"England, all specialties",revised-or-established,50,51,False,36716,0.00483000401229,middle
2024-05,Part_2,monthly,C_999,"England, all specialties",revised-or-established,51,52,False,35807,0.00471042471042,middle
2024-05,Part_2,monthly,C_999,"England, all specialties",revised-or-established,52,53,False,25047,0.00329494254537,over52
2024-05,Part_2,monthly,C_999,"England, all specialties",revised-or-established,53,54,False,31827,0.00418685416982,over52
2024-05,Part_2,monthly,C_999,"England, all specialties",revised-or-established,54,55,False,28990,0.00381364572165,over52
2024-05,Part_2,monthly,C_999,"England, all specialties",revised-or-established,55,56,False,22270,0.00292962712043,over52
2024-05,Part_2,monthly,C_999,"England, all specialties",revised-or-established,56,57,False,20178,0.00265442371064,over52
2024-05,Part_2,monthly,C_999,"England, all specialties",revised-or-established,57,58,False,22514,0.00296172541488,over52
2024-05,Part_2,monthly,C_999,"England, all specialties",revised-or-established,58,59,False,19948,0.00262416712161,over52
2024-05,Part_2,monthly,C_999,"England, all specialties",revised-or-established,59,60,False,11937,0.00157031697066,over52
2024-05,Part_2,monthly,C_999,"England, all specialties",revised-or-established,60,61,False,16383,0.00215518999165,over52
2024-05,Part_2,monthly,C_999,"England, all specialties",revised-or-established,61,62,False,15189,0.00199811882946,over52
2024-05,Part_2,monthly,C_999,"England, all specialties",revised-or-established,62,63,False,14177,0.00186498983773,over52
2024-05,Part_2,monthly,C_999,"England, all specialties",revised-or-established,63,64,False,12075,0.00158847092408,over52
2024-05,Part_2,monthly,C_999,"England, all specialties",revised-or-established,64,65,False,11010,0.00144836976183,over52
2024-05,Part_2,monthly,C_999,"England, all specialties",revised-or-established,65,66,False,8943,0.00117645511172,over52
2024-05,Part_2,monthly,C_999,"England, all specialties",revised-or-established,66,67,False,7518,0.00098899581012,over52
2024-05,Part_2,monthly,C_999,"England, all specialties",revised-or-established,67,68,False,6609,0.000869416508258,over52
2024-05,Part_2,monthly,C_999,"England, all specialties",revised-or-established,68,69,False,6093,0.000801536508521,over52
2024-05,Part_2,monthly,C_999,"England, all specialties",revised-or-established,69,70,False,4977,0.000654726276532,over52
2024-05,Part_2,monthly,C_999,"England, all specialties",revised-or-established,70,71,False,4333,0.000570007827248,over52
2024-05,Part_2,monthly,C_999,"England, all specialties",revised-or-established,71,72,False,3713,0.000488446587254,over52
2024-05,Part_2,monthly,C_999,"England, all specialties",revised-or-established,72,73,False,3049,0.000401097130228,over52
2024-05,Part_2,monthly,C_999,"England, all specialties",revised-or-established,73,74,False,1747,0.000229818526241,over52
2024-05,Part_2,monthly,C_999,"England, all specialties",revised-or-established,74,75,False,662,8.70863562516e-05,over52
2024-05,Part_2,monthly,C_999,"England, all specialties",revised-or-established,75,76,False,1352,0.000177856123342,over52
2024-05,Part_2,monthly,C_999,"England, all specialties",revised-or-established,76,77,False,1268,0.000166805890826,over52
2024-05,Part_2,monthly,C_999,"England, all specialties",revised-or-established,77,78,False,1094,0.000143916123473,over52
2024-05,Part_2,monthly,C_999,"England, all specialties",revised-or-established,78,79,False,582,7.65623252846e-05,over52
2024-05,Part_2,monthly,C_999,"England, all specialties",revised-or-established,79,80,False,520,6.84062012852e-05,over52
2024-05,Part_2,monthly,C_999,"England, all specialties",revised-or-established,80,81,False,559,7.35366663816e-05,over52
2024-05,Part_2,monthly,C_999,"England, all specialties",revised-or-established,81,82,False,475,6.24864338663e-05,over52
2024-05,Part_2,monthly,C_999,"England, all specialties",revised-or-established,82,83,False,420,5.52511625765e-05,over52
2024-05,Part_2,monthly,C_999,"England, all specialties",revised-or-established,83,84,False,277,3.64394572231e-05,over52
2024-05,Part_2,monthly,C_999,"England, all specialties",revised-or-established,84,85,False,272,3.57817052877e-05,over52
2024-05,Part_2,monthly,C_999,"England, all specialties",revised-or-established,85,86,False,260,3.42031006426e-05,over52
2024-05,Part_2,monthly,C_999,"England, all specialties",revised-or-established,86,87,False,162,2.13111627081e-05,over52
2024-05,Part_2,monthly,C_999,"England, all specialties",revised-or-established,87,88,False,110,1.44705425796e-05,over52
2024-05,Part_2,monthly,C_999,"England, all specialties",revised-or-established,88,89,False,79,1.03924805799e-05,over52
2024-05,Part_2,monthly,C_999,"England, all specialties",revised-or-established,89,90,False,100,1.31550387087e-05,over52
2024-05,Part_2,monthly,C_999,"England, all specialties",revised-or-established,90,91,False,75,9.86627903153e-06,over52
2024-05,Part_2,monthly,C_999,"England, all specialties",revised-or-established,91,92,False,56,7.36682167687e-06,over52
2024-05,Part_2,monthly,C_999,"England, all specialties",revised-or-established,92,93,False,56,7.36682167687e-06,over52
2024-05,Part_2,monthly,C_999,"England, all specialties",revised-or-established,93,94,False,47,6.18286819309e-06,over52
2024-05,Part_2,monthly,C_999,"England, all specialties",revised-or-established,94,95,False,45,5.91976741892e-06,over52
2024-05,Part_2,monthly,C_999,"England, all specialties",revised-or-established,95,96,False,34,4.47271316096e-06,over52
2024-05,Part_2,monthly,C_999,"England, all specialties",revised-or-established,96,97,False,41,5.39356587057e-06,over52
2024-05,Part_2,monthly,C_999,"England, all specialties",revised-or-established,97,98,False,42,5.52511625765e-06,over52
2024-05,Part_2,monthly,C_999,"England, all specialties",revised-or-established,98,99,False,32,4.20961238678e-06,over52
2024-05,Part_2,monthly,C_999,"England, all specialties",revised-or-established,99,100,False,18,2.36790696757e-06,over52
2024-05,Part_2,monthly,C_999,"England, all specialties",revised-or-established,100,101,False,25,3.28875967718e-06,over52
2024-05,Part_2,monthly,C_999,"England, all specialties",revised-or-established,101,102,False,20,2.63100774174e-06,over52
2024-05,Part_2,monthly,C_999,"England, all specialties",revised-or-established,102,103,False,19,2.49945735465e-06,over52
2024-05,Part_2,monthly,C_999,"England, all specialties",revised-or-established,103,104,False,12,1.57860464504e-06,over52
2024-05,Part_2,monthly,C_999,"England, all specialties",revised-or-established,104,,True,259,3.40715502555e-05,over52
2024-06,Part_2,monthly,C_999,"England, all specialties",revised-or-established,0,1,False,346130,0.045416154232,within18
2024-06,Part_2,monthly,C_999,"England, all specialties",revised-or-established,1,2,False,352233,0.046216936566,within18
2024-06,Part_2,monthly,C_999,"England, all specialties",revised-or-established,2,3,False,345888,0.0453844011065,within18
2024-06,Part_2,monthly,C_999,"England, all specialties",revised-or-established,3,4,False,326454,0.0428344414343,within18
2024-06,Part_2,monthly,C_999,"England, all specialties",revised-or-established,4,5,False,246715,0.032371786587,within18
2024-06,Part_2,monthly,C_999,"England, all specialties",revised-or-established,5,6,False,300639,0.0394472226971,within18
2024-06,Part_2,monthly,C_999,"England, all specialties",revised-or-established,6,7,False,290563,0.0381251380178,within18
2024-06,Part_2,monthly,C_999,"England, all specialties",revised-or-established,7,8,False,224685,0.0294812024777,within18
2024-06,Part_2,monthly,C_999,"England, all specialties",revised-or-established,8,9,False,268585,0.0352413768942,within18
2024-06,Part_2,monthly,C_999,"England, all specialties",revised-or-established,9,10,False,255629,0.0335414037794,within18
2024-06,Part_2,monthly,C_999,"England, all specialties",revised-or-established,10,11,False,240762,0.0315906859423,within18
2024-06,Part_2,monthly,C_999,"England, all specialties",revised-or-established,11,12,False,212197,0.0278426362337,within18
2024-06,Part_2,monthly,C_999,"England, all specialties",revised-or-established,12,13,False,167160,0.0219332746119,within18
2024-06,Part_2,monthly,C_999,"England, all specialties",revised-or-established,13,14,False,166718,0.021875279234,within18
2024-06,Part_2,monthly,C_999,"England, all specialties",revised-or-established,14,15,False,193688,0.0254140469791,within18
2024-06,Part_2,monthly,C_999,"England, all specialties",revised-or-established,15,16,False,192376,0.025241897803,within18
2024-06,Part_2,monthly,C_999,"England, all specialties",revised-or-established,16,17,False,182956,0.0240058877118,within18
2024-06,Part_2,monthly,C_999,"England, all specialties",revised-or-established,17,18,False,173704,0.0227919211126,within18
2024-06,Part_2,monthly,C_999,"England, all specialties",revised-or-established,18,19,False,161485,0.0211886506982,middle
2024-06,Part_2,monthly,C_999,"England, all specialties",revised-or-established,19,20,False,148883,0.0195351263702,middle
2024-06,Part_2,monthly,C_999,"England, all specialties",revised-or-established,20,21,False,152338,0.0199884612816,middle
2024-06,Part_2,monthly,C_999,"England, all specialties",revised-or-established,21,22,False,145972,0.0191531703856,middle
2024-06,Part_2,monthly,C_999,"England, all specialties",revised-or-established,22,23,False,138362,0.0181546526792,middle
2024-06,Part_2,monthly,C_999,"England, all specialties",revised-or-established,23,24,False,131262,0.0172230527166,middle
2024-06,Part_2,monthly,C_999,"England, all specialties",revised-or-established,24,25,False,121277,0.0159129082622,middle
2024-06,Part_2,monthly,C_999,"England, all specialties",revised-or-established,25,26,False,84402,0.0110744929636,middle
2024-06,Part_2,monthly,C_999,"England, all specialties",revised-or-established,26,27,False,49486,0.00649312052791,middle
2024-06,Part_2,monthly,C_999,"England, all specialties",revised-or-established,27,28,False,103182,0.0135386404703,middle
2024-06,Part_2,monthly,C_999,"England, all specialties",revised-or-established,28,29,False,102981,0.0135122670065,middle
2024-06,Part_2,monthly,C_999,"England, all specialties",revised-or-established,29,30,False,100199,0.0131472372747,middle
2024-06,Part_2,monthly,C_999,"England, all specialties",revised-or-established,30,31,False,97946,0.0128516183007,middle
2024-06,Part_2,monthly,C_999,"England, all specialties",revised-or-established,31,32,False,95597,0.0125434030454,middle
2024-06,Part_2,monthly,C_999,"England, all specialties",revised-or-established,32,33,False,92218,0.01210004019,middle
2024-06,Part_2,monthly,C_999,"England, all specialties",revised-or-established,33,34,False,88823,0.0116545779544,middle
2024-06,Part_2,monthly,C_999,"England, all specialties",revised-or-established,34,35,False,82851,0.0108709842957,middle
2024-06,Part_2,monthly,C_999,"England, all specialties",revised-or-established,35,36,False,77165,0.0101249170581,middle
2024-06,Part_2,monthly,C_999,"England, all specialties",revised-or-established,36,37,False,78843,0.0103450895563,middle
2024-06,Part_2,monthly,C_999,"England, all specialties",revised-or-established,37,38,False,75704,0.00993321740381,middle
2024-06,Part_2,monthly,C_999,"England, all specialties",revised-or-established,38,39,False,69191,0.00907863845222,middle
2024-06,Part_2,monthly,C_999,"England, all specialties",revised-or-established,39,40,False,67996,0.00892184099373,middle
2024-06,Part_2,monthly,C_999,"England, all specialties",revised-or-established,40,41,False,63173,0.00828900907549,middle
2024-06,Part_2,monthly,C_999,"England, all specialties",revised-or-established,41,42,False,60974,0.00800047550961,middle
2024-06,Part_2,monthly,C_999,"England, all specialties",revised-or-established,42,43,False,56509,0.00741461722329,middle
2024-06,Part_2,monthly,C_999,"England, all specialties",revised-or-established,43,44,False,43215,0.00567029470181,middle
2024-06,Part_2,monthly,C_999,"England, all specialties",revised-or-established,44,45,False,49526,0.0064983689784,middle
2024-06,Part_2,monthly,C_999,"England, all specialties",revised-or-established,45,46,False,48502,0.00636400864577,middle
2024-06,Part_2,monthly,C_999,"England, all specialties",revised-or-established,46,47,False,47040,0.00617217778024,middle
2024-06,Part_2,monthly,C_999,"England, all specialties",revised-or-established,47,48,False,45248,0.00593704719813,middle
2024-06,Part_2,monthly,C_999,"England, all specialties",revised-or-established,48,49,False,41464,0.00544054378146,middle
2024-06,Part_2,monthly,C_999,"England, all specialties",revised-or-established,49,50,False,38697,0.00507748221858,middle
2024-06,Part_2,monthly,C_999,"England, all specialties",revised-or-established,50,51,False,36321,0.00476572425927,middle
2024-06,Part_2,monthly,C_999,"England, all specialties",revised-or-established,51,52,False,34690,0.0045517186904,middle
2024-06,Part_2,monthly,C_999,"England, all specialties",revised-or-established,52,53,False,30457,0.00399630141694,over52
2024-06,Part_2,monthly,C_999,"England, all specialties",revised-or-established,53,54,False,29082,0.00381588593123,over52
2024-06,Part_2,monthly,C_999,"England, all specialties",revised-or-established,54,55,False,26245,0.00344363957998,over52
2024-06,Part_2,monthly,C_999,"England, all specialties",revised-or-established,55,56,False,25772,0.0033815766529,over52
2024-06,Part_2,monthly,C_999,"England, all specialties",revised-or-established,56,57,False,17875,0.00234540131424,over52
2024-06,Part_2,monthly,C_999,"England, all specialties",revised-or-established,57,58,False,21636,0.00283888687188,over52
2024-06,Part_2,monthly,C_999,"England, all specialties",revised-or-established,58,59,False,20033,0.00262855521836,over52
2024-06,Part_2,monthly,C_999,"England, all specialties",revised-or-established,59,60,False,15344,0.00201330560927,over52
2024-06,Part_2,monthly,C_999,"England, all specialties",revised-or-established,60,61,False,13446,0.00176426663336,over52
2024-06,Part_2,monthly,C_999,"England, all specialties",revised-or-established,61,62,False,14620,0.00191830865534,over52
2024-06,Part_2,monthly,C_999,"England, all specialties",revised-or-established,62,63,False,12832,0.00168370291828,over52
2024-06,Part_2,monthly,C_999,"England, all specialties",revised-or-established,63,64,False,8816,0.00115675848875,over52
2024-06,Part_2,monthly,C_999,"England, all specialties",revised-or-established,64,65,False,8511,0.00111673905373,over52
2024-06,Part_2,monthly,C_999,"England, all specialties",revised-or-established,65,66,False,8679,0.00113878254581,over52
2024-06,Part_2,monthly,C_999,"England, all specialties",revised-or-established,66,67,False,8065,0.00105821883073,over52
2024-06,Part_2,monthly,C_999,"England, all specialties",revised-or-established,67,68,False,6927,0.000908900414195,over52
2024-06,Part_2,monthly,C_999,"England, all specialties",revised-or-established,68,69,False,6319,0.000829123966695,over52
2024-06,Part_2,monthly,C_999,"England, all specialties",revised-or-established,69,70,False,5314,0.000697256648048,over52
2024-06,Part_2,monthly,C_999,"England, all specialties",revised-or-established,70,71,False,4329,0.000568013554648,over52
2024-06,Part_2,monthly,C_999,"England, all specialties",revised-or-established,71,72,False,3727,0.000489024374723,over52
2024-06,Part_2,monthly,C_999,"England, all specialties",revised-or-established,72,73,False,3357,0.000440476207659,over52
2024-06,Part_2,monthly,C_999,"England, all specialties",revised-or-established,73,74,False,2660,0.000349021957811,over52
2024-06,Part_2,monthly,C_999,"England, all specialties",revised-or-established,74,75,False,2133,0.000279873622561,over52
2024-06,Part_2,monthly,C_999,"England, all specialties",revised-or-established,75,76,False,1695,0.000222403089658,over52
2024-06,Part_2,monthly,C_999,"England, all specialties",revised-or-established,76,77,False,1386,0.000181858809596,over52
2024-06,Part_2,monthly,C_999,"England, all specialties",revised-or-established,77,78,False,812,0.000106543545016,over52
2024-06,Part_2,monthly,C_999,"England, all specialties",revised-or-established,78,79,False,138,1.81071542022e-05,over52
2024-06,Part_2,monthly,C_999,"England, all specialties",revised-or-established,79,80,False,305,4.00194350122e-05,over52
2024-06,Part_2,monthly,C_999,"England, all specialties",revised-or-established,80,81,False,307,4.02818575368e-05,over52
2024-06,Part_2,monthly,C_999,"England, all specialties",revised-or-established,81,82,False,310,4.06754913239e-05,over52
2024-06,Part_2,monthly,C_999,"England, all specialties",revised-or-established,82,83,False,232,3.04410128617e-05,over52
2024-06,Part_2,monthly,C_999,"England, all specialties",revised-or-established,83,84,False,186,2.44052947943e-05,over52
2024-06,Part_2,monthly,C_999,"England, all specialties",revised-or-established,84,85,False,181,2.37492384826e-05,over52
2024-06,Part_2,monthly,C_999,"England, all specialties",revised-or-established,85,86,False,128,1.67950415789e-05,over52
2024-06,Part_2,monthly,C_999,"England, all specialties",revised-or-established,86,87,False,130,1.70574641036e-05,over52
2024-06,Part_2,monthly,C_999,"England, all specialties",revised-or-established,87,88,False,86,1.12841685608e-05,over52
2024-06,Part_2,monthly,C_999,"England, all specialties",revised-or-established,88,89,False,76,9.97205593746e-06,over52
2024-06,Part_2,monthly,C_999,"England, all specialties",revised-or-established,89,90,False,73,9.57842215046e-06,over52
2024-06,Part_2,monthly,C_999,"England, all specialties",revised-or-established,90,91,False,63,8.26630952711e-06,over52
2024-06,Part_2,monthly,C_999,"England, all specialties",revised-or-established,91,92,False,33,4.32997165706e-06,over52
2024-06,Part_2,monthly,C_999,"England, all specialties",revised-or-established,92,93,False,28,3.67391534538e-06,over52
2024-06,Part_2,monthly,C_999,"England, all specialties",revised-or-established,93,94,False,43,5.64208428041e-06,over52
2024-06,Part_2,monthly,C_999,"England, all specialties",revised-or-established,94,95,False,42,5.51087301807e-06,over52
2024-06,Part_2,monthly,C_999,"England, all specialties",revised-or-established,95,96,False,19,2.49301398437e-06,over52
2024-06,Part_2,monthly,C_999,"England, all specialties",revised-or-established,96,97,False,12,1.57453514802e-06,over52
2024-06,Part_2,monthly,C_999,"England, all specialties",revised-or-established,97,98,False,23,3.01785903371e-06,over52
2024-06,Part_2,monthly,C_999,"England, all specialties",revised-or-established,98,99,False,19,2.49301398437e-06,over52
2024-06,Part_2,monthly,C_999,"England, all specialties",revised-or-established,99,100,False,13,1.70574641036e-06,over52
2024-06,Part_2,monthly,C_999,"England, all specialties",revised-or-established,100,101,False,16,2.09938019736e-06,over52
2024-06,Part_2,monthly,C_999,"England, all specialties",revised-or-established,101,102,False,17,2.2305914597e-06,over52
2024-06,Part_2,monthly,C_999,"England, all specialties",revised-or-established,102,103,False,11,1.44332388569e-06,over52
2024-06,Part_2,monthly,C_999,"England, all specialties",revised-or-established,103,104,False,10,1.31211262335e-06,over52
2024-06,Part_2,monthly,C_999,"England, all specialties",revised-or-established,104,,True,120,1.57453514802e-05,over52
2024-07,Part_2,monthly,C_999,"England, all specialties",revised-or-established,0,1,False,387723,0.0508617185099,within18
2024-07,Part_2,monthly,C_999,"England, all specialties",revised-or-established,1,2,False,329000,0.0431584027508,within18
2024-07,Part_2,monthly,C_999,"England, all specialties",revised-or-established,2,3,False,329169,0.0431805722647,within18
2024-07,Part_2,monthly,C_999,"England, all specialties",revised-or-established,3,4,False,316828,0.0415616730296,within18
2024-07,Part_2,monthly,C_999,"England, all specialties",revised-or-established,4,5,False,292707,0.038397466851,within18
2024-07,Part_2,monthly,C_999,"England, all specialties",revised-or-established,5,6,False,286354,0.0375640767821,within18
2024-07,Part_2,monthly,C_999,"England, all specialties",revised-or-established,6,7,False,276845,0.0363166808801,within18
2024-07,Part_2,monthly,C_999,"England, all specialties",revised-or-established,7,8,False,271671,0.0356379526861,within18
2024-07,Part_2,monthly,C_999,"England, all specialties",revised-or-established,8,9,False,248935,0.0326554315768,within18
2024-07,Part_2,monthly,C_999,"England, all specialties",revised-or-established,9,10,False,198497,0.0260389467198,within18
2024-07,Part_2,monthly,C_999,"England, all specialties",revised-or-established,10,11,False,243899,0.0319948062994,within18
2024-07,Part_2,monthly,C_999,"England, all specialties",revised-or-established,11,12,False,232016,0.0304359877588,within18
2024-07,Part_2,monthly,C_999,"England, all specialties",revised-or-established,12,13,False,184039,0.0241423382488,within18
2024-07,Part_2,monthly,C_999,"England, all specialties",revised-or-established,13,14,False,217497,0.0285313772738,within18
2024-07,Part_2,monthly,C_999,"England, all specialties",revised-or-established,14,15,False,203762,0.0267296123444,within18
2024-07,Part_2,monthly,C_999,"England, all specialties",revised-or-established,15,16,False,184113,0.0241520456099,within18
2024-07,Part_2,monthly,C_999,"England, all specialties",revised-or-established,16,17,False,170983,0.0224296449165,within18
2024-07,Part_2,monthly,C_999,"England, all specialties",revised-or-established,17,18,False,109971,0.014426056866,within18
2024-07,Part_2,monthly,C_999,"England, all specialties",revised-or-established,18,19,False,159686,0.0209476981814,middle
2024-07,Part_2,monthly,C_999,"England, all specialties",revised-or-established,19,20,False,156108,0.0204783341539,middle
2024-07,Part_2,monthly,C_999,"England, all specialties",revised-or-established,20,21,False,153423,0.0201261143624,middle
2024-07,Part_2,monthly,C_999,"England, all specialties",revised-or-established,21,22,False,145558,0.0190943792936,middle
2024-07,Part_2,monthly,C_999,"England, all specialties",revised-or-established,22,23,False,137697,0.018063168947,middle
2024-07,Part_2,monthly,C_999,"England, all specialties",revised-or-established,23,24,False,129504,0.016988406656,middle
2024-07,Part_2,monthly,C_999,"England, all specialties",revised-or-established,24,25,False,126344,0.0165738761008,middle
2024-07,Part_2,monthly,C_999,"England, all specialties",revised-or-established,25,26,False,124249,0.016299052837,middle
2024-07,Part_2,monthly,C_999,"England, all specialties",revised-or-established,26,27,False,117131,0.0153653096432,middle
2024-07,Part_2,monthly,C_999,"England, all specialties",revised-or-established,27,28,False,111405,0.0146141697825,middle
2024-07,Part_2,monthly,C_999,"England, all specialties",revised-or-established,28,29,False,106501,0.0139708603385,middle
2024-07,Part_2,monthly,C_999,"England, all specialties",revised-or-established,29,30,False,91677,0.0120262397842,middle
2024-07,Part_2,monthly,C_999,"England, all specialties",revised-or-established,30,31,False,59107,0.00775368909238,middle
2024-07,Part_2,monthly,C_999,"England, all specialties",revised-or-established,31,32,False,50341,0.00660376034309,middle
2024-07,Part_2,monthly,C_999,"England, all specialties",revised-or-established,32,33,False,87979,0.01154113409,middle
2024-07,Part_2,monthly,C_999,"England, all specialties",revised-or-established,33,34,False,84989,0.0111489042291,middle
2024-07,Part_2,monthly,C_999,"England, all specialties",revised-or-established,34,35,False,82089,0.0107684806183,middle
2024-07,Part_2,monthly,C_999,"England, all specialties",revised-or-established,35,36,False,80073,0.0105040206184,middle
2024-07,Part_2,monthly,C_999,"England, all specialties",revised-or-established,36,37,False,77331,0.0101443235353,middle
2024-07,Part_2,monthly,C_999,"England, all specialties",revised-or-established,37,38,False,74363,0.00975497964668,middle
2024-07,Part_2,monthly,C_999,"England, all specialties",revised-or-established,38,39,False,69749,0.00914971256373,middle
2024-07,Part_2,monthly,C_999,"England, all specialties",revised-or-established,39,40,False,63518,0.00833232652257,middle
2024-07,Part_2,monthly,C_999,"England, all specialties",revised-or-established,40,41,False,62748,0.00823131749486,middle
2024-07,Part_2,monthly,C_999,"England, all specialties",revised-or-established,41,42,False,60843,0.00798141853668,middle
2024-07,Part_2,monthly,C_999,"England, all specialties",revised-or-established,42,43,False,57336,0.00752136832863,middle
2024-07,Part_2,monthly,C_999,"England, all specialties",revised-or-established,43,44,False,53931,0.00707469853724,middle
2024-07,Part_2,monthly,C_999,"England, all specialties",revised-or-established,44,45,False,51264,0.0067248399958,middle
2024-07,Part_2,monthly,C_999,"England, all specialties",revised-or-established,45,46,False,48111,0.00631122770439,middle
2024-07,Part_2,monthly,C_999,"England, all specialties",revised-or-established,46,47,False,46275,0.00607038020454,middle
2024-07,Part_2,monthly,C_999,"England, all specialties",revised-or-established,47,48,False,41949,0.00550289312156,middle
2024-07,Part_2,monthly,C_999,"England, all specialties",revised-or-established,48,49,False,30995,0.0040659413169,middle
2024-07,Part_2,monthly,C_999,"England, all specialties",revised-or-established,49,50,False,37411,0.00490759576082,middle
2024-07,Part_2,monthly,C_999,"England, all specialties",revised-or-established,50,51,False,35291,0.00462949298322,middle
2024-07,Part_2,monthly,C_999,"England, all specialties",revised-or-established,51,52,False,33770,0.00442996735834,middle
2024-07,Part_2,monthly,C_999,"England, all specialties",revised-or-established,52,53,False,31165,0.00408824201133,over52
2024-07,Part_2,monthly,C_999,"England, all specialties",revised-or-established,53,54,False,28028,0.00367672860881,over52
2024-07,Part_2,monthly,C_999,"England, all specialties",revised-or-established,54,55,False,25841,0.00338983673399,over52
2024-07,Part_2,monthly,C_999,"England, all specialties",revised-or-established,55,56,False,24287,0.00318598215079,over52
2024-07,Part_2,monthly,C_999,"England, all specialties",revised-or-established,56,57,False,21013,0.00275649701217,over52
2024-07,Part_2,monthly,C_999,"England, all specialties",revised-or-established,57,58,False,18993,0.00249151229011,over52
2024-07,Part_2,monthly,C_999,"England, all specialties",revised-or-established,58,59,False,17375,0.00227926215135,over52
2024-07,Part_2,monthly,C_999,"England, all specialties",revised-or-established,59,60,False,16616,0.00217969610975,over52
2024-07,Part_2,monthly,C_999,"England, all specialties",revised-or-established,60,61,False,14357,0.00188335923493,over52
2024-07,Part_2,monthly,C_999,"England, all specialties",revised-or-established,61,62,False,10575,0.00138723437413,over52
2024-07,Part_2,monthly,C_999,"England, all specialties",revised-or-established,62,63,False,12275,0.00161024131844,over52
2024-07,Part_2,monthly,C_999,"England, all specialties",revised-or-established,63,64,False,11160,0.00146397499909,over52
2024-07,Part_2,monthly,C_999,"England, all specialties",revised-or-established,64,65,False,7781,0.00102071590214,over52
2024-07,Part_2,monthly,C_999,"England, all specialties",revised-or-established,65,66,False,6414,0.000841392082807,over52
2024-07,Part_2,monthly,C_999,"England, all specialties",revised-or-established,66,67,False,6945,0.000911048957764,over52
2024-07,Part_2,monthly,C_999,"England, all specialties",revised-or-established,67,68,False,5838,0.000765832082855,over52
2024-07,Part_2,monthly,C_999,"England, all specialties",revised-or-established,68,69,False,3387,0.000444308541389,over52
2024-07,Part_2,monthly,C_999,"England, all specialties",revised-or-established,69,70,False,4900,0.00064278472182,over52
2024-07,Part_2,monthly,C_999,"England, all specialties",revised-or-established,70,71,False,4411,0.000578637430194,over52
2024-07,Part_2,monthly,C_999,"England, all specialties",revised-or-established,71,72,False,3722,0.000488254027473,over52
2024-07,Part_2,monthly,C_999,"England, all specialties",revised-or-established,72,73,False,3262,0.000427910971955,over52
2024-07,Part_2,monthly,C_999,"England, all specialties",revised-or-established,73,74,False,2800,0.000367305555326,over52
2024-07,Part_2,monthly,C_999,"England, all specialties",revised-or-established,74,75,False,2108,0.000276528610938,over52
2024-07,Part_2,monthly,C_999,"England, all specialties",revised-or-established,75,76,False,1676,0.000219858610974,over52
2024-07,Part_2,monthly,C_999,"England, all specialties",revised-or-established,76,77,False,1478,0.00019388486099,over52
2024-07,Part_2,monthly,C_999,"England, all specialties",revised-or-established,77,78,False,1181,0.000154924236014,over52
2024-07,Part_2,monthly,C_999,"England, all specialties",revised-or-established,78,79,False,532,6.97880555119e-05,over52
2024-07,Part_2,monthly,C_999,"England, all specialties",revised-or-established,79,80,False,414,5.43087499661e-05,over52
2024-07,Part_2,monthly,C_999,"England, all specialties",revised-or-established,80,81,False,344,4.51261110829e-05,over52
2024-07,Part_2,monthly,C_999,"England, all specialties",revised-or-established,81,82,False,303,3.97477083085e-05,over52
2024-07,Part_2,monthly,C_999,"England, all specialties",revised-or-established,82,83,False,105,1.37739583247e-05,over52
2024-07,Part_2,monthly,C_999,"England, all specialties",revised-or-established,83,84,False,68,8.9202777722e-06,over52
2024-07,Part_2,monthly,C_999,"England, all specialties",revised-or-established,84,85,False,117,1.53481249904e-05,over52
2024-07,Part_2,monthly,C_999,"England, all specialties",revised-or-established,85,86,False,114,1.4954583324e-05,over52
2024-07,Part_2,monthly,C_999,"England, all specialties",revised-or-established,86,87,False,114,1.4954583324e-05,over52
2024-07,Part_2,monthly,C_999,"England, all specialties",revised-or-established,87,88,False,70,9.18263888315e-06,over52
2024-07,Part_2,monthly,C_999,"England, all specialties",revised-or-established,88,89,False,72,9.4449999941e-06,over52
2024-07,Part_2,monthly,C_999,"England, all specialties",revised-or-established,89,90,False,66,8.65791666126e-06,over52
2024-07,Part_2,monthly,C_999,"England, all specialties",revised-or-established,90,91,False,54,7.08374999557e-06,over52
2024-07,Part_2,monthly,C_999,"England, all specialties",revised-or-established,91,92,False,44,5.77194444084e-06,over52
2024-07,Part_2,monthly,C_999,"England, all specialties",revised-or-established,92,93,False,33,4.32895833063e-06,over52
2024-07,Part_2,monthly,C_999,"England, all specialties",revised-or-established,93,94,False,28,3.67305555326e-06,over52
2024-07,Part_2,monthly,C_999,"England, all specialties",revised-or-established,94,95,False,43,5.64076388536e-06,over52
2024-07,Part_2,monthly,C_999,"England, all specialties",revised-or-established,95,96,False,19,2.492430554e-06,over52
2024-07,Part_2,monthly,C_999,"England, all specialties",revised-or-established,96,97,False,17,2.23006944305e-06,over52
2024-07,Part_2,monthly,C_999,"England, all specialties",revised-or-established,97,98,False,19,2.492430554e-06,over52
2024-07,Part_2,monthly,C_999,"England, all specialties",revised-or-established,98,99,False,22,2.88597222042e-06,over52
2024-07,Part_2,monthly,C_999,"England, all specialties",revised-or-established,99,100,False,12,1.57416666568e-06,over52
2024-07,Part_2,monthly,C_999,"England, all specialties",revised-or-established,100,101,False,2,2.62361110947e-07,over52
2024-07,Part_2,monthly,C_999,"England, all specialties",revised-or-established,101,102,False,5,6.55902777368e-07,over52
2024-07,Part_2,monthly,C_999,"England, all specialties",revised-or-established,102,103,False,6,7.87083332841e-07,over52
2024-07,Part_2,monthly,C_999,"England, all specialties",revised-or-established,103,104,False,8,1.04944444379e-06,over52
2024-07,Part_2,monthly,C_999,"England, all specialties",revised-or-established,104,,True,107,1.40363194357e-05,over52
2024-08,Part_2,monthly,C_999,"England, all specialties",revised-or-established,0,1,False,269497,0.0352662876447,within18
2024-08,Part_2,monthly,C_999,"England, all specialties",revised-or-established,1,2,False,336076,0.0439787934058,within18
2024-08,Part_2,monthly,C_999,"England, all specialties",revised-or-established,2,3,False,316412,0.0414055689163,within18
2024-08,Part_2,monthly,C_999,"England, all specialties",revised-or-established,3,4,False,305786,0.0400150540961,within18
2024-08,Part_2,monthly,C_999,"England, all specialties",revised-or-established,4,5,False,298118,0.0390116221705,within18
2024-08,Part_2,monthly,C_999,"England, all specialties",revised-or-established,5,6,False,288105,0.037701324326,within18
2024-08,Part_2,monthly,C_999,"England, all specialties",revised-or-established,6,7,False,262075,0.0342950471972,within18
2024-08,Part_2,monthly,C_999,"England, all specialties",revised-or-established,7,8,False,267242,0.0349711990959,within18
2024-08,Part_2,monthly,C_999,"England, all specialties",revised-or-established,8,9,False,254378,0.0332878203412,within18
2024-08,Part_2,monthly,C_999,"England, all specialties",revised-or-established,9,10,False,239833,0.0313844664864,within18
2024-08,Part_2,monthly,C_999,"England, all specialties",revised-or-established,10,11,False,236187,0.030907352141,within18
2024-08,Part_2,monthly,C_999,"England, all specialties",revised-or-established,11,12,False,234222,0.0306502128956,within18
2024-08,Part_2,monthly,C_999,"England, all specialties",revised-or-established,12,13,False,222313,0.0290918051227,within18
2024-08,Part_2,monthly,C_999,"England, all specialties",revised-or-established,13,14,False,165641,0.0216757260814,within18
2024-08,Part_2,monthly,C_999,"England, all specialties",revised-or-established,14,15,False,209172,0.0273721782403,within18
2024-08,Part_2,monthly,C_999,"England, all specialties",revised-or-established,15,16,False,202127,0.0264502718871,within18
2024-08,Part_2,monthly,C_999,"England, all specialties",revised-or-established,16,17,False,154709,0.0202451682031,within18
2024-08,Part_2,monthly,C_999,"England, all specialties",revised-or-established,17,18,False,190352,0.0249093993096,within18
2024-08,Part_2,monthly,C_999,"England, all specialties",revised-or-established,18,19,False,174257,0.0228032129712,middle
2024-08,Part_2,monthly,C_999,"England, all specialties",revised-or-established,19,20,False,164560,0.0215342667815,middle
2024-08,Part_2,monthly,C_999,"England, all specialties",revised-or-established,20,21,False,144618,0.0189246633046,middle
2024-08,Part_2,monthly,C_999,"England, all specialties",revised-or-established,21,22,False,112841,0.0147663356702,middle
2024-08,Part_2,monthly,C_999,"England, all specialties",revised-or-established,22,23,False,118426,0.0154971869097,middle
2024-08,Part_2,monthly,C_999,"England, all specialties",revised-or-established,23,24,False,134719,0.0176292834622,middle
2024-08,Part_2,monthly,C_999,"England, all specialties",revised-or-established,24,25,False,134262,0.0175694805944,middle
2024-08,Part_2,monthly,C_999,"England, all specialties",revised-or-established,25,26,False,126760,0.0165877713735,middle
2024-08,Part_2,monthly,C_999,"England, all specialties",revised-or-established,26,27,False,120104,0.0157167694308,middle
2024-08,Part_2,monthly,C_999,"England, all specialties",revised-or-established,27,28,False,114827,0.0150262229686,middle
2024-08,Part_2,monthly,C_999,"England, all specialties",revised-or-established,28,29,False,105952,0.0138648434251,middle
2024-08,Part_2,monthly,C_999,"England, all specialties",revised-or-established,29,30,False,108207,0.0141599319739,middle
2024-08,Part_2,monthly,C_999,"England, all specialties",revised-or-established,30,31,False,103787,0.0135815322463,middle
2024-08,Part_2,monthly,C_999,"England, all specialties",revised-or-established,31,32,False,98467,0.0128853588185,middle
2024-08,Part_2,monthly,C_999,"England, all specialties",revised-or-established,32,33,False,93161,0.0121910174261,middle
2024-08,Part_2,monthly,C_999,"England, all specialties",revised-or-established,33,34,False,86147,0.0112731677226,middle
2024-08,Part_2,monthly,C_999,"England, all specialties",revised-or-established,34,35,False,59013,0.00772242152149,middle
2024-08,Part_2,monthly,C_999,"England, all specialties",revised-or-established,35,36,False,34802,0.0045541781267,middle
2024-08,Part_2,monthly,C_999,"England, all specialties",revised-or-established,36,37,False,73838,0.00966241608297,middle
2024-08,Part_2,monthly,C_999,"England, all specialties",revised-or-established,37,38,False,71988,0.00942032569924,middle
2024-08,Part_2,monthly,C_999,"England, all specialties",revised-or-established,38,39,False,69992,0.00915912980415,middle
2024-08,Part_2,monthly,C_999,"England, all specialties",revised-or-established,39,40,False,66914,0.0087563437495,middle
2024-08,Part_2,monthly,C_999,"England, all specialties",revised-or-established,40,41,False,64924,0.00849593301241,middle
2024-08,Part_2,monthly,C_999,"England, all specialties",revised-or-established,41,42,False,62199,0.00813934042017,middle
2024-08,Part_2,monthly,C_999,"England, all specialties",revised-or-established,42,43,False,59185,0.0077449293842,middle
2024-08,Part_2,monthly,C_999,"England, all specialties",revised-or-established,43,44,False,55260,0.0072313051917,middle
2024-08,Part_2,monthly,C_999,"England, all specialties",revised-or-established,44,45,False,50730,0.00663851090074,middle
2024-08,Part_2,monthly,C_999,"England, all specialties",revised-or-established,45,46,False,51023,0.00667685278314,middle
2024-08,Part_2,monthly,C_999,"England, all specialties",revised-or-established,46,47,False,48983,0.0064098990627,middle
2024-08,Part_2,monthly,C_999,"England, all specialties",revised-or-established,47,48,False,44576,0.00583320051077,middle
2024-08,Part_2,monthly,C_999,"England, all specialties",revised-or-established,48,49,False,42499,0.00556140498267,middle
2024-08,Part_2,monthly,C_999,"England, all specialties",revised-or-established,49,50,False,39037,0.00510836881593,middle
2024-08,Part_2,monthly,C_999,"England, all specialties",revised-or-established,50,51,False,36916,0.00483081546248,middle
2024-08,Part_2,monthly,C_999,"England, all specialties",revised-or-established,51,52,False,33891,0.00443496497018,middle
2024-08,Part_2,monthly,C_999,"England, all specialties",revised-or-established,52,53,False,24315,0.00318185280015,over52
2024-08,Part_2,monthly,C_999,"England, all specialties",revised-or-established,53,54,False,27691,0.00362363503553,over52
2024-08,Part_2,monthly,C_999,"England, all specialties",revised-or-established,54,55,False,26508,0.00346882804961,over52
2024-08,Part_2,monthly,C_999,"England, all specialties",revised-or-established,55,56,False,25210,0.003298972202,over52
2024-08,Part_2,monthly,C_999,"England, all specialties",revised-or-established,56,57,False,23315,0.00305099313327,over52
2024-08,Part_2,monthly,C_999,"England, all specialties",revised-or-established,57,58,False,20578,0.00269283022502,over52
2024-08,Part_2,monthly,C_999,"England, all specialties",revised-or-established,58,59,False,18709,0.00244825350763,over52
2024-08,Part_2,monthly,C_999,"England, all specialties",revised-or-established,59,60,False,16869,0.00220747172057,over52
2024-08,Part_2,monthly,C_999,"England, all specialties",revised-or-established,60,61,False,15206,0.00198985209455,over52
2024-08,Part_2,monthly,C_999,"England, all specialties",revised-or-established,61,62,False,11042,0.00144495244167,over52
2024-08,Part_2,monthly,C_999,"England, all specialties",revised-or-established,62,63,False,10297,0.00134746198985,over52
2024-08,Part_2,monthly,C_999,"England, all specialties",revised-or-established,63,64,False,8990,0.00117642840524,over52
2024-08,Part_2,monthly,C_999,"England, all specialties",revised-or-established,64,65,False,8407,0.00110013721945,over52
2024-08,Part_2,monthly,C_999,"England, all specialties",revised-or-established,65,66,False,5029,0.000658093264731,over52
2024-08,Part_2,monthly,C_999,"England, all specialties",revised-or-established,66,67,False,6214,0.000813161969982,over52
2024-08,Part_2,monthly,C_999,"England, all specialties",revised-or-established,67,68,False,5658,0.000740403995198,over52
2024-08,Part_2,monthly,C_999,"England, all specialties",revised-or-established,68,69,False,4064,0.000531813686194,over52
2024-08,Part_2,monthly,C_999,"England, all specialties",revised-or-established,69,70,False,3451,0.000451596710397,over52
2024-08,Part_2,monthly,C_999,"England, all specialties",revised-or-established,70,71,False,3737,0.000489022575125,over52
2024-08,Part_2,monthly,C_999,"England, all specialties",revised-or-established,71,72,False,3216,0.000420844688681,over52
2024-08,Part_2,monthly,C_999,"England, all specialties",revised-or-established,72,73,False,2109,0.000275983037447,over52
2024-08,Part_2,monthly,C_999,"England, all specialties",revised-or-established,73,74,False,2032,0.000265906843097,over52
2024-08,Part_2,monthly,C_999,"England, all specialties",revised-or-established,74,75,False,2070,0.000270879510438,over52
2024-08,Part_2,monthly,C_999,"England, all specialties",revised-or-established,75,76,False,1786,0.000233715365045,over52
2024-08,Part_2,monthly,C_999,"England, all specialties",revised-or-established,76,77,False,1477,0.000193279727979,over52
2024-08,Part_2,monthly,C_999,"England, all specialties",revised-or-established,77,78,False,1349,0.000176529690619,over52
2024-08,Part_2,monthly,C_999,"England, all specialties",revised-or-established,78,79,False,579,7.57677471226e-05,over52
2024-08,Part_2,monthly,C_999,"England, all specialties",revised-or-established,79,80,False,533,6.97482024462e-05,over52
2024-08,Part_2,monthly,C_999,"England, all specialties",revised-or-established,80,81,False,392,5.12969894163e-05,over52
2024-08,Part_2,monthly,C_999,"England, all specialties",revised-or-established,81,82,False,335,4.38379884043e-05,over52
2024-08,Part_2,monthly,C_999,"England, all specialties",revised-or-established,82,83,False,305,3.99121983979e-05,over52
2024-08,Part_2,monthly,C_999,"England, all specialties",revised-or-established,83,84,False,205,2.68262317101e-05,over52
2024-08,Part_2,monthly,C_999,"England, all specialties",revised-or-established,84,85,False,151,1.97598096986e-05,over52
2024-08,Part_2,monthly,C_999,"England, all specialties",revised-or-established,85,86,False,147,1.92363710311e-05,over52
2024-08,Part_2,monthly,C_999,"England, all specialties",revised-or-established,86,87,False,93,1.21699490197e-05,over52
2024-08,Part_2,monthly,C_999,"England, all specialties",revised-or-established,87,88,False,23,3.0097723382e-06,over52
2024-08,Part_2,monthly,C_999,"England, all specialties",revised-or-established,88,89,False,61,7.98243967958e-06,over52
2024-08,Part_2,monthly,C_999,"England, all specialties",revised-or-established,89,90,False,55,7.19728167831e-06,over52
2024-08,Part_2,monthly,C_999,"England, all specialties",revised-or-established,90,91,False,49,6.41212367704e-06,over52
2024-08,Part_2,monthly,C_999,"England, all specialties",revised-or-established,91,92,False,45,5.88868500953e-06,over52
2024-08,Part_2,monthly,C_999,"England, all specialties",revised-or-established,92,93,False,43,5.62696567577e-06,over52
2024-08,Part_2,monthly,C_999,"England, all specialties",revised-or-established,93,94,False,35,4.58008834074e-06,over52
2024-08,Part_2,monthly,C_999,"England, all specialties",revised-or-established,94,95,False,29,3.79493033947e-06,over52
2024-08,Part_2,monthly,C_999,"England, all specialties",revised-or-established,95,96,False,22,2.87891267132e-06,over52
2024-08,Part_2,monthly,C_999,"England, all specialties",revised-or-established,96,97,False,15,1.96289500318e-06,over52
2024-08,Part_2,monthly,C_999,"England, all specialties",revised-or-established,97,98,False,15,1.96289500318e-06,over52
2024-08,Part_2,monthly,C_999,"England, all specialties",revised-or-established,98,99,False,22,2.87891267132e-06,over52
2024-08,Part_2,monthly,C_999,"England, all specialties",revised-or-established,99,100,False,17,2.22461433693e-06,over52
2024-08,Part_2,monthly,C_999,"England, all specialties",revised-or-established,100,101,False,7,9.16017668149e-07,over52
2024-08,Part_2,monthly,C_999,"England, all specialties",revised-or-established,101,102,False,9,1.17773700191e-06,over52
2024-08,Part_2,monthly,C_999,"England, all specialties",revised-or-established,102,103,False,15,1.96289500318e-06,over52
2024-08,Part_2,monthly,C_999,"England, all specialties",revised-or-established,103,104,False,9,1.17773700191e-06,over52
2024-08,Part_2,monthly,C_999,"England, all specialties",revised-or-established,104,,True,124,1.62265986929e-05,over52
2024-09,Part_2,monthly,C_999,"England, all specialties",revised-or-established,0,1,False,393455,0.0519649281805,within18
2024-09,Part_2,monthly,C_999,"England, all specialties",revised-or-established,1,2,False,340468,0.0449667564722,within18
2024-09,Part_2,monthly,C_999,"England, all specialties",revised-or-established,2,3,False,320931,0.0423864390232,within18
2024-09,Part_2,monthly,C_999,"England, all specialties",revised-or-established,3,4,False,305859,0.0403958291758,within18
2024-09,Part_2,monthly,C_999,"England, all specialties",revised-or-established,4,5,False,244128,0.0322428079116,within18
2024-09,Part_2,monthly,C_999,"England, all specialties",revised-or-established,5,6,False,258678,0.0341644754594,within18
2024-09,Part_2,monthly,C_999,"England, all specialties",revised-or-established,6,7,False,257218,0.0339716483377,within18
2024-09,Part_2,monthly,C_999,"England, all specialties",revised-or-established,7,8,False,249421,0.0329418722642,within18
2024-09,Part_2,monthly,C_999,"England, all specialties",revised-or-established,8,9,False,244750,0.0323249575483,within18
2024-09,Part_2,monthly,C_999,"England, all specialties",revised-or-established,9,10,False,237468,0.0313631992608,within18
2024-09,Part_2,monthly,C_999,"England, all specialties",revised-or-established,10,11,False,218453,0.0288518241116,within18
2024-09,Part_2,monthly,C_999,"England, all specialties",revised-or-established,11,12,False,223688,0.0295432282087,within18
2024-09,Part_2,monthly,C_999,"England, all specialties",revised-or-established,12,13,False,213088,0.0281432504762,within18
2024-09,Part_2,monthly,C_999,"England, all specialties",revised-or-established,13,14,False,198850,0.0262627898202,within18
2024-09,Part_2,monthly,C_999,"England, all specialties",revised-or-established,14,15,False,196181,0.025910285993,within18
2024-09,Part_2,monthly,C_999,"England, all specialties",revised-or-established,15,16,False,194592,0.0257004214065,within18
2024-09,Part_2,monthly,C_999,"England, all specialties",revised-or-established,16,17,False,185635,0.0245174402226,within18
2024-09,Part_2,monthly,C_999,"England, all specialties",revised-or-established,17,18,False,147039,0.0194199363961,within18
2024-09,Part_2,monthly,C_999,"England, all specialties",revised-or-established,18,19,False,161632,0.0213472830989,middle
2024-09,Part_2,monthly,C_999,"England, all specialties",revised-or-established,19,20,False,165780,0.0218951234417,middle
2024-09,Part_2,monthly,C_999,"England, all specialties",revised-or-established,20,21,False,134241,0.0177296613943,middle
2024-09,Part_2,monthly,C_999,"England, all specialties",revised-or-established,21,22,False,150278,0.0198477220447,middle
2024-09,Part_2,monthly,C_999,"England, all specialties",revised-or-established,22,23,False,147928,0.0195373496229,middle
2024-09,Part_2,monthly,C_999,"England, all specialties",revised-or-established,23,24,False,139535,0.0184288578202,middle
2024-09,Part_2,monthly,C_999,"England, all specialties",revised-or-established,24,25,False,123133,0.0162625903894,middle
2024-09,Part_2,monthly,C_999,"England, all specialties",revised-or-established,25,26,False,100606,0.0132873735612,middle
2024-09,Part_2,monthly,C_999,"England, all specialties",revised-or-established,26,27,False,92573,0.0122264281721,middle
2024-09,Part_2,monthly,C_999,"England, all specialties",revised-or-established,27,28,False,112699,0.0148845368365,middle
2024-09,Part_2,monthly,C_999,"England, all specialties",revised-or-established,28,29,False,113124,0.0149406680192,middle
2024-09,Part_2,monthly,C_999,"England, all specialties",revised-or-established,29,30,False,107323,0.0141745103941,middle
2024-09,Part_2,monthly,C_999,"England, all specialties",revised-or-established,30,31,False,101657,0.0134261826741,middle
2024-09,Part_2,monthly,C_999,"England, all specialties",revised-or-established,31,32,False,97454,0.0128710782959,middle
2024-09,Part_2,monthly,C_999,"England, all specialties",revised-or-established,32,33,False,89671,0.0118431512495,middle
2024-09,Part_2,monthly,C_999,"England, all specialties",revised-or-established,33,34,False,91063,0.0120269973819,middle
2024-09,Part_2,monthly,C_999,"England, all specialties",revised-or-established,34,35,False,87758,0.0115904948908,middle
2024-09,Part_2,monthly,C_999,"England, all specialties",revised-or-established,35,36,False,82321,0.0108724119728,middle
2024-09,Part_2,monthly,C_999,"England, all specialties",revised-or-established,36,37,False,77713,0.0102638178793,middle
2024-09,Part_2,monthly,C_999,"England, all specialties",revised-or-established,37,38,False,71835,0.00948749060463,middle
2024-09,Part_2,monthly,C_999,"England, all specialties",revised-or-established,38,39,False,50955,0.00672979861849,middle
2024-09,Part_2,monthly,C_999,"England, all specialties",revised-or-established,39,40,False,28414,0.00375273276314,middle
2024-09,Part_2,monthly,C_999,"England, all specialties",revised-or-established,40,41,False,56133,0.00741367453344,middle
2024-09,Part_2,monthly,C_999,"England, all specialties",revised-or-established,41,42,False,57730,0.0076245957069,middle
2024-09,Part_2,monthly,C_999,"England, all specialties",revised-or-established,42,43,False,56605,0.00747601316455,middle
2024-09,Part_2,monthly,C_999,"England, all specialties",revised-or-established,43,44,False,54030,0.00713592423426,middle
2024-09,Part_2,monthly,C_999,"England, all specialties",revised-or-established,44,45,False,51940,0.00685989088891,middle
2024-09,Part_2,monthly,C_999,"England, all specialties",revised-or-established,45,46,False,50011,0.00660512135628,middle
2024-09,Part_2,monthly,C_999,"England, all specialties",revised-or-established,46,47,False,47309,0.00624825910788,middle
2024-09,Part_2,monthly,C_999,"England, all specialties",revised-or-established,47,48,False,43183,0.0057033243792,middle
2024-09,Part_2,monthly,C_999,"England, all specialties",revised-or-established,48,49,False,39376,0.00520052105586,middle
2024-09,Part_2,monthly,C_999,"England, all specialties",revised-or-established,49,50,False,38794,0.00512365435395,middle
2024-09,Part_2,monthly,C_999,"England, all specialties",revised-or-established,50,51,False,36918,0.00487588470998,middle
2024-09,Part_2,monthly,C_999,"England, all specialties",revised-or-established,51,52,False,32901,0.00434534597874,middle
2024-09,Part_2,monthly,C_999,"England, all specialties",revised-or-established,52,53,False,30609,0.00404263381245,over52
2024-09,Part_2,monthly,C_999,"England, all specialties",revised-or-established,53,54,False,27377,0.00361577267743,over52
2024-09,Part_2,monthly,C_999,"England, all specialties",revised-or-established,54,55,False,25662,0.00338926684619,over52
2024-09,Part_2,monthly,C_999,"England, all specialties",revised-or-established,55,56,False,23296,0.00307678125044,over52
2024-09,Part_2,monthly,C_999,"England, all specialties",revised-or-established,56,57,False,17419,0.00230058604917,over52
2024-09,Part_2,monthly,C_999,"England, all specialties",revised-or-established,57,58,False,17812,0.00235249088397,over52
2024-09,Part_2,monthly,C_999,"England, all specialties",revised-or-established,58,59,False,17278,0.00228196370386,over52
2024-09,Part_2,monthly,C_999,"England, all specialties",revised-or-established,59,60,False,15869,0.00209587232414,over52
2024-09,Part_2,monthly,C_999,"England, all specialties",revised-or-established,60,61,False,13638,0.00180121663348,over52
2024-09,Part_2,monthly,C_999,"England, all specialties",revised-or-established,61,62,False,11523,0.00152188145385,over52
2024-09,Part_2,monthly,C_999,"England, all specialties",revised-or-established,62,63,False,10114,0.00133579007413,over52
2024-09,Part_2,monthly,C_999,"England, all specialties",revised-or-established,63,64,False,8533,0.00112698207461,over52
2024-09,Part_2,monthly,C_999,"England, all specialties",revised-or-established,64,65,False,7010,0.000925834330597,over52
2024-09,Part_2,monthly,C_999,"England, all specialties",revised-or-established,65,66,False,2885,0.000381031675289,over52
2024-09,Part_2,monthly,C_999,"England, all specialties",revised-or-established,66,67,False,2719,0.000359107495705,over52
2024-09,Part_2,monthly,C_999,"England, all specialties",revised-or-established,67,68,False,2376,0.000313806329458,over52
2024-09,Part_2,monthly,C_999,"England, all specialties",revised-or-established,68,69,False,2163,0.000285674701438,over52
2024-09,Part_2,monthly,C_999,"England, all specialties",revised-or-established,69,70,False,1557,0.000205638238622,over52
2024-09,Part_2,monthly,C_999,"England, all specialties",revised-or-established,70,71,False,1756,0.000231920839448,over52
2024-09,Part_2,monthly,C_999,"England, all specialties",revised-or-established,71,72,False,1674,0.000221090823027,over52
2024-09,Part_2,monthly,C_999,"England, all specialties",revised-or-established,72,73,False,1224,0.000161657806084,over52
2024-09,Part_2,monthly,C_999,"England, all specialties",revised-or-established,73,74,False,934,0.000123356528499,over52
2024-09,Part_2,monthly,C_999,"England, all specialties",revised-or-established,74,75,False,962,0.000127054582887,over52
2024-09,Part_2,monthly,C_999,"England, all specialties",revised-or-established,75,76,False,869,0.000114771759385,over52
2024-09,Part_2,monthly,C_999,"England, all specialties",revised-or-established,76,77,False,600,7.92440225904e-05,over52
2024-09,Part_2,monthly,C_999,"England, all specialties",revised-or-established,77,78,False,464,6.12820441365e-05,over52
2024-09,Part_2,monthly,C_999,"England, all specialties",revised-or-established,78,79,False,440,5.81122832329e-05,over52
2024-09,Part_2,monthly,C_999,"England, all specialties",revised-or-established,79,80,False,355,4.68860466993e-05,over52
2024-09,Part_2,monthly,C_999,"England, all specialties",revised-or-established,80,81,False,333,4.39804325376e-05,over52
2024-09,Part_2,monthly,C_999,"England, all specialties",revised-or-established,81,82,False,320,4.22634787149e-05,over52
2024-09,Part_2,monthly,C_999,"England, all specialties",revised-or-established,82,83,False,195,2.57543073419e-05,over52
2024-09,Part_2,monthly,C_999,"England, all specialties",revised-or-established,83,84,False,177,2.33769866642e-05,over52
2024-09,Part_2,monthly,C_999,"England, all specialties",revised-or-established,84,85,False,133,1.75657583409e-05,over52
2024-09,Part_2,monthly,C_999,"England, all specialties",revised-or-established,85,86,False,89,1.17545300176e-05,over52
2024-09,Part_2,monthly,C_999,"England, all specialties",revised-or-established,86,87,False,110,1.45280708082e-05,over52
2024-09,Part_2,monthly,C_999,"England, all specialties",revised-or-established,87,88,False,85,1.12262365336e-05,over52
2024-09,Part_2,monthly,C_999,"England, all specialties",revised-or-established,88,89,False,60,7.92440225904e-06,over52
2024-09,Part_2,monthly,C_999,"England, all specialties",revised-or-established,89,90,False,56,7.3961087751e-06,over52
2024-09,Part_2,monthly,C_999,"England, all specialties",revised-or-established,90,91,False,42,5.54708158133e-06,over52
2024-09,Part_2,monthly,C_999,"England, all specialties",revised-or-established,91,92,False,13,1.71695382279e-06,over52
2024-09,Part_2,monthly,C_999,"England, all specialties",revised-or-established,92,93,False,24,3.16976090361e-06,over52
2024-09,Part_2,monthly,C_999,"England, all specialties",revised-or-established,93,94,False,24,3.16976090361e-06,over52
2024-09,Part_2,monthly,C_999,"England, all specialties",revised-or-established,94,95,False,19,2.50939404869e-06,over52
2024-09,Part_2,monthly,C_999,"England, all specialties",revised-or-established,95,96,False,10,1.32073370984e-06,over52
2024-09,Part_2,monthly,C_999,"England, all specialties",revised-or-established,96,97,False,20,2.64146741968e-06,over52
2024-09,Part_2,monthly,C_999,"England, all specialties",revised-or-established,97,98,False,21,2.77354079066e-06,over52
2024-09,Part_2,monthly,C_999,"England, all specialties",revised-or-established,98,99,False,13,1.71695382279e-06,over52
2024-09,Part_2,monthly,C_999,"England, all specialties",revised-or-established,99,100,False,11,1.45280708082e-06,over52
2024-09,Part_2,monthly,C_999,"England, all specialties",revised-or-established,100,101,False,8,1.05658696787e-06,over52
2024-09,Part_2,monthly,C_999,"England, all specialties",revised-or-established,101,102,False,9,1.18866033886e-06,over52
2024-09,Part_2,monthly,C_999,"England, all specialties",revised-or-established,102,103,False,11,1.45280708082e-06,over52
2024-09,Part_2,monthly,C_999,"England, all specialties",revised-or-established,103,104,False,10,1.32073370984e-06,over52
2024-09,Part_2,monthly,C_999,"England, all specialties",revised-or-established,104,,True,113,1.49242909212e-05,over52
2024-10,Part_2,monthly,C_999,"England, all specialties",revised-or-established,0,1,False,380945,0.0505140245719,within18
2024-10,Part_2,monthly,C_999,"England, all specialties",revised-or-established,1,2,False,353094,0.04682092951,within18
2024-10,Part_2,monthly,C_999,"England, all specialties",revised-or-established,2,3,False,339299,0.0449916865249,within18
2024-10,Part_2,monthly,C_999,"England, all specialties",revised-or-established,3,4,False,317953,0.0421611667162,within18
2024-10,Part_2,monthly,C_999,"England, all specialties",revised-or-established,4,5,False,301311,0.0399544061683,within18
2024-10,Part_2,monthly,C_999,"England, all specialties",revised-or-established,5,6,False,282729,0.0374903979661,within18
2024-10,Part_2,monthly,C_999,"England, all specialties",revised-or-established,6,7,False,263400,0.0349273361568,within18
2024-10,Part_2,monthly,C_999,"England, all specialties",revised-or-established,7,8,False,253083,0.033559282523,within18
2024-10,Part_2,monthly,C_999,"England, all specialties",revised-or-established,8,9,False,234951,0.0311549451685,within18
2024-10,Part_2,monthly,C_999,"England, all specialties",revised-or-established,9,10,False,180675,0.0239578453308,within18
2024-10,Part_2,monthly,C_999,"England, all specialties",revised-or-established,10,11,False,217901,0.028894083052,within18
2024-10,Part_2,monthly,C_999,"England, all specialties",revised-or-established,11,12,False,206135,0.0273338892888,within18
2024-10,Part_2,monthly,C_999,"England, all specialties",revised-or-established,12,13,False,203060,0.0269261384966,within18
2024-10,Part_2,monthly,C_999,"England, all specialties",revised-or-established,13,14,False,194922,0.0258470243673,within18
2024-10,Part_2,monthly,C_999,"England, all specialties",revised-or-established,14,15,False,180990,0.0239996149241,within18
2024-10,Part_2,monthly,C_999,"England, all specialties",revised-or-established,15,16,False,185093,0.0245436804528,within18
2024-10,Part_2,monthly,C_999,"England, all specialties",revised-or-established,16,17,False,179730,0.0238325365507,within18
2024-10,Part_2,monthly,C_999,"England, all specialties",revised-or-established,17,18,False,169229,0.0224400841704,within18
2024-10,Part_2,monthly,C_999,"England, all specialties",revised-or-established,18,19,False,157748,0.020917681944,middle
2024-10,Part_2,monthly,C_999,"England, all specialties",revised-or-established,19,20,False,156072,0.020695441187,middle
2024-10,Part_2,monthly,C_999,"England, all specialties",revised-or-established,20,21,False,154112,0.020435541495,middle
2024-10,Part_2,monthly,C_999,"England, all specialties",revised-or-established,21,22,False,144774,0.0191973051054,middle
2024-10,Part_2,monthly,C_999,"England, all specialties",revised-or-established,22,23,False,111966,0.0148469025062,middle
2024-10,Part_2,monthly,C_999,"England, all specialties",revised-or-established,23,24,False,139783,0.018535489104,middle
2024-10,Part_2,monthly,C_999,"England, all specialties",revised-or-established,24,25,False,134018,0.0177710392447,middle
2024-10,Part_2,monthly,C_999,"England, all specialties",revised-or-established,25,26,False,104379,0.0138408520148,middle
2024-10,Part_2,monthly,C_999,"England, all specialties",revised-or-established,26,27,False,126128,0.0167248103826,middle
2024-10,Part_2,monthly,C_999,"England, all specialties",revised-or-established,27,28,False,118100,0.0156602824606,middle
2024-10,Part_2,monthly,C_999,"England, all specialties",revised-or-established,28,29,False,109004,0.0144541357268,middle
2024-10,Part_2,monthly,C_999,"England, all specialties",revised-or-established,29,30,False,98605,0.0130752087386,middle
2024-10,Part_2,monthly,C_999,"England, all specialties",revised-or-established,30,31,False,61947,0.00821428888726,middle
2024-10,Part_2,monthly,C_999,"England, all specialties",revised-or-established,31,32,False,95920,0.0127191726809,middle
2024-10,Part_2,monthly,C_999,"England, all specialties",revised-or-established,32,33,False,92664,0.0122874209477,middle
2024-10,Part_2,monthly,C_999,"England, all specialties",revised-or-established,33,34,False,91447,0.0121260444553,middle
2024-10,Part_2,monthly,C_999,"England, all specialties",revised-or-established,34,35,False,86673,0.0114930030627,middle
2024-10,Part_2,monthly,C_999,"England, all specialties",revised-or-established,35,36,False,81277,0.0107774832985,middle
2024-10,Part_2,monthly,C_999,"England, all specialties",revised-or-established,36,37,False,76890,0.0101957588348,middle
2024-10,Part_2,monthly,C_999,"England, all specialties",revised-or-established,37,38,False,72233,0.00957823186261,middle
2024-10,Part_2,monthly,C_999,"England, all specialties",revised-or-established,38,39,False,71699,0.00950742245674,middle
2024-10,Part_2,monthly,C_999,"England, all specialties",revised-or-established,39,40,False,66985,0.00888233717715,middle
2024-10,Part_2,monthly,C_999,"England, all specialties",revised-or-established,40,41,False,63156,0.00837460456461,middle
2024-10,Part_2,monthly,C_999,"England, all specialties",revised-or-established,41,42,False,59144,0.00784260580735,middle
2024-10,Part_2,monthly,C_999,"England, all specialties",revised-or-established,42,43,False,51685,0.00685352835711,middle
2024-10,Part_2,monthly,C_999,"England, all specialties",revised-or-established,43,44,False,33548,0.00444852799312,middle
2024-10,Part_2,monthly,C_999,"England, all specialties",revised-or-established,44,45,False,24166,0.0032044571206,middle
2024-10,Part_2,monthly,C_999,"England, all specialties",revised-or-established,45,46,False,46514,0.00616784401669,middle
2024-10,Part_2,monthly,C_999,"England, all specialties",revised-or-established,46,47,False,43993,0.00583355466798,middle
2024-10,Part_2,monthly,C_999,"England, all specialties",revised-or-established,47,48,False,42428,0.00562603272005,middle
2024-10,Part_2,monthly,C_999,"England, all specialties",revised-or-established,48,49,False,39749,0.00527079227371,middle
2024-10,Part_2,monthly,C_999,"England, all specialties",revised-or-established,49,50,False,37701,0.00499922361597,middle
2024-10,Part_2,monthly,C_999,"England, all specialties",revised-or-established,50,51,False,35102,0.00465459132033,middle
2024-10,Part_2,monthly,C_999,"England, all specialties",revised-or-established,51,52,False,32347,0.00428927313084,middle
2024-10,Part_2,monthly,C_999,"England, all specialties",revised-or-established,52,53,False,27836,0.00369110603364,over52
2024-10,Part_2,monthly,C_999,"England, all specialties",revised-or-established,53,54,False,26433,0.00350506559086,over52
2024-10,Part_2,monthly,C_999,"England, all specialties",revised-or-established,54,55,False,24859,0.00329635022597,over52
2024-10,Part_2,monthly,C_999,"England, all specialties",revised-or-established,55,56,False,23446,0.00310898376436,over52
2024-10,Part_2,monthly,C_999,"England, all specialties",revised-or-established,56,57,False,19545,0.00259170381619,over52
2024-10,Part_2,monthly,C_999,"England, all specialties",revised-or-established,57,58,False,17997,0.00238643610028,over52
2024-10,Part_2,monthly,C_999,"England, all specialties",revised-or-established,58,59,False,16019,0.00212414957439,over52
2024-10,Part_2,monthly,C_999,"England, all specialties",revised-or-established,59,60,False,14815,0.00196449690646,over52
2024-10,Part_2,monthly,C_999,"England, all specialties",revised-or-established,60,61,False,12374,0.00164081570844,over52
2024-10,Part_2,monthly,C_999,"England, all specialties",revised-or-established,61,62,False,7623,0.00101082415916,over52
2024-10,Part_2,monthly,C_999,"England, all specialties",revised-or-established,62,63,False,8936,0.00118493043241,over52
2024-10,Part_2,monthly,C_999,"England, all specialties",revised-or-established,63,64,False,7642,0.00101334359495,over52
2024-10,Part_2,monthly,C_999,"England, all specialties",revised-or-established,64,65,False,6450,0.000855282149625,over52
2024-10,Part_2,monthly,C_999,"England, all specialties",revised-or-established,65,66,False,3307,0.000438514429273,over52
2024-10,Part_2,monthly,C_999,"England, all specialties",revised-or-established,66,67,False,2724,0.000361207531097,over52
2024-10,Part_2,monthly,C_999,"England, all specialties",revised-or-established,67,68,False,2396,0.000317714113256,over52
2024-10,Part_2,monthly,C_999,"England, all specialties",revised-or-established,68,69,False,2123,0.000281513799016,over52
2024-10,Part_2,monthly,C_999,"England, all specialties",revised-or-established,69,70,False,1638,0.00021720188544,over52
2024-10,Part_2,monthly,C_999,"England, all specialties",revised-or-established,70,71,False,1127,0.000149442322888,over52
2024-10,Part_2,monthly,C_999,"England, all specialties",revised-or-established,71,72,False,1010,0.000133927902499,over52
2024-10,Part_2,monthly,C_999,"England, all specialties",revised-or-established,72,73,False,988,0.000131010661059,over52
2024-10,Part_2,monthly,C_999,"England, all specialties",revised-or-established,73,74,False,841,0.00011151818416,over52
2024-10,Part_2,monthly,C_999,"England, all specialties",revised-or-established,74,75,False,618,8.19479641036e-05,over52
2024-10,Part_2,monthly,C_999,"England, all specialties",revised-or-established,75,76,False,694,9.2025707262e-05,over52
2024-10,Part_2,monthly,C_999,"England, all specialties",revised-or-established,76,77,False,620,8.22131678709e-05,over52
2024-10,Part_2,monthly,C_999,"England, all specialties",revised-or-established,77,78,False,404,5.35711609998e-05,over52
2024-10,Part_2,monthly,C_999,"England, all specialties",revised-or-established,78,79,False,317,4.20347971211e-05,over52
2024-10,Part_2,monthly,C_999,"England, all specialties",revised-or-established,79,80,False,316,4.19021952374e-05,over52
2024-10,Part_2,monthly,C_999,"England, all specialties",revised-or-established,80,81,False,274,3.63329161236e-05,over52
2024-10,Part_2,monthly,C_999,"England, all specialties",revised-or-established,81,82,False,147,1.94924768984e-05,over52
2024-10,Part_2,monthly,C_999,"England, all specialties",revised-or-established,82,83,False,203,2.69181823835e-05,over52
2024-10,Part_2,monthly,C_999,"England, all specialties",revised-or-established,83,84,False,166,2.2011912688e-05,over52
2024-10,Part_2,monthly,C_999,"England, all specialties",revised-or-established,84,85,False,151,2.00228844331e-05,over52
2024-10,Part_2,monthly,C_999,"England, all specialties",revised-or-established,85,86,False,122,1.61774298069e-05,over52
2024-10,Part_2,monthly,C_999,"England, all specialties",revised-or-established,86,87,False,121,1.60448279232e-05,over52
2024-10,Part_2,monthly,C_999,"England, all specialties",revised-or-established,87,88,False,74,9.81253939105e-06,over52
2024-10,Part_2,monthly,C_999,"England, all specialties",revised-or-established,88,89,False,57,7.55830736878e-06,over52
2024-10,Part_2,monthly,C_999,"England, all specialties",revised-or-established,89,90,False,46,6.09968664849e-06,over52
2024-10,Part_2,monthly,C_999,"England, all specialties",revised-or-established,90,91,False,51,6.7626960668e-06,over52
2024-10,Part_2,monthly,C_999,"England, all specialties",revised-or-established,91,92,False,51,6.7626960668e-06,over52
2024-10,Part_2,monthly,C_999,"England, all specialties",revised-or-established,92,93,False,38,5.03887157919e-06,over52
2024-10,Part_2,monthly,C_999,"England, all specialties",revised-or-established,93,94,False,36,4.77366781186e-06,over52
2024-10,Part_2,monthly,C_999,"England, all specialties",revised-or-established,94,95,False,26,3.44764897523e-06,over52
2024-10,Part_2,monthly,C_999,"England, all specialties",revised-or-established,95,96,False,12,1.59122260395e-06,over52
2024-10,Part_2,monthly,C_999,"England, all specialties",revised-or-established,96,97,False,5,6.63009418314e-07,over52
2024-10,Part_2,monthly,C_999,"England, all specialties",revised-or-established,97,98,False,20,2.65203767326e-06,over52
2024-10,Part_2,monthly,C_999,"England, all specialties",revised-or-established,98,99,False,14,1.85642637128e-06,over52
2024-10,Part_2,monthly,C_999,"England, all specialties",revised-or-established,99,100,False,14,1.85642637128e-06,over52
2024-10,Part_2,monthly,C_999,"England, all specialties",revised-or-established,100,101,False,5,6.63009418314e-07,over52
2024-10,Part_2,monthly,C_999,"England, all specialties",revised-or-established,101,102,False,16,2.1216301386e-06,over52
2024-10,Part_2,monthly,C_999,"England, all specialties",revised-or-established,102,103,False,12,1.59122260395e-06,over52
2024-10,Part_2,monthly,C_999,"England, all specialties",revised-or-established,103,104,False,7,9.2821318564e-07,over52
2024-10,Part_2,monthly,C_999,"England, all specialties",revised-or-established,104,,True,148,1.96250787821e-05,over52
2024-11,Part_2,monthly,C_999,"England, all specialties",revised-or-established,0,1,False,351198,0.0469524391276,within18
2024-11,Part_2,monthly,C_999,"England, all specialties",revised-or-established,1,2,False,356657,0.0476822649387,within18
2024-11,Part_2,monthly,C_999,"England, all specialties",revised-or-established,2,3,False,338072,0.0451975950909,within18
2024-11,Part_2,monthly,C_999,"England, all specialties",revised-or-established,3,4,False,316434,0.0423047629055,within18
2024-11,Part_2,monthly,C_999,"England, all specialties",revised-or-established,4,5,False,283586,0.0379132409707,within18
2024-11,Part_2,monthly,C_999,"England, all specialties",revised-or-established,5,6,False,283892,0.037954150789,within18
2024-11,Part_2,monthly,C_999,"England, all specialties",revised-or-established,6,7,False,275438,0.0368239167889,within18
2024-11,Part_2,monthly,C_999,"England, all specialties",revised-or-established,7,8,False,263656,0.0352487550915,within18
2024-11,Part_2,monthly,C_999,"England, all specialties",revised-or-established,8,9,False,251015,0.0335587517799,within18
2024-11,Part_2,monthly,C_999,"England, all specialties",revised-or-established,9,10,False,235595,0.0314972177981,within18
2024-11,Part_2,monthly,C_999,"England, all specialties",revised-or-established,10,11,False,221206,0.0295735204917,within18
2024-11,Part_2,monthly,C_999,"England, all specialties",revised-or-established,11,12,False,212032,0.0283470280956,within18
2024-11,Part_2,monthly,C_999,"England, all specialties",revised-or-established,12,13,False,201543,0.0269447304344,within18
2024-11,Part_2,monthly,C_999,"England, all specialties",revised-or-established,13,14,False,149958,0.0200482174349,within18
2024-11,Part_2,monthly,C_999,"England, all specialties",revised-or-established,14,15,False,180734,0.0241627290967,within18
2024-11,Part_2,monthly,C_999,"England, all specialties",revised-or-established,15,16,False,172115,0.0230104358807,within18
2024-11,Part_2,monthly,C_999,"England, all specialties",revised-or-established,16,17,False,167533,0.0223978581437,within18
2024-11,Part_2,monthly,C_999,"England, all specialties",revised-or-established,17,18,False,164037,0.0219304701541,within18
2024-11,Part_2,monthly,C_999,"England, all specialties",revised-or-established,18,19,False,156553,0.0209299176041,middle
2024-11,Part_2,monthly,C_999,"England, all specialties",revised-or-established,19,20,False,144038,0.0192567595119,middle
2024-11,Part_2,monthly,C_999,"England, all specialties",revised-or-established,20,21,False,148329,0.0198304328138,middle
2024-11,Part_2,monthly,C_999,"England, all specialties",revised-or-established,21,22,False,141627,0.0189344275774,middle
2024-11,Part_2,monthly,C_999,"England, all specialties",revised-or-established,22,23,False,132616,0.0177297270125,middle
2024-11,Part_2,monthly,C_999,"England, all specialties",revised-or-established,23,24,False,130868,0.0174960330177,middle
2024-11,Part_2,monthly,C_999,"England, all specialties",revised-or-established,24,25,False,130207,0.0174076624624,middle
2024-11,Part_2,monthly,C_999,"England, all specialties",revised-or-established,25,26,False,124514,0.0166465526727,middle
2024-11,Part_2,monthly,C_999,"England, all specialties",revised-or-established,26,27,False,92320,0.0123424654476,middle
2024-11,Part_2,monthly,C_999,"England, all specialties",revised-or-established,27,28,False,116548,0.0155815604743,middle
2024-11,Part_2,monthly,C_999,"England, all specialties",revised-or-established,28,29,False,114031,0.0152450571648,middle
2024-11,Part_2,monthly,C_999,"England, all specialties",revised-or-established,29,30,False,86334,0.0115421838383,middle
2024-11,Part_2,monthly,C_999,"England, all specialties",revised-or-established,30,31,False,107685,0.0143966463575,middle
2024-11,Part_2,monthly,C_999,"England, all specialties",revised-or-established,31,32,False,100853,0.0134832611329,middle
2024-11,Part_2,monthly,C_999,"England, all specialties",revised-or-established,32,33,False,94357,0.012614796493,middle
2024-11,Part_2,monthly,C_999,"England, all specialties",revised-or-established,33,34,False,83531,0.0111674445548,middle
2024-11,Part_2,monthly,C_999,"England, all specialties",revised-or-established,34,35,False,64691,0.00864868319183,middle
2024-11,Part_2,monthly,C_999,"England, all specialties",revised-or-established,35,36,False,66481,0.00888799225976,middle
2024-11,Part_2,monthly,C_999,"England, all specialties",revised-or-established,36,37,False,75509,0.0100949655923,middle
2024-11,Part_2,monthly,C_999,"England, all specialties",revised-or-established,37,38,False,75551,0.0101005806654,middle
2024-11,Part_2,monthly,C_999,"England, all specialties",revised-or-established,38,39,False,71055,0.00949950045903,middle
2024-11,Part_2,monthly,C_999,"England, all specialties",revised-or-established,39,40,False,66406,0.0088779653435,middle
2024-11,Part_2,monthly,C_999,"England, all specialties",revised-or-established,40,41,False,62514,0.00835763523603,middle
2024-11,Part_2,monthly,C_999,"England, all specialties",revised-or-established,41,42,False,56842,0.00759933298279,middle
2024-11,Part_2,monthly,C_999,"England, all specialties",revised-or-established,42,43,False,57388,0.00767232893312,middle
2024-11,Part_2,monthly,C_999,"England, all specialties",revised-or-established,43,44,False,53849,0.00719919217815,middle
2024-11,Part_2,monthly,C_999,"England, all specialties",revised-or-established,44,45,False,50570,0.00676081539953,middle
2024-11,Part_2,monthly,C_999,"England, all specialties",revised-or-established,45,46,False,46499,0.00621655438526,middle
2024-11,Part_2,monthly,C_999,"England, all specialties",revised-or-established,46,47,False,42184,0.00563967247011,middle
2024-11,Part_2,monthly,C_999,"England, all specialties",revised-or-established,47,48,False,28096,0.00375621652096,middle
2024-11,Part_2,monthly,C_999,"England, all specialties",revised-or-established,48,49,False,15704,0.00209950257137,middle
2024-11,Part_2,monthly,C_999,"England, all specialties",revised-or-established,49,50,False,33510,0.00448002618228,middle
2024-11,Part_2,monthly,C_999,"England, all specialties",revised-or-established,50,51,False,31846,0.00425756233366,middle
2024-11,Part_2,monthly,C_999,"England, all specialties",revised-or-established,51,52,False,30493,0.00407667676444,middle
2024-11,Part_2,monthly,C_999,"England, all specialties",revised-or-established,52,53,False,27472,0.00367279257773,over52
2024-11,Part_2,monthly,C_999,"England, all specialties",revised-or-established,53,54,False,25636,0.00342733366783,over52
2024-11,Part_2,monthly,C_999,"England, all specialties",revised-or-established,54,55,False,23664,0.00316369261646,over52
2024-11,Part_2,monthly,C_999,"England, all specialties",revised-or-established,55,56,False,21751,0.00290793940587,over52
2024-11,Part_2,monthly,C_999,"England, all specialties",revised-or-established,56,57,False,18871,0.00252290582172,over52
2024-11,Part_2,monthly,C_999,"England, all specialties",revised-or-established,57,58,False,16960,0.00226741999557,over52
2024-11,Part_2,monthly,C_999,"England, all specialties",revised-or-established,58,59,False,15907,0.00212664209136,over52
2024-11,Part_2,monthly,C_999,"England, all specialties",revised-or-established,59,60,False,14327,0.00191540838895,over52
2024-11,Part_2,monthly,C_999,"England, all specialties",revised-or-established,60,61,False,11371,0.00152021419632,over52
2024-11,Part_2,monthly,C_999,"England, all specialties",revised-or-established,61,62,False,9044,0.00120911240801,over52
2024-11,Part_2,monthly,C_999,"England, all specialties",revised-or-established,62,63,False,7525,0.00100603393082,over52
2024-11,Part_2,monthly,C_999,"England, all specialties",revised-or-established,63,64,False,6647,0.000888652164537,over52
2024-11,Part_2,monthly,C_999,"England, all specialties",revised-or-established,64,65,False,5558,0.000743061340529,over52
2024-11,Part_2,monthly,C_999,"England, all specialties",revised-or-established,65,66,False,2023,0.000270459354424,over52
2024-11,Part_2,monthly,C_999,"England, all specialties",revised-or-established,66,67,False,2229,0.000297999951069,over52
2024-11,Part_2,monthly,C_999,"England, all specialties",revised-or-established,67,68,False,1936,0.00025882813157,over52
2024-11,Part_2,monthly,C_999,"England, all specialties",revised-or-established,68,69,False,1764,0.000235833070294,over52
2024-11,Part_2,monthly,C_999,"England, all specialties",revised-or-established,69,70,False,1414,0.000189040794442,over52
2024-11,Part_2,monthly,C_999,"England, all specialties",revised-or-established,70,71,False,1136,0.000151874358194,over52
2024-11,Part_2,monthly,C_999,"England, all specialties",revised-or-established,71,72,False,976,0.000130483603519,over52
2024-11,Part_2,monthly,C_999,"England, all specialties",revised-or-established,72,73,False,872,0.00011657961298,over52
2024-11,Part_2,monthly,C_999,"England, all specialties",revised-or-established,73,74,False,770,0.000102943006874,over52
2024-11,Part_2,monthly,C_999,"England, all specialties",revised-or-established,74,75,False,515,6.88514916107e-05,over52
2024-11,Part_2,monthly,C_999,"England, all specialties",revised-or-established,75,76,False,428,5.72202687561e-05,over52
2024-11,Part_2,monthly,C_999,"England, all specialties",revised-or-established,76,77,False,354,4.73270447188e-05,over52
2024-11,Part_2,monthly,C_999,"England, all specialties",revised-or-established,77,78,False,363,4.85302746693e-05,over52
2024-11,Part_2,monthly,C_999,"England, all specialties",revised-or-established,78,79,False,210,2.80753655112e-05,over52
2024-11,Part_2,monthly,C_999,"England, all specialties",revised-or-established,79,80,False,268,3.58295140809e-05,over52
2024-11,Part_2,monthly,C_999,"England, all specialties",revised-or-established,80,81,False,206,2.75405966443e-05,over52
2024-11,Part_2,monthly,C_999,"England, all specialties",revised-or-established,81,82,False,174,2.32624457093e-05,over52
2024-11,Part_2,monthly,C_999,"England, all specialties",revised-or-established,82,83,False,138,1.84495259073e-05,over52
2024-11,Part_2,monthly,C_999,"England, all specialties",revised-or-established,83,84,False,148,1.97864480745e-05,over52
2024-11,Part_2,monthly,C_999,"England, all specialties",revised-or-established,84,85,False,141,1.88506025575e-05,over52
2024-11,Part_2,monthly,C_999,"England, all specialties",revised-or-established,85,86,False,76,1.01606084707e-05,over52
2024-11,Part_2,monthly,C_999,"England, all specialties",revised-or-established,86,87,False,80,1.06953773376e-05,over52
2024-11,Part_2,monthly,C_999,"England, all specialties",revised-or-established,87,88,False,66,8.82368630351e-06,over52
2024-11,Part_2,monthly,C_999,"England, all specialties",revised-or-established,88,89,False,72,9.62583960383e-06,over52
2024-11,Part_2,monthly,C_999,"England, all specialties",revised-or-established,89,90,False,47,6.28353418584e-06,over52
2024-11,Part_2,monthly,C_999,"England, all specialties",revised-or-established,90,91,False,62,8.28891743663e-06,over52
2024-11,Part_2,monthly,C_999,"England, all specialties",revised-or-established,91,92,False,30,4.0107665016e-06,over52
2024-11,Part_2,monthly,C_999,"England, all specialties",revised-or-established,92,93,False,31,4.14445871832e-06,over52
2024-11,Part_2,monthly,C_999,"England, all specialties",revised-or-established,93,94,False,25,3.342305418e-06,over52
2024-11,Part_2,monthly,C_999,"England, all specialties",revised-or-established,94,95,False,21,2.80753655112e-06,over52
2024-11,Part_2,monthly,C_999,"England, all specialties",revised-or-established,95,96,False,26,3.47599763472e-06,over52
2024-11,Part_2,monthly,C_999,"England, all specialties",revised-or-established,96,97,False,21,2.80753655112e-06,over52
2024-11,Part_2,monthly,C_999,"England, all specialties",revised-or-established,97,98,False,17,2.27276768424e-06,over52
2024-11,Part_2,monthly,C_999,"England, all specialties",revised-or-established,98,99,False,13,1.73799881736e-06,over52
2024-11,Part_2,monthly,C_999,"England, all specialties",revised-or-established,99,100,False,10,1.3369221672e-06,over52
2024-11,Part_2,monthly,C_999,"England, all specialties",revised-or-established,100,101,False,3,4.0107665016e-07,over52
2024-11,Part_2,monthly,C_999,"England, all specialties",revised-or-established,101,102,False,7,9.35845517039e-07,over52
2024-11,Part_2,monthly,C_999,"England, all specialties",revised-or-established,102,103,False,5,6.68461083599e-07,over52
2024-11,Part_2,monthly,C_999,"England, all specialties",revised-or-established,103,104,False,6,8.02153300319e-07,over52
2024-11,Part_2,monthly,C_999,"England, all specialties",revised-or-established,104,,True,151,2.01875247247e-05,over52
2024-12,Part_2,monthly,C_999,"England, all specialties",revised-or-established,0,1,False,190903,0.0255796363032,within18
2024-12,Part_2,monthly,C_999,"England, all specialties",revised-or-established,1,2,False,337267,0.045191365233,within18
2024-12,Part_2,monthly,C_999,"England, all specialties",revised-or-established,2,3,False,334475,0.0448172572066,within18
2024-12,Part_2,monthly,C_999,"England, all specialties",revised-or-established,3,4,False,318355,0.0426572925272,within18
2024-12,Part_2,monthly,C_999,"England, all specialties",revised-or-established,4,5,False,305078,0.0408782695092,within18
2024-12,Part_2,monthly,C_999,"England, all specialties",revised-or-established,5,6,False,292990,0.0392585639853,within18
2024-12,Part_2,monthly,C_999,"England, all specialties",revised-or-established,6,7,False,282579,0.0378635644643,within18
2024-12,Part_2,monthly,C_999,"England, all specialties",revised-or-established,7,8,False,267374,0.035826203239,within18
2024-12,Part_2,monthly,C_999,"England, all specialties",revised-or-established,8,9,False,241734,0.0323906266644,within18
2024-12,Part_2,monthly,C_999,"England, all specialties",revised-or-established,9,10,False,238011,0.0318917712983,within18
2024-12,Part_2,monthly,C_999,"England, all specialties",revised-or-established,10,11,False,234939,0.031480145275,within18
2024-12,Part_2,monthly,C_999,"England, all specialties",revised-or-established,11,12,False,227635,0.030501461527,within18
2024-12,Part_2,monthly,C_999,"England, all specialties",revised-or-established,12,13,False,216789,0.0290481751179,within18
2024-12,Part_2,monthly,C_999,"England, all specialties",revised-or-established,13,14,False,202665,0.0271556601593,within18
2024-12,Part_2,monthly,C_999,"England, all specialties",revised-or-established,14,15,False,190865,0.0255745445751,within18
2024-12,Part_2,monthly,C_999,"England, all specialties",revised-or-established,15,16,False,180956,0.0242468094628,within18
2024-12,Part_2,monthly,C_999,"England, all specialties",revised-or-established,16,17,False,174341,0.0233604467857,within18
2024-12,Part_2,monthly,C_999,"England, all specialties",revised-or-established,17,18,False,161588,0.0216516360192,within18
2024-12,Part_2,monthly,C_999,"England, all specialties",revised-or-established,18,19,False,121389,0.0162652575979,middle
2024-12,Part_2,monthly,C_999,"England, all specialties",revised-or-established,19,20,False,145597,0.0195089564168,middle
2024-12,Part_2,monthly,C_999,"England, all specialties",revised-or-established,20,21,False,139577,0.0187023194832,middle
2024-12,Part_2,monthly,C_999,"England, all specialties",revised-or-established,21,22,False,139544,0.0186978977192,middle
2024-12,Part_2,monthly,C_999,"England, all specialties",revised-or-established,22,23,False,135079,0.0180996196613,middle
2024-12,Part_2,monthly,C_999,"England, all specialties",revised-or-established,23,24,False,123875,0.0165983638134,middle
2024-12,Part_2,monthly,C_999,"England, all specialties",revised-or-established,24,25,False,127634,0.0171020429219,middle
2024-12,Part_2,monthly,C_999,"England, all specialties",revised-or-established,25,26,False,122616,0.0164296668201,middle
2024-12,Part_2,monthly,C_999,"England, all specialties",revised-or-established,26,27,False,113927,0.0152654029801,middle
2024-12,Part_2,monthly,C_999,"England, all specialties",revised-or-established,27,28,False,112079,0.0150177842005,middle
2024-12,Part_2,monthly,C_999,"England, all specialties",revised-or-established,28,29,False,110991,0.0148719999839,middle
2024-12,Part_2,monthly,C_999,"England, all specialties",revised-or-established,29,30,False,107149,0.0143571994691,middle
2024-12,Part_2,monthly,C_999,"England, all specialties",revised-or-established,30,31,False,99696,0.013358550787,middle
2024-12,Part_2,monthly,C_999,"England, all specialties",revised-or-established,31,32,False,80921,0.010842835101,middle
2024-12,Part_2,monthly,C_999,"England, all specialties",revised-or-established,32,33,False,98995,0.0132646218018,middle
2024-12,Part_2,monthly,C_999,"England, all specialties",revised-or-established,33,34,False,93168,0.0124838454875,middle
2024-12,Part_2,monthly,C_999,"England, all specialties",revised-or-established,34,35,False,74848,0.0100290965465,middle
2024-12,Part_2,monthly,C_999,"England, all specialties",revised-or-established,35,36,False,87159,0.0116786824751,middle
2024-12,Part_2,monthly,C_999,"England, all specialties",revised-or-established,36,37,False,81428,0.010910769474,middle
2024-12,Part_2,monthly,C_999,"England, all specialties",revised-or-established,37,38,False,72193,0.00967334554008,middle
2024-12,Part_2,monthly,C_999,"England, all specialties",revised-or-established,38,39,False,67515,0.00904652700592,middle
2024-12,Part_2,monthly,C_999,"England, all specialties",revised-or-established,39,40,False,42700,0.00572149452941,middle
2024-12,Part_2,monthly,C_999,"England, all specialties",revised-or-established,40,41,False,63461,0.00850332000774,middle
2024-12,Part_2,monthly,C_999,"England, all specialties",revised-or-established,41,42,False,62268,0.00834346654232,middle
2024-12,Part_2,monthly,C_999,"England, all specialties",revised-or-established,42,43,False,59439,0.00796440078064,middle
2024-12,Part_2,monthly,C_999,"England, all specialties",revised-or-established,43,44,False,55324,0.00741302021885,middle
2024-12,Part_2,monthly,C_999,"England, all specialties",revised-or-established,44,45,False,51697,0.00692702816597,middle
2024-12,Part_2,monthly,C_999,"England, all specialties",revised-or-established,45,46,False,47103,0.00631146503088,middle
2024-12,Part_2,monthly,C_999,"England, all specialties",revised-or-established,46,47,False,46275,0.00620051895429,middle
2024-12,Part_2,monthly,C_999,"England, all specialties",revised-or-established,47,48,False,43479,0.00582587495654,middle
2024-12,Part_2,monthly,C_999,"England, all specialties",revised-or-established,48,49,False,40243,0.00539227410649,middle
2024-12,Part_2,monthly,C_999,"England, all specialties",revised-or-established,49,50,False,36646,0.00491030183898,middle
2024-12,Part_2,monthly,C_999,"England, all specialties",revised-or-established,50,51,False,33258,0.00445633407632,middle
2024-12,Part_2,monthly,C_999,"England, all specialties",revised-or-established,51,52,False,26866,0.00359985180391,middle
2024-12,Part_2,monthly,C_999,"England, all specialties",revised-or-established,52,53,False,12673,0.0016980913389,over52
2024-12,Part_2,monthly,C_999,"England, all specialties",revised-or-established,53,54,False,17150,0.00229797731099,over52
2024-12,Part_2,monthly,C_999,"England, all specialties",revised-or-established,54,55,False,22276,0.00298482464021,over52
2024-12,Part_2,monthly,C_999,"England, all specialties",revised-or-established,55,56,False,21340,0.00285940733624,over52
2024-12,Part_2,monthly,C_999,"England, all specialties",revised-or-established,56,57,False,19154,0.00256649897462,over52
2024-12,Part_2,monthly,C_999,"England, all specialties",revised-or-established,57,58,False,17426,0.00233495933652,over52
2024-12,Part_2,monthly,C_999,"England, all specialties",revised-or-established,58,59,False,16205,0.00217135407141,over52
2024-12,Part_2,monthly,C_999,"England, all specialties",revised-or-established,59,60,False,14656,0.00196379915276,over52
2024-12,Part_2,monthly,C_999,"England, all specialties",revised-or-established,60,61,False,11959,0.00160242044677,over52
2024-12,Part_2,monthly,C_999,"England, all specialties",revised-or-established,61,62,False,9734,0.00130428636415,over52
2024-12,Part_2,monthly,C_999,"England, all specialties",revised-or-established,62,63,False,8908,0.00119360827325,over52
2024-12,Part_2,monthly,C_999,"England, all specialties",revised-or-established,63,64,False,7529,0.00100883213845,over52
2024-12,Part_2,monthly,C_999,"England, all specialties",revised-or-established,64,65,False,5816,0.000779302393045,over52
2024-12,Part_2,monthly,C_999,"England, all specialties",revised-or-established,65,66,False,2326,0.00031166736008,over52
2024-12,Part_2,monthly,C_999,"England, all specialties",revised-or-established,66,67,False,2017,0.000270263570628,over52
2024-12,Part_2,monthly,C_999,"England, all specialties",revised-or-established,67,68,False,1764,0.000236363380559,over52
2024-12,Part_2,monthly,C_999,"England, all specialties",revised-or-established,68,69,False,1537,0.000205947004489,over52
2024-12,Part_2,monthly,C_999,"England, all specialties",revised-or-established,69,70,False,1121,0.000150205980503,over52
2024-12,Part_2,monthly,C_999,"England, all specialties",revised-or-established,70,71,False,720,9.64748492078e-05,over52
2024-12,Part_2,monthly,C_999,"England, all specialties",revised-or-established,71,72,False,871,0.000116707768972,over52
2024-12,Part_2,monthly,C_999,"England, all specialties",revised-or-established,72,73,False,725,9.71448134384e-05,over52
2024-12,Part_2,monthly,C_999,"England, all specialties",revised-or-established,73,74,False,671,8.99091997478e-05,over52
2024-12,Part_2,monthly,C_999,"England, all specialties",revised-or-established,74,75,False,546,7.31600939826e-05,over52
2024-12,Part_2,monthly,C_999,"England, all specialties",revised-or-established,75,76,False,453,6.06987592932e-05,over52
2024-12,Part_2,monthly,C_999,"England, all specialties",revised-or-established,76,77,False,398,5.33291527565e-05,over52
2024-12,Part_2,monthly,C_999,"England, all specialties",revised-or-established,77,78,False,366,4.90413816806e-05,over52
2024-12,Part_2,monthly,C_999,"England, all specialties",revised-or-established,78,79,False,244,3.26942544538e-05,over52
2024-12,Part_2,monthly,C_999,"England, all specialties",revised-or-established,79,80,False,206,2.76025263011e-05,over52
2024-12,Part_2,monthly,C_999,"England, all specialties",revised-or-established,80,81,False,188,2.51906550709e-05,over52
2024-12,Part_2,monthly,C_999,"England, all specialties",revised-or-established,81,82,False,168,2.25107981485e-05,over52
2024-12,Part_2,monthly,C_999,"England, all specialties",revised-or-established,82,83,False,137,1.83570199187e-05,over52
2024-12,Part_2,monthly,C_999,"England, all specialties",revised-or-established,83,84,False,115,1.5409177304e-05,over52
2024-12,Part_2,monthly,C_999,"England, all specialties",revised-or-established,84,85,False,123,1.6481120073e-05,over52
2024-12,Part_2,monthly,C_999,"England, all specialties",revised-or-established,85,86,False,109,1.46052202273e-05,over52
2024-12,Part_2,monthly,C_999,"England, all specialties",revised-or-established,86,87,False,86,1.15233847665e-05,over52
2024-12,Part_2,monthly,C_999,"England, all specialties",revised-or-established,87,88,False,79,1.05854348436e-05,over52
2024-12,Part_2,monthly,C_999,"England, all specialties",revised-or-established,88,89,False,63,8.44154930568e-06,over52
2024-12,Part_2,monthly,C_999,"England, all specialties",revised-or-established,89,90,False,77,1.03174491514e-05,over52
2024-12,Part_2,monthly,C_999,"England, all specialties",revised-or-established,90,91,False,28,3.75179969141e-06,over52
2024-12,Part_2,monthly,C_999,"England, all specialties",revised-or-established,91,92,False,58,7.77158507507e-06,over52
2024-12,Part_2,monthly,C_999,"England, all specialties",revised-or-established,92,93,False,43,5.76169238324e-06,over52
2024-12,Part_2,monthly,C_999,"England, all specialties",revised-or-established,93,94,False,36,4.82374246039e-06,over52
2024-12,Part_2,monthly,C_999,"England, all specialties",revised-or-established,94,95,False,33,4.42176392202e-06,over52
2024-12,Part_2,monthly,C_999,"England, all specialties",revised-or-established,95,96,False,21,2.81384976856e-06,over52
2024-12,Part_2,monthly,C_999,"England, all specialties",revised-or-established,96,97,False,14,1.87589984571e-06,over52
2024-12,Part_2,monthly,C_999,"England, all specialties",revised-or-established,97,98,False,19,2.54586407632e-06,over52
2024-12,Part_2,monthly,C_999,"England, all specialties",revised-or-established,98,99,False,10,1.33992846122e-06,over52
2024-12,Part_2,monthly,C_999,"England, all specialties",revised-or-established,99,100,False,14,1.87589984571e-06,over52
2024-12,Part_2,monthly,C_999,"England, all specialties",revised-or-established,100,101,False,14,1.87589984571e-06,over52
2024-12,Part_2,monthly,C_999,"England, all specialties",revised-or-established,101,102,False,7,9.37949922854e-07,over52
2024-12,Part_2,monthly,C_999,"England, all specialties",revised-or-established,102,103,False,6,8.03957076732e-07,over52
2024-12,Part_2,monthly,C_999,"England, all specialties",revised-or-established,103,104,False,8,1.07194276898e-06,over52
2024-12,Part_2,monthly,C_999,"England, all specialties",revised-or-established,104,,True,155,2.07688911489e-05,over52
2025-01,Part_2,monthly,C_999,"England, all specialties",revised-or-established,0,1,False,408946,0.0550571114572,within18
2025-01,Part_2,monthly,C_999,"England, all specialties",revised-or-established,1,2,False,363450,0.048931905824,within18
2025-01,Part_2,monthly,C_999,"England, all specialties",revised-or-established,2,3,False,337930,0.0454961038248,within18
2025-01,Part_2,monthly,C_999,"England, all specialties",revised-or-established,3,4,False,293356,0.0394950286557,within18
2025-01,Part_2,monthly,C_999,"England, all specialties",revised-or-established,4,5,False,181517,0.0244379495101,within18
2025-01,Part_2,monthly,C_999,"England, all specialties",revised-or-established,5,6,False,150723,0.0202920997153,within18
2025-01,Part_2,monthly,C_999,"England, all specialties",revised-or-established,6,7,False,273028,0.0367582346494,within18
2025-01,Part_2,monthly,C_999,"England, all specialties",revised-or-established,7,8,False,260701,0.0350986291931,within18
2025-01,Part_2,monthly,C_999,"England, all specialties",revised-or-established,8,9,False,251584,0.0338711916215,within18
2025-01,Part_2,monthly,C_999,"England, all specialties",revised-or-established,9,10,False,241778,0.0325509927812,within18
2025-01,Part_2,monthly,C_999,"England, all specialties",revised-or-established,10,11,False,235856,0.0317537036182,within18
2025-01,Part_2,monthly,C_999,"England, all specialties",revised-or-established,11,12,False,225722,0.0303893455672,within18
2025-01,Part_2,monthly,C_999,"England, all specialties",revised-or-established,12,13,False,210626,0.0283569448235,within18
2025-01,Part_2,monthly,C_999,"England, all specialties",revised-or-established,13,14,False,193638,0.026069820828,within18
2025-01,Part_2,monthly,C_999,"England, all specialties",revised-or-established,14,15,False,195174,0.0262766151803,within18
2025-01,Part_2,monthly,C_999,"England, all specialties",revised-or-established,15,16,False,190094,0.0255926859423,within18
2025-01,Part_2,monthly,C_999,"England, all specialties",revised-or-established,16,17,False,182690,0.0245958725409,within18
2025-01,Part_2,monthly,C_999,"England, all specialties",revised-or-established,17,18,False,175031,0.0235647280459,within18
2025-01,Part_2,monthly,C_999,"England, all specialties",revised-or-established,18,19,False,158204,0.0212992797606,middle
2025-01,Part_2,monthly,C_999,"England, all specialties",revised-or-established,19,20,False,150212,0.0202233028962,middle
2025-01,Part_2,monthly,C_999,"England, all specialties",revised-or-established,20,21,False,145391,0.0195742432787,middle
2025-01,Part_2,monthly,C_999,"England, all specialties",revised-or-established,21,22,False,137783,0.0185499650025,middle
2025-01,Part_2,monthly,C_999,"England, all specialties",revised-or-established,22,23,False,103576,0.0139446170797,middle
2025-01,Part_2,monthly,C_999,"England, all specialties",revised-or-established,23,24,False,124951,0.0168223705176,middle
2025-01,Part_2,monthly,C_999,"England, all specialties",revised-or-established,24,25,False,118231,0.0159176452262,middle
2025-01,Part_2,monthly,C_999,"England, all specialties",revised-or-established,25,26,False,116181,0.0156416501597,middle
2025-01,Part_2,monthly,C_999,"England, all specialties",revised-or-established,26,27,False,112938,0.0152050394276,middle
2025-01,Part_2,monthly,C_999,"England, all specialties",revised-or-established,27,28,False,105288,0.0141751066182,middle
2025-01,Part_2,monthly,C_999,"England, all specialties",revised-or-established,28,29,False,105560,0.0142117264515,middle
2025-01,Part_2,monthly,C_999,"England, all specialties",revised-or-established,29,30,False,104603,0.0140828838765,middle
2025-01,Part_2,monthly,C_999,"England, all specialties",revised-or-established,30,31,False,99515,0.0133978775845,middle
2025-01,Part_2,monthly,C_999,"England, all specialties",revised-or-established,31,32,False,95516,0.0128594852571,middle
2025-01,Part_2,monthly,C_999,"England, all specialties",revised-or-established,32,33,False,93214,0.0125495629921,middle
2025-01,Part_2,monthly,C_999,"England, all specialties",revised-or-established,33,34,False,92119,0.012402141237,middle
2025-01,Part_2,monthly,C_999,"England, all specialties",revised-or-established,34,35,False,87608,0.0117948174589,middle
2025-01,Part_2,monthly,C_999,"England, all specialties",revised-or-established,35,36,False,65766,0.00885419099855,middle
2025-01,Part_2,monthly,C_999,"England, all specialties",revised-or-established,36,37,False,82199,0.0110665943784,middle
2025-01,Part_2,monthly,C_999,"England, all specialties",revised-or-established,37,38,False,78913,0.0106241944815,middle
2025-01,Part_2,monthly,C_999,"England, all specialties",revised-or-established,38,39,False,59612,0.00802566727193,middle
2025-01,Part_2,monthly,C_999,"England, all specialties",revised-or-established,39,40,False,73297,0.00986810263085,middle
2025-01,Part_2,monthly,C_999,"England, all specialties",revised-or-established,40,41,False,67703,0.00911497267851,middle
2025-01,Part_2,monthly,C_999,"England, all specialties",revised-or-established,41,42,False,61606,0.00829412296105,middle
2025-01,Part_2,monthly,C_999,"England, all specialties",revised-or-established,42,43,False,54477,0.00733433328814,middle
2025-01,Part_2,monthly,C_999,"England, all specialties",revised-or-established,43,44,False,35475,0.00477606096879,middle
2025-01,Part_2,monthly,C_999,"England, all specialties",revised-or-established,44,45,False,48377,0.00651307967547,middle
2025-01,Part_2,monthly,C_999,"England, all specialties",revised-or-established,45,46,False,47645,0.00641452924195,middle
2025-01,Part_2,monthly,C_999,"England, all specialties",revised-or-established,46,47,False,46650,0.00628057066086,middle
2025-01,Part_2,monthly,C_999,"England, all specialties",revised-or-established,47,48,False,43365,0.00583830539568,middle
2025-01,Part_2,monthly,C_999,"England, all specialties",revised-or-established,48,49,False,39519,0.00532051172447,middle
2025-01,Part_2,monthly,C_999,"England, all specialties",revised-or-established,49,50,False,36664,0.00493613810739,middle
2025-01,Part_2,monthly,C_999,"England, all specialties",revised-or-established,50,51,False,32697,0.00440205399567,middle
2025-01,Part_2,monthly,C_999,"England, all specialties",revised-or-established,51,52,False,32142,0.0043273333801,middle
2025-01,Part_2,monthly,C_999,"England, all specialties",revised-or-established,52,53,False,28341,0.00381559813718,over52
2025-01,Part_2,monthly,C_999,"England, all specialties",revised-or-established,53,54,False,25620,0.00344926517323,over52
2025-01,Part_2,monthly,C_999,"England, all specialties",revised-or-established,54,55,False,22925,0.00308643263452,over52
2025-01,Part_2,monthly,C_999,"England, all specialties",revised-or-established,55,56,False,19853,0.00267284392991,over52
2025-01,Part_2,monthly,C_999,"England, all specialties",revised-or-established,56,57,False,12191,0.00164129553969,over52
2025-01,Part_2,monthly,C_999,"England, all specialties",revised-or-established,57,58,False,6875,0.000925593211006,over52
2025-01,Part_2,monthly,C_999,"England, all specialties",revised-or-established,58,59,False,14023,0.00188794088697,over52
2025-01,Part_2,monthly,C_999,"England, all specialties",revised-or-established,59,60,False,12609,0.00169757160692,over52
2025-01,Part_2,monthly,C_999,"England, all specialties",revised-or-established,60,61,False,11558,0.00155607364841,over52
2025-01,Part_2,monthly,C_999,"England, all specialties",revised-or-established,61,62,False,9059,0.00121962893069,over52
2025-01,Part_2,monthly,C_999,"England, all specialties",revised-or-established,62,63,False,8114,0.0010924019366,over52
2025-01,Part_2,monthly,C_999,"England, all specialties",revised-or-established,63,64,False,6983,0.000940133438903,over52
2025-01,Part_2,monthly,C_999,"England, all specialties",revised-or-established,64,65,False,5711,0.000768881865899,over52
2025-01,Part_2,monthly,C_999,"England, all specialties",revised-or-established,65,66,False,2462,0.000331463343345,over52
2025-01,Part_2,monthly,C_999,"England, all specialties",revised-or-established,66,67,False,2044,0.000275187276116,over52
2025-01,Part_2,monthly,C_999,"England, all specialties",revised-or-established,67,68,False,1753,0.000236009439839,over52
2025-01,Part_2,monthly,C_999,"England, all specialties",revised-or-established,68,69,False,1549,0.000208544564923,over52
2025-01,Part_2,monthly,C_999,"England, all specialties",revised-or-established,69,70,False,1131,0.000152268497694,over52
2025-01,Part_2,monthly,C_999,"England, all specialties",revised-or-established,70,71,False,841,0.000113225293157,over52
2025-01,Part_2,monthly,C_999,"England, all specialties",revised-or-established,71,72,False,725,9.76080113425e-05,over52
2025-01,Part_2,monthly,C_999,"England, all specialties",revised-or-established,72,73,False,632,8.50872595427e-05,over52
2025-01,Part_2,monthly,C_999,"England, all specialties",revised-or-established,73,74,False,531,7.14894538246e-05,over52
2025-01,Part_2,monthly,C_999,"England, all specialties",revised-or-established,74,75,False,303,4.07934171542e-05,over52
2025-01,Part_2,monthly,C_999,"England, all specialties",revised-or-established,75,76,False,362,4.87366898013e-05,over52
2025-01,Part_2,monthly,C_999,"England, all specialties",revised-or-established,76,77,False,329,4.42938423885e-05,over52
2025-01,Part_2,monthly,C_999,"England, all specialties",revised-or-established,77,78,False,301,4.05241536746e-05,over52
2025-01,Part_2,monthly,C_999,"England, all specialties",revised-or-established,78,79,False,262,3.52735158231e-05,over52
2025-01,Part_2,monthly,C_999,"England, all specialties",revised-or-established,79,80,False,198,2.6657084477e-05,over52
2025-01,Part_2,monthly,C_999,"England, all specialties",revised-or-established,80,81,False,184,2.477224012e-05,over52
2025-01,Part_2,monthly,C_999,"England, all specialties",revised-or-established,81,82,False,182,2.45029766405e-05,over52
2025-01,Part_2,monthly,C_999,"England, all specialties",revised-or-established,82,83,False,129,1.7367494432e-05,over52
2025-01,Part_2,monthly,C_999,"England, all specialties",revised-or-established,83,84,False,114,1.53480183352e-05,over52
2025-01,Part_2,monthly,C_999,"England, all specialties",revised-or-established,84,85,False,109,1.46748596363e-05,over52
2025-01,Part_2,monthly,C_999,"England, all specialties",revised-or-established,85,86,False,97,1.30592787589e-05,over52
2025-01,Part_2,monthly,C_999,"England, all specialties",revised-or-established,86,87,False,92,1.238612006e-05,over52
2025-01,Part_2,monthly,C_999,"England, all specialties",revised-or-established,87,88,False,44,5.92379655044e-06,over52
2025-01,Part_2,monthly,C_999,"England, all specialties",revised-or-established,88,89,False,66,8.88569482566e-06,over52
2025-01,Part_2,monthly,C_999,"England, all specialties",revised-or-established,89,90,False,55,7.40474568805e-06,over52
2025-01,Part_2,monthly,C_999,"England, all specialties",revised-or-established,90,91,False,49,6.59695524935e-06,over52
2025-01,Part_2,monthly,C_999,"England, all specialties",revised-or-established,91,92,False,41,5.51990133109e-06,over52
2025-01,Part_2,monthly,C_999,"England, all specialties",revised-or-established,92,93,False,41,5.51990133109e-06,over52
2025-01,Part_2,monthly,C_999,"England, all specialties",revised-or-established,93,94,False,31,4.17358393326e-06,over52
2025-01,Part_2,monthly,C_999,"England, all specialties",revised-or-established,94,95,False,18,2.42337131609e-06,over52
2025-01,Part_2,monthly,C_999,"England, all specialties",revised-or-established,95,96,False,29,3.9043204537e-06,over52
2025-01,Part_2,monthly,C_999,"England, all specialties",revised-or-established,96,97,False,31,4.17358393326e-06,over52
2025-01,Part_2,monthly,C_999,"England, all specialties",revised-or-established,97,98,False,24,3.23116175478e-06,over52
2025-01,Part_2,monthly,C_999,"England, all specialties",revised-or-established,98,99,False,14,1.88484435696e-06,over52
2025-01,Part_2,monthly,C_999,"England, all specialties",revised-or-established,99,100,False,17,2.28873957631e-06,over52
2025-01,Part_2,monthly,C_999,"England, all specialties",revised-or-established,100,101,False,12,1.61558087739e-06,over52
2025-01,Part_2,monthly,C_999,"England, all specialties",revised-or-established,101,102,False,10,1.34631739783e-06,over52
2025-01,Part_2,monthly,C_999,"England, all specialties",revised-or-established,102,103,False,6,8.07790438696e-07,over52
2025-01,Part_2,monthly,C_999,"England, all specialties",revised-or-established,103,104,False,9,1.21168565804e-06,over52
2025-01,Part_2,monthly,C_999,"England, all specialties",revised-or-established,104,,True,139,1.87138118298e-05,over52
2025-02,Part_2,monthly,C_999,"England, all specialties",revised-or-established,0,1,False,401767,0.0542843797446,within18
2025-02,Part_2,monthly,C_999,"England, all specialties",revised-or-established,1,2,False,346158,0.0467708207086,within18
2025-02,Part_2,monthly,C_999,"England, all specialties",revised-or-established,2,3,False,347147,0.0469044485366,within18
2025-02,Part_2,monthly,C_999,"England, all specialties",revised-or-established,3,4,False,329388,0.0445049575384,within18
2025-02,Part_2,monthly,C_999,"England, all specialties",revised-or-established,4,5,False,307744,0.0415805483281,within18
2025-02,Part_2,monthly,C_999,"England, all specialties",revised-or-established,5,6,False,291684,0.0394106161567,within18
2025-02,Part_2,monthly,C_999,"England, all specialties",revised-or-established,6,7,False,272085,0.0367625152459,within18
2025-02,Part_2,monthly,C_999,"England, all specialties",revised-or-established,7,8,False,237776,0.0321268861757,within18
2025-02,Part_2,monthly,C_999,"England, all specialties",revised-or-established,8,9,False,147788,0.0199682400837,within18
2025-02,Part_2,monthly,C_999,"England, all specialties",revised-or-established,9,10,False,123923,0.0167437424953,within18
2025-02,Part_2,monthly,C_999,"England, all specialties",revised-or-established,10,11,False,227361,0.0307196730023,within18
2025-02,Part_2,monthly,C_999,"England, all specialties",revised-or-established,11,12,False,217111,0.0293347536526,within18
2025-02,Part_2,monthly,C_999,"England, all specialties",revised-or-established,12,13,False,209565,0.028315182783,within18
2025-02,Part_2,monthly,C_999,"England, all specialties",revised-or-established,13,14,False,200494,0.027089562937,within18
2025-02,Part_2,monthly,C_999,"England, all specialties",revised-or-established,14,15,False,195252,0.0263812949145,within18
2025-02,Part_2,monthly,C_999,"England, all specialties",revised-or-established,15,16,False,186583,0.0252099909298,within18
2025-02,Part_2,monthly,C_999,"England, all specialties",revised-or-established,16,17,False,175569,0.0237218444207,within18
2025-02,Part_2,monthly,C_999,"England, all specialties",revised-or-established,17,18,False,162556,0.0219636048599,within18
2025-02,Part_2,monthly,C_999,"England, all specialties",revised-or-established,18,19,False,158262,0.021383424988,middle
2025-02,Part_2,monthly,C_999,"England, all specialties",revised-or-established,19,20,False,154751,0.0209090394429,middle
2025-02,Part_2,monthly,C_999,"England, all specialties",revised-or-established,20,21,False,150135,0.0202853528362,middle
2025-02,Part_2,monthly,C_999,"England, all specialties",revised-or-established,21,22,False,143501,0.0193890060103,middle
2025-02,Part_2,monthly,C_999,"England, all specialties",revised-or-established,22,23,False,134405,0.0181600083122,middle
2025-02,Part_2,monthly,C_999,"England, all specialties",revised-or-established,23,24,False,125964,0.0170195103385,middle
2025-02,Part_2,monthly,C_999,"England, all specialties",revised-or-established,24,25,False,121423,0.016405957288,middle
2025-02,Part_2,monthly,C_999,"England, all specialties",revised-or-established,25,26,False,114766,0.0155065028381,middle
2025-02,Part_2,monthly,C_999,"England, all specialties",revised-or-established,26,27,False,84893,0.0114702398397,middle
2025-02,Part_2,monthly,C_999,"England, all specialties",revised-or-established,27,28,False,104491,0.0141182056363,middle
2025-02,Part_2,monthly,C_999,"England, all specialties",revised-or-established,28,29,False,98959,0.0133707545297,middle
2025-02,Part_2,monthly,C_999,"England, all specialties",revised-or-established,29,30,False,97442,0.013165786466,middle
2025-02,Part_2,monthly,C_999,"England, all specialties",revised-or-established,30,31,False,95696,0.0129298772772,middle
2025-02,Part_2,monthly,C_999,"England, all specialties",revised-or-established,31,32,False,89210,0.0120535273355,middle
2025-02,Part_2,monthly,C_999,"England, all specialties",revised-or-established,32,33,False,89094,0.0120378541019,middle
2025-02,Part_2,monthly,C_999,"England, all specialties",revised-or-established,33,34,False,87561,0.0118307242128,middle
2025-02,Part_2,monthly,C_999,"England, all specialties",revised-or-established,34,35,False,83052,0.011221494813,middle
2025-02,Part_2,monthly,C_999,"England, all specialties",revised-or-established,35,36,False,79316,0.0107167085993,middle
2025-02,Part_2,monthly,C_999,"England, all specialties",revised-or-established,36,37,False,77111,0.0104187820465,middle
2025-02,Part_2,monthly,C_999,"England, all specialties",revised-or-established,37,38,False,75801,0.0102417825979,middle
2025-02,Part_2,monthly,C_999,"England, all specialties",revised-or-established,38,39,False,71673,0.00968403166372,middle
2025-02,Part_2,monthly,C_999,"England, all specialties",revised-or-established,39,40,False,52765,0.00712929458424,middle
2025-02,Part_2,monthly,C_999,"England, all specialties",revised-or-established,40,41,False,65990,0.00891617833059,middle
2025-02,Part_2,monthly,C_999,"England, all specialties",revised-or-established,41,42,False,62476,0.00844138744328,middle
2025-02,Part_2,monthly,C_999,"England, all specialties",revised-or-established,42,43,False,47511,0.00641940519268,middle
2025-02,Part_2,monthly,C_999,"England, all specialties",revised-or-established,43,44,False,57643,0.00778838108062,middle
2025-02,Part_2,monthly,C_999,"England, all specialties",revised-or-established,44,45,False,53300,0.00720158061859,middle
2025-02,Part_2,monthly,C_999,"England, all specialties",revised-or-established,45,46,False,48320,0.00652871248574,middle
2025-02,Part_2,monthly,C_999,"England, all specialties",revised-or-established,46,47,False,42092,0.00568722197744,middle
2025-02,Part_2,monthly,C_999,"England, all specialties",revised-or-established,47,48,False,26737,0.00361254523451,middle
2025-02,Part_2,monthly,C_999,"England, all specialties",revised-or-established,48,49,False,35484,0.00479438811764,middle
2025-02,Part_2,monthly,C_999,"England, all specialties",revised-or-established,49,50,False,34569,0.00467075873178,middle
2025-02,Part_2,monthly,C_999,"England, all specialties",revised-or-established,50,51,False,33001,0.00445889984979,middle
2025-02,Part_2,monthly,C_999,"England, all specialties",revised-or-established,51,52,False,30283,0.00409165977247,middle
2025-02,Part_2,monthly,C_999,"England, all specialties",revised-or-established,52,53,False,27203,0.00367550839714,over52
2025-02,Part_2,monthly,C_999,"England, all specialties",revised-or-established,53,54,False,24625,0.00332718429142,over52
2025-02,Part_2,monthly,C_999,"England, all specialties",revised-or-established,54,55,False,21863,0.00295399919445,over52
2025-02,Part_2,monthly,C_999,"England, all specialties",revised-or-established,55,56,False,21063,0.00284590792813,over52
2025-02,Part_2,monthly,C_999,"England, all specialties",revised-or-established,56,57,False,17879,0.00241570468817,over52
2025-02,Part_2,monthly,C_999,"England, all specialties",revised-or-established,57,58,False,15767,0.00213034374509,over52
2025-02,Part_2,monthly,C_999,"England, all specialties",revised-or-established,58,59,False,13749,0.0018576835258,over52
2025-02,Part_2,monthly,C_999,"England, all specialties",revised-or-established,59,60,False,11467,0.00154935318862,over52
2025-02,Part_2,monthly,C_999,"England, all specialties",revised-or-established,60,61,False,6647,0.000898103309038,over52
2025-02,Part_2,monthly,C_999,"England, all specialties",revised-or-established,61,62,False,3265,0.00044114748067,over52
2025-02,Part_2,monthly,C_999,"England, all specialties",revised-or-established,62,63,False,6519,0.000880808706427,over52
2025-02,Part_2,monthly,C_999,"England, all specialties",revised-or-established,63,64,False,5543,0.000748937361517,over52
2025-02,Part_2,monthly,C_999,"England, all specialties",revised-or-established,64,65,False,4712,0.000636657558626,over52
2025-02,Part_2,monthly,C_999,"England, all specialties",revised-or-established,65,66,False,2125,0.000287117426163,over52
2025-02,Part_2,monthly,C_999,"England, all specialties",revised-or-established,66,67,False,1922,0.000259689267334,over52
2025-02,Part_2,monthly,C_999,"England, all specialties",revised-or-established,67,68,False,1680,0.000226991659273,over52
2025-02,Part_2,monthly,C_999,"England, all specialties",revised-or-established,68,69,False,1312,0.000177269676765,over52
2025-02,Part_2,monthly,C_999,"England, all specialties",revised-or-established,69,70,False,911,0.000123088929522,over52
2025-02,Part_2,monthly,C_999,"England, all specialties",revised-or-established,70,71,False,751,0.000101470676258,over52
2025-02,Part_2,monthly,C_999,"England, all specialties",revised-or-established,71,72,False,648,8.75539257194e-05,over52
2025-02,Part_2,monthly,C_999,"England, all specialties",revised-or-established,72,73,False,565,7.63394568387e-05,over52
2025-02,Part_2,monthly,C_999,"England, all specialties",revised-or-established,73,74,False,445,6.01257668906e-05,over52
2025-02,Part_2,monthly,C_999,"England, all specialties",revised-or-established,74,75,False,350,4.72899290151e-05,over52
2025-02,Part_2,monthly,C_999,"England, all specialties",revised-or-established,75,76,False,302,4.08044530359e-05,over52
2025-02,Part_2,monthly,C_999,"England, all specialties",revised-or-established,76,77,False,273,3.68861446318e-05,over52
2025-02,Part_2,monthly,C_999,"England, all specialties",revised-or-established,77,78,False,246,3.32380643935e-05,over52
2025-02,Part_2,monthly,C_999,"England, all specialties",revised-or-established,78,79,False,134,1.81052871086e-05,over52
2025-02,Part_2,monthly,C_999,"England, all specialties",revised-or-established,79,80,False,147,1.98617701863e-05,over52
2025-02,Part_2,monthly,C_999,"England, all specialties",revised-or-established,80,81,False,144,1.94564279376e-05,over52
2025-02,Part_2,monthly,C_999,"England, all specialties",revised-or-established,81,82,False,149,2.01319983521e-05,over52
2025-02,Part_2,monthly,C_999,"England, all specialties",revised-or-established,82,83,False,136,1.83755152744e-05,over52
2025-02,Part_2,monthly,C_999,"England, all specialties",revised-or-established,83,84,False,105,1.41869787045e-05,over52
2025-02,Part_2,monthly,C_999,"England, all specialties",revised-or-established,84,85,False,113,1.52678913677e-05,over52
2025-02,Part_2,monthly,C_999,"England, all specialties",revised-or-established,85,86,False,94,1.27007237926e-05,over52
2025-02,Part_2,monthly,C_999,"England, all specialties",revised-or-established,86,87,False,66,8.91752947142e-06,over52
2025-02,Part_2,monthly,C_999,"England, all specialties",revised-or-established,87,88,False,53,7.16104639372e-06,over52
2025-02,Part_2,monthly,C_999,"England, all specialties",revised-or-established,88,89,False,56,7.56638864242e-06,over52
2025-02,Part_2,monthly,C_999,"England, all specialties",revised-or-established,89,90,False,54,7.29616047662e-06,over52
2025-02,Part_2,monthly,C_999,"England, all specialties",revised-or-established,90,91,False,46,6.21524781342e-06,over52
2025-02,Part_2,monthly,C_999,"England, all specialties",revised-or-established,91,92,False,24,3.24273798961e-06,over52
2025-02,Part_2,monthly,C_999,"England, all specialties",revised-or-established,92,93,False,37,4.99922106731e-06,over52
2025-02,Part_2,monthly,C_999,"England, all specialties",revised-or-established,93,94,False,25,3.37785207251e-06,over52
2025-02,Part_2,monthly,C_999,"England, all specialties",revised-or-established,94,95,False,25,3.37785207251e-06,over52
2025-02,Part_2,monthly,C_999,"England, all specialties",revised-or-established,95,96,False,21,2.83739574091e-06,over52
2025-02,Part_2,monthly,C_999,"England, all specialties",revised-or-established,96,97,False,11,1.4862549119e-06,over52
2025-02,Part_2,monthly,C_999,"England, all specialties",revised-or-established,97,98,False,15,2.0267112435e-06,over52
2025-02,Part_2,monthly,C_999,"England, all specialties",revised-or-established,98,99,False,10,1.351140829e-06,over52
2025-02,Part_2,monthly,C_999,"England, all specialties",revised-or-established,99,100,False,10,1.351140829e-06,over52
2025-02,Part_2,monthly,C_999,"England, all specialties",revised-or-established,100,101,False,18,2.43205349221e-06,over52
2025-02,Part_2,monthly,C_999,"England, all specialties",revised-or-established,101,102,False,12,1.6213689948e-06,over52
2025-02,Part_2,monthly,C_999,"England, all specialties",revised-or-established,102,103,False,15,2.0267112435e-06,over52
2025-02,Part_2,monthly,C_999,"England, all specialties",revised-or-established,103,104,False,12,1.6213689948e-06,over52
2025-02,Part_2,monthly,C_999,"England, all specialties",revised-or-established,104,,True,161,2.1753367347e-05,over52
2025-02,Part_1A,full,C_999,"England, all specialties",revised-or-established,0,1,False,20798,0.0670148768,within18
2025-02,Part_1A,full,C_999,"England, all specialties",revised-or-established,1,2,False,19004,0.0612342878501,within18
2025-02,Part_1A,full,C_999,"England, all specialties",revised-or-established,2,3,False,20315,0.0654585643904,within18
2025-02,Part_1A,full,C_999,"England, all specialties",revised-or-established,3,4,False,18702,0.0602611898218,within18
2025-02,Part_1A,full,C_999,"England, all specialties",revised-or-established,4,5,False,15181,0.0489158979085,within18
2025-02,Part_1A,full,C_999,"England, all specialties",revised-or-established,5,6,False,11182,0.0360304044801,within18
2025-02,Part_1A,full,C_999,"England, all specialties",revised-or-established,6,7,False,9105,0.029337938901,within18
2025-02,Part_1A,full,C_999,"England, all specialties",revised-or-established,7,8,False,8123,0.0261737592195,within18
2025-02,Part_1A,full,C_999,"England, all specialties",revised-or-established,8,9,False,7909,0.0254842129345,within18
2025-02,Part_1A,full,C_999,"England, all specialties",revised-or-established,9,10,False,8122,0.0261705370406,within18
2025-02,Part_1A,full,C_999,"England, all specialties",revised-or-established,10,11,False,7811,0.0251684394021,within18
2025-02,Part_1A,full,C_999,"England, all specialties",revised-or-established,11,12,False,7314,0.0235670164879,within18
2025-02,Part_1A,full,C_999,"England, all specialties",revised-or-established,12,13,False,6590,0.021234158963,within18
2025-02,Part_1A,full,C_999,"England, all specialties",revised-or-established,13,14,False,6050,0.019494182356,within18
2025-02,Part_1A,full,C_999,"England, all specialties",revised-or-established,14,15,False,5607,0.0180667571025,within18
2025-02,Part_1A,full,C_999,"England, all specialties",revised-or-established,15,16,False,5356,0.0172579901981,within18
2025-02,Part_1A,full,C_999,"England, all specialties",revised-or-established,16,17,False,4942,0.0159240081328,within18
2025-02,Part_1A,full,C_999,"England, all specialties",revised-or-established,17,18,False,4917,0.0158434536602,within18
2025-02,Part_1A,full,C_999,"England, all specialties",revised-or-established,18,19,False,4487,0.0144579167325,middle
2025-02,Part_1A,full,C_999,"England, all specialties",revised-or-established,19,20,False,4299,0.0138521470989,middle
2025-02,Part_1A,full,C_999,"England, all specialties",revised-or-established,20,21,False,3996,0.0128758268917,middle
2025-02,Part_1A,full,C_999,"England, all specialties",revised-or-established,21,22,False,3809,0.012273279437,middle
2025-02,Part_1A,full,C_999,"England, all specialties",revised-or-established,22,23,False,3571,0.0115064008584,middle
2025-02,Part_1A,full,C_999,"England, all specialties",revised-or-established,23,24,False,3280,0.010568746798,middle
2025-02,Part_1A,full,C_999,"England, all specialties",revised-or-established,24,25,False,3016,0.00971809156788,middle
2025-02,Part_1A,full,C_999,"England, all specialties",revised-or-established,25,26,False,3089,0.00995331062771,middle
2025-02,Part_1A,full,C_999,"England, all specialties",revised-or-established,26,27,False,2845,0.00916709897567,middle
2025-02,Part_1A,full,C_999,"England, all specialties",revised-or-established,27,28,False,2859,0.00921220948029,middle
2025-02,Part_1A,full,C_999,"England, all specialties",revised-or-established,28,29,False,2709,0.00872888264502,middle
2025-02,Part_1A,full,C_999,"England, all specialties",revised-or-established,29,30,False,2729,0.00879332622306,middle
2025-02,Part_1A,full,C_999,"England, all specialties",revised-or-established,30,31,False,2645,0.00852266319531,middle
2025-02,Part_1A,full,C_999,"England, all specialties",revised-or-established,31,32,False,2472,0.00796522624529,middle
2025-02,Part_1A,full,C_999,"England, all specialties",revised-or-established,32,33,False,2524,0.00813277954819,middle
2025-02,Part_1A,full,C_999,"England, all specialties",revised-or-established,33,34,False,2477,0.0079813371398,middle
2025-02,Part_1A,full,C_999,"England, all specialties",revised-or-established,34,35,False,2445,0.00787822741494,middle
2025-02,Part_1A,full,C_999,"England, all specialties",revised-or-established,35,36,False,2388,0.00769456321754,middle
2025-02,Part_1A,full,C_999,"England, all specialties",revised-or-established,36,37,False,2291,0.00738201186406,middle
2025-02,Part_1A,full,C_999,"England, all specialties",revised-or-established,37,38,False,2229,0.00718223677215,middle
2025-02,Part_1A,full,C_999,"England, all specialties",revised-or-established,38,39,False,2205,0.00710490447851,middle
2025-02,Part_1A,full,C_999,"England, all specialties",revised-or-established,39,40,False,2113,0.00680846401954,middle
2025-02,Part_1A,full,C_999,"England, all specialties",revised-or-established,40,41,False,2226,0.00717257023544,middle
2025-02,Part_1A,full,C_999,"England, all specialties",revised-or-established,41,42,False,2254,0.0072627912447,middle
2025-02,Part_1A,full,C_999,"England, all specialties",revised-or-established,42,43,False,2131,0.00686646323977,middle
2025-02,Part_1A,full,C_999,"England, all specialties",revised-or-established,43,44,False,2226,0.00717257023544,middle
2025-02,Part_1A,full,C_999,"England, all specialties",revised-or-established,44,45,False,2002,0.00645080216144,middle
2025-02,Part_1A,full,C_999,"England, all specialties",revised-or-established,45,46,False,1903,0.00613180645016,middle
2025-02,Part_1A,full,C_999,"England, all specialties",revised-or-established,46,47,False,2008,0.00647013523485,middle
2025-02,Part_1A,full,C_999,"England, all specialties",revised-or-established,47,48,False,2086,0.00672146518919,middle
2025-02,Part_1A,full,C_999,"England, all specialties",revised-or-established,48,49,False,2223,0.00716290369874,middle
2025-02,Part_1A,full,C_999,"England, all specialties",revised-or-established,49,50,False,2303,0.00742067801088,middle
2025-02,Part_1A,full,C_999,"England, all specialties",revised-or-established,50,51,False,2199,0.0070855714051,middle
2025-02,Part_1A,full,C_999,"England, all specialties",revised-or-established,51,52,False,2274,0.00732723482273,middle
2025-02,Part_1A,full,C_999,"England, all specialties",revised-or-established,52,53,False,2110,0.00679879748283,over52
2025-02,Part_1A,full,C_999,"England, all specialties",revised-or-established,53,54,False,2138,0.00688901849208,over52
2025-02,Part_1A,full,C_999,"England, all specialties",revised-or-established,54,55,False,2121,0.00683424145075,over52
2025-02,Part_1A,full,C_999,"England, all specialties",revised-or-established,55,56,False,2082,0.00670857647358,over52
2025-02,Part_1A,full,C_999,"England, all specialties",revised-or-established,56,57,False,2085,0.00671824301029,over52
2025-02,Part_1A,full,C_999,"England, all specialties",revised-or-established,57,58,False,1781,0.00573870062414,over52
2025-02,Part_1A,full,C_999,"England, all specialties",revised-or-established,58,59,False,1505,0.00484937924723,over52
2025-02,Part_1A,full,C_999,"England, all specialties",revised-or-established,59,60,False,1552,0.00500082165562,over52
2025-02,Part_1A,full,C_999,"England, all specialties",revised-or-established,60,61,False,1572,0.00506526523366,over52
2025-02,Part_1A,full,C_999,"England, all specialties",revised-or-established,61,62,False,1752,0.00564525743598,over52
2025-02,Part_1A,full,C_999,"England, all specialties",revised-or-established,62,63,False,2016,0.00649591266606,over52
2025-02,Part_1A,full,C_999,"England, all specialties",revised-or-established,63,64,False,2008,0.00647013523485,over52
2025-02,Part_1A,full,C_999,"England, all specialties",revised-or-established,64,65,False,2057,0.00662802200104,over52
2025-02,Part_1A,full,C_999,"England, all specialties",revised-or-established,65,66,False,1668,0.00537459440823,over52
2025-02,Part_1A,full,C_999,"England, all specialties",revised-or-established,66,67,False,1268,0.0040857228475,over52
2025-02,Part_1A,full,C_999,"England, all specialties",revised-or-established,67,68,False,882,0.0028419617914,over52
2025-02,Part_1A,full,C_999,"England, all specialties",revised-or-established,68,69,False,683,0.00220074818994,over52
2025-02,Part_1A,full,C_999,"England, all specialties",revised-or-established,69,70,False,527,0.00169808828126,over52
2025-02,Part_1A,full,C_999,"England, all specialties",revised-or-established,70,71,False,416,0.00134042642316,over52
2025-02,Part_1A,full,C_999,"England, all specialties",revised-or-established,71,72,False,349,0.00112454043673,over52
2025-02,Part_1A,full,C_999,"England, all specialties",revised-or-established,72,73,False,308,0.00099243110176,over52
2025-02,Part_1A,full,C_999,"England, all specialties",revised-or-established,73,74,False,220,0.0007088793584,over52
2025-02,Part_1A,full,C_999,"England, all specialties",revised-or-established,74,75,False,206,0.000663768853774,over52
2025-02,Part_1A,full,C_999,"England, all specialties",revised-or-established,75,76,False,143,0.00046077158296,over52
2025-02,Part_1A,full,C_999,"England, all specialties",revised-or-established,76,77,False,155,0.000499437729782,over52
2025-02,Part_1A,full,C_999,"England, all specialties",revised-or-established,77,78,False,135,0.000434994151745,over52
2025-02,Part_1A,full,C_999,"England, all specialties",revised-or-established,78,79,False,120,0.000386661468218,over52
2025-02,Part_1A,full,C_999,"England, all specialties",revised-or-established,79,80,False,93,0.000299662637869,over52
2025-02,Part_1A,full,C_999,"England, all specialties",revised-or-established,80,81,False,82,0.000264218669949,over52
2025-02,Part_1A,full,C_999,"England, all specialties",revised-or-established,81,82,False,73,0.000235219059833,over52
2025-02,Part_1A,full,C_999,"England, all specialties",revised-or-established,82,83,False,66,0.00021266380752,over52
2025-02,Part_1A,full,C_999,"England, all specialties",revised-or-established,83,84,False,46,0.000148220229484,over52
2025-02,Part_1A,full,C_999,"England, all specialties",revised-or-established,84,85,False,77,0.00024810777544,over52
2025-02,Part_1A,full,C_999,"England, all specialties",revised-or-established,85,86,False,56,0.000180442018502,over52
2025-02,Part_1A,full,C_999,"England, all specialties",revised-or-established,86,87,False,31,9.98875459563e-05,over52
2025-02,Part_1A,full,C_999,"England, all specialties",revised-or-established,87,88,False,38,0.000122442798269,over52
2025-02,Part_1A,full,C_999,"England, all specialties",revised-or-established,88,89,False,35,0.000112776261564,over52
2025-02,Part_1A,full,C_999,"England, all specialties",revised-or-established,89,90,False,27,8.69988303491e-05,over52
2025-02,Part_1A,full,C_999,"England, all specialties",revised-or-established,90,91,False,31,9.98875459563e-05,over52
2025-02,Part_1A,full,C_999,"England, all specialties",revised-or-established,91,92,False,30,9.66653670545e-05,over52
2025-02,Part_1A,full,C_999,"England, all specialties",revised-or-established,92,93,False,21,6.76657569382e-05,over52
2025-02,Part_1A,full,C_999,"England, all specialties",revised-or-established,93,94,False,18,5.79992202327e-05,over52
2025-02,Part_1A,full,C_999,"England, all specialties",revised-or-established,94,95,False,17,5.47770413309e-05,over52
2025-02,Part_1A,full,C_999,"England, all specialties",revised-or-established,95,96,False,17,5.47770413309e-05,over52
2025-02,Part_1A,full,C_999,"England, all specialties",revised-or-established,96,97,False,17,5.47770413309e-05,over52
2025-02,Part_1A,full,C_999,"England, all specialties",revised-or-established,97,98,False,10,3.22217890182e-05,over52
2025-02,Part_1A,full,C_999,"England, all specialties",revised-or-established,98,99,False,10,3.22217890182e-05,over52
2025-02,Part_1A,full,C_999,"England, all specialties",revised-or-established,99,100,False,15,4.83326835273e-05,over52
2025-02,Part_1A,full,C_999,"England, all specialties",revised-or-established,100,101,False,9,2.89996101164e-05,over52
2025-02,Part_1A,full,C_999,"England, all specialties",revised-or-established,101,102,False,9,2.89996101164e-05,over52
2025-02,Part_1A,full,C_999,"England, all specialties",revised-or-established,102,103,False,8,2.57774312145e-05,over52
2025-02,Part_1A,full,C_999,"England, all specialties",revised-or-established,103,104,False,9,2.89996101164e-05,over52
2025-02,Part_1A,full,C_999,"England, all specialties",revised-or-established,104,,True,304,0.000979542386152,over52
2025-02,Part_1B,full,C_999,"England, all specialties",revised-or-established,0,1,False,139818,0.121867523174,within18
2025-02,Part_1B,full,C_999,"England, all specialties",revised-or-established,1,2,False,109094,0.0950880113659,within18
2025-02,Part_1B,full,C_999,"England, all specialties",revised-or-established,2,3,False,74647,0.0650634753921,within18
2025-02,Part_1B,full,C_999,"England, all specialties",revised-or-established,3,4,False,59633,0.0519770416501,within18
2025-02,Part_1B,full,C_999,"England, all specialties",revised-or-established,4,5,False,47476,0.04138081313,within18
2025-02,Part_1B,full,C_999,"England, all specialties",revised-or-established,5,6,False,36783,0.0320606295678,within18
2025-02,Part_1B,full,C_999,"England, all specialties",revised-or-established,6,7,False,30706,0.0267638227309,within18
2025-02,Part_1B,full,C_999,"England, all specialties",revised-or-established,7,8,False,27919,0.0243346305876,within18
2025-02,Part_1B,full,C_999,"England, all specialties",revised-or-established,8,9,False,26427,0.0230341803982,within18
2025-02,Part_1B,full,C_999,"England, all specialties",revised-or-established,9,10,False,27391,0.023874417652,within18
2025-02,Part_1B,full,C_999,"England, all specialties",revised-or-established,10,11,False,26351,0.0229679376272,within18
2025-02,Part_1B,full,C_999,"England, all specialties",revised-or-established,11,12,False,25380,0.0221215990656,within18
2025-02,Part_1B,full,C_999,"England, all specialties",revised-or-established,12,13,False,24212,0.0211035522686,within18
2025-02,Part_1B,full,C_999,"England, all specialties",revised-or-established,13,14,False,22015,0.0191886132163,within18
2025-02,Part_1B,full,C_999,"England, all specialties",revised-or-established,14,15,False,19657,0.0171333440833,within18
2025-02,Part_1B,full,C_999,"England, all specialties",revised-or-established,15,16,False,18638,0.0162451679821,within18
2025-02,Part_1B,full,C_999,"England, all specialties",revised-or-established,16,17,False,18557,0.016174567134,within18
2025-02,Part_1B,full,C_999,"England, all specialties",revised-or-established,17,18,False,18244,0.0159017515112,within18
2025-02,Part_1B,full,C_999,"England, all specialties",revised-or-established,18,19,False,16251,0.0141646220022,middle
2025-02,Part_1B,full,C_999,"England, all specialties",revised-or-established,19,20,False,14991,0.0130663865876,middle
2025-02,Part_1B,full,C_999,"England, all specialties",revised-or-established,20,21,False,14038,0.0122357371034,middle
2025-02,Part_1B,full,C_999,"England, all specialties",revised-or-established,21,22,False,13784,0.0120143467896,middle
2025-02,Part_1B,full,C_999,"England, all specialties",revised-or-established,22,23,False,13111,0.0114277496198,middle
2025-02,Part_1B,full,C_999,"England, all specialties",revised-or-established,23,24,False,12031,0.0104864049787,middle
2025-02,Part_1B,full,C_999,"England, all specialties",revised-or-established,24,25,False,11399,0.00993554404055,middle
2025-02,Part_1B,full,C_999,"England, all specialties",revised-or-established,25,26,False,11004,0.00959125595422,middle
2025-02,Part_1B,full,C_999,"England, all specialties",revised-or-established,26,27,False,10236,0.00892185532056,middle
2025-02,Part_1B,full,C_999,"England, all specialties",revised-or-established,27,28,False,10565,0.00920861678993,middle
2025-02,Part_1B,full,C_999,"England, all specialties",revised-or-established,28,29,False,9889,0.00861940477384,middle
2025-02,Part_1B,full,C_999,"England, all specialties",revised-or-established,29,30,False,10103,0.00880593047124,middle
2025-02,Part_1B,full,C_999,"England, all specialties",revised-or-established,30,31,False,10173,0.00886694354983,middle
2025-02,Part_1B,full,C_999,"England, all specialties",revised-or-established,31,32,False,9774,0.00851916900187,middle
2025-02,Part_1B,full,C_999,"England, all specialties",revised-or-established,32,33,False,9753,0.00850086507829,middle
2025-02,Part_1B,full,C_999,"England, all specialties",revised-or-established,33,34,False,9234,0.00804849668132,middle
2025-02,Part_1B,full,C_999,"England, all specialties",revised-or-established,34,35,False,9042,0.00788114652291,middle
2025-02,Part_1B,full,C_999,"England, all specialties",revised-or-established,35,36,False,8690,0.00757433789915,middle
2025-02,Part_1B,full,C_999,"England, all specialties",revised-or-established,36,37,False,8462,0.00737560958603,middle
2025-02,Part_1B,full,C_999,"England, all specialties",revised-or-established,37,38,False,7981,0.00695636257458,middle
2025-02,Part_1B,full,C_999,"England, all specialties",revised-or-established,38,39,False,7900,0.0068857617265,middle
2025-02,Part_1B,full,C_999,"England, all specialties",revised-or-established,39,40,False,7746,0.0067515329536,middle
2025-02,Part_1B,full,C_999,"England, all specialties",revised-or-established,40,41,False,8181,0.00713068565626,middle
2025-02,Part_1B,full,C_999,"England, all specialties",revised-or-established,41,42,False,7910,0.00689447788058,middle
2025-02,Part_1B,full,C_999,"England, all specialties",revised-or-established,42,43,False,7692,0.00670446572155,middle
2025-02,Part_1B,full,C_999,"England, all specialties",revised-or-established,43,44,False,7652,0.00666960110521,middle
2025-02,Part_1B,full,C_999,"England, all specialties",revised-or-established,44,45,False,7125,0.00621025978497,middle
2025-02,Part_1B,full,C_999,"England, all specialties",revised-or-established,45,46,False,6834,0.00595661970112,middle
2025-02,Part_1B,full,C_999,"England, all specialties",revised-or-established,46,47,False,6923,0.00603419347247,middle
2025-02,Part_1B,full,C_999,"England, all specialties",revised-or-established,47,48,False,7268,0.00633490078838,middle
2025-02,Part_1B,full,C_999,"England, all specialties",revised-or-established,48,49,False,7719,0.00672799933757,middle
2025-02,Part_1B,full,C_999,"England, all specialties",revised-or-established,49,50,False,7208,0.00628260386387,middle
2025-02,Part_1B,full,C_999,"England, all specialties",revised-or-established,50,51,False,6781,0.00591042408448,middle
2025-02,Part_1B,full,C_999,"England, all specialties",revised-or-established,51,52,False,6736,0.0058712013911,middle
2025-02,Part_1B,full,C_999,"England, all specialties",revised-or-established,52,53,False,6388,0.00556787922897,over52
2025-02,Part_1B,full,C_999,"England, all specialties",revised-or-established,53,54,False,5795,0.00505101129178,over52
2025-02,Part_1B,full,C_999,"England, all specialties",revised-or-established,54,55,False,5891,0.00513468637099,over52
2025-02,Part_1B,full,C_999,"England, all specialties",revised-or-established,55,56,False,5650,0.00492462705756,over52
2025-02,Part_1B,full,C_999,"England, all specialties",revised-or-established,56,57,False,5140,0.00448010319926,over52
2025-02,Part_1B,full,C_999,"England, all specialties",revised-or-established,57,58,False,4155,0.00362156202197,over52
2025-02,Part_1B,full,C_999,"England, all specialties",revised-or-established,58,59,False,3677,0.00320492985675,over52
2025-02,Part_1B,full,C_999,"England, all specialties",revised-or-established,59,60,False,3506,0.00305588362191,over52
2025-02,Part_1B,full,C_999,"England, all specialties",revised-or-established,60,61,False,3558,0.00310120762315,over52
2025-02,Part_1B,full,C_999,"England, all specialties",revised-or-established,61,62,False,3803,0.00331475339821,over52
2025-02,Part_1B,full,C_999,"England, all specialties",revised-or-established,62,63,False,3987,0.00347513063336,over52
2025-02,Part_1B,full,C_999,"England, all specialties",revised-or-established,63,64,False,3636,0.003169193625,over52
2025-02,Part_1B,full,C_999,"England, all specialties",revised-or-established,64,65,False,3345,0.00291555354116,over52
2025-02,Part_1B,full,C_999,"England, all specialties",revised-or-established,65,66,False,2535,0.00220954506034,over52
2025-02,Part_1B,full,C_999,"England, all specialties",revised-or-established,66,67,False,1940,0.00169093389233,over52
2025-02,Part_1B,full,C_999,"England, all specialties",revised-or-established,67,68,False,1340,0.00116796464728,over52
2025-02,Part_1B,full,C_999,"England, all specialties",revised-or-established,68,69,False,1019,0.000888176101177,over52
2025-02,Part_1B,full,C_999,"England, all specialties",revised-or-established,69,70,False,651,0.00056742163088,over52
2025-02,Part_1B,full,C_999,"England, all specialties",revised-or-established,70,71,False,509,0.000443652242884,over52
2025-02,Part_1B,full,C_999,"England, all specialties",revised-or-established,71,72,False,398,0.00034690293255,over52
2025-02,Part_1B,full,C_999,"England, all specialties",revised-or-established,72,73,False,344,0.000299835700496,over52
2025-02,Part_1B,full,C_999,"England, all specialties",revised-or-established,73,74,False,272,0.000237079391089,over52
2025-02,Part_1B,full,C_999,"England, all specialties",revised-or-established,74,75,False,214,0.000186525697401,over52
2025-02,Part_1B,full,C_999,"England, all specialties",revised-or-established,75,76,False,180,0.000156890773515,over52
2025-02,Part_1B,full,C_999,"England, all specialties",revised-or-established,76,77,False,144,0.000125512618812,over52
2025-02,Part_1B,full,C_999,"England, all specialties",revised-or-established,77,78,False,130,0.000113310003094,over52
2025-02,Part_1B,full,C_999,"England, all specialties",revised-or-established,78,79,False,148,0.000128999080446,over52
2025-02,Part_1B,full,C_999,"England, all specialties",revised-or-established,79,80,False,110,9.58776949259e-05,over52
2025-02,Part_1B,full,C_999,"England, all specialties",revised-or-established,80,81,False,94,8.19318483912e-05,over52
2025-02,Part_1B,full,C_999,"England, all specialties",revised-or-established,81,82,False,74,6.44995402229e-05,over52
2025-02,Part_1B,full,C_999,"England, all specialties",revised-or-established,82,83,False,76,6.62427710397e-05,over52
2025-02,Part_1B,full,C_999,"England, all specialties",revised-or-established,83,84,False,62,5.40401553219e-05,over52
2025-02,Part_1B,full,C_999,"England, all specialties",revised-or-established,84,85,False,59,5.14253090966e-05,over52
2025-02,Part_1B,full,C_999,"England, all specialties",revised-or-established,85,86,False,62,5.40401553219e-05,over52
2025-02,Part_1B,full,C_999,"England, all specialties",revised-or-established,86,87,False,68,5.92698477724e-05,over52
2025-02,Part_1B,full,C_999,"England, all specialties",revised-or-established,87,88,False,38,3.31213855199e-05,over52
2025-02,Part_1B,full,C_999,"England, all specialties",revised-or-established,88,89,False,42,3.66078471535e-05,over52
2025-02,Part_1B,full,C_999,"England, all specialties",revised-or-established,89,90,False,32,2.78916930694e-05,over52
2025-02,Part_1B,full,C_999,"England, all specialties",revised-or-established,90,91,False,25,2.17903852104e-05,over52
2025-02,Part_1B,full,C_999,"England, all specialties",revised-or-established,91,92,False,40,3.48646163367e-05,over52
2025-02,Part_1B,full,C_999,"England, all specialties",revised-or-established,92,93,False,35,3.05065392946e-05,over52
2025-02,Part_1B,full,C_999,"England, all specialties",revised-or-established,93,94,False,30,2.61484622525e-05,over52
2025-02,Part_1B,full,C_999,"England, all specialties",revised-or-established,94,95,False,24,2.0918769802e-05,over52
2025-02,Part_1B,full,C_999,"England, all specialties",revised-or-established,95,96,False,26,2.26620006188e-05,over52
2025-02,Part_1B,full,C_999,"England, all specialties",revised-or-established,96,97,False,21,1.83039235768e-05,over52
2025-02,Part_1B,full,C_999,"England, all specialties",revised-or-established,97,98,False,21,1.83039235768e-05,over52
2025-02,Part_1B,full,C_999,"England, all specialties",revised-or-established,98,99,False,13,1.13310003094e-05,over52
2025-02,Part_1B,full,C_999,"England, all specialties",revised-or-established,99,100,False,25,2.17903852104e-05,over52
2025-02,Part_1B,full,C_999,"England, all specialties",revised-or-established,100,101,False,12,1.0459384901e-05,over52
2025-02,Part_1B,full,C_999,"England, all specialties",revised-or-established,101,102,False,17,1.48174619431e-05,over52
2025-02,Part_1B,full,C_999,"England, all specialties",revised-or-established,102,103,False,17,1.48174619431e-05,over52
2025-02,Part_1B,full,C_999,"England, all specialties",revised-or-established,103,104,False,19,1.65606927599e-05,over52
2025-02,Part_1B,full,C_999,"England, all specialties",revised-or-established,104,,True,764,0.000665914172031,over52
2025-03,Part_2,monthly,C_999,"England, all specialties",revised-or-established,0,1,False,400803,0.0540267851149,within18
2025-03,Part_2,monthly,C_999,"England, all specialties",revised-or-established,1,2,False,367247,0.0495035584891,within18
2025-03,Part_2,monthly,C_999,"England, all specialties",revised-or-established,2,3,False,347850,0.0468889135117,within18
2025-03,Part_2,monthly,C_999,"England, all specialties",revised-or-established,3,4,False,330874,0.0446006105197,within18
2025-03,Part_2,monthly,C_999,"England, all specialties",revised-or-established,4,5,False,308075,0.0415273883286,within18
2025-03,Part_2,monthly,C_999,"England, all specialties",revised-or-established,5,6,False,275065,0.0370777605149,within18
2025-03,Part_2,monthly,C_999,"England, all specialties",revised-or-established,6,7,False,280664,0.0378324853294,within18
2025-03,Part_2,monthly,C_999,"England, all specialties",revised-or-established,7,8,False,267267,0.0360266185066,within18
2025-03,Part_2,monthly,C_999,"England, all specialties",revised-or-established,8,9,False,252544,0.0340420117116,within18
2025-03,Part_2,monthly,C_999,"England, all specialties",revised-or-established,9,10,False,241090,0.0324980542146,within18
2025-03,Part_2,monthly,C_999,"England, all specialties",revised-or-established,10,11,False,227625,0.0306830212393,within18
2025-03,Part_2,monthly,C_999,"England, all specialties",revised-or-established,11,12,False,205454,0.0276944511618,within18
2025-03,Part_2,monthly,C_999,"England, all specialties",revised-or-established,12,13,False,130044,0.0175294577223,within18
2025-03,Part_2,monthly,C_999,"England, all specialties",revised-or-established,13,14,False,91045,0.0122725345139,within18
2025-03,Part_2,monthly,C_999,"England, all specialties",revised-or-established,14,15,False,186519,0.0251420821023,within18
2025-03,Part_2,monthly,C_999,"England, all specialties",revised-or-established,15,16,False,179653,0.0242165703007,within18
2025-03,Part_2,monthly,C_999,"England, all specialties",revised-or-established,16,17,False,173097,0.0233328453705,within18
2025-03,Part_2,monthly,C_999,"England, all specialties",revised-or-established,17,18,False,169806,0.0228892305527,within18
2025-03,Part_2,monthly,C_999,"England, all specialties",revised-or-established,18,19,False,156322,0.0210716364467,middle
2025-03,Part_2,monthly,C_999,"England, all specialties",revised-or-established,19,20,False,152826,0.0206003883753,middle
2025-03,Part_2,monthly,C_999,"England, all specialties",revised-or-established,20,21,False,146031,0.0196844471152,middle
2025-03,Part_2,monthly,C_999,"England, all specialties",revised-or-established,21,22,False,131454,0.0177195205887,middle
2025-03,Part_2,monthly,C_999,"England, all specialties",revised-or-established,22,23,False,133317,0.0179706462057,middle
2025-03,Part_2,monthly,C_999,"England, all specialties",revised-or-established,23,24,False,130116,0.0175391630602,middle
2025-03,Part_2,monthly,C_999,"England, all specialties",revised-or-established,24,25,False,126640,0.017070610916,middle
2025-03,Part_2,monthly,C_999,"England, all specialties",revised-or-established,25,26,False,120816,0.0162855569206,middle
2025-03,Part_2,monthly,C_999,"England, all specialties",revised-or-established,26,27,False,112015,0.0150992141642,middle
2025-03,Part_2,monthly,C_999,"England, all specialties",revised-or-established,27,28,False,105840,0.0142668466468,middle
2025-03,Part_2,monthly,C_999,"England, all specialties",revised-or-established,28,29,False,101928,0.01373952329,middle
2025-03,Part_2,monthly,C_999,"England, all specialties",revised-or-established,29,30,False,97932,0.013200877039,middle
2025-03,Part_2,monthly,C_999,"England, all specialties",revised-or-established,30,31,False,77389,0.0104317554341,middle
2025-03,Part_2,monthly,C_999,"England, all specialties",revised-or-established,31,32,False,83719,0.0112850163872,middle
2025-03,Part_2,monthly,C_999,"England, all specialties",revised-or-established,32,33,False,83804,0.0112964740777,middle
2025-03,Part_2,monthly,C_999,"England, all specialties",revised-or-established,33,34,False,81484,0.0109837465246,middle
2025-03,Part_2,monthly,C_999,"England, all specialties",revised-or-established,34,35,False,80143,0.0108029846071,middle
2025-03,Part_2,monthly,C_999,"England, all specialties",revised-or-established,35,36,False,77653,0.0104673416729,middle
2025-03,Part_2,monthly,C_999,"England, all specialties",revised-or-established,36,37,False,70831,0.00954776091116,middle
2025-03,Part_2,monthly,C_999,"England, all specialties",revised-or-established,37,38,False,72674,0.00979619060097,middle
2025-03,Part_2,monthly,C_999,"England, all specialties",revised-or-established,38,39,False,68707,0.00926145344444,middle
2025-03,Part_2,monthly,C_999,"England, all specialties",revised-or-established,39,40,False,63496,0.00855902961719,middle
2025-03,Part_2,monthly,C_999,"England, all specialties",revised-or-established,40,41,False,61176,0.00824630206408,middle
2025-03,Part_2,monthly,C_999,"England, all specialties",revised-or-established,41,42,False,60726,0.00818564370249,middle
2025-03,Part_2,monthly,C_999,"England, all specialties",revised-or-established,42,43,False,57269,0.00771965268909,middle
2025-03,Part_2,monthly,C_999,"England, all specialties",revised-or-established,43,44,False,43999,0.00593090500388,middle
2025-03,Part_2,monthly,C_999,"England, all specialties",revised-or-established,44,45,False,49261,0.00664020344545,middle
2025-03,Part_2,monthly,C_999,"England, all specialties",revised-or-established,45,46,False,49256,0.00663952946365,middle
2025-03,Part_2,monthly,C_999,"England, all specialties",revised-or-established,46,47,False,38494,0.00518885104706,middle
2025-03,Part_2,monthly,C_999,"England, all specialties",revised-or-established,47,48,False,41331,0.00557126831781,middle
2025-03,Part_2,monthly,C_999,"England, all specialties",revised-or-established,48,49,False,39108,0.00527161601154,middle
2025-03,Part_2,monthly,C_999,"England, all specialties",revised-or-established,49,50,False,35163,0.00473984437491,middle
2025-03,Part_2,monthly,C_999,"England, all specialties",revised-or-established,50,51,False,29339,0.00395479037953,middle
2025-03,Part_2,monthly,C_999,"England, all specialties",revised-or-established,51,52,False,23374,0.00315073009752,middle
2025-03,Part_2,monthly,C_999,"England, all specialties",revised-or-established,52,53,False,19367,0.00261060108662,over52
2025-03,Part_2,monthly,C_999,"England, all specialties",revised-or-established,53,54,False,22806,0.00307416576555,over52
2025-03,Part_2,monthly,C_999,"England, all specialties",revised-or-established,54,55,False,21811,0.00294004338825,over52
2025-03,Part_2,monthly,C_999,"England, all specialties",revised-or-established,55,56,False,19514,0.00263041615141,over52
2025-03,Part_2,monthly,C_999,"England, all specialties",revised-or-established,56,57,False,16859,0.00227253181801,over52
2025-03,Part_2,monthly,C_999,"England, all specialties",revised-or-established,57,58,False,15131,0.00203960370949,over52
2025-03,Part_2,monthly,C_999,"England, all specialties",revised-or-established,58,59,False,13049,0.00175895768985,over52
2025-03,Part_2,monthly,C_999,"England, all specialties",revised-or-established,59,60,False,12192,0.0016434372101,over52
2025-03,Part_2,monthly,C_999,"England, all specialties",revised-or-established,60,61,False,9976,0.00134472847835,over52
2025-03,Part_2,monthly,C_999,"England, all specialties",revised-or-established,61,62,False,7769,0.00104723291382,over52
2025-03,Part_2,monthly,C_999,"England, all specialties",revised-or-established,62,63,False,6293,0.000848273487794,over52
2025-03,Part_2,monthly,C_999,"England, all specialties",revised-or-established,63,64,False,5054,0.000681260798873,over52
2025-03,Part_2,monthly,C_999,"England, all specialties",revised-or-established,64,65,False,3042,0.000410050524371,over52
2025-03,Part_2,monthly,C_999,"England, all specialties",revised-or-established,65,66,False,471,6.34890851344e-05,over52
2025-03,Part_2,monthly,C_999,"England, all specialties",revised-or-established,66,67,False,948,0.000127786948423,over52
2025-03,Part_2,monthly,C_999,"England, all specialties",revised-or-established,67,68,False,927,0.000124956224882,over52
2025-03,Part_2,monthly,C_999,"England, all specialties",revised-or-established,68,69,False,810,0.000109185050868,over52
2025-03,Part_2,monthly,C_999,"England, all specialties",revised-or-established,69,70,False,597,8.04734263806e-05,over52
2025-03,Part_2,monthly,C_999,"England, all specialties",revised-or-established,70,71,False,519,6.9959310371e-05,over52
2025-03,Part_2,monthly,C_999,"England, all specialties",revised-or-established,71,72,False,494,6.65894013936e-05,over52
2025-03,Part_2,monthly,C_999,"England, all specialties",revised-or-established,72,73,False,390,5.25705800476e-05,over52
2025-03,Part_2,monthly,C_999,"England, all specialties",revised-or-established,73,74,False,294,3.96301295743e-05,over52
2025-03,Part_2,monthly,C_999,"England, all specialties",revised-or-established,74,75,False,248,3.34294970559e-05,over52
2025-03,Part_2,monthly,C_999,"England, all specialties",revised-or-established,75,76,False,204,2.74984572557e-05,over52
2025-03,Part_2,monthly,C_999,"England, all specialties",revised-or-established,76,77,False,180,2.42633446374e-05,over52
2025-03,Part_2,monthly,C_999,"England, all specialties",revised-or-established,77,78,False,137,1.84671011962e-05,over52
2025-03,Part_2,monthly,C_999,"England, all specialties",revised-or-established,78,79,False,108,1.45580067824e-05,over52
2025-03,Part_2,monthly,C_999,"England, all specialties",revised-or-established,79,80,False,83,1.1188097805e-05,over52
2025-03,Part_2,monthly,C_999,"England, all specialties",revised-or-established,80,81,False,91,1.22664686778e-05,over52
2025-03,Part_2,monthly,C_999,"England, all specialties",revised-or-established,81,82,False,70,9.43574513675e-06,over52
2025-03,Part_2,monthly,C_999,"England, all specialties",revised-or-established,82,83,False,60,8.08778154579e-06,over52
2025-03,Part_2,monthly,C_999,"England, all specialties",revised-or-established,83,84,False,52,7.00941067301e-06,over52
2025-03,Part_2,monthly,C_999,"England, all specialties",revised-or-established,84,85,False,46,6.20063251844e-06,over52
2025-03,Part_2,monthly,C_999,"England, all specialties",revised-or-established,85,86,False,58,7.81818882759e-06,over52
2025-03,Part_2,monthly,C_999,"England, all specialties",revised-or-established,86,87,False,60,8.08778154579e-06,over52
2025-03,Part_2,monthly,C_999,"England, all specialties",revised-or-established,87,88,False,49,6.60502159572e-06,over52
2025-03,Part_2,monthly,C_999,"England, all specialties",revised-or-established,88,89,False,55,7.4137997503e-06,over52
2025-03,Part_2,monthly,C_999,"England, all specialties",revised-or-established,89,90,False,41,5.52665072295e-06,over52
2025-03,Part_2,monthly,C_999,"England, all specialties",revised-or-established,90,91,False,39,5.25705800476e-06,over52
2025-03,Part_2,monthly,C_999,"England, all specialties",revised-or-established,91,92,False,26,3.50470533651e-06,over52
2025-03,Part_2,monthly,C_999,"England, all specialties",revised-or-established,92,93,False,27,3.6395016956e-06,over52
2025-03,Part_2,monthly,C_999,"England, all specialties",revised-or-established,93,94,False,18,2.42633446374e-06,over52
2025-03,Part_2,monthly,C_999,"England, all specialties",revised-or-established,94,95,False,22,2.96551990012e-06,over52
2025-03,Part_2,monthly,C_999,"England, all specialties",revised-or-established,95,96,False,15,2.02194538645e-06,over52
2025-03,Part_2,monthly,C_999,"England, all specialties",revised-or-established,96,97,False,20,2.69592718193e-06,over52
2025-03,Part_2,monthly,C_999,"England, all specialties",revised-or-established,97,98,False,10,1.34796359096e-06,over52
2025-03,Part_2,monthly,C_999,"England, all specialties",revised-or-established,98,99,False,17,2.29153810464e-06,over52
2025-03,Part_2,monthly,C_999,"England, all specialties",revised-or-established,99,100,False,12,1.61755630916e-06,over52
2025-03,Part_2,monthly,C_999,"England, all specialties",revised-or-established,100,101,False,5,6.73981795482e-07,over52
2025-03,Part_2,monthly,C_999,"England, all specialties",revised-or-established,101,102,False,8,1.07837087277e-06,over52
2025-03,Part_2,monthly,C_999,"England, all specialties",revised-or-established,102,103,False,9,1.21316723187e-06,over52
2025-03,Part_2,monthly,C_999,"England, all specialties",revised-or-established,103,104,False,13,1.75235266825e-06,over52
2025-03,Part_2,monthly,C_999,"England, all specialties",revised-or-established,104,,True,147,1.98150647872e-05,over52
2025-04,Part_2,monthly,C_999,"England, all specialties",revised-or-established,0,1,False,419075,0.0567155655012,within18
2025-04,Part_2,monthly,C_999,"England, all specialties",revised-or-established,1,2,False,228259,0.0308914592036,within18
2025-04,Part_2,monthly,C_999,"England, all specialties",revised-or-established,2,3,False,343552,0.0464946512177,within18
2025-04,Part_2,monthly,C_999,"England, all specialties",revised-or-established,3,4,False,332388,0.0449837699357,within18
2025-04,Part_2,monthly,C_999,"England, all specialties",revised-or-established,4,5,False,307147,0.0415677761665,within18
2025-04,Part_2,monthly,C_999,"England, all specialties",revised-or-established,5,6,False,297246,0.0402278231414,within18
2025-04,Part_2,monthly,C_999,"England, all specialties",revised-or-established,6,7,False,285506,0.0386389888301,within18
2025-04,Part_2,monthly,C_999,"England, all specialties",revised-or-established,7,8,False,274220,0.0371115966634,within18
2025-04,Part_2,monthly,C_999,"England, all specialties",revised-or-established,8,9,False,256699,0.0347403900223,within18
2025-04,Part_2,monthly,C_999,"England, all specialties",revised-or-established,9,10,False,233425,0.0315906004346,within18
2025-04,Part_2,monthly,C_999,"England, all specialties",revised-or-established,10,11,False,227895,0.0308421972198,within18
2025-04,Part_2,monthly,C_999,"England, all specialties",revised-or-established,11,12,False,224581,0.0303936966314,within18
2025-04,Part_2,monthly,C_999,"England, all specialties",revised-or-established,12,13,False,212422,0.0287481569048,within18
2025-04,Part_2,monthly,C_999,"England, all specialties",revised-or-established,13,14,False,201877,0.0273210480622,within18
2025-04,Part_2,monthly,C_999,"England, all specialties",revised-or-established,14,15,False,191006,0.0258498199705,within18
2025-04,Part_2,monthly,C_999,"England, all specialties",revised-or-established,15,16,False,177409,0.024009668341,within18
2025-04,Part_2,monthly,C_999,"England, all specialties",revised-or-established,16,17,False,129115,0.0174737940457,within18
2025-04,Part_2,monthly,C_999,"England, all specialties",revised-or-established,17,18,False,71860,0.00972518173815,within18
2025-04,Part_2,monthly,C_999,"England, all specialties",revised-or-established,18,19,False,134058,0.0181427555448,middle
2025-04,Part_2,monthly,C_999,"England, all specialties",revised-or-established,19,20,False,147586,0.019973569051,middle
2025-04,Part_2,monthly,C_999,"England, all specialties",revised-or-established,20,21,False,142048,0.0192240831553,middle
2025-04,Part_2,monthly,C_999,"England, all specialties",revised-or-established,21,22,False,137595,0.018621435865,middle
2025-04,Part_2,monthly,C_999,"England, all specialties",revised-or-established,22,23,False,133350,0.0180469382797,middle
2025-04,Part_2,monthly,C_999,"England, all specialties",revised-or-established,23,24,False,130611,0.0176762553855,middle
2025-04,Part_2,monthly,C_999,"England, all specialties",revised-or-established,24,25,False,124287,0.0168203960853,middle
2025-04,Part_2,monthly,C_999,"England, all specialties",revised-or-established,25,26,False,113891,0.0154134521756,middle
2025-04,Part_2,monthly,C_999,"England, all specialties",revised-or-established,26,27,False,109446,0.0148118875663,middle
2025-04,Part_2,monthly,C_999,"England, all specialties",revised-or-established,27,28,False,109030,0.0147555881563,middle
2025-04,Part_2,monthly,C_999,"England, all specialties",revised-or-established,28,29,False,106561,0.0144214457445,middle
2025-04,Part_2,monthly,C_999,"England, all specialties",revised-or-established,29,30,False,102961,0.0139342393117,middle
2025-04,Part_2,monthly,C_999,"England, all specialties",revised-or-established,30,31,False,97919,0.0132518796357,middle
2025-04,Part_2,monthly,C_999,"England, all specialties",revised-or-established,31,32,False,91612,0.0123983210325,middle
2025-04,Part_2,monthly,C_999,"England, all specialties",revised-or-established,32,33,False,86554,0.0117137959945,middle
2025-04,Part_2,monthly,C_999,"England, all specialties",revised-or-established,33,34,False,83916,0.0113567819474,middle
2025-04,Part_2,monthly,C_999,"England, all specialties",revised-or-established,34,35,False,76740,0.0103856171248,middle
2025-04,Part_2,monthly,C_999,"England, all specialties",revised-or-established,35,36,False,59209,0.0080130571324,middle
2025-04,Part_2,monthly,C_999,"England, all specialties",revised-or-established,36,37,False,70433,0.00953205852161,middle
2025-04,Part_2,monthly,C_999,"England, all specialties",revised-or-established,37,38,False,66789,0.00903889734357,middle
2025-04,Part_2,monthly,C_999,"England, all specialties",revised-or-established,38,39,False,66095,0.00894497477015,middle
2025-04,Part_2,monthly,C_999,"England, all specialties",revised-or-established,39,40,False,63152,0.00854668351138,middle
2025-04,Part_2,monthly,C_999,"England, all specialties",revised-or-established,40,41,False,57415,0.00777026592674,middle
2025-04,Part_2,monthly,C_999,"England, all specialties",revised-or-established,41,42,False,58281,0.00788746614084,middle
2025-04,Part_2,monthly,C_999,"England, all specialties",revised-or-established,42,43,False,56220,0.0076085404581,middle
2025-04,Part_2,monthly,C_999,"England, all specialties",revised-or-established,43,44,False,51181,0.00692658678737,middle
2025-04,Part_2,monthly,C_999,"England, all specialties",revised-or-established,44,45,False,49247,0.00666484866489,middle
2025-04,Part_2,monthly,C_999,"England, all specialties",revised-or-established,45,46,False,47257,0.00639553177567,middle
2025-04,Part_2,monthly,C_999,"England, all specialties",revised-or-established,46,47,False,45478,0.00615477059682,middle
2025-04,Part_2,monthly,C_999,"England, all specialties",revised-or-established,47,48,False,40535,0.00548580909763,middle
2025-04,Part_2,monthly,C_999,"England, all specialties",revised-or-established,48,49,False,30661,0.0041495101207,middle
2025-04,Part_2,monthly,C_999,"England, all specialties",revised-or-established,49,50,False,36694,0.00496598690091,middle
2025-04,Part_2,monthly,C_999,"England, all specialties",revised-or-established,50,51,False,33035,0.00447079569607,middle
2025-04,Part_2,monthly,C_999,"England, all specialties",revised-or-established,51,52,False,25513,0.00345280492187,middle
2025-04,Part_2,monthly,C_999,"England, all specialties",revised-or-established,52,53,False,27588,0.0037336252963,over52
2025-04,Part_2,monthly,C_999,"England, all specialties",revised-or-established,53,54,False,24376,0.00329892889019,over52
2025-04,Part_2,monthly,C_999,"England, all specialties",revised-or-established,54,55,False,20996,0.00284149618389,over52
2025-04,Part_2,monthly,C_999,"England, all specialties",revised-or-established,55,56,False,18379,0.0024873241743,over52
2025-04,Part_2,monthly,C_999,"England, all specialties",revised-or-established,56,57,False,10802,0.00146188996849,over52
2025-04,Part_2,monthly,C_999,"England, all specialties",revised-or-established,57,58,False,15476,0.00209444632034,over52
2025-04,Part_2,monthly,C_999,"England, all specialties",revised-or-established,58,59,False,14179,0.00191891666943,over52
2025-04,Part_2,monthly,C_999,"England, all specialties",revised-or-established,59,60,False,12705,0.00171943270224,over52
2025-04,Part_2,monthly,C_999,"England, all specialties",revised-or-established,60,61,False,10088,0.00136526069266,over52
2025-04,Part_2,monthly,C_999,"England, all specialties",revised-or-established,61,62,False,8520,0.00115305522417,over52
2025-04,Part_2,monthly,C_999,"England, all specialties",revised-or-established,62,63,False,6994,0.000946533830735,over52
2025-04,Part_2,monthly,C_999,"England, all specialties",revised-or-established,63,64,False,5973,0.000808356673003,over52
2025-04,Part_2,monthly,C_999,"England, all specialties",revised-or-established,64,65,False,4703,0.000636481070338,over52
2025-04,Part_2,monthly,C_999,"England, all specialties",revised-or-established,65,66,False,1807,0.000244550562216,over52
2025-04,Part_2,monthly,C_999,"England, all specialties",revised-or-established,66,67,False,1511,0.000204491366634,over52
2025-04,Part_2,monthly,C_999,"England, all specialties",revised-or-established,67,68,False,1212,0.000164026165692,over52
2025-04,Part_2,monthly,C_999,"England, all specialties",revised-or-established,68,69,False,830,0.000112328149773,over52
2025-04,Part_2,monthly,C_999,"England, all specialties",revised-or-established,69,70,False,350,4.73672920728e-05,over52
2025-04,Part_2,monthly,C_999,"England, all specialties",revised-or-established,70,71,False,253,3.42397854126e-05,over52
2025-04,Part_2,monthly,C_999,"England, all specialties",revised-or-established,71,72,False,377,5.10213403184e-05,over52
2025-04,Part_2,monthly,C_999,"England, all specialties",revised-or-established,72,73,False,384,5.19686861599e-05,over52
2025-04,Part_2,monthly,C_999,"England, all specialties",revised-or-established,73,74,False,289,3.91118497401e-05,over52
2025-04,Part_2,monthly,C_999,"England, all specialties",revised-or-established,74,75,False,274,3.7081822937e-05,over52
2025-04,Part_2,monthly,C_999,"England, all specialties",revised-or-established,75,76,False,242,3.27510990903e-05,over52
2025-04,Part_2,monthly,C_999,"England, all specialties",revised-or-established,76,77,False,184,2.49016621183e-05,over52
2025-04,Part_2,monthly,C_999,"England, all specialties",revised-or-established,77,78,False,170,2.30069704354e-05,over52
2025-04,Part_2,monthly,C_999,"England, all specialties",revised-or-established,78,79,False,126,1.70522251462e-05,over52
2025-04,Part_2,monthly,C_999,"England, all specialties",revised-or-established,79,80,False,117,1.58342090643e-05,over52
2025-04,Part_2,monthly,C_999,"England, all specialties",revised-or-established,80,81,False,79,1.06914744964e-05,over52
2025-04,Part_2,monthly,C_999,"England, all specialties",revised-or-established,81,82,False,81,1.09621447369e-05,over52
2025-04,Part_2,monthly,C_999,"England, all specialties",revised-or-established,82,83,False,68,9.20278817415e-06,over52
2025-04,Part_2,monthly,C_999,"England, all specialties",revised-or-established,83,84,False,47,6.36075064978e-06,over52
2025-04,Part_2,monthly,C_999,"England, all specialties",revised-or-established,84,85,False,46,6.22541552957e-06,over52
2025-04,Part_2,monthly,C_999,"England, all specialties",revised-or-established,85,86,False,34,4.60139408707e-06,over52
2025-04,Part_2,monthly,C_999,"England, all specialties",revised-or-established,86,87,False,48,6.49608576999e-06,over52
2025-04,Part_2,monthly,C_999,"England, all specialties",revised-or-established,87,88,False,38,5.14273456791e-06,over52
2025-04,Part_2,monthly,C_999,"England, all specialties",revised-or-established,88,89,False,31,4.19538872645e-06,over52
2025-04,Part_2,monthly,C_999,"England, all specialties",revised-or-established,89,90,False,34,4.60139408707e-06,over52
2025-04,Part_2,monthly,C_999,"England, all specialties",revised-or-established,90,91,False,34,4.60139408707e-06,over52
2025-04,Part_2,monthly,C_999,"England, all specialties",revised-or-established,91,92,False,31,4.19538872645e-06,over52
2025-04,Part_2,monthly,C_999,"England, all specialties",revised-or-established,92,93,False,22,2.97737264458e-06,over52
2025-04,Part_2,monthly,C_999,"England, all specialties",revised-or-established,93,94,False,24,3.24804288499e-06,over52
2025-04,Part_2,monthly,C_999,"England, all specialties",revised-or-established,94,95,False,30,4.06005360624e-06,over52
2025-04,Part_2,monthly,C_999,"England, all specialties",revised-or-established,95,96,False,15,2.03002680312e-06,over52
2025-04,Part_2,monthly,C_999,"England, all specialties",revised-or-established,96,97,False,18,2.43603216374e-06,over52
2025-04,Part_2,monthly,C_999,"England, all specialties",revised-or-established,97,98,False,14,1.89469168291e-06,over52
2025-04,Part_2,monthly,C_999,"England, all specialties",revised-or-established,98,99,False,14,1.89469168291e-06,over52
2025-04,Part_2,monthly,C_999,"England, all specialties",revised-or-established,99,100,False,12,1.6240214425e-06,over52
2025-04,Part_2,monthly,C_999,"England, all specialties",revised-or-established,100,101,False,39,5.27806968811e-06,over52
2025-04,Part_2,monthly,C_999,"England, all specialties",revised-or-established,101,102,False,87,1.17741554581e-05,over52
2025-04,Part_2,monthly,C_999,"England, all specialties",revised-or-established,102,103,False,93,1.25861661793e-05,over52
2025-04,Part_2,monthly,C_999,"England, all specialties",revised-or-established,103,104,False,8,1.08268096166e-06,over52
2025-04,Part_2,monthly,C_999,"England, all specialties",revised-or-established,104,,True,171,2.31423055556e-05,over52
2025-05,Part_2,monthly,C_999,"England, all specialties",revised-or-established,0,1,False,299071,0.0406570191478,within18
2025-05,Part_2,monthly,C_999,"England, all specialties",revised-or-established,1,2,False,387135,0.0526288242851,within18
2025-05,Part_2,monthly,C_999,"England, all specialties",revised-or-established,2,3,False,360865,0.0490575656441,within18
2025-05,Part_2,monthly,C_999,"England, all specialties",revised-or-established,3,4,False,277645,0.0377442750427,within18
2025-05,Part_2,monthly,C_999,"England, all specialties",revised-or-established,4,5,False,319969,0.0434979846247,within18
2025-05,Part_2,monthly,C_999,"England, all specialties",revised-or-established,5,6,False,233926,0.0318009230623,within18
2025-05,Part_2,monthly,C_999,"England, all specialties",revised-or-established,6,7,False,230258,0.0313022791074,within18
2025-05,Part_2,monthly,C_999,"England, all specialties",revised-or-established,7,8,False,269584,0.0366484274635,within18
2025-05,Part_2,monthly,C_999,"England, all specialties",revised-or-established,8,9,False,257818,0.0350489059877,within18
2025-05,Part_2,monthly,C_999,"England, all specialties",revised-or-established,9,10,False,241968,0.0328941876984,within18
2025-05,Part_2,monthly,C_999,"England, all specialties",revised-or-established,10,11,False,238258,0.0323898340799,within18
2025-05,Part_2,monthly,C_999,"England, all specialties",revised-or-established,11,12,False,228402,0.0310499663538,within18
2025-05,Part_2,monthly,C_999,"England, all specialties",revised-or-established,12,13,False,218178,0.0296600710989,within18
2025-05,Part_2,monthly,C_999,"England, all specialties",revised-or-established,13,14,False,201648,0.027412910637,within18
2025-05,Part_2,monthly,C_999,"England, all specialties",revised-or-established,14,15,False,181674,0.0246975577594,within18
2025-05,Part_2,monthly,C_999,"England, all specialties",revised-or-established,15,16,False,188004,0.0255580856314,within18
2025-05,Part_2,monthly,C_999,"England, all specialties",revised-or-established,16,17,False,179231,0.0243654456596,within18
2025-05,Part_2,monthly,C_999,"England, all specialties",revised-or-established,17,18,False,168442,0.0228987418348,within18
2025-05,Part_2,monthly,C_999,"England, all specialties",revised-or-established,18,19,False,158382,0.0215311414569,middle
2025-05,Part_2,monthly,C_999,"England, all specialties",revised-or-established,19,20,False,149153,0.0202765108518,middle
2025-05,Part_2,monthly,C_999,"England, all specialties",revised-or-established,20,21,False,132741,0.0180453918257,middle
2025-05,Part_2,monthly,C_999,"England, all specialties",revised-or-established,21,22,False,84030,0.0114234055425,middle
2025-05,Part_2,monthly,C_999,"England, all specialties",revised-or-established,22,23,False,61758,0.008395652499,middle
2025-05,Part_2,monthly,C_999,"England, all specialties",revised-or-established,23,24,False,126108,0.0171436728091,middle
2025-05,Part_2,monthly,C_999,"England, all specialties",revised-or-established,24,25,False,119710,0.0162739007198,middle
2025-05,Part_2,monthly,C_999,"England, all specialties",revised-or-established,25,26,False,116196,0.0157961921982,middle
2025-05,Part_2,monthly,C_999,"England, all specialties",revised-or-established,26,27,False,110515,0.0150238922233,middle
2025-05,Part_2,monthly,C_999,"England, all specialties",revised-or-established,27,28,False,109074,0.0148279963839,middle
2025-05,Part_2,monthly,C_999,"England, all specialties",revised-or-established,28,29,False,104706,0.0142341913689,middle
2025-05,Part_2,monthly,C_999,"England, all specialties",revised-or-established,29,30,False,99951,0.0135877758821,middle
2025-05,Part_2,monthly,C_999,"England, all specialties",revised-or-established,30,31,False,90609,0.012317783563,middle
2025-05,Part_2,monthly,C_999,"England, all specialties",revised-or-established,31,32,False,91864,0.0124883937493,middle
2025-05,Part_2,monthly,C_999,"England, all specialties",revised-or-established,32,33,False,89414,0.0121553300389,middle
2025-05,Part_2,monthly,C_999,"England, all specialties",revised-or-established,33,34,False,87182,0.0118519022016,middle
2025-05,Part_2,monthly,C_999,"England, all specialties",revised-or-established,34,35,False,83420,0.0113404794758,middle
2025-05,Part_2,monthly,C_999,"England, all specialties",revised-or-established,35,36,False,76795,0.0104398480142,middle
2025-05,Part_2,monthly,C_999,"England, all specialties",revised-or-established,36,37,False,71900,0.00977440031539,middle
2025-05,Part_2,monthly,C_999,"England, all specialties",revised-or-established,37,38,False,69052,0.00938723074518,middle
2025-05,Part_2,monthly,C_999,"England, all specialties",revised-or-established,38,39,False,65307,0.00887811907368,middle
2025-05,Part_2,monthly,C_999,"England, all specialties",revised-or-established,39,40,False,48122,0.00654191504836,middle
2025-05,Part_2,monthly,C_999,"England, all specialties",revised-or-established,40,41,False,57778,0.00785459390018,middle
2025-05,Part_2,monthly,C_999,"England, all specialties",revised-or-established,41,42,False,54013,0.00734276334124,middle
2025-05,Part_2,monthly,C_999,"England, all specialties",revised-or-established,42,43,False,52433,0.00712797123417,middle
2025-05,Part_2,monthly,C_999,"England, all specialties",revised-or-established,43,44,False,51047,0.00693955233518,middle
2025-05,Part_2,monthly,C_999,"England, all specialties",revised-or-established,44,45,False,48951,0.00665461293239,middle
2025-05,Part_2,monthly,C_999,"England, all specialties",revised-or-established,45,46,False,44229,0.00601268360987,middle
2025-05,Part_2,monthly,C_999,"England, all specialties",revised-or-established,46,47,False,44235,0.0060134992761,middle
2025-05,Part_2,monthly,C_999,"England, all specialties",revised-or-established,47,48,False,41262,0.00560933665944,middle
2025-05,Part_2,monthly,C_999,"England, all specialties",revised-or-established,48,49,False,36642,0.00498127366282,middle
2025-05,Part_2,monthly,C_999,"England, all specialties",revised-or-established,49,50,False,35464,0.00482113119312,middle
2025-05,Part_2,monthly,C_999,"England, all specialties",revised-or-established,50,51,False,33846,0.00460117319993,middle
2025-05,Part_2,monthly,C_999,"England, all specialties",revised-or-established,51,52,False,31146,0.00423412339671,middle
2025-05,Part_2,monthly,C_999,"England, all specialties",revised-or-established,52,53,False,21058,0.00286271657638,over52
2025-05,Part_2,monthly,C_999,"England, all specialties",revised-or-established,53,54,False,25638,0.00348534179814,over52
2025-05,Part_2,monthly,C_999,"England, all specialties",revised-or-established,54,55,False,23606,0.00320910283512,over52
2025-05,Part_2,monthly,C_999,"England, all specialties",revised-or-established,55,56,False,16891,0.00229623638007,over52
2025-05,Part_2,monthly,C_999,"England, all specialties",revised-or-established,56,57,False,19136,0.00260143149423,over52
2025-05,Part_2,monthly,C_999,"England, all specialties",revised-or-established,57,58,False,16735,0.00227502905811,over52
2025-05,Part_2,monthly,C_999,"England, all specialties",revised-or-established,58,59,False,14697,0.00199797442886,over52
2025-05,Part_2,monthly,C_999,"England, all specialties",revised-or-established,59,60,False,12003,0.00163174029187,over52
2025-05,Part_2,monthly,C_999,"England, all specialties",revised-or-established,60,61,False,8509,0.00115675065763,over52
2025-05,Part_2,monthly,C_999,"England, all specialties",revised-or-established,61,62,False,7428,0.00100979479197,over52
2025-05,Part_2,monthly,C_999,"England, all specialties",revised-or-established,62,63,False,7714,0.00104867488224,over52
2025-05,Part_2,monthly,C_999,"England, all specialties",revised-or-established,63,64,False,6727,0.000914497787505,over52
2025-05,Part_2,monthly,C_999,"England, all specialties",revised-or-established,64,65,False,5224,0.000710173397046,over52
2025-05,Part_2,monthly,C_999,"England, all specialties",revised-or-established,65,66,False,2107,0.000286434790884,over52
2025-05,Part_2,monthly,C_999,"England, all specialties",revised-or-established,66,67,False,1772,0.00024089342641,over52
2025-05,Part_2,monthly,C_999,"England, all specialties",revised-or-established,67,68,False,1408,0.000191409675161,over52
2025-05,Part_2,monthly,C_999,"England, all specialties",revised-or-established,68,69,False,1323,0.000179854403578,over52
2025-05,Part_2,monthly,C_999,"England, all specialties",revised-or-established,69,70,False,949,0.000129011208613,over52
2025-05,Part_2,monthly,C_999,"England, all specialties",revised-or-established,70,71,False,703,9.55688932089e-05,over52
2025-05,Part_2,monthly,C_999,"England, all specialties",revised-or-established,71,72,False,579,7.87117911351e-05,over52
2025-05,Part_2,monthly,C_999,"England, all specialties",revised-or-established,72,73,False,456,6.19906334328e-05,over52
2025-05,Part_2,monthly,C_999,"England, all specialties",revised-or-established,73,74,False,251,3.41220372624e-05,over52
2025-05,Part_2,monthly,C_999,"England, all specialties",revised-or-established,74,75,False,102,1.38663258994e-05,over52
2025-05,Part_2,monthly,C_999,"England, all specialties",revised-or-established,75,76,False,216,2.93639842576e-05,over52
2025-05,Part_2,monthly,C_999,"England, all specialties",revised-or-established,76,77,False,176,2.39262093951e-05,over52
2025-05,Part_2,monthly,C_999,"England, all specialties",revised-or-established,77,78,False,194,2.63732080833e-05,over52
2025-05,Part_2,monthly,C_999,"England, all specialties",revised-or-established,78,79,False,120,1.63133245876e-05,over52
2025-05,Part_2,monthly,C_999,"England, all specialties",revised-or-established,79,80,False,125,1.69930464454e-05,over52
2025-05,Part_2,monthly,C_999,"England, all specialties",revised-or-established,80,81,False,130,1.76727683032e-05,over52
2025-05,Part_2,monthly,C_999,"England, all specialties",revised-or-established,81,82,False,86,1.16912159544e-05,over52
2025-05,Part_2,monthly,C_999,"England, all specialties",revised-or-established,82,83,False,69,9.38016163786e-06,over52
2025-05,Part_2,monthly,C_999,"England, all specialties",revised-or-established,83,84,False,64,8.70043978004e-06,over52
2025-05,Part_2,monthly,C_999,"England, all specialties",revised-or-established,84,85,False,65,8.83638415161e-06,over52
2025-05,Part_2,monthly,C_999,"England, all specialties",revised-or-established,85,86,False,51,6.93316294972e-06,over52
2025-05,Part_2,monthly,C_999,"England, all specialties",revised-or-established,86,87,False,41,5.57371923409e-06,over52
2025-05,Part_2,monthly,C_999,"England, all specialties",revised-or-established,87,88,False,32,4.35021989002e-06,over52
2025-05,Part_2,monthly,C_999,"England, all specialties",revised-or-established,88,89,False,29,3.94238677533e-06,over52
2025-05,Part_2,monthly,C_999,"England, all specialties",revised-or-established,89,90,False,24,3.26266491752e-06,over52
2025-05,Part_2,monthly,C_999,"England, all specialties",revised-or-established,90,91,False,31,4.21427551846e-06,over52
2025-05,Part_2,monthly,C_999,"England, all specialties",revised-or-established,91,92,False,27,3.67049803221e-06,over52
2025-05,Part_2,monthly,C_999,"England, all specialties",revised-or-established,92,93,False,26,3.53455366064e-06,over52
2025-05,Part_2,monthly,C_999,"England, all specialties",revised-or-established,93,94,False,14,1.90322120188e-06,over52
2025-05,Part_2,monthly,C_999,"England, all specialties",revised-or-established,94,95,False,20,2.71888743126e-06,over52
2025-05,Part_2,monthly,C_999,"England, all specialties",revised-or-established,95,96,False,20,2.71888743126e-06,over52
2025-05,Part_2,monthly,C_999,"England, all specialties",revised-or-established,96,97,False,11,1.49538808719e-06,over52
2025-05,Part_2,monthly,C_999,"England, all specialties",revised-or-established,97,98,False,10,1.35944371563e-06,over52
2025-05,Part_2,monthly,C_999,"England, all specialties",revised-or-established,98,99,False,19,2.5829430597e-06,over52
2025-05,Part_2,monthly,C_999,"England, all specialties",revised-or-established,99,100,False,11,1.49538808719e-06,over52
2025-05,Part_2,monthly,C_999,"England, all specialties",revised-or-established,100,101,False,14,1.90322120188e-06,over52
2025-05,Part_2,monthly,C_999,"England, all specialties",revised-or-established,101,102,False,17,2.31105431657e-06,over52
2025-05,Part_2,monthly,C_999,"England, all specialties",revised-or-established,102,103,False,9,1.22349934407e-06,over52
2025-05,Part_2,monthly,C_999,"England, all specialties",revised-or-established,103,104,False,12,1.63133245876e-06,over52
2025-05,Part_2,monthly,C_999,"England, all specialties",revised-or-established,104,,True,160,2.17510994501e-05,over52
2025-06,Part_2,monthly,C_999,"England, all specialties",revised-or-established,0,1,False,420515,0.0570744245665,within18
2025-06,Part_2,monthly,C_999,"England, all specialties",revised-or-established,1,2,False,371443,0.05041412431,within18
2025-06,Part_2,monthly,C_999,"England, all specialties",revised-or-established,2,3,False,354301,0.0480875252924,within18
2025-06,Part_2,monthly,C_999,"England, all specialties",revised-or-established,3,4,False,330637,0.0448757274185,within18
2025-06,Part_2,monthly,C_999,"England, all specialties",revised-or-established,4,5,False,262126,0.0355770676763,within18
2025-06,Part_2,monthly,C_999,"England, all specialties",revised-or-established,5,6,False,289090,0.0392367582557,within18
2025-06,Part_2,monthly,C_999,"England, all specialties",revised-or-established,6,7,False,285623,0.0387661994648,within18
2025-06,Part_2,monthly,C_999,"England, all specialties",revised-or-established,7,8,False,234153,0.031780430509,within18
2025-06,Part_2,monthly,C_999,"England, all specialties",revised-or-established,8,9,False,244874,0.0332355389018,within18
2025-06,Part_2,monthly,C_999,"England, all specialties",revised-or-established,9,10,False,203323,0.0275960268388,within18
2025-06,Part_2,monthly,C_999,"England, all specialties",revised-or-established,10,11,False,174555,0.023691488247,within18
2025-06,Part_2,monthly,C_999,"England, all specialties",revised-or-established,11,12,False,221658,0.0300845458558,within18
2025-06,Part_2,monthly,C_999,"England, all specialties",revised-or-established,12,13,False,212797,0.0288818860789,within18
2025-06,Part_2,monthly,C_999,"England, all specialties",revised-or-established,13,14,False,198172,0.026896907043,within18
2025-06,Part_2,monthly,C_999,"England, all specialties",revised-or-established,14,15,False,195818,0.0265774102464,within18
2025-06,Part_2,monthly,C_999,"England, all specialties",revised-or-established,15,16,False,187693,0.0254746441153,within18
2025-06,Part_2,monthly,C_999,"England, all specialties",revised-or-established,16,17,False,178667,0.0242495897031,within18
2025-06,Part_2,monthly,C_999,"England, all specialties",revised-or-established,17,18,False,167625,0.0227509135654,within18
2025-06,Part_2,monthly,C_999,"England, all specialties",revised-or-established,18,19,False,143666,0.0194990767981,middle
2025-06,Part_2,monthly,C_999,"England, all specialties",revised-or-established,19,20,False,150963,0.0204894625776,middle
2025-06,Part_2,monthly,C_999,"England, all specialties",revised-or-established,20,21,False,145154,0.0197010356908,middle
2025-06,Part_2,monthly,C_999,"England, all specialties",revised-or-established,21,22,False,137843,0.0187087497604,middle
2025-06,Part_2,monthly,C_999,"England, all specialties",revised-or-established,22,23,False,132059,0.0179237160002,middle
2025-06,Part_2,monthly,C_999,"England, all specialties",revised-or-established,23,24,False,124146,0.0168497235823,middle
2025-06,Part_2,monthly,C_999,"England, all specialties",revised-or-established,24,25,False,111682,0.015158046406,middle
2025-06,Part_2,monthly,C_999,"England, all specialties",revised-or-established,25,26,False,70690,0.00959440465287,middle
2025-06,Part_2,monthly,C_999,"England, all specialties",revised-or-established,26,27,False,49360,0.00669938907435,middle
2025-06,Part_2,monthly,C_999,"England, all specialties",revised-or-established,27,28,False,102449,0.013904896906,middle
2025-06,Part_2,monthly,C_999,"England, all specialties",revised-or-established,28,29,False,98859,0.0134176439324,middle
2025-06,Part_2,monthly,C_999,"England, all specialties",revised-or-established,29,30,False,96274,0.0130667946464,middle
2025-06,Part_2,monthly,C_999,"England, all specialties",revised-or-established,30,31,False,93152,0.0126430610019,middle
2025-06,Part_2,monthly,C_999,"England, all specialties",revised-or-established,31,32,False,90221,0.0122452508443,middle
2025-06,Part_2,monthly,C_999,"England, all specialties",revised-or-established,32,33,False,87394,0.0118615560933,middle
2025-06,Part_2,monthly,C_999,"England, all specialties",revised-or-established,33,34,False,83575,0.0113432220804,middle
2025-06,Part_2,monthly,C_999,"England, all specialties",revised-or-established,34,35,False,74802,0.010152506109,middle
2025-06,Part_2,monthly,C_999,"England, all specialties",revised-or-established,35,36,False,75777,0.0102848380447,middle
2025-06,Part_2,monthly,C_999,"England, all specialties",revised-or-established,36,37,False,73132,0.00992584525497,middle
2025-06,Part_2,monthly,C_999,"England, all specialties",revised-or-established,37,38,False,71399,0.00969063372203,middle
2025-06,Part_2,monthly,C_999,"England, all specialties",revised-or-established,38,39,False,68056,0.00923690483882,middle
2025-06,Part_2,monthly,C_999,"England, all specialties",revised-or-established,39,40,False,62373,0.00846557930985,middle
2025-06,Part_2,monthly,C_999,"England, all specialties",revised-or-established,40,41,False,57683,0.00782902876774,middle
2025-06,Part_2,monthly,C_999,"England, all specialties",revised-or-established,41,42,False,55335,0.0075103463215,middle
2025-06,Part_2,monthly,C_999,"England, all specialties",revised-or-established,42,43,False,51877,0.00704100905612,middle
2025-06,Part_2,monthly,C_999,"England, all specialties",revised-or-established,43,44,False,40382,0.00548084946516,middle
2025-06,Part_2,monthly,C_999,"England, all specialties",revised-or-established,44,45,False,43124,0.00585300758595,middle
2025-06,Part_2,monthly,C_999,"England, all specialties",revised-or-established,45,46,False,42026,0.00570398146756,middle
2025-06,Part_2,monthly,C_999,"England, all specialties",revised-or-established,46,47,False,40759,0.00553201781364,middle
2025-06,Part_2,monthly,C_999,"England, all specialties",revised-or-established,47,48,False,38834,0.00527074706875,middle
2025-06,Part_2,monthly,C_999,"England, all specialties",revised-or-established,48,49,False,36286,0.00492491961005,middle
2025-06,Part_2,monthly,C_999,"England, all specialties",revised-or-established,49,50,False,32347,0.00439029858971,middle
2025-06,Part_2,monthly,C_999,"England, all specialties",revised-or-established,50,51,False,32125,0.00436016762588,middle
2025-06,Part_2,monthly,C_999,"England, all specialties",revised-or-established,51,52,False,29207,0.00396412189414,middle
2025-06,Part_2,monthly,C_999,"England, all specialties",revised-or-established,52,53,False,24278,0.00329513306214,over52
2025-06,Part_2,monthly,C_999,"England, all specialties",revised-or-established,53,54,False,23491,0.00318831743812,over52
2025-06,Part_2,monthly,C_999,"England, all specialties",revised-or-established,54,55,False,22430,0.00304431314704,over52
2025-06,Part_2,monthly,C_999,"England, all specialties",revised-or-established,55,56,False,20328,0.00275901906611,over52
2025-06,Part_2,monthly,C_999,"England, all specialties",revised-or-established,56,57,False,14458,0.00196231295051,over52
2025-06,Part_2,monthly,C_999,"England, all specialties",revised-or-established,57,58,False,15328,0.00208039375469,over52
2025-06,Part_2,monthly,C_999,"England, all specialties",revised-or-established,58,59,False,14675,0.00199176528902,over52
2025-06,Part_2,monthly,C_999,"England, all specialties",revised-or-established,59,60,False,10875,0.00147601005234,over52
2025-06,Part_2,monthly,C_999,"England, all specialties",revised-or-established,60,61,False,10195,0.00138371700999,over52
2025-06,Part_2,monthly,C_999,"England, all specialties",revised-or-established,61,62,False,8696,0.00118026514162,over52
2025-06,Part_2,monthly,C_999,"England, all specialties",revised-or-established,62,63,False,7238,0.000982378000813,over52
2025-06,Part_2,monthly,C_999,"England, all specialties",revised-or-established,63,64,False,5510,0.000747845093186,over52
2025-06,Part_2,monthly,C_999,"England, all specialties",revised-or-established,64,65,False,3767,0.000511276309625,over52
2025-06,Part_2,monthly,C_999,"England, all specialties",revised-or-established,65,66,False,1451,0.000196937065374,over52
2025-06,Part_2,monthly,C_999,"England, all specialties",revised-or-established,66,67,False,1623,0.000220281776087,over52
2025-06,Part_2,monthly,C_999,"England, all specialties",revised-or-established,67,68,False,1398,0.000189743637073,over52
2025-06,Part_2,monthly,C_999,"England, all specialties",revised-or-established,68,69,False,1099,0.00014916184345,over52
2025-06,Part_2,monthly,C_999,"England, all specialties",revised-or-established,69,70,False,769,0.000104372572897,over52
2025-06,Part_2,monthly,C_999,"England, all specialties",revised-or-established,70,71,False,693,9.4057468163e-05,over52
2025-06,Part_2,monthly,C_999,"England, all specialties",revised-or-established,71,72,False,532,7.22057331352e-05,over52
2025-06,Part_2,monthly,C_999,"England, all specialties",revised-or-established,72,73,False,532,7.22057331352e-05,over52
2025-06,Part_2,monthly,C_999,"England, all specialties",revised-or-established,73,74,False,375,5.08968983566e-05,over52
2025-06,Part_2,monthly,C_999,"England, all specialties",revised-or-established,74,75,False,308,4.18033191835e-05,over52
2025-06,Part_2,monthly,C_999,"England, all specialties",revised-or-established,75,76,False,266,3.61028665676e-05,over52
2025-06,Part_2,monthly,C_999,"England, all specialties",revised-or-established,76,77,False,206,2.79593628306e-05,over52
2025-06,Part_2,monthly,C_999,"England, all specialties",revised-or-established,77,78,False,131,1.77799831592e-05,over52
2025-06,Part_2,monthly,C_999,"England, all specialties",revised-or-established,78,79,False,43,5.83617767822e-06,over52
2025-06,Part_2,monthly,C_999,"England, all specialties",revised-or-established,79,80,False,77,1.04508297959e-05,over52
2025-06,Part_2,monthly,C_999,"England, all specialties",revised-or-established,80,81,False,79,1.07222799205e-05,over52
2025-06,Part_2,monthly,C_999,"England, all specialties",revised-or-established,81,82,False,93,1.26224307924e-05,over52
2025-06,Part_2,monthly,C_999,"England, all specialties",revised-or-established,82,83,False,66,8.95785411076e-06,over52
2025-06,Part_2,monthly,C_999,"England, all specialties",revised-or-established,83,84,False,75,1.01793796713e-05,over52
2025-06,Part_2,monthly,C_999,"England, all specialties",revised-or-established,84,85,False,70,9.5007543599e-06,over52
2025-06,Part_2,monthly,C_999,"England, all specialties",revised-or-established,85,86,False,52,7.05770323878e-06,over52
2025-06,Part_2,monthly,C_999,"England, all specialties",revised-or-established,86,87,False,39,5.29327742909e-06,over52
2025-06,Part_2,monthly,C_999,"England, all specialties",revised-or-established,87,88,False,40,5.42900249137e-06,over52
2025-06,Part_2,monthly,C_999,"England, all specialties",revised-or-established,88,89,False,38,5.1575523668e-06,over52
2025-06,Part_2,monthly,C_999,"England, all specialties",revised-or-established,89,90,False,33,4.47892705538e-06,over52
2025-06,Part_2,monthly,C_999,"England, all specialties",revised-or-established,90,91,False,23,3.12167643254e-06,over52
2025-06,Part_2,monthly,C_999,"England, all specialties",revised-or-established,91,92,False,23,3.12167643254e-06,over52
2025-06,Part_2,monthly,C_999,"England, all specialties",revised-or-established,92,93,False,17,2.30732605883e-06,over52
2025-06,Part_2,monthly,C_999,"England, all specialties",revised-or-established,93,94,False,16,2.17160099655e-06,over52
2025-06,Part_2,monthly,C_999,"England, all specialties",revised-or-established,94,95,False,19,2.5787761834e-06,over52
2025-06,Part_2,monthly,C_999,"England, all specialties",revised-or-established,95,96,False,24,3.25740149482e-06,over52
2025-06,Part_2,monthly,C_999,"England, all specialties",revised-or-established,96,97,False,17,2.30732605883e-06,over52
2025-06,Part_2,monthly,C_999,"England, all specialties",revised-or-established,97,98,False,12,1.62870074741e-06,over52
2025-06,Part_2,monthly,C_999,"England, all specialties",revised-or-established,98,99,False,7,9.5007543599e-07,over52
2025-06,Part_2,monthly,C_999,"England, all specialties",revised-or-established,99,100,False,15,2.03587593426e-06,over52
2025-06,Part_2,monthly,C_999,"England, all specialties",revised-or-established,100,101,False,8,1.08580049827e-06,over52
2025-06,Part_2,monthly,C_999,"England, all specialties",revised-or-established,101,102,False,8,1.08580049827e-06,over52
2025-06,Part_2,monthly,C_999,"England, all specialties",revised-or-established,102,103,False,14,1.90015087198e-06,over52
2025-06,Part_2,monthly,C_999,"England, all specialties",revised-or-established,103,104,False,13,1.7644258097e-06,over52
2025-06,Part_2,monthly,C_999,"England, all specialties",revised-or-established,104,,True,182,2.47019613357e-05,over52
2025-07,Part_2,monthly,C_999,"England, all specialties",revised-or-established,0,1,False,390586,0.0535120933308,within18
2025-07,Part_2,monthly,C_999,"England, all specialties",revised-or-established,1,2,False,362964,0.0497277512347,within18
2025-07,Part_2,monthly,C_999,"England, all specialties",revised-or-established,2,3,False,339401,0.0464995109619,within18
2025-07,Part_2,monthly,C_999,"England, all specialties",revised-or-established,3,4,False,324487,0.0444562237987,within18
2025-07,Part_2,monthly,C_999,"England, all specialties",revised-or-established,4,5,False,307084,0.0420719320928,within18
2025-07,Part_2,monthly,C_999,"England, all specialties",revised-or-established,5,6,False,287835,0.0394347298262,within18
2025-07,Part_2,monthly,C_999,"England, all specialties",revised-or-established,6,7,False,277278,0.0379883718684,within18
2025-07,Part_2,monthly,C_999,"England, all specialties",revised-or-established,7,8,False,265335,0.0363521254831,within18
2025-07,Part_2,monthly,C_999,"England, all specialties",revised-or-established,8,9,False,249185,0.034139500588,within18
2025-07,Part_2,monthly,C_999,"England, all specialties",revised-or-established,9,10,False,194610,0.026662472498,within18
2025-07,Part_2,monthly,C_999,"England, all specialties",revised-or-established,10,11,False,237059,0.032478182354,within18
2025-07,Part_2,monthly,C_999,"England, all specialties",revised-or-established,11,12,False,220656,0.0302308952856,within18
2025-07,Part_2,monthly,C_999,"England, all specialties",revised-or-established,12,13,False,173366,0.0237519459796,within18
2025-07,Part_2,monthly,C_999,"England, all specialties",revised-or-established,13,14,False,198704,0.0272233694838,within18
2025-07,Part_2,monthly,C_999,"England, all specialties",revised-or-established,14,15,False,118399,0.0162212120718,within18
2025-07,Part_2,monthly,C_999,"England, all specialties",revised-or-established,15,16,False,179182,0.0245487649511,within18
2025-07,Part_2,monthly,C_999,"England, all specialties",revised-or-established,16,17,False,175853,0.024092676513,within18
2025-07,Part_2,monthly,C_999,"England, all specialties",revised-or-established,17,18,False,166485,0.0228092170692,within18
2025-07,Part_2,monthly,C_999,"England, all specialties",revised-or-established,18,19,False,153164,0.0209841782935,middle
2025-07,Part_2,monthly,C_999,"England, all specialties",revised-or-established,19,20,False,151164,0.0207101690185,middle
2025-07,Part_2,monthly,C_999,"England, all specialties",revised-or-established,20,21,False,145584,0.0199456831414,middle
2025-07,Part_2,monthly,C_999,"England, all specialties",revised-or-established,21,22,False,138034,0.0189112981285,middle
2025-07,Part_2,monthly,C_999,"England, all specialties",revised-or-established,22,23,False,125459,0.0171884648123,middle
2025-07,Part_2,monthly,C_999,"England, all specialties",revised-or-established,23,24,False,120449,0.0165020715786,middle
2025-07,Part_2,monthly,C_999,"England, all specialties",revised-or-established,24,25,False,121996,0.0167140177528,middle
2025-07,Part_2,monthly,C_999,"England, all specialties",revised-or-established,25,26,False,115696,0.0158508885367,middle
2025-07,Part_2,monthly,C_999,"England, all specialties",revised-or-established,26,27,False,108897,0.0149193940066,middle
2025-07,Part_2,monthly,C_999,"England, all specialties",revised-or-established,27,28,False,104013,0.0142502633572,middle
2025-07,Part_2,monthly,C_999,"England, all specialties",revised-or-established,28,29,False,97158,0.0133110965673,middle
2025-07,Part_2,monthly,C_999,"England, all specialties",revised-or-established,29,30,False,82500,0.0113028825913,middle
2025-07,Part_2,monthly,C_999,"England, all specialties",revised-or-established,30,31,False,42736,0.00585503018692,middle
2025-07,Part_2,monthly,C_999,"England, all specialties",revised-or-established,31,32,False,59449,0.00814478869295,middle
2025-07,Part_2,monthly,C_999,"England, all specialties",revised-or-established,32,33,False,82646,0.0113228852683,middle
2025-07,Part_2,monthly,C_999,"England, all specialties",revised-or-established,33,34,False,80443,0.011021064052,middle
2025-07,Part_2,monthly,C_999,"England, all specialties",revised-or-established,34,35,False,76825,0.0105253812736,middle
2025-07,Part_2,monthly,C_999,"England, all specialties",revised-or-established,35,36,False,74055,0.0101458784278,middle
2025-07,Part_2,monthly,C_999,"England, all specialties",revised-or-established,36,37,False,72388,0.00991749169718,middle
2025-07,Part_2,monthly,C_999,"England, all specialties",revised-or-established,37,38,False,68848,0.00943249528053,middle
2025-07,Part_2,monthly,C_999,"England, all specialties",revised-or-established,38,39,False,63334,0.00867705170952,middle
2025-07,Part_2,monthly,C_999,"England, all specialties",revised-or-established,39,40,False,58546,0.00802107350532,middle
2025-07,Part_2,monthly,C_999,"England, all specialties",revised-or-established,40,41,False,58369,0.00799682368448,middle
2025-07,Part_2,monthly,C_999,"England, all specialties",revised-or-established,41,42,False,56333,0.0077178822426,middle
2025-07,Part_2,monthly,C_999,"England, all specialties",revised-or-established,42,43,False,53676,0.00735386092084,middle
2025-07,Part_2,monthly,C_999,"England, all specialties",revised-or-established,43,44,False,50320,0.00689407335749,middle
2025-07,Part_2,monthly,C_999,"England, all specialties",revised-or-established,44,45,False,46295,0.00634262969167,middle
2025-07,Part_2,monthly,C_999,"England, all specialties",revised-or-established,45,46,False,42446,0.00581529884205,middle
2025-07,Part_2,monthly,C_999,"England, all specialties",revised-or-established,46,47,False,40662,0.0055708825688,middle
2025-07,Part_2,monthly,C_999,"England, all specialties",revised-or-established,47,48,False,36009,0.00493339999066,middle
2025-07,Part_2,monthly,C_999,"England, all specialties",revised-or-established,48,49,False,26428,0.00362075855906,middle
2025-07,Part_2,monthly,C_999,"England, all specialties",revised-or-established,49,50,False,31248,0.00428112091166,middle
2025-07,Part_2,monthly,C_999,"England, all specialties",revised-or-established,50,51,False,28583,0.0039160035528,middle
2025-07,Part_2,monthly,C_999,"England, all specialties",revised-or-established,51,52,False,27385,0.00375187199712,middle
2025-07,Part_2,monthly,C_999,"England, all specialties",revised-or-established,52,53,False,23733,0.00325153106107,over52
2025-07,Part_2,monthly,C_999,"England, all specialties",revised-or-established,53,54,False,21275,0.00291477366217,over52
2025-07,Part_2,monthly,C_999,"England, all specialties",revised-or-established,54,55,False,20914,0.00286531498805,over52
2025-07,Part_2,monthly,C_999,"England, all specialties",revised-or-established,55,56,False,19289,0.00264268245216,over52
2025-07,Part_2,monthly,C_999,"England, all specialties",revised-or-established,56,57,False,16603,0.00227468799591,over52
2025-07,Part_2,monthly,C_999,"England, all specialties",revised-or-established,57,58,False,15213,0.00208425154983,over52
2025-07,Part_2,monthly,C_999,"England, all specialties",revised-or-established,58,59,False,13634,0.00186792122727,over52
2025-07,Part_2,monthly,C_999,"England, all specialties",revised-or-established,59,60,False,12694,0.00173913686804,over52
2025-07,Part_2,monthly,C_999,"England, all specialties",revised-or-established,60,61,False,10303,0.00141155877985,over52
2025-07,Part_2,monthly,C_999,"England, all specialties",revised-or-established,61,62,False,6565,0.00089943544499,over52
2025-07,Part_2,monthly,C_999,"England, all specialties",revised-or-established,62,63,False,7309,0.00100136689527,over52
2025-07,Part_2,monthly,C_999,"England, all specialties",revised-or-established,63,64,False,6099,0.000835591283929,over52
2025-07,Part_2,monthly,C_999,"England, all specialties",revised-or-established,64,65,False,3922,0.000537332188157,over52
2025-07,Part_2,monthly,C_999,"England, all specialties",revised-or-established,65,66,False,2114,0.000289627803612,over52
2025-07,Part_2,monthly,C_999,"England, all specialties",revised-or-established,66,67,False,1685,0.000230852814137,over52
2025-07,Part_2,monthly,C_999,"England, all specialties",revised-or-established,67,68,False,1409,0.000193039534195,over52
2025-07,Part_2,monthly,C_999,"England, all specialties",revised-or-established,68,69,False,1089,0.000149198050205,over52
2025-07,Part_2,monthly,C_999,"England, all specialties",revised-or-established,69,70,False,574,7.86406619078e-05,over52
2025-07,Part_2,monthly,C_999,"England, all specialties",revised-or-established,70,71,False,713,9.76843065161e-05,over52
2025-07,Part_2,monthly,C_999,"England, all specialties",revised-or-established,71,72,False,649,8.8916009718e-05,over52
2025-07,Part_2,monthly,C_999,"England, all specialties",revised-or-established,72,73,False,596,8.16547639321e-05,over52
2025-07,Part_2,monthly,C_999,"England, all specialties",revised-or-established,73,74,False,458,6.27481239612e-05,over52
2025-07,Part_2,monthly,C_999,"England, all specialties",revised-or-established,74,75,False,370,5.06917158639e-05,over52
2025-07,Part_2,monthly,C_999,"England, all specialties",revised-or-established,75,76,False,311,4.26084422532e-05,over52
2025-07,Part_2,monthly,C_999,"England, all specialties",revised-or-established,76,77,False,258,3.53471964673e-05,over52
2025-07,Part_2,monthly,C_999,"England, all specialties",revised-or-established,77,78,False,220,3.01410202434e-05,over52
2025-07,Part_2,monthly,C_999,"England, all specialties",revised-or-established,78,79,False,158,2.16467327203e-05,over52
2025-07,Part_2,monthly,C_999,"England, all specialties",revised-or-established,79,80,False,129,1.76735982336e-05,over52
2025-07,Part_2,monthly,C_999,"England, all specialties",revised-or-established,80,81,False,123,1.68515704088e-05,over52
2025-07,Part_2,monthly,C_999,"England, all specialties",revised-or-established,81,82,False,110,1.50705101217e-05,over52
2025-07,Part_2,monthly,C_999,"England, all specialties",revised-or-established,82,83,False,42,5.75419477374e-06,over52
2025-07,Part_2,monthly,C_999,"England, all specialties",revised-or-established,83,84,False,39,5.34318086133e-06,over52
2025-07,Part_2,monthly,C_999,"England, all specialties",revised-or-established,84,85,False,47,6.43921796109e-06,over52
2025-07,Part_2,monthly,C_999,"England, all specialties",revised-or-established,85,86,False,63,8.63129216061e-06,over52
2025-07,Part_2,monthly,C_999,"England, all specialties",revised-or-established,86,87,False,47,6.43921796109e-06,over52
2025-07,Part_2,monthly,C_999,"England, all specialties",revised-or-established,87,88,False,57,7.80926433579e-06,over52
2025-07,Part_2,monthly,C_999,"England, all specialties",revised-or-established,88,89,False,40,5.4801854988e-06,over52
2025-07,Part_2,monthly,C_999,"England, all specialties",revised-or-established,89,90,False,48,6.57622259856e-06,over52
2025-07,Part_2,monthly,C_999,"England, all specialties",revised-or-established,90,91,False,33,4.52115303651e-06,over52
2025-07,Part_2,monthly,C_999,"England, all specialties",revised-or-established,91,92,False,25,3.42511593675e-06,over52
2025-07,Part_2,monthly,C_999,"England, all specialties",revised-or-established,92,93,False,32,4.38414839904e-06,over52
2025-07,Part_2,monthly,C_999,"England, all specialties",revised-or-established,93,94,False,23,3.15110666181e-06,over52
2025-07,Part_2,monthly,C_999,"England, all specialties",revised-or-established,94,95,False,21,2.87709738687e-06,over52
2025-07,Part_2,monthly,C_999,"England, all specialties",revised-or-established,95,96,False,17,2.32907883699e-06,over52
2025-07,Part_2,monthly,C_999,"England, all specialties",revised-or-established,96,97,False,16,2.19207419952e-06,over52
2025-07,Part_2,monthly,C_999,"England, all specialties",revised-or-established,97,98,False,16,2.19207419952e-06,over52
2025-07,Part_2,monthly,C_999,"England, all specialties",revised-or-established,98,99,False,18,2.46608347446e-06,over52
2025-07,Part_2,monthly,C_999,"England, all specialties",revised-or-established,99,100,False,19,2.60308811193e-06,over52
2025-07,Part_2,monthly,C_999,"England, all specialties",revised-or-established,100,101,False,15,2.05506956205e-06,over52
2025-07,Part_2,monthly,C_999,"England, all specialties",revised-or-established,101,102,False,17,2.32907883699e-06,over52
2025-07,Part_2,monthly,C_999,"England, all specialties",revised-or-established,102,103,False,8,1.09603709976e-06,over52
2025-07,Part_2,monthly,C_999,"England, all specialties",revised-or-established,103,104,False,10,1.3700463747e-06,over52
2025-07,Part_2,monthly,C_999,"England, all specialties",revised-or-established,104,,True,244,3.34291315427e-05,over52
2025-08,Part_2,monthly,C_999,"England, all specialties",revised-or-established,0,1,False,281808,0.0385386050679,within18
2025-08,Part_2,monthly,C_999,"England, all specialties",revised-or-established,1,2,False,338005,0.0462238162365,within18
2025-08,Part_2,monthly,C_999,"England, all specialties",revised-or-established,2,3,False,329141,0.0450116214254,within18
2025-08,Part_2,monthly,C_999,"England, all specialties",revised-or-established,3,4,False,313155,0.0428254587167,within18
2025-08,Part_2,monthly,C_999,"England, all specialties",revised-or-established,4,5,False,299411,0.0409459003364,within18
2025-08,Part_2,monthly,C_999,"England, all specialties",revised-or-established,5,6,False,293161,0.0400911826503,within18
2025-08,Part_2,monthly,C_999,"England, all specialties",revised-or-established,6,7,False,278284,0.0380566810478,within18
2025-08,Part_2,monthly,C_999,"England, all specialties",revised-or-established,7,8,False,268292,0.0366902267887,within18
2025-08,Part_2,monthly,C_999,"England, all specialties",revised-or-established,8,9,False,257132,0.0351640428885,within18
2025-08,Part_2,monthly,C_999,"England, all specialties",revised-or-established,9,10,False,242857,0.0332118676935,within18
2025-08,Part_2,monthly,C_999,"England, all specialties",revised-or-established,10,11,False,236016,0.0322763279031,within18
2025-08,Part_2,monthly,C_999,"England, all specialties",revised-or-established,11,12,False,228079,0.0311909048192,within18
2025-08,Part_2,monthly,C_999,"England, all specialties",revised-or-established,12,13,False,217059,0.0296838665951,within18
2025-08,Part_2,monthly,C_999,"England, all specialties",revised-or-established,13,14,False,163392,0.0223446451458,within18
2025-08,Part_2,monthly,C_999,"England, all specialties",revised-or-established,14,15,False,201963,0.0276194156849,within18
2025-08,Part_2,monthly,C_999,"England, all specialties",revised-or-established,15,16,False,190577,0.0260623251931,within18
2025-08,Part_2,monthly,C_999,"England, all specialties",revised-or-established,16,17,False,148308,0.0202818352936,within18
2025-08,Part_2,monthly,C_999,"England, all specialties",revised-or-established,17,18,False,171814,0.0234963943222,within18
2025-08,Part_2,monthly,C_999,"England, all specialties",revised-or-established,18,19,False,123339,0.016867203949,middle
2025-08,Part_2,monthly,C_999,"England, all specialties",revised-or-established,19,20,False,120966,0.016542684738,middle
2025-08,Part_2,monthly,C_999,"England, all specialties",revised-or-established,20,21,False,145102,0.0198433993093,middle
2025-08,Part_2,monthly,C_999,"England, all specialties",revised-or-established,21,22,False,140164,0.0191681039599,middle
2025-08,Part_2,monthly,C_999,"England, all specialties",revised-or-established,22,23,False,131292,0.0179548151102,middle
2025-08,Part_2,monthly,C_999,"England, all specialties",revised-or-established,23,24,False,129902,0.0177647258968,middle
2025-08,Part_2,monthly,C_999,"England, all specialties",revised-or-established,24,25,False,124525,0.0170293951771,middle
2025-08,Part_2,monthly,C_999,"England, all specialties",revised-or-established,25,26,False,119130,0.0162916028705,middle
2025-08,Part_2,monthly,C_999,"England, all specialties",revised-or-established,26,27,False,110158,0.0150646385378,middle
2025-08,Part_2,monthly,C_999,"England, all specialties",revised-or-established,27,28,False,99270,0.0135756519513,middle
2025-08,Part_2,monthly,C_999,"England, all specialties",revised-or-established,28,29,False,104482,0.0142884181241,middle
2025-08,Part_2,monthly,C_999,"England, all specialties",revised-or-established,29,30,False,99571,0.0136168151551,middle
2025-08,Part_2,monthly,C_999,"England, all specialties",revised-or-established,30,31,False,95018,0.0129941704151,middle
2025-08,Part_2,monthly,C_999,"England, all specialties",revised-or-established,31,32,False,90674,0.0124001074346,middle
2025-08,Part_2,monthly,C_999,"England, all specialties",revised-or-established,32,33,False,85102,0.0116381095231,middle
2025-08,Part_2,monthly,C_999,"England, all specialties",revised-or-established,33,34,False,76055,0.0104008885782,middle
2025-08,Part_2,monthly,C_999,"England, all specialties",revised-or-established,34,35,False,47818,0.00653934244996,middle
2025-08,Part_2,monthly,C_999,"England, all specialties",revised-or-established,35,36,False,34734,0.00475004225724,middle
2025-08,Part_2,monthly,C_999,"England, all specialties",revised-or-established,36,37,False,70915,0.00969796875316,middle
2025-08,Part_2,monthly,C_999,"England, all specialties",revised-or-established,37,38,False,67816,0.0092741655357,middle
2025-08,Part_2,monthly,C_999,"England, all specialties",revised-or-established,38,39,False,65780,0.00899573270229,middle
2025-08,Part_2,monthly,C_999,"England, all specialties",revised-or-established,39,40,False,61882,0.00846266237585,middle
2025-08,Part_2,monthly,C_999,"England, all specialties",revised-or-established,40,41,False,59713,0.00816604115008,middle
2025-08,Part_2,monthly,C_999,"England, all specialties",revised-or-established,41,42,False,57064,0.00780377760601,middle
2025-08,Part_2,monthly,C_999,"England, all specialties",revised-or-established,42,43,False,53751,0.00735070885498,middle
2025-08,Part_2,monthly,C_999,"England, all specialties",revised-or-established,43,44,False,47619,0.00651212823883,middle
2025-08,Part_2,monthly,C_999,"England, all specialties",revised-or-established,44,45,False,47198,0.0064545544555,middle
2025-08,Part_2,monthly,C_999,"England, all specialties",revised-or-established,45,46,False,45396,0.00620812225225,middle
2025-08,Part_2,monthly,C_999,"England, all specialties",revised-or-established,46,47,False,43571,0.00595854468792,middle
2025-08,Part_2,monthly,C_999,"England, all specialties",revised-or-established,47,48,False,40292,0.00551012560111,middle
2025-08,Part_2,monthly,C_999,"England, all specialties",revised-or-established,48,49,False,35927,0.00491319076916,middle
2025-08,Part_2,monthly,C_999,"England, all specialties",revised-or-established,49,50,False,32534,0.00444918163175,middle
2025-08,Part_2,monthly,C_999,"England, all specialties",revised-or-established,50,51,False,30612,0.00418633884893,middle
2025-08,Part_2,monthly,C_999,"England, all specialties",revised-or-established,51,52,False,27828,0.00380561340285,middle
2025-08,Part_2,monthly,C_999,"England, all specialties",revised-or-established,52,53,False,18776,0.00256770868377,over52
2025-08,Part_2,monthly,C_999,"England, all specialties",revised-or-established,53,54,False,21693,0.00296662252221,over52
2025-08,Part_2,monthly,C_999,"England, all specialties",revised-or-established,54,55,False,19624,0.00268367677941,over52
2025-08,Part_2,monthly,C_999,"England, all specialties",revised-or-established,55,56,False,18474,0.00252640872518,over52
2025-08,Part_2,monthly,C_999,"England, all specialties",revised-or-established,56,57,False,16965,0.00232004568705,over52
2025-08,Part_2,monthly,C_999,"England, all specialties",revised-or-established,57,58,False,15316,0.00209453697276,over52
2025-08,Part_2,monthly,C_999,"England, all specialties",revised-or-established,58,59,False,13232,0.00180953990752,over52
2025-08,Part_2,monthly,C_999,"England, all specialties",revised-or-established,59,60,False,12775,0.00174704295032,over52
2025-08,Part_2,monthly,C_999,"England, all specialties",revised-or-established,60,61,False,10811,0.00147845646465,over52
2025-08,Part_2,monthly,C_999,"England, all specialties",revised-or-established,61,62,False,8681,0.00118716867724,over52
2025-08,Part_2,monthly,C_999,"England, all specialties",revised-or-established,62,63,False,7449,0.00101868672696,over52
2025-08,Part_2,monthly,C_999,"England, all specialties",revised-or-established,63,64,False,6678,0.000913248753206,over52
2025-08,Part_2,monthly,C_999,"England, all specialties",revised-or-established,64,65,False,5513,0.000753929376524,over52
2025-08,Part_2,monthly,C_999,"England, all specialties",revised-or-established,65,66,False,1720,0.000235218307205,over52
2025-08,Part_2,monthly,C_999,"England, all specialties",revised-or-established,66,67,False,2067,0.000282672233135,over52
2025-08,Part_2,monthly,C_999,"England, all specialties",revised-or-established,67,68,False,1745,0.000238637177949,over52
2025-08,Part_2,monthly,C_999,"England, all specialties",revised-or-established,68,69,False,1190,0.000162738247427,over52
2025-08,Part_2,monthly,C_999,"England, all specialties",revised-or-established,69,70,False,1015,0.000138806152217,over52
2025-08,Part_2,monthly,C_999,"England, all specialties",revised-or-established,70,71,False,764,0.000104480689945,over52
2025-08,Part_2,monthly,C_999,"England, all specialties",revised-or-established,71,72,False,677,9.25830197545e-05,over52
2025-08,Part_2,monthly,C_999,"England, all specialties",revised-or-established,72,73,False,540,7.3847608076e-05,over52
2025-08,Part_2,monthly,C_999,"England, all specialties",revised-or-established,73,74,False,374,5.11463063341e-05,over52
2025-08,Part_2,monthly,C_999,"England, all specialties",revised-or-established,74,75,False,309,4.2257242399e-05,over52
2025-08,Part_2,monthly,C_999,"England, all specialties",revised-or-established,75,76,False,376,5.14198159936e-05,over52
2025-08,Part_2,monthly,C_999,"England, all specialties",revised-or-established,76,77,False,298,4.07529392716e-05,over52
2025-08,Part_2,monthly,C_999,"England, all specialties",revised-or-established,77,78,False,243,3.32314236342e-05,over52
2025-08,Part_2,monthly,C_999,"England, all specialties",revised-or-established,78,79,False,171,2.33850758907e-05,over52
2025-08,Part_2,monthly,C_999,"England, all specialties",revised-or-established,79,80,False,162,2.21542824228e-05,over52
2025-08,Part_2,monthly,C_999,"England, all specialties",revised-or-established,80,81,False,116,1.58635602534e-05,over52
2025-08,Part_2,monthly,C_999,"England, all specialties",revised-or-established,81,82,False,113,1.5453295764e-05,over52
2025-08,Part_2,monthly,C_999,"England, all specialties",revised-or-established,82,83,False,78,1.06668767221e-05,over52
2025-08,Part_2,monthly,C_999,"England, all specialties",revised-or-established,83,84,False,76,1.03933670625e-05,over52
2025-08,Part_2,monthly,C_999,"England, all specialties",revised-or-established,84,85,False,70,9.57283808392e-06,over52
2025-08,Part_2,monthly,C_999,"England, all specialties",revised-or-established,85,86,False,59,8.06853495645e-06,over52
2025-08,Part_2,monthly,C_999,"England, all specialties",revised-or-established,86,87,False,49,6.70098665875e-06,over52
2025-08,Part_2,monthly,C_999,"England, all specialties",revised-or-established,87,88,False,18,2.46158693587e-06,over52
2025-08,Part_2,monthly,C_999,"England, all specialties",revised-or-established,88,89,False,33,4.51290938242e-06,over52
2025-08,Part_2,monthly,C_999,"England, all specialties",revised-or-established,89,90,False,35,4.78641904196e-06,over52
2025-08,Part_2,monthly,C_999,"England, all specialties",revised-or-established,90,91,False,33,4.51290938242e-06,over52
2025-08,Part_2,monthly,C_999,"England, all specialties",revised-or-established,91,92,False,31,4.23939972288e-06,over52
2025-08,Part_2,monthly,C_999,"England, all specialties",revised-or-established,92,93,False,34,4.64966421219e-06,over52
2025-08,Part_2,monthly,C_999,"England, all specialties",revised-or-established,93,94,False,22,3.00860625495e-06,over52
2025-08,Part_2,monthly,C_999,"England, all specialties",revised-or-established,94,95,False,26,3.55562557403e-06,over52
2025-08,Part_2,monthly,C_999,"England, all specialties",revised-or-established,95,96,False,15,2.05132244655e-06,over52
2025-08,Part_2,monthly,C_999,"England, all specialties",revised-or-established,96,97,False,18,2.46158693587e-06,over52
2025-08,Part_2,monthly,C_999,"England, all specialties",revised-or-established,97,98,False,19,2.59834176564e-06,over52
2025-08,Part_2,monthly,C_999,"England, all specialties",revised-or-established,98,99,False,9,1.23079346793e-06,over52
2025-08,Part_2,monthly,C_999,"England, all specialties",revised-or-established,99,100,False,13,1.77781278701e-06,over52
2025-08,Part_2,monthly,C_999,"England, all specialties",revised-or-established,100,101,False,7,9.57283808392e-07,over52
2025-08,Part_2,monthly,C_999,"England, all specialties",revised-or-established,101,102,False,4,5.47019319081e-07,over52
2025-08,Part_2,monthly,C_999,"England, all specialties",revised-or-established,102,103,False,11,1.50430312747e-06,over52
2025-08,Part_2,monthly,C_999,"England, all specialties",revised-or-established,103,104,False,7,9.57283808392e-07,over52
2025-08,Part_2,monthly,C_999,"England, all specialties",revised-or-established,104,,True,168,2.29748114014e-05,over52
2025-09,Part_2,monthly,C_999,"England, all specialties",revised-or-established,0,1,False,410499,0.0562566834953,within18
2025-09,Part_2,monthly,C_999,"England, all specialties",revised-or-established,1,2,False,351720,0.0482013371993,within18
2025-09,Part_2,monthly,C_999,"England, all specialties",revised-or-established,2,3,False,336934,0.0461749953028,within18
2025-09,Part_2,monthly,C_999,"England, all specialties",revised-or-established,3,4,False,315764,0.0432737604896,within18
2025-09,Part_2,monthly,C_999,"England, all specialties",revised-or-established,4,5,False,284679,0.0390137281717,within18
2025-09,Part_2,monthly,C_999,"England, all specialties",revised-or-established,5,6,False,218867,0.0299945469942,within18
2025-09,Part_2,monthly,C_999,"England, all specialties",revised-or-established,6,7,False,261748,0.0358711577654,within18
2025-09,Part_2,monthly,C_999,"England, all specialties",revised-or-established,7,8,False,250453,0.0343232386716,within18
2025-09,Part_2,monthly,C_999,"England, all specialties",revised-or-established,8,9,False,243117,0.0333178792672,within18
2025-09,Part_2,monthly,C_999,"England, all specialties",revised-or-established,9,10,False,236936,0.0324708064103,within18
2025-09,Part_2,monthly,C_999,"England, all specialties",revised-or-established,10,11,False,229749,0.0314858666558,within18
2025-09,Part_2,monthly,C_999,"England, all specialties",revised-or-established,11,12,False,221346,0.0303342806315,within18
2025-09,Part_2,monthly,C_999,"England, all specialties",revised-or-established,12,13,False,214150,0.0293481074753,within18
2025-09,Part_2,monthly,C_999,"England, all specialties",revised-or-established,13,14,False,202483,0.0277492077793,within18
2025-09,Part_2,monthly,C_999,"England, all specialties",revised-or-established,14,15,False,193200,0.0264770224807,within18
2025-09,Part_2,monthly,C_999,"England, all specialties",revised-or-established,15,16,False,188694,0.0258594993787,within18
2025-09,Part_2,monthly,C_999,"England, all specialties",revised-or-established,16,17,False,178921,0.0245201622115,within18
2025-09,Part_2,monthly,C_999,"England, all specialties",revised-or-established,17,18,False,166424,0.0228075154727,within18
2025-09,Part_2,monthly,C_999,"England, all specialties",revised-or-established,18,19,False,130101,0.0178296433838,middle
2025-09,Part_2,monthly,C_999,"England, all specialties",revised-or-established,19,20,False,154413,0.0211614724239,middle
2025-09,Part_2,monthly,C_999,"England, all specialties",revised-or-established,20,21,False,143965,0.0197296301316,middle
2025-09,Part_2,monthly,C_999,"England, all specialties",revised-or-established,21,22,False,112875,0.0154689125906,middle
2025-09,Part_2,monthly,C_999,"England, all specialties",revised-or-established,22,23,False,127363,0.0174544151874,middle
2025-09,Part_2,monthly,C_999,"England, all specialties",revised-or-established,23,24,False,77392,0.0106061579908,middle
2025-09,Part_2,monthly,C_999,"England, all specialties",revised-or-established,24,25,False,121287,0.0166217320166,middle
2025-09,Part_2,monthly,C_999,"England, all specialties",revised-or-established,25,26,False,117508,0.0161038403605,middle
2025-09,Part_2,monthly,C_999,"England, all specialties",revised-or-established,26,27,False,107972,0.0147969827706,middle
2025-09,Part_2,monthly,C_999,"England, all specialties",revised-or-established,27,28,False,107512,0.0147339422409,middle
2025-09,Part_2,monthly,C_999,"England, all specialties",revised-or-established,28,29,False,103078,0.0141262863523,middle
2025-09,Part_2,monthly,C_999,"England, all specialties",revised-or-established,29,30,False,100236,0.0137368055143,middle
2025-09,Part_2,monthly,C_999,"England, all specialties",revised-or-established,30,31,False,93622,0.0128303923327,middle
2025-09,Part_2,monthly,C_999,"England, all specialties",revised-or-established,31,32,False,83967,0.0115072264319,middle
2025-09,Part_2,monthly,C_999,"England, all specialties",revised-or-established,32,33,False,85828,0.0117622664879,middle
2025-09,Part_2,monthly,C_999,"England, all specialties",revised-or-established,33,34,False,83811,0.0114858474696,middle
2025-09,Part_2,monthly,C_999,"England, all specialties",revised-or-established,34,35,False,79048,0.0108331038978,middle
2025-09,Part_2,monthly,C_999,"England, all specialties",revised-or-established,35,36,False,75376,0.0103298760171,middle
2025-09,Part_2,monthly,C_999,"England, all specialties",revised-or-established,36,37,False,70626,0.00967891402546,middle
2025-09,Part_2,monthly,C_999,"England, all specialties",revised-or-established,37,38,False,64426,0.0088292373206,middle
2025-09,Part_2,monthly,C_999,"England, all specialties",revised-or-established,38,39,False,42423,0.00581384433073,middle
2025-09,Part_2,monthly,C_999,"England, all specialties",revised-or-established,39,40,False,25564,0.00350340891664,middle
2025-09,Part_2,monthly,C_999,"England, all specialties",revised-or-established,40,41,False,54828,0.00751388296361,middle
2025-09,Part_2,monthly,C_999,"England, all specialties",revised-or-established,41,42,False,54340,0.00744700518426,middle
2025-09,Part_2,monthly,C_999,"England, all specialties",revised-or-established,42,43,False,51413,0.00704587555279,middle
2025-09,Part_2,monthly,C_999,"England, all specialties",revised-or-established,43,44,False,48939,0.00670682713862,middle
2025-09,Part_2,monthly,C_999,"England, all specialties",revised-or-established,44,45,False,46588,0.00638463521392,middle
2025-09,Part_2,monthly,C_999,"England, all specialties",revised-or-established,45,46,False,44655,0.00611972794448,middle
2025-09,Part_2,monthly,C_999,"England, all specialties",revised-or-established,46,47,False,41535,0.00569214869945,middle
2025-09,Part_2,monthly,C_999,"England, all specialties",revised-or-established,47,48,False,36105,0.00494799635955,middle
2025-09,Part_2,monthly,C_999,"England, all specialties",revised-or-established,48,49,False,34481,0.00472543588072,middle
2025-09,Part_2,monthly,C_999,"England, all specialties",revised-or-established,49,50,False,32531,0.00445819885258,middle
2025-09,Part_2,monthly,C_999,"England, all specialties",revised-or-established,50,51,False,30432,0.00417054217459,middle
2025-09,Part_2,monthly,C_999,"England, all specialties",revised-or-established,51,52,False,28437,0.00389713813811,middle
2025-09,Part_2,monthly,C_999,"England, all specialties",revised-or-established,52,53,False,23344,0.00319916983845,over52
2025-09,Part_2,monthly,C_999,"England, all specialties",revised-or-established,53,54,False,21191,0.00290411275045,over52
2025-09,Part_2,monthly,C_999,"England, all specialties",revised-or-established,54,55,False,19443,0.00266455873753,over52
2025-09,Part_2,monthly,C_999,"England, all specialties",revised-or-established,55,56,False,17552,0.00240540734255,over52
2025-09,Part_2,monthly,C_999,"England, all specialties",revised-or-established,56,57,False,14786,0.00202634189648,over52
2025-09,Part_2,monthly,C_999,"England, all specialties",revised-or-established,57,58,False,11196,0.00153435167543,over52
2025-09,Part_2,monthly,C_999,"England, all specialties",revised-or-established,58,59,False,12189,0.00167043699284,over52
2025-09,Part_2,monthly,C_999,"England, all specialties",revised-or-established,59,60,False,10872,0.00148994921537,over52
2025-09,Part_2,monthly,C_999,"England, all specialties",revised-or-established,60,61,False,9657,0.00132343999014,over52
2025-09,Part_2,monthly,C_999,"England, all specialties",revised-or-established,61,62,False,8230,0.00112787730339,over52
2025-09,Part_2,monthly,C_999,"England, all specialties",revised-or-established,62,63,False,6454,0.00088448604084,over52
2025-09,Part_2,monthly,C_999,"England, all specialties",revised-or-established,63,64,False,5945,0.000814730324263,over52
2025-09,Part_2,monthly,C_999,"England, all specialties",revised-or-established,64,65,False,4891,0.000670285284435,over52
2025-09,Part_2,monthly,C_999,"England, all specialties",revised-or-established,65,66,False,1932,0.000264770224807,over52
2025-09,Part_2,monthly,C_999,"England, all specialties",revised-or-established,66,67,False,1760,0.000241198548478,over52
2025-09,Part_2,monthly,C_999,"England, all specialties",revised-or-established,67,68,False,1666,0.000228316353275,over52
2025-09,Part_2,monthly,C_999,"England, all specialties",revised-or-established,68,69,False,1441,0.000197481311566,over52
2025-09,Part_2,monthly,C_999,"England, all specialties",revised-or-established,69,70,False,1024,0.000140333700933,over52
2025-09,Part_2,monthly,C_999,"England, all specialties",revised-or-established,70,71,False,690,9.45607945738e-05,over52
2025-09,Part_2,monthly,C_999,"England, all specialties",revised-or-established,71,72,False,699,9.57941962422e-05,over52
2025-09,Part_2,monthly,C_999,"England, all specialties",revised-or-established,72,73,False,561,7.68820373274e-05,over52
2025-09,Part_2,monthly,C_999,"England, all specialties",revised-or-established,73,74,False,382,5.23510485901e-05,over52
2025-09,Part_2,monthly,C_999,"England, all specialties",revised-or-established,74,75,False,378,5.18028700709e-05,over52
2025-09,Part_2,monthly,C_999,"England, all specialties",revised-or-established,75,76,False,309,4.23467906135e-05,over52
2025-09,Part_2,monthly,C_999,"England, all specialties",revised-or-established,76,77,False,249,3.41241128245e-05,over52
2025-09,Part_2,monthly,C_999,"England, all specialties",revised-or-established,77,78,False,204,2.79571044827e-05,over52
2025-09,Part_2,monthly,C_999,"England, all specialties",revised-or-established,78,79,False,102,1.39785522413e-05,over52
2025-09,Part_2,monthly,C_999,"England, all specialties",revised-or-established,79,80,False,178,2.43939441074e-05,over52
2025-09,Part_2,monthly,C_999,"England, all specialties",revised-or-established,80,81,False,136,1.86380696551e-05,over52
2025-09,Part_2,monthly,C_999,"England, all specialties",revised-or-established,81,82,False,113,1.54860431693e-05,over52
2025-09,Part_2,monthly,C_999,"England, all specialties",revised-or-established,82,83,False,95,1.30192398326e-05,over52
2025-09,Part_2,monthly,C_999,"England, all specialties",revised-or-established,83,84,False,67,9.18199019775e-06,over52
2025-09,Part_2,monthly,C_999,"England, all specialties",revised-or-established,84,85,False,88,1.20599274239e-05,over52
2025-09,Part_2,monthly,C_999,"England, all specialties",revised-or-established,85,86,False,78,1.06894811257e-05,over52
2025-09,Part_2,monthly,C_999,"England, all specialties",revised-or-established,86,87,False,60,8.22267778903e-06,over52
2025-09,Part_2,monthly,C_999,"England, all specialties",revised-or-established,87,88,False,54,7.40041001012e-06,over52
2025-09,Part_2,monthly,C_999,"England, all specialties",revised-or-established,88,89,False,48,6.57814223122e-06,over52
2025-09,Part_2,monthly,C_999,"England, all specialties",revised-or-established,89,90,False,35,4.7965620436e-06,over52
2025-09,Part_2,monthly,C_999,"England, all specialties",revised-or-established,90,91,False,38,5.20769593305e-06,over52
2025-09,Part_2,monthly,C_999,"England, all specialties",revised-or-established,91,92,False,31,4.24838352433e-06,over52
2025-09,Part_2,monthly,C_999,"England, all specialties",revised-or-established,92,93,False,16,2.19271407707e-06,over52
2025-09,Part_2,monthly,C_999,"England, all specialties",revised-or-established,93,94,False,26,3.56316037524e-06,over52
2025-09,Part_2,monthly,C_999,"England, all specialties",revised-or-established,94,95,False,28,3.83724963488e-06,over52
2025-09,Part_2,monthly,C_999,"England, all specialties",revised-or-established,95,96,False,19,2.60384796652e-06,over52
2025-09,Part_2,monthly,C_999,"England, all specialties",revised-or-established,96,97,False,28,3.83724963488e-06,over52
2025-09,Part_2,monthly,C_999,"England, all specialties",revised-or-established,97,98,False,19,2.60384796652e-06,over52
2025-09,Part_2,monthly,C_999,"England, all specialties",revised-or-established,98,99,False,23,3.15202648579e-06,over52
2025-09,Part_2,monthly,C_999,"England, all specialties",revised-or-established,99,100,False,12,1.64453555781e-06,over52
2025-09,Part_2,monthly,C_999,"England, all specialties",revised-or-established,100,101,False,11,1.50749092799e-06,over52
2025-09,Part_2,monthly,C_999,"England, all specialties",revised-or-established,101,102,False,19,2.60384796652e-06,over52
2025-09,Part_2,monthly,C_999,"England, all specialties",revised-or-established,102,103,False,7,9.5931240872e-07,over52
2025-09,Part_2,monthly,C_999,"England, all specialties",revised-or-established,103,104,False,6,8.22267778903e-07,over52
2025-09,Part_2,monthly,C_999,"England, all specialties",revised-or-established,104,,True,150,2.05566944726e-05,over52
2025-10,Part_2,monthly,C_999,"England, all specialties",first-release,0,1,False,387118,0.0529994500416,within18
2025-10,Part_2,monthly,C_999,"England, all specialties",first-release,1,2,False,359699,0.0492455767505,within18
2025-10,Part_2,monthly,C_999,"England, all specialties",first-release,2,3,False,346571,0.0474482519551,within18
2025-10,Part_2,monthly,C_999,"England, all specialties",first-release,3,4,False,326205,0.0446599889461,within18
2025-10,Part_2,monthly,C_999,"England, all specialties",first-release,4,5,False,309163,0.0423268072609,within18
2025-10,Part_2,monthly,C_999,"England, all specialties",first-release,5,6,False,287318,0.0393360577061,within18
2025-10,Part_2,monthly,C_999,"England, all specialties",first-release,6,7,False,272637,0.0373261151923,within18
2025-10,Part_2,monthly,C_999,"England, all specialties",first-release,7,8,False,258919,0.0354480148309,within18
2025-10,Part_2,monthly,C_999,"England, all specialties",first-release,8,9,False,241307,0.0330367957346,within18
2025-10,Part_2,monthly,C_999,"England, all specialties",first-release,9,10,False,178239,0.0244022984619,within18
2025-10,Part_2,monthly,C_999,"England, all specialties",first-release,10,11,False,214014,0.0293001728186,within18
2025-10,Part_2,monthly,C_999,"England, all specialties",first-release,11,12,False,208961,0.0286083780143,within18
2025-10,Part_2,monthly,C_999,"England, all specialties",first-release,12,13,False,202231,0.027686988932,within18
2025-10,Part_2,monthly,C_999,"England, all specialties",first-release,13,14,False,191961,0.0262809464542,within18
2025-10,Part_2,monthly,C_999,"England, all specialties",first-release,14,15,False,192342,0.0263331083026,within18
2025-10,Part_2,monthly,C_999,"England, all specialties",first-release,15,16,False,182148,0.024937470813,within18
2025-10,Part_2,monthly,C_999,"England, all specialties",first-release,16,17,False,177312,0.024275384988,within18
2025-10,Part_2,monthly,C_999,"England, all specialties",first-release,17,18,False,170836,0.0233887704713,within18
2025-10,Part_2,monthly,C_999,"England, all specialties",first-release,18,19,False,152912,0.0209348361605,middle
2025-10,Part_2,monthly,C_999,"England, all specialties",first-release,19,20,False,150447,0.0205973585842,middle
2025-10,Part_2,monthly,C_999,"England, all specialties",first-release,20,21,False,144747,0.0198169844729,middle
2025-10,Part_2,monthly,C_999,"England, all specialties",first-release,21,22,False,138245,0.018926810355,middle
2025-10,Part_2,monthly,C_999,"England, all specialties",first-release,22,23,False,104709,0.0143354724255,middle
2025-10,Part_2,monthly,C_999,"England, all specialties",first-release,23,24,False,131482,0.0180009033173,middle
2025-10,Part_2,monthly,C_999,"England, all specialties",first-release,24,25,False,122254,0.0167375187033,middle
2025-10,Part_2,monthly,C_999,"England, all specialties",first-release,25,26,False,95115,0.0130219795791,middle
2025-10,Part_2,monthly,C_999,"England, all specialties",first-release,26,27,False,109664,0.0150138502714,middle
2025-10,Part_2,monthly,C_999,"England, all specialties",first-release,27,28,False,68509,0.00937941227972,middle
2025-10,Part_2,monthly,C_999,"England, all specialties",first-release,28,29,False,94990,0.0130048661118,middle
2025-10,Part_2,monthly,C_999,"England, all specialties",first-release,29,30,False,98008,0.0134180536676,middle
2025-10,Part_2,monthly,C_999,"England, all specialties",first-release,30,31,False,93469,0.012796629441,middle
2025-10,Part_2,monthly,C_999,"England, all specialties",first-release,31,32,False,89695,0.0122799396346,middle
2025-10,Part_2,monthly,C_999,"England, all specialties",first-release,32,33,False,87392,0.0119646411121,middle
2025-10,Part_2,monthly,C_999,"England, all specialties",first-release,33,34,False,83641,0.0114511001837,middle
2025-10,Part_2,monthly,C_999,"England, all specialties",first-release,34,35,False,80200,0.0109800006544,middle
2025-10,Part_2,monthly,C_999,"England, all specialties",first-release,35,36,False,72539,0.00993115046722,middle
2025-10,Part_2,monthly,C_999,"England, all specialties",first-release,36,37,False,67590,0.00925359406773,middle
2025-10,Part_2,monthly,C_999,"England, all specialties",first-release,37,38,False,69342,0.00949345642617,middle
2025-10,Part_2,monthly,C_999,"England, all specialties",first-release,38,39,False,65387,0.00895198631908,middle
2025-10,Part_2,monthly,C_999,"England, all specialties",first-release,39,40,False,60840,0.00832946683061,middle
2025-10,Part_2,monthly,C_999,"England, all specialties",first-release,40,41,False,57483,0.00786986755135,middle
2025-10,Part_2,monthly,C_999,"England, all specialties",first-release,41,42,False,53237,0.00728855729226,middle
2025-10,Part_2,monthly,C_999,"England, all specialties",first-release,42,43,False,45389,0.0062141053579,middle
2025-10,Part_2,monthly,C_999,"England, all specialties",first-release,43,44,False,27251,0.00373087279094,middle
2025-10,Part_2,monthly,C_999,"England, all specialties",first-release,44,45,False,22794,0.00312067499896,middle
2025-10,Part_2,monthly,C_999,"England, all specialties",first-release,45,46,False,41391,0.00566674821804,middle
2025-10,Part_2,monthly,C_999,"England, all specialties",first-release,46,47,False,38957,0.00533351478172,middle
2025-10,Part_2,monthly,C_999,"England, all specialties",first-release,47,48,False,36891,0.00505066339329,middle
2025-10,Part_2,monthly,C_999,"England, all specialties",first-release,48,49,False,33798,0.00462720775708,middle
2025-10,Part_2,monthly,C_999,"England, all specialties",first-release,49,50,False,32130,0.00439884564871,middle
2025-10,Part_2,monthly,C_999,"England, all specialties",first-release,50,51,False,29303,0.00401180747103,middle
2025-10,Part_2,monthly,C_999,"England, all specialties",first-release,51,52,False,26648,0.00364831742443,middle
2025-10,Part_2,monthly,C_999,"England, all specialties",first-release,52,53,False,21835,0.00298938047742,over52
2025-10,Part_2,monthly,C_999,"England, all specialties",first-release,53,54,False,20763,0.00284261538139,over52
2025-10,Part_2,monthly,C_999,"England, all specialties",first-release,54,55,False,19025,0.0026046697313,over52
2025-10,Part_2,monthly,C_999,"England, all specialties",first-release,55,56,False,17778,0.00243394578098,over52
2025-10,Part_2,monthly,C_999,"England, all specialties",first-release,56,57,False,15263,0.00208962281781,over52
2025-10,Part_2,monthly,C_999,"England, all specialties",first-release,57,58,False,13055,0.00178733053047,over52
2025-10,Part_2,monthly,C_999,"England, all specialties",first-release,58,59,False,11385,0.00155869460662,over52
2025-10,Part_2,monthly,C_999,"England, all specialties",first-release,59,60,False,10196,0.00139591130514,over52
2025-10,Part_2,monthly,C_999,"England, all specialties",first-release,60,61,False,8546,0.00117001353607,over52
2025-10,Part_2,monthly,C_999,"England, all specialties",first-release,61,62,False,5238,0.000717122736008,over52
2025-10,Part_2,monthly,C_999,"England, all specialties",first-release,62,63,False,5992,0.000820351171088,over52
2025-10,Part_2,monthly,C_999,"England, all specialties",first-release,63,64,False,4935,0.000675639691142,over52
2025-10,Part_2,monthly,C_999,"England, all specialties",first-release,64,65,False,4246,0.000581310259086,over52
2025-10,Part_2,monthly,C_999,"England, all specialties",first-release,65,66,False,1853,0.000253690040058,over52
2025-10,Part_2,monthly,C_999,"England, all specialties",first-release,66,67,False,1542,0.000211111733281,over52
2025-10,Part_2,monthly,C_999,"England, all specialties",first-release,67,68,False,1380,0.00018893267959,over52
2025-10,Part_2,monthly,C_999,"England, all specialties",first-release,68,69,False,1305,0.000178664599177,over52
2025-10,Part_2,monthly,C_999,"England, all specialties",first-release,69,70,False,1009,0.000138139908483,over52
2025-10,Part_2,monthly,C_999,"England, all specialties",first-release,70,71,False,783,0.000107198759506,over52
2025-10,Part_2,monthly,C_999,"England, all specialties",first-release,71,72,False,679,9.29603546677e-05,over52
2025-10,Part_2,monthly,C_999,"England, all specialties",first-release,72,73,False,576,7.88588575679e-05,over52
2025-10,Part_2,monthly,C_999,"England, all specialties",first-release,73,74,False,517,7.07813009767e-05,over52
2025-10,Part_2,monthly,C_999,"England, all specialties",first-release,74,75,False,305,4.17568603441e-05,over52
2025-10,Part_2,monthly,C_999,"England, all specialties",first-release,75,76,False,322,4.40842919043e-05,over52
2025-10,Part_2,monthly,C_999,"England, all specialties",first-release,76,77,False,324,4.43581073819e-05,over52
2025-10,Part_2,monthly,C_999,"England, all specialties",first-release,77,78,False,193,2.64231935948e-05,over52
2025-10,Part_2,monthly,C_999,"England, all specialties",first-release,78,79,False,194,2.65601013336e-05,over52
2025-10,Part_2,monthly,C_999,"England, all specialties",first-release,79,80,False,163,2.23159614298e-05,over52
2025-10,Part_2,monthly,C_999,"England, all specialties",first-release,80,81,False,149,2.03992530861e-05,over52
2025-10,Part_2,monthly,C_999,"England, all specialties",first-release,81,82,False,106,1.45122203163e-05,over52
2025-10,Part_2,monthly,C_999,"England, all specialties",first-release,82,83,False,68,9.30972624065e-06,over52
2025-10,Part_2,monthly,C_999,"England, all specialties",first-release,83,84,False,84,1.1500250062e-05,over52
2025-10,Part_2,monthly,C_999,"England, all specialties",first-release,84,85,False,116,1.58812977046e-05,over52
2025-10,Part_2,monthly,C_999,"England, all specialties",first-release,85,86,False,87,1.19109732785e-05,over52
2025-10,Part_2,monthly,C_999,"England, all specialties",first-release,86,87,False,55,7.52992563582e-06,over52
2025-10,Part_2,monthly,C_999,"England, all specialties",first-release,87,88,False,64,8.76209528532e-06,over52
2025-10,Part_2,monthly,C_999,"England, all specialties",first-release,88,89,False,55,7.52992563582e-06,over52
2025-10,Part_2,monthly,C_999,"England, all specialties",first-release,89,90,False,55,7.52992563582e-06,over52
2025-10,Part_2,monthly,C_999,"England, all specialties",first-release,90,91,False,51,6.98229468049e-06,over52
2025-10,Part_2,monthly,C_999,"England, all specialties",first-release,91,92,False,35,4.79177085916e-06,over52
2025-10,Part_2,monthly,C_999,"England, all specialties",first-release,92,93,False,22,3.01197025433e-06,over52
2025-10,Part_2,monthly,C_999,"England, all specialties",first-release,93,94,False,32,4.38104764266e-06,over52
2025-10,Part_2,monthly,C_999,"England, all specialties",first-release,94,95,False,24,3.285785732e-06,over52
2025-10,Part_2,monthly,C_999,"England, all specialties",first-release,95,96,False,18,2.464339299e-06,over52
2025-10,Part_2,monthly,C_999,"England, all specialties",first-release,96,97,False,23,3.14887799316e-06,over52
2025-10,Part_2,monthly,C_999,"England, all specialties",first-release,97,98,False,23,3.14887799316e-06,over52
2025-10,Part_2,monthly,C_999,"England, all specialties",first-release,98,99,False,16,2.19052382133e-06,over52
2025-10,Part_2,monthly,C_999,"England, all specialties",first-release,99,100,False,29,3.97032442616e-06,over52
2025-10,Part_2,monthly,C_999,"England, all specialties",first-release,100,101,False,20,2.73815477666e-06,over52
2025-10,Part_2,monthly,C_999,"England, all specialties",first-release,101,102,False,17,2.32743156016e-06,over52
2025-10,Part_2,monthly,C_999,"England, all specialties",first-release,102,103,False,18,2.464339299e-06,over52
2025-10,Part_2,monthly,C_999,"England, all specialties",first-release,103,104,False,18,2.464339299e-06,over52
2025-10,Part_2,monthly,C_999,"England, all specialties",first-release,104,,True,172,2.35481310793e-05,over52
2025-11,Part_2,monthly,C_999,"England, all specialties",first-release,0,1,False,352947,0.0493010905139,within18
2025-11,Part_2,monthly,C_999,"England, all specialties",first-release,1,2,False,356486,0.0497954326087,within18
2025-11,Part_2,monthly,C_999,"England, all specialties",first-release,2,3,False,342483,0.0478394358997,within18
2025-11,Part_2,monthly,C_999,"England, all specialties",first-release,3,4,False,316787,0.0442501127949,within18
2025-11,Part_2,monthly,C_999,"England, all specialties",first-release,4,5,False,283712,0.039630060581,within18
2025-11,Part_2,monthly,C_999,"England, all specialties",first-release,5,6,False,284408,0.0397272807274,within18
2025-11,Part_2,monthly,C_999,"England, all specialties",first-release,6,7,False,276065,0.0385618961281,within18
2025-11,Part_2,monthly,C_999,"England, all specialties",first-release,7,8,False,262120,0.0366140010979,within18
2025-11,Part_2,monthly,C_999,"England, all specialties",first-release,8,9,False,251451,0.0351237112394,within18
2025-11,Part_2,monthly,C_999,"England, all specialties",first-release,9,10,False,233592,0.0326290925701,within18
2025-11,Part_2,monthly,C_999,"England, all specialties",first-release,10,11,False,223526,0.0312230322349,within18
2025-11,Part_2,monthly,C_999,"England, all specialties",first-release,11,12,False,214807,0.0300051264071,within18
2025-11,Part_2,monthly,C_999,"England, all specialties",first-release,12,13,False,201862,0.0281969154953,within18
2025-11,Part_2,monthly,C_999,"England, all specialties",first-release,13,14,False,146701,0.0204917998438,within18
2025-11,Part_2,monthly,C_999,"England, all specialties",first-release,14,15,False,172830,0.0241416061718,within18
2025-11,Part_2,monthly,C_999,"England, all specialties",first-release,15,16,False,171286,0.0239259338931,within18
2025-11,Part_2,monthly,C_999,"England, all specialties",first-release,16,17,False,164746,0.0230123997592,within18
2025-11,Part_2,monthly,C_999,"England, all specialties",first-release,17,18,False,157053,0.0219378098368,within18
2025-11,Part_2,monthly,C_999,"England, all specialties",first-release,18,19,False,150096,0.0209660274256,middle
2025-11,Part_2,monthly,C_999,"England, all specialties",first-release,19,20,False,144823,0.0202294730696,middle
2025-11,Part_2,monthly,C_999,"England, all specialties",first-release,20,21,False,140075,0.0195662528757,middle
2025-11,Part_2,monthly,C_999,"England, all specialties",first-release,21,22,False,135187,0.0188834769053,middle
2025-11,Part_2,monthly,C_999,"England, all specialties",first-release,22,23,False,127637,0.0178288618119,middle
2025-11,Part_2,monthly,C_999,"England, all specialties",first-release,23,24,False,124730,0.0174228000799,middle
2025-11,Part_2,monthly,C_999,"England, all specialties",first-release,24,25,False,120525,0.0168354283623,middle
2025-11,Part_2,monthly,C_999,"England, all specialties",first-release,25,26,False,114788,0.0160340605754,middle
2025-11,Part_2,monthly,C_999,"England, all specialties",first-release,26,27,False,85493,0.0119420143288,middle
2025-11,Part_2,monthly,C_999,"England, all specialties",first-release,27,28,False,108274,0.0151241582286,middle
2025-11,Part_2,monthly,C_999,"England, all specialties",first-release,28,29,False,101983,0.0142454054401,middle
2025-11,Part_2,monthly,C_999,"England, all specialties",first-release,29,30,False,79229,0.0110670330115,middle
2025-11,Part_2,monthly,C_999,"England, all specialties",first-release,30,31,False,92304,0.0128934028588,middle
2025-11,Part_2,monthly,C_999,"England, all specialties",first-release,31,32,False,68677,0.00959308619488,middle
2025-11,Part_2,monthly,C_999,"England, all specialties",first-release,32,33,False,67727,0.00946038628246,middle
2025-11,Part_2,monthly,C_999,"England, all specialties",first-release,33,34,False,81118,0.0113308963111,middle
2025-11,Part_2,monthly,C_999,"England, all specialties",first-release,34,35,False,77546,0.0108319446404,middle
2025-11,Part_2,monthly,C_999,"England, all specialties",first-release,35,36,False,72502,0.0101273779475,middle
2025-11,Part_2,monthly,C_999,"England, all specialties",first-release,36,37,False,71082,0.00992902649947,middle
2025-11,Part_2,monthly,C_999,"England, all specialties",first-release,37,38,False,67291,0.00939948400687,middle
2025-11,Part_2,monthly,C_999,"England, all specialties",first-release,38,39,False,64390,0.00899426037958,middle
2025-11,Part_2,monthly,C_999,"England, all specialties",first-release,39,40,False,59168,0.00826482991363,middle
2025-11,Part_2,monthly,C_999,"England, all specialties",first-release,40,41,False,52238,0.00729681897357,middle
2025-11,Part_2,monthly,C_999,"England, all specialties",first-release,41,42,False,54359,0.00759308898856,middle
2025-11,Part_2,monthly,C_999,"England, all specialties",first-release,42,43,False,50397,0.00703966051172,middle
2025-11,Part_2,monthly,C_999,"England, all specialties",first-release,43,44,False,46161,0.00644795858645,middle
2025-11,Part_2,monthly,C_999,"England, all specialties",first-release,44,45,False,43664,0.00609916734297,middle
2025-11,Part_2,monthly,C_999,"England, all specialties",first-release,45,46,False,39969,0.00558303452572,middle
2025-11,Part_2,monthly,C_999,"England, all specialties",first-release,46,47,False,35098,0.00490263318531,middle
2025-11,Part_2,monthly,C_999,"England, all specialties",first-release,47,48,False,20833,0.00291003923727,middle
2025-11,Part_2,monthly,C_999,"England, all specialties",first-release,48,49,False,14538,0.00203072771235,middle
2025-11,Part_2,monthly,C_999,"England, all specialties",first-release,49,50,False,28843,0.00402890902513,middle
2025-11,Part_2,monthly,C_999,"England, all specialties",first-release,50,51,False,26578,0.0037125244971,middle
2025-11,Part_2,monthly,C_999,"England, all specialties",first-release,51,52,False,24704,0.00345075645934,middle
2025-11,Part_2,monthly,C_999,"England, all specialties",first-release,52,53,False,20956,0.00292722038382,over52
2025-11,Part_2,monthly,C_999,"England, all specialties",first-release,53,54,False,19268,0.00269143359207,over52
2025-11,Part_2,monthly,C_999,"England, all specialties",first-release,54,55,False,17601,0.00245858016681,over52
2025-11,Part_2,monthly,C_999,"England, all specialties",first-release,55,56,False,15984,0.00223271094746,over52
2025-11,Part_2,monthly,C_999,"England, all specialties",first-release,56,57,False,12784,0.00178572176879,over52
2025-11,Part_2,monthly,C_999,"England, all specialties",first-release,57,58,False,12301,0.00171825433964,over52
2025-11,Part_2,monthly,C_999,"England, all specialties",first-release,58,59,False,10930,0.0015267474134,over52
2025-11,Part_2,monthly,C_999,"England, all specialties",first-release,59,60,False,9843,0.00137491077677,over52
2025-11,Part_2,monthly,C_999,"England, all specialties",first-release,60,61,False,7570,0.00105740877579,over52
2025-11,Part_2,monthly,C_999,"England, all specialties",first-release,61,62,False,5597,0.00078181201032,over52
2025-11,Part_2,monthly,C_999,"England, all specialties",first-release,62,63,False,4496,0.000628019796033,over52
2025-11,Part_2,monthly,C_999,"England, all specialties",first-release,63,64,False,4090,0.000571308043989,over52
2025-11,Part_2,monthly,C_999,"England, all specialties",first-release,64,65,False,3307,0.000461935379333,over52
2025-11,Part_2,monthly,C_999,"England, all specialties",first-release,65,66,False,1085,0.000151557268393,over52
2025-11,Part_2,monthly,C_999,"England, all specialties",first-release,66,67,False,1149,0.000160497051967,over52
2025-11,Part_2,monthly,C_999,"England, all specialties",first-release,67,68,False,1001,0.000139823802453,over52
2025-11,Part_2,monthly,C_999,"England, all specialties",first-release,68,69,False,898,0.000125436338265,over52
2025-11,Part_2,monthly,C_999,"England, all specialties",first-release,69,70,False,692,9.66614098877e-05,over52
2025-11,Part_2,monthly,C_999,"England, all specialties",first-release,70,71,False,605,8.45088915926e-05,over52
2025-11,Part_2,monthly,C_999,"England, all specialties",first-release,71,72,False,472,6.5930903854e-05,over52
2025-11,Part_2,monthly,C_999,"England, all specialties",first-release,72,73,False,491,6.85849021024e-05,over52
2025-11,Part_2,monthly,C_999,"England, all specialties",first-release,73,74,False,390,5.44768061506e-05,over52
2025-11,Part_2,monthly,C_999,"England, all specialties",first-release,74,75,False,304,4.24639719738e-05,over52
2025-11,Part_2,monthly,C_999,"England, all specialties",first-release,75,76,False,331,4.62354431688e-05,over52
2025-11,Part_2,monthly,C_999,"England, all specialties",first-release,76,77,False,247,3.45019772287e-05,over52
2025-11,Part_2,monthly,C_999,"England, all specialties",first-release,77,78,False,244,3.40829248737e-05,over52
2025-11,Part_2,monthly,C_999,"England, all specialties",first-release,78,79,False,112,1.56446212535e-05,over52
2025-11,Part_2,monthly,C_999,"England, all specialties",first-release,79,80,False,160,2.23494589336e-05,over52
2025-11,Part_2,monthly,C_999,"England, all specialties",first-release,80,81,False,136,1.89970400935e-05,over52
2025-11,Part_2,monthly,C_999,"England, all specialties",first-release,81,82,False,96,1.34096753601e-05,over52
2025-11,Part_2,monthly,C_999,"England, all specialties",first-release,82,83,False,94,1.31303071235e-05,over52
2025-11,Part_2,monthly,C_999,"England, all specialties",first-release,83,84,False,82,1.14540977035e-05,over52
2025-11,Part_2,monthly,C_999,"England, all specialties",first-release,84,85,False,76,1.06159929934e-05,over52
2025-11,Part_2,monthly,C_999,"England, all specialties",first-release,85,86,False,50,6.98420591674e-06,over52
2025-11,Part_2,monthly,C_999,"England, all specialties",first-release,86,87,False,39,5.44768061506e-06,over52
2025-11,Part_2,monthly,C_999,"England, all specialties",first-release,87,88,False,39,5.44768061506e-06,over52
2025-11,Part_2,monthly,C_999,"England, all specialties",first-release,88,89,False,77,1.07556771118e-05,over52
2025-11,Part_2,monthly,C_999,"England, all specialties",first-release,89,90,False,35,4.88894414172e-06,over52
2025-11,Part_2,monthly,C_999,"England, all specialties",first-release,90,91,False,33,4.60957590505e-06,over52
2025-11,Part_2,monthly,C_999,"England, all specialties",first-release,91,92,False,31,4.33020766838e-06,over52
2025-11,Part_2,monthly,C_999,"England, all specialties",first-release,92,93,False,25,3.49210295837e-06,over52
2025-11,Part_2,monthly,C_999,"England, all specialties",first-release,93,94,False,32,4.46989178671e-06,over52
2025-11,Part_2,monthly,C_999,"England, all specialties",first-release,94,95,False,34,4.74926002338e-06,over52
2025-11,Part_2,monthly,C_999,"England, all specialties",first-release,95,96,False,27,3.77147119504e-06,over52
2025-11,Part_2,monthly,C_999,"England, all specialties",first-release,96,97,False,11,1.53652530168e-06,over52
2025-11,Part_2,monthly,C_999,"England, all specialties",first-release,97,98,False,16,2.23494589336e-06,over52
2025-11,Part_2,monthly,C_999,"England, all specialties",first-release,98,99,False,14,1.95557765669e-06,over52
2025-11,Part_2,monthly,C_999,"England, all specialties",first-release,99,100,False,22,3.07305060337e-06,over52
2025-11,Part_2,monthly,C_999,"England, all specialties",first-release,100,101,False,20,2.7936823667e-06,over52
2025-11,Part_2,monthly,C_999,"England, all specialties",first-release,101,102,False,17,2.37463001169e-06,over52
2025-11,Part_2,monthly,C_999,"England, all specialties",first-release,102,103,False,12,1.67620942002e-06,over52
2025-11,Part_2,monthly,C_999,"England, all specialties",first-release,103,104,False,18,2.51431413003e-06,over52
2025-11,Part_2,monthly,C_999,"England, all specialties",first-release,104,,True,177,2.47240889453e-05,over52
2025-12,Part_2,monthly,C_999,"England, all specialties",revised-or-established,0,1,False,196430,0.0272833692426,within18
2025-12,Part_2,monthly,C_999,"England, all specialties",revised-or-established,1,2,False,333005,0.0462531098846,within18
2025-12,Part_2,monthly,C_999,"England, all specialties",revised-or-established,2,3,False,336425,0.0467281346915,within18
2025-12,Part_2,monthly,C_999,"England, all specialties",revised-or-established,3,4,False,318487,0.0442366156899,within18
2025-12,Part_2,monthly,C_999,"England, all specialties",revised-or-established,4,5,False,305216,0.0423933249847,within18
2025-12,Part_2,monthly,C_999,"England, all specialties",revised-or-established,5,6,False,296675,0.0412070130329,within18
2025-12,Part_2,monthly,C_999,"England, all specialties",revised-or-established,6,7,False,284212,0.0394759504107,within18
2025-12,Part_2,monthly,C_999,"England, all specialties",revised-or-established,7,8,False,271740,0.0377436377233,within18
2025-12,Part_2,monthly,C_999,"England, all specialties",revised-or-established,8,9,False,247809,0.0344197141406,within18
2025-12,Part_2,monthly,C_999,"England, all specialties",revised-or-established,9,10,False,236207,0.032808241097,within18
2025-12,Part_2,monthly,C_999,"England, all specialties",revised-or-established,10,11,False,235575,0.0327204587351,within18
2025-12,Part_2,monthly,C_999,"England, all specialties",revised-or-established,11,12,False,228171,0.0316920716971,within18
2025-12,Part_2,monthly,C_999,"England, all specialties",revised-or-established,12,13,False,218870,0.030400198677,within18
2025-12,Part_2,monthly,C_999,"England, all specialties",revised-or-established,13,14,False,204125,0.028352175058,within18
2025-12,Part_2,monthly,C_999,"England, all specialties",revised-or-established,14,15,False,192409,0.0267248678542,within18
2025-12,Part_2,monthly,C_999,"England, all specialties",revised-or-established,15,16,False,184767,0.0256634235343,within18
2025-12,Part_2,monthly,C_999,"England, all specialties",revised-or-established,16,17,False,174588,0.0242495997013,within18
2025-12,Part_2,monthly,C_999,"England, all specialties",revised-or-established,17,18,False,159496,0.0221533791209,within18
2025-12,Part_2,monthly,C_999,"England, all specialties",revised-or-established,18,19,False,113122,0.0157122094154,middle
2025-12,Part_2,monthly,C_999,"England, all specialties",revised-or-established,19,20,False,140042,0.0194512935676,middle
2025-12,Part_2,monthly,C_999,"England, all specialties",revised-or-established,20,21,False,135679,0.0188452896985,middle
2025-12,Part_2,monthly,C_999,"England, all specialties",revised-or-established,21,22,False,132739,0.0184369350399,middle
2025-12,Part_2,monthly,C_999,"England, all specialties",revised-or-established,22,23,False,126359,0.0175507776517,middle
2025-12,Part_2,monthly,C_999,"England, all specialties",revised-or-established,23,24,False,125465,0.0174266045005,middle
2025-12,Part_2,monthly,C_999,"England, all specialties",revised-or-established,24,25,False,119867,0.0166490638956,middle
2025-12,Part_2,monthly,C_999,"England, all specialties",revised-or-established,25,26,False,116400,0.01616751097,middle
2025-12,Part_2,monthly,C_999,"England, all specialties",revised-or-established,26,27,False,111586,0.0154988649407,middle
2025-12,Part_2,monthly,C_999,"England, all specialties",revised-or-established,27,28,False,106704,0.0148207739738,middle
2025-12,Part_2,monthly,C_999,"England, all specialties",revised-or-established,28,29,False,105027,0.014587845143,middle
2025-12,Part_2,monthly,C_999,"England, all specialties",revised-or-established,29,30,False,100499,0.0139589234104,middle
2025-12,Part_2,monthly,C_999,"England, all specialties",revised-or-established,30,31,False,94139,0.0130755439451,middle
2025-12,Part_2,monthly,C_999,"England, all specialties",revised-or-established,31,32,False,74801,0.0103895703442,middle
2025-12,Part_2,monthly,C_999,"England, all specialties",revised-or-established,32,33,False,89997,0.0125002361234,middle
2025-12,Part_2,monthly,C_999,"England, all specialties",revised-or-established,33,34,False,83533,0.0116024114593,middle
2025-12,Part_2,monthly,C_999,"England, all specialties",revised-or-established,34,35,False,65385,0.00908172426782,middle
2025-12,Part_2,monthly,C_999,"England, all specialties",revised-or-established,35,36,False,74124,0.0102955376559,middle
2025-12,Part_2,monthly,C_999,"England, all specialties",revised-or-established,36,37,False,44352,0.00616032170569,middle
2025-12,Part_2,monthly,C_999,"England, all specialties",revised-or-established,37,38,False,67896,0.00943049248127,middle
2025-12,Part_2,monthly,C_999,"England, all specialties",revised-or-established,38,39,False,66112,0.00918270176331,middle
2025-12,Part_2,monthly,C_999,"England, all specialties",revised-or-established,39,40,False,60531,0.00840752239284,middle
2025-12,Part_2,monthly,C_999,"England, all specialties",revised-or-established,40,41,False,57949,0.00804889255328,middle
2025-12,Part_2,monthly,C_999,"England, all specialties",revised-or-established,41,42,False,55146,0.00765956666626,middle
2025-12,Part_2,monthly,C_999,"England, all specialties",revised-or-established,42,43,False,52988,0.00735982879106,middle
2025-12,Part_2,monthly,C_999,"England, all specialties",revised-or-established,43,44,False,48561,0.00674493556886,middle
2025-12,Part_2,monthly,C_999,"England, all specialties",revised-or-established,44,45,False,42581,0.00591433663758,middle
2025-12,Part_2,monthly,C_999,"England, all specialties",revised-or-established,45,46,False,41299,0.00573627178308,middle
2025-12,Part_2,monthly,C_999,"England, all specialties",revised-or-established,46,47,False,39998,0.00555556790188,middle
2025-12,Part_2,monthly,C_999,"England, all specialties",revised-or-established,47,48,False,35758,0.0049666482583,middle
2025-12,Part_2,monthly,C_999,"England, all specialties",revised-or-established,48,49,False,32911,0.00457121094102,middle
2025-12,Part_2,monthly,C_999,"England, all specialties",revised-or-established,49,50,False,30035,0.00417174563561,middle
2025-12,Part_2,monthly,C_999,"England, all specialties",revised-or-established,50,51,False,26364,0.00366185789702,middle
2025-12,Part_2,monthly,C_999,"England, all specialties",revised-or-established,51,52,False,18757,0.00260527494214,middle
2025-12,Part_2,monthly,C_999,"England, all specialties",revised-or-established,52,53,False,8496,0.00118006162544,over52
2025-12,Part_2,monthly,C_999,"England, all specialties",revised-or-established,53,54,False,16297,0.00226359043194,over52
2025-12,Part_2,monthly,C_999,"England, all specialties",revised-or-established,54,55,False,16974,0.00235762312032,over52
2025-12,Part_2,monthly,C_999,"England, all specialties",revised-or-established,55,56,False,15468,0.00214844552993,over52
2025-12,Part_2,monthly,C_999,"England, all specialties",revised-or-established,56,57,False,13839,0.00192218371404,over52
2025-12,Part_2,monthly,C_999,"England, all specialties",revised-or-established,57,58,False,12277,0.00170522793968,over52
2025-12,Part_2,monthly,C_999,"England, all specialties",revised-or-established,58,59,False,11058,0.00153591354215,over52
2025-12,Part_2,monthly,C_999,"England, all specialties",revised-or-established,59,60,False,9670,0.00134312569656,over52
2025-12,Part_2,monthly,C_999,"England, all specialties",revised-or-established,60,61,False,7681,0.00106686126942,over52
2025-12,Part_2,monthly,C_999,"England, all specialties",revised-or-established,61,62,False,6147,0.000853794587051,over52
2025-12,Part_2,monthly,C_999,"England, all specialties",revised-or-established,62,63,False,5442,0.000755872806691,over52
2025-12,Part_2,monthly,C_999,"England, all specialties",revised-or-established,63,64,False,4530,0.000629199524864,over52
2025-12,Part_2,monthly,C_999,"England, all specialties",revised-or-established,64,65,False,3528,0.000490025590225,over52
2025-12,Part_2,monthly,C_999,"England, all specialties",revised-or-established,65,66,False,970,0.000134729258083,over52
2025-12,Part_2,monthly,C_999,"England, all specialties",revised-or-established,66,67,False,790,0.00010972795246,over52
2025-12,Part_2,monthly,C_999,"England, all specialties",revised-or-established,67,68,False,680,9.44493768008e-05,over52
2025-12,Part_2,monthly,C_999,"England, all specialties",revised-or-established,68,69,False,685,9.51438575126e-05,over52
2025-12,Part_2,monthly,C_999,"England, all specialties",revised-or-established,69,70,False,473,6.56978753335e-05,over52
2025-12,Part_2,monthly,C_999,"England, all specialties",revised-or-established,70,71,False,335,4.65302076886e-05,over52
2025-12,Part_2,monthly,C_999,"England, all specialties",revised-or-established,71,72,False,394,5.47250800875e-05,over52
2025-12,Part_2,monthly,C_999,"England, all specialties",revised-or-established,72,73,False,303,4.20855311333e-05,over52
2025-12,Part_2,monthly,C_999,"England, all specialties",revised-or-established,73,74,False,315,4.37522848415e-05,over52
2025-12,Part_2,monthly,C_999,"England, all specialties",revised-or-established,74,75,False,247,3.43073471615e-05,over52
2025-12,Part_2,monthly,C_999,"England, all specialties",revised-or-established,75,76,False,209,2.9029293752e-05,over52
2025-12,Part_2,monthly,C_999,"England, all specialties",revised-or-established,76,77,False,185,2.56957863355e-05,over52
2025-12,Part_2,monthly,C_999,"England, all specialties",revised-or-established,77,78,False,206,2.86126053249e-05,over52
2025-12,Part_2,monthly,C_999,"England, all specialties",revised-or-established,78,79,False,168,2.33345519155e-05,over52
2025-12,Part_2,monthly,C_999,"England, all specialties",revised-or-established,79,80,False,133,1.84731869331e-05,over52
2025-12,Part_2,monthly,C_999,"England, all specialties",revised-or-established,80,81,False,130,1.8056498506e-05,over52
2025-12,Part_2,monthly,C_999,"England, all specialties",revised-or-established,81,82,False,106,1.47229910895e-05,over52
2025-12,Part_2,monthly,C_999,"England, all specialties",revised-or-established,82,83,False,88,1.22228605272e-05,over52
2025-12,Part_2,monthly,C_999,"England, all specialties",revised-or-established,83,84,False,69,9.58383382243e-06,over52
2025-12,Part_2,monthly,C_999,"England, all specialties",revised-or-established,84,85,False,72,1.00005222495e-05,over52
2025-12,Part_2,monthly,C_999,"England, all specialties",revised-or-established,85,86,False,78,1.08338991036e-05,over52
2025-12,Part_2,monthly,C_999,"England, all specialties",revised-or-established,86,87,False,37,5.1391572671e-06,over52
2025-12,Part_2,monthly,C_999,"England, all specialties",revised-or-established,87,88,False,53,7.36149554477e-06,over52
2025-12,Part_2,monthly,C_999,"England, all specialties",revised-or-established,88,89,False,37,5.1391572671e-06,over52
2025-12,Part_2,monthly,C_999,"England, all specialties",revised-or-established,89,90,False,37,5.1391572671e-06,over52
2025-12,Part_2,monthly,C_999,"England, all specialties",revised-or-established,90,91,False,30,4.16688427062e-06,over52
2025-12,Part_2,monthly,C_999,"England, all specialties",revised-or-established,91,92,False,20,2.77792284708e-06,over52
2025-12,Part_2,monthly,C_999,"England, all specialties",revised-or-established,92,93,False,37,5.1391572671e-06,over52
2025-12,Part_2,monthly,C_999,"England, all specialties",revised-or-established,93,94,False,56,7.77818397183e-06,over52
2025-12,Part_2,monthly,C_999,"England, all specialties",revised-or-established,94,95,False,19,2.63902670473e-06,over52
2025-12,Part_2,monthly,C_999,"England, all specialties",revised-or-established,95,96,False,20,2.77792284708e-06,over52
2025-12,Part_2,monthly,C_999,"England, all specialties",revised-or-established,96,97,False,13,1.8056498506e-06,over52
2025-12,Part_2,monthly,C_999,"England, all specialties",revised-or-established,97,98,False,20,2.77792284708e-06,over52
2025-12,Part_2,monthly,C_999,"England, all specialties",revised-or-established,98,99,False,23,3.19461127414e-06,over52
2025-12,Part_2,monthly,C_999,"England, all specialties",revised-or-established,99,100,False,11,1.5278575659e-06,over52
2025-12,Part_2,monthly,C_999,"England, all specialties",revised-or-established,100,101,False,13,1.8056498506e-06,over52
2025-12,Part_2,monthly,C_999,"England, all specialties",revised-or-established,101,102,False,6,8.33376854125e-07,over52
2025-12,Part_2,monthly,C_999,"England, all specialties",revised-or-established,102,103,False,7,9.72272996479e-07,over52
2025-12,Part_2,monthly,C_999,"England, all specialties",revised-or-established,103,104,False,6,8.33376854125e-07,over52
2025-12,Part_2,monthly,C_999,"England, all specialties",revised-or-established,104,,True,223,3.0973839745e-05,over52
2026-01,Part_2,monthly,C_999,"England, all specialties",first-release,0,1,False,381377,0.0532950305186,within18
2026-01,Part_2,monthly,C_999,"England, all specialties",first-release,1,2,False,375886,0.0525276978987,within18
2026-01,Part_2,monthly,C_999,"England, all specialties",first-release,2,3,False,347536,0.0485659641938,within18
2026-01,Part_2,monthly,C_999,"England, all specialties",first-release,3,4,False,308884,0.0431645909604,within18
2026-01,Part_2,monthly,C_999,"England, all specialties",first-release,4,5,False,168271,0.0235148110148,within18
2026-01,Part_2,monthly,C_999,"England, all specialties",first-release,5,6,False,158188,0.0221057753553,within18
2026-01,Part_2,monthly,C_999,"England, all specialties",first-release,6,7,False,273411,0.0382074629281,within18
2026-01,Part_2,monthly,C_999,"England, all specialties",first-release,7,8,False,262704,0.036711227204,within18
2026-01,Part_2,monthly,C_999,"England, all specialties",first-release,8,9,False,253789,0.0354654121782,within18
2026-01,Part_2,monthly,C_999,"England, all specialties",first-release,9,10,False,243731,0.034059870111,within18
2026-01,Part_2,monthly,C_999,"England, all specialties",first-release,10,11,False,235777,0.0329483487745,within18
2026-01,Part_2,monthly,C_999,"England, all specialties",first-release,11,12,False,230002,0.0321413289458,within18
2026-01,Part_2,monthly,C_999,"England, all specialties",first-release,12,13,False,217663,0.0304170315142,within18
2026-01,Part_2,monthly,C_999,"England, all specialties",first-release,13,14,False,194490,0.0271787509094,within18
2026-01,Part_2,monthly,C_999,"England, all specialties",first-release,14,15,False,196973,0.0275257344998,within18
2026-01,Part_2,monthly,C_999,"England, all specialties",first-release,15,16,False,192356,0.0268805378679,within18
2026-01,Part_2,monthly,C_999,"England, all specialties",first-release,16,17,False,182019,0.0254360073103,within18
2026-01,Part_2,monthly,C_999,"England, all specialties",first-release,17,18,False,172901,0.0241618243148,within18
2026-01,Part_2,monthly,C_999,"England, all specialties",first-release,18,19,False,153004,0.0213813440493,middle
2026-01,Part_2,monthly,C_999,"England, all specialties",first-release,19,20,False,146120,0.0204193484646,middle
2026-01,Part_2,monthly,C_999,"England, all specialties",first-release,20,21,False,140723,0.0196651517519,middle
2026-01,Part_2,monthly,C_999,"England, all specialties",first-release,21,22,False,133015,0.0185880073639,middle
2026-01,Part_2,monthly,C_999,"England, all specialties",first-release,22,23,False,96260,0.0134517279168,middle
2026-01,Part_2,monthly,C_999,"England, all specialties",first-release,23,24,False,115616,0.0161566068443,middle
2026-01,Part_2,monthly,C_999,"England, all specialties",first-release,24,25,False,114630,0.0160188195627,middle
2026-01,Part_2,monthly,C_999,"England, all specialties",first-release,25,26,False,110479,0.0154387434918,middle
2026-01,Part_2,monthly,C_999,"England, all specialties",first-release,26,27,False,104620,0.0146199851928,middle
2026-01,Part_2,monthly,C_999,"England, all specialties",first-release,27,28,False,104501,0.0146033556933,middle
2026-01,Part_2,monthly,C_999,"England, all specialties",first-release,28,29,False,100728,0.0140761027384,middle
2026-01,Part_2,monthly,C_999,"England, all specialties",first-release,29,30,False,98217,0.0137252063246,middle
2026-01,Part_2,monthly,C_999,"England, all specialties",first-release,30,31,False,94455,0.0131994905504,middle
2026-01,Part_2,monthly,C_999,"England, all specialties",first-release,31,32,False,89654,0.0125285810789,middle
2026-01,Part_2,monthly,C_999,"England, all specialties",first-release,32,33,False,87486,0.0122256167518,middle
2026-01,Part_2,monthly,C_999,"England, all specialties",first-release,33,34,False,84151,0.0117595715347,middle
2026-01,Part_2,monthly,C_999,"England, all specialties",first-release,34,35,False,80110,0.01119486727,middle
2026-01,Part_2,monthly,C_999,"England, all specialties",first-release,35,36,False,58946,0.0082373317451,middle
2026-01,Part_2,monthly,C_999,"England, all specialties",first-release,36,37,False,74931,0.0104711346825,middle
2026-01,Part_2,monthly,C_999,"England, all specialties",first-release,37,38,False,69464,0.0097071559112,middle
2026-01,Part_2,monthly,C_999,"England, all specialties",first-release,38,39,False,53568,0.00748579016255,middle
2026-01,Part_2,monthly,C_999,"England, all specialties",first-release,39,40,False,61427,0.00858403584817,middle
2026-01,Part_2,monthly,C_999,"England, all specialties",first-release,40,41,False,44375,0.00620112639007,middle
2026-01,Part_2,monthly,C_999,"England, all specialties",first-release,41,42,False,44067,0.00615808533253,middle
2026-01,Part_2,monthly,C_999,"England, all specialties",first-release,42,43,False,51965,0.00726178102219,middle
2026-01,Part_2,monthly,C_999,"England, all specialties",first-release,43,44,False,47722,0.00666884853153,middle
2026-01,Part_2,monthly,C_999,"England, all specialties",first-release,44,45,False,42728,0.0059709685272,middle
2026-01,Part_2,monthly,C_999,"England, all specialties",first-release,45,46,False,41003,0.00572991065627,middle
2026-01,Part_2,monthly,C_999,"England, all specialties",first-release,46,47,False,37906,0.00529712443813,middle
2026-01,Part_2,monthly,C_999,"England, all specialties",first-release,47,48,False,35712,0.00499052677503,middle
2026-01,Part_2,monthly,C_999,"England, all specialties",first-release,48,49,False,30946,0.00432450833278,middle
2026-01,Part_2,monthly,C_999,"England, all specialties",first-release,49,50,False,26838,0.00375044124071,middle
2026-01,Part_2,monthly,C_999,"England, all specialties",first-release,50,51,False,26840,0.0037507207281,middle
2026-01,Part_2,monthly,C_999,"England, all specialties",first-release,51,52,False,23933,0.00334448581168,middle
2026-01,Part_2,monthly,C_999,"England, all specialties",first-release,52,53,False,20380,0.0028479764694,over52
2026-01,Part_2,monthly,C_999,"England, all specialties",first-release,53,54,False,18364,0.00256625318371,over52
2026-01,Part_2,monthly,C_999,"England, all specialties",first-release,54,55,False,15932,0.00222639652161,over52
2026-01,Part_2,monthly,C_999,"England, all specialties",first-release,55,56,False,13394,0.00187172702802,over52
2026-01,Part_2,monthly,C_999,"England, all specialties",first-release,56,57,False,7772,0.00108608798431,over52
2026-01,Part_2,monthly,C_999,"England, all specialties",first-release,57,58,False,5092,0.00071157488627,over52
2026-01,Part_2,monthly,C_999,"England, all specialties",first-release,58,59,False,10002,0.00139771642036,over52
2026-01,Part_2,monthly,C_999,"England, all specialties",first-release,59,60,False,8781,0.00122708937084,over52
2026-01,Part_2,monthly,C_999,"England, all specialties",first-release,60,61,False,7812,0.00109167773204,over52
2026-01,Part_2,monthly,C_999,"England, all specialties",first-release,61,62,False,6160,0.000860821150711,over52
2026-01,Part_2,monthly,C_999,"England, all specialties",first-release,62,63,False,5083,0.00071031719303,over52
2026-01,Part_2,monthly,C_999,"England, all specialties",first-release,63,64,False,4283,0.000598522238392,over52
2026-01,Part_2,monthly,C_999,"England, all specialties",first-release,64,65,False,3388,0.000473451632891,over52
2026-01,Part_2,monthly,C_999,"England, all specialties",first-release,65,66,False,963,0.000134573176645,over52
2026-01,Part_2,monthly,C_999,"England, all specialties",first-release,66,67,False,917,0.000128144966754,over52
2026-01,Part_2,monthly,C_999,"England, all specialties",first-release,67,68,False,776,0.000108441105999,over52
2026-01,Part_2,monthly,C_999,"England, all specialties",first-release,68,69,False,643,8.98551947901e-05,over52
2026-01,Part_2,monthly,C_999,"England, all specialties",first-release,69,70,False,498,6.9592359262e-05,over52
2026-01,Part_2,monthly,C_999,"England, all specialties",first-release,70,71,False,379,5.29628597597e-05,over52
2026-01,Part_2,monthly,C_999,"England, all specialties",first-release,71,72,False,303,4.23423390691e-05,over52
2026-01,Part_2,monthly,C_999,"England, all specialties",first-release,72,73,False,305,4.26218264557e-05,over52
2026-01,Part_2,monthly,C_999,"England, all specialties",first-release,73,74,False,291,4.06654147495e-05,over52
2026-01,Part_2,monthly,C_999,"England, all specialties",first-release,74,75,False,167,2.33371967806e-05,over52
2026-01,Part_2,monthly,C_999,"England, all specialties",first-release,75,76,False,208,2.90666882058e-05,over52
2026-01,Part_2,monthly,C_999,"England, all specialties",first-release,76,77,False,189,2.64115580332e-05,over52
2026-01,Part_2,monthly,C_999,"England, all specialties",first-release,77,78,False,164,2.29179657007e-05,over52
2026-01,Part_2,monthly,C_999,"England, all specialties",first-release,78,79,False,140,1.95641170616e-05,over52
2026-01,Part_2,monthly,C_999,"England, all specialties",first-release,79,80,False,147,2.05423229147e-05,over52
2026-01,Part_2,monthly,C_999,"England, all specialties",first-release,80,81,False,115,1.60705247292e-05,over52
2026-01,Part_2,monthly,C_999,"England, all specialties",first-release,81,82,False,136,1.90051422884e-05,over52
2026-01,Part_2,monthly,C_999,"England, all specialties",first-release,82,83,False,109,1.52320625694e-05,over52
2026-01,Part_2,monthly,C_999,"England, all specialties",first-release,83,84,False,94,1.31359071699e-05,over52
2026-01,Part_2,monthly,C_999,"England, all specialties",first-release,84,85,False,117,1.63500121158e-05,over52
2026-01,Part_2,monthly,C_999,"England, all specialties",first-release,85,86,False,70,9.78205853081e-06,over52
2026-01,Part_2,monthly,C_999,"England, all specialties",first-release,86,87,False,55,7.68590313135e-06,over52
2026-01,Part_2,monthly,C_999,"England, all specialties",first-release,87,88,False,37,5.170516652e-06,over52
2026-01,Part_2,monthly,C_999,"England, all specialties",first-release,88,89,False,62,8.66410898443e-06,over52
2026-01,Part_2,monthly,C_999,"England, all specialties",first-release,89,90,False,47,6.56795358497e-06,over52
2026-01,Part_2,monthly,C_999,"England, all specialties",first-release,90,91,False,28,3.91282341232e-06,over52
2026-01,Part_2,monthly,C_999,"England, all specialties",first-release,91,92,False,30,4.19231079892e-06,over52
2026-01,Part_2,monthly,C_999,"England, all specialties",first-release,92,93,False,29,4.05256710562e-06,over52
2026-01,Part_2,monthly,C_999,"England, all specialties",first-release,93,94,False,28,3.91282341232e-06,over52
2026-01,Part_2,monthly,C_999,"England, all specialties",first-release,94,95,False,21,2.93461755924e-06,over52
2026-01,Part_2,monthly,C_999,"England, all specialties",first-release,95,96,False,17,2.37564278605e-06,over52
2026-01,Part_2,monthly,C_999,"England, all specialties",first-release,96,97,False,22,3.07436125254e-06,over52
2026-01,Part_2,monthly,C_999,"England, all specialties",first-release,97,98,False,41,5.72949142519e-06,over52
2026-01,Part_2,monthly,C_999,"England, all specialties",first-release,98,99,False,14,1.95641170616e-06,over52
2026-01,Part_2,monthly,C_999,"England, all specialties",first-release,99,100,False,11,1.53718062627e-06,over52
2026-01,Part_2,monthly,C_999,"England, all specialties",first-release,100,101,False,13,1.81666801286e-06,over52
2026-01,Part_2,monthly,C_999,"England, all specialties",first-release,101,102,False,7,9.78205853081e-07,over52
2026-01,Part_2,monthly,C_999,"England, all specialties",first-release,102,103,False,12,1.67692431957e-06,over52
2026-01,Part_2,monthly,C_999,"England, all specialties",first-release,103,104,False,12,1.67692431957e-06,over52
2026-01,Part_2,monthly,C_999,"England, all specialties",first-release,104,,True,200,2.79487386594e-05,over52
2026-02,Part_2,monthly,C_999,"England, all specialties",first-release,0,1,False,379125,0.0532108847891,within18
2026-02,Part_2,monthly,C_999,"England, all specialties",first-release,1,2,False,357047,0.0501121972471,within18
2026-02,Part_2,monthly,C_999,"England, all specialties",first-release,2,3,False,361393,0.0507221662686,within18
2026-02,Part_2,monthly,C_999,"England, all specialties",first-release,3,4,False,344183,0.0483067113996,within18
2026-02,Part_2,monthly,C_999,"England, all specialties",first-release,4,5,False,318105,0.0446466165667,within18
2026-02,Part_2,monthly,C_999,"England, all specialties",first-release,5,6,False,302999,0.0425264619327,within18
2026-02,Part_2,monthly,C_999,"England, all specialties",first-release,6,7,False,281632,0.0395275645366,within18
2026-02,Part_2,monthly,C_999,"England, all specialties",first-release,7,8,False,253353,0.0355585553418,within18
2026-02,Part_2,monthly,C_999,"England, all specialties",first-release,8,9,False,137936,0.0193595690189,within18
2026-02,Part_2,monthly,C_999,"England, all specialties",first-release,9,10,False,130872,0.0183681237431,within18
2026-02,Part_2,monthly,C_999,"England, all specialties",first-release,10,11,False,227738,0.0319634434028,within18
2026-02,Part_2,monthly,C_999,"England, all specialties",first-release,11,12,False,220306,0.0309203486564,within18
2026-02,Part_2,monthly,C_999,"England, all specialties",first-release,12,13,False,213627,0.0299829388324,within18
2026-02,Part_2,monthly,C_999,"England, all specialties",first-release,13,14,False,204455,0.0286956319144,within18
2026-02,Part_2,monthly,C_999,"England, all specialties",first-release,14,15,False,197109,0.0276646074247,within18
2026-02,Part_2,monthly,C_999,"England, all specialties",first-release,15,16,False,191011,0.0268087420098,within18
2026-02,Part_2,monthly,C_999,"England, all specialties",first-release,16,17,False,178021,0.0249855718326,within18
2026-02,Part_2,monthly,C_999,"England, all specialties",first-release,17,18,False,157349,0.0220842189533,within18
2026-02,Part_2,monthly,C_999,"England, all specialties",first-release,18,19,False,152550,0.0214106705561,middle
2026-02,Part_2,monthly,C_999,"England, all specialties",first-release,19,20,False,147881,0.0207553678958,middle
2026-02,Part_2,monthly,C_999,"England, all specialties",first-release,20,21,False,140420,0.0197082029465,middle
2026-02,Part_2,monthly,C_999,"England, all specialties",first-release,21,22,False,134956,0.0189413205871,middle
2026-02,Part_2,monthly,C_999,"England, all specialties",first-release,22,23,False,124428,0.0174636965975,middle
2026-02,Part_2,monthly,C_999,"England, all specialties",first-release,23,24,False,119335,0.0167488847644,middle
2026-02,Part_2,monthly,C_999,"England, all specialties",first-release,24,25,False,115505,0.0162113372834,middle
2026-02,Part_2,monthly,C_999,"England, all specialties",first-release,25,26,False,109022,0.0153014364167,middle
2026-02,Part_2,monthly,C_999,"England, all specialties",first-release,26,27,False,78116,0.0109637229837,middle
2026-02,Part_2,monthly,C_999,"England, all specialties",first-release,27,28,False,94207,0.0132221241631,middle
2026-02,Part_2,monthly,C_999,"England, all specialties",first-release,28,29,False,93089,0.0130652108253,middle
2026-02,Part_2,monthly,C_999,"England, all specialties",first-release,29,30,False,90141,0.0126514536519,middle
2026-02,Part_2,monthly,C_999,"England, all specialties",first-release,30,31,False,86375,0.0121228886875,middle
2026-02,Part_2,monthly,C_999,"England, all specialties",first-release,31,32,False,85570,0.0120099054702,middle
2026-02,Part_2,monthly,C_999,"England, all specialties",first-release,32,33,False,81947,0.0115014108165,middle
2026-02,Part_2,monthly,C_999,"England, all specialties",first-release,33,34,False,79436,0.0111489873897,middle
2026-02,Part_2,monthly,C_999,"England, all specialties",first-release,34,35,False,76074,0.0106771245617,middle
2026-02,Part_2,monthly,C_999,"England, all specialties",first-release,35,36,False,71398,0.0100208394386,middle
2026-02,Part_2,monthly,C_999,"England, all specialties",first-release,36,37,False,69228,0.00971627598333,middle
2026-02,Part_2,monthly,C_999,"England, all specialties",first-release,37,38,False,66010,0.00926462381782,middle
2026-02,Part_2,monthly,C_999,"England, all specialties",first-release,38,39,False,62563,0.0087808310849,middle
2026-02,Part_2,monthly,C_999,"England, all specialties",first-release,39,40,False,45055,0.0063235513727,middle
2026-02,Part_2,monthly,C_999,"England, all specialties",first-release,40,41,False,57270,0.00803794888723,middle
2026-02,Part_2,monthly,C_999,"England, all specialties",first-release,41,42,False,52168,0.00732187388771,middle
2026-02,Part_2,monthly,C_999,"England, all specialties",first-release,42,43,False,40103,0.00562852914658,middle
2026-02,Part_2,monthly,C_999,"England, all specialties",first-release,43,44,False,45160,0.00633828831408,middle
2026-02,Part_2,monthly,C_999,"England, all specialties",first-release,44,45,False,32100,0.00450529350935,middle
2026-02,Part_2,monthly,C_999,"England, all specialties",first-release,45,46,False,30977,0.00434767841243,middle
2026-02,Part_2,monthly,C_999,"England, all specialties",first-release,46,47,False,36349,0.00510164840409,middle
2026-02,Part_2,monthly,C_999,"England, all specialties",first-release,47,48,False,32213,0.00452115326531,middle
2026-02,Part_2,monthly,C_999,"England, all specialties",first-release,48,49,False,27289,0.00383006089023,middle
2026-02,Part_2,monthly,C_999,"England, all specialties",first-release,49,50,False,25910,0.0036365157267,middle
2026-02,Part_2,monthly,C_999,"England, all specialties",first-release,50,51,False,23467,0.00329363622379,middle
2026-02,Part_2,monthly,C_999,"England, all specialties",first-release,51,52,False,21508,0.00301868700308,middle
2026-02,Part_2,monthly,C_999,"England, all specialties",first-release,52,53,False,17417,0.00244450769633,over52
2026-02,Part_2,monthly,C_999,"England, all specialties",first-release,53,54,False,14826,0.00208085612366,over52
2026-02,Part_2,monthly,C_999,"England, all specialties",first-release,54,55,False,14751,0.00207032973696,over52
2026-02,Part_2,monthly,C_999,"England, all specialties",first-release,55,56,False,13161,0.00184717033883,over52
2026-02,Part_2,monthly,C_999,"England, all specialties",first-release,56,57,False,11219,0.00157460709911,over52
2026-02,Part_2,monthly,C_999,"England, all specialties",first-release,57,58,False,10155,0.00142527275973,over52
2026-02,Part_2,monthly,C_999,"England, all specialties",first-release,58,59,False,8595,0.00120632391629,over52
2026-02,Part_2,monthly,C_999,"England, all specialties",first-release,59,60,False,7099,0.000996357589497,over52
2026-02,Part_2,monthly,C_999,"England, all specialties",first-release,60,61,False,3682,0.000516775411259,over52
2026-02,Part_2,monthly,C_999,"England, all specialties",first-release,61,62,False,2598,0.000364634035429,over52
2026-02,Part_2,monthly,C_999,"England, all specialties",first-release,62,63,False,4155,0.000583161823406,over52
2026-02,Part_2,monthly,C_999,"England, all specialties",first-release,63,64,False,3545,0.000497547211546,over52
2026-02,Part_2,monthly,C_999,"England, all specialties",first-release,64,65,False,2942,0.000412915062445,over52
2026-02,Part_2,monthly,C_999,"England, all specialties",first-release,65,66,False,841,0.000118035882908,over52
2026-02,Part_2,monthly,C_999,"England, all specialties",first-release,66,67,False,829,0.000116351661036,over52
2026-02,Part_2,monthly,C_999,"England, all specialties",first-release,67,68,False,790,0.00011087793995,over52
2026-02,Part_2,monthly,C_999,"England, all specialties",first-release,68,69,False,625,8.77198892007e-05,over52
2026-02,Part_2,monthly,C_999,"England, all specialties",first-release,69,70,False,370,5.19301744068e-05,over52
2026-02,Part_2,monthly,C_999,"England, all specialties",first-release,70,71,False,371,5.20705262295e-05,over52
2026-02,Part_2,monthly,C_999,"England, all specialties",first-release,71,72,False,301,4.2245898639e-05,over52
2026-02,Part_2,monthly,C_999,"England, all specialties",first-release,72,73,False,283,3.97195658301e-05,over52
2026-02,Part_2,monthly,C_999,"England, all specialties",first-release,73,74,False,252,3.53686593257e-05,over52
2026-02,Part_2,monthly,C_999,"England, all specialties",first-release,74,75,False,194,2.72282536079e-05,over52
2026-02,Part_2,monthly,C_999,"England, all specialties",first-release,75,76,False,166,2.32984025717e-05,over52
2026-02,Part_2,monthly,C_999,"England, all specialties",first-release,76,77,False,162,2.27369952808e-05,over52
2026-02,Part_2,monthly,C_999,"England, all specialties",first-release,77,78,False,167,2.34387543944e-05,over52
2026-02,Part_2,monthly,C_999,"England, all specialties",first-release,78,79,False,78,1.09474421722e-05,over52
2026-02,Part_2,monthly,C_999,"England, all specialties",first-release,79,80,False,103,1.44562377403e-05,over52
2026-02,Part_2,monthly,C_999,"England, all specialties",first-release,80,81,False,91,1.27720158676e-05,over52
2026-02,Part_2,monthly,C_999,"England, all specialties",first-release,81,82,False,99,1.38948304494e-05,over52
2026-02,Part_2,monthly,C_999,"England, all specialties",first-release,82,83,False,83,1.16492012858e-05,over52
2026-02,Part_2,monthly,C_999,"England, all specialties",first-release,83,84,False,91,1.27720158676e-05,over52
2026-02,Part_2,monthly,C_999,"England, all specialties",first-release,84,85,False,68,9.54392394503e-06,over52
2026-02,Part_2,monthly,C_999,"England, all specialties",first-release,85,86,False,76,1.06667385268e-05,over52
2026-02,Part_2,monthly,C_999,"England, all specialties",first-release,86,87,False,55,7.71935024966e-06,over52
2026-02,Part_2,monthly,C_999,"England, all specialties",first-release,87,88,False,45,6.31583202245e-06,over52
2026-02,Part_2,monthly,C_999,"England, all specialties",first-release,88,89,False,61,8.56146118598e-06,over52
2026-02,Part_2,monthly,C_999,"England, all specialties",first-release,89,90,False,45,6.31583202245e-06,over52
2026-02,Part_2,monthly,C_999,"England, all specialties",first-release,90,91,False,37,5.19301744068e-06,over52
2026-02,Part_2,monthly,C_999,"England, all specialties",first-release,91,92,False,22,3.08774009986e-06,over52
2026-02,Part_2,monthly,C_999,"England, all specialties",first-release,92,93,False,40,5.61407290884e-06,over52
2026-02,Part_2,monthly,C_999,"England, all specialties",first-release,93,94,False,33,4.63161014979e-06,over52
2026-02,Part_2,monthly,C_999,"England, all specialties",first-release,94,95,False,19,2.6666846317e-06,over52
2026-02,Part_2,monthly,C_999,"England, all specialties",first-release,95,96,False,22,3.08774009986e-06,over52
2026-02,Part_2,monthly,C_999,"England, all specialties",first-release,96,97,False,17,2.38598098626e-06,over52
2026-02,Part_2,monthly,C_999,"England, all specialties",first-release,97,98,False,15,2.10527734082e-06,over52
2026-02,Part_2,monthly,C_999,"England, all specialties",first-release,98,99,False,13,1.82457369537e-06,over52
2026-02,Part_2,monthly,C_999,"England, all specialties",first-release,99,100,False,14,1.96492551809e-06,over52
2026-02,Part_2,monthly,C_999,"England, all specialties",first-release,100,101,False,16,2.24562916354e-06,over52
2026-02,Part_2,monthly,C_999,"England, all specialties",first-release,101,102,False,28,3.92985103619e-06,over52
2026-02,Part_2,monthly,C_999,"England, all specialties",first-release,102,103,False,9,1.26316640449e-06,over52
2026-02,Part_2,monthly,C_999,"England, all specialties",first-release,103,104,False,6,8.42110936326e-07,over52
2026-02,Part_2,monthly,C_999,"England, all specialties",first-release,104,,True,189,2.65264944943e-05,over52
2026-03,Part_2,monthly,C_999,"England, all specialties",revised-or-established,0,1,False,439248,0.0626170109489,within18
2026-03,Part_2,monthly,C_999,"England, all specialties",revised-or-established,1,2,False,368423,0.0525205510892,within18
2026-03,Part_2,monthly,C_999,"England, all specialties",revised-or-established,2,3,False,360301,0.0513627191516,within18
2026-03,Part_2,monthly,C_999,"England, all specialties",revised-or-established,3,4,False,344384,0.0490936707706,within18
2026-03,Part_2,monthly,C_999,"England, all specialties",revised-or-established,4,5,False,320167,0.045641415657,within18
2026-03,Part_2,monthly,C_999,"England, all specialties",revised-or-established,5,6,False,288379,0.0411098764262,within18
2026-03,Part_2,monthly,C_999,"England, all specialties",revised-or-established,6,7,False,288320,0.0411014656795,within18
2026-03,Part_2,monthly,C_999,"England, all specialties",revised-or-established,7,8,False,278621,0.0397188244627,within18
2026-03,Part_2,monthly,C_999,"England, all specialties",revised-or-established,8,9,False,263592,0.0375763649466,within18
2026-03,Part_2,monthly,C_999,"England, all specialties",revised-or-established,9,10,False,250316,0.0356838043945,within18
2026-03,Part_2,monthly,C_999,"England, all specialties",revised-or-established,10,11,False,234222,0.0333895237735,within18
2026-03,Part_2,monthly,C_999,"England, all specialties",revised-or-established,11,12,False,217066,0.0309438497128,within18
2026-03,Part_2,monthly,C_999,"England, all specialties",revised-or-established,12,13,False,129760,0.0184979404362,within18
2026-03,Part_2,monthly,C_999,"England, all specialties",revised-or-established,13,14,False,96376,0.0137388833807,within18
2026-03,Part_2,monthly,C_999,"England, all specialties",revised-or-established,14,15,False,185563,0.026452938665,within18
2026-03,Part_2,monthly,C_999,"England, all specialties",revised-or-established,15,16,False,180379,0.0257139333997,within18
2026-03,Part_2,monthly,C_999,"England, all specialties",revised-or-established,16,17,False,170860,0.024356952088,within18
2026-03,Part_2,monthly,C_999,"England, all specialties",revised-or-established,17,18,False,164343,0.0234279209703,within18
2026-03,Part_2,monthly,C_999,"England, all specialties",revised-or-established,18,19,False,141587,0.0201839387527,middle
2026-03,Part_2,monthly,C_999,"England, all specialties",revised-or-established,19,20,False,138330,0.0197196370264,middle
2026-03,Part_2,monthly,C_999,"England, all specialties",revised-or-established,20,21,False,129885,0.0185157598147,middle
2026-03,Part_2,monthly,C_999,"England, all specialties",revised-or-established,21,22,False,118247,0.0168567043986,middle
2026-03,Part_2,monthly,C_999,"England, all specialties",revised-or-established,22,23,False,115313,0.0164384479464,middle
2026-03,Part_2,monthly,C_999,"England, all specialties",revised-or-established,23,24,False,113678,0.0162053704756,middle
2026-03,Part_2,monthly,C_999,"England, all specialties",revised-or-established,24,25,False,109801,0.0156526846319,middle
2026-03,Part_2,monthly,C_999,"England, all specialties",revised-or-established,25,26,False,103967,0.0148210185984,middle
2026-03,Part_2,monthly,C_999,"England, all specialties",revised-or-established,26,27,False,96452,0.0137497175629,middle
2026-03,Part_2,monthly,C_999,"England, all specialties",revised-or-established,27,28,False,91565,0.0130530511409,middle
2026-03,Part_2,monthly,C_999,"England, all specialties",revised-or-established,28,29,False,89120,0.0127045040974,middle
2026-03,Part_2,monthly,C_999,"England, all specialties",revised-or-established,29,30,False,84234,0.0120079802305,middle
2026-03,Part_2,monthly,C_999,"England, all specialties",revised-or-established,30,31,False,75554,0.0107706025872,middle
2026-03,Part_2,monthly,C_999,"England, all specialties",revised-or-established,31,32,False,58263,0.00830568359769,middle
2026-03,Part_2,monthly,C_999,"England, all specialties",revised-or-established,32,33,False,70915,0.0101092898122,middle
2026-03,Part_2,monthly,C_999,"England, all specialties",revised-or-established,33,34,False,67956,0.00968746948431,middle
2026-03,Part_2,monthly,C_999,"England, all specialties",revised-or-established,34,35,False,65854,0.00938781881541,middle
2026-03,Part_2,monthly,C_999,"England, all specialties",revised-or-established,35,36,False,63607,0.00906749766744,middle
2026-03,Part_2,monthly,C_999,"England, all specialties",revised-or-established,36,37,False,61339,0.00874418286389,middle
2026-03,Part_2,monthly,C_999,"England, all specialties",revised-or-established,37,38,False,58573,0.00834987565638,middle
2026-03,Part_2,monthly,C_999,"England, all specialties",revised-or-established,38,39,False,56156,0.00800532015365,middle
2026-03,Part_2,monthly,C_999,"England, all specialties",revised-or-established,39,40,False,52612,0.00750010513433,middle
2026-03,Part_2,monthly,C_999,"England, all specialties",revised-or-established,40,41,False,49815,0.00710137872095,middle
2026-03,Part_2,monthly,C_999,"England, all specialties",revised-or-established,41,42,False,47383,0.0067546848928,middle
2026-03,Part_2,monthly,C_999,"England, all specialties",revised-or-established,42,43,False,44408,0.00633058368443,middle
2026-03,Part_2,monthly,C_999,"England, all specialties",revised-or-established,43,44,False,38600,0.00550262408168,middle
2026-03,Part_2,monthly,C_999,"England, all specialties",revised-or-established,44,45,False,31250,0.00445484462571,middle
2026-03,Part_2,monthly,C_999,"England, all specialties",revised-or-established,45,46,False,35284,0.00502991160875,middle
2026-03,Part_2,monthly,C_999,"England, all specialties",revised-or-established,46,47,False,32076,0.00457259507886,middle
2026-03,Part_2,monthly,C_999,"England, all specialties",revised-or-established,47,48,False,22865,0.00325952071574,middle
2026-03,Part_2,monthly,C_999,"England, all specialties",revised-or-established,48,49,False,23873,0.00340321618399,middle
2026-03,Part_2,monthly,C_999,"England, all specialties",revised-or-established,49,50,False,13943,0.00198764475572,middle
2026-03,Part_2,monthly,C_999,"England, all specialties",revised-or-established,50,51,False,20611,0.00293820168258,middle
2026-03,Part_2,monthly,C_999,"England, all specialties",revised-or-established,51,52,False,18792,0.0026788940866,middle
2026-03,Part_2,monthly,C_999,"England, all specialties",revised-or-established,52,53,False,12624,0.00179961467376,over52
2026-03,Part_2,monthly,C_999,"England, all specialties",revised-or-established,53,54,False,11776,0.00167872801,over52
2026-03,Part_2,monthly,C_999,"England, all specialties",revised-or-established,54,55,False,10774,0.00153588787192,over52
2026-03,Part_2,monthly,C_999,"England, all specialties",revised-or-established,55,56,False,9900,0.00141129477743,over52
2026-03,Part_2,monthly,C_999,"England, all specialties",revised-or-established,56,57,False,8529,0.00121585183401,over52
2026-03,Part_2,monthly,C_999,"England, all specialties",revised-or-established,57,58,False,6867,0.000978925377432,over52
2026-03,Part_2,monthly,C_999,"England, all specialties",revised-or-established,58,59,False,6611,0.000942431290258,over52
2026-03,Part_2,monthly,C_999,"England, all specialties",revised-or-established,59,60,False,5801,0.00082696171756,over52
2026-03,Part_2,monthly,C_999,"England, all specialties",revised-or-established,60,61,False,4507,0.000642495511299,over52
2026-03,Part_2,monthly,C_999,"England, all specialties",revised-or-established,61,62,False,3928,0.000559956150073,over52
2026-03,Part_2,monthly,C_999,"England, all specialties",revised-or-established,62,63,False,3145,0.000448335563132,over52
2026-03,Part_2,monthly,C_999,"England, all specialties",revised-or-established,63,64,False,2499,0.000356245015029,over52
2026-03,Part_2,monthly,C_999,"England, all specialties",revised-or-established,64,65,False,1345,0.000191736512691,over52
2026-03,Part_2,monthly,C_999,"England, all specialties",revised-or-established,65,66,False,218,3.1076996109e-05,over52
2026-03,Part_2,monthly,C_999,"England, all specialties",revised-or-established,66,67,False,521,7.42711695999e-05,over52
2026-03,Part_2,monthly,C_999,"England, all specialties",revised-or-established,67,68,False,447,6.37220975262e-05,over52
2026-03,Part_2,monthly,C_999,"England, all specialties",revised-or-established,68,69,False,428,6.10135519937e-05,over52
2026-03,Part_2,monthly,C_999,"England, all specialties",revised-or-established,69,70,False,295,4.20537332667e-05,over52
2026-03,Part_2,monthly,C_999,"England, all specialties",revised-or-established,70,71,False,242,3.44983167815e-05,over52
2026-03,Part_2,monthly,C_999,"England, all specialties",revised-or-established,71,72,False,269,3.83473025381e-05,over52
2026-03,Part_2,monthly,C_999,"England, all specialties",revised-or-established,72,73,False,211,3.00791109128e-05,over52
2026-03,Part_2,monthly,C_999,"England, all specialties",revised-or-established,73,74,False,154,2.19534743155e-05,over52
2026-03,Part_2,monthly,C_999,"England, all specialties",revised-or-established,74,75,False,133,1.8959818727e-05,over52
2026-03,Part_2,monthly,C_999,"England, all specialties",revised-or-established,75,76,False,103,1.46831678863e-05,over52
2026-03,Part_2,monthly,C_999,"England, all specialties",revised-or-established,76,77,False,119,1.69640483347e-05,over52
2026-03,Part_2,monthly,C_999,"England, all specialties",revised-or-established,77,78,False,116,1.65363832506e-05,over52
2026-03,Part_2,monthly,C_999,"England, all specialties",revised-or-established,78,79,False,90,1.2829952522e-05,over52
2026-03,Part_2,monthly,C_999,"England, all specialties",revised-or-established,79,80,False,67,9.55118687752e-06,over52
2026-03,Part_2,monthly,C_999,"England, all specialties",revised-or-established,80,81,False,85,1.21171773819e-05,over52
2026-03,Part_2,monthly,C_999,"England, all specialties",revised-or-established,81,82,False,66,9.4086318495e-06,over52
2026-03,Part_2,monthly,C_999,"England, all specialties",revised-or-established,82,83,False,58,8.26819162532e-06,over52
2026-03,Part_2,monthly,C_999,"England, all specialties",revised-or-established,83,84,False,34,4.84687095277e-06,over52
2026-03,Part_2,monthly,C_999,"England, all specialties",revised-or-established,84,85,False,45,6.41497626102e-06,over52
2026-03,Part_2,monthly,C_999,"England, all specialties",revised-or-established,85,86,False,43,6.12986620498e-06,over52
2026-03,Part_2,monthly,C_999,"England, all specialties",revised-or-established,86,87,False,46,6.55753128905e-06,over52
2026-03,Part_2,monthly,C_999,"England, all specialties",revised-or-established,87,88,False,39,5.55964609289e-06,over52
2026-03,Part_2,monthly,C_999,"England, all specialties",revised-or-established,88,89,False,39,5.55964609289e-06,over52
2026-03,Part_2,monthly,C_999,"England, all specialties",revised-or-established,89,90,False,38,5.41709106486e-06,over52
2026-03,Part_2,monthly,C_999,"England, all specialties",revised-or-established,90,91,False,34,4.84687095277e-06,over52
2026-03,Part_2,monthly,C_999,"England, all specialties",revised-or-established,91,92,False,23,3.27876564452e-06,over52
2026-03,Part_2,monthly,C_999,"England, all specialties",revised-or-established,92,93,False,27,3.84898575661e-06,over52
2026-03,Part_2,monthly,C_999,"England, all specialties",revised-or-established,93,94,False,27,3.84898575661e-06,over52
2026-03,Part_2,monthly,C_999,"England, all specialties",revised-or-established,94,95,False,15,2.13832542034e-06,over52
2026-03,Part_2,monthly,C_999,"England, all specialties",revised-or-established,95,96,False,18,2.56599050441e-06,over52
2026-03,Part_2,monthly,C_999,"England, all specialties",revised-or-established,96,97,False,24,3.42132067255e-06,over52
2026-03,Part_2,monthly,C_999,"England, all specialties",revised-or-established,97,98,False,13,1.8532153643e-06,over52
2026-03,Part_2,monthly,C_999,"England, all specialties",revised-or-established,98,99,False,13,1.8532153643e-06,over52
2026-03,Part_2,monthly,C_999,"England, all specialties",revised-or-established,99,100,False,12,1.71066033627e-06,over52
2026-03,Part_2,monthly,C_999,"England, all specialties",revised-or-established,100,101,False,10,1.42555028023e-06,over52
2026-03,Part_2,monthly,C_999,"England, all specialties",revised-or-established,101,102,False,8,1.14044022418e-06,over52
2026-03,Part_2,monthly,C_999,"England, all specialties",revised-or-established,102,103,False,9,1.2829952522e-06,over52
2026-03,Part_2,monthly,C_999,"England, all specialties",revised-or-established,103,104,False,8,1.14044022418e-06,over52
2026-03,Part_2,monthly,C_999,"England, all specialties",revised-or-established,104,,True,154,2.19534743155e-05,over52
2026-04,Part_2,monthly,C_999,"England, all specialties",first-release,0,1,False,452722,0.0638220726518,within18
2026-04,Part_2,monthly,C_999,"England, all specialties",first-release,1,2,False,385503,0.0543459351953,within18
2026-04,Part_2,monthly,C_999,"England, all specialties",first-release,2,3,False,348829,0.0491758513637,within18
2026-04,Part_2,monthly,C_999,"England, all specialties",first-release,3,4,False,206591,0.029123978537,within18
2026-04,Part_2,monthly,C_999,"England, all specialties",first-release,4,5,False,319013,0.0449725678515,within18
2026-04,Part_2,monthly,C_999,"England, all specialties",first-release,5,6,False,296598,0.0418126335906,within18
2026-04,Part_2,monthly,C_999,"England, all specialties",first-release,6,7,False,290360,0.0409332372078,within18
2026-04,Part_2,monthly,C_999,"England, all specialties",first-release,7,8,False,282369,0.0398067132426,within18
2026-04,Part_2,monthly,C_999,"England, all specialties",first-release,8,9,False,268398,0.0378371642103,within18
2026-04,Part_2,monthly,C_999,"England, all specialties",first-release,9,10,False,247028,0.0348245478749,within18
2026-04,Part_2,monthly,C_999,"England, all specialties",first-release,10,11,False,236871,0.0333926740276,within18
2026-04,Part_2,monthly,C_999,"England, all specialties",first-release,11,12,False,237222,0.0334421559337,within18
2026-04,Part_2,monthly,C_999,"England, all specialties",first-release,12,13,False,225511,0.0317912083481,within18
2026-04,Part_2,monthly,C_999,"England, all specialties",first-release,13,14,False,213217,0.0300580728673,within18
2026-04,Part_2,monthly,C_999,"England, all specialties",first-release,14,15,False,202235,0.0285098953944,within18
2026-04,Part_2,monthly,C_999,"England, all specialties",first-release,15,16,False,186354,0.0262710858473,within18
2026-04,Part_2,monthly,C_999,"England, all specialties",first-release,16,17,False,133459,0.0188142612774,within18
2026-04,Part_2,monthly,C_999,"England, all specialties",first-release,17,18,False,74902,0.0105592414015,within18
2026-04,Part_2,monthly,C_999,"England, all specialties",first-release,18,19,False,123735,0.0174434292117,middle
2026-04,Part_2,monthly,C_999,"England, all specialties",first-release,19,20,False,138364,0.0195057391962,middle
2026-04,Part_2,monthly,C_999,"England, all specialties",first-release,20,21,False,132536,0.018684142191,middle
2026-04,Part_2,monthly,C_999,"England, all specialties",first-release,21,22,False,127636,0.0179933691426,middle
2026-04,Part_2,monthly,C_999,"England, all specialties",first-release,22,23,False,121853,0.0171781159715,middle
2026-04,Part_2,monthly,C_999,"England, all specialties",first-release,23,24,False,116385,0.0164072696392,middle
2026-04,Part_2,monthly,C_999,"England, all specialties",first-release,24,25,False,111851,0.0157680931083,middle
2026-04,Part_2,monthly,C_999,"England, all specialties",first-release,25,26,False,102108,0.0143945825348,middle
2026-04,Part_2,monthly,C_999,"England, all specialties",first-release,26,27,False,94910,0.0133798510242,middle
2026-04,Part_2,monthly,C_999,"England, all specialties",first-release,27,28,False,95663,0.0134860045151,middle
2026-04,Part_2,monthly,C_999,"England, all specialties",first-release,28,29,False,92588,0.0130525091838,middle
2026-04,Part_2,monthly,C_999,"England, all specialties",first-release,29,30,False,87627,0.0123531367158,middle
2026-04,Part_2,monthly,C_999,"England, all specialties",first-release,30,31,False,83530,0.011775565863,middle
2026-04,Part_2,monthly,C_999,"England, all specialties",first-release,31,32,False,77809,0.0109690530855,middle
2026-04,Part_2,monthly,C_999,"England, all specialties",first-release,32,33,False,74561,0.0105111692363,middle
2026-04,Part_2,monthly,C_999,"England, all specialties",first-release,33,34,False,71257,0.010045390838,middle
2026-04,Part_2,monthly,C_999,"England, all specialties",first-release,34,35,False,65841,0.00928187515842,middle
2026-04,Part_2,monthly,C_999,"England, all specialties",first-release,35,36,False,47657,0.00671840227859,middle
2026-04,Part_2,monthly,C_999,"England, all specialties",first-release,36,37,False,58059,0.00818481477837,middle
2026-04,Part_2,monthly,C_999,"England, all specialties",first-release,37,38,False,56341,0.00794262128917,middle
2026-04,Part_2,monthly,C_999,"England, all specialties",first-release,38,39,False,54882,0.00773694008968,middle
2026-04,Part_2,monthly,C_999,"England, all specialties",first-release,39,40,False,51101,0.00720391704972,middle
2026-04,Part_2,monthly,C_999,"England, all specialties",first-release,40,41,False,50225,0.00708042374556,middle
2026-04,Part_2,monthly,C_999,"England, all specialties",first-release,41,42,False,46905,0.00661238976178,middle
2026-04,Part_2,monthly,C_999,"England, all specialties",first-release,42,43,False,44735,0.00630647598323,middle
2026-04,Part_2,monthly,C_999,"England, all specialties",first-release,43,44,False,41716,0.00588087520099,middle
2026-04,Part_2,monthly,C_999,"England, all specialties",first-release,44,45,False,38263,0.00539409166305,middle
2026-04,Part_2,monthly,C_999,"England, all specialties",first-release,45,46,False,35813,0.00504870513887,middle
2026-04,Part_2,monthly,C_999,"England, all specialties",first-release,46,47,False,33134,0.00467103554774,middle
2026-04,Part_2,monthly,C_999,"England, all specialties",first-release,47,48,False,29222,0.0041195449018,middle
2026-04,Part_2,monthly,C_999,"England, all specialties",first-release,48,49,False,20756,0.00292605824316,middle
2026-04,Part_2,monthly,C_999,"England, all specialties",first-release,49,50,False,24596,0.00346739875452,middle
2026-04,Part_2,monthly,C_999,"England, all specialties",first-release,50,51,False,21532,0.00303545413817,middle
2026-04,Part_2,monthly,C_999,"England, all specialties",first-release,51,52,False,15741,0.00221907317429,middle
2026-04,Part_2,monthly,C_999,"England, all specialties",first-release,52,53,False,14170,0.00199760287655,over52
2026-04,Part_2,monthly,C_999,"England, all specialties",first-release,53,54,False,8080,0.00113907065932,over52
2026-04,Part_2,monthly,C_999,"England, all specialties",first-release,54,55,False,11710,0.00165080661146,over52
2026-04,Part_2,monthly,C_999,"England, all specialties",first-release,55,56,False,10899,0.00153647662325,over52
2026-04,Part_2,monthly,C_999,"England, all specialties",first-release,56,57,False,8880,0.00125184993252,over52
2026-04,Part_2,monthly,C_999,"England, all specialties",first-release,57,58,False,7505,0.0010580105567,over52
2026-04,Part_2,monthly,C_999,"England, all specialties",first-release,58,59,False,6902,0.00097300317953,over52
2026-04,Part_2,monthly,C_999,"England, all specialties",first-release,59,60,False,6132,0.000864453129075,over52
2026-04,Part_2,monthly,C_999,"England, all specialties",first-release,60,61,False,5104,0.000719531763014,over52
2026-04,Part_2,monthly,C_999,"England, all specialties",first-release,61,62,False,3957,0.000557834480064,over52
2026-04,Part_2,monthly,C_999,"England, all specialties",first-release,62,63,False,3268,0.00046070333102,over52
2026-04,Part_2,monthly,C_999,"England, all specialties",first-release,63,64,False,2907,0.000409811683989,over52
2026-04,Part_2,monthly,C_999,"England, all specialties",first-release,64,65,False,2182,0.000307605467652,over52
2026-04,Part_2,monthly,C_999,"England, all specialties",first-release,65,66,False,935,0.000131810775552,over52
2026-04,Part_2,monthly,C_999,"England, all specialties",first-release,66,67,False,886,0.000124903045069,over52
2026-04,Part_2,monthly,C_999,"England, all specialties",first-release,67,68,False,693,9.76950454092e-05,over52
2026-04,Part_2,monthly,C_999,"England, all specialties",first-release,68,69,False,519,7.31655534882e-05,over52
2026-04,Part_2,monthly,C_999,"England, all specialties",first-release,69,70,False,185,2.60802069274e-05,over52
2026-04,Part_2,monthly,C_999,"England, all specialties",first-release,70,71,False,151,2.12870878164e-05,over52
2026-04,Part_2,monthly,C_999,"England, all specialties",first-release,71,72,False,241,3.39747560514e-05,over52
2026-04,Part_2,monthly,C_999,"England, all specialties",first-release,72,73,False,223,3.14372224044e-05,over52
2026-04,Part_2,monthly,C_999,"England, all specialties",first-release,73,74,False,180,2.53753364699e-05,over52
2026-04,Part_2,monthly,C_999,"England, all specialties",first-release,74,75,False,149,2.10051396334e-05,over52
2026-04,Part_2,monthly,C_999,"England, all specialties",first-release,75,76,False,137,1.93134505354e-05,over52
2026-04,Part_2,monthly,C_999,"England, all specialties",first-release,76,77,False,147,2.07231914504e-05,over52
2026-04,Part_2,monthly,C_999,"England, all specialties",first-release,77,78,False,110,1.55071500649e-05,over52
2026-04,Part_2,monthly,C_999,"England, all specialties",first-release,78,79,False,80,1.127792732e-05,over52
2026-04,Part_2,monthly,C_999,"England, all specialties",first-release,79,80,False,75,1.05730568625e-05,over52
2026-04,Part_2,monthly,C_999,"England, all specialties",first-release,80,81,False,88,1.2405720052e-05,over52
2026-04,Part_2,monthly,C_999,"England, all specialties",first-release,81,82,False,63,8.88136776447e-06,over52
2026-04,Part_2,monthly,C_999,"England, all specialties",first-release,82,83,False,67,9.44526413047e-06,over52
2026-04,Part_2,monthly,C_999,"England, all specialties",first-release,83,84,False,64,9.02234185597e-06,over52
2026-04,Part_2,monthly,C_999,"England, all specialties",first-release,84,85,False,59,8.31747139847e-06,over52
2026-04,Part_2,monthly,C_999,"England, all specialties",first-release,85,86,False,44,6.20286002598e-06,over52
2026-04,Part_2,monthly,C_999,"England, all specialties",first-release,86,87,False,52,7.33065275797e-06,over52
2026-04,Part_2,monthly,C_999,"England, all specialties",first-release,87,88,False,20,2.81948182999e-06,over52
2026-04,Part_2,monthly,C_999,"England, all specialties",first-release,88,89,False,21,2.96045592149e-06,over52
2026-04,Part_2,monthly,C_999,"England, all specialties",first-release,89,90,False,32,4.51117092798e-06,over52
2026-04,Part_2,monthly,C_999,"England, all specialties",first-release,90,91,False,33,4.65214501948e-06,over52
2026-04,Part_2,monthly,C_999,"England, all specialties",first-release,91,92,False,20,2.81948182999e-06,over52
2026-04,Part_2,monthly,C_999,"England, all specialties",first-release,92,93,False,34,4.79311911098e-06,over52
2026-04,Part_2,monthly,C_999,"England, all specialties",first-release,93,94,False,32,4.51117092798e-06,over52
2026-04,Part_2,monthly,C_999,"England, all specialties",first-release,94,95,False,23,3.24240410449e-06,over52
2026-04,Part_2,monthly,C_999,"England, all specialties",first-release,95,96,False,26,3.66532637899e-06,over52
2026-04,Part_2,monthly,C_999,"England, all specialties",first-release,96,97,False,21,2.96045592149e-06,over52
2026-04,Part_2,monthly,C_999,"England, all specialties",first-release,97,98,False,21,2.96045592149e-06,over52
2026-04,Part_2,monthly,C_999,"England, all specialties",first-release,98,99,False,17,2.39655955549e-06,over52
2026-04,Part_2,monthly,C_999,"England, all specialties",first-release,99,100,False,10,1.409740915e-06,over52
2026-04,Part_2,monthly,C_999,"England, all specialties",first-release,100,101,False,14,1.97363728099e-06,over52
2026-04,Part_2,monthly,C_999,"England, all specialties",first-release,101,102,False,14,1.97363728099e-06,over52
2026-04,Part_2,monthly,C_999,"England, all specialties",first-release,102,103,False,12,1.69168909799e-06,over52
2026-04,Part_2,monthly,C_999,"England, all specialties",first-release,103,104,False,3,4.22922274499e-07,over52
2026-04,Part_2,monthly,C_999,"England, all specialties",first-release,104,,True,191,2.69260514764e-05,over52
2026-04,Part_1A,full,C_999,"England, all specialties",first-release,0,1,False,18743,0.0652540986175,within18
2026-04,Part_1A,full,C_999,"England, all specialties",first-release,1,2,False,12758,0.0444172112342,within18
2026-04,Part_1A,full,C_999,"England, all specialties",first-release,2,3,False,13048,0.0454268515585,within18
2026-04,Part_1A,full,C_999,"England, all specialties",first-release,3,4,False,13593,0.0473242790646,within18
2026-04,Part_1A,full,C_999,"England, all specialties",first-release,4,5,False,13654,0.0475366516845,within18
2026-04,Part_1A,full,C_999,"England, all specialties",first-release,5,6,False,12598,0.0438601682966,within18
2026-04,Part_1A,full,C_999,"England, all specialties",first-release,6,7,False,11040,0.038435962692,within18
2026-04,Part_1A,full,C_999,"England, all specialties",first-release,7,8,False,9786,0.0340701386689,within18
2026-04,Part_1A,full,C_999,"England, all specialties",first-release,8,9,False,9016,0.0313893695318,within18
2026-04,Part_1A,full,C_999,"England, all specialties",first-release,9,10,False,7676,0.0267241349297,within18
2026-04,Part_1A,full,C_999,"England, all specialties",first-release,10,11,False,7528,0.0262088702125,within18
2026-04,Part_1A,full,C_999,"England, all specialties",first-release,11,12,False,7043,0.024520333808,within18
2026-04,Part_1A,full,C_999,"England, all specialties",first-release,12,13,False,6688,0.0232843947903,within18
2026-04,Part_1A,full,C_999,"England, all specialties",first-release,13,14,False,5603,0.0195069473699,within18
2026-04,Part_1A,full,C_999,"England, all specialties",first-release,14,15,False,4828,0.0168087706411,within18
2026-04,Part_1A,full,C_999,"England, all specialties",first-release,15,16,False,4272,0.014873046433,within18
2026-04,Part_1A,full,C_999,"England, all specialties",first-release,16,17,False,4187,0.0145771173724,within18
2026-04,Part_1A,full,C_999,"England, all specialties",first-release,17,18,False,4530,0.0157712781698,within18
2026-04,Part_1A,full,C_999,"England, all specialties",first-release,18,19,False,4845,0.0168679564532,middle
2026-04,Part_1A,full,C_999,"England, all specialties",first-release,19,20,False,4818,0.0167739554575,middle
2026-04,Part_1A,full,C_999,"England, all specialties",first-release,20,21,False,4562,0.0158826867573,middle
2026-04,Part_1A,full,C_999,"England, all specialties",first-release,21,22,False,4325,0.0150575669061,middle
2026-04,Part_1A,full,C_999,"England, all specialties",first-release,22,23,False,4108,0.014302077422,middle
2026-04,Part_1A,full,C_999,"England, all specialties",first-release,23,24,False,3704,0.0128955440047,middle
2026-04,Part_1A,full,C_999,"England, all specialties",first-release,24,25,False,3534,0.0123036858835,middle
2026-04,Part_1A,full,C_999,"England, all specialties",first-release,25,26,False,3321,0.0115621224729,middle
2026-04,Part_1A,full,C_999,"England, all specialties",first-release,26,27,False,3176,0.0110573023107,middle
2026-04,Part_1A,full,C_999,"England, all specialties",first-release,27,28,False,3148,0.0109598197966,middle
2026-04,Part_1A,full,C_999,"England, all specialties",first-release,28,29,False,2952,0.0102774421981,middle
2026-04,Part_1A,full,C_999,"England, all specialties",first-release,29,30,False,2855,0.00993973491719,middle
2026-04,Part_1A,full,C_999,"England, all specialties",first-release,30,31,False,2750,0.00957417548941,middle
2026-04,Part_1A,full,C_999,"England, all specialties",first-release,31,32,False,2485,0.00865157312407,middle
2026-04,Part_1A,full,C_999,"England, all specialties",first-release,32,33,False,2392,0.00832779191661,middle
2026-04,Part_1A,full,C_999,"England, all specialties",first-release,33,34,False,2292,0.00797964008063,middle
2026-04,Part_1A,full,C_999,"England, all specialties",first-release,34,35,False,2176,0.0075757839509,middle
2026-04,Part_1A,full,C_999,"England, all specialties",first-release,35,36,False,2198,0.00765237735481,middle
2026-04,Part_1A,full,C_999,"England, all specialties",first-release,36,37,False,2228,0.00775682290561,middle
2026-04,Part_1A,full,C_999,"England, all specialties",first-release,37,38,False,2239,0.00779511960756,middle
2026-04,Part_1A,full,C_999,"England, all specialties",first-release,38,39,False,2210,0.00769415557513,middle
2026-04,Part_1A,full,C_999,"England, all specialties",first-release,39,40,False,2243,0.007809045681,middle
2026-04,Part_1A,full,C_999,"England, all specialties",first-release,40,41,False,2233,0.0077742304974,middle
2026-04,Part_1A,full,C_999,"England, all specialties",first-release,41,42,False,2276,0.00792393578688,middle
2026-04,Part_1A,full,C_999,"England, all specialties",first-release,42,43,False,2294,0.00798660311735,middle
2026-04,Part_1A,full,C_999,"England, all specialties",first-release,43,44,False,2404,0.00836957013693,middle
2026-04,Part_1A,full,C_999,"England, all specialties",first-release,44,45,False,2468,0.00859238731195,middle
2026-04,Part_1A,full,C_999,"England, all specialties",first-release,45,46,False,2340,0.0081467529619,middle
2026-04,Part_1A,full,C_999,"England, all specialties",first-release,46,47,False,2418,0.00841831139397,middle
2026-04,Part_1A,full,C_999,"England, all specialties",first-release,47,48,False,2452,0.0085366830182,middle
2026-04,Part_1A,full,C_999,"England, all specialties",first-release,48,49,False,2453,0.00854016453656,middle
2026-04,Part_1A,full,C_999,"England, all specialties",first-release,49,50,False,2554,0.0088917978909,middle
2026-04,Part_1A,full,C_999,"England, all specialties",first-release,50,51,False,2491,0.00867246223423,middle
2026-04,Part_1A,full,C_999,"England, all specialties",first-release,51,52,False,2558,0.00890572396434,middle
2026-04,Part_1A,full,C_999,"England, all specialties",first-release,52,53,False,2381,0.00828949521465,over52
2026-04,Part_1A,full,C_999,"England, all specialties",first-release,53,54,False,2005,0.00698044431137,over52
2026-04,Part_1A,full,C_999,"England, all specialties",first-release,54,55,False,1877,0.00653480996132,over52
2026-04,Part_1A,full,C_999,"England, all specialties",first-release,55,56,False,1686,0.0058698399546,over52
2026-04,Part_1A,full,C_999,"England, all specialties",first-release,56,57,False,1451,0.00505168314005,over52
2026-04,Part_1A,full,C_999,"England, all specialties",first-release,57,58,False,1400,0.0048741257037,over52
2026-04,Part_1A,full,C_999,"England, all specialties",first-release,58,59,False,1284,0.00447026957397,over52
2026-04,Part_1A,full,C_999,"England, all specialties",first-release,59,60,False,1275,0.00443893590873,over52
2026-04,Part_1A,full,C_999,"England, all specialties",first-release,60,61,False,1203,0.00418826658682,over52
2026-04,Part_1A,full,C_999,"England, all specialties",first-release,61,62,False,1172,0.00408033951767,over52
2026-04,Part_1A,full,C_999,"England, all specialties",first-release,62,63,False,1103,0.00384011475085,over52
2026-04,Part_1A,full,C_999,"England, all specialties",first-release,63,64,False,1096,0.00381574412233,over52
2026-04,Part_1A,full,C_999,"England, all specialties",first-release,64,65,False,1103,0.00384011475085,over52
2026-04,Part_1A,full,C_999,"England, all specialties",first-release,65,66,False,813,0.00283047442651,over52
2026-04,Part_1A,full,C_999,"England, all specialties",first-release,66,67,False,579,0.00201579913032,over52
2026-04,Part_1A,full,C_999,"England, all specialties",first-release,67,68,False,364,0.00126727268296,over52
2026-04,Part_1A,full,C_999,"England, all specialties",first-release,68,69,False,219,0.000762452520793,over52
2026-04,Part_1A,full,C_999,"England, all specialties",first-release,69,70,False,166,0.000577932047725,over52
2026-04,Part_1A,full,C_999,"England, all specialties",first-release,70,71,False,145,0.000504820162169,over52
2026-04,Part_1A,full,C_999,"England, all specialties",first-release,71,72,False,126,0.000438671313333,over52
2026-04,Part_1A,full,C_999,"England, all specialties",first-release,72,73,False,108,0.000376003982857,over52
2026-04,Part_1A,full,C_999,"England, all specialties",first-release,73,74,False,117,0.000407337648095,over52
2026-04,Part_1A,full,C_999,"England, all specialties",first-release,74,75,False,95,0.00033074424418,over52
2026-04,Part_1A,full,C_999,"England, all specialties",first-release,75,76,False,73,0.000254150840264,over52
2026-04,Part_1A,full,C_999,"England, all specialties",first-release,76,77,False,72,0.000250669321905,over52
2026-04,Part_1A,full,C_999,"England, all specialties",first-release,77,78,False,66,0.000229780211746,over52
2026-04,Part_1A,full,C_999,"England, all specialties",first-release,78,79,False,53,0.000184520473069,over52
2026-04,Part_1A,full,C_999,"England, all specialties",first-release,79,80,False,45,0.00015666832619,over52
2026-04,Part_1A,full,C_999,"England, all specialties",first-release,80,81,False,49,0.00017059439963,over52
2026-04,Part_1A,full,C_999,"England, all specialties",first-release,81,82,False,31,0.000107927069153,over52
2026-04,Part_1A,full,C_999,"England, all specialties",first-release,82,83,False,48,0.00016711288127,over52
2026-04,Part_1A,full,C_999,"England, all specialties",first-release,83,84,False,40,0.000139260734391,over52
2026-04,Part_1A,full,C_999,"England, all specialties",first-release,84,85,False,27,9.40009957143e-05,over52
2026-04,Part_1A,full,C_999,"England, all specialties",first-release,85,86,False,29,0.000100964032434,over52
2026-04,Part_1A,full,C_999,"England, all specialties",first-release,86,87,False,26,9.05194773545e-05,over52
2026-04,Part_1A,full,C_999,"England, all specialties",first-release,87,88,False,29,0.000100964032434,over52
2026-04,Part_1A,full,C_999,"England, all specialties",first-release,88,89,False,21,7.31118855555e-05,over52
2026-04,Part_1A,full,C_999,"England, all specialties",first-release,89,90,False,31,0.000107927069153,over52
2026-04,Part_1A,full,C_999,"England, all specialties",first-release,90,91,False,32,0.000111408587513,over52
2026-04,Part_1A,full,C_999,"England, all specialties",first-release,91,92,False,21,7.31118855555e-05,over52
2026-04,Part_1A,full,C_999,"England, all specialties",first-release,92,93,False,22,7.65934039153e-05,over52
2026-04,Part_1A,full,C_999,"England, all specialties",first-release,93,94,False,24,8.35564406349e-05,over52
2026-04,Part_1A,full,C_999,"England, all specialties",first-release,94,95,False,20,6.96303671957e-05,over52
2026-04,Part_1A,full,C_999,"England, all specialties",first-release,95,96,False,18,6.26673304762e-05,over52
2026-04,Part_1A,full,C_999,"England, all specialties",first-release,96,97,False,22,7.65934039153e-05,over52
2026-04,Part_1A,full,C_999,"England, all specialties",first-release,97,98,False,16,5.57042937566e-05,over52
2026-04,Part_1A,full,C_999,"England, all specialties",first-release,98,99,False,13,4.52597386772e-05,over52
2026-04,Part_1A,full,C_999,"England, all specialties",first-release,99,100,False,8,2.78521468783e-05,over52
2026-04,Part_1A,full,C_999,"England, all specialties",first-release,100,101,False,13,4.52597386772e-05,over52
2026-04,Part_1A,full,C_999,"England, all specialties",first-release,101,102,False,11,3.82967019577e-05,over52
2026-04,Part_1A,full,C_999,"England, all specialties",first-release,102,103,False,9,3.13336652381e-05,over52
2026-04,Part_1A,full,C_999,"England, all specialties",first-release,103,104,False,16,5.57042937566e-05,over52
2026-04,Part_1A,full,C_999,"England, all specialties",first-release,104,,True,485,0.0016885364045,over52
2026-04,Part_1B,full,C_999,"England, all specialties",first-release,0,1,False,130590,0.112593116292,within18
2026-04,Part_1B,full,C_999,"England, all specialties",first-release,1,2,False,93249,0.0803981583667,within18
2026-04,Part_1B,full,C_999,"England, all specialties",first-release,2,3,False,72463,0.062476720927,within18
2026-04,Part_1B,full,C_999,"England, all specialties",first-release,3,4,False,62089,0.0535323837771,within18
2026-04,Part_1B,full,C_999,"England, all specialties",first-release,4,5,False,57506,0.0495809766864,within18
2026-04,Part_1B,full,C_999,"England, all specialties",first-release,5,6,False,51621,0.0445070009657,within18
2026-04,Part_1B,full,C_999,"England, all specialties",first-release,6,7,False,45448,0.0391847151331,within18
2026-04,Part_1B,full,C_999,"England, all specialties",first-release,7,8,False,39160,0.0337632776935,within18
2026-04,Part_1B,full,C_999,"England, all specialties",first-release,8,9,False,33951,0.029272140985,within18
2026-04,Part_1B,full,C_999,"England, all specialties",first-release,9,10,False,30569,0.0263562215478,within18
2026-04,Part_1B,full,C_999,"England, all specialties",first-release,10,11,False,27934,0.024084356463,within18
2026-04,Part_1B,full,C_999,"England, all specialties",first-release,11,12,False,26229,0.0226143261139,within18
2026-04,Part_1B,full,C_999,"England, all specialties",first-release,12,13,False,24480,0.0211063594979,within18
2026-04,Part_1B,full,C_999,"England, all specialties",first-release,13,14,False,21557,0.0185861843013,within18
2026-04,Part_1B,full,C_999,"England, all specialties",first-release,14,15,False,17944,0.015471099462,within18
2026-04,Part_1B,full,C_999,"England, all specialties",first-release,15,16,False,16194,0.013962270658,within18
2026-04,Part_1B,full,C_999,"England, all specialties",first-release,16,17,False,15687,0.0135251413988,within18
2026-04,Part_1B,full,C_999,"England, all specialties",first-release,17,18,False,17333,0.0149443026624,within18
2026-04,Part_1B,full,C_999,"England, all specialties",first-release,18,19,False,17885,0.0154202303766,middle
2026-04,Part_1B,full,C_999,"England, all specialties",first-release,19,20,False,16548,0.0142674851704,middle
2026-04,Part_1B,full,C_999,"England, all specialties",first-release,20,21,False,15688,0.0135260035867,middle
2026-04,Part_1B,full,C_999,"England, all specialties",first-release,21,22,False,14909,0.012854359222,middle
2026-04,Part_1B,full,C_999,"England, all specialties",first-release,22,23,False,14501,0.0125025865637,middle
2026-04,Part_1B,full,C_999,"England, all specialties",first-release,23,24,False,13448,0.0115947027176,middle
2026-04,Part_1B,full,C_999,"England, all specialties",first-release,24,25,False,12814,0.0110480755966,middle
2026-04,Part_1B,full,C_999,"England, all specialties",first-release,25,26,False,12760,0.0110015174507,middle
2026-04,Part_1B,full,C_999,"England, all specialties",first-release,26,27,False,11967,0.0103178024555,middle
2026-04,Part_1B,full,C_999,"England, all specialties",first-release,27,28,False,11611,0.0100108635674,middle
2026-04,Part_1B,full,C_999,"England, all specialties",first-release,28,29,False,10979,0.00946596082218,middle
2026-04,Part_1B,full,C_999,"England, all specialties",first-release,29,30,False,10637,0.00917109256449,middle
2026-04,Part_1B,full,C_999,"England, all specialties",first-release,30,31,False,9960,0.00858739136433,middle
2026-04,Part_1B,full,C_999,"England, all specialties",first-release,31,32,False,9628,0.00830114498552,middle
2026-04,Part_1B,full,C_999,"England, all specialties",first-release,32,33,False,9066,0.00781659539247,middle
2026-04,Part_1B,full,C_999,"England, all specialties",first-release,33,34,False,8380,0.00722513450131,middle
2026-04,Part_1B,full,C_999,"England, all specialties",first-release,34,35,False,8237,0.00710184163333,middle
2026-04,Part_1B,full,C_999,"England, all specialties",first-release,35,36,False,8079,0.00696561594703,middle
2026-04,Part_1B,full,C_999,"England, all specialties",first-release,36,37,False,8426,0.00726479514416,middle
2026-04,Part_1B,full,C_999,"England, all specialties",first-release,37,38,False,7973,0.0068742240309,middle
2026-04,Part_1B,full,C_999,"England, all specialties",first-release,38,39,False,8078,0.00696475375914,middle
2026-04,Part_1B,full,C_999,"England, all specialties",first-release,39,40,False,8048,0.0069388881225,middle
2026-04,Part_1B,full,C_999,"England, all specialties",first-release,40,41,False,8139,0.00701734722031,middle
2026-04,Part_1B,full,C_999,"England, all specialties",first-release,41,42,False,7995,0.00689319216444,middle
2026-04,Part_1B,full,C_999,"England, all specialties",first-release,42,43,False,7748,0.0066802317561,middle
2026-04,Part_1B,full,C_999,"England, all specialties",first-release,43,44,False,7847,0.00676558835701,middle
2026-04,Part_1B,full,C_999,"England, all specialties",first-release,44,45,False,7717,0.00665350393158,middle
2026-04,Part_1B,full,C_999,"England, all specialties",first-release,45,46,False,7361,0.00634656504345,middle
2026-04,Part_1B,full,C_999,"England, all specialties",first-release,46,47,False,7329,0.00631897503104,middle
2026-04,Part_1B,full,C_999,"England, all specialties",first-release,47,48,False,7318,0.00630949096427,middle
2026-04,Part_1B,full,C_999,"England, all specialties",first-release,48,49,False,6873,0.00592581735412,middle
2026-04,Part_1B,full,C_999,"England, all specialties",first-release,49,50,False,6616,0.00570423506691,middle
2026-04,Part_1B,full,C_999,"England, all specialties",first-release,50,51,False,6100,0.00525934611671,middle
2026-04,Part_1B,full,C_999,"England, all specialties",first-release,51,52,False,5506,0.00474720651124,middle
2026-04,Part_1B,full,C_999,"England, all specialties",first-release,52,53,False,4794,0.004133328735,over52
2026-04,Part_1B,full,C_999,"England, all specialties",first-release,53,54,False,4050,0.00349186094634,over52
2026-04,Part_1B,full,C_999,"England, all specialties",first-release,54,55,False,3774,0.00325389708925,over52
2026-04,Part_1B,full,C_999,"England, all specialties",first-release,55,56,False,3260,0.00281073251483,over52
2026-04,Part_1B,full,C_999,"England, all specialties",first-release,56,57,False,2767,0.00238567388605,over52
2026-04,Part_1B,full,C_999,"England, all specialties",first-release,57,58,False,2550,0.00219857911436,over52
2026-04,Part_1B,full,C_999,"England, all specialties",first-release,58,59,False,2334,0.00201234653056,over52
2026-04,Part_1B,full,C_999,"England, all specialties",first-release,59,60,False,2049,0.00176662298248,over52
2026-04,Part_1B,full,C_999,"England, all specialties",first-release,60,61,False,2077,0.00179076424334,over52
2026-04,Part_1B,full,C_999,"England, all specialties",first-release,61,62,False,1880,0.00162091322941,over52
2026-04,Part_1B,full,C_999,"England, all specialties",first-release,62,63,False,1733,0.00149417160988,over52
2026-04,Part_1B,full,C_999,"England, all specialties",first-release,63,64,False,1560,0.00134501310526,over52
2026-04,Part_1B,full,C_999,"England, all specialties",first-release,64,65,False,1381,0.00119068147331,over52
2026-04,Part_1B,full,C_999,"England, all specialties",first-release,65,66,False,1034,0.000891502276176,over52
2026-04,Part_1B,full,C_999,"England, all specialties",first-release,66,67,False,712,0.000613877776245,over52
2026-04,Part_1B,full,C_999,"England, all specialties",first-release,67,68,False,436,0.000375913919161,over52
2026-04,Part_1B,full,C_999,"England, all specialties",first-release,68,69,False,321,0.000276762312043,over52
2026-04,Part_1B,full,C_999,"England, all specialties",first-release,69,70,False,233,0.0002008897779,over52
2026-04,Part_1B,full,C_999,"England, all specialties",first-release,70,71,False,222,0.000191405711133,over52
2026-04,Part_1B,full,C_999,"England, all specialties",first-release,71,72,False,207,0.000178472892813,over52
2026-04,Part_1B,full,C_999,"England, all specialties",first-release,72,73,False,131,0.000112946613326,over52
2026-04,Part_1B,full,C_999,"England, all specialties",first-release,73,74,False,104,8.96675403504e-05,over52
2026-04,Part_1B,full,C_999,"England, all specialties",first-release,74,75,False,115,9.91516071182e-05,over52
2026-04,Part_1B,full,C_999,"England, all specialties",first-release,75,76,False,102,8.79431645744e-05,over52
2026-04,Part_1B,full,C_999,"England, all specialties",first-release,76,77,False,80,6.89750310388e-05,over52
2026-04,Part_1B,full,C_999,"England, all specialties",first-release,77,78,False,83,7.15615947027e-05,over52
2026-04,Part_1B,full,C_999,"England, all specialties",first-release,78,79,False,82,7.06994068147e-05,over52
2026-04,Part_1B,full,C_999,"England, all specialties",first-release,79,80,False,61,5.25934611671e-05,over52
2026-04,Part_1B,full,C_999,"England, all specialties",first-release,80,81,False,64,5.5180024831e-05,over52
2026-04,Part_1B,full,C_999,"England, all specialties",first-release,81,82,False,58,5.00068975031e-05,over52
2026-04,Part_1B,full,C_999,"England, all specialties",first-release,82,83,False,74,6.38019037109e-05,over52
2026-04,Part_1B,full,C_999,"England, all specialties",first-release,83,84,False,52,4.48337701752e-05,over52
2026-04,Part_1B,full,C_999,"England, all specialties",first-release,84,85,False,41,3.53497034074e-05,over52
2026-04,Part_1B,full,C_999,"England, all specialties",first-release,85,86,False,39,3.36253276314e-05,over52
2026-04,Part_1B,full,C_999,"England, all specialties",first-release,86,87,False,29,2.50034487516e-05,over52
2026-04,Part_1B,full,C_999,"England, all specialties",first-release,87,88,False,31,2.67278245275e-05,over52
2026-04,Part_1B,full,C_999,"England, all specialties",first-release,88,89,False,25,2.15546971996e-05,over52
2026-04,Part_1B,full,C_999,"England, all specialties",first-release,89,90,False,27,2.32790729756e-05,over52
2026-04,Part_1B,full,C_999,"England, all specialties",first-release,90,91,False,21,1.81059456477e-05,over52
2026-04,Part_1B,full,C_999,"England, all specialties",first-release,91,92,False,32,2.75900124155e-05,over52
2026-04,Part_1B,full,C_999,"England, all specialties",first-release,92,93,False,29,2.50034487516e-05,over52
2026-04,Part_1B,full,C_999,"England, all specialties",first-release,93,94,False,25,2.15546971996e-05,over52
2026-04,Part_1B,full,C_999,"England, all specialties",first-release,94,95,False,27,2.32790729756e-05,over52
2026-04,Part_1B,full,C_999,"England, all specialties",first-release,95,96,False,27,2.32790729756e-05,over52
2026-04,Part_1B,full,C_999,"England, all specialties",first-release,96,97,False,26,2.24168850876e-05,over52
2026-04,Part_1B,full,C_999,"England, all specialties",first-release,97,98,False,24,2.06925093116e-05,over52
2026-04,Part_1B,full,C_999,"England, all specialties",first-release,98,99,False,18,1.55193819837e-05,over52
2026-04,Part_1B,full,C_999,"England, all specialties",first-release,99,100,False,22,1.89681335357e-05,over52
2026-04,Part_1B,full,C_999,"England, all specialties",first-release,100,101,False,14,1.20706304318e-05,over52
2026-04,Part_1B,full,C_999,"England, all specialties",first-release,101,102,False,18,1.55193819837e-05,over52
2026-04,Part_1B,full,C_999,"England, all specialties",first-release,102,103,False,11,9.48406676783e-06,over52
2026-04,Part_1B,full,C_999,"England, all specialties",first-release,103,104,False,12,1.03462546558e-05,over52
2026-04,Part_1B,full,C_999,"England, all specialties",first-release,104,,True,787,0.000678541867844,over52
2026-05,Part_2,monthly,C_999,"England, all specialties",first-release,0,1,False,291569,0.0407580460618,within18
2026-05,Part_2,monthly,C_999,"England, all specialties",first-release,1,2,False,392581,0.0548783803524,within18
2026-05,Part_2,monthly,C_999,"England, all specialties",first-release,2,3,False,379063,0.0529887169566,within18
2026-05,Part_2,monthly,C_999,"England, all specialties",first-release,3,4,False,293454,0.0410215477263,within18
2026-05,Part_2,monthly,C_999,"England, all specialties",first-release,4,5,False,341312,0.0477115544431,within18
2026-05,Part_2,monthly,C_999,"England, all specialties",first-release,5,6,False,317950,0.0444458112671,within18
2026-05,Part_2,monthly,C_999,"England, all specialties",first-release,6,7,False,296132,0.0413959018152,within18
2026-05,Part_2,monthly,C_999,"England, all specialties",first-release,7,8,False,209328,0.0292616851106,within18
2026-05,Part_2,monthly,C_999,"England, all specialties",first-release,8,9,False,222185,0.031058948188,within18
2026-05,Part_2,monthly,C_999,"England, all specialties",first-release,9,10,False,253846,0.0354847976314,within18
2026-05,Part_2,monthly,C_999,"England, all specialties",first-release,10,11,False,241054,0.0336966208183,within18
2026-05,Part_2,monthly,C_999,"England, all specialties",first-release,11,12,False,240701,0.0336472754138,within18
2026-05,Part_2,monthly,C_999,"England, all specialties",first-release,12,13,False,230957,0.0322851745017,within18
2026-05,Part_2,monthly,C_999,"England, all specialties",first-release,13,14,False,215104,0.0300691045347,within18
2026-05,Part_2,monthly,C_999,"England, all specialties",first-release,14,15,False,195592,0.0273415477822,within18
2026-05,Part_2,monthly,C_999,"England, all specialties",first-release,15,16,False,200401,0.0280137915513,within18
2026-05,Part_2,monthly,C_999,"England, all specialties",first-release,16,17,False,191557,0.0267775004526,within18
2026-05,Part_2,monthly,C_999,"England, all specialties",first-release,17,18,False,176815,0.0247167357106,within18
2026-05,Part_2,monthly,C_999,"England, all specialties",first-release,18,19,False,157772,0.0220547398498,middle
2026-05,Part_2,monthly,C_999,"England, all specialties",first-release,19,20,False,145832,0.0203856629933,middle
2026-05,Part_2,monthly,C_999,"England, all specialties",first-release,20,21,False,131301,0.0183543936631,middle
2026-05,Part_2,monthly,C_999,"England, all specialties",first-release,21,22,False,70373,0.0098373488797,middle
2026-05,Part_2,monthly,C_999,"England, all specialties",first-release,22,23,False,65726,0.009187750877,middle
2026-05,Part_2,monthly,C_999,"England, all specialties",first-release,23,24,False,116124,0.0162328208447,middle
2026-05,Part_2,monthly,C_999,"England, all specialties",first-release,24,25,False,111785,0.0156262777559,middle
2026-05,Part_2,monthly,C_999,"England, all specialties",first-release,25,26,False,107643,0.0150472730373,middle
2026-05,Part_2,monthly,C_999,"England, all specialties",first-release,26,27,False,101428,0.0141784863821,middle
2026-05,Part_2,monthly,C_999,"England, all specialties",first-release,27,28,False,97658,0.0136514830531,middle
2026-05,Part_2,monthly,C_999,"England, all specialties",first-release,28,29,False,94996,0.013279365583,middle
2026-05,Part_2,monthly,C_999,"England, all specialties",first-release,29,30,False,88239,0.0123348134625,middle
2026-05,Part_2,monthly,C_999,"England, all specialties",first-release,30,31,False,79486,0.0111112431338,middle
2026-05,Part_2,monthly,C_999,"England, all specialties",first-release,31,32,False,80780,0.0112921296876,middle
2026-05,Part_2,monthly,C_999,"England, all specialties",first-release,32,33,False,78770,0.0110111544378,middle
2026-05,Part_2,monthly,C_999,"England, all specialties",first-release,33,34,False,74307,0.0103872775525,middle
2026-05,Part_2,monthly,C_999,"England, all specialties",first-release,34,35,False,71261,0.00996148122883,middle
2026-05,Part_2,monthly,C_999,"England, all specialties",first-release,35,36,False,65221,0.00911715759287,middle
2026-05,Part_2,monthly,C_999,"England, all specialties",first-release,36,37,False,61856,0.00864676867979,middle
2026-05,Part_2,monthly,C_999,"England, all specialties",first-release,37,38,False,59397,0.0083030283121,middle
2026-05,Part_2,monthly,C_999,"England, all specialties",first-release,38,39,False,55932,0.00781866053088,middle
2026-05,Part_2,monthly,C_999,"England, all specialties",first-release,39,40,False,39115,0.00546783427493,middle
2026-05,Part_2,monthly,C_999,"England, all specialties",first-release,40,41,False,46068,0.00643978497705,middle
2026-05,Part_2,monthly,C_999,"England, all specialties",first-release,41,42,False,45146,0.00631089981275,middle
2026-05,Part_2,monthly,C_999,"England, all specialties",first-release,42,43,False,43067,0.00602027914402,middle
2026-05,Part_2,monthly,C_999,"England, all specialties",first-release,43,44,False,39947,0.00558413845789,middle
2026-05,Part_2,monthly,C_999,"England, all specialties",first-release,44,45,False,38729,0.00541387584389,middle
2026-05,Part_2,monthly,C_999,"England, all specialties",first-release,45,46,False,35787,0.00500261754306,middle
2026-05,Part_2,monthly,C_999,"England, all specialties",first-release,46,47,False,33253,0.00464839302427,middle
2026-05,Part_2,monthly,C_999,"England, all specialties",first-release,47,48,False,30712,0.0042931899847,middle
2026-05,Part_2,monthly,C_999,"England, all specialties",first-release,48,49,False,26961,0.00376884264058,middle
2026-05,Part_2,monthly,C_999,"England, all specialties",first-release,49,50,False,24689,0.00345124275633,middle
2026-05,Part_2,monthly,C_999,"England, all specialties",first-release,50,51,False,22354,0.00312483618514,middle
2026-05,Part_2,monthly,C_999,"England, all specialties",first-release,51,52,False,19998,0.00279549405164,middle
2026-05,Part_2,monthly,C_999,"England, all specialties",first-release,52,53,False,11726,0.00163916207869,over52
2026-05,Part_2,monthly,C_999,"England, all specialties",first-release,53,54,False,14145,0.00197731089911,over52
2026-05,Part_2,monthly,C_999,"England, all specialties",first-release,54,55,False,12706,0.00177615498651,over52
2026-05,Part_2,monthly,C_999,"England, all specialties",first-release,55,56,False,9276,0.00129667980913,over52
2026-05,Part_2,monthly,C_999,"England, all specialties",first-release,56,57,False,9448,0.00132072346234,over52
2026-05,Part_2,monthly,C_999,"England, all specialties",first-release,57,58,False,6345,0.000886959183802,over52
2026-05,Part_2,monthly,C_999,"England, all specialties",first-release,58,59,False,5936,0.000829785613089,over52
2026-05,Part_2,monthly,C_999,"England, all specialties",first-release,59,60,False,6670,0.000932390505273,over52
2026-05,Part_2,monthly,C_999,"England, all specialties",first-release,60,61,False,5490,0.000767439861162,over52
2026-05,Part_2,monthly,C_999,"England, all specialties",first-release,61,62,False,4388,0.000613392734204,over52
2026-05,Part_2,monthly,C_999,"England, all specialties",first-release,62,63,False,3703,0.00051763748741,over52
2026-05,Part_2,monthly,C_999,"England, all specialties",first-release,63,64,False,3194,0.000446485048552,over52
2026-05,Part_2,monthly,C_999,"England, all specialties",first-release,64,65,False,2658,0.000371558315295,over52
2026-05,Part_2,monthly,C_999,"England, all specialties",first-release,65,66,False,952,0.000133078824741,over52
2026-05,Part_2,monthly,C_999,"England, all specialties",first-release,66,67,False,890,0.000124411926491,over52
2026-05,Part_2,monthly,C_999,"England, all specialties",first-release,67,68,False,820,0.000114626718789,over52
2026-05,Part_2,monthly,C_999,"England, all specialties",first-release,68,69,False,672,9.39379939346e-05,over52
2026-05,Part_2,monthly,C_999,"England, all specialties",first-release,69,70,False,476,6.65394123703e-05,over52
2026-05,Part_2,monthly,C_999,"England, all specialties",first-release,70,71,False,435,6.08080764309e-05,over52
2026-05,Part_2,monthly,C_999,"England, all specialties",first-release,71,72,False,368,5.14422347737e-05,over52
2026-05,Part_2,monthly,C_999,"England, all specialties",first-release,72,73,False,309,4.31947025681e-05,over52
2026-05,Part_2,monthly,C_999,"England, all specialties",first-release,73,74,False,141,1.97102040845e-05,over52
2026-05,Part_2,monthly,C_999,"England, all specialties",first-release,74,75,False,77,1.07637284717e-05,over52
2026-05,Part_2,monthly,C_999,"England, all specialties",first-release,75,76,False,137,1.91510493587e-05,over52
2026-05,Part_2,monthly,C_999,"England, all specialties",first-release,76,77,False,117,1.63552757297e-05,over52
2026-05,Part_2,monthly,C_999,"England, all specialties",first-release,77,78,False,127,1.77531625442e-05,over52
2026-05,Part_2,monthly,C_999,"England, all specialties",first-release,78,79,False,78,1.09035171531e-05,over52
2026-05,Part_2,monthly,C_999,"England, all specialties",first-release,79,80,False,90,1.25809813305e-05,over52
2026-05,Part_2,monthly,C_999,"England, all specialties",first-release,80,81,False,85,1.18820379233e-05,over52
2026-05,Part_2,monthly,C_999,"England, all specialties",first-release,81,82,False,64,8.94647561282e-06,over52
2026-05,Part_2,monthly,C_999,"England, all specialties",first-release,82,83,False,63,8.80668693137e-06,over52
2026-05,Part_2,monthly,C_999,"England, all specialties",first-release,83,84,False,53,7.40880011686e-06,over52
2026-05,Part_2,monthly,C_999,"England, all specialties",first-release,84,85,False,48,6.70985670961e-06,over52
2026-05,Part_2,monthly,C_999,"England, all specialties",first-release,85,86,False,45,6.29049066526e-06,over52
2026-05,Part_2,monthly,C_999,"England, all specialties",first-release,86,87,False,37,5.17218121366e-06,over52
2026-05,Part_2,monthly,C_999,"England, all specialties",first-release,87,88,False,54,7.54858879831e-06,over52
2026-05,Part_2,monthly,C_999,"England, all specialties",first-release,88,89,False,37,5.17218121366e-06,over52
2026-05,Part_2,monthly,C_999,"England, all specialties",first-release,89,90,False,36,5.03239253221e-06,over52
2026-05,Part_2,monthly,C_999,"England, all specialties",first-release,90,91,False,35,4.89260385076e-06,over52
2026-05,Part_2,monthly,C_999,"England, all specialties",first-release,91,92,False,21,2.93556231046e-06,over52
2026-05,Part_2,monthly,C_999,"England, all specialties",first-release,92,93,False,14,1.9570415403e-06,over52
2026-05,Part_2,monthly,C_999,"England, all specialties",first-release,93,94,False,20,2.79577362901e-06,over52
2026-05,Part_2,monthly,C_999,"England, all specialties",first-release,94,95,False,20,2.79577362901e-06,over52
2026-05,Part_2,monthly,C_999,"England, all specialties",first-release,95,96,False,19,2.65598494755e-06,over52
2026-05,Part_2,monthly,C_999,"England, all specialties",first-release,96,97,False,29,4.05387176206e-06,over52
2026-05,Part_2,monthly,C_999,"England, all specialties",first-release,97,98,False,19,2.65598494755e-06,over52
2026-05,Part_2,monthly,C_999,"England, all specialties",first-release,98,99,False,23,3.21513967336e-06,over52
2026-05,Part_2,monthly,C_999,"England, all specialties",first-release,99,100,False,25,3.49471703626e-06,over52
2026-05,Part_2,monthly,C_999,"England, all specialties",first-release,100,101,False,13,1.81725285885e-06,over52
2026-05,Part_2,monthly,C_999,"England, all specialties",first-release,101,102,False,11,1.53767549595e-06,over52
2026-05,Part_2,monthly,C_999,"England, all specialties",first-release,102,103,False,11,1.53767549595e-06,over52
2026-05,Part_2,monthly,C_999,"England, all specialties",first-release,103,104,False,8,1.1183094516e-06,over52
2026-05,Part_2,monthly,C_999,"England, all specialties",first-release,104,,True,177,2.47425966167e-05,over52
