period,kind,part,code,measure,independent,primary,difference,status
2019-02,baseline,Part_2,C_100,p50,6.83375104427736,6.83375104428,-2.639666263348772e-12,VERIFIED
2019-02,baseline,Part_2,C_100,p75,14.151133501259446,14.1511335013,-4.055422664350772e-11,VERIFIED
2019-02,baseline,Part_2,C_100,p92,24.5884361660846,24.5884361661,-1.540101379760017e-11,VERIFIED
2019-02,baseline,Part_2,C_100,p95,29.29994107248085,29.2999410725,-1.91526794424135e-11,VERIFIED
2019-02,baseline,Part_2,C_110,p50,7.300798061254335,7.30079806125,4.335198866556311e-12,VERIFIED
2019-02,baseline,Part_2,C_110,p75,14.684494796469505,14.6844947965,-3.04947178619841e-11,VERIFIED
2019-02,baseline,Part_2,C_110,p92,24.79464587394412,24.7946458739,4.412115117702342e-11,VERIFIED
2019-02,baseline,Part_2,C_110,p95,29.18937339684866,29.1893733968,4.865796654485166e-11,VERIFIED
2019-02,baseline,Part_2,C_120,p50,6.999876367682512,6.99987636768,2.5126567493316543e-12,VERIFIED
2019-02,baseline,Part_2,C_120,p75,14.083293950850662,14.0832939509,-4.9338311214341957e-11,VERIFIED
2019-02,baseline,Part_2,C_120,p92,23.599536516853945,23.5995365169,-4.6053827418290894e-11,VERIFIED
2019-02,baseline,Part_2,C_120,p95,28.089236790606645,28.0892367906,6.643574579356937e-12,VERIFIED
2019-02,baseline,Part_2,C_130,p50,6.88075429839157,6.88075429839,1.5694112676101213e-12,VERIFIED
2019-02,baseline,Part_2,C_130,p75,13.827550876201244,13.8275508762,1.2434497875801753e-12,VERIFIED
2019-02,baseline,Part_2,C_130,p92,22.140881294964032,22.140881295,-3.596767328417627e-11,VERIFIED
2019-02,baseline,Part_2,C_130,p95,25.517372013651865,25.5173720137,-4.813571763406799e-11,VERIFIED
2019-02,baseline,Part_2,C_301,p50,6.544400630914827,6.54440063091,4.8263615326504805e-12,VERIFIED
2019-02,baseline,Part_2,C_301,p75,12.930935515388374,12.9309355154,-1.162625551387464e-11,VERIFIED
2019-02,baseline,Part_2,C_301,p92,20.858740157480323,20.8587401575,-1.9678481066875975e-11,VERIFIED
2019-02,baseline,Part_2,C_301,p95,24.581786216596335,24.5817862166,-3.666400516522117e-12,VERIFIED
2019-02,baseline,Part_2,C_320,p50,6.773747696431563,6.77374769643,1.5631940186722204e-12,VERIFIED
2019-02,baseline,Part_2,C_320,p75,12.82208549222798,12.8220854922,2.7981172934232745e-11,VERIFIED
2019-02,baseline,Part_2,C_320,p92,19.75513174404016,19.755131744,4.015987542516086e-11,VERIFIED
2019-02,baseline,Part_2,C_320,p95,23.1468796433878,23.1468796434,-1.220001877300092e-11,VERIFIED
2019-02,baseline,Part_2,C_400,p50,7.590651135005974,7.59065113501,-4.026112776500668e-12,VERIFIED
2019-02,baseline,Part_2,C_400,p75,14.094953051643191,14.0949530516,4.319211655001709e-11,VERIFIED
2019-02,baseline,Part_2,C_400,p92,22.130327613104527,22.1303276131,4.526157226791838e-12,VERIFIED
2019-02,baseline,Part_2,C_400,p95,25.60462232243516,25.6046223224,3.515765456540976e-11,VERIFIED
2019-02,baseline,Part_2,C_999,p50,6.691570182701094,6.6915701827,1.0942358130705543e-12,VERIFIED
2019-02,baseline,Part_2,C_999,p75,13.434422748870682,13.4344227489,-2.9316993277461734e-11,VERIFIED
2019-02,baseline,Part_2,C_999,p92,22.064439649285735,22.0644396493,-1.4264145420384011e-11,VERIFIED
2019-02,baseline,Part_2,C_999,p95,26.012445533769064,26.0124455338,-3.093703071499476e-11,VERIFIED
2024-01,monthly,Part_2,C_100,p50,15.79530760188088,15.7953076019,-1.9118928662464896e-11,VERIFIED
2024-01,monthly,Part_2,C_100,p75,29.832365925441465,29.8323659254,4.1463721345280646e-11,VERIFIED
2024-01,monthly,Part_2,C_100,p92,47.34336421952959,47.3433642195,2.958699951705057e-11,VERIFIED
2024-01,monthly,Part_2,C_100,p95,52.77476142641888,52.7747614264,1.8879120489145862e-11,VERIFIED
2024-01,monthly,Part_2,C_110,p50,16.14960026808368,16.1496002681,-1.63176139267307e-11,VERIFIED
2024-01,monthly,Part_2,C_110,p75,29.83946262978521,29.8394626298,-1.4789947044846485e-11,VERIFIED
2024-01,monthly,Part_2,C_110,p92,47.45109687146627,47.4510968715,-3.3729463666531956e-11,VERIFIED
2024-01,monthly,Part_2,C_110,p95,53.19496200394032,53.1949620039,4.0316194827028085e-11,VERIFIED
2024-01,monthly,Part_2,C_120,p50,18.832861078315624,18.8328610783,1.5624834759364603e-11,VERIFIED
2024-01,monthly,Part_2,C_120,p75,33.818010610079575,33.8180106101,-2.042810365310288e-11,VERIFIED
2024-01,monthly,Part_2,C_120,p92,49.50393177345287,49.5039317735,-4.7130299662967445e-11,VERIFIED
2024-01,monthly,Part_2,C_120,p95,54.12731311274508,54.1273131127,4.5076831156620756e-11,VERIFIED
2024-01,monthly,Part_2,C_130,p50,12.6132581257679,12.6132581258,-3.2100544444801926e-11,VERIFIED
2024-01,monthly,Part_2,C_130,p75,24.54954078876283,24.5495407888,-3.717204322128964e-11,VERIFIED
2024-01,monthly,Part_2,C_130,p92,40.27081217112788,40.2708121711,2.788169695122633e-11,VERIFIED
2024-01,monthly,Part_2,C_130,p95,45.526927939317304,45.5269279393,1.730171561575844e-11,VERIFIED
2024-01,monthly,Part_2,C_301,p50,14.133646322378716,14.1336463224,-2.12843076496938e-11,VERIFIED
2024-01,monthly,Part_2,C_301,p75,27.249722633136095,27.2497226331,3.609557097661309e-11,VERIFIED
2024-01,monthly,Part_2,C_301,p92,44.200819606267586,44.2008196063,-3.241495960537577e-11,VERIFIED
2024-01,monthly,Part_2,C_301,p95,49.250778642936574,49.2507786429,3.6571634609572357e-11,VERIFIED
2024-01,monthly,Part_2,C_320,p50,14.11390142964635,14.1139014296,4.6350479010470735e-11,VERIFIED
2024-01,monthly,Part_2,C_320,p75,26.20234581326705,26.2023458133,-3.2947866657195846e-11,VERIFIED
2024-01,monthly,Part_2,C_320,p92,41.12852552659764,41.1285255266,-2.3590018827235326e-12,VERIFIED
2024-01,monthly,Part_2,C_320,p95,46.188727782974745,46.188727783,-2.525268882891396e-11,VERIFIED
2024-01,monthly,Part_2,C_400,p50,16.482722329415893,16.4827223294,1.589128828527464e-11,VERIFIED
2024-01,monthly,Part_2,C_400,p75,29.274416816200976,29.2744168162,9.769962616701378e-13,VERIFIED
2024-01,monthly,Part_2,C_400,p92,44.03178142076503,44.0317814208,-3.497291345411213e-11,VERIFIED
2024-01,monthly,Part_2,C_400,p95,48.51736571008093,48.5173657101,-1.907096702780109e-11,VERIFIED
2024-01,monthly,Part_2,C_999,p50,15.039572851097873,15.0395728511,-2.1280754936015e-12,VERIFIED
2024-01,monthly,Part_2,C_999,p75,28.50585185659294,28.5058518566,-7.059242079776595e-12,VERIFIED
2024-01,monthly,Part_2,C_999,p92,45.26838459148804,45.2683845915,-1.1965539670200087e-11,VERIFIED
2024-01,monthly,Part_2,C_999,p95,50.38077235332322,50.3807723533,2.3220536604640074e-11,VERIFIED
2024-02,monthly,Part_2,C_100,p50,15.561303827751196,15.5613038278,-4.880362780568248e-11,VERIFIED
2024-02,monthly,Part_2,C_100,p75,29.724351365100897,29.7243513651,8.988365607365267e-13,VERIFIED
2024-02,monthly,Part_2,C_100,p92,47.008552727272736,47.0085527273,-2.7263524771115044e-11,VERIFIED
2024-02,monthly,Part_2,C_100,p95,52.301310679611625,52.3013106796,1.1624479157035239e-11,VERIFIED
2024-02,monthly,Part_2,C_110,p50,16.157894736842106,16.1578947368,4.210676252114354e-11,VERIFIED
2024-02,monthly,Part_2,C_110,p75,29.945572263993316,29.945572264,-6.682654429823742e-12,VERIFIED
2024-02,monthly,Part_2,C_110,p92,47.18559424678275,47.1855942468,-1.7251977624255233e-11,VERIFIED
2024-02,monthly,Part_2,C_110,p95,52.664344473007695,52.664344473,7.695177828281885e-12,VERIFIED
2024-02,monthly,Part_2,C_120,p50,18.409520756531496,18.4095207565,3.149480676256644e-11,VERIFIED
2024-02,monthly,Part_2,C_120,p75,33.59018397764322,33.5901839776,4.3222314616286894e-11,VERIFIED
2024-02,monthly,Part_2,C_120,p92,49.60646178092987,49.6064617809,2.987121661135461e-11,VERIFIED
2024-02,monthly,Part_2,C_120,p95,54.01182634730539,54.0118263473,5.3859139370615594e-12,VERIFIED
2024-02,monthly,Part_2,C_130,p50,12.351101086246809,12.3511010862,4.6808779075036e-11,VERIFIED
2024-02,monthly,Part_2,C_130,p75,24.012810769731843,24.0128107697,3.184297270308889e-11,VERIFIED
2024-02,monthly,Part_2,C_130,p92,40.27931767833407,40.2793176783,3.40634187523392e-11,VERIFIED
2024-02,monthly,Part_2,C_130,p95,45.25172193877552,45.2517219388,-2.4485302674293052e-11,VERIFIED
2024-02,monthly,Part_2,C_301,p50,13.958960590660658,13.9589605907,-3.934275127903675e-11,VERIFIED
2024-02,monthly,Part_2,C_301,p75,26.80807970221152,26.8080797022,1.1517897746671224e-11,VERIFIED
2024-02,monthly,Part_2,C_301,p92,43.32102022867194,43.3210202287,-2.8059332635166356e-11,VERIFIED
2024-02,monthly,Part_2,C_301,p95,48.890085127691535,48.8900851277,-8.462563982902793e-12,VERIFIED
2024-02,monthly,Part_2,C_320,p50,14.124244338175584,14.1242443382,-2.4416024757556443e-11,VERIFIED
2024-02,monthly,Part_2,C_320,p75,25.942286947141316,25.9422869471,4.1314507370771025e-11,VERIFIED
2024-02,monthly,Part_2,C_320,p92,41.06729458917837,41.0672945892,-2.163602630389505e-11,VERIFIED
2024-02,monthly,Part_2,C_320,p95,45.93252069917203,45.9325206992,-2.7966962079517543e-11,VERIFIED
2024-02,monthly,Part_2,C_400,p50,16.56304202801868,16.563042028,1.8676615809454233e-11,VERIFIED
2024-02,monthly,Part_2,C_400,p75,29.511482254697285,29.5114822547,-2.7142732506035827e-12,VERIFIED
2024-02,monthly,Part_2,C_400,p92,43.61139772045592,43.6113977205,-4.4082071326556616e-11,VERIFIED
2024-02,monthly,Part_2,C_400,p95,48.37047970479705,48.3704797048,-2.9487523534044158e-12,VERIFIED
2024-02,monthly,Part_2,C_999,p50,14.785488088545508,14.7854880885,4.5508485868595017e-11,VERIFIED
2024-02,monthly,Part_2,C_999,p75,28.197363661459672,28.1973636615,-4.0326852968064486e-11,VERIFIED
2024-02,monthly,Part_2,C_999,p92,44.62936136585008,44.6293613659,-4.992273261450464e-11,VERIFIED
2024-02,monthly,Part_2,C_999,p95,50.004627280909894,50.0046272809,9.890754881780595e-12,VERIFIED
2024-03,monthly,Part_2,C_100,p50,15.586742109634551,15.5867421096,3.455191688317427e-11,VERIFIED
2024-03,monthly,Part_2,C_100,p75,29.50425442291491,29.5042544229,1.4910739309925702e-11,VERIFIED
2024-03,monthly,Part_2,C_100,p92,46.321588126159554,46.3215881262,-4.04440925194649e-11,VERIFIED
2024-03,monthly,Part_2,C_100,p95,51.95963276836157,51.9596327684,-3.842615114990622e-11,VERIFIED
2024-03,monthly,Part_2,C_110,p50,16.42932425617751,16.4293242562,-2.249223030048597e-11,VERIFIED
2024-03,monthly,Part_2,C_110,p75,29.802375405607787,29.8023754056,7.787548383930698e-12,VERIFIED
2024-03,monthly,Part_2,C_110,p92,46.63560734742249,46.6356073474,2.2495783014164772e-11,VERIFIED
2024-03,monthly,Part_2,C_110,p95,52.3294629720451,52.329462972,4.509814743869356e-11,VERIFIED
2024-03,monthly,Part_2,C_120,p50,18.481250910149992,18.4812509101,4.999023417440185e-11,VERIFIED
2024-03,monthly,Part_2,C_120,p75,33.577305925315116,33.5773059253,1.511324398961733e-11,VERIFIED
2024-03,monthly,Part_2,C_120,p92,49.85685515104571,49.856855151,4.5709214191447245e-11,VERIFIED
2024-03,monthly,Part_2,C_120,p95,54.615889011595804,54.6158890116,-4.192202140984591e-12,VERIFIED
2024-03,monthly,Part_2,C_130,p50,11.231085714285712,11.2310857143,-1.4289014416135615e-11,VERIFIED
2024-03,monthly,Part_2,C_130,p75,24.144901701130692,24.1449017011,3.069189347115753e-11,VERIFIED
2024-03,monthly,Part_2,C_130,p92,40.57950948634892,40.5795094863,4.89208673570829e-11,VERIFIED
2024-03,monthly,Part_2,C_130,p95,45.567334494773526,45.5673344948,-2.6474822334421333e-11,VERIFIED
2024-03,monthly,Part_2,C_301,p50,14.06219640971489,14.0621964097,1.48894230278529e-11,VERIFIED
2024-03,monthly,Part_2,C_301,p75,26.91178527714635,26.9117852771,4.6348702653631335e-11,VERIFIED
2024-03,monthly,Part_2,C_301,p92,43.18941017559658,43.1894101756,-3.424815986363683e-12,VERIFIED
2024-03,monthly,Part_2,C_301,p95,48.55033460803059,48.550334608,3.058886477447231e-11,VERIFIED
2024-03,monthly,Part_2,C_320,p50,14.27361804400074,14.273618044,7.407408020299044e-13,VERIFIED
2024-03,monthly,Part_2,C_320,p75,26.23090332805071,26.2309033281,-4.928679686599935e-11,VERIFIED
2024-03,monthly,Part_2,C_320,p92,41.46664893617021,41.4666489362,-2.9793056910421e-11,VERIFIED
2024-03,monthly,Part_2,C_320,p95,46.29560776302349,46.295607763,2.3490542844228912e-11,VERIFIED
2024-03,monthly,Part_2,C_400,p50,16.856493043168033,16.8564930432,-3.196731768184691e-11,VERIFIED
2024-03,monthly,Part_2,C_400,p75,29.65121340015827,29.6512134002,-4.1730174871190684e-11,VERIFIED
2024-03,monthly,Part_2,C_400,p92,43.93127003699138,43.931270037,-8.618883384770015e-12,VERIFIED
2024-03,monthly,Part_2,C_400,p95,48.02797123391369,48.0279712339,1.369215851809713e-11,VERIFIED
2024-03,monthly,Part_2,C_999,p50,14.869446544516588,14.8694465445,1.658762016631954e-11,VERIFIED
2024-03,monthly,Part_2,C_999,p75,28.049738538816207,28.0497385388,1.6207479802687885e-11,VERIFIED
2024-03,monthly,Part_2,C_999,p92,44.66963716924392,44.6696371692,4.391864649733179e-11,VERIFIED
2024-03,monthly,Part_2,C_999,p95,49.738497198671226,49.7384971987,-2.8776980798284058e-11,VERIFIED
2024-04,monthly,Part_2,C_100,p50,14.563939364493246,14.5639393645,-6.753708703399752e-12,VERIFIED
2024-04,monthly,Part_2,C_100,p75,29.357977158677972,29.3579771587,-2.2026824808563106e-11,VERIFIED
2024-04,monthly,Part_2,C_100,p92,46.34284145504463,46.342841455,4.462918923309189e-11,VERIFIED
2024-04,monthly,Part_2,C_100,p95,51.31033279656466,51.3103327966,-3.5342395676707383e-11,VERIFIED
2024-04,monthly,Part_2,C_110,p50,15.33904159929443,15.3390415993,-5.5706550483591855e-12,VERIFIED
2024-04,monthly,Part_2,C_110,p75,29.889547052913596,29.8895470529,1.3596235248769517e-11,VERIFIED
2024-04,monthly,Part_2,C_110,p92,46.72643567532884,46.7264356753,2.8833824217144866e-11,VERIFIED
2024-04,monthly,Part_2,C_110,p95,51.91641648471616,51.9164164847,1.6157741811184678e-11,VERIFIED
2024-04,monthly,Part_2,C_120,p50,17.818194760820045,17.8181947608,2.0044410575792426e-11,VERIFIED
2024-04,monthly,Part_2,C_120,p75,32.92867705608008,32.9286770561,-1.9916512883355608e-11,VERIFIED
2024-04,monthly,Part_2,C_120,p92,50.18888933520787,50.1888893352,7.865708084864309e-12,VERIFIED
2024-04,monthly,Part_2,C_120,p95,55.29946902654864,55.2994690265,4.864375569013646e-11,VERIFIED
2024-04,monthly,Part_2,C_130,p50,11.327274643064117,11.3272746431,-3.588418451272446e-11,VERIFIED
2024-04,monthly,Part_2,C_130,p75,23.991198270537367,23.9911982705,3.736744247362367e-11,VERIFIED
2024-04,monthly,Part_2,C_130,p92,40.46248190279214,40.4624819028,-7.858602657506708e-12,VERIFIED
2024-04,monthly,Part_2,C_130,p95,45.714014786242345,45.7140147862,4.234124162394437e-11,VERIFIED
2024-04,monthly,Part_2,C_301,p50,13.098412394797244,13.0984123948,-2.7569058147491887e-12,VERIFIED
2024-04,monthly,Part_2,C_301,p75,26.62547220723152,26.6254722072,3.1519675758318044e-11,VERIFIED
2024-04,monthly,Part_2,C_301,p92,42.86648355619805,42.8664835562,-1.9539925233402755e-12,VERIFIED
2024-04,monthly,Part_2,C_301,p95,47.98400383141761,47.9840038314,1.7607248992135283e-11,VERIFIED
2024-04,monthly,Part_2,C_320,p50,13.4315445026178,13.4315445026,1.780087188762991e-11,VERIFIED
2024-04,monthly,Part_2,C_320,p75,26.099474035732175,26.0994740357,3.217692778889614e-11,VERIFIED
2024-04,monthly,Part_2,C_320,p92,41.55258760107817,41.5525876011,-2.1827872842550278e-11,VERIFIED
2024-04,monthly,Part_2,C_320,p95,46.18918072289157,46.1891807229,-8.427036846114788e-12,VERIFIED
2024-04,monthly,Part_2,C_400,p50,15.954460333673817,15.9544603337,-2.6183499812759692e-11,VERIFIED
2024-04,monthly,Part_2,C_400,p75,29.998181083265965,29.9981810833,-3.40349970429088e-11,VERIFIED
2024-04,monthly,Part_2,C_400,p92,44.26891228070176,44.2689122807,1.7621459846850485e-12,VERIFIED
2024-04,monthly,Part_2,C_400,p95,48.33495260663506,48.3349526066,3.5065284009760944e-11,VERIFIED
2024-04,monthly,Part_2,C_999,p50,13.913199656343814,13.9131996563,4.381384144380718e-11,VERIFIED
2024-04,monthly,Part_2,C_999,p75,28.016324127101424,28.0163241271,1.4246381851990009e-12,VERIFIED
2024-04,monthly,Part_2,C_999,p92,44.76257426109516,44.7625742611,-4.838796030526282e-12,VERIFIED
2024-04,monthly,Part_2,C_999,p95,49.82017185234483,49.8201718523,4.482814119910472e-11,VERIFIED
2024-05,monthly,Part_2,C_100,p50,14.951223021582734,14.9512230216,-1.7266188478970435e-11,VERIFIED
2024-05,monthly,Part_2,C_100,p75,29.51544318959617,29.5154431896,-3.82982534574694e-12,VERIFIED
2024-05,monthly,Part_2,C_100,p92,46.49411764705882,46.4941176471,-4.1175951537297806e-11,VERIFIED
2024-05,monthly,Part_2,C_100,p95,51.412216446124766,51.4122164461,2.4769519768597092e-11,VERIFIED
2024-05,monthly,Part_2,C_110,p50,15.43520601165525,15.4352060117,-4.474998149817111e-11,VERIFIED
2024-05,monthly,Part_2,C_110,p75,29.978368587608266,29.9783685876,8.267164730568766e-12,VERIFIED
2024-05,monthly,Part_2,C_110,p92,47.19057511327989,47.1905751133,-2.0108359422010835e-11,VERIFIED
2024-05,monthly,Part_2,C_110,p95,52.1701519069166,52.1701519069,1.659827830735594e-11,VERIFIED
2024-05,monthly,Part_2,C_120,p50,17.62826743727834,17.6282674373,-2.1660895299646654e-11,VERIFIED
2024-05,monthly,Part_2,C_120,p75,32.970428353989995,32.970428354,-1.000444171950221e-11,VERIFIED
2024-05,monthly,Part_2,C_120,p92,50.446750718867506,50.4467507189,-3.249311930630938e-11,VERIFIED
2024-05,monthly,Part_2,C_120,p95,55.4228832951945,55.4228832952,-5.4996007747831754e-12,VERIFIED
2024-05,monthly,Part_2,C_130,p50,11.653950604632096,11.6539506046,3.2095215374283725e-11,VERIFIED
2024-05,monthly,Part_2,C_130,p75,23.882650148435715,23.8826501484,3.5715430612981436e-11,VERIFIED
2024-05,monthly,Part_2,C_130,p92,40.31643512450854,40.3164351245,8.533618256478803e-12,VERIFIED
2024-05,monthly,Part_2,C_130,p95,45.73645617667357,45.7364561767,-2.6432189770275727e-11,VERIFIED
2024-05,monthly,Part_2,C_301,p50,13.39943734503147,13.399437345,3.146993776681484e-11,VERIFIED
2024-05,monthly,Part_2,C_301,p75,26.864289446186,26.8642894462,-1.4001244608152774e-11,VERIFIED
2024-05,monthly,Part_2,C_301,p92,42.97712864250178,42.9771286425,1.7834622667578515e-12,VERIFIED
2024-05,monthly,Part_2,C_301,p95,47.907408325074314,47.9074083251,-2.5686119897727622e-11,VERIFIED
2024-05,monthly,Part_2,C_320,p50,13.858702270157432,13.8587022702,-4.25686152993876e-11,VERIFIED
2024-05,monthly,Part_2,C_320,p75,26.45659151401284,26.456591514,1.283950723518501e-11,VERIFIED
2024-05,monthly,Part_2,C_320,p92,41.82291408934708,41.8229140893,4.708056167146424e-11,VERIFIED
2024-05,monthly,Part_2,C_320,p95,46.596717284502006,46.5967172845,2.0037305148434825e-12,VERIFIED
2024-05,monthly,Part_2,C_400,p50,16.44440660650434,16.4444066065,4.341416115494212e-12,VERIFIED
2024-05,monthly,Part_2,C_400,p75,30.554012345679013,30.5540123457,-2.098587970067456e-11,VERIFIED
2024-05,monthly,Part_2,C_400,p92,44.979727891156465,44.9797278912,-4.353495342002134e-11,VERIFIED
2024-05,monthly,Part_2,C_400,p95,48.96832669322709,48.9683266932,2.709299451453262e-11,VERIFIED
2024-05,monthly,Part_2,C_999,p50,14.20351310694919,14.2035131069,4.9190873596671736e-11,VERIFIED
2024-05,monthly,Part_2,C_999,p75,28.11699657244768,28.1169965724,4.767741756950272e-11,VERIFIED
2024-05,monthly,Part_2,C_999,p92,44.950909194334365,44.9509091943,3.4361846701358445e-11,VERIFIED
2024-05,monthly,Part_2,C_999,p95,49.998513651919765,49.9985136519,1.9767298908845987e-11,VERIFIED
2024-06,monthly,Part_2,C_100,p50,14.996713388110198,14.9967133881,1.0198064614996838e-11,VERIFIED
2024-06,monthly,Part_2,C_100,p75,29.51336146272855,29.5133614627,2.8549607122840825e-11,VERIFIED
2024-06,monthly,Part_2,C_100,p92,46.62157642220699,46.6215764222,6.991740519879386e-12,VERIFIED
2024-06,monthly,Part_2,C_100,p95,51.64382826475849,51.6438282648,-4.150990662310505e-11,VERIFIED
2024-06,monthly,Part_2,C_110,p50,15.353610019646366,15.3536100196,4.636646622202534e-11,VERIFIED
2024-06,monthly,Part_2,C_110,p75,29.888824239289715,29.8888242393,-1.028510610012745e-11,VERIFIED
2024-06,monthly,Part_2,C_110,p92,47.034881960713655,47.0348819607,1.3656631381309126e-11,VERIFIED
2024-06,monthly,Part_2,C_110,p95,52.15953539284845,52.1595353928,4.844480372412363e-11,VERIFIED
2024-06,monthly,Part_2,C_120,p50,17.957843973492555,17.9578439735,-7.44648787076585e-12,VERIFIED
2024-06,monthly,Part_2,C_120,p75,32.75837593821386,32.7583759382,1.3862688774679555e-11,VERIFIED
2024-06,monthly,Part_2,C_120,p92,50.144181217555456,50.1441812176,-4.454392410480068e-11,VERIFIED
2024-06,monthly,Part_2,C_120,p95,55.25259648127129,55.2525964813,-2.871303195206565e-11,VERIFIED
2024-06,monthly,Part_2,C_130,p50,11.41541575307809,11.4154157531,-2.190958525716269e-11,VERIFIED
2024-06,monthly,Part_2,C_130,p75,22.7878032409627,22.787803241,-3.729994091372646e-11,VERIFIED
2024-06,monthly,Part_2,C_130,p92,39.78209689081707,39.7820968908,1.7074341940315207e-11,VERIFIED
2024-06,monthly,Part_2,C_130,p95,45.32013840830448,45.3201384083,4.483524662646232e-12,VERIFIED
2024-06,monthly,Part_2,C_301,p50,13.616275129884798,13.6162751299,-1.5202061831587343e-11,VERIFIED
2024-06,monthly,Part_2,C_301,p75,26.43617200674536,26.4361720067,4.5357495537245995e-11,VERIFIED
2024-06,monthly,Part_2,C_301,p92,42.4475795706884,42.4475795707,-1.1603162874962436e-11,VERIFIED
2024-06,monthly,Part_2,C_301,p95,47.569225543478254,47.5692255435,-2.1749713141616667e-11,VERIFIED
2024-06,monthly,Part_2,C_320,p50,14.057435363525942,14.0574353635,2.5941915282601258e-11,VERIFIED
2024-06,monthly,Part_2,C_320,p75,25.87504974134501,25.8750497413,4.5009329596723546e-11,VERIFIED
2024-06,monthly,Part_2,C_320,p92,41.281671018276775,41.2816710183,-2.3227642031997675e-11,VERIFIED
2024-06,monthly,Part_2,C_320,p95,46.244622222222205,46.2446222222,2.220446049250313e-11,VERIFIED
2024-06,monthly,Part_2,C_400,p50,16.582995237255247,16.5829952373,-4.475353421184991e-11,VERIFIED
2024-06,monthly,Part_2,C_400,p75,30.60514018691589,30.6051401869,1.588773557159584e-11,VERIFIED
2024-06,monthly,Part_2,C_400,p92,45.377021276595755,45.3770212766,-4.241940132487798e-12,VERIFIED
2024-06,monthly,Part_2,C_400,p95,49.52425644415068,49.5242564442,-4.9318771289108554e-11,VERIFIED
2024-06,monthly,Part_2,C_999,p50,14.342254037421007,14.3422540374,2.1007195982747362e-11,VERIFIED
2024-06,monthly,Part_2,C_999,p75,27.924810044387588,27.9248100444,-1.241318159372895e-11,VERIFIED
2024-06,monthly,Part_2,C_999,p92,44.69614424746598,44.6961442475,-3.40207861881936e-11,VERIFIED
2024-06,monthly,Part_2,C_999,p95,49.809782412073275,49.8097824121,-2.6723512291937368e-11,VERIFIED
2024-07,monthly,Part_2,C_100,p50,14.508549027016814,14.508549027,1.681321748492337e-11,VERIFIED
2024-07,monthly,Part_2,C_100,p75,28.37300066644452,28.3730006664,4.451905510904908e-11,VERIFIED
2024-07,monthly,Part_2,C_100,p92,46.35869884575027,46.3586988458,-4.973088607584941e-11,VERIFIED
2024-07,monthly,Part_2,C_100,p95,51.64037590579708,51.6403759058,-2.9203306439740118e-12,VERIFIED
2024-07,monthly,Part_2,C_110,p50,14.607564041643268,14.6075640416,4.32684998941113e-11,VERIFIED
2024-07,monthly,Part_2,C_110,p75,28.356761493315943,28.3567614933,1.5944578990456648e-11,VERIFIED
2024-07,monthly,Part_2,C_110,p92,46.31072625698325,46.310726257,-1.674749228186556e-11,VERIFIED
2024-07,monthly,Part_2,C_110,p95,51.787522583559145,51.7875225836,-4.085620730620576e-11,VERIFIED
2024-07,monthly,Part_2,C_120,p50,18.272575022216145,18.2725750222,1.6143530956469476e-11,VERIFIED
2024-07,monthly,Part_2,C_120,p75,32.51071153210706,32.5107115321,7.062794793455396e-12,VERIFIED
2024-07,monthly,Part_2,C_120,p92,49.44659539082917,49.4465953908,2.916777930295211e-11,VERIFIED
2024-07,monthly,Part_2,C_120,p95,54.6572161741835,54.6572161742,-1.6498802324349526e-11,VERIFIED
2024-07,monthly,Part_2,C_130,p50,11.584555106167846,11.5845551062,-3.2153835149983934e-11,VERIFIED
2024-07,monthly,Part_2,C_130,p75,22.897648125178897,22.8976481252,-2.1103119252074976e-11,VERIFIED
2024-07,monthly,Part_2,C_130,p92,39.4620956155561,39.4620956156,-4.389733021525899e-11,VERIFIED
2024-07,monthly,Part_2,C_130,p95,44.54665688193083,44.5466568819,3.083044930463075e-11,VERIFIED
2024-07,monthly,Part_2,C_301,p50,13.317516316810725,13.3175163168,1.0723866239459312e-11,VERIFIED
2024-07,monthly,Part_2,C_301,p75,25.515731985653733,25.5157319857,-4.6266990239018924e-11,VERIFIED
2024-07,monthly,Part_2,C_301,p92,41.535986577181205,41.5359865772,-1.879385536085465e-11,VERIFIED
2024-07,monthly,Part_2,C_301,p95,46.341559086395215,46.3415590864,-4.781952611665474e-12,VERIFIED
2024-07,monthly,Part_2,C_320,p50,13.812559391827683,13.8125593918,2.7682744985213503e-11,VERIFIED
2024-07,monthly,Part_2,C_320,p75,25.647116875793035,25.6471168758,-6.963318810448982e-12,VERIFIED
2024-07,monthly,Part_2,C_320,p92,41.116428340342935,41.1164283403,4.2938097521982854e-11,VERIFIED
2024-07,monthly,Part_2,C_320,p95,45.68073788073787,45.6807378807,3.787192781601334e-11,VERIFIED
2024-07,monthly,Part_2,C_400,p50,16.050182149362477,16.0501821494,-3.752376187549089e-11,VERIFIED
2024-07,monthly,Part_2,C_400,p75,29.36768130405855,29.3676813041,-4.1449510490565444e-11,VERIFIED
2024-07,monthly,Part_2,C_400,p92,45.01439393939394,45.0143939394,-6.0609295360336546e-12,VERIFIED
2024-07,monthly,Part_2,C_400,p95,49.41605473965287,49.4160547397,-4.7130299662967445e-11,VERIFIED
2024-07,monthly,Part_2,C_999,p50,13.983266435858884,13.9832664359,-4.11155554047582e-11,VERIFIED
2024-07,monthly,Part_2,C_999,p75,26.86000076837046,26.8600007684,-2.9540814239226165e-11,VERIFIED
2024-07,monthly,Part_2,C_999,p92,44.108175717852696,44.1081757179,-4.730082991954987e-11,VERIFIED
2024-07,monthly,Part_2,C_999,p95,49.418164443612824,49.4181644436,1.2825296380469808e-11,VERIFIED
2024-08,monthly,Part_2,C_100,p50,15.020492186768973,15.0204921868,-3.1027624913804175e-11,VERIFIED
2024-08,monthly,Part_2,C_100,p75,28.85476866544179,28.8547686654,4.178701829005149e-11,VERIFIED
2024-08,monthly,Part_2,C_100,p92,46.422693649685975,46.4226936497,-1.4026113603904378e-11,VERIFIED
2024-08,monthly,Part_2,C_100,p95,51.44245630174792,51.4424563017,4.7919002099661157e-11,VERIFIED
2024-08,monthly,Part_2,C_110,p50,15.07149073187712,15.0714907319,-2.2881252448314626e-11,VERIFIED
2024-08,monthly,Part_2,C_110,p75,28.58285007675251,28.5828500768,-4.7489123744526296e-11,VERIFIED
2024-08,monthly,Part_2,C_110,p92,46.406554872986895,46.406554873,-1.3102408047416247e-11,VERIFIED
2024-08,monthly,Part_2,C_110,p95,51.40039452309119,51.4003945231,-8.810729923425242e-12,VERIFIED
2024-08,monthly,Part_2,C_120,p50,18.68230407624445,18.6823040762,4.444800083547307e-11,VERIFIED
2024-08,monthly,Part_2,C_120,p75,32.19362944162437,32.1936294416,2.4364510409213835e-11,VERIFIED
2024-08,monthly,Part_2,C_120,p92,48.8712907744647,48.8712907745,-3.529976311256178e-11,VERIFIED
2024-08,monthly,Part_2,C_120,p95,53.98590757069019,53.9859075707,-9.812595180846984e-12,VERIFIED
2024-08,monthly,Part_2,C_130,p50,11.927441161742614,11.9274411617,4.261480057721201e-11,VERIFIED
2024-08,monthly,Part_2,C_130,p75,23.38614057698027,23.386140577,-1.9728219058379182e-11,VERIFIED
2024-08,monthly,Part_2,C_130,p92,39.60890976514216,39.6089097651,4.2156500512646744e-11,VERIFIED
2024-08,monthly,Part_2,C_130,p95,44.72124105011934,44.7212410501,1.9340973267389927e-11,VERIFIED
2024-08,monthly,Part_2,C_301,p50,13.595075713790314,13.5950757138,-9.686473845249566e-12,VERIFIED
2024-08,monthly,Part_2,C_301,p75,25.755784668660475,25.7557846687,-3.952393967665557e-11,VERIFIED
2024-08,monthly,Part_2,C_301,p92,41.70839762611277,41.7083976261,1.2768452961609e-11,VERIFIED
2024-08,monthly,Part_2,C_301,p95,46.49301388266904,46.4930138827,-3.0958346997067565e-11,VERIFIED
2024-08,monthly,Part_2,C_320,p50,14.577869861327644,14.5778698613,2.7643665134746698e-11,VERIFIED
2024-08,monthly,Part_2,C_320,p75,26.50248810038944,26.5024881004,-1.056221776707389e-11,VERIFIED
2024-08,monthly,Part_2,C_320,p92,41.71647900466564,41.7164790047,-3.4354741274000844e-11,VERIFIED
2024-08,monthly,Part_2,C_320,p95,46.259272497897385,46.2592724979,-2.6147972675971687e-12,VERIFIED
2024-08,monthly,Part_2,C_400,p50,16.691972818008068,16.691972818,8.068212764555938e-12,VERIFIED
2024-08,monthly,Part_2,C_400,p75,30.121915311273135,30.1219153113,-2.6865620839089388e-11,VERIFIED
2024-08,monthly,Part_2,C_400,p92,45.88904552129222,45.8890455213,-7.780442956573097e-12,VERIFIED
2024-08,monthly,Part_2,C_400,p95,49.93453403833443,49.9345340383,3.4425795547576854e-11,VERIFIED
2024-08,monthly,Part_2,C_999,p50,14.597603885797334,14.5976038858,-2.666311615939776e-12,VERIFIED
2024-08,monthly,Part_2,C_999,p75,27.422709815635695,27.4227098156,3.569411433090863e-11,VERIFIED
2024-08,monthly,Part_2,C_999,p92,44.37408003153953,44.3740800315,3.9527492390334373e-11,VERIFIED
2024-08,monthly,Part_2,C_999,p95,49.266908317749824,49.2669083177,4.9823256631498225e-11,VERIFIED
2024-09,monthly,Part_2,C_100,p50,14.669510916197922,14.6695109162,-2.078337502098293e-12,VERIFIED
2024-09,monthly,Part_2,C_100,p75,28.35810810810811,28.3581081081,8.107292615022743e-12,VERIFIED
2024-09,monthly,Part_2,C_100,p92,45.45168539325844,45.4516853933,-4.155964461460826e-11,VERIFIED
2024-09,monthly,Part_2,C_100,p95,50.309995644599304,50.3099956446,-6.963318810448982e-13,VERIFIED
2024-09,monthly,Part_2,C_110,p50,14.823143126092608,14.8231431261,-7.391420808744442e-12,VERIFIED
2024-09,monthly,Part_2,C_110,p75,28.068807147051423,28.0688071471,-4.857625413023925e-11,VERIFIED
2024-09,monthly,Part_2,C_110,p92,45.68107788366744,45.6810778837,-3.255706815252779e-11,VERIFIED
2024-09,monthly,Part_2,C_110,p95,50.55444027517196,50.5544402752,-2.8038016353093553e-11,VERIFIED
2024-09,monthly,Part_2,C_120,p50,18.62878682601445,18.628786826,1.4452439245360438e-11,VERIFIED
2024-09,monthly,Part_2,C_120,p75,31.93992857142857,31.9399285714,2.857092340491363e-11,VERIFIED
2024-09,monthly,Part_2,C_120,p92,47.41305831019437,47.4130583102,-5.6274984672199935e-12,VERIFIED
2024-09,monthly,Part_2,C_120,p95,51.885809399477814,51.8858093995,-2.2183144210430328e-11,VERIFIED
2024-09,monthly,Part_2,C_130,p50,11.914200553544816,11.9142005535,4.481570670122892e-11,VERIFIED
2024-09,monthly,Part_2,C_130,p75,23.114953090240835,23.1149530902,4.083489102413296e-11,VERIFIED
2024-09,monthly,Part_2,C_130,p92,38.1134082397004,38.1134082397,3.979039320256561e-13,VERIFIED
2024-09,monthly,Part_2,C_130,p95,44.303099241674886,44.3030992417,-2.511058028176194e-11,VERIFIED
2024-09,monthly,Part_2,C_301,p50,13.347799395542124,13.3477993955,4.212452608953754e-11,VERIFIED
2024-09,monthly,Part_2,C_301,p75,25.215818363273453,25.2158183633,-2.6545876607997343e-11,VERIFIED
2024-09,monthly,Part_2,C_301,p92,40.91338830584709,40.9133883058,4.709477252617944e-11,VERIFIED
2024-09,monthly,Part_2,C_301,p95,45.80109011627908,45.8010901163,-2.092548356813495e-11,VERIFIED
2024-09,monthly,Part_2,C_320,p50,14.45035338734701,14.4503533873,4.700950739788823e-11,VERIFIED
2024-09,monthly,Part_2,C_320,p75,26.428861788617887,26.4288617886,1.7887913372760522e-11,VERIFIED
2024-09,monthly,Part_2,C_320,p92,41.48987512007685,41.4898751201,-2.3149482331064064e-11,VERIFIED
2024-09,monthly,Part_2,C_320,p95,45.90832672482156,45.9083267248,2.156497203031904e-11,VERIFIED
2024-09,monthly,Part_2,C_400,p50,16.182610210838124,16.1826102108,3.8124170487208175e-11,VERIFIED
2024-09,monthly,Part_2,C_400,p75,29.808481152993348,29.808481153,-6.650680006714538e-12,VERIFIED
2024-09,monthly,Part_2,C_400,p92,45.4926853707415,45.4926853707,4.149569576838985e-11,VERIFIED
2024-09,monthly,Part_2,C_400,p95,49.61264290517821,49.6126429052,-2.1785240278404672e-11,VERIFIED
2024-09,monthly,Part_2,C_999,p50,14.404317951279683,14.4043179513,-2.0316193172220665e-11,VERIFIED
2024-09,monthly,Part_2,C_999,p75,27.29329230960346,27.2932923096,3.4567904094728874e-12,VERIFIED
2024-09,monthly,Part_2,C_999,p92,43.69890949472516,43.6989094947,2.5160318273265148e-11,VERIFIED
2024-09,monthly,Part_2,C_999,p95,48.4681925538399,48.4681925538,3.9896974612929625e-11,VERIFIED
2024-10,monthly,Part_2,C_100,p50,14.506725993377485,14.5067259934,-2.2515322939398175e-11,VERIFIED
2024-10,monthly,Part_2,C_100,p75,27.748176956733108,27.7481769567,3.310773877274187e-11,VERIFIED
2024-10,monthly,Part_2,C_100,p92,44.816700143472055,44.8167001435,-2.794564579744474e-11,VERIFIED
2024-10,monthly,Part_2,C_100,p95,49.77788378143972,49.7778837814,3.97193389289896e-11,VERIFIED
2024-10,monthly,Part_2,C_110,p50,14.632733148661126,14.6327331487,-3.887379307343508e-11,VERIFIED
2024-10,monthly,Part_2,C_110,p75,27.257284059895255,27.2572840599,-4.746425474877469e-12,VERIFIED
2024-10,monthly,Part_2,C_110,p92,44.966145634769376,44.9661456348,-3.062439191126032e-11,VERIFIED
2024-10,monthly,Part_2,C_110,p95,50.09186712485682,50.0918671249,-4.317968205214129e-11,VERIFIED
2024-10,monthly,Part_2,C_120,p50,18.60598259608412,18.6059825961,-1.587707743055944e-11,VERIFIED
2024-10,monthly,Part_2,C_120,p75,32.283375996849465,32.2833759968,4.9467985263618175e-11,VERIFIED
2024-10,monthly,Part_2,C_120,p92,47.17059148264984,47.1705914826,4.983746748621343e-11,VERIFIED
2024-10,monthly,Part_2,C_120,p95,51.25628187919464,51.2562818792,-5.364597654988756e-12,VERIFIED
2024-10,monthly,Part_2,C_130,p50,11.48654957110346,11.4865495711,3.460343123151688e-12,VERIFIED
2024-10,monthly,Part_2,C_130,p75,23.00939811010682,23.0093981101,6.817657549618161e-12,VERIFIED
2024-10,monthly,Part_2,C_130,p92,37.90205754141238,37.9020575414,1.2384759884298546e-11,VERIFIED
2024-10,monthly,Part_2,C_130,p95,42.50205861828333,42.5020586183,-1.666933258093195e-11,VERIFIED
2024-10,monthly,Part_2,C_301,p50,13.050909961685823,13.0509099617,-1.4177103935253399e-11,VERIFIED
2024-10,monthly,Part_2,C_301,p75,24.91331188266986,24.9133118827,-3.014122285094345e-11,VERIFIED
2024-10,monthly,Part_2,C_301,p92,39.67475000000001,39.67475,7.105427357601002e-15,VERIFIED
2024-10,monthly,Part_2,C_301,p95,45.02865883504649,45.028658835,4.6490811200783355e-11,VERIFIED
2024-10,monthly,Part_2,C_320,p50,14.137328996460344,14.1373289965,-3.965716643961059e-11,VERIFIED
2024-10,monthly,Part_2,C_320,p75,26.205316256439612,26.2053162564,3.9612757518625585e-11,VERIFIED
2024-10,monthly,Part_2,C_320,p92,40.71349716446125,40.7134971645,-3.874589538099826e-11,VERIFIED
2024-10,monthly,Part_2,C_320,p95,45.98743380855396,45.9874338086,-4.604316927725449e-11,VERIFIED
2024-10,monthly,Part_2,C_400,p50,16.153043170559094,16.1530431706,-4.090594529770897e-11,VERIFIED
2024-10,monthly,Part_2,C_400,p75,29.424448473859172,29.4244484739,-4.0827785596775357e-11,VERIFIED
2024-10,monthly,Part_2,C_400,p92,45.26408263649779,45.2640826365,-2.2097879082139116e-12,VERIFIED
2024-10,monthly,Part_2,C_400,p95,49.50656779661016,49.5065677966,1.0160761121369433e-11,VERIFIED
2024-10,monthly,Part_2,C_999,p50,14.22778882811205,14.2277888281,1.2050804798491299e-11,VERIFIED
2024-10,monthly,Part_2,C_999,p75,26.861634609285804,26.8616346093,-1.4196643860486802e-11,VERIFIED
2024-10,monthly,Part_2,C_999,p92,42.36446396439973,42.3644639644,-2.7000623958883807e-13,VERIFIED
2024-10,monthly,Part_2,C_999,p95,48.06904450426424,48.0690445043,-3.576161589080584e-11,VERIFIED
2024-11,monthly,Part_2,C_100,p50,14.418891379661709,14.4188913797,-3.82911480301118e-11,VERIFIED
2024-11,monthly,Part_2,C_100,p75,27.645460409611353,27.6454604096,1.1354472917446401e-11,VERIFIED
2024-11,monthly,Part_2,C_100,p92,43.65071382636657,43.6507138264,-3.3431035717512714e-11,VERIFIED
2024-11,monthly,Part_2,C_100,p95,49.09080629301866,49.090806293,1.865885224106023e-11,VERIFIED
2024-11,monthly,Part_2,C_110,p50,14.47732895613284,14.4773289561,3.284128524683183e-11,VERIFIED
2024-11,monthly,Part_2,C_110,p75,27.273970856102004,27.2739708561,2.0037305148434825e-12,VERIFIED
2024-11,monthly,Part_2,C_110,p92,43.490273656445765,43.4902736564,4.576605761030805e-11,VERIFIED
2024-11,monthly,Part_2,C_110,p95,49.28235668789809,49.2823566879,-1.9113599591946695e-12,VERIFIED
2024-11,monthly,Part_2,C_120,p50,18.35284443447709,18.3528444345,-2.291145051458443e-11,VERIFIED
2024-11,monthly,Part_2,C_120,p75,32.012251525290296,32.0122515253,-9.706013770482969e-12,VERIFIED
2024-11,monthly,Part_2,C_120,p92,46.035366321442275,46.0353663214,4.227729277772596e-11,VERIFIED
2024-11,monthly,Part_2,C_120,p95,51.076407154129406,51.0764071541,2.9402258405752946e-11,VERIFIED
2024-11,monthly,Part_2,C_130,p50,11.017477247695783,11.0174772477,-4.217071136736195e-12,VERIFIED
2024-11,monthly,Part_2,C_130,p75,22.68679359157248,22.6867935916,-2.751932015598868e-11,VERIFIED
2024-11,monthly,Part_2,C_130,p92,37.766460422445064,37.7664604224,4.5062620301905554e-11,VERIFIED
2024-11,monthly,Part_2,C_130,p95,42.45221712538226,42.4522171254,-1.77351466845721e-11,VERIFIED
2024-11,monthly,Part_2,C_301,p50,12.653426291165948,12.6534262912,-3.40527606113028e-11,VERIFIED
2024-11,monthly,Part_2,C_301,p75,24.598188194038578,24.598188194,3.857891783809464e-11,VERIFIED
2024-11,monthly,Part_2,C_301,p92,39.20549915966388,39.2054991597,-3.611688725868589e-11,VERIFIED
2024-11,monthly,Part_2,C_301,p95,44.00941854877462,44.0094185488,-2.538058652135078e-11,VERIFIED
2024-11,monthly,Part_2,C_320,p50,13.956825856246985,13.9568258562,4.6984638402136625e-11,VERIFIED
2024-11,monthly,Part_2,C_320,p75,26.12416299980869,26.1241629998,8.689937658346025e-12,VERIFIED
2024-11,monthly,Part_2,C_320,p92,40.93443837279904,40.9344383728,-9.592326932761353e-13,VERIFIED
2024-11,monthly,Part_2,C_320,p95,45.45997392438069,45.4599739244,-1.9312551557959523e-11,VERIFIED
2024-11,monthly,Part_2,C_400,p50,15.99740793707544,15.9974079371,-2.4559909661547863e-11,VERIFIED
2024-11,monthly,Part_2,C_400,p75,29.245856840620593,29.2458568406,2.0595081196006504e-11,VERIFIED
2024-11,monthly,Part_2,C_400,p92,43.99677803203662,43.996778032,3.6621372601075564e-11,VERIFIED
2024-11,monthly,Part_2,C_400,p95,48.97381679389309,48.9738167939,-6.906475391588174e-12,VERIFIED
2024-11,monthly,Part_2,C_999,p50,13.997676015951132,13.997676016,-4.886757665190089e-11,VERIFIED
2024-11,monthly,Part_2,C_999,p75,26.828068132582324,26.8280681326,-1.7674750552032492e-11,VERIFIED
2024-11,monthly,Part_2,C_999,p92,42.23204572384471,42.2320457238,4.4714454361383105e-11,VERIFIED
2024-11,monthly,Part_2,C_999,p95,46.69710435236107,46.6971043524,-3.892353106493829e-11,VERIFIED
2024-12,monthly,Part_2,C_100,p50,14.673089958361576,14.6730899584,-3.842437479306682e-11,VERIFIED
2024-12,monthly,Part_2,C_100,p75,28.115846634852723,28.1158466349,-4.7275960923798266e-11,VERIFIED
2024-12,monthly,Part_2,C_100,p92,44.211935266352,44.2119352664,-4.799716180059477e-11,VERIFIED
2024-12,monthly,Part_2,C_100,p95,48.73251895534962,48.7325189553,4.9617199238127796e-11,VERIFIED
2024-12,monthly,Part_2,C_110,p50,14.999468391441102,14.9994683914,4.1101344550042995e-11,VERIFIED
2024-12,monthly,Part_2,C_110,p75,27.9327136408844,27.9327136409,-1.5599965763613e-11,VERIFIED
2024-12,monthly,Part_2,C_110,p92,43.98933333333335,43.9893333333,3.33457705892215e-11,VERIFIED
2024-12,monthly,Part_2,C_110,p95,48.74529932112732,48.7452993211,2.7320368189975852e-11,VERIFIED
2024-12,monthly,Part_2,C_120,p50,18.48866156016932,18.4886615602,-3.0681235330121126e-11,VERIFIED
2024-12,monthly,Part_2,C_120,p75,32.72213168187744,32.7221316819,-2.255973186038318e-11,VERIFIED
2024-12,monthly,Part_2,C_120,p92,46.786944868532665,46.7869448685,3.2663649562891806e-11,VERIFIED
2024-12,monthly,Part_2,C_120,p95,50.51019859813085,50.5101985981,3.085176558670355e-11,VERIFIED
2024-12,monthly,Part_2,C_130,p50,11.515309010446147,11.5153090104,4.614797433077911e-11,VERIFIED
2024-12,monthly,Part_2,C_130,p75,22.98599956587801,22.9859995659,-2.19877449580963e-11,VERIFIED
2024-12,monthly,Part_2,C_130,p92,38.18894339622641,38.1889433962,2.6410873488202924e-11,VERIFIED
2024-12,monthly,Part_2,C_130,p95,43.26764802093554,43.2676480209,3.554134764272021e-11,VERIFIED
2024-12,monthly,Part_2,C_301,p50,13.031474175035868,13.031474175,3.586819730116986e-11,VERIFIED
2024-12,monthly,Part_2,C_301,p75,24.837942639742465,24.8379426397,4.246558660270239e-11,VERIFIED
2024-12,monthly,Part_2,C_301,p92,39.24645294725957,39.2464529473,-4.04298816647497e-11,VERIFIED
2024-12,monthly,Part_2,C_301,p95,43.99953723180478,43.9995372318,4.781952611665474e-12,VERIFIED
2024-12,monthly,Part_2,C_320,p50,13.93204676351758,13.9320467635,1.757882728270488e-11,VERIFIED
2024-12,monthly,Part_2,C_320,p75,26.398262548262547,26.3982625483,-3.745270760191488e-11,VERIFIED
2024-12,monthly,Part_2,C_320,p92,41.30746144721234,41.3074614472,1.234212732015294e-11,VERIFIED
2024-12,monthly,Part_2,C_320,p95,45.6573950976319,45.6573950976,3.18962634082709e-11,VERIFIED
2024-12,monthly,Part_2,C_400,p50,16.206053653370986,16.2060536534,-2.901501261476369e-11,VERIFIED
2024-12,monthly,Part_2,C_400,p75,29.71144729503625,29.711447295,3.625189037848031e-11,VERIFIED
2024-12,monthly,Part_2,C_400,p92,44.452558782849245,44.4525587828,4.9247717015532544e-11,VERIFIED
2024-12,monthly,Part_2,C_400,p95,48.28669871794872,48.2866987179,4.871480996371247e-11,VERIFIED
2024-12,monthly,Part_2,C_999,p50,14.213493830718049,14.2134938307,1.8049561845145945e-11,VERIFIED
2024-12,monthly,Part_2,C_999,p75,27.263490484390474,27.2634904844,-9.524825372864143e-12,VERIFIED
2024-12,monthly,Part_2,C_999,p92,42.734958528912,42.7349585289,1.2001066806988092e-11,VERIFIED
2024-12,monthly,Part_2,C_999,p95,47.17801122380919,47.1780112238,9.194423000735696e-12,VERIFIED
2025-01,monthly,Part_2,C_100,p50,14.810965630114566,14.8109656301,1.4566126083082054e-11,VERIFIED
2025-01,monthly,Part_2,C_100,p75,28.188733482066244,28.1887334821,-3.375788537596236e-11,VERIFIED
2025-01,monthly,Part_2,C_100,p92,43.92909176470589,43.9290917647,5.8903992794512305e-12,VERIFIED
2025-01,monthly,Part_2,C_100,p95,48.652568567696974,48.6525685677,-3.0269120543380268e-12,VERIFIED
2025-01,monthly,Part_2,C_110,p50,15.491516966067865,15.4915169661,-3.213607158158993e-11,VERIFIED
2025-01,monthly,Part_2,C_110,p75,28.178149213195944,28.1781492132,-4.057199021190172e-12,VERIFIED
2025-01,monthly,Part_2,C_110,p92,43.57782845810612,43.5778284581,6.117772954894463e-12,VERIFIED
2025-01,monthly,Part_2,C_110,p95,48.6232374567474,48.6232374567,4.7400305902556283e-11,VERIFIED
2025-01,monthly,Part_2,C_120,p50,18.241820609837525,18.2418206098,3.752376187549089e-11,VERIFIED
2025-01,monthly,Part_2,C_120,p75,32.754363397901535,32.7543633979,1.5347723092418164e-12,VERIFIED
2025-01,monthly,Part_2,C_120,p92,47.11574659071293,47.1157465907,1.2931877790833823e-11,VERIFIED
2025-01,monthly,Part_2,C_120,p95,50.83201521789254,50.8320152179,-7.460698725481052e-12,VERIFIED
2025-01,monthly,Part_2,C_130,p50,11.642398175976783,11.642398176,-2.3216983890961274e-11,VERIFIED
2025-01,monthly,Part_2,C_130,p75,22.664212463844333,22.6642124638,4.433431399775145e-11,VERIFIED
2025-01,monthly,Part_2,C_130,p92,38.3648923246825,38.3648923247,-1.7500667581771268e-11,VERIFIED
2025-01,monthly,Part_2,C_130,p95,43.027328029948535,43.0273280299,4.8537174279772444e-11,VERIFIED
2025-01,monthly,Part_2,C_301,p50,13.193898367952524,13.193898368,-4.7474912889811094e-11,VERIFIED
2025-01,monthly,Part_2,C_301,p75,24.745361635220124,24.7453616352,2.0126122990404838e-11,VERIFIED
2025-01,monthly,Part_2,C_301,p92,39.26130796670631,39.2613079667,6.30961949354969e-12,VERIFIED
2025-01,monthly,Part_2,C_301,p95,43.86111878453036,43.8611187845,3.036149109902908e-11,VERIFIED
2025-01,monthly,Part_2,C_320,p50,14.118392687764077,14.1183926878,-3.5923264363191265e-11,VERIFIED
2025-01,monthly,Part_2,C_320,p75,26.184533997199317,26.1845339972,-6.821210263296962e-13,VERIFIED
2025-01,monthly,Part_2,C_320,p92,40.93338993329291,40.9333899333,-7.0912165028858e-12,VERIFIED
2025-01,monthly,Part_2,C_320,p95,45.7166938110749,45.7166938111,-2.510347485440434e-11,VERIFIED
2025-01,monthly,Part_2,C_400,p50,16.48519076305221,16.4851907631,-4.779110440722434e-11,VERIFIED
2025-01,monthly,Part_2,C_400,p75,29.923718128327263,29.9237181283,2.7263524771115044e-11,VERIFIED
2025-01,monthly,Part_2,C_400,p92,44.682905138339926,44.6829051383,3.992539632236003e-11,VERIFIED
2025-01,monthly,Part_2,C_400,p95,48.63057218895542,48.630572189,-4.4579451241588686e-11,VERIFIED
2025-01,monthly,Part_2,C_999,p50,14.435403793538072,14.4354037935,3.807087978202617e-11,VERIFIED
2025-01,monthly,Part_2,C_999,p75,27.298616651470255,27.2986166515,-2.9746871632596594e-11,VERIFIED
2025-01,monthly,Part_2,C_999,p92,42.39696532481599,42.3969653248,1.5987211554602254e-11,VERIFIED
2025-01,monthly,Part_2,C_999,p95,47.2728363887928,47.2728363888,-7.204903340607416e-12,VERIFIED
2025-02,full,Part_1A,C_100,p50,16.413265306122447,16.4132653061,2.2446045022661565e-11,VERIFIED
2025-02,full,Part_1A,C_100,p75,37.92316017316017,37.9231601732,-3.9833025766711216e-11,VERIFIED
2025-02,full,Part_1A,C_100,p92,57.48879581151833,57.4887958115,1.8332002582610585e-11,VERIFIED
2025-02,full,Part_1A,C_100,p95,62.15122549019607,62.1512254902,-3.929301328753354e-12,VERIFIED
2025-02,full,Part_1A,C_110,p50,22.926748057713652,22.9267480577,1.3653078667630325e-11,VERIFIED
2025-02,full,Part_1A,C_110,p75,41.81669691470054,41.8166969147,5.400124791776761e-13,VERIFIED
2025-02,full,Part_1A,C_110,p92,59.95379537953795,59.9537953795,3.795008751694695e-11,VERIFIED
2025-02,full,Part_1A,C_110,p95,63.74304068522484,63.7430406852,2.4840574042173102e-11,VERIFIED
2025-02,full,Part_1A,C_120,p50,31.460176991150444,31.4601769912,-4.955680310558819e-11,VERIFIED
2025-02,full,Part_1A,C_120,p75,53.73969072164948,53.7396907216,4.948219611833338e-11,VERIFIED
2025-02,full,Part_1A,C_120,p92,64.80669683257919,64.8066968326,-2.0804691303055733e-11,VERIFIED
2025-02,full,Part_1A,C_120,p95,66.86815286624203,66.8681528662,4.2021497392852325e-11,VERIFIED
2025-02,full,Part_1A,C_130,p50,6.821316614420063,6.82131661442,6.306066779870889e-14,VERIFIED
2025-02,full,Part_1A,C_130,p75,16.937639198218264,16.9376391982,1.8264501022713375e-11,VERIFIED
2025-02,full,Part_1A,C_130,p92,38.548171206225696,38.5481712062,2.5693225325085223e-11,VERIFIED
2025-02,full,Part_1A,C_130,p95,46.73689320388347,46.7368932039,-1.653432946113753e-11,VERIFIED
2025-02,full,Part_1A,C_301,p50,4.039410828025478,4.03941082803,-4.522604513113038e-12,VERIFIED
2025-02,full,Part_1A,C_301,p75,10.48841463414634,10.4884146341,4.6339820869434334e-11,VERIFIED
2025-02,full,Part_1A,C_301,p92,30.96745762711864,30.9674576271,1.8641088672666228e-11,VERIFIED
2025-02,full,Part_1A,C_301,p95,41.295098039215674,41.2950980392,1.567457275086781e-11,VERIFIED
2025-02,full,Part_1A,C_320,p50,11.46341463414634,11.4634146341,4.6339820869434334e-11,VERIFIED
2025-02,full,Part_1A,C_320,p75,24.348214285714285,24.3482142857,1.4285461702456814e-11,VERIFIED
2025-02,full,Part_1A,C_320,p92,46.600000000000016,46.6,1.4210854715202004e-14,VERIFIED
2025-02,full,Part_1A,C_320,p95,52.833333333333336,52.8333333333,3.33386651618639e-11,VERIFIED
2025-02,full,Part_1A,C_400,p50,5.26,5.26,0.0,VERIFIED
2025-02,full,Part_1A,C_400,p75,16.958333333333332,16.9583333333,3.33315597345063e-11,VERIFIED
2025-02,full,Part_1A,C_400,p92,35.18400000000001,35.184,1.4210854715202004e-14,VERIFIED
2025-02,full,Part_1A,C_400,p95,41.31666666666664,41.3166666667,-3.3359981443936704e-11,VERIFIED
2025-02,full,Part_1A,C_999,p50,12.244081942336877,12.2440819423,3.68771679859492e-11,VERIFIED
2025-02,full,Part_1A,C_999,p75,31.97077265372168,31.9707726537,2.1682211581719457e-11,VERIFIED
2025-02,full,Part_1A,C_999,p92,55.869875120076856,55.8698751201,-2.3142376903706463e-11,VERIFIED
2025-02,full,Part_1A,C_999,p95,61.31081621004566,61.31081621,4.565947619994404e-11,VERIFIED
2025-02,full,Part_1B,C_100,p50,6.982942430703625,6.9829424307,3.625544309215911e-12,VERIFIED
2025-02,full,Part_1B,C_100,p75,23.00124069478908,23.0012406948,-1.092104184863274e-11,VERIFIED
2025-02,full,Part_1B,C_100,p92,49.77228346456694,49.7722834646,-3.306155349491746e-11,VERIFIED
2025-02,full,Part_1B,C_100,p95,55.58631578947368,55.5863157895,-2.631850293255411e-11,VERIFIED
2025-02,full,Part_1B,C_110,p50,12.470671521035598,12.470671521,3.559819106158102e-11,VERIFIED
2025-02,full,Part_1B,C_110,p75,27.446282864913872,27.4462828649,1.3873346915715956e-11,VERIFIED
2025-02,full,Part_1B,C_110,p92,50.05201680672271,50.0520168067,2.2708945834892802e-11,VERIFIED
2025-02,full,Part_1B,C_110,p95,56.032367758186375,56.0323677582,-1.3628209671878722e-11,VERIFIED
2025-02,full,Part_1B,C_120,p50,17.20774021352313,17.2077402135,2.313171876267006e-11,VERIFIED
2025-02,full,Part_1B,C_120,p75,40.078807556080285,40.0788075561,-1.971756091734278e-11,VERIFIED
2025-02,full,Part_1B,C_120,p92,55.78924829157176,55.7892482916,-2.8244073746463982e-11,VERIFIED
2025-02,full,Part_1B,C_120,p95,59.782059447982995,59.782059448,-1.7003287666739197e-11,VERIFIED
2025-02,full,Part_1B,C_130,p50,8.261023224503534,8.2610232245,3.533173753567098e-12,VERIFIED
2025-02,full,Part_1B,C_130,p75,19.77856648199446,19.778566482,-5.538680625249981e-12,VERIFIED
2025-02,full,Part_1B,C_130,p92,41.1674437627812,41.1674437628,-1.880096078821225e-11,VERIFIED
2025-02,full,Part_1B,C_130,p95,48.15884353741494,48.1588435374,1.4935608305677306e-11,VERIFIED
2025-02,full,Part_1B,C_301,p50,11.553053053053054,11.5530530531,-4.694555855166982e-11,VERIFIED
2025-02,full,Part_1B,C_301,p75,28.460555555555555,28.4605555556,-4.4444448121794267e-11,VERIFIED
2025-02,full,Part_1B,C_301,p92,49.24401215805471,49.2440121581,-4.5289993977348786e-11,VERIFIED
2025-02,full,Part_1B,C_301,p95,54.71513157894735,54.7151315789,4.7350567911053076e-11,VERIFIED
2025-02,full,Part_1B,C_320,p50,14.220588235294118,14.2205882353,-5.881517495254229e-12,VERIFIED
2025-02,full,Part_1B,C_320,p75,31.438131313131315,31.4381313131,3.1313618364947615e-11,VERIFIED
2025-02,full,Part_1B,C_320,p92,51.58618784530388,51.5861878453,3.879563337250147e-12,VERIFIED
2025-02,full,Part_1B,C_320,p95,56.54478827361564,56.5447882736,1.5639045614079805e-11,VERIFIED
2025-02,full,Part_1B,C_400,p50,20.03544776119403,20.0354477612,-5.972111694063642e-12,VERIFIED
2025-02,full,Part_1B,C_400,p75,41.701492537313435,41.7014925373,1.3436363133223495e-11,VERIFIED
2025-02,full,Part_1B,C_400,p92,55.71975384615385,55.7197538462,-4.614975068761851e-11,VERIFIED
2025-02,full,Part_1B,C_400,p95,60.33434343434342,60.3343434343,4.341416115494212e-11,VERIFIED
2025-02,full,Part_1B,C_999,p50,9.771950640721403,9.77195064072,1.4033219031261979e-12,VERIFIED
2025-02,full,Part_1B,C_999,p75,26.08931711606096,26.0893171161,-3.9037217902659904e-11,VERIFIED
2025-02,full,Part_1B,C_999,p92,48.88371550719007,48.8837155072,-9.9333874459262e-12,VERIFIED
2025-02,full,Part_1B,C_999,p95,54.10409947377355,54.1040994738,-2.644640062499093e-11,VERIFIED
2025-02,monthly,Part_2,C_100,p50,14.474484256243214,14.4744842562,4.321343283208989e-11,VERIFIED
2025-02,monthly,Part_2,C_100,p75,27.780745967741936,27.7807459677,4.193623226456111e-11,VERIFIED
2025-02,monthly,Part_2,C_100,p92,43.48347931138628,43.4834793114,-1.3713474800169934e-11,VERIFIED
2025-02,monthly,Part_2,C_100,p95,48.15142718916304,48.1514271892,-3.696243311424041e-11,VERIFIED
2025-02,monthly,Part_2,C_110,p50,15.460467021712413,15.4604670217,1.241318159372895e-11,VERIFIED
2025-02,monthly,Part_2,C_110,p75,28.005246065450912,28.0052460655,-4.908784489998652e-11,VERIFIED
2025-02,monthly,Part_2,C_110,p92,43.30513376717281,43.3051337672,-2.7185365070181433e-11,VERIFIED
2025-02,monthly,Part_2,C_110,p95,48.02681507715659,48.0268150772,-4.340705572758452e-11,VERIFIED
2025-02,monthly,Part_2,C_120,p50,17.92566169651138,17.9256616965,1.1379341913198004e-11,VERIFIED
2025-02,monthly,Part_2,C_120,p75,32.35353535353536,32.3535353535,3.5356606531422585e-11,VERIFIED
2025-02,monthly,Part_2,C_120,p92,46.525471836137534,46.5254718361,3.753086730284849e-11,VERIFIED
2025-02,monthly,Part_2,C_120,p95,50.75982551799344,50.759825518,-6.558309451065725e-12,VERIFIED
2025-02,monthly,Part_2,C_130,p50,11.284269536311903,11.2842695363,1.1903367180821078e-11,VERIFIED
2025-02,monthly,Part_2,C_130,p75,22.023135765486252,22.0231357655,-1.3749001936957939e-11,VERIFIED
2025-02,monthly,Part_2,C_130,p92,38.0458394160584,38.0458394161,-4.1602277178753866e-11,VERIFIED
2025-02,monthly,Part_2,C_130,p95,43.04410871545703,43.0441087155,-4.297362465877086e-11,VERIFIED
2025-02,monthly,Part_2,C_301,p50,13.18221941992434,13.1822194199,2.4341417770301632e-11,VERIFIED
2025-02,monthly,Part_2,C_301,p75,24.34764857099652,24.347648571,-3.481659405224491e-12,VERIFIED
2025-02,monthly,Part_2,C_301,p92,38.88021944529107,38.8802194453,-8.93152218850446e-12,VERIFIED
2025-02,monthly,Part_2,C_301,p95,43.54646544876886,43.5464654488,-3.113598268100759e-11,VERIFIED
2025-02,monthly,Part_2,C_320,p50,14.00744384468048,14.0074438447,-1.9518608951329952e-11,VERIFIED
2025-02,monthly,Part_2,C_320,p75,25.57365969146174,25.5736596915,-3.8262726320681395e-11,VERIFIED
2025-02,monthly,Part_2,C_320,p92,40.498370986920335,40.4983709869,2.0335733097454067e-11,VERIFIED
2025-02,monthly,Part_2,C_320,p95,44.92593550955412,44.9259355096,-4.587974444802967e-11,VERIFIED
2025-02,monthly,Part_2,C_400,p50,16.467739068610026,16.4677390686,1.0025758001575014e-11,VERIFIED
2025-02,monthly,Part_2,C_400,p75,29.76106521097669,29.761065211,-2.3309354446610087e-11,VERIFIED
2025-02,monthly,Part_2,C_400,p92,44.13791398912506,44.1379139891,2.5060842290258734e-11,VERIFIED
2025-02,monthly,Part_2,C_400,p95,48.4887339055794,48.4887339056,-2.0598633909685304e-11,VERIFIED
2025-02,monthly,Part_2,C_999,p50,14.207862147378773,14.2078621474,-2.1227464230832993e-11,VERIFIED
2025-02,monthly,Part_2,C_999,p75,26.79755397971564,26.7975539797,1.5639045614079805e-11,VERIFIED
2025-02,monthly,Part_2,C_999,p92,42.2183233356486,42.2183233356,4.860112312599085e-11,VERIFIED
2025-02,monthly,Part_2,C_999,p95,46.6089838924261,46.6089838924,2.610534011182608e-11,VERIFIED
2025-03,monthly,Part_2,C_100,p50,14.097513357994243,14.097513358,-5.757172516496212e-12,VERIFIED
2025-03,monthly,Part_2,C_100,p75,27.117395104895103,27.1173951049,-4.899192163065891e-12,VERIFIED
2025-03,monthly,Part_2,C_100,p92,42.796450597860286,42.7964505979,-3.9712233501632e-11,VERIFIED
2025-03,monthly,Part_2,C_100,p95,47.473353293413155,47.4733532934,1.3152146038919454e-11,VERIFIED
2025-03,monthly,Part_2,C_110,p50,15.26111346815632,15.2611134682,-4.367883832401276e-11,VERIFIED
2025-03,monthly,Part_2,C_110,p75,27.46722904680454,27.4672290468,4.54036808150704e-12,VERIFIED
2025-03,monthly,Part_2,C_110,p92,42.77578839690196,42.7757883969,1.9610979506978765e-12,VERIFIED
2025-03,monthly,Part_2,C_110,p95,47.43290709290709,47.4329070929,7.084111075528199e-12,VERIFIED
2025-03,monthly,Part_2,C_120,p50,17.577179113792386,17.5771791138,-7.613465413669473e-12,VERIFIED
2025-03,monthly,Part_2,C_120,p75,31.595051132213296,31.5950511322,1.3297807299750275e-11,VERIFIED
2025-03,monthly,Part_2,C_120,p92,46.2527509142625,46.2527509143,-3.750244559341809e-11,VERIFIED
2025-03,monthly,Part_2,C_120,p95,50.09519082001032,50.09519082,1.0324185950594256e-11,VERIFIED
2025-03,monthly,Part_2,C_130,p50,9.90406079316077,9.90406079316,7.709388682997087e-13,VERIFIED
2025-03,monthly,Part_2,C_130,p75,21.674324179933755,21.6743241799,3.375433266228356e-11,VERIFIED
2025-03,monthly,Part_2,C_130,p92,37.550567047943545,37.5505670479,4.354205884737894e-11,VERIFIED
2025-03,monthly,Part_2,C_130,p95,42.543086916176904,42.5430869162,-2.3092638912203256e-11,VERIFIED
2025-03,monthly,Part_2,C_301,p50,12.362864385297843,12.3628643853,-2.156497203031904e-12,VERIFIED
2025-03,monthly,Part_2,C_301,p75,24.5066229985444,24.5066229985,4.440181555764866e-11,VERIFIED
2025-03,monthly,Part_2,C_301,p92,38.86851944792974,38.8685194479,2.9743318918917794e-11,VERIFIED
2025-03,monthly,Part_2,C_301,p95,43.32355309511825,43.3235530951,1.8246737454319373e-11,VERIFIED
2025-03,monthly,Part_2,C_320,p50,13.651520327980869,13.651520328,-1.9131363160340698e-11,VERIFIED
2025-03,monthly,Part_2,C_320,p75,25.298280423280424,25.2982804233,-1.957545237019076e-11,VERIFIED
2025-03,monthly,Part_2,C_320,p92,40.156622167028885,40.156622167,2.8883562208648073e-11,VERIFIED
2025-03,monthly,Part_2,C_320,p95,44.67947368421052,44.6794736842,1.0523137916607084e-11,VERIFIED
2025-03,monthly,Part_2,C_400,p50,16.3364519611371,16.3364519611,3.710098894771363e-11,VERIFIED
2025-03,monthly,Part_2,C_400,p75,29.013250883392224,29.0132508834,-7.776890242894297e-12,VERIFIED
2025-03,monthly,Part_2,C_400,p92,43.756881275841714,43.7568812758,4.171596401647548e-11,VERIFIED
2025-03,monthly,Part_2,C_400,p95,47.79256360078278,47.7925636008,-1.722355591482483e-11,VERIFIED
2025-03,monthly,Part_2,C_999,p50,13.820440441539898,13.8204404415,3.9896974612929625e-11,VERIFIED
2025-03,monthly,Part_2,C_999,p75,26.28303798598402,26.283037986,-1.5980106127244653e-11,VERIFIED
2025-03,monthly,Part_2,C_999,p92,41.890477884267035,41.8904778843,-3.296207751191105e-11,VERIFIED
2025-03,monthly,Part_2,C_999,p95,46.41882111497895,46.418821115,-2.105338126057177e-11,VERIFIED
2025-04,monthly,Part_2,C_100,p50,13.477978543195936,13.4779785432,-4.064304448547773e-12,VERIFIED
2025-04,monthly,Part_2,C_100,p75,27.374037968188816,27.3740379682,-1.1183942660863977e-11,VERIFIED
2025-04,monthly,Part_2,C_100,p92,43.14483142161974,43.1448314216,1.9738877199415583e-11,VERIFIED
2025-04,monthly,Part_2,C_100,p95,47.64980306345733,47.6498030635,-4.267519670975162e-11,VERIFIED
2025-04,monthly,Part_2,C_110,p50,14.522309944114255,14.5223099441,1.425526363618701e-11,VERIFIED
2025-04,monthly,Part_2,C_110,p75,28.00903020185157,28.0090302019,-4.843059286940843e-11,VERIFIED
2025-04,monthly,Part_2,C_110,p92,43.226955397543634,43.2269553975,4.363442940302775e-11,VERIFIED
2025-04,monthly,Part_2,C_110,p95,47.62658355117635,47.6265835512,-2.3646862246096134e-11,VERIFIED
2025-04,monthly,Part_2,C_120,p50,17.093814269894004,17.0938142699,-5.9969806898152456e-12,VERIFIED
2025-04,monthly,Part_2,C_120,p75,31.407009345794393,31.4070093458,-5.6061821851471905e-12,VERIFIED
2025-04,monthly,Part_2,C_120,p92,46.724152744630075,46.7241527446,3.007727400472504e-11,VERIFIED
2025-04,monthly,Part_2,C_120,p95,50.62416502946953,50.6241650295,-3.0468072509393096e-11,VERIFIED
2025-04,monthly,Part_2,C_130,p50,10.204422869471411,10.2044228695,-2.858868697330763e-11,VERIFIED
2025-04,monthly,Part_2,C_130,p75,21.660032261421584,21.6600322614,2.1582735598713043e-11,VERIFIED
2025-04,monthly,Part_2,C_130,p92,37.2607055214724,37.2607055215,-2.759747985692229e-11,VERIFIED
2025-04,monthly,Part_2,C_130,p95,42.51376910016975,42.5137691002,-3.0247804261307465e-11,VERIFIED
2025-04,monthly,Part_2,C_301,p50,12.57304385210662,12.5730438521,6.6204819404447335e-12,VERIFIED
2025-04,monthly,Part_2,C_301,p75,24.8228082623778,24.8228082624,-2.219735506514553e-11,VERIFIED
2025-04,monthly,Part_2,C_301,p92,39.3467274503419,39.3467274503,4.190070512777311e-11,VERIFIED
2025-04,monthly,Part_2,C_301,p95,43.820932754880694,43.8209327549,-1.9305446130601922e-11,VERIFIED
2025-04,monthly,Part_2,C_320,p50,13.234425394669834,13.2344253947,-3.0166091846695053e-11,VERIFIED
2025-04,monthly,Part_2,C_320,p75,25.51634774747627,25.5163477475,-2.3728574660708546e-11,VERIFIED
2025-04,monthly,Part_2,C_320,p92,40.344296392590195,40.3442963926,-9.805489753489383e-12,VERIFIED
2025-04,monthly,Part_2,C_320,p95,44.72544283413848,44.7254428341,3.8475889141409425e-11,VERIFIED
2025-04,monthly,Part_2,C_400,p50,15.645803314121038,15.6458033141,2.1037394049017166e-11,VERIFIED
2025-04,monthly,Part_2,C_400,p75,29.269337016574585,29.2693370166,-2.5416113658138784e-11,VERIFIED
2025-04,monthly,Part_2,C_400,p92,44.0908568496665,44.0908568497,-3.3502089991088724e-11,VERIFIED
2025-04,monthly,Part_2,C_400,p95,48.1579417293233,48.1579417293,2.3298696305573685e-11,VERIFIED
2025-04,monthly,Part_2,C_999,p50,13.258164624994428,13.258164625,-5.5706550483591855e-12,VERIFIED
2025-04,monthly,Part_2,C_999,p75,26.59107459386364,26.5910745939,-3.6358471788844327e-11,VERIFIED
2025-04,monthly,Part_2,C_999,p92,42.2618071860548,42.2618071861,-4.519762342169997e-11,VERIFIED
2025-04,monthly,Part_2,C_999,p95,46.71431791195743,46.714317912,-4.25686152993876e-11,VERIFIED
2025-05,monthly,Part_2,C_100,p50,13.841527491086508,13.8415274911,-1.3493206552084303e-11,VERIFIED
2025-05,monthly,Part_2,C_100,p75,27.424372636644897,27.4243726366,4.489564275900193e-11,VERIFIED
2025-05,monthly,Part_2,C_100,p92,43.214672670592314,43.2146726706,-7.688072400924284e-12,VERIFIED
2025-05,monthly,Part_2,C_100,p95,47.76193801833259,47.7619380183,3.2592595289315796e-11,VERIFIED
2025-05,monthly,Part_2,C_110,p50,14.709806212873698,14.7098062129,-2.630251572099951e-11,VERIFIED
2025-05,monthly,Part_2,C_110,p75,28.16390171374912,28.1639017137,4.9119819323095726e-11,VERIFIED
2025-05,monthly,Part_2,C_110,p92,43.57337985725615,43.5733798573,-4.384759222375578e-11,VERIFIED
2025-05,monthly,Part_2,C_110,p95,48.06516285211267,48.0651628521,1.2668976978602586e-11,VERIFIED
2025-05,monthly,Part_2,C_120,p50,17.308823529411764,17.3088235294,1.1763034990508459e-11,VERIFIED
2025-05,monthly,Part_2,C_120,p75,31.768801502034005,31.768801502,3.4006575333478395e-11,VERIFIED
2025-05,monthly,Part_2,C_120,p92,47.076945425991376,47.076945426,-8.625988812127616e-12,VERIFIED
2025-05,monthly,Part_2,C_120,p95,51.20438787878787,51.2043878788,-1.212896449942491e-11,VERIFIED
2025-05,monthly,Part_2,C_130,p50,10.584881021474173,10.5848810215,-2.582645208804024e-11,VERIFIED
2025-05,monthly,Part_2,C_130,p75,20.558811196142152,20.5588111961,4.2152947798967944e-11,VERIFIED
2025-05,monthly,Part_2,C_130,p92,36.94669618696189,36.946696187,-3.8113512346171774e-11,VERIFIED
2025-05,monthly,Part_2,C_130,p95,42.38771293947081,42.3877129395,-2.9189095585024916e-11,VERIFIED
2025-05,monthly,Part_2,C_301,p50,12.713863422157484,12.7138634222,-4.2515324594205595e-11,VERIFIED
2025-05,monthly,Part_2,C_301,p75,24.768025716145832,24.7680257161,4.583355917020526e-11,VERIFIED
2025-05,monthly,Part_2,C_301,p92,39.339516908212566,39.3395169082,1.2569500995596172e-11,VERIFIED
2025-05,monthly,Part_2,C_301,p95,43.990166447656584,43.9901664477,-4.341416115494212e-11,VERIFIED
2025-05,monthly,Part_2,C_320,p50,13.690406121247792,13.6904061212,4.779110440722434e-11,VERIFIED
2025-05,monthly,Part_2,C_320,p75,25.799257350712335,25.7992573507,1.233502189279534e-11,VERIFIED
2025-05,monthly,Part_2,C_320,p92,40.59334219269104,40.5933421927,-8.959943897934863e-12,VERIFIED
2025-05,monthly,Part_2,C_320,p95,45.04639513108613,45.0463951311,-1.3869794202037156e-11,VERIFIED
2025-05,monthly,Part_2,C_400,p50,15.78621659634318,15.7862165963,4.318145840898069e-11,VERIFIED
2025-05,monthly,Part_2,C_400,p75,29.337440617577197,29.3374406176,-2.2801316390541615e-11,VERIFIED
2025-05,monthly,Part_2,C_400,p92,44.37826231322635,44.3782623132,2.6354030069342116e-11,VERIFIED
2025-05,monthly,Part_2,C_400,p95,48.453643303261615,48.4536433033,-3.838351858576061e-11,VERIFIED
2025-05,monthly,Part_2,C_999,p50,13.56979489010553,13.5697948901,5.52979884105298e-12,VERIFIED
2025-05,monthly,Part_2,C_999,p75,26.785490657376823,26.7854906574,-2.3177904040494468e-11,VERIFIED
2025-05,monthly,Part_2,C_999,p92,42.526729349836934,42.5267293498,3.693401140481001e-11,VERIFIED
2025-05,monthly,Part_2,C_999,p95,47.1793781203044,47.1793781203,4.39825953435502e-12,VERIFIED
2025-06,monthly,Part_2,C_100,p50,13.460025014431404,13.4600250144,3.140421256375703e-11,VERIFIED
2025-06,monthly,Part_2,C_100,p75,26.40035355414961,26.4003535541,4.9610093810770195e-11,VERIFIED
2025-06,monthly,Part_2,C_100,p92,42.54457103637612,42.5445710364,-2.3881341348896967e-11,VERIFIED
2025-06,monthly,Part_2,C_100,p95,47.391823476702506,47.3918234767,2.5082158572331537e-12,VERIFIED
2025-06,monthly,Part_2,C_110,p50,14.379021103823671,14.3790211038,2.3671731241847738e-11,VERIFIED
2025-06,monthly,Part_2,C_110,p75,27.86956170143943,27.8695617014,3.943156912100676e-11,VERIFIED
2025-06,monthly,Part_2,C_110,p92,43.045957930642416,43.0459579306,4.241940132487798e-11,VERIFIED
2025-06,monthly,Part_2,C_110,p95,47.928903383611896,47.9289033836,1.1894485396624077e-11,VERIFIED
2025-06,monthly,Part_2,C_120,p50,17.228426056102297,17.2284260561,2.2950530365051236e-12,VERIFIED
2025-06,monthly,Part_2,C_120,p75,31.44784451566215,31.4478445157,-3.785061153394054e-11,VERIFIED
2025-06,monthly,Part_2,C_120,p92,46.69472796288486,46.6947279629,-1.5134560271690134e-11,VERIFIED
2025-06,monthly,Part_2,C_120,p95,50.96896217264791,50.9689621726,4.7911896672303556e-11,VERIFIED
2025-06,monthly,Part_2,C_130,p50,10.333882748367914,10.3338827484,-3.2086333590086724e-11,VERIFIED
2025-06,monthly,Part_2,C_130,p75,20.30423119985072,20.3042311999,-4.927969143864175e-11,VERIFIED
2025-06,monthly,Part_2,C_130,p92,36.45515284910736,36.4551528491,7.354117315117037e-12,VERIFIED
2025-06,monthly,Part_2,C_130,p95,41.45008722958826,41.4500872296,-1.1738165994756855e-11,VERIFIED
2025-06,monthly,Part_2,C_301,p50,12.49772493131868,12.4977249313,1.8680168523133034e-11,VERIFIED
2025-06,monthly,Part_2,C_301,p75,23.66440173689289,23.6644017369,-7.108980071279802e-12,VERIFIED
2025-06,monthly,Part_2,C_301,p92,39.096850068775794,39.0968500688,-2.4208191007346613e-11,VERIFIED
2025-06,monthly,Part_2,C_301,p95,43.7278856825749,43.7278856826,-2.509636942704674e-11,VERIFIED
2025-06,monthly,Part_2,C_320,p50,13.687938046205762,13.6879380462,5.7625015870144125e-12,VERIFIED
2025-06,monthly,Part_2,C_320,p75,24.736881618460565,24.7368816185,-3.943512183468556e-11,VERIFIED
2025-06,monthly,Part_2,C_320,p92,40.02693446088795,40.0269344609,-1.2050804798491299e-11,VERIFIED
2025-06,monthly,Part_2,C_320,p95,44.756707875457856,44.7567078755,-4.214228965793154e-11,VERIFIED
2025-06,monthly,Part_2,C_400,p50,15.352864583333334,15.3528645833,3.33333360913457e-11,VERIFIED
2025-06,monthly,Part_2,C_400,p75,28.905134581626683,28.9051345816,2.6684432441470562e-11,VERIFIED
2025-06,monthly,Part_2,C_400,p92,43.739909149902665,43.7399091499,2.6645352591003757e-12,VERIFIED
2025-06,monthly,Part_2,C_400,p95,48.30181047765794,48.3018104777,-4.206412995699793e-11,VERIFIED
2025-06,monthly,Part_2,C_999,p50,13.397750439012574,13.397750439,1.2574830066114373e-11,VERIFIED
2025-06,monthly,Part_2,C_999,p75,25.669033809591173,25.6690338096,-8.824940778140444e-12,VERIFIED
2025-06,monthly,Part_2,C_999,p92,41.80654414023674,41.8065441402,3.673505943879718e-11,VERIFIED
2025-06,monthly,Part_2,C_999,p95,46.80770382001519,46.80770382,1.5191403690550942e-11,VERIFIED
2025-07,monthly,Part_2,C_100,p50,13.04683908045977,13.0468390805,-4.022915334189747e-11,VERIFIED
2025-07,monthly,Part_2,C_100,p75,25.746753246753247,25.7467532468,-4.675371201301459e-11,VERIFIED
2025-07,monthly,Part_2,C_100,p92,42.482466666666674,42.4824666667,-3.33244543071487e-11,VERIFIED
2025-07,monthly,Part_2,C_100,p95,47.09521507974867,47.0952150797,4.867217739956686e-11,VERIFIED
2025-07,monthly,Part_2,C_110,p50,14.022744028310234,14.0227440283,1.0233591751784843e-11,VERIFIED
2025-07,monthly,Part_2,C_110,p75,26.891868106078384,26.8918681061,-2.1614710021822248e-11,VERIFIED
2025-07,monthly,Part_2,C_110,p92,43.35269282814615,43.3526928281,4.614975068761851e-11,VERIFIED
2025-07,monthly,Part_2,C_110,p95,47.80579934074989,47.8057993407,4.9894310905074235e-11,VERIFIED
2025-07,monthly,Part_2,C_120,p50,17.612189677332072,17.6121896773,3.207034637853212e-11,VERIFIED
2025-07,monthly,Part_2,C_120,p75,30.95505376344086,30.9550537634,4.085976001988456e-11,VERIFIED
2025-07,monthly,Part_2,C_120,p92,45.904144144144155,45.9041441441,4.4153125600132626e-11,VERIFIED
2025-07,monthly,Part_2,C_120,p95,50.695752672637965,50.6957526726,3.796429837166215e-11,VERIFIED
2025-07,monthly,Part_2,C_130,p50,10.27226306181854,10.2722630618,1.8539836332820414e-11,VERIFIED
2025-07,monthly,Part_2,C_130,p75,20.548641719888455,20.5486417199,-1.1546319456101628e-11,VERIFIED
2025-07,monthly,Part_2,C_130,p92,36.09057099545225,36.0905709955,-4.7755577270436333e-11,VERIFIED
2025-07,monthly,Part_2,C_130,p95,41.15818591744708,41.1581859174,4.708056167146424e-11,VERIFIED
2025-07,monthly,Part_2,C_301,p50,11.929547395388555,11.9295473954,-1.1445067116255814e-11,VERIFIED
2025-07,monthly,Part_2,C_301,p75,23.661309832382926,23.6613098324,-1.7074341940315207e-11,VERIFIED
2025-07,monthly,Part_2,C_301,p92,39.32533333333334,39.3253333333,3.33386651618639e-11,VERIFIED
2025-07,monthly,Part_2,C_301,p95,43.779380530973434,43.779380531,-2.6567192890070146e-11,VERIFIED
2025-07,monthly,Part_2,C_320,p50,13.28743665909488,13.2874366591,-5.121236767990922e-12,VERIFIED
2025-07,monthly,Part_2,C_320,p75,24.670562130177515,24.6705621302,-2.248512487312837e-11,VERIFIED
2025-07,monthly,Part_2,C_320,p92,39.84,39.84,0.0,VERIFIED
2025-07,monthly,Part_2,C_320,p95,44.21463195691204,44.2146319569,1.2036593943776097e-11,VERIFIED
2025-07,monthly,Part_2,C_400,p50,15.601671565025717,15.601671565,2.5716317963997426e-11,VERIFIED
2025-07,monthly,Part_2,C_400,p75,27.92575292805354,27.9257529281,-4.645883677767415e-11,VERIFIED
2025-07,monthly,Part_2,C_400,p92,43.53511918274688,43.5351191827,4.688160970545141e-11,VERIFIED
2025-07,monthly,Part_2,C_400,p95,47.840217391304336,47.8402173913,4.334310688136611e-12,VERIFIED
2025-07,monthly,Part_2,C_999,p50,13.098968817940252,13.0989688179,4.0252245980809676e-11,VERIFIED
2025-07,monthly,Part_2,C_999,p75,25.431719765592582,25.4317197656,-7.418066161335446e-12,VERIFIED
2025-07,monthly,Part_2,C_999,p92,41.79667619335026,41.7966761934,-4.9745096930564614e-11,VERIFIED
2025-07,monthly,Part_2,C_999,p95,46.363480645319946,46.3634806453,1.9944934592786012e-11,VERIFIED
2025-08,monthly,Part_2,C_100,p50,13.42768411712511,13.4276841171,2.511058028176194e-11,VERIFIED
2025-08,monthly,Part_2,C_100,p75,26.19649676241076,26.1964967624,1.0761169733086717e-11,VERIFIED
2025-08,monthly,Part_2,C_100,p92,42.785094471658496,42.7850944717,-4.150280119574745e-11,VERIFIED
2025-08,monthly,Part_2,C_100,p95,47.46745689655173,47.4674568966,-4.8267168040183606e-11,VERIFIED
2025-08,monthly,Part_2,C_110,p50,14.410060353967866,14.410060354,-3.213429522475053e-11,VERIFIED
2025-08,monthly,Part_2,C_110,p75,27.224867148706338,27.2248671487,6.338041202980094e-12,VERIFIED
2025-08,monthly,Part_2,C_110,p92,43.85818301514155,43.8581830151,4.154543375989306e-11,VERIFIED
2025-08,monthly,Part_2,C_110,p95,48.290754483611614,48.2907544836,1.1617373729677638e-11,VERIFIED
2025-08,monthly,Part_2,C_120,p50,17.92145606807591,17.9214560681,-2.4090951455946197e-11,VERIFIED
2025-08,monthly,Part_2,C_120,p75,31.003956087429533,31.0039560874,2.9533708811868564e-11,VERIFIED
2025-08,monthly,Part_2,C_120,p92,46.37424873382105,46.3742487338,2.1046275833214168e-11,VERIFIED
2025-08,monthly,Part_2,C_120,p95,50.54995898277275,50.5499589828,-2.7249313916399842e-11,VERIFIED
2025-08,monthly,Part_2,C_130,p50,10.605893407864302,10.6058934079,-3.5697667044587433e-11,VERIFIED
2025-08,monthly,Part_2,C_130,p75,21.008001321752264,21.0080013218,-4.773426098836353e-11,VERIFIED
2025-08,monthly,Part_2,C_130,p92,36.13880149812733,36.1388014981,2.7327473617333453e-11,VERIFIED
2025-08,monthly,Part_2,C_130,p95,41.34070631970261,41.3407063197,2.6147972675971687e-12,VERIFIED
2025-08,monthly,Part_2,C_301,p50,12.365344916566317,12.3653449166,-3.368327838870755e-11,VERIFIED
2025-08,monthly,Part_2,C_301,p75,24.309389410081096,24.3093894101,-1.8903989484897465e-11,VERIFIED
2025-08,monthly,Part_2,C_301,p92,40.018197866862835,40.0181978669,-3.716849050761084e-11,VERIFIED
2025-08,monthly,Part_2,C_301,p95,44.628495370370366,44.6284953704,-2.963673750855378e-11,VERIFIED
2025-08,monthly,Part_2,C_320,p50,13.604250334672022,13.6042503347,-2.7977620220553945e-11,VERIFIED
2025-08,monthly,Part_2,C_320,p75,25.384635572885426,25.3846355729,-1.4573231510439655e-11,VERIFIED
2025-08,monthly,Part_2,C_320,p92,40.44581913499345,40.445819135,-6.551204023708124e-12,VERIFIED
2025-08,monthly,Part_2,C_320,p95,44.73812903225805,44.7381290323,-4.1950443119276315e-11,VERIFIED
2025-08,monthly,Part_2,C_400,p50,15.424332093337842,15.4243320933,3.7841729749743536e-11,VERIFIED
2025-08,monthly,Part_2,C_400,p75,28.285906897530513,28.2859068975,3.05142577872175e-11,VERIFIED
2025-08,monthly,Part_2,C_400,p92,43.83223039215687,43.8322303922,-4.312994406063808e-11,VERIFIED
2025-08,monthly,Part_2,C_400,p95,48.138020833333336,48.1380208333,3.33386651618639e-11,VERIFIED
2025-08,monthly,Part_2,C_999,p50,13.451539855072465,13.4515398551,-2.7535307367543282e-11,VERIFIED
2025-08,monthly,Part_2,C_999,p75,25.92775119617225,25.9277511962,-2.7750246545110713e-11,VERIFIED
2025-08,monthly,Part_2,C_999,p92,42.15704861304907,42.157048613,4.907008133159252e-11,VERIFIED
2025-08,monthly,Part_2,C_999,p95,46.77685157558925,46.7768515756,-1.0750511592050316e-11,VERIFIED
2025-09,monthly,Part_2,C_100,p50,13.352645739910312,13.3526457399,1.0311751452718454e-11,VERIFIED
2025-09,monthly,Part_2,C_100,p75,25.980600957569752,25.9806009576,-3.0247804261307465e-11,VERIFIED
2025-09,monthly,Part_2,C_100,p92,42.43573712255774,42.4357371226,-4.226308192301076e-11,VERIFIED
2025-09,monthly,Part_2,C_100,p95,47.16050863723608,47.1605086372,3.6074254694540286e-11,VERIFIED
2025-09,monthly,Part_2,C_110,p50,14.208398694195957,14.2083986942,-4.04298816647497e-12,VERIFIED
2025-09,monthly,Part_2,C_110,p75,26.886665888940737,26.8866658889,4.0735415041126544e-11,VERIFIED
2025-09,monthly,Part_2,C_110,p92,43.56443829721839,43.5644382972,1.8388846001471393e-11,VERIFIED
2025-09,monthly,Part_2,C_110,p95,48.14801104972376,48.1480110497,2.376054908381775e-11,VERIFIED
2025-09,monthly,Part_2,C_120,p50,17.478605886876878,17.4786058869,-2.312106062163366e-11,VERIFIED
2025-09,monthly,Part_2,C_120,p75,30.957673627974746,30.957673628,-2.525268882891396e-11,VERIFIED
2025-09,monthly,Part_2,C_120,p92,45.7681745884964,45.7681745885,-3.602451670303708e-12,VERIFIED
2025-09,monthly,Part_2,C_120,p95,50.07814457202504,50.078144572,2.503952600818593e-11,VERIFIED
2025-09,monthly,Part_2,C_130,p50,10.43706691744209,10.4370669174,4.2090775309588935e-11,VERIFIED
2025-09,monthly,Part_2,C_130,p75,20.399912466599098,20.3999124666,-9.023892744153272e-13,VERIFIED
2025-09,monthly,Part_2,C_130,p92,34.707748204478236,34.7077482045,-2.176392399633187e-11,VERIFIED
2025-09,monthly,Part_2,C_130,p95,40.452834763148054,40.4528347631,4.8054005219455576e-11,VERIFIED
2025-09,monthly,Part_2,C_301,p50,12.288620001734756,12.2886200017,3.47561979197053e-11,VERIFIED
2025-09,monthly,Part_2,C_301,p75,24.1322021484375,24.1322021484,3.749889287973929e-11,VERIFIED
2025-09,monthly,Part_2,C_301,p92,38.98263550472402,38.9826355047,2.4023449896048987e-11,VERIFIED
2025-09,monthly,Part_2,C_301,p95,44.14752547307132,44.1475254731,-2.8684610242635245e-11,VERIFIED
2025-09,monthly,Part_2,C_320,p50,13.264429530201342,13.2644295302,1.3429257705865894e-12,VERIFIED
2025-09,monthly,Part_2,C_320,p75,25.221541563275434,25.2215415633,-2.4567015088905464e-11,VERIFIED
2025-09,monthly,Part_2,C_320,p92,40.140046496180666,40.1400464962,-1.9333867840032326e-11,VERIFIED
2025-09,monthly,Part_2,C_320,p95,44.53203926818384,44.5320392682,-1.616484723854228e-11,VERIFIED
2025-09,monthly,Part_2,C_400,p50,15.18657237646237,15.1865723765,-3.7628566929015506e-11,VERIFIED
2025-09,monthly,Part_2,C_400,p75,27.83937101910828,27.8393710191,8.281375585283968e-12,VERIFIED
2025-09,monthly,Part_2,C_400,p92,43.11739030023095,43.1173903002,3.0951241569709964e-11,VERIFIED
2025-09,monthly,Part_2,C_400,p95,47.17914710485132,47.1791471049,-4.8679282826924464e-11,VERIFIED
2025-09,monthly,Part_2,C_999,p50,13.357978200639064,13.3579782006,3.906386325525091e-11,VERIFIED
2025-09,monthly,Part_2,C_999,p75,25.84751463730129,25.8475146373,1.2896350654045818e-12,VERIFIED
2025-09,monthly,Part_2,C_999,p92,41.81406993006994,41.8140699301,-3.005595772265224e-11,VERIFIED
2025-09,monthly,Part_2,C_999,p95,46.414309618394114,46.4143096184,-5.8832938520936295e-12,VERIFIED
2025-10,monthly,Part_2,C_100,p50,13.522749134282416,13.5227491343,-1.758415635322308e-11,VERIFIED
2025-10,monthly,Part_2,C_100,p75,25.634272709664923,25.6342727097,-3.5075942150797346e-11,VERIFIED
2025-10,monthly,Part_2,C_100,p92,41.33545268890401,41.3354526889,4.014566457044566e-12,VERIFIED
2025-10,monthly,Part_2,C_100,p95,46.8881054131054,46.8881054131,5.4001247917767614e-12,VERIFIED
2025-10,monthly,Part_2,C_110,p50,14.33586975004251,14.33586975,4.2509995523687394e-11,VERIFIED
2025-10,monthly,Part_2,C_110,p75,26.48526000748223,26.4852600075,-1.7770673821360106e-11,VERIFIED
2025-10,monthly,Part_2,C_110,p92,42.356845468303355,42.3568454683,3.353761712787673e-12,VERIFIED
2025-10,monthly,Part_2,C_110,p95,48.07451277609354,48.0745127761,-6.458833468059311e-12,VERIFIED
2025-10,monthly,Part_2,C_120,p50,17.44902878207855,17.4490287821,-2.1451285192597425e-11,VERIFIED
2025-10,monthly,Part_2,C_120,p75,31.050641219832375,31.0506412198,3.2375879754908965e-11,VERIFIED
2025-10,monthly,Part_2,C_120,p92,45.33924661810615,45.3392466181,6.153300091682468e-12,VERIFIED
2025-10,monthly,Part_2,C_120,p95,49.56550454210654,49.5655045421,6.536993168992922e-12,VERIFIED
2025-10,monthly,Part_2,C_130,p50,10.14147618307158,10.1414761831,-2.8419933073564607e-11,VERIFIED
2025-10,monthly,Part_2,C_130,p75,20.16183267308055,20.1618326731,-1.9451107391432743e-11,VERIFIED
2025-10,monthly,Part_2,C_130,p92,34.59236942932044,34.5923694293,2.0442314507818082e-11,VERIFIED
2025-10,monthly,Part_2,C_130,p95,39.1282336790726,39.1282336791,-2.7398527890909463e-11,VERIFIED
2025-10,monthly,Part_2,C_301,p50,12.165587257132854,12.1655872571,3.285371974470763e-11,VERIFIED
2025-10,monthly,Part_2,C_301,p75,23.35136815920398,23.3513681592,3.979039320256561e-12,VERIFIED
2025-10,monthly,Part_2,C_301,p92,38.31989111942839,38.3198911194,2.8393287720973603e-11,VERIFIED
2025-10,monthly,Part_2,C_301,p95,42.783938618925816,42.7839386189,2.581401759016444e-11,VERIFIED
2025-10,monthly,Part_2,C_320,p50,13.153018833087147,13.1530188331,-1.2853718089900212e-11,VERIFIED
2025-10,monthly,Part_2,C_320,p75,24.434918601145615,24.4349186011,4.561329092211963e-11,VERIFIED
2025-10,monthly,Part_2,C_320,p92,38.891663527934725,38.8916635279,3.4724223496596096e-11,VERIFIED
2025-10,monthly,Part_2,C_320,p95,43.62717157214642,43.6271715721,4.6419756927207345e-11,VERIFIED
2025-10,monthly,Part_2,C_400,p50,15.00441329179647,15.0044132918,-3.531397396727698e-12,VERIFIED
2025-10,monthly,Part_2,C_400,p75,27.304451345755695,27.3044513458,-4.430589228832105e-11,VERIFIED
2025-10,monthly,Part_2,C_400,p92,41.70288298473715,41.7028829847,3.715427965289564e-11,VERIFIED
2025-10,monthly,Part_2,C_400,p95,46.88356413994169,46.8835641399,4.168754230704508e-11,VERIFIED
2025-10,monthly,Part_2,C_999,p50,13.31106578940514,13.3110657894,5.1390003363849246e-12,VERIFIED
2025-10,monthly,Part_2,C_999,p75,25.277188140671814,25.2771881407,-2.8187230327603174e-11,VERIFIED
2025-10,monthly,Part_2,C_999,p92,40.55139571699459,40.551395717,-5.4072302191343624e-12,VERIFIED
2025-10,monthly,Part_2,C_999,p95,46.08410683574197,46.0841068357,4.197175940134912e-11,VERIFIED
2025-11,monthly,Part_2,C_100,p50,13.252141057934509,13.2521410579,3.4509284319028666e-11,VERIFIED
2025-11,monthly,Part_2,C_100,p75,25.603299036420054,25.6032990364,2.0055068716828828e-11,VERIFIED
2025-11,monthly,Part_2,C_100,p92,41.34426031533042,41.3442603153,3.042543994524749e-11,VERIFIED
2025-11,monthly,Part_2,C_100,p95,45.79521444695258,45.795214447,-4.7421622184629086e-11,VERIFIED
2025-11,monthly,Part_2,C_110,p50,14.150525561395126,14.1505255614,-4.874323167314287e-12,VERIFIED
2025-11,monthly,Part_2,C_110,p75,26.30171901317745,26.3017190132,-2.254907371934678e-11,VERIFIED
2025-11,monthly,Part_2,C_110,p92,42.07905347846663,42.0790534785,-3.3367086871294305e-11,VERIFIED
2025-11,monthly,Part_2,C_110,p95,46.61655706406448,46.6165570641,-3.552003136064741e-11,VERIFIED
2025-11,monthly,Part_2,C_120,p50,17.061682615629984,17.0616826156,2.998490344907623e-11,VERIFIED
2025-11,monthly,Part_2,C_120,p75,30.32721878224974,30.3272187822,4.9741544216885814e-11,VERIFIED
2025-11,monthly,Part_2,C_120,p92,43.84122009132421,43.8412200913,2.4208191007346613e-11,VERIFIED
2025-11,monthly,Part_2,C_120,p95,47.93575514874139,47.9357551487,4.139621978538344e-11,VERIFIED
2025-11,monthly,Part_2,C_130,p50,9.984634681718408,9.98463468172,-1.5916157281026244e-12,VERIFIED
2025-11,monthly,Part_2,C_130,p75,20.279370595617337,20.2793705956,1.7337242752546445e-11,VERIFIED
2025-11,monthly,Part_2,C_130,p92,34.75154444210968,34.7515444421,9.684697488410166e-12,VERIFIED
2025-11,monthly,Part_2,C_130,p95,39.221660220172566,39.2216602202,-2.7434055027697468e-11,VERIFIED
2025-11,monthly,Part_2,C_301,p50,11.980483191471068,11.9804831915,-2.893152384331188e-11,VERIFIED
2025-11,monthly,Part_2,C_301,p75,23.471988101140308,23.4719881011,4.0309089399670484e-11,VERIFIED
2025-11,monthly,Part_2,C_301,p92,38.35751824817518,38.3575182482,-2.48192577601003e-11,VERIFIED
2025-11,monthly,Part_2,C_301,p95,42.72521348314606,42.7252134831,4.6057380131969694e-11,VERIFIED
2025-11,monthly,Part_2,C_320,p50,12.669915064818952,12.6699150648,1.8951951119561272e-11,VERIFIED
2025-11,monthly,Part_2,C_320,p75,24.052018633540374,24.0520186335,4.037303824588889e-11,VERIFIED
2025-11,monthly,Part_2,C_320,p92,38.44359874608151,38.4435987461,-1.8488321984477807e-11,VERIFIED
2025-11,monthly,Part_2,C_320,p95,42.64511784511784,42.6451178451,1.7834622667578515e-11,VERIFIED
2025-11,monthly,Part_2,C_400,p50,14.996776028826096,14.9967760288,2.609645832762908e-11,VERIFIED
2025-11,monthly,Part_2,C_400,p75,26.93349497748528,26.9334949775,-1.4718892771270475e-11,VERIFIED
2025-11,monthly,Part_2,C_400,p92,41.12379018612522,41.1237901861,2.5217161692125956e-11,VERIFIED
2025-11,monthly,Part_2,C_400,p95,45.23681159420289,45.2368115942,2.8919089345436078e-12,VERIFIED
2025-11,monthly,Part_2,C_999,p50,12.897251587718342,12.8972515877,1.8342660723646986e-11,VERIFIED
2025-11,monthly,Part_2,C_999,p75,25.116061783461685,25.1160617835,-3.83160170258634e-11,VERIFIED
2025-11,monthly,Part_2,C_999,p92,40.35955051877944,40.3595505188,-2.0556001345539698e-11,VERIFIED
2025-11,monthly,Part_2,C_999,p95,44.696168468303405,44.6961684683,3.40349970429088e-12,VERIFIED
2025-12,monthly,Part_2,C_100,p50,14.0126374686475,14.0126374686,4.74997818855627e-11,VERIFIED
2025-12,monthly,Part_2,C_100,p75,26.4889032885145,26.4889032885,1.4498624523184844e-11,VERIFIED
2025-12,monthly,Part_2,C_100,p92,41.804321029461576,41.8043210295,-3.842615114990622e-11,VERIFIED
2025-12,monthly,Part_2,C_100,p95,46.319737417943095,46.3197374179,4.3094416923850076e-11,VERIFIED
2025-12,monthly,Part_2,C_110,p50,14.64880051869462,14.6488005187,-5.380584866543359e-12,VERIFIED
2025-12,monthly,Part_2,C_110,p75,27.10169100691775,27.1016910069,1.7749357539287303e-11,VERIFIED
2025-12,monthly,Part_2,C_110,p92,42.482154080854315,42.4821540809,-4.568789790937444e-11,VERIFIED
2025-12,monthly,Part_2,C_110,p95,47.067989027220925,47.0679890272,2.092548356813495e-11,VERIFIED
2025-12,monthly,Part_2,C_120,p50,16.912006935413956,16.9120069354,1.3955059330328368e-11,VERIFIED
2025-12,monthly,Part_2,C_120,p75,30.301944044435302,30.3019440444,3.530331582624058e-11,VERIFIED
2025-12,monthly,Part_2,C_120,p92,44.27221796165489,44.2722179617,-4.511235829340876e-11,VERIFIED
2025-12,monthly,Part_2,C_120,p95,47.97419719583899,47.9741971958,3.89874799111567e-11,VERIFIED
2025-12,monthly,Part_2,C_130,p50,10.936020430823897,10.9360204308,2.389732856045157e-11,VERIFIED
2025-12,monthly,Part_2,C_130,p75,20.75117514336749,20.7511751434,-3.2510882874703384e-11,VERIFIED
2025-12,monthly,Part_2,C_130,p92,35.035821021528065,35.0358210215,2.8066438062523957e-11,VERIFIED
2025-12,monthly,Part_2,C_130,p95,39.84323870573869,39.8432387057,3.8689051962137455e-11,VERIFIED
2025-12,monthly,Part_2,C_301,p50,12.446236120182888,12.4462361202,-1.7111645433942613e-11,VERIFIED
2025-12,monthly,Part_2,C_301,p75,23.83031168029625,23.8303116803,-3.7481129311345285e-12,VERIFIED
2025-12,monthly,Part_2,C_301,p92,38.64271207053816,38.6427120705,3.816325033767498e-11,VERIFIED
2025-12,monthly,Part_2,C_301,p95,42.832280772325014,42.8322807723,2.5011104298755527e-11,VERIFIED
2025-12,monthly,Part_2,C_320,p50,13.014046157835596,13.0140461578,3.559641470474162e-11,VERIFIED
2025-12,monthly,Part_2,C_320,p75,24.403426204819276,24.4034262048,1.9277024421171518e-11,VERIFIED
2025-12,monthly,Part_2,C_320,p92,38.78562304320602,38.7856230432,6.0254023992456496e-12,VERIFIED
2025-12,monthly,Part_2,C_320,p95,42.95903263403263,42.959032634,3.26281224261038e-11,VERIFIED
2025-12,monthly,Part_2,C_400,p50,15.168802323594738,15.1688023236,-5.261568958303542e-12,VERIFIED
2025-12,monthly,Part_2,C_400,p75,27.309733257661748,27.3097332577,-3.8252068179644994e-11,VERIFIED
2025-12,monthly,Part_2,C_400,p92,41.31952868852459,41.3195286885,2.4591884084657067e-11,VERIFIED
2025-12,monthly,Part_2,C_400,p95,45.23942307692307,45.2394230769,2.3064217202772852e-11,VERIFIED
2025-12,monthly,Part_2,C_999,p50,13.44575627679118,13.4457562768,-8.819611707622244e-12,VERIFIED
2025-12,monthly,Part_2,C_999,p75,25.70651202749141,25.7065120275,-8.590461675339611e-12,VERIFIED
2025-12,monthly,Part_2,C_999,p92,40.77806485012684,40.7780648501,2.6837199129658984e-11,VERIFIED
2025-12,monthly,Part_2,C_999,p95,45.09326618077919,45.0932661808,-2.0811796730413334e-11,VERIFIED
2026-01,monthly,Part_2,C_100,p50,14.242948476871003,14.2429484769,-2.899724904636969e-11,VERIFIED
2026-01,monthly,Part_2,C_100,p75,26.720942053541172,26.7209420535,4.1172398823619005e-11,VERIFIED
2026-01,monthly,Part_2,C_100,p92,41.68918084685398,41.6891808469,-4.602185299518169e-11,VERIFIED
2026-01,monthly,Part_2,C_100,p95,46.25771453979545,46.2577145398,-4.547473508864641e-12,VERIFIED
2026-01,monthly,Part_2,C_110,p50,15.056198704103672,15.0561987041,3.671729587040318e-12,VERIFIED
2026-01,monthly,Part_2,C_110,p75,27.405689878727785,27.4056898787,2.7785773681898718e-11,VERIFIED
2026-01,monthly,Part_2,C_110,p92,42.486710408589325,42.4867104086,-1.0672351891116705e-11,VERIFIED
2026-01,monthly,Part_2,C_110,p95,46.97906595657516,46.9790659566,-2.4840574042173102e-11,VERIFIED
2026-01,monthly,Part_2,C_120,p50,16.5906037944883,16.5906037945,-1.170263885796885e-11,VERIFIED
2026-01,monthly,Part_2,C_120,p75,30.08990306946688,30.0899030695,-3.311839691377827e-11,VERIFIED
2026-01,monthly,Part_2,C_120,p92,44.10412550349799,44.1041255035,-2.0108359422010835e-12,VERIFIED
2026-01,monthly,Part_2,C_120,p95,48.06322589238145,48.0632258924,-1.8545165403338615e-11,VERIFIED
2026-01,monthly,Part_2,C_130,p50,11.337321020474793,11.3373210205,-2.5206503551089554e-11,VERIFIED
2026-01,monthly,Part_2,C_130,p75,20.66173689897353,20.661736899,-2.6471269620742532e-11,VERIFIED
2026-01,monthly,Part_2,C_130,p92,35.055282817502686,35.0552828175,2.6858515411731787e-12,VERIFIED
2026-01,monthly,Part_2,C_130,p95,39.73472775564409,39.7347277556,4.4089176753914217e-11,VERIFIED
2026-01,monthly,Part_2,C_301,p50,12.636004560631973,12.6360045606,3.197264675236511e-11,VERIFIED
2026-01,monthly,Part_2,C_301,p75,23.654311464761285,23.6543114648,-3.871392095788906e-11,VERIFIED
2026-01,monthly,Part_2,C_301,p92,37.885871212121216,37.8858712121,2.121680608979659e-11,VERIFIED
2026-01,monthly,Part_2,C_301,p95,42.70949572997152,42.70949573,-2.8478552849264815e-11,VERIFIED
2026-01,monthly,Part_2,C_320,p50,12.900240577385723,12.9002405774,-1.4276579918259813e-11,VERIFIED
2026-01,monthly,Part_2,C_320,p75,23.960345378957467,23.960345379,-4.25330881625996e-11,VERIFIED
2026-01,monthly,Part_2,C_320,p92,37.82629362214201,37.8262936221,4.200728653813712e-11,VERIFIED
2026-01,monthly,Part_2,C_320,p95,42.54434121621622,42.5443412162,1.6214585230045486e-11,VERIFIED
2026-01,monthly,Part_2,C_400,p50,15.375373134328358,15.3753731343,2.83577605841856e-11,VERIFIED
2026-01,monthly,Part_2,C_400,p75,27.291589157587033,27.2915891576,-1.2967404927621828e-11,VERIFIED
2026-01,monthly,Part_2,C_400,p92,41.0228427037271,41.0228427037,2.710009994189022e-11,VERIFIED
2026-01,monthly,Part_2,C_400,p95,45.08628196268139,45.0862819627,-1.8609114249557024e-11,VERIFIED
2026-01,monthly,Part_2,C_999,p50,13.620905959175278,13.6209059592,-2.4721558133933286e-11,VERIFIED
2026-01,monthly,Part_2,C_999,p75,25.6484716552467,25.6484716552,4.6696868594153784e-11,VERIFIED
2026-01,monthly,Part_2,C_999,p92,40.34745600000001,40.347456,7.105427357601002e-15,VERIFIED
2026-01,monthly,Part_2,C_999,p95,44.98221540909941,44.9822154091,-5.897504706808832e-13,VERIFIED
2026-02,monthly,Part_2,C_100,p50,13.933902416270174,13.9339024163,-2.9826807690369606e-11,VERIFIED
2026-02,monthly,Part_2,C_100,p75,25.932926829268293,25.9329268293,-3.170796958329447e-11,VERIFIED
2026-02,monthly,Part_2,C_100,p92,40.90842898550725,40.9084289855,7.247535904753022e-12,VERIFIED
2026-02,monthly,Part_2,C_100,p95,45.52356440765649,45.5235644077,-4.3513637137948535e-11,VERIFIED
2026-02,monthly,Part_2,C_110,p50,14.938370196931054,14.9383701969,3.105427026639518e-11,VERIFIED
2026-02,monthly,Part_2,C_110,p75,26.996167979002625,26.996167979,2.62545540863357e-12,VERIFIED
2026-02,monthly,Part_2,C_110,p92,41.599825352112674,41.5998253521,1.2676082405960187e-11,VERIFIED
2026-02,monthly,Part_2,C_110,p95,46.444553072625695,46.4445530726,2.5693225325085223e-11,VERIFIED
2026-02,monthly,Part_2,C_120,p50,15.818988107236445,15.8189881072,3.644551327397494e-11,VERIFIED
2026-02,monthly,Part_2,C_120,p75,28.853033180650208,28.8530331807,-4.979128220838902e-11,VERIFIED
2026-02,monthly,Part_2,C_120,p92,43.10234396399923,43.102343964,-7.673861546209082e-13,VERIFIED
2026-02,monthly,Part_2,C_120,p95,47.4736653824986,47.4736653825,-1.3997691894473974e-12,VERIFIED
2026-02,monthly,Part_2,C_130,p50,10.857285329610052,10.8572853296,1.0052403354166017e-11,VERIFIED
2026-02,monthly,Part_2,C_130,p75,20.133626212703643,20.1336262127,3.6415315207705135e-12,VERIFIED
2026-02,monthly,Part_2,C_130,p92,34.50766331120155,34.5076633112,1.5489831639570184e-12,VERIFIED
2026-02,monthly,Part_2,C_130,p95,39.124924012158026,39.1249240122,-4.197175940134912e-11,VERIFIED
2026-02,monthly,Part_2,C_301,p50,12.185753838409262,12.1857538384,9.261924560632906e-12,VERIFIED
2026-02,monthly,Part_2,C_301,p75,22.645737855178737,22.6457378552,-2.1262991367620998e-11,VERIFIED
2026-02,monthly,Part_2,C_301,p92,36.91710993459982,36.9171099346,-1.7763568394002505e-13,VERIFIED
2026-02,monthly,Part_2,C_301,p95,41.289228007181315,41.2892280072,-1.8687273950490635e-11,VERIFIED
2026-02,monthly,Part_2,C_320,p50,12.346555406153604,12.3465554062,-4.639666428829514e-11,VERIFIED
2026-02,monthly,Part_2,C_320,p75,22.6859984984985,22.6859984985,-1.4992451724538114e-12,VERIFIED
2026-02,monthly,Part_2,C_320,p92,36.84571763327476,36.8457176333,-2.523847797419876e-11,VERIFIED
2026-02,monthly,Part_2,C_320,p95,41.12507665352606,41.1250766535,2.6055602120322874e-11,VERIFIED
2026-02,monthly,Part_2,C_400,p50,14.980447376890892,14.9804473769,-9.109157872444484e-12,VERIFIED
2026-02,monthly,Part_2,C_400,p75,26.520523774145616,26.5205237741,4.561684363579843e-11,VERIFIED
2026-02,monthly,Part_2,C_400,p92,39.90058659217878,39.9005865922,-2.121680608979659e-11,VERIFIED
2026-02,monthly,Part_2,C_400,p95,43.90169430425378,43.9016943043,-4.622080496119452e-11,VERIFIED
2026-02,monthly,Part_2,C_999,p50,13.167078330194908,13.1670783302,-5.092815058560518e-12,VERIFIED
2026-02,monthly,Part_2,C_999,p75,24.587706159906496,24.5877061599,6.494360604847316e-12,VERIFIED
2026-02,monthly,Part_2,C_999,p92,39.45375296859394,39.4537529686,-6.0609295360336546e-12,VERIFIED
2026-02,monthly,Part_2,C_999,p95,43.87680248007085,43.8768024801,-2.914646302087931e-11,VERIFIED
2026-03,monthly,Part_2,C_100,p50,12.084110885733605,12.0841108857,3.360511868777394e-11,VERIFIED
2026-03,monthly,Part_2,C_100,p75,24.913588730458684,24.9135887305,-4.1314507370771025e-11,VERIFIED
2026-03,monthly,Part_2,C_100,p92,39.89659140117538,39.8965914012,-2.462030579408747e-11,VERIFIED
2026-03,monthly,Part_2,C_100,p95,44.05201839550332,44.0520183955,3.318234575999668e-12,VERIFIED
2026-03,monthly,Part_2,C_110,p50,14.45610940578183,14.4561094058,-1.8170354110225162e-11,VERIFIED
2026-03,monthly,Part_2,C_110,p75,26.03134053715449,26.0313405372,-4.5506709511755616e-11,VERIFIED
2026-03,monthly,Part_2,C_110,p92,40.91044121833191,40.9104412183,3.19104742629861e-11,VERIFIED
2026-03,monthly,Part_2,C_110,p95,45.12910714285714,45.1291071429,-4.285993782104924e-11,VERIFIED
2026-03,monthly,Part_2,C_120,p50,14.56073177366703,14.5607317737,-3.297095929610805e-11,VERIFIED
2026-03,monthly,Part_2,C_120,p75,26.801810101885973,26.8018101019,-1.4026113603904378e-11,VERIFIED
2026-03,monthly,Part_2,C_120,p92,41.61279720279721,41.6127972028,-2.7924329515371937e-12,VERIFIED
2026-03,monthly,Part_2,C_120,p95,45.7615504277936,45.7615504278,-6.401990049198503e-12,VERIFIED
2026-03,monthly,Part_2,C_130,p50,9.086918275876512,9.08691827588,-3.488764832582092e-12,VERIFIED
2026-03,monthly,Part_2,C_130,p75,19.13263299061243,19.1326329906,1.2427392448444152e-11,VERIFIED
2026-03,monthly,Part_2,C_130,p92,33.35240073868882,33.3524007387,-1.1176837233506376e-11,VERIFIED
2026-03,monthly,Part_2,C_130,p95,38.17835458409229,38.1783545841,-7.709388682997087e-12,VERIFIED
2026-03,monthly,Part_2,C_301,p50,10.429434105582985,10.4294341056,-1.7015722164615e-11,VERIFIED
2026-03,monthly,Part_2,C_301,p75,20.896253715000785,20.896253715,7.851497230149107e-13,VERIFIED
2026-03,monthly,Part_2,C_301,p92,35.712295882763435,35.7122958828,-3.6564529182214756e-11,VERIFIED
2026-03,monthly,Part_2,C_301,p95,39.968638149279776,39.9686381493,-2.022204625973245e-11,VERIFIED
2026-03,monthly,Part_2,C_320,p50,10.683091399810344,10.6830913998,1.0343725875827658e-11,VERIFIED
2026-03,monthly,Part_2,C_320,p75,20.931555126873423,20.9315551269,-2.6577851031106547e-11,VERIFIED
2026-03,monthly,Part_2,C_320,p92,35.438687646468026,35.4386876465,-3.197442310920451e-11,VERIFIED
2026-03,monthly,Part_2,C_320,p95,39.63281183026145,39.6328118303,-3.8546943414985435e-11,VERIFIED
2026-03,monthly,Part_2,C_400,p50,13.758150365934798,13.7581503659,3.4797054127011506e-11,VERIFIED
2026-03,monthly,Part_2,C_400,p75,25.03038674033149,25.0303867403,3.149125404888764e-11,VERIFIED
2026-03,monthly,Part_2,C_400,p92,38.56824765063572,38.5682476506,3.5718983326660236e-11,VERIFIED
2026-03,monthly,Part_2,C_400,p95,42.37815934065932,42.3781593407,-4.0678571622265736e-11,VERIFIED
2026-03,monthly,Part_2,C_999,p50,11.32913722093741,11.3291372209,3.7410075037769275e-11,VERIFIED
2026-03,monthly,Part_2,C_999,p75,23.32938871197593,23.329388712,-2.4069635173873394e-11,VERIFIED
2026-03,monthly,Part_2,C_999,p92,38.33991381152504,38.3399138115,2.503952600818593e-11,VERIFIED
2026-03,monthly,Part_2,C_999,p95,42.53069829760403,42.5306982976,4.035882739117369e-12,VERIFIED
2026-04,full,Part_1A,C_100,p50,16.876404494382022,16.8764044944,-1.7976731214730535e-11,VERIFIED
2026-04,full,Part_1A,C_100,p75,36.101351351351354,36.1013513514,-4.864375569013646e-11,VERIFIED
2026-04,full,Part_1A,C_100,p92,52.817520661157026,52.8175206612,-4.297362465877086e-11,VERIFIED
2026-04,full,Part_1A,C_100,p95,56.40182926829267,56.4018292683,-7.325695605686633e-12,VERIFIED
2026-04,full,Part_1A,C_110,p50,24.766375545851528,24.7663755459,-4.8473225433554035e-11,VERIFIED
2026-04,full,Part_1A,C_110,p75,41.65502555366269,41.6550255537,-3.731059905476286e-11,VERIFIED
2026-04,full,Part_1A,C_110,p92,55.97793450881613,55.9779345088,1.6136425529111875e-11,VERIFIED
2026-04,full,Part_1A,C_110,p95,60.39172661870504,60.3917266187,5.044853423896711e-12,VERIFIED
2026-04,full,Part_1A,C_120,p50,26.37719298245614,26.3771929825,-4.3858250364792184e-11,VERIFIED
2026-04,full,Part_1A,C_120,p75,49.44570135746606,49.4457013575,-3.3935521059902385e-11,VERIFIED
2026-04,full,Part_1A,C_120,p92,61.13889570552148,61.1388957055,2.147970690202783e-11,VERIFIED
2026-04,full,Part_1A,C_120,p95,63.54238410596026,63.542384106,-3.9740655211062403e-11,VERIFIED
2026-04,full,Part_1A,C_130,p50,11.675066312997348,11.675066313,-2.652100761224574e-12,VERIFIED
2026-04,full,Part_1A,C_130,p75,21.122453703703705,21.1224537037,3.7054803669889225e-12,VERIFIED
2026-04,full,Part_1A,C_130,p92,39.00365296803654,39.003652968,3.654321290014195e-11,VERIFIED
2026-04,full,Part_1A,C_130,p95,46.22409326424871,46.2240932642,4.870770453635487e-11,VERIFIED
2026-04,full,Part_1A,C_301,p50,4.733002291825821,4.73300229183,-4.178879464689089e-12,VERIFIED
2026-04,full,Part_1A,C_301,p75,11.011206896551723,11.0112068966,-4.827604982438061e-11,VERIFIED
2026-04,full,Part_1A,C_301,p92,30.785060240963855,30.785060241,-3.6145308968116296e-11,VERIFIED
2026-04,full,Part_1A,C_301,p95,40.6633333333333,40.6633333333,3.3296032597718295e-11,VERIFIED
2026-04,full,Part_1A,C_320,p50,11.274666666666668,11.2746666667,-3.33315597345063e-11,VERIFIED
2026-04,full,Part_1A,C_320,p75,23.721830985915492,23.7218309859,1.5493384353248985e-11,VERIFIED
2026-04,full,Part_1A,C_320,p92,46.88474576271188,46.8847457627,1.1880274541908875e-11,VERIFIED
2026-04,full,Part_1A,C_320,p95,51.510416666666664,51.5104166667,-3.33386651618639e-11,VERIFIED
2026-04,full,Part_1A,C_400,p50,5.7,5.7,0.0,VERIFIED
2026-04,full,Part_1A,C_400,p75,13.53125,13.53125,0.0,VERIFIED
2026-04,full,Part_1A,C_400,p92,31.093333333333344,31.0933333333,3.33457705892215e-11,VERIFIED
2026-04,full,Part_1A,C_400,p95,39.299999999999955,39.3,-4.263256414560601e-14,VERIFIED
2026-04,full,Part_1A,C_999,p50,13.07933250044619,13.0793325004,4.619060689492471e-11,VERIFIED
2026-04,full,Part_1A,C_999,p75,31.295472837022132,31.295472837,2.213340621892712e-11,VERIFIED
2026-04,full,Part_1A,C_999,p92,52.06699706005881,52.0669970601,-4.119016239201301e-11,VERIFIED
2026-04,full,Part_1A,C_999,p95,56.57026188835287,56.5702618884,-4.7130299662967445e-11,VERIFIED
2026-04,full,Part_1B,C_100,p50,7.272649572649573,7.27264957265,-4.2721381987576024e-13,VERIFIED
2026-04,full,Part_1B,C_100,p75,21.1918016194332,21.1918016194,3.320010932839068e-11,VERIFIED
2026-04,full,Part_1B,C_100,p92,44.265306122448976,44.2653061224,4.8977710775943706e-11,VERIFIED
2026-04,full,Part_1B,C_100,p95,49.71018518518518,49.7101851852,-1.481481604059809e-11,VERIFIED
2026-04,full,Part_1B,C_110,p50,12.87412739965096,12.8741273997,-4.9039883265322715e-11,VERIFIED
2026-04,full,Part_1B,C_110,p75,26.648940345368917,26.6489403454,-3.108269197582558e-11,VERIFIED
2026-04,full,Part_1B,C_110,p92,47.06458394160585,47.0645839416,5.8477667153056245e-12,VERIFIED
2026-04,full,Part_1B,C_110,p95,51.980947775628614,51.9809477756,2.8613555969059234e-11,VERIFIED
2026-04,full,Part_1B,C_120,p50,13.446428571428571,13.4464285714,2.857092340491363e-11,VERIFIED
2026-04,full,Part_1B,C_120,p75,33.70301418439716,33.7030141844,-2.8350655156827997e-12,VERIFIED
2026-04,full,Part_1B,C_120,p92,50.395518207282926,50.3955182073,-1.7074341940315207e-11,VERIFIED
2026-04,full,Part_1B,C_120,p95,54.2992341356674,54.2992341357,-3.2599700716673397e-11,VERIFIED
2026-04,full,Part_1B,C_130,p50,7.877244112846817,7.87724411285,-3.1823432777855487e-12,VERIFIED
2026-04,full,Part_1B,C_130,p75,18.675278465346533,18.6752784653,4.653344376492896e-11,VERIFIED
2026-04,full,Part_1B,C_130,p92,36.81172541743971,36.8117254174,3.9712233501632e-11,VERIFIED
2026-04,full,Part_1B,C_130,p95,43.05269662921348,43.0526966292,1.34789956973691e-11,VERIFIED
2026-04,full,Part_1B,C_301,p50,10.662020905923344,10.6620209059,2.334310522655869e-11,VERIFIED
2026-04,full,Part_1B,C_301,p75,27.31660899653979,27.3166089965,3.979039320256561e-11,VERIFIED
2026-04,full,Part_1B,C_301,p92,45.91979899497488,45.919798995,-2.511768570911954e-11,VERIFIED
2026-04,full,Part_1B,C_301,p95,50.06092307692306,50.0609230769,2.305711177541525e-11,VERIFIED
2026-04,full,Part_1B,C_320,p50,12.64176245210728,12.6417624521,7.279510327862226e-12,VERIFIED
2026-04,full,Part_1B,C_320,p75,27.14101717305152,27.1410171731,-4.8480330860911636e-11,VERIFIED
2026-04,full,Part_1B,C_320,p92,44.588452830188686,44.5884528302,-1.1311840353300795e-11,VERIFIED
2026-04,full,Part_1B,C_320,p95,48.66343930635837,48.6634393064,-4.163069888818427e-11,VERIFIED
2026-04,full,Part_1B,C_400,p50,18.336893203883495,18.3368932039,-1.6505907751707127e-11,VERIFIED
2026-04,full,Part_1B,C_400,p75,33.960978835978835,33.960978836,-2.1167068098293385e-11,VERIFIED
2026-04,full,Part_1B,C_400,p92,49.602742857142864,49.6027428571,4.2867043248406844e-11,VERIFIED
2026-04,full,Part_1B,C_400,p95,52.53209606986899,52.5320960699,-3.100808498857077e-11,VERIFIED
2026-04,full,Part_1B,C_999,p50,8.818650407940856,8.81865040794,8.562039965909207e-13,VERIFIED
2026-04,full,Part_1B,C_999,p75,23.47181737061273,23.4718173706,1.2729373111142195e-11,VERIFIED
2026-04,full,Part_1B,C_999,p92,44.22000777504212,44.220007775,4.212097337585874e-11,VERIFIED
2026-04,full,Part_1B,C_999,p95,48.98472282845919,48.9847228285,-4.0806469314702554e-11,VERIFIED
2026-04,monthly,Part_2,C_100,p50,12.668023058663954,12.6680230587,-3.604583298510988e-11,VERIFIED
2026-04,monthly,Part_2,C_100,p75,25.29422097312489,25.2942209731,2.489031203367631e-11,VERIFIED
2026-04,monthly,Part_2,C_100,p92,40.46018512170039,40.4601851217,3.907985046680551e-13,VERIFIED
2026-04,monthly,Part_2,C_100,p95,44.64272164948453,44.6427216495,-1.546851535749738e-11,VERIFIED
2026-04,monthly,Part_2,C_110,p50,13.819145845438698,13.8191458454,3.8697933746334456e-11,VERIFIED
2026-04,monthly,Part_2,C_110,p75,26.539088148391333,26.5390881484,-8.668621376273222e-12,VERIFIED
2026-04,monthly,Part_2,C_110,p92,41.56431835608036,41.5643183561,-1.963940121640917e-11,VERIFIED
2026-04,monthly,Part_2,C_110,p95,45.68452224516613,45.6845222452,-3.3871572213683976e-11,VERIFIED
2026-04,monthly,Part_2,C_120,p50,14.09856089007135,14.0985608901,-2.864908310584724e-11,VERIFIED
2026-04,monthly,Part_2,C_120,p75,27.00344508432744,27.0034450843,2.743760774137627e-11,VERIFIED
2026-04,monthly,Part_2,C_120,p92,41.73437043403524,41.734370434,3.524291969370097e-11,VERIFIED
2026-04,monthly,Part_2,C_120,p95,45.928172654432665,45.9281726544,3.2663649562891806e-11,VERIFIED
2026-04,monthly,Part_2,C_130,p50,9.668012358393408,9.66801235839,3.4088287748090806e-12,VERIFIED
2026-04,monthly,Part_2,C_130,p75,19.25952586620597,19.2595258662,5.9685589803848416e-12,VERIFIED
2026-04,monthly,Part_2,C_130,p92,33.25870803426719,33.2587080343,-3.2812863537401427e-11,VERIFIED
2026-04,monthly,Part_2,C_130,p95,38.34905250077663,38.3490525008,-2.3369750579149695e-11,VERIFIED
2026-04,monthly,Part_2,C_301,p50,11.114665127020784,11.114665127,2.078337502098293e-11,VERIFIED
2026-04,monthly,Part_2,C_301,p75,21.251134585289513,21.2511345853,-1.0487610779819079e-11,VERIFIED
2026-04,monthly,Part_2,C_301,p92,35.9878698481562,35.9878698482,-4.3797854232252575e-11,VERIFIED
2026-04,monthly,Part_2,C_301,p95,40.4787624660018,40.478762466,1.7976731214730535e-12,VERIFIED
2026-04,monthly,Part_2,C_320,p50,11.416151441472731,11.4161514415,-2.7268853841633245e-11,VERIFIED
2026-04,monthly,Part_2,C_320,p75,21.36608166189112,21.3660816619,-8.881784197001252e-12,VERIFIED
2026-04,monthly,Part_2,C_320,p92,35.46661157024795,35.4666115702,4.794742380909156e-11,VERIFIED
2026-04,monthly,Part_2,C_320,p95,40.00948198198198,40.009481982,-1.801936377887614e-11,VERIFIED
2026-04,monthly,Part_2,C_400,p50,13.51514909902727,13.515149099,2.7268853841633245e-11,VERIFIED
2026-04,monthly,Part_2,C_400,p75,25.434394631639066,25.4343946316,3.906563961209031e-11,VERIFIED
2026-04,monthly,Part_2,C_400,p92,39.163935212957405,39.163935213,-4.2597037008818006e-11,VERIFIED
2026-04,monthly,Part_2,C_400,p95,43.02723387723387,43.0272338772,3.3871572213683976e-11,VERIFIED
2026-04,monthly,Part_2,C_999,p50,11.895654703189418,11.8956547032,-1.0581757692307292e-11,VERIFIED
2026-04,monthly,Part_2,C_999,p75,23.5913176096576,23.5913176097,-4.239808504280518e-11,VERIFIED
2026-04,monthly,Part_2,C_999,p92,38.70203053824569,38.7020305382,4.568789790937444e-11,VERIFIED
2026-04,monthly,Part_2,C_999,p95,43.08356266180841,43.0835626618,8.405720564041985e-12,VERIFIED
2026-05,monthly,Part_2,C_100,p50,13.26061604201905,13.260616042,1.9049650745728286e-11,VERIFIED
2026-05,monthly,Part_2,C_100,p75,25.6948445459336,25.6948445459,3.359801326041634e-11,VERIFIED
2026-05,monthly,Part_2,C_100,p92,40.87376570458404,40.8737657046,-1.595878984517185e-11,VERIFIED
2026-05,monthly,Part_2,C_100,p95,45.299887791741455,45.2998877917,4.1453063204244245e-11,VERIFIED
2026-05,monthly,Part_2,C_110,p50,14.110845070422537,14.1108450704,2.2536639221470978e-11,VERIFIED
2026-05,monthly,Part_2,C_110,p75,26.826987005137504,26.8269870051,3.750244559341809e-11,VERIFIED
2026-05,monthly,Part_2,C_110,p92,41.835237203495645,41.8352372035,-4.355626970209414e-12,VERIFIED
2026-05,monthly,Part_2,C_110,p95,46.24821828548157,46.2482182855,-1.8431478565617e-11,VERIFIED
2026-05,monthly,Part_2,C_120,p50,14.7580394035571,14.7580394036,-4.289901767151605e-11,VERIFIED
2026-05,monthly,Part_2,C_120,p75,27.117630057803467,27.1176300578,3.467448550509289e-12,VERIFIED
2026-05,monthly,Part_2,C_120,p92,41.626389011962786,41.626389012,-3.7211123071756447e-11,VERIFIED
2026-05,monthly,Part_2,C_120,p95,46.119579288025875,46.119579288,2.587796643638285e-11,VERIFIED
2026-05,monthly,Part_2,C_130,p50,10.206322476125512,10.2063224761,2.5512036927466397e-11,VERIFIED
2026-05,monthly,Part_2,C_130,p75,18.4396950984176,18.4396950984,1.760014356477768e-11,VERIFIED
2026-05,monthly,Part_2,C_130,p92,33.41153698571733,33.4115369857,1.7330137325188844e-11,VERIFIED
2026-05,monthly,Part_2,C_130,p95,38.18429376761664,38.1842937676,1.6633805444143945e-11,VERIFIED
2026-05,monthly,Part_2,C_301,p50,11.771811329203672,11.7718113292,3.671729587040318e-12,VERIFIED
2026-05,monthly,Part_2,C_301,p75,20.9608912321248,20.9608912321,2.4801494191706297e-11,VERIFIED
2026-05,monthly,Part_2,C_301,p92,36.11276273022752,36.1127627302,2.752642558334628e-11,VERIFIED
2026-05,monthly,Part_2,C_301,p95,40.77054140127387,40.7705414013,-2.6133761821256485e-11,VERIFIED
2026-05,monthly,Part_2,C_320,p50,12.129889595671566,12.1298895957,-2.843414392827981e-11,VERIFIED
2026-05,monthly,Part_2,C_320,p75,21.240389207258836,21.2403892073,-4.1165293396261404e-11,VERIFIED
2026-05,monthly,Part_2,C_320,p92,35.51788580750408,35.5178858075,4.078515303262975e-12,VERIFIED
2026-05,monthly,Part_2,C_320,p95,40.127058543550696,40.1270585436,-4.930456043439335e-11,VERIFIED
2026-05,monthly,Part_2,C_400,p50,14.004236555421064,14.0042365554,2.106403940160817e-11,VERIFIED
2026-05,monthly,Part_2,C_400,p75,25.730121918897428,25.7301219189,-2.5721647034515627e-12,VERIFIED
2026-05,monthly,Part_2,C_400,p92,38.94545047565754,38.9454504757,-4.246203388902359e-11,VERIFIED
2026-05,monthly,Part_2,C_400,p95,43.136572989851665,43.1365729899,-4.8338222313759616e-11,VERIFIED
2026-05,monthly,Part_2,C_999,p50,12.42281680139593,12.4228168014,-4.069633519065974e-12,VERIFIED
2026-05,monthly,Part_2,C_999,p75,23.901073421514933,23.9010734215,1.4932055591998505e-11,VERIFIED
2026-05,monthly,Part_2,C_999,p92,38.56866552242009,38.5686655224,2.0087043139938032e-11,VERIFIED
2026-05,monthly,Part_2,C_999,p95,43.42777304929031,43.4277730493,-9.691802915767767e-12,VERIFIED
