claim_id,document,line,claim_text,numeric_occurrence,category,status,source_value,source,note,report_sha256
F04-0001,REPORT.md,1,"Validation gate: PASS. January's calculated median is 15.03957 weeks, compared with the official 15.0 weeks: a difference of 0.03957 weeks, inside the required 0.1-week tolerance. The later workbook comparisons below also pass.",15.03957,measured quantity,VERIFIED,15.039572851097873,Independent January raw median; live official workbook and January statistical release; brief gate tolerance,,90dac13322fe31df5dd237207d3da539bedc943785492dee548bd2a0adcf3b57
F04-0002,REPORT.md,1,"Validation gate: PASS. January's calculated median is 15.03957 weeks, compared with the official 15.0 weeks: a difference of 0.03957 weeks, inside the required 0.1-week tolerance. The later workbook comparisons below also pass.",15.0,measured quantity,VERIFIED,15.0395728510979,Independent January raw median; live official workbook and January statistical release; brief gate tolerance,,90dac13322fe31df5dd237207d3da539bedc943785492dee548bd2a0adcf3b57
F04-0003,REPORT.md,1,"Validation gate: PASS. January's calculated median is 15.03957 weeks, compared with the official 15.0 weeks: a difference of 0.03957 weeks, inside the required 0.1-week tolerance. The later workbook comparisons below also pass.",0.03957,measured quantity,VERIFIED,0.039572851097872785,Independent January raw median; live official workbook and January statistical release; brief gate tolerance,,90dac13322fe31df5dd237207d3da539bedc943785492dee548bd2a0adcf3b57
F04-0004,REPORT.md,1,"Validation gate: PASS. January's calculated median is 15.03957 weeks, compared with the official 15.0 weeks: a difference of 0.03957 weeks, inside the required 0.1-week tolerance. The later workbook comparisons below also pass.",0.1,measured quantity,VERIFIED,0.1,Independent January raw median; live official workbook and January statistical release; brief gate tolerance,,90dac13322fe31df5dd237207d3da539bedc943785492dee548bd2a0adcf3b57
F04-0005,REPORT.md,3,"Declared scope: Reported England-commissioned consultant-led referral-to-treatment pathways still waiting at month-end; no estimates added for missing providers; exact Part_2; commissioner NONC excluded. National figures aggregate submitted data and count all specialties once, using C_999 Total rows, reconciled to the sum of the individual specialties. Specialty figures use only C_100, C_110, C_120, C_130, C_301, C_320 and C_400. The main series covers January 2024 to May 2026. These are pathways, not unique people: a person can have more than one. Completed pathways and the historical baseline are labelled wherever used.",Part_2,raw schema/scope identifier,VERIFIED,"""Part_2""",NHS RTT guidance; brief definitions; raw file/header inventory,,90dac13322fe31df5dd237207d3da539bedc943785492dee548bd2a0adcf3b57
F04-0006,REPORT.md,3,"Declared scope: Reported England-commissioned consultant-led referral-to-treatment pathways still waiting at month-end; no estimates added for missing providers; exact Part_2; commissioner NONC excluded. National figures aggregate submitted data and count all specialties once, using C_999 Total rows, reconciled to the sum of the individual specialties. Specialty figures use only C_100, C_110, C_120, C_130, C_301, C_320 and C_400. The main series covers January 2024 to May 2026. These are pathways, not unique people: a person can have more than one. Completed pathways and the historical baseline are labelled wherever used.",C_999,raw schema/scope identifier,VERIFIED,"""C_999""",NHS RTT guidance; brief definitions; raw file/header inventory,,90dac13322fe31df5dd237207d3da539bedc943785492dee548bd2a0adcf3b57
F04-0007,REPORT.md,3,"Declared scope: Reported England-commissioned consultant-led referral-to-treatment pathways still waiting at month-end; no estimates added for missing providers; exact Part_2; commissioner NONC excluded. National figures aggregate submitted data and count all specialties once, using C_999 Total rows, reconciled to the sum of the individual specialties. Specialty figures use only C_100, C_110, C_120, C_130, C_301, C_320 and C_400. The main series covers January 2024 to May 2026. These are pathways, not unique people: a person can have more than one. Completed pathways and the historical baseline are labelled wherever used.",C_100,raw schema/scope identifier,VERIFIED,"""C_100""",NHS RTT guidance; brief definitions; raw file/header inventory,,90dac13322fe31df5dd237207d3da539bedc943785492dee548bd2a0adcf3b57
F04-0008,REPORT.md,3,"Declared scope: Reported England-commissioned consultant-led referral-to-treatment pathways still waiting at month-end; no estimates added for missing providers; exact Part_2; commissioner NONC excluded. National figures aggregate submitted data and count all specialties once, using C_999 Total rows, reconciled to the sum of the individual specialties. Specialty figures use only C_100, C_110, C_120, C_130, C_301, C_320 and C_400. The main series covers January 2024 to May 2026. These are pathways, not unique people: a person can have more than one. Completed pathways and the historical baseline are labelled wherever used.",C_110,raw schema/scope identifier,VERIFIED,"""C_110""",NHS RTT guidance; brief definitions; raw file/header inventory,,90dac13322fe31df5dd237207d3da539bedc943785492dee548bd2a0adcf3b57
F04-0009,REPORT.md,3,"Declared scope: Reported England-commissioned consultant-led referral-to-treatment pathways still waiting at month-end; no estimates added for missing providers; exact Part_2; commissioner NONC excluded. National figures aggregate submitted data and count all specialties once, using C_999 Total rows, reconciled to the sum of the individual specialties. Specialty figures use only C_100, C_110, C_120, C_130, C_301, C_320 and C_400. The main series covers January 2024 to May 2026. These are pathways, not unique people: a person can have more than one. Completed pathways and the historical baseline are labelled wherever used.",C_120,raw schema/scope identifier,VERIFIED,"""C_120""",NHS RTT guidance; brief definitions; raw file/header inventory,,90dac13322fe31df5dd237207d3da539bedc943785492dee548bd2a0adcf3b57
F04-0010,REPORT.md,3,"Declared scope: Reported England-commissioned consultant-led referral-to-treatment pathways still waiting at month-end; no estimates added for missing providers; exact Part_2; commissioner NONC excluded. National figures aggregate submitted data and count all specialties once, using C_999 Total rows, reconciled to the sum of the individual specialties. Specialty figures use only C_100, C_110, C_120, C_130, C_301, C_320 and C_400. The main series covers January 2024 to May 2026. These are pathways, not unique people: a person can have more than one. Completed pathways and the historical baseline are labelled wherever used.",C_130,raw schema/scope identifier,VERIFIED,"""C_130""",NHS RTT guidance; brief definitions; raw file/header inventory,,90dac13322fe31df5dd237207d3da539bedc943785492dee548bd2a0adcf3b57
F04-0011,REPORT.md,3,"Declared scope: Reported England-commissioned consultant-led referral-to-treatment pathways still waiting at month-end; no estimates added for missing providers; exact Part_2; commissioner NONC excluded. National figures aggregate submitted data and count all specialties once, using C_999 Total rows, reconciled to the sum of the individual specialties. Specialty figures use only C_100, C_110, C_120, C_130, C_301, C_320 and C_400. The main series covers January 2024 to May 2026. These are pathways, not unique people: a person can have more than one. Completed pathways and the historical baseline are labelled wherever used.",C_301,raw schema/scope identifier,VERIFIED,"""C_301""",NHS RTT guidance; brief definitions; raw file/header inventory,,90dac13322fe31df5dd237207d3da539bedc943785492dee548bd2a0adcf3b57
F04-0012,REPORT.md,3,"Declared scope: Reported England-commissioned consultant-led referral-to-treatment pathways still waiting at month-end; no estimates added for missing providers; exact Part_2; commissioner NONC excluded. National figures aggregate submitted data and count all specialties once, using C_999 Total rows, reconciled to the sum of the individual specialties. Specialty figures use only C_100, C_110, C_120, C_130, C_301, C_320 and C_400. The main series covers January 2024 to May 2026. These are pathways, not unique people: a person can have more than one. Completed pathways and the historical baseline are labelled wherever used.",C_320,raw schema/scope identifier,VERIFIED,"""C_320""",NHS RTT guidance; brief definitions; raw file/header inventory,,90dac13322fe31df5dd237207d3da539bedc943785492dee548bd2a0adcf3b57
F04-0013,REPORT.md,3,"Declared scope: Reported England-commissioned consultant-led referral-to-treatment pathways still waiting at month-end; no estimates added for missing providers; exact Part_2; commissioner NONC excluded. National figures aggregate submitted data and count all specialties once, using C_999 Total rows, reconciled to the sum of the individual specialties. Specialty figures use only C_100, C_110, C_120, C_130, C_301, C_320 and C_400. The main series covers January 2024 to May 2026. These are pathways, not unique people: a person can have more than one. Completed pathways and the historical baseline are labelled wherever used.",C_400,raw schema/scope identifier,VERIFIED,"""C_400""",NHS RTT guidance; brief definitions; raw file/header inventory,,90dac13322fe31df5dd237207d3da539bedc943785492dee548bd2a0adcf3b57
F04-0014,REPORT.md,3,"Declared scope: Reported England-commissioned consultant-led referral-to-treatment pathways still waiting at month-end; no estimates added for missing providers; exact Part_2; commissioner NONC excluded. National figures aggregate submitted data and count all specialties once, using C_999 Total rows, reconciled to the sum of the individual specialties. Specialty figures use only C_100, C_110, C_120, C_130, C_301, C_320 and C_400. The main series covers January 2024 to May 2026. These are pathways, not unique people: a person can have more than one. Completed pathways and the historical baseline are labelled wherever used.",2024,period or year metadata,VERIFIED,"""2024""",NHS RTT guidance; brief definitions; raw file/header inventory,,90dac13322fe31df5dd237207d3da539bedc943785492dee548bd2a0adcf3b57
F04-0015,REPORT.md,3,"Declared scope: Reported England-commissioned consultant-led referral-to-treatment pathways still waiting at month-end; no estimates added for missing providers; exact Part_2; commissioner NONC excluded. National figures aggregate submitted data and count all specialties once, using C_999 Total rows, reconciled to the sum of the individual specialties. Specialty figures use only C_100, C_110, C_120, C_130, C_301, C_320 and C_400. The main series covers January 2024 to May 2026. These are pathways, not unique people: a person can have more than one. Completed pathways and the historical baseline are labelled wherever used.",2026,period or year metadata,VERIFIED,"""2026""",NHS RTT guidance; brief definitions; raw file/header inventory,,90dac13322fe31df5dd237207d3da539bedc943785492dee548bd2a0adcf3b57
F04-0016,REPORT.md,3,"Declared scope: Reported England-commissioned consultant-led referral-to-treatment pathways still waiting at month-end; no estimates added for missing providers; exact Part_2; commissioner NONC excluded. National figures aggregate submitted data and count all specialties once, using C_999 Total rows, reconciled to the sum of the individual specialties. Specialty figures use only C_100, C_110, C_120, C_130, C_301, C_320 and C_400. The main series covers January 2024 to May 2026. These are pathways, not unique people: a person can have more than one. Completed pathways and the historical baseline are labelled wherever used.",one,written number/definition,VERIFIED,1,NHS RTT guidance; brief definitions; raw file/header inventory,,90dac13322fe31df5dd237207d3da539bedc943785492dee548bd2a0adcf3b57
F04-0017,REPORT.md,5,"# Finding 04 — a shorter median, a promise still unmet",04,heading/label metadata,VERIFIED,"""04""",NHS RTT guidance; brief definitions; raw file/header inventory,,90dac13322fe31df5dd237207d3da539bedc943785492dee548bd2a0adcf3b57
F04-0018,REPORT.md,7,"At the end of May 2026, half of the waiting pathways had been open for roughly 12.4 weeks or less. Yet the wait that included 92% of the list was 38.6 weeks. This is the 92nd percentile, or p92: the point below which that share of waiting pathways sits.",2026,period or year metadata,VERIFIED,"""2026""",verification_independent_measures.csv 2026-05 C_999 Part_2 p50/p92,,90dac13322fe31df5dd237207d3da539bedc943785492dee548bd2a0adcf3b57
F04-0019,REPORT.md,7,"At the end of May 2026, half of the waiting pathways had been open for roughly 12.4 weeks or less. Yet the wait that included 92% of the list was 38.6 weeks. This is the 92nd percentile, or p92: the point below which that share of waiting pathways sits.",half,percentile/threshold definition,VERIFIED,0.5,verification_independent_measures.csv 2026-05 C_999 Part_2 p50/p92,,90dac13322fe31df5dd237207d3da539bedc943785492dee548bd2a0adcf3b57
F04-0020,REPORT.md,7,"At the end of May 2026, half of the waiting pathways had been open for roughly 12.4 weeks or less. Yet the wait that included 92% of the list was 38.6 weeks. This is the 92nd percentile, or p92: the point below which that share of waiting pathways sits.",12.4,measured quantity,VERIFIED,12.42281680139593,verification_independent_measures.csv 2026-05 C_999 Part_2 p50/p92,,90dac13322fe31df5dd237207d3da539bedc943785492dee548bd2a0adcf3b57
F04-0021,REPORT.md,7,"At the end of May 2026, half of the waiting pathways had been open for roughly 12.4 weeks or less. Yet the wait that included 92% of the list was 38.6 weeks. This is the 92nd percentile, or p92: the point below which that share of waiting pathways sits.",92%,percentile/threshold definition,VERIFIED,92,verification_independent_measures.csv 2026-05 C_999 Part_2 p50/p92,,90dac13322fe31df5dd237207d3da539bedc943785492dee548bd2a0adcf3b57
F04-0022,REPORT.md,7,"At the end of May 2026, half of the waiting pathways had been open for roughly 12.4 weeks or less. Yet the wait that included 92% of the list was 38.6 weeks. This is the 92nd percentile, or p92: the point below which that share of waiting pathways sits.",38.6,measured quantity,VERIFIED,38.56866552242009,verification_independent_measures.csv 2026-05 C_999 Part_2 p50/p92,,90dac13322fe31df5dd237207d3da539bedc943785492dee548bd2a0adcf3b57
F04-0023,REPORT.md,7,"At the end of May 2026, half of the waiting pathways had been open for roughly 12.4 weeks or less. Yet the wait that included 92% of the list was 38.6 weeks. This is the 92nd percentile, or p92: the point below which that share of waiting pathways sits.",92nd,percentile/threshold definition,VERIFIED,92,verification_independent_measures.csv 2026-05 C_999 Part_2 p50/p92,,90dac13322fe31df5dd237207d3da539bedc943785492dee548bd2a0adcf3b57
F04-0024,REPORT.md,7,"At the end of May 2026, half of the waiting pathways had been open for roughly 12.4 weeks or less. Yet the wait that included 92% of the list was 38.6 weeks. This is the 92nd percentile, or p92: the point below which that share of waiting pathways sits.",p92,percentile/threshold definition,VERIFIED,92,verification_independent_measures.csv 2026-05 C_999 Part_2 p50/p92,,90dac13322fe31df5dd237207d3da539bedc943785492dee548bd2a0adcf3b57
F04-0025,REPORT.md,9,"The standard requires at least 92% of incomplete pathways to be within 18 weeks. On the grouped-data estimate, the gap was therefore 20.6 weeks. This is a description of how long the current list has been waiting so far. It is not a prediction of the wait faced by a new referral or the time remaining before treatment.",92%,percentile/threshold definition,VERIFIED,92,NHS RTT guidance standard and independently computed May p92 minus18,,90dac13322fe31df5dd237207d3da539bedc943785492dee548bd2a0adcf3b57
F04-0026,REPORT.md,9,"The standard requires at least 92% of incomplete pathways to be within 18 weeks. On the grouped-data estimate, the gap was therefore 20.6 weeks. This is a description of how long the current list has been waiting so far. It is not a prediction of the wait faced by a new referral or the time remaining before treatment.",18,percentile/threshold definition,VERIFIED,18,NHS RTT guidance standard and independently computed May p92 minus18,,90dac13322fe31df5dd237207d3da539bedc943785492dee548bd2a0adcf3b57
F04-0027,REPORT.md,9,"The standard requires at least 92% of incomplete pathways to be within 18 weeks. On the grouped-data estimate, the gap was therefore 20.6 weeks. This is a description of how long the current list has been waiting so far. It is not a prediction of the wait faced by a new referral or the time remaining before treatment.",20.6,measured quantity,VERIFIED,20.56866552242009,NHS RTT guidance standard and independently computed May p92 minus18,,90dac13322fe31df5dd237207d3da539bedc943785492dee548bd2a0adcf3b57
F04-0028,REPORT.md,11,"Both the median and p92 fell between the start and end of this submitted-data series. Reporting gaps mean this is not a fully constant provider population. The median fell by 2.6 weeks, while p92 fell by 6.7 weeks. Improvement and a missed standard coexist. A median inside eighteen weeks does not establish that patients are fine, or that the standard is being met: the standard protects far more than the middle patient.",p92,percentile/threshold definition,VERIFIED,92,verification_independent_measures.csv endpoint percentile differences,,90dac13322fe31df5dd237207d3da539bedc943785492dee548bd2a0adcf3b57
F04-0029,REPORT.md,11,"Both the median and p92 fell between the start and end of this submitted-data series. Reporting gaps mean this is not a fully constant provider population. The median fell by 2.6 weeks, while p92 fell by 6.7 weeks. Improvement and a missed standard coexist. A median inside eighteen weeks does not establish that patients are fine, or that the standard is being met: the standard protects far more than the middle patient.",2.6,measured quantity,VERIFIED,2.6167560497019426,verification_independent_measures.csv endpoint percentile differences,,90dac13322fe31df5dd237207d3da539bedc943785492dee548bd2a0adcf3b57
F04-0030,REPORT.md,11,"Both the median and p92 fell between the start and end of this submitted-data series. Reporting gaps mean this is not a fully constant provider population. The median fell by 2.6 weeks, while p92 fell by 6.7 weeks. Improvement and a missed standard coexist. A median inside eighteen weeks does not establish that patients are fine, or that the standard is being met: the standard protects far more than the middle patient.",p92,percentile/threshold definition,VERIFIED,92,verification_independent_measures.csv endpoint percentile differences,,90dac13322fe31df5dd237207d3da539bedc943785492dee548bd2a0adcf3b57
F04-0031,REPORT.md,11,"Both the median and p92 fell between the start and end of this submitted-data series. Reporting gaps mean this is not a fully constant provider population. The median fell by 2.6 weeks, while p92 fell by 6.7 weeks. Improvement and a missed standard coexist. A median inside eighteen weeks does not establish that patients are fine, or that the standard is being met: the standard protects far more than the middle patient.",6.7,measured quantity,VERIFIED,6.699719069067946,verification_independent_measures.csv endpoint percentile differences,,90dac13322fe31df5dd237207d3da539bedc943785492dee548bd2a0adcf3b57
F04-0032,REPORT.md,11,"Both the median and p92 fell between the start and end of this submitted-data series. Reporting gaps mean this is not a fully constant provider population. The median fell by 2.6 weeks, while p92 fell by 6.7 weeks. Improvement and a missed standard coexist. A median inside eighteen weeks does not establish that patients are fine, or that the standard is being met: the standard protects far more than the middle patient.",eighteen,percentile/threshold definition,VERIFIED,18,verification_independent_measures.csv endpoint percentile differences,,90dac13322fe31df5dd237207d3da539bedc943785492dee548bd2a0adcf3b57
F04-0033,REPORT.md,17,| 2024-01 | 15.0 | 15.03957 | +0.03957 | Publication rounded to one decimal; same linear band estimate |,2024-01,period or year metadata,VERIFIED,"""2024-01""",verification_official_comparison.csv 2024-01 median; live workbook cell DH38,,90dac13322fe31df5dd237207d3da539bedc943785492dee548bd2a0adcf3b57
F04-0034,REPORT.md,17,| 2024-01 | 15.0 | 15.03957 | +0.03957 | Publication rounded to one decimal; same linear band estimate |,15.0,measured quantity,VERIFIED,15.0395728510979,verification_official_comparison.csv 2024-01 median; live workbook cell DH38,,90dac13322fe31df5dd237207d3da539bedc943785492dee548bd2a0adcf3b57
F04-0035,REPORT.md,17,| 2024-01 | 15.0 | 15.03957 | +0.03957 | Publication rounded to one decimal; same linear band estimate |,15.03957,measured quantity,VERIFIED,15.039572851097873,verification_official_comparison.csv 2024-01 median; live workbook cell DH38,,90dac13322fe31df5dd237207d3da539bedc943785492dee548bd2a0adcf3b57
F04-0036,REPORT.md,17,| 2024-01 | 15.0 | 15.03957 | +0.03957 | Publication rounded to one decimal; same linear band estimate |,+0.03957,measured quantity,VERIFIED,0.039572851097872785,verification_official_comparison.csv 2024-01 median; live workbook cell DH38,,90dac13322fe31df5dd237207d3da539bedc943785492dee548bd2a0adcf3b57
F04-0037,REPORT.md,17,| 2024-01 | 15.0 | 15.03957 | +0.03957 | Publication rounded to one decimal; same linear band estimate |,one,written number/definition,VERIFIED,1,verification_official_comparison.csv 2024-01 median; live workbook cell DH38,,90dac13322fe31df5dd237207d3da539bedc943785492dee548bd2a0adcf3b57
F04-0038,REPORT.md,18,| 2025-02 | 14.2 | 14.20786 | +0.00786 | Publication rounded to one decimal; same linear band estimate |,2025-02,period or year metadata,VERIFIED,"""2025-02""",verification_official_comparison.csv 2025-02 median; live workbook cell DH38,,90dac13322fe31df5dd237207d3da539bedc943785492dee548bd2a0adcf3b57
F04-0039,REPORT.md,18,| 2025-02 | 14.2 | 14.20786 | +0.00786 | Publication rounded to one decimal; same linear band estimate |,14.2,measured quantity,VERIFIED,14.2078621473788,verification_official_comparison.csv 2025-02 median; live workbook cell DH38,,90dac13322fe31df5dd237207d3da539bedc943785492dee548bd2a0adcf3b57
F04-0040,REPORT.md,18,| 2025-02 | 14.2 | 14.20786 | +0.00786 | Publication rounded to one decimal; same linear band estimate |,14.20786,measured quantity,VERIFIED,14.207862147378773,verification_official_comparison.csv 2025-02 median; live workbook cell DH38,,90dac13322fe31df5dd237207d3da539bedc943785492dee548bd2a0adcf3b57
F04-0041,REPORT.md,18,| 2025-02 | 14.2 | 14.20786 | +0.00786 | Publication rounded to one decimal; same linear band estimate |,+0.00786,measured quantity,VERIFIED,0.007862147378773443,verification_official_comparison.csv 2025-02 median; live workbook cell DH38,,90dac13322fe31df5dd237207d3da539bedc943785492dee548bd2a0adcf3b57
F04-0042,REPORT.md,18,| 2025-02 | 14.2 | 14.20786 | +0.00786 | Publication rounded to one decimal; same linear band estimate |,one,written number/definition,VERIFIED,1,verification_official_comparison.csv 2025-02 median; live workbook cell DH38,,90dac13322fe31df5dd237207d3da539bedc943785492dee548bd2a0adcf3b57
F04-0043,REPORT.md,19,| 2026-04 | 11.9 | 11.89565 | -0.00435 | Publication rounded to one decimal; same linear band estimate |,2026-04,period or year metadata,VERIFIED,"""2026-04""",verification_official_comparison.csv 2026-04 median; live workbook cell DH38,,90dac13322fe31df5dd237207d3da539bedc943785492dee548bd2a0adcf3b57
F04-0044,REPORT.md,19,| 2026-04 | 11.9 | 11.89565 | -0.00435 | Publication rounded to one decimal; same linear band estimate |,11.9,measured quantity,VERIFIED,11.8956547031894,verification_official_comparison.csv 2026-04 median; live workbook cell DH38,,90dac13322fe31df5dd237207d3da539bedc943785492dee548bd2a0adcf3b57
F04-0045,REPORT.md,19,| 2026-04 | 11.9 | 11.89565 | -0.00435 | Publication rounded to one decimal; same linear band estimate |,11.89565,measured quantity,VERIFIED,11.895654703189418,verification_official_comparison.csv 2026-04 median; live workbook cell DH38,,90dac13322fe31df5dd237207d3da539bedc943785492dee548bd2a0adcf3b57
F04-0046,REPORT.md,19,| 2026-04 | 11.9 | 11.89565 | -0.00435 | Publication rounded to one decimal; same linear band estimate |,-0.00435,measured quantity,VERIFIED,-0.0043452968105821554,verification_official_comparison.csv 2026-04 median; live workbook cell DH38,,90dac13322fe31df5dd237207d3da539bedc943785492dee548bd2a0adcf3b57
F04-0047,REPORT.md,19,| 2026-04 | 11.9 | 11.89565 | -0.00435 | Publication rounded to one decimal; same linear band estimate |,one,written number/definition,VERIFIED,1,verification_official_comparison.csv 2026-04 median; live workbook cell DH38,,90dac13322fe31df5dd237207d3da539bedc943785492dee548bd2a0adcf3b57
F04-0048,REPORT.md,20,| 2026-05 | 12.4 | 12.42282 | +0.02282 | Publication rounded to one decimal; same linear band estimate |,2026-05,period or year metadata,VERIFIED,"""2026-05""",verification_official_comparison.csv 2026-05 median; live workbook cell DH38,,90dac13322fe31df5dd237207d3da539bedc943785492dee548bd2a0adcf3b57
F04-0049,REPORT.md,20,| 2026-05 | 12.4 | 12.42282 | +0.02282 | Publication rounded to one decimal; same linear band estimate |,12.4,measured quantity,VERIFIED,12.4228168013959,verification_official_comparison.csv 2026-05 median; live workbook cell DH38,,90dac13322fe31df5dd237207d3da539bedc943785492dee548bd2a0adcf3b57
F04-0050,REPORT.md,20,| 2026-05 | 12.4 | 12.42282 | +0.02282 | Publication rounded to one decimal; same linear band estimate |,12.42282,measured quantity,VERIFIED,12.42281680139593,verification_official_comparison.csv 2026-05 median; live workbook cell DH38,,90dac13322fe31df5dd237207d3da539bedc943785492dee548bd2a0adcf3b57
F04-0051,REPORT.md,20,| 2026-05 | 12.4 | 12.42282 | +0.02282 | Publication rounded to one decimal; same linear band estimate |,+0.02282,measured quantity,VERIFIED,0.022816801395929787,verification_official_comparison.csv 2026-05 median; live workbook cell DH38,,90dac13322fe31df5dd237207d3da539bedc943785492dee548bd2a0adcf3b57
F04-0052,REPORT.md,20,| 2026-05 | 12.4 | 12.42282 | +0.02282 | Publication rounded to one decimal; same linear band estimate |,one,written number/definition,VERIFIED,1,verification_official_comparison.csv 2026-05 median; live workbook cell DH38,,90dac13322fe31df5dd237207d3da539bedc943785492dee548bd2a0adcf3b57
F04-0053,REPORT.md,22,"The January statistical release supplies the initial comparison. Full-precision official values and cell references for every comparison are in official_comparison.csv. Across the four months' national median and p92 comparisons, the largest absolute difference from the official workbook is below 0.000000000001 weeks; pathway totals also match exactly. Differences from one-decimal values in the table are rounding, not a different method.",four,written number/definition,VERIFIED,4,"verification_official_comparison.csv (8 comparisons,4 months); actual maximum3.5527136788005016e-14",,90dac13322fe31df5dd237207d3da539bedc943785492dee548bd2a0adcf3b57
F04-0054,REPORT.md,22,"The January statistical release supplies the initial comparison. Full-precision official values and cell references for every comparison are in official_comparison.csv. Across the four months' national median and p92 comparisons, the largest absolute difference from the official workbook is below 0.000000000001 weeks; pathway totals also match exactly. Differences from one-decimal values in the table are rounding, not a different method.",p92,percentile/threshold definition,VERIFIED,92,"verification_official_comparison.csv (8 comparisons,4 months); actual maximum3.5527136788005016e-14",,90dac13322fe31df5dd237207d3da539bedc943785492dee548bd2a0adcf3b57
F04-0055,REPORT.md,22,"The January statistical release supplies the initial comparison. Full-precision official values and cell references for every comparison are in official_comparison.csv. Across the four months' national median and p92 comparisons, the largest absolute difference from the official workbook is below 0.000000000001 weeks; pathway totals also match exactly. Differences from one-decimal values in the table are rounding, not a different method.",0.000000000001,measured quantity,VERIFIED,1e-12,"verification_official_comparison.csv (8 comparisons,4 months); actual maximum3.5527136788005016e-14",,90dac13322fe31df5dd237207d3da539bedc943785492dee548bd2a0adcf3b57
F04-0056,REPORT.md,22,"The January statistical release supplies the initial comparison. Full-precision official values and cell references for every comparison are in official_comparison.csv. Across the four months' national median and p92 comparisons, the largest absolute difference from the official workbook is below 0.000000000001 weeks; pathway totals also match exactly. Differences from one-decimal values in the table are rounding, not a different method.",one,written number/definition,VERIFIED,1,"verification_official_comparison.csv (8 comparisons,4 months); actual maximum3.5527136788005016e-14",,90dac13322fe31df5dd237207d3da539bedc943785492dee548bd2a0adcf3b57
F04-0057,REPORT.md,24,The NHS statistical guidance describes the band definitions and says median and p92 are estimated from grouped data. It does not print the interpolation formula. We identified the current linear convention from the full-precision outputs in NHS commissioner workbooks and checked it against their underlying bands. The source-method note distinguishes this numerical identification from a formula explicitly published in prose.,p92,percentile/threshold definition,VERIFIED,92,NHS RTT guidance; brief definitions; raw file/header inventory,,90dac13322fe31df5dd237207d3da539bedc943785492dee548bd2a0adcf3b57
F04-0058,REPORT.md,28,| Measure | January 2024 | May 2026 |,2024,period or year metadata,VERIFIED,"""2024""",NHS RTT guidance; brief definitions; raw file/header inventory,,90dac13322fe31df5dd237207d3da539bedc943785492dee548bd2a0adcf3b57
F04-0059,REPORT.md,28,| Measure | January 2024 | May 2026 |,2026,period or year metadata,VERIFIED,"""2026""",NHS RTT guidance; brief definitions; raw file/header inventory,,90dac13322fe31df5dd237207d3da539bedc943785492dee548bd2a0adcf3b57
F04-0060,REPORT.md,30,"| Pathways still waiting | 7,575,914 | 7,153,655 |","7,575,914",measured quantity,VERIFIED,7575914.0,verification_independent_measures.csv 2024-01/2026-05 C_999 Part_2 total,,90dac13322fe31df5dd237207d3da539bedc943785492dee548bd2a0adcf3b57
F04-0061,REPORT.md,30,"| Pathways still waiting | 7,575,914 | 7,153,655 |","7,153,655",measured quantity,VERIFIED,7153655.0,verification_independent_measures.csv 2024-01/2026-05 C_999 Part_2 total,,90dac13322fe31df5dd237207d3da539bedc943785492dee548bd2a0adcf3b57
F04-0062,REPORT.md,31,| Median: half of pathways within this wait | 15.0 weeks | 12.4 weeks |,half,percentile/threshold definition,VERIFIED,0.5,verification_independent_measures.csv 2024-01/2026-05 C_999 Part_2 p50,,90dac13322fe31df5dd237207d3da539bedc943785492dee548bd2a0adcf3b57
F04-0063,REPORT.md,31,| Median: half of pathways within this wait | 15.0 weeks | 12.4 weeks |,15.0,measured quantity,VERIFIED,15.039572851097873,verification_independent_measures.csv 2024-01/2026-05 C_999 Part_2 p50,,90dac13322fe31df5dd237207d3da539bedc943785492dee548bd2a0adcf3b57
F04-0064,REPORT.md,31,| Median: half of pathways within this wait | 15.0 weeks | 12.4 weeks |,12.4,measured quantity,VERIFIED,12.42281680139593,verification_independent_measures.csv 2024-01/2026-05 C_999 Part_2 p50,,90dac13322fe31df5dd237207d3da539bedc943785492dee548bd2a0adcf3b57
F04-0065,REPORT.md,32,| p75: three quarters within this wait | 28.5 weeks | 23.9 weeks |,p75,percentile/threshold definition,VERIFIED,75,verification_independent_measures.csv 2024-01/2026-05 C_999 Part_2 p75,,90dac13322fe31df5dd237207d3da539bedc943785492dee548bd2a0adcf3b57
F04-0066,REPORT.md,32,| p75: three quarters within this wait | 28.5 weeks | 23.9 weeks |,three quarters,percentile/threshold definition,VERIFIED,0.75,verification_independent_measures.csv 2024-01/2026-05 C_999 Part_2 p75,,90dac13322fe31df5dd237207d3da539bedc943785492dee548bd2a0adcf3b57
F04-0067,REPORT.md,32,| p75: three quarters within this wait | 28.5 weeks | 23.9 weeks |,28.5,measured quantity,VERIFIED,28.50585185659294,verification_independent_measures.csv 2024-01/2026-05 C_999 Part_2 p75,,90dac13322fe31df5dd237207d3da539bedc943785492dee548bd2a0adcf3b57
F04-0068,REPORT.md,32,| p75: three quarters within this wait | 28.5 weeks | 23.9 weeks |,23.9,measured quantity,VERIFIED,23.901073421514933,verification_independent_measures.csv 2024-01/2026-05 C_999 Part_2 p75,,90dac13322fe31df5dd237207d3da539bedc943785492dee548bd2a0adcf3b57
F04-0069,REPORT.md,33,| p92: 92% within this wait | 45.3 weeks | 38.6 weeks |,p92,percentile/threshold definition,VERIFIED,92,verification_independent_measures.csv 2024-01/2026-05 C_999 Part_2 p92,,90dac13322fe31df5dd237207d3da539bedc943785492dee548bd2a0adcf3b57
F04-0070,REPORT.md,33,| p92: 92% within this wait | 45.3 weeks | 38.6 weeks |,92%,percentile/threshold definition,VERIFIED,92,verification_independent_measures.csv 2024-01/2026-05 C_999 Part_2 p92,,90dac13322fe31df5dd237207d3da539bedc943785492dee548bd2a0adcf3b57
F04-0071,REPORT.md,33,| p92: 92% within this wait | 45.3 weeks | 38.6 weeks |,45.3,measured quantity,VERIFIED,45.26838459148804,verification_independent_measures.csv 2024-01/2026-05 C_999 Part_2 p92,,90dac13322fe31df5dd237207d3da539bedc943785492dee548bd2a0adcf3b57
F04-0072,REPORT.md,33,| p92: 92% within this wait | 45.3 weeks | 38.6 weeks |,38.6,measured quantity,VERIFIED,38.56866552242009,verification_independent_measures.csv 2024-01/2026-05 C_999 Part_2 p92,,90dac13322fe31df5dd237207d3da539bedc943785492dee548bd2a0adcf3b57
F04-0073,REPORT.md,34,| p95: 95% within this wait | 50.4 weeks | 43.4 weeks |,p95,percentile/threshold definition,VERIFIED,95,verification_independent_measures.csv 2024-01/2026-05 C_999 Part_2 p95,,90dac13322fe31df5dd237207d3da539bedc943785492dee548bd2a0adcf3b57
F04-0074,REPORT.md,34,| p95: 95% within this wait | 50.4 weeks | 43.4 weeks |,95%,percentile/threshold definition,VERIFIED,95,verification_independent_measures.csv 2024-01/2026-05 C_999 Part_2 p95,,90dac13322fe31df5dd237207d3da539bedc943785492dee548bd2a0adcf3b57
F04-0075,REPORT.md,34,| p95: 95% within this wait | 50.4 weeks | 43.4 weeks |,50.4,measured quantity,VERIFIED,50.38077235332322,verification_independent_measures.csv 2024-01/2026-05 C_999 Part_2 p95,,90dac13322fe31df5dd237207d3da539bedc943785492dee548bd2a0adcf3b57
F04-0076,REPORT.md,34,| p95: 95% within this wait | 50.4 weeks | 43.4 weeks |,43.4,measured quantity,VERIFIED,43.42777304929031,verification_independent_measures.csv 2024-01/2026-05 C_999 Part_2 p95,,90dac13322fe31df5dd237207d3da539bedc943785492dee548bd2a0adcf3b57
F04-0077,REPORT.md,35,| p92 minus the 18-week threshold | 27.3 weeks | 20.6 weeks |,p92,percentile/threshold definition,VERIFIED,92,verification_independent_measures.csv 2024-01/2026-05 C_999 Part_2 gap_weeks,,90dac13322fe31df5dd237207d3da539bedc943785492dee548bd2a0adcf3b57
F04-0078,REPORT.md,35,| p92 minus the 18-week threshold | 27.3 weeks | 20.6 weeks |,18,percentile/threshold definition,VERIFIED,18,verification_independent_measures.csv 2024-01/2026-05 C_999 Part_2 gap_weeks,,90dac13322fe31df5dd237207d3da539bedc943785492dee548bd2a0adcf3b57
F04-0079,REPORT.md,35,| p92 minus the 18-week threshold | 27.3 weeks | 20.6 weeks |,27.3,measured quantity,VERIFIED,27.268384591488037,verification_independent_measures.csv 2024-01/2026-05 C_999 Part_2 gap_weeks,,90dac13322fe31df5dd237207d3da539bedc943785492dee548bd2a0adcf3b57
F04-0080,REPORT.md,35,| p92 minus the 18-week threshold | 27.3 weeks | 20.6 weeks |,20.6,measured quantity,VERIFIED,20.56866552242009,verification_independent_measures.csv 2024-01/2026-05 C_999 Part_2 gap_weeks,,90dac13322fe31df5dd237207d3da539bedc943785492dee548bd2a0adcf3b57
F04-0081,REPORT.md,36,| Share within 18 weeks | 57.0% | 65.6% |,18,percentile/threshold definition,VERIFIED,18,verification_independent_measures.csv 2024-01/2026-05 C_999 Part_2 within18_share,,90dac13322fe31df5dd237207d3da539bedc943785492dee548bd2a0adcf3b57
F04-0082,REPORT.md,36,| Share within 18 weeks | 57.0% | 65.6% |,57.0%,measured quantity,VERIFIED,57.03959944635063,verification_independent_measures.csv 2024-01/2026-05 C_999 Part_2 within18_share,,90dac13322fe31df5dd237207d3da539bedc943785492dee548bd2a0adcf3b57
F04-0083,REPORT.md,36,| Share within 18 weeks | 57.0% | 65.6% |,65.6%,measured quantity,VERIFIED,65.55531403177815,verification_independent_measures.csv 2024-01/2026-05 C_999 Part_2 within18_share,,90dac13322fe31df5dd237207d3da539bedc943785492dee548bd2a0adcf3b57
F04-0084,REPORT.md,38,"The national median remained below eighteen weeks throughout the series. The decline was not uninterrupted: it reached 11.3 weeks in March 2026, then rose to 11.9 in April and 12.4 in May. Month-end snapshots cannot establish what caused either the longer-term decline or these recent rises.",eighteen,percentile/threshold definition,VERIFIED,18,verification_independent_measures.csv national monthly medians,,90dac13322fe31df5dd237207d3da539bedc943785492dee548bd2a0adcf3b57
F04-0085,REPORT.md,38,"The national median remained below eighteen weeks throughout the series. The decline was not uninterrupted: it reached 11.3 weeks in March 2026, then rose to 11.9 in April and 12.4 in May. Month-end snapshots cannot establish what caused either the longer-term decline or these recent rises.",11.3,measured quantity,VERIFIED,11.32913722093741,verification_independent_measures.csv national monthly medians,,90dac13322fe31df5dd237207d3da539bedc943785492dee548bd2a0adcf3b57
F04-0086,REPORT.md,38,"The national median remained below eighteen weeks throughout the series. The decline was not uninterrupted: it reached 11.3 weeks in March 2026, then rose to 11.9 in April and 12.4 in May. Month-end snapshots cannot establish what caused either the longer-term decline or these recent rises.",2026,period or year metadata,VERIFIED,"""2026""",verification_independent_measures.csv national monthly medians,,90dac13322fe31df5dd237207d3da539bedc943785492dee548bd2a0adcf3b57
F04-0087,REPORT.md,38,"The national median remained below eighteen weeks throughout the series. The decline was not uninterrupted: it reached 11.3 weeks in March 2026, then rose to 11.9 in April and 12.4 in May. Month-end snapshots cannot establish what caused either the longer-term decline or these recent rises.",11.9,measured quantity,VERIFIED,11.895654703189418,verification_independent_measures.csv national monthly medians,,90dac13322fe31df5dd237207d3da539bedc943785492dee548bd2a0adcf3b57
F04-0088,REPORT.md,38,"The national median remained below eighteen weeks throughout the series. The decline was not uninterrupted: it reached 11.3 weeks in March 2026, then rose to 11.9 in April and 12.4 in May. Month-end snapshots cannot establish what caused either the longer-term decline or these recent rises.",12.4,measured quantity,VERIFIED,12.42281680139593,verification_independent_measures.csv national monthly medians,,90dac13322fe31df5dd237207d3da539bedc943785492dee548bd2a0adcf3b57
F04-0089,REPORT.md,42,The median and p92 compared with eighteen weeks,p92,percentile/threshold definition,VERIFIED,92,NHS RTT guidance; brief definitions; raw file/header inventory,,90dac13322fe31df5dd237207d3da539bedc943785492dee548bd2a0adcf3b57
F04-0090,REPORT.md,42,The median and p92 compared with eighteen weeks,eighteen,percentile/threshold definition,VERIFIED,18,NHS RTT guidance; brief definitions; raw file/header inventory,,90dac13322fe31df5dd237207d3da539bedc943785492dee548bd2a0adcf3b57
F04-0091,REPORT.md,46,"The middle means pathways open for more than eighteen and no more than fifty-two weeks. At the end of May 2026 it contained 2,361,713 pathways, 33.0% of the list. The extracts cannot tell us how many unique people those pathways represent.",eighteen,percentile/threshold definition,VERIFIED,18,verification_independent_measures.csv 2026-05 C_999 middle counts/shares; bands18:52,,90dac13322fe31df5dd237207d3da539bedc943785492dee548bd2a0adcf3b57
F04-0092,REPORT.md,46,"The middle means pathways open for more than eighteen and no more than fifty-two weeks. At the end of May 2026 it contained 2,361,713 pathways, 33.0% of the list. The extracts cannot tell us how many unique people those pathways represent.",fifty-two,written number/definition,VERIFIED,52,verification_independent_measures.csv 2026-05 C_999 middle counts/shares; bands18:52,,90dac13322fe31df5dd237207d3da539bedc943785492dee548bd2a0adcf3b57
F04-0093,REPORT.md,46,"The middle means pathways open for more than eighteen and no more than fifty-two weeks. At the end of May 2026 it contained 2,361,713 pathways, 33.0% of the list. The extracts cannot tell us how many unique people those pathways represent.",2026,period or year metadata,VERIFIED,"""2026""",verification_independent_measures.csv 2026-05 C_999 middle counts/shares; bands18:52,,90dac13322fe31df5dd237207d3da539bedc943785492dee548bd2a0adcf3b57
F04-0094,REPORT.md,46,"The middle means pathways open for more than eighteen and no more than fifty-two weeks. At the end of May 2026 it contained 2,361,713 pathways, 33.0% of the list. The extracts cannot tell us how many unique people those pathways represent.","2,361,713",measured quantity,VERIFIED,2361713.0,verification_independent_measures.csv 2026-05 C_999 middle counts/shares; bands18:52,,90dac13322fe31df5dd237207d3da539bedc943785492dee548bd2a0adcf3b57
F04-0095,REPORT.md,46,"The middle means pathways open for more than eighteen and no more than fifty-two weeks. At the end of May 2026 it contained 2,361,713 pathways, 33.0% of the list. The extracts cannot tell us how many unique people those pathways represent.",33.0%,measured quantity,VERIFIED,33.01407462339182,verification_independent_measures.csv 2026-05 C_999 middle counts/shares; bands18:52,,90dac13322fe31df5dd237207d3da539bedc943785492dee548bd2a0adcf3b57
F04-0096,REPORT.md,48,| Waiting so far | January 2024: pathways / share | May 2026: pathways / share | Change in count |,2024,period or year metadata,VERIFIED,"""2024""",NHS RTT guidance; brief definitions; raw file/header inventory,,90dac13322fe31df5dd237207d3da539bedc943785492dee548bd2a0adcf3b57
F04-0097,REPORT.md,48,| Waiting so far | January 2024: pathways / share | May 2026: pathways / share | Change in count |,2026,period or year metadata,VERIFIED,"""2026""",NHS RTT guidance; brief definitions; raw file/header inventory,,90dac13322fe31df5dd237207d3da539bedc943785492dee548bd2a0adcf3b57
F04-0098,REPORT.md,50,"| Within 18 weeks | 4,321,271 / 57.0% | 4,689,601 / 65.6% | +368,330 |",18,percentile/threshold definition,VERIFIED,18,verification_independent_measures.csv endpoint within18 counts/shares,,90dac13322fe31df5dd237207d3da539bedc943785492dee548bd2a0adcf3b57
F04-0099,REPORT.md,50,"| Within 18 weeks | 4,321,271 / 57.0% | 4,689,601 / 65.6% | +368,330 |","4,321,271",measured quantity,VERIFIED,4321271.0,verification_independent_measures.csv endpoint within18 counts/shares,,90dac13322fe31df5dd237207d3da539bedc943785492dee548bd2a0adcf3b57
F04-0100,REPORT.md,50,"| Within 18 weeks | 4,321,271 / 57.0% | 4,689,601 / 65.6% | +368,330 |",57.0%,measured quantity,VERIFIED,57.03959944635063,verification_independent_measures.csv endpoint within18 counts/shares,,90dac13322fe31df5dd237207d3da539bedc943785492dee548bd2a0adcf3b57
F04-0101,REPORT.md,50,"| Within 18 weeks | 4,321,271 / 57.0% | 4,689,601 / 65.6% | +368,330 |","4,689,601",measured quantity,VERIFIED,4689601.0,verification_independent_measures.csv endpoint within18 counts/shares,,90dac13322fe31df5dd237207d3da539bedc943785492dee548bd2a0adcf3b57
F04-0102,REPORT.md,50,"| Within 18 weeks | 4,321,271 / 57.0% | 4,689,601 / 65.6% | +368,330 |",65.6%,measured quantity,VERIFIED,65.55531403177815,verification_independent_measures.csv endpoint within18 counts/shares,,90dac13322fe31df5dd237207d3da539bedc943785492dee548bd2a0adcf3b57
F04-0103,REPORT.md,50,"| Within 18 weeks | 4,321,271 / 57.0% | 4,689,601 / 65.6% | +368,330 |","+368,330",measured quantity,VERIFIED,368330.0,verification_independent_measures.csv endpoint within18 counts/shares,,90dac13322fe31df5dd237207d3da539bedc943785492dee548bd2a0adcf3b57
F04-0104,REPORT.md,51,"| Over 18, up to 52 weeks | 2,933,249 / 38.7% | 2,361,713 / 33.0% | -571,536 |",18,percentile/threshold definition,VERIFIED,18,verification_independent_measures.csv endpoint middle counts/shares,,90dac13322fe31df5dd237207d3da539bedc943785492dee548bd2a0adcf3b57
F04-0105,REPORT.md,51,"| Over 18, up to 52 weeks | 2,933,249 / 38.7% | 2,361,713 / 33.0% | -571,536 |",52,definition or finding identifier,VERIFIED,52,verification_independent_measures.csv endpoint middle counts/shares,,90dac13322fe31df5dd237207d3da539bedc943785492dee548bd2a0adcf3b57
F04-0106,REPORT.md,51,"| Over 18, up to 52 weeks | 2,933,249 / 38.7% | 2,361,713 / 33.0% | -571,536 |","2,933,249",measured quantity,VERIFIED,2933249.0,verification_independent_measures.csv endpoint middle counts/shares,,90dac13322fe31df5dd237207d3da539bedc943785492dee548bd2a0adcf3b57
F04-0107,REPORT.md,51,"| Over 18, up to 52 weeks | 2,933,249 / 38.7% | 2,361,713 / 33.0% | -571,536 |",38.7%,measured quantity,VERIFIED,38.718087348932414,verification_independent_measures.csv endpoint middle counts/shares,,90dac13322fe31df5dd237207d3da539bedc943785492dee548bd2a0adcf3b57
F04-0108,REPORT.md,51,"| Over 18, up to 52 weeks | 2,933,249 / 38.7% | 2,361,713 / 33.0% | -571,536 |","2,361,713",measured quantity,VERIFIED,2361713.0,verification_independent_measures.csv endpoint middle counts/shares,,90dac13322fe31df5dd237207d3da539bedc943785492dee548bd2a0adcf3b57
F04-0109,REPORT.md,51,"| Over 18, up to 52 weeks | 2,933,249 / 38.7% | 2,361,713 / 33.0% | -571,536 |",33.0%,measured quantity,VERIFIED,33.01407462339182,verification_independent_measures.csv endpoint middle counts/shares,,90dac13322fe31df5dd237207d3da539bedc943785492dee548bd2a0adcf3b57
F04-0110,REPORT.md,51,"| Over 18, up to 52 weeks | 2,933,249 / 38.7% | 2,361,713 / 33.0% | -571,536 |","-571,536",measured quantity,VERIFIED,-571536.0,verification_independent_measures.csv endpoint middle counts/shares,,90dac13322fe31df5dd237207d3da539bedc943785492dee548bd2a0adcf3b57
F04-0111,REPORT.md,52,"| Over 52 weeks | 321,394 / 4.2% | 102,341 / 1.4% | -219,053 |",52,definition or finding identifier,VERIFIED,52,verification_independent_measures.csv endpoint over52 counts/shares,,90dac13322fe31df5dd237207d3da539bedc943785492dee548bd2a0adcf3b57
F04-0112,REPORT.md,52,"| Over 52 weeks | 321,394 / 4.2% | 102,341 / 1.4% | -219,053 |","321,394",measured quantity,VERIFIED,321394.0,verification_independent_measures.csv endpoint over52 counts/shares,,90dac13322fe31df5dd237207d3da539bedc943785492dee548bd2a0adcf3b57
F04-0113,REPORT.md,52,"| Over 52 weeks | 321,394 / 4.2% | 102,341 / 1.4% | -219,053 |",4.2%,measured quantity,VERIFIED,4.2423132047169405,verification_independent_measures.csv endpoint over52 counts/shares,,90dac13322fe31df5dd237207d3da539bedc943785492dee548bd2a0adcf3b57
F04-0114,REPORT.md,52,"| Over 52 weeks | 321,394 / 4.2% | 102,341 / 1.4% | -219,053 |","102,341",measured quantity,VERIFIED,102341.0,verification_independent_measures.csv endpoint over52 counts/shares,,90dac13322fe31df5dd237207d3da539bedc943785492dee548bd2a0adcf3b57
F04-0115,REPORT.md,52,"| Over 52 weeks | 321,394 / 4.2% | 102,341 / 1.4% | -219,053 |",1.4%,measured quantity,VERIFIED,1.43061134483002,verification_independent_measures.csv endpoint over52 counts/shares,,90dac13322fe31df5dd237207d3da539bedc943785492dee548bd2a0adcf3b57
F04-0116,REPORT.md,52,"| Over 52 weeks | 321,394 / 4.2% | 102,341 / 1.4% | -219,053 |","-219,053",measured quantity,VERIFIED,-219053.0,verification_independent_measures.csv endpoint over52 counts/shares,,90dac13322fe31df5dd237207d3da539bedc943785492dee548bd2a0adcf3b57
F04-0117,REPORT.md,54,"The middle fell by 571,536 pathways across all specialties, and its share fell by 5.7 percentage points. Across the seven named specialties alone, it fell by 246,987, reproducing Finding 02. The all-specialty reduction therefore extends that finding; it is not the same cohort total.","571,536",measured quantity,VERIFIED,571536.0,verification_independent_measures.csv endpoint all-specialty/seven-specialty middle changes,,90dac13322fe31df5dd237207d3da539bedc943785492dee548bd2a0adcf3b57
F04-0118,REPORT.md,54,"The middle fell by 571,536 pathways across all specialties, and its share fell by 5.7 percentage points. Across the seven named specialties alone, it fell by 246,987, reproducing Finding 02. The all-specialty reduction therefore extends that finding; it is not the same cohort total.",5.7,measured quantity,VERIFIED,5.704012725540597,verification_independent_measures.csv endpoint all-specialty/seven-specialty middle changes,,90dac13322fe31df5dd237207d3da539bedc943785492dee548bd2a0adcf3b57
F04-0119,REPORT.md,54,"The middle fell by 571,536 pathways across all specialties, and its share fell by 5.7 percentage points. Across the seven named specialties alone, it fell by 246,987, reproducing Finding 02. The all-specialty reduction therefore extends that finding; it is not the same cohort total.",seven,written number/definition,VERIFIED,7,verification_independent_measures.csv endpoint all-specialty/seven-specialty middle changes,,90dac13322fe31df5dd237207d3da539bedc943785492dee548bd2a0adcf3b57
F04-0120,REPORT.md,54,"The middle fell by 571,536 pathways across all specialties, and its share fell by 5.7 percentage points. Across the seven named specialties alone, it fell by 246,987, reproducing Finding 02. The all-specialty reduction therefore extends that finding; it is not the same cohort total.","246,987",measured quantity,VERIFIED,246987,verification_independent_measures.csv endpoint all-specialty/seven-specialty middle changes,,90dac13322fe31df5dd237207d3da539bedc943785492dee548bd2a0adcf3b57
F04-0121,REPORT.md,54,"The middle fell by 571,536 pathways across all specialties, and its share fell by 5.7 percentage points. Across the seven named specialties alone, it fell by 246,987, reproducing Finding 02. The all-specialty reduction therefore extends that finding; it is not the same cohort total.",02,definition or finding identifier,VERIFIED,2,verification_independent_measures.csv endpoint all-specialty/seven-specialty middle changes,,90dac13322fe31df5dd237207d3da539bedc943785492dee548bd2a0adcf3b57
F04-0122,REPORT.md,56,"Within eighteen weeks is the largest group in every national month and in every month of each named specialty. The opposite claim in the brief fails the data check. The middle is, however, the largest group among pathways already beyond eighteen weeks. That conditional denominator is different from the whole waiting list.",eighteen,percentile/threshold definition,VERIFIED,18,NHS RTT guidance; brief definitions; raw file/header inventory,,90dac13322fe31df5dd237207d3da539bedc943785492dee548bd2a0adcf3b57
F04-0123,REPORT.md,56,"Within eighteen weeks is the largest group in every national month and in every month of each named specialty. The opposite claim in the brief fails the data check. The middle is, however, the largest group among pathways already beyond eighteen weeks. That conditional denominator is different from the whole waiting list.",eighteen,percentile/threshold definition,VERIFIED,18,NHS RTT guidance; brief definitions; raw file/header inventory,,90dac13322fe31df5dd237207d3da539bedc943785492dee548bd2a0adcf3b57
F04-0124,REPORT.md,58,The three waiting groups as pathway counts,three,written number/definition,VERIFIED,3,NHS RTT guidance; brief definitions; raw file/header inventory,,90dac13322fe31df5dd237207d3da539bedc943785492dee548bd2a0adcf3b57
F04-0125,REPORT.md,62,"These figures are for pathways still waiting in May 2026, in the same England scope:",2026,period or year metadata,VERIFIED,"""2026""",NHS RTT guidance; brief definitions; raw file/header inventory,,90dac13322fe31df5dd237207d3da539bedc943785492dee548bd2a0adcf3b57
F04-0126,REPORT.md,64,| Specialty (code) | Median (weeks) | p92 (weeks) | Gap from 18 (weeks) | Middle: pathways / share |,p92,percentile/threshold definition,VERIFIED,92,NHS RTT guidance; brief definitions; raw file/header inventory,,90dac13322fe31df5dd237207d3da539bedc943785492dee548bd2a0adcf3b57
F04-0127,REPORT.md,64,| Specialty (code) | Median (weeks) | p92 (weeks) | Gap from 18 (weeks) | Middle: pathways / share |,18,percentile/threshold definition,VERIFIED,18,NHS RTT guidance; brief definitions; raw file/header inventory,,90dac13322fe31df5dd237207d3da539bedc943785492dee548bd2a0adcf3b57
F04-0128,REPORT.md,66,"| General surgery (C_100) | 13.3 | 40.9 | 22.9 | 135,174 / 35.4% |",C_100,raw schema/scope identifier,VERIFIED,"""C_100""",verification_independent_measures.csv 2026-05 C_100 Part_2,,90dac13322fe31df5dd237207d3da539bedc943785492dee548bd2a0adcf3b57
F04-0129,REPORT.md,66,"| General surgery (C_100) | 13.3 | 40.9 | 22.9 | 135,174 / 35.4% |",13.3,measured quantity,VERIFIED,13.26061604201905,verification_independent_measures.csv 2026-05 C_100 Part_2,,90dac13322fe31df5dd237207d3da539bedc943785492dee548bd2a0adcf3b57
F04-0130,REPORT.md,66,"| General surgery (C_100) | 13.3 | 40.9 | 22.9 | 135,174 / 35.4% |",40.9,measured quantity,VERIFIED,40.87376570458404,verification_independent_measures.csv 2026-05 C_100 Part_2,,90dac13322fe31df5dd237207d3da539bedc943785492dee548bd2a0adcf3b57
F04-0131,REPORT.md,66,"| General surgery (C_100) | 13.3 | 40.9 | 22.9 | 135,174 / 35.4% |",22.9,measured quantity,VERIFIED,22.87376570458404,verification_independent_measures.csv 2026-05 C_100 Part_2,,90dac13322fe31df5dd237207d3da539bedc943785492dee548bd2a0adcf3b57
F04-0132,REPORT.md,66,"| General surgery (C_100) | 13.3 | 40.9 | 22.9 | 135,174 / 35.4% |","135,174",measured quantity,VERIFIED,135174.0,verification_independent_measures.csv 2026-05 C_100 Part_2,,90dac13322fe31df5dd237207d3da539bedc943785492dee548bd2a0adcf3b57
F04-0133,REPORT.md,66,"| General surgery (C_100) | 13.3 | 40.9 | 22.9 | 135,174 / 35.4% |",35.4%,measured quantity,VERIFIED,35.432519783903935,verification_independent_measures.csv 2026-05 C_100 Part_2,,90dac13322fe31df5dd237207d3da539bedc943785492dee548bd2a0adcf3b57
F04-0134,REPORT.md,67,"| Trauma and orthopaedics (C_110) | 14.1 | 41.8 | 23.8 | 312,261 / 37.7% |",C_110,raw schema/scope identifier,VERIFIED,"""C_110""",verification_independent_measures.csv 2026-05 C_110 Part_2,,90dac13322fe31df5dd237207d3da539bedc943785492dee548bd2a0adcf3b57
F04-0135,REPORT.md,67,"| Trauma and orthopaedics (C_110) | 14.1 | 41.8 | 23.8 | 312,261 / 37.7% |",14.1,measured quantity,VERIFIED,14.110845070422537,verification_independent_measures.csv 2026-05 C_110 Part_2,,90dac13322fe31df5dd237207d3da539bedc943785492dee548bd2a0adcf3b57
F04-0136,REPORT.md,67,"| Trauma and orthopaedics (C_110) | 14.1 | 41.8 | 23.8 | 312,261 / 37.7% |",41.8,measured quantity,VERIFIED,41.835237203495645,verification_independent_measures.csv 2026-05 C_110 Part_2,,90dac13322fe31df5dd237207d3da539bedc943785492dee548bd2a0adcf3b57
F04-0137,REPORT.md,67,"| Trauma and orthopaedics (C_110) | 14.1 | 41.8 | 23.8 | 312,261 / 37.7% |",23.8,measured quantity,VERIFIED,23.835237203495645,verification_independent_measures.csv 2026-05 C_110 Part_2,,90dac13322fe31df5dd237207d3da539bedc943785492dee548bd2a0adcf3b57
F04-0138,REPORT.md,67,"| Trauma and orthopaedics (C_110) | 14.1 | 41.8 | 23.8 | 312,261 / 37.7% |","312,261",measured quantity,VERIFIED,312261.0,verification_independent_measures.csv 2026-05 C_110 Part_2,,90dac13322fe31df5dd237207d3da539bedc943785492dee548bd2a0adcf3b57
F04-0139,REPORT.md,67,"| Trauma and orthopaedics (C_110) | 14.1 | 41.8 | 23.8 | 312,261 / 37.7% |",37.7%,measured quantity,VERIFIED,37.714503116092565,verification_independent_measures.csv 2026-05 C_110 Part_2,,90dac13322fe31df5dd237207d3da539bedc943785492dee548bd2a0adcf3b57
F04-0140,REPORT.md,68,"| ENT (C_120) | 14.8 | 41.6 | 23.6 | 231,502 / 39.0% |",C_120,raw schema/scope identifier,VERIFIED,"""C_120""",verification_independent_measures.csv 2026-05 C_120 Part_2,,90dac13322fe31df5dd237207d3da539bedc943785492dee548bd2a0adcf3b57
F04-0141,REPORT.md,68,"| ENT (C_120) | 14.8 | 41.6 | 23.6 | 231,502 / 39.0% |",14.8,measured quantity,VERIFIED,14.7580394035571,verification_independent_measures.csv 2026-05 C_120 Part_2,,90dac13322fe31df5dd237207d3da539bedc943785492dee548bd2a0adcf3b57
F04-0142,REPORT.md,68,"| ENT (C_120) | 14.8 | 41.6 | 23.6 | 231,502 / 39.0% |",41.6,measured quantity,VERIFIED,41.626389011962786,verification_independent_measures.csv 2026-05 C_120 Part_2,,90dac13322fe31df5dd237207d3da539bedc943785492dee548bd2a0adcf3b57
F04-0143,REPORT.md,68,"| ENT (C_120) | 14.8 | 41.6 | 23.6 | 231,502 / 39.0% |",23.6,measured quantity,VERIFIED,23.626389011962782,verification_independent_measures.csv 2026-05 C_120 Part_2,,90dac13322fe31df5dd237207d3da539bedc943785492dee548bd2a0adcf3b57
F04-0144,REPORT.md,68,"| ENT (C_120) | 14.8 | 41.6 | 23.6 | 231,502 / 39.0% |","231,502",measured quantity,VERIFIED,231502.0,verification_independent_measures.csv 2026-05 C_120 Part_2,,90dac13322fe31df5dd237207d3da539bedc943785492dee548bd2a0adcf3b57
F04-0145,REPORT.md,68,"| ENT (C_120) | 14.8 | 41.6 | 23.6 | 231,502 / 39.0% |",39.0%,measured quantity,VERIFIED,38.95169526745197,verification_independent_measures.csv 2026-05 C_120 Part_2,,90dac13322fe31df5dd237207d3da539bedc943785492dee548bd2a0adcf3b57
F04-0146,REPORT.md,69,"| Ophthalmology (C_130) | 10.2 | 33.4 | 15.4 | 157,081 / 25.2% |",C_130,raw schema/scope identifier,VERIFIED,"""C_130""",verification_independent_measures.csv 2026-05 C_130 Part_2,,90dac13322fe31df5dd237207d3da539bedc943785492dee548bd2a0adcf3b57
F04-0147,REPORT.md,69,"| Ophthalmology (C_130) | 10.2 | 33.4 | 15.4 | 157,081 / 25.2% |",10.2,measured quantity,VERIFIED,10.206322476125512,verification_independent_measures.csv 2026-05 C_130 Part_2,,90dac13322fe31df5dd237207d3da539bedc943785492dee548bd2a0adcf3b57
F04-0148,REPORT.md,69,"| Ophthalmology (C_130) | 10.2 | 33.4 | 15.4 | 157,081 / 25.2% |",33.4,measured quantity,VERIFIED,33.41153698571733,verification_independent_measures.csv 2026-05 C_130 Part_2,,90dac13322fe31df5dd237207d3da539bedc943785492dee548bd2a0adcf3b57
F04-0149,REPORT.md,69,"| Ophthalmology (C_130) | 10.2 | 33.4 | 15.4 | 157,081 / 25.2% |",15.4,measured quantity,VERIFIED,15.411536985717332,verification_independent_measures.csv 2026-05 C_130 Part_2,,90dac13322fe31df5dd237207d3da539bedc943785492dee548bd2a0adcf3b57
F04-0150,REPORT.md,69,"| Ophthalmology (C_130) | 10.2 | 33.4 | 15.4 | 157,081 / 25.2% |","157,081",measured quantity,VERIFIED,157081.0,verification_independent_measures.csv 2026-05 C_130 Part_2,,90dac13322fe31df5dd237207d3da539bedc943785492dee548bd2a0adcf3b57
F04-0151,REPORT.md,69,"| Ophthalmology (C_130) | 10.2 | 33.4 | 15.4 | 157,081 / 25.2% |",25.2%,measured quantity,VERIFIED,25.151833936185707,verification_independent_measures.csv 2026-05 C_130 Part_2,,90dac13322fe31df5dd237207d3da539bedc943785492dee548bd2a0adcf3b57
F04-0152,REPORT.md,70,"| Gastroenterology (C_301) | 11.8 | 36.1 | 18.1 | 111,247 / 30.1% |",C_301,raw schema/scope identifier,VERIFIED,"""C_301""",verification_independent_measures.csv 2026-05 C_301 Part_2,,90dac13322fe31df5dd237207d3da539bedc943785492dee548bd2a0adcf3b57
F04-0153,REPORT.md,70,"| Gastroenterology (C_301) | 11.8 | 36.1 | 18.1 | 111,247 / 30.1% |",11.8,measured quantity,VERIFIED,11.771811329203672,verification_independent_measures.csv 2026-05 C_301 Part_2,,90dac13322fe31df5dd237207d3da539bedc943785492dee548bd2a0adcf3b57
F04-0154,REPORT.md,70,"| Gastroenterology (C_301) | 11.8 | 36.1 | 18.1 | 111,247 / 30.1% |",36.1,measured quantity,VERIFIED,36.11276273022752,verification_independent_measures.csv 2026-05 C_301 Part_2,,90dac13322fe31df5dd237207d3da539bedc943785492dee548bd2a0adcf3b57
F04-0155,REPORT.md,70,"| Gastroenterology (C_301) | 11.8 | 36.1 | 18.1 | 111,247 / 30.1% |",18.1,measured quantity,VERIFIED,18.112762730227516,verification_independent_measures.csv 2026-05 C_301 Part_2,,90dac13322fe31df5dd237207d3da539bedc943785492dee548bd2a0adcf3b57
F04-0156,REPORT.md,70,"| Gastroenterology (C_301) | 11.8 | 36.1 | 18.1 | 111,247 / 30.1% |","111,247",measured quantity,VERIFIED,111247.0,verification_independent_measures.csv 2026-05 C_301 Part_2,,90dac13322fe31df5dd237207d3da539bedc943785492dee548bd2a0adcf3b57
F04-0157,REPORT.md,70,"| Gastroenterology (C_301) | 11.8 | 36.1 | 18.1 | 111,247 / 30.1% |",30.1%,measured quantity,VERIFIED,30.06293795112513,verification_independent_measures.csv 2026-05 C_301 Part_2,,90dac13322fe31df5dd237207d3da539bedc943785492dee548bd2a0adcf3b57
F04-0158,REPORT.md,71,"| Cardiology (C_320) | 12.1 | 35.5 | 17.5 | 117,103 / 30.9% |",C_320,raw schema/scope identifier,VERIFIED,"""C_320""",verification_independent_measures.csv 2026-05 C_320 Part_2,,90dac13322fe31df5dd237207d3da539bedc943785492dee548bd2a0adcf3b57
F04-0159,REPORT.md,71,"| Cardiology (C_320) | 12.1 | 35.5 | 17.5 | 117,103 / 30.9% |",12.1,measured quantity,VERIFIED,12.129889595671566,verification_independent_measures.csv 2026-05 C_320 Part_2,,90dac13322fe31df5dd237207d3da539bedc943785492dee548bd2a0adcf3b57
F04-0160,REPORT.md,71,"| Cardiology (C_320) | 12.1 | 35.5 | 17.5 | 117,103 / 30.9% |",35.5,measured quantity,VERIFIED,35.51788580750408,verification_independent_measures.csv 2026-05 C_320 Part_2,,90dac13322fe31df5dd237207d3da539bedc943785492dee548bd2a0adcf3b57
F04-0161,REPORT.md,71,"| Cardiology (C_320) | 12.1 | 35.5 | 17.5 | 117,103 / 30.9% |",17.5,measured quantity,VERIFIED,17.51788580750408,verification_independent_measures.csv 2026-05 C_320 Part_2,,90dac13322fe31df5dd237207d3da539bedc943785492dee548bd2a0adcf3b57
F04-0162,REPORT.md,71,"| Cardiology (C_320) | 12.1 | 35.5 | 17.5 | 117,103 / 30.9% |","117,103",measured quantity,VERIFIED,117103.0,verification_independent_measures.csv 2026-05 C_320 Part_2,,90dac13322fe31df5dd237207d3da539bedc943785492dee548bd2a0adcf3b57
F04-0163,REPORT.md,71,"| Cardiology (C_320) | 12.1 | 35.5 | 17.5 | 117,103 / 30.9% |",30.9%,measured quantity,VERIFIED,30.945164248284318,verification_independent_measures.csv 2026-05 C_320 Part_2,,90dac13322fe31df5dd237207d3da539bedc943785492dee548bd2a0adcf3b57
F04-0164,REPORT.md,72,"| Neurology (C_400) | 14.0 | 38.9 | 20.9 | 78,654 / 37.9% |",C_400,raw schema/scope identifier,VERIFIED,"""C_400""",verification_independent_measures.csv 2026-05 C_400 Part_2,,90dac13322fe31df5dd237207d3da539bedc943785492dee548bd2a0adcf3b57
F04-0165,REPORT.md,72,"| Neurology (C_400) | 14.0 | 38.9 | 20.9 | 78,654 / 37.9% |",14.0,measured quantity,VERIFIED,14.004236555421064,verification_independent_measures.csv 2026-05 C_400 Part_2,,90dac13322fe31df5dd237207d3da539bedc943785492dee548bd2a0adcf3b57
F04-0166,REPORT.md,72,"| Neurology (C_400) | 14.0 | 38.9 | 20.9 | 78,654 / 37.9% |",38.9,measured quantity,VERIFIED,38.94545047565754,verification_independent_measures.csv 2026-05 C_400 Part_2,,90dac13322fe31df5dd237207d3da539bedc943785492dee548bd2a0adcf3b57
F04-0167,REPORT.md,72,"| Neurology (C_400) | 14.0 | 38.9 | 20.9 | 78,654 / 37.9% |",20.9,measured quantity,VERIFIED,20.945450475657537,verification_independent_measures.csv 2026-05 C_400 Part_2,,90dac13322fe31df5dd237207d3da539bedc943785492dee548bd2a0adcf3b57
F04-0168,REPORT.md,72,"| Neurology (C_400) | 14.0 | 38.9 | 20.9 | 78,654 / 37.9% |","78,654",measured quantity,VERIFIED,78654.0,verification_independent_measures.csv 2026-05 C_400 Part_2,,90dac13322fe31df5dd237207d3da539bedc943785492dee548bd2a0adcf3b57
F04-0169,REPORT.md,72,"| Neurology (C_400) | 14.0 | 38.9 | 20.9 | 78,654 / 37.9% |",37.9%,measured quantity,VERIFIED,37.890751080301186,verification_independent_measures.csv 2026-05 C_400 Part_2,,90dac13322fe31df5dd237207d3da539bedc943785492dee548bd2a0adcf3b57
F04-0170,REPORT.md,74,"Among the seven named specialties, trauma and orthopaedics has the largest middle count. ENT has the highest middle share. Each specialty has a median below eighteen weeks in the latest month, while each has a p92 above it. No single specialty is needed to produce the central contrast.",seven,written number/definition,VERIFIED,7,NHS RTT guidance; brief definitions; raw file/header inventory,,90dac13322fe31df5dd237207d3da539bedc943785492dee548bd2a0adcf3b57
F04-0171,REPORT.md,74,"Among the seven named specialties, trauma and orthopaedics has the largest middle count. ENT has the highest middle share. Each specialty has a median below eighteen weeks in the latest month, while each has a p92 above it. No single specialty is needed to produce the central contrast.",eighteen,percentile/threshold definition,VERIFIED,18,NHS RTT guidance; brief definitions; raw file/header inventory,,90dac13322fe31df5dd237207d3da539bedc943785492dee548bd2a0adcf3b57
F04-0172,REPORT.md,74,"Among the seven named specialties, trauma and orthopaedics has the largest middle count. ENT has the highest middle share. Each specialty has a median below eighteen weeks in the latest month, while each has a p92 above it. No single specialty is needed to produce the central contrast.",p92,percentile/threshold definition,VERIFIED,92,NHS RTT guidance; brief definitions; raw file/header inventory,,90dac13322fe31df5dd237207d3da539bedc943785492dee548bd2a0adcf3b57
F04-0173,REPORT.md,76,The gastroenterology comparison retains a known early coding break at Northern Lincolnshire and Goole: activity was reported under general medicine before appearing under gastroenterology. The counts do not identify a one-for-one transfer of pathways. Possible coding changes elsewhere are recorded in the anomaly audit; this analysis has not reassigned them.,one,written number/definition,VERIFIED,1,NHS RTT guidance; brief definitions; raw file/header inventory,,90dac13322fe31df5dd237207d3da539bedc943785492dee548bd2a0adcf3b57
F04-0174,REPORT.md,76,The gastroenterology comparison retains a known early coding break at Northern Lincolnshire and Goole: activity was reported under general medicine before appearing under gastroenterology. The counts do not identify a one-for-one transfer of pathways. Possible coding changes elsewhere are recorded in the anomaly audit; this analysis has not reassigned them.,one,written number/definition,VERIFIED,1,NHS RTT guidance; brief definitions; raw file/header inventory,,90dac13322fe31df5dd237207d3da539bedc943785492dee548bd2a0adcf3b57
F04-0175,REPORT.md,80,"Completed-pathway scope: the next table describes pathways that closed during the named month, using Part_1A for admitted and Part_1B for non-admitted pathways, reported England, all specialties once, NONC excluded, with no estimates for missing providers. Only pathways with a known wait enter the band totals and percentiles; unknown clock starts are reported separately in the source audits.",Part_1A,raw schema/scope identifier,VERIFIED,"""Part_1A""",NHS RTT guidance; brief definitions; raw file/header inventory,,90dac13322fe31df5dd237207d3da539bedc943785492dee548bd2a0adcf3b57
F04-0176,REPORT.md,80,"Completed-pathway scope: the next table describes pathways that closed during the named month, using Part_1A for admitted and Part_1B for non-admitted pathways, reported England, all specialties once, NONC excluded, with no estimates for missing providers. Only pathways with a known wait enter the band totals and percentiles; unknown clock starts are reported separately in the source audits.",Part_1B,raw schema/scope identifier,VERIFIED,"""Part_1B""",NHS RTT guidance; brief definitions; raw file/header inventory,,90dac13322fe31df5dd237207d3da539bedc943785492dee548bd2a0adcf3b57
F04-0177,REPORT.md,82,"| Month | Completed pathways, England all specialties | Known-wait pathways | Median (weeks) | p92 (weeks) |",p92,percentile/threshold definition,VERIFIED,92,NHS RTT guidance; brief definitions; raw file/header inventory,,90dac13322fe31df5dd237207d3da539bedc943785492dee548bd2a0adcf3b57
F04-0178,REPORT.md,84,"| 2025-02 | Admitted | 310,349 | 12.2 | 55.9 |",2025-02,period or year metadata,VERIFIED,"""2025-02""",verification_independent_measures.csv 2025-02 C_999 Part_1A known waits,,90dac13322fe31df5dd237207d3da539bedc943785492dee548bd2a0adcf3b57
F04-0179,REPORT.md,84,"| 2025-02 | Admitted | 310,349 | 12.2 | 55.9 |","310,349",measured quantity,VERIFIED,310349.0,verification_independent_measures.csv 2025-02 C_999 Part_1A known waits,,90dac13322fe31df5dd237207d3da539bedc943785492dee548bd2a0adcf3b57
F04-0180,REPORT.md,84,"| 2025-02 | Admitted | 310,349 | 12.2 | 55.9 |",12.2,measured quantity,VERIFIED,12.244081942336877,verification_independent_measures.csv 2025-02 C_999 Part_1A known waits,,90dac13322fe31df5dd237207d3da539bedc943785492dee548bd2a0adcf3b57
F04-0181,REPORT.md,84,"| 2025-02 | Admitted | 310,349 | 12.2 | 55.9 |",55.9,measured quantity,VERIFIED,55.869875120076856,verification_independent_measures.csv 2025-02 C_999 Part_1A known waits,,90dac13322fe31df5dd237207d3da539bedc943785492dee548bd2a0adcf3b57
F04-0182,REPORT.md,85,"| 2025-02 | Non-admitted | 1,147,295 | 9.8 | 48.9 |",2025-02,period or year metadata,VERIFIED,"""2025-02""",verification_independent_measures.csv 2025-02 C_999 Part_1B known waits,,90dac13322fe31df5dd237207d3da539bedc943785492dee548bd2a0adcf3b57
F04-0183,REPORT.md,85,"| 2025-02 | Non-admitted | 1,147,295 | 9.8 | 48.9 |","1,147,295",measured quantity,VERIFIED,1147295.0,verification_independent_measures.csv 2025-02 C_999 Part_1B known waits,,90dac13322fe31df5dd237207d3da539bedc943785492dee548bd2a0adcf3b57
F04-0184,REPORT.md,85,"| 2025-02 | Non-admitted | 1,147,295 | 9.8 | 48.9 |",9.8,measured quantity,VERIFIED,9.771950640721403,verification_independent_measures.csv 2025-02 C_999 Part_1B known waits,,90dac13322fe31df5dd237207d3da539bedc943785492dee548bd2a0adcf3b57
F04-0185,REPORT.md,85,"| 2025-02 | Non-admitted | 1,147,295 | 9.8 | 48.9 |",48.9,measured quantity,VERIFIED,48.88371550719007,verification_independent_measures.csv 2025-02 C_999 Part_1B known waits,,90dac13322fe31df5dd237207d3da539bedc943785492dee548bd2a0adcf3b57
F04-0186,REPORT.md,86,"| 2026-04 | Admitted | 287,231 | 13.1 | 52.1 |",2026-04,period or year metadata,VERIFIED,"""2026-04""",verification_independent_measures.csv 2026-04 C_999 Part_1A known waits,,90dac13322fe31df5dd237207d3da539bedc943785492dee548bd2a0adcf3b57
F04-0187,REPORT.md,86,"| 2026-04 | Admitted | 287,231 | 13.1 | 52.1 |","287,231",measured quantity,VERIFIED,287231.0,verification_independent_measures.csv 2026-04 C_999 Part_1A known waits,,90dac13322fe31df5dd237207d3da539bedc943785492dee548bd2a0adcf3b57
F04-0188,REPORT.md,86,"| 2026-04 | Admitted | 287,231 | 13.1 | 52.1 |",13.1,measured quantity,VERIFIED,13.07933250044619,verification_independent_measures.csv 2026-04 C_999 Part_1A known waits,,90dac13322fe31df5dd237207d3da539bedc943785492dee548bd2a0adcf3b57
F04-0189,REPORT.md,86,"| 2026-04 | Admitted | 287,231 | 13.1 | 52.1 |",52.1,measured quantity,VERIFIED,52.06699706005881,verification_independent_measures.csv 2026-04 C_999 Part_1A known waits,,90dac13322fe31df5dd237207d3da539bedc943785492dee548bd2a0adcf3b57
F04-0190,REPORT.md,87,"| 2026-04 | Non-admitted | 1,159,840 | 8.8 | 44.2 |",2026-04,period or year metadata,VERIFIED,"""2026-04""",verification_independent_measures.csv 2026-04 C_999 Part_1B known waits,,90dac13322fe31df5dd237207d3da539bedc943785492dee548bd2a0adcf3b57
F04-0191,REPORT.md,87,"| 2026-04 | Non-admitted | 1,159,840 | 8.8 | 44.2 |","1,159,840",measured quantity,VERIFIED,1159840.0,verification_independent_measures.csv 2026-04 C_999 Part_1B known waits,,90dac13322fe31df5dd237207d3da539bedc943785492dee548bd2a0adcf3b57
F04-0192,REPORT.md,87,"| 2026-04 | Non-admitted | 1,159,840 | 8.8 | 44.2 |",8.8,measured quantity,VERIFIED,8.818650407940856,verification_independent_measures.csv 2026-04 C_999 Part_1B known waits,,90dac13322fe31df5dd237207d3da539bedc943785492dee548bd2a0adcf3b57
F04-0193,REPORT.md,87,"| 2026-04 | Non-admitted | 1,159,840 | 8.8 | 44.2 |",44.2,measured quantity,VERIFIED,44.22000777504212,verification_independent_measures.csv 2026-04 C_999 Part_1B known waits,,90dac13322fe31df5dd237207d3da539bedc943785492dee548bd2a0adcf3b57
F04-0194,REPORT.md,89,"These completed-pathway medians answer a different question from the main table: how long the pathways that closed that month had lasted. Non-admitted completion can include a decision not to treat or other clock stops, so completion does not always mean treatment was delivered. The incomplete-pathway median measures how long the pathways still open have been waiting so far. Neither is an individual forecast, and the completed figures from these two months do not establish a continuous trend.",two,written number/definition,VERIFIED,2,NHS RTT guidance; brief definitions; raw file/header inventory,,90dac13322fe31df5dd237207d3da539bedc943785492dee548bd2a0adcf3b57
F04-0195,REPORT.md,93,"February 2019 baseline, reported incomplete pathways, England, all specialties once, NONC excluded, no missing-provider estimates: the reconstructed median is 6.7 weeks and p92 is 22.1 weeks. The historical file has fifty-two closed weekly bands and one open band beyond fifty-two weeks. Both percentiles fall in closed bands, so both are computable. We did not assign an invented width to the final band.",2019,period or year metadata,VERIFIED,"""2019""",verification_independent_measures.csv 2019-02 C_999 Part_2; verification_raw_inventory.csv53bands,,90dac13322fe31df5dd237207d3da539bedc943785492dee548bd2a0adcf3b57
F04-0196,REPORT.md,93,"February 2019 baseline, reported incomplete pathways, England, all specialties once, NONC excluded, no missing-provider estimates: the reconstructed median is 6.7 weeks and p92 is 22.1 weeks. The historical file has fifty-two closed weekly bands and one open band beyond fifty-two weeks. Both percentiles fall in closed bands, so both are computable. We did not assign an invented width to the final band.",6.7,measured quantity,VERIFIED,6.691570182701094,verification_independent_measures.csv 2019-02 C_999 Part_2; verification_raw_inventory.csv53bands,,90dac13322fe31df5dd237207d3da539bedc943785492dee548bd2a0adcf3b57
F04-0197,REPORT.md,93,"February 2019 baseline, reported incomplete pathways, England, all specialties once, NONC excluded, no missing-provider estimates: the reconstructed median is 6.7 weeks and p92 is 22.1 weeks. The historical file has fifty-two closed weekly bands and one open band beyond fifty-two weeks. Both percentiles fall in closed bands, so both are computable. We did not assign an invented width to the final band.",p92,percentile/threshold definition,VERIFIED,92,verification_independent_measures.csv 2019-02 C_999 Part_2; verification_raw_inventory.csv53bands,,90dac13322fe31df5dd237207d3da539bedc943785492dee548bd2a0adcf3b57
F04-0198,REPORT.md,93,"February 2019 baseline, reported incomplete pathways, England, all specialties once, NONC excluded, no missing-provider estimates: the reconstructed median is 6.7 weeks and p92 is 22.1 weeks. The historical file has fifty-two closed weekly bands and one open band beyond fifty-two weeks. Both percentiles fall in closed bands, so both are computable. We did not assign an invented width to the final band.",22.1,measured quantity,VERIFIED,22.064439649285735,verification_independent_measures.csv 2019-02 C_999 Part_2; verification_raw_inventory.csv53bands,,90dac13322fe31df5dd237207d3da539bedc943785492dee548bd2a0adcf3b57
F04-0199,REPORT.md,93,"February 2019 baseline, reported incomplete pathways, England, all specialties once, NONC excluded, no missing-provider estimates: the reconstructed median is 6.7 weeks and p92 is 22.1 weeks. The historical file has fifty-two closed weekly bands and one open band beyond fifty-two weeks. Both percentiles fall in closed bands, so both are computable. We did not assign an invented width to the final band.",fifty-two,written number/definition,VERIFIED,52,verification_independent_measures.csv 2019-02 C_999 Part_2; verification_raw_inventory.csv53bands,,90dac13322fe31df5dd237207d3da539bedc943785492dee548bd2a0adcf3b57
F04-0200,REPORT.md,93,"February 2019 baseline, reported incomplete pathways, England, all specialties once, NONC excluded, no missing-provider estimates: the reconstructed median is 6.7 weeks and p92 is 22.1 weeks. The historical file has fifty-two closed weekly bands and one open band beyond fifty-two weeks. Both percentiles fall in closed bands, so both are computable. We did not assign an invented width to the final band.",one,written number/definition,VERIFIED,1,verification_independent_measures.csv 2019-02 C_999 Part_2; verification_raw_inventory.csv53bands,,90dac13322fe31df5dd237207d3da539bedc943785492dee548bd2a0adcf3b57
F04-0201,REPORT.md,93,"February 2019 baseline, reported incomplete pathways, England, all specialties once, NONC excluded, no missing-provider estimates: the reconstructed median is 6.7 weeks and p92 is 22.1 weeks. The historical file has fifty-two closed weekly bands and one open band beyond fifty-two weeks. Both percentiles fall in closed bands, so both are computable. We did not assign an invented width to the final band.",fifty-two,written number/definition,VERIFIED,52,verification_independent_measures.csv 2019-02 C_999 Part_2; verification_raw_inventory.csv53bands,,90dac13322fe31df5dd237207d3da539bedc943785492dee548bd2a0adcf3b57
F04-0202,REPORT.md,99,"For a percentile fraction p, locate the first weekly band whose cumulative pathway count reaches p times the total. Add to its lower boundary the fraction of that band's pathways needed to reach the target. The first band includes waits of zero through seven days; later bands exclude their lower boundary and include their upper boundary. A wait of exactly eighteen weeks is within the standard.",zero,written number/definition,VERIFIED,0,NHS RTT guidance; brief definitions; raw file/header inventory,,90dac13322fe31df5dd237207d3da539bedc943785492dee548bd2a0adcf3b57
F04-0203,REPORT.md,99,"For a percentile fraction p, locate the first weekly band whose cumulative pathway count reaches p times the total. Add to its lower boundary the fraction of that band's pathways needed to reach the target. The first band includes waits of zero through seven days; later bands exclude their lower boundary and include their upper boundary. A wait of exactly eighteen weeks is within the standard.",seven,written number/definition,VERIFIED,7,NHS RTT guidance; brief definitions; raw file/header inventory,,90dac13322fe31df5dd237207d3da539bedc943785492dee548bd2a0adcf3b57
F04-0204,REPORT.md,99,"For a percentile fraction p, locate the first weekly band whose cumulative pathway count reaches p times the total. Add to its lower boundary the fraction of that band's pathways needed to reach the target. The first band includes waits of zero through seven days; later bands exclude their lower boundary and include their upper boundary. A wait of exactly eighteen weeks is within the standard.",eighteen,percentile/threshold definition,VERIFIED,18,NHS RTT guidance; brief definitions; raw file/header inventory,,90dac13322fe31df5dd237207d3da539bedc943785492dee548bd2a0adcf3b57
F04-0205,REPORT.md,101,"The extracts supply counts in bands, not exact individual waits. In May 2026 the median lies in the twelve-to-thirteen-week band and p92 in the thirty-eight-to-thirty-nine-week band. Using band midpoints instead gives 12.5 and 38.5 weeks; using lower bounds gives 12.0 and 38.0. The lower-bound p92 is about 0.57 weeks below the interpolated estimate, above the brief's 0.5-week sensitivity threshold. The headline should therefore say about 39 weeks, or retain 38.6 weeks as a band estimate, rather than imply day-level accuracy. Its interpretation survives: even the lower bound is twenty weeks beyond the standard.",2026,period or year metadata,VERIFIED,"""2026""",verification_independent_measures.csv May median/p92 containing bands and sensitivity; brief0.5threshold,,90dac13322fe31df5dd237207d3da539bedc943785492dee548bd2a0adcf3b57
F04-0206,REPORT.md,101,"The extracts supply counts in bands, not exact individual waits. In May 2026 the median lies in the twelve-to-thirteen-week band and p92 in the thirty-eight-to-thirty-nine-week band. Using band midpoints instead gives 12.5 and 38.5 weeks; using lower bounds gives 12.0 and 38.0. The lower-bound p92 is about 0.57 weeks below the interpolated estimate, above the brief's 0.5-week sensitivity threshold. The headline should therefore say about 39 weeks, or retain 38.6 weeks as a band estimate, rather than imply day-level accuracy. Its interpretation survives: even the lower bound is twenty weeks beyond the standard.",twelve,written number/definition,VERIFIED,12,verification_independent_measures.csv May median/p92 containing bands and sensitivity; brief0.5threshold,,90dac13322fe31df5dd237207d3da539bedc943785492dee548bd2a0adcf3b57
F04-0207,REPORT.md,101,"The extracts supply counts in bands, not exact individual waits. In May 2026 the median lies in the twelve-to-thirteen-week band and p92 in the thirty-eight-to-thirty-nine-week band. Using band midpoints instead gives 12.5 and 38.5 weeks; using lower bounds gives 12.0 and 38.0. The lower-bound p92 is about 0.57 weeks below the interpolated estimate, above the brief's 0.5-week sensitivity threshold. The headline should therefore say about 39 weeks, or retain 38.6 weeks as a band estimate, rather than imply day-level accuracy. Its interpretation survives: even the lower bound is twenty weeks beyond the standard.",thirteen,written number/definition,VERIFIED,13,verification_independent_measures.csv May median/p92 containing bands and sensitivity; brief0.5threshold,,90dac13322fe31df5dd237207d3da539bedc943785492dee548bd2a0adcf3b57
F04-0208,REPORT.md,101,"The extracts supply counts in bands, not exact individual waits. In May 2026 the median lies in the twelve-to-thirteen-week band and p92 in the thirty-eight-to-thirty-nine-week band. Using band midpoints instead gives 12.5 and 38.5 weeks; using lower bounds gives 12.0 and 38.0. The lower-bound p92 is about 0.57 weeks below the interpolated estimate, above the brief's 0.5-week sensitivity threshold. The headline should therefore say about 39 weeks, or retain 38.6 weeks as a band estimate, rather than imply day-level accuracy. Its interpretation survives: even the lower bound is twenty weeks beyond the standard.",p92,percentile/threshold definition,VERIFIED,92,verification_independent_measures.csv May median/p92 containing bands and sensitivity; brief0.5threshold,,90dac13322fe31df5dd237207d3da539bedc943785492dee548bd2a0adcf3b57
F04-0209,REPORT.md,101,"The extracts supply counts in bands, not exact individual waits. In May 2026 the median lies in the twelve-to-thirteen-week band and p92 in the thirty-eight-to-thirty-nine-week band. Using band midpoints instead gives 12.5 and 38.5 weeks; using lower bounds gives 12.0 and 38.0. The lower-bound p92 is about 0.57 weeks below the interpolated estimate, above the brief's 0.5-week sensitivity threshold. The headline should therefore say about 39 weeks, or retain 38.6 weeks as a band estimate, rather than imply day-level accuracy. Its interpretation survives: even the lower bound is twenty weeks beyond the standard.",thirty-eight,written number/definition,VERIFIED,38,verification_independent_measures.csv May median/p92 containing bands and sensitivity; brief0.5threshold,,90dac13322fe31df5dd237207d3da539bedc943785492dee548bd2a0adcf3b57
F04-0210,REPORT.md,101,"The extracts supply counts in bands, not exact individual waits. In May 2026 the median lies in the twelve-to-thirteen-week band and p92 in the thirty-eight-to-thirty-nine-week band. Using band midpoints instead gives 12.5 and 38.5 weeks; using lower bounds gives 12.0 and 38.0. The lower-bound p92 is about 0.57 weeks below the interpolated estimate, above the brief's 0.5-week sensitivity threshold. The headline should therefore say about 39 weeks, or retain 38.6 weeks as a band estimate, rather than imply day-level accuracy. Its interpretation survives: even the lower bound is twenty weeks beyond the standard.",thirty-nine,written number/definition,VERIFIED,39,verification_independent_measures.csv May median/p92 containing bands and sensitivity; brief0.5threshold,,90dac13322fe31df5dd237207d3da539bedc943785492dee548bd2a0adcf3b57
F04-0211,REPORT.md,101,"The extracts supply counts in bands, not exact individual waits. In May 2026 the median lies in the twelve-to-thirteen-week band and p92 in the thirty-eight-to-thirty-nine-week band. Using band midpoints instead gives 12.5 and 38.5 weeks; using lower bounds gives 12.0 and 38.0. The lower-bound p92 is about 0.57 weeks below the interpolated estimate, above the brief's 0.5-week sensitivity threshold. The headline should therefore say about 39 weeks, or retain 38.6 weeks as a band estimate, rather than imply day-level accuracy. Its interpretation survives: even the lower bound is twenty weeks beyond the standard.",12.5,measured quantity,VERIFIED,12.5,verification_independent_measures.csv May median/p92 containing bands and sensitivity; brief0.5threshold,,90dac13322fe31df5dd237207d3da539bedc943785492dee548bd2a0adcf3b57
F04-0212,REPORT.md,101,"The extracts supply counts in bands, not exact individual waits. In May 2026 the median lies in the twelve-to-thirteen-week band and p92 in the thirty-eight-to-thirty-nine-week band. Using band midpoints instead gives 12.5 and 38.5 weeks; using lower bounds gives 12.0 and 38.0. The lower-bound p92 is about 0.57 weeks below the interpolated estimate, above the brief's 0.5-week sensitivity threshold. The headline should therefore say about 39 weeks, or retain 38.6 weeks as a band estimate, rather than imply day-level accuracy. Its interpretation survives: even the lower bound is twenty weeks beyond the standard.",38.5,measured quantity,VERIFIED,38.5,verification_independent_measures.csv May median/p92 containing bands and sensitivity; brief0.5threshold,,90dac13322fe31df5dd237207d3da539bedc943785492dee548bd2a0adcf3b57
F04-0213,REPORT.md,101,"The extracts supply counts in bands, not exact individual waits. In May 2026 the median lies in the twelve-to-thirteen-week band and p92 in the thirty-eight-to-thirty-nine-week band. Using band midpoints instead gives 12.5 and 38.5 weeks; using lower bounds gives 12.0 and 38.0. The lower-bound p92 is about 0.57 weeks below the interpolated estimate, above the brief's 0.5-week sensitivity threshold. The headline should therefore say about 39 weeks, or retain 38.6 weeks as a band estimate, rather than imply day-level accuracy. Its interpretation survives: even the lower bound is twenty weeks beyond the standard.",12.0,measured quantity,VERIFIED,12.0,verification_independent_measures.csv May median/p92 containing bands and sensitivity; brief0.5threshold,,90dac13322fe31df5dd237207d3da539bedc943785492dee548bd2a0adcf3b57
F04-0214,REPORT.md,101,"The extracts supply counts in bands, not exact individual waits. In May 2026 the median lies in the twelve-to-thirteen-week band and p92 in the thirty-eight-to-thirty-nine-week band. Using band midpoints instead gives 12.5 and 38.5 weeks; using lower bounds gives 12.0 and 38.0. The lower-bound p92 is about 0.57 weeks below the interpolated estimate, above the brief's 0.5-week sensitivity threshold. The headline should therefore say about 39 weeks, or retain 38.6 weeks as a band estimate, rather than imply day-level accuracy. Its interpretation survives: even the lower bound is twenty weeks beyond the standard.",38.0,measured quantity,VERIFIED,38.0,verification_independent_measures.csv May median/p92 containing bands and sensitivity; brief0.5threshold,,90dac13322fe31df5dd237207d3da539bedc943785492dee548bd2a0adcf3b57
F04-0215,REPORT.md,101,"The extracts supply counts in bands, not exact individual waits. In May 2026 the median lies in the twelve-to-thirteen-week band and p92 in the thirty-eight-to-thirty-nine-week band. Using band midpoints instead gives 12.5 and 38.5 weeks; using lower bounds gives 12.0 and 38.0. The lower-bound p92 is about 0.57 weeks below the interpolated estimate, above the brief's 0.5-week sensitivity threshold. The headline should therefore say about 39 weeks, or retain 38.6 weeks as a band estimate, rather than imply day-level accuracy. Its interpretation survives: even the lower bound is twenty weeks beyond the standard.",p92,percentile/threshold definition,VERIFIED,92,verification_independent_measures.csv May median/p92 containing bands and sensitivity; brief0.5threshold,,90dac13322fe31df5dd237207d3da539bedc943785492dee548bd2a0adcf3b57
F04-0216,REPORT.md,101,"The extracts supply counts in bands, not exact individual waits. In May 2026 the median lies in the twelve-to-thirteen-week band and p92 in the thirty-eight-to-thirty-nine-week band. Using band midpoints instead gives 12.5 and 38.5 weeks; using lower bounds gives 12.0 and 38.0. The lower-bound p92 is about 0.57 weeks below the interpolated estimate, above the brief's 0.5-week sensitivity threshold. The headline should therefore say about 39 weeks, or retain 38.6 weeks as a band estimate, rather than imply day-level accuracy. Its interpretation survives: even the lower bound is twenty weeks beyond the standard.",0.57,measured quantity,VERIFIED,0.5686655224200905,verification_independent_measures.csv May median/p92 containing bands and sensitivity; brief0.5threshold,,90dac13322fe31df5dd237207d3da539bedc943785492dee548bd2a0adcf3b57
F04-0217,REPORT.md,101,"The extracts supply counts in bands, not exact individual waits. In May 2026 the median lies in the twelve-to-thirteen-week band and p92 in the thirty-eight-to-thirty-nine-week band. Using band midpoints instead gives 12.5 and 38.5 weeks; using lower bounds gives 12.0 and 38.0. The lower-bound p92 is about 0.57 weeks below the interpolated estimate, above the brief's 0.5-week sensitivity threshold. The headline should therefore say about 39 weeks, or retain 38.6 weeks as a band estimate, rather than imply day-level accuracy. Its interpretation survives: even the lower bound is twenty weeks beyond the standard.",0.5,measured quantity,VERIFIED,0.5,verification_independent_measures.csv May median/p92 containing bands and sensitivity; brief0.5threshold,,90dac13322fe31df5dd237207d3da539bedc943785492dee548bd2a0adcf3b57
F04-0218,REPORT.md,101,"The extracts supply counts in bands, not exact individual waits. In May 2026 the median lies in the twelve-to-thirteen-week band and p92 in the thirty-eight-to-thirty-nine-week band. Using band midpoints instead gives 12.5 and 38.5 weeks; using lower bounds gives 12.0 and 38.0. The lower-bound p92 is about 0.57 weeks below the interpolated estimate, above the brief's 0.5-week sensitivity threshold. The headline should therefore say about 39 weeks, or retain 38.6 weeks as a band estimate, rather than imply day-level accuracy. Its interpretation survives: even the lower bound is twenty weeks beyond the standard.",39,measured quantity,VERIFIED,38.56866552242009,verification_independent_measures.csv May median/p92 containing bands and sensitivity; brief0.5threshold,,90dac13322fe31df5dd237207d3da539bedc943785492dee548bd2a0adcf3b57
F04-0219,REPORT.md,101,"The extracts supply counts in bands, not exact individual waits. In May 2026 the median lies in the twelve-to-thirteen-week band and p92 in the thirty-eight-to-thirty-nine-week band. Using band midpoints instead gives 12.5 and 38.5 weeks; using lower bounds gives 12.0 and 38.0. The lower-bound p92 is about 0.57 weeks below the interpolated estimate, above the brief's 0.5-week sensitivity threshold. The headline should therefore say about 39 weeks, or retain 38.6 weeks as a band estimate, rather than imply day-level accuracy. Its interpretation survives: even the lower bound is twenty weeks beyond the standard.",38.6,measured quantity,VERIFIED,38.56866552242009,verification_independent_measures.csv May median/p92 containing bands and sensitivity; brief0.5threshold,,90dac13322fe31df5dd237207d3da539bedc943785492dee548bd2a0adcf3b57
F04-0220,REPORT.md,101,"The extracts supply counts in bands, not exact individual waits. In May 2026 the median lies in the twelve-to-thirteen-week band and p92 in the thirty-eight-to-thirty-nine-week band. Using band midpoints instead gives 12.5 and 38.5 weeks; using lower bounds gives 12.0 and 38.0. The lower-bound p92 is about 0.57 weeks below the interpolated estimate, above the brief's 0.5-week sensitivity threshold. The headline should therefore say about 39 weeks, or retain 38.6 weeks as a band estimate, rather than imply day-level accuracy. Its interpretation survives: even the lower bound is twenty weeks beyond the standard.",twenty,written number/definition,VERIFIED,20,verification_independent_measures.csv May median/p92 containing bands and sensitivity; brief0.5threshold,,90dac13322fe31df5dd237207d3da539bedc943785492dee548bd2a0adcf3b57
F04-0221,REPORT.md,103,"Across the national monthly medians, assigning lower bounds moves the estimate by at most 1.00 week and assigning midpoints by at most 0.50 week (rounded). The sensitivity table includes all reported populations and percentiles.",1.00,measured quantity,VERIFIED,0.9976760159511322,verification_sensitivity.csv maximum absolute national median shifts,,90dac13322fe31df5dd237207d3da539bedc943785492dee548bd2a0adcf3b57
F04-0222,REPORT.md,103,"Across the national monthly medians, assigning lower bounds moves the estimate by at most 1.00 week and assigning midpoints by at most 0.50 week (rounded). The sensitivity table includes all reported populations and percentiles.",0.50,measured quantity,VERIFIED,0.4976760159511322,verification_sensitivity.csv maximum absolute national median shifts,,90dac13322fe31df5dd237207d3da539bedc943785492dee548bd2a0adcf3b57
F04-0223,REPORT.md,105,"The modern open-ended band is beyond 104 weeks. For every published modern population, over 99% of pathways are in closed bands; hence no percentile below the 99th can fall in the open band. The open-band checks show the counts, denominator and cumulative closed-band share. No reported percentile is censored. This check applies to the pooled populations reported here, not necessarily to every small provider.",104,measured quantity,VERIFIED,104,verification_open_bands.csv minimum closed share=0.99625468164794;105modern bands,,90dac13322fe31df5dd237207d3da539bedc943785492dee548bd2a0adcf3b57
F04-0224,REPORT.md,105,"The modern open-ended band is beyond 104 weeks. For every published modern population, over 99% of pathways are in closed bands; hence no percentile below the 99th can fall in the open band. The open-band checks show the counts, denominator and cumulative closed-band share. No reported percentile is censored. This check applies to the pooled populations reported here, not necessarily to every small provider.",99%,measured quantity,VERIFIED,99,verification_open_bands.csv minimum closed share=0.99625468164794;105modern bands,,90dac13322fe31df5dd237207d3da539bedc943785492dee548bd2a0adcf3b57
F04-0225,REPORT.md,105,"The modern open-ended band is beyond 104 weeks. For every published modern population, over 99% of pathways are in closed bands; hence no percentile below the 99th can fall in the open band. The open-band checks show the counts, denominator and cumulative closed-band share. No reported percentile is censored. This check applies to the pooled populations reported here, not necessarily to every small provider.",99th,percentile/threshold definition,VERIFIED,99,verification_open_bands.csv minimum closed share=0.99625468164794;105modern bands,,90dac13322fe31df5dd237207d3da539bedc943785492dee548bd2a0adcf3b57
F04-0226,REPORT.md,111,"Removing the six first-release months leaves twenty-three observations, ending in March 2026. The national p92 is then 38.3 weeks, with a 20.3-week gap; all seven specialty p92 values still exceed eighteen weeks. The result therefore does not depend on those provisional months. The first-release files are October and November 2025, January and February 2026, and April and May 2026; the supplied vintages are retained, not silently replaced.",six,written number/definition,VERIFIED,6,verification_adversarial.csv23retained periods; rawMarch national/specialty p92; manifestfirst releases,,90dac13322fe31df5dd237207d3da539bedc943785492dee548bd2a0adcf3b57
F04-0227,REPORT.md,111,"Removing the six first-release months leaves twenty-three observations, ending in March 2026. The national p92 is then 38.3 weeks, with a 20.3-week gap; all seven specialty p92 values still exceed eighteen weeks. The result therefore does not depend on those provisional months. The first-release files are October and November 2025, January and February 2026, and April and May 2026; the supplied vintages are retained, not silently replaced.",twenty-three,written number/definition,VERIFIED,23,verification_adversarial.csv23retained periods; rawMarch national/specialty p92; manifestfirst releases,,90dac13322fe31df5dd237207d3da539bedc943785492dee548bd2a0adcf3b57
F04-0228,REPORT.md,111,"Removing the six first-release months leaves twenty-three observations, ending in March 2026. The national p92 is then 38.3 weeks, with a 20.3-week gap; all seven specialty p92 values still exceed eighteen weeks. The result therefore does not depend on those provisional months. The first-release files are October and November 2025, January and February 2026, and April and May 2026; the supplied vintages are retained, not silently replaced.",2026,period or year metadata,VERIFIED,"""2026""",verification_adversarial.csv23retained periods; rawMarch national/specialty p92; manifestfirst releases,,90dac13322fe31df5dd237207d3da539bedc943785492dee548bd2a0adcf3b57
F04-0229,REPORT.md,111,"Removing the six first-release months leaves twenty-three observations, ending in March 2026. The national p92 is then 38.3 weeks, with a 20.3-week gap; all seven specialty p92 values still exceed eighteen weeks. The result therefore does not depend on those provisional months. The first-release files are October and November 2025, January and February 2026, and April and May 2026; the supplied vintages are retained, not silently replaced.",p92,percentile/threshold definition,VERIFIED,92,verification_adversarial.csv23retained periods; rawMarch national/specialty p92; manifestfirst releases,,90dac13322fe31df5dd237207d3da539bedc943785492dee548bd2a0adcf3b57
F04-0230,REPORT.md,111,"Removing the six first-release months leaves twenty-three observations, ending in March 2026. The national p92 is then 38.3 weeks, with a 20.3-week gap; all seven specialty p92 values still exceed eighteen weeks. The result therefore does not depend on those provisional months. The first-release files are October and November 2025, January and February 2026, and April and May 2026; the supplied vintages are retained, not silently replaced.",38.3,measured quantity,VERIFIED,38.33991381152504,verification_adversarial.csv23retained periods; rawMarch national/specialty p92; manifestfirst releases,,90dac13322fe31df5dd237207d3da539bedc943785492dee548bd2a0adcf3b57
F04-0231,REPORT.md,111,"Removing the six first-release months leaves twenty-three observations, ending in March 2026. The national p92 is then 38.3 weeks, with a 20.3-week gap; all seven specialty p92 values still exceed eighteen weeks. The result therefore does not depend on those provisional months. The first-release files are October and November 2025, January and February 2026, and April and May 2026; the supplied vintages are retained, not silently replaced.",20.3,measured quantity,VERIFIED,20.339913811525044,verification_adversarial.csv23retained periods; rawMarch national/specialty p92; manifestfirst releases,,90dac13322fe31df5dd237207d3da539bedc943785492dee548bd2a0adcf3b57
F04-0232,REPORT.md,111,"Removing the six first-release months leaves twenty-three observations, ending in March 2026. The national p92 is then 38.3 weeks, with a 20.3-week gap; all seven specialty p92 values still exceed eighteen weeks. The result therefore does not depend on those provisional months. The first-release files are October and November 2025, January and February 2026, and April and May 2026; the supplied vintages are retained, not silently replaced.",seven,written number/definition,VERIFIED,7,verification_adversarial.csv23retained periods; rawMarch national/specialty p92; manifestfirst releases,,90dac13322fe31df5dd237207d3da539bedc943785492dee548bd2a0adcf3b57
F04-0233,REPORT.md,111,"Removing the six first-release months leaves twenty-three observations, ending in March 2026. The national p92 is then 38.3 weeks, with a 20.3-week gap; all seven specialty p92 values still exceed eighteen weeks. The result therefore does not depend on those provisional months. The first-release files are October and November 2025, January and February 2026, and April and May 2026; the supplied vintages are retained, not silently replaced.",p92,percentile/threshold definition,VERIFIED,92,verification_adversarial.csv23retained periods; rawMarch national/specialty p92; manifestfirst releases,,90dac13322fe31df5dd237207d3da539bedc943785492dee548bd2a0adcf3b57
F04-0234,REPORT.md,111,"Removing the six first-release months leaves twenty-three observations, ending in March 2026. The national p92 is then 38.3 weeks, with a 20.3-week gap; all seven specialty p92 values still exceed eighteen weeks. The result therefore does not depend on those provisional months. The first-release files are October and November 2025, January and February 2026, and April and May 2026; the supplied vintages are retained, not silently replaced.",eighteen,percentile/threshold definition,VERIFIED,18,verification_adversarial.csv23retained periods; rawMarch national/specialty p92; manifestfirst releases,,90dac13322fe31df5dd237207d3da539bedc943785492dee548bd2a0adcf3b57
F04-0235,REPORT.md,111,"Removing the six first-release months leaves twenty-three observations, ending in March 2026. The national p92 is then 38.3 weeks, with a 20.3-week gap; all seven specialty p92 values still exceed eighteen weeks. The result therefore does not depend on those provisional months. The first-release files are October and November 2025, January and February 2026, and April and May 2026; the supplied vintages are retained, not silently replaced.",2025,period or year metadata,VERIFIED,"""2025""",verification_adversarial.csv23retained periods; rawMarch national/specialty p92; manifestfirst releases,,90dac13322fe31df5dd237207d3da539bedc943785492dee548bd2a0adcf3b57
F04-0236,REPORT.md,111,"Removing the six first-release months leaves twenty-three observations, ending in March 2026. The national p92 is then 38.3 weeks, with a 20.3-week gap; all seven specialty p92 values still exceed eighteen weeks. The result therefore does not depend on those provisional months. The first-release files are October and November 2025, January and February 2026, and April and May 2026; the supplied vintages are retained, not silently replaced.",2026,period or year metadata,VERIFIED,"""2026""",verification_adversarial.csv23retained periods; rawMarch national/specialty p92; manifestfirst releases,,90dac13322fe31df5dd237207d3da539bedc943785492dee548bd2a0adcf3b57
F04-0237,REPORT.md,111,"Removing the six first-release months leaves twenty-three observations, ending in March 2026. The national p92 is then 38.3 weeks, with a 20.3-week gap; all seven specialty p92 values still exceed eighteen weeks. The result therefore does not depend on those provisional months. The first-release files are October and November 2025, January and February 2026, and April and May 2026; the supplied vintages are retained, not silently replaced.",2026,period or year metadata,VERIFIED,"""2026""",verification_adversarial.csv23retained periods; rawMarch national/specialty p92; manifestfirst releases,,90dac13322fe31df5dd237207d3da539bedc943785492dee548bd2a0adcf3b57
F04-0238,REPORT.md,113,"All 203 month-by-specialty comparisons reproduce Finding 02's within-eighteen-week counts and its percentages to their published rounding. The earlier seven national median checks also agree to rounding. Their inclusion of both Total and detailed specialty rows doubled counts, but did not change the pooled percentile because those band vectors match exactly. This report removes that duplication from national counts.",203,measured quantity,VERIFIED,203,verification_finding02_reconciliation.csv203 exact count/roundedshare matches; verification_total_detail.csv zero differences; brief earlier medians,,90dac13322fe31df5dd237207d3da539bedc943785492dee548bd2a0adcf3b57
F04-0239,REPORT.md,113,"All 203 month-by-specialty comparisons reproduce Finding 02's within-eighteen-week counts and its percentages to their published rounding. The earlier seven national median checks also agree to rounding. Their inclusion of both Total and detailed specialty rows doubled counts, but did not change the pooled percentile because those band vectors match exactly. This report removes that duplication from national counts.",02,measured quantity,VERIFIED,2,verification_finding02_reconciliation.csv203 exact count/roundedshare matches; verification_total_detail.csv zero differences; brief earlier medians,,90dac13322fe31df5dd237207d3da539bedc943785492dee548bd2a0adcf3b57
F04-0240,REPORT.md,113,"All 203 month-by-specialty comparisons reproduce Finding 02's within-eighteen-week counts and its percentages to their published rounding. The earlier seven national median checks also agree to rounding. Their inclusion of both Total and detailed specialty rows doubled counts, but did not change the pooled percentile because those band vectors match exactly. This report removes that duplication from national counts.",eighteen,percentile/threshold definition,VERIFIED,18,verification_finding02_reconciliation.csv203 exact count/roundedshare matches; verification_total_detail.csv zero differences; brief earlier medians,,90dac13322fe31df5dd237207d3da539bedc943785492dee548bd2a0adcf3b57
F04-0241,REPORT.md,113,"All 203 month-by-specialty comparisons reproduce Finding 02's within-eighteen-week counts and its percentages to their published rounding. The earlier seven national median checks also agree to rounding. Their inclusion of both Total and detailed specialty rows doubled counts, but did not change the pooled percentile because those band vectors match exactly. This report removes that duplication from national counts.",seven,written number/definition,VERIFIED,7,verification_finding02_reconciliation.csv203 exact count/roundedshare matches; verification_total_detail.csv zero differences; brief earlier medians,,90dac13322fe31df5dd237207d3da539bedc943785492dee548bd2a0adcf3b57
F04-0242,REPORT.md,115,"NHS England already publishes median and p92. This finding's contribution is explaining them together, expressing the p92 gap in weeks, and documenting the middle and specialty breakdowns. It must not claim to discover an unpublished national statistic. Similarly, the brief's approximately 14.3 million pathways combines Total and specialty rows; the unduplicated latest count is 7,153,655.",p92,percentile/threshold definition,VERIFIED,92,NHS guidance publication definitions; verification_total_detail.csv and independently counted May total,,90dac13322fe31df5dd237207d3da539bedc943785492dee548bd2a0adcf3b57
F04-0243,REPORT.md,115,"NHS England already publishes median and p92. This finding's contribution is explaining them together, expressing the p92 gap in weeks, and documenting the middle and specialty breakdowns. It must not claim to discover an unpublished national statistic. Similarly, the brief's approximately 14.3 million pathways combines Total and specialty rows; the unduplicated latest count is 7,153,655.",p92,percentile/threshold definition,VERIFIED,92,NHS guidance publication definitions; verification_total_detail.csv and independently counted May total,,90dac13322fe31df5dd237207d3da539bedc943785492dee548bd2a0adcf3b57
F04-0244,REPORT.md,115,"NHS England already publishes median and p92. This finding's contribution is explaining them together, expressing the p92 gap in weeks, and documenting the middle and specialty breakdowns. It must not claim to discover an unpublished national statistic. Similarly, the brief's approximately 14.3 million pathways combines Total and specialty rows; the unduplicated latest count is 7,153,655.",14.3,measured quantity,VERIFIED,14.30731,NHS guidance publication definitions; verification_total_detail.csv and independently counted May total,,90dac13322fe31df5dd237207d3da539bedc943785492dee548bd2a0adcf3b57
F04-0245,REPORT.md,115,"NHS England already publishes median and p92. This finding's contribution is explaining them together, expressing the p92 gap in weeks, and documenting the middle and specialty breakdowns. It must not claim to discover an unpublished national statistic. Similarly, the brief's approximately 14.3 million pathways combines Total and specialty rows; the unduplicated latest count is 7,153,655.","7,153,655",measured quantity,VERIFIED,7153655.0,NHS guidance publication definitions; verification_total_detail.csv and independently counted May total,,90dac13322fe31df5dd237207d3da539bedc943785492dee548bd2a0adcf3b57
F04-0246,REPORT.md,117,"The raw files omit some provider submissions. Sheffield Teaching Hospitals (RHQ) is absent from July 2025 onwards; Barking, Havering and Redbridge (RF4) has a November 2025 gap; Torbay and South Devon (RA9) is absent from April 2026 onwards. The largest monthly count fall occurs in November 2025 and is partly a reporting-gap effect. March 2026 has the largest median fall, which remains when comparing only providers present in both adjacent months. That establishes a change in the submitted distribution, not its cause. The anomaly report records the gaps and official source evidence. A separate sensitivity restricted to provider codes present at both endpoints also shows falling medians, p92, middle counts and middle shares, nationally and across the named specialties. This is a different provider subset and is not used for headline values. Fixed codes cannot control changes in services or merger footprint; see the sensitivity results.",2025,period or year metadata,VERIFIED,"""2025""",verification_provider_claims.csv; verification_march_common_providers.csv; independent national firstdifferences,,90dac13322fe31df5dd237207d3da539bedc943785492dee548bd2a0adcf3b57
F04-0247,REPORT.md,117,"The raw files omit some provider submissions. Sheffield Teaching Hospitals (RHQ) is absent from July 2025 onwards; Barking, Havering and Redbridge (RF4) has a November 2025 gap; Torbay and South Devon (RA9) is absent from April 2026 onwards. The largest monthly count fall occurs in November 2025 and is partly a reporting-gap effect. March 2026 has the largest median fall, which remains when comparing only providers present in both adjacent months. That establishes a change in the submitted distribution, not its cause. The anomaly report records the gaps and official source evidence. A separate sensitivity restricted to provider codes present at both endpoints also shows falling medians, p92, middle counts and middle shares, nationally and across the named specialties. This is a different provider subset and is not used for headline values. Fixed codes cannot control changes in services or merger footprint; see the sensitivity results.",2025,period or year metadata,VERIFIED,"""2025""",verification_provider_claims.csv; verification_march_common_providers.csv; independent national firstdifferences,,90dac13322fe31df5dd237207d3da539bedc943785492dee548bd2a0adcf3b57
F04-0248,REPORT.md,117,"The raw files omit some provider submissions. Sheffield Teaching Hospitals (RHQ) is absent from July 2025 onwards; Barking, Havering and Redbridge (RF4) has a November 2025 gap; Torbay and South Devon (RA9) is absent from April 2026 onwards. The largest monthly count fall occurs in November 2025 and is partly a reporting-gap effect. March 2026 has the largest median fall, which remains when comparing only providers present in both adjacent months. That establishes a change in the submitted distribution, not its cause. The anomaly report records the gaps and official source evidence. A separate sensitivity restricted to provider codes present at both endpoints also shows falling medians, p92, middle counts and middle shares, nationally and across the named specialties. This is a different provider subset and is not used for headline values. Fixed codes cannot control changes in services or merger footprint; see the sensitivity results.",2026,period or year metadata,VERIFIED,"""2026""",verification_provider_claims.csv; verification_march_common_providers.csv; independent national firstdifferences,,90dac13322fe31df5dd237207d3da539bedc943785492dee548bd2a0adcf3b57
F04-0249,REPORT.md,117,"The raw files omit some provider submissions. Sheffield Teaching Hospitals (RHQ) is absent from July 2025 onwards; Barking, Havering and Redbridge (RF4) has a November 2025 gap; Torbay and South Devon (RA9) is absent from April 2026 onwards. The largest monthly count fall occurs in November 2025 and is partly a reporting-gap effect. March 2026 has the largest median fall, which remains when comparing only providers present in both adjacent months. That establishes a change in the submitted distribution, not its cause. The anomaly report records the gaps and official source evidence. A separate sensitivity restricted to provider codes present at both endpoints also shows falling medians, p92, middle counts and middle shares, nationally and across the named specialties. This is a different provider subset and is not used for headline values. Fixed codes cannot control changes in services or merger footprint; see the sensitivity results.",2025,period or year metadata,VERIFIED,"""2025""",verification_provider_claims.csv; verification_march_common_providers.csv; independent national firstdifferences,,90dac13322fe31df5dd237207d3da539bedc943785492dee548bd2a0adcf3b57
F04-0250,REPORT.md,117,"The raw files omit some provider submissions. Sheffield Teaching Hospitals (RHQ) is absent from July 2025 onwards; Barking, Havering and Redbridge (RF4) has a November 2025 gap; Torbay and South Devon (RA9) is absent from April 2026 onwards. The largest monthly count fall occurs in November 2025 and is partly a reporting-gap effect. March 2026 has the largest median fall, which remains when comparing only providers present in both adjacent months. That establishes a change in the submitted distribution, not its cause. The anomaly report records the gaps and official source evidence. A separate sensitivity restricted to provider codes present at both endpoints also shows falling medians, p92, middle counts and middle shares, nationally and across the named specialties. This is a different provider subset and is not used for headline values. Fixed codes cannot control changes in services or merger footprint; see the sensitivity results.",2026,period or year metadata,VERIFIED,"""2026""",verification_provider_claims.csv; verification_march_common_providers.csv; independent national firstdifferences,,90dac13322fe31df5dd237207d3da539bedc943785492dee548bd2a0adcf3b57
F04-0251,REPORT.md,117,"The raw files omit some provider submissions. Sheffield Teaching Hospitals (RHQ) is absent from July 2025 onwards; Barking, Havering and Redbridge (RF4) has a November 2025 gap; Torbay and South Devon (RA9) is absent from April 2026 onwards. The largest monthly count fall occurs in November 2025 and is partly a reporting-gap effect. March 2026 has the largest median fall, which remains when comparing only providers present in both adjacent months. That establishes a change in the submitted distribution, not its cause. The anomaly report records the gaps and official source evidence. A separate sensitivity restricted to provider codes present at both endpoints also shows falling medians, p92, middle counts and middle shares, nationally and across the named specialties. This is a different provider subset and is not used for headline values. Fixed codes cannot control changes in services or merger footprint; see the sensitivity results.",p92,percentile/threshold definition,VERIFIED,92,verification_provider_claims.csv; verification_march_common_providers.csv; independent national firstdifferences,,90dac13322fe31df5dd237207d3da539bedc943785492dee548bd2a0adcf3b57
F04-0252,REPORT.md,126,- Blank cells: retained as zero only after independent row totals certify that value; unresolved cases stop the parser.,zero,written number/definition,VERIFIED,0,NHS RTT guidance; brief definitions; raw file/header inventory,,90dac13322fe31df5dd237207d3da539bedc943785492dee548bd2a0adcf3b57
F04-0253,REPORT.md,0,National median below18 throughout,,quantified prose assertion,VERIFIED,"{""months"": 29, ""maximum_p50"": 15.039572851097873}",verification_independent_measures.csv,,90dac13322fe31df5dd237207d3da539bedc943785492dee548bd2a0adcf3b57
F04-0254,REPORT.md,0,Within18 largest in every national and named-specialty month,,quantified prose assertion,VERIFIED,"{""populations"": 232}",verification_independent_measures.csv,,90dac13322fe31df5dd237207d3da539bedc943785492dee548bd2a0adcf3b57
F04-0255,REPORT.md,0,Middle largest conditional on already beyond18,,quantified prose assertion,VERIFIED,"{""middle_exceeds_over52"": 232, ""populations"": 232}",verification_independent_measures.csv,,90dac13322fe31df5dd237207d3da539bedc943785492dee548bd2a0adcf3b57
F04-0256,REPORT.md,0,Seven specialties: highest middle count orthopaedics; highest share ENT,,quantified prose assertion,VERIFIED,"{""largest_count_code"": ""C_110"", ""count"": 312261.0, ""largest_share_code"": ""C_120"", ""share"": 0.3895169526745197}",verification_independent_measures.csv,,90dac13322fe31df5dd237207d3da539bedc943785492dee548bd2a0adcf3b57
F04-0257,REPORT.md,0,All seven latest medians below18 and p92s above18,,quantified prose assertion,VERIFIED,"{""medians"": [13.26061604201905, 14.110845070422537, 14.7580394035571, 10.206322476125512, 11.771811329203672, 12.129889595671566, 14.004236555421064], ""p92"": [40.87376570458404, 41.835237203495645, 41.626389011962786, 33.41153698571733, 36.11276273022752, 35.51788580750408, 38.94545047565754]}",verification_independent_measures.csv,,90dac13322fe31df5dd237207d3da539bedc943785492dee548bd2a0adcf3b57
F04-0258,REPORT.md,0,Removing six firstrelease months leaves23 endingMarch; all161specialty p92s above18,,quantified prose assertion,VERIFIED,"{""retained_months"": 23, ""retained_latest"": ""2026-03"", ""specialty_comparisons"": 161}",verification_adversarial.csv,,90dac13322fe31df5dd237207d3da539bedc943785492dee548bd2a0adcf3b57
F04-0259,REPORT.md,0,Every modern reported population >99% closed; no reported percentile open,,quantified prose assertion,VERIFIED,"{""modern_min_closed_share"": 0.99625468164794, ""reported_percentiles"": 1088}",verification_open_bands.csv,,90dac13322fe31df5dd237207d3da539bedc943785492dee548bd2a0adcf3b57
F04-0260,REPORT.md,0,Both February2019 headline percentiles lie in finite bands,,quantified prose assertion,VERIFIED,"{""p50"": 6.691570182701094, ""p92"": 22.064439649285735, ""band_lowers"": [6.0, 22.0]}",verification_independent_measures.csv,,90dac13322fe31df5dd237207d3da539bedc943785492dee548bd2a0adcf3b57
F04-0261,REPORT.md,0,All four official median/p92 pairs below1e-12 difference and equal totals,,quantified prose assertion,VERIFIED,"{""comparisons"": 8, ""max_abs_diff"": 3.5527136788005016e-14}",verification_official_comparison.csv,,90dac13322fe31df5dd237207d3da539bedc943785492dee548bd2a0adcf3b57
F04-0262,REPORT.md,0,National Total and summed detailed specialty band vectors equal,,quantified prose assertion,VERIFIED,"{""max_band_difference"": 0, ""populations"": 34}",verification_total_detail.csv,,90dac13322fe31df5dd237207d3da539bedc943785492dee548bd2a0adcf3b57
F04-0263,REPORT.md,0,Earlier seven national medians agree to two decimals,,quantified prose assertion,VERIFIED,"{""2024-01"": 15.039572851097873, ""2024-10"": 14.22778882811205, ""2025-05"": 13.56979489010553, ""2025-12"": 13.44575627679118, ""2026-03"": 11.32913722093741, ""2026-04"": 11.895654703189418, ""2026-05"": 12.42281680139593}",Independent raw medians vs brief historical sanitycheck,,90dac13322fe31df5dd237207d3da539bedc943785492dee548bd2a0adcf3b57
F04-0264,REPORT.md,0,RHQ absent from2025-07 onwards,,quantified prose assertion,VERIFIED,"[{""period"": ""2025-07"", ""reported_total"": 0.0}, {""period"": ""2025-08"", ""reported_total"": 0.0}, {""period"": ""2025-09"", ""reported_total"": 0.0}, {""period"": ""2025-10"", ""reported_total"": 0.0}, {""period"": ""2025-11"", ""reported_total"": 0.0}, {""period"": ""2025-12"", ""reported_total"": 0.0}, {""period"": ""2026-01"", ""reported_total"": 0.0}, {""period"": ""2026-02"", ""reported_total"": 0.0}, {""period"": ""2026-03"", ""reported_total"": 0.0}, {""period"": ""2026-04"", ""reported_total"": 0.0}, {""period"": ""2026-05"", ""reported_total"": 0.0}]",verification_provider_claims.csv,,90dac13322fe31df5dd237207d3da539bedc943785492dee548bd2a0adcf3b57
F04-0265,REPORT.md,0,RF4 absent from2025-11 through2025-11,,quantified prose assertion,VERIFIED,"[{""period"": ""2025-11"", ""reported_total"": 0.0}]",verification_provider_claims.csv,,90dac13322fe31df5dd237207d3da539bedc943785492dee548bd2a0adcf3b57
F04-0266,REPORT.md,0,RA9 absent from2026-04 onwards,,quantified prose assertion,VERIFIED,"[{""period"": ""2026-04"", ""reported_total"": 0.0}, {""period"": ""2026-05"", ""reported_total"": 0.0}]",verification_provider_claims.csv,,90dac13322fe31df5dd237207d3da539bedc943785492dee548bd2a0adcf3b57
F04-0267,REPORT.md,0,Largest national count fall November2025; largest median fall March2026,,quantified prose assertion,VERIFIED,"{""count_fall"": -145179.0, ""median_fall"": -1.837941109257498}",verification_independent_measures.csv monthly first differences,,90dac13322fe31df5dd237207d3da539bedc943785492dee548bd2a0adcf3b57
F04-0268,REPORT.md,0,March median fall remains on common providers,,quantified prose assertion,VERIFIED,"[{""period"": ""2026-02"", ""scope"": ""all"", ""providers"": 513, ""total"": 7124952, ""p50"": 13.167078330194908}, {""period"": ""2026-02"", ""scope"": ""common"", ""providers"": 511, ""total"": 7117083, ""p50"": 13.177520112886947}, {""period"": ""2026-03"", ""scope"": ""all"", ""providers"": 532, ""total"": 7014835, ""p50"": 11.32913722093741}, {""period"": ""2026-03"", ""scope"": ""common"", ""providers"": 511, ""total"": 7005811, ""p50"": 11.344345912326922}]",verification_march_common_providers.csv,,90dac13322fe31df5dd237207d3da539bedc943785492dee548bd2a0adcf3b57
