period,kind,part,code,measure,independent,primary,difference,status
2019-02,baseline,Part_2,C_100,total,317920.0,317920.0,0.0,VERIFIED
2019-02,baseline,Part_2,C_100,within18_count,268842.0,268842.0,0.0,VERIFIED
2019-02,baseline,Part_2,C_100,middle_count,48689.0,48689.0,0.0,VERIFIED
2019-02,baseline,Part_2,C_100,over52_count,389.0,389.0,0.0,VERIFIED
2019-02,baseline,Part_2,C_100,open_count,389.0,389.0,0.0,VERIFIED
2019-02,baseline,Part_2,C_100,within18_share,0.8456278309008556,0.845627830901,-1.4444001550373287e-13,VERIFIED
2019-02,baseline,Part_2,C_100,middle_share,0.153148590840463,0.15314859084,4.630185124199215e-13,VERIFIED
2019-02,baseline,Part_2,C_100,over52_share,0.0012235782586814,0.00122357825868,1.3999218451132833e-15,VERIFIED
2019-02,baseline,Part_2,C_100,closed_share,0.9987764217413184,0.998776421741,3.184119634624949e-13,VERIFIED
2019-02,baseline,Part_2,C_100,gap_weeks,6.588436166084602,6.58843616608,4.601652392466349e-12,VERIFIED
2019-02,baseline,Part_2,C_110,total,493564.0,493564.0,0.0,VERIFIED
2019-02,baseline,Part_2,C_110,within18_count,411804.0,411804.0,0.0,VERIFIED
2019-02,baseline,Part_2,C_110,middle_count,81264.0,81264.0,0.0,VERIFIED
2019-02,baseline,Part_2,C_110,over52_count,496.0,496.0,0.0,VERIFIED
2019-02,baseline,Part_2,C_110,open_count,496.0,496.0,0.0,VERIFIED
2019-02,baseline,Part_2,C_110,within18_share,0.8343477239020675,0.834347723902,6.750155989720952e-14,VERIFIED
2019-02,baseline,Part_2,C_110,middle_share,0.1646473405677885,0.164647340568,-2.1149748619109232e-13,VERIFIED
2019-02,baseline,Part_2,C_110,over52_share,0.001004935530144,0.00100493553014,4.00005549516802e-15,VERIFIED
2019-02,baseline,Part_2,C_110,closed_share,0.998995064469856,0.99899506447,-1.439959262938828e-13,VERIFIED
2019-02,baseline,Part_2,C_110,gap_weeks,6.79464587394412,6.79464587394,4.119371510569181e-12,VERIFIED
2019-02,baseline,Part_2,C_120,total,293344.0,293344.0,0.0,VERIFIED
2019-02,baseline,Part_2,C_120,within18_count,248840.0,248840.0,0.0,VERIFIED
2019-02,baseline,Part_2,C_120,middle_count,44355.0,44355.0,0.0,VERIFIED
2019-02,baseline,Part_2,C_120,over52_count,149.0,149.0,0.0,VERIFIED
2019-02,baseline,Part_2,C_120,open_count,149.0,149.0,0.0,VERIFIED
2019-02,baseline,Part_2,C_120,within18_share,0.8482873350059997,0.848287335006,-2.220446049250313e-16,VERIFIED
2019-02,baseline,Part_2,C_120,middle_share,0.1512047289189484,0.151204728919,-5.159761506945415e-14,VERIFIED
2019-02,baseline,Part_2,C_120,over52_share,0.0005079360750518,0.000507936075052,-2.0003530082357557e-16,VERIFIED
2019-02,baseline,Part_2,C_120,closed_share,0.9994920639249482,0.999492063925,-5.184741524999481e-14,VERIFIED
2019-02,baseline,Part_2,C_120,gap_weeks,5.599536516853945,5.59953651685,3.945288540307956e-12,VERIFIED
2019-02,baseline,Part_2,C_130,total,423742.0,423742.0,0.0,VERIFIED
2019-02,baseline,Part_2,C_130,within18_count,364896.0,364896.0,0.0,VERIFIED
2019-02,baseline,Part_2,C_130,middle_count,58705.0,58705.0,0.0,VERIFIED
2019-02,baseline,Part_2,C_130,over52_count,141.0,141.0,0.0,VERIFIED
2019-02,baseline,Part_2,C_130,open_count,141.0,141.0,0.0,VERIFIED
2019-02,baseline,Part_2,C_130,within18_share,0.8611277617040558,0.861127761704,5.5844218138645374e-14,VERIFIED
2019-02,baseline,Part_2,C_130,middle_share,0.1385394886511131,0.138539488651,1.1310397063368782e-13,VERIFIED
2019-02,baseline,Part_2,C_130,over52_share,0.000332749644831,0.000332749644831,0.0,VERIFIED
2019-02,baseline,Part_2,C_130,closed_share,0.9996672503551688,0.999667250355,1.687538997430238e-13,VERIFIED
2019-02,baseline,Part_2,C_130,gap_weeks,4.140881294964032,4.14088129496,4.0323300254385686e-12,VERIFIED
2019-02,baseline,Part_2,C_301,total,219774.0,219774.0,0.0,VERIFIED
2019-02,baseline,Part_2,C_301,within18_count,195090.0,195090.0,0.0,VERIFIED
2019-02,baseline,Part_2,C_301,middle_count,24654.0,24654.0,0.0,VERIFIED
2019-02,baseline,Part_2,C_301,over52_count,30.0,30.0,0.0,VERIFIED
2019-02,baseline,Part_2,C_301,open_count,30.0,30.0,0.0,VERIFIED
2019-02,baseline,Part_2,C_301,within18_share,0.8876846214747878,0.887684621475,-2.1227464230832993e-13,VERIFIED
2019-02,baseline,Part_2,C_301,middle_share,0.1121788746621529,0.112178874662,1.5290546606649968e-13,VERIFIED
2019-02,baseline,Part_2,C_301,over52_share,0.0001365038630593,0.000136503863059,2.999987411267391e-16,VERIFIED
2019-02,baseline,Part_2,C_301,closed_share,0.9998634961369408,0.999863496137,-5.917488721252084e-14,VERIFIED
2019-02,baseline,Part_2,C_301,gap_weeks,2.858740157480323,2.85874015748,3.228528555609955e-13,VERIFIED
2019-02,baseline,Part_2,C_320,total,201406.0,201406.0,0.0,VERIFIED
2019-02,baseline,Part_2,C_320,within18_count,180899.0,180899.0,0.0,VERIFIED
2019-02,baseline,Part_2,C_320,middle_count,20420.0,20420.0,0.0,VERIFIED
2019-02,baseline,Part_2,C_320,over52_count,87.0,87.0,0.0,VERIFIED
2019-02,baseline,Part_2,C_320,open_count,87.0,87.0,0.0,VERIFIED
2019-02,baseline,Part_2,C_320,within18_share,0.8981807890529577,0.898180789053,-4.2299497238218464e-14,VERIFIED
2019-02,baseline,Part_2,C_320,middle_share,0.1013872476490273,0.101387247649,2.7297608617971036e-14,VERIFIED
2019-02,baseline,Part_2,C_320,over52_share,0.0004319632980149,0.000431963298015,-1.0001765041178778e-16,VERIFIED
2019-02,baseline,Part_2,C_320,closed_share,0.999568036701985,0.999568036702,-1.4988010832439613e-14,VERIFIED
2019-02,baseline,Part_2,C_320,gap_weeks,1.7551317440401597,1.75513174404,1.596500709410975e-13,VERIFIED
2019-02,baseline,Part_2,C_400,total,126174.0,126174.0,0.0,VERIFIED
2019-02,baseline,Part_2,C_400,within18_count,108429.0,108429.0,0.0,VERIFIED
2019-02,baseline,Part_2,C_400,middle_count,17723.0,17723.0,0.0,VERIFIED
2019-02,baseline,Part_2,C_400,over52_count,22.0,22.0,0.0,VERIFIED
2019-02,baseline,Part_2,C_400,open_count,22.0,22.0,0.0,VERIFIED
2019-02,baseline,Part_2,C_400,within18_share,0.8593608825907081,0.859360882591,-2.9187763317395365e-13,VERIFIED
2019-02,baseline,Part_2,C_400,middle_share,0.1404647550208442,0.140464755021,-1.557920459305251e-13,VERIFIED
2019-02,baseline,Part_2,C_400,over52_share,0.0001743623884476,0.000174362388448,-4.0001639153852686e-16,VERIFIED
2019-02,baseline,Part_2,C_400,closed_share,0.9998256376115524,0.999825637612,-4.476419235288631e-13,VERIFIED
2019-02,baseline,Part_2,C_400,gap_weeks,4.130327613104527,4.1303276131,4.526157226791838e-12,VERIFIED
2019-02,baseline,Part_2,C_999,total,4144110.0,4144110.0,0.0,VERIFIED
2019-02,baseline,Part_2,C_999,within18_count,3604256.0,3604256.0,0.0,VERIFIED
2019-02,baseline,Part_2,C_999,middle_count,537892.0,537892.0,0.0,VERIFIED
2019-02,baseline,Part_2,C_999,over52_count,1962.0,1962.0,0.0,VERIFIED
2019-02,baseline,Part_2,C_999,open_count,1962.0,1962.0,0.0,VERIFIED
2019-02,baseline,Part_2,C_999,within18_share,0.8697298092956027,0.869729809296,-3.97237798210881e-13,VERIFIED
2019-02,baseline,Part_2,C_999,middle_share,0.1297967476732036,0.129796747673,2.0358714714063808e-13,VERIFIED
2019-02,baseline,Part_2,C_999,over52_share,0.0004734430311936,0.000473443031194,-4.0001639153852686e-16,VERIFIED
2019-02,baseline,Part_2,C_999,closed_share,0.9995265569688064,0.999526556969,-1.9351187319216478e-13,VERIFIED
2019-02,baseline,Part_2,C_999,gap_weeks,4.064439649285738,4.06443964929,-4.261480057721201e-12,VERIFIED
2024-01,monthly,Part_2,C_100,total,424169.0,424169.0,0.0,VERIFIED
2024-01,monthly,Part_2,C_100,within18_count,233202.0,233202.0,0.0,VERIFIED
2024-01,monthly,Part_2,C_100,middle_count,168216.0,168216.0,0.0,VERIFIED
2024-01,monthly,Part_2,C_100,over52_count,22751.0,22751.0,0.0,VERIFIED
2024-01,monthly,Part_2,C_100,open_count,10.0,10.0,0.0,VERIFIED
2024-01,monthly,Part_2,C_100,within18_share,0.5497855807472964,0.549785580747,2.964295475749168e-13,VERIFIED
2024-01,monthly,Part_2,C_100,middle_share,0.3965777791399182,0.39657777914,-8.176792576364278e-14,VERIFIED
2024-01,monthly,Part_2,C_100,over52_share,0.0536366401127852,0.0536366401128,-1.4800660697034118e-14,VERIFIED
2024-01,monthly,Part_2,C_100,closed_share,0.9999764244911816,0.999976424491,1.816324868286756e-13,VERIFIED
2024-01,monthly,Part_2,C_100,gap_weeks,29.34336421952959,29.3433642195,2.959055223072937e-11,VERIFIED
2024-01,monthly,Part_2,C_110,total,849406.0,849406.0,0.0,VERIFIED
2024-01,monthly,Part_2,C_110,within18_count,462703.0,462703.0,0.0,VERIFIED
2024-01,monthly,Part_2,C_110,middle_count,339801.0,339801.0,0.0,VERIFIED
2024-01,monthly,Part_2,C_110,over52_count,46902.0,46902.0,0.0,VERIFIED
2024-01,monthly,Part_2,C_110,open_count,63.0,63.0,0.0,VERIFIED
2024-01,monthly,Part_2,C_110,within18_share,0.5447371457230111,0.544737145723,1.1102230246251565e-14,VERIFIED
2024-01,monthly,Part_2,C_110,middle_share,0.4000454435217081,0.400045443522,-2.9187763317395365e-13,VERIFIED
2024-01,monthly,Part_2,C_110,over52_share,0.0552174107552807,0.0552174107553,-1.9297063946766002e-14,VERIFIED
2024-01,monthly,Part_2,C_110,closed_share,0.9999258305215644,0.999925830522,-4.3565151486291143e-13,VERIFIED
2024-01,monthly,Part_2,C_110,gap_weeks,29.45109687146627,29.4510968715,-3.3729463666531956e-11,VERIFIED
2024-01,monthly,Part_2,C_120,total,621169.0,621169.0,0.0,VERIFIED
2024-01,monthly,Part_2,C_120,within18_count,300003.0,300003.0,0.0,VERIFIED
2024-01,monthly,Part_2,C_120,middle_count,282392.0,282392.0,0.0,VERIFIED
2024-01,monthly,Part_2,C_120,over52_count,38774.0,38774.0,0.0,VERIFIED
2024-01,monthly,Part_2,C_120,open_count,11.0,11.0,0.0,VERIFIED
2024-01,monthly,Part_2,C_120,within18_share,0.4829651833880957,0.482965183388,9.57012247226885e-14,VERIFIED
2024-01,monthly,Part_2,C_120,middle_share,0.4546138007530961,0.454613800753,9.60898027813073e-14,VERIFIED
2024-01,monthly,Part_2,C_120,over52_share,0.0624210158588081,0.0624210158588,8.097689185859736e-15,VERIFIED
2024-01,monthly,Part_2,C_120,closed_share,0.9999822914536944,0.999982291454,-3.055333763768431e-13,VERIFIED
2024-01,monthly,Part_2,C_120,gap_weeks,31.50393177345287,31.5039317735,-4.7130299662967445e-11,VERIFIED
2024-01,monthly,Part_2,C_130,total,605516.0,605516.0,0.0,VERIFIED
2024-01,monthly,Part_2,C_130,within18_count,384595.0,384595.0,0.0,VERIFIED
2024-01,monthly,Part_2,C_130,middle_count,206402.0,206402.0,0.0,VERIFIED
2024-01,monthly,Part_2,C_130,over52_count,14519.0,14519.0,0.0,VERIFIED
2024-01,monthly,Part_2,C_130,open_count,8.0,8.0,0.0,VERIFIED
2024-01,monthly,Part_2,C_130,within18_share,0.6351524980347341,0.635152498035,-2.65898414397725e-13,VERIFIED
2024-01,monthly,Part_2,C_130,middle_share,0.3408696054274371,0.340869605427,4.3709480479492413e-13,VERIFIED
2024-01,monthly,Part_2,C_130,over52_share,0.0239778965378288,0.0239778965378,2.879987914816695e-14,VERIFIED
2024-01,monthly,Part_2,C_130,closed_share,0.9999867881278116,0.999986788128,-1.8840484727888906e-13,VERIFIED
2024-01,monthly,Part_2,C_130,gap_weeks,22.27081217112788,22.2708121711,2.787814423754753e-11,VERIFIED
2024-01,monthly,Part_2,C_301,total,384402.0,384402.0,0.0,VERIFIED
2024-01,monthly,Part_2,C_301,within18_count,227656.0,227656.0,0.0,VERIFIED
2024-01,monthly,Part_2,C_301,middle_count,142204.0,142204.0,0.0,VERIFIED
2024-01,monthly,Part_2,C_301,over52_count,14542.0,14542.0,0.0,VERIFIED
2024-01,monthly,Part_2,C_301,open_count,2.0,2.0,0.0,VERIFIED
2024-01,monthly,Part_2,C_301,within18_share,0.5922341715183583,0.592234171518,3.5837999234900053e-13,VERIFIED
2024-01,monthly,Part_2,C_301,middle_share,0.3699356402932346,0.369935640293,2.345901251032956e-13,VERIFIED
2024-01,monthly,Part_2,C_301,over52_share,0.0378301881884069,0.0378301881884,6.904199434387692e-15,VERIFIED
2024-01,monthly,Part_2,C_301,closed_share,0.9999947971134384,0.999994797113,4.384270724244743e-13,VERIFIED
2024-01,monthly,Part_2,C_301,gap_weeks,26.200819606267583,26.2008196063,-3.241851231905457e-11,VERIFIED
2024-01,monthly,Part_2,C_320,total,398450.0,398450.0,0.0,VERIFIED
2024-01,monthly,Part_2,C_320,within18_count,238590.0,238590.0,0.0,VERIFIED
2024-01,monthly,Part_2,C_320,middle_count,149861.0,149861.0,0.0,VERIFIED
2024-01,monthly,Part_2,C_320,over52_count,9999.0,9999.0,0.0,VERIFIED
2024-01,monthly,Part_2,C_320,open_count,3.0,3.0,0.0,VERIFIED
2024-01,monthly,Part_2,C_320,within18_share,0.5987953319111557,0.598795331911,1.5576429035490946e-13,VERIFIED
2024-01,monthly,Part_2,C_320,middle_share,0.376109925963107,0.376109925963,1.0696998842263383e-13,VERIFIED
2024-01,monthly,Part_2,C_320,over52_share,0.0250947421257372,0.0250947421257,3.7202879665798605e-14,VERIFIED
2024-01,monthly,Part_2,C_320,closed_share,0.9999924708244448,0.999992470824,4.447553436648377e-13,VERIFIED
2024-01,monthly,Part_2,C_320,gap_weeks,23.12852552659764,23.1285255266,-2.3590018827235326e-12,VERIFIED
2024-01,monthly,Part_2,C_400,total,234198.0,234198.0,0.0,VERIFIED
2024-01,monthly,Part_2,C_400,within18_count,125348.0,125348.0,0.0,VERIFIED
2024-01,monthly,Part_2,C_400,middle_count,101133.0,101133.0,0.0,VERIFIED
2024-01,monthly,Part_2,C_400,over52_count,7717.0,7717.0,0.0,VERIFIED
2024-01,monthly,Part_2,C_400,open_count,0.0,0.0,0.0,VERIFIED
2024-01,monthly,Part_2,C_400,within18_share,0.5352223332393957,0.535222333239,3.956834859764058e-13,VERIFIED
2024-01,monthly,Part_2,C_400,middle_share,0.4318269156867266,0.431826915687,-2.733924198139448e-13,VERIFIED
2024-01,monthly,Part_2,C_400,over52_share,0.0329507510738776,0.0329507510739,-2.2398749521812533e-14,VERIFIED
2024-01,monthly,Part_2,C_400,closed_share,1.0,1.0,0.0,VERIFIED
2024-01,monthly,Part_2,C_400,gap_weeks,26.03178142076503,26.0317814208,-3.497291345411213e-11,VERIFIED
2024-01,monthly,Part_2,C_999,total,7575914.0,7575914.0,0.0,VERIFIED
2024-01,monthly,Part_2,C_999,within18_count,4321271.0,4321271.0,0.0,VERIFIED
2024-01,monthly,Part_2,C_999,middle_count,2933249.0,2933249.0,0.0,VERIFIED
2024-01,monthly,Part_2,C_999,over52_count,321394.0,321394.0,0.0,VERIFIED
2024-01,monthly,Part_2,C_999,open_count,376.0,376.0,0.0,VERIFIED
2024-01,monthly,Part_2,C_999,within18_share,0.5703959944635063,0.570395994464,-4.937161790508071e-13,VERIFIED
2024-01,monthly,Part_2,C_999,middle_share,0.3871808734893242,0.387180873489,3.241851231905457e-13,VERIFIED
2024-01,monthly,Part_2,C_999,over52_share,0.0424231320471694,0.0424231320472,-3.060052211623088e-14,VERIFIED
2024-01,monthly,Part_2,C_999,closed_share,0.9999503690247804,0.999950369025,-2.1960211427085596e-13,VERIFIED
2024-01,monthly,Part_2,C_999,gap_weeks,27.268384591488037,27.2683845915,-1.1961986956521287e-11,VERIFIED
2024-02,monthly,Part_2,C_100,total,421906.0,421906.0,0.0,VERIFIED
2024-02,monthly,Part_2,C_100,within18_count,233699.0,233699.0,0.0,VERIFIED
2024-02,monthly,Part_2,C_100,middle_count,166491.0,166491.0,0.0,VERIFIED
2024-02,monthly,Part_2,C_100,over52_count,21716.0,21716.0,0.0,VERIFIED
2024-02,monthly,Part_2,C_100,open_count,19.0,19.0,0.0,VERIFIED
2024-02,monthly,Part_2,C_100,within18_share,0.5539124828753325,0.553912482875,3.325117958752344e-13,VERIFIED
2024-02,monthly,Part_2,C_100,middle_share,0.3946163363403222,0.39461633634,3.222422328974517e-13,VERIFIED
2024-02,monthly,Part_2,C_100,over52_share,0.0514711807843453,0.0514711807843,4.5304038298610294e-14,VERIFIED
2024-02,monthly,Part_2,C_100,closed_share,0.999954966272108,0.999954966272,1.0802470029602773e-13,VERIFIED
2024-02,monthly,Part_2,C_100,gap_weeks,29.008552727272736,29.0085527273,-2.7263524771115044e-11,VERIFIED
2024-02,monthly,Part_2,C_110,total,842354.0,842354.0,0.0,VERIFIED
2024-02,monthly,Part_2,C_110,within18_count,457149.0,457149.0,0.0,VERIFIED
2024-02,monthly,Part_2,C_110,middle_count,340503.0,340503.0,0.0,VERIFIED
2024-02,monthly,Part_2,C_110,over52_count,44702.0,44702.0,0.0,VERIFIED
2024-02,monthly,Part_2,C_110,open_count,36.0,36.0,0.0,VERIFIED
2024-02,monthly,Part_2,C_110,within18_share,0.5427041362657505,0.542704136266,-2.4946711363327267e-13,VERIFIED
2024-02,monthly,Part_2,C_110,middle_share,0.4042279136799968,0.40422791368,-3.219646771412954e-15,VERIFIED
2024-02,monthly,Part_2,C_110,over52_share,0.0530679500542527,0.0530679500543,-4.729550084903167e-14,VERIFIED
2024-02,monthly,Part_2,C_110,closed_share,0.9999572626235526,0.999957262624,-4.474198789239381e-13,VERIFIED
2024-02,monthly,Part_2,C_110,gap_weeks,29.18559424678275,29.1855942468,-1.7251977624255233e-11,VERIFIED
2024-02,monthly,Part_2,C_120,total,627870.0,627870.0,0.0,VERIFIED
2024-02,monthly,Part_2,C_120,within18_count,308825.0,308825.0,0.0,VERIFIED
2024-02,monthly,Part_2,C_120,middle_count,279855.0,279855.0,0.0,VERIFIED
2024-02,monthly,Part_2,C_120,over52_count,39190.0,39190.0,0.0,VERIFIED
2024-02,monthly,Part_2,C_120,open_count,19.0,19.0,0.0,VERIFIED
2024-02,monthly,Part_2,C_120,within18_share,0.4918613725771258,0.491861372577,1.2578826869003024e-13,VERIFIED
2024-02,monthly,Part_2,C_120,middle_share,0.4457212480290506,0.445721248029,5.062616992290714e-14,VERIFIED
2024-02,monthly,Part_2,C_120,over52_share,0.0624173793938235,0.0624173793938,2.3495094758629875e-14,VERIFIED
2024-02,monthly,Part_2,C_120,closed_share,0.9999697389587016,0.999969738959,-2.984279490192421e-13,VERIFIED
2024-02,monthly,Part_2,C_120,gap_weeks,31.60646178092987,31.6064617809,2.987121661135461e-11,VERIFIED
2024-02,monthly,Part_2,C_130,total,607752.0,607752.0,0.0,VERIFIED
2024-02,monthly,Part_2,C_130,within18_count,389735.0,389735.0,0.0,VERIFIED
2024-02,monthly,Part_2,C_130,middle_count,203481.0,203481.0,0.0,VERIFIED
2024-02,monthly,Part_2,C_130,over52_count,14536.0,14536.0,0.0,VERIFIED
2024-02,monthly,Part_2,C_130,open_count,3.0,3.0,0.0,VERIFIED
2024-02,monthly,Part_2,C_130,within18_share,0.641273085074175,0.641273085074,1.7497114868092467e-13,VERIFIED
2024-02,monthly,Part_2,C_130,middle_share,0.3348092643051771,0.334809264305,1.7708057242771247e-13,VERIFIED
2024-02,monthly,Part_2,C_130,over52_share,0.0239176506206478,0.0239176506206,4.779857065706494e-14,VERIFIED
2024-02,monthly,Part_2,C_130,closed_share,0.999995063776014,0.999995063776,1.3988810110276972e-14,VERIFIED
2024-02,monthly,Part_2,C_130,gap_weeks,22.279317678334067,22.2793176783,3.4066971466018003e-11,VERIFIED
2024-02,monthly,Part_2,C_301,total,390450.0,390450.0,0.0,VERIFIED
2024-02,monthly,Part_2,C_301,within18_count,233718.0,233718.0,0.0,VERIFIED
2024-02,monthly,Part_2,C_301,middle_count,142865.0,142865.0,0.0,VERIFIED
2024-02,monthly,Part_2,C_301,over52_count,13867.0,13867.0,0.0,VERIFIED
2024-02,monthly,Part_2,C_301,open_count,3.0,3.0,0.0,VERIFIED
2024-02,monthly,Part_2,C_301,within18_share,0.598586246638494,0.598586246638,4.940492459581947e-13,VERIFIED
2024-02,monthly,Part_2,C_301,middle_share,0.3658983224484569,0.365898322448,4.568567746332519e-13,VERIFIED
2024-02,monthly,Part_2,C_301,over52_share,0.035515430913049,0.035515430913,4.899552985548894e-14,VERIFIED
2024-02,monthly,Part_2,C_301,closed_share,0.999992316557818,0.999992316558,-1.8207657603852567e-13,VERIFIED
2024-02,monthly,Part_2,C_301,gap_weeks,25.32102022867194,25.3210202287,-2.8059332635166356e-11,VERIFIED
2024-02,monthly,Part_2,C_320,total,399094.0,399094.0,0.0,VERIFIED
2024-02,monthly,Part_2,C_320,within18_count,239037.0,239037.0,0.0,VERIFIED
2024-02,monthly,Part_2,C_320,middle_count,150172.0,150172.0,0.0,VERIFIED
2024-02,monthly,Part_2,C_320,over52_count,9885.0,9885.0,0.0,VERIFIED
2024-02,monthly,Part_2,C_320,open_count,1.0,1.0,0.0,VERIFIED
2024-02,monthly,Part_2,C_320,within18_share,0.5989491197562479,0.598949119756,2.4791280139879746e-13,VERIFIED
2024-02,monthly,Part_2,C_320,middle_share,0.3762822793627566,0.376282279363,-2.4341639814906557e-13,VERIFIED
2024-02,monthly,Part_2,C_320,over52_share,0.0247686008809954,0.024768600881,-4.6004866582904924e-15,VERIFIED
2024-02,monthly,Part_2,C_320,closed_share,0.9999974943246454,0.999997494325,-3.54605234065275e-13,VERIFIED
2024-02,monthly,Part_2,C_320,gap_weeks,23.067294589178367,23.0672945892,-2.163247359021625e-11,VERIFIED
2024-02,monthly,Part_2,C_400,total,233760.0,233760.0,0.0,VERIFIED
2024-02,monthly,Part_2,C_400,within18_count,125156.0,125156.0,0.0,VERIFIED
2024-02,monthly,Part_2,C_400,middle_count,101105.0,101105.0,0.0,VERIFIED
2024-02,monthly,Part_2,C_400,over52_count,7499.0,7499.0,0.0,VERIFIED
2024-02,monthly,Part_2,C_400,open_count,1.0,1.0,0.0,VERIFIED
2024-02,monthly,Part_2,C_400,within18_share,0.535403832991102,0.535403832991,1.0191847366058937e-13,VERIFIED
2024-02,monthly,Part_2,C_400,middle_share,0.4325162559890486,0.432516255989,4.85722573273506e-14,VERIFIED
2024-02,monthly,Part_2,C_400,over52_share,0.0320799110198494,0.0320799110198,4.9404924595819466e-14,VERIFIED
2024-02,monthly,Part_2,C_400,closed_share,0.9999957221081452,0.999995722108,1.4521717162097048e-13,VERIFIED
2024-02,monthly,Part_2,C_400,gap_weeks,25.61139772045592,25.6113977205,-4.4082071326556616e-11,VERIFIED
2024-02,monthly,Part_2,C_999,total,7536907.0,7536907.0,0.0,VERIFIED
2024-02,monthly,Part_2,C_999,within18_count,4338109.0,4338109.0,0.0,VERIFIED
2024-02,monthly,Part_2,C_999,middle_count,2893879.0,2893879.0,0.0,VERIFIED
2024-02,monthly,Part_2,C_999,over52_count,304919.0,304919.0,0.0,VERIFIED
2024-02,monthly,Part_2,C_999,open_count,252.0,252.0,0.0,VERIFIED
2024-02,monthly,Part_2,C_999,within18_share,0.5755821320337374,0.575582132034,-2.625677453238495e-13,VERIFIED
2024-02,monthly,Part_2,C_999,middle_share,0.3839610864244444,0.383961086424,4.443667656062189e-13,VERIFIED
2024-02,monthly,Part_2,C_999,over52_share,0.0404567815418181,0.0404567815418,1.810357419529396e-14,VERIFIED
2024-02,monthly,Part_2,C_999,closed_share,0.9999665645337006,0.999966564534,-2.994271497414047e-13,VERIFIED
2024-02,monthly,Part_2,C_999,gap_weeks,26.62936136585008,26.6293613659,-4.991917990082584e-11,VERIFIED
2024-03,monthly,Part_2,C_100,total,421329.0,421329.0,0.0,VERIFIED
2024-03,monthly,Part_2,C_100,within18_count,233438.0,233438.0,0.0,VERIFIED
2024-03,monthly,Part_2,C_100,middle_count,166896.0,166896.0,0.0,VERIFIED
2024-03,monthly,Part_2,C_100,over52_count,20995.0,20995.0,0.0,VERIFIED
2024-03,monthly,Part_2,C_100,open_count,17.0,17.0,0.0,VERIFIED
2024-03,monthly,Part_2,C_100,within18_share,0.5540515843912952,0.554051584391,2.952083022478291e-13,VERIFIED
2024-03,monthly,Part_2,C_100,middle_share,0.3961179980490306,0.396117998049,3.058664432842306e-14,VERIFIED
2024-03,monthly,Part_2,C_100,over52_share,0.0498304175596742,0.0498304175597,-2.5798807534727075e-14,VERIFIED
2024-03,monthly,Part_2,C_100,closed_share,0.9999596514837572,0.999959651484,-2.4280577548552174e-13,VERIFIED
2024-03,monthly,Part_2,C_100,gap_weeks,28.32158812615955,28.3215881262,-4.0451197946822504e-11,VERIFIED
2024-03,monthly,Part_2,C_110,total,835449.0,835449.0,0.0,VERIFIED
2024-03,monthly,Part_2,C_110,within18_count,448436.0,448436.0,0.0,VERIFIED
2024-03,monthly,Part_2,C_110,middle_count,343897.0,343897.0,0.0,VERIFIED
2024-03,monthly,Part_2,C_110,over52_count,43116.0,43116.0,0.0,VERIFIED
2024-03,monthly,Part_2,C_110,open_count,28.0,28.0,0.0,VERIFIED
2024-03,monthly,Part_2,C_110,within18_share,0.5367604725123856,0.536760472512,3.8558045645231687e-13,VERIFIED
2024-03,monthly,Part_2,C_110,middle_share,0.4116313503277878,0.411631350328,-2.1221913115709867e-13,VERIFIED
2024-03,monthly,Part_2,C_110,over52_share,0.0516081771598266,0.0516081771598,2.6603719227580314e-14,VERIFIED
2024-03,monthly,Part_2,C_110,closed_share,0.9999664850876594,0.999966485088,-3.4061642395499803e-13,VERIFIED
2024-03,monthly,Part_2,C_110,gap_weeks,28.635607347422493,28.6356073474,2.249223030048597e-11,VERIFIED
2024-03,monthly,Part_2,C_120,total,639365.0,639365.0,0.0,VERIFIED
2024-03,monthly,Part_2,C_120,within18_count,313073.0,313073.0,0.0,VERIFIED
2024-03,monthly,Part_2,C_120,middle_count,283224.0,283224.0,0.0,VERIFIED
2024-03,monthly,Part_2,C_120,over52_count,43068.0,43068.0,0.0,VERIFIED
2024-03,monthly,Part_2,C_120,open_count,18.0,18.0,0.0,VERIFIED
2024-03,monthly,Part_2,C_120,within18_share,0.4896623994119165,0.489662399412,-8.348877145181177e-14,VERIFIED
2024-03,monthly,Part_2,C_120,middle_share,0.4429770162583188,0.442977016258,3.188005415211137e-13,VERIFIED
2024-03,monthly,Part_2,C_120,over52_share,0.0673605843297646,0.0673605843298,-3.5388358909926865e-14,VERIFIED
2024-03,monthly,Part_2,C_120,closed_share,0.9999718470670118,0.999971847067,1.176836406102666e-14,VERIFIED
2024-03,monthly,Part_2,C_120,gap_weeks,31.856855151045707,31.856855151,4.5705661477768444e-11,VERIFIED
2024-03,monthly,Part_2,C_130,total,611342.0,611342.0,0.0,VERIFIED
2024-03,monthly,Part_2,C_130,within18_count,391359.0,391359.0,0.0,VERIFIED
2024-03,monthly,Part_2,C_130,middle_count,204546.0,204546.0,0.0,VERIFIED
2024-03,monthly,Part_2,C_130,over52_count,15437.0,15437.0,0.0,VERIFIED
2024-03,monthly,Part_2,C_130,open_count,3.0,3.0,0.0,VERIFIED
2024-03,monthly,Part_2,C_130,within18_share,0.6401637708516673,0.640163770852,-3.327338404801594e-13,VERIFIED
2024-03,monthly,Part_2,C_130,middle_share,0.334585223982648,0.334585223983,-3.519962099574059e-13,VERIFIED
2024-03,monthly,Part_2,C_130,over52_share,0.0252510051656846,0.0252510051657,-1.539740557277014e-14,VERIFIED
2024-03,monthly,Part_2,C_130,closed_share,0.9999950927631344,0.999995092763,1.3433698597964394e-13,VERIFIED
2024-03,monthly,Part_2,C_130,gap_weeks,22.57950948634892,22.5795094863,4.89173146434041e-11,VERIFIED
2024-03,monthly,Part_2,C_301,total,390454.0,390454.0,0.0,VERIFIED
2024-03,monthly,Part_2,C_301,within18_count,231005.0,231005.0,0.0,VERIFIED
2024-03,monthly,Part_2,C_301,middle_count,145345.0,145345.0,0.0,VERIFIED
2024-03,monthly,Part_2,C_301,over52_count,14104.0,14104.0,0.0,VERIFIED
2024-03,monthly,Part_2,C_301,open_count,2.0,2.0,0.0,VERIFIED
2024-03,monthly,Part_2,C_301,within18_share,0.591631792733587,0.591631792734,-4.1300296516055823e-13,VERIFIED
2024-03,monthly,Part_2,C_301,middle_share,0.3722461544765836,0.372246154477,-4.1638914538566496e-13,VERIFIED
2024-03,monthly,Part_2,C_301,over52_share,0.0361220527898292,0.0361220527898,2.919886554764162e-14,VERIFIED
2024-03,monthly,Part_2,C_301,closed_share,0.9999948777576873,0.999994877758,-3.127498260369066e-13,VERIFIED
2024-03,monthly,Part_2,C_301,gap_weeks,25.189410175596574,25.1894101756,-3.424815986363683e-12,VERIFIED
2024-03,monthly,Part_2,C_320,total,405304.0,405304.0,0.0,VERIFIED
2024-03,monthly,Part_2,C_320,within18_count,240196.0,240196.0,0.0,VERIFIED
2024-03,monthly,Part_2,C_320,middle_count,154556.0,154556.0,0.0,VERIFIED
2024-03,monthly,Part_2,C_320,over52_count,10552.0,10552.0,0.0,VERIFIED
2024-03,monthly,Part_2,C_320,open_count,1.0,1.0,0.0,VERIFIED
2024-03,monthly,Part_2,C_320,within18_share,0.5926317036101297,0.59263170361,1.297850715786808e-13,VERIFIED
2024-03,monthly,Part_2,C_320,middle_share,0.3813335175571916,0.381333517557,1.9156898289907076e-13,VERIFIED
2024-03,monthly,Part_2,C_320,over52_share,0.0260347788326786,0.0260347788327,-2.1399548799649892e-14,VERIFIED
2024-03,monthly,Part_2,C_320,closed_share,0.9999975327161834,0.999997532716,1.8340884366807586e-13,VERIFIED
2024-03,monthly,Part_2,C_320,gap_weeks,23.46664893617021,23.4666489362,-2.97895041967422e-11,VERIFIED
2024-03,monthly,Part_2,C_400,total,231781.0,231781.0,0.0,VERIFIED
2024-03,monthly,Part_2,C_400,within18_count,122187.0,122187.0,0.0,VERIFIED
2024-03,monthly,Part_2,C_400,middle_count,102403.0,102403.0,0.0,VERIFIED
2024-03,monthly,Part_2,C_400,over52_count,7191.0,7191.0,0.0,VERIFIED
2024-03,monthly,Part_2,C_400,open_count,1.0,1.0,0.0,VERIFIED
2024-03,monthly,Part_2,C_400,within18_share,0.527165729719002,0.527165729719,1.9984014443252818e-15,VERIFIED
2024-03,monthly,Part_2,C_400,middle_share,0.4418092941181546,0.441809294118,1.5459855617905305e-13,VERIFIED
2024-03,monthly,Part_2,C_400,over52_share,0.0310249761628433,0.0310249761628,4.330216740733306e-14,VERIFIED
2024-03,monthly,Part_2,C_400,closed_share,0.9999956855825112,0.999995685583,-4.888311977424564e-13,VERIFIED
2024-03,monthly,Part_2,C_400,gap_weeks,25.93127003699138,25.931270037,-8.622436098448816e-12,VERIFIED
2024-03,monthly,Part_2,C_999,total,7538830.0,7538830.0,0.0,VERIFIED
2024-03,monthly,Part_2,C_999,within18_count,4312728.0,4312728.0,0.0,VERIFIED
2024-03,monthly,Part_2,C_999,middle_count,2916803.0,2916803.0,0.0,VERIFIED
2024-03,monthly,Part_2,C_999,over52_count,309299.0,309299.0,0.0,VERIFIED
2024-03,monthly,Part_2,C_999,open_count,232.0,232.0,0.0,VERIFIED
2024-03,monthly,Part_2,C_999,within18_share,0.5720686101158933,0.572068610116,-1.0669243266647754e-13,VERIFIED
2024-03,monthly,Part_2,C_999,middle_share,0.3869039360219026,0.386903936022,-9.742207041085749e-14,VERIFIED
2024-03,monthly,Part_2,C_999,over52_share,0.041027453862204,0.0410274538622,4.003741782554471e-15,VERIFIED
2024-03,monthly,Part_2,C_999,closed_share,0.999969225993954,0.999969225994,-4.596323321948148e-14,VERIFIED
2024-03,monthly,Part_2,C_999,gap_weeks,26.66963716924392,26.6696371692,4.391864649733179e-11,VERIFIED
2024-04,monthly,Part_2,C_100,total,424237.0,424237.0,0.0,VERIFIED
2024-04,monthly,Part_2,C_100,within18_count,240288.0,240288.0,0.0,VERIFIED
2024-04,monthly,Part_2,C_100,middle_count,164022.0,164022.0,0.0,VERIFIED
2024-04,monthly,Part_2,C_100,over52_count,19927.0,19927.0,0.0,VERIFIED
2024-04,monthly,Part_2,C_100,open_count,10.0,10.0,0.0,VERIFIED
2024-04,monthly,Part_2,C_100,within18_share,0.5664003846906328,0.566400384691,-3.6715075424353927e-13,VERIFIED
2024-04,monthly,Part_2,C_100,middle_share,0.3866282290323569,0.386628229032,3.5688119126575657e-13,VERIFIED
2024-04,monthly,Part_2,C_100,over52_share,0.0469713862770102,0.046971386277,1.0200174038743626e-14,VERIFIED
2024-04,monthly,Part_2,C_100,closed_share,0.9999764282700472,0.99997642827,4.718447854656915e-14,VERIFIED
2024-04,monthly,Part_2,C_100,gap_weeks,28.342841455044628,28.342841455,4.462918923309189e-11,VERIFIED
2024-04,monthly,Part_2,C_110,total,832905.0,832905.0,0.0,VERIFIED
2024-04,monthly,Part_2,C_110,within18_count,455785.0,455785.0,0.0,VERIFIED
2024-04,monthly,Part_2,C_110,middle_count,335781.0,335781.0,0.0,VERIFIED
2024-04,monthly,Part_2,C_110,over52_count,41339.0,41339.0,0.0,VERIFIED
2024-04,monthly,Part_2,C_110,open_count,33.0,33.0,0.0,VERIFIED
2024-04,monthly,Part_2,C_110,within18_share,0.5472232727621997,0.547223272762,1.9972912213006566e-13,VERIFIED
2024-04,monthly,Part_2,C_110,middle_share,0.4031444162299422,0.40314441623,-5.784261958297066e-14,VERIFIED
2024-04,monthly,Part_2,C_110,over52_share,0.049632311007858,0.0496323110079,-4.2001124800350453e-14,VERIFIED
2024-04,monthly,Part_2,C_110,closed_share,0.9999603796351324,0.999960379635,1.3244960683778118e-13,VERIFIED
2024-04,monthly,Part_2,C_110,gap_weeks,28.726435675328837,28.7264356753,2.8837376930823666e-11,VERIFIED
2024-04,monthly,Part_2,C_120,total,652244.0,652244.0,0.0,VERIFIED
2024-04,monthly,Part_2,C_120,within18_count,327399.0,327399.0,0.0,VERIFIED
2024-04,monthly,Part_2,C_120,middle_count,280362.0,280362.0,0.0,VERIFIED
2024-04,monthly,Part_2,C_120,over52_count,44483.0,44483.0,0.0,VERIFIED
2024-04,monthly,Part_2,C_120,open_count,17.0,17.0,0.0,VERIFIED
2024-04,monthly,Part_2,C_120,within18_share,0.5019578562623803,0.501957856262,3.8036240823657863e-13,VERIFIED
2024-04,monthly,Part_2,C_120,middle_share,0.4298422062908972,0.429842206291,-1.028066520802895e-13,VERIFIED
2024-04,monthly,Part_2,C_120,over52_share,0.0681999374467224,0.0681999374467,2.2398749521812533e-14,VERIFIED
2024-04,monthly,Part_2,C_120,closed_share,0.99997393613433,0.999973936134,3.3006930522105904e-13,VERIFIED
2024-04,monthly,Part_2,C_120,gap_weeks,32.18888933520787,32.1888893352,7.865708084864309e-12,VERIFIED
2024-04,monthly,Part_2,C_130,total,613214.0,613214.0,0.0,VERIFIED
2024-04,monthly,Part_2,C_130,within18_count,400974.0,400974.0,0.0,VERIFIED
2024-04,monthly,Part_2,C_130,middle_count,197181.0,197181.0,0.0,VERIFIED
2024-04,monthly,Part_2,C_130,over52_count,15059.0,15059.0,0.0,VERIFIED
2024-04,monthly,Part_2,C_130,open_count,4.0,4.0,0.0,VERIFIED
2024-04,monthly,Part_2,C_130,within18_share,0.6538891806123148,0.653889180612,3.148592497836944e-13,VERIFIED
2024-04,monthly,Part_2,C_130,middle_share,0.3215533239619447,0.321553323962,-5.5289106626332796e-14,VERIFIED
2024-04,monthly,Part_2,C_130,over52_share,0.0245574954257404,0.0245574954257,4.0398240308547884e-14,VERIFIED
2024-04,monthly,Part_2,C_130,closed_share,0.999993476991719,0.999993476992,-2.809974475326271e-13,VERIFIED
2024-04,monthly,Part_2,C_130,gap_weeks,22.462481902792145,22.4624819028,-7.855049943827908e-12,VERIFIED
2024-04,monthly,Part_2,C_301,total,392168.0,392168.0,0.0,VERIFIED
2024-04,monthly,Part_2,C_301,within18_count,237712.0,237712.0,0.0,VERIFIED
2024-04,monthly,Part_2,C_301,middle_count,141300.0,141300.0,0.0,VERIFIED
2024-04,monthly,Part_2,C_301,over52_count,13156.0,13156.0,0.0,VERIFIED
2024-04,monthly,Part_2,C_301,open_count,2.0,2.0,0.0,VERIFIED
2024-04,monthly,Part_2,C_301,within18_share,0.606148385385855,0.606148385386,-1.4499512701604544e-13,VERIFIED
2024-04,monthly,Part_2,C_301,middle_share,0.3603047673446074,0.360304767345,-3.9257486150745535e-13,VERIFIED
2024-04,monthly,Part_2,C_301,over52_share,0.0335468472695375,0.0335468472695,3.749778265671466e-14,VERIFIED
2024-04,monthly,Part_2,C_301,closed_share,0.999994900144836,0.999994900145,-1.6397994073713562e-13,VERIFIED
2024-04,monthly,Part_2,C_301,gap_weeks,24.866483556198048,24.8664835562,-1.950439809661475e-12,VERIFIED
2024-04,monthly,Part_2,C_320,total,410149.0,410149.0,0.0,VERIFIED
2024-04,monthly,Part_2,C_320,within18_count,246974.0,246974.0,0.0,VERIFIED
2024-04,monthly,Part_2,C_320,middle_count,152969.0,152969.0,0.0,VERIFIED
2024-04,monthly,Part_2,C_320,over52_count,10206.0,10206.0,0.0,VERIFIED
2024-04,monthly,Part_2,C_320,open_count,0.0,0.0,0.0,VERIFIED
2024-04,monthly,Part_2,C_320,within18_share,0.6021567771712232,0.602156777171,2.2315482794965646e-13,VERIFIED
2024-04,monthly,Part_2,C_320,middle_share,0.3729595829808191,0.372959582981,-1.8091084186266926e-13,VERIFIED
2024-04,monthly,Part_2,C_320,over52_share,0.0248836398479576,0.024883639848,-4.240011119982512e-14,VERIFIED
2024-04,monthly,Part_2,C_320,closed_share,1.0,1.0,0.0,VERIFIED
2024-04,monthly,Part_2,C_320,gap_weeks,23.552587601078173,23.5525876011,-2.1827872842550278e-11,VERIFIED
2024-04,monthly,Part_2,C_400,total,234119.0,234119.0,0.0,VERIFIED
2024-04,monthly,Part_2,C_400,within18_count,124840.0,124840.0,0.0,VERIFIED
2024-04,monthly,Part_2,C_400,middle_count,102034.0,102034.0,0.0,VERIFIED
2024-04,monthly,Part_2,C_400,over52_count,7245.0,7245.0,0.0,VERIFIED
2024-04,monthly,Part_2,C_400,open_count,2.0,2.0,0.0,VERIFIED
2024-04,monthly,Part_2,C_400,within18_share,0.5332330994067119,0.533233099407,-2.881028748902281e-13,VERIFIED
2024-04,monthly,Part_2,C_400,middle_share,0.4358210995263092,0.435821099526,3.091971123581061e-13,VERIFIED
2024-04,monthly,Part_2,C_400,over52_share,0.0309458010669787,0.030945801067,-2.130240428499519e-14,VERIFIED
2024-04,monthly,Part_2,C_400,closed_share,0.9999914573357992,0.999991457336,-2.0083934515469082e-13,VERIFIED
2024-04,monthly,Part_2,C_400,gap_weeks,26.268912280701763,26.2689122807,1.7621459846850485e-12,VERIFIED
2024-04,monthly,Part_2,C_999,total,7570371.0,7570371.0,0.0,VERIFIED
2024-04,monthly,Part_2,C_999,within18_count,4408948.0,4408948.0,0.0,VERIFIED
2024-04,monthly,Part_2,C_999,middle_count,2858834.0,2858834.0,0.0,VERIFIED
2024-04,monthly,Part_2,C_999,over52_count,302589.0,302589.0,0.0,VERIFIED
2024-04,monthly,Part_2,C_999,open_count,275.0,275.0,0.0,VERIFIED
2024-04,monthly,Part_2,C_999,within18_share,0.5823952353193786,0.582395235319,3.786970736996409e-13,VERIFIED
2024-04,monthly,Part_2,C_999,middle_share,0.3776345967720736,0.377634596772,7.360778653264788e-14,VERIFIED
2024-04,monthly,Part_2,C_999,over52_share,0.0399701679085476,0.0399701679085,4.7600812180803587e-14,VERIFIED
2024-04,monthly,Part_2,C_999,closed_share,0.9999636741713188,0.999963674171,3.1885605267234496e-13,VERIFIED
2024-04,monthly,Part_2,C_999,gap_weeks,26.76257426109516,26.7625742611,-4.838796030526282e-12,VERIFIED
2024-05,monthly,Part_2,C_100,total,423275.0,423275.0,0.0,VERIFIED
2024-05,monthly,Part_2,C_100,within18_count,241452.0,241452.0,0.0,VERIFIED
2024-05,monthly,Part_2,C_100,middle_count,161903.0,161903.0,0.0,VERIFIED
2024-05,monthly,Part_2,C_100,over52_count,19920.0,19920.0,0.0,VERIFIED
2024-05,monthly,Part_2,C_100,open_count,8.0,8.0,0.0,VERIFIED
2024-05,monthly,Part_2,C_100,within18_share,0.5704376587325025,0.570437658733,-4.974909373345326e-13,VERIFIED
2024-05,monthly,Part_2,C_100,middle_share,0.3825007382907093,0.382500738291,-2.9071189899809724e-13,VERIFIED
2024-05,monthly,Part_2,C_100,over52_share,0.0470616029767881,0.0470616029768,-1.1900203045200897e-14,VERIFIED
2024-05,monthly,Part_2,C_100,closed_share,0.9999810997578408,0.999981099758,-1.5920598173124745e-13,VERIFIED
2024-05,monthly,Part_2,C_100,gap_weeks,28.49411764705882,28.4941176471,-4.1179504250976606e-11,VERIFIED
2024-05,monthly,Part_2,C_110,total,837731.0,837731.0,0.0,VERIFIED
2024-05,monthly,Part_2,C_110,within18_count,469098.0,469098.0,0.0,VERIFIED
2024-05,monthly,Part_2,C_110,middle_count,326220.0,326220.0,0.0,VERIFIED
2024-05,monthly,Part_2,C_110,over52_count,42413.0,42413.0,0.0,VERIFIED
2024-05,monthly,Part_2,C_110,open_count,28.0,28.0,0.0,VERIFIED
2024-05,monthly,Part_2,C_110,within18_share,0.5599625655490844,0.559962565549,8.43769498715119e-14,VERIFIED
2024-05,monthly,Part_2,C_110,middle_share,0.3894090107683731,0.389409010768,3.7309044742528386e-13,VERIFIED
2024-05,monthly,Part_2,C_110,over52_share,0.0506284236825424,0.0506284236825,4.240358064677707e-14,VERIFIED
2024-05,monthly,Part_2,C_110,closed_share,0.999966576383111,0.999966576383,1.1102230246251565e-13,VERIFIED
2024-05,monthly,Part_2,C_110,gap_weeks,29.19057511327989,29.1905751133,-2.0108359422010835e-11,VERIFIED
2024-05,monthly,Part_2,C_120,total,656628.0,656628.0,0.0,VERIFIED
2024-05,monthly,Part_2,C_120,within18_count,333974.0,333974.0,0.0,VERIFIED
2024-05,monthly,Part_2,C_120,middle_count,277262.0,277262.0,0.0,VERIFIED
2024-05,monthly,Part_2,C_120,over52_count,45392.0,45392.0,0.0,VERIFIED
2024-05,monthly,Part_2,C_120,open_count,6.0,6.0,0.0,VERIFIED
2024-05,monthly,Part_2,C_120,within18_share,0.5086197969017465,0.508619796902,-2.5346391652192324e-13,VERIFIED
2024-05,monthly,Part_2,C_120,middle_share,0.4222512594650243,0.422251259465,2.4313884239290928e-14,VERIFIED
2024-05,monthly,Part_2,C_120,over52_share,0.0691289436332291,0.0691289436332,2.9101721032986916e-14,VERIFIED
2024-05,monthly,Part_2,C_120,closed_share,0.9999908624061112,0.999990862406,1.1124434706744069e-13,VERIFIED
2024-05,monthly,Part_2,C_120,gap_weeks,32.446750718867506,32.4467507189,-3.249311930630938e-11,VERIFIED
2024-05,monthly,Part_2,C_130,total,613435.0,613435.0,0.0,VERIFIED
2024-05,monthly,Part_2,C_130,within18_count,407490.0,407490.0,0.0,VERIFIED
2024-05,monthly,Part_2,C_130,middle_count,190517.0,190517.0,0.0,VERIFIED
2024-05,monthly,Part_2,C_130,over52_count,15428.0,15428.0,0.0,VERIFIED
2024-05,monthly,Part_2,C_130,open_count,9.0,9.0,0.0,VERIFIED
2024-05,monthly,Part_2,C_130,within18_share,0.6642757586378345,0.664275758638,-1.6553425297161084e-13,VERIFIED
2024-05,monthly,Part_2,C_130,middle_share,0.3105740624516045,0.310574062452,-3.9546144137148076e-13,VERIFIED
2024-05,monthly,Part_2,C_130,over52_share,0.025150178910561,0.0251501789106,-3.900005318691058e-14,VERIFIED
2024-05,monthly,Part_2,C_130,closed_share,0.999985328518914,0.999985328519,-8.604228440844963e-14,VERIFIED
2024-05,monthly,Part_2,C_130,gap_weeks,22.316435124508537,22.3164351245,8.537170970157604e-12,VERIFIED
2024-05,monthly,Part_2,C_301,total,390517.0,390517.0,0.0,VERIFIED
2024-05,monthly,Part_2,C_301,within18_count,238399.0,238399.0,0.0,VERIFIED
2024-05,monthly,Part_2,C_301,middle_count,139227.0,139227.0,0.0,VERIFIED
2024-05,monthly,Part_2,C_301,over52_count,12891.0,12891.0,0.0,VERIFIED
2024-05,monthly,Part_2,C_301,open_count,1.0,1.0,0.0,VERIFIED
2024-05,monthly,Part_2,C_301,within18_share,0.6104702228072018,0.610470222807,2.0172752357439094e-13,VERIFIED
2024-05,monthly,Part_2,C_301,middle_share,0.3565196905640471,0.356519690564,4.707345624410664e-14,VERIFIED
2024-05,monthly,Part_2,C_301,over52_share,0.0330100866287511,0.0330100866288,-4.889838534083424e-14,VERIFIED
2024-05,monthly,Part_2,C_301,closed_share,0.9999974392920156,0.999997439292,1.554312234475219e-14,VERIFIED
2024-05,monthly,Part_2,C_301,gap_weeks,24.977128642501786,24.9771286425,1.787014980436652e-12,VERIFIED
2024-05,monthly,Part_2,C_320,total,412379.0,412379.0,0.0,VERIFIED
2024-05,monthly,Part_2,C_320,within18_count,250004.0,250004.0,0.0,VERIFIED
2024-05,monthly,Part_2,C_320,middle_count,151665.0,151665.0,0.0,VERIFIED
2024-05,monthly,Part_2,C_320,over52_count,10710.0,10710.0,0.0,VERIFIED
2024-05,monthly,Part_2,C_320,open_count,1.0,1.0,0.0,VERIFIED
2024-05,monthly,Part_2,C_320,within18_share,0.6062481358168093,0.606248135817,-1.907363156306019e-13,VERIFIED
2024-05,monthly,Part_2,C_320,middle_share,0.3677806095848722,0.367780609585,-1.2778667013435552e-13,VERIFIED
2024-05,monthly,Part_2,C_320,over52_share,0.0259712545983185,0.0259712545983,1.8502560594768624e-14,VERIFIED
2024-05,monthly,Part_2,C_320,closed_share,0.999997575046256,0.999997575046,2.560174294785611e-13,VERIFIED
2024-05,monthly,Part_2,C_320,gap_weeks,23.82291408934708,23.8229140893,4.708056167146424e-11,VERIFIED
2024-05,monthly,Part_2,C_400,total,234234.0,234234.0,0.0,VERIFIED
2024-05,monthly,Part_2,C_400,within18_count,125936.0,125936.0,0.0,VERIFIED
2024-05,monthly,Part_2,C_400,middle_count,100447.0,100447.0,0.0,VERIFIED
2024-05,monthly,Part_2,C_400,over52_count,7851.0,7851.0,0.0,VERIFIED
2024-05,monthly,Part_2,C_400,open_count,1.0,1.0,0.0,VERIFIED
2024-05,monthly,Part_2,C_400,within18_share,0.5376503838042299,0.537650383804,2.299271883998699e-13,VERIFIED
2024-05,monthly,Part_2,C_400,middle_share,0.428831851908775,0.428831851909,-2.2498669594028797e-13,VERIFIED
2024-05,monthly,Part_2,C_400,over52_share,0.033517764286995,0.033517764287,-4.9960036108132044e-15,VERIFIED
2024-05,monthly,Part_2,C_400,closed_share,0.9999957307649616,0.999995730765,-3.8413716652030416e-14,VERIFIED
2024-05,monthly,Part_2,C_400,gap_weeks,26.979727891156465,26.9797278912,-4.353495342002134e-11,VERIFIED
2024-05,monthly,Part_2,C_999,total,7601650.0,7601650.0,0.0,VERIFIED
2024-05,monthly,Part_2,C_999,within18_count,4491807.0,4491807.0,0.0,VERIFIED
2024-05,monthly,Part_2,C_999,middle_count,2802343.0,2802343.0,0.0,VERIFIED
2024-05,monthly,Part_2,C_999,over52_count,307500.0,307500.0,0.0,VERIFIED
2024-05,monthly,Part_2,C_999,open_count,259.0,259.0,0.0,VERIFIED
2024-05,monthly,Part_2,C_999,within18_share,0.5908989495701591,0.59089894957,1.5909495942878493e-13,VERIFIED
2024-05,monthly,Part_2,C_999,middle_share,0.3686493064005841,0.368649306401,-4.159450561758149e-13,VERIFIED
2024-05,monthly,Part_2,C_999,over52_share,0.0404517440292568,0.0404517440293,-4.3194614551822497e-14,VERIFIED
2024-05,monthly,Part_2,C_999,closed_share,0.9999659284497444,0.99996592845,-2.5557334026871104e-13,VERIFIED
2024-05,monthly,Part_2,C_999,gap_weeks,26.950909194334365,26.9509091943,3.4365399415037245e-11,VERIFIED
2024-06,monthly,Part_2,C_100,total,423728.0,423728.0,0.0,VERIFIED
2024-06,monthly,Part_2,C_100,within18_count,240583.0,240583.0,0.0,VERIFIED
2024-06,monthly,Part_2,C_100,middle_count,162755.0,162755.0,0.0,VERIFIED
2024-06,monthly,Part_2,C_100,over52_count,20390.0,20390.0,0.0,VERIFIED
2024-06,monthly,Part_2,C_100,open_count,10.0,10.0,0.0,VERIFIED
2024-06,monthly,Part_2,C_100,within18_share,0.5677769701317826,0.567776970132,-2.1738166822160565e-13,VERIFIED
2024-06,monthly,Part_2,C_100,middle_share,0.3841025374768719,0.384102537477,-1.2811973704174306e-13,VERIFIED
2024-06,monthly,Part_2,C_100,over52_share,0.0481204923913453,0.0481204923913,4.529709940470639e-14,VERIFIED
2024-06,monthly,Part_2,C_100,closed_share,0.999976399954688,0.999976399955,-3.11972669919669e-13,VERIFIED
2024-06,monthly,Part_2,C_100,gap_weeks,28.621576422206992,28.6215764222,6.991740519879386e-12,VERIFIED
2024-06,monthly,Part_2,C_110,total,840043.0,840043.0,0.0,VERIFIED
2024-06,monthly,Part_2,C_110,within18_count,471570.0,471570.0,0.0,VERIFIED
2024-06,monthly,Part_2,C_110,middle_count,325815.0,325815.0,0.0,VERIFIED
2024-06,monthly,Part_2,C_110,over52_count,42658.0,42658.0,0.0,VERIFIED
2024-06,monthly,Part_2,C_110,open_count,18.0,18.0,0.0,VERIFIED
2024-06,monthly,Part_2,C_110,within18_share,0.561364120646205,0.561364120646,2.049471703458039e-13,VERIFIED
2024-06,monthly,Part_2,C_110,middle_share,0.3878551455104084,0.38785514551,4.0839553960836383e-13,VERIFIED
2024-06,monthly,Part_2,C_110,over52_share,0.0507807338433865,0.0507807338434,-1.3496148643099559e-14,VERIFIED
2024-06,monthly,Part_2,C_110,closed_share,0.999978572525454,0.999978572525,4.539701947692265e-13,VERIFIED
2024-06,monthly,Part_2,C_110,gap_weeks,29.034881960713655,29.0348819607,1.3653078667630325e-11,VERIFIED
2024-06,monthly,Part_2,C_120,total,658437.0,658437.0,0.0,VERIFIED
2024-06,monthly,Part_2,C_120,within18_count,329861.0,329861.0,0.0,VERIFIED
2024-06,monthly,Part_2,C_120,middle_count,283743.0,283743.0,0.0,VERIFIED
2024-06,monthly,Part_2,C_120,over52_count,44833.0,44833.0,0.0,VERIFIED
2024-06,monthly,Part_2,C_120,open_count,7.0,7.0,0.0,VERIFIED
2024-06,monthly,Part_2,C_120,within18_share,0.5009757957101438,0.50097579571,1.438849039914203e-13,VERIFIED
2024-06,monthly,Part_2,C_120,middle_share,0.4309341668223383,0.430934166822,3.3834046675451646e-13,VERIFIED
2024-06,monthly,Part_2,C_120,over52_share,0.0680900374675177,0.0680900374675,1.7694179454963432e-14,VERIFIED
2024-06,monthly,Part_2,C_120,closed_share,0.9999893687626912,0.999989368763,-3.0886404545071855e-13,VERIFIED
2024-06,monthly,Part_2,C_120,gap_weeks,32.144181217555456,32.1441812176,-4.454392410480068e-11,VERIFIED
2024-06,monthly,Part_2,C_130,total,610276.0,610276.0,0.0,VERIFIED
2024-06,monthly,Part_2,C_130,within18_count,403453.0,403453.0,0.0,VERIFIED
2024-06,monthly,Part_2,C_130,middle_count,191918.0,191918.0,0.0,VERIFIED
2024-06,monthly,Part_2,C_130,over52_count,14905.0,14905.0,0.0,VERIFIED
2024-06,monthly,Part_2,C_130,open_count,8.0,8.0,0.0,VERIFIED
2024-06,monthly,Part_2,C_130,within18_share,0.6610992403437134,0.661099240344,-2.866595849582154e-13,VERIFIED
2024-06,monthly,Part_2,C_130,middle_share,0.3144773840033034,0.314477384003,3.03368441478824e-13,VERIFIED
2024-06,monthly,Part_2,C_130,over52_share,0.0244233756529832,0.024423375653,-1.67990621413594e-14,VERIFIED
2024-06,monthly,Part_2,C_130,closed_share,0.9999868911771068,0.999986891177,1.0680345496894006e-13,VERIFIED
2024-06,monthly,Part_2,C_130,gap_weeks,21.782096890817073,21.7820968908,1.7074341940315207e-11,VERIFIED
2024-06,monthly,Part_2,C_301,total,390983.0,390983.0,0.0,VERIFIED
2024-06,monthly,Part_2,C_301,within18_count,237239.0,237239.0,0.0,VERIFIED
2024-06,monthly,Part_2,C_301,middle_count,141769.0,141769.0,0.0,VERIFIED
2024-06,monthly,Part_2,C_301,over52_count,11975.0,11975.0,0.0,VERIFIED
2024-06,monthly,Part_2,C_301,open_count,3.0,3.0,0.0,VERIFIED
2024-06,monthly,Part_2,C_301,within18_share,0.606775742167818,0.606775742168,-1.8196555373606316e-13,VERIFIED
2024-06,monthly,Part_2,C_301,middle_share,0.3625963277175734,0.362596327718,-4.266031972122164e-13,VERIFIED
2024-06,monthly,Part_2,C_301,over52_share,0.0306279301146085,0.0306279301146,8.500145032286355e-15,VERIFIED
2024-06,monthly,Part_2,C_301,closed_share,0.9999923270321216,0.999992327032,1.2156942119645464e-13,VERIFIED
2024-06,monthly,Part_2,C_301,gap_weeks,24.447579570688397,24.4475795707,-1.1603162874962436e-11,VERIFIED
2024-06,monthly,Part_2,C_320,total,417312.0,417312.0,0.0,VERIFIED
2024-06,monthly,Part_2,C_320,within18_count,251224.0,251224.0,0.0,VERIFIED
2024-06,monthly,Part_2,C_320,middle_count,155862.0,155862.0,0.0,VERIFIED
2024-06,monthly,Part_2,C_320,over52_count,10226.0,10226.0,0.0,VERIFIED
2024-06,monthly,Part_2,C_320,open_count,0.0,0.0,0.0,VERIFIED
2024-06,monthly,Part_2,C_320,within18_share,0.6020052143240548,0.602005214324,5.484501741648273e-14,VERIFIED
2024-06,monthly,Part_2,C_320,middle_share,0.3734903381642512,0.373490338164,2.5118795932144167e-13,VERIFIED
2024-06,monthly,Part_2,C_320,over52_share,0.0245044475116938,0.0245044475117,-6.1999017031411086e-15,VERIFIED
2024-06,monthly,Part_2,C_320,closed_share,1.0,1.0,0.0,VERIFIED
2024-06,monthly,Part_2,C_320,gap_weeks,23.281671018276775,23.2816710183,-2.3224089318318875e-11,VERIFIED
2024-06,monthly,Part_2,C_400,total,234156.0,234156.0,0.0,VERIFIED
2024-06,monthly,Part_2,C_400,within18_count,125101.0,125101.0,0.0,VERIFIED
2024-06,monthly,Part_2,C_400,middle_count,100733.0,100733.0,0.0,VERIFIED
2024-06,monthly,Part_2,C_400,over52_count,8322.0,8322.0,0.0,VERIFIED
2024-06,monthly,Part_2,C_400,open_count,1.0,1.0,0.0,VERIFIED
2024-06,monthly,Part_2,C_400,within18_share,0.5342634824646817,0.534263482465,-3.183009411600324e-13,VERIFIED
2024-06,monthly,Part_2,C_400,middle_share,0.4301961085771879,0.430196108577,1.8784973576657649e-13,VERIFIED
2024-06,monthly,Part_2,C_400,over52_share,0.0355404089581304,0.0355404089581,3.039929419301757e-14,VERIFIED
2024-06,monthly,Part_2,C_400,closed_share,0.9999957293428312,0.999995729343,-1.687538997430238e-13,VERIFIED
2024-06,monthly,Part_2,C_400,gap_weeks,27.377021276595755,27.3770212766,-4.245492846166599e-12,VERIFIED
2024-06,monthly,Part_2,C_999,total,7621297.0,7621297.0,0.0,VERIFIED
2024-06,monthly,Part_2,C_999,within18_count,4487082.0,4487082.0,0.0,VERIFIED
2024-06,monthly,Part_2,C_999,middle_count,2831522.0,2831522.0,0.0,VERIFIED
2024-06,monthly,Part_2,C_999,over52_count,302693.0,302693.0,0.0,VERIFIED
2024-06,monthly,Part_2,C_999,open_count,120.0,120.0,0.0,VERIFIED
2024-06,monthly,Part_2,C_999,within18_share,0.5887556934206868,0.588755693421,-3.1319391524675666e-13,VERIFIED
2024-06,monthly,Part_2,C_999,middle_share,0.371527575949343,0.371527575949,3.430034034579421e-13,VERIFIED
2024-06,monthly,Part_2,C_999,over52_share,0.0397167306299702,0.03971673063,-2.9802549317281546e-14,VERIFIED
2024-06,monthly,Part_2,C_999,closed_share,0.9999842546485198,0.999984254649,-4.801714581503802e-13,VERIFIED
2024-06,monthly,Part_2,C_999,gap_weeks,26.69614424746598,26.6961442475,-3.40207861881936e-11,VERIFIED
2024-07,monthly,Part_2,C_100,total,419781.0,419781.0,0.0,VERIFIED
2024-07,monthly,Part_2,C_100,within18_count,240220.0,240220.0,0.0,VERIFIED
2024-07,monthly,Part_2,C_100,middle_count,159366.0,159366.0,0.0,VERIFIED
2024-07,monthly,Part_2,C_100,over52_count,20195.0,20195.0,0.0,VERIFIED
2024-07,monthly,Part_2,C_100,open_count,9.0,9.0,0.0,VERIFIED
2024-07,monthly,Part_2,C_100,within18_share,0.5722507688532831,0.572250768853,2.831068712794149e-13,VERIFIED
2024-07,monthly,Part_2,C_100,middle_share,0.3796408127094842,0.379640812709,4.841682610390308e-13,VERIFIED
2024-07,monthly,Part_2,C_100,over52_share,0.0481084184372327,0.0481084184372,3.270300696911477e-14,VERIFIED
2024-07,monthly,Part_2,C_100,closed_share,0.9999785602492728,0.999978560249,2.7278179715040096e-13,VERIFIED
2024-07,monthly,Part_2,C_100,gap_weeks,28.35869884575027,28.3586988458,-4.973088607584941e-11,VERIFIED
2024-07,monthly,Part_2,C_110,total,850977.0,850977.0,0.0,VERIFIED
2024-07,monthly,Part_2,C_110,within18_count,485146.0,485146.0,0.0,VERIFIED
2024-07,monthly,Part_2,C_110,middle_count,324223.0,324223.0,0.0,VERIFIED
2024-07,monthly,Part_2,C_110,over52_count,41608.0,41608.0,0.0,VERIFIED
2024-07,monthly,Part_2,C_110,open_count,17.0,17.0,0.0,VERIFIED
2024-07,monthly,Part_2,C_110,within18_share,0.5701047149335411,0.570104714934,-4.588551760775772e-13,VERIFIED
2024-07,monthly,Part_2,C_110,middle_share,0.3810008966164773,0.381000896616,4.772848782863548e-13,VERIFIED
2024-07,monthly,Part_2,C_110,over52_share,0.0488943884499816,0.04889438845,-1.840194663316197e-14,VERIFIED
2024-07,monthly,Part_2,C_110,closed_share,0.9999800229618426,0.999980022962,-1.5731860258938468e-13,VERIFIED
2024-07,monthly,Part_2,C_110,gap_weeks,28.31072625698325,28.310726257,-1.674749228186556e-11,VERIFIED
2024-07,monthly,Part_2,C_120,total,657441.0,657441.0,0.0,VERIFIED
2024-07,monthly,Part_2,C_120,within18_count,324733.0,324733.0,0.0,VERIFIED
2024-07,monthly,Part_2,C_120,middle_count,290574.0,290574.0,0.0,VERIFIED
2024-07,monthly,Part_2,C_120,over52_count,42134.0,42134.0,0.0,VERIFIED
2024-07,monthly,Part_2,C_120,open_count,7.0,7.0,0.0,VERIFIED
2024-07,monthly,Part_2,C_120,within18_share,0.4939348169645641,0.493934816965,-4.359290706190677e-13,VERIFIED
2024-07,monthly,Part_2,C_120,middle_share,0.4419773029062684,0.441977302906,2.683964162031316e-13,VERIFIED
2024-07,monthly,Part_2,C_120,over52_share,0.0640878801291674,0.0640878801292,-3.259892356055616e-14,VERIFIED
2024-07,monthly,Part_2,C_120,closed_share,0.9999893526567404,0.999989352657,-2.595701431573616e-13,VERIFIED
2024-07,monthly,Part_2,C_120,gap_weeks,31.446595390829167,31.4465953908,2.916777930295211e-11,VERIFIED
2024-07,monthly,Part_2,C_130,total,606819.0,606819.0,0.0,VERIFIED
2024-07,monthly,Part_2,C_130,within18_count,398903.0,398903.0,0.0,VERIFIED
2024-07,monthly,Part_2,C_130,middle_count,194158.0,194158.0,0.0,VERIFIED
2024-07,monthly,Part_2,C_130,over52_count,13758.0,13758.0,0.0,VERIFIED
2024-07,monthly,Part_2,C_130,open_count,1.0,1.0,0.0,VERIFIED
2024-07,monthly,Part_2,C_130,within18_share,0.65736735336237,0.657367353362,3.6992631180510216e-13,VERIFIED
2024-07,monthly,Part_2,C_130,middle_share,0.3199603176565005,0.319960317657,-4.994893387788579e-13,VERIFIED
2024-07,monthly,Part_2,C_130,over52_share,0.0226723289811294,0.0226723289811,2.9400093470854927e-14,VERIFIED
2024-07,monthly,Part_2,C_130,closed_share,0.999998352062147,0.999998352062,1.4699352846037073e-13,VERIFIED
2024-07,monthly,Part_2,C_130,gap_weeks,21.462095615556105,21.4620956156,-4.389377750158019e-11,VERIFIED
2024-07,monthly,Part_2,C_301,total,389622.0,389622.0,0.0,VERIFIED
2024-07,monthly,Part_2,C_301,within18_count,237948.0,237948.0,0.0,VERIFIED
2024-07,monthly,Part_2,C_301,middle_count,141189.0,141189.0,0.0,VERIFIED
2024-07,monthly,Part_2,C_301,over52_count,10485.0,10485.0,0.0,VERIFIED
2024-07,monthly,Part_2,C_301,open_count,1.0,1.0,0.0,VERIFIED
2024-07,monthly,Part_2,C_301,within18_share,0.6107150006929793,0.610715000693,-2.0650148258027912e-14,VERIFIED
2024-07,monthly,Part_2,C_301,middle_share,0.3623743012458228,0.362374301246,-1.7719159473017498e-13,VERIFIED
2024-07,monthly,Part_2,C_301,over52_share,0.0269106980611977,0.0269106980612,-2.3002433291452462e-15,VERIFIED
2024-07,monthly,Part_2,C_301,closed_share,0.9999974334098176,0.99999743341,-1.8240964294591322e-13,VERIFIED
2024-07,monthly,Part_2,C_301,gap_weeks,23.535986577181205,23.5359865772,-1.879385536085465e-11,VERIFIED
2024-07,monthly,Part_2,C_320,total,417864.0,417864.0,0.0,VERIFIED
2024-07,monthly,Part_2,C_320,within18_count,250335.0,250335.0,0.0,VERIFIED
2024-07,monthly,Part_2,C_320,middle_count,157725.0,157725.0,0.0,VERIFIED
2024-07,monthly,Part_2,C_320,over52_count,9804.0,9804.0,0.0,VERIFIED
2024-07,monthly,Part_2,C_320,open_count,0.0,0.0,0.0,VERIFIED
2024-07,monthly,Part_2,C_320,within18_share,0.5990824765952558,0.599082476595,2.5579538487363607e-13,VERIFIED
2024-07,monthly,Part_2,C_320,middle_share,0.3774553443225547,0.377455344323,-4.453104551771503e-13,VERIFIED
2024-07,monthly,Part_2,C_320,over52_share,0.0234621790821894,0.0234621790822,-1.0599160438218291e-14,VERIFIED
2024-07,monthly,Part_2,C_320,closed_share,1.0,1.0,0.0,VERIFIED
2024-07,monthly,Part_2,C_320,gap_weeks,23.116428340342935,23.1164283403,4.2934544808304054e-11,VERIFIED
2024-07,monthly,Part_2,C_400,total,235455.0,235455.0,0.0,VERIFIED
2024-07,monthly,Part_2,C_400,within18_count,126389.0,126389.0,0.0,VERIFIED
2024-07,monthly,Part_2,C_400,middle_count,100759.0,100759.0,0.0,VERIFIED
2024-07,monthly,Part_2,C_400,over52_count,8307.0,8307.0,0.0,VERIFIED
2024-07,monthly,Part_2,C_400,open_count,0.0,0.0,0.0,VERIFIED
2024-07,monthly,Part_2,C_400,within18_share,0.5367862224204201,0.53678622242,4.2010839251815923e-13,VERIFIED
2024-07,monthly,Part_2,C_400,middle_share,0.4279331507082032,0.427933150708,2.032263246576349e-13,VERIFIED
2024-07,monthly,Part_2,C_400,over52_share,0.0352806268713766,0.0352806268714,-2.340488913787908e-14,VERIFIED
2024-07,monthly,Part_2,C_400,closed_share,1.0,1.0,0.0,VERIFIED
2024-07,monthly,Part_2,C_400,gap_weeks,27.01439393939394,27.0143939394,-6.0609295360336546e-12,VERIFIED
2024-07,monthly,Part_2,C_999,total,7623081.0,7623081.0,0.0,VERIFIED
2024-07,monthly,Part_2,C_999,within18_count,4484009.0,4484009.0,0.0,VERIFIED
2024-07,monthly,Part_2,C_999,middle_count,2848746.0,2848746.0,0.0,VERIFIED
2024-07,monthly,Part_2,C_999,over52_count,290326.0,290326.0,0.0,VERIFIED
2024-07,monthly,Part_2,C_999,open_count,107.0,107.0,0.0,VERIFIED
2024-07,monthly,Part_2,C_999,within18_share,0.5882147913684769,0.588214791368,4.768407890765047e-13,VERIFIED
2024-07,monthly,Part_2,C_999,middle_share,0.3737000826831041,0.373700082683,1.0413891970983968e-13,VERIFIED
2024-07,monthly,Part_2,C_999,over52_share,0.038085125948419,0.0380851259484,1.899869150889799e-14,VERIFIED
2024-07,monthly,Part_2,C_999,closed_share,0.9999859636805644,0.999985963681,-4.3565151486291143e-13,VERIFIED
2024-07,monthly,Part_2,C_999,gap_weeks,26.108175717852696,26.1081757179,-4.730438263322867e-11,VERIFIED
2024-08,monthly,Part_2,C_100,total,421682.0,421682.0,0.0,VERIFIED
2024-08,monthly,Part_2,C_100,within18_count,239668.0,239668.0,0.0,VERIFIED
2024-08,monthly,Part_2,C_100,middle_count,162142.0,162142.0,0.0,VERIFIED
2024-08,monthly,Part_2,C_100,over52_count,19872.0,19872.0,0.0,VERIFIED
2024-08,monthly,Part_2,C_100,open_count,10.0,10.0,0.0,VERIFIED
2024-08,monthly,Part_2,C_100,within18_share,0.5683619409887072,0.568361940989,-2.927658115936538e-13,VERIFIED
2024-08,monthly,Part_2,C_100,middle_share,0.3845124999407136,0.384512499941,-2.8638202920205913e-13,VERIFIED
2024-08,monthly,Part_2,C_100,over52_share,0.0471255590705792,0.0471255590706,-2.080280392391387e-14,VERIFIED
2024-08,monthly,Part_2,C_100,closed_share,0.9999762854473276,0.999976285447,3.276268145668837e-13,VERIFIED
2024-08,monthly,Part_2,C_100,gap_weeks,28.422693649685975,28.4226936497,-1.4026113603904378e-11,VERIFIED
2024-08,monthly,Part_2,C_110,total,853954.0,853954.0,0.0,VERIFIED
2024-08,monthly,Part_2,C_110,within18_count,486868.0,486868.0,0.0,VERIFIED
2024-08,monthly,Part_2,C_110,middle_count,326972.0,326972.0,0.0,VERIFIED
2024-08,monthly,Part_2,C_110,over52_count,40114.0,40114.0,0.0,VERIFIED
2024-08,monthly,Part_2,C_110,open_count,18.0,18.0,0.0,VERIFIED
2024-08,monthly,Part_2,C_110,within18_share,0.5701337542771625,0.570133754277,1.6253665080512292e-13,VERIFIED
2024-08,monthly,Part_2,C_110,middle_share,0.3828918185288669,0.382891818529,-1.3311574065255627e-13,VERIFIED
2024-08,monthly,Part_2,C_110,over52_share,0.0469744271939706,0.046974427194,-2.9400093470854927e-14,VERIFIED
2024-08,monthly,Part_2,C_110,closed_share,0.999978921581256,0.999978921581,2.560174294785611e-13,VERIFIED
2024-08,monthly,Part_2,C_110,gap_weeks,28.406554872986895,28.406554873,-1.3105960761095048e-11,VERIFIED
2024-08,monthly,Part_2,C_120,total,651027.0,651027.0,0.0,VERIFIED
2024-08,monthly,Part_2,C_120,within18_count,314918.0,314918.0,0.0,VERIFIED
2024-08,monthly,Part_2,C_120,middle_count,297425.0,297425.0,0.0,VERIFIED
2024-08,monthly,Part_2,C_120,over52_count,38684.0,38684.0,0.0,VERIFIED
2024-08,monthly,Part_2,C_120,open_count,7.0,7.0,0.0,VERIFIED
2024-08,monthly,Part_2,C_120,within18_share,0.483724945355569,0.483724945356,-4.3104408931071703e-13,VERIFIED
2024-08,monthly,Part_2,C_120,middle_share,0.4568550920315133,0.456855092032,-4.866662628444374e-13,VERIFIED
2024-08,monthly,Part_2,C_120,over52_share,0.0594199626129177,0.0594199626129,1.770111834886734e-14,VERIFIED
2024-08,monthly,Part_2,C_120,closed_share,0.9999892477577736,0.999989247758,-2.2637447472106942e-13,VERIFIED
2024-08,monthly,Part_2,C_120,gap_weeks,30.871290774464697,30.8712907745,-3.530331582624058e-11,VERIFIED
2024-08,monthly,Part_2,C_130,total,608212.0,608212.0,0.0,VERIFIED
2024-08,monthly,Part_2,C_130,within18_count,397342.0,397342.0,0.0,VERIFIED
2024-08,monthly,Part_2,C_130,middle_count,197536.0,197536.0,0.0,VERIFIED
2024-08,monthly,Part_2,C_130,over52_count,13334.0,13334.0,0.0,VERIFIED
2024-08,monthly,Part_2,C_130,open_count,6.0,6.0,0.0,VERIFIED
2024-08,monthly,Part_2,C_130,within18_share,0.6532952325833755,0.653295232583,3.7547742692822794e-13,VERIFIED
2024-08,monthly,Part_2,C_130,middle_share,0.3247814906644394,0.324781490664,4.393707619954057e-13,VERIFIED
2024-08,monthly,Part_2,C_130,over52_share,0.021923276752185,0.0219232767522,-1.4998419173295474e-14,VERIFIED
2024-08,monthly,Part_2,C_130,closed_share,0.9999901350187106,0.999990135019,-2.894351425197783e-13,VERIFIED
2024-08,monthly,Part_2,C_130,gap_weeks,21.60890976514216,21.6089097651,4.2160053226325545e-11,VERIFIED
2024-08,monthly,Part_2,C_301,total,390702.0,390702.0,0.0,VERIFIED
2024-08,monthly,Part_2,C_301,within18_count,237748.0,237748.0,0.0,VERIFIED
2024-08,monthly,Part_2,C_301,middle_count,142910.0,142910.0,0.0,VERIFIED
2024-08,monthly,Part_2,C_301,over52_count,10044.0,10044.0,0.0,VERIFIED
2024-08,monthly,Part_2,C_301,open_count,0.0,0.0,0.0,VERIFIED
2024-08,monthly,Part_2,C_301,within18_share,0.6085149295370896,0.608514929537,8.959499808725013e-14,VERIFIED
2024-08,monthly,Part_2,C_301,middle_share,0.3657774979396061,0.36577749794,-3.938516179857743e-13,VERIFIED
2024-08,monthly,Part_2,C_301,over52_share,0.0257075725233042,0.0257075725233,4.201500258815827e-15,VERIFIED
2024-08,monthly,Part_2,C_301,closed_share,1.0,1.0,0.0,VERIFIED
2024-08,monthly,Part_2,C_301,gap_weeks,23.70839762611277,23.7083976261,1.2772005675287801e-11,VERIFIED
2024-08,monthly,Part_2,C_320,total,418669.0,418669.0,0.0,VERIFIED
2024-08,monthly,Part_2,C_320,within18_count,246265.0,246265.0,0.0,VERIFIED
2024-08,monthly,Part_2,C_320,middle_count,162277.0,162277.0,0.0,VERIFIED
2024-08,monthly,Part_2,C_320,over52_count,10127.0,10127.0,0.0,VERIFIED
2024-08,monthly,Part_2,C_320,open_count,1.0,1.0,0.0,VERIFIED
2024-08,monthly,Part_2,C_320,within18_share,0.5882093013812821,0.588209301381,2.821076705572523e-13,VERIFIED
2024-08,monthly,Part_2,C_320,middle_share,0.3876021391600524,0.38760213916,5.234701561107613e-14,VERIFIED
2024-08,monthly,Part_2,C_320,over52_share,0.0241885594586654,0.0241885594587,-3.4600794451833394e-14,VERIFIED
2024-08,monthly,Part_2,C_320,closed_share,0.99999761147828,0.999997611478,2.799982468104645e-13,VERIFIED
2024-08,monthly,Part_2,C_320,gap_weeks,23.716479004665644,23.7164790047,-3.4354741274000844e-11,VERIFIED
2024-08,monthly,Part_2,C_400,total,236621.0,236621.0,0.0,VERIFIED
2024-08,monthly,Part_2,C_400,within18_count,125671.0,125671.0,0.0,VERIFIED
2024-08,monthly,Part_2,C_400,middle_count,101924.0,101924.0,0.0,VERIFIED
2024-08,monthly,Part_2,C_400,over52_count,9026.0,9026.0,0.0,VERIFIED
2024-08,monthly,Part_2,C_400,open_count,1.0,1.0,0.0,VERIFIED
2024-08,monthly,Part_2,C_400,within18_share,0.5311067065053398,0.531106706505,3.397282455352979e-13,VERIFIED
2024-08,monthly,Part_2,C_400,middle_share,0.43074790487742,0.430747904877,4.199973702156967e-13,VERIFIED
2024-08,monthly,Part_2,C_400,over52_share,0.0381453886172402,0.0381453886172,4.0197012385334574e-14,VERIFIED
2024-08,monthly,Part_2,C_400,closed_share,0.9999957738324156,0.999995773832,4.155564781171961e-13,VERIFIED
2024-08,monthly,Part_2,C_400,gap_weeks,27.889045521292218,27.8890455213,-7.783995670251898e-12,VERIFIED
2024-08,monthly,Part_2,C_999,total,7641774.0,7641774.0,0.0,VERIFIED
2024-08,monthly,Part_2,C_999,within18_count,4452245.0,4452245.0,0.0,VERIFIED
2024-08,monthly,Part_2,C_999,middle_count,2906865.0,2906865.0,0.0,VERIFIED
2024-08,monthly,Part_2,C_999,over52_count,282664.0,282664.0,0.0,VERIFIED
2024-08,monthly,Part_2,C_999,open_count,124.0,124.0,0.0,VERIFIED
2024-08,monthly,Part_2,C_999,within18_share,0.5826192975610114,0.582619297561,1.1435297153639112e-14,VERIFIED
2024-08,monthly,Part_2,C_999,middle_share,0.3803913855604732,0.38039138556,4.731770530952417e-13,VERIFIED
2024-08,monthly,Part_2,C_999,over52_share,0.0369893168785153,0.0369893168785,1.530026105811544e-14,VERIFIED
2024-08,monthly,Part_2,C_999,closed_share,0.9999837734013072,0.999983773401,3.071987109137808e-13,VERIFIED
2024-08,monthly,Part_2,C_999,gap_weeks,26.374080031539528,26.3740800315,3.9527492390334373e-11,VERIFIED
2024-09,monthly,Part_2,C_100,total,413805.0,413805.0,0.0,VERIFIED
2024-09,monthly,Part_2,C_100,within18_count,238376.0,238376.0,0.0,VERIFIED
2024-09,monthly,Part_2,C_100,middle_count,158368.0,158368.0,0.0,VERIFIED
2024-09,monthly,Part_2,C_100,over52_count,17061.0,17061.0,0.0,VERIFIED
2024-09,monthly,Part_2,C_100,open_count,7.0,7.0,0.0,VERIFIED
2024-09,monthly,Part_2,C_100,within18_share,0.5760587716436486,0.576058771644,-3.5138558729386205e-13,VERIFIED
2024-09,monthly,Part_2,C_100,middle_share,0.3827116637063351,0.382711663706,3.3506530883187224e-13,VERIFIED
2024-09,monthly,Part_2,C_100,over52_share,0.0412295646500163,0.04122956465,1.629946178027808e-14,VERIFIED
2024-09,monthly,Part_2,C_100,closed_share,0.9999830838196736,0.99998308382,-3.26405569239796e-13,VERIFIED
2024-09,monthly,Part_2,C_100,gap_weeks,27.451685393258437,27.4516853933,-4.156319732828706e-11,VERIFIED
2024-09,monthly,Part_2,C_110,total,851887.0,851887.0,0.0,VERIFIED
2024-09,monthly,Part_2,C_110,within18_count,489898.0,489898.0,0.0,VERIFIED
2024-09,monthly,Part_2,C_110,middle_count,325610.0,325610.0,0.0,VERIFIED
2024-09,monthly,Part_2,C_110,over52_count,36379.0,36379.0,0.0,VERIFIED
2024-09,monthly,Part_2,C_110,open_count,20.0,20.0,0.0,VERIFIED
2024-09,monthly,Part_2,C_110,within18_share,0.5750739241237394,0.575073924124,-2.6068036618198676e-13,VERIFIED
2024-09,monthly,Part_2,C_110,middle_share,0.3822220552725889,0.382222055273,-4.1111558601869547e-13,VERIFIED
2024-09,monthly,Part_2,C_110,over52_share,0.0427040206036716,0.0427040206037,-2.8400892748692286e-14,VERIFIED
2024-09,monthly,Part_2,C_110,closed_share,0.999976522707824,0.999976522708,-1.759703494030873e-13,VERIFIED
2024-09,monthly,Part_2,C_110,gap_weeks,27.68107788366744,27.6810778837,-3.255706815252779e-11,VERIFIED
2024-09,monthly,Part_2,C_120,total,639967.0,639967.0,0.0,VERIFIED
2024-09,monthly,Part_2,C_120,within18_count,310934.0,310934.0,0.0,VERIFIED
2024-09,monthly,Part_2,C_120,middle_count,297472.0,297472.0,0.0,VERIFIED
2024-09,monthly,Part_2,C_120,over52_count,31561.0,31561.0,0.0,VERIFIED
2024-09,monthly,Part_2,C_120,open_count,2.0,2.0,0.0,VERIFIED
2024-09,monthly,Part_2,C_120,within18_share,0.4858594271267112,0.485859427127,-2.887690087050032e-13,VERIFIED
2024-09,monthly,Part_2,C_120,middle_share,0.4648239674858235,0.464823967486,-1.765254609153999e-13,VERIFIED
2024-09,monthly,Part_2,C_120,over52_share,0.0493166053874652,0.0493166053875,-3.479855292809475e-14,VERIFIED
2024-09,monthly,Part_2,C_120,closed_share,0.9999968748388588,0.999996874839,-1.412203687323199e-13,VERIFIED
2024-09,monthly,Part_2,C_120,gap_weeks,29.413058310194373,29.4130583102,-5.6274984672199935e-12,VERIFIED
2024-09,monthly,Part_2,C_130,total,600374.0,600374.0,0.0,VERIFIED
2024-09,monthly,Part_2,C_130,within18_count,392350.0,392350.0,0.0,VERIFIED
2024-09,monthly,Part_2,C_130,middle_count,195730.0,195730.0,0.0,VERIFIED
2024-09,monthly,Part_2,C_130,over52_count,12294.0,12294.0,0.0,VERIFIED
2024-09,monthly,Part_2,C_130,open_count,4.0,4.0,0.0,VERIFIED
2024-09,monthly,Part_2,C_130,within18_share,0.6535093125285238,0.653509312529,-4.761746552617296e-13,VERIFIED
2024-09,monthly,Part_2,C_130,middle_share,0.3260134516151599,0.326013451615,1.5987211554602254e-13,VERIFIED
2024-09,monthly,Part_2,C_130,over52_share,0.0204772358563162,0.0204772358563,1.6198847818671425e-14,VERIFIED
2024-09,monthly,Part_2,C_130,closed_share,0.9999933374863004,0.999993337486,3.0042635046356736e-13,VERIFIED
2024-09,monthly,Part_2,C_130,gap_weeks,20.1134082397004,20.1134082397,4.014566457044566e-13,VERIFIED
2024-09,monthly,Part_2,C_301,total,390251.0,390251.0,0.0,VERIFIED
2024-09,monthly,Part_2,C_301,within18_count,239284.0,239284.0,0.0,VERIFIED
2024-09,monthly,Part_2,C_301,middle_count,142245.0,142245.0,0.0,VERIFIED
2024-09,monthly,Part_2,C_301,over52_count,8722.0,8722.0,0.0,VERIFIED
2024-09,monthly,Part_2,C_301,open_count,2.0,2.0,0.0,VERIFIED
2024-09,monthly,Part_2,C_301,within18_share,0.6131540982598379,0.61315409826,-1.6209256159527285e-13,VERIFIED
2024-09,monthly,Part_2,C_301,middle_share,0.3644961832256675,0.364496183226,-3.325117958752344e-13,VERIFIED
2024-09,monthly,Part_2,C_301,over52_share,0.0223497185144945,0.0223497185145,-5.4990734188464785e-15,VERIFIED
2024-09,monthly,Part_2,C_301,closed_share,0.9999948750932092,0.999994875093,2.091660178393795e-13,VERIFIED
2024-09,monthly,Part_2,C_301,gap_weeks,22.913388305847093,22.9133883058,4.709121981250064e-11,VERIFIED
2024-09,monthly,Part_2,C_320,total,412164.0,412164.0,0.0,VERIFIED
2024-09,monthly,Part_2,C_320,within18_count,242201.0,242201.0,0.0,VERIFIED
2024-09,monthly,Part_2,C_320,middle_count,160822.0,160822.0,0.0,VERIFIED
2024-09,monthly,Part_2,C_320,over52_count,9141.0,9141.0,0.0,VERIFIED
2024-09,monthly,Part_2,C_320,open_count,0.0,0.0,0.0,VERIFIED
2024-09,monthly,Part_2,C_320,within18_share,0.5876325928513892,0.587632592851,3.892441924335799e-13,VERIFIED
2024-09,monthly,Part_2,C_320,middle_share,0.3901893421065401,0.390189342107,-4.599098879509711e-13,VERIFIED
2024-09,monthly,Part_2,C_320,over52_share,0.0221780650420706,0.0221780650421,-2.9400093470854927e-14,VERIFIED
2024-09,monthly,Part_2,C_320,closed_share,1.0,1.0,0.0,VERIFIED
2024-09,monthly,Part_2,C_320,gap_weeks,23.489875120076853,23.4898751201,-2.3145929617385264e-11,VERIFIED
2024-09,monthly,Part_2,C_400,total,234720.0,234720.0,0.0,VERIFIED
2024-09,monthly,Part_2,C_400,within18_count,126698.0,126698.0,0.0,VERIFIED
2024-09,monthly,Part_2,C_400,middle_count,99519.0,99519.0,0.0,VERIFIED
2024-09,monthly,Part_2,C_400,over52_count,8503.0,8503.0,0.0,VERIFIED
2024-09,monthly,Part_2,C_400,open_count,0.0,0.0,0.0,VERIFIED
2024-09,monthly,Part_2,C_400,within18_share,0.5397835719154738,0.539783571915,4.737321646075543e-13,VERIFIED
2024-09,monthly,Part_2,C_400,middle_share,0.4239902862985685,0.423990286299,-4.314881785205671e-13,VERIFIED
2024-09,monthly,Part_2,C_400,over52_share,0.0362261417859577,0.036226141786,-4.2299497238218464e-14,VERIFIED
2024-09,monthly,Part_2,C_400,closed_share,1.0,1.0,0.0,VERIFIED
2024-09,monthly,Part_2,C_400,gap_weeks,27.492685370741498,27.4926853707,4.149924848206865e-11,VERIFIED
2024-09,monthly,Part_2,C_999,total,7571549.0,7571549.0,0.0,VERIFIED
2024-09,monthly,Part_2,C_999,within18_count,4429902.0,4429902.0,0.0,VERIFIED
2024-09,monthly,Part_2,C_999,middle_count,2892623.0,2892623.0,0.0,VERIFIED
2024-09,monthly,Part_2,C_999,over52_count,249024.0,249024.0,0.0,VERIFIED
2024-09,monthly,Part_2,C_999,open_count,113.0,113.0,0.0,VERIFIED
2024-09,monthly,Part_2,C_999,within18_share,0.585072090268451,0.585072090268,4.509725926027386e-13,VERIFIED
2024-09,monthly,Part_2,C_999,middle_share,0.3820384705956469,0.382038470596,-3.5310643298203104e-13,VERIFIED
2024-09,monthly,Part_2,C_999,over52_share,0.032889439135902,0.0328894391359,1.9984014443252818e-15,VERIFIED
2024-09,monthly,Part_2,C_999,closed_share,0.9999850757090788,0.999985075709,7.882583474838611e-14,VERIFIED
2024-09,monthly,Part_2,C_999,gap_weeks,25.698909494725157,25.6989094947,2.5156765559586347e-11,VERIFIED
2024-10,monthly,Part_2,C_100,total,412644.0,412644.0,0.0,VERIFIED
2024-10,monthly,Part_2,C_100,within18_count,239771.0,239771.0,0.0,VERIFIED
2024-10,monthly,Part_2,C_100,middle_count,157044.0,157044.0,0.0,VERIFIED
2024-10,monthly,Part_2,C_100,over52_count,15829.0,15829.0,0.0,VERIFIED
2024-10,monthly,Part_2,C_100,open_count,12.0,12.0,0.0,VERIFIED
2024-10,monthly,Part_2,C_100,within18_share,0.5810601874739485,0.581060187474,-5.1514348342607263e-14,VERIFIED
2024-10,monthly,Part_2,C_100,middle_share,0.3805798702998226,0.3805798703,-1.7741363933510002e-13,VERIFIED
2024-10,monthly,Part_2,C_100,over52_share,0.0383599422262289,0.0383599422262,2.8900493109773606e-14,VERIFIED
2024-10,monthly,Part_2,C_100,closed_share,0.9999709192427372,0.999970919243,-2.6278978992877455e-13,VERIFIED
2024-10,monthly,Part_2,C_100,gap_weeks,26.816700143472055,26.8167001435,-2.794564579744474e-11,VERIFIED
2024-10,monthly,Part_2,C_110,total,855660.0,855660.0,0.0,VERIFIED
2024-10,monthly,Part_2,C_110,within18_count,497788.0,497788.0,0.0,VERIFIED
2024-10,monthly,Part_2,C_110,middle_count,323243.0,323243.0,0.0,VERIFIED
2024-10,monthly,Part_2,C_110,over52_count,34629.0,34629.0,0.0,VERIFIED
2024-10,monthly,Part_2,C_110,open_count,27.0,27.0,0.0,VERIFIED
2024-10,monthly,Part_2,C_110,within18_share,0.5817591099268401,0.581759109927,-1.5987211554602254e-13,VERIFIED
2024-10,monthly,Part_2,C_110,middle_share,0.3777703760839586,0.377770376084,-4.141131881851834e-14,VERIFIED
2024-10,monthly,Part_2,C_110,over52_share,0.0404705139892013,0.0404705139892,1.2975731600306517e-15,VERIFIED
2024-10,monthly,Part_2,C_110,closed_share,0.9999684454105604,0.999968445411,-4.39648317751562e-13,VERIFIED
2024-10,monthly,Part_2,C_110,gap_weeks,26.966145634769376,26.9661456348,-3.062439191126032e-11,VERIFIED
2024-10,monthly,Part_2,C_120,total,637647.0,637647.0,0.0,VERIFIED
2024-10,monthly,Part_2,C_120,within18_count,310467.0,310467.0,0.0,VERIFIED
2024-10,monthly,Part_2,C_120,middle_count,298068.0,298068.0,0.0,VERIFIED
2024-10,monthly,Part_2,C_120,over52_count,29112.0,29112.0,0.0,VERIFIED
2024-10,monthly,Part_2,C_120,open_count,2.0,2.0,0.0,VERIFIED
2024-10,monthly,Part_2,C_120,within18_share,0.4868947866139102,0.486894786614,-8.97615315409439e-14,VERIFIED
2024-10,monthly,Part_2,C_120,middle_share,0.4674498586208356,0.467449858621,-1.6442402994698568e-13,VERIFIED
2024-10,monthly,Part_2,C_120,over52_share,0.0456553547652541,0.0456553547653,-4.5900783174346316e-14,VERIFIED
2024-10,monthly,Part_2,C_120,closed_share,0.9999968634683454,0.999996863468,3.453903829608862e-13,VERIFIED
2024-10,monthly,Part_2,C_120,gap_weeks,29.17059148264984,29.1705914826,4.984102019989223e-11,VERIFIED
2024-10,monthly,Part_2,C_130,total,593842.0,593842.0,0.0,VERIFIED
2024-10,monthly,Part_2,C_130,within18_count,392659.0,392659.0,0.0,VERIFIED
2024-10,monthly,Part_2,C_130,middle_count,190267.0,190267.0,0.0,VERIFIED
2024-10,monthly,Part_2,C_130,over52_count,10916.0,10916.0,0.0,VERIFIED
2024-10,monthly,Part_2,C_130,open_count,8.0,8.0,0.0,VERIFIED
2024-10,monthly,Part_2,C_130,within18_share,0.6612179670686815,0.661217967069,-3.185229857649574e-13,VERIFIED
2024-10,monthly,Part_2,C_130,middle_share,0.3204000390676307,0.320400039068,-3.693156891415583e-13,VERIFIED
2024-10,monthly,Part_2,C_130,over52_share,0.0183819938636876,0.0183819938637,-1.2399803406282217e-14,VERIFIED
2024-10,monthly,Part_2,C_130,closed_share,0.999986528403178,0.999986528403,1.780797731498751e-13,VERIFIED
2024-10,monthly,Part_2,C_130,gap_weeks,19.902057541412383,19.9020575414,1.2381207170619746e-11,VERIFIED
2024-10,monthly,Part_2,C_301,total,392609.0,392609.0,0.0,VERIFIED
2024-10,monthly,Part_2,C_301,within18_count,243903.0,243903.0,0.0,VERIFIED
2024-10,monthly,Part_2,C_301,middle_count,140759.0,140759.0,0.0,VERIFIED
2024-10,monthly,Part_2,C_301,over52_count,7947.0,7947.0,0.0,VERIFIED
2024-10,monthly,Part_2,C_301,open_count,3.0,3.0,0.0,VERIFIED
2024-10,monthly,Part_2,C_301,within18_share,0.6212363954978108,0.621236395498,-1.8918200339612667e-13,VERIFIED
2024-10,monthly,Part_2,C_301,middle_share,0.3585220919540815,0.358522091954,8.154588115871775e-14,VERIFIED
2024-10,monthly,Part_2,C_301,over52_share,0.0202415125481076,0.0202415125481,7.601558271730369e-15,VERIFIED
2024-10,monthly,Part_2,C_301,closed_share,0.99999235880991,0.99999235881,-9.00390872971002e-14,VERIFIED
2024-10,monthly,Part_2,C_301,gap_weeks,21.67475000000001,21.67475,1.0658141036401503e-14,VERIFIED
2024-10,monthly,Part_2,C_320,total,412017.0,412017.0,0.0,VERIFIED
2024-10,monthly,Part_2,C_320,within18_count,245532.0,245532.0,0.0,VERIFIED
2024-10,monthly,Part_2,C_320,middle_count,157291.0,157291.0,0.0,VERIFIED
2024-10,monthly,Part_2,C_320,over52_count,9194.0,9194.0,0.0,VERIFIED
2024-10,monthly,Part_2,C_320,open_count,2.0,2.0,0.0,VERIFIED
2024-10,monthly,Part_2,C_320,within18_share,0.5959268670952897,0.595926867095,2.8976820942716586e-13,VERIFIED
2024-10,monthly,Part_2,C_320,middle_share,0.3817585196727319,0.381758519673,-2.681188604469753e-13,VERIFIED
2024-10,monthly,Part_2,C_320,over52_share,0.0223146132319782,0.022314613232,-2.1798535199124558e-14,VERIFIED
2024-10,monthly,Part_2,C_320,closed_share,0.9999951458313612,0.999995145831,3.611555499105634e-13,VERIFIED
2024-10,monthly,Part_2,C_320,gap_weeks,22.713497164461252,22.7134971645,-3.8749448094677064e-11,VERIFIED
2024-10,monthly,Part_2,C_400,total,234414.0,234414.0,0.0,VERIFIED
2024-10,monthly,Part_2,C_400,within18_count,127401.0,127401.0,0.0,VERIFIED
2024-10,monthly,Part_2,C_400,middle_count,98515.0,98515.0,0.0,VERIFIED
2024-10,monthly,Part_2,C_400,over52_count,8498.0,8498.0,0.0,VERIFIED
2024-10,monthly,Part_2,C_400,open_count,1.0,1.0,0.0,VERIFIED
2024-10,monthly,Part_2,C_400,within18_share,0.5434871637359543,0.543487163736,-4.574118861455645e-14,VERIFIED
2024-10,monthly,Part_2,C_400,middle_share,0.420260735280316,0.42026073528,3.1596947280831955e-13,VERIFIED
2024-10,monthly,Part_2,C_400,over52_share,0.0362521009837296,0.0362521009837,2.9601321394068236e-14,VERIFIED
2024-10,monthly,Part_2,C_400,closed_share,0.9999957340431884,0.999995734043,1.8840484727888906e-13,VERIFIED
2024-10,monthly,Part_2,C_400,gap_weeks,27.26408263649779,27.2640826365,-2.2097879082139116e-12,VERIFIED
2024-10,monthly,Part_2,C_999,total,7541371.0,7541371.0,0.0,VERIFIED
2024-10,monthly,Part_2,C_999,within18_count,4444500.0,4444500.0,0.0,VERIFIED
2024-10,monthly,Part_2,C_999,middle_count,2861957.0,2861957.0,0.0,VERIFIED
2024-10,monthly,Part_2,C_999,over52_count,234914.0,234914.0,0.0,VERIFIED
2024-10,monthly,Part_2,C_999,open_count,148.0,148.0,0.0,VERIFIED
2024-10,monthly,Part_2,C_999,within18_share,0.5893490719393065,0.589349071939,3.065325770990057e-13,VERIFIED
2024-10,monthly,Part_2,C_999,middle_share,0.3795008891619309,0.379500889162,-6.905587213168474e-14,VERIFIED
2024-10,monthly,Part_2,C_999,over52_share,0.0311500388987625,0.0311500388988,-3.7501252103666616e-14,VERIFIED
2024-10,monthly,Part_2,C_999,closed_share,0.999980374921218,0.999980374921,2.1804780203638074e-13,VERIFIED
2024-10,monthly,Part_2,C_999,gap_weeks,24.364463964399732,24.3644639644,-2.6645352591003757e-13,VERIFIED
2024-11,monthly,Part_2,C_100,total,409066.0,409066.0,0.0,VERIFIED
2024-11,monthly,Part_2,C_100,within18_count,237867.0,237867.0,0.0,VERIFIED
2024-11,monthly,Part_2,C_100,middle_count,156502.0,156502.0,0.0,VERIFIED
2024-11,monthly,Part_2,C_100,over52_count,14697.0,14697.0,0.0,VERIFIED
2024-11,monthly,Part_2,C_100,open_count,9.0,9.0,0.0,VERIFIED
2024-11,monthly,Part_2,C_100,within18_share,0.5814880728293234,0.581488072829,3.234079670733081e-13,VERIFIED
2024-11,monthly,Part_2,C_100,middle_share,0.3825837395432522,0.382583739543,2.521871600436043e-13,VERIFIED
2024-11,monthly,Part_2,C_100,over52_share,0.0359281876274244,0.0359281876274,2.4397150966137815e-14,VERIFIED
2024-11,monthly,Part_2,C_100,closed_share,0.9999779986603629,0.99997799866,3.6282088444750116e-13,VERIFIED
2024-11,monthly,Part_2,C_100,gap_weeks,25.65071382636657,25.6507138264,-3.3431035717512714e-11,VERIFIED
2024-11,monthly,Part_2,C_110,total,853875.0,853875.0,0.0,VERIFIED
2024-11,monthly,Part_2,C_110,within18_count,497556.0,497556.0,0.0,VERIFIED
2024-11,monthly,Part_2,C_110,middle_count,324334.0,324334.0,0.0,VERIFIED
2024-11,monthly,Part_2,C_110,over52_count,31985.0,31985.0,0.0,VERIFIED
2024-11,monthly,Part_2,C_110,open_count,27.0,27.0,0.0,VERIFIED
2024-11,monthly,Part_2,C_110,within18_share,0.582703557312253,0.582703557312,2.530198273120732e-13,VERIFIED
2024-11,monthly,Part_2,C_110,middle_share,0.3798377982725809,0.379837798273,-4.191091917959966e-13,VERIFIED
2024-11,monthly,Part_2,C_110,over52_share,0.0374586444151661,0.0374586444152,-3.389649672058681e-14,VERIFIED
2024-11,monthly,Part_2,C_110,closed_share,0.9999683794466404,0.999968379447,-3.596012376760882e-13,VERIFIED
2024-11,monthly,Part_2,C_110,gap_weeks,25.490273656445765,25.4902736564,4.576605761030805e-11,VERIFIED
2024-11,monthly,Part_2,C_120,total,633270.0,633270.0,0.0,VERIFIED
2024-11,monthly,Part_2,C_120,within18_count,311915.0,311915.0,0.0,VERIFIED
2024-11,monthly,Part_2,C_120,middle_count,293203.0,293203.0,0.0,VERIFIED
2024-11,monthly,Part_2,C_120,over52_count,28152.0,28152.0,0.0,VERIFIED
2024-11,monthly,Part_2,C_120,open_count,4.0,4.0,0.0,VERIFIED
2024-11,monthly,Part_2,C_120,within18_share,0.4925466230833609,0.492546623083,3.6087799415440713e-13,VERIFIED
2024-11,monthly,Part_2,C_120,middle_share,0.4629984051036682,0.462998405104,-3.3179015090922803e-13,VERIFIED
2024-11,monthly,Part_2,C_120,over52_share,0.0444549718129707,0.044454971813,-2.929601006229632e-14,VERIFIED
2024-11,monthly,Part_2,C_120,closed_share,0.9999936835788842,0.999993683579,-1.1579626146840383e-13,VERIFIED
2024-11,monthly,Part_2,C_120,gap_weeks,28.035366321442275,28.0353663214,4.227374006404716e-11,VERIFIED
2024-11,monthly,Part_2,C_130,total,583645.0,583645.0,0.0,VERIFIED
2024-11,monthly,Part_2,C_130,within18_count,388707.0,388707.0,0.0,VERIFIED
2024-11,monthly,Part_2,C_130,middle_count,184994.0,184994.0,0.0,VERIFIED
2024-11,monthly,Part_2,C_130,over52_count,9944.0,9944.0,0.0,VERIFIED
2024-11,monthly,Part_2,C_130,open_count,10.0,10.0,0.0,VERIFIED
2024-11,monthly,Part_2,C_130,within18_share,0.6659990233789376,0.665999023379,-6.23945339839338e-14,VERIFIED
2024-11,monthly,Part_2,C_130,middle_share,0.316963222506832,0.316963222507,-1.6797674362578618e-13,VERIFIED
2024-11,monthly,Part_2,C_130,over52_share,0.0170377541142303,0.0170377541142,3.0302149678362866e-14,VERIFIED
2024-11,monthly,Part_2,C_130,closed_share,0.9999828662971498,0.999982866297,1.4988010832439613e-13,VERIFIED
2024-11,monthly,Part_2,C_130,gap_weeks,19.766460422445064,19.7664604224,4.5062620301905554e-11,VERIFIED
2024-11,monthly,Part_2,C_301,total,392808.0,392808.0,0.0,VERIFIED
2024-11,monthly,Part_2,C_301,within18_count,246015.0,246015.0,0.0,VERIFIED
2024-11,monthly,Part_2,C_301,middle_count,139158.0,139158.0,0.0,VERIFIED
2024-11,monthly,Part_2,C_301,over52_count,7635.0,7635.0,0.0,VERIFIED
2024-11,monthly,Part_2,C_301,open_count,4.0,4.0,0.0,VERIFIED
2024-11,monthly,Part_2,C_301,within18_share,0.6262983442292418,0.626298344229,2.418065747633591e-13,VERIFIED
2024-11,monthly,Part_2,C_301,middle_share,0.3542646789271094,0.354264678927,1.0941247907680918e-13,VERIFIED
2024-11,monthly,Part_2,C_301,over52_share,0.0194369768436488,0.0194369768436,4.8797771379227584e-14,VERIFIED
2024-11,monthly,Part_2,C_301,closed_share,0.999989816908006,0.999989816908,5.995204332975845e-15,VERIFIED
2024-11,monthly,Part_2,C_301,gap_weeks,21.20549915966388,21.2054991597,-3.612043997236469e-11,VERIFIED
2024-11,monthly,Part_2,C_320,total,411612.0,411612.0,0.0,VERIFIED
2024-11,monthly,Part_2,C_320,within18_count,244919.0,244919.0,0.0,VERIFIED
2024-11,monthly,Part_2,C_320,middle_count,157039.0,157039.0,0.0,VERIFIED
2024-11,monthly,Part_2,C_320,over52_count,9654.0,9654.0,0.0,VERIFIED
2024-11,monthly,Part_2,C_320,open_count,5.0,5.0,0.0,VERIFIED
2024-11,monthly,Part_2,C_320,within18_share,0.5950239545980195,0.595023954598,1.9539925233402755e-14,VERIFIED
2024-11,monthly,Part_2,C_320,middle_share,0.3815219187001351,0.3815219187,1.350586309456503e-13,VERIFIED
2024-11,monthly,Part_2,C_320,over52_share,0.0234541267018454,0.0234541267018,4.5401182813264995e-14,VERIFIED
2024-11,monthly,Part_2,C_320,closed_share,0.9999878526379212,0.999987852638,-7.882583474838611e-14,VERIFIED
2024-11,monthly,Part_2,C_320,gap_weeks,22.934438372799043,22.9344383728,-9.556799795973347e-13,VERIFIED
2024-11,monthly,Part_2,C_400,total,234563.0,234563.0,0.0,VERIFIED
2024-11,monthly,Part_2,C_400,within18_count,127977.0,127977.0,0.0,VERIFIED
2024-11,monthly,Part_2,C_400,middle_count,98503.0,98503.0,0.0,VERIFIED
2024-11,monthly,Part_2,C_400,over52_count,8083.0,8083.0,0.0,VERIFIED
2024-11,monthly,Part_2,C_400,open_count,1.0,1.0,0.0,VERIFIED
2024-11,monthly,Part_2,C_400,within18_share,0.5455975580121332,0.545597558012,1.3311574065255627e-13,VERIFIED
2024-11,monthly,Part_2,C_400,middle_share,0.4199426166957278,0.419942616696,-2.722266856380884e-13,VERIFIED
2024-11,monthly,Part_2,C_400,over52_share,0.034459825292139,0.0344598252921,3.8996583739958623e-14,VERIFIED
2024-11,monthly,Part_2,C_400,closed_share,0.999995736753026,0.999995736753,2.5979218776228663e-14,VERIFIED
2024-11,monthly,Part_2,C_400,gap_weeks,25.996778032036623,25.996778032,3.6621372601075564e-11,VERIFIED
2024-11,monthly,Part_2,C_999,total,7479867.0,7479867.0,0.0,VERIFIED
2024-11,monthly,Part_2,C_999,within18_count,4424701.0,4424701.0,0.0,VERIFIED
2024-11,monthly,Part_2,C_999,middle_count,2833599.0,2833599.0,0.0,VERIFIED
2024-11,monthly,Part_2,C_999,over52_count,221567.0,221567.0,0.0,VERIFIED
2024-11,monthly,Part_2,C_999,open_count,151.0,151.0,0.0,VERIFIED
2024-11,monthly,Part_2,C_999,within18_share,0.5915480850127416,0.591548085013,-2.5845992013273644e-13,VERIFIED
2024-11,monthly,Part_2,C_999,middle_share,0.3788301316052812,0.378830131605,2.811639809863209e-13,VERIFIED
2024-11,monthly,Part_2,C_999,over52_share,0.0296217833819772,0.029621783382,-2.2801205368239152e-14,VERIFIED
2024-11,monthly,Part_2,C_999,closed_share,0.9999798124752752,0.999979812475,2.752242878045763e-13,VERIFIED
2024-11,monthly,Part_2,C_999,gap_weeks,24.232045723844713,24.2320457238,4.4714454361383105e-11,VERIFIED
2024-12,monthly,Part_2,C_100,total,407980.0,407980.0,0.0,VERIFIED
2024-12,monthly,Part_2,C_100,within18_count,235553.0,235553.0,0.0,VERIFIED
2024-12,monthly,Part_2,C_100,middle_count,158689.0,158689.0,0.0,VERIFIED
2024-12,monthly,Part_2,C_100,over52_count,13738.0,13738.0,0.0,VERIFIED
2024-12,monthly,Part_2,C_100,open_count,8.0,8.0,0.0,VERIFIED
2024-12,monthly,Part_2,C_100,within18_share,0.5773640864748272,0.577364086475,-1.7286172493413687e-13,VERIFIED
2024-12,monthly,Part_2,C_100,middle_share,0.3889626942497181,0.38896269425,-2.819411371035585e-13,VERIFIED
2024-12,monthly,Part_2,C_100,over52_share,0.0336732192754546,0.0336732192755,-4.5401182813264995e-14,VERIFIED
2024-12,monthly,Part_2,C_100,closed_share,0.9999803911956467,0.999980391196,-3.532729664357248e-13,VERIFIED
2024-12,monthly,Part_2,C_100,gap_weeks,26.211935266352,26.2119352664,-4.800071451427357e-11,VERIFIED
2024-12,monthly,Part_2,C_110,total,853202.0,853202.0,0.0,VERIFIED
2024-12,monthly,Part_2,C_110,within18_count,489190.0,489190.0,0.0,VERIFIED
2024-12,monthly,Part_2,C_110,middle_count,334808.0,334808.0,0.0,VERIFIED
2024-12,monthly,Part_2,C_110,over52_count,29204.0,29204.0,0.0,VERIFIED
2024-12,monthly,Part_2,C_110,open_count,30.0,30.0,0.0,VERIFIED
2024-12,monthly,Part_2,C_110,within18_share,0.5733577745949963,0.573357774595,-3.774758283725532e-15,VERIFIED
2024-12,monthly,Part_2,C_110,middle_share,0.3924135198932961,0.392413519893,2.9609648066752925e-13,VERIFIED
2024-12,monthly,Part_2,C_110,over52_share,0.0342287055117076,0.0342287055117,7.598088824778415e-15,VERIFIED
2024-12,monthly,Part_2,C_110,closed_share,0.9999648383384006,0.999964838338,4.005684672847565e-13,VERIFIED
2024-12,monthly,Part_2,C_110,gap_weeks,25.98933333333335,25.9893333333,3.33493233029003e-11,VERIFIED
2024-12,monthly,Part_2,C_120,total,633387.0,633387.0,0.0,VERIFIED
2024-12,monthly,Part_2,C_120,within18_count,311845.0,311845.0,0.0,VERIFIED
2024-12,monthly,Part_2,C_120,middle_count,295393.0,295393.0,0.0,VERIFIED
2024-12,monthly,Part_2,C_120,over52_count,26149.0,26149.0,0.0,VERIFIED
2024-12,monthly,Part_2,C_120,open_count,5.0,5.0,0.0,VERIFIED
2024-12,monthly,Part_2,C_120,within18_share,0.4923451223343706,0.492345122334,3.7059244561987725e-13,VERIFIED
2024-12,monthly,Part_2,C_120,middle_share,0.4663704812381687,0.466370481238,1.6869838859179254e-13,VERIFIED
2024-12,monthly,Part_2,C_120,over52_share,0.0412843964274606,0.0412843964275,-3.939903958638524e-14,VERIFIED
2024-12,monthly,Part_2,C_120,closed_share,0.9999921059320764,0.999992105932,7.638334409421077e-14,VERIFIED
2024-12,monthly,Part_2,C_120,gap_weeks,28.786944868532665,28.7869448685,3.2663649562891806e-11,VERIFIED
2024-12,monthly,Part_2,C_130,total,589336.0,589336.0,0.0,VERIFIED
2024-12,monthly,Part_2,C_130,within18_count,393427.0,393427.0,0.0,VERIFIED
2024-12,monthly,Part_2,C_130,middle_count,186423.0,186423.0,0.0,VERIFIED
2024-12,monthly,Part_2,C_130,over52_count,9486.0,9486.0,0.0,VERIFIED
2024-12,monthly,Part_2,C_130,open_count,5.0,5.0,0.0,VERIFIED
2024-12,monthly,Part_2,C_130,within18_share,0.6675767304220342,0.667576730422,3.419486915845482e-14,VERIFIED
2024-12,monthly,Part_2,C_130,middle_share,0.3163271885647576,0.316327188565,-2.4236168627567167e-13,VERIFIED
2024-12,monthly,Part_2,C_130,over52_share,0.016096081013208,0.0160960810132,8.000544671205034e-15,VERIFIED
2024-12,monthly,Part_2,C_130,closed_share,0.9999915158754936,0.999991515875,4.936051567483446e-13,VERIFIED
2024-12,monthly,Part_2,C_130,gap_weeks,20.188943396226417,20.1889433962,2.6417978915560525e-11,VERIFIED
2024-12,monthly,Part_2,C_301,total,396642.0,396642.0,0.0,VERIFIED
2024-12,monthly,Part_2,C_301,within18_count,248013.0,248013.0,0.0,VERIFIED
2024-12,monthly,Part_2,C_301,middle_count,141594.0,141594.0,0.0,VERIFIED
2024-12,monthly,Part_2,C_301,over52_count,7035.0,7035.0,0.0,VERIFIED
2024-12,monthly,Part_2,C_301,open_count,13.0,13.0,0.0,VERIFIED
2024-12,monthly,Part_2,C_301,within18_share,0.625281740209055,0.625281740209,5.5067062021407764e-14,VERIFIED
2024-12,monthly,Part_2,C_301,middle_share,0.3569818627376828,0.356981862738,-3.171907181354072e-13,VERIFIED
2024-12,monthly,Part_2,C_301,over52_share,0.0177363970532621,0.0177363970533,-3.790023850314128e-14,VERIFIED
2024-12,monthly,Part_2,C_301,closed_share,0.999967224852638,0.999967224853,-3.6204372833026355e-13,VERIFIED
2024-12,monthly,Part_2,C_301,gap_weeks,21.24645294725957,21.2464529473,-4.04298816647497e-11,VERIFIED
2024-12,monthly,Part_2,C_320,total,412953.0,412953.0,0.0,VERIFIED
2024-12,monthly,Part_2,C_320,within18_count,247292.0,247292.0,0.0,VERIFIED
2024-12,monthly,Part_2,C_320,middle_count,156842.0,156842.0,0.0,VERIFIED
2024-12,monthly,Part_2,C_320,over52_count,8819.0,8819.0,0.0,VERIFIED
2024-12,monthly,Part_2,C_320,open_count,2.0,2.0,0.0,VERIFIED
2024-12,monthly,Part_2,C_320,within18_share,0.5988381244354685,0.598838124435,4.685141163918161e-13,VERIFIED
2024-12,monthly,Part_2,C_320,middle_share,0.3798059343315099,0.379805934332,-4.901079542207754e-13,VERIFIED
2024-12,monthly,Part_2,C_320,over52_share,0.0213559412330216,0.021355941233,2.1597307275911248e-14,VERIFIED
2024-12,monthly,Part_2,C_320,closed_share,0.9999951568338286,0.999995156834,-1.7141843500212417e-13,VERIFIED
2024-12,monthly,Part_2,C_320,gap_weeks,23.30746144721234,23.3074614472,1.233857460647414e-11,VERIFIED
2024-12,monthly,Part_2,C_400,total,233555.0,233555.0,0.0,VERIFIED
2024-12,monthly,Part_2,C_400,within18_count,126510.0,126510.0,0.0,VERIFIED
2024-12,monthly,Part_2,C_400,middle_count,99960.0,99960.0,0.0,VERIFIED
2024-12,monthly,Part_2,C_400,over52_count,7085.0,7085.0,0.0,VERIFIED
2024-12,monthly,Part_2,C_400,open_count,0.0,0.0,0.0,VERIFIED
2024-12,monthly,Part_2,C_400,within18_share,0.5416711267153347,0.541671126715,3.347322419244847e-13,VERIFIED
2024-12,monthly,Part_2,C_400,middle_share,0.4279934062640491,0.427993406264,4.907185768843192e-14,VERIFIED
2024-12,monthly,Part_2,C_400,over52_share,0.0303354670206161,0.0303354670206,1.6101703304016723e-14,VERIFIED
2024-12,monthly,Part_2,C_400,closed_share,1.0,1.0,0.0,VERIFIED
2024-12,monthly,Part_2,C_400,gap_weeks,26.452558782849245,26.4525587828,4.9244164301853743e-11,VERIFIED
2024-12,monthly,Part_2,C_999,total,7463085.0,7463085.0,0.0,VERIFIED
2024-12,monthly,Part_2,C_999,within18_count,4398544.0,4398544.0,0.0,VERIFIED
2024-12,monthly,Part_2,C_999,middle_count,2864139.0,2864139.0,0.0,VERIFIED
2024-12,monthly,Part_2,C_999,over52_count,200402.0,200402.0,0.0,VERIFIED
2024-12,monthly,Part_2,C_999,open_count,155.0,155.0,0.0,VERIFIED
2024-12,monthly,Part_2,C_999,within18_share,0.5893734293526068,0.589373429353,-3.9312997301976793e-13,VERIFIED
2024-12,monthly,Part_2,C_999,middle_share,0.383774136298863,0.383774136299,-1.3700152123874432e-13,VERIFIED
2024-12,monthly,Part_2,C_999,over52_share,0.0268524343485301,0.0268524343485,3.00974523081976e-14,VERIFIED
2024-12,monthly,Part_2,C_999,closed_share,0.9999792311088512,0.999979231109,-1.4876988529977098e-13,VERIFIED
2024-12,monthly,Part_2,C_999,gap_weeks,24.734958528911996,24.7349585289,1.1997514093309292e-11,VERIFIED
2025-01,monthly,Part_2,C_100,total,406921.0,406921.0,0.0,VERIFIED
2025-01,monthly,Part_2,C_100,within18_count,234847.0,234847.0,0.0,VERIFIED
2025-01,monthly,Part_2,C_100,middle_count,158945.0,158945.0,0.0,VERIFIED
2025-01,monthly,Part_2,C_100,over52_count,13129.0,13129.0,0.0,VERIFIED
2025-01,monthly,Part_2,C_100,open_count,7.0,7.0,0.0,VERIFIED
2025-01,monthly,Part_2,C_100,within18_share,0.5771316791219917,0.577131679122,-8.326672684688674e-15,VERIFIED
2025-01,monthly,Part_2,C_100,middle_share,0.3906040730264596,0.390604073026,4.596323321948148e-13,VERIFIED
2025-01,monthly,Part_2,C_100,over52_share,0.0322642478515485,0.0322642478515,4.8502868388311526e-14,VERIFIED
2025-01,monthly,Part_2,C_100,closed_share,0.9999827976437689,0.999982797644,-2.311484337269576e-13,VERIFIED
2025-01,monthly,Part_2,C_100,gap_weeks,25.929091764705888,25.9290917647,5.88684656577243e-12,VERIFIED
2025-01,monthly,Part_2,C_110,total,847963.0,847963.0,0.0,VERIFIED
2025-01,monthly,Part_2,C_110,within18_count,479617.0,479617.0,0.0,VERIFIED
2025-01,monthly,Part_2,C_110,middle_count,339895.0,339895.0,0.0,VERIFIED
2025-01,monthly,Part_2,C_110,over52_count,28451.0,28451.0,0.0,VERIFIED
2025-01,monthly,Part_2,C_110,open_count,29.0,29.0,0.0,VERIFIED
2025-01,monthly,Part_2,C_110,within18_share,0.5656107636771888,0.565610763677,1.887379141862766e-13,VERIFIED
2025-01,monthly,Part_2,C_110,middle_share,0.4008370648247624,0.400837064825,-2.375877272697835e-13,VERIFIED
2025-01,monthly,Part_2,C_110,over52_share,0.0335521714980488,0.033552171498,4.880124082617954e-14,VERIFIED
2025-01,monthly,Part_2,C_110,closed_share,0.9999658003945928,0.999965800395,-4.072298054325074e-13,VERIFIED
2025-01,monthly,Part_2,C_110,gap_weeks,25.57782845810612,25.5778284581,6.117772954894463e-12,VERIFIED
2025-01,monthly,Part_2,C_120,total,637631.0,637631.0,0.0,VERIFIED
2025-01,monthly,Part_2,C_120,within18_count,315556.0,315556.0,0.0,VERIFIED
2025-01,monthly,Part_2,C_120,middle_count,295431.0,295431.0,0.0,VERIFIED
2025-01,monthly,Part_2,C_120,over52_count,26644.0,26644.0,0.0,VERIFIED
2025-01,monthly,Part_2,C_120,open_count,7.0,7.0,0.0,VERIFIED
2025-01,monthly,Part_2,C_120,within18_share,0.4948881092669585,0.494888109267,-4.1522341120980855e-14,VERIFIED
2025-01,monthly,Part_2,C_120,middle_share,0.4633259675266729,0.463325967527,-3.2712721420580237e-13,VERIFIED
2025-01,monthly,Part_2,C_120,over52_share,0.0417859232063685,0.0417859232064,-3.149563942983491e-14,VERIFIED
2025-01,monthly,Part_2,C_120,closed_share,0.9999890218637424,0.999989021864,-2.575717417130363e-13,VERIFIED
2025-01,monthly,Part_2,C_120,gap_weeks,29.11574659071293,29.1157465907,1.2931877790833823e-11,VERIFIED
2025-01,monthly,Part_2,C_130,total,579892.0,579892.0,0.0,VERIFIED
2025-01,monthly,Part_2,C_130,within18_count,387020.0,387020.0,0.0,VERIFIED
2025-01,monthly,Part_2,C_130,middle_count,183671.0,183671.0,0.0,VERIFIED
2025-01,monthly,Part_2,C_130,over52_count,9201.0,9201.0,0.0,VERIFIED
2025-01,monthly,Part_2,C_130,open_count,2.0,2.0,0.0,VERIFIED
2025-01,monthly,Part_2,C_130,within18_share,0.6674001365771558,0.667400136577,1.5576429035490946e-13,VERIFIED
2025-01,monthly,Part_2,C_130,middle_share,0.3167331158215667,0.316733115822,-4.3326453535996734e-13,VERIFIED
2025-01,monthly,Part_2,C_130,over52_share,0.0158667476012774,0.0158667476013,-2.2599977445025843e-14,VERIFIED
2025-01,monthly,Part_2,C_130,closed_share,0.9999965510819256,0.999996551082,-7.438494264988549e-14,VERIFIED
2025-01,monthly,Part_2,C_130,gap_weeks,20.3648923246825,20.3648923247,-1.7500667581771268e-11,VERIFIED
2025-01,monthly,Part_2,C_301,total,395862.0,395862.0,0.0,VERIFIED
2025-01,monthly,Part_2,C_301,within18_count,247323.0,247323.0,0.0,VERIFIED
2025-01,monthly,Part_2,C_301,middle_count,141442.0,141442.0,0.0,VERIFIED
2025-01,monthly,Part_2,C_301,over52_count,7097.0,7097.0,0.0,VERIFIED
2025-01,monthly,Part_2,C_301,open_count,3.0,3.0,0.0,VERIFIED
2025-01,monthly,Part_2,C_301,within18_share,0.6247707534443822,0.624770753444,3.821387650759789e-13,VERIFIED
2025-01,monthly,Part_2,C_301,middle_share,0.3573012817598052,0.35730128176,-1.9478862967048372e-13,VERIFIED
2025-01,monthly,Part_2,C_301,over52_share,0.0179279647958126,0.0179279647958,1.2601031329495527e-14,VERIFIED
2025-01,monthly,Part_2,C_301,closed_share,0.9999924216014672,0.999992421601,4.671818487622659e-13,VERIFIED
2025-01,monthly,Part_2,C_301,gap_weeks,21.261307966706312,21.2613079667,6.31317220722849e-12,VERIFIED
2025-01,monthly,Part_2,C_320,total,415196.0,415196.0,0.0,VERIFIED
2025-01,monthly,Part_2,C_320,within18_count,250129.0,250129.0,0.0,VERIFIED
2025-01,monthly,Part_2,C_320,middle_count,156241.0,156241.0,0.0,VERIFIED
2025-01,monthly,Part_2,C_320,over52_count,8826.0,8826.0,0.0,VERIFIED
2025-01,monthly,Part_2,C_320,open_count,2.0,2.0,0.0,VERIFIED
2025-01,monthly,Part_2,C_320,within18_share,0.6024359579572057,0.602435957957,2.057243264630415e-13,VERIFIED
2025-01,monthly,Part_2,C_320,middle_share,0.3763066118170695,0.376306611817,6.94999613415348e-14,VERIFIED
2025-01,monthly,Part_2,C_320,over52_share,0.0212574302257247,0.0212574302257,2.469899285095778e-14,VERIFIED
2025-01,monthly,Part_2,C_320,closed_share,0.9999951829979096,0.999995182998,-9.048317650695026e-14,VERIFIED
2025-01,monthly,Part_2,C_320,gap_weeks,22.933389933292908,22.9333899333,-7.0912165028858e-12,VERIFIED
2025-01,monthly,Part_2,C_400,total,232985.0,232985.0,0.0,VERIFIED
2025-01,monthly,Part_2,C_400,within18_count,125291.0,125291.0,0.0,VERIFIED
2025-01,monthly,Part_2,C_400,middle_count,100422.0,100422.0,0.0,VERIFIED
2025-01,monthly,Part_2,C_400,over52_count,7272.0,7272.0,0.0,VERIFIED
2025-01,monthly,Part_2,C_400,open_count,0.0,0.0,0.0,VERIFIED
2025-01,monthly,Part_2,C_400,within18_share,0.5377642337489538,0.537764233749,-4.618527782440651e-14,VERIFIED
2025-01,monthly,Part_2,C_400,middle_share,0.4310234564456939,0.431023456446,-3.0608848788915566e-13,VERIFIED
2025-01,monthly,Part_2,C_400,over52_share,0.0312123098053522,0.0312123098054,-4.7802040104016896e-14,VERIFIED
2025-01,monthly,Part_2,C_400,closed_share,1.0,1.0,0.0,VERIFIED
2025-01,monthly,Part_2,C_400,gap_weeks,26.68290513833993,26.6829051383,3.992894903603883e-11,VERIFIED
2025-01,monthly,Part_2,C_999,total,7427669.0,7427669.0,0.0,VERIFIED
2025-01,monthly,Part_2,C_999,within18_count,4371844.0,4371844.0,0.0,VERIFIED
2025-01,monthly,Part_2,C_999,middle_count,2856997.0,2856997.0,0.0,VERIFIED
2025-01,monthly,Part_2,C_999,over52_count,198828.0,198828.0,0.0,VERIFIED
2025-01,monthly,Part_2,C_999,open_count,139.0,139.0,0.0,VERIFIED
2025-01,monthly,Part_2,C_999,within18_share,0.5885889637785421,0.588588963779,-4.579669976578771e-13,VERIFIED
2025-01,monthly,Part_2,C_999,middle_share,0.3846424766639439,0.384642476664,-5.6066262743570405e-14,VERIFIED
2025-01,monthly,Part_2,C_999,over52_share,0.0267685595575139,0.0267685595575,1.3902073936478132e-14,VERIFIED
2025-01,monthly,Part_2,C_999,closed_share,0.9999812861881702,0.999981286188,1.701971896750365e-13,VERIFIED
2025-01,monthly,Part_2,C_999,gap_weeks,24.396965324815987,24.3969653248,1.5987211554602254e-11,VERIFIED
2025-02,full,Part_1A,C_100,total,26283.0,26283.0,0.0,VERIFIED
2025-02,full,Part_1A,C_100,within18_count,13902.0,13902.0,0.0,VERIFIED
2025-02,full,Part_1A,C_100,middle_count,8980.0,8980.0,0.0,VERIFIED
2025-02,full,Part_1A,C_100,over52_count,3401.0,3401.0,0.0,VERIFIED
2025-02,full,Part_1A,C_100,open_count,15.0,15.0,0.0,VERIFIED
2025-02,full,Part_1A,C_100,within18_share,0.5289350530761329,0.528935053076,1.3289369604763124e-13,VERIFIED
2025-02,full,Part_1A,C_100,middle_share,0.3416657154814899,0.341665715481,4.898859096158503e-13,VERIFIED
2025-02,full,Part_1A,C_100,over52_share,0.1293992314423772,0.129399231442,3.7719827261639693e-13,VERIFIED
2025-02,full,Part_1A,C_100,closed_share,0.999429288893962,0.999429288894,-3.7969627442180354e-14,VERIFIED
2025-02,full,Part_1A,C_100,gap_weeks,39.48879581151833,39.4887958115,1.8332002582610585e-11,VERIFIED
2025-02,full,Part_1A,C_110,total,49200.0,49200.0,0.0,VERIFIED
2025-02,full,Part_1A,C_110,within18_count,19714.0,19714.0,0.0,VERIFIED
2025-02,full,Part_1A,C_110,middle_count,22157.0,22157.0,0.0,VERIFIED
2025-02,full,Part_1A,C_110,over52_count,7329.0,7329.0,0.0,VERIFIED
2025-02,full,Part_1A,C_110,open_count,23.0,23.0,0.0,VERIFIED
2025-02,full,Part_1A,C_110,within18_share,0.4006910569105691,0.400691056911,-4.3087755585702325e-13,VERIFIED
2025-02,full,Part_1A,C_110,middle_share,0.4503455284552845,0.450345528455,2.845501612114276e-13,VERIFIED
2025-02,full,Part_1A,C_110,over52_share,0.1489634146341463,0.148963414634,1.4629963906998e-13,VERIFIED
2025-02,full,Part_1A,C_110,closed_share,0.9995325203252032,0.999532520325,2.0328183580886616e-13,VERIFIED
2025-02,full,Part_1A,C_110,gap_weeks,41.95379537953795,41.9537953795,3.795008751694695e-11,VERIFIED
2025-02,full,Part_1A,C_120,total,13734.0,13734.0,0.0,VERIFIED
2025-02,full,Part_1A,C_120,within18_count,5177.0,5177.0,0.0,VERIFIED
2025-02,full,Part_1A,C_120,middle_count,4805.0,4805.0,0.0,VERIFIED
2025-02,full,Part_1A,C_120,over52_count,3752.0,3752.0,0.0,VERIFIED
2025-02,full,Part_1A,C_120,open_count,15.0,15.0,0.0,VERIFIED
2025-02,full,Part_1A,C_120,within18_share,0.3769477209844182,0.376947720984,4.1822101337629647e-13,VERIFIED
2025-02,full,Part_1A,C_120,middle_share,0.3498616572011067,0.349861657201,1.0669243266647754e-13,VERIFIED
2025-02,full,Part_1A,C_120,over52_share,0.273190621814475,0.273190621814,4.750089210858732e-13,VERIFIED
2025-02,full,Part_1A,C_120,closed_share,0.9989078200087376,0.998907820009,-2.62456723021387e-13,VERIFIED
2025-02,full,Part_1A,C_120,gap_weeks,46.80669683257919,46.8066968326,-2.0804691303055733e-11,VERIFIED
2025-02,full,Part_1A,C_130,total,59564.0,59564.0,0.0,VERIFIED
2025-02,full,Part_1A,C_130,within18_count,45571.0,45571.0,0.0,VERIFIED
2025-02,full,Part_1A,C_130,middle_count,11977.0,11977.0,0.0,VERIFIED
2025-02,full,Part_1A,C_130,over52_count,2016.0,2016.0,0.0,VERIFIED
2025-02,full,Part_1A,C_130,open_count,12.0,12.0,0.0,VERIFIED
2025-02,full,Part_1A,C_130,within18_share,0.7650762205358942,0.765076220536,-1.0580425424677742e-13,VERIFIED
2025-02,full,Part_1A,C_130,middle_share,0.2010778322476663,0.201077832248,-3.3370528562670643e-13,VERIFIED
2025-02,full,Part_1A,C_130,over52_share,0.0338459472164394,0.0338459472164,3.939903958638524e-14,VERIFIED
2025-02,full,Part_1A,C_130,closed_share,0.9997985360284736,0.999798536028,4.736211423050918e-13,VERIFIED
2025-02,full,Part_1A,C_130,gap_weeks,20.548171206225696,20.5481712062,2.5696778038764023e-11,VERIFIED
2025-02,full,Part_1A,C_301,total,17699.0,17699.0,0.0,VERIFIED
2025-02,full,Part_1A,C_301,within18_count,15151.0,15151.0,0.0,VERIFIED
2025-02,full,Part_1A,C_301,middle_count,2081.0,2081.0,0.0,VERIFIED
2025-02,full,Part_1A,C_301,over52_count,467.0,467.0,0.0,VERIFIED
2025-02,full,Part_1A,C_301,open_count,13.0,13.0,0.0,VERIFIED
2025-02,full,Part_1A,C_301,within18_share,0.8560370642409175,0.856037064241,-8.248957072964913e-14,VERIFIED
2025-02,full,Part_1A,C_301,middle_share,0.1175772642522176,0.117577264252,2.1758983503872287e-13,VERIFIED
2025-02,full,Part_1A,C_301,over52_share,0.0263856715068647,0.0263856715069,-3.5301622736128024e-14,VERIFIED
2025-02,full,Part_1A,C_301,closed_share,0.999265495225719,0.999265495226,-2.809974475326271e-13,VERIFIED
2025-02,full,Part_1A,C_301,gap_weeks,12.96745762711864,12.9674576271,1.8639312315826828e-11,VERIFIED
2025-02,full,Part_1A,C_320,total,9740.0,9740.0,0.0,VERIFIED
2025-02,full,Part_1A,C_320,within18_count,6400.0,6400.0,0.0,VERIFIED
2025-02,full,Part_1A,C_320,middle_count,2813.0,2813.0,0.0,VERIFIED
2025-02,full,Part_1A,C_320,over52_count,527.0,527.0,0.0,VERIFIED
2025-02,full,Part_1A,C_320,open_count,15.0,15.0,0.0,VERIFIED
2025-02,full,Part_1A,C_320,within18_share,0.6570841889117043,0.657084188912,-2.957634137601417e-13,VERIFIED
2025-02,full,Part_1A,C_320,middle_share,0.2888090349075975,0.288809034908,-4.0245584642661925e-13,VERIFIED
2025-02,full,Part_1A,C_320,over52_share,0.0541067761806981,0.0541067761807,-1.9012569296705806e-15,VERIFIED
2025-02,full,Part_1A,C_320,closed_share,0.9984599589322382,0.998459958932,2.381428387820961e-13,VERIFIED
2025-02,full,Part_1A,C_320,gap_weeks,28.600000000000016,28.6,1.4210854715202004e-14,VERIFIED
2025-02,full,Part_1A,C_400,total,701.0,701.0,0.0,VERIFIED
2025-02,full,Part_1A,C_400,within18_count,534.0,534.0,0.0,VERIFIED
2025-02,full,Part_1A,C_400,middle_count,154.0,154.0,0.0,VERIFIED
2025-02,full,Part_1A,C_400,over52_count,13.0,13.0,0.0,VERIFIED
2025-02,full,Part_1A,C_400,open_count,0.0,0.0,0.0,VERIFIED
2025-02,full,Part_1A,C_400,within18_share,0.7617689015691869,0.761768901569,1.8685053504441385e-13,VERIFIED
2025-02,full,Part_1A,C_400,middle_share,0.2196861626248216,0.219686162625,-1.7838508448164703e-13,VERIFIED
2025-02,full,Part_1A,C_400,over52_share,0.0185449358059914,0.018544935806,-8.60075899389301e-15,VERIFIED
2025-02,full,Part_1A,C_400,closed_share,1.0,1.0,0.0,VERIFIED
2025-02,full,Part_1A,C_400,gap_weeks,17.18400000000001,17.184,1.0658141036401503e-14,VERIFIED
2025-02,full,Part_1A,C_999,total,310349.0,310349.0,0.0,VERIFIED
2025-02,full,Part_1A,C_999,within18_count,187028.0,187028.0,0.0,VERIFIED
2025-02,full,Part_1A,C_999,middle_count,90313.0,90313.0,0.0,VERIFIED
2025-02,full,Part_1A,C_999,over52_count,33008.0,33008.0,0.0,VERIFIED
2025-02,full,Part_1A,C_999,open_count,304.0,304.0,0.0,VERIFIED
2025-02,full,Part_1A,C_999,within18_share,0.6026376756490274,0.602637675649,2.7422508708241367e-14,VERIFIED
2025-02,full,Part_1A,C_999,middle_share,0.2910046431597975,0.29100464316,-2.0250467969162855e-13,VERIFIED
2025-02,full,Part_1A,C_999,over52_share,0.1063576811911751,0.106357681191,1.75096048771195e-13,VERIFIED
2025-02,full,Part_1A,C_999,closed_share,0.9990204576138476,0.999020457614,-1.52433621281034e-13,VERIFIED
2025-02,full,Part_1A,C_999,gap_weeks,37.869875120076856,37.8698751201,-2.3142376903706463e-11,VERIFIED
2025-02,full,Part_1B,C_100,total,50698.0,50698.0,0.0,VERIFIED
2025-02,full,Part_1B,C_100,within18_count,35506.0,35506.0,0.0,VERIFIED
2025-02,full,Part_1B,C_100,middle_count,11719.0,11719.0,0.0,VERIFIED
2025-02,full,Part_1B,C_100,over52_count,3473.0,3473.0,0.0,VERIFIED
2025-02,full,Part_1B,C_100,open_count,53.0,53.0,0.0,VERIFIED
2025-02,full,Part_1B,C_100,within18_share,0.700343208805081,0.700343208805,8.104628079763643e-14,VERIFIED
2025-02,full,Part_1B,C_100,middle_share,0.2311531026864965,0.231153102686,4.9649173661237e-13,VERIFIED
2025-02,full,Part_1B,C_100,over52_share,0.0685036885084224,0.0685036885084,2.2398749521812533e-14,VERIFIED
2025-02,full,Part_1B,C_100,closed_share,0.9989545938695806,0.99895459387,-4.1933123640092163e-13,VERIFIED
2025-02,full,Part_1B,C_100,gap_weeks,31.77228346456694,31.7722834646,-3.306155349491746e-11,VERIFIED
2025-02,full,Part_1B,C_110,total,93103.0,93103.0,0.0,VERIFIED
2025-02,full,Part_1B,C_110,within18_count,57612.0,57612.0,0.0,VERIFIED
2025-02,full,Part_1B,C_110,middle_count,28984.0,28984.0,0.0,VERIFIED
2025-02,full,Part_1B,C_110,over52_count,6507.0,6507.0,0.0,VERIFIED
2025-02,full,Part_1B,C_110,open_count,93.0,93.0,0.0,VERIFIED
2025-02,full,Part_1B,C_110,within18_share,0.6187985349559091,0.618798534956,-9.092726571680032e-14,VERIFIED
2025-02,full,Part_1B,C_110,middle_share,0.3113111285350633,0.311311128535,6.333822355486518e-14,VERIFIED
2025-02,full,Part_1B,C_110,over52_share,0.0698903365090276,0.069890336509,2.758904216193514e-14,VERIFIED
2025-02,full,Part_1B,C_110,closed_share,0.999001106301623,0.999001106302,-3.7703173916270316e-13,VERIFIED
2025-02,full,Part_1B,C_110,gap_weeks,32.05201680672271,32.0520168067,2.2708945834892802e-11,VERIFIED
2025-02,full,Part_1B,C_120,total,81613.0,81613.0,0.0,VERIFIED
2025-02,full,Part_1B,C_120,within18_count,41697.0,41697.0,0.0,VERIFIED
2025-02,full,Part_1B,C_120,middle_count,29991.0,29991.0,0.0,VERIFIED
2025-02,full,Part_1B,C_120,over52_count,9925.0,9925.0,0.0,VERIFIED
2025-02,full,Part_1B,C_120,open_count,52.0,52.0,0.0,VERIFIED
2025-02,full,Part_1B,C_120,within18_share,0.5109112518838911,0.510911251884,-1.0891287871572786e-13,VERIFIED
2025-02,full,Part_1B,C_120,middle_share,0.3674782203815568,0.367478220382,-4.432010314303625e-13,VERIFIED
2025-02,full,Part_1B,C_120,over52_share,0.1216105277345521,0.121610527735,-4.479056014972116e-13,VERIFIED
2025-02,full,Part_1B,C_120,closed_share,0.9993628466053204,0.999362846605,3.204103649068202e-13,VERIFIED
2025-02,full,Part_1B,C_120,gap_weeks,37.78924829157176,37.7892482916,-2.8244073746463982e-11,VERIFIED
2025-02,full,Part_1B,C_130,total,103539.0,103539.0,0.0,VERIFIED
2025-02,full,Part_1B,C_130,within18_count,74974.0,74974.0,0.0,VERIFIED
2025-02,full,Part_1B,C_130,middle_count,25069.0,25069.0,0.0,VERIFIED
2025-02,full,Part_1B,C_130,over52_count,3496.0,3496.0,0.0,VERIFIED
2025-02,full,Part_1B,C_130,open_count,92.0,92.0,0.0,VERIFIED
2025-02,full,Part_1B,C_130,within18_share,0.7241136190227837,0.724113619023,-2.162714451969805e-13,VERIFIED
2025-02,full,Part_1B,C_130,middle_share,0.2421213262635335,0.242121326264,-4.664879593718751e-13,VERIFIED
2025-02,full,Part_1B,C_130,over52_share,0.0337650547136827,0.0337650547137,-1.729866250244072e-14,VERIFIED
2025-02,full,Part_1B,C_130,closed_share,0.9991114459285872,0.999111445929,-4.127809205556332e-13,VERIFIED
2025-02,full,Part_1B,C_130,gap_weeks,23.167443762781197,23.1674437628,-1.880451350189105e-11,VERIFIED
2025-02,full,Part_1B,C_301,total,45959.0,45959.0,0.0,VERIFIED
2025-02,full,Part_1B,C_301,within18_count,28302.0,28302.0,0.0,VERIFIED
2025-02,full,Part_1B,C_301,middle_count,14755.0,14755.0,0.0,VERIFIED
2025-02,full,Part_1B,C_301,over52_count,2902.0,2902.0,0.0,VERIFIED
2025-02,full,Part_1B,C_301,open_count,52.0,52.0,0.0,VERIFIED
2025-02,full,Part_1B,C_301,within18_share,0.6158097434670032,0.615809743467,3.219646771412954e-15,VERIFIED
2025-02,full,Part_1B,C_301,middle_share,0.3210470201701516,0.32104702017,1.5160095401256513e-13,VERIFIED
2025-02,full,Part_1B,C_301,over52_share,0.0631432363628451,0.0631432363628,4.5102810375396984e-14,VERIFIED
2025-02,full,Part_1B,C_301,closed_share,0.9988685567571096,0.998868556757,1.0957901253050295e-13,VERIFIED
2025-02,full,Part_1B,C_301,gap_weeks,31.24401215805471,31.2440121581,-4.5289993977348786e-11,VERIFIED
2025-02,full,Part_1B,C_320,total,55135.0,55135.0,0.0,VERIFIED
2025-02,full,Part_1B,C_320,within18_count,31610.0,31610.0,0.0,VERIFIED
2025-02,full,Part_1B,C_320,middle_count,19264.0,19264.0,0.0,VERIFIED
2025-02,full,Part_1B,C_320,over52_count,4261.0,4261.0,0.0,VERIFIED
2025-02,full,Part_1B,C_320,open_count,34.0,34.0,0.0,VERIFIED
2025-02,full,Part_1B,C_320,within18_share,0.5733200326471388,0.573320032647,1.3877787807814457e-13,VERIFIED
2025-02,full,Part_1B,C_320,middle_share,0.3493969347964088,0.349396934796,4.088396288182139e-13,VERIFIED
2025-02,full,Part_1B,C_320,over52_share,0.0772830325564523,0.0772830325565,-4.769795669545829e-14,VERIFIED
2025-02,full,Part_1B,C_320,closed_share,0.9993833318218918,0.999383331822,-1.0824674490095276e-13,VERIFIED
2025-02,full,Part_1B,C_320,gap_weeks,33.58618784530388,33.5861878453,3.879563337250147e-12,VERIFIED
2025-02,full,Part_1B,C_400,total,31176.0,31176.0,0.0,VERIFIED
2025-02,full,Part_1B,C_400,within18_count,14349.0,14349.0,0.0,VERIFIED
2025-02,full,Part_1B,C_400,middle_count,13184.0,13184.0,0.0,VERIFIED
2025-02,full,Part_1B,C_400,over52_count,3643.0,3643.0,0.0,VERIFIED
2025-02,full,Part_1B,C_400,open_count,13.0,13.0,0.0,VERIFIED
2025-02,full,Part_1B,C_400,within18_share,0.4602578906851424,0.460257890685,1.4238610290817633e-13,VERIFIED
2025-02,full,Part_1B,C_400,middle_share,0.4228894021041827,0.422889402104,1.826871987020695e-13,VERIFIED
2025-02,full,Part_1B,C_400,over52_share,0.1168527072106748,0.116852707211,-3.2519820170051617e-13,VERIFIED
2025-02,full,Part_1B,C_400,closed_share,0.9995830125737748,0.999583012574,-2.2515322939398175e-13,VERIFIED
2025-02,full,Part_1B,C_400,gap_weeks,37.71975384615385,37.7197538462,-4.614975068761851e-11,VERIFIED
2025-02,full,Part_1B,C_999,total,1147295.0,1147295.0,0.0,VERIFIED
2025-02,full,Part_1B,C_999,within18_count,752948.0,752948.0,0.0,VERIFIED
2025-02,full,Part_1B,C_999,middle_count,324186.0,324186.0,0.0,VERIFIED
2025-02,full,Part_1B,C_999,over52_count,70161.0,70161.0,0.0,VERIFIED
2025-02,full,Part_1B,C_999,open_count,764.0,764.0,0.0,VERIFIED
2025-02,full,Part_1B,C_999,within18_share,0.6562810785369064,0.656281078537,-9.35918009759007e-14,VERIFIED
2025-02,full,Part_1B,C_999,middle_share,0.2825655127931351,0.282565512793,1.350586309456503e-13,VERIFIED
2025-02,full,Part_1B,C_999,over52_share,0.0611534086699584,0.06115340867,-4.1598668953923834e-14,VERIFIED
2025-02,full,Part_1B,C_999,closed_share,0.9993340858279692,0.999334085828,-3.0753177782116836e-14,VERIFIED
2025-02,full,Part_1B,C_999,gap_weeks,30.883715507190068,30.8837155072,-9.9333874459262e-12,VERIFIED
2025-02,monthly,Part_2,C_100,total,407640.0,407640.0,0.0,VERIFIED
2025-02,monthly,Part_2,C_100,within18_count,237157.0,237157.0,0.0,VERIFIED
2025-02,monthly,Part_2,C_100,middle_count,157824.0,157824.0,0.0,VERIFIED
2025-02,monthly,Part_2,C_100,over52_count,12659.0,12659.0,0.0,VERIFIED
2025-02,monthly,Part_2,C_100,open_count,31.0,31.0,0.0,VERIFIED
2025-02,monthly,Part_2,C_100,within18_share,0.5817804925915023,0.581780492592,-4.977129819394577e-13,VERIFIED
2025-02,monthly,Part_2,C_100,middle_share,0.3871651457168089,0.387165145717,-1.911248936892207e-13,VERIFIED
2025-02,monthly,Part_2,C_100,over52_share,0.0310543616916887,0.0310543616917,-1.1299988722512921e-14,VERIFIED
2025-02,monthly,Part_2,C_100,closed_share,0.999923952507114,0.999923952507,1.1401990462900358e-13,VERIFIED
2025-02,monthly,Part_2,C_100,gap_weeks,25.483479311386283,25.4834793114,-1.3717027513848734e-11,VERIFIED
2025-02,monthly,Part_2,C_110,total,841700.0,841700.0,0.0,VERIFIED
2025-02,monthly,Part_2,C_110,within18_count,473041.0,473041.0,0.0,VERIFIED
2025-02,monthly,Part_2,C_110,middle_count,342011.0,342011.0,0.0,VERIFIED
2025-02,monthly,Part_2,C_110,over52_count,26648.0,26648.0,0.0,VERIFIED
2025-02,monthly,Part_2,C_110,open_count,20.0,20.0,0.0,VERIFIED
2025-02,monthly,Part_2,C_110,within18_share,0.5620066532018534,0.562006653202,-1.4666046155298318e-13,VERIFIED
2025-02,monthly,Part_2,C_110,middle_share,0.4063336105500772,0.40633361055,7.721601136267964e-14,VERIFIED
2025-02,monthly,Part_2,C_110,over52_share,0.0316597362480693,0.0316597362481,-3.069766663088558e-14,VERIFIED
2025-02,monthly,Part_2,C_110,closed_share,0.9999762385648092,0.999976238565,-1.907363156306019e-13,VERIFIED
2025-02,monthly,Part_2,C_110,gap_weeks,25.305133767172812,25.3051337672,-2.7188917783860234e-11,VERIFIED
2025-02,monthly,Part_2,C_120,total,634084.0,634084.0,0.0,VERIFIED
2025-02,monthly,Part_2,C_120,within18_count,318084.0,318084.0,0.0,VERIFIED
2025-02,monthly,Part_2,C_120,middle_count,289610.0,289610.0,0.0,VERIFIED
2025-02,monthly,Part_2,C_120,over52_count,26390.0,26390.0,0.0,VERIFIED
2025-02,monthly,Part_2,C_120,open_count,7.0,7.0,0.0,VERIFIED
2025-02,monthly,Part_2,C_120,within18_share,0.5016433153966983,0.501643315397,-3.0175861809311755e-13,VERIFIED
2025-02,monthly,Part_2,C_120,middle_share,0.4567375931264627,0.456737593126,4.627409566637652e-13,VERIFIED
2025-02,monthly,Part_2,C_120,over52_share,0.041619091476839,0.0416190914768,3.900352263386253e-14,VERIFIED
2025-02,monthly,Part_2,C_120,closed_share,0.9999889604531892,0.999988960453,1.8918200339612667e-13,VERIFIED
2025-02,monthly,Part_2,C_120,gap_weeks,28.525471836137537,28.5254718361,3.753797273020609e-11,VERIFIED
2025-02,monthly,Part_2,C_130,total,582395.0,582395.0,0.0,VERIFIED
2025-02,monthly,Part_2,C_130,within18_count,392636.0,392636.0,0.0,VERIFIED
2025-02,monthly,Part_2,C_130,middle_count,180533.0,180533.0,0.0,VERIFIED
2025-02,monthly,Part_2,C_130,over52_count,9226.0,9226.0,0.0,VERIFIED
2025-02,monthly,Part_2,C_130,open_count,2.0,2.0,0.0,VERIFIED
2025-02,monthly,Part_2,C_130,within18_share,0.6741747439452606,0.674174743945,2.6056934387952424e-13,VERIFIED
2025-02,monthly,Part_2,C_130,middle_share,0.3099837738991577,0.309983773899,1.5770718064800349e-13,VERIFIED
2025-02,monthly,Part_2,C_130,over52_share,0.0158414821555816,0.0158414821556,-1.8398477186210016e-14,VERIFIED
2025-02,monthly,Part_2,C_130,closed_share,0.9999965659045836,0.999996565905,-4.163336342344337e-13,VERIFIED
2025-02,monthly,Part_2,C_130,gap_weeks,20.0458394160584,20.0458394161,-4.1602277178753866e-11,VERIFIED
2025-02,monthly,Part_2,C_301,total,394200.0,394200.0,0.0,VERIFIED
2025-02,monthly,Part_2,C_301,within18_count,246268.0,246268.0,0.0,VERIFIED
2025-02,monthly,Part_2,C_301,middle_count,141490.0,141490.0,0.0,VERIFIED
2025-02,monthly,Part_2,C_301,over52_count,6442.0,6442.0,0.0,VERIFIED
2025-02,monthly,Part_2,C_301,open_count,2.0,2.0,0.0,VERIFIED
2025-02,monthly,Part_2,C_301,within18_share,0.624728564180619,0.624728564181,-3.810285420513537e-13,VERIFIED
2025-02,monthly,Part_2,C_301,middle_share,0.3589294774226281,0.358929477423,-3.7192471324942744e-13,VERIFIED
2025-02,monthly,Part_2,C_301,over52_share,0.0163419583967529,0.0163419583968,-4.709774237277031e-14,VERIFIED
2025-02,monthly,Part_2,C_301,closed_share,0.9999949264332826,0.999994926433,2.8255175976710234e-13,VERIFIED
2025-02,monthly,Part_2,C_301,gap_weeks,20.88021944529107,20.8802194453,-8.93152218850446e-12,VERIFIED
2025-02,monthly,Part_2,C_320,total,411581.0,411581.0,0.0,VERIFIED
2025-02,monthly,Part_2,C_320,within18_count,248491.0,248491.0,0.0,VERIFIED
2025-02,monthly,Part_2,C_320,middle_count,154918.0,154918.0,0.0,VERIFIED
2025-02,monthly,Part_2,C_320,over52_count,8172.0,8172.0,0.0,VERIFIED
2025-02,monthly,Part_2,C_320,open_count,3.0,3.0,0.0,VERIFIED
2025-02,monthly,Part_2,C_320,within18_share,0.6037475004920052,0.603747500492,5.218048215738236e-15,VERIFIED
2025-02,monthly,Part_2,C_320,middle_share,0.3763973555630605,0.376397355563,6.045164369083977e-14,VERIFIED
2025-02,monthly,Part_2,C_320,over52_share,0.0198551439449342,0.0198551439449,3.4198338605406775e-14,VERIFIED
2025-02,monthly,Part_2,C_320,closed_share,0.999992711033794,0.999992711034,-2.0605739337042905e-13,VERIFIED
2025-02,monthly,Part_2,C_320,gap_weeks,22.498370986920335,22.4983709869,2.0335733097454067e-11,VERIFIED
2025-02,monthly,Part_2,C_400,total,229775.0,229775.0,0.0,VERIFIED
2025-02,monthly,Part_2,C_400,within18_count,123341.0,123341.0,0.0,VERIFIED
2025-02,monthly,Part_2,C_400,middle_count,99211.0,99211.0,0.0,VERIFIED
2025-02,monthly,Part_2,C_400,over52_count,7223.0,7223.0,0.0,VERIFIED
2025-02,monthly,Part_2,C_400,open_count,0.0,0.0,0.0,VERIFIED
2025-02,monthly,Part_2,C_400,within18_share,0.5367903383744967,0.536790338374,4.96713781217295e-13,VERIFIED
2025-02,monthly,Part_2,C_400,middle_share,0.4317745620715917,0.431774562072,-4.082845173059013e-13,VERIFIED
2025-02,monthly,Part_2,C_400,over52_share,0.0314350995539114,0.0314350995539,1.1393663790215669e-14,VERIFIED
2025-02,monthly,Part_2,C_400,closed_share,1.0,1.0,0.0,VERIFIED
2025-02,monthly,Part_2,C_400,gap_weeks,26.13791398912506,26.1379139891,2.5060842290258734e-11,VERIFIED
2025-02,monthly,Part_2,C_999,total,7401153.0,7401153.0,0.0,VERIFIED
2025-02,monthly,Part_2,C_999,within18_count,4379951.0,4379951.0,0.0,VERIFIED
2025-02,monthly,Part_2,C_999,middle_count,2827677.0,2827677.0,0.0,VERIFIED
2025-02,monthly,Part_2,C_999,over52_count,193525.0,193525.0,0.0,VERIFIED
2025-02,monthly,Part_2,C_999,open_count,161.0,161.0,0.0,VERIFIED
2025-02,monthly,Part_2,C_999,within18_share,0.5917930625133678,0.591793062513,3.6781688805831436e-13,VERIFIED
2025-02,monthly,Part_2,C_999,middle_share,0.3820589845933465,0.382058984593,3.4650060598551136e-13,VERIFIED
2025-02,monthly,Part_2,C_999,over52_share,0.0261479528932856,0.0261479528933,-1.43982048506075e-14,VERIFIED
2025-02,monthly,Part_2,C_999,closed_share,0.999978246632653,0.999978246633,-3.469446951953614e-13,VERIFIED
2025-02,monthly,Part_2,C_999,gap_weeks,24.2183233356486,24.2183233356,4.859757041231205e-11,VERIFIED
2025-03,monthly,Part_2,C_100,total,403986.0,403986.0,0.0,VERIFIED
2025-03,monthly,Part_2,C_100,within18_count,238183.0,238183.0,0.0,VERIFIED
2025-03,monthly,Part_2,C_100,middle_count,154420.0,154420.0,0.0,VERIFIED
2025-03,monthly,Part_2,C_100,over52_count,11383.0,11383.0,0.0,VERIFIED
2025-03,monthly,Part_2,C_100,open_count,16.0,16.0,0.0,VERIFIED
2025-03,monthly,Part_2,C_100,within18_share,0.5895823122583456,0.589582312258,3.4561242756581123e-13,VERIFIED
2025-03,monthly,Part_2,C_100,middle_share,0.3822409687464417,0.382240968746,4.4170223034711853e-13,VERIFIED
2025-03,monthly,Part_2,C_100,over52_share,0.0281767189952127,0.0281767189952,1.2701645291102182e-14,VERIFIED
2025-03,monthly,Part_2,C_100,closed_share,0.999960394667142,0.999960394667,1.4199752484955752e-13,VERIFIED
2025-03,monthly,Part_2,C_100,gap_weeks,24.79645059786029,24.7964505979,-3.9712233501632e-11,VERIFIED
2025-03,monthly,Part_2,C_110,total,843066.0,843066.0,0.0,VERIFIED
2025-03,monthly,Part_2,C_110,within18_count,478393.0,478393.0,0.0,VERIFIED
2025-03,monthly,Part_2,C_110,middle_count,341038.0,341038.0,0.0,VERIFIED
2025-03,monthly,Part_2,C_110,over52_count,23635.0,23635.0,0.0,VERIFIED
2025-03,monthly,Part_2,C_110,open_count,21.0,21.0,0.0,VERIFIED
2025-03,monthly,Part_2,C_110,within18_share,0.5674443044791274,0.567444304479,1.2745360322696797e-13,VERIFIED
2025-03,monthly,Part_2,C_110,middle_share,0.404521116970676,0.404521116971,-3.2401858973685194e-13,VERIFIED
2025-03,monthly,Part_2,C_110,over52_share,0.0280345785501965,0.0280345785502,-3.5006719745211967e-15,VERIFIED
2025-03,monthly,Part_2,C_110,closed_share,0.9999750909181488,0.999975090918,1.488809076022335e-13,VERIFIED
2025-03,monthly,Part_2,C_110,gap_weeks,24.77578839690196,24.7757883969,1.957545237019076e-12,VERIFIED
2025-03,monthly,Part_2,C_120,total,637737.0,637737.0,0.0,VERIFIED
2025-03,monthly,Part_2,C_120,within18_count,324966.0,324966.0,0.0,VERIFIED
2025-03,monthly,Part_2,C_120,middle_count,287664.0,287664.0,0.0,VERIFIED
2025-03,monthly,Part_2,C_120,over52_count,25107.0,25107.0,0.0,VERIFIED
2025-03,monthly,Part_2,C_120,open_count,5.0,5.0,0.0,VERIFIED
2025-03,monthly,Part_2,C_120,within18_share,0.5095611513837208,0.509561151384,-2.7922109069322687e-13,VERIFIED
2025-03,monthly,Part_2,C_120,middle_share,0.4510699551696075,0.45106995517,-3.9246383920499284e-13,VERIFIED
2025-03,monthly,Part_2,C_120,over52_share,0.0393688934466715,0.0393688934467,-2.849803726334699e-14,VERIFIED
2025-03,monthly,Part_2,C_120,closed_share,0.9999921597774633,0.999992159777,4.632960681760778e-13,VERIFIED
2025-03,monthly,Part_2,C_120,gap_weeks,28.2527509142625,28.2527509143,-3.750244559341809e-11,VERIFIED
2025-03,monthly,Part_2,C_130,total,586084.0,586084.0,0.0,VERIFIED
2025-03,monthly,Part_2,C_130,within18_count,399949.0,399949.0,0.0,VERIFIED
2025-03,monthly,Part_2,C_130,middle_count,177650.0,177650.0,0.0,VERIFIED
2025-03,monthly,Part_2,C_130,over52_count,8485.0,8485.0,0.0,VERIFIED
2025-03,monthly,Part_2,C_130,open_count,6.0,6.0,0.0,VERIFIED
2025-03,monthly,Part_2,C_130,within18_share,0.6824090062175387,0.682409006218,-4.612976667317525e-13,VERIFIED
2025-03,monthly,Part_2,C_130,middle_share,0.3031135468635895,0.303113546864,-4.1050496335515163e-13,VERIFIED
2025-03,monthly,Part_2,C_130,over52_share,0.0144774469188716,0.0144774469189,-2.839915802521631e-14,VERIFIED
2025-03,monthly,Part_2,C_130,closed_share,0.9999897625596332,0.99998976256,-3.668176873361517e-13,VERIFIED
2025-03,monthly,Part_2,C_130,gap_weeks,19.550567047943545,19.5505670479,4.354561156105774e-11,VERIFIED
2025-03,monthly,Part_2,C_301,total,395202.0,395202.0,0.0,VERIFIED
2025-03,monthly,Part_2,C_301,within18_count,247353.0,247353.0,0.0,VERIFIED
2025-03,monthly,Part_2,C_301,middle_count,141540.0,141540.0,0.0,VERIFIED
2025-03,monthly,Part_2,C_301,over52_count,6309.0,6309.0,0.0,VERIFIED
2025-03,monthly,Part_2,C_301,open_count,6.0,6.0,0.0,VERIFIED
2025-03,monthly,Part_2,C_301,within18_share,0.6258900511637087,0.625890051164,-2.913225216616411e-13,VERIFIED
2025-03,monthly,Part_2,C_301,middle_share,0.3581459607997935,0.3581459608,-2.0650148258027912e-13,VERIFIED
2025-03,monthly,Part_2,C_301,over52_share,0.0159639880364977,0.0159639880365,-2.3002433291452462e-15,VERIFIED
2025-03,monthly,Part_2,C_301,closed_share,0.9999848178905976,0.999984817891,-4.0245584642661925e-13,VERIFIED
2025-03,monthly,Part_2,C_301,gap_weeks,20.868519447929742,20.8685194479,2.9743318918917794e-11,VERIFIED
2025-03,monthly,Part_2,C_320,total,415194.0,415194.0,0.0,VERIFIED
2025-03,monthly,Part_2,C_320,within18_count,252962.0,252962.0,0.0,VERIFIED
2025-03,monthly,Part_2,C_320,middle_count,154383.0,154383.0,0.0,VERIFIED
2025-03,monthly,Part_2,C_320,over52_count,7849.0,7849.0,0.0,VERIFIED
2025-03,monthly,Part_2,C_320,open_count,4.0,4.0,0.0,VERIFIED
2025-03,monthly,Part_2,C_320,within18_share,0.6092621762356875,0.609262176236,-3.1252778143198157e-13,VERIFIED
2025-03,monthly,Part_2,C_320,middle_share,0.3718334079972254,0.371833407997,2.2543078515013804e-13,VERIFIED
2025-03,monthly,Part_2,C_320,over52_share,0.0189044157670871,0.0189044157671,-1.2899403767363538e-14,VERIFIED
2025-03,monthly,Part_2,C_320,closed_share,0.9999903659494116,0.999990365949,4.1155967522854553e-13,VERIFIED
2025-03,monthly,Part_2,C_320,gap_weeks,22.156622167028885,22.156622167,2.8887114922326873e-11,VERIFIED
2025-03,monthly,Part_2,C_400,total,226120.0,226120.0,0.0,VERIFIED
2025-03,monthly,Part_2,C_400,within18_count,122232.0,122232.0,0.0,VERIFIED
2025-03,monthly,Part_2,C_400,middle_count,97643.0,97643.0,0.0,VERIFIED
2025-03,monthly,Part_2,C_400,over52_count,6245.0,6245.0,0.0,VERIFIED
2025-03,monthly,Part_2,C_400,open_count,1.0,1.0,0.0,VERIFIED
2025-03,monthly,Part_2,C_400,within18_share,0.5405625331682292,0.540562533168,2.2926105458509483e-13,VERIFIED
2025-03,monthly,Part_2,C_400,middle_share,0.4318193879356094,0.431819387936,-3.9057646006313007e-13,VERIFIED
2025-03,monthly,Part_2,C_400,over52_share,0.0276180788961613,0.0276180788962,-3.8701680749042566e-14,VERIFIED
2025-03,monthly,Part_2,C_400,closed_share,0.999995577569432,0.999995577569,4.319877788816484e-13,VERIFIED
2025-03,monthly,Part_2,C_400,gap_weeks,25.75688127584171,25.7568812758,4.170885858911788e-11,VERIFIED
2025-03,monthly,Part_2,C_999,total,7418598.0,7418598.0,0.0,VERIFIED
2025-03,monthly,Part_2,C_999,within18_count,4434722.0,4434722.0,0.0,VERIFIED
2025-03,monthly,Part_2,C_999,middle_count,2803633.0,2803633.0,0.0,VERIFIED
2025-03,monthly,Part_2,C_999,over52_count,180243.0,180243.0,0.0,VERIFIED
2025-03,monthly,Part_2,C_999,open_count,147.0,147.0,0.0,VERIFIED
2025-03,monthly,Part_2,C_999,within18_share,0.5977843792048039,0.597784379205,-1.9617640845126516e-13,VERIFIED
2025-03,monthly,Part_2,C_999,middle_share,0.3779195206425796,0.377919520643,-4.203859482743155e-13,VERIFIED
2025-03,monthly,Part_2,C_999,over52_share,0.0242961001526164,0.0242961001526,1.6400075741884734e-14,VERIFIED
2025-03,monthly,Part_2,C_999,closed_share,0.9999801849352128,0.999980184935,2.128297538206425e-13,VERIFIED
2025-03,monthly,Part_2,C_999,gap_weeks,23.890477884267035,23.8904778843,-3.296563022558985e-11,VERIFIED
2025-04,monthly,Part_2,C_100,total,397004.0,397004.0,0.0,VERIFIED
2025-04,monthly,Part_2,C_100,within18_count,234740.0,234740.0,0.0,VERIFIED
2025-04,monthly,Part_2,C_100,middle_count,150529.0,150529.0,0.0,VERIFIED
2025-04,monthly,Part_2,C_100,over52_count,11735.0,11735.0,0.0,VERIFIED
2025-04,monthly,Part_2,C_100,open_count,19.0,19.0,0.0,VERIFIED
2025-04,monthly,Part_2,C_100,within18_share,0.591278677292924,0.591278677293,-7.593925488436071e-14,VERIFIED
2025-04,monthly,Part_2,C_100,middle_share,0.3791624265750471,0.379162426575,4.7128967395337895e-14,VERIFIED
2025-04,monthly,Part_2,C_100,over52_share,0.0295588961320288,0.029558896132,2.879987914816695e-14,VERIFIED
2025-04,monthly,Part_2,C_100,closed_share,0.9999521415401356,0.99995214154,1.3555823130673161e-13,VERIFIED
2025-04,monthly,Part_2,C_100,gap_weeks,25.14483142161974,25.1448314216,1.9742429913094384e-11,VERIFIED
2025-04,monthly,Part_2,C_110,total,844120.0,844120.0,0.0,VERIFIED
2025-04,monthly,Part_2,C_110,within18_count,477639.0,477639.0,0.0,VERIFIED
2025-04,monthly,Part_2,C_110,middle_count,341886.0,341886.0,0.0,VERIFIED
2025-04,monthly,Part_2,C_110,over52_count,24595.0,24595.0,0.0,VERIFIED
2025-04,monthly,Part_2,C_110,open_count,28.0,28.0,0.0,VERIFIED
2025-04,monthly,Part_2,C_110,within18_share,0.5658425342368384,0.565842534237,-1.616484723854228e-13,VERIFIED
2025-04,monthly,Part_2,C_110,middle_share,0.4050206131829598,0.405020613183,-4.0190073491430667e-14,VERIFIED
2025-04,monthly,Part_2,C_110,over52_share,0.0291368525802018,0.0291368525802,1.8006429680639258e-15,VERIFIED
2025-04,monthly,Part_2,C_110,closed_share,0.9999668293607544,0.999966829361,-2.4558133304708463e-13,VERIFIED
2025-04,monthly,Part_2,C_110,gap_weeks,25.22695539754363,25.2269553975,4.363087668934895e-11,VERIFIED
2025-04,monthly,Part_2,C_120,total,638914.0,638914.0,0.0,VERIFIED
2025-04,monthly,Part_2,C_120,within18_count,325185.0,325185.0,0.0,VERIFIED
2025-04,monthly,Part_2,C_120,middle_count,287060.0,287060.0,0.0,VERIFIED
2025-04,monthly,Part_2,C_120,over52_count,26669.0,26669.0,0.0,VERIFIED
2025-04,monthly,Part_2,C_120,open_count,6.0,6.0,0.0,VERIFIED
2025-04,monthly,Part_2,C_120,within18_share,0.5089652128455473,0.508965212846,-4.5274894944213884e-13,VERIFIED
2025-04,monthly,Part_2,C_120,middle_share,0.4492936451541209,0.449293645154,1.2090328738167955e-13,VERIFIED
2025-04,monthly,Part_2,C_120,over52_share,0.0417411420003318,0.0417411420003,3.180095076160683e-14,VERIFIED
2025-04,monthly,Part_2,C_120,closed_share,0.9999906090647568,0.999990609065,-2.432498646953718e-13,VERIFIED
2025-04,monthly,Part_2,C_120,gap_weeks,28.724152744630075,28.7241527446,3.007372129104624e-11,VERIFIED
2025-04,monthly,Part_2,C_130,total,588639.0,588639.0,0.0,VERIFIED
2025-04,monthly,Part_2,C_130,within18_count,405214.0,405214.0,0.0,VERIFIED
2025-04,monthly,Part_2,C_130,middle_count,174139.0,174139.0,0.0,VERIFIED
2025-04,monthly,Part_2,C_130,over52_count,9286.0,9286.0,0.0,VERIFIED
2025-04,monthly,Part_2,C_130,open_count,5.0,5.0,0.0,VERIFIED
2025-04,monthly,Part_2,C_130,within18_share,0.6883913570116829,0.688391357012,-3.171907181354072e-13,VERIFIED
2025-04,monthly,Part_2,C_130,middle_share,0.295833269627055,0.295833269627,5.495603971894525e-14,VERIFIED
2025-04,monthly,Part_2,C_130,over52_share,0.0157753733612621,0.0157753733613,-3.790023850314128e-14,VERIFIED
2025-04,monthly,Part_2,C_130,closed_share,0.9999915058295492,0.99999150583,-4.5075054799781356e-13,VERIFIED
2025-04,monthly,Part_2,C_130,gap_weeks,19.260705521472396,19.2607055215,-2.7604585284279892e-11,VERIFIED
2025-04,monthly,Part_2,C_301,total,387015.0,387015.0,0.0,VERIFIED
2025-04,monthly,Part_2,C_301,within18_count,241934.0,241934.0,0.0,VERIFIED
2025-04,monthly,Part_2,C_301,middle_count,138243.0,138243.0,0.0,VERIFIED
2025-04,monthly,Part_2,C_301,over52_count,6838.0,6838.0,0.0,VERIFIED
2025-04,monthly,Part_2,C_301,open_count,10.0,10.0,0.0,VERIFIED
2025-04,monthly,Part_2,C_301,within18_share,0.6251282250041988,0.625128225004,1.9884094371036554e-13,VERIFIED
2025-04,monthly,Part_2,C_301,middle_share,0.3572032091779388,0.357203209178,-6.122879980807738e-14,VERIFIED
2025-04,monthly,Part_2,C_301,over52_share,0.0176685658178623,0.0176685658179,-3.769901057992797e-14,VERIFIED
2025-04,monthly,Part_2,C_301,closed_share,0.999974161208222,0.999974161208,2.220446049250313e-13,VERIFIED
2025-04,monthly,Part_2,C_301,gap_weeks,21.346727450341906,21.3467274503,4.190425784145191e-11,VERIFIED
2025-04,monthly,Part_2,C_320,total,409020.0,409020.0,0.0,VERIFIED
2025-04,monthly,Part_2,C_320,within18_count,247379.0,247379.0,0.0,VERIFIED
2025-04,monthly,Part_2,C_320,middle_count,153940.0,153940.0,0.0,VERIFIED
2025-04,monthly,Part_2,C_320,over52_count,7701.0,7701.0,0.0,VERIFIED
2025-04,monthly,Part_2,C_320,open_count,1.0,1.0,0.0,VERIFIED
2025-04,monthly,Part_2,C_320,within18_share,0.6048090557918928,0.604809055792,-1.071365218763276e-13,VERIFIED
2025-04,monthly,Part_2,C_320,middle_share,0.3763630140335436,0.376363014034,-4.564126854234019e-13,VERIFIED
2025-04,monthly,Part_2,C_320,over52_share,0.0188279301745635,0.0188279301746,-3.6502051381503975e-14,VERIFIED
2025-04,monthly,Part_2,C_320,closed_share,0.9999975551317783,0.999997555132,-2.2160051571518125e-13,VERIFIED
2025-04,monthly,Part_2,C_320,gap_weeks,22.344296392590195,22.3442963926,-9.805489753489383e-12,VERIFIED
2025-04,monthly,Part_2,C_400,total,223699.0,223699.0,0.0,VERIFIED
2025-04,monthly,Part_2,C_400,within18_count,120448.0,120448.0,0.0,VERIFIED
2025-04,monthly,Part_2,C_400,middle_count,96629.0,96629.0,0.0,VERIFIED
2025-04,monthly,Part_2,C_400,over52_count,6622.0,6622.0,0.0,VERIFIED
2025-04,monthly,Part_2,C_400,open_count,0.0,0.0,0.0,VERIFIED
2025-04,monthly,Part_2,C_400,within18_share,0.5384378115235204,0.538437811524,-4.796163466380676e-13,VERIFIED
2025-04,monthly,Part_2,C_400,middle_share,0.4319599104153349,0.431959910415,3.3489877537817847e-13,VERIFIED
2025-04,monthly,Part_2,C_400,over52_share,0.0296022780611446,0.0296022780611,4.459974056736371e-14,VERIFIED
2025-04,monthly,Part_2,C_400,closed_share,1.0,1.0,0.0,VERIFIED
2025-04,monthly,Part_2,C_400,gap_weeks,26.0908568496665,26.0908568497,-3.3498537277409923e-11,VERIFIED
2025-04,monthly,Part_2,C_999,total,7389065.0,7389065.0,0.0,VERIFIED
2025-04,monthly,Part_2,C_999,within18_count,4413682.0,4413682.0,0.0,VERIFIED
2025-04,monthly,Part_2,C_999,middle_count,2785360.0,2785360.0,0.0,VERIFIED
2025-04,monthly,Part_2,C_999,over52_count,190023.0,190023.0,0.0,VERIFIED
2025-04,monthly,Part_2,C_999,open_count,171.0,171.0,0.0,VERIFIED
2025-04,monthly,Part_2,C_999,within18_share,0.5973261840300498,0.59732618403,4.973799150320701e-14,VERIFIED
2025-04,monthly,Part_2,C_999,middle_share,0.3769570304226583,0.376957030423,-3.4167113582839193e-13,VERIFIED
2025-04,monthly,Part_2,C_999,over52_share,0.0257167855472918,0.0257167855473,-8.19830314746639e-15,VERIFIED
2025-04,monthly,Part_2,C_999,closed_share,0.9999768576944444,0.999976857694,4.4442227675745016e-13,VERIFIED
2025-04,monthly,Part_2,C_999,gap_weeks,24.261807186054796,24.2618071861,-4.5204728849057574e-11,VERIFIED
2025-05,monthly,Part_2,C_100,total,394228.0,394228.0,0.0,VERIFIED
2025-05,monthly,Part_2,C_100,within18_count,237313.0,237313.0,0.0,VERIFIED
2025-05,monthly,Part_2,C_100,middle_count,145447.0,145447.0,0.0,VERIFIED
2025-05,monthly,Part_2,C_100,over52_count,11468.0,11468.0,0.0,VERIFIED
2025-05,monthly,Part_2,C_100,open_count,17.0,17.0,0.0,VERIFIED
2025-05,monthly,Part_2,C_100,within18_share,0.6019689113913775,0.601968911391,3.7758685067501574e-13,VERIFIED
2025-05,monthly,Part_2,C_100,middle_share,0.368941323295149,0.368941323295,1.48991929904696e-13,VERIFIED
2025-05,monthly,Part_2,C_100,over52_share,0.0290897653134734,0.0290897653135,-2.660024978062836e-14,VERIFIED
2025-05,monthly,Part_2,C_100,closed_share,0.9999568777458728,0.999956877746,-1.2712053631958042e-13,VERIFIED
2025-05,monthly,Part_2,C_100,gap_weeks,25.21467267059231,25.2146726706,-7.688072400924284e-12,VERIFIED
2025-05,monthly,Part_2,C_110,total,843398.0,843398.0,0.0,VERIFIED
2025-05,monthly,Part_2,C_110,within18_count,489666.0,489666.0,0.0,VERIFIED
2025-05,monthly,Part_2,C_110,middle_count,328571.0,328571.0,0.0,VERIFIED
2025-05,monthly,Part_2,C_110,over52_count,25161.0,25161.0,0.0,VERIFIED
2025-05,monthly,Part_2,C_110,open_count,27.0,27.0,0.0,VERIFIED
2025-05,monthly,Part_2,C_110,within18_share,0.58058710122623,0.580587101226,2.3003821070233244e-13,VERIFIED
2025-05,monthly,Part_2,C_110,middle_share,0.3895800084894676,0.389580008489,4.676259379721159e-13,VERIFIED
2025-05,monthly,Part_2,C_110,over52_share,0.0298328902843023,0.0298328902843,2.3002433291452462e-15,VERIFIED
2025-05,monthly,Part_2,C_110,closed_share,0.9999679866445024,0.999967986645,-4.976019596369952e-13,VERIFIED
2025-05,monthly,Part_2,C_110,gap_weeks,25.57337985725615,25.5733798573,-4.385114493743458e-11,VERIFIED
2025-05,monthly,Part_2,C_120,total,636238.0,636238.0,0.0,VERIFIED
2025-05,monthly,Part_2,C_120,within18_count,328412.0,328412.0,0.0,VERIFIED
2025-05,monthly,Part_2,C_120,middle_count,279296.0,279296.0,0.0,VERIFIED
2025-05,monthly,Part_2,C_120,over52_count,28530.0,28530.0,0.0,VERIFIED
2025-05,monthly,Part_2,C_120,open_count,4.0,4.0,0.0,VERIFIED
2025-05,monthly,Part_2,C_120,within18_share,0.5161779082670321,0.516177908267,3.2085445411667024e-14,VERIFIED
2025-05,monthly,Part_2,C_120,middle_share,0.4389803815553299,0.438980381555,3.2990277176736527e-13,VERIFIED
2025-05,monthly,Part_2,C_120,over52_share,0.0448417101776379,0.0448417101776,3.790023850314128e-14,VERIFIED
2025-05,monthly,Part_2,C_120,closed_share,0.9999937130444896,0.999993713044,4.89608353859694e-13,VERIFIED
2025-05,monthly,Part_2,C_120,gap_weeks,29.076945425991376,29.076945426,-8.625988812127616e-12,VERIFIED
2025-05,monthly,Part_2,C_130,total,589546.0,589546.0,0.0,VERIFIED
2025-05,monthly,Part_2,C_130,within18_count,414116.0,414116.0,0.0,VERIFIED
2025-05,monthly,Part_2,C_130,middle_count,165881.0,165881.0,0.0,VERIFIED
2025-05,monthly,Part_2,C_130,over52_count,9549.0,9549.0,0.0,VERIFIED
2025-05,monthly,Part_2,C_130,open_count,3.0,3.0,0.0,VERIFIED
2025-05,monthly,Part_2,C_130,within18_share,0.7024320409264078,0.702432040926,4.0778491694482e-13,VERIFIED
2025-05,monthly,Part_2,C_130,middle_share,0.2813707496955284,0.281370749696,-4.716227408607665e-13,VERIFIED
2025-05,monthly,Part_2,C_130,over52_share,0.0161972093780638,0.0161972093781,-3.620020949668401e-14,VERIFIED
2025-05,monthly,Part_2,C_130,closed_share,0.9999949113385554,0.999994911339,-4.445332990599127e-13,VERIFIED
2025-05,monthly,Part_2,C_130,gap_weeks,18.946696186961887,18.946696187,-3.8113512346171774e-11,VERIFIED
2025-05,monthly,Part_2,C_301,total,376849.0,376849.0,0.0,VERIFIED
2025-05,monthly,Part_2,C_301,within18_count,240350.0,240350.0,0.0,VERIFIED
2025-05,monthly,Part_2,C_301,middle_count,129956.0,129956.0,0.0,VERIFIED
2025-05,monthly,Part_2,C_301,over52_count,6543.0,6543.0,0.0,VERIFIED
2025-05,monthly,Part_2,C_301,open_count,21.0,21.0,0.0,VERIFIED
2025-05,monthly,Part_2,C_301,within18_share,0.637788610292186,0.637788610292,1.8607337892717624e-13,VERIFIED
2025-05,monthly,Part_2,C_301,middle_share,0.3448489978744802,0.344848997874,4.802269693016115e-13,VERIFIED
2025-05,monthly,Part_2,C_301,over52_share,0.0173623918333337,0.0173623918333,3.3698738244325455e-14,VERIFIED
2025-05,monthly,Part_2,C_301,closed_share,0.9999442747625706,0.999944274763,-4.2932324362254803e-13,VERIFIED
2025-05,monthly,Part_2,C_301,gap_weeks,21.33951690821257,21.3395169082,1.2569500995596172e-11,VERIFIED
2025-05,monthly,Part_2,C_320,total,400038.0,400038.0,0.0,VERIFIED
2025-05,monthly,Part_2,C_320,within18_count,245882.0,245882.0,0.0,VERIFIED
2025-05,monthly,Part_2,C_320,middle_count,146501.0,146501.0,0.0,VERIFIED
2025-05,monthly,Part_2,C_320,over52_count,7655.0,7655.0,0.0,VERIFIED
2025-05,monthly,Part_2,C_320,open_count,1.0,1.0,0.0,VERIFIED
2025-05,monthly,Part_2,C_320,within18_share,0.6146466085721857,0.614646608572,1.8562928971732617e-13,VERIFIED
2025-05,monthly,Part_2,C_320,middle_share,0.3662177093176148,0.366217709318,-3.8519187839369806e-13,VERIFIED
2025-05,monthly,Part_2,C_320,over52_share,0.0191356821101995,0.0191356821102,-4.996003610813204e-16,VERIFIED
2025-05,monthly,Part_2,C_320,closed_share,0.9999975002374776,0.999997500237,4.776179451937423e-13,VERIFIED
2025-05,monthly,Part_2,C_320,gap_weeks,22.59334219269104,22.5933421927,-8.959943897934863e-12,VERIFIED
2025-05,monthly,Part_2,C_400,total,222406.0,222406.0,0.0,VERIFIED
2025-05,monthly,Part_2,C_400,within18_count,123241.0,123241.0,0.0,VERIFIED
2025-05,monthly,Part_2,C_400,middle_count,92414.0,92414.0,0.0,VERIFIED
2025-05,monthly,Part_2,C_400,over52_count,6751.0,6751.0,0.0,VERIFIED
2025-05,monthly,Part_2,C_400,open_count,0.0,0.0,0.0,VERIFIED
2025-05,monthly,Part_2,C_400,within18_share,0.5541262376015036,0.554126237602,-4.963807143099075e-13,VERIFIED
2025-05,monthly,Part_2,C_400,middle_share,0.4155193654847441,0.415519365485,-2.559064071760986e-13,VERIFIED
2025-05,monthly,Part_2,C_400,over52_share,0.0303543969137523,0.0303543969138,-4.770142614241024e-14,VERIFIED
2025-05,monthly,Part_2,C_400,closed_share,1.0,1.0,0.0,VERIFIED
2025-05,monthly,Part_2,C_400,gap_weeks,26.37826231322635,26.3782623132,2.6350477355663315e-11,VERIFIED
2025-05,monthly,Part_2,C_999,total,7355950.0,7355950.0,0.0,VERIFIED
2025-05,monthly,Part_2,C_999,within18_count,4482076.0,4482076.0,0.0,VERIFIED
2025-05,monthly,Part_2,C_999,middle_count,2677035.0,2677035.0,0.0,VERIFIED
2025-05,monthly,Part_2,C_999,over52_count,196839.0,196839.0,0.0,VERIFIED
2025-05,monthly,Part_2,C_999,open_count,160.0,160.0,0.0,VERIFIED
2025-05,monthly,Part_2,C_999,within18_share,0.6093130051183056,0.609313005118,3.055333763768431e-13,VERIFIED
2025-05,monthly,Part_2,C_999,middle_share,0.3639278407275743,0.363927840728,-4.257150187925163e-13,VERIFIED
2025-05,monthly,Part_2,C_999,over52_share,0.0267591541541201,0.0267591541541,2.0098506192667287e-14,VERIFIED
2025-05,monthly,Part_2,C_999,closed_share,0.99997824890055,0.999978248901,-4.4997339188057595e-13,VERIFIED
2025-05,monthly,Part_2,C_999,gap_weeks,24.526729349836938,24.5267293498,3.693756411848881e-11,VERIFIED
2025-06,monthly,Part_2,C_100,total,394989.0,394989.0,0.0,VERIFIED
2025-06,monthly,Part_2,C_100,within18_count,241189.0,241189.0,0.0,VERIFIED
2025-06,monthly,Part_2,C_100,middle_count,142790.0,142790.0,0.0,VERIFIED
2025-06,monthly,Part_2,C_100,over52_count,11010.0,11010.0,0.0,VERIFIED
2025-06,monthly,Part_2,C_100,open_count,15.0,15.0,0.0,VERIFIED
2025-06,monthly,Part_2,C_100,within18_share,0.6106220679563228,0.610622067956,3.22741833258533e-13,VERIFIED
2025-06,monthly,Part_2,C_100,middle_share,0.3615037380787819,0.361503738079,-2.18103313187612e-13,VERIFIED
2025-06,monthly,Part_2,C_100,over52_share,0.0278741939648952,0.0278741939649,-4.7982451345518484e-15,VERIFIED
2025-06,monthly,Part_2,C_100,closed_share,0.9999620242589036,0.999962024259,-9.64783808399261e-14,VERIFIED
2025-06,monthly,Part_2,C_100,gap_weeks,24.54457103637612,24.5445710364,-2.3881341348896967e-11,VERIFIED
2025-06,monthly,Part_2,C_110,total,848356.0,848356.0,0.0,VERIFIED
2025-06,monthly,Part_2,C_110,within18_count,499760.0,499760.0,0.0,VERIFIED
2025-06,monthly,Part_2,C_110,middle_count,323064.0,323064.0,0.0,VERIFIED
2025-06,monthly,Part_2,C_110,over52_count,25532.0,25532.0,0.0,VERIFIED
2025-06,monthly,Part_2,C_110,open_count,26.0,26.0,0.0,VERIFIED
2025-06,monthly,Part_2,C_110,within18_share,0.589092315018695,0.589092315019,-3.049782648645305e-13,VERIFIED
2025-06,monthly,Part_2,C_110,middle_share,0.3808118289963176,0.380811828996,3.1757929619402603e-13,VERIFIED
2025-06,monthly,Part_2,C_110,over52_share,0.0300958559849874,0.030095855985,-1.2601031329495527e-14,VERIFIED
2025-06,monthly,Part_2,C_110,closed_share,0.9999693524888136,0.999969352489,-1.8640644583456378e-13,VERIFIED
2025-06,monthly,Part_2,C_110,gap_weeks,25.045957930642416,25.0459579306,4.241584861119918e-11,VERIFIED
2025-06,monthly,Part_2,C_120,total,635920.0,635920.0,0.0,VERIFIED
2025-06,monthly,Part_2,C_120,within18_count,329485.0,329485.0,0.0,VERIFIED
2025-06,monthly,Part_2,C_120,middle_count,278606.0,278606.0,0.0,VERIFIED
2025-06,monthly,Part_2,C_120,over52_count,27829.0,27829.0,0.0,VERIFIED
2025-06,monthly,Part_2,C_120,open_count,7.0,7.0,0.0,VERIFIED
2025-06,monthly,Part_2,C_120,within18_share,0.5181233488489118,0.518123348849,-8.826273045769994e-14,VERIFIED
2025-06,monthly,Part_2,C_120,middle_share,0.4381148572147439,0.438114857215,-2.5607294062979236e-13,VERIFIED
2025-06,monthly,Part_2,C_120,over52_share,0.0437617939363442,0.0437617939363,4.419381527398514e-14,VERIFIED
2025-06,monthly,Part_2,C_120,closed_share,0.9999889923260789,0.999988992326,7.882583474838611e-14,VERIFIED
2025-06,monthly,Part_2,C_120,gap_weeks,28.694727962884865,28.6947279629,-1.5134560271690134e-11,VERIFIED
2025-06,monthly,Part_2,C_130,total,592361.0,592361.0,0.0,VERIFIED
2025-06,monthly,Part_2,C_130,within18_count,418677.0,418677.0,0.0,VERIFIED
2025-06,monthly,Part_2,C_130,middle_count,164878.0,164878.0,0.0,VERIFIED
2025-06,monthly,Part_2,C_130,over52_count,8806.0,8806.0,0.0,VERIFIED
2025-06,monthly,Part_2,C_130,open_count,8.0,8.0,0.0,VERIFIED
2025-06,monthly,Part_2,C_130,within18_share,0.7067936612977559,0.706793661298,-2.441380431150719e-13,VERIFIED
2025-06,monthly,Part_2,C_130,middle_share,0.2783404039091027,0.278340403909,1.0269562977782698e-13,VERIFIED
2025-06,monthly,Part_2,C_130,over52_share,0.0148659347931413,0.0148659347931,4.1300296516055823e-14,VERIFIED
2025-06,monthly,Part_2,C_130,closed_share,0.9999864947219684,0.999986494722,-3.1530333899354446e-14,VERIFIED
2025-06,monthly,Part_2,C_130,gap_weeks,18.455152849107357,18.4551528491,7.357670028795837e-12,VERIFIED
2025-06,monthly,Part_2,C_301,total,373867.0,373867.0,0.0,VERIFIED
2025-06,monthly,Part_2,C_301,within18_count,241376.0,241376.0,0.0,VERIFIED
2025-06,monthly,Part_2,C_301,middle_count,126316.0,126316.0,0.0,VERIFIED
2025-06,monthly,Part_2,C_301,over52_count,6175.0,6175.0,0.0,VERIFIED
2025-06,monthly,Part_2,C_301,open_count,42.0,42.0,0.0,VERIFIED
2025-06,monthly,Part_2,C_301,within18_share,0.6456199664586605,0.645619966459,-3.3950620093037287e-13,VERIFIED
2025-06,monthly,Part_2,C_301,middle_share,0.3378634648150278,0.337863464815,2.781108676686017e-14,VERIFIED
2025-06,monthly,Part_2,C_301,over52_share,0.0165165687263117,0.0165165687263,1.1698975121987587e-14,VERIFIED
2025-06,monthly,Part_2,C_301,closed_share,0.9998876605851814,0.999887660585,1.8141044222375058e-13,VERIFIED
2025-06,monthly,Part_2,C_301,gap_weeks,21.09685006877579,21.0968500688,-2.4208191007346613e-11,VERIFIED
2025-06,monthly,Part_2,C_320,total,395307.0,395307.0,0.0,VERIFIED
2025-06,monthly,Part_2,C_320,within18_count,244312.0,244312.0,0.0,VERIFIED
2025-06,monthly,Part_2,C_320,middle_count,143638.0,143638.0,0.0,VERIFIED
2025-06,monthly,Part_2,C_320,over52_count,7357.0,7357.0,0.0,VERIFIED
2025-06,monthly,Part_2,C_320,open_count,2.0,2.0,0.0,VERIFIED
2025-06,monthly,Part_2,C_320,within18_share,0.618031049285745,0.618031049286,-2.5490720645393594e-13,VERIFIED
2025-06,monthly,Part_2,C_320,middle_share,0.363358098895289,0.363358098895,2.8899105330992825e-13,VERIFIED
2025-06,monthly,Part_2,C_320,over52_share,0.018610851818966,0.018610851819,-3.400058012914542e-14,VERIFIED
2025-06,monthly,Part_2,C_320,closed_share,0.9999949406410714,0.999994940641,7.138734048339757e-14,VERIFIED
2025-06,monthly,Part_2,C_320,gap_weeks,22.02693446088795,22.0269344609,-1.2050804798491299e-11,VERIFIED
2025-06,monthly,Part_2,C_400,total,222585.0,222585.0,0.0,VERIFIED
2025-06,monthly,Part_2,C_400,within18_count,125636.0,125636.0,0.0,VERIFIED
2025-06,monthly,Part_2,C_400,middle_count,90231.0,90231.0,0.0,VERIFIED
2025-06,monthly,Part_2,C_400,over52_count,6718.0,6718.0,0.0,VERIFIED
2025-06,monthly,Part_2,C_400,open_count,1.0,1.0,0.0,VERIFIED
2025-06,monthly,Part_2,C_400,within18_share,0.5644405508008177,0.564440550801,-1.822986206434507e-13,VERIFIED
2025-06,monthly,Part_2,C_400,middle_share,0.4053777208706786,0.405377720871,-3.214095656289828e-13,VERIFIED
2025-06,monthly,Part_2,C_400,over52_share,0.0301817283285037,0.0301817283285,3.701899897734506e-15,VERIFIED
2025-06,monthly,Part_2,C_400,closed_share,0.9999955073342768,0.999995507334,2.7677860003905153e-13,VERIFIED
2025-06,monthly,Part_2,C_400,gap_weeks,25.739909149902665,25.7399091499,2.6645352591003757e-12,VERIFIED
2025-06,monthly,Part_2,C_999,total,7367836.0,7367836.0,0.0,VERIFIED
2025-06,monthly,Part_2,C_999,within18_count,4533070.0,4533070.0,0.0,VERIFIED
2025-06,monthly,Part_2,C_999,middle_count,2643011.0,2643011.0,0.0,VERIFIED
2025-06,monthly,Part_2,C_999,over52_count,191755.0,191755.0,0.0,VERIFIED
2025-06,monthly,Part_2,C_999,open_count,182.0,182.0,0.0,VERIFIED
2025-06,monthly,Part_2,C_999,within18_share,0.6152512080887794,0.615251208089,-2.206013149930186e-13,VERIFIED
2025-06,monthly,Part_2,C_999,middle_share,0.3587228325929079,0.358722832593,-9.209299989265674e-14,VERIFIED
2025-06,monthly,Part_2,C_999,over52_share,0.0260259593183127,0.0260259593183,1.2701645291102182e-14,VERIFIED
2025-06,monthly,Part_2,C_999,closed_share,0.9999752980386644,0.999975298039,-3.356204203441848e-13,VERIFIED
2025-06,monthly,Part_2,C_999,gap_weeks,23.80654414023674,23.8065441402,3.673861215247598e-11,VERIFIED
2025-07,monthly,Part_2,C_100,total,395120.0,395120.0,0.0,VERIFIED
2025-07,monthly,Part_2,C_100,within18_count,241466.0,241466.0,0.0,VERIFIED
2025-07,monthly,Part_2,C_100,middle_count,142547.0,142547.0,0.0,VERIFIED
2025-07,monthly,Part_2,C_100,over52_count,11107.0,11107.0,0.0,VERIFIED
2025-07,monthly,Part_2,C_100,open_count,18.0,18.0,0.0,VERIFIED
2025-07,monthly,Part_2,C_100,within18_share,0.6111206722008504,0.611120672201,-1.4954704141700859e-13,VERIFIED
2025-07,monthly,Part_2,C_100,middle_share,0.3607688803401498,0.36076888034,1.4982459717316488e-13,VERIFIED
2025-07,monthly,Part_2,C_100,over52_share,0.0281104474589997,0.028110447459,-3.0184188481996443e-16,VERIFIED
2025-07,monthly,Part_2,C_100,closed_share,0.9999544442194775,0.999954444219,4.775069228912798e-13,VERIFIED
2025-07,monthly,Part_2,C_100,gap_weeks,24.48246666666667,24.4824666667,-3.33280070208275e-11,VERIFIED
2025-07,monthly,Part_2,C_110,total,847453.0,847453.0,0.0,VERIFIED
2025-07,monthly,Part_2,C_110,within18_count,498780.0,498780.0,0.0,VERIFIED
2025-07,monthly,Part_2,C_110,middle_count,322240.0,322240.0,0.0,VERIFIED
2025-07,monthly,Part_2,C_110,over52_count,26433.0,26433.0,0.0,VERIFIED
2025-07,monthly,Part_2,C_110,open_count,43.0,43.0,0.0,VERIFIED
2025-07,monthly,Part_2,C_110,within18_share,0.58856361355733,0.588563613557,3.299582829185965e-13,VERIFIED
2025-07,monthly,Part_2,C_110,middle_share,0.3802452761392077,0.380245276139,2.077227279073668e-13,VERIFIED
2025-07,monthly,Part_2,C_110,over52_share,0.0311911103034622,0.0311911103035,-3.7799624541534627e-14,VERIFIED
2025-07,monthly,Part_2,C_110,closed_share,0.999949259722958,0.999949259723,-4.196643033083092e-14,VERIFIED
2025-07,monthly,Part_2,C_110,gap_weeks,25.352692828146147,25.3526928281,4.6146197973939707e-11,VERIFIED
2025-07,monthly,Part_2,C_120,total,628560.0,628560.0,0.0,VERIFIED
2025-07,monthly,Part_2,C_120,within18_count,320013.0,320013.0,0.0,VERIFIED
2025-07,monthly,Part_2,C_120,middle_count,281560.0,281560.0,0.0,VERIFIED
2025-07,monthly,Part_2,C_120,over52_count,26987.0,26987.0,0.0,VERIFIED
2025-07,monthly,Part_2,C_120,open_count,15.0,15.0,0.0,VERIFIED
2025-07,monthly,Part_2,C_120,within18_share,0.5091208476517755,0.509120847652,-2.2459811788166917e-13,VERIFIED
2025-07,monthly,Part_2,C_120,middle_share,0.4479445080819651,0.447944508082,-3.4861002973229915e-14,VERIFIED
2025-07,monthly,Part_2,C_120,over52_share,0.0429346442662593,0.0429346442663,-4.0696612746415894e-14,VERIFIED
2025-07,monthly,Part_2,C_120,closed_share,0.9999761359297442,0.99997613593,-2.5579538487363607e-13,VERIFIED
2025-07,monthly,Part_2,C_120,gap_weeks,27.904144144144155,27.9041441441,4.4153125600132626e-11,VERIFIED
2025-07,monthly,Part_2,C_130,total,585619.0,585619.0,0.0,VERIFIED
2025-07,monthly,Part_2,C_130,within18_count,410068.0,410068.0,0.0,VERIFIED
2025-07,monthly,Part_2,C_130,middle_count,167353.0,167353.0,0.0,VERIFIED
2025-07,monthly,Part_2,C_130,over52_count,8198.0,8198.0,0.0,VERIFIED
2025-07,monthly,Part_2,C_130,open_count,5.0,5.0,0.0,VERIFIED
2025-07,monthly,Part_2,C_130,within18_share,0.7002300130289488,0.700230013029,-5.1181281435219717e-14,VERIFIED
2025-07,monthly,Part_2,C_130,middle_share,0.2857711242292343,0.285771124229,2.343125693471393e-13,VERIFIED
2025-07,monthly,Part_2,C_130,over52_share,0.0139988627418167,0.0139988627418,1.6698448179752745e-14,VERIFIED
2025-07,monthly,Part_2,C_130,closed_share,0.9999914620256516,0.999991462026,-3.483879851273741e-13,VERIFIED
2025-07,monthly,Part_2,C_130,gap_weeks,18.090570995452246,18.0905709955,-4.775202455675753e-11,VERIFIED
2025-07,monthly,Part_2,C_301,total,374892.0,374892.0,0.0,VERIFIED
2025-07,monthly,Part_2,C_301,within18_count,241775.0,241775.0,0.0,VERIFIED
2025-07,monthly,Part_2,C_301,middle_count,126655.0,126655.0,0.0,VERIFIED
2025-07,monthly,Part_2,C_301,over52_count,6462.0,6462.0,0.0,VERIFIED
2025-07,monthly,Part_2,C_301,open_count,62.0,62.0,0.0,VERIFIED
2025-07,monthly,Part_2,C_301,within18_share,0.6449190700255006,0.644919070026,-4.993783164763954e-13,VERIFIED
2025-07,monthly,Part_2,C_301,middle_share,0.3378439657287965,0.337843965729,-2.035038804137912e-13,VERIFIED
2025-07,monthly,Part_2,C_301,over52_share,0.0172369642457027,0.0172369642457,2.7026991755718655e-15,VERIFIED
2025-07,monthly,Part_2,C_301,closed_share,0.9998346190369491,0.999834619037,-5.084821452783217e-14,VERIFIED
2025-07,monthly,Part_2,C_301,gap_weeks,21.32533333333334,21.3253333333,3.33386651618639e-11,VERIFIED
2025-07,monthly,Part_2,C_320,total,388296.0,388296.0,0.0,VERIFIED
2025-07,monthly,Part_2,C_320,within18_count,239231.0,239231.0,0.0,VERIFIED
2025-07,monthly,Part_2,C_320,middle_count,142128.0,142128.0,0.0,VERIFIED
2025-07,monthly,Part_2,C_320,over52_count,6937.0,6937.0,0.0,VERIFIED
2025-07,monthly,Part_2,C_320,open_count,1.0,1.0,0.0,VERIFIED
2025-07,monthly,Part_2,C_320,within18_share,0.616104724230999,0.616104724231,-9.992007221626409e-16,VERIFIED
2025-07,monthly,Part_2,C_320,middle_share,0.3660300389393658,0.366030038939,3.658184866139891e-13,VERIFIED
2025-07,monthly,Part_2,C_320,over52_share,0.0178652368296351,0.0178652368296,3.5100394812914715e-14,VERIFIED
2025-07,monthly,Part_2,C_320,closed_share,0.999997424645116,0.999997424645,1.1601830607332886e-13,VERIFIED
2025-07,monthly,Part_2,C_320,gap_weeks,21.840000000000003,21.84,3.552713678800501e-15,VERIFIED
2025-07,monthly,Part_2,C_400,total,218289.0,218289.0,0.0,VERIFIED
2025-07,monthly,Part_2,C_400,within18_count,122110.0,122110.0,0.0,VERIFIED
2025-07,monthly,Part_2,C_400,middle_count,89526.0,89526.0,0.0,VERIFIED
2025-07,monthly,Part_2,C_400,over52_count,6653.0,6653.0,0.0,VERIFIED
2025-07,monthly,Part_2,C_400,open_count,0.0,0.0,0.0,VERIFIED
2025-07,monthly,Part_2,C_400,within18_share,0.5593960300335793,0.559396030034,-4.206635040304718e-13,VERIFIED
2025-07,monthly,Part_2,C_400,middle_share,0.4101260255899289,0.41012602559,-7.110978472724128e-14,VERIFIED
2025-07,monthly,Part_2,C_400,over52_share,0.0304779443764917,0.0304779443765,-8.302386556024999e-15,VERIFIED
2025-07,monthly,Part_2,C_400,closed_share,1.0,1.0,0.0,VERIFIED
2025-07,monthly,Part_2,C_400,gap_weeks,25.53511918274688,25.5351191827,4.687805699177261e-11,VERIFIED
2025-07,monthly,Part_2,C_999,total,7299023.0,7299023.0,0.0,VERIFIED
2025-07,monthly,Part_2,C_999,within18_count,4468469.0,4468469.0,0.0,VERIFIED
2025-07,monthly,Part_2,C_999,middle_count,2641138.0,2641138.0,0.0,VERIFIED
2025-07,monthly,Part_2,C_999,over52_count,189416.0,189416.0,0.0,VERIFIED
2025-07,monthly,Part_2,C_999,open_count,244.0,244.0,0.0,VERIFIED
2025-07,monthly,Part_2,C_999,within18_share,0.612200975390816,0.612200975391,-1.8407497748285095e-13,VERIFIED
2025-07,monthly,Part_2,C_999,middle_share,0.3618481541981714,0.361848154198,1.7141843500212417e-13,VERIFIED
2025-07,monthly,Part_2,C_999,over52_share,0.0259508704110125,0.025950870411,1.2500417367888872e-14,VERIFIED
2025-07,monthly,Part_2,C_999,closed_share,0.9999665708684572,0.999966570868,4.571898415406395e-13,VERIFIED
2025-07,monthly,Part_2,C_999,gap_weeks,23.796676193350255,23.7966761934,-4.9745096930564614e-11,VERIFIED
2025-08,monthly,Part_2,C_100,total,395490.0,395490.0,0.0,VERIFIED
2025-08,monthly,Part_2,C_100,within18_count,241613.0,241613.0,0.0,VERIFIED
2025-08,monthly,Part_2,C_100,middle_count,142507.0,142507.0,0.0,VERIFIED
2025-08,monthly,Part_2,C_100,over52_count,11370.0,11370.0,0.0,VERIFIED
2025-08,monthly,Part_2,C_100,open_count,20.0,20.0,0.0,VERIFIED
2025-08,monthly,Part_2,C_100,within18_share,0.6109206301044274,0.610920630104,4.2743586448068527e-13,VERIFIED
2025-08,monthly,Part_2,C_100,middle_share,0.3603302232673392,0.360330223267,3.392286451742166e-13,VERIFIED
2025-08,monthly,Part_2,C_100,over52_share,0.0287491466282333,0.0287491466282,3.329975184485079e-14,VERIFIED
2025-08,monthly,Part_2,C_100,closed_share,0.9999494298212344,0.999949429821,2.3436808049837055e-13,VERIFIED
2025-08,monthly,Part_2,C_100,gap_weeks,24.785094471658496,24.7850944717,-4.150280119574745e-11,VERIFIED
2025-08,monthly,Part_2,C_110,total,856471.0,856471.0,0.0,VERIFIED
2025-08,monthly,Part_2,C_110,within18_count,504071.0,504071.0,0.0,VERIFIED
2025-08,monthly,Part_2,C_110,middle_count,325607.0,325607.0,0.0,VERIFIED
2025-08,monthly,Part_2,C_110,over52_count,26793.0,26793.0,0.0,VERIFIED
2025-08,monthly,Part_2,C_110,open_count,32.0,32.0,0.0,VERIFIED
2025-08,monthly,Part_2,C_110,within18_share,0.5885441538592667,0.588544153859,2.666755705149626e-13,VERIFIED
2025-08,monthly,Part_2,C_110,middle_share,0.3801728254663614,0.380172825466,3.6137759451548845e-13,VERIFIED
2025-08,monthly,Part_2,C_110,over52_share,0.0312830206743719,0.0312830206744,-2.8102520310824275e-14,VERIFIED
2025-08,monthly,Part_2,C_110,closed_share,0.9999626373806002,0.999962637381,-3.9979131116751887e-13,VERIFIED
2025-08,monthly,Part_2,C_110,gap_weeks,25.85818301514155,25.8581830151,4.154898647357186e-11,VERIFIED
2025-08,monthly,Part_2,C_120,total,623636.0,623636.0,0.0,VERIFIED
2025-08,monthly,Part_2,C_120,within18_count,312981.0,312981.0,0.0,VERIFIED
2025-08,monthly,Part_2,C_120,middle_count,284501.0,284501.0,0.0,VERIFIED
2025-08,monthly,Part_2,C_120,over52_count,26154.0,26154.0,0.0,VERIFIED
2025-08,monthly,Part_2,C_120,open_count,13.0,13.0,0.0,VERIFIED
2025-08,monthly,Part_2,C_120,within18_share,0.5018648698920524,0.501864869892,5.240252676230739e-14,VERIFIED
2025-08,monthly,Part_2,C_120,middle_share,0.4561972047797112,0.45619720478,-2.887690087050032e-13,VERIFIED
2025-08,monthly,Part_2,C_120,over52_share,0.0419379253282363,0.0419379253282,3.629735401133871e-14,VERIFIED
2025-08,monthly,Part_2,C_120,closed_share,0.9999791545067956,0.999979154507,-2.0439205883349132e-13,VERIFIED
2025-08,monthly,Part_2,C_120,gap_weeks,28.374248733821048,28.3742487338,2.1049828546892968e-11,VERIFIED
2025-08,monthly,Part_2,C_130,total,587377.0,587377.0,0.0,VERIFIED
2025-08,monthly,Part_2,C_130,within18_count,410068.0,410068.0,0.0,VERIFIED
2025-08,monthly,Part_2,C_130,middle_count,169210.0,169210.0,0.0,VERIFIED
2025-08,monthly,Part_2,C_130,over52_count,8099.0,8099.0,0.0,VERIFIED
2025-08,monthly,Part_2,C_130,open_count,2.0,2.0,0.0,VERIFIED
2025-08,monthly,Part_2,C_130,within18_share,0.698134247680791,0.698134247681,-2.0894397323445446e-13,VERIFIED
2025-08,monthly,Part_2,C_130,middle_share,0.2880773336375105,0.288077333638,-4.894973315572315e-13,VERIFIED
2025-08,monthly,Part_2,C_130,over52_share,0.0137884186816984,0.0137884186817,-1.601149768326593e-15,VERIFIED
2025-08,monthly,Part_2,C_130,closed_share,0.9999965950318108,0.999996595032,-1.8918200339612667e-13,VERIFIED
2025-08,monthly,Part_2,C_130,gap_weeks,18.13880149812733,18.1388014981,2.7327473617333453e-11,VERIFIED
2025-08,monthly,Part_2,C_301,total,377569.0,377569.0,0.0,VERIFIED
2025-08,monthly,Part_2,C_301,within18_count,241754.0,241754.0,0.0,VERIFIED
2025-08,monthly,Part_2,C_301,middle_count,128863.0,128863.0,0.0,VERIFIED
2025-08,monthly,Part_2,C_301,over52_count,6952.0,6952.0,0.0,VERIFIED
2025-08,monthly,Part_2,C_301,open_count,1.0,1.0,0.0,VERIFIED
2025-08,monthly,Part_2,C_301,within18_share,0.6402909137137848,0.640290913714,-2.1527224447481785e-13,VERIFIED
2025-08,monthly,Part_2,C_301,middle_share,0.3412965577152785,0.341296557715,2.784994457272205e-13,VERIFIED
2025-08,monthly,Part_2,C_301,over52_share,0.0184125285709367,0.0184125285709,3.6703279304717285e-14,VERIFIED
2025-08,monthly,Part_2,C_301,closed_share,0.9999973514774784,0.999997351477,4.7839510131098e-13,VERIFIED
2025-08,monthly,Part_2,C_301,gap_weeks,22.018197866862835,22.0181978669,-3.716493779393204e-11,VERIFIED
2025-08,monthly,Part_2,C_320,total,386717.0,386717.0,0.0,VERIFIED
2025-08,monthly,Part_2,C_320,within18_count,236366.0,236366.0,0.0,VERIFIED
2025-08,monthly,Part_2,C_320,middle_count,143425.0,143425.0,0.0,VERIFIED
2025-08,monthly,Part_2,C_320,over52_count,6926.0,6926.0,0.0,VERIFIED
2025-08,monthly,Part_2,C_320,open_count,0.0,0.0,0.0,VERIFIED
2025-08,monthly,Part_2,C_320,within18_share,0.6112118163928661,0.611211816393,-1.3389289676979388e-13,VERIFIED
2025-08,monthly,Part_2,C_320,middle_share,0.370878445995392,0.370878445995,3.9201974999514277e-13,VERIFIED
2025-08,monthly,Part_2,C_320,over52_share,0.0179097376117419,0.0179097376117,4.1897041391791845e-14,VERIFIED
2025-08,monthly,Part_2,C_320,closed_share,1.0,1.0,0.0,VERIFIED
2025-08,monthly,Part_2,C_320,gap_weeks,22.44581913499345,22.445819135,-6.551204023708124e-12,VERIFIED
2025-08,monthly,Part_2,C_400,total,219135.0,219135.0,0.0,VERIFIED
2025-08,monthly,Part_2,C_400,within18_count,122715.0,122715.0,0.0,VERIFIED
2025-08,monthly,Part_2,C_400,middle_count,89720.0,89720.0,0.0,VERIFIED
2025-08,monthly,Part_2,C_400,over52_count,6700.0,6700.0,0.0,VERIFIED
2025-08,monthly,Part_2,C_400,open_count,0.0,0.0,0.0,VERIFIED
2025-08,monthly,Part_2,C_400,within18_share,0.5599972619618043,0.559997261962,-1.9562129693895258e-13,VERIFIED
2025-08,monthly,Part_2,C_400,middle_share,0.4094279781869623,0.409427978187,-3.7692071686024065e-14,VERIFIED
2025-08,monthly,Part_2,C_400,over52_share,0.0305747598512332,0.0305747598512,3.3199137883244134e-14,VERIFIED
2025-08,monthly,Part_2,C_400,closed_share,1.0,1.0,0.0,VERIFIED
2025-08,monthly,Part_2,C_400,gap_weeks,25.832230392156873,25.8322303922,-4.312639134695928e-11,VERIFIED
2025-08,monthly,Part_2,C_999,total,7312356.0,7312356.0,0.0,VERIFIED
2025-08,monthly,Part_2,C_999,within18_count,4458454.0,4458454.0,0.0,VERIFIED
2025-08,monthly,Part_2,C_999,middle_count,2665200.0,2665200.0,0.0,VERIFIED
2025-08,monthly,Part_2,C_999,over52_count,188702.0,188702.0,0.0,VERIFIED
2025-08,monthly,Part_2,C_999,open_count,168.0,168.0,0.0,VERIFIED
2025-08,monthly,Part_2,C_999,within18_share,0.6097151178088156,0.609715117809,-1.844080443902385e-13,VERIFIED
2025-08,monthly,Part_2,C_999,middle_share,0.3644789723038648,0.364478972304,-1.3522516439934407e-13,VERIFIED
2025-08,monthly,Part_2,C_999,over52_share,0.0258059098873194,0.0258059098873,1.940114735532461e-14,VERIFIED
2025-08,monthly,Part_2,C_999,closed_share,0.9999770251885984,0.999977025189,-4.015676680069191e-13,VERIFIED
2025-08,monthly,Part_2,C_999,gap_weeks,24.15704861304907,24.157048613,4.907008133159252e-11,VERIFIED
2025-09,monthly,Part_2,C_100,total,393730.0,393730.0,0.0,VERIFIED
2025-09,monthly,Part_2,C_100,within18_count,243483.0,243483.0,0.0,VERIFIED
2025-09,monthly,Part_2,C_100,middle_count,139321.0,139321.0,0.0,VERIFIED
2025-09,monthly,Part_2,C_100,over52_count,10926.0,10926.0,0.0,VERIFIED
2025-09,monthly,Part_2,C_100,open_count,9.0,9.0,0.0,VERIFIED
2025-09,monthly,Part_2,C_100,within18_share,0.6184009346506489,0.618400934651,-3.510525203864745e-13,VERIFIED
2025-09,monthly,Part_2,C_100,middle_share,0.3538490843979376,0.353849084398,-6.23945339839338e-14,VERIFIED
2025-09,monthly,Part_2,C_100,over52_share,0.0277499809514134,0.0277499809514,1.3399004128444858e-14,VERIFIED
2025-09,monthly,Part_2,C_100,closed_share,0.9999771416960862,0.999977141696,8.615330671091215e-14,VERIFIED
2025-09,monthly,Part_2,C_100,gap_weeks,24.43573712255774,24.4357371226,-4.225952920933196e-11,VERIFIED
2025-09,monthly,Part_2,C_110,total,860865.0,860865.0,0.0,VERIFIED
2025-09,monthly,Part_2,C_110,within18_count,514085.0,514085.0,0.0,VERIFIED
2025-09,monthly,Part_2,C_110,middle_count,320190.0,320190.0,0.0,VERIFIED
2025-09,monthly,Part_2,C_110,over52_count,26590.0,26590.0,0.0,VERIFIED
2025-09,monthly,Part_2,C_110,open_count,34.0,34.0,0.0,VERIFIED
2025-09,monthly,Part_2,C_110,within18_share,0.5971726112688981,0.597172611269,-1.0191847366058937e-13,VERIFIED
2025-09,monthly,Part_2,C_110,middle_share,0.3719398511961805,0.371939851196,1.8052226380405045e-13,VERIFIED
2025-09,monthly,Part_2,C_110,over52_share,0.0308875375349212,0.0308875375349,2.1201790323388536e-14,VERIFIED
2025-09,monthly,Part_2,C_110,closed_share,0.999960504841061,0.999960504841,6.106226635438361e-14,VERIFIED
2025-09,monthly,Part_2,C_110,gap_weeks,25.564438297218388,25.5644382972,1.8388846001471393e-11,VERIFIED
2025-09,monthly,Part_2,C_120,total,617531.0,617531.0,0.0,VERIFIED
2025-09,monthly,Part_2,C_120,within18_count,316223.0,316223.0,0.0,VERIFIED
2025-09,monthly,Part_2,C_120,middle_count,277471.0,277471.0,0.0,VERIFIED
2025-09,monthly,Part_2,C_120,over52_count,23837.0,23837.0,0.0,VERIFIED
2025-09,monthly,Part_2,C_120,open_count,13.0,13.0,0.0,VERIFIED
2025-09,monthly,Part_2,C_120,within18_share,0.5120763168164837,0.512076316816,4.837241718291807e-13,VERIFIED
2025-09,monthly,Part_2,C_120,middle_share,0.4493231918721489,0.449323191872,1.4893641875346475e-13,VERIFIED
2025-09,monthly,Part_2,C_120,over52_share,0.0386004913113673,0.0386004913114,-3.269606807521086e-14,VERIFIED
2025-09,monthly,Part_2,C_120,closed_share,0.9999789484252612,0.999978948425,2.6123547769429933e-13,VERIFIED
2025-09,monthly,Part_2,C_120,gap_weeks,27.7681745884964,27.7681745885,-3.5988989566249074e-12,VERIFIED
2025-09,monthly,Part_2,C_130,total,589819.0,589819.0,0.0,VERIFIED
2025-09,monthly,Part_2,C_130,within18_count,416582.0,416582.0,0.0,VERIFIED
2025-09,monthly,Part_2,C_130,middle_count,166129.0,166129.0,0.0,VERIFIED
2025-09,monthly,Part_2,C_130,over52_count,7108.0,7108.0,0.0,VERIFIED
2025-09,monthly,Part_2,C_130,open_count,3.0,3.0,0.0,VERIFIED
2025-09,monthly,Part_2,C_130,within18_share,0.7062878611913146,0.706287861191,3.1463720517876936e-13,VERIFIED
2025-09,monthly,Part_2,C_130,middle_share,0.2816609841324203,0.281660984132,4.20274925971853e-13,VERIFIED
2025-09,monthly,Part_2,C_130,over52_share,0.012051154676265,0.0120511546763,-3.499978085130806e-14,VERIFIED
2025-09,monthly,Part_2,C_130,closed_share,0.999994913693862,0.999994913694,-1.3800072196090696e-13,VERIFIED
2025-09,monthly,Part_2,C_130,gap_weeks,16.707748204478236,16.7077482045,-2.176392399633187e-11,VERIFIED
2025-09,monthly,Part_2,C_301,total,379599.0,379599.0,0.0,VERIFIED
2025-09,monthly,Part_2,C_301,within18_count,247107.0,247107.0,0.0,VERIFIED
2025-09,monthly,Part_2,C_301,middle_count,125878.0,125878.0,0.0,VERIFIED
2025-09,monthly,Part_2,C_301,over52_count,6614.0,6614.0,0.0,VERIFIED
2025-09,monthly,Part_2,C_301,open_count,0.0,0.0,0.0,VERIFIED
2025-09,monthly,Part_2,C_301,within18_share,0.6509685220456324,0.650968522046,-3.6759484345338933e-13,VERIFIED
2025-09,monthly,Part_2,C_301,middle_share,0.3316078282608753,0.331607828261,-1.2467804566540508e-13,VERIFIED
2025-09,monthly,Part_2,C_301,over52_share,0.0174236496934923,0.0174236496935,-7.69870278638507e-15,VERIFIED
2025-09,monthly,Part_2,C_301,closed_share,1.0,1.0,0.0,VERIFIED
2025-09,monthly,Part_2,C_301,gap_weeks,20.982635504724023,20.9826355047,2.4023449896048987e-11,VERIFIED
2025-09,monthly,Part_2,C_320,total,388454.0,388454.0,0.0,VERIFIED
2025-09,monthly,Part_2,C_320,within18_count,242334.0,242334.0,0.0,VERIFIED
2025-09,monthly,Part_2,C_320,middle_count,139232.0,139232.0,0.0,VERIFIED
2025-09,monthly,Part_2,C_320,over52_count,6888.0,6888.0,0.0,VERIFIED
2025-09,monthly,Part_2,C_320,open_count,0.0,0.0,0.0,VERIFIED
2025-09,monthly,Part_2,C_320,within18_share,0.6238422052546763,0.623842205255,-3.2374103398069565e-13,VERIFIED
2025-09,monthly,Part_2,C_320,middle_share,0.3584259654939838,0.358425965494,-1.6209256159527285e-14,VERIFIED
2025-09,monthly,Part_2,C_320,over52_share,0.0177318292513399,0.0177318292513,3.9902109394418517e-14,VERIFIED
2025-09,monthly,Part_2,C_320,closed_share,1.0,1.0,0.0,VERIFIED
2025-09,monthly,Part_2,C_320,gap_weeks,22.140046496180663,22.1400464962,-1.9337420553711127e-11,VERIFIED
2025-09,monthly,Part_2,C_400,total,219221.0,219221.0,0.0,VERIFIED
2025-09,monthly,Part_2,C_400,within18_count,125336.0,125336.0,0.0,VERIFIED
2025-09,monthly,Part_2,C_400,middle_count,88091.0,88091.0,0.0,VERIFIED
2025-09,monthly,Part_2,C_400,over52_count,5794.0,5794.0,0.0,VERIFIED
2025-09,monthly,Part_2,C_400,open_count,1.0,1.0,0.0,VERIFIED
2025-09,monthly,Part_2,C_400,within18_share,0.5717335474247449,0.571733547425,-2.5512925105886097e-13,VERIFIED
2025-09,monthly,Part_2,C_400,middle_share,0.4018365028897779,0.40183650289,-2.2210011607626257e-13,VERIFIED
2025-09,monthly,Part_2,C_400,over52_share,0.0264299496854772,0.0264299496855,-2.2801205368239152e-14,VERIFIED
2025-09,monthly,Part_2,C_400,closed_share,0.9999954383932196,0.999995438393,2.1960211427085596e-13,VERIFIED
2025-09,monthly,Part_2,C_400,gap_weeks,25.11739030023095,25.1173903002,3.0951241569709964e-11,VERIFIED
2025-09,monthly,Part_2,C_999,total,7296893.0,7296893.0,0.0,VERIFIED
2025-09,monthly,Part_2,C_999,within18_count,4505684.0,4505684.0,0.0,VERIFIED
2025-09,monthly,Part_2,C_999,middle_count,2612677.0,2612677.0,0.0,VERIFIED
2025-09,monthly,Part_2,C_999,over52_count,178532.0,178532.0,0.0,VERIFIED
2025-09,monthly,Part_2,C_999,open_count,150.0,150.0,0.0,VERIFIED
2025-09,monthly,Part_2,C_999,within18_share,0.6174797958528376,0.617479795853,-1.6231460620019789e-13,VERIFIED
2025-09,monthly,Part_2,C_999,middle_share,0.3580533522966556,0.358053352297,-3.444466933899548e-13,VERIFIED
2025-09,monthly,Part_2,C_999,over52_share,0.0244668518505067,0.0244668518505,6.699502064222429e-15,VERIFIED
2025-09,monthly,Part_2,C_999,closed_share,0.9999794433055276,0.999979443306,-4.723998969780041e-13,VERIFIED
2025-09,monthly,Part_2,C_999,gap_weeks,23.81406993006994,23.8140699301,-3.005951043633104e-11,VERIFIED
2025-10,monthly,Part_2,C_100,total,391493.0,391493.0,0.0,VERIFIED
2025-10,monthly,Part_2,C_100,within18_count,239706.0,239706.0,0.0,VERIFIED
2025-10,monthly,Part_2,C_100,middle_count,141573.0,141573.0,0.0,VERIFIED
2025-10,monthly,Part_2,C_100,over52_count,10214.0,10214.0,0.0,VERIFIED
2025-10,monthly,Part_2,C_100,open_count,9.0,9.0,0.0,VERIFIED
2025-10,monthly,Part_2,C_100,within18_share,0.6122868097258444,0.612286809726,-1.5565326805244695e-13,VERIFIED
2025-10,monthly,Part_2,C_100,middle_share,0.3616233240441081,0.361623324044,1.0808021144725899e-13,VERIFIED
2025-10,monthly,Part_2,C_100,over52_share,0.0260898662300475,0.02608986623,4.750019821919693e-14,VERIFIED
2025-10,monthly,Part_2,C_100,closed_share,0.9999770110832122,0.999977011083,2.1227464230832993e-13,VERIFIED
2025-10,monthly,Part_2,C_100,gap_weeks,23.335452688904013,23.3354526889,4.014566457044566e-12,VERIFIED
2025-10,monthly,Part_2,C_110,total,858898.0,858898.0,0.0,VERIFIED
2025-10,monthly,Part_2,C_110,within18_count,509729.0,509729.0,0.0,VERIFIED
2025-10,monthly,Part_2,C_110,middle_count,322728.0,322728.0,0.0,VERIFIED
2025-10,monthly,Part_2,C_110,over52_count,26441.0,26441.0,0.0,VERIFIED
2025-10,monthly,Part_2,C_110,open_count,30.0,30.0,0.0,VERIFIED
2025-10,monthly,Part_2,C_110,within18_share,0.5934686074481487,0.593468607448,1.4865886299730846e-13,VERIFIED
2025-10,monthly,Part_2,C_110,middle_share,0.3757465962198072,0.37574659622,-1.9279022822615843e-13,VERIFIED
2025-10,monthly,Part_2,C_110,over52_share,0.030784796332044,0.030784796332,4.3999526244675735e-14,VERIFIED
2025-10,monthly,Part_2,C_110,closed_share,0.9999650715218804,0.999965071522,-1.1957101975212936e-13,VERIFIED
2025-10,monthly,Part_2,C_110,gap_weeks,24.356845468303355,24.3568454683,3.353761712787673e-12,VERIFIED
2025-10,monthly,Part_2,C_120,total,613974.0,613974.0,0.0,VERIFIED
2025-10,monthly,Part_2,C_120,within18_count,314759.0,314759.0,0.0,VERIFIED
2025-10,monthly,Part_2,C_120,middle_count,277179.0,277179.0,0.0,VERIFIED
2025-10,monthly,Part_2,C_120,over52_count,22036.0,22036.0,0.0,VERIFIED
2025-10,monthly,Part_2,C_120,open_count,25.0,25.0,0.0,VERIFIED
2025-10,monthly,Part_2,C_120,within18_share,0.5126585164844114,0.512658516484,4.11448652926083e-13,VERIFIED
2025-10,monthly,Part_2,C_120,middle_share,0.4514507128966373,0.451450712897,-3.6270986214503864e-13,VERIFIED
2025-10,monthly,Part_2,C_120,over52_share,0.0358907706189512,0.035890770619,-4.880124082617954e-14,VERIFIED
2025-10,monthly,Part_2,C_120,closed_share,0.9999592816633928,0.999959281663,3.927969061123804e-13,VERIFIED
2025-10,monthly,Part_2,C_120,gap_weeks,27.339246618106152,27.3392466181,6.153300091682468e-12,VERIFIED
2025-10,monthly,Part_2,C_130,total,598593.0,598593.0,0.0,VERIFIED
2025-10,monthly,Part_2,C_130,within18_count,424765.0,424765.0,0.0,VERIFIED
2025-10,monthly,Part_2,C_130,middle_count,167483.0,167483.0,0.0,VERIFIED
2025-10,monthly,Part_2,C_130,over52_count,6345.0,6345.0,0.0,VERIFIED
2025-10,monthly,Part_2,C_130,open_count,5.0,5.0,0.0,VERIFIED
2025-10,monthly,Part_2,C_130,within18_share,0.7096056920144406,0.709605692014,4.405364961712621e-13,VERIFIED
2025-10,monthly,Part_2,C_130,middle_share,0.2797944513216827,0.279794451322,-3.1730174043786974e-13,VERIFIED
2025-10,monthly,Part_2,C_130,over52_share,0.0105998566638767,0.0105998566639,-2.3300805729320473e-14,VERIFIED
2025-10,monthly,Part_2,C_130,closed_share,0.9999916470790672,0.999991647079,6.716849298982197e-14,VERIFIED
2025-10,monthly,Part_2,C_130,gap_weeks,16.592369429320442,16.5923694293,2.0442314507818082e-11,VERIFIED
2025-10,monthly,Part_2,C_301,total,382448.0,382448.0,0.0,VERIFIED
2025-10,monthly,Part_2,C_301,within18_count,249914.0,249914.0,0.0,VERIFIED
2025-10,monthly,Part_2,C_301,middle_count,126253.0,126253.0,0.0,VERIFIED
2025-10,monthly,Part_2,C_301,over52_count,6281.0,6281.0,0.0,VERIFIED
2025-10,monthly,Part_2,C_301,open_count,0.0,0.0,0.0,VERIFIED
2025-10,monthly,Part_2,C_301,within18_share,0.6534587708655817,0.653458770866,-4.18332035678759e-13,VERIFIED
2025-10,monthly,Part_2,C_301,middle_share,0.330118081412375,0.330118081412,3.749778265671466e-13,VERIFIED
2025-10,monthly,Part_2,C_301,over52_share,0.0164231477220432,0.016423147722,4.319808399877445e-14,VERIFIED
2025-10,monthly,Part_2,C_301,closed_share,1.0,1.0,0.0,VERIFIED
2025-10,monthly,Part_2,C_301,gap_weeks,20.31989111942839,20.3198911194,2.8389735007294803e-11,VERIFIED
2025-10,monthly,Part_2,C_320,total,387527.0,387527.0,0.0,VERIFIED
2025-10,monthly,Part_2,C_320,within18_count,243128.0,243128.0,0.0,VERIFIED
2025-10,monthly,Part_2,C_320,middle_count,137874.0,137874.0,0.0,VERIFIED
2025-10,monthly,Part_2,C_320,over52_count,6525.0,6525.0,0.0,VERIFIED
2025-10,monthly,Part_2,C_320,open_count,5.0,5.0,0.0,VERIFIED
2025-10,monthly,Part_2,C_320,within18_share,0.6273833823191675,0.627383382319,1.674216321134736e-13,VERIFIED
2025-10,monthly,Part_2,C_320,middle_share,0.3557790811995035,0.3557790812,-4.9649173661237e-13,VERIFIED
2025-10,monthly,Part_2,C_320,over52_share,0.016837536481329,0.0168375364813,2.900110707138026e-14,VERIFIED
2025-10,monthly,Part_2,C_320,closed_share,0.9999870976731944,0.999987097673,1.944000516118649e-13,VERIFIED
2025-10,monthly,Part_2,C_320,gap_weeks,20.891663527934725,20.8916635279,3.4724223496596096e-11,VERIFIED
2025-10,monthly,Part_2,C_400,total,221595.0,221595.0,0.0,VERIFIED
2025-10,monthly,Part_2,C_400,within18_count,127668.0,127668.0,0.0,VERIFIED
2025-10,monthly,Part_2,C_400,middle_count,88512.0,88512.0,0.0,VERIFIED
2025-10,monthly,Part_2,C_400,over52_count,5415.0,5415.0,0.0,VERIFIED
2025-10,monthly,Part_2,C_400,open_count,2.0,2.0,0.0,VERIFIED
2025-10,monthly,Part_2,C_400,within18_share,0.5761321329452379,0.576132132945,2.3792079417717105e-13,VERIFIED
2025-10,monthly,Part_2,C_400,middle_share,0.3994313951127056,0.399431395113,-2.944311461305915e-13,VERIFIED
2025-10,monthly,Part_2,C_400,over52_share,0.0244364719420564,0.0244364719421,-4.360053984520107e-14,VERIFIED
2025-10,monthly,Part_2,C_400,closed_share,0.9999909745255984,0.999990974526,-4.0167869030938164e-13,VERIFIED
2025-10,monthly,Part_2,C_400,gap_weeks,23.70288298473715,23.7028829847,3.715072693921684e-11,VERIFIED
2025-10,monthly,Part_2,C_999,total,7304189.0,7304189.0,0.0,VERIFIED
2025-10,monthly,Part_2,C_999,within18_count,4506981.0,4506981.0,0.0,VERIFIED
2025-10,monthly,Part_2,C_999,middle_count,2626449.0,2626449.0,0.0,VERIFIED
2025-10,monthly,Part_2,C_999,over52_count,170759.0,170759.0,0.0,VERIFIED
2025-10,monthly,Part_2,C_999,open_count,172.0,172.0,0.0,VERIFIED
2025-10,monthly,Part_2,C_999,within18_share,0.6170405776739896,0.617040577674,-1.0436096431476471e-14,VERIFIED
2025-10,monthly,Part_2,C_999,middle_share,0.3595811937505998,0.359581193751,-4.001798892261377e-13,VERIFIED
2025-10,monthly,Part_2,C_999,over52_share,0.0233782285754106,0.0233782285754,1.0599160438218291e-14,VERIFIED
2025-10,monthly,Part_2,C_999,closed_share,0.9999764518689208,0.999976451869,-7.915890165577366e-14,VERIFIED
2025-10,monthly,Part_2,C_999,gap_weeks,22.55139571699459,22.551395717,-5.4072302191343624e-12,VERIFIED
2025-11,monthly,Part_2,C_100,total,381272.0,381272.0,0.0,VERIFIED
2025-11,monthly,Part_2,C_100,within18_count,232483.0,232483.0,0.0,VERIFIED
2025-11,monthly,Part_2,C_100,middle_count,139109.0,139109.0,0.0,VERIFIED
2025-11,monthly,Part_2,C_100,over52_count,9680.0,9680.0,0.0,VERIFIED
2025-11,monthly,Part_2,C_100,open_count,15.0,15.0,0.0,VERIFIED
2025-11,monthly,Part_2,C_100,within18_share,0.6097562894731321,0.609756289473,1.3211653993039363e-13,VERIFIED
2025-11,monthly,Part_2,C_100,middle_share,0.3648550116452296,0.364855011645,2.2959412149248237e-13,VERIFIED
2025-11,monthly,Part_2,C_100,over52_share,0.0253886988816383,0.0253886988816,3.829922490261595e-14,VERIFIED
2025-11,monthly,Part_2,C_100,closed_share,0.9999606580079312,0.999960658008,-6.88338275267597e-14,VERIFIED
2025-11,monthly,Part_2,C_100,gap_weeks,23.344260315330423,23.3442603153,3.042188723156869e-11,VERIFIED
2025-11,monthly,Part_2,C_110,total,845411.0,845411.0,0.0,VERIFIED
2025-11,monthly,Part_2,C_110,within18_count,500392.0,500392.0,0.0,VERIFIED
2025-11,monthly,Part_2,C_110,middle_count,320045.0,320045.0,0.0,VERIFIED
2025-11,monthly,Part_2,C_110,over52_count,24974.0,24974.0,0.0,VERIFIED
2025-11,monthly,Part_2,C_110,open_count,40.0,40.0,0.0,VERIFIED
2025-11,monthly,Part_2,C_110,within18_share,0.5918919909960954,0.591891990996,9.536815781530095e-14,VERIFIED
2025-11,monthly,Part_2,C_110,middle_share,0.3785673477160813,0.378567347716,8.132383655379272e-14,VERIFIED
2025-11,monthly,Part_2,C_110,over52_share,0.0295406612878233,0.0295406612878,2.3300805729320473e-14,VERIFIED
2025-11,monthly,Part_2,C_110,closed_share,0.999952685735104,0.999952685735,1.0402789740737717e-13,VERIFIED
2025-11,monthly,Part_2,C_110,gap_weeks,24.079053478466633,24.0790534785,-3.3367086871294305e-11,VERIFIED
2025-11,monthly,Part_2,C_120,total,588429.0,588429.0,0.0,VERIFIED
2025-11,monthly,Part_2,C_120,within18_count,305981.0,305981.0,0.0,VERIFIED
2025-11,monthly,Part_2,C_120,middle_count,264086.0,264086.0,0.0,VERIFIED
2025-11,monthly,Part_2,C_120,over52_count,18362.0,18362.0,0.0,VERIFIED
2025-11,monthly,Part_2,C_120,open_count,24.0,24.0,0.0,VERIFIED
2025-11,monthly,Part_2,C_120,within18_share,0.5199964651640215,0.519996465164,2.1538326677728037e-14,VERIFIED
2025-11,monthly,Part_2,C_120,middle_share,0.4487984106833619,0.448798410683,3.6187719487656977e-13,VERIFIED
2025-11,monthly,Part_2,C_120,over52_share,0.0312051241526165,0.0312051241526,1.650068970349139e-14,VERIFIED
2025-11,monthly,Part_2,C_120,closed_share,0.9999592134310172,0.999959213431,1.7208456881689926e-14,VERIFIED
2025-11,monthly,Part_2,C_120,gap_weeks,25.84122009132421,25.8412200913,2.4211743721025414e-11,VERIFIED
2025-11,monthly,Part_2,C_130,total,597880.0,597880.0,0.0,VERIFIED
2025-11,monthly,Part_2,C_130,within18_count,422995.0,422995.0,0.0,VERIFIED
2025-11,monthly,Part_2,C_130,middle_count,169249.0,169249.0,0.0,VERIFIED
2025-11,monthly,Part_2,C_130,over52_count,5636.0,5636.0,0.0,VERIFIED
2025-11,monthly,Part_2,C_130,open_count,3.0,3.0,0.0,VERIFIED
2025-11,monthly,Part_2,C_130,within18_share,0.7074914698601726,0.70749146986,1.7263968032921184e-13,VERIFIED
2025-11,monthly,Part_2,C_130,middle_share,0.2830818893423429,0.283081889342,3.428923811554796e-13,VERIFIED
2025-11,monthly,Part_2,C_130,over52_share,0.0094266407974844,0.00942664079748,4.399258735077183e-15,VERIFIED
2025-11,monthly,Part_2,C_130,closed_share,0.9999949822706896,0.999994982271,-3.1041835768519377e-13,VERIFIED
2025-11,monthly,Part_2,C_130,gap_weeks,16.751544442109683,16.7515444421,9.684697488410166e-12,VERIFIED
2025-11,monthly,Part_2,C_301,total,375368.0,375368.0,0.0,VERIFIED
2025-11,monthly,Part_2,C_301,within18_count,243220.0,243220.0,0.0,VERIFIED
2025-11,monthly,Part_2,C_301,middle_count,126323.0,126323.0,0.0,VERIFIED
2025-11,monthly,Part_2,C_301,over52_count,5825.0,5825.0,0.0,VERIFIED
2025-11,monthly,Part_2,C_301,open_count,2.0,2.0,0.0,VERIFIED
2025-11,monthly,Part_2,C_301,within18_share,0.6479508109375333,0.647950810938,-4.667377595524158e-13,VERIFIED
2025-11,monthly,Part_2,C_301,middle_share,0.3365310841627416,0.336531084163,-2.584044089815052e-13,VERIFIED
2025-11,monthly,Part_2,C_301,over52_share,0.015518104899725,0.0155181048997,2.5000834735777744e-14,VERIFIED
2025-11,monthly,Part_2,C_301,closed_share,0.9999946718953134,0.999994671895,3.134159598516817e-13,VERIFIED
2025-11,monthly,Part_2,C_301,gap_weeks,20.357518248175182,20.3575182482,-2.48192577601003e-11,VERIFIED
2025-11,monthly,Part_2,C_320,total,383624.0,383624.0,0.0,VERIFIED
2025-11,monthly,Part_2,C_320,within18_count,241441.0,241441.0,0.0,VERIFIED
2025-11,monthly,Part_2,C_320,middle_count,136653.0,136653.0,0.0,VERIFIED
2025-11,monthly,Part_2,C_320,over52_count,5530.0,5530.0,0.0,VERIFIED
2025-11,monthly,Part_2,C_320,open_count,2.0,2.0,0.0,VERIFIED
2025-11,monthly,Part_2,C_320,within18_share,0.6293688611765688,0.629368861177,-4.312106227644108e-13,VERIFIED
2025-11,monthly,Part_2,C_320,middle_share,0.3562159823160177,0.356215982316,1.7708057242771247e-14,VERIFIED
2025-11,monthly,Part_2,C_320,over52_share,0.0144151565074135,0.0144151565074,1.3499618090051513e-14,VERIFIED
2025-11,monthly,Part_2,C_320,closed_share,0.9999947865618418,0.999994786562,-1.582067810090848e-13,VERIFIED
2025-11,monthly,Part_2,C_320,gap_weeks,20.443598746081513,20.4435987461,-1.8488321984477807e-11,VERIFIED
2025-11,monthly,Part_2,C_400,total,216244.0,216244.0,0.0,VERIFIED
2025-11,monthly,Part_2,C_400,within18_count,124101.0,124101.0,0.0,VERIFIED
2025-11,monthly,Part_2,C_400,middle_count,87360.0,87360.0,0.0,VERIFIED
2025-11,monthly,Part_2,C_400,over52_count,4783.0,4783.0,0.0,VERIFIED
2025-11,monthly,Part_2,C_400,open_count,0.0,0.0,0.0,VERIFIED
2025-11,monthly,Part_2,C_400,within18_share,0.5738933797007084,0.573893379701,-2.915445662665661e-13,VERIFIED
2025-11,monthly,Part_2,C_400,middle_share,0.4039880875307522,0.403988087531,-2.4780177909633494e-13,VERIFIED
2025-11,monthly,Part_2,C_400,over52_share,0.0221185327685392,0.0221185327685,3.9201281110123887e-14,VERIFIED
2025-11,monthly,Part_2,C_400,closed_share,1.0,1.0,0.0,VERIFIED
2025-11,monthly,Part_2,C_400,gap_weeks,23.12379018612522,23.1237901861,2.5220714405804756e-11,VERIFIED
2025-11,monthly,Part_2,C_999,total,7159010.0,7159010.0,0.0,VERIFIED
2025-11,monthly,Part_2,C_999,within18_count,4412862.0,4412862.0,0.0,VERIFIED
2025-11,monthly,Part_2,C_999,middle_count,2592027.0,2592027.0,0.0,VERIFIED
2025-11,monthly,Part_2,C_999,over52_count,154121.0,154121.0,0.0,VERIFIED
2025-11,monthly,Part_2,C_999,open_count,177.0,177.0,0.0,VERIFIED
2025-11,monthly,Part_2,C_999,within18_share,0.616406737803132,0.616406737803,1.3200551762793111e-13,VERIFIED
2025-11,monthly,Part_2,C_999,middle_share,0.3620650061949906,0.362065006195,-9.381384558082573e-15,VERIFIED
2025-11,monthly,Part_2,C_999,over52_share,0.0215282560018773,0.0215282560019,-2.2700591406632498e-14,VERIFIED
2025-11,monthly,Part_2,C_999,closed_share,0.9999752759110548,0.999975275911,5.484501741648273e-14,VERIFIED
2025-11,monthly,Part_2,C_999,gap_weeks,22.359550518779436,22.3595505188,-2.05631067728973e-11,VERIFIED
2025-12,monthly,Part_2,C_100,total,385548.0,385548.0,0.0,VERIFIED
2025-12,monthly,Part_2,C_100,within18_count,231583.0,231583.0,0.0,VERIFIED
2025-12,monthly,Part_2,C_100,middle_count,144745.0,144745.0,0.0,VERIFIED
2025-12,monthly,Part_2,C_100,over52_count,9220.0,9220.0,0.0,VERIFIED
2025-12,monthly,Part_2,C_100,open_count,8.0,8.0,0.0,VERIFIED
2025-12,monthly,Part_2,C_100,within18_share,0.6006593212777657,0.600659321278,-2.3436808049837055e-13,VERIFIED
2025-12,monthly,Part_2,C_100,middle_share,0.3754266654216855,0.375426665422,-3.144706717250756e-13,VERIFIED
2025-12,monthly,Part_2,C_100,over52_share,0.0239140133005488,0.0239140133005,4.8797771379227584e-14,VERIFIED
2025-12,monthly,Part_2,C_100,closed_share,0.999979250313839,0.999979250314,-1.609823385706477e-13,VERIFIED
2025-12,monthly,Part_2,C_100,gap_weeks,23.804321029461576,23.8043210295,-3.842259843622742e-11,VERIFIED
2025-12,monthly,Part_2,C_110,total,844356.0,844356.0,0.0,VERIFIED
2025-12,monthly,Part_2,C_110,within18_count,494157.0,494157.0,0.0,VERIFIED
2025-12,monthly,Part_2,C_110,middle_count,327253.0,327253.0,0.0,VERIFIED
2025-12,monthly,Part_2,C_110,over52_count,22946.0,22946.0,0.0,VERIFIED
2025-12,monthly,Part_2,C_110,open_count,14.0,14.0,0.0,VERIFIED
2025-12,monthly,Part_2,C_110,within18_share,0.5852472179980955,0.585247217998,9.559020242022598e-14,VERIFIED
2025-12,monthly,Part_2,C_110,middle_share,0.3875770409637641,0.387577040964,-2.358668815816145e-13,VERIFIED
2025-12,monthly,Part_2,C_110,over52_share,0.0271757410381403,0.0271757410381,4.030109579389318e-14,VERIFIED
2025-12,monthly,Part_2,C_110,closed_share,0.9999834193160232,0.999983419316,2.3203661214665772e-14,VERIFIED
2025-12,monthly,Part_2,C_110,gap_weeks,24.482154080854315,24.4821540809,-4.568434519569564e-11,VERIFIED
2025-12,monthly,Part_2,C_120,total,589602.0,589602.0,0.0,VERIFIED
2025-12,monthly,Part_2,C_120,within18_count,309289.0,309289.0,0.0,VERIFIED
2025-12,monthly,Part_2,C_120,middle_count,264157.0,264157.0,0.0,VERIFIED
2025-12,monthly,Part_2,C_120,over52_count,16156.0,16156.0,0.0,VERIFIED
2025-12,monthly,Part_2,C_120,open_count,73.0,73.0,0.0,VERIFIED
2025-12,monthly,Part_2,C_120,within18_share,0.5245725082343683,0.524572508234,3.682609772681644e-13,VERIFIED
2025-12,monthly,Part_2,C_120,middle_share,0.4480259564926849,0.448025956493,-3.1508129438861943e-13,VERIFIED
2025-12,monthly,Part_2,C_120,over52_share,0.0274015352729468,0.0274015352729,4.67993699349023e-14,VERIFIED
2025-12,monthly,Part_2,C_120,closed_share,0.9998761876655778,0.999876187666,-4.221067939624845e-13,VERIFIED
2025-12,monthly,Part_2,C_120,gap_weeks,26.27221796165489,26.2722179617,-4.511235829340876e-11,VERIFIED
2025-12,monthly,Part_2,C_130,total,601191.0,601191.0,0.0,VERIFIED
2025-12,monthly,Part_2,C_130,within18_count,422184.0,422184.0,0.0,VERIFIED
2025-12,monthly,Part_2,C_130,middle_count,174041.0,174041.0,0.0,VERIFIED
2025-12,monthly,Part_2,C_130,over52_count,4966.0,4966.0,0.0,VERIFIED
2025-12,monthly,Part_2,C_130,open_count,2.0,2.0,0.0,VERIFIED
2025-12,monthly,Part_2,C_130,within18_share,0.7022460416074093,0.702246041607,4.093392291792952e-13,VERIFIED
2025-12,monthly,Part_2,C_130,middle_share,0.2894936883619349,0.289493688362,-6.511458039426543e-14,VERIFIED
2025-12,monthly,Part_2,C_130,over52_share,0.0082602700306558,0.00826027003066,-4.201500258815827e-15,VERIFIED
2025-12,monthly,Part_2,C_130,closed_share,0.9999966732702252,0.99999667327,2.2526425169644426e-13,VERIFIED
2025-12,monthly,Part_2,C_130,gap_weeks,17.035821021528065,17.0358210215,2.8066438062523957e-11,VERIFIED
2025-12,monthly,Part_2,C_301,total,381239.0,381239.0,0.0,VERIFIED
2025-12,monthly,Part_2,C_301,within18_count,246799.0,246799.0,0.0,VERIFIED
2025-12,monthly,Part_2,C_301,middle_count,129324.0,129324.0,0.0,VERIFIED
2025-12,monthly,Part_2,C_301,over52_count,5116.0,5116.0,0.0,VERIFIED
2025-12,monthly,Part_2,C_301,open_count,14.0,14.0,0.0,VERIFIED
2025-12,monthly,Part_2,C_301,within18_share,0.6473603172812855,0.647360317281,2.8554936193359026e-13,VERIFIED
2025-12,monthly,Part_2,C_301,middle_share,0.3392202791424801,0.339220279142,4.801159469991489e-13,VERIFIED
2025-12,monthly,Part_2,C_301,over52_share,0.0134194035762343,0.0134194035762,3.429895256701343e-14,VERIFIED
2025-12,monthly,Part_2,C_301,closed_share,0.9999632776289938,0.999963277629,-6.106226635438361e-15,VERIFIED
2025-12,monthly,Part_2,C_301,gap_weeks,20.64271207053816,20.6427120705,3.815969762399618e-11,VERIFIED
2025-12,monthly,Part_2,C_320,total,386709.0,386709.0,0.0,VERIFIED
2025-12,monthly,Part_2,C_320,within18_count,244374.0,244374.0,0.0,VERIFIED
2025-12,monthly,Part_2,C_320,middle_count,137331.0,137331.0,0.0,VERIFIED
2025-12,monthly,Part_2,C_320,over52_count,5004.0,5004.0,0.0,VERIFIED
2025-12,monthly,Part_2,C_320,open_count,22.0,22.0,0.0,VERIFIED
2025-12,monthly,Part_2,C_320,within18_share,0.6319325384203626,0.63193253842,3.6259883984257613e-13,VERIFIED
2025-12,monthly,Part_2,C_320,middle_share,0.3551274989720953,0.355127498972,9.525713551283843e-14,VERIFIED
2025-12,monthly,Part_2,C_320,over52_share,0.0129399626075421,0.0129399626075,4.210000403848113e-14,VERIFIED
2025-12,monthly,Part_2,C_320,closed_share,0.9999431096767852,0.999943109677,-2.1471713296250527e-13,VERIFIED
2025-12,monthly,Part_2,C_320,gap_weeks,20.785623043206023,20.7856230432,6.021849685566849e-12,VERIFIED
2025-12,monthly,Part_2,C_400,total,219866.0,219866.0,0.0,VERIFIED
2025-12,monthly,Part_2,C_400,within18_count,125405.0,125405.0,0.0,VERIFIED
2025-12,monthly,Part_2,C_400,middle_count,90319.0,90319.0,0.0,VERIFIED
2025-12,monthly,Part_2,C_400,over52_count,4142.0,4142.0,0.0,VERIFIED
2025-12,monthly,Part_2,C_400,open_count,1.0,1.0,0.0,VERIFIED
2025-12,monthly,Part_2,C_400,within18_share,0.5703701345364904,0.570370134536,4.903855099769316e-13,VERIFIED
2025-12,monthly,Part_2,C_400,middle_share,0.4107911182265562,0.410791118227,-4.4381165409390633e-13,VERIFIED
2025-12,monthly,Part_2,C_400,over52_share,0.0188387472369534,0.018838747237,-4.659814201168899e-14,VERIFIED
2025-12,monthly,Part_2,C_400,closed_share,0.999995451775172,0.999995451775,1.7197354651443675e-13,VERIFIED
2025-12,monthly,Part_2,C_400,gap_weeks,23.319528688524592,23.3195286885,2.4591884084657067e-11,VERIFIED
2025-12,monthly,Part_2,C_999,total,7199624.0,7199624.0,0.0,VERIFIED
2025-12,monthly,Part_2,C_999,within18_count,4424207.0,4424207.0,0.0,VERIFIED
2025-12,monthly,Part_2,C_999,middle_count,2636706.0,2636706.0,0.0,VERIFIED
2025-12,monthly,Part_2,C_999,over52_count,138711.0,138711.0,0.0,VERIFIED
2025-12,monthly,Part_2,C_999,open_count,223.0,223.0,0.0,VERIFIED
2025-12,monthly,Part_2,C_999,within18_share,0.6145052852760089,0.614505285276,8.881784197001252e-15,VERIFIED
2025-12,monthly,Part_2,C_999,middle_share,0.3662282919219115,0.366228291922,-8.854028621385623e-14,VERIFIED
2025-12,monthly,Part_2,C_999,over52_share,0.0192664228020796,0.0192664228021,-2.040034807748725e-14,VERIFIED
2025-12,monthly,Part_2,C_999,closed_share,0.9999690261602552,0.99996902616,2.5512925105886097e-13,VERIFIED
2025-12,monthly,Part_2,C_999,gap_weeks,22.77806485012684,22.7780648501,2.6837199129658984e-11,VERIFIED
2026-01,monthly,Part_2,C_100,total,386068.0,386068.0,0.0,VERIFIED
2026-01,monthly,Part_2,C_100,within18_count,229920.0,229920.0,0.0,VERIFIED
2026-01,monthly,Part_2,C_100,middle_count,147206.0,147206.0,0.0,VERIFIED
2026-01,monthly,Part_2,C_100,over52_count,8942.0,8942.0,0.0,VERIFIED
2026-01,monthly,Part_2,C_100,open_count,7.0,7.0,0.0,VERIFIED
2026-01,monthly,Part_2,C_100,within18_share,0.5955427541262162,0.595542754126,2.1616042289451798e-13,VERIFIED
2026-01,monthly,Part_2,C_100,middle_share,0.381295523068475,0.381295523068,4.74953409934642e-13,VERIFIED
2026-01,monthly,Part_2,C_100,over52_share,0.0231617228053089,0.0231617228053,8.89913143176102e-15,VERIFIED
2026-01,monthly,Part_2,C_100,closed_share,0.999981868479128,0.999981868479,1.2800871473928055e-13,VERIFIED
2026-01,monthly,Part_2,C_100,gap_weeks,23.68918084685398,23.6891808469,-4.602185299518169e-11,VERIFIED
2026-01,monthly,Part_2,C_110,total,836764.0,836764.0,0.0,VERIFIED
2026-01,monthly,Part_2,C_110,within18_count,484588.0,484588.0,0.0,VERIFIED
2026-01,monthly,Part_2,C_110,middle_count,329908.0,329908.0,0.0,VERIFIED
2026-01,monthly,Part_2,C_110,over52_count,22268.0,22268.0,0.0,VERIFIED
2026-01,monthly,Part_2,C_110,open_count,35.0,35.0,0.0,VERIFIED
2026-01,monthly,Part_2,C_110,within18_share,0.5791214727211018,0.579121472721,1.0180745135812685e-13,VERIFIED
2026-01,monthly,Part_2,C_110,middle_share,0.3942664837397402,0.39426648374,-2.5979218776228663e-13,VERIFIED
2026-01,monthly,Part_2,C_110,over52_share,0.0266120435391579,0.0266120435392,-4.2098269315005155e-14,VERIFIED
2026-01,monthly,Part_2,C_110,closed_share,0.9999581721967006,0.999958172197,-2.994271497414047e-13,VERIFIED
2026-01,monthly,Part_2,C_110,gap_weeks,24.486710408589325,24.4867104086,-1.0675904604795505e-11,VERIFIED
2026-01,monthly,Part_2,C_120,total,587673.0,587673.0,0.0,VERIFIED
2026-01,monthly,Part_2,C_120,within18_count,313528.0,313528.0,0.0,VERIFIED
2026-01,monthly,Part_2,C_120,middle_count,258060.0,258060.0,0.0,VERIFIED
2026-01,monthly,Part_2,C_120,over52_count,16085.0,16085.0,0.0,VERIFIED
2026-01,monthly,Part_2,C_120,open_count,50.0,50.0,0.0,VERIFIED
2026-01,monthly,Part_2,C_120,within18_share,0.5335075798956223,0.533507579896,-3.7769787297747826e-13,VERIFIED
2026-01,monthly,Part_2,C_120,middle_share,0.4391217564870259,0.439121756487,2.5868196473766147e-14,VERIFIED
2026-01,monthly,Part_2,C_120,over52_share,0.0273706636173518,0.0273706636174,-4.819755705653961e-14,VERIFIED
2026-01,monthly,Part_2,C_120,closed_share,0.9999149186707572,0.999914918671,-2.4280577548552174e-13,VERIFIED
2026-01,monthly,Part_2,C_120,gap_weeks,26.10412550349799,26.1041255035,-2.0108359422010835e-12,VERIFIED
2026-01,monthly,Part_2,C_130,total,596635.0,596635.0,0.0,VERIFIED
2026-01,monthly,Part_2,C_130,within18_count,415835.0,415835.0,0.0,VERIFIED
2026-01,monthly,Part_2,C_130,middle_count,175605.0,175605.0,0.0,VERIFIED
2026-01,monthly,Part_2,C_130,over52_count,5195.0,5195.0,0.0,VERIFIED
2026-01,monthly,Part_2,C_130,open_count,5.0,5.0,0.0,VERIFIED
2026-01,monthly,Part_2,C_130,within18_share,0.6969671574748381,0.696967157475,-1.6198153929281034e-13,VERIFIED
2026-01,monthly,Part_2,C_130,middle_share,0.2943256765023842,0.294325676502,3.842481888227667e-13,VERIFIED
2026-01,monthly,Part_2,C_130,over52_share,0.0087071660227777,0.00870716602278,-2.3002433291452462e-15,VERIFIED
2026-01,monthly,Part_2,C_130,closed_share,0.9999916196669656,0.999991619667,-3.441691376337985e-14,VERIFIED
2026-01,monthly,Part_2,C_130,gap_weeks,17.055282817502686,17.0552828175,2.6858515411731787e-12,VERIFIED
2026-01,monthly,Part_2,C_301,total,383007.0,383007.0,0.0,VERIFIED
2026-01,monthly,Part_2,C_301,within18_count,248354.0,248354.0,0.0,VERIFIED
2026-01,monthly,Part_2,C_301,middle_count,129910.0,129910.0,0.0,VERIFIED
2026-01,monthly,Part_2,C_301,over52_count,4743.0,4743.0,0.0,VERIFIED
2026-01,monthly,Part_2,C_301,open_count,7.0,7.0,0.0,VERIFIED
2026-01,monthly,Part_2,C_301,within18_share,0.6484320129919297,0.648432012992,-7.038813976123492e-14,VERIFIED
2026-01,monthly,Part_2,C_301,middle_share,0.3391844013294796,0.339184401329,4.795608354868364e-13,VERIFIED
2026-01,monthly,Part_2,C_301,over52_share,0.0123835856785907,0.0123835856786,-9.299852554711663e-15,VERIFIED
2026-01,monthly,Part_2,C_301,closed_share,0.9999817235716318,0.999981723572,-3.681499549657019e-13,VERIFIED
2026-01,monthly,Part_2,C_301,gap_weeks,19.885871212121216,19.8858712121,2.121680608979659e-11,VERIFIED
2026-01,monthly,Part_2,C_320,total,383680.0,383680.0,0.0,VERIFIED
2026-01,monthly,Part_2,C_320,within18_count,245067.0,245067.0,0.0,VERIFIED
2026-01,monthly,Part_2,C_320,middle_count,134041.0,134041.0,0.0,VERIFIED
2026-01,monthly,Part_2,C_320,over52_count,4572.0,4572.0,0.0,VERIFIED
2026-01,monthly,Part_2,C_320,open_count,25.0,25.0,0.0,VERIFIED
2026-01,monthly,Part_2,C_320,within18_share,0.6387275854879065,0.638727585488,-9.348077867343818e-14,VERIFIED
2026-01,monthly,Part_2,C_320,middle_share,0.3493562343619683,0.349356234362,-3.169686735304822e-14,VERIFIED
2026-01,monthly,Part_2,C_320,over52_share,0.0119161801501251,0.0119161801501,2.5099713973908422e-14,VERIFIED
2026-01,monthly,Part_2,C_320,closed_share,0.9999348415346122,0.999934841535,-3.878009025015672e-13,VERIFIED
2026-01,monthly,Part_2,C_320,gap_weeks,19.82629362214201,19.8262936221,4.2010839251815923e-11,VERIFIED
2026-01,monthly,Part_2,C_400,total,216423.0,216423.0,0.0,VERIFIED
2026-01,monthly,Part_2,C_400,within18_count,123462.0,123462.0,0.0,VERIFIED
2026-01,monthly,Part_2,C_400,middle_count,89335.0,89335.0,0.0,VERIFIED
2026-01,monthly,Part_2,C_400,over52_count,3626.0,3626.0,0.0,VERIFIED
2026-01,monthly,Part_2,C_400,open_count,0.0,0.0,0.0,VERIFIED
2026-01,monthly,Part_2,C_400,within18_share,0.5704661704162681,0.570466170416,2.681188604469753e-13,VERIFIED
2026-01,monthly,Part_2,C_400,middle_share,0.4127796029072695,0.412779602907,2.6950663922775675e-13,VERIFIED
2026-01,monthly,Part_2,C_400,over52_share,0.0167542266764623,0.0167542266765,-3.769901057992797e-14,VERIFIED
2026-01,monthly,Part_2,C_400,closed_share,1.0,1.0,0.0,VERIFIED
2026-01,monthly,Part_2,C_400,gap_weeks,23.0228427037271,23.0228427037,2.710009994189022e-11,VERIFIED
2026-01,monthly,Part_2,C_999,total,7155958.0,7155958.0,0.0,VERIFIED
2026-01,monthly,Part_2,C_999,within18_count,4395958.0,4395958.0,0.0,VERIFIED
2026-01,monthly,Part_2,C_999,middle_count,2626140.0,2626140.0,0.0,VERIFIED
2026-01,monthly,Part_2,C_999,over52_count,133860.0,133860.0,0.0,VERIFIED
2026-01,monthly,Part_2,C_999,open_count,200.0,200.0,0.0,VERIFIED
2026-01,monthly,Part_2,C_999,within18_share,0.6143074064995909,0.6143074065,-4.091171845743702e-13,VERIFIED
2026-01,monthly,Part_2,C_999,middle_share,0.3669865027156392,0.366986502716,-3.607669718519446e-13,VERIFIED
2026-01,monthly,Part_2,C_999,over52_share,0.0187060907847698,0.0187060907848,-3.020153571675621e-14,VERIFIED
2026-01,monthly,Part_2,C_999,closed_share,0.9999720512613406,0.999972051261,3.4061642395499803e-13,VERIFIED
2026-01,monthly,Part_2,C_999,gap_weeks,22.347456000000008,22.347456,7.105427357601002e-15,VERIFIED
2026-02,monthly,Part_2,C_100,total,384999.0,384999.0,0.0,VERIFIED
2026-02,monthly,Part_2,C_100,within18_count,232154.0,232154.0,0.0,VERIFIED
2026-02,monthly,Part_2,C_100,middle_count,144653.0,144653.0,0.0,VERIFIED
2026-02,monthly,Part_2,C_100,over52_count,8192.0,8192.0,0.0,VERIFIED
2026-02,monthly,Part_2,C_100,open_count,5.0,5.0,0.0,VERIFIED
2026-02,monthly,Part_2,C_100,within18_share,0.6029989688284905,0.602998968828,4.904965322793942e-13,VERIFIED
2026-02,monthly,Part_2,C_100,middle_share,0.3757230538261138,0.375723053826,1.1379786002407855e-13,VERIFIED
2026-02,monthly,Part_2,C_100,over52_share,0.0212779773453957,0.0212779773454,-4.298644773470528e-15,VERIFIED
2026-02,monthly,Part_2,C_100,closed_share,0.9999870129532804,0.999987012953,2.8044233602031454e-13,VERIFIED
2026-02,monthly,Part_2,C_100,gap_weeks,22.90842898550725,22.9084289855,7.251088618431822e-12,VERIFIED
2026-02,monthly,Part_2,C_110,total,829478.0,829478.0,0.0,VERIFIED
2026-02,monthly,Part_2,C_110,within18_count,480436.0,480436.0,0.0,VERIFIED
2026-02,monthly,Part_2,C_110,middle_count,328743.0,328743.0,0.0,VERIFIED
2026-02,monthly,Part_2,C_110,over52_count,20299.0,20299.0,0.0,VERIFIED
2026-02,monthly,Part_2,C_110,open_count,42.0,42.0,0.0,VERIFIED
2026-02,monthly,Part_2,C_110,within18_share,0.5792028239446978,0.579202823945,-3.022027073029676e-13,VERIFIED
2026-02,monthly,Part_2,C_110,middle_share,0.3963251587142757,0.396325158714,2.7572388816565763e-13,VERIFIED
2026-02,monthly,Part_2,C_110,over52_share,0.0244720173410265,0.024472017341,2.6499635819021705e-14,VERIFIED
2026-02,monthly,Part_2,C_110,closed_share,0.9999493657456858,0.999949365746,-3.141931159689193e-13,VERIFIED
2026-02,monthly,Part_2,C_110,gap_weeks,23.59982535211267,23.5998253521,1.2668976978602586e-11,VERIFIED
2026-02,monthly,Part_2,C_120,total,586374.0,586374.0,0.0,VERIFIED
2026-02,monthly,Part_2,C_120,within18_count,323252.0,323252.0,0.0,VERIFIED
2026-02,monthly,Part_2,C_120,middle_count,247678.0,247678.0,0.0,VERIFIED
2026-02,monthly,Part_2,C_120,over52_count,15444.0,15444.0,0.0,VERIFIED
2026-02,monthly,Part_2,C_120,open_count,33.0,33.0,0.0,VERIFIED
2026-02,monthly,Part_2,C_120,within18_share,0.5512727371950326,0.551272737195,3.2529534621517087e-14,VERIFIED
2026-02,monthly,Part_2,C_120,middle_share,0.4223891236651011,0.422389123665,1.0114131754335176e-13,VERIFIED
2026-02,monthly,Part_2,C_120,over52_share,0.0263381391398663,0.0263381391399,-3.370220769127741e-14,VERIFIED
2026-02,monthly,Part_2,C_120,closed_share,0.9999437219249148,0.999943721925,-8.526512829121202e-14,VERIFIED
2026-02,monthly,Part_2,C_120,gap_weeks,25.102343963999232,25.102343964,-7.673861546209082e-13,VERIFIED
2026-02,monthly,Part_2,C_130,total,600584.0,600584.0,0.0,VERIFIED
2026-02,monthly,Part_2,C_130,within18_count,423939.0,423939.0,0.0,VERIFIED
2026-02,monthly,Part_2,C_130,middle_count,171503.0,171503.0,0.0,VERIFIED
2026-02,monthly,Part_2,C_130,over52_count,5142.0,5142.0,0.0,VERIFIED
2026-02,monthly,Part_2,C_130,open_count,2.0,2.0,0.0,VERIFIED
2026-02,monthly,Part_2,C_130,within18_share,0.7058779454664127,0.705877945466,4.126698982531707e-13,VERIFIED
2026-02,monthly,Part_2,C_130,middle_share,0.2855603878891212,0.285560387889,1.2118084313783584e-13,VERIFIED
2026-02,monthly,Part_2,C_130,over52_share,0.008561666644466,0.00856166664447,-4.000272335602517e-15,VERIFIED
2026-02,monthly,Part_2,C_130,closed_share,0.9999966699079562,0.999996669908,-4.374278717023117e-14,VERIFIED
2026-02,monthly,Part_2,C_130,gap_weeks,16.507663311201547,16.5076633112,1.545430450278218e-12,VERIFIED
2026-02,monthly,Part_2,C_301,total,378852.0,378852.0,0.0,VERIFIED
2026-02,monthly,Part_2,C_301,within18_count,249708.0,249708.0,0.0,VERIFIED
2026-02,monthly,Part_2,C_301,middle_count,125169.0,125169.0,0.0,VERIFIED
2026-02,monthly,Part_2,C_301,over52_count,3975.0,3975.0,0.0,VERIFIED
2026-02,monthly,Part_2,C_301,open_count,4.0,4.0,0.0,VERIFIED
2026-02,monthly,Part_2,C_301,within18_share,0.6591175445820532,0.659117544582,5.3179682879545e-14,VERIFIED
2026-02,monthly,Part_2,C_301,middle_share,0.3303902315416046,0.330390231542,-3.954059302202495e-13,VERIFIED
2026-02,monthly,Part_2,C_301,over52_share,0.0104922238763422,0.0104922238763,4.2200618000087786e-14,VERIFIED
2026-02,monthly,Part_2,C_301,closed_share,0.9999894417872942,0.999989441787,2.942091015256665e-13,VERIFIED
2026-02,monthly,Part_2,C_301,gap_weeks,18.91710993459982,18.9171099346,-1.7763568394002505e-13,VERIFIED
2026-02,monthly,Part_2,C_320,total,381409.0,381409.0,0.0,VERIFIED
2026-02,monthly,Part_2,C_320,within18_count,251158.0,251158.0,0.0,VERIFIED
2026-02,monthly,Part_2,C_320,middle_count,126112.0,126112.0,0.0,VERIFIED
2026-02,monthly,Part_2,C_320,over52_count,4139.0,4139.0,0.0,VERIFIED
2026-02,monthly,Part_2,C_320,open_count,28.0,28.0,0.0,VERIFIED
2026-02,monthly,Part_2,C_320,within18_share,0.6585004548922547,0.658500454892,2.546851618490109e-13,VERIFIED
2026-02,monthly,Part_2,C_320,middle_share,0.3306476774276433,0.330647677428,-3.567146578120628e-13,VERIFIED
2026-02,monthly,Part_2,C_320,over52_share,0.0108518676801019,0.0108518676801,1.8995222061946038e-15,VERIFIED
2026-02,monthly,Part_2,C_320,closed_share,0.9999265879934665,0.999926587993,4.664046926450283e-13,VERIFIED
2026-02,monthly,Part_2,C_320,gap_weeks,18.84571763327476,18.8457176333,-2.524203068787756e-11,VERIFIED
2026-02,monthly,Part_2,C_400,total,213567.0,213567.0,0.0,VERIFIED
2026-02,monthly,Part_2,C_400,within18_count,123044.0,123044.0,0.0,VERIFIED
2026-02,monthly,Part_2,C_400,middle_count,87679.0,87679.0,0.0,VERIFIED
2026-02,monthly,Part_2,C_400,over52_count,2844.0,2844.0,0.0,VERIFIED
2026-02,monthly,Part_2,C_400,open_count,0.0,0.0,0.0,VERIFIED
2026-02,monthly,Part_2,C_400,within18_share,0.5761376991763709,0.576137699176,3.709255125272648e-13,VERIFIED
2026-02,monthly,Part_2,C_400,middle_share,0.4105456367322667,0.410545636732,2.666755705149626e-13,VERIFIED
2026-02,monthly,Part_2,C_400,over52_share,0.0133166640913624,0.0133166640914,-3.7600131341797294e-14,VERIFIED
2026-02,monthly,Part_2,C_400,closed_share,1.0,1.0,0.0,VERIFIED
2026-02,monthly,Part_2,C_400,gap_weeks,21.900586592178783,21.9005865922,-2.121680608979659e-11,VERIFIED
2026-02,monthly,Part_2,C_999,total,7124952.0,7124952.0,0.0,VERIFIED
2026-02,monthly,Part_2,C_999,within18_count,4456261.0,4456261.0,0.0,VERIFIED
2026-02,monthly,Part_2,C_999,middle_count,2547820.0,2547820.0,0.0,VERIFIED
2026-02,monthly,Part_2,C_999,over52_count,120871.0,120871.0,0.0,VERIFIED
2026-02,monthly,Part_2,C_999,open_count,189.0,189.0,0.0,VERIFIED
2026-02,monthly,Part_2,C_999,within18_share,0.6254443538707348,0.625444353871,-2.651212582804874e-13,VERIFIED
2026-02,monthly,Part_2,C_999,middle_share,0.3575911809651489,0.357591180965,1.4893641875346475e-13,VERIFIED
2026-02,monthly,Part_2,C_999,over52_share,0.0169644651641161,0.0169644651641,1.6101703304016723e-14,VERIFIED
2026-02,monthly,Part_2,C_999,closed_share,0.9999734735055056,0.999973473506,-4.943823128655822e-13,VERIFIED
2026-02,monthly,Part_2,C_999,gap_weeks,21.45375296859394,21.4537529686,-6.0609295360336546e-12,VERIFIED
2026-03,monthly,Part_2,C_100,total,376204.0,376204.0,0.0,VERIFIED
2026-03,monthly,Part_2,C_100,within18_count,236728.0,236728.0,0.0,VERIFIED
2026-03,monthly,Part_2,C_100,middle_count,133561.0,133561.0,0.0,VERIFIED
2026-03,monthly,Part_2,C_100,over52_count,5915.0,5915.0,0.0,VERIFIED
2026-03,monthly,Part_2,C_100,open_count,7.0,7.0,0.0,VERIFIED
2026-03,monthly,Part_2,C_100,within18_share,0.6292543407300295,0.62925434073,2.9531932455029164e-14,VERIFIED
2026-03,monthly,Part_2,C_100,middle_share,0.3550228067750476,0.355022806775,4.7628567756419216e-14,VERIFIED
2026-03,monthly,Part_2,C_100,over52_share,0.0157228524949229,0.0157228524949,2.2901819329845807e-14,VERIFIED
2026-03,monthly,Part_2,C_100,closed_share,0.9999813930739704,0.999981393074,-2.964295475749168e-14,VERIFIED
2026-03,monthly,Part_2,C_100,gap_weeks,21.896591401175375,21.8965914012,-2.4623858507766272e-11,VERIFIED
2026-03,monthly,Part_2,C_110,total,818003.0,818003.0,0.0,VERIFIED
2026-03,monthly,Part_2,C_110,within18_count,485558.0,485558.0,0.0,VERIFIED
2026-03,monthly,Part_2,C_110,middle_count,316115.0,316115.0,0.0,VERIFIED
2026-03,monthly,Part_2,C_110,over52_count,16330.0,16330.0,0.0,VERIFIED
2026-03,monthly,Part_2,C_110,open_count,34.0,34.0,0.0,VERIFIED
2026-03,monthly,Part_2,C_110,within18_share,0.5935895100629215,0.593589510063,-7.849276784099857e-14,VERIFIED
2026-03,monthly,Part_2,C_110,middle_share,0.3864472379685649,0.386447237969,-4.3509640335059885e-13,VERIFIED
2026-03,monthly,Part_2,C_110,over52_share,0.0199632519685135,0.0199632519685,1.3499618090051513e-14,VERIFIED
2026-03,monthly,Part_2,C_110,closed_share,0.9999584353602616,0.99995843536,2.616795669041494e-13,VERIFIED
2026-03,monthly,Part_2,C_110,gap_weeks,22.91044121833191,22.9104412183,3.19104742629861e-11,VERIFIED
2026-03,monthly,Part_2,C_120,total,579154.0,579154.0,0.0,VERIFIED
2026-03,monthly,Part_2,C_120,within18_count,338334.0,338334.0,0.0,VERIFIED
2026-03,monthly,Part_2,C_120,middle_count,228246.0,228246.0,0.0,VERIFIED
2026-03,monthly,Part_2,C_120,over52_count,12574.0,12574.0,0.0,VERIFIED
2026-03,monthly,Part_2,C_120,open_count,22.0,22.0,0.0,VERIFIED
2026-03,monthly,Part_2,C_120,within18_share,0.5841865894045453,0.584186589405,-4.547473508864641e-13,VERIFIED
2026-03,monthly,Part_2,C_120,middle_share,0.3941024321683006,0.394102432168,3.0059288391726113e-13,VERIFIED
2026-03,monthly,Part_2,C_120,over52_share,0.021710978427154,0.0217109784272,-4.600139713595297e-14,VERIFIED
2026-03,monthly,Part_2,C_120,closed_share,0.9999620135577064,0.999962013558,-2.935429677108914e-13,VERIFIED
2026-03,monthly,Part_2,C_120,gap_weeks,23.61279720279721,23.6127972028,-2.7888802378583932e-12,VERIFIED
2026-03,monthly,Part_2,C_130,total,602030.0,602030.0,0.0,VERIFIED
2026-03,monthly,Part_2,C_130,within18_count,438207.0,438207.0,0.0,VERIFIED
2026-03,monthly,Part_2,C_130,middle_count,159429.0,159429.0,0.0,VERIFIED
2026-03,monthly,Part_2,C_130,over52_count,4394.0,4394.0,0.0,VERIFIED
2026-03,monthly,Part_2,C_130,open_count,4.0,4.0,0.0,VERIFIED
2026-03,monthly,Part_2,C_130,within18_share,0.7278823314452768,0.727882331445,2.7677860003905153e-13,VERIFIED
2026-03,monthly,Part_2,C_130,middle_share,0.2648190289520455,0.264819028952,4.551914400963142e-14,VERIFIED
2026-03,monthly,Part_2,C_130,over52_share,0.0072986396026776,0.00729863960268,-2.3999899290139126e-15,VERIFIED
2026-03,monthly,Part_2,C_130,closed_share,0.9999933558128332,0.999993355813,-1.667554982986985e-13,VERIFIED
2026-03,monthly,Part_2,C_130,gap_weeks,15.35240073868882,15.3524007387,-1.1180389947185176e-11,VERIFIED
2026-03,monthly,Part_2,C_301,total,366257.0,366257.0,0.0,VERIFIED
2026-03,monthly,Part_2,C_301,within18_count,255655.0,255655.0,0.0,VERIFIED
2026-03,monthly,Part_2,C_301,middle_count,107701.0,107701.0,0.0,VERIFIED
2026-03,monthly,Part_2,C_301,over52_count,2901.0,2901.0,0.0,VERIFIED
2026-03,monthly,Part_2,C_301,open_count,4.0,4.0,0.0,VERIFIED
2026-03,monthly,Part_2,C_301,within18_share,0.698020788681172,0.698020788681,1.7197354651443675e-13,VERIFIED
2026-03,monthly,Part_2,C_301,middle_share,0.2940585435909757,0.294058543591,-2.425837308805967e-14,VERIFIED
2026-03,monthly,Part_2,C_301,over52_share,0.0079206677278523,0.00792066772785,2.3002433291452462e-15,VERIFIED
2026-03,monthly,Part_2,C_301,closed_share,0.999989078707028,0.999989078707,2.7977620220553945e-14,VERIFIED
2026-03,monthly,Part_2,C_301,gap_weeks,17.712295882763435,17.7122958828,-3.6564529182214756e-11,VERIFIED
2026-03,monthly,Part_2,C_320,total,374433.0,374433.0,0.0,VERIFIED
2026-03,monthly,Part_2,C_320,within18_count,259367.0,259367.0,0.0,VERIFIED
2026-03,monthly,Part_2,C_320,middle_count,112185.0,112185.0,0.0,VERIFIED
2026-03,monthly,Part_2,C_320,over52_count,2881.0,2881.0,0.0,VERIFIED
2026-03,monthly,Part_2,C_320,open_count,15.0,15.0,0.0,VERIFIED
2026-03,monthly,Part_2,C_320,within18_share,0.6926926846725583,0.692692684673,-4.417577414983498e-13,VERIFIED
2026-03,monthly,Part_2,C_320,middle_share,0.2996130148784963,0.299613014878,4.96269692007445e-13,VERIFIED
2026-03,monthly,Part_2,C_320,over52_share,0.0076943004489454,0.00769430044895,-4.599619296552504e-15,VERIFIED
2026-03,monthly,Part_2,C_320,closed_share,0.9999599394284158,0.999959939428,4.157785227221211e-13,VERIFIED
2026-03,monthly,Part_2,C_320,gap_weeks,17.438687646468026,17.4386876465,-3.197442310920451e-11,VERIFIED
2026-03,monthly,Part_2,C_400,total,205988.0,205988.0,0.0,VERIFIED
2026-03,monthly,Part_2,C_400,within18_count,124959.0,124959.0,0.0,VERIFIED
2026-03,monthly,Part_2,C_400,middle_count,79045.0,79045.0,0.0,VERIFIED
2026-03,monthly,Part_2,C_400,over52_count,1984.0,1984.0,0.0,VERIFIED
2026-03,monthly,Part_2,C_400,open_count,0.0,0.0,0.0,VERIFIED
2026-03,monthly,Part_2,C_400,within18_share,0.6066324251898169,0.60663242519,-1.8318679906315083e-13,VERIFIED
2026-03,monthly,Part_2,C_400,middle_share,0.3837359457832495,0.383735945783,2.4946711363327267e-13,VERIFIED
2026-03,monthly,Part_2,C_400,over52_share,0.0096316290269336,0.00963162902693,3.599551212651875e-15,VERIFIED
2026-03,monthly,Part_2,C_400,closed_share,1.0,1.0,0.0,VERIFIED
2026-03,monthly,Part_2,C_400,gap_weeks,20.56824765063572,20.5682476506,3.5718983326660236e-11,VERIFIED
2026-03,monthly,Part_2,C_999,total,7014835.0,7014835.0,0.0,VERIFIED
2026-03,monthly,Part_2,C_999,within18_count,4580320.0,4580320.0,0.0,VERIFIED
2026-03,monthly,Part_2,C_999,middle_count,2341908.0,2341908.0,0.0,VERIFIED
2026-03,monthly,Part_2,C_999,over52_count,92607.0,92607.0,0.0,VERIFIED
2026-03,monthly,Part_2,C_999,open_count,154.0,154.0,0.0,VERIFIED
2026-03,monthly,Part_2,C_999,within18_share,0.6529476459531836,0.652947645953,1.8351986597053838e-13,VERIFIED
2026-03,monthly,Part_2,C_999,middle_share,0.3338507605667132,0.333850760567,-2.868261184119092e-13,VERIFIED
2026-03,monthly,Part_2,C_999,over52_share,0.0132015934801032,0.0132015934801,3.1988300897012323e-15,VERIFIED
2026-03,monthly,Part_2,C_999,closed_share,0.9999780465256844,0.999978046526,-3.155253835984695e-13,VERIFIED
2026-03,monthly,Part_2,C_999,gap_weeks,20.339913811525044,20.3399138115,2.504307872186473e-11,VERIFIED
2026-04,full,Part_1A,C_100,total,24402.0,24402.0,0.0,VERIFIED
2026-04,full,Part_1A,C_100,within18_count,12619.0,12619.0,0.0,VERIFIED
2026-04,full,Part_1A,C_100,middle_count,9633.0,9633.0,0.0,VERIFIED
2026-04,full,Part_1A,C_100,over52_count,2150.0,2150.0,0.0,VERIFIED
2026-04,full,Part_1A,C_100,open_count,14.0,14.0,0.0,VERIFIED
2026-04,full,Part_1A,C_100,within18_share,0.5171297434636505,0.517129743464,-3.494982081519993e-13,VERIFIED
2026-04,full,Part_1A,C_100,middle_share,0.3947627243668551,0.394762724367,-1.4488410471358293e-13,VERIFIED
2026-04,full,Part_1A,C_100,over52_share,0.0881075321694943,0.0881075321695,-5.703770789011742e-15,VERIFIED
2026-04,full,Part_1A,C_100,closed_share,0.9994262765347104,0.999426276535,-2.8965718712470334e-13,VERIFIED
2026-04,full,Part_1A,C_100,gap_weeks,34.817520661157026,34.8175206612,-4.297362465877086e-11,VERIFIED
2026-04,full,Part_1A,C_110,total,45522.0,45522.0,0.0,VERIFIED
2026-04,full,Part_1A,C_110,within18_count,16101.0,16101.0,0.0,VERIFIED
2026-04,full,Part_1A,C_110,middle_count,23949.0,23949.0,0.0,VERIFIED
2026-04,full,Part_1A,C_110,over52_count,5472.0,5472.0,0.0,VERIFIED
2026-04,full,Part_1A,C_110,open_count,60.0,60.0,0.0,VERIFIED
2026-04,full,Part_1A,C_110,within18_share,0.3536971134835903,0.353697113484,-4.09727807237914e-13,VERIFIED
2026-04,full,Part_1A,C_110,middle_share,0.5260972716488731,0.526097271649,-1.268984917146554e-13,VERIFIED
2026-04,full,Part_1A,C_110,over52_share,0.1202056148675365,0.120205614868,-4.634903572053872e-13,VERIFIED
2026-04,full,Part_1A,C_110,closed_share,0.9986819559773296,0.998681955977,3.2951419370874646e-13,VERIFIED
2026-04,full,Part_1A,C_110,gap_weeks,37.97793450881613,37.9779345088,1.6136425529111875e-11,VERIFIED
2026-04,full,Part_1A,C_120,total,12242.0,12242.0,0.0,VERIFIED
2026-04,full,Part_1A,C_120,within18_count,4975.0,4975.0,0.0,VERIFIED
2026-04,full,Part_1A,C_120,middle_count,4748.0,4748.0,0.0,VERIFIED
2026-04,full,Part_1A,C_120,over52_count,2519.0,2519.0,0.0,VERIFIED
2026-04,full,Part_1A,C_120,open_count,29.0,29.0,0.0,VERIFIED
2026-04,full,Part_1A,C_120,within18_share,0.4063878451233458,0.406387845123,3.45778961019505e-13,VERIFIED
2026-04,full,Part_1A,C_120,middle_share,0.3878451233458585,0.387845123346,-1.414979244884762e-13,VERIFIED
2026-04,full,Part_1A,C_120,over52_share,0.2057670315307956,0.205767031531,-2.0441981440910695e-13,VERIFIED
2026-04,full,Part_1A,C_120,closed_share,0.9976311060284268,0.997631106028,4.2676973066591017e-13,VERIFIED
2026-04,full,Part_1A,C_120,gap_weeks,43.13889570552148,43.1388957055,2.147970690202783e-11,VERIFIED
2026-04,full,Part_1A,C_130,total,52015.0,52015.0,0.0,VERIFIED
2026-04,full,Part_1A,C_130,within18_count,35245.0,35245.0,0.0,VERIFIED
2026-04,full,Part_1A,C_130,middle_count,15336.0,15336.0,0.0,VERIFIED
2026-04,full,Part_1A,C_130,over52_count,1434.0,1434.0,0.0,VERIFIED
2026-04,full,Part_1A,C_130,open_count,32.0,32.0,0.0,VERIFIED
2026-04,full,Part_1A,C_130,within18_share,0.6775930020186485,0.677593002019,-3.5149660959632456e-13,VERIFIED
2026-04,full,Part_1A,C_130,middle_share,0.2948380274920696,0.294838027492,6.961098364399732e-14,VERIFIED
2026-04,full,Part_1A,C_130,over52_share,0.0275689704892819,0.0275689704893,-1.8100104748342005e-14,VERIFIED
2026-04,full,Part_1A,C_130,closed_share,0.9993847928482168,0.999384792848,2.1682655670929307e-13,VERIFIED
2026-04,full,Part_1A,C_130,gap_weeks,21.00365296803654,21.003652968,3.653966018646315e-11,VERIFIED
2026-04,full,Part_1A,C_301,total,16723.0,16723.0,0.0,VERIFIED
2026-04,full,Part_1A,C_301,within18_count,13995.0,13995.0,0.0,VERIFIED
2026-04,full,Part_1A,C_301,middle_count,2337.0,2337.0,0.0,VERIFIED
2026-04,full,Part_1A,C_301,over52_count,391.0,391.0,0.0,VERIFIED
2026-04,full,Part_1A,C_301,open_count,40.0,40.0,0.0,VERIFIED
2026-04,full,Part_1A,C_301,within18_share,0.8368713747533337,0.836871374753,3.3373304120232206e-13,VERIFIED
2026-04,full,Part_1A,C_301,middle_share,0.1397476529330861,0.139747652933,8.609779555968089e-14,VERIFIED
2026-04,full,Part_1A,C_301,over52_share,0.0233809723135801,0.0233809723136,-1.990074771640593e-14,VERIFIED
2026-04,full,Part_1A,C_301,closed_share,0.9976080846738026,0.997608084674,-1.9739765377835283e-13,VERIFIED
2026-04,full,Part_1A,C_301,gap_weeks,12.785060240963857,12.785060241,-3.6143532611276896e-11,VERIFIED
2026-04,full,Part_1A,C_320,total,9210.0,9210.0,0.0,VERIFIED
2026-04,full,Part_1A,C_320,within18_count,6031.0,6031.0,0.0,VERIFIED
2026-04,full,Part_1A,C_320,middle_count,2742.0,2742.0,0.0,VERIFIED
2026-04,full,Part_1A,C_320,over52_count,437.0,437.0,0.0,VERIFIED
2026-04,full,Part_1A,C_320,open_count,18.0,18.0,0.0,VERIFIED
2026-04,full,Part_1A,C_320,within18_share,0.6548317046688382,0.654831704669,-1.617594946878853e-13,VERIFIED
2026-04,full,Part_1A,C_320,middle_share,0.2977198697068404,0.297719869707,-1.5959455978986625e-13,VERIFIED
2026-04,full,Part_1A,C_320,over52_share,0.0474484256243213,0.0474484256243,2.1295465391091284e-14,VERIFIED
2026-04,full,Part_1A,C_320,closed_share,0.9980456026058632,0.998045602606,-1.3677947663381929e-13,VERIFIED
2026-04,full,Part_1A,C_320,gap_weeks,28.88474576271188,28.8847457627,1.1880274541908875e-11,VERIFIED
2026-04,full,Part_1A,C_400,total,534.0,534.0,0.0,VERIFIED
2026-04,full,Part_1A,C_400,within18_count,423.0,423.0,0.0,VERIFIED
2026-04,full,Part_1A,C_400,middle_count,100.0,100.0,0.0,VERIFIED
2026-04,full,Part_1A,C_400,over52_count,11.0,11.0,0.0,VERIFIED
2026-04,full,Part_1A,C_400,open_count,2.0,2.0,0.0,VERIFIED
2026-04,full,Part_1A,C_400,within18_share,0.7921348314606742,0.792134831461,-3.2585045772748344e-13,VERIFIED
2026-04,full,Part_1A,C_400,middle_share,0.1872659176029962,0.187265917603,-3.774758283725532e-15,VERIFIED
2026-04,full,Part_1A,C_400,over52_share,0.0205992509363295,0.0205992509363,2.950070743246158e-14,VERIFIED
2026-04,full,Part_1A,C_400,closed_share,0.99625468164794,0.996254681648,-6.006306563222097e-14,VERIFIED
2026-04,full,Part_1A,C_400,gap_weeks,13.093333333333344,13.0933333333,3.33439942323821e-11,VERIFIED
2026-04,full,Part_1A,C_999,total,287231.0,287231.0,0.0,VERIFIED
2026-04,full,Part_1A,C_999,within18_count,166591.0,166591.0,0.0,VERIFIED
2026-04,full,Part_1A,C_999,middle_count,97502.0,97502.0,0.0,VERIFIED
2026-04,full,Part_1A,C_999,over52_count,23138.0,23138.0,0.0,VERIFIED
2026-04,full,Part_1A,C_999,open_count,485.0,485.0,0.0,VERIFIED
2026-04,full,Part_1A,C_999,within18_share,0.5799896250752878,0.579989625075,2.878808302853031e-13,VERIFIED
2026-04,full,Part_1A,C_999,middle_share,0.3394550031159589,0.339455003116,-4.113376306236205e-14,VERIFIED
2026-04,full,Part_1A,C_999,over52_share,0.0805553718087532,0.0805553718088,-4.679590048795035e-14,VERIFIED
2026-04,full,Part_1A,C_999,closed_share,0.9983114635955032,0.998311463596,-4.968248035197576e-13,VERIFIED
2026-04,full,Part_1A,C_999,gap_weeks,34.06699706005881,34.0669970601,-4.119016239201301e-11,VERIFIED
2026-04,full,Part_1B,C_100,total,48325.0,48325.0,0.0,VERIFIED
2026-04,full,Part_1B,C_100,within18_count,34390.0,34390.0,0.0,VERIFIED
2026-04,full,Part_1B,C_100,middle_count,12064.0,12064.0,0.0,VERIFIED
2026-04,full,Part_1B,C_100,over52_count,1871.0,1871.0,0.0,VERIFIED
2026-04,full,Part_1B,C_100,open_count,24.0,24.0,0.0,VERIFIED
2026-04,full,Part_1B,C_100,within18_share,0.7116399379203311,0.71163993792,3.310685059432217e-13,VERIFIED
2026-04,full,Part_1B,C_100,middle_share,0.2496430419037765,0.249643041904,-2.23487894857044e-13,VERIFIED
2026-04,full,Part_1B,C_100,over52_share,0.0387170201758923,0.0387170201759,-7.702172233337023e-15,VERIFIED
2026-04,full,Part_1B,C_100,closed_share,0.9995033626487324,0.999503362649,-2.6756374893466273e-13,VERIFIED
2026-04,full,Part_1B,C_100,gap_weeks,26.265306122448976,26.2653061224,4.8977710775943706e-11,VERIFIED
2026-04,full,Part_1B,C_110,total,100697.0,100697.0,0.0,VERIFIED
2026-04,full,Part_1B,C_110,within18_count,60562.0,60562.0,0.0,VERIFIED
2026-04,full,Part_1B,C_110,middle_count,35110.0,35110.0,0.0,VERIFIED
2026-04,full,Part_1B,C_110,over52_count,5025.0,5025.0,0.0,VERIFIED
2026-04,full,Part_1B,C_110,open_count,90.0,90.0,0.0,VERIFIED
2026-04,full,Part_1B,C_110,within18_share,0.601428046515785,0.601428046516,-2.1505019986989282e-13,VERIFIED
2026-04,full,Part_1B,C_110,middle_share,0.3486697716913116,0.348669771691,3.115840918610502e-13,VERIFIED
2026-04,full,Part_1B,C_110,over52_share,0.0499021817929034,0.0499021817929,3.400058012914542e-15,VERIFIED
2026-04,full,Part_1B,C_110,closed_share,0.9991062295798286,0.99910622958,-1.7130741269966165e-13,VERIFIED
2026-04,full,Part_1B,C_110,gap_weeks,29.064583941605846,29.0645839416,5.8477667153056245e-12,VERIFIED
2026-04,full,Part_1B,C_120,total,81545.0,81545.0,0.0,VERIFIED
2026-04,full,Part_1B,C_120,within18_count,45451.0,45451.0,0.0,VERIFIED
2026-04,full,Part_1B,C_120,middle_count,30698.0,30698.0,0.0,VERIFIED
2026-04,full,Part_1B,C_120,over52_count,5396.0,5396.0,0.0,VERIFIED
2026-04,full,Part_1B,C_120,open_count,72.0,72.0,0.0,VERIFIED
2026-04,full,Part_1B,C_120,within18_share,0.5573732295051812,0.557373229505,1.8118839761882555e-13,VERIFIED
2026-04,full,Part_1B,C_120,middle_share,0.3764547182537249,0.376454718254,-2.751132655021138e-13,VERIFIED
2026-04,full,Part_1B,C_120,over52_share,0.0661720522410938,0.0661720522411,-6.189493362285248e-15,VERIFIED
2026-04,full,Part_1B,C_120,closed_share,0.9991170519345148,0.999117051935,-4.851674617611934e-13,VERIFIED
2026-04,full,Part_1B,C_120,gap_weeks,32.395518207282926,32.3955182073,-1.7074341940315207e-11,VERIFIED
2026-04,full,Part_1B,C_130,total,102331.0,102331.0,0.0,VERIFIED
2026-04,full,Part_1B,C_130,within18_count,75657.0,75657.0,0.0,VERIFIED
2026-04,full,Part_1B,C_130,middle_count,24827.0,24827.0,0.0,VERIFIED
2026-04,full,Part_1B,C_130,over52_count,1847.0,1847.0,0.0,VERIFIED
2026-04,full,Part_1B,C_130,open_count,83.0,83.0,0.0,VERIFIED
2026-04,full,Part_1B,C_130,within18_share,0.739336076066881,0.739336076067,-1.1901590823981678e-13,VERIFIED
2026-04,full,Part_1B,C_130,middle_share,0.2426146524513588,0.242614652451,3.5879632598323496e-13,VERIFIED
2026-04,full,Part_1B,C_130,over52_share,0.0180492714817601,0.0180492714818,-3.9902109394418517e-14,VERIFIED
2026-04,full,Part_1B,C_130,closed_share,0.9991889065874466,0.999188906587,4.466427228067005e-13,VERIFIED
2026-04,full,Part_1B,C_130,gap_weeks,18.81172541743971,18.8117254174,3.97086807879532e-11,VERIFIED
2026-04,full,Part_1B,C_301,total,49124.0,49124.0,0.0,VERIFIED
2026-04,full,Part_1B,C_301,within18_count,30773.0,30773.0,0.0,VERIFIED
2026-04,full,Part_1B,C_301,middle_count,16473.0,16473.0,0.0,VERIFIED
2026-04,full,Part_1B,C_301,over52_count,1878.0,1878.0,0.0,VERIFIED
2026-04,full,Part_1B,C_301,open_count,31.0,31.0,0.0,VERIFIED
2026-04,full,Part_1B,C_301,within18_share,0.6264351437179383,0.626435143718,-6.17284001691587e-14,VERIFIED
2026-04,full,Part_1B,C_301,middle_share,0.3353350704340037,0.335335070434,3.6637359812630166e-15,VERIFIED
2026-04,full,Part_1B,C_301,over52_share,0.0382297858480579,0.0382297858481,-4.210520820890906e-14,VERIFIED
2026-04,full,Part_1B,C_301,closed_share,0.9993689438970768,0.999368943897,7.671641100159832e-14,VERIFIED
2026-04,full,Part_1B,C_301,gap_weeks,27.919798994974876,27.919798995,-2.5124791136477143e-11,VERIFIED
2026-04,full,Part_1B,C_320,total,54589.0,54589.0,0.0,VERIFIED
2026-04,full,Part_1B,C_320,within18_count,32972.0,32972.0,0.0,VERIFIED
2026-04,full,Part_1B,C_320,middle_count,19906.0,19906.0,0.0,VERIFIED
2026-04,full,Part_1B,C_320,over52_count,1711.0,1711.0,0.0,VERIFIED
2026-04,full,Part_1B,C_320,open_count,38.0,38.0,0.0,VERIFIED
2026-04,full,Part_1B,C_320,within18_share,0.604004469764971,0.604004469765,-2.8976820942716586e-14,VERIFIED
2026-04,full,Part_1B,C_320,middle_share,0.3646522193115829,0.364652219312,-4.1705527920044005e-13,VERIFIED
2026-04,full,Part_1B,C_320,over52_share,0.0313433109234461,0.0313433109234,4.609507220365572e-14,VERIFIED
2026-04,full,Part_1B,C_320,closed_share,0.9993038890618988,0.999303889062,-1.0114131754335176e-13,VERIFIED
2026-04,full,Part_1B,C_320,gap_weeks,26.58845283018869,26.5884528302,-1.1311840353300795e-11,VERIFIED
2026-04,full,Part_1B,C_400,total,30663.0,30663.0,0.0,VERIFIED
2026-04,full,Part_1B,C_400,within18_count,15158.0,15158.0,0.0,VERIFIED
2026-04,full,Part_1B,C_400,middle_count,13850.0,13850.0,0.0,VERIFIED
2026-04,full,Part_1B,C_400,over52_count,1655.0,1655.0,0.0,VERIFIED
2026-04,full,Part_1B,C_400,open_count,17.0,17.0,0.0,VERIFIED
2026-04,full,Part_1B,C_400,within18_share,0.4943417147702442,0.49434171477,2.441935542663032e-13,VERIFIED
2026-04,full,Part_1B,C_400,middle_share,0.451684440530933,0.451684440531,-6.70019595361282e-14,VERIFIED
2026-04,full,Part_1B,C_400,over52_share,0.0539738446988226,0.0539738446988,2.2599977445025843e-14,VERIFIED
2026-04,full,Part_1B,C_400,closed_share,0.9994455858852688,0.999445585885,2.687849942617504e-13,VERIFIED
2026-04,full,Part_1B,C_400,gap_weeks,31.602742857142864,31.6027428571,4.2863490534728044e-11,VERIFIED
2026-04,full,Part_1B,C_999,total,1159840.0,1159840.0,0.0,VERIFIED
2026-04,full,Part_1B,C_999,within18_count,784004.0,784004.0,0.0,VERIFIED
2026-04,full,Part_1B,C_999,middle_count,336171.0,336171.0,0.0,VERIFIED
2026-04,full,Part_1B,C_999,over52_count,39665.0,39665.0,0.0,VERIFIED
2026-04,full,Part_1B,C_999,open_count,787.0,787.0,0.0,VERIFIED
2026-04,full,Part_1B,C_999,within18_share,0.6759587529314388,0.675958752931,4.3876013933186186e-13,VERIFIED
2026-04,full,Part_1B,C_999,middle_share,0.289842564491654,0.289842564492,-3.4600100562443004e-13,VERIFIED
2026-04,full,Part_1B,C_999,over52_share,0.0341986825769071,0.0341986825769,7.098488463697095e-15,VERIFIED
2026-04,full,Part_1B,C_999,closed_share,0.999321458132156,0.999321458132,1.559863349598345e-13,VERIFIED
2026-04,full,Part_1B,C_999,gap_weeks,26.22000777504212,26.220007775,4.212097337585874e-11,VERIFIED
2026-04,monthly,Part_2,C_100,total,381808.0,381808.0,0.0,VERIFIED
2026-04,monthly,Part_2,C_100,within18_count,239298.0,239298.0,0.0,VERIFIED
2026-04,monthly,Part_2,C_100,middle_count,136112.0,136112.0,0.0,VERIFIED
2026-04,monthly,Part_2,C_100,over52_count,6398.0,6398.0,0.0,VERIFIED
2026-04,monthly,Part_2,C_100,open_count,7.0,7.0,0.0,VERIFIED
2026-04,monthly,Part_2,C_100,within18_share,0.6267495704647362,0.626749570465,-2.637889906509372e-13,VERIFIED
2026-04,monthly,Part_2,C_100,middle_share,0.3564933160122365,0.356493316012,2.3647750424515834e-13,VERIFIED
2026-04,monthly,Part_2,C_100,over52_share,0.0167571135230272,0.016757113523,2.7196994656364382e-14,VERIFIED
2026-04,monthly,Part_2,C_100,closed_share,0.9999816661777648,0.999981666178,-2.3514523661560816e-13,VERIFIED
2026-04,monthly,Part_2,C_100,gap_weeks,22.46018512170039,22.4601851217,3.907985046680551e-13,VERIFIED
2026-04,monthly,Part_2,C_110,total,819951.0,819951.0,0.0,VERIFIED
2026-04,monthly,Part_2,C_110,within18_count,483984.0,483984.0,0.0,VERIFIED
2026-04,monthly,Part_2,C_110,middle_count,319127.0,319127.0,0.0,VERIFIED
2026-04,monthly,Part_2,C_110,over52_count,16840.0,16840.0,0.0,VERIFIED
2026-04,monthly,Part_2,C_110,open_count,42.0,42.0,0.0,VERIFIED
2026-04,monthly,Part_2,C_110,within18_share,0.5902596618578427,0.590259661858,-1.5731860258938468e-13,VERIFIED
2026-04,monthly,Part_2,C_110,middle_share,0.3892025255167687,0.389202525517,-2.3131496718065137e-13,VERIFIED
2026-04,monthly,Part_2,C_110,over52_share,0.0205378126253885,0.0205378126254,-1.1501216645726231e-14,VERIFIED
2026-04,monthly,Part_2,C_110,closed_share,0.9999487774269438,0.999948777427,-5.617728504603292e-14,VERIFIED
2026-04,monthly,Part_2,C_110,gap_weeks,23.564318356080364,23.5643183561,-1.963584850273037e-11,VERIFIED
2026-04,monthly,Part_2,C_120,total,588278.0,588278.0,0.0,VERIFIED
2026-04,monthly,Part_2,C_120,within18_count,342859.0,342859.0,0.0,VERIFIED
2026-04,monthly,Part_2,C_120,middle_count,232657.0,232657.0,0.0,VERIFIED
2026-04,monthly,Part_2,C_120,over52_count,12762.0,12762.0,0.0,VERIFIED
2026-04,monthly,Part_2,C_120,open_count,18.0,18.0,0.0,VERIFIED
2026-04,monthly,Part_2,C_120,within18_share,0.5828179874141137,0.582817987414,1.1368683772161603e-13,VERIFIED
2026-04,monthly,Part_2,C_120,middle_share,0.3954881875575833,0.395488187558,-4.167222122930525e-13,VERIFIED
2026-04,monthly,Part_2,C_120,over52_share,0.0216938250283029,0.0216938250283,2.9004576518332215e-15,VERIFIED
2026-04,monthly,Part_2,C_120,closed_share,0.9999694022213989,0.999969402221,3.9890313274781874e-13,VERIFIED
2026-04,monthly,Part_2,C_120,gap_weeks,23.73437043403524,23.734370434,3.524291969370097e-11,VERIFIED
2026-04,monthly,Part_2,C_130,total,610708.0,610708.0,0.0,VERIFIED
2026-04,monthly,Part_2,C_130,within18_count,446604.0,446604.0,0.0,VERIFIED
2026-04,monthly,Part_2,C_130,middle_count,159572.0,159572.0,0.0,VERIFIED
2026-04,monthly,Part_2,C_130,over52_count,4532.0,4532.0,0.0,VERIFIED
2026-04,monthly,Part_2,C_130,open_count,5.0,5.0,0.0,VERIFIED
2026-04,monthly,Part_2,C_130,within18_share,0.7312889302252468,0.731288930225,2.468025783741723e-13,VERIFIED
2026-04,monthly,Part_2,C_130,middle_share,0.2612901746824996,0.261290174682,4.996003610813204e-13,VERIFIED
2026-04,monthly,Part_2,C_130,over52_share,0.0074208950922535,0.00742089509225,3.5006719745211967e-15,VERIFIED
2026-04,monthly,Part_2,C_130,closed_share,0.999991812781231,0.999991812781,2.3092638912203256e-13,VERIFIED
2026-04,monthly,Part_2,C_130,gap_weeks,15.258708034267189,15.2587080343,-3.2811087180562026e-11,VERIFIED
2026-04,monthly,Part_2,C_301,total,371537.0,371537.0,0.0,VERIFIED
2026-04,monthly,Part_2,C_301,within18_count,256351.0,256351.0,0.0,VERIFIED
2026-04,monthly,Part_2,C_301,middle_count,112018.0,112018.0,0.0,VERIFIED
2026-04,monthly,Part_2,C_301,over52_count,3168.0,3168.0,0.0,VERIFIED
2026-04,monthly,Part_2,C_301,open_count,3.0,3.0,0.0,VERIFIED
2026-04,monthly,Part_2,C_301,within18_share,0.6899743497955789,0.689974349796,-4.211075932403219e-13,VERIFIED
2026-04,monthly,Part_2,C_301,middle_share,0.3014989085878392,0.301498908588,-1.6081580511695392e-13,VERIFIED
2026-04,monthly,Part_2,C_301,over52_share,0.0085267416165819,0.00852674161658,1.8995222061946038e-15,VERIFIED
2026-04,monthly,Part_2,C_301,closed_share,0.9999919254340752,0.999991925434,7.527312106958561e-14,VERIFIED
2026-04,monthly,Part_2,C_301,gap_weeks,17.9878698481562,17.9878698482,-4.3797854232252575e-11,VERIFIED
2026-04,monthly,Part_2,C_320,total,377359.0,377359.0,0.0,VERIFIED
2026-04,monthly,Part_2,C_320,within18_count,258123.0,258123.0,0.0,VERIFIED
2026-04,monthly,Part_2,C_320,middle_count,116338.0,116338.0,0.0,VERIFIED
2026-04,monthly,Part_2,C_320,over52_count,2898.0,2898.0,0.0,VERIFIED
2026-04,monthly,Part_2,C_320,open_count,14.0,14.0,0.0,VERIFIED
2026-04,monthly,Part_2,C_320,within18_share,0.6840250265662141,0.684025026566,2.141620214501927e-13,VERIFIED
2026-04,monthly,Part_2,C_320,middle_share,0.3082952838013669,0.308295283801,3.66873198487383e-13,VERIFIED
2026-04,monthly,Part_2,C_320,over52_share,0.0076796896324189,0.00767968963242,-1.0998146837692957e-15,VERIFIED
2026-04,monthly,Part_2,C_320,closed_share,0.9999629000500848,0.99996290005,8.482103908136196e-14,VERIFIED
2026-04,monthly,Part_2,C_320,gap_weeks,17.46661157024795,17.4666115702,4.794742380909156e-11,VERIFIED
2026-04,monthly,Part_2,C_400,total,206659.0,206659.0,0.0,VERIFIED
2026-04,monthly,Part_2,C_400,within18_count,124314.0,124314.0,0.0,VERIFIED
2026-04,monthly,Part_2,C_400,middle_count,80396.0,80396.0,0.0,VERIFIED
2026-04,monthly,Part_2,C_400,over52_count,1949.0,1949.0,0.0,VERIFIED
2026-04,monthly,Part_2,C_400,open_count,1.0,1.0,0.0,VERIFIED
2026-04,monthly,Part_2,C_400,within18_share,0.6015416700942132,0.601541670094,2.1327384303049257e-13,VERIFIED
2026-04,monthly,Part_2,C_400,middle_share,0.3890273348850038,0.389027334885,3.774758283725532e-15,VERIFIED
2026-04,monthly,Part_2,C_400,over52_share,0.009430995020783,0.00943099502078,2.9993368899638995e-15,VERIFIED
2026-04,monthly,Part_2,C_400,closed_share,0.9999951611108154,0.999995161111,-1.8451906669270102e-13,VERIFIED
2026-04,monthly,Part_2,C_400,gap_weeks,21.163935212957405,21.163935213,-4.2593484295139206e-11,VERIFIED
2026-04,monthly,Part_2,C_999,total,7093502.0,7093502.0,0.0,VERIFIED
2026-04,monthly,Part_2,C_999,within18_count,4607182.0,4607182.0,0.0,VERIFIED
2026-04,monthly,Part_2,C_999,middle_count,2388932.0,2388932.0,0.0,VERIFIED
2026-04,monthly,Part_2,C_999,over52_count,97388.0,97388.0,0.0,VERIFIED
2026-04,monthly,Part_2,C_999,open_count,191.0,191.0,0.0,VERIFIED
2026-04,monthly,Part_2,C_999,within18_share,0.6494932968229233,0.649493296823,-7.671641100159832e-14,VERIFIED
2026-04,monthly,Part_2,C_999,middle_share,0.3367775183541218,0.336777518354,1.2179146580137967e-13,VERIFIED
2026-04,monthly,Part_2,C_999,over52_share,0.0137291848229548,0.013729184823,-4.5199954890051686e-14,VERIFIED
2026-04,monthly,Part_2,C_999,closed_share,0.9999730739485236,0.999973073949,-4.763966998666547e-13,VERIFIED
2026-04,monthly,Part_2,C_999,gap_weeks,20.702030538245687,20.7020305382,4.568789790937444e-11,VERIFIED
2026-05,monthly,Part_2,C_100,total,381497.0,381497.0,0.0,VERIFIED
2026-05,monthly,Part_2,C_100,within18_count,239233.0,239233.0,0.0,VERIFIED
2026-05,monthly,Part_2,C_100,middle_count,135174.0,135174.0,0.0,VERIFIED
2026-05,monthly,Part_2,C_100,over52_count,7090.0,7090.0,0.0,VERIFIED
2026-05,monthly,Part_2,C_100,open_count,7.0,7.0,0.0,VERIFIED
2026-05,monthly,Part_2,C_100,within18_share,0.6270901212853575,0.627090121285,3.574918139293004e-13,VERIFIED
2026-05,monthly,Part_2,C_100,middle_share,0.3543251978390394,0.354325197839,3.93574062229618e-14,VERIFIED
2026-05,monthly,Part_2,C_100,over52_share,0.0185846808756032,0.0185846808756,3.1988300897012323e-15,VERIFIED
2026-05,monthly,Part_2,C_100,closed_share,0.9999816512318576,0.999981651232,-1.4244161405940758e-13,VERIFIED
2026-05,monthly,Part_2,C_100,gap_weeks,22.87376570458404,22.8737657046,-1.595878984517185e-11,VERIFIED
2026-05,monthly,Part_2,C_110,total,827960.0,827960.0,0.0,VERIFIED
2026-05,monthly,Part_2,C_110,within18_count,497410.0,497410.0,0.0,VERIFIED
2026-05,monthly,Part_2,C_110,middle_count,312261.0,312261.0,0.0,VERIFIED
2026-05,monthly,Part_2,C_110,over52_count,18289.0,18289.0,0.0,VERIFIED
2026-05,monthly,Part_2,C_110,open_count,46.0,46.0,0.0,VERIFIED
2026-05,monthly,Part_2,C_110,within18_share,0.6007657374752403,0.600765737475,2.403632848313464e-13,VERIFIED
2026-05,monthly,Part_2,C_110,middle_share,0.3771450311609256,0.377145031161,-7.438494264988549e-14,VERIFIED
2026-05,monthly,Part_2,C_110,over52_share,0.022089231363834,0.0220892313638,3.3997110682193465e-14,VERIFIED
2026-05,monthly,Part_2,C_110,closed_share,0.9999444417604716,0.99994444176,4.716227408607665e-13,VERIFIED
2026-05,monthly,Part_2,C_110,gap_weeks,23.835237203495645,23.8352372035,-4.355626970209414e-12,VERIFIED
2026-05,monthly,Part_2,C_120,total,594331.0,594331.0,0.0,VERIFIED
2026-05,monthly,Part_2,C_120,within18_count,350147.0,350147.0,0.0,VERIFIED
2026-05,monthly,Part_2,C_120,middle_count,231502.0,231502.0,0.0,VERIFIED
2026-05,monthly,Part_2,C_120,over52_count,12682.0,12682.0,0.0,VERIFIED
2026-05,monthly,Part_2,C_120,open_count,12.0,12.0,0.0,VERIFIED
2026-05,monthly,Part_2,C_120,within18_share,0.589144769497132,0.589144769497,1.3200551762793111e-13,VERIFIED
2026-05,monthly,Part_2,C_120,middle_share,0.3895169526745197,0.389516952675,-4.80337991604074e-13,VERIFIED
2026-05,monthly,Part_2,C_120,over52_share,0.0213382778283481,0.0213382778283,4.810041254188491e-14,VERIFIED
2026-05,monthly,Part_2,C_120,closed_share,0.9999798092308833,0.999979809231,-1.1679546219056647e-13,VERIFIED
2026-05,monthly,Part_2,C_120,gap_weeks,23.626389011962782,23.626389012,-3.721822849911405e-11,VERIFIED
2026-05,monthly,Part_2,C_130,total,624531.0,624531.0,0.0,VERIFIED
2026-05,monthly,Part_2,C_130,within18_count,462702.0,462702.0,0.0,VERIFIED
2026-05,monthly,Part_2,C_130,middle_count,157081.0,157081.0,0.0,VERIFIED
2026-05,monthly,Part_2,C_130,over52_count,4748.0,4748.0,0.0,VERIFIED
2026-05,monthly,Part_2,C_130,open_count,5.0,5.0,0.0,VERIFIED
2026-05,monthly,Part_2,C_130,within18_share,0.7408791557184511,0.740879155718,4.510836149052011e-13,VERIFIED
2026-05,monthly,Part_2,C_130,middle_share,0.2515183393618571,0.251518339362,-1.429412144204889e-13,VERIFIED
2026-05,monthly,Part_2,C_130,over52_share,0.0076025049196917,0.00760250491969,1.700029006457271e-15,VERIFIED
2026-05,monthly,Part_2,C_130,closed_share,0.9999919939922918,0.999991993992,2.9176661087149114e-13,VERIFIED
2026-05,monthly,Part_2,C_130,gap_weeks,15.411536985717332,15.4115369857,1.7331913682028244e-11,VERIFIED
2026-05,monthly,Part_2,C_301,total,370047.0,370047.0,0.0,VERIFIED
2026-05,monthly,Part_2,C_301,within18_count,255472.0,255472.0,0.0,VERIFIED
2026-05,monthly,Part_2,C_301,middle_count,111247.0,111247.0,0.0,VERIFIED
2026-05,monthly,Part_2,C_301,over52_count,3328.0,3328.0,0.0,VERIFIED
2026-05,monthly,Part_2,C_301,open_count,4.0,4.0,0.0,VERIFIED
2026-05,monthly,Part_2,C_301,within18_share,0.6903771683056477,0.690377168306,-3.523847880160247e-13,VERIFIED
2026-05,monthly,Part_2,C_301,middle_share,0.3006293795112513,0.300629379511,2.512989816239042e-13,VERIFIED
2026-05,monthly,Part_2,C_301,over52_share,0.008993452183101,0.0089934521831,1.0009354456386177e-15,VERIFIED
2026-05,monthly,Part_2,C_301,closed_share,0.99998919056228,0.999989190562,2.799982468104645e-13,VERIFIED
2026-05,monthly,Part_2,C_301,gap_weeks,18.112762730227516,18.1127627302,2.751576744230988e-11,VERIFIED
2026-05,monthly,Part_2,C_320,total,378421.0,378421.0,0.0,VERIFIED
2026-05,monthly,Part_2,C_320,within18_count,258469.0,258469.0,0.0,VERIFIED
2026-05,monthly,Part_2,C_320,middle_count,117103.0,117103.0,0.0,VERIFIED
2026-05,monthly,Part_2,C_320,over52_count,2849.0,2849.0,0.0,VERIFIED
2026-05,monthly,Part_2,C_320,open_count,0.0,0.0,0.0,VERIFIED
2026-05,monthly,Part_2,C_320,within18_share,0.683019705566023,0.683019705566,2.298161660974074e-14,VERIFIED
2026-05,monthly,Part_2,C_320,middle_share,0.3094516424828432,0.309451642483,-1.5681900222830336e-13,VERIFIED
2026-05,monthly,Part_2,C_320,over52_share,0.0075286519511337,0.00752865195113,3.7001651742585295e-15,VERIFIED
2026-05,monthly,Part_2,C_320,closed_share,1.0,1.0,0.0,VERIFIED
2026-05,monthly,Part_2,C_320,gap_weeks,17.51788580750408,17.5178858075,4.078515303262975e-12,VERIFIED
2026-05,monthly,Part_2,C_400,total,207581.0,207581.0,0.0,VERIFIED
2026-05,monthly,Part_2,C_400,within18_count,127025.0,127025.0,0.0,VERIFIED
2026-05,monthly,Part_2,C_400,middle_count,78654.0,78654.0,0.0,VERIFIED
2026-05,monthly,Part_2,C_400,over52_count,1902.0,1902.0,0.0,VERIFIED
2026-05,monthly,Part_2,C_400,open_count,0.0,0.0,0.0,VERIFIED
2026-05,monthly,Part_2,C_400,within18_share,0.6119298008969992,0.611929800897,-7.771561172376096e-16,VERIFIED
2026-05,monthly,Part_2,C_400,middle_share,0.3789075108030118,0.378907510803,1.1823875212257917e-14,VERIFIED
2026-05,monthly,Part_2,C_400,over52_share,0.0091626882999889,0.00916268829999,-1.0998146837692957e-15,VERIFIED
2026-05,monthly,Part_2,C_400,closed_share,1.0,1.0,0.0,VERIFIED
2026-05,monthly,Part_2,C_400,gap_weeks,20.945450475657537,20.9454504757,-4.246203388902359e-11,VERIFIED
2026-05,monthly,Part_2,C_999,total,7153655.0,7153655.0,0.0,VERIFIED
2026-05,monthly,Part_2,C_999,within18_count,4689601.0,4689601.0,0.0,VERIFIED
2026-05,monthly,Part_2,C_999,middle_count,2361713.0,2361713.0,0.0,VERIFIED
2026-05,monthly,Part_2,C_999,over52_count,102341.0,102341.0,0.0,VERIFIED
2026-05,monthly,Part_2,C_999,open_count,177.0,177.0,0.0,VERIFIED
2026-05,monthly,Part_2,C_999,within18_share,0.6555531403177816,0.655553140318,-2.184918912462308e-13,VERIFIED
2026-05,monthly,Part_2,C_999,middle_share,0.3301407462339182,0.330140746234,-8.182343691487404e-14,VERIFIED
2026-05,monthly,Part_2,C_999,over52_share,0.0143061134483002,0.0143061134483,1.9949319973733282e-16,VERIFIED
2026-05,monthly,Part_2,C_999,closed_share,0.9999752574033832,0.999975257403,3.8324898810060404e-13,VERIFIED
2026-05,monthly,Part_2,C_999,gap_weeks,20.56866552242009,20.5686655224,2.0090595853616833e-11,VERIFIED
