period,kind,part,code,total,within18_count,middle_count,over52_count,within18_share,middle_share,over52_share,open_count,closed_share,band_count,first_release,p50,p50_band_lower,p50_midpoint,p50_lower_shift,p50_midpoint_shift,p75,p75_band_lower,p75_midpoint,p75_lower_shift,p75_midpoint_shift,p92,p92_band_lower,p92_midpoint,p92_lower_shift,p92_midpoint_shift,p95,p95_band_lower,p95_midpoint,p95_lower_shift,p95_midpoint_shift,gap_weeks,date,period_raw,specialty_code,total_waiting,waiting_0_18w,waiting_18_52w,waiting_52w_plus,pct_within_18w,pct_over_52w,specialty_name,count_difference,percentage_difference_after_rounding,middle_count_difference
2024-01,monthly,Part_2,C_100,424169,233202,168216,22751,0.5497855807472964,0.3965777791399182,0.0536366401127852,10,0.9999764244911816,105,False,15.79530760188088,15,15.5,-0.7953076018808787,-0.2953076018808787,29.832365925441465,29,29.5,-0.832365925441465,-0.332365925441465,47.34336421952959,47,47.5,-0.3433642195295903,0.1566357804704097,52.77476142641888,52,52.5,-0.7747614264188769,-0.2747614264188769,29.34336421952959,2024-01-01,RTT-January-2024,C_100,424169.0,233202.0,168216.0,22751.0,54.98,5.36,General Surgery,0.0,0.0,0.0
2024-01,monthly,Part_2,C_110,849406,462703,339801,46902,0.5447371457230111,0.4000454435217081,0.0552174107552807,63,0.9999258305215644,105,False,16.14960026808368,16,16.5,-0.149600268083681,0.350399731916319,29.83946262978521,29,29.5,-0.8394626297852099,-0.3394626297852099,47.45109687146627,47,47.5,-0.4510968714662695,0.0489031285337304,53.19496200394032,53,53.5,-0.1949620039403186,0.3050379960596814,29.45109687146627,2024-01-01,RTT-January-2024,C_110,849406.0,462703.0,339801.0,46902.0,54.47,5.52,Trauma & Orthopaedics,0.0,0.0,0.0
2024-01,monthly,Part_2,C_120,621169,300003,282392,38774,0.4829651833880957,0.4546138007530961,0.0624210158588081,11,0.9999822914536944,105,False,18.832861078315624,18,18.5,-0.8328610783156236,-0.3328610783156236,33.818010610079575,33,33.5,-0.8180106100795754,-0.3180106100795754,49.50393177345287,49,49.5,-0.5039317734528694,-0.0039317734528694,54.12731311274508,54,54.5,-0.1273131127450781,0.3726868872549218,31.50393177345287,2024-01-01,RTT-January-2024,C_120,621169.0,300003.0,282392.0,38774.0,48.3,6.24,ENT,0.0,0.0,0.0
2024-01,monthly,Part_2,C_130,605516,384595,206402,14519,0.6351524980347341,0.3408696054274371,0.0239778965378288,8,0.9999867881278116,105,False,12.6132581257679,12,12.5,-0.6132581257678993,-0.1132581257678992,24.54954078876283,24,24.5,-0.5495407887628296,-0.0495407887628296,40.27081217112788,40,40.5,-0.2708121711278792,0.2291878288721207,45.526927939317304,45,45.5,-0.5269279393173036,-0.0269279393173036,22.27081217112788,2024-01-01,RTT-January-2024,C_130,605516.0,384595.0,206402.0,14519.0,63.52,2.4,Ophthalmology,0.0,0.0,0.0
2024-01,monthly,Part_2,C_301,384402,227656,142204,14542,0.5922341715183583,0.3699356402932346,0.0378301881884069,2,0.9999947971134384,105,False,14.133646322378716,14,14.5,-0.1336463223787163,0.3663536776212837,27.249722633136095,27,27.5,-0.2497226331360948,0.2502773668639051,44.200819606267586,44,44.5,-0.2008196062675864,0.2991803937324135,49.250778642936574,49,49.5,-0.2507786429365737,0.2492213570634263,26.200819606267583,2024-01-01,RTT-January-2024,C_301,384402.0,227656.0,142204.0,14542.0,59.22,3.78,Gastroenterology,0.0,0.0,0.0
2024-01,monthly,Part_2,C_320,398450,238590,149861,9999,0.5987953319111557,0.376109925963107,0.0250947421257372,3,0.9999924708244448,105,False,14.11390142964635,14,14.5,-0.1139014296463507,0.3860985703536492,26.20234581326705,26,26.5,-0.2023458132670512,0.2976541867329487,41.12852552659764,41,41.5,-0.1285255265976417,0.3714744734023583,46.188727782974745,46,46.5,-0.1887277829747446,0.3112722170252553,23.12852552659764,2024-01-01,RTT-January-2024,C_320,398450.0,238590.0,149861.0,9999.0,59.88,2.51,Cardiology,0.0,0.0,0.0
2024-01,monthly,Part_2,C_400,234198,125348,101133,7717,0.5352223332393957,0.4318269156867266,0.0329507510738776,0,1.0,105,False,16.482722329415893,16,16.5,-0.4827223294158926,0.0172776705841073,29.274416816200976,29,29.5,-0.2744168162009757,0.2255831837990243,44.03178142076503,44,44.5,-0.0317814207650286,0.4682185792349713,48.51736571008093,48,48.5,-0.5173657100809237,-0.0173657100809236,26.03178142076503,2024-01-01,RTT-January-2024,C_400,234198.0,125348.0,101133.0,7717.0,53.52,3.3,Neurology,0.0,0.0,0.0
2024-02,monthly,Part_2,C_100,421906,233699,166491,21716,0.5539124828753325,0.3946163363403222,0.0514711807843453,19,0.999954966272108,105,False,15.561303827751196,15,15.5,-0.5613038277511961,-0.0613038277511961,29.724351365100897,29,29.5,-0.7243513651008975,-0.2243513651008974,47.008552727272736,47,47.5,-0.0085527272727361,0.4914472727272638,52.301310679611625,52,52.5,-0.3013106796116247,0.1986893203883752,29.008552727272736,2024-02-01,RTT-February-2024,C_100,421906.0,233699.0,166491.0,21716.0,55.39,5.15,General Surgery,0.0,0.0,0.0
2024-02,monthly,Part_2,C_110,842354,457149,340503,44702,0.5427041362657505,0.4042279136799968,0.0530679500542527,36,0.9999572626235526,105,False,16.157894736842106,16,16.5,-0.1578947368421062,0.3421052631578938,29.945572263993316,29,29.5,-0.9455722639933164,-0.4455722639933164,47.18559424678275,47,47.5,-0.1855942467827489,0.314405753217251,52.664344473007695,52,52.5,-0.6643444730076951,-0.164344473007695,29.18559424678275,2024-02-01,RTT-February-2024,C_110,842354.0,457149.0,340503.0,44702.0,54.27,5.31,Trauma & Orthopaedics,0.0,0.0,0.0
2024-02,monthly,Part_2,C_120,627870,308825,279855,39190,0.4918613725771258,0.4457212480290506,0.0624173793938235,19,0.9999697389587016,105,False,18.409520756531496,18,18.5,-0.4095207565314958,0.0904792434685042,33.59018397764322,33,33.5,-0.5901839776432212,-0.0901839776432211,49.60646178092987,49,49.5,-0.6064617809298696,-0.1064617809298695,54.01182634730539,54,54.5,-0.0118263473053872,0.4881736526946127,31.60646178092987,2024-02-01,RTT-February-2024,C_120,627870.0,308825.0,279855.0,39190.0,49.19,6.24,ENT,0.0,0.0,0.0
2024-02,monthly,Part_2,C_130,607752,389735,203481,14536,0.641273085074175,0.3348092643051771,0.0239176506206478,3,0.999995063776014,105,False,12.351101086246809,12,12.5,-0.3511010862468087,0.1488989137531913,24.012810769731843,24,24.5,-0.0128107697318426,0.4871892302681573,40.27931767833407,40,40.5,-0.2793176783340669,0.220682321665933,45.25172193877552,45,45.5,-0.2517219387755176,0.2482780612244823,22.279317678334067,2024-02-01,RTT-February-2024,C_130,607752.0,389735.0,203481.0,14536.0,64.13,2.39,Ophthalmology,0.0,0.0,0.0
2024-02,monthly,Part_2,C_301,390450,233718,142865,13867,0.598586246638494,0.3658983224484569,0.035515430913049,3,0.999992316557818,105,False,13.958960590660658,13,13.5,-0.9589605906606576,-0.4589605906606575,26.80807970221152,26,26.5,-0.8080797022115185,-0.3080797022115185,43.32102022867194,43,43.5,-0.3210202286719408,0.1789797713280592,48.890085127691535,48,48.5,-0.8900851276915347,-0.3900851276915347,25.32102022867194,2024-02-01,RTT-February-2024,C_301,390450.0,233718.0,142865.0,13867.0,59.86,3.55,Gastroenterology,0.0,0.0,0.0
2024-02,monthly,Part_2,C_320,399094,239037,150172,9885,0.5989491197562479,0.3762822793627566,0.0247686008809954,1,0.9999974943246454,105,False,14.124244338175584,14,14.5,-0.1242443381755844,0.3757556618244155,25.942286947141316,25,25.5,-0.9422869471413158,-0.4422869471413158,41.06729458917837,41,41.5,-0.0672945891783669,0.432705410821633,45.93252069917203,45,45.5,-0.9325206991720308,-0.4325206991720307,23.067294589178367,2024-02-01,RTT-February-2024,C_320,399094.0,239037.0,150172.0,9885.0,59.89,2.48,Cardiology,0.0,0.0,0.0
2024-02,monthly,Part_2,C_400,233760,125156,101105,7499,0.535403832991102,0.4325162559890486,0.0320799110198494,1,0.9999957221081452,105,False,16.56304202801868,16,16.5,-0.5630420280186783,-0.0630420280186783,29.511482254697285,29,29.5,-0.5114822546972846,-0.0114822546972845,43.61139772045592,43,43.5,-0.6113977204559191,-0.1113977204559191,48.37047970479705,48,48.5,-0.3704797047970487,0.1295202952029512,25.61139772045592,2024-02-01,RTT-February-2024,C_400,233760.0,125156.0,101105.0,7499.0,53.54,3.21,Neurology,0.0,0.0,0.0
2024-03,monthly,Part_2,C_100,421329,233438,166896,20995,0.5540515843912952,0.3961179980490306,0.0498304175596742,17,0.9999596514837572,105,False,15.586742109634551,15,15.5,-0.5867421096345513,-0.0867421096345513,29.50425442291491,29,29.5,-0.5042544229149115,-0.0042544229149115,46.321588126159554,46,46.5,-0.3215881261595541,0.1784118738404458,51.95963276836157,51,51.5,-0.9596327683615726,-0.4596327683615726,28.32158812615955,2024-03-01,RTT-March-2024,C_100,421329.0,233438.0,166896.0,20995.0,55.41,4.98,General Surgery,0.0,0.0,0.0
2024-03,monthly,Part_2,C_110,835449,448436,343897,43116,0.5367604725123856,0.4116313503277878,0.0516081771598266,28,0.9999664850876594,105,False,16.42932425617751,16,16.5,-0.4293242561775088,0.0706757438224912,29.802375405607787,29,29.5,-0.802375405607787,-0.302375405607787,46.63560734742249,46,46.5,-0.6356073474224928,-0.1356073474224928,52.3294629720451,52,52.5,-0.3294629720450999,0.1705370279549001,28.635607347422493,2024-03-01,RTT-March-2024,C_110,835449.0,448436.0,343897.0,43116.0,53.68,5.16,Trauma & Orthopaedics,0.0,0.0,0.0
2024-03,monthly,Part_2,C_120,639365,313073,283224,43068,0.4896623994119165,0.4429770162583188,0.0673605843297646,18,0.9999718470670118,105,False,18.481250910149992,18,18.5,-0.481250910149992,0.018749089850008,33.577305925315116,33,33.5,-0.577305925315116,-0.077305925315116,49.85685515104571,49,49.5,-0.856855151045707,-0.356855151045707,54.615889011595804,54,54.5,-0.6158890115958044,-0.1158890115958044,31.856855151045707,2024-03-01,RTT-March-2024,C_120,639365.0,313073.0,283224.0,43068.0,48.97,6.74,ENT,0.0,0.0,0.0
2024-03,monthly,Part_2,C_130,611342,391359,204546,15437,0.6401637708516673,0.334585223982648,0.0252510051656846,3,0.9999950927631344,105,False,11.231085714285712,11,11.5,-0.2310857142857134,0.2689142857142865,24.144901701130692,24,24.5,-0.1449017011306921,0.3550982988693079,40.57950948634892,40,40.5,-0.5795094863489183,-0.0795094863489183,45.567334494773526,45,45.5,-0.5673344947735259,-0.0673344947735259,22.57950948634892,2024-03-01,RTT-March-2024,C_130,611342.0,391359.0,204546.0,15437.0,64.02,2.53,Ophthalmology,0.0,0.0,0.0
2024-03,monthly,Part_2,C_301,390454,231005,145345,14104,0.591631792733587,0.3722461544765836,0.0361220527898292,2,0.9999948777576873,105,False,14.06219640971489,14,14.5,-0.0621964097148897,0.4378035902851103,26.91178527714635,26,26.5,-0.911785277146354,-0.4117852771463539,43.18941017559658,43,43.5,-0.1894101755965778,0.3105898244034222,48.55033460803059,48,48.5,-0.5503346080305889,-0.0503346080305888,25.189410175596574,2024-03-01,RTT-March-2024,C_301,390454.0,231005.0,145345.0,14104.0,59.16,3.61,Gastroenterology,0.0,0.0,0.0
2024-03,monthly,Part_2,C_320,405304,240196,154556,10552,0.5926317036101297,0.3813335175571916,0.0260347788326786,1,0.9999975327161834,105,False,14.27361804400074,14,14.5,-0.2736180440007398,0.2263819559992601,26.23090332805071,26,26.5,-0.2309033280507115,0.2690966719492884,41.46664893617021,41,41.5,-0.4666489361702091,0.0333510638297909,46.29560776302349,46,46.5,-0.2956077630234901,0.2043922369765098,23.46664893617021,2024-03-01,RTT-March-2024,C_320,405304.0,240196.0,154556.0,10552.0,59.26,2.6,Cardiology,0.0,0.0,0.0
2024-03,monthly,Part_2,C_400,231781,122187,102403,7191,0.527165729719002,0.4418092941181546,0.0310249761628433,1,0.9999956855825112,105,False,16.856493043168033,16,16.5,-0.8564930431680331,-0.3564930431680331,29.65121340015827,29,29.5,-0.6512134001582695,-0.1512134001582694,43.93127003699138,43,43.5,-0.9312700369913784,-0.4312700369913784,48.02797123391369,48,48.5,-0.0279712339136892,0.4720287660863107,25.93127003699138,2024-03-01,RTT-March-2024,C_400,231781.0,122187.0,102403.0,7191.0,52.72,3.1,Neurology,0.0,0.0,0.0
2024-04,monthly,Part_2,C_100,424237,240288,164022,19927,0.5664003846906328,0.3866282290323569,0.0469713862770102,10,0.9999764282700472,105,False,14.563939364493246,14,14.5,-0.5639393644932458,-0.0639393644932457,29.357977158677972,29,29.5,-0.3579771586779721,0.1420228413220279,46.34284145504463,46,46.5,-0.3428414550446277,0.1571585449553723,51.31033279656466,51,51.5,-0.3103327965646585,0.1896672034353415,28.342841455044628,2024-04-01,RTT-April-2024,C_100,424237.0,240288.0,164022.0,19927.0,56.64,4.7,General Surgery,0.0,0.0,0.0
2024-04,monthly,Part_2,C_110,832905,455785,335781,41339,0.5472232727621997,0.4031444162299422,0.049632311007858,33,0.9999603796351324,105,False,15.33904159929443,15,15.5,-0.3390415992944291,0.1609584007055708,29.889547052913596,29,29.5,-0.8895470529135956,-0.3895470529135956,46.72643567532884,46,46.5,-0.7264356753288368,-0.2264356753288368,51.91641648471616,51,51.5,-0.9164164847161588,-0.4164164847161586,28.726435675328837,2024-04-01,RTT-April-2024,C_110,832905.0,455785.0,335781.0,41339.0,54.72,4.96,Trauma & Orthopaedics,0.0,0.0,0.0
2024-04,monthly,Part_2,C_120,652244,327399,280362,44483,0.5019578562623803,0.4298422062908972,0.0681999374467224,17,0.99997393613433,105,False,17.818194760820045,17,17.5,-0.8181947608200453,-0.3181947608200453,32.92867705608008,32,32.5,-0.9286770560800832,-0.4286770560800832,50.18888933520787,50,50.5,-0.1888893352078682,0.3111106647921318,55.29946902654864,55,55.5,-0.2994690265486426,0.2005309734513574,32.18888933520787,2024-04-01,RTT-April-2024,C_120,652244.0,327399.0,280362.0,44483.0,50.2,6.82,ENT,0.0,0.0,0.0
2024-04,monthly,Part_2,C_130,613214,400974,197181,15059,0.6538891806123148,0.3215533239619447,0.0245574954257404,4,0.999993476991719,105,False,11.327274643064117,11,11.5,-0.3272746430641167,0.1727253569358833,23.991198270537367,23,23.5,-0.9911982705373674,-0.4911982705373674,40.46248190279214,40,40.5,-0.4624819027921418,0.0375180972078581,45.714014786242345,45,45.5,-0.7140147862423447,-0.2140147862423447,22.462481902792145,2024-04-01,RTT-April-2024,C_130,613214.0,400974.0,197181.0,15059.0,65.39,2.46,Ophthalmology,0.0,0.0,0.0
2024-04,monthly,Part_2,C_301,392168,237712,141300,13156,0.606148385385855,0.3603047673446074,0.0335468472695375,2,0.999994900144836,105,False,13.098412394797244,13,13.5,-0.0984123947972452,0.4015876052027547,26.62547220723152,26,26.5,-0.6254722072315175,-0.1254722072315175,42.86648355619805,42,42.5,-0.8664835561980482,-0.3664835561980482,47.98400383141761,47,47.5,-0.9840038314176098,-0.4840038314176098,24.866483556198048,2024-04-01,RTT-April-2024,C_301,392168.0,237712.0,141300.0,13156.0,60.61,3.35,Gastroenterology,0.0,0.0,0.0
2024-04,monthly,Part_2,C_320,410149,246974,152969,10206,0.6021567771712232,0.3729595829808191,0.0248836398479576,0,1.0,105,False,13.4315445026178,13,13.5,-0.4315445026178004,0.0684554973821995,26.099474035732175,26,26.5,-0.0994740357321752,0.4005259642678247,41.55258760107817,41,41.5,-0.552587601078173,-0.0525876010781729,46.18918072289157,46,46.5,-0.1891807228915638,0.3108192771084361,23.552587601078173,2024-04-01,RTT-April-2024,C_320,410149.0,246974.0,152969.0,10206.0,60.22,2.49,Cardiology,0.0,0.0,0.0
2024-04,monthly,Part_2,C_400,234119,124840,102034,7245,0.5332330994067119,0.4358210995263092,0.0309458010669787,2,0.9999914573357992,105,False,15.954460333673817,15,15.5,-0.9544603336738168,-0.4544603336738166,29.998181083265965,29,29.5,-0.9981810832659654,-0.4981810832659654,44.26891228070176,44,44.5,-0.2689122807017625,0.2310877192982374,48.33495260663506,48,48.5,-0.3349526066350634,0.1650473933649365,26.268912280701763,2024-04-01,RTT-April-2024,C_400,234119.0,124840.0,102034.0,7245.0,53.32,3.09,Neurology,0.0,0.0,0.0
2024-05,monthly,Part_2,C_100,423275,241452,161903,19920,0.5704376587325025,0.3825007382907093,0.0470616029767881,8,0.9999810997578408,105,False,14.951223021582734,14,14.5,-0.9512230215827344,-0.4512230215827344,29.51544318959617,29,29.5,-0.5154431895961658,-0.0154431895961657,46.49411764705882,46,46.5,-0.4941176470588218,0.0058823529411782,51.412216446124766,51,51.5,-0.4122164461247664,0.0877835538752336,28.49411764705882,2024-05-01,RTT-May-2024,C_100,423275.0,241452.0,161903.0,19920.0,57.04,4.71,General Surgery,0.0,0.0,0.0
2024-05,monthly,Part_2,C_110,837731,469098,326220,42413,0.5599625655490844,0.3894090107683731,0.0506284236825424,28,0.999966576383111,105,False,15.43520601165525,15,15.5,-0.4352060116552501,0.0647939883447499,29.978368587608266,29,29.5,-0.9783685876082622,-0.4783685876082622,47.19057511327989,47,47.5,-0.1905751132798911,0.3094248867201088,52.1701519069166,52,52.5,-0.1701519069166011,0.3298480930833989,29.19057511327989,2024-05-01,RTT-May-2024,C_110,837731.0,469098.0,326220.0,42413.0,56.0,5.06,Trauma & Orthopaedics,0.0,0.0,0.0
2024-05,monthly,Part_2,C_120,656628,333974,277262,45392,0.5086197969017465,0.4222512594650243,0.0691289436332291,6,0.9999908624061112,105,False,17.62826743727834,17,17.5,-0.628267437278339,-0.128267437278339,32.970428353989995,32,32.5,-0.9704283539899948,-0.4704283539899947,50.446750718867506,50,50.5,-0.4467507188675057,0.0532492811324942,55.4228832951945,55,55.5,-0.4228832951945023,0.0771167048054977,32.446750718867506,2024-05-01,RTT-May-2024,C_120,656628.0,333974.0,277262.0,45392.0,50.86,6.91,ENT,0.0,0.0,0.0
2024-05,monthly,Part_2,C_130,613435,407490,190517,15428,0.6642757586378345,0.3105740624516045,0.025150178910561,9,0.999985328518914,105,False,11.653950604632096,11,11.5,-0.6539506046320973,-0.1539506046320973,23.882650148435715,23,23.5,-0.8826501484357152,-0.3826501484357152,40.31643512450854,40,40.5,-0.316435124508537,0.1835648754914629,45.73645617667357,45,45.5,-0.7364561766735704,-0.2364561766735704,22.316435124508537,2024-05-01,RTT-May-2024,C_130,613435.0,407490.0,190517.0,15428.0,66.43,2.52,Ophthalmology,0.0,0.0,0.0
2024-05,monthly,Part_2,C_301,390517,238399,139227,12891,0.6104702228072018,0.3565196905640471,0.0330100866287511,1,0.9999974392920156,105,False,13.39943734503147,13,13.5,-0.3994373450314707,0.1005626549685292,26.864289446186,26,26.5,-0.8642894461859996,-0.3642894461859995,42.97712864250178,42,42.5,-0.977128642501782,-0.477128642501782,47.907408325074314,47,47.5,-0.9074083250743143,-0.4074083250743143,24.977128642501786,2024-05-01,RTT-May-2024,C_301,390517.0,238399.0,139227.0,12891.0,61.05,3.3,Gastroenterology,0.0,0.0,0.0
2024-05,monthly,Part_2,C_320,412379,250004,151665,10710,0.6062481358168093,0.3677806095848722,0.0259712545983185,1,0.999997575046256,105,False,13.858702270157432,13,13.5,-0.8587022701574316,-0.3587022701574316,26.45659151401284,26,26.5,-0.4565915140128389,0.043408485987161,41.82291408934708,41,41.5,-0.8229140893470799,-0.3229140893470799,46.596717284502006,46,46.5,-0.5967172845020059,-0.0967172845020059,23.82291408934708,2024-05-01,RTT-May-2024,C_320,412379.0,250004.0,151665.0,10710.0,60.62,2.6,Cardiology,0.0,0.0,0.0
2024-05,monthly,Part_2,C_400,234234,125936,100447,7851,0.5376503838042299,0.428831851908775,0.033517764286995,1,0.9999957307649616,105,False,16.44440660650434,16,16.5,-0.4444066065043408,0.0555933934956591,30.554012345679013,30,30.5,-0.5540123456790127,-0.0540123456790127,44.979727891156465,44,44.5,-0.9797278911564646,-0.4797278911564646,48.96832669322709,48,48.5,-0.968326693227084,-0.468326693227084,26.979727891156465,2024-05-01,RTT-May-2024,C_400,234234.0,125936.0,100447.0,7851.0,53.77,3.35,Neurology,0.0,0.0,0.0
2024-06,monthly,Part_2,C_100,423728,240583,162755,20390,0.5677769701317826,0.3841025374768719,0.0481204923913453,10,0.999976399954688,105,False,14.996713388110198,14,14.5,-0.996713388110198,-0.4967133881101979,29.51336146272855,29,29.5,-0.5133614627285503,-0.0133614627285503,46.62157642220699,46,46.5,-0.6215764222069922,-0.1215764222069921,51.64382826475849,51,51.5,-0.6438282647584899,-0.1438282647584898,28.621576422206992,2024-06-01,RTT-June-2024,C_100,423728.0,240583.0,162755.0,20390.0,56.78,4.81,General Surgery,0.0,0.0,0.0
2024-06,monthly,Part_2,C_110,840043,471570,325815,42658,0.561364120646205,0.3878551455104084,0.0507807338433865,18,0.999978572525454,105,False,15.353610019646366,15,15.5,-0.353610019646366,0.1463899803536339,29.888824239289715,29,29.5,-0.8888242392897148,-0.3888242392897147,47.034881960713655,47,47.5,-0.0348819607136547,0.4651180392863452,52.15953539284845,52,52.5,-0.1595353928484471,0.3404646071515529,29.034881960713655,2024-06-01,RTT-June-2024,C_110,840043.0,471570.0,325815.0,42658.0,56.14,5.08,Trauma & Orthopaedics,0.0,0.0,0.0
2024-06,monthly,Part_2,C_120,658437,329861,283743,44833,0.5009757957101438,0.4309341668223383,0.0680900374675177,7,0.9999893687626912,105,False,17.957843973492555,17,17.5,-0.9578439734925546,-0.4578439734925545,32.75837593821386,32,32.5,-0.7583759382138595,-0.2583759382138595,50.144181217555456,50,50.5,-0.144181217555456,0.355818782444544,55.25259648127129,55,55.5,-0.25259648127129,0.24740351872871,32.144181217555456,2024-06-01,RTT-June-2024,C_120,658437.0,329861.0,283743.0,44833.0,50.1,6.81,ENT,0.0,0.0,0.0
2024-06,monthly,Part_2,C_130,610276,403453,191918,14905,0.6610992403437134,0.3144773840033034,0.0244233756529832,8,0.9999868911771068,105,False,11.41541575307809,11,11.5,-0.41541575307809,0.08458424692191,22.7878032409627,22,22.5,-0.7878032409626989,-0.2878032409626989,39.78209689081707,39,39.5,-0.7820968908170727,-0.2820968908170727,45.32013840830448,45,45.5,-0.32013840830448,0.1798615916955199,21.782096890817073,2024-06-01,RTT-June-2024,C_130,610276.0,403453.0,191918.0,14905.0,66.11,2.44,Ophthalmology,0.0,0.0,0.0
2024-06,monthly,Part_2,C_301,390983,237239,141769,11975,0.606775742167818,0.3625963277175734,0.0306279301146085,3,0.9999923270321216,105,False,13.616275129884798,13,13.5,-0.6162751298847979,-0.1162751298847979,26.43617200674536,26,26.5,-0.4361720067453625,0.0638279932546375,42.4475795706884,42,42.5,-0.4475795706883971,0.0524204293116028,47.569225543478254,47,47.5,-0.5692255434782538,-0.0692255434782538,24.447579570688397,2024-06-01,RTT-June-2024,C_301,390983.0,237239.0,141769.0,11975.0,60.68,3.06,Gastroenterology,0.0,0.0,0.0
2024-06,monthly,Part_2,C_320,417312,251224,155862,10226,0.6020052143240548,0.3734903381642512,0.0245044475116938,0,1.0,105,False,14.057435363525942,14,14.5,-0.0574353635259416,0.4425646364740583,25.87504974134501,25,25.5,-0.8750497413450056,-0.3750497413450055,41.281671018276775,41,41.5,-0.281671018276775,0.218328981723225,46.244622222222205,46,46.5,-0.2446222222222047,0.2553777777777952,23.281671018276775,2024-06-01,RTT-June-2024,C_320,417312.0,251224.0,155862.0,10226.0,60.2,2.45,Cardiology,0.0,0.0,0.0
2024-06,monthly,Part_2,C_400,234156,125101,100733,8322,0.5342634824646817,0.4301961085771879,0.0355404089581304,1,0.9999957293428312,105,False,16.582995237255247,16,16.5,-0.5829952372552469,-0.0829952372552469,30.60514018691589,30,30.5,-0.6051401869158894,-0.1051401869158894,45.377021276595755,45,45.5,-0.3770212765957552,0.1229787234042447,49.52425644415068,49,49.5,-0.5242564441506801,-0.02425644415068,27.377021276595755,2024-06-01,RTT-June-2024,C_400,234156.0,125101.0,100733.0,8322.0,53.43,3.55,Neurology,0.0,0.0,0.0
2024-07,monthly,Part_2,C_100,419781,240220,159366,20195,0.5722507688532831,0.3796408127094842,0.0481084184372327,9,0.9999785602492728,105,False,14.508549027016814,14,14.5,-0.508549027016814,-0.008549027016814,28.37300066644452,28,28.5,-0.3730006664445184,0.1269993335554815,46.35869884575027,46,46.5,-0.3586988457502684,0.1413011542497315,51.64037590579708,51,51.5,-0.6403759057970788,-0.1403759057970788,28.35869884575027,2024-07-01,RTT-July-2024,C_100,419781.0,240220.0,159366.0,20195.0,57.23,4.81,General Surgery,0.0,0.0,0.0
2024-07,monthly,Part_2,C_110,850977,485146,324223,41608,0.5701047149335411,0.3810008966164773,0.0488943884499816,17,0.9999800229618426,105,False,14.607564041643268,14,14.5,-0.6075640416432684,-0.1075640416432683,28.356761493315943,28,28.5,-0.3567614933159433,0.1432385066840567,46.31072625698325,46,46.5,-0.3107262569832514,0.1892737430167486,51.787522583559145,51,51.5,-0.7875225835591451,-0.287522583559145,28.31072625698325,2024-07-01,RTT-July-2024,C_110,850977.0,485146.0,324223.0,41608.0,57.01,4.89,Trauma & Orthopaedics,0.0,0.0,0.0
2024-07,monthly,Part_2,C_120,657441,324733,290574,42134,0.4939348169645641,0.4419773029062684,0.0640878801291674,7,0.9999893526567404,105,False,18.272575022216145,18,18.5,-0.2725750222161451,0.2274249777838548,32.51071153210706,32,32.5,-0.5107115321070594,-0.0107115321070594,49.44659539082917,49,49.5,-0.4465953908291666,0.0534046091708333,54.6572161741835,54,54.5,-0.6572161741835032,-0.1572161741835032,31.446595390829167,2024-07-01,RTT-July-2024,C_120,657441.0,324733.0,290574.0,42134.0,49.39,6.41,ENT,0.0,0.0,0.0
2024-07,monthly,Part_2,C_130,606819,398903,194158,13758,0.65736735336237,0.3199603176565005,0.0226723289811294,1,0.999998352062147,105,False,11.584555106167846,11,11.5,-0.584555106167846,-0.084555106167846,22.897648125178897,22,22.5,-0.8976481251788968,-0.3976481251788968,39.4620956155561,39,39.5,-0.4620956155561018,0.0379043844438982,44.54665688193083,44,44.5,-0.5466568819308293,-0.0466568819308292,21.462095615556105,2024-07-01,RTT-July-2024,C_130,606819.0,398903.0,194158.0,13758.0,65.74,2.27,Ophthalmology,0.0,0.0,0.0
2024-07,monthly,Part_2,C_301,389622,237948,141189,10485,0.6107150006929793,0.3623743012458228,0.0269106980611977,1,0.9999974334098176,105,False,13.317516316810725,13,13.5,-0.3175163168107247,0.1824836831892753,25.515731985653733,25,25.5,-0.5157319856537335,-0.0157319856537334,41.535986577181205,41,41.5,-0.5359865771812053,-0.0359865771812053,46.341559086395215,46,46.5,-0.3415590863952147,0.1584409136047853,23.535986577181205,2024-07-01,RTT-July-2024,C_301,389622.0,237948.0,141189.0,10485.0,61.07,2.69,Gastroenterology,0.0,0.0,0.0
2024-07,monthly,Part_2,C_320,417864,250335,157725,9804,0.5990824765952558,0.3774553443225547,0.0234621790821894,0,1.0,105,False,13.812559391827683,13,13.5,-0.8125593918276852,-0.3125593918276852,25.647116875793035,25,25.5,-0.647116875793035,-0.147116875793035,41.116428340342935,41,41.5,-0.1164283403429351,0.3835716596570648,45.68073788073787,45,45.5,-0.6807378807378726,-0.1807378807378725,23.116428340342935,2024-07-01,RTT-July-2024,C_320,417864.0,250335.0,157725.0,9804.0,59.91,2.35,Cardiology,0.0,0.0,0.0
2024-07,monthly,Part_2,C_400,235455,126389,100759,8307,0.5367862224204201,0.4279331507082032,0.0352806268713766,0,1.0,105,False,16.050182149362477,16,16.5,-0.0501821493624774,0.4498178506375225,29.36768130405855,29,29.5,-0.36768130405855,0.1323186959414499,45.01439393939394,45,45.5,-0.0143939393939405,0.4856060606060595,49.41605473965287,49,49.5,-0.4160547396528713,0.0839452603471286,27.01439393939394,2024-07-01,RTT-July-2024,C_400,235455.0,126389.0,100759.0,8307.0,53.68,3.53,Neurology,0.0,0.0,0.0
2024-08,monthly,Part_2,C_100,421682,239668,162142,19872,0.5683619409887072,0.3845124999407136,0.0471255590705792,10,0.9999762854473276,105,False,15.020492186768973,15,15.5,-0.0204921867689709,0.4795078132310291,28.85476866544179,28,28.5,-0.8547686654417888,-0.3547686654417887,46.422693649685975,46,46.5,-0.422693649685975,0.077306350314025,51.44245630174792,51,51.5,-0.4424563017479173,0.0575436982520827,28.422693649685975,2024-08-01,RTT-August-2024,C_100,421682.0,239668.0,162142.0,19872.0,56.84,4.71,General Surgery,0.0,0.0,0.0
2024-08,monthly,Part_2,C_110,853954,486868,326972,40114,0.5701337542771625,0.3828918185288669,0.0469744271939706,18,0.999978921581256,105,False,15.07149073187712,15,15.5,-0.0714907318771214,0.4285092681228786,28.58285007675251,28,28.5,-0.5828500767525142,-0.0828500767525142,46.406554872986895,46,46.5,-0.4065548729868951,0.0934451270131049,51.40039452309119,51,51.5,-0.4003945230911867,0.0996054769088132,28.406554872986895,2024-08-01,RTT-August-2024,C_110,853954.0,486868.0,326972.0,40114.0,57.01,4.7,Trauma & Orthopaedics,0.0,0.0,0.0
2024-08,monthly,Part_2,C_120,651027,314918,297425,38684,0.483724945355569,0.4568550920315133,0.0594199626129177,7,0.9999892477577736,105,False,18.68230407624445,18,18.5,-0.6823040762444457,-0.1823040762444456,32.19362944162437,32,32.5,-0.1936294416243669,0.3063705583756331,48.8712907744647,48,48.5,-0.8712907744646969,-0.3712907744646969,53.98590757069019,53,53.5,-0.9859075706901876,-0.4859075706901876,30.871290774464697,2024-08-01,RTT-August-2024,C_120,651027.0,314918.0,297425.0,38684.0,48.37,5.94,ENT,0.0,0.0,0.0
2024-08,monthly,Part_2,C_130,608212,397342,197536,13334,0.6532952325833755,0.3247814906644394,0.021923276752185,6,0.9999901350187106,105,False,11.927441161742614,11,11.5,-0.927441161742614,-0.4274411617426139,23.38614057698027,23,23.5,-0.3861405769802708,0.1138594230197291,39.60890976514216,39,39.5,-0.6089097651421582,-0.1089097651421582,44.72124105011934,44,44.5,-0.7212410501193389,-0.2212410501193389,21.60890976514216,2024-08-01,RTT-August-2024,C_130,608212.0,397342.0,197536.0,13334.0,65.33,2.19,Ophthalmology,0.0,0.0,0.0
2024-08,monthly,Part_2,C_301,390702,237748,142910,10044,0.6085149295370896,0.3657774979396061,0.0257075725233042,0,1.0,105,False,13.595075713790314,13,13.5,-0.5950757137903135,-0.0950757137903135,25.755784668660475,25,25.5,-0.7557846686604748,-0.2557846686604748,41.70839762611277,41,41.5,-0.7083976261127702,-0.2083976261127702,46.49301388266904,46,46.5,-0.4930138826690395,0.0069861173309604,23.70839762611277,2024-08-01,RTT-August-2024,C_301,390702.0,237748.0,142910.0,10044.0,60.85,2.57,Gastroenterology,0.0,0.0,0.0
2024-08,monthly,Part_2,C_320,418669,246265,162277,10127,0.5882093013812821,0.3876021391600524,0.0241885594586654,1,0.99999761147828,105,False,14.577869861327644,14,14.5,-0.5778698613276436,-0.0778698613276436,26.50248810038944,26,26.5,-0.5024881003894421,-0.0024881003894421,41.71647900466564,41,41.5,-0.7164790046656435,-0.2164790046656435,46.259272497897385,46,46.5,-0.2592724978973848,0.2407275021026151,23.716479004665644,2024-08-01,RTT-August-2024,C_320,418669.0,246265.0,162277.0,10127.0,58.82,2.42,Cardiology,0.0,0.0,0.0
2024-08,monthly,Part_2,C_400,236621,125671,101924,9026,0.5311067065053398,0.43074790487742,0.0381453886172402,1,0.9999957738324156,105,False,16.691972818008068,16,16.5,-0.6919728180080682,-0.1919728180080682,30.121915311273135,30,30.5,-0.1219153112731348,0.3780846887268652,45.88904552129222,45,45.5,-0.8890455212922177,-0.3890455212922177,49.93453403833443,49,49.5,-0.9345340383344264,-0.4345340383344265,27.889045521292218,2024-08-01,RTT-August-2024,C_400,236621.0,125671.0,101924.0,9026.0,53.11,3.81,Neurology,0.0,0.0,0.0
2024-09,monthly,Part_2,C_100,413805,238376,158368,17061,0.5760587716436486,0.3827116637063351,0.0412295646500163,7,0.9999830838196736,105,False,14.669510916197922,14,14.5,-0.6695109161979218,-0.1695109161979218,28.35810810810811,28,28.5,-0.3581081081081088,0.1418918918918912,45.45168539325844,45,45.5,-0.4516853932584368,0.0483146067415631,50.309995644599304,50,50.5,-0.3099956445993044,0.1900043554006956,27.451685393258437,2024-09-01,RTT-September-2024,C_100,413805.0,238376.0,158368.0,17061.0,57.61,4.12,General Surgery,0.0,0.0,0.0
2024-09,monthly,Part_2,C_110,851887,489898,325610,36379,0.5750739241237394,0.3822220552725889,0.0427040206036716,20,0.999976522707824,105,False,14.823143126092608,14,14.5,-0.8231431260926083,-0.3231431260926083,28.068807147051423,28,28.5,-0.0688071470514231,0.4311928529485769,45.68107788366744,45,45.5,-0.6810778836674416,-0.1810778836674416,50.55444027517196,50,50.5,-0.554440275171963,-0.054440275171963,27.68107788366744,2024-09-01,RTT-September-2024,C_110,851887.0,489898.0,325610.0,36379.0,57.51,4.27,Trauma & Orthopaedics,0.0,0.0,0.0
2024-09,monthly,Part_2,C_120,639967,310934,297472,31561,0.4858594271267112,0.4648239674858235,0.0493166053874652,2,0.9999968748388588,105,False,18.62878682601445,18,18.5,-0.6287868260144513,-0.1287868260144513,31.93992857142857,31,31.5,-0.9399285714285704,-0.4399285714285703,47.41305831019437,47,47.5,-0.4130583101943728,0.0869416898056272,51.885809399477814,51,51.5,-0.8858093994778145,-0.3858093994778144,29.413058310194373,2024-09-01,RTT-September-2024,C_120,639967.0,310934.0,297472.0,31561.0,48.59,4.93,ENT,0.0,0.0,0.0
2024-09,monthly,Part_2,C_130,600374,392350,195730,12294,0.6535093125285238,0.3260134516151599,0.0204772358563162,4,0.9999933374863004,105,False,11.914200553544816,11,11.5,-0.9142005535448164,-0.4142005535448163,23.114953090240835,23,23.5,-0.1149530902408351,0.3850469097591649,38.1134082397004,38,38.5,-0.1134082397003979,0.386591760299602,44.303099241674886,44,44.5,-0.3030992416748859,0.1969007583251141,20.1134082397004,2024-09-01,RTT-September-2024,C_130,600374.0,392350.0,195730.0,12294.0,65.35,2.05,Ophthalmology,0.0,0.0,0.0
2024-09,monthly,Part_2,C_301,390251,239284,142245,8722,0.6131540982598379,0.3644961832256675,0.0223497185144945,2,0.9999948750932092,105,False,13.347799395542124,13,13.5,-0.3477993955421237,0.1522006044578763,25.215818363273453,25,25.5,-0.2158183632734527,0.2841816367265473,40.91338830584709,40,40.5,-0.9133883058470929,-0.4133883058470928,45.80109011627908,45,45.5,-0.8010901162790773,-0.3010901162790773,22.913388305847093,2024-09-01,RTT-September-2024,C_301,390251.0,239284.0,142245.0,8722.0,61.32,2.23,Gastroenterology,0.0,0.0,0.0
2024-09,monthly,Part_2,C_320,412164,242201,160822,9141,0.5876325928513892,0.3901893421065401,0.0221780650420706,0,1.0,105,False,14.45035338734701,14,14.5,-0.4503533873470093,0.0496466126529906,26.428861788617887,26,26.5,-0.4288617886178869,0.071138211382113,41.48987512007685,41,41.5,-0.4898751200768529,0.010124879923147,45.90832672482156,45,45.5,-0.9083267248215634,-0.4083267248215634,23.489875120076853,2024-09-01,RTT-September-2024,C_320,412164.0,242201.0,160822.0,9141.0,58.76,2.22,Cardiology,0.0,0.0,0.0
2024-09,monthly,Part_2,C_400,234720,126698,99519,8503,0.5397835719154738,0.4239902862985685,0.0362261417859577,0,1.0,105,False,16.182610210838124,16,16.5,-0.1826102108381242,0.3173897891618757,29.808481152993348,29,29.5,-0.8084811529933482,-0.3084811529933482,45.4926853707415,45,45.5,-0.4926853707414977,0.0073146292585022,49.61264290517821,49,49.5,-0.6126429051782125,-0.1126429051782125,27.492685370741498,2024-09-01,RTT-September-2024,C_400,234720.0,126698.0,99519.0,8503.0,53.98,3.62,Neurology,0.0,0.0,0.0
2024-10,monthly,Part_2,C_100,412644,239771,157044,15829,0.5810601874739485,0.3805798702998226,0.0383599422262289,12,0.9999709192427372,105,False,14.506725993377485,14,14.5,-0.5067259933774828,-0.0067259933774828,27.748176956733108,27,27.5,-0.7481769567331078,-0.2481769567331078,44.816700143472055,44,44.5,-0.8167001434720547,-0.3167001434720546,49.77788378143972,49,49.5,-0.7778837814397193,-0.2778837814397192,26.816700143472055,2024-10-01,RTT-October-2024,C_100,412644.0,239771.0,157044.0,15829.0,58.11,3.84,General Surgery,0.0,0.0,0.0
2024-10,monthly,Part_2,C_110,855660,497788,323243,34629,0.5817591099268401,0.3777703760839586,0.0404705139892013,27,0.9999684454105604,105,False,14.632733148661126,14,14.5,-0.6327331486611261,-0.132733148661126,27.257284059895255,27,27.5,-0.2572840598952552,0.2427159401047447,44.966145634769376,44,44.5,-0.9661456347693758,-0.4661456347693757,50.09186712485682,50,50.5,-0.0918671248568188,0.4081328751431812,26.966145634769376,2024-10-01,RTT-October-2024,C_110,855660.0,497788.0,323243.0,34629.0,58.18,4.05,Trauma & Orthopaedics,0.0,0.0,0.0
2024-10,monthly,Part_2,C_120,637647,310467,298068,29112,0.4868947866139102,0.4674498586208356,0.0456553547652541,2,0.9999968634683454,105,False,18.60598259608412,18,18.5,-0.6059825960841181,-0.105982596084118,32.283375996849465,32,32.5,-0.2833759968494647,0.2166240031505353,47.17059148264984,47,47.5,-0.17059148264984,0.3294085173501599,51.25628187919464,51,51.5,-0.2562818791946384,0.2437181208053616,29.17059148264984,2024-10-01,RTT-October-2024,C_120,637647.0,310467.0,298068.0,29112.0,48.69,4.57,ENT,0.0,0.0,0.0
2024-10,monthly,Part_2,C_130,593842,392659,190267,10916,0.6612179670686815,0.3204000390676307,0.0183819938636876,8,0.999986528403178,105,False,11.48654957110346,11,11.5,-0.4865495711034597,0.0134504288965402,23.00939811010682,23,23.5,-0.0093981101068187,0.4906018898931812,37.90205754141238,37,37.5,-0.9020575414123826,-0.4020575414123826,42.50205861828333,42,42.5,-0.5020586182833284,-0.0020586182833284,19.902057541412383,2024-10-01,RTT-October-2024,C_130,593842.0,392659.0,190267.0,10916.0,66.12,1.84,Ophthalmology,0.0,0.0,0.0
2024-10,monthly,Part_2,C_301,392609,243903,140759,7947,0.6212363954978108,0.3585220919540815,0.0202415125481076,3,0.99999235880991,105,False,13.050909961685823,13,13.5,-0.0509099616858232,0.4490900383141767,24.91331188266986,24,24.5,-0.9133118826698592,-0.4133118826698592,39.67475000000001,39,39.5,-0.6747500000000102,-0.1747500000000101,45.02865883504649,45,45.5,-0.0286588350464924,0.4713411649535075,21.67475000000001,2024-10-01,RTT-October-2024,C_301,392609.0,243903.0,140759.0,7947.0,62.12,2.02,Gastroenterology,0.0,0.0,0.0
2024-10,monthly,Part_2,C_320,412017,245532,157291,9194,0.5959268670952897,0.3817585196727319,0.0223146132319782,2,0.9999951458313612,105,False,14.137328996460344,14,14.5,-0.1373289964603454,0.3626710035396545,26.205316256439612,26,26.5,-0.2053162564396125,0.2946837435603875,40.71349716446125,40,40.5,-0.713497164461252,-0.213497164461252,45.98743380855396,45,45.5,-0.9874338085539592,-0.4874338085539591,22.713497164461252,2024-10-01,RTT-October-2024,C_320,412017.0,245532.0,157291.0,9194.0,59.59,2.23,Cardiology,0.0,0.0,0.0
2024-10,monthly,Part_2,C_400,234414,127401,98515,8498,0.5434871637359543,0.420260735280316,0.0362521009837296,1,0.9999957340431884,105,False,16.153043170559094,16,16.5,-0.1530431705590942,0.3469568294409058,29.424448473859172,29,29.5,-0.4244484738591723,0.0755515261408277,45.26408263649779,45,45.5,-0.2640826364977897,0.2359173635022102,49.50656779661016,49,49.5,-0.5065677966101632,-0.0065677966101631,27.26408263649779,2024-10-01,RTT-October-2024,C_400,234414.0,127401.0,98515.0,8498.0,54.35,3.63,Neurology,0.0,0.0,0.0
2024-11,monthly,Part_2,C_100,409066,237867,156502,14697,0.5814880728293234,0.3825837395432522,0.0359281876274244,9,0.9999779986603629,105,False,14.418891379661709,14,14.5,-0.4188913796617086,0.0811086203382913,27.645460409611353,27,27.5,-0.6454604096113528,-0.1454604096113527,43.65071382636657,43,43.5,-0.6507138263665695,-0.1507138263665695,49.09080629301866,49,49.5,-0.0908062930186588,0.4091937069813411,25.65071382636657,2024-11-01,RTT-November-2024,C_100,409066.0,237867.0,156502.0,14697.0,58.15,3.59,General Surgery,0.0,0.0,0.0
2024-11,monthly,Part_2,C_110,853875,497556,324334,31985,0.582703557312253,0.3798377982725809,0.0374586444151661,27,0.9999683794466404,105,False,14.47732895613284,14,14.5,-0.4773289561328386,0.0226710438671613,27.273970856102004,27,27.5,-0.2739708561020038,0.2260291438979962,43.490273656445765,43,43.5,-0.4902736564457655,0.0097263435542345,49.28235668789809,49,49.5,-0.282356687898087,0.217643312101913,25.490273656445765,2024-11-01,RTT-November-2024,C_110,853875.0,497556.0,324334.0,31985.0,58.27,3.75,Trauma & Orthopaedics,0.0,0.0,0.0
2024-11,monthly,Part_2,C_120,633270,311915,293203,28152,0.4925466230833609,0.4629984051036682,0.0444549718129707,4,0.9999936835788842,105,False,18.35284443447709,18,18.5,-0.3528444344770882,0.1471555655229117,32.012251525290296,32,32.5,-0.0122515252902957,0.4877484747097043,46.035366321442275,46,46.5,-0.0353663214422752,0.4646336785577247,51.076407154129406,51,51.5,-0.0764071541294058,0.4235928458705942,28.035366321442275,2024-11-01,RTT-November-2024,C_120,633270.0,311915.0,293203.0,28152.0,49.25,4.45,ENT,0.0,0.0,0.0
2024-11,monthly,Part_2,C_130,583645,388707,184994,9944,0.6659990233789376,0.316963222506832,0.0170377541142303,10,0.9999828662971498,105,False,11.017477247695783,11,11.5,-0.0174772476957851,0.4825227523042148,22.68679359157248,22,22.5,-0.6867935915724779,-0.1867935915724778,37.766460422445064,37,37.5,-0.7664604224450642,-0.2664604224450642,42.45221712538226,42,42.5,-0.452217125382262,0.047782874617738,19.766460422445064,2024-11-01,RTT-November-2024,C_130,583645.0,388707.0,184994.0,9944.0,66.6,1.7,Ophthalmology,0.0,0.0,0.0
2024-11,monthly,Part_2,C_301,392808,246015,139158,7635,0.6262983442292418,0.3542646789271094,0.0194369768436488,4,0.999989816908006,105,False,12.653426291165948,12,12.5,-0.6534262911659479,-0.1534262911659478,24.598188194038578,24,24.5,-0.598188194038574,-0.098188194038574,39.20549915966388,39,39.5,-0.20549915966388,0.29450084033612,44.00941854877462,44,44.5,-0.0094185487746187,0.4905814512253812,21.20549915966388,2024-11-01,RTT-November-2024,C_301,392808.0,246015.0,139158.0,7635.0,62.63,1.94,Gastroenterology,0.0,0.0,0.0
2024-11,monthly,Part_2,C_320,411612,244919,157039,9654,0.5950239545980195,0.3815219187001351,0.0234541267018454,5,0.9999878526379212,105,False,13.956825856246985,13,13.5,-0.9568258562469848,-0.4568258562469847,26.12416299980869,26,26.5,-0.1241629998086857,0.3758370001913143,40.93443837279904,40,40.5,-0.9344383727990432,-0.4344383727990433,45.45997392438069,45,45.5,-0.4599739243806908,0.0400260756193091,22.934438372799043,2024-11-01,RTT-November-2024,C_320,411612.0,244919.0,157039.0,9654.0,59.5,2.35,Cardiology,0.0,0.0,0.0
2024-11,monthly,Part_2,C_400,234563,127977,98503,8083,0.5455975580121332,0.4199426166957278,0.034459825292139,1,0.999995736753026,105,False,15.99740793707544,15,15.5,-0.9974079370754384,-0.4974079370754385,29.245856840620593,29,29.5,-0.2458568406205934,0.2541431593794065,43.99677803203662,43,43.5,-0.9967780320366232,-0.4967780320366231,48.97381679389309,48,48.5,-0.9738167938930928,-0.4738167938930928,25.996778032036623,2024-11-01,RTT-November-2024,C_400,234563.0,127977.0,98503.0,8083.0,54.56,3.45,Neurology,0.0,0.0,0.0
2024-12,monthly,Part_2,C_100,407980,235553,158689,13738,0.5773640864748272,0.3889626942497181,0.0336732192754546,8,0.9999803911956467,105,False,14.673089958361576,14,14.5,-0.6730899583615759,-0.1730899583615759,28.115846634852723,28,28.5,-0.1158466348527227,0.3841533651472772,44.211935266352,44,44.5,-0.2119352663520004,0.2880647336479995,48.73251895534962,48,48.5,-0.7325189553496188,-0.2325189553496187,26.211935266352,2024-12-01,RTT-December-2024,C_100,407980.0,235553.0,158689.0,13738.0,57.74,3.37,General Surgery,0.0,0.0,0.0
2024-12,monthly,Part_2,C_110,853202,489190,334808,29204,0.5733577745949963,0.3924135198932961,0.0342287055117076,30,0.9999648383384006,105,False,14.999468391441102,14,14.5,-0.999468391441102,-0.499468391441102,27.9327136408844,27,27.5,-0.9327136408844012,-0.4327136408844012,43.98933333333335,43,43.5,-0.9893333333333488,-0.4893333333333487,48.74529932112732,48,48.5,-0.7452993211273196,-0.2452993211273195,25.98933333333335,2024-12-01,RTT-December-2024,C_110,853202.0,489190.0,334808.0,29204.0,57.34,3.42,Trauma & Orthopaedics,0.0,0.0,0.0
2024-12,monthly,Part_2,C_120,633387,311845,295393,26149,0.4923451223343706,0.4663704812381687,0.0412843964274606,5,0.9999921059320764,105,False,18.48866156016932,18,18.5,-0.4886615601693194,0.0113384398306806,32.72213168187744,32,32.5,-0.7221316818774426,-0.2221316818774426,46.786944868532665,46,46.5,-0.7869448685326645,-0.2869448685326645,50.51019859813085,50,50.5,-0.5101985981308488,-0.0101985981308487,28.786944868532665,2024-12-01,RTT-December-2024,C_120,633387.0,311845.0,295393.0,26149.0,49.23,4.13,ENT,0.0,0.0,0.0
2024-12,monthly,Part_2,C_130,589336,393427,186423,9486,0.6675767304220342,0.3163271885647576,0.016096081013208,5,0.9999915158754936,105,False,11.515309010446147,11,11.5,-0.5153090104461491,-0.015309010446149,22.98599956587801,22,22.5,-0.9859995658780109,-0.4859995658780107,38.18894339622641,38,38.5,-0.1889433962264135,0.3110566037735864,43.26764802093554,43,43.5,-0.2676480209355389,0.232351979064461,20.188943396226417,2024-12-01,RTT-December-2024,C_130,589336.0,393427.0,186423.0,9486.0,66.76,1.61,Ophthalmology,0.0,0.0,0.0
2024-12,monthly,Part_2,C_301,396642,248013,141594,7035,0.625281740209055,0.3569818627376828,0.0177363970532621,13,0.999967224852638,105,False,13.031474175035868,13,13.5,-0.0314741750358678,0.4685258249641322,24.837942639742465,24,24.5,-0.8379426397424652,-0.3379426397424652,39.24645294725957,39,39.5,-0.24645294725957,0.25354705274043,43.99953723180478,43,43.5,-0.99953723180478,-0.4995372318047799,21.24645294725957,2024-12-01,RTT-December-2024,C_301,396642.0,248013.0,141594.0,7035.0,62.53,1.77,Gastroenterology,0.0,0.0,0.0
2024-12,monthly,Part_2,C_320,412953,247292,156842,8819,0.5988381244354685,0.3798059343315099,0.0213559412330216,2,0.9999951568338286,105,False,13.93204676351758,13,13.5,-0.9320467635175796,-0.4320467635175795,26.398262548262547,26,26.5,-0.3982625482625472,0.1017374517374527,41.30746144721234,41,41.5,-0.30746144721234,0.1925385527876599,45.6573950976319,45,45.5,-0.6573950976318983,-0.1573950976318983,23.30746144721234,2024-12-01,RTT-December-2024,C_320,412953.0,247292.0,156842.0,8819.0,59.88,2.14,Cardiology,0.0,0.0,0.0
2024-12,monthly,Part_2,C_400,233555,126510,99960,7085,0.5416711267153347,0.4279934062640491,0.0303354670206161,0,1.0,105,False,16.206053653370986,16,16.5,-0.2060536533709864,0.2939463466290135,29.71144729503625,29,29.5,-0.7114472950362511,-0.2114472950362511,44.452558782849245,44,44.5,-0.4525587828492448,0.0474412171507552,48.28669871794872,48,48.5,-0.2866987179487168,0.2133012820512831,26.452558782849245,2024-12-01,RTT-December-2024,C_400,233555.0,126510.0,99960.0,7085.0,54.17,3.03,Neurology,0.0,0.0,0.0
2025-01,monthly,Part_2,C_100,406921,234847,158945,13129,0.5771316791219917,0.3906040730264596,0.0322642478515485,7,0.9999827976437689,105,False,14.810965630114566,14,14.5,-0.8109656301145662,-0.3109656301145662,28.188733482066244,28,28.5,-0.1887334820662438,0.3112665179337561,43.92909176470589,43,43.5,-0.9290917647058876,-0.4290917647058876,48.652568567696974,48,48.5,-0.6525685676969744,-0.1525685676969743,25.929091764705888,2025-01-01,RTT-January-2025,C_100,406921.0,234847.0,158945.0,13129.0,57.71,3.23,General Surgery,0.0,0.0,0.0
2025-01,monthly,Part_2,C_110,847963,479617,339895,28451,0.5656107636771888,0.4008370648247624,0.0335521714980488,29,0.9999658003945928,105,False,15.491516966067865,15,15.5,-0.4915169660678646,0.0084830339321353,28.178149213195944,28,28.5,-0.1781492131959439,0.3218507868040561,43.57782845810612,43,43.5,-0.5778284581061186,-0.0778284581061186,48.6232374567474,48,48.5,-0.6232374567473968,-0.1232374567473968,25.57782845810612,2025-01-01,RTT-January-2025,C_110,847963.0,479617.0,339895.0,28451.0,56.56,3.36,Trauma & Orthopaedics,0.0,0.0,0.0
2025-01,monthly,Part_2,C_120,637631,315556,295431,26644,0.4948881092669585,0.4633259675266729,0.0417859232063685,7,0.9999890218637424,105,False,18.241820609837525,18,18.5,-0.241820609837525,0.2581793901624749,32.754363397901535,32,32.5,-0.7543633979015354,-0.2543633979015354,47.11574659071293,47,47.5,-0.1157465907129307,0.3842534092870693,50.83201521789254,50,50.5,-0.8320152178925397,-0.3320152178925397,29.11574659071293,2025-01-01,RTT-January-2025,C_120,637631.0,315556.0,295431.0,26644.0,49.49,4.18,ENT,0.0,0.0,0.0
2025-01,monthly,Part_2,C_130,579892,387020,183671,9201,0.6674001365771558,0.3167331158215667,0.0158667476012774,2,0.9999965510819256,105,False,11.642398175976783,11,11.5,-0.6423981759767852,-0.1423981759767851,22.664212463844333,22,22.5,-0.6642124638443327,-0.1642124638443327,38.3648923246825,38,38.5,-0.3648923246825006,0.1351076753174993,43.027328029948535,43,43.5,-0.027328029948535,0.472671970051465,20.3648923246825,2025-01-01,RTT-January-2025,C_130,579892.0,387020.0,183671.0,9201.0,66.74,1.59,Ophthalmology,0.0,0.0,0.0
2025-01,monthly,Part_2,C_301,395862,247323,141442,7097,0.6247707534443822,0.3573012817598052,0.0179279647958126,3,0.9999924216014672,105,False,13.193898367952524,13,13.5,-0.1938983679525225,0.3061016320474774,24.745361635220124,24,24.5,-0.7453616352201244,-0.2453616352201244,39.26130796670631,39,39.5,-0.2613079667063118,0.2386920332936881,43.86111878453036,43,43.5,-0.8611187845303618,-0.3611187845303618,21.261307966706312,2025-01-01,RTT-January-2025,C_301,395862.0,247323.0,141442.0,7097.0,62.48,1.79,Gastroenterology,0.0,0.0,0.0
2025-01,monthly,Part_2,C_320,415196,250129,156241,8826,0.6024359579572057,0.3763066118170695,0.0212574302257247,2,0.9999951829979096,105,False,14.118392687764077,14,14.5,-0.1183926877640768,0.3816073122359231,26.184533997199317,26,26.5,-0.1845339971993169,0.315466002800683,40.93338993329291,40,40.5,-0.933389933292908,-0.4333899332929078,45.7166938110749,45,45.5,-0.7166938110748973,-0.2166938110748972,22.933389933292908,2025-01-01,RTT-January-2025,C_320,415196.0,250129.0,156241.0,8826.0,60.24,2.13,Cardiology,0.0,0.0,0.0
2025-01,monthly,Part_2,C_400,232985,125291,100422,7272,0.5377642337489538,0.4310234564456939,0.0312123098053522,0,1.0,105,False,16.48519076305221,16,16.5,-0.4851907630522092,0.0148092369477907,29.923718128327263,29,29.5,-0.9237181283272626,-0.4237181283272626,44.682905138339926,44,44.5,-0.682905138339926,-0.182905138339926,48.63057218895542,48,48.5,-0.6305721889554192,-0.1305721889554192,26.68290513833993,2025-01-01,RTT-January-2025,C_400,232985.0,125291.0,100422.0,7272.0,53.78,3.12,Neurology,0.0,0.0,0.0
2025-02,monthly,Part_2,C_100,407640,237157,157824,12659,0.5817804925915023,0.3871651457168089,0.0310543616916887,31,0.999923952507114,105,False,14.474484256243214,14,14.5,-0.4744842562432136,0.0255157437567863,27.780745967741936,27,27.5,-0.7807459677419359,-0.2807459677419359,43.48347931138628,43,43.5,-0.483479311386283,0.016520688613717,48.15142718916304,48,48.5,-0.1514271891630372,0.3485728108369628,25.483479311386283,2025-02-01,RTT-February-2025,C_100,407640.0,237157.0,157824.0,12659.0,58.18,3.11,General Surgery,0.0,0.0,0.0
2025-02,monthly,Part_2,C_110,841700,473041,342011,26648,0.5620066532018534,0.4063336105500772,0.0316597362480693,20,0.9999762385648092,105,False,15.460467021712413,15,15.5,-0.4604670217124127,0.0395329782875872,28.005246065450912,28,28.5,-0.0052460654509118,0.4947539345490881,43.30513376717281,43,43.5,-0.305133767172812,0.1948662328271879,48.02681507715659,48,48.5,-0.0268150771565913,0.4731849228434086,25.305133767172812,2025-02-01,RTT-February-2025,C_110,841700.0,473041.0,342011.0,26648.0,56.2,3.17,Trauma & Orthopaedics,0.0,0.0,0.0
2025-02,monthly,Part_2,C_120,634084,318084,289610,26390,0.5016433153966983,0.4567375931264627,0.041619091476839,7,0.9999889604531892,105,False,17.92566169651138,17,17.5,-0.92566169651138,-0.4256616965113799,32.35353535353536,32,32.5,-0.3535353535353565,0.1464646464646435,46.525471836137534,46,46.5,-0.5254718361375339,-0.0254718361375339,50.75982551799344,50,50.5,-0.7598255179934412,-0.2598255179934412,28.525471836137537,2025-02-01,RTT-February-2025,C_120,634084.0,318084.0,289610.0,26390.0,50.16,4.16,ENT,0.0,0.0,0.0
2025-02,monthly,Part_2,C_130,582395,392636,180533,9226,0.6741747439452606,0.3099837738991577,0.0158414821555816,2,0.9999965659045836,105,False,11.284269536311903,11,11.5,-0.2842695363119052,0.2157304636880948,22.023135765486252,22,22.5,-0.023135765486252,0.4768642345137479,38.0458394160584,38,38.5,-0.0458394160583992,0.4541605839416007,43.04410871545703,43,43.5,-0.0441087154570283,0.4558912845429717,20.0458394160584,2025-02-01,RTT-February-2025,C_130,582395.0,392636.0,180533.0,9226.0,67.42,1.58,Ophthalmology,0.0,0.0,0.0
2025-02,monthly,Part_2,C_301,394200,246268,141490,6442,0.624728564180619,0.3589294774226281,0.0163419583967529,2,0.9999949264332826,105,False,13.18221941992434,13,13.5,-0.1822194199243387,0.3177805800756612,24.34764857099652,24,24.5,-0.3476485709965224,0.1523514290034775,38.88021944529107,38,38.5,-0.8802194452910683,-0.3802194452910683,43.54646544876886,43,43.5,-0.5464654487688634,-0.0464654487688633,20.88021944529107,2025-02-01,RTT-February-2025,C_301,394200.0,246268.0,141490.0,6442.0,62.47,1.63,Gastroenterology,0.0,0.0,0.0
2025-02,monthly,Part_2,C_320,411581,248491,154918,8172,0.6037475004920052,0.3763973555630605,0.0198551439449342,3,0.999992711033794,105,False,14.00744384468048,14,14.5,-0.0074438446804805,0.4925561553195194,25.57365969146174,25,25.5,-0.5736596914617387,-0.0736596914617386,40.498370986920335,40,40.5,-0.4983709869203352,0.0016290130796647,44.92593550955412,44,44.5,-0.9259355095541224,-0.4259355095541224,22.498370986920335,2025-02-01,RTT-February-2025,C_320,411581.0,248491.0,154918.0,8172.0,60.37,1.99,Cardiology,0.0,0.0,0.0
2025-02,monthly,Part_2,C_400,229775,123341,99211,7223,0.5367903383744967,0.4317745620715917,0.0314350995539114,0,1.0,105,False,16.467739068610026,16,16.5,-0.467739068610026,0.0322609313899739,29.76106521097669,29,29.5,-0.7610652109766889,-0.2610652109766889,44.13791398912506,44,44.5,-0.1379139891250602,0.3620860108749397,48.4887339055794,48,48.5,-0.4887339055794015,0.0112660944205984,26.13791398912506,2025-02-01,RTT-February-2025,C_400,229775.0,123341.0,99211.0,7223.0,53.68,3.14,Neurology,0.0,0.0,0.0
2025-03,monthly,Part_2,C_100,403986,238183,154420,11383,0.5895823122583456,0.3822409687464417,0.0281767189952127,16,0.999960394667142,105,False,14.097513357994243,14,14.5,-0.0975133579942451,0.4024866420057549,27.117395104895103,27,27.5,-0.117395104895106,0.3826048951048939,42.796450597860286,42,42.5,-0.7964505978602858,-0.2964505978602858,47.473353293413155,47,47.5,-0.4733532934131546,0.0266467065868454,24.79645059786029,2025-03-01,RTT-March-2025,C_100,403986.0,238183.0,154420.0,11383.0,58.96,2.82,General Surgery,0.0,0.0,0.0
2025-03,monthly,Part_2,C_110,843066,478393,341038,23635,0.5674443044791274,0.404521116970676,0.0280345785501965,21,0.9999750909181488,105,False,15.26111346815632,15,15.5,-0.261113468156319,0.238886531843681,27.46722904680454,27,27.5,-0.4672290468045403,0.0327709531954596,42.77578839690196,42,42.5,-0.7757883969019588,-0.2757883969019588,47.43290709290709,47,47.5,-0.4329070929070866,0.0670929070929133,24.77578839690196,2025-03-01,RTT-March-2025,C_110,843066.0,478393.0,341038.0,23635.0,56.74,2.8,Trauma & Orthopaedics,0.0,0.0,0.0
2025-03,monthly,Part_2,C_120,637737,324966,287664,25107,0.5095611513837208,0.4510699551696075,0.0393688934466715,5,0.9999921597774633,105,False,17.577179113792386,17,17.5,-0.5771791137923863,-0.0771791137923862,31.595051132213296,31,31.5,-0.5950511322132961,-0.095051132213296,46.2527509142625,46,46.5,-0.2527509142624993,0.2472490857375007,50.09519082001032,50,50.5,-0.0951908200103233,0.4048091799896767,28.2527509142625,2025-03-01,RTT-March-2025,C_120,637737.0,324966.0,287664.0,25107.0,50.96,3.94,ENT,0.0,0.0,0.0
2025-03,monthly,Part_2,C_130,586084,399949,177650,8485,0.6824090062175387,0.3031135468635895,0.0144774469188716,6,0.9999897625596332,105,False,9.90406079316077,9,9.5,-0.9040607931607704,-0.4040607931607702,21.674324179933755,21,21.5,-0.6743241799337554,-0.1743241799337553,37.550567047943545,37,37.5,-0.5505670479435452,-0.0505670479435451,42.543086916176904,42,42.5,-0.5430869161769039,-0.0430869161769038,19.550567047943545,2025-03-01,RTT-March-2025,C_130,586084.0,399949.0,177650.0,8485.0,68.24,1.45,Ophthalmology,0.0,0.0,0.0
2025-03,monthly,Part_2,C_301,395202,247353,141540,6309,0.6258900511637087,0.3581459607997935,0.0159639880364977,6,0.9999848178905976,105,False,12.362864385297843,12,12.5,-0.3628643852978452,0.1371356147021547,24.5066229985444,24,24.5,-0.5066229985443975,-0.0066229985443975,38.86851944792974,38,38.5,-0.8685194479297422,-0.3685194479297422,43.32355309511825,43,43.5,-0.3235530951182497,0.1764469048817503,20.868519447929742,2025-03-01,RTT-March-2025,C_301,395202.0,247353.0,141540.0,6309.0,62.59,1.6,Gastroenterology,0.0,0.0,0.0
2025-03,monthly,Part_2,C_320,415194,252962,154383,7849,0.6092621762356875,0.3718334079972254,0.0189044157670871,4,0.9999903659494116,105,False,13.651520327980869,13,13.5,-0.651520327980867,-0.151520327980867,25.298280423280424,25,25.5,-0.2982804232804241,0.2017195767195758,40.156622167028885,40,40.5,-0.1566221670288854,0.3433778329711145,44.67947368421052,44,44.5,-0.6794736842105209,-0.1794736842105209,22.156622167028885,2025-03-01,RTT-March-2025,C_320,415194.0,252962.0,154383.0,7849.0,60.93,1.89,Cardiology,0.0,0.0,0.0
2025-03,monthly,Part_2,C_400,226120,122232,97643,6245,0.5405625331682292,0.4318193879356094,0.0276180788961613,1,0.999995577569432,105,False,16.3364519611371,16,16.5,-0.3364519611371008,0.1635480388628991,29.013250883392224,29,29.5,-0.0132508833922244,0.4867491166077755,43.756881275841714,43,43.5,-0.7568812758417138,-0.2568812758417138,47.79256360078278,47,47.5,-0.7925636007827777,-0.2925636007827776,25.75688127584171,2025-03-01,RTT-March-2025,C_400,226120.0,122232.0,97643.0,6245.0,54.06,2.76,Neurology,0.0,0.0,0.0
2025-04,monthly,Part_2,C_100,397004,234740,150529,11735,0.591278677292924,0.3791624265750471,0.0295588961320288,19,0.9999521415401356,105,False,13.477978543195936,13,13.5,-0.4779785431959347,0.0220214568040653,27.374037968188816,27,27.5,-0.3740379681888157,0.1259620318111842,43.14483142161974,43,43.5,-0.1448314216197417,0.3551685783802583,47.64980306345733,47,47.5,-0.6498030634573269,-0.1498030634573268,25.14483142161974,2025-04-01,RTT-April-2025,C_100,397004.0,234740.0,150529.0,11735.0,59.13,2.96,General Surgery,0.0,0.0,0.0
2025-04,monthly,Part_2,C_110,844120,477639,341886,24595,0.5658425342368384,0.4050206131829598,0.0291368525802018,28,0.9999668293607544,105,False,14.522309944114255,14,14.5,-0.5223099441142551,-0.0223099441142551,28.00903020185157,28,28.5,-0.0090302018515693,0.4909697981484306,43.226955397543634,43,43.5,-0.2269553975436338,0.2730446024563662,47.62658355117635,47,47.5,-0.6265835511763527,-0.1265835511763526,25.22695539754363,2025-04-01,RTT-April-2025,C_110,844120.0,477639.0,341886.0,24595.0,56.58,2.91,Trauma & Orthopaedics,0.0,0.0,0.0
2025-04,monthly,Part_2,C_120,638914,325185,287060,26669,0.5089652128455473,0.4492936451541209,0.0417411420003318,6,0.9999906090647568,105,False,17.093814269894004,17,17.5,-0.0938142698940041,0.4061857301059959,31.407009345794393,31,31.5,-0.4070093457943926,0.0929906542056073,46.724152744630075,46,46.5,-0.7241527446300751,-0.224152744630075,50.62416502946953,50,50.5,-0.6241650294695305,-0.1241650294695304,28.724152744630075,2025-04-01,RTT-April-2025,C_120,638914.0,325185.0,287060.0,26669.0,50.9,4.17,ENT,0.0,0.0,0.0
2025-04,monthly,Part_2,C_130,588639,405214,174139,9286,0.6883913570116829,0.295833269627055,0.0157753733612621,5,0.9999915058295492,105,False,10.204422869471411,10,10.5,-0.2044228694714132,0.2955771305285868,21.660032261421584,21,21.5,-0.6600322614215841,-0.1600322614215841,37.2607055214724,37,37.5,-0.2607055214723957,0.2392944785276043,42.51376910016975,42,42.5,-0.5137691001697533,-0.0137691001697533,19.260705521472396,2025-04-01,RTT-April-2025,C_130,588639.0,405214.0,174139.0,9286.0,68.84,1.58,Ophthalmology,0.0,0.0,0.0
2025-04,monthly,Part_2,C_301,387015,241934,138243,6838,0.6251282250041988,0.3572032091779388,0.0176685658178623,10,0.999974161208222,105,False,12.57304385210662,12,12.5,-0.5730438521066201,-0.0730438521066201,24.8228082623778,24,24.5,-0.8228082623777979,-0.3228082623777979,39.3467274503419,39,39.5,-0.346727450341902,0.153272549658098,43.820932754880694,43,43.5,-0.820932754880694,-0.3209327548806939,21.346727450341906,2025-04-01,RTT-April-2025,C_301,387015.0,241934.0,138243.0,6838.0,62.51,1.77,Gastroenterology,0.0,0.0,0.0
2025-04,monthly,Part_2,C_320,409020,247379,153940,7701,0.6048090557918928,0.3763630140335436,0.0188279301745635,1,0.9999975551317783,105,False,13.234425394669834,13,13.5,-0.2344253946698344,0.2655746053301655,25.51634774747627,25,25.5,-0.5163477474762708,-0.0163477474762707,40.344296392590195,40,40.5,-0.3442963925901949,0.155703607409805,44.72544283413848,44,44.5,-0.7254428341384838,-0.2254428341384837,22.344296392590195,2025-04-01,RTT-April-2025,C_320,409020.0,247379.0,153940.0,7701.0,60.48,1.88,Cardiology,0.0,0.0,0.0
2025-04,monthly,Part_2,C_400,223699,120448,96629,6622,0.5384378115235204,0.4319599104153349,0.0296022780611446,0,1.0,105,False,15.645803314121038,15,15.5,-0.6458033141210375,-0.1458033141210375,29.269337016574585,29,29.5,-0.2693370165745854,0.2306629834254145,44.0908568496665,44,44.5,-0.0908568496665012,0.4091431503334988,48.1579417293233,48,48.5,-0.1579417293232978,0.3420582706767021,26.0908568496665,2025-04-01,RTT-April-2025,C_400,223699.0,120448.0,96629.0,6622.0,53.84,2.96,Neurology,0.0,0.0,0.0
2025-05,monthly,Part_2,C_100,394228,237313,145447,11468,0.6019689113913775,0.368941323295149,0.0290897653134734,17,0.9999568777458728,105,False,13.841527491086508,13,13.5,-0.8415274910865076,-0.3415274910865076,27.424372636644897,27,27.5,-0.4243726366448968,0.0756273633551032,43.214672670592314,43,43.5,-0.2146726705923143,0.2853273294076857,47.76193801833259,47,47.5,-0.761938018332593,-0.261938018332593,25.21467267059231,2025-05-01,RTT-May-2025,C_100,394228.0,237313.0,145447.0,11468.0,60.2,2.91,General Surgery,0.0,0.0,0.0
2025-05,monthly,Part_2,C_110,843398,489666,328571,25161,0.58058710122623,0.3895800084894676,0.0298328902843023,27,0.9999679866445024,105,False,14.709806212873698,14,14.5,-0.7098062128736977,-0.2098062128736977,28.16390171374912,28,28.5,-0.1639017137491194,0.3360982862508805,43.57337985725615,43,43.5,-0.5733798572561497,-0.0733798572561497,48.06516285211267,48,48.5,-0.065162852112671,0.4348371478873289,25.57337985725615,2025-05-01,RTT-May-2025,C_110,843398.0,489666.0,328571.0,25161.0,58.06,2.98,Trauma & Orthopaedics,0.0,0.0,0.0
2025-05,monthly,Part_2,C_120,636238,328412,279296,28530,0.5161779082670321,0.4389803815553299,0.0448417101776379,4,0.9999937130444896,105,False,17.308823529411764,17,17.5,-0.3088235294117645,0.1911764705882355,31.768801502034005,31,31.5,-0.7688015020340053,-0.2688015020340053,47.076945425991376,47,47.5,-0.0769454259913757,0.4230545740086242,51.20438787878787,51,51.5,-0.2043878787878696,0.2956121212121303,29.076945425991376,2025-05-01,RTT-May-2025,C_120,636238.0,328412.0,279296.0,28530.0,51.62,4.48,ENT,0.0,0.0,0.0
2025-05,monthly,Part_2,C_130,589546,414116,165881,9549,0.7024320409264078,0.2813707496955284,0.0161972093780638,3,0.9999949113385554,105,False,10.584881021474173,10,10.5,-0.5848810214741729,-0.0848810214741728,20.558811196142152,20,20.5,-0.5588111961421518,-0.0588111961421518,36.94669618696189,36,36.5,-0.9466961869618872,-0.446696186961887,42.38771293947081,42,42.5,-0.3877129394708092,0.1122870605291908,18.946696186961887,2025-05-01,RTT-May-2025,C_130,589546.0,414116.0,165881.0,9549.0,70.24,1.62,Ophthalmology,0.0,0.0,0.0
2025-05,monthly,Part_2,C_301,376849,240350,129956,6543,0.637788610292186,0.3448489978744802,0.0173623918333337,21,0.9999442747625706,105,False,12.713863422157484,12,12.5,-0.713863422157484,-0.213863422157484,24.768025716145832,24,24.5,-0.7680257161458321,-0.2680257161458321,39.339516908212566,39,39.5,-0.3395169082125662,0.1604830917874338,43.990166447656584,43,43.5,-0.990166447656584,-0.4901664476565841,21.33951690821257,2025-05-01,RTT-May-2025,C_301,376849.0,240350.0,129956.0,6543.0,63.78,1.74,Gastroenterology,0.0,0.0,0.0
2025-05,monthly,Part_2,C_320,400038,245882,146501,7655,0.6146466085721857,0.3662177093176148,0.0191356821101995,1,0.9999975002374776,105,False,13.690406121247792,13,13.5,-0.6904061212477934,-0.1904061212477934,25.799257350712335,25,25.5,-0.7992573507123382,-0.2992573507123381,40.59334219269104,40,40.5,-0.5933421926910398,-0.0933421926910398,45.04639513108613,45,45.5,-0.046395131086129,0.453604868913871,22.59334219269104,2025-05-01,RTT-May-2025,C_320,400038.0,245882.0,146501.0,7655.0,61.46,1.91,Cardiology,0.0,0.0,0.0
2025-05,monthly,Part_2,C_400,222406,123241,92414,6751,0.5541262376015036,0.4155193654847441,0.0303543969137523,0,1.0,105,False,15.78621659634318,15,15.5,-0.7862165963431789,-0.2862165963431788,29.337440617577197,29,29.5,-0.3374406175771973,0.1625593824228026,44.37826231322635,44,44.5,-0.3782623132263509,0.121737686773649,48.453643303261615,48,48.5,-0.4536433032616145,0.0463566967383854,26.37826231322635,2025-05-01,RTT-May-2025,C_400,222406.0,123241.0,92414.0,6751.0,55.41,3.04,Neurology,0.0,0.0,0.0
2025-06,monthly,Part_2,C_100,394989,241189,142790,11010,0.6106220679563228,0.3615037380787819,0.0278741939648952,15,0.9999620242589036,105,False,13.460025014431404,13,13.5,-0.4600250144314035,0.0399749855685964,26.40035355414961,26,26.5,-0.4003535541496106,0.0996464458503894,42.54457103637612,42,42.5,-0.5445710363761194,-0.0445710363761193,47.391823476702506,47,47.5,-0.3918234767025055,0.1081765232974945,24.54457103637612,2025-06-01,RTT-June-2025,C_100,394989.0,241189.0,142790.0,11010.0,61.06,2.79,General Surgery,0.0,0.0,0.0
2025-06,monthly,Part_2,C_110,848356,499760,323064,25532,0.589092315018695,0.3808118289963176,0.0300958559849874,26,0.9999693524888136,105,False,14.379021103823671,14,14.5,-0.379021103823673,0.1209788961763269,27.86956170143943,27,27.5,-0.8695617014394301,-0.3695617014394301,43.045957930642416,43,43.5,-0.045957930642416,0.4540420693575839,47.928903383611896,47,47.5,-0.928903383611896,-0.428903383611896,25.045957930642416,2025-06-01,RTT-June-2025,C_110,848356.0,499760.0,323064.0,25532.0,58.91,3.01,Trauma & Orthopaedics,0.0,0.0,0.0
2025-06,monthly,Part_2,C_120,635920,329485,278606,27829,0.5181233488489118,0.4381148572147439,0.0437617939363442,7,0.9999889923260789,105,False,17.228426056102297,17,17.5,-0.2284260561022968,0.2715739438977032,31.44784451566215,31,31.5,-0.4478445156621511,0.0521554843378488,46.69472796288486,46,46.5,-0.6947279628848619,-0.1947279628848619,50.96896217264791,50,50.5,-0.9689621726479132,-0.4689621726479132,28.694727962884865,2025-06-01,RTT-June-2025,C_120,635920.0,329485.0,278606.0,27829.0,51.81,4.38,ENT,0.0,0.0,0.0
2025-06,monthly,Part_2,C_130,592361,418677,164878,8806,0.7067936612977559,0.2783404039091027,0.0148659347931413,8,0.9999864947219684,105,False,10.333882748367914,10,10.5,-0.3338827483679143,0.1661172516320856,20.30423119985072,20,20.5,-0.3042311998507188,0.1957688001492812,36.45515284910736,36,36.5,-0.4551528491073568,0.0448471508926431,41.45008722958826,41,41.5,-0.4500872295882629,0.049912770411737,18.455152849107357,2025-06-01,RTT-June-2025,C_130,592361.0,418677.0,164878.0,8806.0,70.68,1.49,Ophthalmology,0.0,0.0,0.0
2025-06,monthly,Part_2,C_301,373867,241376,126316,6175,0.6456199664586605,0.3378634648150278,0.0165165687263117,42,0.9998876605851814,105,False,12.49772493131868,12,12.5,-0.4977249313186807,0.0022750686813193,23.66440173689289,23,23.5,-0.6644017368928914,-0.1644017368928914,39.096850068775794,39,39.5,-0.0968500687757938,0.4031499312242061,43.7278856825749,43,43.5,-0.7278856825749003,-0.2278856825749002,21.09685006877579,2025-06-01,RTT-June-2025,C_301,373867.0,241376.0,126316.0,6175.0,64.56,1.65,Gastroenterology,0.0,0.0,0.0
2025-06,monthly,Part_2,C_320,395307,244312,143638,7357,0.618031049285745,0.363358098895289,0.018610851818966,2,0.9999949406410714,105,False,13.687938046205762,13,13.5,-0.6879380462057618,-0.1879380462057618,24.736881618460565,24,24.5,-0.7368816184605649,-0.2368816184605648,40.02693446088795,40,40.5,-0.0269344608879507,0.4730655391120493,44.756707875457856,44,44.5,-0.756707875457856,-0.256707875457856,22.02693446088795,2025-06-01,RTT-June-2025,C_320,395307.0,244312.0,143638.0,7357.0,61.8,1.86,Cardiology,0.0,0.0,0.0
2025-06,monthly,Part_2,C_400,222585,125636,90231,6718,0.5644405508008177,0.4053777208706786,0.0301817283285037,1,0.9999955073342768,105,False,15.352864583333334,15,15.5,-0.3528645833333339,0.147135416666666,28.905134581626683,28,28.5,-0.9051345816266833,-0.4051345816266831,43.739909149902665,43,43.5,-0.7399091499026653,-0.2399091499026653,48.30181047765794,48,48.5,-0.3018104776579378,0.1981895223420622,25.739909149902665,2025-06-01,RTT-June-2025,C_400,222585.0,125636.0,90231.0,6718.0,56.44,3.02,Neurology,0.0,0.0,0.0
2025-07,monthly,Part_2,C_100,395120,241466,142547,11107,0.6111206722008504,0.3607688803401498,0.0281104474589997,18,0.9999544442194775,105,False,13.04683908045977,13,13.5,-0.0468390804597707,0.4531609195402293,25.746753246753247,25,25.5,-0.7467532467532472,-0.2467532467532471,42.482466666666674,42,42.5,-0.4824666666666743,0.0175333333333256,47.09521507974867,47,47.5,-0.0952150797486695,0.4047849202513305,24.48246666666667,2025-07-01,RTT-July-2025,C_100,395120.0,241466.0,142547.0,11107.0,61.11,2.81,General Surgery,0.0,0.0,0.0
2025-07,monthly,Part_2,C_110,847453,498780,322240,26433,0.58856361355733,0.3802452761392077,0.0311911103034622,43,0.999949259722958,105,False,14.022744028310234,14,14.5,-0.0227440283102335,0.4772559716897664,26.891868106078384,26,26.5,-0.891868106078384,-0.3918681060783839,43.35269282814615,43,43.5,-0.3526928281461465,0.1473071718538534,47.80579934074989,47,47.5,-0.8057993407498927,-0.3057993407498927,25.352692828146147,2025-07-01,RTT-July-2025,C_110,847453.0,498780.0,322240.0,26433.0,58.86,3.12,Trauma & Orthopaedics,0.0,0.0,0.0
2025-07,monthly,Part_2,C_120,628560,320013,281560,26987,0.5091208476517755,0.4479445080819651,0.0429346442662593,15,0.9999761359297442,105,False,17.612189677332072,17,17.5,-0.6121896773320721,-0.112189677332072,30.95505376344086,30,30.5,-0.9550537634408583,-0.4550537634408584,45.904144144144155,45,45.5,-0.9041441441441548,-0.4041441441441549,50.695752672637965,50,50.5,-0.6957526726379655,-0.1957526726379654,27.904144144144155,2025-07-01,RTT-July-2025,C_120,628560.0,320013.0,281560.0,26987.0,50.91,4.29,ENT,0.0,0.0,0.0
2025-07,monthly,Part_2,C_130,585619,410068,167353,8198,0.7002300130289488,0.2857711242292343,0.0139988627418167,5,0.9999914620256516,105,False,10.27226306181854,10,10.5,-0.2722630618185402,0.2277369381814598,20.548641719888455,20,20.5,-0.5486417198884581,-0.0486417198884581,36.09057099545225,36,36.5,-0.0905709954522464,0.4094290045477535,41.15818591744708,41,41.5,-0.1581859174470778,0.3418140825529221,18.090570995452246,2025-07-01,RTT-July-2025,C_130,585619.0,410068.0,167353.0,8198.0,70.02,1.4,Ophthalmology,0.0,0.0,0.0
2025-07,monthly,Part_2,C_301,374892,241775,126655,6462,0.6449190700255006,0.3378439657287965,0.0172369642457027,62,0.9998346190369491,105,False,11.929547395388555,11,11.5,-0.9295473953885568,-0.4295473953885569,23.661309832382926,23,23.5,-0.6613098323829263,-0.1613098323829263,39.32533333333334,39,39.5,-0.3253333333333401,0.1746666666666598,43.779380530973434,43,43.5,-0.7793805309734338,-0.2793805309734338,21.32533333333334,2025-07-01,RTT-July-2025,C_301,374892.0,241775.0,126655.0,6462.0,64.49,1.72,Gastroenterology,0.0,0.0,0.0
2025-07,monthly,Part_2,C_320,388296,239231,142128,6937,0.616104724230999,0.3660300389393658,0.0178652368296351,1,0.999997424645116,105,False,13.28743665909488,13,13.5,-0.2874366590948796,0.2125633409051204,24.670562130177515,24,24.5,-0.6705621301775153,-0.1705621301775153,39.84,39,39.5,-0.8400000000000034,-0.3400000000000034,44.21463195691204,44,44.5,-0.2146319569120365,0.2853680430879635,21.840000000000003,2025-07-01,RTT-July-2025,C_320,388296.0,239231.0,142128.0,6937.0,61.61,1.79,Cardiology,0.0,0.0,0.0
2025-07,monthly,Part_2,C_400,218289,122110,89526,6653,0.5593960300335793,0.4101260255899289,0.0304779443764917,0,1.0,105,False,15.601671565025717,15,15.5,-0.6016715650257165,-0.1016715650257165,27.92575292805354,27,27.5,-0.9257529280535408,-0.4257529280535408,43.53511918274688,43,43.5,-0.5351191827468824,-0.0351191827468824,47.840217391304336,47,47.5,-0.8402173913043356,-0.3402173913043356,25.53511918274688,2025-07-01,RTT-July-2025,C_400,218289.0,122110.0,89526.0,6653.0,55.94,3.05,Neurology,0.0,0.0,0.0
2025-08,monthly,Part_2,C_100,395490,241613,142507,11370,0.6109206301044274,0.3603302232673392,0.0287491466282333,20,0.9999494298212344,105,False,13.42768411712511,13,13.5,-0.4276841171251107,0.0723158828748893,26.19649676241076,26,26.5,-0.19649676241076,0.3035032375892399,42.785094471658496,42,42.5,-0.7850944716584962,-0.2850944716584962,47.46745689655173,47,47.5,-0.4674568965517238,0.0325431034482761,24.785094471658496,2025-08-01,RTT-August-2025,C_100,395490.0,241613.0,142507.0,11370.0,61.09,2.87,General Surgery,0.0,0.0,0.0
2025-08,monthly,Part_2,C_110,856471,504071,325607,26793,0.5885441538592667,0.3801728254663614,0.0312830206743719,32,0.9999626373806002,105,False,14.410060353967866,14,14.5,-0.4100603539678662,0.0899396460321337,27.224867148706338,27,27.5,-0.224867148706334,0.2751328512936659,43.85818301514155,43,43.5,-0.8581830151415488,-0.3581830151415488,48.290754483611614,48,48.5,-0.2907544836116145,0.2092455163883855,25.85818301514155,2025-08-01,RTT-August-2025,C_110,856471.0,504071.0,325607.0,26793.0,58.85,3.13,Trauma & Orthopaedics,0.0,0.0,0.0
2025-08,monthly,Part_2,C_120,623636,312981,284501,26154,0.5018648698920524,0.4561972047797112,0.0419379253282363,13,0.9999791545067956,105,False,17.92145606807591,17,17.5,-0.9214560680759084,-0.4214560680759085,31.003956087429533,31,31.5,-0.0039560874295325,0.4960439125704674,46.37424873382105,46,46.5,-0.374248733821048,0.1257512661789519,50.54995898277275,50,50.5,-0.5499589827727505,-0.0499589827727504,28.374248733821048,2025-08-01,RTT-August-2025,C_120,623636.0,312981.0,284501.0,26154.0,50.19,4.19,ENT,0.0,0.0,0.0
2025-08,monthly,Part_2,C_130,587377,410068,169210,8099,0.698134247680791,0.2880773336375105,0.0137884186816984,2,0.9999965950318108,105,False,10.605893407864302,10,10.5,-0.6058934078643023,-0.1058934078643023,21.008001321752264,21,21.5,-0.008001321752264,0.4919986782477359,36.13880149812733,36,36.5,-0.1388014981273286,0.3611985018726713,41.34070631970261,41,41.5,-0.3407063197026119,0.1592936802973881,18.13880149812733,2025-08-01,RTT-August-2025,C_130,587377.0,410068.0,169210.0,8099.0,69.81,1.38,Ophthalmology,0.0,0.0,0.0
2025-08,monthly,Part_2,C_301,377569,241754,128863,6952,0.6402909137137848,0.3412965577152785,0.0184125285709367,1,0.9999973514774784,105,False,12.365344916566317,12,12.5,-0.3653449165663165,0.1346550834336835,24.309389410081096,24,24.5,-0.3093894100810956,0.1906105899189043,40.018197866862835,40,40.5,-0.0181978668628346,0.4818021331371653,44.628495370370366,44,44.5,-0.6284953703703664,-0.1284953703703664,22.018197866862835,2025-08-01,RTT-August-2025,C_301,377569.0,241754.0,128863.0,6952.0,64.03,1.84,Gastroenterology,0.0,0.0,0.0
2025-08,monthly,Part_2,C_320,386717,236366,143425,6926,0.6112118163928661,0.370878445995392,0.0179097376117419,0,1.0,105,False,13.604250334672022,13,13.5,-0.604250334672022,-0.104250334672022,25.384635572885426,25,25.5,-0.384635572885422,0.1153644271145779,40.44581913499345,40,40.5,-0.4458191349934495,0.0541808650065505,44.73812903225805,44,44.5,-0.7381290322580512,-0.2381290322580511,22.44581913499345,2025-08-01,RTT-August-2025,C_320,386717.0,236366.0,143425.0,6926.0,61.12,1.79,Cardiology,0.0,0.0,0.0
2025-08,monthly,Part_2,C_400,219135,122715,89720,6700,0.5599972619618043,0.4094279781869623,0.0305747598512332,0,1.0,105,False,15.424332093337842,15,15.5,-0.424332093337842,0.0756679066621579,28.285906897530513,28,28.5,-0.2859068975305128,0.2140931024694872,43.83223039215687,43,43.5,-0.8322303921568732,-0.3322303921568732,48.138020833333336,48,48.5,-0.1380208333333357,0.3619791666666643,25.832230392156873,2025-08-01,RTT-August-2025,C_400,219135.0,122715.0,89720.0,6700.0,56.0,3.06,Neurology,0.0,0.0,0.0
2025-09,monthly,Part_2,C_100,393730,243483,139321,10926,0.6184009346506489,0.3538490843979376,0.0277499809514134,9,0.9999771416960862,105,False,13.352645739910312,13,13.5,-0.3526457399103133,0.1473542600896866,25.980600957569752,25,25.5,-0.9806009575697524,-0.4806009575697523,42.43573712255774,42,42.5,-0.4357371225577395,0.0642628774422604,47.16050863723608,47,47.5,-0.1605086372360844,0.3394913627639155,24.43573712255774,2025-09-01,RTT-September-2025,C_100,393730.0,243483.0,139321.0,10926.0,61.84,2.77,General Surgery,0.0,0.0,0.0
2025-09,monthly,Part_2,C_110,860865,514085,320190,26590,0.5971726112688981,0.3719398511961805,0.0308875375349212,34,0.999960504841061,105,False,14.208398694195957,14,14.5,-0.2083986941959548,0.2916013058040452,26.886665888940737,26,26.5,-0.8866658889407368,-0.3866658889407368,43.56443829721839,43,43.5,-0.5644382972183877,-0.0644382972183876,48.14801104972376,48,48.5,-0.1480110497237561,0.3519889502762439,25.564438297218388,2025-09-01,RTT-September-2025,C_110,860865.0,514085.0,320190.0,26590.0,59.72,3.09,Trauma & Orthopaedics,0.0,0.0,0.0
2025-09,monthly,Part_2,C_120,617531,316223,277471,23837,0.5120763168164837,0.4493231918721489,0.0386004913113673,13,0.9999789484252612,105,False,17.478605886876878,17,17.5,-0.4786058868768776,0.0213941131231223,30.957673627974746,30,30.5,-0.9576736279747458,-0.4576736279747457,45.7681745884964,45,45.5,-0.7681745884964002,-0.2681745884964002,50.07814457202504,50,50.5,-0.0781445720250388,0.4218554279749611,27.7681745884964,2025-09-01,RTT-September-2025,C_120,617531.0,316223.0,277471.0,23837.0,51.21,3.86,ENT,0.0,0.0,0.0
2025-09,monthly,Part_2,C_130,589819,416582,166129,7108,0.7062878611913146,0.2816609841324203,0.012051154676265,3,0.999994913693862,105,False,10.43706691744209,10,10.5,-0.43706691744209,0.0629330825579099,20.399912466599098,20,20.5,-0.3999124665990976,0.1000875334009023,34.707748204478236,34,34.5,-0.7077482044782357,-0.2077482044782357,40.452834763148054,40,40.5,-0.4528347631480542,0.0471652368519457,16.707748204478236,2025-09-01,RTT-September-2025,C_130,589819.0,416582.0,166129.0,7108.0,70.63,1.21,Ophthalmology,0.0,0.0,0.0
2025-09,monthly,Part_2,C_301,379599,247107,125878,6614,0.6509685220456324,0.3316078282608753,0.0174236496934923,0,1.0,105,False,12.288620001734756,12,12.5,-0.2886200017347562,0.2113799982652437,24.1322021484375,24,24.5,-0.1322021484375,0.3677978515625,38.98263550472402,38,38.5,-0.9826355047240228,-0.4826355047240227,44.14752547307132,44,44.5,-0.1475254730713189,0.3524745269286811,20.982635504724023,2025-09-01,RTT-September-2025,C_301,379599.0,247107.0,125878.0,6614.0,65.1,1.74,Gastroenterology,0.0,0.0,0.0
2025-09,monthly,Part_2,C_320,388454,242334,139232,6888,0.6238422052546763,0.3584259654939838,0.0177318292513399,0,1.0,105,False,13.264429530201342,13,13.5,-0.2644295302013422,0.2355704697986578,25.221541563275434,25,25.5,-0.2215415632754336,0.2784584367245664,40.140046496180666,40,40.5,-0.1400464961806662,0.3599535038193338,44.53203926818384,44,44.5,-0.5320392681838442,-0.0320392681838441,22.140046496180663,2025-09-01,RTT-September-2025,C_320,388454.0,242334.0,139232.0,6888.0,62.38,1.77,Cardiology,0.0,0.0,0.0
2025-09,monthly,Part_2,C_400,219221,125336,88091,5794,0.5717335474247449,0.4018365028897779,0.0264299496854772,1,0.9999954383932196,105,False,15.18657237646237,15,15.5,-0.1865723764623705,0.3134276235376294,27.83937101910828,27,27.5,-0.839371019108281,-0.339371019108281,43.11739030023095,43,43.5,-0.1173903002309515,0.3826096997690484,47.17914710485132,47,47.5,-0.1791471048513173,0.3208528951486826,25.11739030023095,2025-09-01,RTT-September-2025,C_400,219221.0,125336.0,88091.0,5794.0,57.17,2.64,Neurology,0.0,0.0,0.0
2025-10,monthly,Part_2,C_100,391493,239706,141573,10214,0.6122868097258444,0.3616233240441081,0.0260898662300475,9,0.9999770110832122,105,True,13.522749134282416,13,13.5,-0.5227491342824155,-0.0227491342824155,25.634272709664923,25,25.5,-0.6342727096649234,-0.1342727096649234,41.33545268890401,41,41.5,-0.335452688904013,0.1645473110959869,46.8881054131054,46,46.5,-0.8881054131054,-0.3881054131054,23.335452688904013,2025-10-01,RTT-October-2025,C_100,391493.0,239706.0,141573.0,10214.0,61.23,2.61,General Surgery,0.0,0.0,0.0
2025-10,monthly,Part_2,C_110,858898,509729,322728,26441,0.5934686074481487,0.3757465962198072,0.030784796332044,30,0.9999650715218804,105,True,14.33586975004251,14,14.5,-0.3358697500425105,0.1641302499574894,26.48526000748223,26,26.5,-0.4852600074822284,0.0147399925177715,42.356845468303355,42,42.5,-0.356845468303355,0.1431545316966449,48.07451277609354,48,48.5,-0.0745127760935417,0.4254872239064582,24.356845468303355,2025-10-01,RTT-October-2025,C_110,858898.0,509729.0,322728.0,26441.0,59.35,3.08,Trauma & Orthopaedics,0.0,0.0,0.0
2025-10,monthly,Part_2,C_120,613974,314759,277179,22036,0.5126585164844114,0.4514507128966373,0.0358907706189512,25,0.9999592816633928,105,True,17.44902878207855,17,17.5,-0.4490287820785497,0.0509712179214503,31.050641219832375,31,31.5,-0.0506412198323751,0.4493587801676248,45.33924661810615,45,45.5,-0.3392466181061522,0.1607533818938478,49.56550454210654,49,49.5,-0.5655045421065381,-0.0655045421065381,27.339246618106152,2025-10-01,RTT-October-2025,C_120,613974.0,314759.0,277179.0,22036.0,51.27,3.59,ENT,0.0,0.0,0.0
2025-10,monthly,Part_2,C_130,598593,424765,167483,6345,0.7096056920144406,0.2797944513216827,0.0105998566638767,5,0.9999916470790672,105,True,10.14147618307158,10,10.5,-0.14147618307158,0.3585238169284199,20.16183267308055,20,20.5,-0.1618326730805499,0.33816732691945,34.59236942932044,34,34.5,-0.592369429320442,-0.092369429320442,39.1282336790726,39,39.5,-0.1282336790726006,0.3717663209273993,16.592369429320442,2025-10-01,RTT-October-2025,C_130,598593.0,424765.0,167483.0,6345.0,70.96,1.06,Ophthalmology,0.0,0.0,0.0
2025-10,monthly,Part_2,C_301,382448,249914,126253,6281,0.6534587708655817,0.330118081412375,0.0164231477220432,0,1.0,105,True,12.165587257132854,12,12.5,-0.165587257132854,0.3344127428671459,23.35136815920398,23,23.5,-0.3513681592039788,0.1486318407960212,38.31989111942839,38,38.5,-0.3198911194283909,0.1801088805716091,42.783938618925816,42,42.5,-0.7839386189258164,-0.2839386189258164,20.31989111942839,2025-10-01,RTT-October-2025,C_301,382448.0,249914.0,126253.0,6281.0,65.35,1.64,Gastroenterology,0.0,0.0,0.0
2025-10,monthly,Part_2,C_320,387527,243128,137874,6525,0.6273833823191675,0.3557790811995035,0.016837536481329,5,0.9999870976731944,105,True,13.153018833087147,13,13.5,-0.1530188330871489,0.3469811669128511,24.434918601145615,24,24.5,-0.4349186011456147,0.0650813988543852,38.891663527934725,38,38.5,-0.8916635279347247,-0.3916635279347247,43.62717157214642,43,43.5,-0.6271715721464233,-0.1271715721464232,20.891663527934725,2025-10-01,RTT-October-2025,C_320,387527.0,243128.0,137874.0,6525.0,62.74,1.68,Cardiology,0.0,0.0,0.0
2025-10,monthly,Part_2,C_400,221595,127668,88512,5415,0.5761321329452379,0.3994313951127056,0.0244364719420564,2,0.9999909745255984,105,True,15.00441329179647,15,15.5,-0.0044132917964692,0.4955867082035308,27.304451345755695,27,27.5,-0.3044513457556945,0.1955486542443054,41.70288298473715,41,41.5,-0.7028829847371512,-0.2028829847371511,46.88356413994169,46,46.5,-0.88356413994169,-0.38356413994169,23.70288298473715,2025-10-01,RTT-October-2025,C_400,221595.0,127668.0,88512.0,5415.0,57.61,2.44,Neurology,0.0,0.0,0.0
2025-11,monthly,Part_2,C_100,381272,232483,139109,9680,0.6097562894731321,0.3648550116452296,0.0253886988816383,15,0.9999606580079312,105,True,13.252141057934509,13,13.5,-0.2521410579345087,0.2478589420654913,25.603299036420054,25,25.5,-0.6032990364200543,-0.1032990364200543,41.34426031533042,41,41.5,-0.3442603153304233,0.1557396846695766,45.79521444695258,45,45.5,-0.7952144469525777,-0.2952144469525777,23.344260315330423,2025-11-01,RTT-November-2025,C_100,381272.0,232483.0,139109.0,9680.0,60.98,2.54,General Surgery,0.0,0.0,0.0
2025-11,monthly,Part_2,C_110,845411,500392,320045,24974,0.5918919909960954,0.3785673477160813,0.0295406612878233,40,0.999952685735104,105,True,14.150525561395126,14,14.5,-0.1505255613951259,0.349474438604874,26.30171901317745,26,26.5,-0.3017190131774505,0.1982809868225494,42.07905347846663,42,42.5,-0.0790534784666334,0.4209465215333665,46.61655706406448,46,46.5,-0.6165570640644802,-0.1165570640644801,24.079053478466633,2025-11-01,RTT-November-2025,C_110,845411.0,500392.0,320045.0,24974.0,59.19,2.95,Trauma & Orthopaedics,0.0,0.0,0.0
2025-11,monthly,Part_2,C_120,588429,305981,264086,18362,0.5199964651640215,0.4487984106833619,0.0312051241526165,24,0.9999592134310172,105,True,17.061682615629984,17,17.5,-0.0616826156299836,0.4383173843700163,30.32721878224974,30,30.5,-0.3272187822497407,0.1727812177502592,43.84122009132421,43,43.5,-0.8412200913242103,-0.3412200913242103,47.93575514874139,47,47.5,-0.9357551487413928,-0.4357551487413929,25.84122009132421,2025-11-01,RTT-November-2025,C_120,588429.0,305981.0,264086.0,18362.0,52.0,3.12,ENT,0.0,0.0,0.0
2025-11,monthly,Part_2,C_130,597880,422995,169249,5636,0.7074914698601726,0.2830818893423429,0.0094266407974844,3,0.9999949822706896,105,True,9.984634681718408,9,9.5,-0.9846346817184076,-0.4846346817184077,20.279370595617337,20,20.5,-0.2793705956173369,0.2206294043826631,34.75154444210968,34,34.5,-0.7515444421096831,-0.2515444421096831,39.221660220172566,39,39.5,-0.2216602201725663,0.2783397798274336,16.751544442109683,2025-11-01,RTT-November-2025,C_130,597880.0,422995.0,169249.0,5636.0,70.75,0.94,Ophthalmology,0.0,0.0,0.0
2025-11,monthly,Part_2,C_301,375368,243220,126323,5825,0.6479508109375333,0.3365310841627416,0.015518104899725,2,0.9999946718953134,105,True,11.980483191471068,11,11.5,-0.980483191471068,-0.4804831914710679,23.471988101140308,23,23.5,-0.4719881011403082,0.0280118988596917,38.35751824817518,38,38.5,-0.3575182481751824,0.1424817518248176,42.72521348314606,42,42.5,-0.7252134831460566,-0.2252134831460566,20.357518248175182,2025-11-01,RTT-November-2025,C_301,375368.0,243220.0,126323.0,5825.0,64.8,1.55,Gastroenterology,0.0,0.0,0.0
2025-11,monthly,Part_2,C_320,383624,241441,136653,5530,0.6293688611765688,0.3562159823160177,0.0144151565074135,2,0.9999947865618418,105,True,12.669915064818952,12,12.5,-0.6699150648189534,-0.1699150648189533,24.052018633540374,24,24.5,-0.0520186335403742,0.4479813664596257,38.44359874608151,38,38.5,-0.4435987460815127,0.0564012539184872,42.64511784511784,42,42.5,-0.6451178451178379,-0.1451178451178378,20.443598746081513,2025-11-01,RTT-November-2025,C_320,383624.0,241441.0,136653.0,5530.0,62.94,1.44,Cardiology,0.0,0.0,0.0
2025-11,monthly,Part_2,C_400,216244,124101,87360,4783,0.5738933797007084,0.4039880875307522,0.0221185327685392,0,1.0,105,True,14.996776028826096,14,14.5,-0.9967760288260958,-0.4967760288260958,26.93349497748528,26,26.5,-0.933494977485278,-0.4334949774852781,41.12379018612522,41,41.5,-0.1237901861252197,0.3762098138747802,45.23681159420289,45,45.5,-0.2368115942028907,0.2631884057971092,23.12379018612522,2025-11-01,RTT-November-2025,C_400,216244.0,124101.0,87360.0,4783.0,57.39,2.21,Neurology,0.0,0.0,0.0
2025-12,monthly,Part_2,C_100,385548,231583,144745,9220,0.6006593212777657,0.3754266654216855,0.0239140133005488,8,0.999979250313839,105,False,14.0126374686475,14,14.5,-0.012637468647501,0.4873625313524989,26.4889032885145,26,26.5,-0.4889032885144999,0.0110967114855,41.804321029461576,41,41.5,-0.8043210294615761,-0.3043210294615761,46.319737417943095,46,46.5,-0.3197374179430952,0.1802625820569048,23.804321029461576,2025-12-01,RTT-December-2025,C_100,385548.0,231583.0,144745.0,9220.0,60.07,2.39,General Surgery,0.0,0.0,0.0
2025-12,monthly,Part_2,C_110,844356,494157,327253,22946,0.5852472179980955,0.3875770409637641,0.0271757410381403,14,0.9999834193160232,105,False,14.64880051869462,14,14.5,-0.6488005186946193,-0.1488005186946193,27.10169100691775,27,27.5,-0.1016910069177541,0.3983089930822459,42.482154080854315,42,42.5,-0.4821540808543147,0.0178459191456852,47.067989027220925,47,47.5,-0.0679890272209249,0.4320109727790751,24.482154080854315,2025-12-01,RTT-December-2025,C_110,844356.0,494157.0,327253.0,22946.0,58.52,2.72,Trauma & Orthopaedics,0.0,0.0,0.0
2025-12,monthly,Part_2,C_120,589602,309289,264157,16156,0.5245725082343683,0.4480259564926849,0.0274015352729468,73,0.9998761876655778,105,False,16.912006935413956,16,16.5,-0.912006935413956,-0.4120069354139559,30.301944044435302,30,30.5,-0.3019440444353023,0.1980559555646976,44.27221796165489,44,44.5,-0.2722179616548885,0.2277820383451114,47.97419719583899,47,47.5,-0.9741971958389896,-0.4741971958389896,26.27221796165489,2025-12-01,RTT-December-2025,C_120,589602.0,309289.0,264157.0,16156.0,52.46,2.74,ENT,0.0,0.0,0.0
2025-12,monthly,Part_2,C_130,601191,422184,174041,4966,0.7022460416074093,0.2894936883619349,0.0082602700306558,2,0.9999966732702252,105,False,10.936020430823897,10,10.5,-0.9360204308238947,-0.4360204308238948,20.75117514336749,20,20.5,-0.7511751433674903,-0.2511751433674902,35.035821021528065,35,35.5,-0.0358210215280649,0.464178978471935,39.84323870573869,39,39.5,-0.8432387057386919,-0.3432387057386918,17.035821021528065,2025-12-01,RTT-December-2025,C_130,601191.0,422184.0,174041.0,4966.0,70.22,0.83,Ophthalmology,0.0,0.0,0.0
2025-12,monthly,Part_2,C_301,381239,246799,129324,5116,0.6473603172812855,0.3392202791424801,0.0134194035762343,14,0.9999632776289938,105,False,12.446236120182888,12,12.5,-0.4462361201828866,0.0537638798171133,23.83031168029625,23,23.5,-0.8303116802962514,-0.3303116802962513,38.64271207053816,38,38.5,-0.6427120705381597,-0.1427120705381597,42.832280772325014,42,42.5,-0.8322807723250136,-0.3322807723250136,20.64271207053816,2025-12-01,RTT-December-2025,C_301,381239.0,246799.0,129324.0,5116.0,64.74,1.34,Gastroenterology,0.0,0.0,0.0
2025-12,monthly,Part_2,C_320,386709,244374,137331,5004,0.6319325384203626,0.3551274989720953,0.0129399626075421,22,0.9999431096767852,105,False,13.014046157835596,13,13.5,-0.0140461578355957,0.4859538421644043,24.403426204819276,24,24.5,-0.4034262048192758,0.0965737951807241,38.78562304320602,38,38.5,-0.7856230432060229,-0.2856230432060229,42.95903263403263,42,42.5,-0.9590326340326314,-0.4590326340326314,20.785623043206023,2025-12-01,RTT-December-2025,C_320,386709.0,244374.0,137331.0,5004.0,63.19,1.29,Cardiology,0.0,0.0,0.0
2025-12,monthly,Part_2,C_400,219866,125405,90319,4142,0.5703701345364904,0.4107911182265562,0.0188387472369534,1,0.999995451775172,105,False,15.168802323594738,15,15.5,-0.168802323594738,0.331197676405262,27.309733257661748,27,27.5,-0.3097332576617475,0.1902667423382524,41.31952868852459,41,41.5,-0.319528688524592,0.1804713114754079,45.23942307692307,45,45.5,-0.2394230769230674,0.2605769230769326,23.319528688524592,2025-12-01,RTT-December-2025,C_400,219866.0,125405.0,90319.0,4142.0,57.04,1.88,Neurology,0.0,0.0,0.0
2026-01,monthly,Part_2,C_100,386068,229920,147206,8942,0.5955427541262162,0.381295523068475,0.0231617228053089,7,0.999981868479128,105,True,14.242948476871003,14,14.5,-0.2429484768710033,0.2570515231289967,26.720942053541172,26,26.5,-0.7209420535411724,-0.2209420535411723,41.68918084685398,41,41.5,-0.6891808468539793,-0.1891808468539793,46.25771453979545,46,46.5,-0.257714539795451,0.242285460204549,23.68918084685398,2026-01-01,RTT-January-2026,C_100,386068.0,229920.0,147206.0,8942.0,59.55,2.32,General Surgery,0.0,0.0,0.0
2026-01,monthly,Part_2,C_110,836764,484588,329908,22268,0.5791214727211018,0.3942664837397402,0.0266120435391579,35,0.9999581721967006,105,True,15.056198704103672,15,15.5,-0.0561987041036715,0.4438012958963284,27.405689878727785,27,27.5,-0.4056898787277845,0.0943101212722155,42.486710408589325,42,42.5,-0.4867104085893246,0.0132895914106754,46.97906595657516,46,46.5,-0.9790659565751624,-0.4790659565751625,24.486710408589325,2026-01-01,RTT-January-2026,C_110,836764.0,484588.0,329908.0,22268.0,57.91,2.66,Trauma & Orthopaedics,0.0,0.0,0.0
2026-01,monthly,Part_2,C_120,587673,313528,258060,16085,0.5335075798956223,0.4391217564870259,0.0273706636173518,50,0.9999149186707572,105,True,16.5906037944883,16,16.5,-0.5906037944882989,-0.0906037944882989,30.08990306946688,30,30.5,-0.0899030694668816,0.4100969305331183,44.10412550349799,44,44.5,-0.1041255034979897,0.3958744965020102,48.06322589238145,48,48.5,-0.0632258923814532,0.4367741076185467,26.10412550349799,2026-01-01,RTT-January-2026,C_120,587673.0,313528.0,258060.0,16085.0,53.35,2.74,ENT,0.0,0.0,0.0
2026-01,monthly,Part_2,C_130,596635,415835,175605,5195,0.6969671574748381,0.2943256765023842,0.0087071660227777,5,0.9999916196669656,105,True,11.337321020474793,11,11.5,-0.3373210204747909,0.162678979525209,20.66173689897353,20,20.5,-0.6617368989735262,-0.1617368989735261,35.055282817502686,35,35.5,-0.055282817502686,0.4447171824973139,39.73472775564409,39,39.5,-0.7347277556440872,-0.2347277556440872,17.055282817502686,2026-01-01,RTT-January-2026,C_130,596635.0,415835.0,175605.0,5195.0,69.7,0.87,Ophthalmology,0.0,0.0,0.0
2026-01,monthly,Part_2,C_301,383007,248354,129910,4743,0.6484320129919297,0.3391844013294796,0.0123835856785907,7,0.9999817235716318,105,True,12.636004560631973,12,12.5,-0.6360045606319726,-0.1360045606319726,23.654311464761285,23,23.5,-0.6543114647612853,-0.1543114647612853,37.885871212121216,37,37.5,-0.8858712121212164,-0.3858712121212164,42.70949572997152,42,42.5,-0.7094957299715219,-0.2094957299715218,19.885871212121216,2026-01-01,RTT-January-2026,C_301,383007.0,248354.0,129910.0,4743.0,64.84,1.24,Gastroenterology,0.0,0.0,0.0
2026-01,monthly,Part_2,C_320,383680,245067,134041,4572,0.6387275854879065,0.3493562343619683,0.0119161801501251,25,0.9999348415346122,105,True,12.900240577385723,12,12.5,-0.9002405773857252,-0.4002405773857251,23.960345378957467,23,23.5,-0.9603453789574664,-0.4603453789574665,37.82629362214201,37,37.5,-0.8262936221420105,-0.3262936221420105,42.54434121621622,42,42.5,-0.5443412162162176,-0.0443412162162175,19.82629362214201,2026-01-01,RTT-January-2026,C_320,383680.0,245067.0,134041.0,4572.0,63.87,1.19,Cardiology,0.0,0.0,0.0
2026-01,monthly,Part_2,C_400,216423,123462,89335,3626,0.5704661704162681,0.4127796029072695,0.0167542266764623,0,1.0,105,True,15.375373134328358,15,15.5,-0.3753731343283579,0.124626865671642,27.291589157587033,27,27.5,-0.2915891575870333,0.2084108424129667,41.0228427037271,41,41.5,-0.0228427037271004,0.4771572962728996,45.08628196268139,45,45.5,-0.0862819626813902,0.4137180373186098,23.0228427037271,2026-01-01,RTT-January-2026,C_400,216423.0,123462.0,89335.0,3626.0,57.05,1.68,Neurology,0.0,0.0,0.0
2026-02,monthly,Part_2,C_100,384999,232154,144653,8192,0.6029989688284905,0.3757230538261138,0.0212779773453957,5,0.9999870129532804,105,True,13.933902416270174,13,13.5,-0.9339024162701736,-0.4339024162701737,25.932926829268293,25,25.5,-0.9329268292682932,-0.4329268292682933,40.90842898550725,40,40.5,-0.9084289855072498,-0.4084289855072498,45.52356440765649,45,45.5,-0.5235644076564867,-0.0235644076564867,22.90842898550725,2026-02-01,RTT-February-2026,C_100,384999.0,232154.0,144653.0,8192.0,60.3,2.13,General Surgery,0.0,0.0,0.0
2026-02,monthly,Part_2,C_110,829478,480436,328743,20299,0.5792028239446978,0.3963251587142757,0.0244720173410265,42,0.9999493657456858,105,True,14.938370196931054,14,14.5,-0.9383701969310536,-0.4383701969310536,26.996167979002625,26,26.5,-0.9961679790026244,-0.4961679790026245,41.599825352112674,41,41.5,-0.5998253521126742,-0.0998253521126741,46.444553072625695,46,46.5,-0.4445530726256947,0.0554469273743052,23.59982535211267,2026-02-01,RTT-February-2026,C_110,829478.0,480436.0,328743.0,20299.0,57.92,2.45,Trauma & Orthopaedics,0.0,0.0,0.0
2026-02,monthly,Part_2,C_120,586374,323252,247678,15444,0.5512727371950326,0.4223891236651011,0.0263381391398663,33,0.9999437219249148,105,True,15.818988107236445,15,15.5,-0.8189881072364447,-0.3189881072364446,28.853033180650208,28,28.5,-0.8530331806502076,-0.3530331806502076,43.10234396399923,43,43.5,-0.1023439639992318,0.3976560360007681,47.4736653824986,47,47.5,-0.4736653824986021,0.0263346175013978,25.102343963999232,2026-02-01,RTT-February-2026,C_120,586374.0,323252.0,247678.0,15444.0,55.13,2.63,ENT,0.0,0.0,0.0
2026-02,monthly,Part_2,C_130,600584,423939,171503,5142,0.7058779454664127,0.2855603878891212,0.008561666644466,2,0.9999966699079562,105,True,10.857285329610052,10,10.5,-0.8572853296100522,-0.3572853296100522,20.133626212703643,20,20.5,-0.1336262127036427,0.3663737872963573,34.50766331120155,34,34.5,-0.5076633112015472,-0.0076633112015471,39.124924012158026,39,39.5,-0.1249240121580257,0.3750759878419742,16.507663311201547,2026-02-01,RTT-February-2026,C_130,600584.0,423939.0,171503.0,5142.0,70.59,0.86,Ophthalmology,0.0,0.0,0.0
2026-02,monthly,Part_2,C_301,378852,249708,125169,3975,0.6591175445820532,0.3303902315416046,0.0104922238763422,4,0.9999894417872942,105,True,12.185753838409262,12,12.5,-0.185753838409262,0.3142461615907379,22.645737855178737,22,22.5,-0.6457378551787336,-0.1457378551787336,36.91710993459982,36,36.5,-0.9171099345998216,-0.4171099345998215,41.289228007181315,41,41.5,-0.2892280071813147,0.2107719928186853,18.91710993459982,2026-02-01,RTT-February-2026,C_301,378852.0,249708.0,125169.0,3975.0,65.91,1.05,Gastroenterology,0.0,0.0,0.0
2026-02,monthly,Part_2,C_320,381409,251158,126112,4139,0.6585004548922547,0.3306476774276433,0.0108518676801019,28,0.9999265879934665,105,True,12.346555406153604,12,12.5,-0.3465554061536036,0.1534445938463964,22.6859984984985,22,22.5,-0.685998498498499,-0.185998498498499,36.84571763327476,36,36.5,-0.8457176332747594,-0.3457176332747593,41.12507665352606,41,41.5,-0.1250766535260581,0.3749233464739419,18.84571763327476,2026-02-01,RTT-February-2026,C_320,381409.0,251158.0,126112.0,4139.0,65.85,1.09,Cardiology,0.0,0.0,0.0
2026-02,monthly,Part_2,C_400,213567,123044,87679,2844,0.5761376991763709,0.4105456367322667,0.0133166640913624,0,1.0,105,True,14.980447376890892,14,14.5,-0.9804473768908916,-0.4804473768908917,26.520523774145616,26,26.5,-0.5205237741456159,-0.0205237741456159,39.90058659217878,39,39.5,-0.900586592178783,-0.400586592178783,43.90169430425378,43,43.5,-0.9016943042537804,-0.4016943042537804,21.900586592178783,2026-02-01,RTT-February-2026,C_400,213567.0,123044.0,87679.0,2844.0,57.61,1.33,Neurology,0.0,0.0,0.0
2026-03,monthly,Part_2,C_100,376204,236728,133561,5915,0.6292543407300295,0.3550228067750476,0.0157228524949229,7,0.9999813930739704,105,False,12.084110885733605,12,12.5,-0.0841108857336045,0.4158891142663954,24.913588730458684,24,24.5,-0.9135887304586844,-0.4135887304586845,39.89659140117538,39,39.5,-0.8965914011753782,-0.3965914011753781,44.05201839550332,44,44.5,-0.0520183955033175,0.4479816044966824,21.896591401175375,2026-03-01,RTT-March-2026,C_100,376204.0,236728.0,133561.0,5915.0,62.93,1.57,General Surgery,0.0,0.0,0.0
2026-03,monthly,Part_2,C_110,818003,485558,316115,16330,0.5935895100629215,0.3864472379685649,0.0199632519685135,34,0.9999584353602616,105,False,14.45610940578183,14,14.5,-0.4561094057818291,0.0438905942181708,26.03134053715449,26,26.5,-0.0313405371544917,0.4686594628455083,40.91044121833191,40,40.5,-0.9104412183319112,-0.4104412183319113,45.12910714285714,45,45.5,-0.1291071428571371,0.3708928571428629,22.91044121833191,2026-03-01,RTT-March-2026,C_110,818003.0,485558.0,316115.0,16330.0,59.36,2.0,Trauma & Orthopaedics,0.0,0.0,0.0
2026-03,monthly,Part_2,C_120,579154,338334,228246,12574,0.5841865894045453,0.3941024321683006,0.021710978427154,22,0.9999620135577064,105,False,14.56073177366703,14,14.5,-0.5607317736670296,-0.0607317736670296,26.801810101885973,26,26.5,-0.8018101018859731,-0.3018101018859731,41.61279720279721,41,41.5,-0.6127972027972106,-0.1127972027972106,45.7615504277936,45,45.5,-0.7615504277936012,-0.2615504277936011,23.61279720279721,2026-03-01,RTT-March-2026,C_120,579154.0,338334.0,228246.0,12574.0,58.42,2.17,ENT,0.0,0.0,0.0
2026-03,monthly,Part_2,C_130,602030,438207,159429,4394,0.7278823314452768,0.2648190289520455,0.0072986396026776,4,0.9999933558128332,105,False,9.086918275876512,9,9.5,-0.0869182758765134,0.4130817241234865,19.13263299061243,19,19.5,-0.1326329906124286,0.3673670093875714,33.35240073868882,33,33.5,-0.3524007386888215,0.1475992613111785,38.17835458409229,38,38.5,-0.1783545840922897,0.3216454159077102,15.35240073868882,2026-03-01,RTT-March-2026,C_130,602030.0,438207.0,159429.0,4394.0,72.79,0.73,Ophthalmology,0.0,0.0,0.0
2026-03,monthly,Part_2,C_301,366257,255655,107701,2901,0.698020788681172,0.2940585435909757,0.0079206677278523,4,0.999989078707028,105,False,10.429434105582985,10,10.5,-0.4294341055829846,0.0705658944170153,20.896253715000785,20,20.5,-0.8962537150007819,-0.3962537150007819,35.712295882763435,35,35.5,-0.7122958827634349,-0.2122958827634349,39.968638149279776,39,39.5,-0.9686381492797764,-0.4686381492797764,17.712295882763435,2026-03-01,RTT-March-2026,C_301,366257.0,255655.0,107701.0,2901.0,69.8,0.79,Gastroenterology,0.0,0.0,0.0
2026-03,monthly,Part_2,C_320,374433,259367,112185,2881,0.6926926846725583,0.2996130148784963,0.0076943004489454,15,0.9999599394284158,105,False,10.683091399810344,10,10.5,-0.6830913998103441,-0.183091399810344,20.931555126873423,20,20.5,-0.9315551268734232,-0.4315551268734232,35.438687646468026,35,35.5,-0.4386876464680256,0.0613123535319743,39.63281183026145,39,39.5,-0.6328118302614527,-0.1328118302614527,17.438687646468026,2026-03-01,RTT-March-2026,C_320,374433.0,259367.0,112185.0,2881.0,69.27,0.77,Cardiology,0.0,0.0,0.0
2026-03,monthly,Part_2,C_400,205988,124959,79045,1984,0.6066324251898169,0.3837359457832495,0.0096316290269336,0,1.0,105,False,13.758150365934798,13,13.5,-0.7581503659347977,-0.2581503659347977,25.03038674033149,25,25.5,-0.0303867403314903,0.4696132596685096,38.56824765063572,38,38.5,-0.568247650635719,-0.068247650635719,42.37815934065932,42,42.5,-0.3781593406593231,0.1218406593406769,20.56824765063572,2026-03-01,RTT-March-2026,C_400,205988.0,124959.0,79045.0,1984.0,60.66,0.96,Neurology,0.0,0.0,0.0
2026-04,monthly,Part_2,C_100,381808,239298,136112,6398,0.6267495704647362,0.3564933160122365,0.0167571135230272,7,0.9999816661777648,105,True,12.668023058663954,12,12.5,-0.6680230586639535,-0.1680230586639535,25.29422097312489,25,25.5,-0.2942209731248901,0.2057790268751098,40.46018512170039,40,40.5,-0.4601851217003911,0.0398148782996088,44.64272164948453,44,44.5,-0.6427216494845283,-0.1427216494845282,22.46018512170039,2026-04-01,RTT-April-2026,C_100,381808.0,239298.0,136112.0,6398.0,62.67,1.68,General Surgery,0.0,0.0,0.0
2026-04,monthly,Part_2,C_110,819951,483984,319127,16840,0.5902596618578427,0.3892025255167687,0.0205378126253885,42,0.9999487774269438,105,True,13.819145845438698,13,13.5,-0.8191458454386975,-0.3191458454386975,26.539088148391333,26,26.5,-0.5390881483913326,-0.0390881483913325,41.56431835608036,41,41.5,-0.5643183560803635,-0.0643183560803635,45.68452224516613,45,45.5,-0.6845222451661286,-0.1845222451661285,23.564318356080364,2026-04-01,RTT-April-2026,C_110,819951.0,483984.0,319127.0,16840.0,59.03,2.05,Trauma & Orthopaedics,0.0,0.0,0.0
2026-04,monthly,Part_2,C_120,588278,342859,232657,12762,0.5828179874141137,0.3954881875575833,0.0216938250283029,18,0.9999694022213989,105,True,14.09856089007135,14,14.5,-0.0985608900713508,0.4014391099286492,27.00344508432744,27,27.5,-0.0034450843274385,0.4965549156725615,41.73437043403524,41,41.5,-0.7343704340352417,-0.2343704340352417,45.928172654432665,45,45.5,-0.9281726544326644,-0.4281726544326645,23.73437043403524,2026-04-01,RTT-April-2026,C_120,588278.0,342859.0,232657.0,12762.0,58.28,2.17,ENT,0.0,0.0,0.0
2026-04,monthly,Part_2,C_130,610708,446604,159572,4532,0.7312889302252468,0.2612901746824996,0.0074208950922535,5,0.999991812781231,105,True,9.668012358393408,9,9.5,-0.6680123583934083,-0.1680123583934083,19.25952586620597,19,19.5,-0.2595258662059692,0.2404741337940308,33.25870803426719,33,33.5,-0.2587080342671868,0.2412919657328132,38.34905250077663,38,38.5,-0.3490525007766294,0.1509474992233705,15.258708034267189,2026-04-01,RTT-April-2026,C_130,610708.0,446604.0,159572.0,4532.0,73.13,0.74,Ophthalmology,0.0,0.0,0.0
2026-04,monthly,Part_2,C_301,371537,256351,112018,3168,0.6899743497955789,0.3014989085878392,0.0085267416165819,3,0.9999919254340752,105,True,11.114665127020784,11,11.5,-0.1146651270207854,0.3853348729792145,21.251134585289513,21,21.5,-0.2511345852895132,0.2488654147104867,35.9878698481562,35,35.5,-0.9878698481562012,-0.4878698481562011,40.4787624660018,40,40.5,-0.4787624660017968,0.0212375339982031,17.9878698481562,2026-04-01,RTT-April-2026,C_301,371537.0,256351.0,112018.0,3168.0,69.0,0.85,Gastroenterology,0.0,0.0,0.0
2026-04,monthly,Part_2,C_320,377359,258123,116338,2898,0.6840250265662141,0.3082952838013669,0.0076796896324189,14,0.9999629000500848,105,True,11.416151441472731,11,11.5,-0.4161514414727332,0.0838485585272668,21.36608166189112,21,21.5,-0.3660816618911191,0.1339183381088808,35.46661157024795,35,35.5,-0.4666115702479487,0.0333884297520512,40.00948198198198,40,40.5,-0.0094819819819775,0.4905180180180224,17.46661157024795,2026-04-01,RTT-April-2026,C_320,377359.0,258123.0,116338.0,2898.0,68.4,0.77,Cardiology,0.0,0.0,0.0
2026-04,monthly,Part_2,C_400,206659,124314,80396,1949,0.6015416700942132,0.3890273348850038,0.009430995020783,1,0.9999951611108154,105,True,13.51514909902727,13,13.5,-0.5151490990272691,-0.0151490990272691,25.434394631639066,25,25.5,-0.4343946316390621,0.0656053683609378,39.163935212957405,39,39.5,-0.1639352129574049,0.336064787042595,43.02723387723387,43,43.5,-0.0272338772338684,0.4727661227661315,21.163935212957405,2026-04-01,RTT-April-2026,C_400,206659.0,124314.0,80396.0,1949.0,60.15,0.94,Neurology,0.0,0.0,0.0
2026-05,monthly,Part_2,C_100,381497,239233,135174,7090,0.6270901212853575,0.3543251978390394,0.0185846808756032,7,0.9999816512318576,105,True,13.26061604201905,13,13.5,-0.2606160420190502,0.2393839579809498,25.6948445459336,25,25.5,-0.6948445459336021,-0.1948445459336021,40.87376570458404,40,40.5,-0.8737657045840379,-0.3737657045840379,45.299887791741455,45,45.5,-0.2998877917414546,0.2001122082585453,22.87376570458404,2026-05-01,RTT-May-2026,C_100,381497.0,239233.0,135174.0,7090.0,62.71,1.86,General Surgery,0.0,0.0,0.0
2026-05,monthly,Part_2,C_110,827960,497410,312261,18289,0.6007657374752403,0.3771450311609256,0.022089231363834,46,0.9999444417604716,105,True,14.110845070422537,14,14.5,-0.1108450704225347,0.3891549295774652,26.826987005137504,26,26.5,-0.8269870051375037,-0.3269870051375037,41.835237203495645,41,41.5,-0.8352372034956446,-0.3352372034956445,46.24821828548157,46,46.5,-0.2482182854815704,0.2517817145184295,23.835237203495645,2026-05-01,RTT-May-2026,C_110,827960.0,497410.0,312261.0,18289.0,60.08,2.21,Trauma & Orthopaedics,0.0,0.0,0.0
2026-05,monthly,Part_2,C_120,594331,350147,231502,12682,0.589144769497132,0.3895169526745197,0.0213382778283481,12,0.9999798092308833,105,True,14.7580394035571,14,14.5,-0.758039403557099,-0.258039403557099,27.117630057803467,27,27.5,-0.117630057803467,0.382369942196533,41.626389011962786,41,41.5,-0.626389011962786,-0.1263890119627859,46.119579288025875,46,46.5,-0.119579288025875,0.3804207119741249,23.626389011962782,2026-05-01,RTT-May-2026,C_120,594331.0,350147.0,231502.0,12682.0,58.91,2.13,ENT,0.0,0.0,0.0
2026-05,monthly,Part_2,C_130,624531,462702,157081,4748,0.7408791557184511,0.2515183393618571,0.0076025049196917,5,0.9999919939922918,105,True,10.206322476125512,10,10.5,-0.2063224761255124,0.2936775238744875,18.4396950984176,18,18.5,-0.439695098417598,0.0603049015824019,33.41153698571733,33,33.5,-0.4115369857173334,0.0884630142826665,38.18429376761664,38,38.5,-0.1842937676166443,0.3157062323833557,15.411536985717332,2026-05-01,RTT-May-2026,C_130,624531.0,462702.0,157081.0,4748.0,74.09,0.76,Ophthalmology,0.0,0.0,0.0
2026-05,monthly,Part_2,C_301,370047,255472,111247,3328,0.6903771683056477,0.3006293795112513,0.008993452183101,4,0.99998919056228,105,True,11.771811329203672,11,11.5,-0.7718113292036719,-0.2718113292036719,20.9608912321248,20,20.5,-0.9608912321248012,-0.4608912321248013,36.11276273022752,36,36.5,-0.1127627302275158,0.3872372697724842,40.77054140127387,40,40.5,-0.7705414012738672,-0.2705414012738671,18.112762730227516,2026-05-01,RTT-May-2026,C_301,370047.0,255472.0,111247.0,3328.0,69.04,0.9,Gastroenterology,0.0,0.0,0.0
2026-05,monthly,Part_2,C_320,378421,258469,117103,2849,0.683019705566023,0.3094516424828432,0.0075286519511337,0,1.0,105,True,12.129889595671566,12,12.5,-0.1298895956715657,0.3701104043284342,21.240389207258836,21,21.5,-0.2403892072588362,0.2596107927411637,35.51788580750408,35,35.5,-0.5178858075040793,-0.0178858075040793,40.127058543550696,40,40.5,-0.1270585435506959,0.3729414564493041,17.51788580750408,2026-05-01,RTT-May-2026,C_320,378421.0,258469.0,117103.0,2849.0,68.3,0.75,Cardiology,0.0,0.0,0.0
2026-05,monthly,Part_2,C_400,207581,127025,78654,1902,0.6119298008969992,0.3789075108030118,0.0091626882999889,0,1.0,105,True,14.004236555421064,14,14.5,-0.0042365554210626,0.4957634445789374,25.730121918897428,25,25.5,-0.730121918897428,-0.2301219188974279,38.94545047565754,38,38.5,-0.9454504756575376,-0.4454504756575375,43.136572989851665,43,43.5,-0.1365729898516647,0.3634270101483352,20.945450475657537,2026-05-01,RTT-May-2026,C_400,207581.0,127025.0,78654.0,1902.0,61.19,0.92,Neurology,0.0,0.0,0.0
