period,kind,part,code,total,within18_count,middle_count,over52_count,within18_share,middle_share,over52_share,open_count,closed_share,band_count,first_release,p50,p50_band_lower,p50_midpoint,p50_lower_shift,p50_midpoint_shift,p75,p75_band_lower,p75_midpoint,p75_lower_shift,p75_midpoint_shift,p92,p92_band_lower,p92_midpoint,p92_lower_shift,p92_midpoint_shift,p95,p95_band_lower,p95_midpoint,p95_lower_shift,p95_midpoint_shift,gap_weeks
2019-02,baseline,Part_2,C_999,4144110,3604256,537892,1962,0.8697298092956027,0.12979674767320365,0.00047344303119367003,1962,0.9995265569688063,53,False,6.691570182701094,6,6.5,-0.6915701827010938,-0.19157018270109383,13.434422748870682,13,13.5,-0.43442274887068244,0.06557725112931756,22.064439649285738,22,22.5,-0.0644396492857382,0.4355603507142618,26.012445533769064,26,26.5,-0.012445533769064099,0.4875544662309359,4.064439649285738
2019-02,baseline,Part_2,C_100,317920,268842,48689,389,0.8456278309008556,0.153148590840463,0.0012235782586814293,389,0.9987764217413185,53,False,6.83375104427736,6,6.5,-0.8337510442773599,-0.3337510442773599,14.151133501259446,14,14.5,-0.15113350125944613,0.34886649874055387,24.588436166084602,24,24.5,-0.5884361660846018,-0.08843616608460181,29.29994107248085,29,29.5,-0.29994107248084845,0.20005892751915155,6.588436166084602
2019-02,baseline,Part_2,C_110,493564,411804,81264,496,0.8343477239020675,0.16464734056778857,0.0010049355301440137,496,0.998995064469856,53,False,7.300798061254335,7,7.5,-0.3007980612543353,0.19920193874566472,14.684494796469503,14,14.5,-0.6844947964695027,-0.18449479646950273,24.79464587394412,24,24.5,-0.7946458739441198,-0.2946458739441198,29.18937339684866,29,29.5,-0.18937339684865861,0.3106266031513414,6.79464587394412
2019-02,baseline,Part_2,C_120,293344,248840,44355,149,0.8482873350059997,0.1512047289189484,0.0005079360750518163,149,0.9994920639249482,53,False,6.999876367682512,6,6.5,-0.9998763676825124,-0.4998763676825124,14.083293950850662,14,14.5,-0.0832939508506616,0.4167060491493384,23.599536516853945,23,23.5,-0.599536516853945,-0.09953651685394505,28.089236790606645,28,28.5,-0.08923679060664469,0.4107632093933553,5.599536516853945
2019-02,baseline,Part_2,C_130,423742,364896,58705,141,0.8611277617040558,0.13853948865111318,0.00033274964483105283,141,0.9996672503551689,53,False,6.88075429839157,6,6.5,-0.8807542983915697,-0.3807542983915697,13.827550876201244,13,13.5,-0.8275508762012436,-0.32755087620124357,22.140881294964032,22,22.5,-0.14088129496403212,0.3591187050359679,25.517372013651865,25,25.5,-0.5173720136518654,-0.01737201365186536,4.140881294964032
2019-02,baseline,Part_2,C_301,219774,195090,24654,30,0.8876846214747878,0.11217887466215294,0.0001365038630593246,30,0.9998634961369407,53,False,6.544400630914827,6,6.5,-0.5444006309148266,-0.0444006309148266,12.930935515388374,12,12.5,-0.9309355153883736,-0.4309355153883736,20.858740157480323,20,20.5,-0.8587401574803231,-0.35874015748032306,24.581786216596335,24,24.5,-0.5817862165963348,-0.08178621659633478,2.858740157480323
2019-02,baseline,Part_2,C_320,201406,180899,20420,87,0.8981807890529577,0.10138724764902733,0.0004319632980149549,87,0.999568036701985,53,False,6.773747696431563,6,6.5,-0.7737476964315633,-0.27374769643156327,12.822085492227979,12,12.5,-0.8220854922279788,-0.3220854922279788,19.75513174404016,19,19.5,-0.7551317440401597,-0.2551317440401597,23.146879643387802,23,23.5,-0.1468796433878019,0.3531203566121981,1.7551317440401597
2019-02,baseline,Part_2,C_400,126174,108429,17723,22,0.8593608825907081,0.14046475502084424,0.0001743623884476992,22,0.9998256376115523,53,False,7.590651135005974,7,7.5,-0.5906511350059738,-0.09065113500597377,14.094953051643193,14,14.5,-0.09495305164319312,0.4050469483568069,22.130327613104527,22,22.5,-0.13032761310452656,0.36967238689547344,25.604622322435162,25,25.5,-0.6046223224351621,-0.10462232243516212,4.130327613104527
2024-01,monthly,Part_2,C_999,7575914,4321271,2933249,321394,0.5703959944635063,0.3871808734893242,0.04242313204716949,376,0.9999503690247804,105,False,15.039572851097871,15,15.5,-0.03957285109787101,0.460427148902129,28.50585185659294,28,28.5,-0.5058518565929404,-0.005851856592940408,45.26838459148804,45,45.5,-0.2683845914880365,0.2316154085119635,50.38077235332322,50,50.5,-0.38077235332322346,0.11922764667677654,27.268384591488037
2024-01,monthly,Part_2,C_100,424169,233202,168216,22751,0.5497855807472964,0.39657777913991826,0.05363664011278523,10,0.9999764244911816,105,False,15.795307601880879,15,15.5,-0.7953076018808787,-0.2953076018808787,29.832365925441465,29,29.5,-0.832365925441465,-0.33236592544146504,47.34336421952959,47,47.5,-0.3433642195295903,0.1566357804704097,52.77476142641888,52,52.5,-0.7747614264188769,-0.2747614264188769,29.34336421952959
2024-01,monthly,Part_2,C_110,849406,462703,339801,46902,0.5447371457230111,0.4000454435217081,0.05521741075528075,63,0.9999258305215645,105,False,16.14960026808368,16,16.5,-0.149600268083681,0.350399731916319,29.83946262978521,29,29.5,-0.8394626297852099,-0.3394626297852099,47.45109687146627,47,47.5,-0.45109687146626953,0.04890312853373047,53.19496200394032,53,53.5,-0.1949620039403186,0.3050379960596814,29.45109687146627
2024-01,monthly,Part_2,C_120,621169,300003,282392,38774,0.4829651833880957,0.45461380075309615,0.06242101585880815,11,0.9999822914536945,105,False,18.832861078315624,18,18.5,-0.8328610783156236,-0.3328610783156236,33.818010610079575,33,33.5,-0.8180106100795754,-0.31801061007957543,49.50393177345287,49,49.5,-0.5039317734528694,-0.003931773452869436,54.12731311274508,54,54.5,-0.12731311274507817,0.37268688725492183,31.50393177345287
2024-01,monthly,Part_2,C_130,605516,384595,206402,14519,0.6351524980347341,0.3408696054274371,0.023977896537828895,8,0.9999867881278116,105,False,12.6132581257679,12,12.5,-0.6132581257678993,-0.11325812576789929,24.54954078876283,24,24.5,-0.5495407887628296,-0.049540788762829635,40.27081217112788,40,40.5,-0.27081217112787925,0.22918782887212075,45.526927939317304,45,45.5,-0.5269279393173036,-0.02692793931730364,22.27081217112788
2024-01,monthly,Part_2,C_301,384402,227656,142204,14542,0.5922341715183583,0.36993564029323467,0.03783018818840693,2,0.9999947971134385,105,False,14.133646322378716,14,14.5,-0.13364632237871632,0.3663536776212837,27.249722633136095,27,27.5,-0.24972263313609488,0.2502773668639051,44.200819606267586,44,44.5,-0.20081960626758644,0.29918039373241356,49.250778642936574,49,49.5,-0.2507786429365737,0.2492213570634263,26.200819606267586
2024-01,monthly,Part_2,C_320,398450,238590,149861,9999,0.5987953319111557,0.37610992596310705,0.025094742125737233,3,0.9999924708244448,105,False,14.11390142964635,14,14.5,-0.11390142964635075,0.38609857035364925,26.20234581326705,26,26.5,-0.20234581326705126,0.29765418673294874,41.12852552659764,41,41.5,-0.12852552659764171,0.3714744734023583,46.188727782974745,46,46.5,-0.18872778297474468,0.3112722170252553,23.12852552659764
2024-01,monthly,Part_2,C_400,234198,125348,101133,7717,0.5352223332393957,0.4318269156867266,0.03295075107387766,0,1.0,105,False,16.482722329415893,16,16.5,-0.48272232941589266,0.01727767058410734,29.274416816200976,29,29.5,-0.2744168162009757,0.2255831837990243,44.03178142076503,44,44.5,-0.031781420765028656,0.46821857923497134,48.517365710080924,48,48.5,-0.5173657100809237,-0.01736571008092369,26.03178142076503
2024-02,monthly,Part_2,C_999,7536907,4338109,2893879,304919,0.5755821320337374,0.38396108642444443,0.04045678154181815,252,0.9999665645337006,105,False,14.785488088545508,14,14.5,-0.7854880885455078,-0.2854880885455078,28.197363661459672,28,28.5,-0.1973636614596721,0.3026363385403279,44.62936136585008,44,44.5,-0.6293613658500803,-0.1293613658500803,50.004627280909894,50,50.5,-0.004627280909893727,0.4953727190901063,26.62936136585008
2024-02,monthly,Part_2,C_100,421906,233699,166491,21716,0.5539124828753325,0.3946163363403222,0.05147118078434533,19,0.999954966272108,105,False,15.561303827751196,15,15.5,-0.5613038277511961,-0.06130382775119614,29.724351365100897,29,29.5,-0.7243513651008975,-0.22435136510089748,47.008552727272736,47,47.5,-0.00855272727273615,0.49144727272726385,52.301310679611625,52,52.5,-0.3013106796116247,0.19868932038837528,29.008552727272736
2024-02,monthly,Part_2,C_110,842354,457149,340503,44702,0.5427041362657505,0.4042279136799968,0.05306795005425272,36,0.9999572626235526,105,False,16.157894736842106,16,16.5,-0.1578947368421062,0.3421052631578938,29.945572263993316,29,29.5,-0.9455722639933164,-0.4455722639933164,47.18559424678275,47,47.5,-0.18559424678274894,0.31440575321725106,52.664344473007695,52,52.5,-0.6643444730076951,-0.16434447300769506,29.18559424678275
2024-02,monthly,Part_2,C_120,627870,308825,279855,39190,0.4918613725771258,0.4457212480290506,0.06241737939382356,19,0.9999697389587017,105,False,18.409520756531496,18,18.5,-0.4095207565314958,0.09047924346850422,33.59018397764322,33,33.5,-0.5901839776432212,-0.09018397764322117,49.60646178092987,49,49.5,-0.6064617809298696,-0.10646178092986958,54.01182634730539,54,54.5,-0.01182634730538723,0.48817365269461277,31.60646178092987
2024-02,monthly,Part_2,C_130,607752,389735,203481,14536,0.641273085074175,0.3348092643051771,0.023917650620647896,3,0.9999950637760139,105,False,12.351101086246809,12,12.5,-0.3511010862468087,0.1488989137531913,24.012810769731843,24,24.5,-0.012810769731842697,0.4871892302681573,40.27931767833407,40,40.5,-0.27931767833406695,0.22068232166593305,45.25172193877552,45,45.5,-0.25172193877551763,0.24827806122448237,22.279317678334067
2024-02,monthly,Part_2,C_301,390450,233718,142865,13867,0.598586246638494,0.36589832244845694,0.03551543091304905,3,0.999992316557818,105,False,13.958960590660658,13,13.5,-0.9589605906606575,-0.45896059066065753,26.80807970221152,26,26.5,-0.8080797022115185,-0.3080797022115185,43.32102022867194,43,43.5,-0.3210202286719408,0.1789797713280592,48.890085127691535,48,48.5,-0.8900851276915347,-0.3900851276915347,25.32102022867194
2024-02,monthly,Part_2,C_320,399094,239037,150172,9885,0.5989491197562479,0.37628227936275666,0.024768600880995455,1,0.9999974943246454,105,False,14.124244338175584,14,14.5,-0.12424433817558445,0.37575566182441555,25.942286947141316,25,25.5,-0.9422869471413158,-0.4422869471413158,41.06729458917837,41,41.5,-0.06729458917836695,0.43270541082163305,45.93252069917203,45,45.5,-0.9325206991720307,-0.43252069917203073,23.067294589178367
2024-02,monthly,Part_2,C_400,233760,125156,101105,7499,0.535403832991102,0.4325162559890486,0.032079911019849416,1,0.9999957221081451,105,False,16.56304202801868,16,16.5,-0.5630420280186783,-0.06304202801867831,29.511482254697285,29,29.5,-0.5114822546972846,-0.011482254697284588,43.61139772045592,43,43.5,-0.6113977204559191,-0.11139772045591911,48.37047970479705,48,48.5,-0.3704797047970487,0.12952029520295127,25.61139772045592
2024-03,monthly,Part_2,C_999,7538830,4312728,2916803,309299,0.5720686101158933,0.3869039360219026,0.041027453862204084,232,0.999969225993954,105,False,14.869446544516588,14,14.5,-0.8694465445165882,-0.3694465445165882,28.049738538816207,28,28.5,-0.04973853881620727,0.45026146118379273,44.66963716924392,44,44.5,-0.66963716924392,-0.16963716924392003,49.738497198671226,49,49.5,-0.7384971986712259,-0.23849719867122587,26.66963716924392
2024-03,monthly,Part_2,C_100,421329,233438,166896,20995,0.5540515843912952,0.3961179980490306,0.04983041755967427,17,0.9999596514837573,105,False,15.586742109634551,15,15.5,-0.5867421096345513,-0.08674210963455131,29.50425442291491,29,29.5,-0.5042544229149115,-0.004254422914911515,46.321588126159554,46,46.5,-0.3215881261595541,0.17841187384044588,51.95963276836157,51,51.5,-0.9596327683615726,-0.45963276836157263,28.321588126159554
2024-03,monthly,Part_2,C_110,835449,448436,343897,43116,0.5367604725123856,0.4116313503277878,0.05160817715982663,28,0.9999664850876594,105,False,16.42932425617751,16,16.5,-0.4293242561775088,0.0706757438224912,29.802375405607787,29,29.5,-0.802375405607787,-0.302375405607787,46.63560734742249,46,46.5,-0.6356073474224928,-0.1356073474224928,52.3294629720451,52,52.5,-0.3294629720450999,0.1705370279549001,28.635607347422493
2024-03,monthly,Part_2,C_120,639365,313073,283224,43068,0.4896623994119165,0.4429770162583188,0.06736058432976469,18,0.9999718470670118,105,False,18.481250910149992,18,18.5,-0.481250910149992,0.018749089850008005,33.577305925315116,33,33.5,-0.577305925315116,-0.07730592531511604,49.85685515104571,49,49.5,-0.856855151045707,-0.356855151045707,54.615889011595804,54,54.5,-0.6158890115958044,-0.11588901159580445,31.856855151045707
2024-03,monthly,Part_2,C_130,611342,391359,204546,15437,0.6401637708516673,0.334585223982648,0.025251005165684674,3,0.9999950927631343,105,False,11.231085714285713,11,11.5,-0.23108571428571345,0.26891428571428655,24.144901701130692,24,24.5,-0.14490170113069212,0.3550982988693079,40.57950948634892,40,40.5,-0.5795094863489183,-0.0795094863489183,45.567334494773526,45,45.5,-0.5673344947735259,-0.06733449477352593,22.57950948634892
2024-03,monthly,Part_2,C_301,390454,231005,145345,14104,0.591631792733587,0.37224615447658366,0.03612205278982927,2,0.9999948777576873,105,False,14.06219640971489,14,14.5,-0.06219640971488971,0.4378035902851103,26.911785277146354,26,26.5,-0.9117852771463539,-0.41178527714635393,43.18941017559658,43,43.5,-0.1894101755965778,0.3105898244034222,48.55033460803059,48,48.5,-0.5503346080305889,-0.05033460803058887,25.189410175596578
2024-03,monthly,Part_2,C_320,405304,240196,154556,10552,0.5926317036101297,0.38133351755719164,0.02603477883267868,1,0.9999975327161834,105,False,14.27361804400074,14,14.5,-0.27361804400073986,0.22638195599926014,26.23090332805071,26,26.5,-0.23090332805071156,0.26909667194928844,41.46664893617021,41,41.5,-0.4666489361702091,0.03335106382979092,46.29560776302349,46,46.5,-0.2956077630234901,0.20439223697650988,23.46664893617021
2024-03,monthly,Part_2,C_400,231781,122187,102403,7191,0.527165729719002,0.4418092941181546,0.031024976162843373,1,0.9999956855825111,105,False,16.856493043168033,16,16.5,-0.8564930431680331,-0.3564930431680331,29.65121340015827,29,29.5,-0.6512134001582695,-0.15121340015826945,43.93127003699138,43,43.5,-0.9312700369913784,-0.43127003699137845,48.02797123391369,48,48.5,-0.027971233913689275,0.4720287660863107,25.93127003699138
2024-04,monthly,Part_2,C_999,7570371,4408948,2858834,302589,0.5823952353193786,0.37763459677207367,0.039970167908547675,275,0.9999636741713187,105,False,13.913199656343814,13,13.5,-0.9131996563438136,-0.4131996563438136,28.016324127101424,28,28.5,-0.016324127101423613,0.4836758728985764,44.76257426109516,44,44.5,-0.7625742610951605,-0.26257426109516047,49.82017185234483,49,49.5,-0.8201718523448278,-0.3201718523448278,26.76257426109516
2024-04,monthly,Part_2,C_100,424237,240288,164022,19927,0.5664003846906328,0.38662822903235694,0.04697138627701026,10,0.9999764282700472,105,False,14.563939364493246,14,14.5,-0.5639393644932458,-0.06393936449324578,29.357977158677972,29,29.5,-0.3579771586779721,0.14202284132202792,46.34284145504463,46,46.5,-0.3428414550446277,0.1571585449553723,51.31033279656466,51,51.5,-0.3103327965646585,0.1896672034353415,28.342841455044628
2024-04,monthly,Part_2,C_110,832905,455785,335781,41339,0.5472232727621997,0.4031444162299422,0.04963231100785804,33,0.9999603796351325,105,False,15.33904159929443,15,15.5,-0.3390415992944291,0.16095840070557088,29.889547052913596,29,29.5,-0.8895470529135956,-0.3895470529135956,46.72643567532884,46,46.5,-0.7264356753288368,-0.2264356753288368,51.91641648471616,51,51.5,-0.9164164847161587,-0.41641648471615866,28.726435675328837
2024-04,monthly,Part_2,C_120,652244,327399,280362,44483,0.5019578562623803,0.42984220629089726,0.0681999374467224,17,0.99997393613433,105,False,17.818194760820045,17,17.5,-0.8181947608200453,-0.3181947608200453,32.92867705608008,32,32.5,-0.9286770560800832,-0.4286770560800832,50.18888933520787,50,50.5,-0.18888933520786821,0.3111106647921318,55.29946902654864,55,55.5,-0.2994690265486426,0.2005309734513574,32.18888933520787
2024-04,monthly,Part_2,C_130,613214,400974,197181,15059,0.6538891806123148,0.32155332396194475,0.02455749542574044,4,0.999993476991719,105,False,11.327274643064117,11,11.5,-0.3272746430641167,0.1727253569358833,23.991198270537367,23,23.5,-0.9911982705373674,-0.4911982705373674,40.46248190279214,40,40.5,-0.46248190279214185,0.03751809720785815,45.714014786242345,45,45.5,-0.7140147862423447,-0.2140147862423447,22.462481902792142
2024-04,monthly,Part_2,C_301,392168,237712,141300,13156,0.606148385385855,0.3603047673446074,0.03354684726953754,2,0.9999949001448359,105,False,13.098412394797245,13,13.5,-0.09841239479724528,0.4015876052027547,26.625472207231518,26,26.5,-0.6254722072315175,-0.12547220723151753,42.86648355619805,42,42.5,-0.8664835561980482,-0.3664835561980482,47.98400383141761,47,47.5,-0.9840038314176098,-0.48400383141760983,24.866483556198048
2024-04,monthly,Part_2,C_320,410149,246974,152969,10206,0.6021567771712232,0.37295958298081916,0.024883639847957693,0,1.0,105,False,13.4315445026178,13,13.5,-0.4315445026178004,0.06845549738219958,26.099474035732175,26,26.5,-0.09947403573217528,0.4005259642678247,41.55258760107817,41,41.5,-0.552587601078173,-0.05258760107817295,46.189180722891564,46,46.5,-0.18918072289156385,0.31081927710843615,23.552587601078173
2024-04,monthly,Part_2,C_400,234119,124840,102034,7245,0.5332330994067119,0.43582109952630926,0.030945801066978758,2,0.9999914573357993,105,False,15.954460333673817,15,15.5,-0.9544603336738167,-0.45446033367381666,29.998181083265965,29,29.5,-0.9981810832659654,-0.49818108326596544,44.26891228070176,44,44.5,-0.26891228070176254,0.23108771929823746,48.33495260663506,48,48.5,-0.33495260663506343,0.16504739336493657,26.268912280701763
2024-05,monthly,Part_2,C_999,7601650,4491807,2802343,307500,0.5908989495701591,0.3686493064005841,0.0404517440292568,259,0.9999659284497444,105,False,14.20351310694919,14,14.5,-0.20351310694919,0.29648689305081,28.116996572447682,28,28.5,-0.11699657244768247,0.38300342755231753,44.950909194334365,44,44.5,-0.9509091943343648,-0.4509091943343648,49.998513651919765,49,49.5,-0.9985136519197653,-0.49851365191976527,26.950909194334365
2024-05,monthly,Part_2,C_100,423275,241452,161903,19920,0.5704376587325025,0.38250073829070935,0.04706160297678814,8,0.9999810997578407,105,False,14.951223021582734,14,14.5,-0.9512230215827344,-0.4512230215827344,29.515443189596166,29,29.5,-0.5154431895961658,-0.015443189596165752,46.49411764705882,46,46.5,-0.4941176470588218,0.005882352941178226,51.412216446124766,51,51.5,-0.4122164461247664,0.08778355387523362,28.49411764705882
2024-05,monthly,Part_2,C_110,837731,469098,326220,42413,0.5599625655490844,0.38940901076837314,0.05062842368254249,28,0.999966576383111,105,False,15.43520601165525,15,15.5,-0.4352060116552501,0.06479398834474992,29.978368587608262,29,29.5,-0.9783685876082622,-0.4783685876082622,47.19057511327989,47,47.5,-0.19057511327989118,0.3094248867201088,52.1701519069166,52,52.5,-0.1701519069166011,0.3298480930833989,29.19057511327989
2024-05,monthly,Part_2,C_120,656628,333974,277262,45392,0.5086197969017465,0.42225125946502434,0.06912894363322916,6,0.9999908624061112,105,False,17.62826743727834,17,17.5,-0.628267437278339,-0.128267437278339,32.970428353989995,32,32.5,-0.9704283539899947,-0.4704283539899947,50.446750718867506,50,50.5,-0.4467507188675057,0.053249281132494275,55.4228832951945,55,55.5,-0.4228832951945023,0.0771167048054977,32.446750718867506
2024-05,monthly,Part_2,C_130,613435,407490,190517,15428,0.6642757586378345,0.3105740624516045,0.02515017891056102,9,0.999985328518914,105,False,11.653950604632097,11,11.5,-0.6539506046320973,-0.1539506046320973,23.882650148435715,23,23.5,-0.8826501484357152,-0.3826501484357152,40.31643512450854,40,40.5,-0.31643512450853706,0.18356487549146294,45.73645617667357,45,45.5,-0.7364561766735704,-0.23645617667357044,22.316435124508537
2024-05,monthly,Part_2,C_301,390517,238399,139227,12891,0.6104702228072018,0.35651969056404714,0.033010086628751115,1,0.9999974392920155,105,False,13.39943734503147,13,13.5,-0.39943734503147077,0.10056265496852923,26.864289446186,26,26.5,-0.8642894461859996,-0.36428944618599957,42.97712864250178,42,42.5,-0.977128642501782,-0.477128642501782,47.907408325074314,47,47.5,-0.9074083250743143,-0.40740832507431435,24.977128642501782
2024-05,monthly,Part_2,C_320,412379,250004,151665,10710,0.6062481358168093,0.3677806095848722,0.025971254598318536,1,0.999997575046256,105,False,13.858702270157432,13,13.5,-0.8587022701574316,-0.3587022701574316,26.45659151401284,26,26.5,-0.45659151401283893,0.04340848598716107,41.82291408934708,41,41.5,-0.8229140893470799,-0.3229140893470799,46.596717284502006,46,46.5,-0.5967172845020059,-0.0967172845020059,23.82291408934708
2024-05,monthly,Part_2,C_400,234234,125936,100447,7851,0.5376503838042299,0.428831851908775,0.03351776428699506,1,0.9999957307649615,105,False,16.44440660650434,16,16.5,-0.44440660650434083,0.05559339349565917,30.554012345679013,30,30.5,-0.5540123456790127,-0.0540123456790127,44.979727891156465,44,44.5,-0.9797278911564646,-0.47972789115646464,48.968326693227084,48,48.5,-0.968326693227084,-0.468326693227084,26.979727891156465
2024-06,monthly,Part_2,C_999,7621297,4487082,2831522,302693,0.5887556934206868,0.371527575949343,0.0397167306299702,120,0.9999842546485198,105,False,14.342254037421007,14,14.5,-0.34225403742100724,0.15774596257899276,27.924810044387588,27,27.5,-0.9248100443875877,-0.42481004438758774,44.69614424746598,44,44.5,-0.6961442474659805,-0.19614424746598047,49.809782412073275,49,49.5,-0.8097824120732753,-0.3097824120732753,26.69614424746598
2024-06,monthly,Part_2,C_100,423728,240583,162755,20390,0.5677769701317826,0.38410253747687195,0.048120492391345394,10,0.9999763999546879,105,False,14.996713388110198,14,14.5,-0.9967133881101979,-0.49671338811019794,29.51336146272855,29,29.5,-0.5133614627285503,-0.013361462728550322,46.62157642220699,46,46.5,-0.6215764222069922,-0.12157642220699216,51.64382826475849,51,51.5,-0.6438282647584899,-0.14382826475848987,28.621576422206992
2024-06,monthly,Part_2,C_110,840043,471570,325815,42658,0.561364120646205,0.3878551455104084,0.05078073384338659,18,0.9999785725254541,105,False,15.353610019646366,15,15.5,-0.35361001964636607,0.14638998035363393,29.888824239289715,29,29.5,-0.8888242392897148,-0.38882423928971477,47.034881960713655,47,47.5,-0.03488196071365479,0.4651180392863452,52.15953539284845,52,52.5,-0.1595353928484471,0.3404646071515529,29.034881960713655
2024-06,monthly,Part_2,C_120,658437,329861,283743,44833,0.5009757957101438,0.43093416682233837,0.06809003746751777,7,0.9999893687626911,105,False,17.957843973492555,17,17.5,-0.9578439734925546,-0.45784397349255457,32.75837593821386,32,32.5,-0.7583759382138595,-0.2583759382138595,50.144181217555456,50,50.5,-0.144181217555456,0.355818782444544,55.25259648127129,55,55.5,-0.25259648127129,0.24740351872871003,32.144181217555456
2024-06,monthly,Part_2,C_130,610276,403453,191918,14905,0.6610992403437134,0.31447738400330344,0.02442337565298324,8,0.9999868911771067,105,False,11.41541575307809,11,11.5,-0.41541575307809,0.08458424692191002,22.7878032409627,22,22.5,-0.7878032409626989,-0.28780324096269894,39.78209689081707,39,39.5,-0.7820968908170727,-0.2820968908170727,45.32013840830448,45,45.5,-0.32013840830448004,0.17986159169551996,21.782096890817073
2024-06,monthly,Part_2,C_301,390983,237239,141769,11975,0.606775742167818,0.3625963277175734,0.030627930114608563,3,0.9999923270321216,105,False,13.616275129884798,13,13.5,-0.6162751298847979,-0.11627512988479793,26.436172006745362,26,26.5,-0.4361720067453625,0.0638279932546375,42.4475795706884,42,42.5,-0.44757957068839715,0.052420429311602845,47.569225543478254,47,47.5,-0.5692255434782538,-0.06922554347825383,24.447579570688397
2024-06,monthly,Part_2,C_320,417312,251224,155862,10226,0.6020052143240548,0.3734903381642512,0.024504447511693887,0,1.0,105,False,14.057435363525942,14,14.5,-0.057435363525941696,0.4425646364740583,25.875049741345006,25,25.5,-0.8750497413450056,-0.37504974134500557,41.281671018276775,41,41.5,-0.281671018276775,0.218328981723225,46.244622222222205,46,46.5,-0.24462222222220475,0.25537777777779525,23.281671018276775
2024-06,monthly,Part_2,C_400,234156,125101,100733,8322,0.5342634824646817,0.4301961085771879,0.03554040895813048,1,0.9999957293428313,105,False,16.582995237255247,16,16.5,-0.5829952372552469,-0.08299523725524693,30.60514018691589,30,30.5,-0.6051401869158894,-0.10514018691588944,45.377021276595755,45,45.5,-0.37702127659575524,0.12297872340424476,49.52425644415068,49,49.5,-0.5242564441506801,-0.024256444150680068,27.377021276595755
2024-07,monthly,Part_2,C_999,7623081,4484009,2848746,290326,0.5882147913684769,0.3737000826831041,0.03808512594841902,107,0.9999859636805644,105,False,13.983266435858885,13,13.5,-0.9832664358588854,-0.4832664358588854,26.86000076837046,26,26.5,-0.8600007683704582,-0.36000076837045825,44.108175717852696,44,44.5,-0.10817571785269564,0.39182428214730436,49.418164443612824,49,49.5,-0.4181644436128238,0.08183555638717621,26.108175717852696
2024-07,monthly,Part_2,C_100,419781,240220,159366,20195,0.5722507688532831,0.37964081270948424,0.04810841843723275,9,0.9999785602492728,105,False,14.508549027016814,14,14.5,-0.508549027016814,-0.008549027016814037,28.37300066644452,28,28.5,-0.37300066644451846,0.12699933355548154,46.35869884575027,46,46.5,-0.35869884575026845,0.14130115424973155,51.64037590579708,51,51.5,-0.6403759057970788,-0.14037590579707881,28.35869884575027
2024-07,monthly,Part_2,C_110,850977,485146,324223,41608,0.5701047149335411,0.3810008966164773,0.04889438844998161,17,0.9999800229618426,105,False,14.607564041643268,14,14.5,-0.6075640416432684,-0.10756404164326838,28.356761493315943,28,28.5,-0.3567614933159433,0.1432385066840567,46.31072625698325,46,46.5,-0.3107262569832514,0.1892737430167486,51.787522583559145,51,51.5,-0.7875225835591451,-0.28752258355914506,28.31072625698325
2024-07,monthly,Part_2,C_120,657441,324733,290574,42134,0.4939348169645641,0.4419773029062684,0.06408788012916748,7,0.9999893526567403,105,False,18.272575022216145,18,18.5,-0.27257502221614516,0.22742497778385484,32.51071153210706,32,32.5,-0.5107115321070594,-0.01071153210705944,49.44659539082917,49,49.5,-0.44659539082916666,0.05340460917083334,54.6572161741835,54,54.5,-0.6572161741835032,-0.1572161741835032,31.446595390829167
2024-07,monthly,Part_2,C_130,606819,398903,194158,13758,0.65736735336237,0.3199603176565005,0.022672328981129464,1,0.999998352062147,105,False,11.584555106167846,11,11.5,-0.584555106167846,-0.084555106167846,22.897648125178897,22,22.5,-0.8976481251788968,-0.3976481251788968,39.4620956155561,39,39.5,-0.4620956155561018,0.03790438444389821,44.54665688193083,44,44.5,-0.5466568819308293,-0.046656881930829286,21.462095615556102
2024-07,monthly,Part_2,C_301,389622,237948,141189,10485,0.6107150006929793,0.36237430124582287,0.026910698061197776,1,0.9999974334098177,105,False,13.317516316810725,13,13.5,-0.3175163168107247,0.18248368318927533,25.515731985653733,25,25.5,-0.5157319856537335,-0.01573198565373346,41.535986577181205,41,41.5,-0.5359865771812053,-0.03598657718120535,46.341559086395215,46,46.5,-0.3415590863952147,0.1584409136047853,23.535986577181205
2024-07,monthly,Part_2,C_320,417864,250335,157725,9804,0.5990824765952558,0.37745534432255473,0.02346217908218942,0,1.0,105,False,13.812559391827685,13,13.5,-0.8125593918276852,-0.3125593918276852,25.647116875793035,25,25.5,-0.647116875793035,-0.147116875793035,41.116428340342935,41,41.5,-0.11642834034293514,0.38357165965706486,45.68073788073787,45,45.5,-0.6807378807378726,-0.18073788073787256,23.116428340342935
2024-07,monthly,Part_2,C_400,235455,126389,100759,8307,0.5367862224204201,0.42793315070820326,0.035280626871376695,0,1.0,105,False,16.050182149362477,16,16.5,-0.050182149362477446,0.44981785063752255,29.36768130405855,29,29.5,-0.36768130405855004,0.13231869594144996,45.01439393939394,45,45.5,-0.014393939393940514,0.4856060606060595,49.41605473965287,49,49.5,-0.4160547396528713,0.08394526034712868,27.01439393939394
2024-08,monthly,Part_2,C_999,7641774,4452245,2906865,282664,0.5826192975610114,0.38039138556047325,0.03698931687851538,124,0.9999837734013071,105,False,14.597603885797334,14,14.5,-0.5976038857973336,-0.09760388579733359,27.422709815635695,27,27.5,-0.4227098156356952,0.07729018436430479,44.37408003153953,44,44.5,-0.3740800315395276,0.12591996846047238,49.266908317749824,49,49.5,-0.2669083177498237,0.2330916822501763,26.374080031539528
2024-08,monthly,Part_2,C_100,421682,239668,162142,19872,0.5683619409887072,0.3845124999407136,0.04712555907057925,10,0.9999762854473276,105,False,15.020492186768971,15,15.5,-0.02049218676897091,0.4795078132310291,28.85476866544179,28,28.5,-0.8547686654417888,-0.35476866544178876,46.422693649685975,46,46.5,-0.422693649685975,0.077306350314025,51.44245630174792,51,51.5,-0.4424563017479173,0.05754369825208272,28.422693649685975
2024-08,monthly,Part_2,C_110,853954,486868,326972,40114,0.5701337542771625,0.3828918185288669,0.04697442719397064,18,0.9999789215812561,105,False,15.071490731877121,15,15.5,-0.0714907318771214,0.4285092681228786,28.582850076752514,28,28.5,-0.5828500767525142,-0.08285007675251421,46.406554872986895,46,46.5,-0.4065548729868951,0.09344512701310492,51.40039452309119,51,51.5,-0.4003945230911867,0.09960547690881327,28.406554872986895
2024-08,monthly,Part_2,C_120,651027,314918,297425,38684,0.483724945355569,0.4568550920315133,0.059419962612917744,7,0.9999892477577735,105,False,18.682304076244446,18,18.5,-0.6823040762444457,-0.18230407624444567,32.19362944162437,32,32.5,-0.1936294416243669,0.3063705583756331,48.8712907744647,48,48.5,-0.8712907744646969,-0.37129077446469694,53.98590757069019,53,53.5,-0.9859075706901876,-0.48590757069018764,30.871290774464697
2024-08,monthly,Part_2,C_130,608212,397342,197536,13334,0.6532952325833755,0.3247814906644394,0.021923276752185094,6,0.9999901350187106,105,False,11.927441161742614,11,11.5,-0.9274411617426139,-0.42744116174261393,23.38614057698027,23,23.5,-0.3861405769802708,0.11385942301972918,39.60890976514216,39,39.5,-0.6089097651421582,-0.10890976514215822,44.72124105011934,44,44.5,-0.7212410501193389,-0.22124105011933892,21.608909765142158
2024-08,monthly,Part_2,C_301,390702,237748,142910,10044,0.6085149295370896,0.3657774979396061,0.025707572523304207,0,1.0,105,False,13.595075713790314,13,13.5,-0.5950757137903135,-0.09507571379031354,25.755784668660475,25,25.5,-0.7557846686604748,-0.2557846686604748,41.70839762611277,41,41.5,-0.7083976261127702,-0.20839762611277024,46.49301388266904,46,46.5,-0.49301388266903956,0.00698611733096044,23.70839762611277
2024-08,monthly,Part_2,C_320,418669,246265,162277,10127,0.5882093013812821,0.38760213916005243,0.024188559458665437,1,0.9999976114782799,105,False,14.577869861327644,14,14.5,-0.5778698613276436,-0.07786986132764362,26.502488100389442,26,26.5,-0.5024881003894421,-0.0024881003894421383,41.71647900466564,41,41.5,-0.7164790046656435,-0.21647900466564352,46.259272497897385,46,46.5,-0.2592724978973848,0.24072750210261518,23.716479004665644
2024-08,monthly,Part_2,C_400,236621,125671,101924,9026,0.5311067065053398,0.43074790487742,0.038145388617240227,1,0.9999957738324156,105,False,16.691972818008068,16,16.5,-0.6919728180080682,-0.1919728180080682,30.121915311273135,30,30.5,-0.12191531127313482,0.3780846887268652,45.88904552129222,45,45.5,-0.8890455212922177,-0.3890455212922177,49.93453403833443,49,49.5,-0.9345340383344265,-0.4345340383344265,27.889045521292218
2024-09,monthly,Part_2,C_999,7571549,4429902,2892623,249024,0.585072090268451,0.38203847059564694,0.032889439135902046,113,0.9999850757090788,105,False,14.404317951279685,14,14.5,-0.40431795127968506,0.09568204872031494,27.29329230960346,27,27.5,-0.29329230960345853,0.20670769039654147,43.69890949472516,43,43.5,-0.6989094947251573,-0.1989094947251573,48.4681925538399,48,48.5,-0.46819255383989855,0.03180744616010145,25.698909494725157
2024-09,monthly,Part_2,C_100,413805,238376,158368,17061,0.5760587716436486,0.38271166370633514,0.041229564650016315,7,0.9999830838196735,105,False,14.669510916197922,14,14.5,-0.6695109161979218,-0.1695109161979218,28.35810810810811,28,28.5,-0.3581081081081088,0.14189189189189122,45.45168539325844,45,45.5,-0.4516853932584368,0.04831460674156318,50.309995644599304,50,50.5,-0.3099956445993044,0.1900043554006956,27.451685393258437
2024-09,monthly,Part_2,C_110,851887,489898,325610,36379,0.5750739241237394,0.38222205527258896,0.042704020603671615,20,0.9999765227078239,105,False,14.823143126092608,14,14.5,-0.8231431260926083,-0.3231431260926083,28.068807147051423,28,28.5,-0.0688071470514231,0.4311928529485769,45.68107788366744,45,45.5,-0.6810778836674416,-0.1810778836674416,50.55444027517196,50,50.5,-0.554440275171963,-0.05444027517196304,27.68107788366744
2024-09,monthly,Part_2,C_120,639967,310934,297472,31561,0.4858594271267112,0.4648239674858235,0.04931660538746529,2,0.9999968748388589,105,False,18.62878682601445,18,18.5,-0.6287868260144513,-0.12878682601445135,31.93992857142857,31,31.5,-0.9399285714285703,-0.43992857142857034,47.41305831019437,47,47.5,-0.4130583101943728,0.08694168980562722,51.885809399477814,51,51.5,-0.8858093994778145,-0.38580939947781445,29.413058310194373
2024-09,monthly,Part_2,C_130,600374,392350,195730,12294,0.6535093125285238,0.3260134516151599,0.02047723585631623,4,0.9999933374863003,105,False,11.914200553544816,11,11.5,-0.9142005535448163,-0.41420055354481633,23.114953090240835,23,23.5,-0.11495309024083511,0.3850469097591649,38.1134082397004,38,38.5,-0.11340823970039793,0.38659176029960207,44.303099241674886,44,44.5,-0.3030992416748859,0.1969007583251141,20.113408239700398
2024-09,monthly,Part_2,C_301,390251,239284,142245,8722,0.6131540982598379,0.36449618322566757,0.022349718514494517,2,0.9999948750932093,105,False,13.347799395542124,13,13.5,-0.3477993955421237,0.1522006044578763,25.215818363273453,25,25.5,-0.21581836327345272,0.2841816367265473,40.91338830584709,40,40.5,-0.9133883058470929,-0.41338830584709285,45.80109011627908,45,45.5,-0.8010901162790773,-0.30109011627907734,22.913388305847093
2024-09,monthly,Part_2,C_320,412164,242201,160822,9141,0.5876325928513892,0.3901893421065401,0.022178065042070632,0,1.0,105,False,14.45035338734701,14,14.5,-0.45035338734700936,0.04964661265299064,26.428861788617887,26,26.5,-0.42886178861788693,0.07113821138211307,41.48987512007685,41,41.5,-0.48987512007685297,0.010124879923147034,45.90832672482156,45,45.5,-0.9083267248215634,-0.4083267248215634,23.489875120076853
2024-09,monthly,Part_2,C_400,234720,126698,99519,8503,0.5397835719154738,0.4239902862985685,0.03622614178595774,0,1.0,105,False,16.182610210838124,16,16.5,-0.18261021083812423,0.31738978916187577,29.808481152993348,29,29.5,-0.8084811529933482,-0.3084811529933482,45.4926853707415,45,45.5,-0.49268537074149776,0.0073146292585022366,49.61264290517821,49,49.5,-0.6126429051782125,-0.11264290517821252,27.492685370741498
2024-10,monthly,Part_2,C_999,7541371,4444500,2861957,234914,0.5893490719393065,0.3795008891619309,0.031150038898762573,148,0.9999803749212179,105,False,14.22778882811205,14,14.5,-0.22778882811205037,0.27221117188794963,26.861634609285804,26,26.5,-0.8616346092858045,-0.3616346092858045,42.36446396439973,42,42.5,-0.3644639643997323,0.13553603560026772,48.06904450426424,48,48.5,-0.06904450426424091,0.4309554957357591,24.364463964399732
2024-10,monthly,Part_2,C_100,412644,239771,157044,15829,0.5810601874739485,0.3805798702998226,0.038359942226228905,12,0.9999709192427371,105,False,14.506725993377483,14,14.5,-0.5067259933774828,-0.0067259933774828085,27.748176956733108,27,27.5,-0.7481769567331078,-0.2481769567331078,44.816700143472055,44,44.5,-0.8167001434720547,-0.31670014347205466,49.77788378143972,49,49.5,-0.7778837814397193,-0.27788378143971926,26.816700143472055
2024-10,monthly,Part_2,C_110,855660,497788,323243,34629,0.5817591099268401,0.3777703760839586,0.04047051398920132,27,0.9999684454105603,105,False,14.632733148661126,14,14.5,-0.6327331486611261,-0.13273314866112607,27.257284059895255,27,27.5,-0.25728405989525527,0.24271594010474473,44.966145634769376,44,44.5,-0.9661456347693758,-0.46614563476937576,50.09186712485682,50,50.5,-0.0918671248568188,0.4081328751431812,26.966145634769376
2024-10,monthly,Part_2,C_120,637647,310467,298068,29112,0.4868947866139102,0.46744985862083566,0.04565535476525413,2,0.9999968634683454,105,False,18.605982596084118,18,18.5,-0.6059825960841181,-0.10598259608411809,32.283375996849465,32,32.5,-0.2833759968494647,0.21662400315053532,47.17059148264984,47,47.5,-0.17059148264984003,0.32940851735015997,51.25628187919464,51,51.5,-0.2562818791946384,0.2437181208053616,29.17059148264984
2024-10,monthly,Part_2,C_130,593842,392659,190267,10916,0.6612179670686815,0.32040003906763076,0.01838199386368765,8,0.9999865284031779,105,False,11.48654957110346,11,11.5,-0.48654957110345975,0.013450428896540245,23.00939811010682,23,23.5,-0.009398110106818791,0.4906018898931812,37.90205754141238,37,37.5,-0.9020575414123826,-0.4020575414123826,42.50205861828333,42,42.5,-0.5020586182833284,-0.0020586182833284283,19.902057541412383
2024-10,monthly,Part_2,C_301,392609,243903,140759,7947,0.6212363954978108,0.3585220919540815,0.02024151254810766,3,0.9999923588099101,105,False,13.050909961685823,13,13.5,-0.05090996168582329,0.4490900383141767,24.91331188266986,24,24.5,-0.9133118826698592,-0.4133118826698592,39.67475000000001,39,39.5,-0.6747500000000102,-0.17475000000001017,45.02865883504649,45,45.5,-0.02865883504649247,0.47134116495350753,21.67475000000001
2024-10,monthly,Part_2,C_320,412017,245532,157291,9194,0.5959268670952897,0.38175851967273194,0.02231461323197829,2,0.9999951458313613,105,False,14.137328996460345,14,14.5,-0.13732899646034546,0.36267100353965454,26.205316256439612,26,26.5,-0.2053162564396125,0.2946837435603875,40.71349716446125,40,40.5,-0.713497164461252,-0.213497164461252,45.98743380855396,45,45.5,-0.9874338085539591,-0.4874338085539591,22.713497164461252
2024-10,monthly,Part_2,C_400,234414,127401,98515,8498,0.5434871637359543,0.42026073528031604,0.03625210098372964,1,0.9999957340431885,105,False,16.153043170559094,16,16.5,-0.15304317055909422,0.3469568294409058,29.424448473859172,29,29.5,-0.4244484738591723,0.07555152614082772,45.26408263649779,45,45.5,-0.26408263649778974,0.23591736350221026,49.50656779661016,49,49.5,-0.5065677966101632,-0.006567796610163157,27.26408263649779
2024-11,monthly,Part_2,C_999,7479867,4424701,2833599,221567,0.5915480850127416,0.37883013160528123,0.029621783381977247,151,0.9999798124752753,105,False,13.997676015951132,13,13.5,-0.9976760159511322,-0.4976760159511322,26.828068132582324,26,26.5,-0.8280681325823238,-0.3280681325823238,42.23204572384471,42,42.5,-0.23204572384471334,0.26795427615528666,46.69710435236107,46,46.5,-0.6971043523610732,-0.19710435236107315,24.232045723844713
2024-11,monthly,Part_2,C_100,409066,237867,156502,14697,0.5814880728293234,0.3825837395432522,0.035928187627424425,9,0.9999779986603629,105,False,14.418891379661709,14,14.5,-0.41889137966170864,0.08110862033829136,27.645460409611353,27,27.5,-0.6454604096113528,-0.14546040961135276,43.65071382636657,43,43.5,-0.6507138263665695,-0.1507138263665695,49.09080629301866,49,49.5,-0.09080629301865883,0.40919370698134117,25.65071382636657
2024-11,monthly,Part_2,C_110,853875,497556,324334,31985,0.582703557312253,0.3798377982725809,0.03745864441516616,27,0.9999683794466403,105,False,14.477328956132839,14,14.5,-0.47732895613283866,0.022671043867161345,27.273970856102004,27,27.5,-0.2739708561020038,0.22602914389799622,43.490273656445765,43,43.5,-0.4902736564457655,0.009726343554234518,49.28235668789809,49,49.5,-0.282356687898087,0.217643312101913,25.490273656445765
2024-11,monthly,Part_2,C_120,633270,311915,293203,28152,0.49254662308336095,0.46299840510366824,0.04445497181297077,4,0.9999936835788842,105,False,18.35284443447709,18,18.5,-0.35284443447708824,0.14715556552291176,32.012251525290296,32,32.5,-0.012251525290295717,0.4877484747097043,46.035366321442275,46,46.5,-0.03536632144227525,0.46463367855772475,51.076407154129406,51,51.5,-0.0764071541294058,0.4235928458705942,28.035366321442275
2024-11,monthly,Part_2,C_130,583645,388707,184994,9944,0.6659990233789376,0.31696322250683207,0.017037754114230398,10,0.9999828662971498,105,False,11.017477247695785,11,11.5,-0.01747724769578518,0.4825227523042148,22.686793591572478,22,22.5,-0.6867935915724779,-0.18679359157247788,37.766460422445064,37,37.5,-0.7664604224450642,-0.2664604224450642,42.45221712538226,42,42.5,-0.452217125382262,0.047782874617738,19.766460422445064
2024-11,monthly,Part_2,C_301,392808,246015,139158,7635,0.6262983442292418,0.35426467892710944,0.019436976843648805,4,0.9999898169080059,105,False,12.653426291165948,12,12.5,-0.6534262911659479,-0.15342629116594786,24.598188194038574,24,24.5,-0.598188194038574,-0.09818819403857404,39.20549915966388,39,39.5,-0.20549915966388,0.29450084033612,44.00941854877462,44,44.5,-0.009418548774618785,0.4905814512253812,21.20549915966388
2024-11,monthly,Part_2,C_320,411612,244919,157039,9654,0.5950239545980195,0.3815219187001351,0.023454126701845428,5,0.9999878526379211,105,False,13.956825856246985,13,13.5,-0.9568258562469847,-0.4568258562469847,26.124162999808686,26,26.5,-0.12416299980868573,0.3758370001913143,40.93443837279904,40,40.5,-0.9344383727990433,-0.4344383727990433,45.45997392438069,45,45.5,-0.45997392438069085,0.040026075619309154,22.934438372799043
2024-11,monthly,Part_2,C_400,234563,127977,98503,8083,0.5455975580121332,0.4199426166957278,0.034459825292139,1,0.9999957367530259,105,False,15.997407937075439,15,15.5,-0.9974079370754385,-0.4974079370754385,29.245856840620593,29,29.5,-0.24585684062059343,0.25414315937940657,43.99677803203662,43,43.5,-0.9967780320366231,-0.4967780320366231,48.97381679389309,48,48.5,-0.9738167938930928,-0.47381679389309284,25.996778032036623
2024-12,monthly,Part_2,C_999,7463085,4398544,2864139,200402,0.5893734293526068,0.383774136298863,0.026852434348530133,155,0.9999792311088511,105,False,14.213493830718047,14,14.5,-0.21349383071804695,0.28650616928195305,27.263490484390474,27,27.5,-0.2634904843904735,0.2365095156095265,42.734958528911996,42,42.5,-0.7349585289119958,-0.23495852891199576,47.17801122380919,47,47.5,-0.1780112238091931,0.3219887761908069,24.734958528911996
2024-12,monthly,Part_2,C_100,407980,235553,158689,13738,0.5773640864748272,0.38896269424971813,0.03367321927545468,8,0.9999803911956469,105,False,14.673089958361576,14,14.5,-0.6730899583615759,-0.17308995836157592,28.115846634852723,28,28.5,-0.11584663485272273,0.38415336514727727,44.211935266352,44,44.5,-0.21193526635200044,0.28806473364799956,48.73251895534962,48,48.5,-0.7325189553496188,-0.23251895534961875,26.211935266352
2024-12,monthly,Part_2,C_110,853202,489190,334808,29204,0.5733577745949963,0.3924135198932961,0.03422870551170766,30,0.9999648383384006,105,False,14.999468391441102,14,14.5,-0.999468391441102,-0.499468391441102,27.9327136408844,27,27.5,-0.9327136408844012,-0.43271364088440123,43.98933333333335,43,43.5,-0.9893333333333487,-0.4893333333333487,48.74529932112732,48,48.5,-0.7452993211273196,-0.24529932112731956,25.98933333333335
2024-12,monthly,Part_2,C_120,633387,311845,295393,26149,0.4923451223343706,0.46637048123816877,0.04128439642746062,5,0.9999921059320763,105,False,18.48866156016932,18,18.5,-0.4886615601693194,0.011338439830680613,32.72213168187744,32,32.5,-0.7221316818774426,-0.2221316818774426,46.786944868532665,46,46.5,-0.7869448685326645,-0.28694486853266454,50.51019859813085,50,50.5,-0.5101985981308488,-0.01019859813084878,28.786944868532665
2024-12,monthly,Part_2,C_130,589336,393427,186423,9486,0.6675767304220342,0.3163271885647576,0.016096081013208086,5,0.9999915158754937,105,False,11.515309010446149,11,11.5,-0.5153090104461491,-0.015309010446149074,22.98599956587801,22,22.5,-0.9859995658780107,-0.48599956587801074,38.18894339622641,38,38.5,-0.18894339622641354,0.31105660377358646,43.26764802093554,43,43.5,-0.26764802093553897,0.23235197906446103,20.188943396226414
2024-12,monthly,Part_2,C_301,396642,248013,141594,7035,0.625281740209055,0.35698186273768284,0.017736397053262135,13,0.9999672248526379,105,False,13.031474175035868,13,13.5,-0.0314741750358678,0.4685258249641322,24.837942639742465,24,24.5,-0.8379426397424652,-0.3379426397424652,39.24645294725957,39,39.5,-0.24645294725957,0.25354705274043,43.99953723180478,43,43.5,-0.9995372318047799,-0.49953723180477994,21.24645294725957
2024-12,monthly,Part_2,C_320,412953,247292,156842,8819,0.5988381244354685,0.3798059343315099,0.021355941233021675,2,0.9999951568338286,105,False,13.93204676351758,13,13.5,-0.9320467635175795,-0.43204676351757954,26.398262548262547,26,26.5,-0.39826254826254726,0.10173745173745274,41.30746144721234,41,41.5,-0.30746144721234003,0.19253855278765997,45.6573950976319,45,45.5,-0.6573950976318983,-0.1573950976318983,23.30746144721234
2024-12,monthly,Part_2,C_400,233555,126510,99960,7085,0.5416711267153347,0.42799340626404914,0.030335467020616128,0,1.0,105,False,16.206053653370986,16,16.5,-0.20605365337098647,0.29394634662901353,29.71144729503625,29,29.5,-0.7114472950362511,-0.21144729503625115,44.452558782849245,44,44.5,-0.4525587828492448,0.04744121715075522,48.28669871794872,48,48.5,-0.2866987179487168,0.21330128205128318,26.452558782849245
2025-01,monthly,Part_2,C_999,7427669,4371844,2856997,198828,0.5885889637785421,0.38464247666394397,0.02676855955751394,139,0.9999812861881702,105,False,14.435403793538073,14,14.5,-0.43540379353807346,0.06459620646192654,27.298616651470255,27,27.5,-0.2986166514702546,0.20138334852974538,42.39696532481599,42,42.5,-0.39696532481598723,0.10303467518401277,47.272836388792804,47,47.5,-0.27283638879280403,0.22716361120719597,24.396965324815987
2025-01,monthly,Part_2,C_100,406921,234847,158945,13129,0.5771316791219917,0.39060407302645966,0.03226424785154858,7,0.9999827976437687,105,False,14.810965630114566,14,14.5,-0.8109656301145662,-0.31096563011456624,28.188733482066244,28,28.5,-0.18873348206624385,0.31126651793375615,43.92909176470589,43,43.5,-0.9290917647058876,-0.4290917647058876,48.652568567696974,48,48.5,-0.6525685676969744,-0.15256856769697436,25.929091764705888
2025-01,monthly,Part_2,C_110,847963,479617,339895,28451,0.5656107636771888,0.4008370648247624,0.03355217149804885,29,0.9999658003945927,105,False,15.491516966067865,15,15.5,-0.49151696606786466,0.008483033932135342,28.178149213195944,28,28.5,-0.1781492131959439,0.3218507868040561,43.57782845810612,43,43.5,-0.5778284581061186,-0.0778284581061186,48.6232374567474,48,48.5,-0.6232374567473968,-0.12323745674739683,25.57782845810612
2025-01,monthly,Part_2,C_120,637631,315556,295431,26644,0.4948881092669585,0.46332596752667293,0.04178592320636857,7,0.9999890218637425,105,False,18.241820609837525,18,18.5,-0.24182060983752507,0.25817939016247493,32.754363397901535,32,32.5,-0.7543633979015354,-0.2543633979015354,47.11574659071293,47,47.5,-0.1157465907129307,0.3842534092870693,50.83201521789254,50,50.5,-0.8320152178925397,-0.33201521789253974,29.11574659071293
2025-01,monthly,Part_2,C_130,579892,387020,183671,9201,0.6674001365771558,0.31673311582156677,0.01586674760127748,2,0.9999965510819256,105,False,11.642398175976785,11,11.5,-0.6423981759767852,-0.14239817597678517,22.664212463844333,22,22.5,-0.6642124638443327,-0.16421246384433275,38.3648923246825,38,38.5,-0.36489232468250066,0.13510767531749934,43.027328029948535,43,43.5,-0.027328029948535004,0.472671970051465,20.3648923246825
2025-01,monthly,Part_2,C_301,395862,247323,141442,7097,0.6247707534443822,0.3573012817598052,0.01792796479581268,3,0.9999924216014672,105,False,13.193898367952523,13,13.5,-0.19389836795252258,0.3061016320474774,24.745361635220124,24,24.5,-0.7453616352201244,-0.24536163522012444,39.26130796670631,39,39.5,-0.26130796670631184,0.23869203329368816,43.86111878453036,43,43.5,-0.8611187845303618,-0.36111878453036184,21.261307966706312
2025-01,monthly,Part_2,C_320,415196,250129,156241,8826,0.6024359579572057,0.37630661181706954,0.021257430225724717,2,0.9999951829979095,105,False,14.118392687764077,14,14.5,-0.11839268776407685,0.38160731223592315,26.184533997199317,26,26.5,-0.18453399719931696,0.31546600280068304,40.93338993329291,40,40.5,-0.9333899332929079,-0.43338993329290787,45.7166938110749,45,45.5,-0.7166938110748973,-0.21669381107489727,22.933389933292908
2025-01,monthly,Part_2,C_400,232985,125291,100422,7272,0.5377642337489538,0.43102345644569395,0.031212309805352275,0,1.0,105,False,16.48519076305221,16,16.5,-0.4851907630522092,0.014809236947790794,29.923718128327263,29,29.5,-0.9237181283272626,-0.42371812832726263,44.682905138339926,44,44.5,-0.682905138339926,-0.18290513833992605,48.63057218895542,48,48.5,-0.6305721889554192,-0.13057218895541922,26.682905138339926
2025-02,monthly,Part_2,C_999,7401153,4379951,2827677,193525,0.5917930625133678,0.3820589845933465,0.02614795289328568,161,0.999978246632653,105,False,14.207862147378773,14,14.5,-0.20786214737877273,0.29213785262122727,26.79755397971564,26,26.5,-0.7975539797156408,-0.2975539797156408,42.2183233356486,42,42.5,-0.21832333564859852,0.2816766643514015,46.6089838924261,46,46.5,-0.6089838924261031,-0.10898389242610307,24.2183233356486
2025-02,monthly,Part_2,C_100,407640,237157,157824,12659,0.5817804925915023,0.38716514571680893,0.031054361691688744,31,0.9999239525071141,105,False,14.474484256243214,14,14.5,-0.47448425624321366,0.025515743756786335,27.780745967741936,27,27.5,-0.7807459677419359,-0.28074596774193594,43.48347931138628,43,43.5,-0.483479311386283,0.016520688613717027,48.15142718916304,48,48.5,-0.1514271891630372,0.3485728108369628,25.483479311386283
2025-02,monthly,Part_2,C_110,841700,473041,342011,26648,0.5620066532018534,0.4063336105500772,0.031659736248069385,20,0.9999762385648093,105,False,15.460467021712413,15,15.5,-0.4604670217124127,0.039532978287587284,28.005246065450912,28,28.5,-0.005246065450911885,0.4947539345490881,43.30513376717281,43,43.5,-0.30513376717281204,0.19486623282718796,48.02681507715659,48,48.5,-0.02681507715659137,0.47318492284340863,25.305133767172812
2025-02,monthly,Part_2,C_120,634084,318084,289610,26390,0.5016433153966983,0.4567375931264627,0.04161909147683903,7,0.9999889604531892,105,False,17.92566169651138,17,17.5,-0.92566169651138,-0.42566169651137997,32.35353535353536,32,32.5,-0.3535353535353565,0.14646464646464352,46.525471836137534,46,46.5,-0.5254718361375339,-0.0254718361375339,50.75982551799344,50,50.5,-0.7598255179934412,-0.2598255179934412,28.525471836137534
2025-02,monthly,Part_2,C_130,582395,392636,180533,9226,0.6741747439452606,0.30998377389915777,0.015841482155581694,2,0.9999965659045836,105,False,11.284269536311905,11,11.5,-0.2842695363119052,0.2157304636880948,22.023135765486252,22,22.5,-0.02313576548625207,0.47686423451374793,38.0458394160584,38,38.5,-0.04583941605839925,0.45416058394160075,43.04410871545703,43,43.5,-0.044108715457028325,0.4558912845429717,20.0458394160584
2025-02,monthly,Part_2,C_301,394200,246268,141490,6442,0.624728564180619,0.3589294774226281,0.01634195839675292,2,0.9999949264332826,105,False,13.182219419924339,13,13.5,-0.18221941992433877,0.31778058007566123,24.347648570996522,24,24.5,-0.34764857099652247,0.15235142900347753,38.88021944529107,38,38.5,-0.8802194452910683,-0.3802194452910683,43.54646544876886,43,43.5,-0.5464654487688634,-0.04646544876886338,20.88021944529107
2025-02,monthly,Part_2,C_320,411581,248491,154918,8172,0.6037475004920052,0.3763973555630605,0.01985514394493429,3,0.9999927110337941,105,False,14.00744384468048,14,14.5,-0.007443844680480538,0.49255615531951946,25.57365969146174,25,25.5,-0.5736596914617387,-0.07365969146173867,40.498370986920335,40,40.5,-0.4983709869203352,0.0016290130796647873,44.92593550955412,44,44.5,-0.9259355095541224,-0.4259355095541224,22.498370986920335
2025-02,monthly,Part_2,C_400,229775,123341,99211,7223,0.5367903383744967,0.43177456207159176,0.03143509955391143,0,1.0,105,False,16.467739068610026,16,16.5,-0.467739068610026,0.03226093138997399,29.76106521097669,29,29.5,-0.7610652109766889,-0.2610652109766889,44.13791398912506,44,44.5,-0.13791398912506025,0.36208601087493975,48.4887339055794,48,48.5,-0.48873390557940155,0.01126609442059845,26.13791398912506
2025-03,monthly,Part_2,C_999,7418598,4434722,2803633,180243,0.5977843792048039,0.3779195206425796,0.024296100152616438,147,0.9999801849352128,105,False,13.820440441539898,13,13.5,-0.8204404415398976,-0.3204404415398976,26.28303798598402,26,26.5,-0.28303798598401997,0.21696201401598003,41.890477884267035,41,41.5,-0.8904778842670353,-0.39047788426703534,46.41882111497895,46,46.5,-0.4188211149789467,0.0811788850210533,23.890477884267035
2025-03,monthly,Part_2,C_100,403986,238183,154420,11383,0.5895823122583456,0.3822409687464417,0.028176718995212704,16,0.9999603946671419,105,False,14.097513357994245,14,14.5,-0.0975133579942451,0.4024866420057549,27.117395104895106,27,27.5,-0.11739510489510607,0.3826048951048939,42.796450597860286,42,42.5,-0.7964505978602858,-0.2964505978602858,47.473353293413155,47,47.5,-0.4733532934131546,0.026646706586845426,24.796450597860286
2025-03,monthly,Part_2,C_110,843066,478393,341038,23635,0.5674443044791274,0.40452111697067605,0.028034578550196546,21,0.9999750909181487,105,False,15.261113468156319,15,15.5,-0.261113468156319,0.23888653184368103,27.46722904680454,27,27.5,-0.46722904680454036,0.03277095319545964,42.77578839690196,42,42.5,-0.7757883969019588,-0.2757883969019588,47.43290709290709,47,47.5,-0.4329070929070866,0.06709290709291338,24.77578839690196
2025-03,monthly,Part_2,C_120,637737,324966,287664,25107,0.5095611513837208,0.4510699551696075,0.03936889344667159,5,0.9999921597774631,105,False,17.577179113792386,17,17.5,-0.5771791137923863,-0.07717911379238629,31.595051132213296,31,31.5,-0.5950511322132961,-0.09505113221329609,46.2527509142625,46,46.5,-0.2527509142624993,0.2472490857375007,50.09519082001032,50,50.5,-0.09519082001032331,0.4048091799896767,28.2527509142625
2025-03,monthly,Part_2,C_130,586084,399949,177650,8485,0.6824090062175387,0.30311354686358954,0.014477446918871697,6,0.9999897625596331,105,False,9.90406079316077,9,9.5,-0.9040607931607703,-0.40406079316077026,21.674324179933755,21,21.5,-0.6743241799337554,-0.17432417993375537,37.550567047943545,37,37.5,-0.5505670479435452,-0.05056704794354516,42.543086916176904,42,42.5,-0.5430869161769039,-0.043086916176903856,19.550567047943545
2025-03,monthly,Part_2,C_301,395202,247353,141540,6309,0.6258900511637087,0.35814596079979355,0.01596398803649779,6,0.9999848178905977,105,False,12.362864385297845,12,12.5,-0.36286438529784526,0.13713561470215474,24.506622998544398,24,24.5,-0.5066229985443975,-0.006622998544397518,38.86851944792974,38,38.5,-0.8685194479297422,-0.3685194479297422,43.32355309511825,43,43.5,-0.3235530951182497,0.1764469048817503,20.868519447929742
2025-03,monthly,Part_2,C_320,415194,252962,154383,7849,0.6092621762356875,0.3718334079972254,0.018904415767087193,4,0.9999903659494116,105,False,13.651520327980867,13,13.5,-0.651520327980867,-0.151520327980867,25.298280423280424,25,25.5,-0.29828042328042415,0.20171957671957585,40.156622167028885,40,40.5,-0.15662216702888543,0.34337783297111457,44.67947368421052,44,44.5,-0.6794736842105209,-0.1794736842105209,22.156622167028885
2025-03,monthly,Part_2,C_400,226120,122232,97643,6245,0.5405625331682292,0.4318193879356094,0.02761807889616133,1,0.9999955775694321,105,False,16.3364519611371,16,16.5,-0.33645196113710085,0.16354803886289915,29.013250883392224,29,29.5,-0.013250883392224466,0.48674911660777553,43.756881275841714,43,43.5,-0.7568812758417138,-0.25688127584171383,47.79256360078278,47,47.5,-0.7925636007827777,-0.29256360078277766,25.756881275841714
2025-04,monthly,Part_2,C_999,7389065,4413682,2785360,190023,0.5973261840300498,0.3769570304226583,0.025716785547291843,171,0.9999768576944444,105,False,13.258164624994427,13,13.5,-0.2581646249944267,0.24183537500557328,26.59107459386364,26,26.5,-0.5910745938636417,-0.0910745938636417,42.261807186054796,42,42.5,-0.2618071860547957,0.2381928139452043,46.71431791195743,46,46.5,-0.7143179119574299,-0.21431791195742989,24.261807186054796
2025-04,monthly,Part_2,C_100,397004,234740,150529,11735,0.591278677292924,0.3791624265750471,0.029558896132028896,19,0.9999521415401356,105,False,13.477978543195935,13,13.5,-0.4779785431959347,0.02202145680406531,27.374037968188816,27,27.5,-0.37403796818881574,0.12596203181118426,43.14483142161974,43,43.5,-0.14483142161974172,0.3551685783802583,47.64980306345733,47,47.5,-0.6498030634573269,-0.14980306345732686,25.14483142161974
2025-04,monthly,Part_2,C_110,844120,477639,341886,24595,0.5658425342368384,0.4050206131829598,0.029136852580201867,28,0.9999668293607544,105,False,14.522309944114255,14,14.5,-0.5223099441142551,-0.02230994411425513,28.00903020185157,28,28.5,-0.00903020185156933,0.49096979814843067,43.226955397543634,43,43.5,-0.2269553975436338,0.2730446024563662,47.62658355117635,47,47.5,-0.6265835511763527,-0.12658355117635267,25.226955397543634
2025-04,monthly,Part_2,C_120,638914,325185,287060,26669,0.5089652128455473,0.4492936451541209,0.04174114200033181,6,0.9999906090647568,105,False,17.093814269894004,17,17.5,-0.0938142698940041,0.4061857301059959,31.407009345794393,31,31.5,-0.40700934579439263,0.09299065420560737,46.724152744630075,46,46.5,-0.7241527446300751,-0.22415274463007506,50.62416502946953,50,50.5,-0.6241650294695305,-0.12416502946953045,28.724152744630075
2025-04,monthly,Part_2,C_130,588639,405214,174139,9286,0.6883913570116829,0.295833269627055,0.015775373361262165,5,0.9999915058295492,105,False,10.204422869471413,10,10.5,-0.2044228694714132,0.2955771305285868,21.660032261421584,21,21.5,-0.6600322614215841,-0.1600322614215841,37.260705521472396,37,37.5,-0.2607055214723957,0.23929447852760433,42.51376910016975,42,42.5,-0.5137691001697533,-0.013769100169753301,19.260705521472396
2025-04,monthly,Part_2,C_301,387015,241934,138243,6838,0.6251282250041988,0.35720320917793885,0.01766856581786236,10,0.9999741612082219,105,False,12.57304385210662,12,12.5,-0.5730438521066201,-0.07304385210662012,24.822808262377798,24,24.5,-0.8228082623777979,-0.3228082623777979,39.3467274503419,39,39.5,-0.346727450341902,0.153272549658098,43.820932754880694,43,43.5,-0.820932754880694,-0.32093275488069395,21.346727450341902
2025-04,monthly,Part_2,C_320,409020,247379,153940,7701,0.6048090557918928,0.3763630140335436,0.018827930174563592,1,0.9999975551317783,105,False,13.234425394669834,13,13.5,-0.23442539466983447,0.2655746053301655,25.51634774747627,25,25.5,-0.5163477474762708,-0.01634774747627077,40.344296392590195,40,40.5,-0.34429639259019496,0.15570360740980504,44.725442834138484,44,44.5,-0.7254428341384838,-0.22544283413848376,22.344296392590195
2025-04,monthly,Part_2,C_400,223699,120448,96629,6622,0.5384378115235204,0.4319599104153349,0.02960227806114466,0,1.0,105,False,15.645803314121038,15,15.5,-0.6458033141210375,-0.14580331412103753,29.269337016574585,29,29.5,-0.2693370165745854,0.23066298342541458,44.0908568496665,44,44.5,-0.0908568496665012,0.4091431503334988,48.1579417293233,48,48.5,-0.15794172932329786,0.34205827067670214,26.0908568496665
2025-05,monthly,Part_2,C_999,7355950,4482076,2677035,196839,0.6093130051183056,0.3639278407275743,0.026759154154120134,160,0.9999782489005499,105,False,13.56979489010553,13,13.5,-0.5697948901055305,-0.06979489010553053,26.785490657376826,26,26.5,-0.7854906573768261,-0.2854906573768261,42.526729349836934,42,42.5,-0.5267293498369341,-0.02672934983693409,47.1793781203044,47,47.5,-0.17937812030439915,0.32062187969560085,24.526729349836934
2025-05,monthly,Part_2,C_100,394228,237313,145447,11468,0.6019689113913775,0.368941323295149,0.02908976531347342,17,0.9999568777458729,105,False,13.841527491086508,13,13.5,-0.8415274910865076,-0.3415274910865076,27.424372636644897,27,27.5,-0.4243726366448968,0.07562736335510323,43.214672670592314,43,43.5,-0.21467267059231432,0.2853273294076857,47.76193801833259,47,47.5,-0.761938018332593,-0.261938018332593,25.214672670592314
2025-05,monthly,Part_2,C_110,843398,489666,328571,25161,0.58058710122623,0.3895800084894676,0.02983289028430231,27,0.9999679866445024,105,False,14.709806212873698,14,14.5,-0.7098062128736977,-0.20980621287369772,28.16390171374912,28,28.5,-0.16390171374911944,0.33609828625088056,43.57337985725615,43,43.5,-0.5733798572561497,-0.0733798572561497,48.06516285211267,48,48.5,-0.06516285211267103,0.43483714788732897,25.57337985725615
2025-05,monthly,Part_2,C_120,636238,328412,279296,28530,0.5161779082670321,0.4389803815553299,0.044841710177637925,4,0.9999937130444897,105,False,17.308823529411764,17,17.5,-0.3088235294117645,0.1911764705882355,31.768801502034005,31,31.5,-0.7688015020340053,-0.2688015020340053,47.076945425991376,47,47.5,-0.07694542599137577,0.42305457400862423,51.20438787878787,51,51.5,-0.20438787878786968,0.2956121212121303,29.076945425991376
2025-05,monthly,Part_2,C_130,589546,414116,165881,9549,0.7024320409264078,0.28137074969552844,0.0161972093780638,3,0.9999949113385554,105,False,10.584881021474173,10,10.5,-0.5848810214741729,-0.08488102147417287,20.558811196142152,20,20.5,-0.5588111961421518,-0.0588111961421518,36.94669618696189,36,36.5,-0.9466961869618871,-0.44669618696188707,42.38771293947081,42,42.5,-0.3877129394708092,0.1122870605291908,18.946696186961887
2025-05,monthly,Part_2,C_301,376849,240350,129956,6543,0.637788610292186,0.34484899787448026,0.017362391833333775,21,0.9999442747625706,105,False,12.713863422157484,12,12.5,-0.713863422157484,-0.213863422157484,24.768025716145832,24,24.5,-0.7680257161458321,-0.26802571614583215,39.339516908212566,39,39.5,-0.3395169082125662,0.1604830917874338,43.990166447656584,43,43.5,-0.9901664476565841,-0.4901664476565841,21.339516908212566
2025-05,monthly,Part_2,C_320,400038,245882,146501,7655,0.6146466085721857,0.3662177093176148,0.01913568211019953,1,0.9999975002374775,105,False,13.690406121247793,13,13.5,-0.6904061212477934,-0.19040612124779344,25.799257350712338,25,25.5,-0.7992573507123382,-0.29925735071233817,40.59334219269104,40,40.5,-0.5933421926910398,-0.09334219269103983,45.04639513108613,45,45.5,-0.04639513108612903,0.453604868913871,22.59334219269104
2025-05,monthly,Part_2,C_400,222406,123241,92414,6751,0.5541262376015036,0.4155193654847441,0.030354396913752326,0,1.0,105,False,15.786216596343179,15,15.5,-0.7862165963431789,-0.28621659634317886,29.337440617577197,29,29.5,-0.33744061757719734,0.16255938242280266,44.37826231322635,44,44.5,-0.37826231322635095,0.12173768677364905,48.453643303261615,48,48.5,-0.4536433032616145,0.046356696738385494,26.37826231322635
2025-06,monthly,Part_2,C_999,7367836,4533070,2643011,191755,0.6152512080887794,0.3587228325929079,0.02602595931831273,182,0.9999752980386643,105,False,13.397750439012574,13,13.5,-0.3977504390125741,0.10224956098742588,25.669033809591173,25,25.5,-0.6690338095911734,-0.16903380959117342,41.80654414023674,41,41.5,-0.8065441402367384,-0.30654414023673837,46.80770382001519,46,46.5,-0.8077038200151918,-0.3077038200151918,23.80654414023674
2025-06,monthly,Part_2,C_100,394989,241189,142790,11010,0.6106220679563228,0.36150373807878194,0.027874193964895225,15,0.9999620242589035,105,False,13.460025014431404,13,13.5,-0.46002501443140353,0.039974985568596466,26.40035355414961,26,26.5,-0.4003535541496106,0.0996464458503894,42.54457103637612,42,42.5,-0.5445710363761194,-0.044571036376119366,47.391823476702506,47,47.5,-0.3918234767025055,0.1081765232974945,24.54457103637612
2025-06,monthly,Part_2,C_110,848356,499760,323064,25532,0.589092315018695,0.3808118289963176,0.030095855984987433,26,0.9999693524888137,105,False,14.379021103823673,14,14.5,-0.37902110382367304,0.12097889617632696,27.86956170143943,27,27.5,-0.8695617014394301,-0.3695617014394301,43.045957930642416,43,43.5,-0.045957930642416045,0.45404206935758396,47.928903383611896,47,47.5,-0.9289033836118961,-0.42890338361189606,25.045957930642416
2025-06,monthly,Part_2,C_120,635920,329485,278606,27829,0.5181233488489118,0.43811485721474397,0.0437617939363442,7,0.9999889923260787,105,False,17.228426056102297,17,17.5,-0.22842605610229683,0.2715739438977032,31.44784451566215,31,31.5,-0.4478445156621511,0.05215548433784889,46.69472796288486,46,46.5,-0.6947279628848619,-0.19472796288486194,50.96896217264791,50,50.5,-0.9689621726479132,-0.4689621726479132,28.694727962884862
2025-06,monthly,Part_2,C_130,592361,418677,164878,8806,0.7067936612977559,0.27834040390910275,0.014865934793141345,8,0.9999864947219685,105,False,10.333882748367914,10,10.5,-0.3338827483679143,0.16611725163208568,20.30423119985072,20,20.5,-0.3042311998507188,0.19576880014928122,36.45515284910736,36,36.5,-0.45515284910735687,0.04484715089264313,41.45008722958826,41,41.5,-0.45008722958826297,0.04991277041173703,18.455152849107357
2025-06,monthly,Part_2,C_301,373867,241376,126316,6175,0.6456199664586605,0.3378634648150278,0.016516568726311763,42,0.9998876605851814,105,False,12.49772493131868,12,12.5,-0.4977249313186807,0.0022750686813193255,23.66440173689289,23,23.5,-0.6644017368928914,-0.1644017368928914,39.096850068775794,39,39.5,-0.09685006877579383,0.40314993122420617,43.7278856825749,43,43.5,-0.7278856825749003,-0.22788568257490027,21.096850068775794
2025-06,monthly,Part_2,C_320,395307,244312,143638,7357,0.618031049285745,0.363358098895289,0.018610851818966018,2,0.9999949406410714,105,False,13.687938046205762,13,13.5,-0.6879380462057618,-0.18793804620576182,24.736881618460565,24,24.5,-0.7368816184605649,-0.23688161846056488,40.02693446088795,40,40.5,-0.026934460887950706,0.4730655391120493,44.756707875457856,44,44.5,-0.756707875457856,-0.256707875457856,22.02693446088795
2025-06,monthly,Part_2,C_400,222585,125636,90231,6718,0.5644405508008177,0.40537772087067864,0.03018172832850372,1,0.9999955073342768,105,False,15.352864583333334,15,15.5,-0.3528645833333339,0.14713541666666607,28.905134581626683,28,28.5,-0.9051345816266831,-0.40513458162668314,43.739909149902665,43,43.5,-0.7399091499026653,-0.23990914990266532,48.30181047765794,48,48.5,-0.3018104776579378,0.19818952234206222,25.739909149902665
2025-07,monthly,Part_2,C_999,7299023,4468469,2641138,189416,0.612200975390816,0.36184815419817146,0.02595087041101254,244,0.9999665708684573,105,False,13.098968817940253,13,13.5,-0.09896881794025347,0.4010311820597465,25.431719765592586,25,25.5,-0.43171976559258596,0.06828023440741404,41.79667619335026,41,41.5,-0.7966761933502582,-0.2966761933502582,46.363480645319946,46,46.5,-0.36348064531994595,0.13651935468005405,23.796676193350258
2025-07,monthly,Part_2,C_100,395120,241466,142547,11107,0.6111206722008504,0.3607688803401498,0.028110447458999797,18,0.9999544442194777,105,False,13.04683908045977,13,13.5,-0.0468390804597707,0.4531609195402293,25.746753246753247,25,25.5,-0.7467532467532472,-0.24675324675324717,42.482466666666674,42,42.5,-0.48246666666667437,0.01753333333332563,47.09521507974867,47,47.5,-0.0952150797486695,0.4047849202513305,24.482466666666674
2025-07,monthly,Part_2,C_110,847453,498780,322240,26433,0.58856361355733,0.3802452761392077,0.031191110303462256,43,0.9999492597229581,105,False,14.022744028310234,14,14.5,-0.02274402831023359,0.4772559716897664,26.891868106078384,26,26.5,-0.891868106078384,-0.39186810607838396,43.35269282814615,43,43.5,-0.35269282814614655,0.14730717185385345,47.80579934074989,47,47.5,-0.8057993407498927,-0.3057993407498927,25.352692828146147
2025-07,monthly,Part_2,C_120,628560,320013,281560,26987,0.5091208476517755,0.4479445080819651,0.042934644266259384,15,0.9999761359297442,105,False,17.612189677332072,17,17.5,-0.6121896773320721,-0.11218967733207208,30.95505376344086,30,30.5,-0.9550537634408585,-0.45505376344085846,45.904144144144155,45,45.5,-0.9041441441441549,-0.4041441441441549,50.695752672637965,50,50.5,-0.6957526726379655,-0.19575267263796547,27.904144144144155
2025-07,monthly,Part_2,C_130,585619,410068,167353,8198,0.7002300130289488,0.28577112422923434,0.013998862741816779,5,0.9999914620256515,105,False,10.27226306181854,10,10.5,-0.2722630618185402,0.2277369381814598,20.548641719888458,20,20.5,-0.5486417198884581,-0.04864171988845811,36.09057099545225,36,36.5,-0.09057099545224645,0.40942900454775355,41.15818591744708,41,41.5,-0.15818591744707788,0.3418140825529221,18.090570995452246
2025-07,monthly,Part_2,C_301,374892,241775,126655,6462,0.6449190700255006,0.33784396572879655,0.01723696424570276,62,0.9998346190369493,105,False,11.929547395388557,11,11.5,-0.9295473953885569,-0.4295473953885569,23.661309832382926,23,23.5,-0.6613098323829263,-0.1613098323829263,39.32533333333334,39,39.5,-0.32533333333334014,0.17466666666665986,43.779380530973434,43,43.5,-0.7793805309734338,-0.27938053097343385,21.32533333333334
2025-07,monthly,Part_2,C_320,388296,239231,142128,6937,0.616104724230999,0.36603003893936586,0.017865236829635124,1,0.9999974246451161,105,False,13.28743665909488,13,13.5,-0.2874366590948796,0.2125633409051204,24.670562130177515,24,24.5,-0.6705621301775153,-0.17056213017751531,39.84,39,39.5,-0.8400000000000034,-0.3400000000000034,44.21463195691204,44,44.5,-0.21463195691203651,0.2853680430879635,21.840000000000003
2025-07,monthly,Part_2,C_400,218289,122110,89526,6653,0.5593960300335793,0.41012602558992894,0.030477944376491716,0,1.0,105,False,15.601671565025717,15,15.5,-0.6016715650257165,-0.1016715650257165,27.92575292805354,27,27.5,-0.9257529280535408,-0.4257529280535408,43.53511918274688,43,43.5,-0.5351191827468824,-0.035119182746882416,47.840217391304336,47,47.5,-0.8402173913043356,-0.3402173913043356,25.535119182746882
2025-08,monthly,Part_2,C_999,7312356,4458454,2665200,188702,0.6097151178088156,0.36447897230386483,0.02580590988731949,168,0.9999770251885985,105,False,13.451539855072463,13,13.5,-0.45153985507246297,0.04846014492753703,25.92775119617225,25,25.5,-0.9277511961722489,-0.4277511961722489,42.15704861304907,42,42.5,-0.1570486130490707,0.3429513869509293,46.77685157558925,46,46.5,-0.776851575589248,-0.276851575589248,24.15704861304907
2025-08,monthly,Part_2,C_100,395490,241613,142507,11370,0.6109206301044274,0.36033022326733927,0.02874914662823333,20,0.9999494298212345,105,False,13.42768411712511,13,13.5,-0.4276841171251107,0.07231588287488933,26.19649676241076,26,26.5,-0.19649676241076008,0.3035032375892399,42.785094471658496,42,42.5,-0.7850944716584962,-0.2850944716584962,47.467456896551724,47,47.5,-0.46745689655172384,0.032543103448276156,24.785094471658496
2025-08,monthly,Part_2,C_110,856471,504071,325607,26793,0.5885441538592667,0.3801728254663614,0.03128302067437193,32,0.9999626373806002,105,False,14.410060353967866,14,14.5,-0.4100603539678662,0.08993964603213378,27.224867148706334,27,27.5,-0.22486714870633406,0.27513285129366594,43.85818301514155,43,43.5,-0.8581830151415488,-0.3581830151415488,48.290754483611614,48,48.5,-0.2907544836116145,0.2092455163883855,25.85818301514155
2025-08,monthly,Part_2,C_120,623636,312981,284501,26154,0.5018648698920524,0.45619720477971126,0.04193792532823634,13,0.9999791545067956,105,False,17.92145606807591,17,17.5,-0.9214560680759085,-0.4214560680759085,31.003956087429533,31,31.5,-0.003956087429532573,0.4960439125704674,46.37424873382105,46,46.5,-0.37424873382104806,0.12575126617895194,50.54995898277275,50,50.5,-0.5499589827727505,-0.04995898277275046,28.374248733821048
2025-08,monthly,Part_2,C_130,587377,410068,169210,8099,0.698134247680791,0.2880773336375105,0.013788418681698467,2,0.9999965950318109,105,False,10.605893407864302,10,10.5,-0.6058934078643023,-0.10589340786430235,21.008001321752264,21,21.5,-0.00800132175226409,0.4919986782477359,36.13880149812733,36,36.5,-0.13880149812732867,0.36119850187267133,41.34070631970261,41,41.5,-0.3407063197026119,0.1592936802973881,18.13880149812733
2025-08,monthly,Part_2,C_301,377569,241754,128863,6952,0.6402909137137848,0.34129655771527856,0.0184125285709367,1,0.9999973514774783,105,False,12.365344916566317,12,12.5,-0.3653449165663165,0.1346550834336835,24.309389410081096,24,24.5,-0.30938941008109566,0.19061058991890434,40.018197866862835,40,40.5,-0.018197866862834644,0.48180213313716536,44.628495370370366,44,44.5,-0.6284953703703664,-0.1284953703703664,22.018197866862835
2025-08,monthly,Part_2,C_320,386717,236366,143425,6926,0.6112118163928661,0.370878445995392,0.01790973761174192,0,1.0,105,False,13.604250334672022,13,13.5,-0.604250334672022,-0.10425033467202205,25.384635572885422,25,25.5,-0.38463557288542205,0.11536442711457795,40.44581913499345,40,40.5,-0.4458191349934495,0.054180865006550505,44.73812903225805,44,44.5,-0.7381290322580512,-0.23812903225805115,22.44581913499345
2025-08,monthly,Part_2,C_400,219135,122715,89720,6700,0.5599972619618043,0.40942797818696236,0.030574759851233257,0,1.0,105,False,15.424332093337842,15,15.5,-0.42433209333784205,0.07566790666215795,28.285906897530513,28,28.5,-0.2859068975305128,0.2140931024694872,43.83223039215687,43,43.5,-0.8322303921568732,-0.3322303921568732,48.138020833333336,48,48.5,-0.1380208333333357,0.3619791666666643,25.832230392156873
2025-09,monthly,Part_2,C_999,7296893,4505684,2612677,178532,0.6174797958528376,0.3580533522966556,0.024466851850506784,150,0.9999794433055275,105,False,13.357978200639065,13,13.5,-0.3579782006390655,0.1420217993609345,25.84751463730129,25,25.5,-0.8475146373012912,-0.3475146373012912,41.81406993006994,41,41.5,-0.814069930069941,-0.314069930069941,46.414309618394114,46,46.5,-0.41430961839411395,0.08569038160588605,23.81406993006994
2025-09,monthly,Part_2,C_100,393730,243483,139321,10926,0.6184009346506489,0.35384908439793766,0.027749980951413403,9,0.9999771416960862,105,False,13.352645739910313,13,13.5,-0.35264573991031334,0.14735426008968666,25.980600957569752,25,25.5,-0.9806009575697523,-0.4806009575697523,42.43573712255774,42,42.5,-0.43573712255773955,0.06426287744226045,47.160508637236084,47,47.5,-0.16050863723608444,0.33949136276391556,24.43573712255774
2025-09,monthly,Part_2,C_110,860865,514085,320190,26590,0.5971726112688981,0.37193985119618056,0.03088753753492127,34,0.999960504841061,105,False,14.208398694195955,14,14.5,-0.2083986941959548,0.2916013058040452,26.886665888940737,26,26.5,-0.8866658889407368,-0.38666588894073683,43.56443829721839,43,43.5,-0.5644382972183877,-0.06443829721838767,48.148011049723756,48,48.5,-0.14801104972375612,0.3519889502762439,25.564438297218388
2025-09,monthly,Part_2,C_120,617531,316223,277471,23837,0.5120763168164837,0.4493231918721489,0.03860049131136736,13,0.9999789484252612,105,False,17.478605886876878,17,17.5,-0.47860588687687766,0.021394113123122338,30.957673627974746,30,30.5,-0.9576736279747458,-0.45767362797474576,45.7681745884964,45,45.5,-0.7681745884964002,-0.2681745884964002,50.07814457202504,50,50.5,-0.07814457202503888,0.4218554279749611,27.7681745884964
2025-09,monthly,Part_2,C_130,589819,416582,166129,7108,0.7062878611913146,0.2816609841324203,0.012051154676265092,3,0.9999949136938621,105,False,10.43706691744209,10,10.5,-0.43706691744209003,0.06293308255790997,20.399912466599098,20,20.5,-0.3999124665990976,0.10008753340090237,34.707748204478236,34,34.5,-0.7077482044782357,-0.20774820447823572,40.452834763148054,40,40.5,-0.45283476314805426,0.047165236851945735,16.707748204478236
2025-09,monthly,Part_2,C_301,379599,247107,125878,6614,0.6509685220456324,0.3316078282608753,0.017423649693492343,0,1.0,105,False,12.288620001734756,12,12.5,-0.2886200017347562,0.21137999826524378,24.1322021484375,24,24.5,-0.1322021484375,0.3677978515625,38.98263550472402,38,38.5,-0.9826355047240227,-0.4826355047240227,44.14752547307132,44,44.5,-0.1475254730713189,0.3524745269286811,20.982635504724023
2025-09,monthly,Part_2,C_320,388454,242334,139232,6888,0.6238422052546763,0.35842596549398387,0.017731829251339926,0,1.0,105,False,13.264429530201342,13,13.5,-0.2644295302013422,0.2355704697986578,25.221541563275434,25,25.5,-0.22154156327543362,0.2784584367245664,40.140046496180666,40,40.5,-0.14004649618066622,0.3599535038193338,44.532039268183844,44,44.5,-0.5320392681838442,-0.03203926818384417,22.140046496180666
2025-09,monthly,Part_2,C_400,219221,125336,88091,5794,0.5717335474247449,0.4018365028897779,0.02642994968547721,1,0.9999954383932196,105,False,15.18657237646237,15,15.5,-0.18657237646237057,0.31342762353762943,27.83937101910828,27,27.5,-0.839371019108281,-0.33937101910828105,43.11739030023095,43,43.5,-0.11739030023095154,0.38260969976904846,47.17914710485132,47,47.5,-0.17914710485131735,0.32085289514868265,25.11739030023095
2025-10,monthly,Part_2,C_999,7304189,4506981,2626449,170759,0.6170405776739896,0.3595811937505998,0.02337822857541063,172,0.9999764518689207,105,True,13.31106578940514,13,13.5,-0.3110657894051396,0.18893421059486037,25.277188140671818,25,25.5,-0.27718814067181796,0.22281185932818204,40.55139571699459,40,40.5,-0.5513957169945911,-0.05139571699459111,46.08410683574197,46,46.5,-0.08410683574197009,0.4158931642580299,22.55139571699459
2025-10,monthly,Part_2,C_100,391493,239706,141573,10214,0.6122868097258444,0.3616233240441081,0.026089866230047536,9,0.9999770110832122,105,True,13.522749134282416,13,13.5,-0.5227491342824155,-0.02274913428241554,25.634272709664923,25,25.5,-0.6342727096649234,-0.13427270966492344,41.33545268890401,41,41.5,-0.33545268890401303,0.16454731109598697,46.8881054131054,46,46.5,-0.8881054131054,-0.38810541310540003,23.335452688904013
2025-10,monthly,Part_2,C_110,858898,509729,322728,26441,0.5934686074481487,0.3757465962198072,0.030784796332044083,30,0.9999650715218804,105,True,14.33586975004251,14,14.5,-0.3358697500425105,0.16413024995748948,26.48526000748223,26,26.5,-0.4852600074822284,0.014739992517771583,42.356845468303355,42,42.5,-0.35684546830335506,0.14315453169664494,48.07451277609354,48,48.5,-0.07451277609354179,0.4254872239064582,24.356845468303355
2025-10,monthly,Part_2,C_120,613974,314759,277179,22036,0.5126585164844114,0.4514507128966373,0.03589077061895129,25,0.9999592816633929,105,True,17.44902878207855,17,17.5,-0.4490287820785497,0.05097121792145032,31.050641219832375,31,31.5,-0.05064121983237513,0.44935878016762487,45.33924661810615,45,45.5,-0.3392466181061522,0.1607533818938478,49.56550454210654,49,49.5,-0.5655045421065381,-0.06550454210653811,27.339246618106152
2025-10,monthly,Part_2,C_130,598593,424765,167483,6345,0.7096056920144406,0.2797944513216827,0.010599856663876792,5,0.9999916470790671,105,True,10.14147618307158,10,10.5,-0.14147618307158005,0.35852381692841995,20.16183267308055,20,20.5,-0.16183267308054994,0.33816732691945006,34.59236942932044,34,34.5,-0.592369429320442,-0.09236942932044201,39.1282336790726,39,39.5,-0.12823367907260064,0.37176632092739936,16.592369429320442
2025-10,monthly,Part_2,C_301,382448,249914,126253,6281,0.6534587708655817,0.33011808141237503,0.016423147722043258,0,1.0,105,True,12.165587257132854,12,12.5,-0.16558725713285405,0.33441274286714595,23.35136815920398,23,23.5,-0.3513681592039788,0.1486318407960212,38.31989111942839,38,38.5,-0.3198911194283909,0.18010888057160912,42.783938618925816,42,42.5,-0.7839386189258164,-0.2839386189258164,20.31989111942839
2025-10,monthly,Part_2,C_320,387527,243128,137874,6525,0.6273833823191675,0.3557790811995035,0.016837536481329043,5,0.9999870976731944,105,True,13.153018833087149,13,13.5,-0.15301883308714892,0.3469811669128511,24.434918601145615,24,24.5,-0.43491860114561476,0.06508139885438524,38.891663527934725,38,38.5,-0.8916635279347247,-0.3916635279347247,43.62717157214642,43,43.5,-0.6271715721464233,-0.12717157214642327,20.891663527934725
2025-10,monthly,Part_2,C_400,221595,127668,88512,5415,0.5761321329452379,0.3994313951127056,0.024436471942056455,2,0.9999909745255985,105,True,15.00441329179647,15,15.5,-0.00441329179646921,0.4955867082035308,27.304451345755695,27,27.5,-0.30445134575569455,0.19554865424430545,41.70288298473715,41,41.5,-0.7028829847371512,-0.20288298473715116,46.88356413994169,46,46.5,-0.88356413994169,-0.38356413994169003,23.70288298473715
2025-11,monthly,Part_2,C_999,7159010,4412862,2592027,154121,0.616406737803132,0.36206500619499066,0.021528256001877355,177,0.9999752759110547,105,True,12.897251587718342,12,12.5,-0.8972515877183422,-0.39725158771834224,25.116061783461685,25,25.5,-0.11606178346168505,0.38393821653831495,40.359550518779436,40,40.5,-0.3595505187794359,0.1404494812205641,44.696168468303405,44,44.5,-0.6961684683034051,-0.19616846830340506,22.359550518779436
2025-11,monthly,Part_2,C_100,381272,232483,139109,9680,0.6097562894731321,0.36485501164522965,0.025388698881638305,15,0.9999606580079313,105,True,13.252141057934509,13,13.5,-0.2521410579345087,0.2478589420654913,25.603299036420054,25,25.5,-0.6032990364200543,-0.10329903642005434,41.34426031533042,41,41.5,-0.34426031533042334,0.15573968466957666,45.79521444695258,45,45.5,-0.7952144469525777,-0.2952144469525777,23.344260315330423
2025-11,monthly,Part_2,C_110,845411,500392,320045,24974,0.5918919909960954,0.3785673477160813,0.02954066128782332,40,0.999952685735104,105,True,14.150525561395126,14,14.5,-0.15052556139512596,0.34947443860487404,26.30171901317745,26,26.5,-0.30171901317745053,0.19828098682254947,42.07905347846663,42,42.5,-0.07905347846663346,0.42094652153336654,46.61655706406448,46,46.5,-0.6165570640644802,-0.11655706406448019,24.079053478466633
2025-11,monthly,Part_2,C_120,588429,305981,264086,18362,0.5199964651640215,0.44879841068336196,0.03120512415261654,24,0.9999592134310171,105,True,17.061682615629984,17,17.5,-0.06168261562998367,0.4383173843700163,30.32721878224974,30,30.5,-0.32721878224974077,0.17278121775025923,43.84122009132421,43,43.5,-0.8412200913242103,-0.3412200913242103,47.93575514874139,47,47.5,-0.9357551487413929,-0.4357551487413929,25.84122009132421
2025-11,monthly,Part_2,C_130,597880,422995,169249,5636,0.7074914698601726,0.28308188934234296,0.009426640797484445,3,0.9999949822706897,105,True,9.984634681718408,9,9.5,-0.9846346817184077,-0.48463468171840773,20.279370595617337,20,20.5,-0.2793705956173369,0.2206294043826631,34.75154444210968,34,34.5,-0.7515444421096831,-0.2515444421096831,39.221660220172566,39,39.5,-0.22166022017256637,0.27833977982743363,16.751544442109683
2025-11,monthly,Part_2,C_301,375368,243220,126323,5825,0.6479508109375333,0.33653108416274163,0.01551810489972507,2,0.9999946718953134,105,True,11.980483191471068,11,11.5,-0.9804831914710679,-0.4804831914710679,23.471988101140308,23,23.5,-0.4719881011403082,0.028011898859691797,38.35751824817518,38,38.5,-0.3575182481751824,0.1424817518248176,42.72521348314606,42,42.5,-0.7252134831460566,-0.2252134831460566,20.357518248175182
2025-11,monthly,Part_2,C_320,383624,241441,136653,5530,0.6293688611765688,0.35621598231601775,0.014415156507413509,2,0.9999947865618418,105,True,12.669915064818953,12,12.5,-0.6699150648189534,-0.16991506481895335,24.052018633540374,24,24.5,-0.05201863354037428,0.4479813664596257,38.44359874608151,38,38.5,-0.44359874608151273,0.05640125391848727,42.64511784511784,42,42.5,-0.6451178451178379,-0.14511784511783787,20.443598746081513
2025-11,monthly,Part_2,C_400,216244,124101,87360,4783,0.5738933797007084,0.40398808753075227,0.022118532768539242,0,1.0,105,True,14.996776028826096,14,14.5,-0.9967760288260958,-0.49677602882609584,26.933494977485278,26,26.5,-0.9334949774852781,-0.4334949774852781,41.12379018612522,41,41.5,-0.12379018612521975,0.37620981387478025,45.23681159420289,45,45.5,-0.23681159420289077,0.2631884057971092,23.12379018612522
2025-12,monthly,Part_2,C_999,7199624,4424207,2636706,138711,0.6145052852760089,0.3662282919219115,0.019266422802079665,223,0.9999690261602551,105,False,13.445756276791181,13,13.5,-0.44575627679118135,0.05424372320881865,25.70651202749141,25,25.5,-0.7065120274914101,-0.20651202749141007,40.77806485012684,40,40.5,-0.7780648501268388,-0.2780648501268388,45.09326618077919,45,45.5,-0.0932661807791888,0.4067338192208112,22.77806485012684
2025-12,monthly,Part_2,C_100,385548,231583,144745,9220,0.6006593212777657,0.3754266654216855,0.02391401330054883,8,0.999979250313839,105,False,14.012637468647501,14,14.5,-0.012637468647501038,0.48736253135249896,26.4889032885145,26,26.5,-0.48890328851449993,0.011096711485500066,41.804321029461576,41,41.5,-0.8043210294615761,-0.30432102946157613,46.319737417943095,46,46.5,-0.3197374179430952,0.18026258205690482,23.804321029461576
2025-12,monthly,Part_2,C_110,844356,494157,327253,22946,0.5852472179980955,0.3875770409637641,0.02717574103814031,14,0.9999834193160231,105,False,14.64880051869462,14,14.5,-0.6488005186946193,-0.1488005186946193,27.101691006917754,27,27.5,-0.10169100691775412,0.3983089930822459,42.482154080854315,42,42.5,-0.48215408085431477,0.01784591914568523,47.067989027220925,47,47.5,-0.06798902722092492,0.4320109727790751,24.482154080854315
2025-12,monthly,Part_2,C_120,589602,309289,264157,16156,0.5245725082343683,0.4480259564926849,0.027401535272946836,73,0.9998761876655778,105,False,16.912006935413956,16,16.5,-0.9120069354139559,-0.41200693541395594,30.301944044435302,30,30.5,-0.3019440444353023,0.19805595556469768,44.27221796165489,44,44.5,-0.27221796165488854,0.22778203834511146,47.97419719583899,47,47.5,-0.9741971958389897,-0.47419719583898967,26.27221796165489
2025-12,monthly,Part_2,C_130,601191,422184,174041,4966,0.7022460416074093,0.2894936883619349,0.008260270030655815,2,0.9999966732702252,105,False,10.936020430823895,10,10.5,-0.9360204308238949,-0.43602043082389486,20.75117514336749,20,20.5,-0.7511751433674903,-0.25117514336749025,35.035821021528065,35,35.5,-0.03582102152806499,0.464178978471935,39.84323870573869,39,39.5,-0.8432387057386919,-0.34323870573869186,17.035821021528065
2025-12,monthly,Part_2,C_301,381239,246799,129324,5116,0.6473603172812855,0.33922027914248015,0.013419403576234331,14,0.9999632776289938,105,False,12.446236120182887,12,12.5,-0.4462361201828866,0.05376387981711339,23.83031168029625,23,23.5,-0.8303116802962514,-0.33031168029625135,38.64271207053816,38,38.5,-0.6427120705381597,-0.1427120705381597,42.832280772325014,42,42.5,-0.8322807723250136,-0.33228077232501363,20.64271207053816
2025-12,monthly,Part_2,C_320,386709,244374,137331,5004,0.6319325384203626,0.3551274989720953,0.012939962607542104,22,0.9999431096767853,105,False,13.014046157835596,13,13.5,-0.014046157835595707,0.4859538421644043,24.403426204819276,24,24.5,-0.4034262048192758,0.09657379518072418,38.78562304320602,38,38.5,-0.7856230432060229,-0.28562304320602294,42.95903263403263,42,42.5,-0.9590326340326314,-0.4590326340326314,20.785623043206023
2025-12,monthly,Part_2,C_400,219866,125405,90319,4142,0.5703701345364904,0.4107911182265562,0.018838747236953418,1,0.9999954517751721,105,False,15.168802323594738,15,15.5,-0.168802323594738,0.331197676405262,27.309733257661748,27,27.5,-0.30973325766174753,0.19026674233825247,41.31952868852459,41,41.5,-0.31952868852459204,0.18047131147540796,45.23942307692307,45,45.5,-0.2394230769230674,0.2605769230769326,23.319528688524592
2026-01,monthly,Part_2,C_999,7155958,4395958,2626140,133860,0.6143074064995909,0.3669865027156392,0.018706090784769838,200,0.9999720512613406,105,True,13.620905959175278,13,13.5,-0.6209059591752784,-0.12090595917527835,25.6484716552467,25,25.5,-0.6484716552466985,-0.14847165524669848,40.34745600000001,40,40.5,-0.3474560000000082,0.1525439999999918,44.98221540909941,44,44.5,-0.9822154090994104,-0.4822154090994104,22.347456000000008
2026-01,monthly,Part_2,C_100,386068,229920,147206,8942,0.5955427541262162,0.381295523068475,0.02316172280530891,7,0.9999818684791281,105,True,14.242948476871003,14,14.5,-0.2429484768710033,0.2570515231289967,26.720942053541172,26,26.5,-0.7209420535411724,-0.22094205354117236,41.68918084685398,41,41.5,-0.6891808468539793,-0.1891808468539793,46.25771453979545,46,46.5,-0.257714539795451,0.242285460204549,23.68918084685398
2026-01,monthly,Part_2,C_110,836764,484588,329908,22268,0.5791214727211018,0.3942664837397402,0.026612043539157994,35,0.9999581721967006,105,True,15.056198704103672,15,15.5,-0.05619870410367156,0.44380129589632844,27.405689878727785,27,27.5,-0.4056898787277845,0.0943101212722155,42.486710408589325,42,42.5,-0.4867104085893246,0.013289591410675428,46.97906595657516,46,46.5,-0.9790659565751625,-0.4790659565751625,24.486710408589325
2026-01,monthly,Part_2,C_120,587673,313528,258060,16085,0.5335075798956223,0.43912175648702595,0.027370663617351826,50,0.9999149186707573,105,True,16.5906037944883,16,16.5,-0.5906037944882989,-0.09060379448829892,30.08990306946688,30,30.5,-0.08990306946688165,0.41009693053311835,44.10412550349799,44,44.5,-0.10412550349798977,0.39587449650201023,48.06322589238145,48,48.5,-0.06322589238145326,0.43677410761854674,26.10412550349799
2026-01,monthly,Part_2,C_130,596635,415835,175605,5195,0.6969671574748381,0.2943256765023842,0.008707166022777746,5,0.9999916196669656,105,True,11.337321020474791,11,11.5,-0.33732102047479096,0.16267897952520904,20.661736898973526,20,20.5,-0.6617368989735262,-0.16173689897352617,35.055282817502686,35,35.5,-0.055282817502686044,0.44471718249731396,39.73472775564409,39,39.5,-0.7347277556440872,-0.2347277556440872,17.055282817502686
2026-01,monthly,Part_2,C_301,383007,248354,129910,4743,0.6484320129919297,0.33918440132947963,0.012383585678590731,7,0.9999817235716318,105,True,12.636004560631973,12,12.5,-0.6360045606319726,-0.13600456063197264,23.654311464761285,23,23.5,-0.6543114647612853,-0.15431146476128532,37.885871212121216,37,37.5,-0.8858712121212164,-0.38587121212121644,42.70949572997152,42,42.5,-0.7094957299715219,-0.20949572997152188,19.885871212121216
2026-01,monthly,Part_2,C_320,383680,245067,134041,4572,0.6387275854879065,0.34935623436196833,0.011916180150125103,25,0.9999348415346122,105,True,12.900240577385725,12,12.5,-0.9002405773857252,-0.40024057738572516,23.960345378957467,23,23.5,-0.9603453789574665,-0.4603453789574665,37.82629362214201,37,37.5,-0.8262936221420105,-0.3262936221420105,42.54434121621622,42,42.5,-0.5443412162162176,-0.04434121621621756,19.82629362214201
2026-01,monthly,Part_2,C_400,216423,123462,89335,3626,0.5704661704162681,0.41277960290726956,0.0167542266764623,0,1.0,105,True,15.375373134328358,15,15.5,-0.37537313432835795,0.12462686567164205,27.291589157587033,27,27.5,-0.2915891575870333,0.2084108424129667,41.0228427037271,41,41.5,-0.0228427037271004,0.4771572962728996,45.08628196268139,45,45.5,-0.08628196268139021,0.4137180373186098,23.0228427037271
2026-02,monthly,Part_2,C_999,7124952,4456261,2547820,120871,0.6254443538707348,0.35759118096514897,0.016964465164116194,189,0.9999734735055057,105,True,13.167078330194908,13,13.5,-0.16707833019490792,0.3329216698050921,24.587706159906496,24,24.5,-0.5877061599064959,-0.08770615990649588,39.45375296859394,39,39.5,-0.453752968593939,0.04624703140606101,43.87680248007085,43,43.5,-0.8768024800708503,-0.37680248007085027,21.45375296859394
2026-02,monthly,Part_2,C_100,384999,232154,144653,8192,0.6029989688284905,0.3757230538261138,0.0212779773453957,5,0.9999870129532804,105,True,13.933902416270174,13,13.5,-0.9339024162701737,-0.4339024162701737,25.932926829268293,25,25.5,-0.9329268292682933,-0.4329268292682933,40.90842898550725,40,40.5,-0.9084289855072498,-0.4084289855072498,45.52356440765649,45,45.5,-0.5235644076564867,-0.023564407656486708,22.90842898550725
2026-02,monthly,Part_2,C_110,829478,480436,328743,20299,0.5792028239446978,0.3963251587142757,0.024472017341026525,42,0.9999493657456858,105,True,14.938370196931054,14,14.5,-0.9383701969310536,-0.4383701969310536,26.996167979002625,26,26.5,-0.9961679790026245,-0.49616797900262455,41.599825352112674,41,41.5,-0.5998253521126742,-0.09982535211267418,46.444553072625695,46,46.5,-0.44455307262569477,0.05544692737430523,23.599825352112674
2026-02,monthly,Part_2,C_120,586374,323252,247678,15444,0.5512727371950326,0.4223891236651011,0.026338139139866365,33,0.9999437219249148,105,True,15.818988107236445,15,15.5,-0.8189881072364447,-0.31898810723644466,28.853033180650208,28,28.5,-0.8530331806502076,-0.3530331806502076,43.10234396399923,43,43.5,-0.10234396399923185,0.39765603600076815,47.4736653824986,47,47.5,-0.4736653824986021,0.026334617501397872,25.102343963999232
2026-02,monthly,Part_2,C_130,600584,423939,171503,5142,0.7058779454664127,0.28556038788912125,0.008561666644466052,2,0.9999966699079562,105,True,10.857285329610052,10,10.5,-0.8572853296100522,-0.3572853296100522,20.133626212703643,20,20.5,-0.13362621270364272,0.3663737872963573,34.50766331120155,34,34.5,-0.5076633112015472,-0.007663311201547174,39.124924012158026,39,39.5,-0.12492401215802573,0.37507598784197427,16.507663311201547
2026-02,monthly,Part_2,C_301,378852,249708,125169,3975,0.6591175445820532,0.33039023154160463,0.010492223876342213,4,0.9999894417872942,105,True,12.185753838409262,12,12.5,-0.18575383840926207,0.3142461615907379,22.645737855178734,22,22.5,-0.6457378551787336,-0.1457378551787336,36.91710993459982,36,36.5,-0.9171099345998215,-0.4171099345998215,41.289228007181315,41,41.5,-0.2892280071813147,0.2107719928186853,18.91710993459982
2026-02,monthly,Part_2,C_320,381409,251158,126112,4139,0.6585004548922547,0.3306476774276433,0.010851867680101938,28,0.9999265879934663,105,True,12.346555406153604,12,12.5,-0.3465554061536036,0.15344459384639642,22.6859984984985,22,22.5,-0.685998498498499,-0.18599849849849903,36.84571763327476,36,36.5,-0.8457176332747594,-0.34571763327475935,41.12507665352606,41,41.5,-0.12507665352605812,0.3749233464739419,18.84571763327476
2026-02,monthly,Part_2,C_400,213567,123044,87679,2844,0.5761376991763709,0.4105456367322667,0.01331666409136243,0,1.0,105,True,14.980447376890892,14,14.5,-0.9804473768908917,-0.4804473768908917,26.520523774145616,26,26.5,-0.5205237741456159,-0.020523774145615903,39.90058659217878,39,39.5,-0.900586592178783,-0.400586592178783,43.90169430425378,43,43.5,-0.9016943042537804,-0.4016943042537804,21.900586592178783
2026-03,monthly,Part_2,C_999,7014835,4580320,2341908,92607,0.6529476459531836,0.33385076056671326,0.013201593480103238,154,0.9999780465256844,105,False,11.32913722093741,11,11.5,-0.32913722093740994,0.17086277906259006,23.32938871197593,23,23.5,-0.32938871197593045,0.17061128802406955,38.339913811525044,38,38.5,-0.33991381152504374,0.16008618847495626,42.53069829760403,42,42.5,-0.5306982976040331,-0.030698297604033087,20.339913811525044
2026-03,monthly,Part_2,C_100,376204,236728,133561,5915,0.6292543407300295,0.3550228067750476,0.015722852494922966,7,0.9999813930739705,105,False,12.084110885733605,12,12.5,-0.08411088573360459,0.4158891142663954,24.913588730458684,24,24.5,-0.9135887304586845,-0.4135887304586845,39.89659140117538,39,39.5,-0.8965914011753782,-0.39659140117537817,44.05201839550332,44,44.5,-0.05201839550331755,0.44798160449668245,21.896591401175378
2026-03,monthly,Part_2,C_110,818003,485558,316115,16330,0.5935895100629215,0.3864472379685649,0.019963251968513562,34,0.9999584353602615,105,False,14.45610940578183,14,14.5,-0.4561094057818291,0.043890594218170875,26.03134053715449,26,26.5,-0.0313405371544917,0.4686594628455083,40.91044121833191,40,40.5,-0.9104412183319113,-0.4104412183319113,45.12910714285714,45,45.5,-0.1291071428571371,0.3708928571428629,22.91044121833191
2026-03,monthly,Part_2,C_120,579154,338334,228246,12574,0.5841865894045453,0.39410243216830065,0.02171097842715409,22,0.9999620135577065,105,False,14.56073177366703,14,14.5,-0.5607317736670296,-0.06073177366702964,26.801810101885973,26,26.5,-0.8018101018859731,-0.3018101018859731,41.61279720279721,41,41.5,-0.6127972027972106,-0.11279720279721062,45.7615504277936,45,45.5,-0.7615504277936012,-0.26155042779360116,23.61279720279721
2026-03,monthly,Part_2,C_130,602030,438207,159429,4394,0.7278823314452768,0.26481902895204557,0.0072986396026776075,4,0.9999933558128332,105,False,9.086918275876513,9,9.5,-0.08691827587651346,0.41308172412348654,19.13263299061243,19,19.5,-0.13263299061242861,0.3673670093875714,33.35240073868882,33,33.5,-0.3524007386888215,0.1475992613111785,38.17835458409229,38,38.5,-0.17835458409228977,0.32164541590771023,15.352400738688821
2026-03,monthly,Part_2,C_301,366257,255655,107701,2901,0.698020788681172,0.2940585435909757,0.0079206677278523,4,0.9999890787070281,105,False,10.429434105582985,10,10.5,-0.42943410558298467,0.07056589441701533,20.896253715000782,20,20.5,-0.8962537150007819,-0.3962537150007819,35.712295882763435,35,35.5,-0.7122958827634349,-0.21229588276343492,39.968638149279776,39,39.5,-0.9686381492797764,-0.46863814927977643,17.712295882763435
2026-03,monthly,Part_2,C_320,374433,259367,112185,2881,0.6926926846725583,0.2996130148784963,0.007694300448945472,15,0.9999599394284158,105,False,10.683091399810344,10,10.5,-0.6830913998103441,-0.18309139981034406,20.931555126873423,20,20.5,-0.9315551268734232,-0.43155512687342323,35.438687646468026,35,35.5,-0.4386876464680256,0.061312353531974395,39.63281183026145,39,39.5,-0.6328118302614527,-0.1328118302614527,17.438687646468026
2026-03,monthly,Part_2,C_400,205988,124959,79045,1984,0.6066324251898169,0.3837359457832495,0.009631629026933607,0,1.0,105,False,13.758150365934798,13,13.5,-0.7581503659347977,-0.2581503659347977,25.03038674033149,25,25.5,-0.03038674033149036,0.46961325966850964,38.56824765063572,38,38.5,-0.568247650635719,-0.06824765063571903,42.37815934065932,42,42.5,-0.3781593406593231,0.1218406593406769,20.56824765063572
2026-04,monthly,Part_2,C_999,7093502,4607182,2388932,97388,0.6494932968229233,0.33677751835412184,0.013729184822954868,191,0.9999730739485236,105,True,11.895654703189418,11,11.5,-0.8956547031894182,-0.3956547031894182,23.5913176096576,23,23.5,-0.5913176096576009,-0.09131760965760094,38.70203053824569,38,38.5,-0.7020305382456868,-0.20203053824568684,43.08356266180841,43,43.5,-0.08356266180840777,0.41643733819159223,20.702030538245687
2026-04,monthly,Part_2,C_100,381808,239298,136112,6398,0.6267495704647362,0.3564933160122365,0.016757113523027282,7,0.9999816661777647,105,True,12.668023058663954,12,12.5,-0.6680230586639535,-0.1680230586639535,25.29422097312489,25,25.5,-0.29422097312489015,0.20577902687510985,40.46018512170039,40,40.5,-0.46018512170039116,0.039814878299608836,44.64272164948453,44,44.5,-0.6427216494845283,-0.14272164948452826,22.46018512170039
2026-04,monthly,Part_2,C_110,819951,483984,319127,16840,0.5902596618578427,0.3892025255167687,0.02053781262538859,42,0.9999487774269438,105,True,13.819145845438698,13,13.5,-0.8191458454386975,-0.3191458454386975,26.539088148391333,26,26.5,-0.5390881483913326,-0.03908814839133257,41.56431835608036,41,41.5,-0.5643183560803635,-0.06431835608036351,45.68452224516613,45,45.5,-0.6845222451661286,-0.18452224516612858,23.564318356080364
2026-04,monthly,Part_2,C_120,588278,342859,232657,12762,0.5828179874141137,0.3954881875575833,0.021693825028302947,18,0.9999694022213987,105,True,14.09856089007135,14,14.5,-0.09856089007135083,0.4014391099286492,27.00344508432744,27,27.5,-0.003445084327438508,0.4965549156725615,41.73437043403524,41,41.5,-0.7343704340352417,-0.23437043403524171,45.928172654432665,45,45.5,-0.9281726544326645,-0.4281726544326645,23.73437043403524
2026-04,monthly,Part_2,C_130,610708,446604,159572,4532,0.7312889302252468,0.26129017468249965,0.007420895092253581,5,0.999991812781231,105,True,9.668012358393408,9,9.5,-0.6680123583934083,-0.16801235839340833,19.25952586620597,19,19.5,-0.2595258662059692,0.24047413379403082,33.25870803426719,33,33.5,-0.2587080342671868,0.2412919657328132,38.34905250077663,38,38.5,-0.3490525007766294,0.15094749922337058,15.258708034267187
2026-04,monthly,Part_2,C_301,371537,256351,112018,3168,0.6899743497955789,0.3014989085878392,0.008526741616581929,3,0.9999919254340752,105,True,11.114665127020785,11,11.5,-0.11466512702078546,0.38533487297921454,21.251134585289513,21,21.5,-0.25113458528951327,0.24886541471048673,35.9878698481562,35,35.5,-0.9878698481562012,-0.48786984815620116,40.4787624660018,40,40.5,-0.47876246600179684,0.021237533998203162,17.9878698481562
2026-04,monthly,Part_2,C_320,377359,258123,116338,2898,0.6840250265662141,0.3082952838013669,0.0076796896324189965,14,0.9999629000500849,105,True,11.416151441472733,11,11.5,-0.4161514414727332,0.0838485585272668,21.36608166189112,21,21.5,-0.3660816618911191,0.13391833810888087,35.46661157024795,35,35.5,-0.46661157024794875,0.03338842975205125,40.00948198198198,40,40.5,-0.009481981981977583,0.4905180180180224,17.46661157024795
2026-04,monthly,Part_2,C_400,206659,124314,80396,1949,0.6015416700942132,0.3890273348850038,0.009430995020783029,1,0.9999951611108154,105,True,13.51514909902727,13,13.5,-0.5151490990272691,-0.01514909902726913,25.434394631639062,25,25.5,-0.4343946316390621,0.06560536836093789,39.163935212957405,39,39.5,-0.16393521295740499,0.336064787042595,43.02723387723387,43,43.5,-0.027233877233868498,0.4727661227661315,21.163935212957405
2026-05,monthly,Part_2,C_999,7153655,4689601,2361713,102341,0.6555531403177816,0.3301407462339182,0.014306113448300205,177,0.9999752574033833,105,True,12.42281680139593,12,12.5,-0.42281680139593014,0.07718319860406986,23.901073421514933,23,23.5,-0.9010734215149334,-0.4010734215149334,38.56866552242009,38,38.5,-0.5686655224200905,-0.0686655224200905,43.42777304929031,43,43.5,-0.4277730492903089,0.0722269507096911,20.56866552242009
2026-05,monthly,Part_2,C_100,381497,239233,135174,7090,0.6270901212853575,0.3543251978390394,0.018584680875603214,7,0.9999816512318577,105,True,13.26061604201905,13,13.5,-0.2606160420190502,0.2393839579809498,25.694844545933602,25,25.5,-0.6948445459336021,-0.19484454593360212,40.87376570458404,40,40.5,-0.8737657045840379,-0.3737657045840379,45.299887791741455,45,45.5,-0.29988779174145463,0.20011220825854537,22.873765704584038
2026-05,monthly,Part_2,C_110,827960,497410,312261,18289,0.6007657374752403,0.3771450311609256,0.022089231363834002,46,0.9999444417604715,105,True,14.110845070422535,14,14.5,-0.11084507042253477,0.3891549295774652,26.826987005137504,26,26.5,-0.8269870051375037,-0.3269870051375037,41.835237203495645,41,41.5,-0.8352372034956446,-0.33523720349564456,46.24821828548157,46,46.5,-0.24821828548157043,0.25178171451842957,23.835237203495645
2026-05,monthly,Part_2,C_120,594331,350147,231502,12682,0.589144769497132,0.38951695267451975,0.021338277828348177,12,0.9999798092308831,105,True,14.758039403557099,14,14.5,-0.758039403557099,-0.258039403557099,27.117630057803467,27,27.5,-0.11763005780346703,0.382369942196533,41.626389011962786,41,41.5,-0.626389011962786,-0.12638901196278596,46.119579288025875,46,46.5,-0.11957928802587503,0.38042071197412497,23.626389011962786
2026-05,monthly,Part_2,C_130,624531,462702,157081,4748,0.7408791557184511,0.25151833936185714,0.007602504919691736,5,0.9999919939922918,105,True,10.206322476125512,10,10.5,-0.20632247612551247,0.29367752387448753,18.439695098417598,18,18.5,-0.439695098417598,0.06030490158240198,33.41153698571733,33,33.5,-0.41153698571733344,0.08846301428266656,38.184293767616644,38,38.5,-0.1842937676166443,0.3157062323833557,15.411536985717333
2026-05,monthly,Part_2,C_301,370047,255472,111247,3328,0.6903771683056477,0.3006293795112513,0.008993452183101066,4,0.99998919056228,105,True,11.771811329203672,11,11.5,-0.7718113292036719,-0.2718113292036719,20.9608912321248,20,20.5,-0.9608912321248013,-0.4608912321248013,36.112762730227516,36,36.5,-0.11276273022751582,0.3872372697724842,40.77054140127387,40,40.5,-0.7705414012738672,-0.27054140127386717,18.112762730227516
2026-05,monthly,Part_2,C_320,378421,258469,117103,2849,0.683019705566023,0.3094516424828432,0.007528651951133791,0,1.0,105,True,12.129889595671566,12,12.5,-0.12988959567156577,0.37011040432843423,21.240389207258836,21,21.5,-0.24038920725883628,0.2596107927411637,35.51788580750408,35,35.5,-0.5178858075040793,-0.01788580750407931,40.127058543550696,40,40.5,-0.1270585435506959,0.3729414564493041,17.51788580750408
2026-05,monthly,Part_2,C_400,207581,127025,78654,1902,0.6119298008969992,0.3789075108030118,0.00916268829998892,0,1.0,105,True,14.004236555421063,14,14.5,-0.004236555421062604,0.4957634445789374,25.730121918897428,25,25.5,-0.730121918897428,-0.23012191889742795,38.94545047565754,38,38.5,-0.9454504756575375,-0.4454504756575375,43.136572989851665,43,43.5,-0.13657298985166477,0.36342701014833523,20.945450475657537
2025-02,full,Part_1A,C_999,310349,187028,90313,33008,0.6026376756490274,0.2910046431597975,0.1063576811911751,304,0.9990204576138476,105,False,12.244081942336875,12,12.5,-0.24408194233687475,0.25591805766312525,31.97077265372168,31,31.5,-0.9707726537216814,-0.4707726537216814,55.869875120076856,55,55.5,-0.8698751200768555,-0.3698751200768555,61.31081621004566,61,61.5,-0.3108162100456582,0.18918378995434182,37.869875120076856
2025-02,full,Part_1A,C_100,26283,13902,8980,3401,0.5289350530761329,0.34166571548148994,0.1293992314423772,15,0.9994292888939619,105,False,16.413265306122447,16,16.5,-0.4132653061224474,0.08673469387755262,37.92316017316017,37,37.5,-0.92316017316017,-0.42316017316016996,57.48879581151833,57,57.5,-0.4887958115183295,0.011204188481670485,62.15122549019607,62,62.5,-0.1512254901960688,0.3487745098039312,39.48879581151833
2025-02,full,Part_1A,C_110,49200,19714,22157,7329,0.4006910569105691,0.4503455284552845,0.14896341463414633,23,0.9995325203252032,105,False,22.926748057713652,22,22.5,-0.9267480577136524,-0.42674805771365243,41.81669691470054,41,41.5,-0.8166969147005432,-0.3166969147005432,59.95379537953795,59,59.5,-0.9537953795379508,-0.4537953795379508,63.74304068522484,63,63.5,-0.743040685224841,-0.243040685224841,41.95379537953795
2025-02,full,Part_1A,C_120,13734,5177,4805,3752,0.37694772098441826,0.34986165720110673,0.273190621814475,15,0.9989078200087375,105,False,31.460176991150444,31,31.5,-0.4601769911504441,0.03982300884955592,53.73969072164948,53,53.5,-0.739690721649481,-0.23969072164948102,64.80669683257919,64,64.5,-0.8066968325791919,-0.3066968325791919,66.86815286624203,66,66.5,-0.8681528662420277,-0.3681528662420277,46.80669683257919
2025-02,full,Part_1A,C_130,59564,45571,11977,2016,0.7650762205358942,0.20107783224766637,0.03384594721643946,12,0.9997985360284736,105,False,6.821316614420063,6,6.5,-0.8213166144200628,-0.32131661442006276,16.937639198218264,16,16.5,-0.9376391982182639,-0.4376391982182639,38.548171206225696,38,38.5,-0.548171206225696,-0.04817120622569604,46.736893203883476,46,46.5,-0.7368932038834757,-0.23689320388347568,20.548171206225696
2025-02,full,Part_1A,C_301,17699,15151,2081,467,0.8560370642409175,0.11757726425221764,0.026385671506864796,13,0.999265495225719,105,False,4.039410828025478,4,4.5,-0.039410828025477684,0.4605891719745223,10.488414634146341,10,10.5,-0.48841463414634134,0.011585365853658658,30.96745762711864,30,30.5,-0.967457627118641,-0.46745762711864103,41.295098039215674,41,41.5,-0.2950980392156737,0.20490196078432632,12.967457627118641
2025-02,full,Part_1A,C_320,9740,6400,2813,527,0.6570841889117043,0.2888090349075975,0.05410677618069815,15,0.9984599589322382,105,False,11.463414634146341,11,11.5,-0.463414634146341,0.03658536585365901,24.348214285714285,24,24.5,-0.3482142857142847,0.1517857142857153,46.600000000000016,46,46.5,-0.6000000000000156,-0.10000000000001563,52.833333333333336,52,52.5,-0.8333333333333357,-0.3333333333333357,28.600000000000016
2025-02,full,Part_1A,C_400,701,534,154,13,0.7617689015691869,0.21968616262482168,0.018544935805991442,0,1.0,105,False,5.26,5,5.5,-0.2599999999999998,0.2400000000000002,16.958333333333332,16,16.5,-0.9583333333333321,-0.45833333333333215,35.18400000000001,35,35.5,-0.1840000000000117,0.3159999999999883,41.31666666666664,41,41.5,-0.31666666666664156,0.18333333333335844,17.18400000000001
2025-02,full,Part_1B,C_999,1147295,752948,324186,70161,0.6562810785369064,0.28256551279313513,0.06115340866995847,764,0.9993340858279692,105,False,9.771950640721405,9,9.5,-0.7719506407214052,-0.2719506407214052,26.08931711606096,26,26.5,-0.08931711606096115,0.41068288393903885,48.88371550719007,48,48.5,-0.8837155071900682,-0.3837155071900682,54.10409947377355,54,54.5,-0.10409947377355167,0.39590052622644833,30.883715507190068
2025-02,full,Part_1B,C_100,50698,35506,11719,3473,0.700343208805081,0.2311531026864965,0.06850368850842242,53,0.9989545938695806,105,False,6.982942430703625,6,6.5,-0.9829424307036252,-0.4829424307036252,23.001240694789082,23,23.5,-0.0012406947890823972,0.4987593052109176,49.77228346456694,49,49.5,-0.7722834645669394,-0.2722834645669394,55.58631578947368,55,55.5,-0.5863157894736801,-0.08631578947368013,31.77228346456694
2025-02,full,Part_1B,C_110,93103,57612,28984,6507,0.6187985349559091,0.3113111285350633,0.06989033650902764,93,0.999001106301623,105,False,12.470671521035598,12,12.5,-0.47067152103559806,0.02932847896440194,27.446282864913872,27,27.5,-0.44628286491387215,0.053717135086127854,50.05201680672271,50,50.5,-0.052016806722711806,0.4479831932772882,56.032367758186375,56,56.5,-0.03236775818637483,0.46763224181362517,32.05201680672271
2025-02,full,Part_1B,C_120,81613,41697,29991,9925,0.5109112518838911,0.36747822038155686,0.1216105277345521,52,0.9993628466053203,105,False,17.20774021352313,17,17.5,-0.207740213523131,0.292259786476869,40.078807556080285,40,40.5,-0.07880755608028522,0.4211924439197148,55.78924829157176,55,55.5,-0.7892482915717594,-0.28924829157175935,59.782059447982995,59,59.5,-0.782059447982995,-0.282059447982995,37.78924829157176
2025-02,full,Part_1B,C_130,103539,74974,25069,3496,0.7241136190227837,0.24212132626353355,0.03376505471368277,92,0.9991114459285872,105,False,8.261023224503534,8,8.5,-0.26102322450353377,0.23897677549646623,19.77856648199446,19,19.5,-0.77856648199446,-0.27856648199446,41.1674437627812,41,41.5,-0.16744376278119688,0.3325562372188031,48.15884353741494,48,48.5,-0.1588435374149384,0.3411564625850616,23.167443762781197
2025-02,full,Part_1B,C_301,45959,28302,14755,2902,0.6158097434670032,0.32104702017015163,0.06314323636284515,52,0.9988685567571096,105,False,11.553053053053054,11,11.5,-0.5530530530530537,-0.053053053053053745,28.460555555555555,28,28.5,-0.4605555555555547,0.03944444444444528,49.24401215805471,49,49.5,-0.24401215805470855,0.25598784194529145,54.71513157894735,54,54.5,-0.71513157894735,-0.21513157894735002,31.24401215805471
2025-02,full,Part_1B,C_320,55135,31610,19264,4261,0.5733200326471388,0.3493969347964088,0.07728303255645234,34,0.9993833318218918,105,False,14.220588235294118,14,14.5,-0.22058823529411775,0.27941176470588225,31.438131313131315,31,31.5,-0.4381313131313149,0.061868686868685074,51.58618784530388,51,51.5,-0.5861878453038827,-0.08618784530388268,56.54478827361564,56,56.5,-0.5447882736156373,-0.04478827361563731,33.58618784530388
2025-02,full,Part_1B,C_400,31176,14349,13184,3643,0.4602578906851424,0.4228894021041827,0.11685270721067488,13,0.9995830125737747,105,False,20.03544776119403,20,20.5,-0.03544776119402826,0.46455223880597174,41.701492537313435,41,41.5,-0.7014925373134346,-0.20149253731343464,55.71975384615385,55,55.5,-0.71975384615385,-0.21975384615384996,60.33434343434342,60,60.5,-0.33434343434341685,0.16565656565658315,37.71975384615385
2026-04,full,Part_1A,C_999,287231,166591,97502,23138,0.5799896250752878,0.33945500311595894,0.08055537180875323,485,0.9983114635955033,105,True,13.07933250044619,13,13.5,-0.07933250044619022,0.4206674995538098,31.295472837022132,31,31.5,-0.2954728370221318,0.20452716297786822,52.06699706005881,52,52.5,-0.06699706005881012,0.4330029399411899,56.57026188835287,56,56.5,-0.5702618883528672,-0.07026188835286717,34.06699706005881
2026-04,full,Part_1A,C_100,24402,12619,9633,2150,0.5171297434636505,0.39476272436685517,0.08810753216949431,14,0.9994262765347103,105,True,16.876404494382022,16,16.5,-0.8764044943820224,-0.3764044943820224,36.101351351351354,36,36.5,-0.10135135135135442,0.3986486486486456,52.817520661157026,52,52.5,-0.817520661157026,-0.31752066115702604,56.40182926829267,56,56.5,-0.40182926829267274,0.09817073170732726,34.817520661157026
2026-04,full,Part_1A,C_110,45522,16101,23949,5472,0.35369711348359034,0.5260972716488731,0.12020561486753657,60,0.9986819559773297,105,True,24.766375545851528,24,24.5,-0.7663755458515276,-0.26637554585152756,41.65502555366269,41,41.5,-0.6550255536626892,-0.15502555366268922,55.97793450881613,55,55.5,-0.9779345088161335,-0.47793450881613353,60.39172661870504,60,60.5,-0.391726618705043,0.108273381294957,37.97793450881613
2026-04,full,Part_1A,C_120,12242,4975,4748,2519,0.40638784512334586,0.3878451233458585,0.20576703153079562,29,0.9976311060284268,105,True,26.37719298245614,26,26.5,-0.3771929824561404,0.12280701754385959,49.44570135746606,49,49.5,-0.44570135746606354,0.05429864253393646,61.13889570552148,61,61.5,-0.13889570552147745,0.36110429447852255,63.54238410596026,63,63.5,-0.5423841059602594,-0.04238410596025943,43.13889570552148
2026-04,full,Part_1A,C_130,52015,35245,15336,1434,0.6775930020186485,0.2948380274920696,0.02756897048928194,32,0.9993847928482169,105,True,11.675066312997348,11,11.5,-0.6750663129973482,-0.1750663129973482,21.122453703703705,21,21.5,-0.12245370370370523,0.37754629629629477,39.00365296803654,39,39.5,-0.0036529680365404715,0.49634703196345953,46.22409326424871,46,46.5,-0.22409326424870812,0.2759067357512919,21.00365296803654
2026-04,full,Part_1A,C_301,16723,13995,2337,391,0.8368713747533337,0.13974765293308616,0.0233809723135801,40,0.9976080846738026,105,True,4.733002291825821,4,4.5,-0.7330022918258212,-0.23300229182582122,11.011206896551725,11,11.5,-0.01120689655172491,0.4887931034482751,30.785060240963855,30,30.5,-0.7850602409638547,-0.28506024096385474,40.6633333333333,40,40.5,-0.6633333333332985,-0.16333333333329847,12.785060240963855
2026-04,full,Part_1A,C_320,9210,6031,2742,437,0.6548317046688382,0.2977198697068404,0.04744842562432139,18,0.9980456026058632,105,True,11.274666666666667,11,11.5,-0.2746666666666666,0.22533333333333339,23.721830985915492,23,23.5,-0.7218309859154921,-0.2218309859154921,46.88474576271188,46,46.5,-0.88474576271188,-0.38474576271188,51.510416666666664,51,51.5,-0.5104166666666643,-0.010416666666664298,28.88474576271188
2026-04,full,Part_1A,C_400,534,423,100,11,0.7921348314606742,0.18726591760299627,0.020599250936329586,2,0.9962546816479401,105,True,5.7,5,5.5,-0.7000000000000002,-0.20000000000000018,13.53125,13,13.5,-0.53125,-0.03125,31.093333333333344,31,31.5,-0.09333333333334437,0.40666666666665563,39.299999999999955,39,39.5,-0.2999999999999545,0.20000000000004547,13.093333333333344
2026-04,full,Part_1B,C_999,1159840,784004,336171,39665,0.6759587529314388,0.289842564491654,0.03419868257690716,787,0.9993214581321561,105,True,8.818650407940856,8,8.5,-0.8186504079408561,-0.3186504079408561,23.47181737061273,23,23.5,-0.47181737061272955,0.028182629387270453,44.22000777504212,44,44.5,-0.2200077750421201,0.2799922249578799,48.98472282845919,48,48.5,-0.9847228284591907,-0.4847228284591907,26.22000777504212
2026-04,full,Part_1B,C_100,48325,34390,12064,1871,0.7116399379203311,0.2496430419037765,0.038717020175892396,24,0.9995033626487325,105,True,7.272649572649573,7,7.5,-0.27264957264957257,0.22735042735042743,21.1918016194332,21,21.5,-0.19180161943319973,0.30819838056680027,44.265306122448976,44,44.5,-0.2653061224489761,0.2346938775510239,49.71018518518518,49,49.5,-0.7101851851851819,-0.21018518518518192,26.265306122448976
2026-04,full,Part_1B,C_110,100697,60562,35110,5025,0.601428046515785,0.3486697716913116,0.04990218179290346,90,0.9991062295798286,105,True,12.874127399650959,12,12.5,-0.8741273996509591,-0.3741273996509591,26.648940345368917,26,26.5,-0.6489403453689171,-0.1489403453689171,47.06458394160585,47,47.5,-0.06458394160584646,0.43541605839415354,51.980947775628614,51,51.5,-0.9809477756286142,-0.48094777562861424,29.064583941605846
2026-04,full,Part_1B,C_120,81545,45451,30698,5396,0.5573732295051812,0.37645471825372495,0.06617205224109388,72,0.9991170519345147,105,True,13.446428571428571,13,13.5,-0.4464285714285712,0.053571428571428825,33.70301418439716,33,33.5,-0.703014184397162,-0.203014184397162,50.395518207282926,50,50.5,-0.39551820728292597,0.10448179271707403,54.2992341356674,54,54.5,-0.29923413566739754,0.20076586433260246,32.395518207282926
2026-04,full,Part_1B,C_130,102331,75657,24827,1847,0.739336076066881,0.24261465245135883,0.018049271481760172,83,0.9991889065874466,105,True,7.877244112846817,7,7.5,-0.8772441128468174,-0.37724411284681736,18.675278465346533,18,18.5,-0.6752784653465334,-0.17527846534653335,36.81172541743971,36,36.5,-0.8117254174397104,-0.3117254174397104,43.05269662921348,43,43.5,-0.05269662921347873,0.44730337078652127,18.81172541743971
2026-04,full,Part_1B,C_301,49124,30773,16473,1878,0.6264351437179383,0.33533507043400373,0.03822978584805797,31,0.9993689438970768,105,True,10.662020905923345,10,10.5,-0.6620209059233453,-0.16202090592334528,27.31660899653979,27,27.5,-0.3166089965397916,0.18339100346020842,45.919798994974876,45,45.5,-0.9197989949748759,-0.41979899497487594,50.06092307692306,50,50.5,-0.06092307692306065,0.43907692307693935,27.919798994974876
2026-04,full,Part_1B,C_320,54589,32972,19906,1711,0.604004469764971,0.3646522193115829,0.03134331092344612,38,0.9993038890618989,105,True,12.64176245210728,12,12.5,-0.6417624521072796,-0.14176245210727956,27.14101717305152,27,27.5,-0.1410171730515195,0.3589828269484805,44.588452830188686,44,44.5,-0.588452830188686,-0.088452830188686,48.66343930635837,48,48.5,-0.6634393063583701,-0.16343930635837012,26.588452830188686
2026-04,full,Part_1B,C_400,30663,15158,13850,1655,0.49434171477024424,0.45168444053093304,0.05397384469882269,17,0.9994455858852689,105,True,18.336893203883495,18,18.5,-0.33689320388349486,0.16310679611650514,33.960978835978835,33,33.5,-0.9609788359788354,-0.4609788359788354,49.602742857142864,49,49.5,-0.6027428571428644,-0.10274285714286435,52.53209606986899,52,52.5,-0.5320960698689916,-0.032096069868991606,31.602742857142864
